timestamp,trial_id,controller,climate,workload,repeat,T_tank_hot,T_tank_mid,T_rad_in,T_rad_out,T_ambient,RH_ambient,heater_w_cmd,heater_w_meas,fan_pwm,fan_w,forecast_T,forecast_RH,bank_depth_cmd,water_event_flag,notes
2026-07-04T20:27:06,forecast_hot_humid_bursty_r2,forecast,hot_humid,bursty,2,31.005,30.705,30.505,28.005,25.0,45.0,60.0,,40.0,0.8,,,,0,warmup
2026-07-04T20:27:06,forecast_hot_humid_bursty_r2,forecast,hot_humid,bursty,2,31.013,30.713,30.513,28.013,25.0,45.0,60.0,,100.0,2.0,30.17,,,0,trial
2026-07-04T20:27:06,forecast_hot_humid_bursty_r2,forecast,hot_humid,bursty,2,31.016,30.716,30.516,28.016,25.0,45.0,60.0,,100.0,2.0,30.17,,,0,trial
2026-07-04T20:27:06,forecast_hot_humid_bursty_r2,forecast,hot_humid,bursty,2,31.02,30.72,30.52,28.02,25.0,45.0,60.0,,100.0,2.0,30.17,,,0,trial
2026-07-04T20:27:06,forecast_hot_humid_bursty_r2,forecast,hot_humid,bursty,2,31.023,30.723,30.523,28.023,25.0,45.0,60.0,,100.0,2.0,30.17,,,0,trial
2026-07-04T20:27:06,forecast_hot_humid_bursty_r2,forecast,hot_humid,bursty,2,31.026,30.726,30.526,28.026,25.0,45.0,60.0,,100.0,2.0,30.17,,,0,trial
2026-07-04T20:27:06,forecast_hot_humid_bursty_r2,forecast,hot_humid,bursty,2,31.029,30.729,30.529,28.029,25.0,45.0,60.0,,100.0,2.0,30.17,,,0,trial
2026-07-04T20:27:06,forecast_hot_humid_bursty_r2,forecast,hot_humid,bursty,2,31.032,30.732,30.532,28.032,25.0,45.0,60.0,,100.0,2.0,30.17,,,0,trial
2026-07-04T20:27:06,forecast_hot_humid_bursty_r2,forecast,hot_humid,bursty,2,31.035,30.735,30.535,28.035,25.0,45.0,60.0,,100.0,2.0,30.17,,,0,trial
2026-07-04T20:27:06,forecast_hot_humid_bursty_r2,forecast,hot_humid,bursty,2,31.038,30.738,30.538,28.038,25.0,45.0,60.0,,100.0,2.0,30.17,,,0,trial
2026-07-04T20:27:06,forecast_hot_humid_bursty_r2,forecast,hot_humid,bursty,2,31.042,30.742,30.542,28.042,25.0,45.0,60.0,,100.0,2.0,30.17,,,0,trial
2026-07-04T20:27:06,forecast_hot_humid_bursty_r2,forecast,hot_humid,bursty,2,31.045,30.745,30.545,28.045,25.0,45.0,60.0,,100.0,2.0,30.17,,,0,trial
2026-07-04T20:27:06,forecast_hot_humid_bursty_r2,forecast,hot_humid,bursty,2,31.048,30.748,30.548,28.048,25.0,45.0,60.0,,100.0,2.0,30.17,,,0,trial
2026-07-04T20:27:06,forecast_hot_humid_bursty_r2,forecast,hot_humid,bursty,2,31.051,30.751,30.551,28.051,25.0,45.0,60.0,,100.0,2.0,30.17,,,0,trial
2026-07-04T20:27:06,forecast_hot_humid_bursty_r2,forecast,hot_humid,bursty,2,31.054,30.754,30.554,28.054,25.0,45.0,60.0,,100.0,2.0,30.17,,,0,trial
2026-07-04T20:27:06,forecast_hot_humid_bursty_r2,forecast,hot_humid,bursty,2,31.057,30.757,30.557,28.057,25.0,45.0,60.0,,100.0,2.0,30.18,,,0,trial
2026-07-04T20:27:06,forecast_hot_humid_bursty_r2,forecast,hot_humid,bursty,2,31.06,30.76,30.56,28.06,25.0,45.0,60.0,,100.0,2.0,30.18,,,0,trial
2026-07-04T20:27:06,forecast_hot_humid_bursty_r2,forecast,hot_humid,bursty,2,31.063,30.763,30.563,28.063,25.0,45.0,60.0,,100.0,2.0,30.18,,,0,trial
2026-07-04T20:27:06,forecast_hot_humid_bursty_r2,forecast,hot_humid,bursty,2,31.067,30.767,30.567,28.067,25.0,45.0,60.0,,100.0,2.0,30.18,,,0,trial
2026-07-04T20:27:06,forecast_hot_humid_bursty_r2,forecast,hot_humid,bursty,2,31.07,30.77,30.57,28.07,25.0,45.0,60.0,,100.0,2.0,30.18,,,0,trial
2026-07-04T20:27:06,forecast_hot_humid_bursty_r2,forecast,hot_humid,bursty,2,31.073,30.773,30.573,28.073,25.0,45.0,60.0,,100.0,2.0,30.18,,,0,trial
2026-07-04T20:27:06,forecast_hot_humid_bursty_r2,forecast,hot_humid,bursty,2,31.076,30.776,30.576,28.076,25.0,45.0,60.0,,100.0,2.0,30.18,,,0,trial
2026-07-04T20:27:06,forecast_hot_humid_bursty_r2,forecast,hot_humid,bursty,2,31.079,30.779,30.579,28.079,25.0,45.0,60.0,,100.0,2.0,30.18,,,0,trial
2026-07-04T20:27:06,forecast_hot_humid_bursty_r2,forecast,hot_humid,bursty,2,31.082,30.782,30.582,28.082,25.0,45.0,60.0,,100.0,2.0,30.18,,,0,trial
2026-07-04T20:27:06,forecast_hot_humid_bursty_r2,forecast,hot_humid,bursty,2,31.085,30.785,30.585,28.085,25.0,45.0,60.0,,100.0,2.0,30.18,,,0,trial
2026-07-04T20:27:06,forecast_hot_humid_bursty_r2,forecast,hot_humid,bursty,2,31.088,30.788,30.588,28.088,25.0,45.0,60.0,,100.0,2.0,30.18,,,0,trial
2026-07-04T20:27:06,forecast_hot_humid_bursty_r2,forecast,hot_humid,bursty,2,31.091,30.791,30.591,28.091,25.0,45.0,60.0,,100.0,2.0,30.18,,,0,trial
2026-07-04T20:27:06,forecast_hot_humid_bursty_r2,forecast,hot_humid,bursty,2,31.094,30.794,30.594,28.094,25.0,45.0,60.0,,100.0,2.0,30.18,,,0,trial
2026-07-04T20:27:06,forecast_hot_humid_bursty_r2,forecast,hot_humid,bursty,2,31.097,30.797,30.597,28.097,25.0,45.0,60.0,,100.0,2.0,30.19,,,0,trial
2026-07-04T20:27:06,forecast_hot_humid_bursty_r2,forecast,hot_humid,bursty,2,31.101,30.801,30.601,28.101,25.0,45.0,60.0,,100.0,2.0,30.19,,,0,trial
2026-07-04T20:27:06,forecast_hot_humid_bursty_r2,forecast,hot_humid,bursty,2,31.104,30.804,30.604,28.104,25.0,45.0,60.0,,100.0,2.0,30.19,,,0,trial
2026-07-04T20:27:06,forecast_hot_humid_bursty_r2,forecast,hot_humid,bursty,2,31.11,30.81,30.61,28.11,25.0,45.0,60.0,,100.0,2.0,30.19,,,0,trial
2026-07-04T20:27:06,forecast_hot_humid_bursty_r2,forecast,hot_humid,bursty,2,31.113,30.813,30.613,28.113,25.0,45.0,60.0,,100.0,2.0,30.19,,,0,trial
2026-07-04T20:27:06,forecast_hot_humid_bursty_r2,forecast,hot_humid,bursty,2,31.116,30.816,30.616,28.116,25.0,45.0,60.0,,100.0,2.0,30.19,,,0,trial
2026-07-04T20:27:06,forecast_hot_humid_bursty_r2,forecast,hot_humid,bursty,2,31.119,30.819,30.619,28.119,25.0,45.0,60.0,,100.0,2.0,30.19,,,0,trial
2026-07-04T20:27:06,forecast_hot_humid_bursty_r2,forecast,hot_humid,bursty,2,31.122,30.822,30.622,28.122,25.0,45.0,60.0,,100.0,2.0,30.19,,,0,trial
2026-07-04T20:27:06,forecast_hot_humid_bursty_r2,forecast,hot_humid,bursty,2,31.125,30.825,30.625,28.125,25.0,45.0,60.0,,100.0,2.0,30.19,,,0,trial
2026-07-04T20:27:06,forecast_hot_humid_bursty_r2,forecast,hot_humid,bursty,2,31.128,30.828,30.628,28.128,25.0,45.0,60.0,,100.0,2.0,30.19,,,0,trial
2026-07-04T20:27:06,forecast_hot_humid_bursty_r2,forecast,hot_humid,bursty,2,31.131,30.831,30.631,28.131,25.0,45.0,60.0,,100.0,2.0,30.19,,,0,trial
2026-07-04T20:27:06,forecast_hot_humid_bursty_r2,forecast,hot_humid,bursty,2,31.134,30.834,30.634,28.134,25.0,45.0,60.0,,100.0,2.0,30.19,,,0,trial
2026-07-04T20:27:06,forecast_hot_humid_bursty_r2,forecast,hot_humid,bursty,2,31.137,30.837,30.637,28.137,25.0,45.0,60.0,,100.0,2.0,30.19,,,0,trial
2026-07-04T20:27:06,forecast_hot_humid_bursty_r2,forecast,hot_humid,bursty,2,31.14,30.84,30.64,28.14,25.0,45.0,60.0,,100.0,2.0,30.2,,,0,trial
2026-07-04T20:27:06,forecast_hot_humid_bursty_r2,forecast,hot_humid,bursty,2,31.143,30.843,30.643,28.143,25.0,45.0,60.0,,100.0,2.0,30.2,,,0,trial
2026-07-04T20:27:06,forecast_hot_humid_bursty_r2,forecast,hot_humid,bursty,2,31.146,30.846,30.646,28.146,25.0,45.0,60.0,,100.0,2.0,30.2,,,0,trial
2026-07-04T20:27:06,forecast_hot_humid_bursty_r2,forecast,hot_humid,bursty,2,31.15,30.85,30.65,28.15,25.0,45.0,60.0,,100.0,2.0,30.2,,,0,trial
2026-07-04T20:27:06,forecast_hot_humid_bursty_r2,forecast,hot_humid,bursty,2,31.153,30.853,30.653,28.153,25.0,45.0,60.0,,100.0,2.0,30.2,,,0,trial
2026-07-04T20:27:06,forecast_hot_humid_bursty_r2,forecast,hot_humid,bursty,2,31.156,30.856,30.656,28.156,25.0,45.0,60.0,,100.0,2.0,30.2,,,0,trial
2026-07-04T20:27:06,forecast_hot_humid_bursty_r2,forecast,hot_humid,bursty,2,31.159,30.859,30.659,28.159,25.0,45.0,60.0,,100.0,2.0,30.2,,,0,trial
2026-07-04T20:27:06,forecast_hot_humid_bursty_r2,forecast,hot_humid,bursty,2,31.162,30.862,30.662,28.162,25.0,45.0,60.0,,100.0,2.0,30.2,,,0,trial
2026-07-04T20:27:06,forecast_hot_humid_bursty_r2,forecast,hot_humid,bursty,2,31.165,30.865,30.665,28.165,25.0,45.0,60.0,,100.0,2.0,30.2,,,0,trial
2026-07-04T20:27:06,forecast_hot_humid_bursty_r2,forecast,hot_humid,bursty,2,31.168,30.868,30.668,28.168,25.0,45.0,60.0,,100.0,2.0,30.2,,,0,trial
2026-07-04T20:27:06,forecast_hot_humid_bursty_r2,forecast,hot_humid,bursty,2,31.171,30.871,30.671,28.171,25.0,45.0,60.0,,100.0,2.0,30.2,,,0,trial
2026-07-04T20:27:06,forecast_hot_humid_bursty_r2,forecast,hot_humid,bursty,2,31.174,30.874,30.674,28.174,25.0,45.0,60.0,,100.0,2.0,30.21,,,0,trial
2026-07-04T20:27:06,forecast_hot_humid_bursty_r2,forecast,hot_humid,bursty,2,31.177,30.877,30.677,28.177,25.0,45.0,60.0,,100.0,2.0,30.21,,,0,trial
2026-07-04T20:27:06,forecast_hot_humid_bursty_r2,forecast,hot_humid,bursty,2,31.18,30.88,30.68,28.18,25.0,45.0,60.0,,100.0,2.0,30.21,,,0,trial
2026-07-04T20:27:06,forecast_hot_humid_bursty_r2,forecast,hot_humid,bursty,2,31.183,30.883,30.683,28.183,25.0,45.0,60.0,,100.0,2.0,30.21,,,0,trial
2026-07-04T20:27:06,forecast_hot_humid_bursty_r2,forecast,hot_humid,bursty,2,31.186,30.886,30.686,28.186,25.0,45.0,60.0,,100.0,2.0,30.21,,,0,trial
2026-07-04T20:27:06,forecast_hot_humid_bursty_r2,forecast,hot_humid,bursty,2,31.189,30.889,30.689,28.189,25.0,45.0,60.0,,100.0,2.0,30.21,,,0,trial
2026-07-04T20:27:06,forecast_hot_humid_bursty_r2,forecast,hot_humid,bursty,2,31.192,30.892,30.692,28.192,25.0,45.0,60.0,,100.0,2.0,30.21,,,0,trial
2026-07-04T20:27:06,forecast_hot_humid_bursty_r2,forecast,hot_humid,bursty,2,31.195,30.895,30.695,28.195,25.0,45.0,60.0,,100.0,2.0,30.21,,,0,trial
2026-07-04T20:27:06,forecast_hot_humid_bursty_r2,forecast,hot_humid,bursty,2,31.198,30.898,30.698,28.198,25.0,45.0,60.0,,100.0,2.0,30.21,,,0,trial
2026-07-04T20:27:06,forecast_hot_humid_bursty_r2,forecast,hot_humid,bursty,2,31.204,30.904,30.704,28.204,25.0,45.0,60.0,,100.0,2.0,30.21,,,0,trial
2026-07-04T20:27:06,forecast_hot_humid_bursty_r2,forecast,hot_humid,bursty,2,31.207,30.907,30.707,28.207,25.0,45.0,60.0,,100.0,2.0,30.22,,,0,trial
2026-07-04T20:27:06,forecast_hot_humid_bursty_r2,forecast,hot_humid,bursty,2,31.21,30.91,30.71,28.21,25.0,45.0,60.0,,100.0,2.0,30.22,,,0,trial
2026-07-04T20:27:06,forecast_hot_humid_bursty_r2,forecast,hot_humid,bursty,2,31.213,30.913,30.713,28.213,25.0,45.0,60.0,,100.0,2.0,30.22,,,0,trial
2026-07-04T20:27:06,forecast_hot_humid_bursty_r2,forecast,hot_humid,bursty,2,31.216,30.916,30.716,28.216,25.0,45.0,60.0,,100.0,2.0,30.22,,,0,trial
2026-07-04T20:27:06,forecast_hot_humid_bursty_r2,forecast,hot_humid,bursty,2,31.219,30.919,30.719,28.219,25.0,45.0,60.0,,100.0,2.0,30.22,,,0,trial
2026-07-04T20:27:06,forecast_hot_humid_bursty_r2,forecast,hot_humid,bursty,2,31.222,30.922,30.722,28.222,25.0,45.0,60.0,,100.0,2.0,30.22,,,0,trial
2026-07-04T20:27:06,forecast_hot_humid_bursty_r2,forecast,hot_humid,bursty,2,31.225,30.925,30.725,28.225,25.0,45.0,60.0,,100.0,2.0,30.22,,,0,trial
2026-07-04T20:27:06,forecast_hot_humid_bursty_r2,forecast,hot_humid,bursty,2,31.228,30.928,30.728,28.228,25.0,45.0,60.0,,100.0,2.0,30.22,,,0,trial
2026-07-04T20:27:06,forecast_hot_humid_bursty_r2,forecast,hot_humid,bursty,2,31.231,30.931,30.731,28.231,25.0,45.0,60.0,,100.0,2.0,30.22,,,0,trial
2026-07-04T20:27:06,forecast_hot_humid_bursty_r2,forecast,hot_humid,bursty,2,31.234,30.934,30.734,28.234,25.0,45.0,60.0,,100.0,2.0,30.23,,,0,trial
2026-07-04T20:27:06,forecast_hot_humid_bursty_r2,forecast,hot_humid,bursty,2,31.237,30.937,30.737,28.237,25.0,45.0,60.0,,100.0,2.0,30.23,,,0,trial
2026-07-04T20:27:06,forecast_hot_humid_bursty_r2,forecast,hot_humid,bursty,2,31.24,30.94,30.74,28.24,25.0,45.0,60.0,,100.0,2.0,30.23,,,0,trial
2026-07-04T20:27:06,forecast_hot_humid_bursty_r2,forecast,hot_humid,bursty,2,31.243,30.943,30.743,28.243,25.0,45.0,60.0,,100.0,2.0,30.23,,,0,trial
2026-07-04T20:27:06,forecast_hot_humid_bursty_r2,forecast,hot_humid,bursty,2,31.246,30.946,30.746,28.246,25.0,45.0,60.0,,100.0,2.0,30.23,,,0,trial
2026-07-04T20:27:06,forecast_hot_humid_bursty_r2,forecast,hot_humid,bursty,2,31.249,30.949,30.749,28.249,25.0,45.0,60.0,,100.0,2.0,30.23,,,0,trial
2026-07-04T20:27:06,forecast_hot_humid_bursty_r2,forecast,hot_humid,bursty,2,31.252,30.952,30.752,28.252,25.0,45.0,60.0,,100.0,2.0,30.23,,,0,trial
2026-07-04T20:27:06,forecast_hot_humid_bursty_r2,forecast,hot_humid,bursty,2,31.254,30.954,30.754,28.254,25.0,45.0,60.0,,100.0,2.0,30.23,,,0,trial
2026-07-04T20:27:06,forecast_hot_humid_bursty_r2,forecast,hot_humid,bursty,2,31.257,30.957,30.757,28.257,25.0,45.0,60.0,,100.0,2.0,30.23,,,0,trial
2026-07-04T20:27:06,forecast_hot_humid_bursty_r2,forecast,hot_humid,bursty,2,31.26,30.96,30.76,28.26,25.0,45.0,60.0,,100.0,2.0,30.24,,,0,trial
2026-07-04T20:27:06,forecast_hot_humid_bursty_r2,forecast,hot_humid,bursty,2,31.263,30.963,30.763,28.263,25.0,45.0,60.0,,100.0,2.0,30.24,,,0,trial
2026-07-04T20:27:06,forecast_hot_humid_bursty_r2,forecast,hot_humid,bursty,2,31.266,30.966,30.766,28.266,25.0,45.0,60.0,,100.0,2.0,30.24,,,0,trial
2026-07-04T20:27:06,forecast_hot_humid_bursty_r2,forecast,hot_humid,bursty,2,31.269,30.969,30.769,28.269,25.0,45.0,60.0,,100.0,2.0,30.24,,,0,trial
2026-07-04T20:27:06,forecast_hot_humid_bursty_r2,forecast,hot_humid,bursty,2,31.272,30.972,30.772,28.272,25.0,45.0,60.0,,100.0,2.0,30.24,,,0,trial
2026-07-04T20:27:06,forecast_hot_humid_bursty_r2,forecast,hot_humid,bursty,2,31.275,30.975,30.775,28.275,25.0,45.0,60.0,,100.0,2.0,30.24,,,0,trial
2026-07-04T20:27:06,forecast_hot_humid_bursty_r2,forecast,hot_humid,bursty,2,31.278,30.978,30.778,28.278,25.0,45.0,60.0,,100.0,2.0,30.24,,,0,trial
2026-07-04T20:27:06,forecast_hot_humid_bursty_r2,forecast,hot_humid,bursty,2,31.281,30.981,30.781,28.281,25.0,45.0,60.0,,100.0,2.0,30.24,,,0,trial
2026-07-04T20:27:06,forecast_hot_humid_bursty_r2,forecast,hot_humid,bursty,2,31.284,30.984,30.784,28.284,25.0,45.0,60.0,,100.0,2.0,30.24,,,0,trial
2026-07-04T20:27:06,forecast_hot_humid_bursty_r2,forecast,hot_humid,bursty,2,31.287,30.987,30.787,28.287,25.0,45.0,60.0,,100.0,2.0,30.25,,,0,trial
2026-07-04T20:27:06,forecast_hot_humid_bursty_r2,forecast,hot_humid,bursty,2,31.29,30.99,30.79,28.29,25.0,45.0,60.0,,100.0,2.0,30.25,,,0,trial
2026-07-04T20:27:06,forecast_hot_humid_bursty_r2,forecast,hot_humid,bursty,2,31.296,30.996,30.796,28.296,25.0,45.0,60.0,,100.0,2.0,30.25,,,0,trial
2026-07-04T20:27:06,forecast_hot_humid_bursty_r2,forecast,hot_humid,bursty,2,31.299,30.999,30.799,28.299,25.0,45.0,60.0,,100.0,2.0,30.25,,,0,trial
2026-07-04T20:27:06,forecast_hot_humid_bursty_r2,forecast,hot_humid,bursty,2,31.302,31.002,30.802,28.302,25.0,45.0,60.0,,100.0,2.0,30.25,,,0,trial
2026-07-04T20:27:06,forecast_hot_humid_bursty_r2,forecast,hot_humid,bursty,2,31.304,31.004,30.804,28.304,25.0,45.0,60.0,,100.0,2.0,30.25,,,0,trial
2026-07-04T20:27:06,forecast_hot_humid_bursty_r2,forecast,hot_humid,bursty,2,31.307,31.007,30.807,28.307,25.0,45.0,60.0,,100.0,2.0,30.25,,,0,trial
2026-07-04T20:27:06,forecast_hot_humid_bursty_r2,forecast,hot_humid,bursty,2,31.31,31.01,30.81,28.31,25.0,45.0,60.0,,100.0,2.0,30.26,,,0,trial
2026-07-04T20:27:06,forecast_hot_humid_bursty_r2,forecast,hot_humid,bursty,2,31.313,31.013,30.813,28.313,25.0,45.0,60.0,,100.0,2.0,30.26,,,0,trial
2026-07-04T20:27:06,forecast_hot_humid_bursty_r2,forecast,hot_humid,bursty,2,31.316,31.016,30.816,28.316,25.0,45.0,60.0,,100.0,2.0,30.26,,,0,trial
2026-07-04T20:27:06,forecast_hot_humid_bursty_r2,forecast,hot_humid,bursty,2,31.319,31.019,30.819,28.319,25.0,45.0,60.0,,100.0,2.0,30.26,,,0,trial
2026-07-04T20:27:06,forecast_hot_humid_bursty_r2,forecast,hot_humid,bursty,2,31.322,31.022,30.822,28.322,25.0,45.0,60.0,,100.0,2.0,30.26,,,0,trial
2026-07-04T20:27:06,forecast_hot_humid_bursty_r2,forecast,hot_humid,bursty,2,31.325,31.025,30.825,28.325,25.0,45.0,60.0,,100.0,2.0,30.26,,,0,trial
2026-07-04T20:27:06,forecast_hot_humid_bursty_r2,forecast,hot_humid,bursty,2,31.328,31.028,30.828,28.328,25.0,45.0,60.0,,100.0,2.0,30.26,,,0,trial
2026-07-04T20:27:06,forecast_hot_humid_bursty_r2,forecast,hot_humid,bursty,2,31.331,31.031,30.831,28.331,25.0,45.0,60.0,,100.0,2.0,30.26,,,0,trial
2026-07-04T20:27:06,forecast_hot_humid_bursty_r2,forecast,hot_humid,bursty,2,31.334,31.034,30.834,28.334,25.0,45.0,60.0,,100.0,2.0,30.27,,,0,trial
2026-07-04T20:27:06,forecast_hot_humid_bursty_r2,forecast,hot_humid,bursty,2,31.336,31.036,30.836,28.336,25.0,45.0,60.0,,100.0,2.0,30.27,,,0,trial
2026-07-04T20:27:06,forecast_hot_humid_bursty_r2,forecast,hot_humid,bursty,2,31.339,31.039,30.839,28.339,25.0,45.0,60.0,,100.0,2.0,30.27,,,0,trial
2026-07-04T20:27:06,forecast_hot_humid_bursty_r2,forecast,hot_humid,bursty,2,31.342,31.042,30.842,28.342,25.0,45.0,60.0,,100.0,2.0,30.27,,,0,trial
2026-07-04T20:27:06,forecast_hot_humid_bursty_r2,forecast,hot_humid,bursty,2,31.345,31.045,30.845,28.345,25.0,45.0,60.0,,100.0,2.0,30.27,,,0,trial
2026-07-04T20:27:06,forecast_hot_humid_bursty_r2,forecast,hot_humid,bursty,2,31.348,31.048,30.848,28.348,25.0,45.0,60.0,,100.0,2.0,30.27,,,0,trial
2026-07-04T20:27:06,forecast_hot_humid_bursty_r2,forecast,hot_humid,bursty,2,31.351,31.051,30.851,28.351,25.0,45.0,60.0,,100.0,2.0,30.27,,,0,trial
2026-07-04T20:27:06,forecast_hot_humid_bursty_r2,forecast,hot_humid,bursty,2,31.354,31.054,30.854,28.354,25.0,45.0,60.0,,100.0,2.0,30.28,,,0,trial
2026-07-04T20:27:06,forecast_hot_humid_bursty_r2,forecast,hot_humid,bursty,2,31.357,31.057,30.857,28.357,25.0,45.0,60.0,,100.0,2.0,30.28,,,0,trial
2026-07-04T20:27:06,forecast_hot_humid_bursty_r2,forecast,hot_humid,bursty,2,31.359,31.059,30.859,28.359,25.0,45.0,60.0,,100.0,2.0,30.28,,,0,trial
2026-07-04T20:27:06,forecast_hot_humid_bursty_r2,forecast,hot_humid,bursty,2,31.362,31.062,30.862,28.362,25.0,45.0,60.0,,100.0,2.0,30.28,,,0,trial
2026-07-04T20:27:06,forecast_hot_humid_bursty_r2,forecast,hot_humid,bursty,2,31.365,31.065,30.865,28.365,25.0,45.0,60.0,,100.0,2.0,30.28,,,0,trial
2026-07-04T20:27:06,forecast_hot_humid_bursty_r2,forecast,hot_humid,bursty,2,31.368,31.068,30.868,28.368,25.0,45.0,60.0,,100.0,2.0,30.28,,,0,trial
2026-07-04T20:27:06,forecast_hot_humid_bursty_r2,forecast,hot_humid,bursty,2,31.371,31.071,30.871,28.371,25.0,45.0,60.0,,100.0,2.0,30.29,,,0,trial
2026-07-04T20:27:06,forecast_hot_humid_bursty_r2,forecast,hot_humid,bursty,2,31.374,31.074,30.874,28.374,25.0,45.0,60.0,,100.0,2.0,30.29,,,0,trial
2026-07-04T20:27:06,forecast_hot_humid_bursty_r2,forecast,hot_humid,bursty,2,31.377,31.077,30.877,28.377,25.0,45.0,60.0,,100.0,2.0,30.29,,,0,trial
2026-07-04T20:27:06,forecast_hot_humid_bursty_r2,forecast,hot_humid,bursty,2,31.38,31.08,30.88,28.38,25.0,45.0,60.0,,100.0,2.0,30.29,,,0,trial
2026-07-04T20:27:06,forecast_hot_humid_bursty_r2,forecast,hot_humid,bursty,2,31.385,31.085,30.885,28.385,25.0,45.0,60.0,,100.0,2.0,30.29,,,0,trial
2026-07-04T20:27:06,forecast_hot_humid_bursty_r2,forecast,hot_humid,bursty,2,31.388,31.088,30.888,28.388,25.0,45.0,60.0,,100.0,2.0,30.29,,,0,trial
2026-07-04T20:27:06,forecast_hot_humid_bursty_r2,forecast,hot_humid,bursty,2,31.391,31.091,30.891,28.391,25.0,45.0,60.0,,100.0,2.0,30.29,,,0,trial
2026-07-04T20:27:06,forecast_hot_humid_bursty_r2,forecast,hot_humid,bursty,2,31.394,31.094,30.894,28.394,25.0,45.0,60.0,,100.0,2.0,30.3,,,0,trial
2026-07-04T20:27:06,forecast_hot_humid_bursty_r2,forecast,hot_humid,bursty,2,31.397,31.097,30.897,28.397,25.0,45.0,60.0,,100.0,2.0,30.3,,,0,trial
2026-07-04T20:27:06,forecast_hot_humid_bursty_r2,forecast,hot_humid,bursty,2,31.4,31.1,30.9,28.4,25.0,45.0,60.0,,100.0,2.0,30.3,,,0,trial
2026-07-04T20:27:06,forecast_hot_humid_bursty_r2,forecast,hot_humid,bursty,2,31.402,31.102,30.902,28.402,25.0,45.0,60.0,,100.0,2.0,30.3,,,0,trial
2026-07-04T20:27:06,forecast_hot_humid_bursty_r2,forecast,hot_humid,bursty,2,31.405,31.105,30.905,28.405,25.0,45.0,60.0,,100.0,2.0,30.3,,,0,trial
2026-07-04T20:27:06,forecast_hot_humid_bursty_r2,forecast,hot_humid,bursty,2,31.408,31.108,30.908,28.408,25.0,45.0,60.0,,100.0,2.0,30.3,,,0,trial
2026-07-04T20:27:06,forecast_hot_humid_bursty_r2,forecast,hot_humid,bursty,2,31.411,31.111,30.911,28.411,25.0,45.0,60.0,,100.0,2.0,30.31,,,0,trial
2026-07-04T20:27:06,forecast_hot_humid_bursty_r2,forecast,hot_humid,bursty,2,31.414,31.114,30.914,28.414,25.0,45.0,60.0,,100.0,2.0,30.31,,,0,trial
2026-07-04T20:27:06,forecast_hot_humid_bursty_r2,forecast,hot_humid,bursty,2,31.417,31.117,30.917,28.417,25.0,45.0,60.0,,100.0,2.0,30.31,,,0,trial
2026-07-04T20:27:06,forecast_hot_humid_bursty_r2,forecast,hot_humid,bursty,2,31.419,31.119,30.919,28.419,25.0,45.0,60.0,,100.0,2.0,30.31,,,0,trial
2026-07-04T20:27:06,forecast_hot_humid_bursty_r2,forecast,hot_humid,bursty,2,31.422,31.122,30.922,28.422,25.0,45.0,60.0,,100.0,2.0,30.31,,,0,trial
2026-07-04T20:27:06,forecast_hot_humid_bursty_r2,forecast,hot_humid,bursty,2,31.425,31.125,30.925,28.425,25.0,45.0,60.0,,100.0,2.0,30.31,,,0,trial
2026-07-04T20:27:06,forecast_hot_humid_bursty_r2,forecast,hot_humid,bursty,2,31.428,31.128,30.928,28.428,25.0,45.0,60.0,,100.0,2.0,30.32,,,0,trial
2026-07-04T20:27:06,forecast_hot_humid_bursty_r2,forecast,hot_humid,bursty,2,31.431,31.131,30.931,28.431,25.0,45.0,60.0,,100.0,2.0,30.32,,,0,trial
2026-07-04T20:27:06,forecast_hot_humid_bursty_r2,forecast,hot_humid,bursty,2,31.433,31.133,30.933,28.433,25.0,45.0,60.0,,100.0,2.0,30.32,,,0,trial
2026-07-04T20:27:06,forecast_hot_humid_bursty_r2,forecast,hot_humid,bursty,2,31.436,31.136,30.936,28.436,25.0,45.0,60.0,,100.0,2.0,30.32,,,0,trial
2026-07-04T20:27:06,forecast_hot_humid_bursty_r2,forecast,hot_humid,bursty,2,31.439,31.139,30.939,28.439,25.0,45.0,60.0,,100.0,2.0,30.32,,,0,trial
2026-07-04T20:27:06,forecast_hot_humid_bursty_r2,forecast,hot_humid,bursty,2,31.442,31.142,30.942,28.442,25.0,45.0,60.0,,100.0,2.0,30.33,,,0,trial
2026-07-04T20:27:06,forecast_hot_humid_bursty_r2,forecast,hot_humid,bursty,2,31.445,31.145,30.945,28.445,25.0,45.0,60.0,,100.0,2.0,30.33,,,0,trial
2026-07-04T20:27:06,forecast_hot_humid_bursty_r2,forecast,hot_humid,bursty,2,31.448,31.148,30.948,28.448,25.0,45.0,60.0,,100.0,2.0,30.33,,,0,trial
2026-07-04T20:27:06,forecast_hot_humid_bursty_r2,forecast,hot_humid,bursty,2,31.45,31.15,30.95,28.45,25.0,45.0,60.0,,100.0,2.0,30.33,,,0,trial
2026-07-04T20:27:06,forecast_hot_humid_bursty_r2,forecast,hot_humid,bursty,2,31.453,31.153,30.953,28.453,25.0,45.0,60.0,,100.0,2.0,30.33,,,0,trial
2026-07-04T20:27:06,forecast_hot_humid_bursty_r2,forecast,hot_humid,bursty,2,31.456,31.156,30.956,28.456,25.0,45.0,60.0,,100.0,2.0,30.33,,,0,trial
2026-07-04T20:27:06,forecast_hot_humid_bursty_r2,forecast,hot_humid,bursty,2,31.459,31.159,30.959,28.459,25.0,45.0,60.0,,100.0,2.0,30.34,,,0,trial
2026-07-04T20:27:06,forecast_hot_humid_bursty_r2,forecast,hot_humid,bursty,2,31.462,31.162,30.962,28.462,25.0,45.0,60.0,,100.0,2.0,30.34,,,0,trial
2026-07-04T20:27:06,forecast_hot_humid_bursty_r2,forecast,hot_humid,bursty,2,31.464,31.164,30.964,28.464,25.0,45.0,60.0,,100.0,2.0,30.34,,,0,trial
2026-07-04T20:27:06,forecast_hot_humid_bursty_r2,forecast,hot_humid,bursty,2,31.467,31.167,30.967,28.467,25.0,45.0,60.0,,100.0,2.0,30.34,,,0,trial
2026-07-04T20:27:06,forecast_hot_humid_bursty_r2,forecast,hot_humid,bursty,2,31.474,31.174,30.974,28.474,25.0,45.0,60.0,,75.0,1.5,30.34,,,0,trial
2026-07-04T20:27:06,forecast_hot_humid_bursty_r2,forecast,hot_humid,bursty,2,31.477,31.177,30.977,28.477,25.0,45.0,60.0,,75.0,1.5,30.35,,,0,trial
2026-07-04T20:27:06,forecast_hot_humid_bursty_r2,forecast,hot_humid,bursty,2,31.481,31.181,30.981,28.481,25.0,45.0,60.0,,75.0,1.5,30.35,,,0,trial
2026-07-04T20:27:06,forecast_hot_humid_bursty_r2,forecast,hot_humid,bursty,2,31.484,31.184,30.984,28.484,25.0,45.0,60.0,,75.0,1.5,30.35,,,0,trial
2026-07-04T20:27:06,forecast_hot_humid_bursty_r2,forecast,hot_humid,bursty,2,31.488,31.188,30.988,28.488,25.0,45.0,60.0,,75.0,1.5,30.35,,,0,trial
2026-07-04T20:27:06,forecast_hot_humid_bursty_r2,forecast,hot_humid,bursty,2,31.491,31.191,30.991,28.491,25.0,45.0,60.0,,75.0,1.5,30.35,,,0,trial
2026-07-04T20:27:06,forecast_hot_humid_bursty_r2,forecast,hot_humid,bursty,2,31.495,31.195,30.995,28.495,25.0,45.0,60.0,,75.0,1.5,30.36,,,0,trial
2026-07-04T20:27:06,forecast_hot_humid_bursty_r2,forecast,hot_humid,bursty,2,31.499,31.199,30.999,28.499,25.0,45.0,60.0,,75.0,1.5,30.36,,,0,trial
2026-07-04T20:27:06,forecast_hot_humid_bursty_r2,forecast,hot_humid,bursty,2,31.502,31.202,31.002,28.502,25.0,45.0,60.0,,75.0,1.5,30.36,,,0,trial
2026-07-04T20:27:06,forecast_hot_humid_bursty_r2,forecast,hot_humid,bursty,2,31.506,31.206,31.006,28.506,25.0,45.0,60.0,,75.0,1.5,30.36,,,0,trial
2026-07-04T20:27:06,forecast_hot_humid_bursty_r2,forecast,hot_humid,bursty,2,31.509,31.209,31.009,28.509,25.0,45.0,60.0,,75.0,1.5,30.36,,,0,trial
2026-07-04T20:27:06,forecast_hot_humid_bursty_r2,forecast,hot_humid,bursty,2,31.513,31.213,31.013,28.513,25.0,45.0,60.0,,75.0,1.5,30.37,,,0,trial
2026-07-04T20:27:06,forecast_hot_humid_bursty_r2,forecast,hot_humid,bursty,2,31.516,31.216,31.016,28.516,25.0,45.0,60.0,,75.0,1.5,30.37,,,0,trial
2026-07-04T20:27:06,forecast_hot_humid_bursty_r2,forecast,hot_humid,bursty,2,31.52,31.22,31.02,28.52,25.0,45.0,60.0,,75.0,1.5,30.37,,,0,trial
2026-07-04T20:27:06,forecast_hot_humid_bursty_r2,forecast,hot_humid,bursty,2,31.524,31.224,31.024,28.524,25.0,45.0,60.0,,75.0,1.5,30.37,,,0,trial
2026-07-04T20:27:06,forecast_hot_humid_bursty_r2,forecast,hot_humid,bursty,2,31.527,31.227,31.027,28.527,25.0,45.0,60.0,,75.0,1.5,30.38,,,0,trial
2026-07-04T20:27:06,forecast_hot_humid_bursty_r2,forecast,hot_humid,bursty,2,31.531,31.231,31.031,28.531,25.0,45.0,60.0,,75.0,1.5,30.38,,,0,trial
2026-07-04T20:27:06,forecast_hot_humid_bursty_r2,forecast,hot_humid,bursty,2,31.534,31.234,31.034,28.534,25.0,45.0,60.0,,75.0,1.5,30.38,,,0,trial
2026-07-04T20:27:06,forecast_hot_humid_bursty_r2,forecast,hot_humid,bursty,2,31.538,31.238,31.038,28.538,25.0,45.0,60.0,,75.0,1.5,30.38,,,0,trial
2026-07-04T20:27:06,forecast_hot_humid_bursty_r2,forecast,hot_humid,bursty,2,31.541,31.241,31.041,28.541,25.0,45.0,60.0,,75.0,1.5,30.38,,,0,trial
2026-07-04T20:27:06,forecast_hot_humid_bursty_r2,forecast,hot_humid,bursty,2,31.545,31.245,31.045,28.545,25.0,45.0,60.0,,75.0,1.5,30.39,,,0,trial
2026-07-04T20:27:06,forecast_hot_humid_bursty_r2,forecast,hot_humid,bursty,2,31.548,31.248,31.048,28.548,25.0,45.0,60.0,,75.0,1.5,30.39,,,0,trial
2026-07-04T20:27:06,forecast_hot_humid_bursty_r2,forecast,hot_humid,bursty,2,31.552,31.252,31.052,28.552,25.0,45.0,60.0,,75.0,1.5,30.39,,,0,trial
2026-07-04T20:27:06,forecast_hot_humid_bursty_r2,forecast,hot_humid,bursty,2,31.556,31.256,31.056,28.556,25.0,45.0,60.0,,75.0,1.5,30.39,,,0,trial
2026-07-04T20:27:06,forecast_hot_humid_bursty_r2,forecast,hot_humid,bursty,2,31.559,31.259,31.059,28.559,25.0,45.0,60.0,,75.0,1.5,30.4,,,0,trial
2026-07-04T20:27:06,forecast_hot_humid_bursty_r2,forecast,hot_humid,bursty,2,31.563,31.263,31.063,28.563,25.0,45.0,60.0,,75.0,1.5,30.4,,,0,trial
2026-07-04T20:27:06,forecast_hot_humid_bursty_r2,forecast,hot_humid,bursty,2,31.566,31.266,31.066,28.566,25.0,45.0,60.0,,75.0,1.5,30.4,,,0,trial
2026-07-04T20:27:06,forecast_hot_humid_bursty_r2,forecast,hot_humid,bursty,2,31.57,31.27,31.07,28.57,25.0,45.0,60.0,,75.0,1.5,30.4,,,0,trial
2026-07-04T20:27:06,forecast_hot_humid_bursty_r2,forecast,hot_humid,bursty,2,31.573,31.273,31.073,28.573,25.0,45.0,60.0,,75.0,1.5,30.4,,,0,trial
2026-07-04T20:27:06,forecast_hot_humid_bursty_r2,forecast,hot_humid,bursty,2,31.577,31.277,31.077,28.577,25.0,45.0,60.0,,75.0,1.5,30.41,,,0,trial
2026-07-04T20:27:06,forecast_hot_humid_bursty_r2,forecast,hot_humid,bursty,2,31.584,31.284,31.084,28.584,25.0,45.0,60.0,,75.0,1.5,30.41,,,0,trial
2026-07-04T20:27:06,forecast_hot_humid_bursty_r2,forecast,hot_humid,bursty,2,31.587,31.287,31.087,28.587,25.0,45.0,60.0,,75.0,1.5,30.41,,,0,trial
2026-07-04T20:27:06,forecast_hot_humid_bursty_r2,forecast,hot_humid,bursty,2,31.591,31.291,31.091,28.591,25.0,45.0,60.0,,75.0,1.5,30.41,,,0,trial
2026-07-04T20:27:06,forecast_hot_humid_bursty_r2,forecast,hot_humid,bursty,2,31.594,31.294,31.094,28.594,25.0,45.0,60.0,,75.0,1.5,30.42,,,0,trial
2026-07-04T20:27:06,forecast_hot_humid_bursty_r2,forecast,hot_humid,bursty,2,31.598,31.298,31.098,28.598,25.0,45.0,60.0,,75.0,1.5,30.42,,,0,trial
2026-07-04T20:27:06,forecast_hot_humid_bursty_r2,forecast,hot_humid,bursty,2,31.601,31.301,31.101,28.601,25.0,45.0,60.0,,75.0,1.5,30.42,,,0,trial
2026-07-04T20:27:06,forecast_hot_humid_bursty_r2,forecast,hot_humid,bursty,2,31.605,31.305,31.105,28.605,25.0,45.0,60.0,,75.0,1.5,30.42,,,0,trial
2026-07-04T20:27:06,forecast_hot_humid_bursty_r2,forecast,hot_humid,bursty,2,31.608,31.308,31.108,28.608,25.0,45.0,60.0,,75.0,1.5,30.43,,,0,trial
2026-07-04T20:27:06,forecast_hot_humid_bursty_r2,forecast,hot_humid,bursty,2,31.612,31.312,31.112,28.612,25.0,45.0,60.0,,75.0,1.5,30.43,,,0,trial
2026-07-04T20:27:06,forecast_hot_humid_bursty_r2,forecast,hot_humid,bursty,2,31.615,31.315,31.115,28.615,25.0,45.0,60.0,,75.0,1.5,30.43,,,0,trial
2026-07-04T20:27:06,forecast_hot_humid_bursty_r2,forecast,hot_humid,bursty,2,31.619,31.319,31.119,28.619,25.0,45.0,60.0,,75.0,1.5,30.43,,,0,trial
2026-07-04T20:27:06,forecast_hot_humid_bursty_r2,forecast,hot_humid,bursty,2,31.622,31.322,31.122,28.622,25.0,45.0,60.0,,75.0,1.5,30.44,,,0,trial
2026-07-04T20:27:06,forecast_hot_humid_bursty_r2,forecast,hot_humid,bursty,2,31.626,31.326,31.126,28.626,25.0,45.0,60.0,,75.0,1.5,30.44,,,0,trial
2026-07-04T20:27:06,forecast_hot_humid_bursty_r2,forecast,hot_humid,bursty,2,31.629,31.329,31.129,28.629,25.0,45.0,60.0,,75.0,1.5,30.44,,,0,trial
2026-07-04T20:27:06,forecast_hot_humid_bursty_r2,forecast,hot_humid,bursty,2,31.633,31.333,31.133,28.633,25.0,45.0,60.0,,75.0,1.5,30.44,,,0,trial
2026-07-04T20:27:06,forecast_hot_humid_bursty_r2,forecast,hot_humid,bursty,2,31.636,31.336,31.136,28.636,25.0,45.0,60.0,,75.0,1.5,30.45,,,0,trial
2026-07-04T20:27:06,forecast_hot_humid_bursty_r2,forecast,hot_humid,bursty,2,31.64,31.34,31.14,28.64,25.0,45.0,60.0,,75.0,1.5,30.45,,,0,trial
2026-07-04T20:27:06,forecast_hot_humid_bursty_r2,forecast,hot_humid,bursty,2,31.643,31.343,31.143,28.643,25.0,45.0,60.0,,75.0,1.5,30.45,,,0,trial
2026-07-04T20:27:06,forecast_hot_humid_bursty_r2,forecast,hot_humid,bursty,2,31.647,31.347,31.147,28.647,25.0,45.0,60.0,,75.0,1.5,30.45,,,0,trial
2026-07-04T20:27:06,forecast_hot_humid_bursty_r2,forecast,hot_humid,bursty,2,31.65,31.35,31.15,28.65,25.0,45.0,60.0,,75.0,1.5,30.46,,,0,trial
2026-07-04T20:27:06,forecast_hot_humid_bursty_r2,forecast,hot_humid,bursty,2,31.654,31.354,31.154,28.654,25.0,45.0,60.0,,75.0,1.5,30.46,,,0,trial
2026-07-04T20:27:06,forecast_hot_humid_bursty_r2,forecast,hot_humid,bursty,2,31.657,31.357,31.157,28.657,25.0,45.0,60.0,,75.0,1.5,30.46,,,0,trial
2026-07-04T20:27:06,forecast_hot_humid_bursty_r2,forecast,hot_humid,bursty,2,31.661,31.361,31.161,28.661,25.0,45.0,60.0,,75.0,1.5,30.47,,,0,trial
2026-07-04T20:27:06,forecast_hot_humid_bursty_r2,forecast,hot_humid,bursty,2,31.664,31.364,31.164,28.664,25.0,45.0,60.0,,75.0,1.5,30.47,,,0,trial
2026-07-04T20:27:06,forecast_hot_humid_bursty_r2,forecast,hot_humid,bursty,2,31.668,31.368,31.168,28.668,25.0,45.0,60.0,,75.0,1.5,30.47,,,0,trial
2026-07-04T20:27:06,forecast_hot_humid_bursty_r2,forecast,hot_humid,bursty,2,31.671,31.371,31.171,28.671,25.0,45.0,60.0,,75.0,1.5,30.47,,,0,trial
2026-07-04T20:27:06,forecast_hot_humid_bursty_r2,forecast,hot_humid,bursty,2,31.674,31.374,31.174,28.674,25.0,45.0,60.0,,75.0,1.5,30.48,,,0,trial
2026-07-04T20:27:06,forecast_hot_humid_bursty_r2,forecast,hot_humid,bursty,2,31.678,31.378,31.178,28.678,25.0,45.0,60.0,,75.0,1.5,30.48,,,0,trial
2026-07-04T20:27:06,forecast_hot_humid_bursty_r2,forecast,hot_humid,bursty,2,31.681,31.381,31.181,28.681,25.0,45.0,60.0,,75.0,1.5,30.48,,,0,trial
2026-07-04T20:27:06,forecast_hot_humid_bursty_r2,forecast,hot_humid,bursty,2,31.685,31.385,31.185,28.685,25.0,45.0,60.0,,75.0,1.5,30.49,,,0,trial
2026-07-04T20:27:06,forecast_hot_humid_bursty_r2,forecast,hot_humid,bursty,2,31.692,31.392,31.192,28.692,25.0,45.0,60.0,,75.0,1.5,30.49,,,0,trial
2026-07-04T20:27:06,forecast_hot_humid_bursty_r2,forecast,hot_humid,bursty,2,31.695,31.395,31.195,28.695,25.0,45.0,60.0,,75.0,1.5,30.49,,,0,trial
2026-07-04T20:27:06,forecast_hot_humid_bursty_r2,forecast,hot_humid,bursty,2,31.699,31.399,31.199,28.699,25.0,45.0,60.0,,75.0,1.5,30.49,,,0,trial
2026-07-04T20:27:06,forecast_hot_humid_bursty_r2,forecast,hot_humid,bursty,2,31.702,31.402,31.202,28.702,25.0,45.0,60.0,,75.0,1.5,30.5,,,0,trial
2026-07-04T20:27:06,forecast_hot_humid_bursty_r2,forecast,hot_humid,bursty,2,31.706,31.406,31.206,28.706,25.0,45.0,60.0,,75.0,1.5,30.5,,,0,trial
2026-07-04T20:27:06,forecast_hot_humid_bursty_r2,forecast,hot_humid,bursty,2,31.709,31.409,31.209,28.709,25.0,45.0,60.0,,75.0,1.5,30.5,,,0,trial
2026-07-04T20:27:06,forecast_hot_humid_bursty_r2,forecast,hot_humid,bursty,2,31.712,31.412,31.212,28.712,25.0,45.0,60.0,,75.0,1.5,30.51,,,0,trial
2026-07-04T20:27:06,forecast_hot_humid_bursty_r2,forecast,hot_humid,bursty,2,31.716,31.416,31.216,28.716,25.0,45.0,60.0,,75.0,1.5,30.51,,,0,trial
2026-07-04T20:27:06,forecast_hot_humid_bursty_r2,forecast,hot_humid,bursty,2,31.719,31.419,31.219,28.719,25.0,45.0,60.0,,75.0,1.5,30.51,,,0,trial
2026-07-04T20:27:06,forecast_hot_humid_bursty_r2,forecast,hot_humid,bursty,2,31.723,31.423,31.223,28.723,25.0,45.0,60.0,,75.0,1.5,30.51,,,0,trial
2026-07-04T20:27:06,forecast_hot_humid_bursty_r2,forecast,hot_humid,bursty,2,31.726,31.426,31.226,28.726,25.0,45.0,60.0,,75.0,1.5,30.52,,,0,trial
2026-07-04T20:27:06,forecast_hot_humid_bursty_r2,forecast,hot_humid,bursty,2,31.73,31.43,31.23,28.73,25.0,45.0,60.0,,75.0,1.5,30.52,,,0,trial
2026-07-04T20:27:06,forecast_hot_humid_bursty_r2,forecast,hot_humid,bursty,2,31.733,31.433,31.233,28.733,25.0,45.0,60.0,,75.0,1.5,30.52,,,0,trial
2026-07-04T20:27:06,forecast_hot_humid_bursty_r2,forecast,hot_humid,bursty,2,31.736,31.436,31.236,28.736,25.0,45.0,60.0,,75.0,1.5,30.53,,,0,trial
2026-07-04T20:27:06,forecast_hot_humid_bursty_r2,forecast,hot_humid,bursty,2,31.74,31.44,31.24,28.74,25.0,45.0,60.0,,75.0,1.5,30.53,,,0,trial
2026-07-04T20:27:06,forecast_hot_humid_bursty_r2,forecast,hot_humid,bursty,2,31.743,31.443,31.243,28.743,25.0,45.0,60.0,,75.0,1.5,30.53,,,0,trial
2026-07-04T20:27:06,forecast_hot_humid_bursty_r2,forecast,hot_humid,bursty,2,31.747,31.447,31.247,28.747,25.0,45.0,60.0,,75.0,1.5,30.54,,,0,trial
2026-07-04T20:27:06,forecast_hot_humid_bursty_r2,forecast,hot_humid,bursty,2,31.75,31.45,31.25,28.75,25.0,45.0,60.0,,75.0,1.5,30.54,,,0,trial
2026-07-04T20:27:06,forecast_hot_humid_bursty_r2,forecast,hot_humid,bursty,2,31.753,31.453,31.253,28.753,25.0,45.0,60.0,,75.0,1.5,30.54,,,0,trial
2026-07-04T20:27:06,forecast_hot_humid_bursty_r2,forecast,hot_humid,bursty,2,31.757,31.457,31.257,28.757,25.0,45.0,60.0,,75.0,1.5,30.55,,,0,trial
2026-07-04T20:27:06,forecast_hot_humid_bursty_r2,forecast,hot_humid,bursty,2,31.76,31.46,31.26,28.76,25.0,45.0,60.0,,75.0,1.5,30.55,,,0,trial
2026-07-04T20:27:06,forecast_hot_humid_bursty_r2,forecast,hot_humid,bursty,2,31.764,31.464,31.264,28.764,25.0,45.0,60.0,,75.0,1.5,30.55,,,0,trial
2026-07-04T20:27:06,forecast_hot_humid_bursty_r2,forecast,hot_humid,bursty,2,31.767,31.467,31.267,28.767,25.0,45.0,60.0,,75.0,1.5,30.56,,,0,trial
2026-07-04T20:27:06,forecast_hot_humid_bursty_r2,forecast,hot_humid,bursty,2,31.77,31.47,31.27,28.77,25.0,45.0,60.0,,75.0,1.5,30.56,,,0,trial
2026-07-04T20:27:06,forecast_hot_humid_bursty_r2,forecast,hot_humid,bursty,2,31.774,31.474,31.274,28.774,25.0,45.0,60.0,,75.0,1.5,30.56,,,0,trial
2026-07-04T20:27:06,forecast_hot_humid_bursty_r2,forecast,hot_humid,bursty,2,31.777,31.477,31.277,28.777,25.0,45.0,60.0,,75.0,1.5,30.57,,,0,trial
2026-07-04T20:27:06,forecast_hot_humid_bursty_r2,forecast,hot_humid,bursty,2,31.781,31.481,31.281,28.781,25.0,45.0,60.0,,75.0,1.5,30.57,,,0,trial
2026-07-04T20:27:06,forecast_hot_humid_bursty_r2,forecast,hot_humid,bursty,2,31.784,31.484,31.284,28.784,25.0,45.0,60.0,,75.0,1.5,30.57,,,0,trial
2026-07-04T20:27:06,forecast_hot_humid_bursty_r2,forecast,hot_humid,bursty,2,31.787,31.487,31.287,28.787,25.0,45.0,60.0,,75.0,1.5,30.58,,,0,trial
2026-07-04T20:27:06,forecast_hot_humid_bursty_r2,forecast,hot_humid,bursty,2,31.791,31.491,31.291,28.791,25.0,45.0,60.0,,75.0,1.5,30.58,,,0,trial
2026-07-04T20:27:06,forecast_hot_humid_bursty_r2,forecast,hot_humid,bursty,2,31.82,31.52,31.32,28.82,25.0,45.0,150.0,,100.0,2.0,30.58,,,0,trial
2026-07-04T20:27:06,forecast_hot_humid_bursty_r2,forecast,hot_humid,bursty,2,31.835,31.535,31.335,28.835,25.0,45.0,150.0,,100.0,2.0,30.59,,,0,trial
2026-07-04T20:27:06,forecast_hot_humid_bursty_r2,forecast,hot_humid,bursty,2,31.849,31.549,31.349,28.849,25.0,45.0,150.0,,100.0,2.0,30.59,,,0,trial
2026-07-04T20:27:06,forecast_hot_humid_bursty_r2,forecast,hot_humid,bursty,2,31.863,31.563,31.363,28.863,25.0,45.0,150.0,,100.0,2.0,30.59,,,0,trial
2026-07-04T20:27:06,forecast_hot_humid_bursty_r2,forecast,hot_humid,bursty,2,31.878,31.578,31.378,28.878,25.0,45.0,150.0,,100.0,2.0,30.6,,,0,trial
2026-07-04T20:27:06,forecast_hot_humid_bursty_r2,forecast,hot_humid,bursty,2,31.892,31.592,31.392,28.892,25.0,45.0,150.0,,100.0,2.0,30.6,,,0,trial
2026-07-04T20:27:06,forecast_hot_humid_bursty_r2,forecast,hot_humid,bursty,2,31.906,31.606,31.406,28.906,25.0,45.0,150.0,,100.0,2.0,30.6,,,0,trial
2026-07-04T20:27:06,forecast_hot_humid_bursty_r2,forecast,hot_humid,bursty,2,31.921,31.621,31.421,28.921,25.0,45.0,150.0,,100.0,2.0,30.61,,,0,trial
2026-07-04T20:27:06,forecast_hot_humid_bursty_r2,forecast,hot_humid,bursty,2,31.935,31.635,31.435,28.935,25.0,45.0,150.0,,100.0,2.0,30.61,,,0,trial
2026-07-04T20:27:06,forecast_hot_humid_bursty_r2,forecast,hot_humid,bursty,2,31.949,31.649,31.449,28.949,25.0,45.0,150.0,,100.0,2.0,30.61,,,0,trial
2026-07-04T20:27:06,forecast_hot_humid_bursty_r2,forecast,hot_humid,bursty,2,31.963,31.663,31.463,28.963,25.0,45.0,150.0,,100.0,2.0,30.62,,,0,trial
2026-07-04T20:27:06,forecast_hot_humid_bursty_r2,forecast,hot_humid,bursty,2,31.978,31.678,31.478,28.978,25.0,45.0,150.0,,100.0,2.0,30.62,,,0,trial
2026-07-04T20:27:06,forecast_hot_humid_bursty_r2,forecast,hot_humid,bursty,2,31.992,31.692,31.492,28.992,25.0,45.0,150.0,,100.0,2.0,30.63,,,0,trial
2026-07-04T20:27:06,forecast_hot_humid_bursty_r2,forecast,hot_humid,bursty,2,32.006,31.706,31.506,29.006,25.0,45.0,150.0,,100.0,2.0,30.63,,,0,trial
2026-07-04T20:27:06,forecast_hot_humid_bursty_r2,forecast,hot_humid,bursty,2,32.02,31.72,31.52,29.02,25.0,45.0,150.0,,100.0,2.0,30.63,,,0,trial
2026-07-04T20:27:06,forecast_hot_humid_bursty_r2,forecast,hot_humid,bursty,2,32.034,31.734,31.534,29.034,25.0,45.0,150.0,,100.0,2.0,30.64,,,0,trial
2026-07-04T20:27:06,forecast_hot_humid_bursty_r2,forecast,hot_humid,bursty,2,32.049,31.749,31.549,29.049,25.0,45.0,150.0,,100.0,2.0,30.64,,,0,trial
2026-07-04T20:27:06,forecast_hot_humid_bursty_r2,forecast,hot_humid,bursty,2,32.063,31.763,31.563,29.063,25.0,45.0,150.0,,100.0,2.0,30.64,,,0,trial
2026-07-04T20:27:06,forecast_hot_humid_bursty_r2,forecast,hot_humid,bursty,2,32.077,31.777,31.577,29.077,25.0,45.0,150.0,,100.0,2.0,30.65,,,0,trial
2026-07-04T20:27:06,forecast_hot_humid_bursty_r2,forecast,hot_humid,bursty,2,32.091,31.791,31.591,29.091,25.0,45.0,150.0,,100.0,2.0,30.65,,,0,trial
2026-07-04T20:27:06,forecast_hot_humid_bursty_r2,forecast,hot_humid,bursty,2,32.105,31.805,31.605,29.105,25.0,45.0,150.0,,100.0,2.0,30.66,,,0,trial
2026-07-04T20:27:06,forecast_hot_humid_bursty_r2,forecast,hot_humid,bursty,2,32.119,31.819,31.619,29.119,25.0,45.0,150.0,,100.0,2.0,30.66,,,0,trial
2026-07-04T20:27:06,forecast_hot_humid_bursty_r2,forecast,hot_humid,bursty,2,32.134,31.834,31.634,29.134,25.0,45.0,150.0,,100.0,2.0,30.66,,,0,trial
2026-07-04T20:27:06,forecast_hot_humid_bursty_r2,forecast,hot_humid,bursty,2,32.148,31.848,31.648,29.148,25.0,45.0,150.0,,100.0,2.0,30.67,,,0,trial
2026-07-04T20:27:06,forecast_hot_humid_bursty_r2,forecast,hot_humid,bursty,2,32.162,31.862,31.662,29.162,25.0,45.0,150.0,,100.0,2.0,30.67,,,0,trial
2026-07-04T20:27:06,forecast_hot_humid_bursty_r2,forecast,hot_humid,bursty,2,32.176,31.876,31.676,29.176,25.0,45.0,150.0,,100.0,2.0,30.68,,,0,trial
2026-07-04T20:27:06,forecast_hot_humid_bursty_r2,forecast,hot_humid,bursty,2,32.19,31.89,31.69,29.19,25.0,45.0,150.0,,100.0,2.0,30.68,,,0,trial
2026-07-04T20:27:06,forecast_hot_humid_bursty_r2,forecast,hot_humid,bursty,2,32.204,31.904,31.704,29.204,25.0,45.0,150.0,,100.0,2.0,30.68,,,0,trial
2026-07-04T20:27:06,forecast_hot_humid_bursty_r2,forecast,hot_humid,bursty,2,32.218,31.918,31.718,29.218,25.0,45.0,150.0,,100.0,2.0,30.69,,,0,trial
2026-07-04T20:27:06,forecast_hot_humid_bursty_r2,forecast,hot_humid,bursty,2,32.232,31.932,31.732,29.232,25.0,45.0,150.0,,100.0,2.0,30.69,,,0,trial
2026-07-04T20:27:06,forecast_hot_humid_bursty_r2,forecast,hot_humid,bursty,2,32.26,31.96,31.76,29.26,25.0,45.0,150.0,,100.0,2.0,30.7,,,0,trial
2026-07-04T20:27:06,forecast_hot_humid_bursty_r2,forecast,hot_humid,bursty,2,32.274,31.974,31.774,29.274,25.0,45.0,150.0,,100.0,2.0,30.7,,,0,trial
2026-07-04T20:27:06,forecast_hot_humid_bursty_r2,forecast,hot_humid,bursty,2,32.288,31.988,31.788,29.288,25.0,45.0,150.0,,100.0,2.0,30.7,,,0,trial
2026-07-04T20:27:06,forecast_hot_humid_bursty_r2,forecast,hot_humid,bursty,2,32.302,32.002,31.802,29.302,25.0,45.0,150.0,,100.0,2.0,30.71,,,0,trial
2026-07-04T20:27:06,forecast_hot_humid_bursty_r2,forecast,hot_humid,bursty,2,32.316,32.016,31.816,29.316,25.0,45.0,150.0,,100.0,2.0,30.71,,,0,trial
2026-07-04T20:27:06,forecast_hot_humid_bursty_r2,forecast,hot_humid,bursty,2,32.33,32.03,31.83,29.33,25.0,45.0,150.0,,100.0,2.0,30.72,,,0,trial
2026-07-04T20:27:06,forecast_hot_humid_bursty_r2,forecast,hot_humid,bursty,2,32.344,32.044,31.844,29.344,25.0,45.0,150.0,,100.0,2.0,30.72,,,0,trial
2026-07-04T20:27:06,forecast_hot_humid_bursty_r2,forecast,hot_humid,bursty,2,32.358,32.058,31.858,29.358,25.0,45.0,150.0,,100.0,2.0,30.72,,,0,trial
2026-07-04T20:27:06,forecast_hot_humid_bursty_r2,forecast,hot_humid,bursty,2,32.372,32.072,31.872,29.372,25.0,45.0,150.0,,100.0,2.0,30.73,,,0,trial
2026-07-04T20:27:06,forecast_hot_humid_bursty_r2,forecast,hot_humid,bursty,2,32.386,32.086,31.886,29.386,25.0,45.0,150.0,,100.0,2.0,30.73,,,0,trial
2026-07-04T20:27:06,forecast_hot_humid_bursty_r2,forecast,hot_humid,bursty,2,32.4,32.1,31.9,29.4,25.0,45.0,150.0,,100.0,2.0,30.74,,,0,trial
2026-07-04T20:27:06,forecast_hot_humid_bursty_r2,forecast,hot_humid,bursty,2,32.414,32.114,31.914,29.414,25.0,45.0,150.0,,100.0,2.0,30.74,,,0,trial
2026-07-04T20:27:06,forecast_hot_humid_bursty_r2,forecast,hot_humid,bursty,2,32.427,32.127,31.927,29.427,25.0,45.0,150.0,,100.0,2.0,30.75,,,0,trial
2026-07-04T20:27:06,forecast_hot_humid_bursty_r2,forecast,hot_humid,bursty,2,32.441,32.141,31.941,29.441,25.0,45.0,150.0,,100.0,2.0,30.75,,,0,trial
2026-07-04T20:27:06,forecast_hot_humid_bursty_r2,forecast,hot_humid,bursty,2,32.455,32.155,31.955,29.455,25.0,45.0,150.0,,100.0,2.0,30.75,,,0,trial
2026-07-04T20:27:06,forecast_hot_humid_bursty_r2,forecast,hot_humid,bursty,2,32.469,32.169,31.969,29.469,25.0,45.0,150.0,,100.0,2.0,30.76,,,0,trial
2026-07-04T20:27:06,forecast_hot_humid_bursty_r2,forecast,hot_humid,bursty,2,32.483,32.183,31.983,29.483,25.0,45.0,150.0,,100.0,2.0,30.76,,,0,trial
2026-07-04T20:27:06,forecast_hot_humid_bursty_r2,forecast,hot_humid,bursty,2,32.497,32.197,31.997,29.497,25.0,45.0,150.0,,100.0,2.0,30.77,,,0,trial
2026-07-04T20:27:06,forecast_hot_humid_bursty_r2,forecast,hot_humid,bursty,2,32.51,32.21,32.01,29.51,25.0,45.0,150.0,,100.0,2.0,30.77,,,0,trial
2026-07-04T20:27:06,forecast_hot_humid_bursty_r2,forecast,hot_humid,bursty,2,32.524,32.224,32.024,29.524,25.0,45.0,150.0,,100.0,2.0,30.78,,,0,trial
2026-07-04T20:27:06,forecast_hot_humid_bursty_r2,forecast,hot_humid,bursty,2,32.538,32.238,32.038,29.538,25.0,45.0,150.0,,100.0,2.0,30.78,,,0,trial
2026-07-04T20:27:06,forecast_hot_humid_bursty_r2,forecast,hot_humid,bursty,2,32.552,32.252,32.052,29.552,25.0,45.0,150.0,,100.0,2.0,30.79,,,0,trial
2026-07-04T20:27:06,forecast_hot_humid_bursty_r2,forecast,hot_humid,bursty,2,32.566,32.266,32.066,29.566,25.0,45.0,150.0,,100.0,2.0,30.79,,,0,trial
2026-07-04T20:27:06,forecast_hot_humid_bursty_r2,forecast,hot_humid,bursty,2,32.579,32.279,32.079,29.579,25.0,45.0,150.0,,100.0,2.0,30.79,,,0,trial
2026-07-04T20:27:06,forecast_hot_humid_bursty_r2,forecast,hot_humid,bursty,2,32.593,32.293,32.093,29.593,25.0,45.0,150.0,,100.0,2.0,30.8,,,0,trial
2026-07-04T20:27:06,forecast_hot_humid_bursty_r2,forecast,hot_humid,bursty,2,32.607,32.307,32.107,29.607,25.0,45.0,150.0,,100.0,2.0,30.8,,,0,trial
2026-07-04T20:27:06,forecast_hot_humid_bursty_r2,forecast,hot_humid,bursty,2,32.621,32.321,32.121,29.621,25.0,45.0,150.0,,100.0,2.0,30.81,,,0,trial
2026-07-04T20:27:06,forecast_hot_humid_bursty_r2,forecast,hot_humid,bursty,2,32.634,32.334,32.134,29.634,25.0,45.0,150.0,,100.0,2.0,30.81,,,0,trial
2026-07-04T20:27:06,forecast_hot_humid_bursty_r2,forecast,hot_humid,bursty,2,32.648,32.348,32.148,29.648,25.0,45.0,150.0,,100.0,2.0,30.82,,,0,trial
2026-07-04T20:27:06,forecast_hot_humid_bursty_r2,forecast,hot_humid,bursty,2,32.662,32.362,32.162,29.662,25.0,45.0,150.0,,100.0,2.0,30.82,,,0,trial
2026-07-04T20:27:06,forecast_hot_humid_bursty_r2,forecast,hot_humid,bursty,2,32.689,32.389,32.189,29.689,25.0,45.0,150.0,,100.0,2.0,30.83,,,0,trial
2026-07-04T20:27:06,forecast_hot_humid_bursty_r2,forecast,hot_humid,bursty,2,32.703,32.403,32.203,29.703,25.0,45.0,150.0,,100.0,2.0,30.83,,,0,trial
2026-07-04T20:27:06,forecast_hot_humid_bursty_r2,forecast,hot_humid,bursty,2,32.716,32.416,32.216,29.716,25.0,45.0,150.0,,100.0,2.0,30.84,,,0,trial
2026-07-04T20:27:06,forecast_hot_humid_bursty_r2,forecast,hot_humid,bursty,2,32.73,32.43,32.23,29.73,25.0,45.0,150.0,,100.0,2.0,30.84,,,0,trial
2026-07-04T20:27:06,forecast_hot_humid_bursty_r2,forecast,hot_humid,bursty,2,32.744,32.444,32.244,29.744,25.0,45.0,150.0,,100.0,2.0,30.85,,,0,trial
2026-07-04T20:27:06,forecast_hot_humid_bursty_r2,forecast,hot_humid,bursty,2,32.757,32.457,32.257,29.757,25.0,45.0,150.0,,100.0,2.0,30.85,,,0,trial
2026-07-04T20:27:06,forecast_hot_humid_bursty_r2,forecast,hot_humid,bursty,2,32.771,32.471,32.271,29.771,25.0,45.0,150.0,,100.0,2.0,30.86,,,0,trial
2026-07-04T20:27:06,forecast_hot_humid_bursty_r2,forecast,hot_humid,bursty,2,32.785,32.485,32.285,29.785,25.0,45.0,150.0,,100.0,2.0,30.86,,,0,trial
2026-07-04T20:27:06,forecast_hot_humid_bursty_r2,forecast,hot_humid,bursty,2,32.798,32.498,32.298,29.798,25.0,45.0,150.0,,100.0,2.0,30.87,,,0,trial
2026-07-04T20:27:06,forecast_hot_humid_bursty_r2,forecast,hot_humid,bursty,2,32.812,32.512,32.312,29.812,25.0,45.0,150.0,,100.0,2.0,30.87,,,0,trial
2026-07-04T20:27:06,forecast_hot_humid_bursty_r2,forecast,hot_humid,bursty,2,32.825,32.525,32.325,29.825,25.0,45.0,150.0,,100.0,2.0,30.88,,,0,trial
2026-07-04T20:27:06,forecast_hot_humid_bursty_r2,forecast,hot_humid,bursty,2,32.839,32.539,32.339,29.839,25.0,45.0,150.0,,100.0,2.0,30.88,,,0,trial
2026-07-04T20:27:06,forecast_hot_humid_bursty_r2,forecast,hot_humid,bursty,2,32.852,32.552,32.352,29.852,25.0,45.0,150.0,,100.0,2.0,30.89,,,0,trial
2026-07-04T20:27:06,forecast_hot_humid_bursty_r2,forecast,hot_humid,bursty,2,32.866,32.566,32.366,29.866,25.0,45.0,150.0,,100.0,2.0,30.89,,,0,trial
2026-07-04T20:27:06,forecast_hot_humid_bursty_r2,forecast,hot_humid,bursty,2,32.879,32.579,32.379,29.879,25.0,45.0,150.0,,100.0,2.0,30.9,,,0,trial
2026-07-04T20:27:06,forecast_hot_humid_bursty_r2,forecast,hot_humid,bursty,2,32.893,32.593,32.393,29.893,25.0,45.0,150.0,,100.0,2.0,30.9,,,0,trial
2026-07-04T20:27:06,forecast_hot_humid_bursty_r2,forecast,hot_humid,bursty,2,32.906,32.606,32.406,29.906,25.0,45.0,150.0,,100.0,2.0,30.91,,,0,trial
2026-07-04T20:27:06,forecast_hot_humid_bursty_r2,forecast,hot_humid,bursty,2,32.92,32.62,32.42,29.92,25.0,45.0,150.0,,100.0,2.0,30.91,,,0,trial
2026-07-04T20:27:06,forecast_hot_humid_bursty_r2,forecast,hot_humid,bursty,2,32.933,32.633,32.433,29.933,25.0,45.0,150.0,,100.0,2.0,30.92,,,0,trial
2026-07-04T20:27:06,forecast_hot_humid_bursty_r2,forecast,hot_humid,bursty,2,32.947,32.647,32.447,29.947,25.0,45.0,150.0,,100.0,2.0,30.92,,,0,trial
2026-07-04T20:27:06,forecast_hot_humid_bursty_r2,forecast,hot_humid,bursty,2,32.96,32.66,32.46,29.96,25.0,45.0,150.0,,100.0,2.0,30.93,,,0,trial
2026-07-04T20:27:06,forecast_hot_humid_bursty_r2,forecast,hot_humid,bursty,2,32.974,32.674,32.474,29.974,25.0,45.0,150.0,,100.0,2.0,30.93,,,0,trial
2026-07-04T20:27:06,forecast_hot_humid_bursty_r2,forecast,hot_humid,bursty,2,32.987,32.687,32.487,29.987,25.0,45.0,150.0,,100.0,2.0,30.94,,,0,trial
2026-07-04T20:27:06,forecast_hot_humid_bursty_r2,forecast,hot_humid,bursty,2,33.001,32.701,32.501,30.001,25.0,45.0,150.0,,100.0,2.0,30.94,,,0,trial
2026-07-04T20:27:06,forecast_hot_humid_bursty_r2,forecast,hot_humid,bursty,2,33.014,32.714,32.514,30.014,25.0,45.0,150.0,,100.0,2.0,30.95,,,0,trial
2026-07-04T20:27:06,forecast_hot_humid_bursty_r2,forecast,hot_humid,bursty,2,33.028,32.728,32.528,30.028,25.0,45.0,150.0,,100.0,2.0,30.95,,,0,trial
2026-07-04T20:27:06,forecast_hot_humid_bursty_r2,forecast,hot_humid,bursty,2,33.041,32.741,32.541,30.041,25.0,45.0,150.0,,100.0,2.0,30.96,,,0,trial
2026-07-04T20:27:06,forecast_hot_humid_bursty_r2,forecast,hot_humid,bursty,2,33.054,32.754,32.554,30.054,25.0,45.0,150.0,,100.0,2.0,30.97,,,0,trial
2026-07-04T20:27:06,forecast_hot_humid_bursty_r2,forecast,hot_humid,bursty,2,33.068,32.768,32.568,30.068,25.0,45.0,150.0,,100.0,2.0,30.97,,,0,trial
2026-07-04T20:27:06,forecast_hot_humid_bursty_r2,forecast,hot_humid,bursty,2,33.081,32.781,32.581,30.081,25.0,45.0,150.0,,100.0,2.0,30.98,,,0,trial
2026-07-04T20:27:06,forecast_hot_humid_bursty_r2,forecast,hot_humid,bursty,2,33.108,32.808,32.608,30.108,25.0,45.0,150.0,,100.0,2.0,30.98,,,0,trial
2026-07-04T20:27:06,forecast_hot_humid_bursty_r2,forecast,hot_humid,bursty,2,33.121,32.821,32.621,30.121,25.0,45.0,150.0,,100.0,2.0,30.99,,,0,trial
2026-07-04T20:27:06,forecast_hot_humid_bursty_r2,forecast,hot_humid,bursty,2,33.134,32.834,32.634,30.134,25.0,45.0,150.0,,100.0,2.0,30.99,,,0,trial
2026-07-04T20:27:06,forecast_hot_humid_bursty_r2,forecast,hot_humid,bursty,2,33.148,32.848,32.648,30.148,25.0,45.0,150.0,,100.0,2.0,31.0,,,0,trial
2026-07-04T20:27:06,forecast_hot_humid_bursty_r2,forecast,hot_humid,bursty,2,33.161,32.861,32.661,30.161,25.0,45.0,150.0,,100.0,2.0,31.0,,,0,trial
2026-07-04T20:27:06,forecast_hot_humid_bursty_r2,forecast,hot_humid,bursty,2,33.174,32.874,32.674,30.174,25.0,45.0,150.0,,100.0,2.0,31.01,,,0,trial
2026-07-04T20:27:06,forecast_hot_humid_bursty_r2,forecast,hot_humid,bursty,2,33.188,32.888,32.688,30.188,25.0,45.0,150.0,,100.0,2.0,31.02,,,0,trial
2026-07-04T20:27:06,forecast_hot_humid_bursty_r2,forecast,hot_humid,bursty,2,33.201,32.901,32.701,30.201,25.0,45.0,150.0,,100.0,2.0,31.02,,,0,trial
2026-07-04T20:27:06,forecast_hot_humid_bursty_r2,forecast,hot_humid,bursty,2,33.214,32.914,32.714,30.214,25.0,45.0,150.0,,100.0,2.0,31.03,,,0,trial
2026-07-04T20:27:06,forecast_hot_humid_bursty_r2,forecast,hot_humid,bursty,2,33.227,32.927,32.727,30.227,25.0,45.0,150.0,,100.0,2.0,31.03,,,0,trial
2026-07-04T20:27:06,forecast_hot_humid_bursty_r2,forecast,hot_humid,bursty,2,33.241,32.941,32.741,30.241,25.0,45.0,150.0,,100.0,2.0,31.04,,,0,trial
2026-07-04T20:27:06,forecast_hot_humid_bursty_r2,forecast,hot_humid,bursty,2,33.254,32.954,32.754,30.254,25.0,45.0,150.0,,100.0,2.0,31.04,,,0,trial
2026-07-04T20:27:06,forecast_hot_humid_bursty_r2,forecast,hot_humid,bursty,2,33.267,32.967,32.767,30.267,25.0,45.0,150.0,,100.0,2.0,31.05,,,0,trial
2026-07-04T20:27:06,forecast_hot_humid_bursty_r2,forecast,hot_humid,bursty,2,33.28,32.98,32.78,30.28,25.0,45.0,150.0,,100.0,2.0,31.06,,,0,trial
2026-07-04T20:27:06,forecast_hot_humid_bursty_r2,forecast,hot_humid,bursty,2,33.294,32.994,32.794,30.294,25.0,45.0,150.0,,100.0,2.0,31.06,,,0,trial
2026-07-04T20:27:06,forecast_hot_humid_bursty_r2,forecast,hot_humid,bursty,2,33.307,33.007,32.807,30.307,25.0,45.0,150.0,,100.0,2.0,31.07,,,0,trial
2026-07-04T20:27:06,forecast_hot_humid_bursty_r2,forecast,hot_humid,bursty,2,33.32,33.02,32.82,30.32,25.0,45.0,150.0,,100.0,2.0,31.07,,,0,trial
2026-07-04T20:27:06,forecast_hot_humid_bursty_r2,forecast,hot_humid,bursty,2,33.333,33.033,32.833,30.333,25.0,45.0,150.0,,100.0,2.0,31.08,,,0,trial
2026-07-04T20:27:06,forecast_hot_humid_bursty_r2,forecast,hot_humid,bursty,2,33.346,33.046,32.846,30.346,25.0,45.0,150.0,,100.0,2.0,31.09,,,0,trial
2026-07-04T20:27:06,forecast_hot_humid_bursty_r2,forecast,hot_humid,bursty,2,33.359,33.059,32.859,30.359,25.0,45.0,150.0,,100.0,2.0,31.09,,,0,trial
2026-07-04T20:27:06,forecast_hot_humid_bursty_r2,forecast,hot_humid,bursty,2,33.373,33.073,32.873,30.373,25.0,45.0,150.0,,100.0,2.0,31.1,,,0,trial
2026-07-04T20:27:06,forecast_hot_humid_bursty_r2,forecast,hot_humid,bursty,2,33.386,33.086,32.886,30.386,25.0,45.0,150.0,,100.0,2.0,31.1,,,0,trial
2026-07-04T20:27:06,forecast_hot_humid_bursty_r2,forecast,hot_humid,bursty,2,33.399,33.099,32.899,30.399,25.0,45.0,150.0,,100.0,2.0,31.11,,,0,trial
2026-07-04T20:27:06,forecast_hot_humid_bursty_r2,forecast,hot_humid,bursty,2,33.412,33.112,32.912,30.412,25.0,45.0,150.0,,100.0,2.0,31.12,,,0,trial
2026-07-04T20:27:06,forecast_hot_humid_bursty_r2,forecast,hot_humid,bursty,2,33.425,33.125,32.925,30.425,25.0,45.0,150.0,,100.0,2.0,31.12,,,0,trial
2026-07-04T20:27:06,forecast_hot_humid_bursty_r2,forecast,hot_humid,bursty,2,33.438,33.138,32.938,30.438,25.0,45.0,150.0,,100.0,2.0,31.13,,,0,trial
2026-07-04T20:27:06,forecast_hot_humid_bursty_r2,forecast,hot_humid,bursty,2,33.451,33.151,32.951,30.451,25.0,45.0,150.0,,100.0,2.0,31.14,,,0,trial
2026-07-04T20:27:06,forecast_hot_humid_bursty_r2,forecast,hot_humid,bursty,2,33.464,33.164,32.964,30.464,25.0,45.0,150.0,,100.0,2.0,31.14,,,0,trial
2026-07-04T20:27:06,forecast_hot_humid_bursty_r2,forecast,hot_humid,bursty,2,33.477,33.177,32.977,30.477,25.0,45.0,150.0,,100.0,2.0,31.15,,,0,trial
2026-07-04T20:27:06,forecast_hot_humid_bursty_r2,forecast,hot_humid,bursty,2,33.49,33.19,32.99,30.49,25.0,45.0,150.0,,100.0,2.0,31.15,,,0,trial
2026-07-04T20:27:06,forecast_hot_humid_bursty_r2,forecast,hot_humid,bursty,2,33.516,33.216,33.016,30.516,25.0,45.0,150.0,,100.0,2.0,31.16,,,0,trial
2026-07-04T20:27:06,forecast_hot_humid_bursty_r2,forecast,hot_humid,bursty,2,33.529,33.229,33.029,30.529,25.0,45.0,150.0,,100.0,2.0,31.17,,,0,trial
2026-07-04T20:27:06,forecast_hot_humid_bursty_r2,forecast,hot_humid,bursty,2,33.542,33.242,33.042,30.542,25.0,45.0,150.0,,100.0,2.0,31.17,,,0,trial
2026-07-04T20:27:06,forecast_hot_humid_bursty_r2,forecast,hot_humid,bursty,2,33.555,33.255,33.055,30.555,25.0,45.0,150.0,,100.0,2.0,31.18,,,0,trial
2026-07-04T20:27:06,forecast_hot_humid_bursty_r2,forecast,hot_humid,bursty,2,33.568,33.268,33.068,30.568,25.0,45.0,150.0,,100.0,2.0,31.19,,,0,trial
2026-07-04T20:27:06,forecast_hot_humid_bursty_r2,forecast,hot_humid,bursty,2,33.581,33.281,33.081,30.581,25.0,45.0,150.0,,100.0,2.0,31.19,,,0,trial
2026-07-04T20:27:06,forecast_hot_humid_bursty_r2,forecast,hot_humid,bursty,2,33.594,33.294,33.094,30.594,25.0,45.0,150.0,,100.0,2.0,31.2,,,0,trial
2026-07-04T20:27:06,forecast_hot_humid_bursty_r2,forecast,hot_humid,bursty,2,33.607,33.307,33.107,30.607,25.0,45.0,150.0,,100.0,2.0,31.21,,,0,trial
2026-07-04T20:27:06,forecast_hot_humid_bursty_r2,forecast,hot_humid,bursty,2,33.62,33.32,33.12,30.62,25.0,45.0,150.0,,100.0,2.0,31.21,,,0,trial
2026-07-04T20:27:06,forecast_hot_humid_bursty_r2,forecast,hot_humid,bursty,2,33.633,33.333,33.133,30.633,25.0,45.0,150.0,,100.0,2.0,31.22,,,0,trial
2026-07-04T20:27:06,forecast_hot_humid_bursty_r2,forecast,hot_humid,bursty,2,33.646,33.346,33.146,30.646,25.0,45.0,150.0,,100.0,2.0,31.23,,,0,trial
2026-07-04T20:27:06,forecast_hot_humid_bursty_r2,forecast,hot_humid,bursty,2,33.659,33.359,33.159,30.659,25.0,45.0,150.0,,100.0,2.0,31.23,,,0,trial
2026-07-04T20:27:06,forecast_hot_humid_bursty_r2,forecast,hot_humid,bursty,2,33.672,33.372,33.172,30.672,25.0,45.0,150.0,,100.0,2.0,31.24,,,0,trial
2026-07-04T20:27:06,forecast_hot_humid_bursty_r2,forecast,hot_humid,bursty,2,33.685,33.385,33.185,30.685,25.0,45.0,150.0,,100.0,2.0,31.25,,,0,trial
2026-07-04T20:27:06,forecast_hot_humid_bursty_r2,forecast,hot_humid,bursty,2,33.698,33.398,33.198,30.698,25.0,45.0,150.0,,100.0,2.0,31.25,,,0,trial
2026-07-04T20:27:06,forecast_hot_humid_bursty_r2,forecast,hot_humid,bursty,2,33.71,33.41,33.21,30.71,25.0,45.0,150.0,,100.0,2.0,31.26,,,0,trial
2026-07-04T20:27:06,forecast_hot_humid_bursty_r2,forecast,hot_humid,bursty,2,33.723,33.423,33.223,30.723,25.0,45.0,150.0,,100.0,2.0,31.27,,,0,trial
2026-07-04T20:27:06,forecast_hot_humid_bursty_r2,forecast,hot_humid,bursty,2,33.736,33.436,33.236,30.736,25.0,45.0,150.0,,100.0,2.0,31.27,,,0,trial
2026-07-04T20:27:06,forecast_hot_humid_bursty_r2,forecast,hot_humid,bursty,2,33.749,33.449,33.249,30.749,25.0,45.0,150.0,,100.0,2.0,31.28,,,0,trial
2026-07-04T20:27:06,forecast_hot_humid_bursty_r2,forecast,hot_humid,bursty,2,33.762,33.462,33.262,30.762,25.0,45.0,150.0,,100.0,2.0,31.29,,,0,trial
2026-07-04T20:27:06,forecast_hot_humid_bursty_r2,forecast,hot_humid,bursty,2,33.775,33.475,33.275,30.775,25.0,45.0,150.0,,100.0,2.0,31.29,,,0,trial
2026-07-04T20:27:06,forecast_hot_humid_bursty_r2,forecast,hot_humid,bursty,2,33.787,33.487,33.287,30.787,25.0,45.0,150.0,,100.0,2.0,31.3,,,0,trial
2026-07-04T20:27:06,forecast_hot_humid_bursty_r2,forecast,hot_humid,bursty,2,33.8,33.5,33.3,30.8,25.0,45.0,150.0,,100.0,2.0,31.31,,,0,trial
2026-07-04T20:27:06,forecast_hot_humid_bursty_r2,forecast,hot_humid,bursty,2,33.813,33.513,33.313,30.813,25.0,45.0,150.0,,100.0,2.0,31.31,,,0,trial
2026-07-04T20:27:06,forecast_hot_humid_bursty_r2,forecast,hot_humid,bursty,2,33.826,33.526,33.326,30.826,25.0,45.0,150.0,,100.0,2.0,31.32,,,0,trial
2026-07-04T20:27:06,forecast_hot_humid_bursty_r2,forecast,hot_humid,bursty,2,33.839,33.539,33.339,30.839,25.0,45.0,150.0,,100.0,2.0,31.33,,,0,trial
2026-07-04T20:27:06,forecast_hot_humid_bursty_r2,forecast,hot_humid,bursty,2,33.851,33.551,33.351,30.851,25.0,45.0,150.0,,100.0,2.0,31.34,,,0,trial
2026-07-04T20:27:06,forecast_hot_humid_bursty_r2,forecast,hot_humid,bursty,2,33.864,33.564,33.364,30.864,25.0,45.0,150.0,,100.0,2.0,31.34,,,0,trial
2026-07-04T20:27:06,forecast_hot_humid_bursty_r2,forecast,hot_humid,bursty,2,33.877,33.577,33.377,30.877,25.0,45.0,150.0,,100.0,2.0,31.35,,,0,trial
2026-07-04T20:27:06,forecast_hot_humid_bursty_r2,forecast,hot_humid,bursty,2,33.89,33.59,33.39,30.89,25.0,45.0,150.0,,100.0,2.0,31.36,,,0,trial
2026-07-04T20:27:06,forecast_hot_humid_bursty_r2,forecast,hot_humid,bursty,2,33.915,33.615,33.415,30.915,25.0,45.0,150.0,,100.0,2.0,31.36,,,0,trial
2026-07-04T20:27:06,forecast_hot_humid_bursty_r2,forecast,hot_humid,bursty,2,33.928,33.628,33.428,30.928,25.0,45.0,150.0,,100.0,2.0,31.37,,,0,trial
2026-07-04T20:27:06,forecast_hot_humid_bursty_r2,forecast,hot_humid,bursty,2,33.94,33.64,33.44,30.94,25.0,45.0,150.0,,100.0,2.0,31.38,,,0,trial
2026-07-04T20:27:06,forecast_hot_humid_bursty_r2,forecast,hot_humid,bursty,2,33.953,33.653,33.453,30.953,25.0,45.0,150.0,,100.0,2.0,31.39,,,0,trial
2026-07-04T20:27:06,forecast_hot_humid_bursty_r2,forecast,hot_humid,bursty,2,33.966,33.666,33.466,30.966,25.0,45.0,150.0,,100.0,2.0,31.39,,,0,trial
2026-07-04T20:27:06,forecast_hot_humid_bursty_r2,forecast,hot_humid,bursty,2,33.978,33.678,33.478,30.978,25.0,45.0,150.0,,100.0,2.0,31.4,,,0,trial
2026-07-04T20:27:06,forecast_hot_humid_bursty_r2,forecast,hot_humid,bursty,2,33.991,33.691,33.491,30.991,25.0,45.0,150.0,,100.0,2.0,31.41,,,0,trial
2026-07-04T20:27:06,forecast_hot_humid_bursty_r2,forecast,hot_humid,bursty,2,34.004,33.704,33.504,31.004,25.0,45.0,150.0,,100.0,2.0,31.42,,,0,trial
2026-07-04T20:27:06,forecast_hot_humid_bursty_r2,forecast,hot_humid,bursty,2,34.016,33.716,33.516,31.016,25.0,45.0,150.0,,100.0,2.0,31.42,,,0,trial
2026-07-04T20:27:06,forecast_hot_humid_bursty_r2,forecast,hot_humid,bursty,2,34.029,33.729,33.529,31.029,25.0,45.0,150.0,,100.0,2.0,31.43,,,0,trial
2026-07-04T20:27:06,forecast_hot_humid_bursty_r2,forecast,hot_humid,bursty,2,34.042,33.742,33.542,31.042,25.0,45.0,150.0,,100.0,2.0,31.44,,,0,trial
2026-07-04T20:27:06,forecast_hot_humid_bursty_r2,forecast,hot_humid,bursty,2,34.054,33.754,33.554,31.054,25.0,45.0,150.0,,100.0,2.0,31.44,,,0,trial
2026-07-04T20:27:06,forecast_hot_humid_bursty_r2,forecast,hot_humid,bursty,2,34.067,33.767,33.567,31.067,25.0,45.0,150.0,,100.0,2.0,31.45,,,0,trial
2026-07-04T20:27:06,forecast_hot_humid_bursty_r2,forecast,hot_humid,bursty,2,34.079,33.779,33.579,31.079,25.0,45.0,150.0,,100.0,2.0,31.46,,,0,trial
2026-07-04T20:27:06,forecast_hot_humid_bursty_r2,forecast,hot_humid,bursty,2,34.092,33.792,33.592,31.092,25.0,45.0,150.0,,100.0,2.0,31.47,,,0,trial
2026-07-04T20:27:06,forecast_hot_humid_bursty_r2,forecast,hot_humid,bursty,2,34.104,33.804,33.604,31.104,25.0,45.0,150.0,,100.0,2.0,31.48,,,0,trial
2026-07-04T20:27:06,forecast_hot_humid_bursty_r2,forecast,hot_humid,bursty,2,34.117,33.817,33.617,31.117,25.0,45.0,150.0,,100.0,2.0,31.48,,,0,trial
2026-07-04T20:27:06,forecast_hot_humid_bursty_r2,forecast,hot_humid,bursty,2,34.13,33.83,33.63,31.13,25.0,45.0,150.0,,100.0,2.0,31.49,,,0,trial
2026-07-04T20:27:06,forecast_hot_humid_bursty_r2,forecast,hot_humid,bursty,2,34.142,33.842,33.642,31.142,25.0,45.0,150.0,,100.0,2.0,31.5,,,0,trial
2026-07-04T20:27:06,forecast_hot_humid_bursty_r2,forecast,hot_humid,bursty,2,34.155,33.855,33.655,31.155,25.0,45.0,150.0,,100.0,2.0,31.51,,,0,trial
2026-07-04T20:27:06,forecast_hot_humid_bursty_r2,forecast,hot_humid,bursty,2,34.167,33.867,33.667,31.167,25.0,45.0,150.0,,100.0,2.0,31.51,,,0,trial
2026-07-04T20:27:06,forecast_hot_humid_bursty_r2,forecast,hot_humid,bursty,2,34.18,33.88,33.68,31.18,25.0,45.0,150.0,,100.0,2.0,31.52,,,0,trial
2026-07-04T20:27:06,forecast_hot_humid_bursty_r2,forecast,hot_humid,bursty,2,34.192,33.892,33.692,31.192,25.0,45.0,150.0,,100.0,2.0,31.53,,,0,trial
2026-07-04T20:27:06,forecast_hot_humid_bursty_r2,forecast,hot_humid,bursty,2,34.205,33.905,33.705,31.205,25.0,45.0,150.0,,100.0,2.0,31.54,,,0,trial
2026-07-04T20:27:06,forecast_hot_humid_bursty_r2,forecast,hot_humid,bursty,2,34.217,33.917,33.717,31.217,25.0,45.0,150.0,,100.0,2.0,31.55,,,0,trial
2026-07-04T20:27:06,forecast_hot_humid_bursty_r2,forecast,hot_humid,bursty,2,34.23,33.93,33.73,31.23,25.0,45.0,150.0,,100.0,2.0,31.55,,,0,trial
2026-07-04T20:27:06,forecast_hot_humid_bursty_r2,forecast,hot_humid,bursty,2,34.242,33.942,33.742,31.242,25.0,45.0,150.0,,100.0,2.0,31.56,,,0,trial
2026-07-04T20:27:06,forecast_hot_humid_bursty_r2,forecast,hot_humid,bursty,2,34.254,33.954,33.754,31.254,25.0,45.0,150.0,,100.0,2.0,31.57,,,0,trial
2026-07-04T20:27:06,forecast_hot_humid_bursty_r2,forecast,hot_humid,bursty,2,34.267,33.967,33.767,31.267,25.0,45.0,150.0,,100.0,2.0,31.58,,,0,trial
2026-07-04T20:27:06,forecast_hot_humid_bursty_r2,forecast,hot_humid,bursty,2,34.279,33.979,33.779,31.279,25.0,45.0,150.0,,100.0,2.0,31.59,,,0,trial
2026-07-04T20:27:06,forecast_hot_humid_bursty_r2,forecast,hot_humid,bursty,2,34.304,34.004,33.804,31.304,25.0,45.0,150.0,,100.0,2.0,31.59,,,0,trial
2026-07-04T20:27:06,forecast_hot_humid_bursty_r2,forecast,hot_humid,bursty,2,34.316,34.016,33.816,31.316,25.0,45.0,150.0,,100.0,2.0,31.6,,,0,trial
2026-07-04T20:27:06,forecast_hot_humid_bursty_r2,forecast,hot_humid,bursty,2,34.329,34.029,33.829,31.329,25.0,45.0,150.0,,100.0,2.0,31.61,,,0,trial
2026-07-04T20:27:06,forecast_hot_humid_bursty_r2,forecast,hot_humid,bursty,2,34.341,34.041,33.841,31.341,25.0,45.0,150.0,,100.0,2.0,31.62,,,0,trial
2026-07-04T20:27:06,forecast_hot_humid_bursty_r2,forecast,hot_humid,bursty,2,34.354,34.054,33.854,31.354,25.0,45.0,150.0,,100.0,2.0,31.63,,,0,trial
2026-07-04T20:27:06,forecast_hot_humid_bursty_r2,forecast,hot_humid,bursty,2,34.366,34.066,33.866,31.366,25.0,45.0,150.0,,100.0,2.0,31.63,,,0,trial
2026-07-04T20:27:06,forecast_hot_humid_bursty_r2,forecast,hot_humid,bursty,2,34.378,34.078,33.878,31.378,25.0,45.0,150.0,,100.0,2.0,31.64,,,0,trial
2026-07-04T20:27:06,forecast_hot_humid_bursty_r2,forecast,hot_humid,bursty,2,34.391,34.091,33.891,31.391,25.0,45.0,150.0,,100.0,2.0,31.65,,,0,trial
2026-07-04T20:27:06,forecast_hot_humid_bursty_r2,forecast,hot_humid,bursty,2,34.403,34.103,33.903,31.403,25.0,45.0,150.0,,100.0,2.0,31.66,,,0,trial
2026-07-04T20:27:06,forecast_hot_humid_bursty_r2,forecast,hot_humid,bursty,2,34.415,34.115,33.915,31.415,25.0,45.0,150.0,,100.0,2.0,31.67,,,0,trial
2026-07-04T20:27:06,forecast_hot_humid_bursty_r2,forecast,hot_humid,bursty,2,34.428,34.128,33.928,31.428,25.0,45.0,150.0,,100.0,2.0,31.68,,,0,trial
2026-07-04T20:27:06,forecast_hot_humid_bursty_r2,forecast,hot_humid,bursty,2,34.44,34.14,33.94,31.44,25.0,45.0,150.0,,100.0,2.0,31.68,,,0,trial
2026-07-04T20:27:06,forecast_hot_humid_bursty_r2,forecast,hot_humid,bursty,2,34.452,34.152,33.952,31.452,25.0,45.0,150.0,,100.0,2.0,31.69,,,0,trial
2026-07-04T20:27:06,forecast_hot_humid_bursty_r2,forecast,hot_humid,bursty,2,34.464,34.164,33.964,31.464,25.0,45.0,150.0,,100.0,2.0,31.7,,,0,trial
2026-07-04T20:27:06,forecast_hot_humid_bursty_r2,forecast,hot_humid,bursty,2,34.477,34.177,33.977,31.477,25.0,45.0,150.0,,100.0,2.0,31.71,,,0,trial
2026-07-04T20:27:06,forecast_hot_humid_bursty_r2,forecast,hot_humid,bursty,2,34.489,34.189,33.989,31.489,25.0,45.0,150.0,,100.0,2.0,31.72,,,0,trial
2026-07-04T20:27:06,forecast_hot_humid_bursty_r2,forecast,hot_humid,bursty,2,34.501,34.201,34.001,31.501,25.0,45.0,150.0,,100.0,2.0,31.73,,,0,trial
2026-07-04T20:27:06,forecast_hot_humid_bursty_r2,forecast,hot_humid,bursty,2,34.513,34.213,34.013,31.513,25.0,45.0,150.0,,100.0,2.0,31.74,,,0,trial
2026-07-04T20:27:06,forecast_hot_humid_bursty_r2,forecast,hot_humid,bursty,2,34.526,34.226,34.026,31.526,25.0,45.0,150.0,,100.0,2.0,31.74,,,0,trial
2026-07-04T20:27:06,forecast_hot_humid_bursty_r2,forecast,hot_humid,bursty,2,34.538,34.238,34.038,31.538,25.0,45.0,150.0,,100.0,2.0,31.75,,,0,trial
2026-07-04T20:27:06,forecast_hot_humid_bursty_r2,forecast,hot_humid,bursty,2,34.55,34.25,34.05,31.55,25.0,45.0,150.0,,100.0,2.0,31.76,,,0,trial
2026-07-04T20:27:06,forecast_hot_humid_bursty_r2,forecast,hot_humid,bursty,2,34.562,34.262,34.062,31.562,25.0,45.0,150.0,,100.0,2.0,31.77,,,0,trial
2026-07-04T20:27:06,forecast_hot_humid_bursty_r2,forecast,hot_humid,bursty,2,34.574,34.274,34.074,31.574,25.0,45.0,150.0,,100.0,2.0,31.78,,,0,trial
2026-07-04T20:27:06,forecast_hot_humid_bursty_r2,forecast,hot_humid,bursty,2,34.587,34.287,34.087,31.587,25.0,45.0,150.0,,100.0,2.0,31.79,,,0,trial
2026-07-04T20:27:06,forecast_hot_humid_bursty_r2,forecast,hot_humid,bursty,2,34.599,34.299,34.099,31.599,25.0,45.0,150.0,,100.0,2.0,31.8,,,0,trial
2026-07-04T20:27:06,forecast_hot_humid_bursty_r2,forecast,hot_humid,bursty,2,34.611,34.311,34.111,31.611,25.0,45.0,150.0,,100.0,2.0,31.81,,,0,trial
2026-07-04T20:27:06,forecast_hot_humid_bursty_r2,forecast,hot_humid,bursty,2,34.623,34.323,34.123,31.623,25.0,45.0,150.0,,100.0,2.0,31.81,,,0,trial
2026-07-04T20:27:06,forecast_hot_humid_bursty_r2,forecast,hot_humid,bursty,2,34.635,34.335,34.135,31.635,25.0,45.0,150.0,,100.0,2.0,31.82,,,0,trial
2026-07-04T20:27:06,forecast_hot_humid_bursty_r2,forecast,hot_humid,bursty,2,34.647,34.347,34.147,31.647,25.0,45.0,150.0,,100.0,2.0,31.83,,,0,trial
2026-07-04T20:27:06,forecast_hot_humid_bursty_r2,forecast,hot_humid,bursty,2,34.659,34.359,34.159,31.659,25.0,45.0,150.0,,100.0,2.0,31.84,,,0,trial
2026-07-04T20:27:06,forecast_hot_humid_bursty_r2,forecast,hot_humid,bursty,2,34.684,34.384,34.184,31.684,25.0,45.0,150.0,,100.0,2.0,31.85,,,0,trial
2026-07-04T20:27:06,forecast_hot_humid_bursty_r2,forecast,hot_humid,bursty,2,34.696,34.396,34.196,31.696,25.0,45.0,150.0,,100.0,2.0,31.86,,,0,trial
2026-07-04T20:27:06,forecast_hot_humid_bursty_r2,forecast,hot_humid,bursty,2,34.708,34.408,34.208,31.708,25.0,45.0,150.0,,100.0,2.0,31.87,,,0,trial
2026-07-04T20:27:06,forecast_hot_humid_bursty_r2,forecast,hot_humid,bursty,2,34.72,34.42,34.22,31.72,25.0,45.0,150.0,,100.0,2.0,31.88,,,0,trial
2026-07-04T20:27:06,forecast_hot_humid_bursty_r2,forecast,hot_humid,bursty,2,34.732,34.432,34.232,31.732,25.0,45.0,150.0,,100.0,2.0,31.89,,,0,trial
2026-07-04T20:27:06,forecast_hot_humid_bursty_r2,forecast,hot_humid,bursty,2,34.744,34.444,34.244,31.744,25.0,45.0,150.0,,100.0,2.0,31.89,,,0,trial
2026-07-04T20:27:06,forecast_hot_humid_bursty_r2,forecast,hot_humid,bursty,2,34.756,34.456,34.256,31.756,25.0,45.0,150.0,,100.0,2.0,31.9,,,0,trial
2026-07-04T20:27:06,forecast_hot_humid_bursty_r2,forecast,hot_humid,bursty,2,34.768,34.468,34.268,31.768,25.0,45.0,150.0,,100.0,2.0,31.91,,,0,trial
2026-07-04T20:27:06,forecast_hot_humid_bursty_r2,forecast,hot_humid,bursty,2,34.78,34.48,34.28,31.78,25.0,45.0,150.0,,100.0,2.0,31.92,,,0,trial
2026-07-04T20:27:06,forecast_hot_humid_bursty_r2,forecast,hot_humid,bursty,2,34.792,34.492,34.292,31.792,25.0,45.0,150.0,,100.0,2.0,31.93,,,0,trial
2026-07-04T20:27:06,forecast_hot_humid_bursty_r2,forecast,hot_humid,bursty,2,34.804,34.504,34.304,31.804,25.0,45.0,150.0,,100.0,2.0,31.94,,,0,trial
2026-07-04T20:27:06,forecast_hot_humid_bursty_r2,forecast,hot_humid,bursty,2,34.816,34.516,34.316,31.816,25.0,45.0,150.0,,100.0,2.0,31.95,,,0,trial
2026-07-04T20:27:06,forecast_hot_humid_bursty_r2,forecast,hot_humid,bursty,2,34.828,34.528,34.328,31.828,25.0,45.0,150.0,,100.0,2.0,31.96,,,0,trial
2026-07-04T20:27:06,forecast_hot_humid_bursty_r2,forecast,hot_humid,bursty,2,34.84,34.54,34.34,31.84,25.0,45.0,150.0,,100.0,2.0,31.97,,,0,trial
2026-07-04T20:27:06,forecast_hot_humid_bursty_r2,forecast,hot_humid,bursty,2,34.852,34.552,34.352,31.852,25.0,45.0,150.0,,100.0,2.0,31.98,,,0,trial
2026-07-04T20:27:06,forecast_hot_humid_bursty_r2,forecast,hot_humid,bursty,2,34.864,34.564,34.364,31.864,25.0,45.0,150.0,,100.0,2.0,31.99,,,0,trial
2026-07-04T20:27:06,forecast_hot_humid_bursty_r2,forecast,hot_humid,bursty,2,34.876,34.576,34.376,31.876,25.0,45.0,150.0,,100.0,2.0,32.0,,,0,trial
2026-07-04T20:27:06,forecast_hot_humid_bursty_r2,forecast,hot_humid,bursty,2,34.888,34.588,34.388,31.888,25.0,45.0,150.0,,100.0,2.0,32.01,,,0,trial
2026-07-04T20:27:06,forecast_hot_humid_bursty_r2,forecast,hot_humid,bursty,2,34.9,34.6,34.4,31.9,25.0,45.0,150.0,,100.0,2.0,32.02,,,0,trial
2026-07-04T20:27:06,forecast_hot_humid_bursty_r2,forecast,hot_humid,bursty,2,34.912,34.612,34.412,31.912,25.0,45.0,150.0,,100.0,2.0,32.03,,,0,trial
2026-07-04T20:27:06,forecast_hot_humid_bursty_r2,forecast,hot_humid,bursty,2,34.924,34.624,34.424,31.924,25.0,45.0,150.0,,100.0,2.0,32.04,,,0,trial
2026-07-04T20:27:06,forecast_hot_humid_bursty_r2,forecast,hot_humid,bursty,2,34.936,34.636,34.436,31.936,25.0,45.0,150.0,,100.0,2.0,32.04,,,0,trial
2026-07-04T20:27:06,forecast_hot_humid_bursty_r2,forecast,hot_humid,bursty,2,34.948,34.648,34.448,31.948,25.0,45.0,150.0,,100.0,2.0,32.05,,,0,trial
2026-07-04T20:27:06,forecast_hot_humid_bursty_r2,forecast,hot_humid,bursty,2,34.959,34.659,34.459,31.959,25.0,45.0,150.0,,100.0,2.0,32.06,,,0,trial
2026-07-04T20:27:06,forecast_hot_humid_bursty_r2,forecast,hot_humid,bursty,2,34.971,34.671,34.471,31.971,25.0,45.0,150.0,,100.0,2.0,32.07,,,0,trial
2026-07-04T20:27:06,forecast_hot_humid_bursty_r2,forecast,hot_humid,bursty,2,34.983,34.683,34.483,31.983,25.0,45.0,150.0,,100.0,2.0,32.08,,,0,trial
2026-07-04T20:27:06,forecast_hot_humid_bursty_r2,forecast,hot_humid,bursty,2,34.995,34.695,34.495,31.995,25.0,45.0,150.0,,100.0,2.0,32.09,,,0,trial
2026-07-04T20:27:06,forecast_hot_humid_bursty_r2,forecast,hot_humid,bursty,2,35.007,34.707,34.507,32.007,25.0,45.0,150.0,,100.0,2.0,32.1,,,0,trial
2026-07-04T20:27:06,forecast_hot_humid_bursty_r2,forecast,hot_humid,bursty,2,35.019,34.719,34.519,32.019,25.0,45.0,150.0,,100.0,2.0,32.11,,,0,trial
2026-07-04T20:27:06,forecast_hot_humid_bursty_r2,forecast,hot_humid,bursty,2,35.031,34.731,34.531,32.031,25.0,45.0,150.0,,100.0,2.0,32.12,,,0,trial
2026-07-04T20:27:06,forecast_hot_humid_bursty_r2,forecast,hot_humid,bursty,2,35.054,34.754,34.554,32.054,25.0,45.0,150.0,,100.0,2.0,32.13,,,0,trial
2026-07-04T20:27:06,forecast_hot_humid_bursty_r2,forecast,hot_humid,bursty,2,35.066,34.766,34.566,32.066,25.0,45.0,150.0,,100.0,2.0,32.14,,,0,trial
2026-07-04T20:27:06,forecast_hot_humid_bursty_r2,forecast,hot_humid,bursty,2,35.078,34.778,34.578,32.078,25.0,45.0,150.0,,100.0,2.0,32.15,,,0,trial
2026-07-04T20:27:06,forecast_hot_humid_bursty_r2,forecast,hot_humid,bursty,2,35.09,34.79,34.59,32.09,25.0,45.0,150.0,,100.0,2.0,32.16,,,0,trial
2026-07-04T20:27:06,forecast_hot_humid_bursty_r2,forecast,hot_humid,bursty,2,35.101,34.801,34.601,32.101,25.0,45.0,150.0,,100.0,2.0,32.17,,,0,trial
2026-07-04T20:27:06,forecast_hot_humid_bursty_r2,forecast,hot_humid,bursty,2,35.113,34.813,34.613,32.113,25.0,45.0,150.0,,100.0,2.0,32.18,,,0,trial
2026-07-04T20:27:06,forecast_hot_humid_bursty_r2,forecast,hot_humid,bursty,2,35.125,34.825,34.625,32.125,25.0,45.0,150.0,,100.0,2.0,32.19,,,0,trial
2026-07-04T20:27:06,forecast_hot_humid_bursty_r2,forecast,hot_humid,bursty,2,35.137,34.837,34.637,32.137,25.0,45.0,150.0,,100.0,2.0,32.2,,,0,trial
2026-07-04T20:27:06,forecast_hot_humid_bursty_r2,forecast,hot_humid,bursty,2,35.148,34.848,34.648,32.148,25.0,45.0,150.0,,100.0,2.0,32.21,,,0,trial
2026-07-04T20:27:06,forecast_hot_humid_bursty_r2,forecast,hot_humid,bursty,2,35.16,34.86,34.66,32.16,25.0,45.0,150.0,,100.0,2.0,32.22,,,0,trial
2026-07-04T20:27:06,forecast_hot_humid_bursty_r2,forecast,hot_humid,bursty,2,35.172,34.872,34.672,32.172,25.0,45.0,150.0,,100.0,2.0,32.23,,,0,trial
2026-07-04T20:27:06,forecast_hot_humid_bursty_r2,forecast,hot_humid,bursty,2,35.183,34.883,34.683,32.183,25.0,45.0,150.0,,100.0,2.0,32.24,,,0,trial
2026-07-04T20:27:06,forecast_hot_humid_bursty_r2,forecast,hot_humid,bursty,2,35.195,34.895,34.695,32.195,25.0,45.0,150.0,,100.0,2.0,32.25,,,0,trial
2026-07-04T20:27:06,forecast_hot_humid_bursty_r2,forecast,hot_humid,bursty,2,35.207,34.907,34.707,32.207,25.0,45.0,150.0,,100.0,2.0,32.26,,,0,trial
2026-07-04T20:27:06,forecast_hot_humid_bursty_r2,forecast,hot_humid,bursty,2,35.218,34.918,34.718,32.218,25.0,45.0,150.0,,100.0,2.0,32.27,,,0,trial
2026-07-04T20:27:06,forecast_hot_humid_bursty_r2,forecast,hot_humid,bursty,2,35.23,34.93,34.73,32.23,25.0,45.0,150.0,,100.0,2.0,32.28,,,0,trial
2026-07-04T20:27:06,forecast_hot_humid_bursty_r2,forecast,hot_humid,bursty,2,35.242,34.942,34.742,32.242,25.0,45.0,150.0,,100.0,2.0,32.29,,,0,trial
2026-07-04T20:27:06,forecast_hot_humid_bursty_r2,forecast,hot_humid,bursty,2,35.253,34.953,34.753,32.253,25.0,45.0,150.0,,100.0,2.0,32.3,,,0,trial
2026-07-04T20:27:06,forecast_hot_humid_bursty_r2,forecast,hot_humid,bursty,2,35.265,34.965,34.765,32.265,25.0,45.0,150.0,,100.0,2.0,32.31,,,0,trial
2026-07-04T20:27:06,forecast_hot_humid_bursty_r2,forecast,hot_humid,bursty,2,35.277,34.977,34.777,32.277,25.0,45.0,150.0,,100.0,2.0,32.32,,,0,trial
2026-07-04T20:27:06,forecast_hot_humid_bursty_r2,forecast,hot_humid,bursty,2,35.288,34.988,34.788,32.288,25.0,45.0,150.0,,100.0,2.0,32.34,,,0,trial
2026-07-04T20:27:06,forecast_hot_humid_bursty_r2,forecast,hot_humid,bursty,2,35.3,35.0,34.8,32.3,25.0,45.0,150.0,,100.0,2.0,32.35,,,0,trial
2026-07-04T20:27:06,forecast_hot_humid_bursty_r2,forecast,hot_humid,bursty,2,35.312,35.012,34.812,32.312,25.0,45.0,150.0,,100.0,2.0,32.36,,,0,trial
2026-07-04T20:27:06,forecast_hot_humid_bursty_r2,forecast,hot_humid,bursty,2,35.323,35.023,34.823,32.323,25.0,45.0,150.0,,100.0,2.0,32.37,,,0,trial
2026-07-04T20:27:06,forecast_hot_humid_bursty_r2,forecast,hot_humid,bursty,2,35.335,35.035,34.835,32.335,25.0,45.0,150.0,,100.0,2.0,32.38,,,0,trial
2026-07-04T20:27:06,forecast_hot_humid_bursty_r2,forecast,hot_humid,bursty,2,35.346,35.046,34.846,32.346,25.0,45.0,150.0,,100.0,2.0,32.39,,,0,trial
2026-07-04T20:27:06,forecast_hot_humid_bursty_r2,forecast,hot_humid,bursty,2,35.358,35.058,34.858,32.358,25.0,45.0,150.0,,100.0,2.0,32.4,,,0,trial
2026-07-04T20:27:06,forecast_hot_humid_bursty_r2,forecast,hot_humid,bursty,2,35.369,35.069,34.869,32.369,25.0,45.0,150.0,,100.0,2.0,32.41,,,0,trial
2026-07-04T20:27:06,forecast_hot_humid_bursty_r2,forecast,hot_humid,bursty,2,35.381,35.081,34.881,32.381,25.0,45.0,150.0,,100.0,2.0,32.42,,,0,trial
2026-07-04T20:27:06,forecast_hot_humid_bursty_r2,forecast,hot_humid,bursty,2,35.393,35.093,34.893,32.393,25.0,45.0,150.0,,100.0,2.0,32.43,,,0,trial
2026-07-04T20:27:06,forecast_hot_humid_bursty_r2,forecast,hot_humid,bursty,2,35.416,35.116,34.916,32.416,25.0,45.0,150.0,,100.0,2.0,32.44,,,0,trial
2026-07-04T20:27:06,forecast_hot_humid_bursty_r2,forecast,hot_humid,bursty,2,35.427,35.127,34.927,32.427,25.0,45.0,150.0,,100.0,2.0,32.45,,,0,trial
2026-07-04T20:27:06,forecast_hot_humid_bursty_r2,forecast,hot_humid,bursty,2,35.439,35.139,34.939,32.439,25.0,45.0,150.0,,100.0,2.0,32.46,,,0,trial
2026-07-04T20:27:06,forecast_hot_humid_bursty_r2,forecast,hot_humid,bursty,2,35.45,35.15,34.95,32.45,25.0,45.0,150.0,,100.0,2.0,32.47,,,0,trial
2026-07-04T20:27:06,forecast_hot_humid_bursty_r2,forecast,hot_humid,bursty,2,35.462,35.162,34.962,32.462,25.0,45.0,150.0,,100.0,2.0,32.48,,,0,trial
2026-07-04T20:27:06,forecast_hot_humid_bursty_r2,forecast,hot_humid,bursty,2,35.473,35.173,34.973,32.473,25.0,45.0,150.0,,100.0,2.0,32.49,,,0,trial
2026-07-04T20:27:06,forecast_hot_humid_bursty_r2,forecast,hot_humid,bursty,2,35.485,35.185,34.985,32.485,25.0,45.0,150.0,,100.0,2.0,32.51,,,0,trial
2026-07-04T20:27:06,forecast_hot_humid_bursty_r2,forecast,hot_humid,bursty,2,35.496,35.196,34.996,32.496,25.0,45.0,150.0,,100.0,2.0,32.52,,,0,trial
2026-07-04T20:27:06,forecast_hot_humid_bursty_r2,forecast,hot_humid,bursty,2,35.507,35.207,35.007,32.507,25.0,45.0,150.0,,100.0,2.0,32.53,,,0,trial
2026-07-04T20:27:06,forecast_hot_humid_bursty_r2,forecast,hot_humid,bursty,2,35.519,35.219,35.019,32.519,25.0,45.0,150.0,,100.0,2.0,32.54,,,0,trial
2026-07-04T20:27:06,forecast_hot_humid_bursty_r2,forecast,hot_humid,bursty,2,35.53,35.23,35.03,32.53,25.0,45.0,150.0,,100.0,2.0,32.55,,,0,trial
2026-07-04T20:27:06,forecast_hot_humid_bursty_r2,forecast,hot_humid,bursty,2,35.542,35.242,35.042,32.542,25.0,45.0,150.0,,100.0,2.0,32.56,,,0,trial
2026-07-04T20:27:06,forecast_hot_humid_bursty_r2,forecast,hot_humid,bursty,2,35.553,35.253,35.053,32.553,25.0,45.0,150.0,,100.0,2.0,32.57,,,0,trial
2026-07-04T20:27:06,forecast_hot_humid_bursty_r2,forecast,hot_humid,bursty,2,35.565,35.265,35.065,32.565,25.0,45.0,150.0,,100.0,2.0,32.58,,,0,trial
2026-07-04T20:27:06,forecast_hot_humid_bursty_r2,forecast,hot_humid,bursty,2,35.576,35.276,35.076,32.576,25.0,45.0,150.0,,100.0,2.0,32.59,,,0,trial
2026-07-04T20:27:06,forecast_hot_humid_bursty_r2,forecast,hot_humid,bursty,2,35.587,35.287,35.087,32.587,25.0,45.0,150.0,,100.0,2.0,32.6,,,0,trial
2026-07-04T20:27:06,forecast_hot_humid_bursty_r2,forecast,hot_humid,bursty,2,35.599,35.299,35.099,32.599,25.0,45.0,150.0,,100.0,2.0,32.61,,,0,trial
2026-07-04T20:27:06,forecast_hot_humid_bursty_r2,forecast,hot_humid,bursty,2,35.61,35.31,35.11,32.61,25.0,45.0,150.0,,100.0,2.0,32.63,,,0,trial
2026-07-04T20:27:06,forecast_hot_humid_bursty_r2,forecast,hot_humid,bursty,2,35.621,35.321,35.121,32.621,25.0,45.0,150.0,,100.0,2.0,32.64,,,0,trial
2026-07-04T20:27:06,forecast_hot_humid_bursty_r2,forecast,hot_humid,bursty,2,35.633,35.333,35.133,32.633,25.0,45.0,150.0,,100.0,2.0,32.65,,,0,trial
2026-07-04T20:27:06,forecast_hot_humid_bursty_r2,forecast,hot_humid,bursty,2,35.644,35.344,35.144,32.644,25.0,45.0,150.0,,100.0,2.0,32.66,,,0,trial
2026-07-04T20:27:06,forecast_hot_humid_bursty_r2,forecast,hot_humid,bursty,2,35.656,35.356,35.156,32.656,25.0,45.0,150.0,,100.0,2.0,32.67,,,0,trial
2026-07-04T20:27:06,forecast_hot_humid_bursty_r2,forecast,hot_humid,bursty,2,35.667,35.367,35.167,32.667,25.0,45.0,150.0,,100.0,2.0,32.68,,,0,trial
2026-07-04T20:27:06,forecast_hot_humid_bursty_r2,forecast,hot_humid,bursty,2,35.678,35.378,35.178,32.678,25.0,45.0,150.0,,100.0,2.0,32.69,,,0,trial
2026-07-04T20:27:06,forecast_hot_humid_bursty_r2,forecast,hot_humid,bursty,2,35.689,35.389,35.189,32.689,25.0,45.0,150.0,,100.0,2.0,32.7,,,0,trial
2026-07-04T20:27:06,forecast_hot_humid_bursty_r2,forecast,hot_humid,bursty,2,35.701,35.401,35.201,32.701,25.0,45.0,150.0,,100.0,2.0,32.72,,,0,trial
2026-07-04T20:27:06,forecast_hot_humid_bursty_r2,forecast,hot_humid,bursty,2,35.712,35.412,35.212,32.712,25.0,45.0,150.0,,100.0,2.0,32.73,,,0,trial
2026-07-04T20:27:06,forecast_hot_humid_bursty_r2,forecast,hot_humid,bursty,2,35.723,35.423,35.223,32.723,25.0,45.0,150.0,,100.0,2.0,32.74,,,0,trial
2026-07-04T20:27:06,forecast_hot_humid_bursty_r2,forecast,hot_humid,bursty,2,35.735,35.435,35.235,32.735,25.0,45.0,150.0,,100.0,2.0,32.75,,,0,trial
2026-07-04T20:27:06,forecast_hot_humid_bursty_r2,forecast,hot_humid,bursty,2,35.746,35.446,35.246,32.746,25.0,45.0,150.0,,100.0,2.0,32.76,,,0,trial
2026-07-04T20:27:06,forecast_hot_humid_bursty_r2,forecast,hot_humid,bursty,2,35.768,35.468,35.268,32.768,25.0,45.0,150.0,,100.0,2.0,32.77,,,0,trial
2026-07-04T20:27:06,forecast_hot_humid_bursty_r2,forecast,hot_humid,bursty,2,35.78,35.48,35.28,32.78,25.0,45.0,150.0,,100.0,2.0,32.78,,,0,trial
2026-07-04T20:27:06,forecast_hot_humid_bursty_r2,forecast,hot_humid,bursty,2,35.791,35.491,35.291,32.791,25.0,45.0,150.0,,100.0,2.0,32.8,,,0,trial
2026-07-04T20:27:06,forecast_hot_humid_bursty_r2,forecast,hot_humid,bursty,2,35.802,35.502,35.302,32.802,25.0,45.0,150.0,,100.0,2.0,32.81,,,0,trial
2026-07-04T20:27:06,forecast_hot_humid_bursty_r2,forecast,hot_humid,bursty,2,35.813,35.513,35.313,32.813,25.0,45.0,150.0,,100.0,2.0,32.82,,,0,trial
2026-07-04T20:27:06,forecast_hot_humid_bursty_r2,forecast,hot_humid,bursty,2,35.824,35.524,35.324,32.824,25.0,45.0,150.0,,100.0,2.0,32.83,,,0,trial
2026-07-04T20:27:06,forecast_hot_humid_bursty_r2,forecast,hot_humid,bursty,2,35.836,35.536,35.336,32.836,25.0,45.0,150.0,,100.0,2.0,32.84,,,0,trial
2026-07-04T20:27:06,forecast_hot_humid_bursty_r2,forecast,hot_humid,bursty,2,35.847,35.547,35.347,32.847,25.0,45.0,150.0,,100.0,2.0,32.85,,,0,trial
2026-07-04T20:27:06,forecast_hot_humid_bursty_r2,forecast,hot_humid,bursty,2,35.858,35.558,35.358,32.858,25.0,45.0,150.0,,100.0,2.0,32.86,,,0,trial
2026-07-04T20:27:06,forecast_hot_humid_bursty_r2,forecast,hot_humid,bursty,2,35.869,35.569,35.369,32.869,25.0,45.0,150.0,,100.0,2.0,32.88,,,0,trial
2026-07-04T20:27:06,forecast_hot_humid_bursty_r2,forecast,hot_humid,bursty,2,35.88,35.58,35.38,32.88,25.0,45.0,150.0,,100.0,2.0,32.89,,,0,trial
2026-07-04T20:27:06,forecast_hot_humid_bursty_r2,forecast,hot_humid,bursty,2,35.891,35.591,35.391,32.891,25.0,45.0,150.0,,100.0,2.0,32.9,,,0,trial
2026-07-04T20:27:06,forecast_hot_humid_bursty_r2,forecast,hot_humid,bursty,2,35.903,35.603,35.403,32.903,25.0,45.0,150.0,,100.0,2.0,32.91,,,0,trial
2026-07-04T20:27:06,forecast_hot_humid_bursty_r2,forecast,hot_humid,bursty,2,35.914,35.614,35.414,32.914,25.0,45.0,150.0,,100.0,2.0,32.92,,,0,trial
2026-07-04T20:27:06,forecast_hot_humid_bursty_r2,forecast,hot_humid,bursty,2,35.925,35.625,35.425,32.925,25.0,45.0,150.0,,100.0,2.0,32.93,,,0,trial
2026-07-04T20:27:06,forecast_hot_humid_bursty_r2,forecast,hot_humid,bursty,2,35.936,35.636,35.436,32.936,25.0,45.0,150.0,,100.0,2.0,32.95,,,0,trial
2026-07-04T20:27:06,forecast_hot_humid_bursty_r2,forecast,hot_humid,bursty,2,35.947,35.647,35.447,32.947,25.0,45.0,150.0,,100.0,2.0,32.96,,,0,trial
2026-07-04T20:27:06,forecast_hot_humid_bursty_r2,forecast,hot_humid,bursty,2,35.958,35.658,35.458,32.958,25.0,45.0,150.0,,100.0,2.0,32.97,,,0,trial
2026-07-04T20:27:06,forecast_hot_humid_bursty_r2,forecast,hot_humid,bursty,2,35.969,35.669,35.469,32.969,25.0,45.0,150.0,,100.0,2.0,32.98,,,0,trial
2026-07-04T20:27:06,forecast_hot_humid_bursty_r2,forecast,hot_humid,bursty,2,35.98,35.68,35.48,32.98,25.0,45.0,150.0,,100.0,2.0,32.99,,,0,trial
2026-07-04T20:27:06,forecast_hot_humid_bursty_r2,forecast,hot_humid,bursty,2,35.991,35.691,35.491,32.991,25.0,45.0,150.0,,100.0,2.0,33.01,,,0,trial
2026-07-04T20:27:06,forecast_hot_humid_bursty_r2,forecast,hot_humid,bursty,2,36.002,35.702,35.502,33.002,25.0,45.0,150.0,,100.0,2.0,33.02,,,0,trial
2026-07-04T20:27:06,forecast_hot_humid_bursty_r2,forecast,hot_humid,bursty,2,36.013,35.713,35.513,33.013,25.0,45.0,150.0,,100.0,2.0,33.03,,,0,trial
2026-07-04T20:27:06,forecast_hot_humid_bursty_r2,forecast,hot_humid,bursty,2,36.025,35.725,35.525,33.025,25.0,45.0,150.0,,100.0,2.0,33.04,,,0,trial
2026-07-04T20:27:06,forecast_hot_humid_bursty_r2,forecast,hot_humid,bursty,2,36.036,35.736,35.536,33.036,25.0,45.0,150.0,,100.0,2.0,33.05,,,0,trial
2026-07-04T20:27:06,forecast_hot_humid_bursty_r2,forecast,hot_humid,bursty,2,36.047,35.747,35.547,33.047,25.0,45.0,150.0,,100.0,2.0,33.07,,,0,trial
2026-07-04T20:27:06,forecast_hot_humid_bursty_r2,forecast,hot_humid,bursty,2,36.058,35.758,35.558,33.058,25.0,45.0,150.0,,100.0,2.0,33.08,,,0,trial
2026-07-04T20:27:06,forecast_hot_humid_bursty_r2,forecast,hot_humid,bursty,2,36.069,35.769,35.569,33.069,25.0,45.0,150.0,,100.0,2.0,33.09,,,0,trial
2026-07-04T20:27:06,forecast_hot_humid_bursty_r2,forecast,hot_humid,bursty,2,36.08,35.78,35.58,33.08,25.0,45.0,150.0,,100.0,2.0,33.1,,,0,trial
2026-07-04T20:27:06,forecast_hot_humid_bursty_r2,forecast,hot_humid,bursty,2,36.091,35.791,35.591,33.091,25.0,45.0,150.0,,100.0,2.0,33.11,,,0,trial
2026-07-04T20:27:06,forecast_hot_humid_bursty_r2,forecast,hot_humid,bursty,2,36.113,35.813,35.613,33.113,25.0,45.0,150.0,,100.0,2.0,33.13,,,0,trial
2026-07-04T20:27:06,forecast_hot_humid_bursty_r2,forecast,hot_humid,bursty,2,36.124,35.824,35.624,33.124,25.0,45.0,150.0,,100.0,2.0,33.14,,,0,trial
2026-07-04T20:27:06,forecast_hot_humid_bursty_r2,forecast,hot_humid,bursty,2,36.134,35.834,35.634,33.134,25.0,45.0,150.0,,100.0,2.0,33.15,,,0,trial
2026-07-04T20:27:06,forecast_hot_humid_bursty_r2,forecast,hot_humid,bursty,2,36.145,35.845,35.645,33.145,25.0,45.0,150.0,,100.0,2.0,33.16,,,0,trial
2026-07-04T20:27:06,forecast_hot_humid_bursty_r2,forecast,hot_humid,bursty,2,36.156,35.856,35.656,33.156,25.0,45.0,150.0,,100.0,2.0,33.17,,,0,trial
2026-07-04T20:27:06,forecast_hot_humid_bursty_r2,forecast,hot_humid,bursty,2,36.167,35.867,35.667,33.167,25.0,45.0,150.0,,100.0,2.0,33.19,,,0,trial
2026-07-04T20:27:06,forecast_hot_humid_bursty_r2,forecast,hot_humid,bursty,2,36.178,35.878,35.678,33.178,25.0,45.0,150.0,,100.0,2.0,33.2,,,0,trial
2026-07-04T20:27:06,forecast_hot_humid_bursty_r2,forecast,hot_humid,bursty,2,36.189,35.889,35.689,33.189,25.0,45.0,150.0,,100.0,2.0,33.21,,,0,trial
2026-07-04T20:27:06,forecast_hot_humid_bursty_r2,forecast,hot_humid,bursty,2,36.2,35.9,35.7,33.2,25.0,45.0,150.0,,100.0,2.0,33.22,,,0,trial
2026-07-04T20:27:06,forecast_hot_humid_bursty_r2,forecast,hot_humid,bursty,2,36.211,35.911,35.711,33.211,25.0,45.0,150.0,,100.0,2.0,33.24,,,0,trial
2026-07-04T20:27:06,forecast_hot_humid_bursty_r2,forecast,hot_humid,bursty,2,36.222,35.922,35.722,33.222,25.0,45.0,150.0,,100.0,2.0,33.25,,,0,trial
2026-07-04T20:27:06,forecast_hot_humid_bursty_r2,forecast,hot_humid,bursty,2,36.233,35.933,35.733,33.233,25.0,45.0,150.0,,100.0,2.0,33.26,,,0,trial
2026-07-04T20:27:06,forecast_hot_humid_bursty_r2,forecast,hot_humid,bursty,2,36.244,35.944,35.744,33.244,25.0,45.0,150.0,,100.0,2.0,33.27,,,0,trial
2026-07-04T20:27:06,forecast_hot_humid_bursty_r2,forecast,hot_humid,bursty,2,36.254,35.954,35.754,33.254,25.0,45.0,150.0,,100.0,2.0,33.28,,,0,trial
2026-07-04T20:27:06,forecast_hot_humid_bursty_r2,forecast,hot_humid,bursty,2,36.265,35.965,35.765,33.265,25.0,45.0,150.0,,100.0,2.0,33.3,,,0,trial
2026-07-04T20:27:06,forecast_hot_humid_bursty_r2,forecast,hot_humid,bursty,2,36.276,35.976,35.776,33.276,25.0,45.0,150.0,,100.0,2.0,33.31,,,0,trial
2026-07-04T20:27:06,forecast_hot_humid_bursty_r2,forecast,hot_humid,bursty,2,36.287,35.987,35.787,33.287,25.0,45.0,150.0,,100.0,2.0,33.32,,,0,trial
2026-07-04T20:27:06,forecast_hot_humid_bursty_r2,forecast,hot_humid,bursty,2,36.298,35.998,35.798,33.298,25.0,45.0,150.0,,100.0,2.0,33.33,,,0,trial
2026-07-04T20:27:06,forecast_hot_humid_bursty_r2,forecast,hot_humid,bursty,2,36.309,36.009,35.809,33.309,25.0,45.0,150.0,,100.0,2.0,33.35,,,0,trial
2026-07-04T20:27:06,forecast_hot_humid_bursty_r2,forecast,hot_humid,bursty,2,36.319,36.019,35.819,33.319,25.0,45.0,150.0,,100.0,2.0,33.36,,,0,trial
2026-07-04T20:27:06,forecast_hot_humid_bursty_r2,forecast,hot_humid,bursty,2,36.33,36.03,35.83,33.33,25.0,45.0,150.0,,100.0,2.0,33.37,,,0,trial
2026-07-04T20:27:06,forecast_hot_humid_bursty_r2,forecast,hot_humid,bursty,2,36.341,36.041,35.841,33.341,25.0,45.0,150.0,,100.0,2.0,33.38,,,0,trial
2026-07-04T20:27:06,forecast_hot_humid_bursty_r2,forecast,hot_humid,bursty,2,36.352,36.052,35.852,33.352,25.0,45.0,150.0,,100.0,2.0,33.4,,,0,trial
2026-07-04T20:27:06,forecast_hot_humid_bursty_r2,forecast,hot_humid,bursty,2,36.363,36.063,35.863,33.363,25.0,45.0,150.0,,100.0,2.0,33.41,,,0,trial
2026-07-04T20:27:06,forecast_hot_humid_bursty_r2,forecast,hot_humid,bursty,2,36.373,36.073,35.873,33.373,25.0,45.0,150.0,,100.0,2.0,33.42,,,0,trial
2026-07-04T20:27:06,forecast_hot_humid_bursty_r2,forecast,hot_humid,bursty,2,36.384,36.084,35.884,33.384,25.0,45.0,150.0,,100.0,2.0,33.43,,,0,trial
2026-07-04T20:27:06,forecast_hot_humid_bursty_r2,forecast,hot_humid,bursty,2,36.395,36.095,35.895,33.395,25.0,45.0,150.0,,100.0,2.0,33.45,,,0,trial
2026-07-04T20:27:06,forecast_hot_humid_bursty_r2,forecast,hot_humid,bursty,2,36.406,36.106,35.906,33.406,25.0,45.0,150.0,,100.0,2.0,33.46,,,0,trial
2026-07-04T20:27:06,forecast_hot_humid_bursty_r2,forecast,hot_humid,bursty,2,36.416,36.116,35.916,33.416,25.0,45.0,150.0,,100.0,2.0,33.47,,,0,trial
2026-07-04T20:27:06,forecast_hot_humid_bursty_r2,forecast,hot_humid,bursty,2,36.427,36.127,35.927,33.427,25.0,45.0,150.0,,100.0,2.0,33.48,,,0,trial
2026-07-04T20:27:06,forecast_hot_humid_bursty_r2,forecast,hot_humid,bursty,2,36.448,36.148,35.948,33.448,25.0,45.0,150.0,,100.0,2.0,33.5,,,0,trial
2026-07-04T20:27:06,forecast_hot_humid_bursty_r2,forecast,hot_humid,bursty,2,36.459,36.159,35.959,33.459,25.0,45.0,150.0,,100.0,2.0,33.51,,,0,trial
2026-07-04T20:27:06,forecast_hot_humid_bursty_r2,forecast,hot_humid,bursty,2,36.47,36.17,35.97,33.47,25.0,45.0,150.0,,100.0,2.0,33.52,,,0,trial
2026-07-04T20:27:06,forecast_hot_humid_bursty_r2,forecast,hot_humid,bursty,2,36.481,36.181,35.981,33.481,25.0,45.0,150.0,,100.0,2.0,33.53,,,0,trial
2026-07-04T20:27:06,forecast_hot_humid_bursty_r2,forecast,hot_humid,bursty,2,36.491,36.191,35.991,33.491,25.0,45.0,150.0,,100.0,2.0,33.55,,,0,trial
2026-07-04T20:27:06,forecast_hot_humid_bursty_r2,forecast,hot_humid,bursty,2,36.502,36.202,36.002,33.502,25.0,45.0,150.0,,100.0,2.0,33.56,,,0,trial
2026-07-04T20:27:06,forecast_hot_humid_bursty_r2,forecast,hot_humid,bursty,2,36.513,36.213,36.013,33.513,25.0,45.0,150.0,,100.0,2.0,33.57,,,0,trial
2026-07-04T20:27:06,forecast_hot_humid_bursty_r2,forecast,hot_humid,bursty,2,36.523,36.223,36.023,33.523,25.0,45.0,150.0,,100.0,2.0,33.58,,,0,trial
2026-07-04T20:27:06,forecast_hot_humid_bursty_r2,forecast,hot_humid,bursty,2,36.534,36.234,36.034,33.534,25.0,45.0,150.0,,100.0,2.0,33.6,,,0,trial
2026-07-04T20:27:06,forecast_hot_humid_bursty_r2,forecast,hot_humid,bursty,2,36.544,36.244,36.044,33.544,25.0,45.0,150.0,,100.0,2.0,33.61,,,0,trial
2026-07-04T20:27:06,forecast_hot_humid_bursty_r2,forecast,hot_humid,bursty,2,36.555,36.255,36.055,33.555,25.0,45.0,150.0,,100.0,2.0,33.62,,,0,trial
2026-07-04T20:27:06,forecast_hot_humid_bursty_r2,forecast,hot_humid,bursty,2,36.566,36.266,36.066,33.566,25.0,45.0,150.0,,100.0,2.0,33.64,,,0,trial
2026-07-04T20:27:06,forecast_hot_humid_bursty_r2,forecast,hot_humid,bursty,2,36.576,36.276,36.076,33.576,25.0,45.0,150.0,,100.0,2.0,33.65,,,0,trial
2026-07-04T20:27:06,forecast_hot_humid_bursty_r2,forecast,hot_humid,bursty,2,36.587,36.287,36.087,33.587,25.0,45.0,150.0,,100.0,2.0,33.66,,,0,trial
2026-07-04T20:27:06,forecast_hot_humid_bursty_r2,forecast,hot_humid,bursty,2,36.597,36.297,36.097,33.597,25.0,45.0,150.0,,100.0,2.0,33.67,,,0,trial
2026-07-04T20:27:06,forecast_hot_humid_bursty_r2,forecast,hot_humid,bursty,2,36.608,36.308,36.108,33.608,25.0,45.0,150.0,,100.0,2.0,33.69,,,0,trial
2026-07-04T20:27:06,forecast_hot_humid_bursty_r2,forecast,hot_humid,bursty,2,36.619,36.319,36.119,33.619,25.0,45.0,150.0,,100.0,2.0,33.7,,,0,trial
2026-07-04T20:27:06,forecast_hot_humid_bursty_r2,forecast,hot_humid,bursty,2,36.629,36.329,36.129,33.629,25.0,45.0,150.0,,100.0,2.0,33.71,,,0,trial
2026-07-04T20:27:06,forecast_hot_humid_bursty_r2,forecast,hot_humid,bursty,2,36.64,36.34,36.14,33.64,25.0,45.0,150.0,,100.0,2.0,33.73,,,0,trial
2026-07-04T20:27:06,forecast_hot_humid_bursty_r2,forecast,hot_humid,bursty,2,36.65,36.35,36.15,33.65,25.0,45.0,150.0,,100.0,2.0,33.74,,,0,trial
2026-07-04T20:27:06,forecast_hot_humid_bursty_r2,forecast,hot_humid,bursty,2,36.661,36.361,36.161,33.661,25.0,45.0,150.0,,100.0,2.0,33.75,,,0,trial
2026-07-04T20:27:06,forecast_hot_humid_bursty_r2,forecast,hot_humid,bursty,2,36.671,36.371,36.171,33.671,25.0,45.0,150.0,,100.0,2.0,33.76,,,0,trial
2026-07-04T20:27:06,forecast_hot_humid_bursty_r2,forecast,hot_humid,bursty,2,36.682,36.382,36.182,33.682,25.0,45.0,150.0,,100.0,2.0,33.78,,,0,trial
2026-07-04T20:27:06,forecast_hot_humid_bursty_r2,forecast,hot_humid,bursty,2,36.692,36.392,36.192,33.692,25.0,45.0,150.0,,100.0,2.0,33.79,,,0,trial
2026-07-04T20:27:06,forecast_hot_humid_bursty_r2,forecast,hot_humid,bursty,2,36.703,36.403,36.203,33.703,25.0,45.0,150.0,,100.0,2.0,33.8,,,0,trial
2026-07-04T20:27:06,forecast_hot_humid_bursty_r2,forecast,hot_humid,bursty,2,36.713,36.413,36.213,33.713,25.0,45.0,150.0,,100.0,2.0,33.82,,,0,trial
2026-07-04T20:27:06,forecast_hot_humid_bursty_r2,forecast,hot_humid,bursty,2,36.724,36.424,36.224,33.724,25.0,45.0,150.0,,100.0,2.0,33.83,,,0,trial
2026-07-04T20:27:06,forecast_hot_humid_bursty_r2,forecast,hot_humid,bursty,2,36.734,36.434,36.234,33.734,25.0,45.0,150.0,,100.0,2.0,33.84,,,0,trial
2026-07-04T20:27:06,forecast_hot_humid_bursty_r2,forecast,hot_humid,bursty,2,36.745,36.445,36.245,33.745,25.0,45.0,150.0,,100.0,2.0,33.85,,,0,trial
2026-07-04T20:27:06,forecast_hot_humid_bursty_r2,forecast,hot_humid,bursty,2,36.755,36.455,36.255,33.755,25.0,45.0,150.0,,100.0,2.0,33.87,,,0,trial
2026-07-04T20:27:06,forecast_hot_humid_bursty_r2,forecast,hot_humid,bursty,2,36.776,36.476,36.276,33.776,25.0,45.0,150.0,,100.0,2.0,33.88,,,0,trial
2026-07-04T20:27:06,forecast_hot_humid_bursty_r2,forecast,hot_humid,bursty,2,36.787,36.487,36.287,33.787,25.0,45.0,150.0,,100.0,2.0,33.89,,,0,trial
2026-07-04T20:27:06,forecast_hot_humid_bursty_r2,forecast,hot_humid,bursty,2,36.797,36.497,36.297,33.797,25.0,45.0,150.0,,100.0,2.0,33.91,,,0,trial
2026-07-04T20:27:06,forecast_hot_humid_bursty_r2,forecast,hot_humid,bursty,2,36.807,36.507,36.307,33.807,25.0,45.0,150.0,,100.0,2.0,33.92,,,0,trial
2026-07-04T20:27:06,forecast_hot_humid_bursty_r2,forecast,hot_humid,bursty,2,36.818,36.518,36.318,33.818,25.0,45.0,150.0,,100.0,2.0,33.93,,,0,trial
2026-07-04T20:27:06,forecast_hot_humid_bursty_r2,forecast,hot_humid,bursty,2,36.828,36.528,36.328,33.828,25.0,45.0,150.0,,100.0,2.0,33.94,,,0,trial
2026-07-04T20:27:06,forecast_hot_humid_bursty_r2,forecast,hot_humid,bursty,2,36.839,36.539,36.339,33.839,25.0,45.0,150.0,,100.0,2.0,33.96,,,0,trial
2026-07-04T20:27:06,forecast_hot_humid_bursty_r2,forecast,hot_humid,bursty,2,36.849,36.549,36.349,33.849,25.0,45.0,150.0,,100.0,2.0,33.97,,,0,trial
2026-07-04T20:27:06,forecast_hot_humid_bursty_r2,forecast,hot_humid,bursty,2,36.859,36.559,36.359,33.859,25.0,45.0,150.0,,100.0,2.0,33.98,,,0,trial
2026-07-04T20:27:06,forecast_hot_humid_bursty_r2,forecast,hot_humid,bursty,2,36.87,36.57,36.37,33.87,25.0,45.0,150.0,,100.0,2.0,34.0,,,0,trial
2026-07-04T20:27:06,forecast_hot_humid_bursty_r2,forecast,hot_humid,bursty,2,36.88,36.58,36.38,33.88,25.0,45.0,150.0,,100.0,2.0,34.01,,,0,trial
2026-07-04T20:27:06,forecast_hot_humid_bursty_r2,forecast,hot_humid,bursty,2,36.891,36.591,36.391,33.891,25.0,45.0,150.0,,100.0,2.0,34.02,,,0,trial
2026-07-04T20:27:06,forecast_hot_humid_bursty_r2,forecast,hot_humid,bursty,2,36.901,36.601,36.401,33.901,25.0,45.0,150.0,,100.0,2.0,34.04,,,0,trial
2026-07-04T20:27:06,forecast_hot_humid_bursty_r2,forecast,hot_humid,bursty,2,36.911,36.611,36.411,33.911,25.0,45.0,150.0,,100.0,2.0,34.05,,,0,trial
2026-07-04T20:27:06,forecast_hot_humid_bursty_r2,forecast,hot_humid,bursty,2,36.922,36.622,36.422,33.922,25.0,45.0,150.0,,100.0,2.0,34.06,,,0,trial
2026-07-04T20:27:06,forecast_hot_humid_bursty_r2,forecast,hot_humid,bursty,2,36.932,36.632,36.432,33.932,25.0,45.0,150.0,,100.0,2.0,34.07,,,0,trial
2026-07-04T20:27:06,forecast_hot_humid_bursty_r2,forecast,hot_humid,bursty,2,36.942,36.642,36.442,33.942,25.0,45.0,150.0,,100.0,2.0,34.09,,,0,trial
2026-07-04T20:27:06,forecast_hot_humid_bursty_r2,forecast,hot_humid,bursty,2,36.953,36.653,36.453,33.953,25.0,45.0,150.0,,100.0,2.0,34.1,,,0,trial
2026-07-04T20:27:06,forecast_hot_humid_bursty_r2,forecast,hot_humid,bursty,2,36.963,36.663,36.463,33.963,25.0,45.0,150.0,,100.0,2.0,34.11,,,0,trial
2026-07-04T20:27:06,forecast_hot_humid_bursty_r2,forecast,hot_humid,bursty,2,36.973,36.673,36.473,33.973,25.0,45.0,150.0,,100.0,2.0,34.13,,,0,trial
2026-07-04T20:27:06,forecast_hot_humid_bursty_r2,forecast,hot_humid,bursty,2,36.983,36.683,36.483,33.983,25.0,45.0,150.0,,100.0,2.0,34.14,,,0,trial
2026-07-04T20:27:06,forecast_hot_humid_bursty_r2,forecast,hot_humid,bursty,2,36.994,36.694,36.494,33.994,25.0,45.0,150.0,,100.0,2.0,34.15,,,0,trial
2026-07-04T20:27:06,forecast_hot_humid_bursty_r2,forecast,hot_humid,bursty,2,37.004,36.704,36.504,34.004,25.0,45.0,150.0,,100.0,2.0,34.17,,,0,trial
2026-07-04T20:27:06,forecast_hot_humid_bursty_r2,forecast,hot_humid,bursty,2,37.014,36.714,36.514,34.014,25.0,45.0,150.0,,100.0,2.0,34.18,,,0,trial
2026-07-04T20:27:06,forecast_hot_humid_bursty_r2,forecast,hot_humid,bursty,2,37.024,36.724,36.524,34.024,25.0,45.0,150.0,,100.0,2.0,34.19,,,0,trial
2026-07-04T20:27:06,forecast_hot_humid_bursty_r2,forecast,hot_humid,bursty,2,37.035,36.735,36.535,34.035,25.0,45.0,150.0,,100.0,2.0,34.21,,,0,trial
2026-07-04T20:27:06,forecast_hot_humid_bursty_r2,forecast,hot_humid,bursty,2,37.045,36.745,36.545,34.045,25.0,45.0,150.0,,100.0,2.0,34.22,,,0,trial
2026-07-04T20:27:06,forecast_hot_humid_bursty_r2,forecast,hot_humid,bursty,2,37.055,36.755,36.555,34.055,25.0,45.0,150.0,,100.0,2.0,34.23,,,0,trial
2026-07-04T20:27:06,forecast_hot_humid_bursty_r2,forecast,hot_humid,bursty,2,37.065,36.765,36.565,34.065,25.0,45.0,150.0,,100.0,2.0,34.24,,,0,trial
2026-07-04T20:27:06,forecast_hot_humid_bursty_r2,forecast,hot_humid,bursty,2,37.076,36.776,36.576,34.076,25.0,45.0,150.0,,100.0,2.0,34.26,,,0,trial
2026-07-04T20:27:06,forecast_hot_humid_bursty_r2,forecast,hot_humid,bursty,2,37.096,36.796,36.596,34.096,25.0,45.0,150.0,,100.0,2.0,34.27,,,0,trial
2026-07-04T20:27:06,forecast_hot_humid_bursty_r2,forecast,hot_humid,bursty,2,37.106,36.806,36.606,34.106,25.0,45.0,150.0,,100.0,2.0,34.28,,,0,trial
2026-07-04T20:27:06,forecast_hot_humid_bursty_r2,forecast,hot_humid,bursty,2,37.116,36.816,36.616,34.116,25.0,45.0,150.0,,100.0,2.0,34.3,,,0,trial
2026-07-04T20:27:06,forecast_hot_humid_bursty_r2,forecast,hot_humid,bursty,2,37.127,36.827,36.627,34.127,25.0,45.0,150.0,,100.0,2.0,34.31,,,0,trial
2026-07-04T20:27:06,forecast_hot_humid_bursty_r2,forecast,hot_humid,bursty,2,37.137,36.837,36.637,34.137,25.0,45.0,150.0,,100.0,2.0,34.32,,,0,trial
2026-07-04T20:27:06,forecast_hot_humid_bursty_r2,forecast,hot_humid,bursty,2,37.147,36.847,36.647,34.147,25.0,45.0,150.0,,100.0,2.0,34.34,,,0,trial
2026-07-04T20:27:06,forecast_hot_humid_bursty_r2,forecast,hot_humid,bursty,2,37.157,36.857,36.657,34.157,25.0,45.0,150.0,,100.0,2.0,34.35,,,0,trial
2026-07-04T20:27:06,forecast_hot_humid_bursty_r2,forecast,hot_humid,bursty,2,37.167,36.867,36.667,34.167,25.0,45.0,150.0,,100.0,2.0,34.36,,,0,trial
2026-07-04T20:27:06,forecast_hot_humid_bursty_r2,forecast,hot_humid,bursty,2,37.177,36.877,36.677,34.177,25.0,45.0,150.0,,100.0,2.0,34.38,,,0,trial
2026-07-04T20:27:06,forecast_hot_humid_bursty_r2,forecast,hot_humid,bursty,2,37.187,36.887,36.687,34.187,25.0,45.0,150.0,,100.0,2.0,34.39,,,0,trial
2026-07-04T20:27:06,forecast_hot_humid_bursty_r2,forecast,hot_humid,bursty,2,37.198,36.898,36.698,34.198,25.0,45.0,150.0,,100.0,2.0,34.4,,,0,trial
2026-07-04T20:27:06,forecast_hot_humid_bursty_r2,forecast,hot_humid,bursty,2,37.208,36.908,36.708,34.208,25.0,45.0,150.0,,100.0,2.0,34.41,,,0,trial
2026-07-04T20:27:06,forecast_hot_humid_bursty_r2,forecast,hot_humid,bursty,2,37.218,36.918,36.718,34.218,25.0,45.0,150.0,,100.0,2.0,34.43,,,0,trial
2026-07-04T20:27:06,forecast_hot_humid_bursty_r2,forecast,hot_humid,bursty,2,37.228,36.928,36.728,34.228,25.0,45.0,150.0,,100.0,2.0,34.44,,,0,trial
2026-07-04T20:27:06,forecast_hot_humid_bursty_r2,forecast,hot_humid,bursty,2,37.238,36.938,36.738,34.238,25.0,45.0,150.0,,100.0,2.0,34.45,,,0,trial
2026-07-04T20:27:06,forecast_hot_humid_bursty_r2,forecast,hot_humid,bursty,2,37.248,36.948,36.748,34.248,25.0,45.0,150.0,,100.0,2.0,34.47,,,0,trial
2026-07-04T20:27:06,forecast_hot_humid_bursty_r2,forecast,hot_humid,bursty,2,37.258,36.958,36.758,34.258,25.0,45.0,150.0,,100.0,2.0,34.48,,,0,trial
2026-07-04T20:27:06,forecast_hot_humid_bursty_r2,forecast,hot_humid,bursty,2,37.268,36.968,36.768,34.268,25.0,45.0,150.0,,100.0,2.0,34.49,,,0,trial
2026-07-04T20:27:06,forecast_hot_humid_bursty_r2,forecast,hot_humid,bursty,2,37.278,36.978,36.778,34.278,25.0,45.0,150.0,,100.0,2.0,34.51,,,0,trial
2026-07-04T20:27:06,forecast_hot_humid_bursty_r2,forecast,hot_humid,bursty,2,37.288,36.988,36.788,34.288,25.0,45.0,150.0,,100.0,2.0,34.52,,,0,trial
2026-07-04T20:27:06,forecast_hot_humid_bursty_r2,forecast,hot_humid,bursty,2,37.298,36.998,36.798,34.298,25.0,45.0,150.0,,100.0,2.0,34.53,,,0,trial
2026-07-04T20:27:06,forecast_hot_humid_bursty_r2,forecast,hot_humid,bursty,2,37.308,37.008,36.808,34.308,25.0,45.0,150.0,,100.0,2.0,34.55,,,0,trial
2026-07-04T20:27:06,forecast_hot_humid_bursty_r2,forecast,hot_humid,bursty,2,37.318,37.018,36.818,34.318,25.0,45.0,150.0,,100.0,2.0,34.56,,,0,trial
2026-07-04T20:27:06,forecast_hot_humid_bursty_r2,forecast,hot_humid,bursty,2,37.328,37.028,36.828,34.328,25.0,45.0,150.0,,100.0,2.0,34.57,,,0,trial
2026-07-04T20:27:06,forecast_hot_humid_bursty_r2,forecast,hot_humid,bursty,2,37.338,37.038,36.838,34.338,25.0,45.0,150.0,,100.0,2.0,34.58,,,0,trial
2026-07-04T20:27:06,forecast_hot_humid_bursty_r2,forecast,hot_humid,bursty,2,37.348,37.048,36.848,34.348,25.0,45.0,150.0,,100.0,2.0,34.6,,,0,trial
2026-07-04T20:27:06,forecast_hot_humid_bursty_r2,forecast,hot_humid,bursty,2,37.358,37.058,36.858,34.358,25.0,45.0,150.0,,100.0,2.0,34.61,,,0,trial
2026-07-04T20:27:06,forecast_hot_humid_bursty_r2,forecast,hot_humid,bursty,2,37.368,37.068,36.868,34.368,25.0,45.0,150.0,,100.0,2.0,34.62,,,0,trial
2026-07-04T20:27:06,forecast_hot_humid_bursty_r2,forecast,hot_humid,bursty,2,37.378,37.078,36.878,34.378,25.0,45.0,150.0,,100.0,2.0,34.64,,,0,trial
2026-07-04T20:27:06,forecast_hot_humid_bursty_r2,forecast,hot_humid,bursty,2,37.388,37.088,36.888,34.388,25.0,45.0,150.0,,100.0,2.0,34.65,,,0,trial
2026-07-04T20:27:06,forecast_hot_humid_bursty_r2,forecast,hot_humid,bursty,2,37.408,37.108,36.908,34.408,25.0,45.0,150.0,,100.0,2.0,34.66,,,0,trial
2026-07-04T20:27:06,forecast_hot_humid_bursty_r2,forecast,hot_humid,bursty,2,37.418,37.118,36.918,34.418,25.0,45.0,150.0,,100.0,2.0,34.68,,,0,trial
2026-07-04T20:27:06,forecast_hot_humid_bursty_r2,forecast,hot_humid,bursty,2,37.428,37.128,36.928,34.428,25.0,45.0,150.0,,100.0,2.0,34.69,,,0,trial
2026-07-04T20:27:06,forecast_hot_humid_bursty_r2,forecast,hot_humid,bursty,2,37.438,37.138,36.938,34.438,25.0,45.0,150.0,,100.0,2.0,34.7,,,0,trial
2026-07-04T20:27:06,forecast_hot_humid_bursty_r2,forecast,hot_humid,bursty,2,37.448,37.148,36.948,34.448,25.0,45.0,150.0,,100.0,2.0,34.71,,,0,trial
2026-07-04T20:27:06,forecast_hot_humid_bursty_r2,forecast,hot_humid,bursty,2,37.458,37.158,36.958,34.458,25.0,45.0,150.0,,100.0,2.0,34.73,,,0,trial
2026-07-04T20:27:06,forecast_hot_humid_bursty_r2,forecast,hot_humid,bursty,2,37.468,37.168,36.968,34.468,25.0,45.0,150.0,,100.0,2.0,34.74,,,0,trial
2026-07-04T20:27:06,forecast_hot_humid_bursty_r2,forecast,hot_humid,bursty,2,37.478,37.178,36.978,34.478,25.0,45.0,150.0,,100.0,2.0,34.75,,,0,trial
2026-07-04T20:27:06,forecast_hot_humid_bursty_r2,forecast,hot_humid,bursty,2,37.487,37.187,36.987,34.487,25.0,45.0,150.0,,100.0,2.0,34.77,,,0,trial
2026-07-04T20:27:06,forecast_hot_humid_bursty_r2,forecast,hot_humid,bursty,2,37.497,37.197,36.997,34.497,25.0,45.0,150.0,,100.0,2.0,34.78,,,0,trial
2026-07-04T20:27:06,forecast_hot_humid_bursty_r2,forecast,hot_humid,bursty,2,37.507,37.207,37.007,34.507,25.0,45.0,150.0,,100.0,2.0,34.79,,,0,trial
2026-07-04T20:27:06,forecast_hot_humid_bursty_r2,forecast,hot_humid,bursty,2,37.517,37.217,37.017,34.517,25.0,45.0,150.0,,100.0,2.0,34.81,,,0,trial
2026-07-04T20:27:06,forecast_hot_humid_bursty_r2,forecast,hot_humid,bursty,2,37.527,37.227,37.027,34.527,25.0,45.0,150.0,,100.0,2.0,34.82,,,0,trial
2026-07-04T20:27:06,forecast_hot_humid_bursty_r2,forecast,hot_humid,bursty,2,37.537,37.237,37.037,34.537,25.0,45.0,150.0,,100.0,2.0,34.83,,,0,trial
2026-07-04T20:27:06,forecast_hot_humid_bursty_r2,forecast,hot_humid,bursty,2,37.547,37.247,37.047,34.547,25.0,45.0,150.0,,100.0,2.0,34.84,,,0,trial
2026-07-04T20:27:06,forecast_hot_humid_bursty_r2,forecast,hot_humid,bursty,2,37.556,37.256,37.056,34.556,25.0,45.0,150.0,,100.0,2.0,34.86,,,0,trial
2026-07-04T20:27:06,forecast_hot_humid_bursty_r2,forecast,hot_humid,bursty,2,37.566,37.266,37.066,34.566,25.0,45.0,150.0,,100.0,2.0,34.87,,,0,trial
2026-07-04T20:27:06,forecast_hot_humid_bursty_r2,forecast,hot_humid,bursty,2,37.576,37.276,37.076,34.576,25.0,45.0,150.0,,100.0,2.0,34.88,,,0,trial
2026-07-04T20:27:06,forecast_hot_humid_bursty_r2,forecast,hot_humid,bursty,2,37.586,37.286,37.086,34.586,25.0,45.0,150.0,,100.0,2.0,34.9,,,0,trial
2026-07-04T20:27:06,forecast_hot_humid_bursty_r2,forecast,hot_humid,bursty,2,37.596,37.296,37.096,34.596,25.0,45.0,150.0,,100.0,2.0,34.91,,,0,trial
2026-07-04T20:27:06,forecast_hot_humid_bursty_r2,forecast,hot_humid,bursty,2,37.605,37.305,37.105,34.605,25.0,45.0,150.0,,100.0,2.0,34.92,,,0,trial
2026-07-04T20:27:06,forecast_hot_humid_bursty_r2,forecast,hot_humid,bursty,2,37.615,37.315,37.115,34.615,25.0,45.0,150.0,,100.0,2.0,34.93,,,0,trial
2026-07-04T20:27:06,forecast_hot_humid_bursty_r2,forecast,hot_humid,bursty,2,37.625,37.325,37.125,34.625,25.0,45.0,150.0,,100.0,2.0,34.95,,,0,trial
2026-07-04T20:27:06,forecast_hot_humid_bursty_r2,forecast,hot_humid,bursty,2,37.635,37.335,37.135,34.635,25.0,45.0,150.0,,100.0,2.0,34.96,,,0,trial
2026-07-04T20:27:06,forecast_hot_humid_bursty_r2,forecast,hot_humid,bursty,2,37.645,37.345,37.145,34.645,25.0,45.0,150.0,,100.0,2.0,34.97,,,0,trial
2026-07-04T20:27:06,forecast_hot_humid_bursty_r2,forecast,hot_humid,bursty,2,37.654,37.354,37.154,34.654,25.0,45.0,150.0,,100.0,2.0,34.99,,,0,trial
2026-07-04T20:27:06,forecast_hot_humid_bursty_r2,forecast,hot_humid,bursty,2,37.664,37.364,37.164,34.664,25.0,45.0,150.0,,100.0,2.0,35.0,,,0,trial
2026-07-04T20:27:06,forecast_hot_humid_bursty_r2,forecast,hot_humid,bursty,2,37.674,37.374,37.174,34.674,25.0,45.0,150.0,,100.0,2.0,35.01,,,0,trial
2026-07-04T20:27:06,forecast_hot_humid_bursty_r2,forecast,hot_humid,bursty,2,37.684,37.384,37.184,34.684,25.0,45.0,150.0,,100.0,2.0,35.02,,,0,trial
2026-07-04T20:27:06,forecast_hot_humid_bursty_r2,forecast,hot_humid,bursty,2,37.693,37.393,37.193,34.693,25.0,45.0,150.0,,100.0,2.0,35.04,,,0,trial
2026-07-04T20:27:06,forecast_hot_humid_bursty_r2,forecast,hot_humid,bursty,2,37.713,37.413,37.213,34.713,25.0,45.0,150.0,,100.0,2.0,35.05,,,0,trial
2026-07-04T20:27:06,forecast_hot_humid_bursty_r2,forecast,hot_humid,bursty,2,37.722,37.422,37.222,34.722,25.0,45.0,150.0,,100.0,2.0,35.06,,,0,trial
2026-07-04T20:27:06,forecast_hot_humid_bursty_r2,forecast,hot_humid,bursty,2,37.732,37.432,37.232,34.732,25.0,45.0,150.0,,100.0,2.0,35.07,,,0,trial
2026-07-04T20:27:06,forecast_hot_humid_bursty_r2,forecast,hot_humid,bursty,2,37.742,37.442,37.242,34.742,25.0,45.0,150.0,,100.0,2.0,35.09,,,0,trial
2026-07-04T20:27:06,forecast_hot_humid_bursty_r2,forecast,hot_humid,bursty,2,37.751,37.451,37.251,34.751,25.0,45.0,150.0,,100.0,2.0,35.1,,,0,trial
2026-07-04T20:27:06,forecast_hot_humid_bursty_r2,forecast,hot_humid,bursty,2,37.761,37.461,37.261,34.761,25.0,45.0,150.0,,100.0,2.0,35.11,,,0,trial
2026-07-04T20:27:06,forecast_hot_humid_bursty_r2,forecast,hot_humid,bursty,2,37.771,37.471,37.271,34.771,25.0,45.0,150.0,,100.0,2.0,35.13,,,0,trial
2026-07-04T20:27:06,forecast_hot_humid_bursty_r2,forecast,hot_humid,bursty,2,37.78,37.48,37.28,34.78,25.0,45.0,150.0,,100.0,2.0,35.14,,,0,trial
2026-07-04T20:27:06,forecast_hot_humid_bursty_r2,forecast,hot_humid,bursty,2,37.79,37.49,37.29,34.79,25.0,45.0,150.0,,100.0,2.0,35.15,,,0,trial
2026-07-04T20:27:06,forecast_hot_humid_bursty_r2,forecast,hot_humid,bursty,2,37.8,37.5,37.3,34.8,25.0,45.0,150.0,,100.0,2.0,35.16,,,0,trial
2026-07-04T20:27:06,forecast_hot_humid_bursty_r2,forecast,hot_humid,bursty,2,37.809,37.509,37.309,34.809,25.0,45.0,150.0,,100.0,2.0,35.18,,,0,trial
2026-07-04T20:27:06,forecast_hot_humid_bursty_r2,forecast,hot_humid,bursty,2,37.819,37.519,37.319,34.819,25.0,45.0,150.0,,100.0,2.0,35.19,,,0,trial
2026-07-04T20:27:06,forecast_hot_humid_bursty_r2,forecast,hot_humid,bursty,2,37.829,37.529,37.329,34.829,25.0,45.0,150.0,,100.0,2.0,35.2,,,0,trial
2026-07-04T20:27:06,forecast_hot_humid_bursty_r2,forecast,hot_humid,bursty,2,37.838,37.538,37.338,34.838,25.0,45.0,150.0,,100.0,2.0,35.21,,,0,trial
2026-07-04T20:27:06,forecast_hot_humid_bursty_r2,forecast,hot_humid,bursty,2,37.848,37.548,37.348,34.848,25.0,45.0,150.0,,100.0,2.0,35.23,,,0,trial
2026-07-04T20:27:06,forecast_hot_humid_bursty_r2,forecast,hot_humid,bursty,2,37.857,37.557,37.357,34.857,25.0,45.0,150.0,,100.0,2.0,35.24,,,0,trial
2026-07-04T20:27:06,forecast_hot_humid_bursty_r2,forecast,hot_humid,bursty,2,37.867,37.567,37.367,34.867,25.0,45.0,150.0,,100.0,2.0,35.25,,,0,trial
2026-07-04T20:27:06,forecast_hot_humid_bursty_r2,forecast,hot_humid,bursty,2,37.877,37.577,37.377,34.877,25.0,45.0,150.0,,100.0,2.0,35.26,,,0,trial
2026-07-04T20:27:06,forecast_hot_humid_bursty_r2,forecast,hot_humid,bursty,2,37.886,37.586,37.386,34.886,25.0,45.0,150.0,,100.0,2.0,35.28,,,0,trial
2026-07-04T20:27:06,forecast_hot_humid_bursty_r2,forecast,hot_humid,bursty,2,37.896,37.596,37.396,34.896,25.0,45.0,150.0,,100.0,2.0,35.29,,,0,trial
2026-07-04T20:27:06,forecast_hot_humid_bursty_r2,forecast,hot_humid,bursty,2,37.905,37.605,37.405,34.905,25.0,45.0,150.0,,100.0,2.0,35.3,,,0,trial
2026-07-04T20:27:06,forecast_hot_humid_bursty_r2,forecast,hot_humid,bursty,2,37.915,37.615,37.415,34.915,25.0,45.0,150.0,,100.0,2.0,35.31,,,0,trial
2026-07-04T20:27:06,forecast_hot_humid_bursty_r2,forecast,hot_humid,bursty,2,37.924,37.624,37.424,34.924,25.0,45.0,150.0,,100.0,2.0,35.33,,,0,trial
2026-07-04T20:27:06,forecast_hot_humid_bursty_r2,forecast,hot_humid,bursty,2,37.934,37.634,37.434,34.934,25.0,45.0,150.0,,100.0,2.0,35.34,,,0,trial
2026-07-04T20:27:06,forecast_hot_humid_bursty_r2,forecast,hot_humid,bursty,2,37.943,37.643,37.443,34.943,25.0,45.0,150.0,,100.0,2.0,35.35,,,0,trial
2026-07-04T20:27:06,forecast_hot_humid_bursty_r2,forecast,hot_humid,bursty,2,37.953,37.653,37.453,34.953,25.0,45.0,150.0,,100.0,2.0,35.36,,,0,trial
2026-07-04T20:27:06,forecast_hot_humid_bursty_r2,forecast,hot_humid,bursty,2,37.962,37.662,37.462,34.962,25.0,45.0,150.0,,100.0,2.0,35.37,,,0,trial
2026-07-04T20:27:06,forecast_hot_humid_bursty_r2,forecast,hot_humid,bursty,2,37.972,37.672,37.472,34.972,25.0,45.0,150.0,,100.0,2.0,35.39,,,0,trial
2026-07-04T20:27:06,forecast_hot_humid_bursty_r2,forecast,hot_humid,bursty,2,37.981,37.681,37.481,34.981,25.0,45.0,150.0,,100.0,2.0,35.4,,,0,trial
2026-07-04T20:27:06,forecast_hot_humid_bursty_r2,forecast,hot_humid,bursty,2,37.991,37.691,37.491,34.991,25.0,45.0,150.0,,100.0,2.0,35.41,,,0,trial
2026-07-04T20:27:06,forecast_hot_humid_bursty_r2,forecast,hot_humid,bursty,2,38.01,37.71,37.51,35.01,25.0,45.0,150.0,,100.0,2.0,35.42,,,0,trial
2026-07-04T20:27:06,forecast_hot_humid_bursty_r2,forecast,hot_humid,bursty,2,38.019,37.719,37.519,35.019,25.0,45.0,150.0,,100.0,2.0,35.44,,,0,trial
2026-07-04T20:27:06,forecast_hot_humid_bursty_r2,forecast,hot_humid,bursty,2,38.029,37.729,37.529,35.029,25.0,45.0,150.0,,100.0,2.0,35.45,,,0,trial
2026-07-04T20:27:06,forecast_hot_humid_bursty_r2,forecast,hot_humid,bursty,2,38.038,37.738,37.538,35.038,25.0,45.0,150.0,,100.0,2.0,35.46,,,0,trial
2026-07-04T20:27:06,forecast_hot_humid_bursty_r2,forecast,hot_humid,bursty,2,38.048,37.748,37.548,35.048,25.0,45.0,150.0,,100.0,2.0,35.47,,,0,trial
2026-07-04T20:27:06,forecast_hot_humid_bursty_r2,forecast,hot_humid,bursty,2,38.057,37.757,37.557,35.057,25.0,45.0,150.0,,100.0,2.0,35.48,,,0,trial
2026-07-04T20:27:06,forecast_hot_humid_bursty_r2,forecast,hot_humid,bursty,2,38.067,37.767,37.567,35.067,25.0,45.0,150.0,,100.0,2.0,35.5,,,0,trial
2026-07-04T20:27:06,forecast_hot_humid_bursty_r2,forecast,hot_humid,bursty,2,38.076,37.776,37.576,35.076,25.0,45.0,150.0,,100.0,2.0,35.51,,,0,trial
2026-07-04T20:27:06,forecast_hot_humid_bursty_r2,forecast,hot_humid,bursty,2,38.085,37.785,37.585,35.085,25.0,45.0,150.0,,100.0,2.0,35.52,,,0,trial
2026-07-04T20:27:06,forecast_hot_humid_bursty_r2,forecast,hot_humid,bursty,2,38.095,37.795,37.595,35.095,25.0,45.0,150.0,,100.0,2.0,35.53,,,0,trial
2026-07-04T20:27:06,forecast_hot_humid_bursty_r2,forecast,hot_humid,bursty,2,38.104,37.804,37.604,35.104,25.0,45.0,150.0,,100.0,2.0,35.54,,,0,trial
2026-07-04T20:27:06,forecast_hot_humid_bursty_r2,forecast,hot_humid,bursty,2,38.114,37.814,37.614,35.114,25.0,45.0,150.0,,100.0,2.0,35.56,,,0,trial
2026-07-04T20:27:06,forecast_hot_humid_bursty_r2,forecast,hot_humid,bursty,2,38.123,37.823,37.623,35.123,25.0,45.0,150.0,,100.0,2.0,35.57,,,0,trial
2026-07-04T20:27:06,forecast_hot_humid_bursty_r2,forecast,hot_humid,bursty,2,38.132,37.832,37.632,35.132,25.0,45.0,150.0,,100.0,2.0,35.58,,,0,trial
2026-07-04T20:27:06,forecast_hot_humid_bursty_r2,forecast,hot_humid,bursty,2,38.142,37.842,37.642,35.142,25.0,45.0,150.0,,100.0,2.0,35.59,,,0,trial
2026-07-04T20:27:06,forecast_hot_humid_bursty_r2,forecast,hot_humid,bursty,2,38.151,37.851,37.651,35.151,25.0,45.0,150.0,,100.0,2.0,35.6,,,0,trial
2026-07-04T20:27:06,forecast_hot_humid_bursty_r2,forecast,hot_humid,bursty,2,38.16,37.86,37.66,35.16,25.0,45.0,150.0,,100.0,2.0,35.61,,,0,trial
2026-07-04T20:27:06,forecast_hot_humid_bursty_r2,forecast,hot_humid,bursty,2,38.17,37.87,37.67,35.17,25.0,45.0,150.0,,100.0,2.0,35.63,,,0,trial
2026-07-04T20:27:06,forecast_hot_humid_bursty_r2,forecast,hot_humid,bursty,2,38.179,37.879,37.679,35.179,25.0,45.0,150.0,,100.0,2.0,35.64,,,0,trial
2026-07-04T20:27:06,forecast_hot_humid_bursty_r2,forecast,hot_humid,bursty,2,38.188,37.888,37.688,35.188,25.0,45.0,150.0,,100.0,2.0,35.65,,,0,trial
2026-07-04T20:27:06,forecast_hot_humid_bursty_r2,forecast,hot_humid,bursty,2,38.198,37.898,37.698,35.198,25.0,45.0,150.0,,100.0,2.0,35.66,,,0,trial
2026-07-04T20:27:06,forecast_hot_humid_bursty_r2,forecast,hot_humid,bursty,2,38.207,37.907,37.707,35.207,25.0,45.0,150.0,,100.0,2.0,35.67,,,0,trial
2026-07-04T20:27:06,forecast_hot_humid_bursty_r2,forecast,hot_humid,bursty,2,38.216,37.916,37.716,35.216,25.0,45.0,150.0,,100.0,2.0,35.68,,,0,trial
2026-07-04T20:27:06,forecast_hot_humid_bursty_r2,forecast,hot_humid,bursty,2,38.226,37.926,37.726,35.226,25.0,45.0,150.0,,100.0,2.0,35.7,,,0,trial
2026-07-04T20:27:06,forecast_hot_humid_bursty_r2,forecast,hot_humid,bursty,2,38.235,37.935,37.735,35.235,25.0,45.0,150.0,,100.0,2.0,35.71,,,0,trial
2026-07-04T20:27:06,forecast_hot_humid_bursty_r2,forecast,hot_humid,bursty,2,38.244,37.944,37.744,35.244,25.0,45.0,150.0,,100.0,2.0,35.72,,,0,trial
2026-07-04T20:27:06,forecast_hot_humid_bursty_r2,forecast,hot_humid,bursty,2,38.254,37.954,37.754,35.254,25.0,45.0,150.0,,100.0,2.0,35.73,,,0,trial
2026-07-04T20:27:06,forecast_hot_humid_bursty_r2,forecast,hot_humid,bursty,2,38.263,37.963,37.763,35.263,25.0,45.0,150.0,,100.0,2.0,35.74,,,0,trial
2026-07-04T20:27:06,forecast_hot_humid_bursty_r2,forecast,hot_humid,bursty,2,38.272,37.972,37.772,35.272,25.0,45.0,150.0,,100.0,2.0,35.75,,,0,trial
2026-07-04T20:27:06,forecast_hot_humid_bursty_r2,forecast,hot_humid,bursty,2,38.281,37.981,37.781,35.281,25.0,45.0,150.0,,100.0,2.0,35.76,,,0,trial
2026-07-04T20:27:06,forecast_hot_humid_bursty_r2,forecast,hot_humid,bursty,2,38.3,38.0,37.8,35.3,25.0,45.0,150.0,,100.0,2.0,35.78,,,0,trial
2026-07-04T20:27:06,forecast_hot_humid_bursty_r2,forecast,hot_humid,bursty,2,38.309,38.009,37.809,35.309,25.0,45.0,150.0,,100.0,2.0,35.79,,,0,trial
2026-07-04T20:27:06,forecast_hot_humid_bursty_r2,forecast,hot_humid,bursty,2,38.318,38.018,37.818,35.318,25.0,45.0,150.0,,100.0,2.0,35.8,,,0,trial
2026-07-04T20:27:06,forecast_hot_humid_bursty_r2,forecast,hot_humid,bursty,2,38.328,38.028,37.828,35.328,25.0,45.0,150.0,,100.0,2.0,35.81,,,0,trial
2026-07-04T20:27:06,forecast_hot_humid_bursty_r2,forecast,hot_humid,bursty,2,38.337,38.037,37.837,35.337,25.0,45.0,150.0,,100.0,2.0,35.82,,,0,trial
2026-07-04T20:27:06,forecast_hot_humid_bursty_r2,forecast,hot_humid,bursty,2,38.346,38.046,37.846,35.346,25.0,45.0,150.0,,100.0,2.0,35.83,,,0,trial
2026-07-04T20:27:06,forecast_hot_humid_bursty_r2,forecast,hot_humid,bursty,2,38.355,38.055,37.855,35.355,25.0,45.0,150.0,,100.0,2.0,35.84,,,0,trial
2026-07-04T20:27:06,forecast_hot_humid_bursty_r2,forecast,hot_humid,bursty,2,38.364,38.064,37.864,35.364,25.0,45.0,150.0,,100.0,2.0,35.85,,,0,trial
2026-07-04T20:27:06,forecast_hot_humid_bursty_r2,forecast,hot_humid,bursty,2,38.374,38.074,37.874,35.374,25.0,45.0,150.0,,100.0,2.0,35.87,,,0,trial
2026-07-04T20:27:06,forecast_hot_humid_bursty_r2,forecast,hot_humid,bursty,2,38.383,38.083,37.883,35.383,25.0,45.0,150.0,,100.0,2.0,35.88,,,0,trial
2026-07-04T20:27:06,forecast_hot_humid_bursty_r2,forecast,hot_humid,bursty,2,38.392,38.092,37.892,35.392,25.0,45.0,150.0,,100.0,2.0,35.89,,,0,trial
2026-07-04T20:27:06,forecast_hot_humid_bursty_r2,forecast,hot_humid,bursty,2,38.401,38.101,37.901,35.401,25.0,45.0,150.0,,100.0,2.0,35.9,,,0,trial
2026-07-04T20:27:06,forecast_hot_humid_bursty_r2,forecast,hot_humid,bursty,2,38.41,38.11,37.91,35.41,25.0,45.0,150.0,,100.0,2.0,35.91,,,0,trial
2026-07-04T20:27:06,forecast_hot_humid_bursty_r2,forecast,hot_humid,bursty,2,38.419,38.119,37.919,35.419,25.0,45.0,150.0,,100.0,2.0,35.92,,,0,trial
2026-07-04T20:27:06,forecast_hot_humid_bursty_r2,forecast,hot_humid,bursty,2,38.429,38.129,37.929,35.429,25.0,45.0,150.0,,100.0,2.0,35.93,,,0,trial
2026-07-04T20:27:06,forecast_hot_humid_bursty_r2,forecast,hot_humid,bursty,2,38.438,38.138,37.938,35.438,25.0,45.0,150.0,,100.0,2.0,35.94,,,0,trial
2026-07-04T20:27:06,forecast_hot_humid_bursty_r2,forecast,hot_humid,bursty,2,38.447,38.147,37.947,35.447,25.0,45.0,150.0,,100.0,2.0,35.95,,,0,trial
2026-07-04T20:27:06,forecast_hot_humid_bursty_r2,forecast,hot_humid,bursty,2,38.456,38.156,37.956,35.456,25.0,45.0,150.0,,100.0,2.0,35.96,,,0,trial
2026-07-04T20:27:06,forecast_hot_humid_bursty_r2,forecast,hot_humid,bursty,2,38.465,38.165,37.965,35.465,25.0,45.0,150.0,,100.0,2.0,35.97,,,0,trial
2026-07-04T20:27:06,forecast_hot_humid_bursty_r2,forecast,hot_humid,bursty,2,38.474,38.174,37.974,35.474,25.0,45.0,150.0,,100.0,2.0,35.99,,,0,trial
2026-07-04T20:27:06,forecast_hot_humid_bursty_r2,forecast,hot_humid,bursty,2,38.483,38.183,37.983,35.483,25.0,45.0,150.0,,100.0,2.0,36.0,,,0,trial
2026-07-04T20:27:06,forecast_hot_humid_bursty_r2,forecast,hot_humid,bursty,2,38.492,38.192,37.992,35.492,25.0,45.0,150.0,,100.0,2.0,36.01,,,0,trial
2026-07-04T20:27:06,forecast_hot_humid_bursty_r2,forecast,hot_humid,bursty,2,38.501,38.201,38.001,35.501,25.0,45.0,150.0,,100.0,2.0,36.02,,,0,trial
2026-07-04T20:27:06,forecast_hot_humid_bursty_r2,forecast,hot_humid,bursty,2,38.51,38.21,38.01,35.51,25.0,45.0,150.0,,100.0,2.0,36.03,,,0,trial
2026-07-04T20:27:06,forecast_hot_humid_bursty_r2,forecast,hot_humid,bursty,2,38.52,38.22,38.02,35.52,25.0,45.0,150.0,,100.0,2.0,36.04,,,0,trial
2026-07-04T20:27:06,forecast_hot_humid_bursty_r2,forecast,hot_humid,bursty,2,38.529,38.229,38.029,35.529,25.0,45.0,150.0,,100.0,2.0,36.05,,,0,trial
2026-07-04T20:27:06,forecast_hot_humid_bursty_r2,forecast,hot_humid,bursty,2,38.538,38.238,38.038,35.538,25.0,45.0,150.0,,100.0,2.0,36.06,,,0,trial
2026-07-04T20:27:06,forecast_hot_humid_bursty_r2,forecast,hot_humid,bursty,2,38.547,38.247,38.047,35.547,25.0,45.0,150.0,,100.0,2.0,36.07,,,0,trial
2026-07-04T20:27:06,forecast_hot_humid_bursty_r2,forecast,hot_humid,bursty,2,38.556,38.256,38.056,35.556,25.0,45.0,150.0,,100.0,2.0,36.08,,,0,trial
2026-07-04T20:27:06,forecast_hot_humid_bursty_r2,forecast,hot_humid,bursty,2,38.565,38.265,38.065,35.565,25.0,45.0,150.0,,100.0,2.0,36.09,,,0,trial
2026-07-04T20:27:06,forecast_hot_humid_bursty_r2,forecast,hot_humid,bursty,2,38.583,38.283,38.083,35.583,25.0,45.0,150.0,,100.0,2.0,36.1,,,0,trial
2026-07-04T20:27:06,forecast_hot_humid_bursty_r2,forecast,hot_humid,bursty,2,38.592,38.292,38.092,35.592,25.0,45.0,150.0,,100.0,2.0,36.11,,,0,trial
2026-07-04T20:27:06,forecast_hot_humid_bursty_r2,forecast,hot_humid,bursty,2,38.601,38.301,38.101,35.601,25.0,45.0,150.0,,100.0,2.0,36.12,,,0,trial
2026-07-04T20:27:06,forecast_hot_humid_bursty_r2,forecast,hot_humid,bursty,2,38.61,38.31,38.11,35.61,25.0,45.0,150.0,,100.0,2.0,36.13,,,0,trial
2026-07-04T20:27:06,forecast_hot_humid_bursty_r2,forecast,hot_humid,bursty,2,38.619,38.319,38.119,35.619,25.0,45.0,150.0,,100.0,2.0,36.14,,,0,trial
2026-07-04T20:27:06,forecast_hot_humid_bursty_r2,forecast,hot_humid,bursty,2,38.628,38.328,38.128,35.628,25.0,45.0,150.0,,100.0,2.0,36.15,,,0,trial
2026-07-04T20:27:06,forecast_hot_humid_bursty_r2,forecast,hot_humid,bursty,2,38.637,38.337,38.137,35.637,25.0,45.0,150.0,,100.0,2.0,36.16,,,0,trial
2026-07-04T20:27:06,forecast_hot_humid_bursty_r2,forecast,hot_humid,bursty,2,38.646,38.346,38.146,35.646,25.0,45.0,150.0,,100.0,2.0,36.17,,,0,trial
2026-07-04T20:27:06,forecast_hot_humid_bursty_r2,forecast,hot_humid,bursty,2,38.655,38.355,38.155,35.655,25.0,45.0,150.0,,100.0,2.0,36.18,,,0,trial
2026-07-04T20:27:06,forecast_hot_humid_bursty_r2,forecast,hot_humid,bursty,2,38.664,38.364,38.164,35.664,25.0,45.0,150.0,,100.0,2.0,36.19,,,0,trial
2026-07-04T20:27:06,forecast_hot_humid_bursty_r2,forecast,hot_humid,bursty,2,38.673,38.373,38.173,35.673,25.0,45.0,150.0,,100.0,2.0,36.2,,,0,trial
2026-07-04T20:27:06,forecast_hot_humid_bursty_r2,forecast,hot_humid,bursty,2,38.682,38.382,38.182,35.682,25.0,45.0,150.0,,100.0,2.0,36.21,,,0,trial
2026-07-04T20:27:06,forecast_hot_humid_bursty_r2,forecast,hot_humid,bursty,2,38.691,38.391,38.191,35.691,25.0,45.0,150.0,,100.0,2.0,36.22,,,0,trial
2026-07-04T20:27:06,forecast_hot_humid_bursty_r2,forecast,hot_humid,bursty,2,38.699,38.399,38.199,35.699,25.0,45.0,150.0,,100.0,2.0,36.23,,,0,trial
2026-07-04T20:27:06,forecast_hot_humid_bursty_r2,forecast,hot_humid,bursty,2,38.708,38.408,38.208,35.708,25.0,45.0,150.0,,100.0,2.0,36.24,,,0,trial
2026-07-04T20:27:06,forecast_hot_humid_bursty_r2,forecast,hot_humid,bursty,2,38.717,38.417,38.217,35.717,25.0,45.0,150.0,,100.0,2.0,36.25,,,0,trial
2026-07-04T20:27:06,forecast_hot_humid_bursty_r2,forecast,hot_humid,bursty,2,38.726,38.426,38.226,35.726,25.0,45.0,150.0,,100.0,2.0,36.26,,,0,trial
2026-07-04T20:27:06,forecast_hot_humid_bursty_r2,forecast,hot_humid,bursty,2,38.735,38.435,38.235,35.735,25.0,45.0,150.0,,100.0,2.0,36.27,,,0,trial
2026-07-04T20:27:06,forecast_hot_humid_bursty_r2,forecast,hot_humid,bursty,2,38.744,38.444,38.244,35.744,25.0,45.0,150.0,,100.0,2.0,36.28,,,0,trial
2026-07-04T20:27:06,forecast_hot_humid_bursty_r2,forecast,hot_humid,bursty,2,38.753,38.453,38.253,35.753,25.0,45.0,150.0,,100.0,2.0,36.29,,,0,trial
2026-07-04T20:27:06,forecast_hot_humid_bursty_r2,forecast,hot_humid,bursty,2,38.762,38.462,38.262,35.762,25.0,45.0,150.0,,100.0,2.0,36.3,,,0,trial
2026-07-04T20:27:06,forecast_hot_humid_bursty_r2,forecast,hot_humid,bursty,2,38.771,38.471,38.271,35.771,25.0,45.0,150.0,,100.0,2.0,36.31,,,0,trial
2026-07-04T20:27:06,forecast_hot_humid_bursty_r2,forecast,hot_humid,bursty,2,38.779,38.479,38.279,35.779,25.0,45.0,150.0,,100.0,2.0,36.32,,,0,trial
2026-07-04T20:27:06,forecast_hot_humid_bursty_r2,forecast,hot_humid,bursty,2,38.788,38.488,38.288,35.788,25.0,45.0,150.0,,100.0,2.0,36.33,,,0,trial
2026-07-04T20:27:06,forecast_hot_humid_bursty_r2,forecast,hot_humid,bursty,2,38.797,38.497,38.297,35.797,25.0,45.0,150.0,,100.0,2.0,36.34,,,0,trial
2026-07-04T20:27:06,forecast_hot_humid_bursty_r2,forecast,hot_humid,bursty,2,38.806,38.506,38.306,35.806,25.0,45.0,150.0,,100.0,2.0,36.34,,,0,trial
2026-07-04T20:27:06,forecast_hot_humid_bursty_r2,forecast,hot_humid,bursty,2,38.815,38.515,38.315,35.815,25.0,45.0,150.0,,100.0,2.0,36.35,,,0,trial
2026-07-04T20:27:06,forecast_hot_humid_bursty_r2,forecast,hot_humid,bursty,2,38.824,38.524,38.324,35.824,25.0,45.0,150.0,,100.0,2.0,36.36,,,0,trial
2026-07-04T20:27:06,forecast_hot_humid_bursty_r2,forecast,hot_humid,bursty,2,38.833,38.533,38.333,35.833,25.0,45.0,150.0,,100.0,2.0,36.37,,,0,trial
2026-07-04T20:27:06,forecast_hot_humid_bursty_r2,forecast,hot_humid,bursty,2,38.841,38.541,38.341,35.841,25.0,45.0,150.0,,100.0,2.0,36.38,,,0,trial
2026-07-04T20:27:06,forecast_hot_humid_bursty_r2,forecast,hot_humid,bursty,2,38.837,38.537,38.337,35.837,25.0,45.0,60.0,,75.0,1.5,36.39,,,0,trial
2026-07-04T20:27:06,forecast_hot_humid_bursty_r2,forecast,hot_humid,bursty,2,38.836,38.536,38.336,35.836,25.0,45.0,60.0,,75.0,1.5,36.4,,,0,trial
2026-07-04T20:27:06,forecast_hot_humid_bursty_r2,forecast,hot_humid,bursty,2,38.834,38.534,38.334,35.834,25.0,45.0,60.0,,75.0,1.5,36.41,,,0,trial
2026-07-04T20:27:06,forecast_hot_humid_bursty_r2,forecast,hot_humid,bursty,2,38.833,38.533,38.333,35.833,25.0,45.0,60.0,,75.0,1.5,36.42,,,0,trial
2026-07-04T20:27:06,forecast_hot_humid_bursty_r2,forecast,hot_humid,bursty,2,38.832,38.532,38.332,35.832,25.0,45.0,60.0,,75.0,1.5,36.43,,,0,trial
2026-07-04T20:27:06,forecast_hot_humid_bursty_r2,forecast,hot_humid,bursty,2,38.831,38.531,38.331,35.831,25.0,45.0,60.0,,75.0,1.5,36.43,,,0,trial
2026-07-04T20:27:06,forecast_hot_humid_bursty_r2,forecast,hot_humid,bursty,2,38.829,38.529,38.329,35.829,25.0,45.0,60.0,,75.0,1.5,36.44,,,0,trial
2026-07-04T20:27:06,forecast_hot_humid_bursty_r2,forecast,hot_humid,bursty,2,38.828,38.528,38.328,35.828,25.0,45.0,60.0,,75.0,1.5,36.45,,,0,trial
2026-07-04T20:27:06,forecast_hot_humid_bursty_r2,forecast,hot_humid,bursty,2,38.827,38.527,38.327,35.827,25.0,45.0,60.0,,75.0,1.5,36.46,,,0,trial
2026-07-04T20:27:06,forecast_hot_humid_bursty_r2,forecast,hot_humid,bursty,2,38.825,38.525,38.325,35.825,25.0,45.0,60.0,,75.0,1.5,36.47,,,0,trial
2026-07-04T20:27:06,forecast_hot_humid_bursty_r2,forecast,hot_humid,bursty,2,38.824,38.524,38.324,35.824,25.0,45.0,60.0,,75.0,1.5,36.48,,,0,trial
2026-07-04T20:27:06,forecast_hot_humid_bursty_r2,forecast,hot_humid,bursty,2,38.823,38.523,38.323,35.823,25.0,45.0,60.0,,75.0,1.5,36.49,,,0,trial
2026-07-04T20:27:06,forecast_hot_humid_bursty_r2,forecast,hot_humid,bursty,2,38.821,38.521,38.321,35.821,25.0,45.0,60.0,,75.0,1.5,36.49,,,0,trial
2026-07-04T20:27:06,forecast_hot_humid_bursty_r2,forecast,hot_humid,bursty,2,38.82,38.52,38.32,35.82,25.0,45.0,60.0,,75.0,1.5,36.5,,,0,trial
2026-07-04T20:27:06,forecast_hot_humid_bursty_r2,forecast,hot_humid,bursty,2,38.819,38.519,38.319,35.819,25.0,45.0,60.0,,75.0,1.5,36.51,,,0,trial
2026-07-04T20:27:06,forecast_hot_humid_bursty_r2,forecast,hot_humid,bursty,2,38.818,38.518,38.318,35.818,25.0,45.0,60.0,,75.0,1.5,36.52,,,0,trial
2026-07-04T20:27:06,forecast_hot_humid_bursty_r2,forecast,hot_humid,bursty,2,38.816,38.516,38.316,35.816,25.0,45.0,60.0,,75.0,1.5,36.53,,,0,trial
2026-07-04T20:27:06,forecast_hot_humid_bursty_r2,forecast,hot_humid,bursty,2,38.815,38.515,38.315,35.815,25.0,45.0,60.0,,75.0,1.5,36.54,,,0,trial
2026-07-04T20:27:06,forecast_hot_humid_bursty_r2,forecast,hot_humid,bursty,2,38.814,38.514,38.314,35.814,25.0,45.0,60.0,,75.0,1.5,36.54,,,0,trial
2026-07-04T20:27:06,forecast_hot_humid_bursty_r2,forecast,hot_humid,bursty,2,38.812,38.512,38.312,35.812,25.0,45.0,60.0,,75.0,1.5,36.55,,,0,trial
2026-07-04T20:27:06,forecast_hot_humid_bursty_r2,forecast,hot_humid,bursty,2,38.811,38.511,38.311,35.811,25.0,45.0,60.0,,75.0,1.5,36.56,,,0,trial
2026-07-04T20:27:06,forecast_hot_humid_bursty_r2,forecast,hot_humid,bursty,2,38.81,38.51,38.31,35.81,25.0,45.0,60.0,,75.0,1.5,36.57,,,0,trial
2026-07-04T20:27:06,forecast_hot_humid_bursty_r2,forecast,hot_humid,bursty,2,38.809,38.509,38.309,35.809,25.0,45.0,60.0,,75.0,1.5,36.58,,,0,trial
2026-07-04T20:27:06,forecast_hot_humid_bursty_r2,forecast,hot_humid,bursty,2,38.807,38.507,38.307,35.807,25.0,45.0,60.0,,75.0,1.5,36.58,,,0,trial
2026-07-04T20:27:06,forecast_hot_humid_bursty_r2,forecast,hot_humid,bursty,2,38.806,38.506,38.306,35.806,25.0,45.0,60.0,,75.0,1.5,36.59,,,0,trial
2026-07-04T20:27:06,forecast_hot_humid_bursty_r2,forecast,hot_humid,bursty,2,38.805,38.505,38.305,35.805,25.0,45.0,60.0,,75.0,1.5,36.6,,,0,trial
2026-07-04T20:27:06,forecast_hot_humid_bursty_r2,forecast,hot_humid,bursty,2,38.803,38.503,38.303,35.803,25.0,45.0,60.0,,75.0,1.5,36.61,,,0,trial
2026-07-04T20:27:06,forecast_hot_humid_bursty_r2,forecast,hot_humid,bursty,2,38.802,38.502,38.302,35.802,25.0,45.0,60.0,,75.0,1.5,36.61,,,0,trial
2026-07-04T20:27:06,forecast_hot_humid_bursty_r2,forecast,hot_humid,bursty,2,38.801,38.501,38.301,35.801,25.0,45.0,60.0,,75.0,1.5,36.62,,,0,trial
2026-07-04T20:27:06,forecast_hot_humid_bursty_r2,forecast,hot_humid,bursty,2,38.8,38.5,38.3,35.8,25.0,45.0,60.0,,75.0,1.5,36.63,,,0,trial
2026-07-04T20:27:06,forecast_hot_humid_bursty_r2,forecast,hot_humid,bursty,2,38.797,38.497,38.297,35.797,25.0,45.0,60.0,,75.0,1.5,36.64,,,0,trial
2026-07-04T20:27:06,forecast_hot_humid_bursty_r2,forecast,hot_humid,bursty,2,38.796,38.496,38.296,35.796,25.0,45.0,60.0,,75.0,1.5,36.64,,,0,trial
2026-07-04T20:27:06,forecast_hot_humid_bursty_r2,forecast,hot_humid,bursty,2,38.794,38.494,38.294,35.794,25.0,45.0,60.0,,75.0,1.5,36.65,,,0,trial
2026-07-04T20:27:06,forecast_hot_humid_bursty_r2,forecast,hot_humid,bursty,2,38.793,38.493,38.293,35.793,25.0,45.0,60.0,,75.0,1.5,36.66,,,0,trial
2026-07-04T20:27:06,forecast_hot_humid_bursty_r2,forecast,hot_humid,bursty,2,38.792,38.492,38.292,35.792,25.0,45.0,60.0,,75.0,1.5,36.67,,,0,trial
2026-07-04T20:27:06,forecast_hot_humid_bursty_r2,forecast,hot_humid,bursty,2,38.791,38.491,38.291,35.791,25.0,45.0,60.0,,75.0,1.5,36.67,,,0,trial
2026-07-04T20:27:06,forecast_hot_humid_bursty_r2,forecast,hot_humid,bursty,2,38.789,38.489,38.289,35.789,25.0,45.0,60.0,,75.0,1.5,36.68,,,0,trial
2026-07-04T20:27:06,forecast_hot_humid_bursty_r2,forecast,hot_humid,bursty,2,38.788,38.488,38.288,35.788,25.0,45.0,60.0,,75.0,1.5,36.69,,,0,trial
2026-07-04T20:27:06,forecast_hot_humid_bursty_r2,forecast,hot_humid,bursty,2,38.787,38.487,38.287,35.787,25.0,45.0,60.0,,75.0,1.5,36.69,,,0,trial
2026-07-04T20:27:06,forecast_hot_humid_bursty_r2,forecast,hot_humid,bursty,2,38.786,38.486,38.286,35.786,25.0,45.0,60.0,,75.0,1.5,36.7,,,0,trial
2026-07-04T20:27:06,forecast_hot_humid_bursty_r2,forecast,hot_humid,bursty,2,38.784,38.484,38.284,35.784,25.0,45.0,60.0,,75.0,1.5,36.71,,,0,trial
2026-07-04T20:27:06,forecast_hot_humid_bursty_r2,forecast,hot_humid,bursty,2,38.783,38.483,38.283,35.783,25.0,45.0,60.0,,75.0,1.5,36.72,,,0,trial
2026-07-04T20:27:06,forecast_hot_humid_bursty_r2,forecast,hot_humid,bursty,2,38.782,38.482,38.282,35.782,25.0,45.0,60.0,,75.0,1.5,36.72,,,0,trial
2026-07-04T20:27:06,forecast_hot_humid_bursty_r2,forecast,hot_humid,bursty,2,38.781,38.481,38.281,35.781,25.0,45.0,60.0,,75.0,1.5,36.73,,,0,trial
2026-07-04T20:27:06,forecast_hot_humid_bursty_r2,forecast,hot_humid,bursty,2,38.779,38.479,38.279,35.779,25.0,45.0,60.0,,75.0,1.5,36.74,,,0,trial
2026-07-04T20:27:06,forecast_hot_humid_bursty_r2,forecast,hot_humid,bursty,2,38.778,38.478,38.278,35.778,25.0,45.0,60.0,,75.0,1.5,36.74,,,0,trial
2026-07-04T20:27:06,forecast_hot_humid_bursty_r2,forecast,hot_humid,bursty,2,38.777,38.477,38.277,35.777,25.0,45.0,60.0,,75.0,1.5,36.75,,,0,trial
2026-07-04T20:27:06,forecast_hot_humid_bursty_r2,forecast,hot_humid,bursty,2,38.775,38.475,38.275,35.775,25.0,45.0,60.0,,75.0,1.5,36.76,,,0,trial
2026-07-04T20:27:06,forecast_hot_humid_bursty_r2,forecast,hot_humid,bursty,2,38.774,38.474,38.274,35.774,25.0,45.0,60.0,,75.0,1.5,36.76,,,0,trial
2026-07-04T20:27:06,forecast_hot_humid_bursty_r2,forecast,hot_humid,bursty,2,38.773,38.473,38.273,35.773,25.0,45.0,60.0,,75.0,1.5,36.77,,,0,trial
2026-07-04T20:27:06,forecast_hot_humid_bursty_r2,forecast,hot_humid,bursty,2,38.772,38.472,38.272,35.772,25.0,45.0,60.0,,75.0,1.5,36.77,,,0,trial
2026-07-04T20:27:06,forecast_hot_humid_bursty_r2,forecast,hot_humid,bursty,2,38.77,38.47,38.27,35.77,25.0,45.0,60.0,,75.0,1.5,36.78,,,0,trial
2026-07-04T20:27:06,forecast_hot_humid_bursty_r2,forecast,hot_humid,bursty,2,38.769,38.469,38.269,35.769,25.0,45.0,60.0,,75.0,1.5,36.79,,,0,trial
2026-07-04T20:27:06,forecast_hot_humid_bursty_r2,forecast,hot_humid,bursty,2,38.768,38.468,38.268,35.768,25.0,45.0,60.0,,75.0,1.5,36.79,,,0,trial
2026-07-04T20:27:06,forecast_hot_humid_bursty_r2,forecast,hot_humid,bursty,2,38.767,38.467,38.267,35.767,25.0,45.0,60.0,,75.0,1.5,36.8,,,0,trial
2026-07-04T20:27:06,forecast_hot_humid_bursty_r2,forecast,hot_humid,bursty,2,38.765,38.465,38.265,35.765,25.0,45.0,60.0,,75.0,1.5,36.81,,,0,trial
2026-07-04T20:27:06,forecast_hot_humid_bursty_r2,forecast,hot_humid,bursty,2,38.764,38.464,38.264,35.764,25.0,45.0,60.0,,75.0,1.5,36.81,,,0,trial
2026-07-04T20:27:06,forecast_hot_humid_bursty_r2,forecast,hot_humid,bursty,2,38.763,38.463,38.263,35.763,25.0,45.0,60.0,,75.0,1.5,36.82,,,0,trial
2026-07-04T20:27:06,forecast_hot_humid_bursty_r2,forecast,hot_humid,bursty,2,38.762,38.462,38.262,35.762,25.0,45.0,60.0,,75.0,1.5,36.82,,,0,trial
2026-07-04T20:27:06,forecast_hot_humid_bursty_r2,forecast,hot_humid,bursty,2,38.76,38.46,38.26,35.76,25.0,45.0,60.0,,75.0,1.5,36.83,,,0,trial
2026-07-04T20:27:06,forecast_hot_humid_bursty_r2,forecast,hot_humid,bursty,2,38.758,38.458,38.258,35.758,25.0,45.0,60.0,,75.0,1.5,36.84,,,0,trial
2026-07-04T20:27:06,forecast_hot_humid_bursty_r2,forecast,hot_humid,bursty,2,38.757,38.457,38.257,35.757,25.0,45.0,60.0,,75.0,1.5,36.84,,,0,trial
2026-07-04T20:27:06,forecast_hot_humid_bursty_r2,forecast,hot_humid,bursty,2,38.755,38.455,38.255,35.755,25.0,45.0,60.0,,75.0,1.5,36.85,,,0,trial
2026-07-04T20:27:06,forecast_hot_humid_bursty_r2,forecast,hot_humid,bursty,2,38.754,38.454,38.254,35.754,25.0,45.0,60.0,,75.0,1.5,36.85,,,0,trial
2026-07-04T20:27:06,forecast_hot_humid_bursty_r2,forecast,hot_humid,bursty,2,38.753,38.453,38.253,35.753,25.0,45.0,60.0,,75.0,1.5,36.86,,,0,trial
2026-07-04T20:27:06,forecast_hot_humid_bursty_r2,forecast,hot_humid,bursty,2,38.752,38.452,38.252,35.752,25.0,45.0,60.0,,75.0,1.5,36.86,,,0,trial
2026-07-04T20:27:06,forecast_hot_humid_bursty_r2,forecast,hot_humid,bursty,2,38.75,38.45,38.25,35.75,25.0,45.0,60.0,,75.0,1.5,36.87,,,0,trial
2026-07-04T20:27:06,forecast_hot_humid_bursty_r2,forecast,hot_humid,bursty,2,38.749,38.449,38.249,35.749,25.0,45.0,60.0,,75.0,1.5,36.87,,,0,trial
2026-07-04T20:27:06,forecast_hot_humid_bursty_r2,forecast,hot_humid,bursty,2,38.748,38.448,38.248,35.748,25.0,45.0,60.0,,75.0,1.5,36.88,,,0,trial
2026-07-04T20:27:06,forecast_hot_humid_bursty_r2,forecast,hot_humid,bursty,2,38.747,38.447,38.247,35.747,25.0,45.0,60.0,,75.0,1.5,36.88,,,0,trial
2026-07-04T20:27:06,forecast_hot_humid_bursty_r2,forecast,hot_humid,bursty,2,38.745,38.445,38.245,35.745,25.0,45.0,60.0,,75.0,1.5,36.89,,,0,trial
2026-07-04T20:27:06,forecast_hot_humid_bursty_r2,forecast,hot_humid,bursty,2,38.744,38.444,38.244,35.744,25.0,45.0,60.0,,75.0,1.5,36.9,,,0,trial
2026-07-04T20:27:06,forecast_hot_humid_bursty_r2,forecast,hot_humid,bursty,2,38.743,38.443,38.243,35.743,25.0,45.0,60.0,,75.0,1.5,36.9,,,0,trial
2026-07-04T20:27:06,forecast_hot_humid_bursty_r2,forecast,hot_humid,bursty,2,38.742,38.442,38.242,35.742,25.0,45.0,60.0,,75.0,1.5,36.91,,,0,trial
2026-07-04T20:27:06,forecast_hot_humid_bursty_r2,forecast,hot_humid,bursty,2,38.74,38.44,38.24,35.74,25.0,45.0,60.0,,75.0,1.5,36.91,,,0,trial
2026-07-04T20:27:06,forecast_hot_humid_bursty_r2,forecast,hot_humid,bursty,2,38.739,38.439,38.239,35.739,25.0,45.0,60.0,,75.0,1.5,36.92,,,0,trial
2026-07-04T20:27:06,forecast_hot_humid_bursty_r2,forecast,hot_humid,bursty,2,38.738,38.438,38.238,35.738,25.0,45.0,60.0,,75.0,1.5,36.92,,,0,trial
2026-07-04T20:27:06,forecast_hot_humid_bursty_r2,forecast,hot_humid,bursty,2,38.737,38.437,38.237,35.737,25.0,45.0,60.0,,75.0,1.5,36.92,,,0,trial
2026-07-04T20:27:06,forecast_hot_humid_bursty_r2,forecast,hot_humid,bursty,2,38.736,38.436,38.236,35.736,25.0,45.0,60.0,,75.0,1.5,36.93,,,0,trial
2026-07-04T20:27:06,forecast_hot_humid_bursty_r2,forecast,hot_humid,bursty,2,38.734,38.434,38.234,35.734,25.0,45.0,60.0,,75.0,1.5,36.93,,,0,trial
2026-07-04T20:27:06,forecast_hot_humid_bursty_r2,forecast,hot_humid,bursty,2,38.733,38.433,38.233,35.733,25.0,45.0,60.0,,75.0,1.5,36.94,,,0,trial
2026-07-04T20:27:06,forecast_hot_humid_bursty_r2,forecast,hot_humid,bursty,2,38.732,38.432,38.232,35.732,25.0,45.0,60.0,,75.0,1.5,36.94,,,0,trial
2026-07-04T20:27:06,forecast_hot_humid_bursty_r2,forecast,hot_humid,bursty,2,38.731,38.431,38.231,35.731,25.0,45.0,60.0,,75.0,1.5,36.95,,,0,trial
2026-07-04T20:27:06,forecast_hot_humid_bursty_r2,forecast,hot_humid,bursty,2,38.729,38.429,38.229,35.729,25.0,45.0,60.0,,75.0,1.5,36.95,,,0,trial
2026-07-04T20:27:06,forecast_hot_humid_bursty_r2,forecast,hot_humid,bursty,2,38.728,38.428,38.228,35.728,25.0,45.0,60.0,,75.0,1.5,36.96,,,0,trial
2026-07-04T20:27:06,forecast_hot_humid_bursty_r2,forecast,hot_humid,bursty,2,38.727,38.427,38.227,35.727,25.0,45.0,60.0,,75.0,1.5,36.96,,,0,trial
2026-07-04T20:27:06,forecast_hot_humid_bursty_r2,forecast,hot_humid,bursty,2,38.726,38.426,38.226,35.726,25.0,45.0,60.0,,75.0,1.5,36.96,,,0,trial
2026-07-04T20:27:06,forecast_hot_humid_bursty_r2,forecast,hot_humid,bursty,2,38.724,38.424,38.224,35.724,25.0,45.0,60.0,,75.0,1.5,36.97,,,0,trial
2026-07-04T20:27:06,forecast_hot_humid_bursty_r2,forecast,hot_humid,bursty,2,38.723,38.423,38.223,35.723,25.0,45.0,60.0,,75.0,1.5,36.97,,,0,trial
2026-07-04T20:27:06,forecast_hot_humid_bursty_r2,forecast,hot_humid,bursty,2,38.722,38.422,38.222,35.722,25.0,45.0,60.0,,75.0,1.5,36.98,,,0,trial
2026-07-04T20:27:06,forecast_hot_humid_bursty_r2,forecast,hot_humid,bursty,2,38.721,38.421,38.221,35.721,25.0,45.0,60.0,,50.0,1.0,36.98,,,0,trial
2026-07-04T20:27:06,forecast_hot_humid_bursty_r2,forecast,hot_humid,bursty,2,38.722,38.422,38.222,35.722,25.0,45.0,60.0,,50.0,1.0,36.99,,,0,trial
2026-07-04T20:27:06,forecast_hot_humid_bursty_r2,forecast,hot_humid,bursty,2,38.723,38.423,38.223,35.723,25.0,45.0,60.0,,50.0,1.0,36.99,,,0,trial
2026-07-04T20:27:06,forecast_hot_humid_bursty_r2,forecast,hot_humid,bursty,2,38.723,38.423,38.223,35.723,25.0,45.0,60.0,,50.0,1.0,36.99,,,0,trial
2026-07-04T20:27:06,forecast_hot_humid_bursty_r2,forecast,hot_humid,bursty,2,38.724,38.424,38.224,35.724,25.0,45.0,60.0,,50.0,1.0,37.0,,,0,trial
2026-07-04T20:27:06,forecast_hot_humid_bursty_r2,forecast,hot_humid,bursty,2,38.725,38.425,38.225,35.725,25.0,45.0,60.0,,50.0,1.0,37.0,,,0,trial
2026-07-04T20:27:06,forecast_hot_humid_bursty_r2,forecast,hot_humid,bursty,2,38.725,38.425,38.225,35.725,25.0,45.0,60.0,,50.0,1.0,37.0,,,0,trial
2026-07-04T20:27:06,forecast_hot_humid_bursty_r2,forecast,hot_humid,bursty,2,38.726,38.426,38.226,35.726,25.0,45.0,60.0,,50.0,1.0,37.01,,,0,trial
2026-07-04T20:27:06,forecast_hot_humid_bursty_r2,forecast,hot_humid,bursty,2,38.727,38.427,38.227,35.727,25.0,45.0,60.0,,50.0,1.0,37.01,,,0,trial
2026-07-04T20:27:06,forecast_hot_humid_bursty_r2,forecast,hot_humid,bursty,2,38.727,38.427,38.227,35.727,25.0,45.0,60.0,,50.0,1.0,37.01,,,0,trial
2026-07-04T20:27:06,forecast_hot_humid_bursty_r2,forecast,hot_humid,bursty,2,38.728,38.428,38.228,35.728,25.0,45.0,60.0,,50.0,1.0,37.02,,,0,trial
2026-07-04T20:27:06,forecast_hot_humid_bursty_r2,forecast,hot_humid,bursty,2,38.729,38.429,38.229,35.729,25.0,45.0,60.0,,50.0,1.0,37.02,,,0,trial
2026-07-04T20:27:06,forecast_hot_humid_bursty_r2,forecast,hot_humid,bursty,2,38.729,38.429,38.229,35.729,25.0,45.0,60.0,,50.0,1.0,37.02,,,0,trial
2026-07-04T20:27:06,forecast_hot_humid_bursty_r2,forecast,hot_humid,bursty,2,38.73,38.43,38.23,35.73,25.0,45.0,60.0,,50.0,1.0,37.03,,,0,trial
2026-07-04T20:27:06,forecast_hot_humid_bursty_r2,forecast,hot_humid,bursty,2,38.731,38.431,38.231,35.731,25.0,45.0,60.0,,50.0,1.0,37.03,,,0,trial
2026-07-04T20:27:06,forecast_hot_humid_bursty_r2,forecast,hot_humid,bursty,2,38.731,38.431,38.231,35.731,25.0,45.0,60.0,,50.0,1.0,37.03,,,0,trial
2026-07-04T20:27:06,forecast_hot_humid_bursty_r2,forecast,hot_humid,bursty,2,38.732,38.432,38.232,35.732,25.0,45.0,60.0,,50.0,1.0,37.04,,,0,trial
2026-07-04T20:27:06,forecast_hot_humid_bursty_r2,forecast,hot_humid,bursty,2,38.733,38.433,38.233,35.733,25.0,45.0,60.0,,50.0,1.0,37.04,,,0,trial
2026-07-04T20:27:06,forecast_hot_humid_bursty_r2,forecast,hot_humid,bursty,2,38.733,38.433,38.233,35.733,25.0,45.0,60.0,,50.0,1.0,37.04,,,0,trial
2026-07-04T20:27:06,forecast_hot_humid_bursty_r2,forecast,hot_humid,bursty,2,38.734,38.434,38.234,35.734,25.0,45.0,60.0,,50.0,1.0,37.04,,,0,trial
2026-07-04T20:27:06,forecast_hot_humid_bursty_r2,forecast,hot_humid,bursty,2,38.735,38.435,38.235,35.735,25.0,45.0,60.0,,50.0,1.0,37.05,,,0,trial
2026-07-04T20:27:06,forecast_hot_humid_bursty_r2,forecast,hot_humid,bursty,2,38.735,38.435,38.235,35.735,25.0,45.0,60.0,,50.0,1.0,37.05,,,0,trial
2026-07-04T20:27:06,forecast_hot_humid_bursty_r2,forecast,hot_humid,bursty,2,38.736,38.436,38.236,35.736,25.0,45.0,60.0,,50.0,1.0,37.05,,,0,trial
2026-07-04T20:27:06,forecast_hot_humid_bursty_r2,forecast,hot_humid,bursty,2,38.737,38.437,38.237,35.737,25.0,45.0,60.0,,50.0,1.0,37.05,,,0,trial
2026-07-04T20:27:06,forecast_hot_humid_bursty_r2,forecast,hot_humid,bursty,2,38.737,38.437,38.237,35.737,25.0,45.0,60.0,,50.0,1.0,37.06,,,0,trial
2026-07-04T20:27:06,forecast_hot_humid_bursty_r2,forecast,hot_humid,bursty,2,38.738,38.438,38.238,35.738,25.0,45.0,60.0,,50.0,1.0,37.06,,,0,trial
2026-07-04T20:27:06,forecast_hot_humid_bursty_r2,forecast,hot_humid,bursty,2,38.739,38.439,38.239,35.739,25.0,45.0,60.0,,50.0,1.0,37.06,,,0,trial
2026-07-04T20:27:06,forecast_hot_humid_bursty_r2,forecast,hot_humid,bursty,2,38.739,38.439,38.239,35.739,25.0,45.0,60.0,,50.0,1.0,37.06,,,0,trial
2026-07-04T20:27:06,forecast_hot_humid_bursty_r2,forecast,hot_humid,bursty,2,38.74,38.44,38.24,35.74,25.0,45.0,60.0,,50.0,1.0,37.07,,,0,trial
2026-07-04T20:27:06,forecast_hot_humid_bursty_r2,forecast,hot_humid,bursty,2,38.741,38.441,38.241,35.741,25.0,45.0,60.0,,50.0,1.0,37.07,,,0,trial
2026-07-04T20:27:06,forecast_hot_humid_bursty_r2,forecast,hot_humid,bursty,2,38.742,38.442,38.242,35.742,25.0,45.0,60.0,,50.0,1.0,37.07,,,0,trial
2026-07-04T20:27:06,forecast_hot_humid_bursty_r2,forecast,hot_humid,bursty,2,38.743,38.443,38.243,35.743,25.0,45.0,60.0,,50.0,1.0,37.07,,,0,trial
2026-07-04T20:27:06,forecast_hot_humid_bursty_r2,forecast,hot_humid,bursty,2,38.743,38.443,38.243,35.743,25.0,45.0,60.0,,50.0,1.0,37.07,,,0,trial
2026-07-04T20:27:06,forecast_hot_humid_bursty_r2,forecast,hot_humid,bursty,2,38.744,38.444,38.244,35.744,25.0,45.0,60.0,,50.0,1.0,37.08,,,0,trial
2026-07-04T20:27:06,forecast_hot_humid_bursty_r2,forecast,hot_humid,bursty,2,38.745,38.445,38.245,35.745,25.0,45.0,60.0,,50.0,1.0,37.08,,,0,trial
2026-07-04T20:27:06,forecast_hot_humid_bursty_r2,forecast,hot_humid,bursty,2,38.745,38.445,38.245,35.745,25.0,45.0,60.0,,50.0,1.0,37.08,,,0,trial
2026-07-04T20:27:06,forecast_hot_humid_bursty_r2,forecast,hot_humid,bursty,2,38.746,38.446,38.246,35.746,25.0,45.0,60.0,,50.0,1.0,37.08,,,0,trial
2026-07-04T20:27:06,forecast_hot_humid_bursty_r2,forecast,hot_humid,bursty,2,38.747,38.447,38.247,35.747,25.0,45.0,60.0,,50.0,1.0,37.08,,,0,trial
2026-07-04T20:27:06,forecast_hot_humid_bursty_r2,forecast,hot_humid,bursty,2,38.747,38.447,38.247,35.747,25.0,45.0,60.0,,50.0,1.0,37.08,,,0,trial
2026-07-04T20:27:06,forecast_hot_humid_bursty_r2,forecast,hot_humid,bursty,2,38.748,38.448,38.248,35.748,25.0,45.0,60.0,,50.0,1.0,37.09,,,0,trial
2026-07-04T20:27:06,forecast_hot_humid_bursty_r2,forecast,hot_humid,bursty,2,38.749,38.449,38.249,35.749,25.0,45.0,60.0,,50.0,1.0,37.09,,,0,trial
2026-07-04T20:27:06,forecast_hot_humid_bursty_r2,forecast,hot_humid,bursty,2,38.749,38.449,38.249,35.749,25.0,45.0,60.0,,50.0,1.0,37.09,,,0,trial
2026-07-04T20:27:06,forecast_hot_humid_bursty_r2,forecast,hot_humid,bursty,2,38.75,38.45,38.25,35.75,25.0,45.0,60.0,,50.0,1.0,37.09,,,0,trial
2026-07-04T20:27:06,forecast_hot_humid_bursty_r2,forecast,hot_humid,bursty,2,38.751,38.451,38.251,35.751,25.0,45.0,60.0,,50.0,1.0,37.09,,,0,trial
2026-07-04T20:27:06,forecast_hot_humid_bursty_r2,forecast,hot_humid,bursty,2,38.751,38.451,38.251,35.751,25.0,45.0,60.0,,50.0,1.0,37.09,,,0,trial
2026-07-04T20:27:06,forecast_hot_humid_bursty_r2,forecast,hot_humid,bursty,2,38.752,38.452,38.252,35.752,25.0,45.0,60.0,,50.0,1.0,37.09,,,0,trial
2026-07-04T20:27:06,forecast_hot_humid_bursty_r2,forecast,hot_humid,bursty,2,38.753,38.453,38.253,35.753,25.0,45.0,60.0,,50.0,1.0,37.09,,,0,trial
2026-07-04T20:27:06,forecast_hot_humid_bursty_r2,forecast,hot_humid,bursty,2,38.753,38.453,38.253,35.753,25.0,45.0,60.0,,50.0,1.0,37.09,,,0,trial
2026-07-04T20:27:06,forecast_hot_humid_bursty_r2,forecast,hot_humid,bursty,2,38.754,38.454,38.254,35.754,25.0,45.0,60.0,,50.0,1.0,37.1,,,0,trial
2026-07-04T20:27:06,forecast_hot_humid_bursty_r2,forecast,hot_humid,bursty,2,38.755,38.455,38.255,35.755,25.0,45.0,60.0,,50.0,1.0,37.1,,,0,trial
2026-07-04T20:27:06,forecast_hot_humid_bursty_r2,forecast,hot_humid,bursty,2,38.755,38.455,38.255,35.755,25.0,45.0,60.0,,50.0,1.0,37.1,,,0,trial
2026-07-04T20:27:06,forecast_hot_humid_bursty_r2,forecast,hot_humid,bursty,2,38.756,38.456,38.256,35.756,25.0,45.0,60.0,,50.0,1.0,37.1,,,0,trial
2026-07-04T20:27:06,forecast_hot_humid_bursty_r2,forecast,hot_humid,bursty,2,38.757,38.457,38.257,35.757,25.0,45.0,60.0,,50.0,1.0,37.1,,,0,trial
2026-07-04T20:27:06,forecast_hot_humid_bursty_r2,forecast,hot_humid,bursty,2,38.757,38.457,38.257,35.757,25.0,45.0,60.0,,50.0,1.0,37.1,,,0,trial
2026-07-04T20:27:06,forecast_hot_humid_bursty_r2,forecast,hot_humid,bursty,2,38.758,38.458,38.258,35.758,25.0,45.0,60.0,,50.0,1.0,37.1,,,0,trial
2026-07-04T20:27:06,forecast_hot_humid_bursty_r2,forecast,hot_humid,bursty,2,38.758,38.458,38.258,35.758,25.0,45.0,60.0,,50.0,1.0,37.1,,,0,trial
2026-07-04T20:27:06,forecast_hot_humid_bursty_r2,forecast,hot_humid,bursty,2,38.759,38.459,38.259,35.759,25.0,45.0,60.0,,50.0,1.0,37.1,,,0,trial
2026-07-04T20:27:06,forecast_hot_humid_bursty_r2,forecast,hot_humid,bursty,2,38.76,38.46,38.26,35.76,25.0,45.0,60.0,,50.0,1.0,37.1,,,0,trial
2026-07-04T20:27:06,forecast_hot_humid_bursty_r2,forecast,hot_humid,bursty,2,38.76,38.46,38.26,35.76,25.0,45.0,60.0,,50.0,1.0,37.1,,,0,trial
2026-07-04T20:27:06,forecast_hot_humid_bursty_r2,forecast,hot_humid,bursty,2,38.761,38.461,38.261,35.761,25.0,45.0,60.0,,50.0,1.0,37.1,,,0,trial
2026-07-04T20:27:06,forecast_hot_humid_bursty_r2,forecast,hot_humid,bursty,2,38.759,38.459,38.259,35.759,25.0,45.0,60.0,,100.0,2.0,37.1,,,0,trial
2026-07-04T20:27:06,forecast_hot_humid_bursty_r2,forecast,hot_humid,bursty,2,38.756,38.456,38.256,35.756,25.0,45.0,60.0,,100.0,2.0,37.1,,,0,trial
2026-07-04T20:27:06,forecast_hot_humid_bursty_r2,forecast,hot_humid,bursty,2,38.753,38.453,38.253,35.753,25.0,45.0,60.0,,100.0,2.0,37.1,,,0,trial
2026-07-04T20:27:06,forecast_hot_humid_bursty_r2,forecast,hot_humid,bursty,2,38.75,38.45,38.25,35.75,25.0,45.0,60.0,,100.0,2.0,37.1,,,0,trial
2026-07-04T20:27:06,forecast_hot_humid_bursty_r2,forecast,hot_humid,bursty,2,38.747,38.447,38.247,35.747,25.0,45.0,60.0,,100.0,2.0,37.1,,,0,trial
2026-07-04T20:27:06,forecast_hot_humid_bursty_r2,forecast,hot_humid,bursty,2,38.744,38.444,38.244,35.744,25.0,45.0,60.0,,100.0,2.0,37.1,,,0,trial
2026-07-04T20:27:06,forecast_hot_humid_bursty_r2,forecast,hot_humid,bursty,2,38.741,38.441,38.241,35.741,25.0,45.0,60.0,,100.0,2.0,37.1,,,0,trial
2026-07-04T20:27:06,forecast_hot_humid_bursty_r2,forecast,hot_humid,bursty,2,38.738,38.438,38.238,35.738,25.0,45.0,60.0,,100.0,2.0,37.1,,,0,trial
2026-07-04T20:27:06,forecast_hot_humid_bursty_r2,forecast,hot_humid,bursty,2,38.735,38.435,38.235,35.735,25.0,45.0,60.0,,100.0,2.0,37.1,,,0,trial
2026-07-04T20:27:06,forecast_hot_humid_bursty_r2,forecast,hot_humid,bursty,2,38.732,38.432,38.232,35.732,25.0,45.0,60.0,,100.0,2.0,37.1,,,0,trial
2026-07-04T20:27:06,forecast_hot_humid_bursty_r2,forecast,hot_humid,bursty,2,38.729,38.429,38.229,35.729,25.0,45.0,60.0,,100.0,2.0,37.1,,,0,trial
2026-07-04T20:27:06,forecast_hot_humid_bursty_r2,forecast,hot_humid,bursty,2,38.726,38.426,38.226,35.726,25.0,45.0,60.0,,100.0,2.0,37.1,,,0,trial
2026-07-04T20:27:06,forecast_hot_humid_bursty_r2,forecast,hot_humid,bursty,2,38.723,38.423,38.223,35.723,25.0,45.0,60.0,,100.0,2.0,37.1,,,0,trial
2026-07-04T20:27:06,forecast_hot_humid_bursty_r2,forecast,hot_humid,bursty,2,38.72,38.42,38.22,35.72,25.0,45.0,60.0,,100.0,2.0,37.09,,,0,trial
2026-07-04T20:27:06,forecast_hot_humid_bursty_r2,forecast,hot_humid,bursty,2,38.717,38.417,38.217,35.717,25.0,45.0,60.0,,100.0,2.0,37.09,,,0,trial
2026-07-04T20:27:06,forecast_hot_humid_bursty_r2,forecast,hot_humid,bursty,2,38.714,38.414,38.214,35.714,25.0,45.0,60.0,,100.0,2.0,37.09,,,0,trial
2026-07-04T20:27:06,forecast_hot_humid_bursty_r2,forecast,hot_humid,bursty,2,38.712,38.412,38.212,35.712,25.0,45.0,60.0,,100.0,2.0,37.09,,,0,trial
2026-07-04T20:27:06,forecast_hot_humid_bursty_r2,forecast,hot_humid,bursty,2,38.709,38.409,38.209,35.709,25.0,45.0,60.0,,100.0,2.0,37.09,,,0,trial
2026-07-04T20:27:06,forecast_hot_humid_bursty_r2,forecast,hot_humid,bursty,2,38.706,38.406,38.206,35.706,25.0,45.0,60.0,,100.0,2.0,37.09,,,0,trial
2026-07-04T20:27:06,forecast_hot_humid_bursty_r2,forecast,hot_humid,bursty,2,38.703,38.403,38.203,35.703,25.0,45.0,60.0,,100.0,2.0,37.09,,,0,trial
2026-07-04T20:27:06,forecast_hot_humid_bursty_r2,forecast,hot_humid,bursty,2,38.7,38.4,38.2,35.7,25.0,45.0,60.0,,100.0,2.0,37.09,,,0,trial
2026-07-04T20:27:06,forecast_hot_humid_bursty_r2,forecast,hot_humid,bursty,2,38.697,38.397,38.197,35.697,25.0,45.0,60.0,,100.0,2.0,37.09,,,0,trial
2026-07-04T20:27:06,forecast_hot_humid_bursty_r2,forecast,hot_humid,bursty,2,38.694,38.394,38.194,35.694,25.0,45.0,60.0,,100.0,2.0,37.08,,,0,trial
2026-07-04T20:27:06,forecast_hot_humid_bursty_r2,forecast,hot_humid,bursty,2,38.691,38.391,38.191,35.691,25.0,45.0,60.0,,100.0,2.0,37.08,,,0,trial
2026-07-04T20:27:06,forecast_hot_humid_bursty_r2,forecast,hot_humid,bursty,2,38.688,38.388,38.188,35.688,25.0,45.0,60.0,,100.0,2.0,37.08,,,0,trial
2026-07-04T20:27:06,forecast_hot_humid_bursty_r2,forecast,hot_humid,bursty,2,38.685,38.385,38.185,35.685,25.0,45.0,60.0,,100.0,2.0,37.08,,,0,trial
2026-07-04T20:27:06,forecast_hot_humid_bursty_r2,forecast,hot_humid,bursty,2,38.682,38.382,38.182,35.682,25.0,45.0,60.0,,100.0,2.0,37.08,,,0,trial
2026-07-04T20:27:06,forecast_hot_humid_bursty_r2,forecast,hot_humid,bursty,2,38.679,38.379,38.179,35.679,25.0,45.0,60.0,,100.0,2.0,37.08,,,0,trial
2026-07-04T20:27:06,forecast_hot_humid_bursty_r2,forecast,hot_humid,bursty,2,38.677,38.377,38.177,35.677,25.0,45.0,60.0,,100.0,2.0,37.07,,,0,trial
2026-07-04T20:27:06,forecast_hot_humid_bursty_r2,forecast,hot_humid,bursty,2,38.674,38.374,38.174,35.674,25.0,45.0,60.0,,100.0,2.0,37.07,,,0,trial
2026-07-04T20:27:06,forecast_hot_humid_bursty_r2,forecast,hot_humid,bursty,2,38.692,38.392,38.192,35.692,25.0,45.0,150.0,,100.0,2.0,37.07,,,0,trial
2026-07-04T20:27:06,forecast_hot_humid_bursty_r2,forecast,hot_humid,bursty,2,38.7,38.4,38.2,35.7,25.0,45.0,150.0,,100.0,2.0,37.07,,,0,trial
2026-07-04T20:27:06,forecast_hot_humid_bursty_r2,forecast,hot_humid,bursty,2,38.709,38.409,38.209,35.709,25.0,45.0,150.0,,100.0,2.0,37.07,,,0,trial
2026-07-04T20:27:06,forecast_hot_humid_bursty_r2,forecast,hot_humid,bursty,2,38.718,38.418,38.218,35.718,25.0,45.0,150.0,,100.0,2.0,37.06,,,0,trial
2026-07-04T20:27:06,forecast_hot_humid_bursty_r2,forecast,hot_humid,bursty,2,38.727,38.427,38.227,35.727,25.0,45.0,150.0,,100.0,2.0,37.06,,,0,trial
2026-07-04T20:27:06,forecast_hot_humid_bursty_r2,forecast,hot_humid,bursty,2,38.736,38.436,38.236,35.736,25.0,45.0,150.0,,100.0,2.0,37.06,,,0,trial
2026-07-04T20:27:06,forecast_hot_humid_bursty_r2,forecast,hot_humid,bursty,2,38.745,38.445,38.245,35.745,25.0,45.0,150.0,,100.0,2.0,37.06,,,0,trial
2026-07-04T20:27:06,forecast_hot_humid_bursty_r2,forecast,hot_humid,bursty,2,38.754,38.454,38.254,35.754,25.0,45.0,150.0,,100.0,2.0,37.05,,,0,trial
2026-07-04T20:27:06,forecast_hot_humid_bursty_r2,forecast,hot_humid,bursty,2,38.763,38.463,38.263,35.763,25.0,45.0,150.0,,100.0,2.0,37.05,,,0,trial
2026-07-04T20:27:06,forecast_hot_humid_bursty_r2,forecast,hot_humid,bursty,2,38.772,38.472,38.272,35.772,25.0,45.0,150.0,,100.0,2.0,37.05,,,0,trial
2026-07-04T20:27:06,forecast_hot_humid_bursty_r2,forecast,hot_humid,bursty,2,38.78,38.48,38.28,35.78,25.0,45.0,150.0,,100.0,2.0,37.05,,,0,trial
2026-07-04T20:27:06,forecast_hot_humid_bursty_r2,forecast,hot_humid,bursty,2,38.789,38.489,38.289,35.789,25.0,45.0,150.0,,100.0,2.0,37.04,,,0,trial
2026-07-04T20:27:06,forecast_hot_humid_bursty_r2,forecast,hot_humid,bursty,2,38.798,38.498,38.298,35.798,25.0,45.0,150.0,,100.0,2.0,37.04,,,0,trial
2026-07-04T20:27:06,forecast_hot_humid_bursty_r2,forecast,hot_humid,bursty,2,38.807,38.507,38.307,35.807,25.0,45.0,150.0,,100.0,2.0,37.04,,,0,trial
2026-07-04T20:27:06,forecast_hot_humid_bursty_r2,forecast,hot_humid,bursty,2,38.816,38.516,38.316,35.816,25.0,45.0,150.0,,100.0,2.0,37.04,,,0,trial
2026-07-04T20:27:06,forecast_hot_humid_bursty_r2,forecast,hot_humid,bursty,2,38.825,38.525,38.325,35.825,25.0,45.0,150.0,,100.0,2.0,37.03,,,0,trial
2026-07-04T20:27:06,forecast_hot_humid_bursty_r2,forecast,hot_humid,bursty,2,38.834,38.534,38.334,35.834,25.0,45.0,150.0,,100.0,2.0,37.03,,,0,trial
2026-07-04T20:27:06,forecast_hot_humid_bursty_r2,forecast,hot_humid,bursty,2,38.842,38.542,38.342,35.842,25.0,45.0,150.0,,100.0,2.0,37.03,,,0,trial
2026-07-04T20:27:06,forecast_hot_humid_bursty_r2,forecast,hot_humid,bursty,2,38.851,38.551,38.351,35.851,25.0,45.0,150.0,,100.0,2.0,37.02,,,0,trial
2026-07-04T20:27:06,forecast_hot_humid_bursty_r2,forecast,hot_humid,bursty,2,38.86,38.56,38.36,35.86,25.0,45.0,150.0,,100.0,2.0,37.02,,,0,trial
2026-07-04T20:27:06,forecast_hot_humid_bursty_r2,forecast,hot_humid,bursty,2,38.869,38.569,38.369,35.869,25.0,45.0,150.0,,100.0,2.0,37.02,,,0,trial
2026-07-04T20:27:06,forecast_hot_humid_bursty_r2,forecast,hot_humid,bursty,2,38.878,38.578,38.378,35.878,25.0,45.0,150.0,,100.0,2.0,37.01,,,0,trial
2026-07-04T20:27:06,forecast_hot_humid_bursty_r2,forecast,hot_humid,bursty,2,38.886,38.586,38.386,35.886,25.0,45.0,150.0,,100.0,2.0,37.01,,,0,trial
2026-07-04T20:27:06,forecast_hot_humid_bursty_r2,forecast,hot_humid,bursty,2,38.895,38.595,38.395,35.895,25.0,45.0,150.0,,100.0,2.0,37.01,,,0,trial
2026-07-04T20:27:06,forecast_hot_humid_bursty_r2,forecast,hot_humid,bursty,2,38.904,38.604,38.404,35.904,25.0,45.0,150.0,,100.0,2.0,37.0,,,0,trial
2026-07-04T20:27:06,forecast_hot_humid_bursty_r2,forecast,hot_humid,bursty,2,38.913,38.613,38.413,35.913,25.0,45.0,150.0,,100.0,2.0,37.0,,,0,trial
2026-07-04T20:27:06,forecast_hot_humid_bursty_r2,forecast,hot_humid,bursty,2,38.921,38.621,38.421,35.921,25.0,45.0,150.0,,100.0,2.0,37.0,,,0,trial
2026-07-04T20:27:06,forecast_hot_humid_bursty_r2,forecast,hot_humid,bursty,2,38.93,38.63,38.43,35.93,25.0,45.0,150.0,,100.0,2.0,36.99,,,0,trial
2026-07-04T20:27:06,forecast_hot_humid_bursty_r2,forecast,hot_humid,bursty,2,38.939,38.639,38.439,35.939,25.0,45.0,150.0,,100.0,2.0,36.99,,,0,trial
2026-07-04T20:27:06,forecast_hot_humid_bursty_r2,forecast,hot_humid,bursty,2,38.948,38.648,38.448,35.948,25.0,45.0,150.0,,100.0,2.0,36.99,,,0,trial
2026-07-04T20:27:06,forecast_hot_humid_bursty_r2,forecast,hot_humid,bursty,2,38.965,38.665,38.465,35.965,25.0,45.0,150.0,,100.0,2.0,36.98,,,0,trial
2026-07-04T20:27:06,forecast_hot_humid_bursty_r2,forecast,hot_humid,bursty,2,38.974,38.674,38.474,35.974,25.0,45.0,150.0,,100.0,2.0,36.98,,,0,trial
2026-07-04T20:27:06,forecast_hot_humid_bursty_r2,forecast,hot_humid,bursty,2,38.982,38.682,38.482,35.982,25.0,45.0,150.0,,100.0,2.0,36.97,,,0,trial
2026-07-04T20:27:06,forecast_hot_humid_bursty_r2,forecast,hot_humid,bursty,2,38.991,38.691,38.491,35.991,25.0,45.0,150.0,,100.0,2.0,36.97,,,0,trial
2026-07-04T20:27:06,forecast_hot_humid_bursty_r2,forecast,hot_humid,bursty,2,39.0,38.7,38.5,36.0,25.0,45.0,150.0,,100.0,2.0,36.96,,,0,trial
2026-07-04T20:27:06,forecast_hot_humid_bursty_r2,forecast,hot_humid,bursty,2,39.009,38.709,38.509,36.009,25.0,45.0,150.0,,100.0,2.0,36.96,,,0,trial
2026-07-04T20:27:06,forecast_hot_humid_bursty_r2,forecast,hot_humid,bursty,2,39.017,38.717,38.517,36.017,25.0,45.0,150.0,,100.0,2.0,36.96,,,0,trial
2026-07-04T20:27:06,forecast_hot_humid_bursty_r2,forecast,hot_humid,bursty,2,39.026,38.726,38.526,36.026,25.0,45.0,150.0,,100.0,2.0,36.95,,,0,trial
2026-07-04T20:27:06,forecast_hot_humid_bursty_r2,forecast,hot_humid,bursty,2,39.035,38.735,38.535,36.035,25.0,45.0,150.0,,100.0,2.0,36.95,,,0,trial
2026-07-04T20:27:06,forecast_hot_humid_bursty_r2,forecast,hot_humid,bursty,2,39.043,38.743,38.543,36.043,25.0,45.0,150.0,,100.0,2.0,36.94,,,0,trial
2026-07-04T20:27:06,forecast_hot_humid_bursty_r2,forecast,hot_humid,bursty,2,39.052,38.752,38.552,36.052,25.0,45.0,150.0,,100.0,2.0,36.94,,,0,trial
2026-07-04T20:27:06,forecast_hot_humid_bursty_r2,forecast,hot_humid,bursty,2,39.06,38.76,38.56,36.06,25.0,45.0,150.0,,100.0,2.0,36.93,,,0,trial
2026-07-04T20:27:06,forecast_hot_humid_bursty_r2,forecast,hot_humid,bursty,2,39.069,38.769,38.569,36.069,25.0,45.0,150.0,,100.0,2.0,36.93,,,0,trial
2026-07-04T20:27:06,forecast_hot_humid_bursty_r2,forecast,hot_humid,bursty,2,39.078,38.778,38.578,36.078,25.0,45.0,150.0,,100.0,2.0,36.92,,,0,trial
2026-07-04T20:27:06,forecast_hot_humid_bursty_r2,forecast,hot_humid,bursty,2,39.086,38.786,38.586,36.086,25.0,45.0,150.0,,100.0,2.0,36.92,,,0,trial
2026-07-04T20:27:06,forecast_hot_humid_bursty_r2,forecast,hot_humid,bursty,2,39.095,38.795,38.595,36.095,25.0,45.0,150.0,,100.0,2.0,36.92,,,0,trial
2026-07-04T20:27:06,forecast_hot_humid_bursty_r2,forecast,hot_humid,bursty,2,39.104,38.804,38.604,36.104,25.0,45.0,150.0,,100.0,2.0,36.91,,,0,trial
2026-07-04T20:27:06,forecast_hot_humid_bursty_r2,forecast,hot_humid,bursty,2,39.112,38.812,38.612,36.112,25.0,45.0,150.0,,100.0,2.0,36.91,,,0,trial
2026-07-04T20:27:06,forecast_hot_humid_bursty_r2,forecast,hot_humid,bursty,2,39.121,38.821,38.621,36.121,25.0,45.0,150.0,,100.0,2.0,36.9,,,0,trial
2026-07-04T20:27:06,forecast_hot_humid_bursty_r2,forecast,hot_humid,bursty,2,39.129,38.829,38.629,36.129,25.0,45.0,150.0,,100.0,2.0,36.9,,,0,trial
2026-07-04T20:27:06,forecast_hot_humid_bursty_r2,forecast,hot_humid,bursty,2,39.138,38.838,38.638,36.138,25.0,45.0,150.0,,100.0,2.0,36.89,,,0,trial
2026-07-04T20:27:06,forecast_hot_humid_bursty_r2,forecast,hot_humid,bursty,2,39.147,38.847,38.647,36.147,25.0,45.0,150.0,,100.0,2.0,36.88,,,0,trial
2026-07-04T20:27:06,forecast_hot_humid_bursty_r2,forecast,hot_humid,bursty,2,39.155,38.855,38.655,36.155,25.0,45.0,150.0,,100.0,2.0,36.88,,,0,trial
2026-07-04T20:27:06,forecast_hot_humid_bursty_r2,forecast,hot_humid,bursty,2,39.164,38.864,38.664,36.164,25.0,45.0,150.0,,100.0,2.0,36.87,,,0,trial
2026-07-04T20:27:06,forecast_hot_humid_bursty_r2,forecast,hot_humid,bursty,2,39.172,38.872,38.672,36.172,25.0,45.0,150.0,,100.0,2.0,36.87,,,0,trial
2026-07-04T20:27:06,forecast_hot_humid_bursty_r2,forecast,hot_humid,bursty,2,39.181,38.881,38.681,36.181,25.0,45.0,150.0,,100.0,2.0,36.86,,,0,trial
2026-07-04T20:27:06,forecast_hot_humid_bursty_r2,forecast,hot_humid,bursty,2,39.189,38.889,38.689,36.189,25.0,45.0,150.0,,100.0,2.0,36.86,,,0,trial
2026-07-04T20:27:06,forecast_hot_humid_bursty_r2,forecast,hot_humid,bursty,2,39.198,38.898,38.698,36.198,25.0,45.0,150.0,,100.0,2.0,36.85,,,0,trial
2026-07-04T20:27:06,forecast_hot_humid_bursty_r2,forecast,hot_humid,bursty,2,39.206,38.906,38.706,36.206,25.0,45.0,150.0,,100.0,2.0,36.85,,,0,trial
2026-07-04T20:27:06,forecast_hot_humid_bursty_r2,forecast,hot_humid,bursty,2,39.215,38.915,38.715,36.215,25.0,45.0,150.0,,100.0,2.0,36.84,,,0,trial
2026-07-04T20:27:06,forecast_hot_humid_bursty_r2,forecast,hot_humid,bursty,2,39.232,38.932,38.732,36.232,25.0,45.0,150.0,,100.0,2.0,36.84,,,0,trial
2026-07-04T20:27:06,forecast_hot_humid_bursty_r2,forecast,hot_humid,bursty,2,39.24,38.94,38.74,36.24,25.0,45.0,150.0,,100.0,2.0,36.83,,,0,trial
2026-07-04T20:27:06,forecast_hot_humid_bursty_r2,forecast,hot_humid,bursty,2,39.249,38.949,38.749,36.249,25.0,45.0,150.0,,100.0,2.0,36.82,,,0,trial
2026-07-04T20:27:06,forecast_hot_humid_bursty_r2,forecast,hot_humid,bursty,2,39.257,38.957,38.757,36.257,25.0,45.0,150.0,,100.0,2.0,36.82,,,0,trial
2026-07-04T20:27:06,forecast_hot_humid_bursty_r2,forecast,hot_humid,bursty,2,39.266,38.966,38.766,36.266,25.0,45.0,150.0,,100.0,2.0,36.81,,,0,trial
2026-07-04T20:27:06,forecast_hot_humid_bursty_r2,forecast,hot_humid,bursty,2,39.274,38.974,38.774,36.274,25.0,45.0,150.0,,100.0,2.0,36.81,,,0,trial
2026-07-04T20:27:06,forecast_hot_humid_bursty_r2,forecast,hot_humid,bursty,2,39.283,38.983,38.783,36.283,25.0,45.0,150.0,,100.0,2.0,36.8,,,0,trial
2026-07-04T20:27:06,forecast_hot_humid_bursty_r2,forecast,hot_humid,bursty,2,39.291,38.991,38.791,36.291,25.0,45.0,150.0,,100.0,2.0,36.79,,,0,trial
2026-07-04T20:27:06,forecast_hot_humid_bursty_r2,forecast,hot_humid,bursty,2,39.3,39.0,38.8,36.3,25.0,45.0,150.0,,100.0,2.0,36.79,,,0,trial
2026-07-04T20:27:06,forecast_hot_humid_bursty_r2,forecast,hot_humid,bursty,2,39.308,39.008,38.808,36.308,25.0,45.0,150.0,,100.0,2.0,36.78,,,0,trial
2026-07-04T20:27:06,forecast_hot_humid_bursty_r2,forecast,hot_humid,bursty,2,39.317,39.017,38.817,36.317,25.0,45.0,150.0,,100.0,2.0,36.77,,,0,trial
2026-07-04T20:27:06,forecast_hot_humid_bursty_r2,forecast,hot_humid,bursty,2,39.325,39.025,38.825,36.325,25.0,45.0,150.0,,100.0,2.0,36.77,,,0,trial
2026-07-04T20:27:06,forecast_hot_humid_bursty_r2,forecast,hot_humid,bursty,2,39.333,39.033,38.833,36.333,25.0,45.0,150.0,,100.0,2.0,36.76,,,0,trial
2026-07-04T20:27:06,forecast_hot_humid_bursty_r2,forecast,hot_humid,bursty,2,39.342,39.042,38.842,36.342,25.0,45.0,150.0,,100.0,2.0,36.76,,,0,trial
2026-07-04T20:27:06,forecast_hot_humid_bursty_r2,forecast,hot_humid,bursty,2,39.35,39.05,38.85,36.35,25.0,45.0,150.0,,100.0,2.0,36.75,,,0,trial
2026-07-04T20:27:06,forecast_hot_humid_bursty_r2,forecast,hot_humid,bursty,2,39.359,39.059,38.859,36.359,25.0,45.0,150.0,,100.0,2.0,36.74,,,0,trial
2026-07-04T20:27:06,forecast_hot_humid_bursty_r2,forecast,hot_humid,bursty,2,39.367,39.067,38.867,36.367,25.0,45.0,150.0,,100.0,2.0,36.74,,,0,trial
2026-07-04T20:27:06,forecast_hot_humid_bursty_r2,forecast,hot_humid,bursty,2,39.376,39.076,38.876,36.376,25.0,45.0,150.0,,100.0,2.0,36.73,,,0,trial
2026-07-04T20:27:06,forecast_hot_humid_bursty_r2,forecast,hot_humid,bursty,2,39.384,39.084,38.884,36.384,25.0,45.0,150.0,,100.0,2.0,36.72,,,0,trial
2026-07-04T20:27:06,forecast_hot_humid_bursty_r2,forecast,hot_humid,bursty,2,39.392,39.092,38.892,36.392,25.0,45.0,150.0,,100.0,2.0,36.72,,,0,trial
2026-07-04T20:27:06,forecast_hot_humid_bursty_r2,forecast,hot_humid,bursty,2,39.401,39.101,38.901,36.401,25.0,45.0,150.0,,100.0,2.0,36.71,,,0,trial
2026-07-04T20:27:06,forecast_hot_humid_bursty_r2,forecast,hot_humid,bursty,2,39.409,39.109,38.909,36.409,25.0,45.0,150.0,,100.0,2.0,36.7,,,0,trial
2026-07-04T20:27:06,forecast_hot_humid_bursty_r2,forecast,hot_humid,bursty,2,39.417,39.117,38.917,36.417,25.0,45.0,150.0,,100.0,2.0,36.69,,,0,trial
2026-07-04T20:27:06,forecast_hot_humid_bursty_r2,forecast,hot_humid,bursty,2,39.426,39.126,38.926,36.426,25.0,45.0,150.0,,100.0,2.0,36.69,,,0,trial
2026-07-04T20:27:06,forecast_hot_humid_bursty_r2,forecast,hot_humid,bursty,2,39.434,39.134,38.934,36.434,25.0,45.0,150.0,,100.0,2.0,36.68,,,0,trial
2026-07-04T20:27:06,forecast_hot_humid_bursty_r2,forecast,hot_humid,bursty,2,39.442,39.142,38.942,36.442,25.0,45.0,150.0,,100.0,2.0,36.67,,,0,trial
2026-07-04T20:27:06,forecast_hot_humid_bursty_r2,forecast,hot_humid,bursty,2,39.451,39.151,38.951,36.451,25.0,45.0,150.0,,100.0,2.0,36.67,,,0,trial
2026-07-04T20:27:06,forecast_hot_humid_bursty_r2,forecast,hot_humid,bursty,2,39.459,39.159,38.959,36.459,25.0,45.0,150.0,,100.0,2.0,36.66,,,0,trial
2026-07-04T20:27:06,forecast_hot_humid_bursty_r2,forecast,hot_humid,bursty,2,39.467,39.167,38.967,36.467,25.0,45.0,150.0,,100.0,2.0,36.65,,,0,trial
2026-07-04T20:27:06,forecast_hot_humid_bursty_r2,forecast,hot_humid,bursty,2,39.476,39.176,38.976,36.476,25.0,45.0,150.0,,100.0,2.0,36.64,,,0,trial
2026-07-04T20:27:06,forecast_hot_humid_bursty_r2,forecast,hot_humid,bursty,2,39.492,39.192,38.992,36.492,25.0,45.0,150.0,,100.0,2.0,36.64,,,0,trial
2026-07-04T20:27:06,forecast_hot_humid_bursty_r2,forecast,hot_humid,bursty,2,39.501,39.201,39.001,36.501,25.0,45.0,150.0,,100.0,2.0,36.63,,,0,trial
2026-07-04T20:27:06,forecast_hot_humid_bursty_r2,forecast,hot_humid,bursty,2,39.509,39.209,39.009,36.509,25.0,45.0,150.0,,100.0,2.0,36.62,,,0,trial
2026-07-04T20:27:06,forecast_hot_humid_bursty_r2,forecast,hot_humid,bursty,2,39.517,39.217,39.017,36.517,25.0,45.0,150.0,,100.0,2.0,36.61,,,0,trial
2026-07-04T20:27:06,forecast_hot_humid_bursty_r2,forecast,hot_humid,bursty,2,39.526,39.226,39.026,36.526,25.0,45.0,150.0,,100.0,2.0,36.61,,,0,trial
2026-07-04T20:27:06,forecast_hot_humid_bursty_r2,forecast,hot_humid,bursty,2,39.534,39.234,39.034,36.534,25.0,45.0,150.0,,100.0,2.0,36.6,,,0,trial
2026-07-04T20:27:06,forecast_hot_humid_bursty_r2,forecast,hot_humid,bursty,2,39.542,39.242,39.042,36.542,25.0,45.0,150.0,,100.0,2.0,36.59,,,0,trial
2026-07-04T20:27:06,forecast_hot_humid_bursty_r2,forecast,hot_humid,bursty,2,39.55,39.25,39.05,36.55,25.0,45.0,150.0,,100.0,2.0,36.58,,,0,trial
2026-07-04T20:27:06,forecast_hot_humid_bursty_r2,forecast,hot_humid,bursty,2,39.559,39.259,39.059,36.559,25.0,45.0,150.0,,100.0,2.0,36.58,,,0,trial
2026-07-04T20:27:06,forecast_hot_humid_bursty_r2,forecast,hot_humid,bursty,2,39.567,39.267,39.067,36.567,25.0,45.0,150.0,,100.0,2.0,36.57,,,0,trial
2026-07-04T20:27:06,forecast_hot_humid_bursty_r2,forecast,hot_humid,bursty,2,39.575,39.275,39.075,36.575,25.0,45.0,150.0,,100.0,2.0,36.56,,,0,trial
2026-07-04T20:27:06,forecast_hot_humid_bursty_r2,forecast,hot_humid,bursty,2,39.583,39.283,39.083,36.583,25.0,45.0,150.0,,100.0,2.0,36.55,,,0,trial
2026-07-04T20:27:06,forecast_hot_humid_bursty_r2,forecast,hot_humid,bursty,2,39.591,39.291,39.091,36.591,25.0,45.0,150.0,,100.0,2.0,36.54,,,0,trial
2026-07-04T20:27:06,forecast_hot_humid_bursty_r2,forecast,hot_humid,bursty,2,39.6,39.3,39.1,36.6,25.0,45.0,150.0,,100.0,2.0,36.54,,,0,trial
2026-07-04T20:27:06,forecast_hot_humid_bursty_r2,forecast,hot_humid,bursty,2,39.608,39.308,39.108,36.608,25.0,45.0,150.0,,100.0,2.0,36.53,,,0,trial
2026-07-04T20:27:06,forecast_hot_humid_bursty_r2,forecast,hot_humid,bursty,2,39.616,39.316,39.116,36.616,25.0,45.0,150.0,,100.0,2.0,36.52,,,0,trial
2026-07-04T20:27:06,forecast_hot_humid_bursty_r2,forecast,hot_humid,bursty,2,39.624,39.324,39.124,36.624,25.0,45.0,150.0,,100.0,2.0,36.51,,,0,trial
2026-07-04T20:27:06,forecast_hot_humid_bursty_r2,forecast,hot_humid,bursty,2,39.632,39.332,39.132,36.632,25.0,45.0,150.0,,100.0,2.0,36.5,,,0,trial
2026-07-04T20:27:06,forecast_hot_humid_bursty_r2,forecast,hot_humid,bursty,2,39.641,39.341,39.141,36.641,25.0,45.0,150.0,,100.0,2.0,36.49,,,0,trial
2026-07-04T20:27:06,forecast_hot_humid_bursty_r2,forecast,hot_humid,bursty,2,39.649,39.349,39.149,36.649,25.0,45.0,150.0,,100.0,2.0,36.49,,,0,trial
2026-07-04T20:27:06,forecast_hot_humid_bursty_r2,forecast,hot_humid,bursty,2,39.657,39.357,39.157,36.657,25.0,45.0,150.0,,100.0,2.0,36.48,,,0,trial
2026-07-04T20:27:06,forecast_hot_humid_bursty_r2,forecast,hot_humid,bursty,2,39.665,39.365,39.165,36.665,25.0,45.0,150.0,,100.0,2.0,36.47,,,0,trial
2026-07-04T20:27:06,forecast_hot_humid_bursty_r2,forecast,hot_humid,bursty,2,39.673,39.373,39.173,36.673,25.0,45.0,150.0,,100.0,2.0,36.46,,,0,trial
2026-07-04T20:27:06,forecast_hot_humid_bursty_r2,forecast,hot_humid,bursty,2,39.682,39.382,39.182,36.682,25.0,45.0,150.0,,100.0,2.0,36.45,,,0,trial
2026-07-04T20:27:06,forecast_hot_humid_bursty_r2,forecast,hot_humid,bursty,2,39.69,39.39,39.19,36.69,25.0,45.0,150.0,,100.0,2.0,36.44,,,0,trial
2026-07-04T20:27:06,forecast_hot_humid_bursty_r2,forecast,hot_humid,bursty,2,39.698,39.398,39.198,36.698,25.0,45.0,150.0,,100.0,2.0,36.43,,,0,trial
2026-07-04T20:27:06,forecast_hot_humid_bursty_r2,forecast,hot_humid,bursty,2,39.706,39.406,39.206,36.706,25.0,45.0,150.0,,100.0,2.0,36.43,,,0,trial
2026-07-04T20:27:06,forecast_hot_humid_bursty_r2,forecast,hot_humid,bursty,2,39.714,39.414,39.214,36.714,25.0,45.0,150.0,,100.0,2.0,36.42,,,0,trial
2026-07-04T20:27:06,forecast_hot_humid_bursty_r2,forecast,hot_humid,bursty,2,39.722,39.422,39.222,36.722,25.0,45.0,150.0,,100.0,2.0,36.41,,,0,trial
2026-07-04T20:27:06,forecast_hot_humid_bursty_r2,forecast,hot_humid,bursty,2,39.73,39.43,39.23,36.73,25.0,45.0,150.0,,100.0,2.0,36.4,,,0,trial
2026-07-04T20:27:06,forecast_hot_humid_bursty_r2,forecast,hot_humid,bursty,2,39.746,39.446,39.246,36.746,25.0,45.0,150.0,,100.0,2.0,36.39,,,0,trial
2026-07-04T20:27:06,forecast_hot_humid_bursty_r2,forecast,hot_humid,bursty,2,39.755,39.455,39.255,36.755,25.0,45.0,150.0,,100.0,2.0,36.38,,,0,trial
2026-07-04T20:27:06,forecast_hot_humid_bursty_r2,forecast,hot_humid,bursty,2,39.763,39.463,39.263,36.763,25.0,45.0,150.0,,100.0,2.0,36.37,,,0,trial
2026-07-04T20:27:06,forecast_hot_humid_bursty_r2,forecast,hot_humid,bursty,2,39.771,39.471,39.271,36.771,25.0,45.0,150.0,,100.0,2.0,36.36,,,0,trial
2026-07-04T20:27:06,forecast_hot_humid_bursty_r2,forecast,hot_humid,bursty,2,39.779,39.479,39.279,36.779,25.0,45.0,150.0,,100.0,2.0,36.35,,,0,trial
2026-07-04T20:27:06,forecast_hot_humid_bursty_r2,forecast,hot_humid,bursty,2,39.787,39.487,39.287,36.787,25.0,45.0,150.0,,100.0,2.0,36.34,,,0,trial
2026-07-04T20:27:06,forecast_hot_humid_bursty_r2,forecast,hot_humid,bursty,2,39.795,39.495,39.295,36.795,25.0,45.0,150.0,,100.0,2.0,36.34,,,0,trial
2026-07-04T20:27:06,forecast_hot_humid_bursty_r2,forecast,hot_humid,bursty,2,39.803,39.503,39.303,36.803,25.0,45.0,150.0,,100.0,2.0,36.33,,,0,trial
2026-07-04T20:27:06,forecast_hot_humid_bursty_r2,forecast,hot_humid,bursty,2,39.811,39.511,39.311,36.811,25.0,45.0,150.0,,100.0,2.0,36.32,,,0,trial
2026-07-04T20:27:06,forecast_hot_humid_bursty_r2,forecast,hot_humid,bursty,2,39.819,39.519,39.319,36.819,25.0,45.0,150.0,,100.0,2.0,36.31,,,0,trial
2026-07-04T20:27:06,forecast_hot_humid_bursty_r2,forecast,hot_humid,bursty,2,39.827,39.527,39.327,36.827,25.0,45.0,150.0,,100.0,2.0,36.3,,,0,trial
2026-07-04T20:27:06,forecast_hot_humid_bursty_r2,forecast,hot_humid,bursty,2,39.835,39.535,39.335,36.835,25.0,45.0,150.0,,100.0,2.0,36.29,,,0,trial
2026-07-04T20:27:06,forecast_hot_humid_bursty_r2,forecast,hot_humid,bursty,2,39.843,39.543,39.343,36.843,25.0,45.0,150.0,,100.0,2.0,36.28,,,0,trial
2026-07-04T20:27:06,forecast_hot_humid_bursty_r2,forecast,hot_humid,bursty,2,39.851,39.551,39.351,36.851,25.0,45.0,150.0,,100.0,2.0,36.27,,,0,trial
2026-07-04T20:27:06,forecast_hot_humid_bursty_r2,forecast,hot_humid,bursty,2,39.859,39.559,39.359,36.859,25.0,45.0,150.0,,100.0,2.0,36.26,,,0,trial
2026-07-04T20:27:06,forecast_hot_humid_bursty_r2,forecast,hot_humid,bursty,2,39.867,39.567,39.367,36.867,25.0,45.0,150.0,,100.0,2.0,36.25,,,0,trial
2026-07-04T20:27:06,forecast_hot_humid_bursty_r2,forecast,hot_humid,bursty,2,39.875,39.575,39.375,36.875,25.0,45.0,150.0,,100.0,2.0,36.24,,,0,trial
2026-07-04T20:27:06,forecast_hot_humid_bursty_r2,forecast,hot_humid,bursty,2,39.883,39.583,39.383,36.883,25.0,45.0,150.0,,100.0,2.0,36.23,,,0,trial
2026-07-04T20:27:06,forecast_hot_humid_bursty_r2,forecast,hot_humid,bursty,2,39.891,39.591,39.391,36.891,25.0,45.0,150.0,,100.0,2.0,36.22,,,0,trial
2026-07-04T20:27:06,forecast_hot_humid_bursty_r2,forecast,hot_humid,bursty,2,39.899,39.599,39.399,36.899,25.0,45.0,150.0,,100.0,2.0,36.21,,,0,trial
2026-07-04T20:27:06,forecast_hot_humid_bursty_r2,forecast,hot_humid,bursty,2,39.907,39.607,39.407,36.907,25.0,45.0,150.0,,100.0,2.0,36.2,,,0,trial
2026-07-04T20:27:06,forecast_hot_humid_bursty_r2,forecast,hot_humid,bursty,2,39.915,39.615,39.415,36.915,25.0,45.0,150.0,,100.0,2.0,36.19,,,0,trial
2026-07-04T20:27:06,forecast_hot_humid_bursty_r2,forecast,hot_humid,bursty,2,39.923,39.623,39.423,36.923,25.0,45.0,150.0,,100.0,2.0,36.18,,,0,trial
2026-07-04T20:27:06,forecast_hot_humid_bursty_r2,forecast,hot_humid,bursty,2,39.931,39.631,39.431,36.931,25.0,45.0,150.0,,100.0,2.0,36.17,,,0,trial
2026-07-04T20:27:06,forecast_hot_humid_bursty_r2,forecast,hot_humid,bursty,2,39.939,39.639,39.439,36.939,25.0,45.0,150.0,,100.0,2.0,36.16,,,0,trial
2026-07-04T20:27:06,forecast_hot_humid_bursty_r2,forecast,hot_humid,bursty,2,39.947,39.647,39.447,36.947,25.0,45.0,150.0,,100.0,2.0,36.15,,,0,trial
2026-07-04T20:27:06,forecast_hot_humid_bursty_r2,forecast,hot_humid,bursty,2,39.955,39.655,39.455,36.955,25.0,45.0,150.0,,100.0,2.0,36.14,,,0,trial
2026-07-04T20:27:06,forecast_hot_humid_bursty_r2,forecast,hot_humid,bursty,2,39.963,39.663,39.463,36.963,25.0,45.0,150.0,,100.0,2.0,36.13,,,0,trial
2026-07-04T20:27:06,forecast_hot_humid_bursty_r2,forecast,hot_humid,bursty,2,39.971,39.671,39.471,36.971,25.0,45.0,150.0,,100.0,2.0,36.12,,,0,trial
2026-07-04T20:27:06,forecast_hot_humid_bursty_r2,forecast,hot_humid,bursty,2,39.979,39.679,39.479,36.979,25.0,45.0,150.0,,100.0,2.0,36.11,,,0,trial
2026-07-04T20:27:06,forecast_hot_humid_bursty_r2,forecast,hot_humid,bursty,2,39.996,39.696,39.496,36.996,25.0,45.0,150.0,,75.0,1.5,36.1,,,0,trial
2026-07-04T20:27:06,forecast_hot_humid_bursty_r2,forecast,hot_humid,bursty,2,40.006,39.706,39.506,37.006,25.0,45.0,150.0,,75.0,1.5,36.09,,,0,trial
2026-07-04T20:27:06,forecast_hot_humid_bursty_r2,forecast,hot_humid,bursty,2,40.016,39.716,39.516,37.016,25.0,45.0,150.0,,75.0,1.5,36.08,,,0,trial
2026-07-04T20:27:06,forecast_hot_humid_bursty_r2,forecast,hot_humid,bursty,2,40.026,39.726,39.526,37.026,25.0,45.0,150.0,,75.0,1.5,36.07,,,0,trial
2026-07-04T20:27:06,forecast_hot_humid_bursty_r2,forecast,hot_humid,bursty,2,40.035,39.735,39.535,37.035,25.0,45.0,150.0,,75.0,1.5,36.06,,,0,trial
2026-07-04T20:27:06,forecast_hot_humid_bursty_r2,forecast,hot_humid,bursty,2,40.045,39.745,39.545,37.045,25.0,45.0,150.0,,75.0,1.5,36.05,,,0,trial
2026-07-04T20:27:06,forecast_hot_humid_bursty_r2,forecast,hot_humid,bursty,2,40.055,39.755,39.555,37.055,25.0,45.0,150.0,,75.0,1.5,36.04,,,0,trial
2026-07-04T20:27:06,forecast_hot_humid_bursty_r2,forecast,hot_humid,bursty,2,40.065,39.765,39.565,37.065,25.0,45.0,150.0,,75.0,1.5,36.03,,,0,trial
2026-07-04T20:27:06,forecast_hot_humid_bursty_r2,forecast,hot_humid,bursty,2,40.074,39.774,39.574,37.074,25.0,45.0,150.0,,75.0,1.5,36.02,,,0,trial
2026-07-04T20:27:06,forecast_hot_humid_bursty_r2,forecast,hot_humid,bursty,2,40.084,39.784,39.584,37.084,25.0,45.0,150.0,,75.0,1.5,36.01,,,0,trial
2026-07-04T20:27:06,forecast_hot_humid_bursty_r2,forecast,hot_humid,bursty,2,40.094,39.794,39.594,37.094,25.0,45.0,150.0,,75.0,1.5,36.0,,,0,trial
2026-07-04T20:27:06,forecast_hot_humid_bursty_r2,forecast,hot_humid,bursty,2,40.103,39.803,39.603,37.103,25.0,45.0,150.0,,75.0,1.5,35.99,,,0,trial
2026-07-04T20:27:06,forecast_hot_humid_bursty_r2,forecast,hot_humid,bursty,2,40.113,39.813,39.613,37.113,25.0,45.0,150.0,,75.0,1.5,35.97,,,0,trial
2026-07-04T20:27:06,forecast_hot_humid_bursty_r2,forecast,hot_humid,bursty,2,40.123,39.823,39.623,37.123,25.0,45.0,150.0,,75.0,1.5,35.96,,,0,trial
2026-07-04T20:27:06,forecast_hot_humid_bursty_r2,forecast,hot_humid,bursty,2,40.133,39.833,39.633,37.133,25.0,45.0,150.0,,75.0,1.5,35.95,,,0,trial
2026-07-04T20:27:06,forecast_hot_humid_bursty_r2,forecast,hot_humid,bursty,2,40.142,39.842,39.642,37.142,25.0,45.0,150.0,,75.0,1.5,35.94,,,0,trial
2026-07-04T20:27:06,forecast_hot_humid_bursty_r2,forecast,hot_humid,bursty,2,40.152,39.852,39.652,37.152,25.0,45.0,150.0,,75.0,1.5,35.93,,,0,trial
2026-07-04T20:27:06,forecast_hot_humid_bursty_r2,forecast,hot_humid,bursty,2,40.162,39.862,39.662,37.162,25.0,45.0,150.0,,75.0,1.5,35.92,,,0,trial
2026-07-04T20:27:06,forecast_hot_humid_bursty_r2,forecast,hot_humid,bursty,2,40.171,39.871,39.671,37.171,25.0,45.0,150.0,,75.0,1.5,35.91,,,0,trial
2026-07-04T20:27:06,forecast_hot_humid_bursty_r2,forecast,hot_humid,bursty,2,40.181,39.881,39.681,37.181,25.0,45.0,150.0,,75.0,1.5,35.9,,,0,trial
2026-07-04T20:27:06,forecast_hot_humid_bursty_r2,forecast,hot_humid,bursty,2,40.191,39.891,39.691,37.191,25.0,45.0,150.0,,75.0,1.5,35.89,,,0,trial
2026-07-04T20:27:06,forecast_hot_humid_bursty_r2,forecast,hot_humid,bursty,2,40.2,39.9,39.7,37.2,25.0,45.0,150.0,,75.0,1.5,35.88,,,0,trial
2026-07-04T20:27:06,forecast_hot_humid_bursty_r2,forecast,hot_humid,bursty,2,40.21,39.91,39.71,37.21,25.0,45.0,150.0,,75.0,1.5,35.87,,,0,trial
2026-07-04T20:27:06,forecast_hot_humid_bursty_r2,forecast,hot_humid,bursty,2,40.219,39.919,39.719,37.219,25.0,45.0,150.0,,75.0,1.5,35.85,,,0,trial
2026-07-04T20:27:06,forecast_hot_humid_bursty_r2,forecast,hot_humid,bursty,2,40.229,39.929,39.729,37.229,25.0,45.0,150.0,,75.0,1.5,35.84,,,0,trial
2026-07-04T20:27:06,forecast_hot_humid_bursty_r2,forecast,hot_humid,bursty,2,40.239,39.939,39.739,37.239,25.0,45.0,150.0,,75.0,1.5,35.83,,,0,trial
2026-07-04T20:27:06,forecast_hot_humid_bursty_r2,forecast,hot_humid,bursty,2,40.248,39.948,39.748,37.248,25.0,45.0,150.0,,75.0,1.5,35.82,,,0,trial
2026-07-04T20:27:06,forecast_hot_humid_bursty_r2,forecast,hot_humid,bursty,2,40.258,39.958,39.758,37.258,25.0,45.0,150.0,,75.0,1.5,35.81,,,0,trial
2026-07-04T20:27:06,forecast_hot_humid_bursty_r2,forecast,hot_humid,bursty,2,40.267,39.967,39.767,37.267,25.0,45.0,150.0,,75.0,1.5,35.8,,,0,trial
2026-07-04T20:27:06,forecast_hot_humid_bursty_r2,forecast,hot_humid,bursty,2,40.277,39.977,39.777,37.277,25.0,45.0,150.0,,75.0,1.5,35.79,,,0,trial
2026-07-04T20:27:06,forecast_hot_humid_bursty_r2,forecast,hot_humid,bursty,2,40.273,39.973,39.773,37.273,25.0,45.0,60.0,,75.0,1.5,35.78,,,0,trial
2026-07-04T20:27:06,forecast_hot_humid_bursty_r2,forecast,hot_humid,bursty,2,40.27,39.97,39.77,37.27,25.0,45.0,60.0,,75.0,1.5,35.76,,,0,trial
2026-07-04T20:27:06,forecast_hot_humid_bursty_r2,forecast,hot_humid,bursty,2,40.268,39.968,39.768,37.268,25.0,45.0,60.0,,75.0,1.5,35.75,,,0,trial
2026-07-04T20:27:06,forecast_hot_humid_bursty_r2,forecast,hot_humid,bursty,2,40.266,39.966,39.766,37.266,25.0,45.0,60.0,,75.0,1.5,35.74,,,0,trial
2026-07-04T20:27:06,forecast_hot_humid_bursty_r2,forecast,hot_humid,bursty,2,40.264,39.964,39.764,37.264,25.0,45.0,60.0,,75.0,1.5,35.73,,,0,trial
2026-07-04T20:27:06,forecast_hot_humid_bursty_r2,forecast,hot_humid,bursty,2,40.261,39.961,39.761,37.261,25.0,45.0,60.0,,75.0,1.5,35.72,,,0,trial
2026-07-04T20:27:06,forecast_hot_humid_bursty_r2,forecast,hot_humid,bursty,2,40.259,39.959,39.759,37.259,25.0,45.0,60.0,,75.0,1.5,35.71,,,0,trial
2026-07-04T20:27:06,forecast_hot_humid_bursty_r2,forecast,hot_humid,bursty,2,40.257,39.957,39.757,37.257,25.0,45.0,60.0,,75.0,1.5,35.7,,,0,trial
2026-07-04T20:27:06,forecast_hot_humid_bursty_r2,forecast,hot_humid,bursty,2,40.255,39.955,39.755,37.255,25.0,45.0,60.0,,75.0,1.5,35.68,,,0,trial
2026-07-04T20:27:06,forecast_hot_humid_bursty_r2,forecast,hot_humid,bursty,2,40.252,39.952,39.752,37.252,25.0,45.0,60.0,,75.0,1.5,35.67,,,0,trial
2026-07-04T20:27:06,forecast_hot_humid_bursty_r2,forecast,hot_humid,bursty,2,40.25,39.95,39.75,37.25,25.0,45.0,60.0,,75.0,1.5,35.66,,,0,trial
2026-07-04T20:27:06,forecast_hot_humid_bursty_r2,forecast,hot_humid,bursty,2,40.248,39.948,39.748,37.248,25.0,45.0,60.0,,75.0,1.5,35.65,,,0,trial
2026-07-04T20:27:06,forecast_hot_humid_bursty_r2,forecast,hot_humid,bursty,2,40.246,39.946,39.746,37.246,25.0,45.0,60.0,,75.0,1.5,35.64,,,0,trial
2026-07-04T20:27:06,forecast_hot_humid_bursty_r2,forecast,hot_humid,bursty,2,40.243,39.943,39.743,37.243,25.0,45.0,60.0,,75.0,1.5,35.63,,,0,trial
2026-07-04T20:27:06,forecast_hot_humid_bursty_r2,forecast,hot_humid,bursty,2,40.241,39.941,39.741,37.241,25.0,45.0,60.0,,75.0,1.5,35.61,,,0,trial
2026-07-04T20:27:06,forecast_hot_humid_bursty_r2,forecast,hot_humid,bursty,2,40.239,39.939,39.739,37.239,25.0,45.0,60.0,,75.0,1.5,35.6,,,0,trial
2026-07-04T20:27:06,forecast_hot_humid_bursty_r2,forecast,hot_humid,bursty,2,40.237,39.937,39.737,37.237,25.0,45.0,60.0,,75.0,1.5,35.59,,,0,trial
2026-07-04T20:27:06,forecast_hot_humid_bursty_r2,forecast,hot_humid,bursty,2,40.234,39.934,39.734,37.234,25.0,45.0,60.0,,75.0,1.5,35.58,,,0,trial
2026-07-04T20:27:06,forecast_hot_humid_bursty_r2,forecast,hot_humid,bursty,2,40.232,39.932,39.732,37.232,25.0,45.0,60.0,,75.0,1.5,35.57,,,0,trial
2026-07-04T20:27:06,forecast_hot_humid_bursty_r2,forecast,hot_humid,bursty,2,40.23,39.93,39.73,37.23,25.0,45.0,60.0,,75.0,1.5,35.56,,,0,trial
2026-07-04T20:27:06,forecast_hot_humid_bursty_r2,forecast,hot_humid,bursty,2,40.228,39.928,39.728,37.228,25.0,45.0,60.0,,75.0,1.5,35.54,,,0,trial
2026-07-04T20:27:06,forecast_hot_humid_bursty_r2,forecast,hot_humid,bursty,2,40.225,39.925,39.725,37.225,25.0,45.0,60.0,,75.0,1.5,35.53,,,0,trial
2026-07-04T20:27:06,forecast_hot_humid_bursty_r2,forecast,hot_humid,bursty,2,40.223,39.923,39.723,37.223,25.0,45.0,60.0,,75.0,1.5,35.52,,,0,trial
2026-07-04T20:27:06,forecast_hot_humid_bursty_r2,forecast,hot_humid,bursty,2,40.221,39.921,39.721,37.221,25.0,45.0,60.0,,75.0,1.5,35.51,,,0,trial
2026-07-04T20:27:06,forecast_hot_humid_bursty_r2,forecast,hot_humid,bursty,2,40.219,39.919,39.719,37.219,25.0,45.0,60.0,,75.0,1.5,35.5,,,0,trial
2026-07-04T20:27:06,forecast_hot_humid_bursty_r2,forecast,hot_humid,bursty,2,40.217,39.917,39.717,37.217,25.0,45.0,60.0,,75.0,1.5,35.48,,,0,trial
2026-07-04T20:27:06,forecast_hot_humid_bursty_r2,forecast,hot_humid,bursty,2,40.214,39.914,39.714,37.214,25.0,45.0,60.0,,75.0,1.5,35.47,,,0,trial
2026-07-04T20:27:06,forecast_hot_humid_bursty_r2,forecast,hot_humid,bursty,2,40.212,39.912,39.712,37.212,25.0,45.0,60.0,,75.0,1.5,35.46,,,0,trial
2026-07-04T20:27:06,forecast_hot_humid_bursty_r2,forecast,hot_humid,bursty,2,40.21,39.91,39.71,37.21,25.0,45.0,60.0,,75.0,1.5,35.45,,,0,trial
2026-07-04T20:27:06,forecast_hot_humid_bursty_r2,forecast,hot_humid,bursty,2,40.208,39.908,39.708,37.208,25.0,45.0,60.0,,75.0,1.5,35.44,,,0,trial
2026-07-04T20:27:06,forecast_hot_humid_bursty_r2,forecast,hot_humid,bursty,2,40.203,39.903,39.703,37.203,25.0,45.0,60.0,,75.0,1.5,35.42,,,0,trial
2026-07-04T20:27:06,forecast_hot_humid_bursty_r2,forecast,hot_humid,bursty,2,40.201,39.901,39.701,37.201,25.0,45.0,60.0,,75.0,1.5,35.41,,,0,trial
2026-07-04T20:27:06,forecast_hot_humid_bursty_r2,forecast,hot_humid,bursty,2,40.199,39.899,39.699,37.199,25.0,45.0,60.0,,75.0,1.5,35.4,,,0,trial
2026-07-04T20:27:06,forecast_hot_humid_bursty_r2,forecast,hot_humid,bursty,2,40.197,39.897,39.697,37.197,25.0,45.0,60.0,,75.0,1.5,35.39,,,0,trial
2026-07-04T20:27:06,forecast_hot_humid_bursty_r2,forecast,hot_humid,bursty,2,40.194,39.894,39.694,37.194,25.0,45.0,60.0,,75.0,1.5,35.37,,,0,trial
2026-07-04T20:27:06,forecast_hot_humid_bursty_r2,forecast,hot_humid,bursty,2,40.192,39.892,39.692,37.192,25.0,45.0,60.0,,75.0,1.5,35.36,,,0,trial
2026-07-04T20:27:06,forecast_hot_humid_bursty_r2,forecast,hot_humid,bursty,2,40.19,39.89,39.69,37.19,25.0,45.0,60.0,,75.0,1.5,35.35,,,0,trial
2026-07-04T20:27:06,forecast_hot_humid_bursty_r2,forecast,hot_humid,bursty,2,40.188,39.888,39.688,37.188,25.0,45.0,60.0,,75.0,1.5,35.34,,,0,trial
2026-07-04T20:27:06,forecast_hot_humid_bursty_r2,forecast,hot_humid,bursty,2,40.186,39.886,39.686,37.186,25.0,45.0,60.0,,75.0,1.5,35.33,,,0,trial
2026-07-04T20:27:06,forecast_hot_humid_bursty_r2,forecast,hot_humid,bursty,2,40.183,39.883,39.683,37.183,25.0,45.0,60.0,,75.0,1.5,35.31,,,0,trial
2026-07-04T20:27:06,forecast_hot_humid_bursty_r2,forecast,hot_humid,bursty,2,40.181,39.881,39.681,37.181,25.0,45.0,60.0,,75.0,1.5,35.3,,,0,trial
2026-07-04T20:27:06,forecast_hot_humid_bursty_r2,forecast,hot_humid,bursty,2,40.179,39.879,39.679,37.179,25.0,45.0,60.0,,75.0,1.5,35.29,,,0,trial
2026-07-04T20:27:06,forecast_hot_humid_bursty_r2,forecast,hot_humid,bursty,2,40.177,39.877,39.677,37.177,25.0,45.0,60.0,,75.0,1.5,35.28,,,0,trial
2026-07-04T20:27:06,forecast_hot_humid_bursty_r2,forecast,hot_humid,bursty,2,40.175,39.875,39.675,37.175,25.0,45.0,60.0,,75.0,1.5,35.26,,,0,trial
2026-07-04T20:27:06,forecast_hot_humid_bursty_r2,forecast,hot_humid,bursty,2,40.172,39.872,39.672,37.172,25.0,45.0,60.0,,75.0,1.5,35.25,,,0,trial
2026-07-04T20:27:06,forecast_hot_humid_bursty_r2,forecast,hot_humid,bursty,2,40.17,39.87,39.67,37.17,25.0,45.0,60.0,,75.0,1.5,35.24,,,0,trial
2026-07-04T20:27:06,forecast_hot_humid_bursty_r2,forecast,hot_humid,bursty,2,40.168,39.868,39.668,37.168,25.0,45.0,60.0,,75.0,1.5,35.23,,,0,trial
2026-07-04T20:27:06,forecast_hot_humid_bursty_r2,forecast,hot_humid,bursty,2,40.166,39.866,39.666,37.166,25.0,45.0,60.0,,75.0,1.5,35.21,,,0,trial
2026-07-04T20:27:06,forecast_hot_humid_bursty_r2,forecast,hot_humid,bursty,2,40.164,39.864,39.664,37.164,25.0,45.0,60.0,,75.0,1.5,35.2,,,0,trial
2026-07-04T20:27:06,forecast_hot_humid_bursty_r2,forecast,hot_humid,bursty,2,40.162,39.862,39.662,37.162,25.0,45.0,60.0,,75.0,1.5,35.19,,,0,trial
2026-07-04T20:27:06,forecast_hot_humid_bursty_r2,forecast,hot_humid,bursty,2,40.159,39.859,39.659,37.159,25.0,45.0,60.0,,75.0,1.5,35.18,,,0,trial
2026-07-04T20:27:06,forecast_hot_humid_bursty_r2,forecast,hot_humid,bursty,2,40.157,39.857,39.657,37.157,25.0,45.0,60.0,,75.0,1.5,35.16,,,0,trial
2026-07-04T20:27:06,forecast_hot_humid_bursty_r2,forecast,hot_humid,bursty,2,40.155,39.855,39.655,37.155,25.0,45.0,60.0,,75.0,1.5,35.15,,,0,trial
2026-07-04T20:27:06,forecast_hot_humid_bursty_r2,forecast,hot_humid,bursty,2,40.153,39.853,39.653,37.153,25.0,45.0,60.0,,75.0,1.5,35.14,,,0,trial
2026-07-04T20:27:06,forecast_hot_humid_bursty_r2,forecast,hot_humid,bursty,2,40.151,39.851,39.651,37.151,25.0,45.0,60.0,,75.0,1.5,35.13,,,0,trial
2026-07-04T20:27:06,forecast_hot_humid_bursty_r2,forecast,hot_humid,bursty,2,40.148,39.848,39.648,37.148,25.0,45.0,60.0,,75.0,1.5,35.11,,,0,trial
2026-07-04T20:27:06,forecast_hot_humid_bursty_r2,forecast,hot_humid,bursty,2,40.146,39.846,39.646,37.146,25.0,45.0,60.0,,75.0,1.5,35.1,,,0,trial
2026-07-04T20:27:06,forecast_hot_humid_bursty_r2,forecast,hot_humid,bursty,2,40.144,39.844,39.644,37.144,25.0,45.0,60.0,,75.0,1.5,35.09,,,0,trial
2026-07-04T20:27:06,forecast_hot_humid_bursty_r2,forecast,hot_humid,bursty,2,40.142,39.842,39.642,37.142,25.0,45.0,60.0,,75.0,1.5,35.07,,,0,trial
2026-07-04T20:27:06,forecast_hot_humid_bursty_r2,forecast,hot_humid,bursty,2,40.14,39.84,39.64,37.14,25.0,45.0,60.0,,75.0,1.5,35.06,,,0,trial
2026-07-04T20:27:06,forecast_hot_humid_bursty_r2,forecast,hot_humid,bursty,2,40.135,39.835,39.635,37.135,25.0,45.0,60.0,,75.0,1.5,35.05,,,0,trial
2026-07-04T20:27:06,forecast_hot_humid_bursty_r2,forecast,hot_humid,bursty,2,40.133,39.833,39.633,37.133,25.0,45.0,60.0,,75.0,1.5,35.04,,,0,trial
2026-07-04T20:27:06,forecast_hot_humid_bursty_r2,forecast,hot_humid,bursty,2,40.131,39.831,39.631,37.131,25.0,45.0,60.0,,75.0,1.5,35.02,,,0,trial
2026-07-04T20:27:06,forecast_hot_humid_bursty_r2,forecast,hot_humid,bursty,2,40.129,39.829,39.629,37.129,25.0,45.0,60.0,,75.0,1.5,35.01,,,0,trial
2026-07-04T20:27:06,forecast_hot_humid_bursty_r2,forecast,hot_humid,bursty,2,40.127,39.827,39.627,37.127,25.0,45.0,60.0,,75.0,1.5,35.0,,,0,trial
2026-07-04T20:27:06,forecast_hot_humid_bursty_r2,forecast,hot_humid,bursty,2,40.125,39.825,39.625,37.125,25.0,45.0,60.0,,75.0,1.5,34.99,,,0,trial
2026-07-04T20:27:06,forecast_hot_humid_bursty_r2,forecast,hot_humid,bursty,2,40.122,39.822,39.622,37.122,25.0,45.0,60.0,,75.0,1.5,34.97,,,0,trial
2026-07-04T20:27:06,forecast_hot_humid_bursty_r2,forecast,hot_humid,bursty,2,40.12,39.82,39.62,37.12,25.0,45.0,60.0,,75.0,1.5,34.96,,,0,trial
2026-07-04T20:27:06,forecast_hot_humid_bursty_r2,forecast,hot_humid,bursty,2,40.118,39.818,39.618,37.118,25.0,45.0,60.0,,75.0,1.5,34.95,,,0,trial
2026-07-04T20:27:06,forecast_hot_humid_bursty_r2,forecast,hot_humid,bursty,2,40.116,39.816,39.616,37.116,25.0,45.0,60.0,,75.0,1.5,34.93,,,0,trial
2026-07-04T20:27:06,forecast_hot_humid_bursty_r2,forecast,hot_humid,bursty,2,40.114,39.814,39.614,37.114,25.0,45.0,60.0,,75.0,1.5,34.92,,,0,trial
2026-07-04T20:27:06,forecast_hot_humid_bursty_r2,forecast,hot_humid,bursty,2,40.112,39.812,39.612,37.112,25.0,45.0,60.0,,75.0,1.5,34.91,,,0,trial
2026-07-04T20:27:06,forecast_hot_humid_bursty_r2,forecast,hot_humid,bursty,2,40.11,39.81,39.61,37.11,25.0,45.0,60.0,,75.0,1.5,34.9,,,0,trial
2026-07-04T20:27:06,forecast_hot_humid_bursty_r2,forecast,hot_humid,bursty,2,40.107,39.807,39.607,37.107,25.0,45.0,60.0,,75.0,1.5,34.88,,,0,trial
2026-07-04T20:27:06,forecast_hot_humid_bursty_r2,forecast,hot_humid,bursty,2,40.105,39.805,39.605,37.105,25.0,45.0,60.0,,75.0,1.5,34.87,,,0,trial
2026-07-04T20:27:06,forecast_hot_humid_bursty_r2,forecast,hot_humid,bursty,2,40.103,39.803,39.603,37.103,25.0,45.0,60.0,,75.0,1.5,34.86,,,0,trial
2026-07-04T20:27:06,forecast_hot_humid_bursty_r2,forecast,hot_humid,bursty,2,40.101,39.801,39.601,37.101,25.0,45.0,60.0,,75.0,1.5,34.84,,,0,trial
2026-07-04T20:27:06,forecast_hot_humid_bursty_r2,forecast,hot_humid,bursty,2,40.099,39.799,39.599,37.099,25.0,45.0,60.0,,75.0,1.5,34.83,,,0,trial
2026-07-04T20:27:06,forecast_hot_humid_bursty_r2,forecast,hot_humid,bursty,2,40.097,39.797,39.597,37.097,25.0,45.0,60.0,,75.0,1.5,34.82,,,0,trial
2026-07-04T20:27:06,forecast_hot_humid_bursty_r2,forecast,hot_humid,bursty,2,40.095,39.795,39.595,37.095,25.0,45.0,60.0,,75.0,1.5,34.81,,,0,trial
2026-07-04T20:27:06,forecast_hot_humid_bursty_r2,forecast,hot_humid,bursty,2,40.092,39.792,39.592,37.092,25.0,45.0,60.0,,75.0,1.5,34.79,,,0,trial
2026-07-04T20:27:06,forecast_hot_humid_bursty_r2,forecast,hot_humid,bursty,2,40.09,39.79,39.59,37.09,25.0,45.0,60.0,,75.0,1.5,34.78,,,0,trial
2026-07-04T20:27:06,forecast_hot_humid_bursty_r2,forecast,hot_humid,bursty,2,40.088,39.788,39.588,37.088,25.0,45.0,60.0,,75.0,1.5,34.77,,,0,trial
2026-07-04T20:27:06,forecast_hot_humid_bursty_r2,forecast,hot_humid,bursty,2,40.086,39.786,39.586,37.086,25.0,45.0,60.0,,75.0,1.5,34.75,,,0,trial
2026-07-04T20:27:06,forecast_hot_humid_bursty_r2,forecast,hot_humid,bursty,2,40.084,39.784,39.584,37.084,25.0,45.0,60.0,,75.0,1.5,34.74,,,0,trial
2026-07-04T20:27:06,forecast_hot_humid_bursty_r2,forecast,hot_humid,bursty,2,40.082,39.782,39.582,37.082,25.0,45.0,60.0,,75.0,1.5,34.73,,,0,trial
2026-07-04T20:27:06,forecast_hot_humid_bursty_r2,forecast,hot_humid,bursty,2,40.08,39.78,39.58,37.08,25.0,45.0,60.0,,75.0,1.5,34.71,,,0,trial
2026-07-04T20:27:06,forecast_hot_humid_bursty_r2,forecast,hot_humid,bursty,2,40.077,39.777,39.577,37.077,25.0,45.0,60.0,,75.0,1.5,34.7,,,0,trial
2026-07-04T20:27:06,forecast_hot_humid_bursty_r2,forecast,hot_humid,bursty,2,40.075,39.775,39.575,37.075,25.0,45.0,60.0,,75.0,1.5,34.69,,,0,trial
2026-07-04T20:27:06,forecast_hot_humid_bursty_r2,forecast,hot_humid,bursty,2,40.073,39.773,39.573,37.073,25.0,45.0,60.0,,75.0,1.5,34.68,,,0,trial
2026-07-04T20:27:06,forecast_hot_humid_bursty_r2,forecast,hot_humid,bursty,2,40.069,39.769,39.569,37.069,25.0,45.0,60.0,,75.0,1.5,34.66,,,0,trial
2026-07-04T20:27:06,forecast_hot_humid_bursty_r2,forecast,hot_humid,bursty,2,40.067,39.767,39.567,37.067,25.0,45.0,60.0,,75.0,1.5,34.65,,,0,trial
2026-07-04T20:27:06,forecast_hot_humid_bursty_r2,forecast,hot_humid,bursty,2,40.065,39.765,39.565,37.065,25.0,45.0,60.0,,75.0,1.5,34.64,,,0,trial
2026-07-04T20:27:06,forecast_hot_humid_bursty_r2,forecast,hot_humid,bursty,2,40.063,39.763,39.563,37.063,25.0,45.0,60.0,,75.0,1.5,34.62,,,0,trial
2026-07-04T20:27:06,forecast_hot_humid_bursty_r2,forecast,hot_humid,bursty,2,40.06,39.76,39.56,37.06,25.0,45.0,60.0,,75.0,1.5,34.61,,,0,trial
2026-07-04T20:27:06,forecast_hot_humid_bursty_r2,forecast,hot_humid,bursty,2,40.058,39.758,39.558,37.058,25.0,45.0,60.0,,75.0,1.5,34.6,,,0,trial
2026-07-04T20:27:06,forecast_hot_humid_bursty_r2,forecast,hot_humid,bursty,2,40.056,39.756,39.556,37.056,25.0,45.0,60.0,,75.0,1.5,34.58,,,0,trial
2026-07-04T20:27:06,forecast_hot_humid_bursty_r2,forecast,hot_humid,bursty,2,40.054,39.754,39.554,37.054,25.0,45.0,60.0,,75.0,1.5,34.57,,,0,trial
2026-07-04T20:27:06,forecast_hot_humid_bursty_r2,forecast,hot_humid,bursty,2,40.052,39.752,39.552,37.052,25.0,45.0,60.0,,75.0,1.5,34.56,,,0,trial
2026-07-04T20:27:06,forecast_hot_humid_bursty_r2,forecast,hot_humid,bursty,2,40.05,39.75,39.55,37.05,25.0,45.0,60.0,,75.0,1.5,34.55,,,0,trial
2026-07-04T20:27:06,forecast_hot_humid_bursty_r2,forecast,hot_humid,bursty,2,40.048,39.748,39.548,37.048,25.0,45.0,60.0,,75.0,1.5,34.53,,,0,trial
2026-07-04T20:27:06,forecast_hot_humid_bursty_r2,forecast,hot_humid,bursty,2,40.046,39.746,39.546,37.046,25.0,45.0,60.0,,75.0,1.5,34.52,,,0,trial
2026-07-04T20:27:06,forecast_hot_humid_bursty_r2,forecast,hot_humid,bursty,2,40.044,39.744,39.544,37.044,25.0,45.0,60.0,,75.0,1.5,34.51,,,0,trial
2026-07-04T20:27:06,forecast_hot_humid_bursty_r2,forecast,hot_humid,bursty,2,40.041,39.741,39.541,37.041,25.0,45.0,60.0,,75.0,1.5,34.49,,,0,trial
2026-07-04T20:27:06,forecast_hot_humid_bursty_r2,forecast,hot_humid,bursty,2,40.039,39.739,39.539,37.039,25.0,45.0,60.0,,75.0,1.5,34.48,,,0,trial
2026-07-04T20:27:06,forecast_hot_humid_bursty_r2,forecast,hot_humid,bursty,2,40.037,39.737,39.537,37.037,25.0,45.0,60.0,,75.0,1.5,34.47,,,0,trial
2026-07-04T20:27:06,forecast_hot_humid_bursty_r2,forecast,hot_humid,bursty,2,40.035,39.735,39.535,37.035,25.0,45.0,60.0,,75.0,1.5,34.45,,,0,trial
2026-07-04T20:27:06,forecast_hot_humid_bursty_r2,forecast,hot_humid,bursty,2,40.033,39.733,39.533,37.033,25.0,45.0,60.0,,75.0,1.5,34.44,,,0,trial
2026-07-04T20:27:06,forecast_hot_humid_bursty_r2,forecast,hot_humid,bursty,2,40.031,39.731,39.531,37.031,25.0,45.0,60.0,,75.0,1.5,34.43,,,0,trial
2026-07-04T20:27:06,forecast_hot_humid_bursty_r2,forecast,hot_humid,bursty,2,40.029,39.729,39.529,37.029,25.0,45.0,60.0,,75.0,1.5,34.41,,,0,trial
2026-07-04T20:27:06,forecast_hot_humid_bursty_r2,forecast,hot_humid,bursty,2,40.027,39.727,39.527,37.027,25.0,45.0,60.0,,75.0,1.5,34.4,,,0,trial
2026-07-04T20:27:06,forecast_hot_humid_bursty_r2,forecast,hot_humid,bursty,2,40.025,39.725,39.525,37.025,25.0,45.0,60.0,,75.0,1.5,34.39,,,0,trial
2026-07-04T20:27:06,forecast_hot_humid_bursty_r2,forecast,hot_humid,bursty,2,40.023,39.723,39.523,37.023,25.0,45.0,60.0,,75.0,1.5,34.38,,,0,trial
2026-07-04T20:27:06,forecast_hot_humid_bursty_r2,forecast,hot_humid,bursty,2,40.021,39.721,39.521,37.021,25.0,45.0,60.0,,75.0,1.5,34.36,,,0,trial
2026-07-04T20:27:06,forecast_hot_humid_bursty_r2,forecast,hot_humid,bursty,2,40.018,39.718,39.518,37.018,25.0,45.0,60.0,,75.0,1.5,34.35,,,0,trial
2026-07-04T20:27:06,forecast_hot_humid_bursty_r2,forecast,hot_humid,bursty,2,40.016,39.716,39.516,37.016,25.0,45.0,60.0,,75.0,1.5,34.34,,,0,trial
2026-07-04T20:27:06,forecast_hot_humid_bursty_r2,forecast,hot_humid,bursty,2,40.014,39.714,39.514,37.014,25.0,45.0,60.0,,75.0,1.5,34.32,,,0,trial
2026-07-04T20:27:06,forecast_hot_humid_bursty_r2,forecast,hot_humid,bursty,2,40.012,39.712,39.512,37.012,25.0,45.0,60.0,,75.0,1.5,34.31,,,0,trial
2026-07-04T20:27:06,forecast_hot_humid_bursty_r2,forecast,hot_humid,bursty,2,40.01,39.71,39.51,37.01,25.0,45.0,60.0,,75.0,1.5,34.3,,,0,trial
2026-07-04T20:27:06,forecast_hot_humid_bursty_r2,forecast,hot_humid,bursty,2,40.008,39.708,39.508,37.008,25.0,45.0,60.0,,75.0,1.5,34.28,,,0,trial
2026-07-04T20:27:06,forecast_hot_humid_bursty_r2,forecast,hot_humid,bursty,2,40.006,39.706,39.506,37.006,25.0,45.0,60.0,,50.0,1.0,34.27,,,0,trial
2026-07-04T20:27:06,forecast_hot_humid_bursty_r2,forecast,hot_humid,bursty,2,40.006,39.706,39.506,37.006,25.0,45.0,60.0,,50.0,1.0,34.26,,,0,trial
2026-07-04T20:27:06,forecast_hot_humid_bursty_r2,forecast,hot_humid,bursty,2,40.006,39.706,39.506,37.006,25.0,45.0,60.0,,50.0,1.0,34.24,,,0,trial
2026-07-04T20:27:06,forecast_hot_humid_bursty_r2,forecast,hot_humid,bursty,2,40.006,39.706,39.506,37.006,25.0,45.0,60.0,,50.0,1.0,34.23,,,0,trial
2026-07-04T20:27:06,forecast_hot_humid_bursty_r2,forecast,hot_humid,bursty,2,40.006,39.706,39.506,37.006,25.0,45.0,60.0,,50.0,1.0,34.22,,,0,trial
2026-07-04T20:27:06,forecast_hot_humid_bursty_r2,forecast,hot_humid,bursty,2,40.006,39.706,39.506,37.006,25.0,45.0,60.0,,50.0,1.0,34.21,,,0,trial
2026-07-04T20:27:06,forecast_hot_humid_bursty_r2,forecast,hot_humid,bursty,2,40.006,39.706,39.506,37.006,25.0,45.0,60.0,,50.0,1.0,34.19,,,0,trial
2026-07-04T20:27:06,forecast_hot_humid_bursty_r2,forecast,hot_humid,bursty,2,40.006,39.706,39.506,37.006,25.0,45.0,60.0,,50.0,1.0,34.18,,,0,trial
2026-07-04T20:27:06,forecast_hot_humid_bursty_r2,forecast,hot_humid,bursty,2,40.006,39.706,39.506,37.006,25.0,45.0,60.0,,50.0,1.0,34.17,,,0,trial
2026-07-04T20:27:06,forecast_hot_humid_bursty_r2,forecast,hot_humid,bursty,2,40.006,39.706,39.506,37.006,25.0,45.0,60.0,,50.0,1.0,34.15,,,0,trial
2026-07-04T20:27:06,forecast_hot_humid_bursty_r2,forecast,hot_humid,bursty,2,40.006,39.706,39.506,37.006,25.0,45.0,60.0,,50.0,1.0,34.14,,,0,trial
2026-07-04T20:27:06,forecast_hot_humid_bursty_r2,forecast,hot_humid,bursty,2,40.006,39.706,39.506,37.006,25.0,45.0,60.0,,50.0,1.0,34.13,,,0,trial
2026-07-04T20:27:06,forecast_hot_humid_bursty_r2,forecast,hot_humid,bursty,2,40.006,39.706,39.506,37.006,25.0,45.0,60.0,,50.0,1.0,34.11,,,0,trial
2026-07-04T20:27:06,forecast_hot_humid_bursty_r2,forecast,hot_humid,bursty,2,40.006,39.706,39.506,37.006,25.0,45.0,60.0,,50.0,1.0,34.1,,,0,trial
2026-07-04T20:27:06,forecast_hot_humid_bursty_r2,forecast,hot_humid,bursty,2,40.006,39.706,39.506,37.006,25.0,45.0,60.0,,50.0,1.0,34.09,,,0,trial
2026-07-04T20:27:06,forecast_hot_humid_bursty_r2,forecast,hot_humid,bursty,2,40.006,39.706,39.506,37.006,25.0,45.0,60.0,,50.0,1.0,34.07,,,0,trial
2026-07-04T20:27:06,forecast_hot_humid_bursty_r2,forecast,hot_humid,bursty,2,40.006,39.706,39.506,37.006,25.0,45.0,60.0,,50.0,1.0,34.06,,,0,trial
2026-07-04T20:27:06,forecast_hot_humid_bursty_r2,forecast,hot_humid,bursty,2,40.006,39.706,39.506,37.006,25.0,45.0,60.0,,50.0,1.0,34.05,,,0,trial
2026-07-04T20:27:06,forecast_hot_humid_bursty_r2,forecast,hot_humid,bursty,2,40.006,39.706,39.506,37.006,25.0,45.0,60.0,,50.0,1.0,34.04,,,0,trial
2026-07-04T20:27:06,forecast_hot_humid_bursty_r2,forecast,hot_humid,bursty,2,40.006,39.706,39.506,37.006,25.0,45.0,60.0,,50.0,1.0,34.02,,,0,trial
2026-07-04T20:27:06,forecast_hot_humid_bursty_r2,forecast,hot_humid,bursty,2,40.006,39.706,39.506,37.006,25.0,45.0,60.0,,50.0,1.0,34.01,,,0,trial
2026-07-04T20:27:06,forecast_hot_humid_bursty_r2,forecast,hot_humid,bursty,2,40.006,39.706,39.506,37.006,25.0,45.0,60.0,,50.0,1.0,34.0,,,0,trial
2026-07-04T20:27:06,forecast_hot_humid_bursty_r2,forecast,hot_humid,bursty,2,40.006,39.706,39.506,37.006,25.0,45.0,60.0,,50.0,1.0,33.98,,,0,trial
2026-07-04T20:27:06,forecast_hot_humid_bursty_r2,forecast,hot_humid,bursty,2,40.006,39.706,39.506,37.006,25.0,45.0,60.0,,50.0,1.0,33.97,,,0,trial
2026-07-04T20:27:06,forecast_hot_humid_bursty_r2,forecast,hot_humid,bursty,2,40.006,39.706,39.506,37.006,25.0,45.0,60.0,,50.0,1.0,33.96,,,0,trial
2026-07-04T20:27:06,forecast_hot_humid_bursty_r2,forecast,hot_humid,bursty,2,40.006,39.706,39.506,37.006,25.0,45.0,60.0,,50.0,1.0,33.94,,,0,trial
2026-07-04T20:27:06,forecast_hot_humid_bursty_r2,forecast,hot_humid,bursty,2,40.006,39.706,39.506,37.006,25.0,45.0,60.0,,50.0,1.0,33.93,,,0,trial
2026-07-04T20:27:06,forecast_hot_humid_bursty_r2,forecast,hot_humid,bursty,2,40.006,39.706,39.506,37.006,25.0,45.0,60.0,,50.0,1.0,33.92,,,0,trial
2026-07-04T20:27:06,forecast_hot_humid_bursty_r2,forecast,hot_humid,bursty,2,40.006,39.706,39.506,37.006,25.0,45.0,60.0,,50.0,1.0,33.91,,,0,trial
2026-07-04T20:27:06,forecast_hot_humid_bursty_r2,forecast,hot_humid,bursty,2,40.006,39.706,39.506,37.006,25.0,45.0,60.0,,50.0,1.0,33.89,,,0,trial
2026-07-04T20:27:06,forecast_hot_humid_bursty_r2,forecast,hot_humid,bursty,2,40.006,39.706,39.506,37.006,25.0,45.0,60.0,,50.0,1.0,33.88,,,0,trial
2026-07-04T20:27:06,forecast_hot_humid_bursty_r2,forecast,hot_humid,bursty,2,40.006,39.706,39.506,37.006,25.0,45.0,60.0,,50.0,1.0,33.87,,,0,trial
2026-07-04T20:27:06,forecast_hot_humid_bursty_r2,forecast,hot_humid,bursty,2,40.006,39.706,39.506,37.006,25.0,45.0,60.0,,50.0,1.0,33.85,,,0,trial
2026-07-04T20:27:06,forecast_hot_humid_bursty_r2,forecast,hot_humid,bursty,2,40.006,39.706,39.506,37.006,25.0,45.0,60.0,,50.0,1.0,33.84,,,0,trial
2026-07-04T20:27:06,forecast_hot_humid_bursty_r2,forecast,hot_humid,bursty,2,40.006,39.706,39.506,37.006,25.0,45.0,60.0,,50.0,1.0,33.83,,,0,trial
2026-07-04T20:27:06,forecast_hot_humid_bursty_r2,forecast,hot_humid,bursty,2,40.006,39.706,39.506,37.006,25.0,45.0,60.0,,50.0,1.0,33.82,,,0,trial
2026-07-04T20:27:06,forecast_hot_humid_bursty_r2,forecast,hot_humid,bursty,2,40.006,39.706,39.506,37.006,25.0,45.0,60.0,,50.0,1.0,33.8,,,0,trial
2026-07-04T20:27:06,forecast_hot_humid_bursty_r2,forecast,hot_humid,bursty,2,40.006,39.706,39.506,37.006,25.0,45.0,60.0,,50.0,1.0,33.79,,,0,trial
2026-07-04T20:27:06,forecast_hot_humid_bursty_r2,forecast,hot_humid,bursty,2,40.006,39.706,39.506,37.006,25.0,45.0,60.0,,50.0,1.0,33.78,,,0,trial
2026-07-04T20:27:06,forecast_hot_humid_bursty_r2,forecast,hot_humid,bursty,2,40.006,39.706,39.506,37.006,25.0,45.0,60.0,,50.0,1.0,33.76,,,0,trial
2026-07-04T20:27:06,forecast_hot_humid_bursty_r2,forecast,hot_humid,bursty,2,40.006,39.706,39.506,37.006,25.0,45.0,60.0,,50.0,1.0,33.75,,,0,trial
2026-07-04T20:27:06,forecast_hot_humid_bursty_r2,forecast,hot_humid,bursty,2,40.006,39.706,39.506,37.006,25.0,45.0,60.0,,50.0,1.0,33.74,,,0,trial
2026-07-04T20:27:06,forecast_hot_humid_bursty_r2,forecast,hot_humid,bursty,2,40.006,39.706,39.506,37.006,25.0,45.0,60.0,,50.0,1.0,33.73,,,0,trial
2026-07-04T20:27:06,forecast_hot_humid_bursty_r2,forecast,hot_humid,bursty,2,40.006,39.706,39.506,37.006,25.0,45.0,60.0,,50.0,1.0,33.71,,,0,trial
2026-07-04T20:27:06,forecast_hot_humid_bursty_r2,forecast,hot_humid,bursty,2,40.006,39.706,39.506,37.006,25.0,45.0,60.0,,50.0,1.0,33.7,,,0,trial
2026-07-04T20:27:06,forecast_hot_humid_bursty_r2,forecast,hot_humid,bursty,2,40.006,39.706,39.506,37.006,25.0,45.0,60.0,,50.0,1.0,33.69,,,0,trial
2026-07-04T20:27:06,forecast_hot_humid_bursty_r2,forecast,hot_humid,bursty,2,40.006,39.706,39.506,37.006,25.0,45.0,60.0,,50.0,1.0,33.67,,,0,trial
2026-07-04T20:27:06,forecast_hot_humid_bursty_r2,forecast,hot_humid,bursty,2,40.006,39.706,39.506,37.006,25.0,45.0,60.0,,50.0,1.0,33.66,,,0,trial
2026-07-04T20:27:06,forecast_hot_humid_bursty_r2,forecast,hot_humid,bursty,2,40.006,39.706,39.506,37.006,25.0,45.0,60.0,,50.0,1.0,33.65,,,0,trial
2026-07-04T20:27:06,forecast_hot_humid_bursty_r2,forecast,hot_humid,bursty,2,40.006,39.706,39.506,37.006,25.0,45.0,60.0,,50.0,1.0,33.64,,,0,trial
2026-07-04T20:27:06,forecast_hot_humid_bursty_r2,forecast,hot_humid,bursty,2,40.006,39.706,39.506,37.006,25.0,45.0,60.0,,50.0,1.0,33.62,,,0,trial
2026-07-04T20:27:06,forecast_hot_humid_bursty_r2,forecast,hot_humid,bursty,2,40.006,39.706,39.506,37.006,25.0,45.0,60.0,,50.0,1.0,33.61,,,0,trial
2026-07-04T20:27:06,forecast_hot_humid_bursty_r2,forecast,hot_humid,bursty,2,40.006,39.706,39.506,37.006,25.0,45.0,60.0,,50.0,1.0,33.6,,,0,trial
2026-07-04T20:27:06,forecast_hot_humid_bursty_r2,forecast,hot_humid,bursty,2,40.006,39.706,39.506,37.006,25.0,45.0,60.0,,50.0,1.0,33.58,,,0,trial
2026-07-04T20:27:06,forecast_hot_humid_bursty_r2,forecast,hot_humid,bursty,2,40.006,39.706,39.506,37.006,25.0,45.0,60.0,,50.0,1.0,33.57,,,0,trial
2026-07-04T20:27:06,forecast_hot_humid_bursty_r2,forecast,hot_humid,bursty,2,40.006,39.706,39.506,37.006,25.0,45.0,60.0,,50.0,1.0,33.56,,,0,trial
2026-07-04T20:27:06,forecast_hot_humid_bursty_r2,forecast,hot_humid,bursty,2,40.006,39.706,39.506,37.006,25.0,45.0,60.0,,50.0,1.0,33.55,,,0,trial
2026-07-04T20:27:06,forecast_hot_humid_bursty_r2,forecast,hot_humid,bursty,2,40.006,39.706,39.506,37.006,25.0,45.0,60.0,,50.0,1.0,33.53,,,0,trial
2026-07-04T20:27:06,forecast_hot_humid_bursty_r2,forecast,hot_humid,bursty,2,40.006,39.706,39.506,37.006,25.0,45.0,60.0,,50.0,1.0,33.52,,,0,trial
2026-07-04T20:27:06,forecast_hot_humid_bursty_r2,forecast,hot_humid,bursty,2,40.006,39.706,39.506,37.006,25.0,45.0,60.0,,50.0,1.0,33.51,,,0,trial
2026-07-04T20:27:06,forecast_hot_humid_bursty_r2,forecast,hot_humid,bursty,2,40.006,39.706,39.506,37.006,25.0,45.0,60.0,,50.0,1.0,33.5,,,0,trial
2026-07-04T20:27:06,forecast_hot_humid_bursty_r2,forecast,hot_humid,bursty,2,40.006,39.706,39.506,37.006,25.0,45.0,60.0,,50.0,1.0,33.48,,,0,trial
2026-07-04T20:27:06,forecast_hot_humid_bursty_r2,forecast,hot_humid,bursty,2,40.006,39.706,39.506,37.006,25.0,45.0,60.0,,50.0,1.0,33.47,,,0,trial
2026-07-04T20:27:06,forecast_hot_humid_bursty_r2,forecast,hot_humid,bursty,2,40.006,39.706,39.506,37.006,25.0,45.0,60.0,,50.0,1.0,33.46,,,0,trial
2026-07-04T20:27:06,forecast_hot_humid_bursty_r2,forecast,hot_humid,bursty,2,40.006,39.706,39.506,37.006,25.0,45.0,60.0,,50.0,1.0,33.45,,,0,trial
2026-07-04T20:27:06,forecast_hot_humid_bursty_r2,forecast,hot_humid,bursty,2,40.006,39.706,39.506,37.006,25.0,45.0,60.0,,50.0,1.0,33.43,,,0,trial
2026-07-04T20:27:06,forecast_hot_humid_bursty_r2,forecast,hot_humid,bursty,2,40.006,39.706,39.506,37.006,25.0,45.0,60.0,,50.0,1.0,33.42,,,0,trial
2026-07-04T20:27:06,forecast_hot_humid_bursty_r2,forecast,hot_humid,bursty,2,40.006,39.706,39.506,37.006,25.0,45.0,60.0,,50.0,1.0,33.41,,,0,trial
2026-07-04T20:27:06,forecast_hot_humid_bursty_r2,forecast,hot_humid,bursty,2,40.006,39.706,39.506,37.006,25.0,45.0,60.0,,50.0,1.0,33.4,,,0,trial
2026-07-04T20:27:06,forecast_hot_humid_bursty_r2,forecast,hot_humid,bursty,2,40.006,39.706,39.506,37.006,25.0,45.0,60.0,,50.0,1.0,33.38,,,0,trial
2026-07-04T20:27:06,forecast_hot_humid_bursty_r2,forecast,hot_humid,bursty,2,40.006,39.706,39.506,37.006,25.0,45.0,60.0,,50.0,1.0,33.37,,,0,trial
2026-07-04T20:27:06,forecast_hot_humid_bursty_r2,forecast,hot_humid,bursty,2,40.006,39.706,39.506,37.006,25.0,45.0,60.0,,50.0,1.0,33.36,,,0,trial
2026-07-04T20:27:06,forecast_hot_humid_bursty_r2,forecast,hot_humid,bursty,2,40.006,39.706,39.506,37.006,25.0,45.0,60.0,,50.0,1.0,33.35,,,0,trial
2026-07-04T20:27:06,forecast_hot_humid_bursty_r2,forecast,hot_humid,bursty,2,40.006,39.706,39.506,37.006,25.0,45.0,60.0,,50.0,1.0,33.33,,,0,trial
2026-07-04T20:27:06,forecast_hot_humid_bursty_r2,forecast,hot_humid,bursty,2,40.006,39.706,39.506,37.006,25.0,45.0,60.0,,50.0,1.0,33.32,,,0,trial
2026-07-04T20:27:06,forecast_hot_humid_bursty_r2,forecast,hot_humid,bursty,2,40.006,39.706,39.506,37.006,25.0,45.0,60.0,,50.0,1.0,33.31,,,0,trial
2026-07-04T20:27:06,forecast_hot_humid_bursty_r2,forecast,hot_humid,bursty,2,40.006,39.706,39.506,37.006,25.0,45.0,60.0,,50.0,1.0,33.3,,,0,trial
2026-07-04T20:27:06,forecast_hot_humid_bursty_r2,forecast,hot_humid,bursty,2,40.006,39.706,39.506,37.006,25.0,45.0,60.0,,50.0,1.0,33.28,,,0,trial
2026-07-04T20:27:06,forecast_hot_humid_bursty_r2,forecast,hot_humid,bursty,2,40.006,39.706,39.506,37.006,25.0,45.0,60.0,,50.0,1.0,33.27,,,0,trial
2026-07-04T20:27:06,forecast_hot_humid_bursty_r2,forecast,hot_humid,bursty,2,40.006,39.706,39.506,37.006,25.0,45.0,60.0,,50.0,1.0,33.26,,,0,trial
2026-07-04T20:27:06,forecast_hot_humid_bursty_r2,forecast,hot_humid,bursty,2,40.006,39.706,39.506,37.006,25.0,45.0,60.0,,50.0,1.0,33.25,,,0,trial
2026-07-04T20:27:06,forecast_hot_humid_bursty_r2,forecast,hot_humid,bursty,2,40.006,39.706,39.506,37.006,25.0,45.0,60.0,,50.0,1.0,33.24,,,0,trial
2026-07-04T20:27:06,forecast_hot_humid_bursty_r2,forecast,hot_humid,bursty,2,40.006,39.706,39.506,37.006,25.0,45.0,60.0,,50.0,1.0,33.22,,,0,trial
2026-07-04T20:27:06,forecast_hot_humid_bursty_r2,forecast,hot_humid,bursty,2,40.006,39.706,39.506,37.006,25.0,45.0,60.0,,50.0,1.0,33.21,,,0,trial
2026-07-04T20:27:06,forecast_hot_humid_bursty_r2,forecast,hot_humid,bursty,2,40.005,39.705,39.505,37.005,25.0,45.0,60.0,,50.0,1.0,33.2,,,0,trial
2026-07-04T20:27:06,forecast_hot_humid_bursty_r2,forecast,hot_humid,bursty,2,40.005,39.705,39.505,37.005,25.0,45.0,60.0,,50.0,1.0,33.19,,,0,trial
2026-07-04T20:27:06,forecast_hot_humid_bursty_r2,forecast,hot_humid,bursty,2,40.005,39.705,39.505,37.005,25.0,45.0,60.0,,50.0,1.0,33.17,,,0,trial
2026-07-04T20:27:06,forecast_hot_humid_bursty_r2,forecast,hot_humid,bursty,2,40.005,39.705,39.505,37.005,25.0,45.0,60.0,,50.0,1.0,33.16,,,0,trial
2026-07-04T20:27:06,forecast_hot_humid_bursty_r2,forecast,hot_humid,bursty,2,40.005,39.705,39.505,37.005,25.0,45.0,60.0,,50.0,1.0,33.15,,,0,trial
2026-07-04T20:27:06,forecast_hot_humid_bursty_r2,forecast,hot_humid,bursty,2,40.005,39.705,39.505,37.005,25.0,45.0,60.0,,50.0,1.0,33.14,,,0,trial
2026-07-04T20:27:06,forecast_hot_humid_bursty_r2,forecast,hot_humid,bursty,2,40.005,39.705,39.505,37.005,25.0,45.0,60.0,,50.0,1.0,33.13,,,0,trial
2026-07-04T20:27:06,forecast_hot_humid_bursty_r2,forecast,hot_humid,bursty,2,40.005,39.705,39.505,37.005,25.0,45.0,60.0,,50.0,1.0,33.11,,,0,trial
2026-07-04T20:27:06,forecast_hot_humid_bursty_r2,forecast,hot_humid,bursty,2,40.005,39.705,39.505,37.005,25.0,45.0,60.0,,50.0,1.0,33.1,,,0,trial
2026-07-04T20:27:06,forecast_hot_humid_bursty_r2,forecast,hot_humid,bursty,2,40.005,39.705,39.505,37.005,25.0,45.0,60.0,,50.0,1.0,33.09,,,0,trial
2026-07-04T20:27:06,forecast_hot_humid_bursty_r2,forecast,hot_humid,bursty,2,40.005,39.705,39.505,37.005,25.0,45.0,60.0,,50.0,1.0,33.08,,,0,trial
2026-07-04T20:27:06,forecast_hot_humid_bursty_r2,forecast,hot_humid,bursty,2,40.005,39.705,39.505,37.005,25.0,45.0,60.0,,50.0,1.0,33.07,,,0,trial
2026-07-04T20:27:06,forecast_hot_humid_bursty_r2,forecast,hot_humid,bursty,2,40.005,39.705,39.505,37.005,25.0,45.0,60.0,,50.0,1.0,33.05,,,0,trial
2026-07-04T20:27:06,forecast_hot_humid_bursty_r2,forecast,hot_humid,bursty,2,40.005,39.705,39.505,37.005,25.0,45.0,60.0,,50.0,1.0,33.04,,,0,trial
2026-07-04T20:27:06,forecast_hot_humid_bursty_r2,forecast,hot_humid,bursty,2,40.005,39.705,39.505,37.005,25.0,45.0,60.0,,50.0,1.0,33.03,,,0,trial
2026-07-04T20:27:06,forecast_hot_humid_bursty_r2,forecast,hot_humid,bursty,2,40.005,39.705,39.505,37.005,25.0,45.0,60.0,,50.0,1.0,33.02,,,0,trial
2026-07-04T20:27:06,forecast_hot_humid_bursty_r2,forecast,hot_humid,bursty,2,40.005,39.705,39.505,37.005,25.0,45.0,60.0,,50.0,1.0,33.01,,,0,trial
2026-07-04T20:27:06,forecast_hot_humid_bursty_r2,forecast,hot_humid,bursty,2,40.005,39.705,39.505,37.005,25.0,45.0,60.0,,50.0,1.0,32.99,,,0,trial
2026-07-04T20:27:06,forecast_hot_humid_bursty_r2,forecast,hot_humid,bursty,2,40.005,39.705,39.505,37.005,25.0,45.0,60.0,,50.0,1.0,32.98,,,0,trial
2026-07-04T20:27:06,forecast_hot_humid_bursty_r2,forecast,hot_humid,bursty,2,40.005,39.705,39.505,37.005,25.0,45.0,60.0,,50.0,1.0,32.97,,,0,trial
2026-07-04T20:27:06,forecast_hot_humid_bursty_r2,forecast,hot_humid,bursty,2,40.005,39.705,39.505,37.005,25.0,45.0,60.0,,50.0,1.0,32.96,,,0,trial
2026-07-04T20:27:06,forecast_hot_humid_bursty_r2,forecast,hot_humid,bursty,2,40.005,39.705,39.505,37.005,25.0,45.0,60.0,,50.0,1.0,32.95,,,0,trial
2026-07-04T20:27:06,forecast_hot_humid_bursty_r2,forecast,hot_humid,bursty,2,40.005,39.705,39.505,37.005,25.0,45.0,60.0,,50.0,1.0,32.93,,,0,trial
2026-07-04T20:27:06,forecast_hot_humid_bursty_r2,forecast,hot_humid,bursty,2,40.005,39.705,39.505,37.005,25.0,45.0,60.0,,50.0,1.0,32.92,,,0,trial
2026-07-04T20:27:06,forecast_hot_humid_bursty_r2,forecast,hot_humid,bursty,2,40.005,39.705,39.505,37.005,25.0,45.0,60.0,,50.0,1.0,32.91,,,0,trial
2026-07-04T20:27:06,forecast_hot_humid_bursty_r2,forecast,hot_humid,bursty,2,40.005,39.705,39.505,37.005,25.0,45.0,60.0,,50.0,1.0,32.9,,,0,trial
2026-07-04T20:27:06,forecast_hot_humid_bursty_r2,forecast,hot_humid,bursty,2,40.005,39.705,39.505,37.005,25.0,45.0,60.0,,50.0,1.0,32.89,,,0,trial
2026-07-04T20:27:06,forecast_hot_humid_bursty_r2,forecast,hot_humid,bursty,2,40.005,39.705,39.505,37.005,25.0,45.0,60.0,,50.0,1.0,32.88,,,0,trial
2026-07-04T20:27:06,forecast_hot_humid_bursty_r2,forecast,hot_humid,bursty,2,40.005,39.705,39.505,37.005,25.0,45.0,60.0,,50.0,1.0,32.86,,,0,trial
2026-07-04T20:27:06,forecast_hot_humid_bursty_r2,forecast,hot_humid,bursty,2,40.005,39.705,39.505,37.005,25.0,45.0,60.0,,50.0,1.0,32.85,,,0,trial
2026-07-04T20:27:06,forecast_hot_humid_bursty_r2,forecast,hot_humid,bursty,2,40.005,39.705,39.505,37.005,25.0,45.0,60.0,,50.0,1.0,32.84,,,0,trial
2026-07-04T20:27:06,forecast_hot_humid_bursty_r2,forecast,hot_humid,bursty,2,40.005,39.705,39.505,37.005,25.0,45.0,60.0,,50.0,1.0,32.83,,,0,trial
2026-07-04T20:27:06,forecast_hot_humid_bursty_r2,forecast,hot_humid,bursty,2,40.005,39.705,39.505,37.005,25.0,45.0,60.0,,50.0,1.0,32.82,,,0,trial
2026-07-04T20:27:06,forecast_hot_humid_bursty_r2,forecast,hot_humid,bursty,2,40.005,39.705,39.505,37.005,25.0,45.0,60.0,,50.0,1.0,32.81,,,0,trial
2026-07-04T20:27:06,forecast_hot_humid_bursty_r2,forecast,hot_humid,bursty,2,40.005,39.705,39.505,37.005,25.0,45.0,60.0,,50.0,1.0,32.8,,,0,trial
2026-07-04T20:27:06,forecast_hot_humid_bursty_r2,forecast,hot_humid,bursty,2,40.005,39.705,39.505,37.005,25.0,45.0,60.0,,50.0,1.0,32.78,,,0,trial
2026-07-04T20:27:06,forecast_hot_humid_bursty_r2,forecast,hot_humid,bursty,2,40.005,39.705,39.505,37.005,25.0,45.0,60.0,,50.0,1.0,32.77,,,0,trial
2026-07-04T20:27:06,forecast_hot_humid_bursty_r2,forecast,hot_humid,bursty,2,40.005,39.705,39.505,37.005,25.0,45.0,60.0,,50.0,1.0,32.76,,,0,trial
2026-07-04T20:27:06,forecast_hot_humid_bursty_r2,forecast,hot_humid,bursty,2,40.005,39.705,39.505,37.005,25.0,45.0,60.0,,50.0,1.0,32.75,,,0,trial
2026-07-04T20:27:06,forecast_hot_humid_bursty_r2,forecast,hot_humid,bursty,2,40.005,39.705,39.505,37.005,25.0,45.0,60.0,,50.0,1.0,32.74,,,0,trial
2026-07-04T20:27:06,forecast_hot_humid_bursty_r2,forecast,hot_humid,bursty,2,40.005,39.705,39.505,37.005,25.0,45.0,60.0,,50.0,1.0,32.73,,,0,trial
2026-07-04T20:27:06,forecast_hot_humid_bursty_r2,forecast,hot_humid,bursty,2,40.005,39.705,39.505,37.005,25.0,45.0,60.0,,50.0,1.0,32.72,,,0,trial
2026-07-04T20:27:06,forecast_hot_humid_bursty_r2,forecast,hot_humid,bursty,2,40.005,39.705,39.505,37.005,25.0,45.0,60.0,,50.0,1.0,32.7,,,0,trial
2026-07-04T20:27:06,forecast_hot_humid_bursty_r2,forecast,hot_humid,bursty,2,40.005,39.705,39.505,37.005,25.0,45.0,60.0,,50.0,1.0,32.69,,,0,trial
2026-07-04T20:27:06,forecast_hot_humid_bursty_r2,forecast,hot_humid,bursty,2,40.005,39.705,39.505,37.005,25.0,45.0,60.0,,50.0,1.0,32.68,,,0,trial
2026-07-04T20:27:06,forecast_hot_humid_bursty_r2,forecast,hot_humid,bursty,2,40.005,39.705,39.505,37.005,25.0,45.0,60.0,,50.0,1.0,32.67,,,0,trial
2026-07-04T20:27:06,forecast_hot_humid_bursty_r2,forecast,hot_humid,bursty,2,40.005,39.705,39.505,37.005,25.0,45.0,60.0,,50.0,1.0,32.66,,,0,trial
2026-07-04T20:27:06,forecast_hot_humid_bursty_r2,forecast,hot_humid,bursty,2,40.005,39.705,39.505,37.005,25.0,45.0,60.0,,50.0,1.0,32.65,,,0,trial
2026-07-04T20:27:06,forecast_hot_humid_bursty_r2,forecast,hot_humid,bursty,2,40.005,39.705,39.505,37.005,25.0,45.0,60.0,,50.0,1.0,32.64,,,0,trial
2026-07-04T20:27:06,forecast_hot_humid_bursty_r2,forecast,hot_humid,bursty,2,40.005,39.705,39.505,37.005,25.0,45.0,60.0,,50.0,1.0,32.63,,,0,trial
2026-07-04T20:27:06,forecast_hot_humid_bursty_r2,forecast,hot_humid,bursty,2,40.005,39.705,39.505,37.005,25.0,45.0,60.0,,50.0,1.0,32.61,,,0,trial
2026-07-04T20:27:06,forecast_hot_humid_bursty_r2,forecast,hot_humid,bursty,2,40.005,39.705,39.505,37.005,25.0,45.0,60.0,,50.0,1.0,32.6,,,0,trial
2026-07-04T20:27:06,forecast_hot_humid_bursty_r2,forecast,hot_humid,bursty,2,40.005,39.705,39.505,37.005,25.0,45.0,60.0,,50.0,1.0,32.59,,,0,trial
2026-07-04T20:27:06,forecast_hot_humid_bursty_r2,forecast,hot_humid,bursty,2,40.005,39.705,39.505,37.005,25.0,45.0,60.0,,50.0,1.0,32.58,,,0,trial
2026-07-04T20:27:06,forecast_hot_humid_bursty_r2,forecast,hot_humid,bursty,2,40.005,39.705,39.505,37.005,25.0,45.0,60.0,,50.0,1.0,32.57,,,0,trial
2026-07-04T20:27:06,forecast_hot_humid_bursty_r2,forecast,hot_humid,bursty,2,40.005,39.705,39.505,37.005,25.0,45.0,60.0,,50.0,1.0,32.56,,,0,trial
2026-07-04T20:27:06,forecast_hot_humid_bursty_r2,forecast,hot_humid,bursty,2,40.005,39.705,39.505,37.005,25.0,45.0,60.0,,50.0,1.0,32.55,,,0,trial
2026-07-04T20:27:06,forecast_hot_humid_bursty_r2,forecast,hot_humid,bursty,2,40.005,39.705,39.505,37.005,25.0,45.0,60.0,,50.0,1.0,32.54,,,0,trial
2026-07-04T20:27:06,forecast_hot_humid_bursty_r2,forecast,hot_humid,bursty,2,40.005,39.705,39.505,37.005,25.0,45.0,60.0,,50.0,1.0,32.53,,,0,trial
2026-07-04T20:27:06,forecast_hot_humid_bursty_r2,forecast,hot_humid,bursty,2,40.005,39.705,39.505,37.005,25.0,45.0,60.0,,50.0,1.0,32.52,,,0,trial
2026-07-04T20:27:06,forecast_hot_humid_bursty_r2,forecast,hot_humid,bursty,2,40.005,39.705,39.505,37.005,25.0,45.0,60.0,,50.0,1.0,32.51,,,0,trial
2026-07-04T20:27:06,forecast_hot_humid_bursty_r2,forecast,hot_humid,bursty,2,40.005,39.705,39.505,37.005,25.0,45.0,60.0,,50.0,1.0,32.49,,,0,trial
2026-07-04T20:27:06,forecast_hot_humid_bursty_r2,forecast,hot_humid,bursty,2,40.005,39.705,39.505,37.005,25.0,45.0,60.0,,50.0,1.0,32.48,,,0,trial
2026-07-04T20:27:06,forecast_hot_humid_bursty_r2,forecast,hot_humid,bursty,2,40.005,39.705,39.505,37.005,25.0,45.0,60.0,,50.0,1.0,32.47,,,0,trial
2026-07-04T20:27:06,forecast_hot_humid_bursty_r2,forecast,hot_humid,bursty,2,40.005,39.705,39.505,37.005,25.0,45.0,60.0,,50.0,1.0,32.46,,,0,trial
2026-07-04T20:27:06,forecast_hot_humid_bursty_r2,forecast,hot_humid,bursty,2,40.005,39.705,39.505,37.005,25.0,45.0,60.0,,50.0,1.0,32.45,,,0,trial
2026-07-04T20:27:06,forecast_hot_humid_bursty_r2,forecast,hot_humid,bursty,2,40.005,39.705,39.505,37.005,25.0,45.0,60.0,,50.0,1.0,32.44,,,0,trial
2026-07-04T20:27:06,forecast_hot_humid_bursty_r2,forecast,hot_humid,bursty,2,40.005,39.705,39.505,37.005,25.0,45.0,60.0,,50.0,1.0,32.43,,,0,trial
2026-07-04T20:27:06,forecast_hot_humid_bursty_r2,forecast,hot_humid,bursty,2,40.005,39.705,39.505,37.005,25.0,45.0,60.0,,50.0,1.0,32.42,,,0,trial
2026-07-04T20:27:06,forecast_hot_humid_bursty_r2,forecast,hot_humid,bursty,2,40.005,39.705,39.505,37.005,25.0,45.0,60.0,,50.0,1.0,32.41,,,0,trial
2026-07-04T20:27:06,forecast_hot_humid_bursty_r2,forecast,hot_humid,bursty,2,40.005,39.705,39.505,37.005,25.0,45.0,60.0,,50.0,1.0,32.4,,,0,trial
2026-07-04T20:27:06,forecast_hot_humid_bursty_r2,forecast,hot_humid,bursty,2,40.005,39.705,39.505,37.005,25.0,45.0,60.0,,50.0,1.0,32.39,,,0,trial
2026-07-04T20:27:06,forecast_hot_humid_bursty_r2,forecast,hot_humid,bursty,2,40.005,39.705,39.505,37.005,25.0,45.0,60.0,,50.0,1.0,32.38,,,0,trial
2026-07-04T20:27:06,forecast_hot_humid_bursty_r2,forecast,hot_humid,bursty,2,40.005,39.705,39.505,37.005,25.0,45.0,60.0,,50.0,1.0,32.37,,,0,trial
2026-07-04T20:27:06,forecast_hot_humid_bursty_r2,forecast,hot_humid,bursty,2,40.005,39.705,39.505,37.005,25.0,45.0,60.0,,50.0,1.0,32.36,,,0,trial
2026-07-04T20:27:06,forecast_hot_humid_bursty_r2,forecast,hot_humid,bursty,2,40.005,39.705,39.505,37.005,25.0,45.0,60.0,,50.0,1.0,32.35,,,0,trial
2026-07-04T20:27:06,forecast_hot_humid_bursty_r2,forecast,hot_humid,bursty,2,40.005,39.705,39.505,37.005,25.0,45.0,60.0,,50.0,1.0,32.34,,,0,trial
2026-07-04T20:27:06,forecast_hot_humid_bursty_r2,forecast,hot_humid,bursty,2,40.005,39.705,39.505,37.005,25.0,45.0,60.0,,50.0,1.0,32.32,,,0,trial
2026-07-04T20:27:06,forecast_hot_humid_bursty_r2,forecast,hot_humid,bursty,2,40.005,39.705,39.505,37.005,25.0,45.0,60.0,,50.0,1.0,32.31,,,0,trial
2026-07-04T20:27:06,forecast_hot_humid_bursty_r2,forecast,hot_humid,bursty,2,40.005,39.705,39.505,37.005,25.0,45.0,60.0,,50.0,1.0,32.3,,,0,trial
2026-07-04T20:27:06,forecast_hot_humid_bursty_r2,forecast,hot_humid,bursty,2,40.005,39.705,39.505,37.005,25.0,45.0,60.0,,50.0,1.0,32.29,,,0,trial
2026-07-04T20:27:06,forecast_hot_humid_bursty_r2,forecast,hot_humid,bursty,2,40.005,39.705,39.505,37.005,25.0,45.0,60.0,,50.0,1.0,32.28,,,0,trial
2026-07-04T20:27:06,forecast_hot_humid_bursty_r2,forecast,hot_humid,bursty,2,40.005,39.705,39.505,37.005,25.0,45.0,60.0,,50.0,1.0,32.27,,,0,trial
2026-07-04T20:27:06,forecast_hot_humid_bursty_r2,forecast,hot_humid,bursty,2,40.005,39.705,39.505,37.005,25.0,45.0,60.0,,50.0,1.0,32.26,,,0,trial
2026-07-04T20:27:06,forecast_hot_humid_bursty_r2,forecast,hot_humid,bursty,2,40.005,39.705,39.505,37.005,25.0,45.0,60.0,,50.0,1.0,32.25,,,0,trial
2026-07-04T20:27:06,forecast_hot_humid_bursty_r2,forecast,hot_humid,bursty,2,40.005,39.705,39.505,37.005,25.0,45.0,60.0,,50.0,1.0,32.24,,,0,trial
2026-07-04T20:27:06,forecast_hot_humid_bursty_r2,forecast,hot_humid,bursty,2,40.005,39.705,39.505,37.005,25.0,45.0,60.0,,50.0,1.0,32.23,,,0,trial
2026-07-04T20:27:06,forecast_hot_humid_bursty_r2,forecast,hot_humid,bursty,2,40.005,39.705,39.505,37.005,25.0,45.0,60.0,,50.0,1.0,32.22,,,0,trial
2026-07-04T20:27:06,forecast_hot_humid_bursty_r2,forecast,hot_humid,bursty,2,40.005,39.705,39.505,37.005,25.0,45.0,60.0,,50.0,1.0,32.21,,,0,trial
2026-07-04T20:27:06,forecast_hot_humid_bursty_r2,forecast,hot_humid,bursty,2,40.005,39.705,39.505,37.005,25.0,45.0,60.0,,50.0,1.0,32.2,,,0,trial
2026-07-04T20:27:06,forecast_hot_humid_bursty_r2,forecast,hot_humid,bursty,2,40.005,39.705,39.505,37.005,25.0,45.0,60.0,,50.0,1.0,32.19,,,0,trial
2026-07-04T20:27:06,forecast_hot_humid_bursty_r2,forecast,hot_humid,bursty,2,40.005,39.705,39.505,37.005,25.0,45.0,60.0,,50.0,1.0,32.18,,,0,trial
2026-07-04T20:27:06,forecast_hot_humid_bursty_r2,forecast,hot_humid,bursty,2,40.005,39.705,39.505,37.005,25.0,45.0,60.0,,50.0,1.0,32.17,,,0,trial
2026-07-04T20:27:06,forecast_hot_humid_bursty_r2,forecast,hot_humid,bursty,2,40.005,39.705,39.505,37.005,25.0,45.0,60.0,,50.0,1.0,32.16,,,0,trial
2026-07-04T20:27:06,forecast_hot_humid_bursty_r2,forecast,hot_humid,bursty,2,40.005,39.705,39.505,37.005,25.0,45.0,60.0,,50.0,1.0,32.15,,,0,trial
2026-07-04T20:27:06,forecast_hot_humid_bursty_r2,forecast,hot_humid,bursty,2,40.005,39.705,39.505,37.005,25.0,45.0,60.0,,50.0,1.0,32.14,,,0,trial
2026-07-04T20:27:06,forecast_hot_humid_bursty_r2,forecast,hot_humid,bursty,2,40.005,39.705,39.505,37.005,25.0,45.0,60.0,,50.0,1.0,32.13,,,0,trial
2026-07-04T20:27:06,forecast_hot_humid_bursty_r2,forecast,hot_humid,bursty,2,40.005,39.705,39.505,37.005,25.0,45.0,60.0,,50.0,1.0,32.12,,,0,trial
2026-07-04T20:27:06,forecast_hot_humid_bursty_r2,forecast,hot_humid,bursty,2,40.005,39.705,39.505,37.005,25.0,45.0,60.0,,50.0,1.0,32.11,,,0,trial
2026-07-04T20:27:06,forecast_hot_humid_bursty_r2,forecast,hot_humid,bursty,2,40.005,39.705,39.505,37.005,25.0,45.0,60.0,,50.0,1.0,32.1,,,0,trial
2026-07-04T20:27:06,forecast_hot_humid_bursty_r2,forecast,hot_humid,bursty,2,40.005,39.705,39.505,37.005,25.0,45.0,60.0,,50.0,1.0,32.09,,,0,trial
2026-07-04T20:27:06,forecast_hot_humid_bursty_r2,forecast,hot_humid,bursty,2,40.005,39.705,39.505,37.005,25.0,45.0,60.0,,50.0,1.0,32.08,,,0,trial
2026-07-04T20:27:06,forecast_hot_humid_bursty_r2,forecast,hot_humid,bursty,2,40.005,39.705,39.505,37.005,25.0,45.0,60.0,,50.0,1.0,32.07,,,0,trial
2026-07-04T20:27:06,forecast_hot_humid_bursty_r2,forecast,hot_humid,bursty,2,40.005,39.705,39.505,37.005,25.0,45.0,60.0,,50.0,1.0,32.06,,,0,trial
2026-07-04T20:27:06,forecast_hot_humid_bursty_r2,forecast,hot_humid,bursty,2,40.005,39.705,39.505,37.005,25.0,45.0,60.0,,50.0,1.0,32.05,,,0,trial
2026-07-04T20:27:06,forecast_hot_humid_bursty_r2,forecast,hot_humid,bursty,2,40.005,39.705,39.505,37.005,25.0,45.0,60.0,,50.0,1.0,32.04,,,0,trial
2026-07-04T20:27:06,forecast_hot_humid_bursty_r2,forecast,hot_humid,bursty,2,40.005,39.705,39.505,37.005,25.0,45.0,60.0,,50.0,1.0,32.04,,,0,trial
2026-07-04T20:27:06,forecast_hot_humid_bursty_r2,forecast,hot_humid,bursty,2,40.005,39.705,39.505,37.005,25.0,45.0,60.0,,50.0,1.0,32.03,,,0,trial
2026-07-04T20:27:06,forecast_hot_humid_bursty_r2,forecast,hot_humid,bursty,2,40.005,39.705,39.505,37.005,25.0,45.0,60.0,,50.0,1.0,32.02,,,0,trial
2026-07-04T20:27:06,forecast_hot_humid_bursty_r2,forecast,hot_humid,bursty,2,40.005,39.705,39.505,37.005,25.0,45.0,60.0,,50.0,1.0,32.01,,,0,trial
2026-07-04T20:27:06,forecast_hot_humid_bursty_r2,forecast,hot_humid,bursty,2,40.005,39.705,39.505,37.005,25.0,45.0,60.0,,50.0,1.0,32.0,,,0,trial
2026-07-04T20:27:06,forecast_hot_humid_bursty_r2,forecast,hot_humid,bursty,2,40.005,39.705,39.505,37.005,25.0,45.0,60.0,,50.0,1.0,31.99,,,0,trial
2026-07-04T20:27:06,forecast_hot_humid_bursty_r2,forecast,hot_humid,bursty,2,40.005,39.705,39.505,37.005,25.0,45.0,60.0,,50.0,1.0,31.98,,,0,trial
2026-07-04T20:27:06,forecast_hot_humid_bursty_r2,forecast,hot_humid,bursty,2,40.005,39.705,39.505,37.005,25.0,45.0,60.0,,50.0,1.0,31.97,,,0,trial
2026-07-04T20:27:06,forecast_hot_humid_bursty_r2,forecast,hot_humid,bursty,2,40.005,39.705,39.505,37.005,25.0,45.0,60.0,,50.0,1.0,31.96,,,0,trial
2026-07-04T20:27:06,forecast_hot_humid_bursty_r2,forecast,hot_humid,bursty,2,40.005,39.705,39.505,37.005,25.0,45.0,60.0,,50.0,1.0,31.95,,,0,trial
2026-07-04T20:27:06,forecast_hot_humid_bursty_r2,forecast,hot_humid,bursty,2,40.005,39.705,39.505,37.005,25.0,45.0,60.0,,50.0,1.0,31.94,,,0,trial
2026-07-04T20:27:06,forecast_hot_humid_bursty_r2,forecast,hot_humid,bursty,2,40.005,39.705,39.505,37.005,25.0,45.0,60.0,,50.0,1.0,31.93,,,0,trial
2026-07-04T20:27:06,forecast_hot_humid_bursty_r2,forecast,hot_humid,bursty,2,40.005,39.705,39.505,37.005,25.0,45.0,60.0,,50.0,1.0,31.92,,,0,trial
2026-07-04T20:27:06,forecast_hot_humid_bursty_r2,forecast,hot_humid,bursty,2,40.005,39.705,39.505,37.005,25.0,45.0,60.0,,50.0,1.0,31.91,,,0,trial
2026-07-04T20:27:06,forecast_hot_humid_bursty_r2,forecast,hot_humid,bursty,2,40.005,39.705,39.505,37.005,25.0,45.0,60.0,,50.0,1.0,31.9,,,0,trial
2026-07-04T20:27:06,forecast_hot_humid_bursty_r2,forecast,hot_humid,bursty,2,40.005,39.705,39.505,37.005,25.0,45.0,60.0,,50.0,1.0,31.89,,,0,trial
2026-07-04T20:27:06,forecast_hot_humid_bursty_r2,forecast,hot_humid,bursty,2,40.005,39.705,39.505,37.005,25.0,45.0,60.0,,50.0,1.0,31.89,,,0,trial
2026-07-04T20:27:06,forecast_hot_humid_bursty_r2,forecast,hot_humid,bursty,2,40.005,39.705,39.505,37.005,25.0,45.0,60.0,,50.0,1.0,31.88,,,0,trial
2026-07-04T20:27:06,forecast_hot_humid_bursty_r2,forecast,hot_humid,bursty,2,40.005,39.705,39.505,37.005,25.0,45.0,60.0,,50.0,1.0,31.87,,,0,trial
2026-07-04T20:27:06,forecast_hot_humid_bursty_r2,forecast,hot_humid,bursty,2,40.005,39.705,39.505,37.005,25.0,45.0,60.0,,50.0,1.0,31.86,,,0,trial
2026-07-04T20:27:06,forecast_hot_humid_bursty_r2,forecast,hot_humid,bursty,2,40.005,39.705,39.505,37.005,25.0,45.0,60.0,,50.0,1.0,31.85,,,0,trial
2026-07-04T20:27:06,forecast_hot_humid_bursty_r2,forecast,hot_humid,bursty,2,40.005,39.705,39.505,37.005,25.0,45.0,60.0,,50.0,1.0,31.84,,,0,trial
2026-07-04T20:27:06,forecast_hot_humid_bursty_r2,forecast,hot_humid,bursty,2,40.005,39.705,39.505,37.005,25.0,45.0,60.0,,50.0,1.0,31.83,,,0,trial
2026-07-04T20:27:06,forecast_hot_humid_bursty_r2,forecast,hot_humid,bursty,2,40.005,39.705,39.505,37.005,25.0,45.0,60.0,,50.0,1.0,31.82,,,0,trial
2026-07-04T20:27:06,forecast_hot_humid_bursty_r2,forecast,hot_humid,bursty,2,40.005,39.705,39.505,37.005,25.0,45.0,60.0,,50.0,1.0,31.81,,,0,trial
2026-07-04T20:27:06,forecast_hot_humid_bursty_r2,forecast,hot_humid,bursty,2,40.005,39.705,39.505,37.005,25.0,45.0,60.0,,50.0,1.0,31.81,,,0,trial
2026-07-04T20:27:06,forecast_hot_humid_bursty_r2,forecast,hot_humid,bursty,2,40.005,39.705,39.505,37.005,25.0,45.0,60.0,,50.0,1.0,31.8,,,0,trial
2026-07-04T20:27:06,forecast_hot_humid_bursty_r2,forecast,hot_humid,bursty,2,40.005,39.705,39.505,37.005,25.0,45.0,60.0,,50.0,1.0,31.79,,,0,trial
2026-07-04T20:27:06,forecast_hot_humid_bursty_r2,forecast,hot_humid,bursty,2,40.005,39.705,39.505,37.005,25.0,45.0,60.0,,50.0,1.0,31.78,,,0,trial
2026-07-04T20:27:06,forecast_hot_humid_bursty_r2,forecast,hot_humid,bursty,2,40.005,39.705,39.505,37.005,25.0,45.0,60.0,,50.0,1.0,31.77,,,0,trial
2026-07-04T20:27:06,forecast_hot_humid_bursty_r2,forecast,hot_humid,bursty,2,40.005,39.705,39.505,37.005,25.0,45.0,60.0,,50.0,1.0,31.76,,,0,trial
2026-07-04T20:27:06,forecast_hot_humid_bursty_r2,forecast,hot_humid,bursty,2,40.005,39.705,39.505,37.005,25.0,45.0,60.0,,50.0,1.0,31.75,,,0,trial
2026-07-04T20:27:06,forecast_hot_humid_bursty_r2,forecast,hot_humid,bursty,2,40.005,39.705,39.505,37.005,25.0,45.0,60.0,,50.0,1.0,31.74,,,0,trial
2026-07-04T20:27:06,forecast_hot_humid_bursty_r2,forecast,hot_humid,bursty,2,40.005,39.705,39.505,37.005,25.0,45.0,60.0,,50.0,1.0,31.74,,,0,trial
2026-07-04T20:27:06,forecast_hot_humid_bursty_r2,forecast,hot_humid,bursty,2,40.005,39.705,39.505,37.005,25.0,45.0,60.0,,50.0,1.0,31.73,,,0,trial
2026-07-04T20:27:06,forecast_hot_humid_bursty_r2,forecast,hot_humid,bursty,2,40.005,39.705,39.505,37.005,25.0,45.0,60.0,,50.0,1.0,31.72,,,0,trial
2026-07-04T20:27:06,forecast_hot_humid_bursty_r2,forecast,hot_humid,bursty,2,40.005,39.705,39.505,37.005,25.0,45.0,60.0,,50.0,1.0,31.71,,,0,trial
2026-07-04T20:27:06,forecast_hot_humid_bursty_r2,forecast,hot_humid,bursty,2,40.005,39.705,39.505,37.005,25.0,45.0,60.0,,50.0,1.0,31.7,,,0,trial
2026-07-04T20:27:06,forecast_hot_humid_bursty_r2,forecast,hot_humid,bursty,2,40.005,39.705,39.505,37.005,25.0,45.0,60.0,,50.0,1.0,31.69,,,0,trial
2026-07-04T20:27:06,forecast_hot_humid_bursty_r2,forecast,hot_humid,bursty,2,40.005,39.705,39.505,37.005,25.0,45.0,60.0,,50.0,1.0,31.68,,,0,trial
2026-07-04T20:27:06,forecast_hot_humid_bursty_r2,forecast,hot_humid,bursty,2,40.005,39.705,39.505,37.005,25.0,45.0,60.0,,50.0,1.0,31.68,,,0,trial
2026-07-04T20:27:06,forecast_hot_humid_bursty_r2,forecast,hot_humid,bursty,2,40.005,39.705,39.505,37.005,25.0,45.0,60.0,,50.0,1.0,31.67,,,0,trial
2026-07-04T20:27:06,forecast_hot_humid_bursty_r2,forecast,hot_humid,bursty,2,40.005,39.705,39.505,37.005,25.0,45.0,60.0,,50.0,1.0,31.66,,,0,trial
2026-07-04T20:27:06,forecast_hot_humid_bursty_r2,forecast,hot_humid,bursty,2,40.005,39.705,39.505,37.005,25.0,45.0,60.0,,50.0,1.0,31.65,,,0,trial
2026-07-04T20:27:06,forecast_hot_humid_bursty_r2,forecast,hot_humid,bursty,2,40.005,39.705,39.505,37.005,25.0,45.0,60.0,,50.0,1.0,31.64,,,0,trial
2026-07-04T20:27:06,forecast_hot_humid_bursty_r2,forecast,hot_humid,bursty,2,40.005,39.705,39.505,37.005,25.0,45.0,60.0,,50.0,1.0,31.63,,,0,trial
2026-07-04T20:27:06,forecast_hot_humid_bursty_r2,forecast,hot_humid,bursty,2,40.005,39.705,39.505,37.005,25.0,45.0,60.0,,50.0,1.0,31.63,,,0,trial
2026-07-04T20:27:06,forecast_hot_humid_bursty_r2,forecast,hot_humid,bursty,2,40.005,39.705,39.505,37.005,25.0,45.0,60.0,,50.0,1.0,31.62,,,0,trial
2026-07-04T20:27:06,forecast_hot_humid_bursty_r2,forecast,hot_humid,bursty,2,40.005,39.705,39.505,37.005,25.0,45.0,60.0,,50.0,1.0,31.61,,,0,trial
2026-07-04T20:27:06,forecast_hot_humid_bursty_r2,forecast,hot_humid,bursty,2,40.005,39.705,39.505,37.005,25.0,45.0,60.0,,50.0,1.0,31.6,,,0,trial
2026-07-04T20:27:06,forecast_hot_humid_bursty_r2,forecast,hot_humid,bursty,2,40.005,39.705,39.505,37.005,25.0,45.0,60.0,,50.0,1.0,31.59,,,0,trial
2026-07-04T20:27:06,forecast_hot_humid_bursty_r2,forecast,hot_humid,bursty,2,40.005,39.705,39.505,37.005,25.0,45.0,60.0,,50.0,1.0,31.59,,,0,trial
2026-07-04T20:27:06,forecast_hot_humid_bursty_r2,forecast,hot_humid,bursty,2,40.005,39.705,39.505,37.005,25.0,45.0,60.0,,50.0,1.0,31.58,,,0,trial
2026-07-04T20:27:06,forecast_hot_humid_bursty_r2,forecast,hot_humid,bursty,2,40.005,39.705,39.505,37.005,25.0,45.0,60.0,,50.0,1.0,31.57,,,0,trial
2026-07-04T20:27:06,forecast_hot_humid_bursty_r2,forecast,hot_humid,bursty,2,40.005,39.705,39.505,37.005,25.0,45.0,60.0,,50.0,1.0,31.56,,,0,trial
2026-07-04T20:27:06,forecast_hot_humid_bursty_r2,forecast,hot_humid,bursty,2,40.005,39.705,39.505,37.005,25.0,45.0,60.0,,50.0,1.0,31.55,,,0,trial
2026-07-04T20:27:06,forecast_hot_humid_bursty_r2,forecast,hot_humid,bursty,2,40.005,39.705,39.505,37.005,25.0,45.0,60.0,,50.0,1.0,31.55,,,0,trial
2026-07-04T20:27:06,forecast_hot_humid_bursty_r2,forecast,hot_humid,bursty,2,40.005,39.705,39.505,37.005,25.0,45.0,60.0,,50.0,1.0,31.54,,,0,trial
2026-07-04T20:27:06,forecast_hot_humid_bursty_r2,forecast,hot_humid,bursty,2,40.005,39.705,39.505,37.005,25.0,45.0,60.0,,50.0,1.0,31.53,,,0,trial
2026-07-04T20:27:06,forecast_hot_humid_bursty_r2,forecast,hot_humid,bursty,2,40.005,39.705,39.505,37.005,25.0,45.0,60.0,,50.0,1.0,31.52,,,0,trial
2026-07-04T20:27:06,forecast_hot_humid_bursty_r2,forecast,hot_humid,bursty,2,40.005,39.705,39.505,37.005,25.0,45.0,60.0,,50.0,1.0,31.51,,,0,trial
2026-07-04T20:27:06,forecast_hot_humid_bursty_r2,forecast,hot_humid,bursty,2,40.005,39.705,39.505,37.005,25.0,45.0,60.0,,50.0,1.0,31.51,,,0,trial
2026-07-04T20:27:06,forecast_hot_humid_bursty_r2,forecast,hot_humid,bursty,2,40.005,39.705,39.505,37.005,25.0,45.0,60.0,,50.0,1.0,31.5,,,0,trial
2026-07-04T20:27:06,forecast_hot_humid_bursty_r2,forecast,hot_humid,bursty,2,40.005,39.705,39.505,37.005,25.0,45.0,60.0,,50.0,1.0,31.49,,,0,trial
2026-07-04T20:27:06,forecast_hot_humid_bursty_r2,forecast,hot_humid,bursty,2,40.005,39.705,39.505,37.005,25.0,45.0,60.0,,50.0,1.0,31.48,,,0,trial
2026-07-04T20:27:06,forecast_hot_humid_bursty_r2,forecast,hot_humid,bursty,2,40.005,39.705,39.505,37.005,25.0,45.0,60.0,,50.0,1.0,31.48,,,0,trial
2026-07-04T20:27:06,forecast_hot_humid_bursty_r2,forecast,hot_humid,bursty,2,40.005,39.705,39.505,37.005,25.0,45.0,60.0,,50.0,1.0,31.47,,,0,trial
2026-07-04T20:27:06,forecast_hot_humid_bursty_r2,forecast,hot_humid,bursty,2,40.005,39.705,39.505,37.005,25.0,45.0,60.0,,50.0,1.0,31.46,,,0,trial
2026-07-04T20:27:06,forecast_hot_humid_bursty_r2,forecast,hot_humid,bursty,2,40.005,39.705,39.505,37.005,25.0,45.0,60.0,,50.0,1.0,31.45,,,0,trial
2026-07-04T20:27:06,forecast_hot_humid_bursty_r2,forecast,hot_humid,bursty,2,40.005,39.705,39.505,37.005,25.0,45.0,60.0,,50.0,1.0,31.44,,,0,trial
2026-07-04T20:27:06,forecast_hot_humid_bursty_r2,forecast,hot_humid,bursty,2,40.005,39.705,39.505,37.005,25.0,45.0,60.0,,50.0,1.0,31.44,,,0,trial
2026-07-04T20:27:06,forecast_hot_humid_bursty_r2,forecast,hot_humid,bursty,2,40.005,39.705,39.505,37.005,25.0,45.0,60.0,,50.0,1.0,31.43,,,0,trial
2026-07-04T20:27:06,forecast_hot_humid_bursty_r2,forecast,hot_humid,bursty,2,40.005,39.705,39.505,37.005,25.0,45.0,60.0,,50.0,1.0,31.42,,,0,trial
2026-07-04T20:27:06,forecast_hot_humid_bursty_r2,forecast,hot_humid,bursty,2,40.005,39.705,39.505,37.005,25.0,45.0,60.0,,50.0,1.0,31.42,,,0,trial
2026-07-04T20:27:06,forecast_hot_humid_bursty_r2,forecast,hot_humid,bursty,2,40.005,39.705,39.505,37.005,25.0,45.0,60.0,,50.0,1.0,31.41,,,0,trial
2026-07-04T20:27:06,forecast_hot_humid_bursty_r2,forecast,hot_humid,bursty,2,40.005,39.705,39.505,37.005,25.0,45.0,60.0,,50.0,1.0,31.4,,,0,trial
2026-07-04T20:27:06,forecast_hot_humid_bursty_r2,forecast,hot_humid,bursty,2,40.005,39.705,39.505,37.005,25.0,45.0,60.0,,50.0,1.0,31.39,,,0,trial
2026-07-04T20:27:06,forecast_hot_humid_bursty_r2,forecast,hot_humid,bursty,2,40.005,39.705,39.505,37.005,25.0,45.0,60.0,,50.0,1.0,31.39,,,0,trial
2026-07-04T20:27:06,forecast_hot_humid_bursty_r2,forecast,hot_humid,bursty,2,40.005,39.705,39.505,37.005,25.0,45.0,60.0,,50.0,1.0,31.38,,,0,trial
2026-07-04T20:27:06,forecast_hot_humid_bursty_r2,forecast,hot_humid,bursty,2,40.005,39.705,39.505,37.005,25.0,45.0,60.0,,50.0,1.0,31.37,,,0,trial
2026-07-04T20:27:06,forecast_hot_humid_bursty_r2,forecast,hot_humid,bursty,2,40.005,39.705,39.505,37.005,25.0,45.0,60.0,,50.0,1.0,31.36,,,0,trial
2026-07-04T20:27:06,forecast_hot_humid_bursty_r2,forecast,hot_humid,bursty,2,40.005,39.705,39.505,37.005,25.0,45.0,60.0,,50.0,1.0,31.36,,,0,trial
2026-07-04T20:27:06,forecast_hot_humid_bursty_r2,forecast,hot_humid,bursty,2,40.005,39.705,39.505,37.005,25.0,45.0,60.0,,50.0,1.0,31.35,,,0,trial
2026-07-04T20:27:06,forecast_hot_humid_bursty_r2,forecast,hot_humid,bursty,2,40.005,39.705,39.505,37.005,25.0,45.0,60.0,,50.0,1.0,31.34,,,0,trial
2026-07-04T20:27:06,forecast_hot_humid_bursty_r2,forecast,hot_humid,bursty,2,40.005,39.705,39.505,37.005,25.0,45.0,60.0,,50.0,1.0,31.34,,,0,trial
2026-07-04T20:27:06,forecast_hot_humid_bursty_r2,forecast,hot_humid,bursty,2,40.005,39.705,39.505,37.005,25.0,45.0,60.0,,50.0,1.0,31.33,,,0,trial
2026-07-04T20:27:06,forecast_hot_humid_bursty_r2,forecast,hot_humid,bursty,2,40.005,39.705,39.505,37.005,25.0,45.0,60.0,,50.0,1.0,31.32,,,0,trial
2026-07-04T20:27:06,forecast_hot_humid_bursty_r2,forecast,hot_humid,bursty,2,40.005,39.705,39.505,37.005,25.0,45.0,60.0,,50.0,1.0,31.31,,,0,trial
2026-07-04T20:27:06,forecast_hot_humid_bursty_r2,forecast,hot_humid,bursty,2,40.005,39.705,39.505,37.005,25.0,45.0,60.0,,50.0,1.0,31.31,,,0,trial
2026-07-04T20:27:06,forecast_hot_humid_bursty_r2,forecast,hot_humid,bursty,2,40.005,39.705,39.505,37.005,25.0,45.0,60.0,,50.0,1.0,31.3,,,0,trial
2026-07-04T20:27:06,forecast_hot_humid_bursty_r2,forecast,hot_humid,bursty,2,40.005,39.705,39.505,37.005,25.0,45.0,60.0,,50.0,1.0,31.29,,,0,trial
2026-07-04T20:27:06,forecast_hot_humid_bursty_r2,forecast,hot_humid,bursty,2,40.005,39.705,39.505,37.005,25.0,45.0,60.0,,50.0,1.0,31.29,,,0,trial
2026-07-04T20:27:06,forecast_hot_humid_bursty_r2,forecast,hot_humid,bursty,2,40.005,39.705,39.505,37.005,25.0,45.0,60.0,,50.0,1.0,31.28,,,0,trial
2026-07-04T20:27:06,forecast_hot_humid_bursty_r2,forecast,hot_humid,bursty,2,40.005,39.705,39.505,37.005,25.0,45.0,60.0,,50.0,1.0,31.27,,,0,trial
2026-07-04T20:27:06,forecast_hot_humid_bursty_r2,forecast,hot_humid,bursty,2,40.005,39.705,39.505,37.005,25.0,45.0,60.0,,50.0,1.0,31.27,,,0,trial
2026-07-04T20:27:06,forecast_hot_humid_bursty_r2,forecast,hot_humid,bursty,2,40.005,39.705,39.505,37.005,25.0,45.0,60.0,,50.0,1.0,31.26,,,0,trial
2026-07-04T20:27:06,forecast_hot_humid_bursty_r2,forecast,hot_humid,bursty,2,40.005,39.705,39.505,37.005,25.0,45.0,60.0,,50.0,1.0,31.25,,,0,trial
2026-07-04T20:27:06,forecast_hot_humid_bursty_r2,forecast,hot_humid,bursty,2,40.005,39.705,39.505,37.005,25.0,45.0,60.0,,50.0,1.0,31.25,,,0,trial
2026-07-04T20:27:06,forecast_hot_humid_bursty_r2,forecast,hot_humid,bursty,2,40.005,39.705,39.505,37.005,25.0,45.0,60.0,,50.0,1.0,31.24,,,0,trial
2026-07-04T20:27:06,forecast_hot_humid_bursty_r2,forecast,hot_humid,bursty,2,40.005,39.705,39.505,37.005,25.0,45.0,60.0,,50.0,1.0,31.23,,,0,trial
2026-07-04T20:27:06,forecast_hot_humid_bursty_r2,forecast,hot_humid,bursty,2,40.005,39.705,39.505,37.005,25.0,45.0,60.0,,50.0,1.0,31.23,,,0,trial
2026-07-04T20:27:06,forecast_hot_humid_bursty_r2,forecast,hot_humid,bursty,2,40.005,39.705,39.505,37.005,25.0,45.0,60.0,,50.0,1.0,31.22,,,0,trial
2026-07-04T20:27:06,forecast_hot_humid_bursty_r2,forecast,hot_humid,bursty,2,40.005,39.705,39.505,37.005,25.0,45.0,60.0,,50.0,1.0,31.21,,,0,trial
2026-07-04T20:27:06,forecast_hot_humid_bursty_r2,forecast,hot_humid,bursty,2,40.005,39.705,39.505,37.005,25.0,45.0,60.0,,50.0,1.0,31.21,,,0,trial
2026-07-04T20:27:06,forecast_hot_humid_bursty_r2,forecast,hot_humid,bursty,2,40.005,39.705,39.505,37.005,25.0,45.0,60.0,,50.0,1.0,31.2,,,0,trial
2026-07-04T20:27:06,forecast_hot_humid_bursty_r2,forecast,hot_humid,bursty,2,40.005,39.705,39.505,37.005,25.0,45.0,60.0,,50.0,1.0,31.19,,,0,trial
2026-07-04T20:27:06,forecast_hot_humid_bursty_r2,forecast,hot_humid,bursty,2,40.005,39.705,39.505,37.005,25.0,45.0,60.0,,50.0,1.0,31.19,,,0,trial
2026-07-04T20:27:06,forecast_hot_humid_bursty_r2,forecast,hot_humid,bursty,2,40.004,39.704,39.504,37.004,25.0,45.0,60.0,,50.0,1.0,31.18,,,0,trial
2026-07-04T20:27:06,forecast_hot_humid_bursty_r2,forecast,hot_humid,bursty,2,40.004,39.704,39.504,37.004,25.0,45.0,60.0,,50.0,1.0,31.17,,,0,trial
2026-07-04T20:27:06,forecast_hot_humid_bursty_r2,forecast,hot_humid,bursty,2,40.004,39.704,39.504,37.004,25.0,45.0,60.0,,50.0,1.0,31.17,,,0,trial
2026-07-04T20:27:06,forecast_hot_humid_bursty_r2,forecast,hot_humid,bursty,2,40.004,39.704,39.504,37.004,25.0,45.0,60.0,,50.0,1.0,31.16,,,0,trial
2026-07-04T20:27:06,forecast_hot_humid_bursty_r2,forecast,hot_humid,bursty,2,40.004,39.704,39.504,37.004,25.0,45.0,60.0,,50.0,1.0,31.15,,,0,trial
2026-07-04T20:27:06,forecast_hot_humid_bursty_r2,forecast,hot_humid,bursty,2,40.004,39.704,39.504,37.004,25.0,45.0,60.0,,50.0,1.0,31.15,,,0,trial
2026-07-04T20:27:06,forecast_hot_humid_bursty_r2,forecast,hot_humid,bursty,2,40.004,39.704,39.504,37.004,25.0,45.0,60.0,,50.0,1.0,31.14,,,0,trial
2026-07-04T20:27:06,forecast_hot_humid_bursty_r2,forecast,hot_humid,bursty,2,40.004,39.704,39.504,37.004,25.0,45.0,60.0,,50.0,1.0,31.14,,,0,trial
2026-07-04T20:27:06,forecast_hot_humid_bursty_r2,forecast,hot_humid,bursty,2,40.004,39.704,39.504,37.004,25.0,45.0,60.0,,50.0,1.0,31.13,,,0,trial
2026-07-04T20:27:06,forecast_hot_humid_bursty_r2,forecast,hot_humid,bursty,2,40.004,39.704,39.504,37.004,25.0,45.0,60.0,,50.0,1.0,31.12,,,0,trial
2026-07-04T20:27:06,forecast_hot_humid_bursty_r2,forecast,hot_humid,bursty,2,40.004,39.704,39.504,37.004,25.0,45.0,60.0,,50.0,1.0,31.12,,,0,trial
2026-07-04T20:27:06,forecast_hot_humid_bursty_r2,forecast,hot_humid,bursty,2,40.004,39.704,39.504,37.004,25.0,45.0,60.0,,50.0,1.0,31.11,,,0,trial
2026-07-04T20:27:06,forecast_hot_humid_bursty_r2,forecast,hot_humid,bursty,2,40.004,39.704,39.504,37.004,25.0,45.0,60.0,,50.0,1.0,31.1,,,0,trial
2026-07-04T20:27:06,forecast_hot_humid_bursty_r2,forecast,hot_humid,bursty,2,40.004,39.704,39.504,37.004,25.0,45.0,60.0,,50.0,1.0,31.1,,,0,trial
2026-07-04T20:27:06,forecast_hot_humid_bursty_r2,forecast,hot_humid,bursty,2,40.004,39.704,39.504,37.004,25.0,45.0,60.0,,50.0,1.0,31.09,,,0,trial
2026-07-04T20:27:06,forecast_hot_humid_bursty_r2,forecast,hot_humid,bursty,2,40.004,39.704,39.504,37.004,25.0,45.0,60.0,,50.0,1.0,31.09,,,0,trial
2026-07-04T20:27:06,forecast_hot_humid_bursty_r2,forecast,hot_humid,bursty,2,40.004,39.704,39.504,37.004,25.0,45.0,60.0,,50.0,1.0,31.08,,,0,trial
2026-07-04T20:27:06,forecast_hot_humid_bursty_r2,forecast,hot_humid,bursty,2,40.004,39.704,39.504,37.004,25.0,45.0,60.0,,50.0,1.0,31.07,,,0,trial
2026-07-04T20:27:06,forecast_hot_humid_bursty_r2,forecast,hot_humid,bursty,2,40.004,39.704,39.504,37.004,25.0,45.0,60.0,,50.0,1.0,31.07,,,0,trial
2026-07-04T20:27:06,forecast_hot_humid_bursty_r2,forecast,hot_humid,bursty,2,40.004,39.704,39.504,37.004,25.0,45.0,60.0,,50.0,1.0,31.06,,,0,trial
2026-07-04T20:27:06,forecast_hot_humid_bursty_r2,forecast,hot_humid,bursty,2,40.004,39.704,39.504,37.004,25.0,45.0,60.0,,50.0,1.0,31.06,,,0,trial
2026-07-04T20:27:06,forecast_hot_humid_bursty_r2,forecast,hot_humid,bursty,2,40.004,39.704,39.504,37.004,25.0,45.0,60.0,,50.0,1.0,31.05,,,0,trial
2026-07-04T20:27:06,forecast_hot_humid_bursty_r2,forecast,hot_humid,bursty,2,40.004,39.704,39.504,37.004,25.0,45.0,60.0,,50.0,1.0,31.04,,,0,trial
2026-07-04T20:27:06,forecast_hot_humid_bursty_r2,forecast,hot_humid,bursty,2,40.004,39.704,39.504,37.004,25.0,45.0,60.0,,50.0,1.0,31.04,,,0,trial
2026-07-04T20:27:06,forecast_hot_humid_bursty_r2,forecast,hot_humid,bursty,2,40.004,39.704,39.504,37.004,25.0,45.0,60.0,,50.0,1.0,31.03,,,0,trial
2026-07-04T20:27:06,forecast_hot_humid_bursty_r2,forecast,hot_humid,bursty,2,40.004,39.704,39.504,37.004,25.0,45.0,60.0,,50.0,1.0,31.03,,,0,trial
2026-07-04T20:27:06,forecast_hot_humid_bursty_r2,forecast,hot_humid,bursty,2,40.004,39.704,39.504,37.004,25.0,45.0,60.0,,50.0,1.0,31.02,,,0,trial
2026-07-04T20:27:06,forecast_hot_humid_bursty_r2,forecast,hot_humid,bursty,2,40.004,39.704,39.504,37.004,25.0,45.0,60.0,,50.0,1.0,31.02,,,0,trial
2026-07-04T20:27:06,forecast_hot_humid_bursty_r2,forecast,hot_humid,bursty,2,40.004,39.704,39.504,37.004,25.0,45.0,60.0,,50.0,1.0,31.01,,,0,trial
2026-07-04T20:27:06,forecast_hot_humid_bursty_r2,forecast,hot_humid,bursty,2,40.004,39.704,39.504,37.004,25.0,45.0,60.0,,50.0,1.0,31.0,,,0,trial
2026-07-04T20:27:06,forecast_hot_humid_bursty_r2,forecast,hot_humid,bursty,2,40.004,39.704,39.504,37.004,25.0,45.0,60.0,,50.0,1.0,31.0,,,0,trial
2026-07-04T20:27:06,forecast_hot_humid_bursty_r2,forecast,hot_humid,bursty,2,40.004,39.704,39.504,37.004,25.0,45.0,60.0,,50.0,1.0,30.99,,,0,trial
2026-07-04T20:27:06,forecast_hot_humid_bursty_r2,forecast,hot_humid,bursty,2,40.004,39.704,39.504,37.004,25.0,45.0,60.0,,50.0,1.0,30.99,,,0,trial
2026-07-04T20:27:06,forecast_hot_humid_bursty_r2,forecast,hot_humid,bursty,2,40.004,39.704,39.504,37.004,25.0,45.0,60.0,,50.0,1.0,30.98,,,0,trial
2026-07-04T20:27:06,forecast_hot_humid_bursty_r2,forecast,hot_humid,bursty,2,40.004,39.704,39.504,37.004,25.0,45.0,60.0,,50.0,1.0,30.98,,,0,trial
2026-07-04T20:27:06,forecast_hot_humid_bursty_r2,forecast,hot_humid,bursty,2,40.004,39.704,39.504,37.004,25.0,45.0,60.0,,50.0,1.0,30.97,,,0,trial
2026-07-04T20:27:06,forecast_hot_humid_bursty_r2,forecast,hot_humid,bursty,2,40.004,39.704,39.504,37.004,25.0,45.0,60.0,,50.0,1.0,30.97,,,0,trial
2026-07-04T20:27:06,forecast_hot_humid_bursty_r2,forecast,hot_humid,bursty,2,40.004,39.704,39.504,37.004,25.0,45.0,60.0,,50.0,1.0,30.96,,,0,trial
2026-07-04T20:27:06,forecast_hot_humid_bursty_r2,forecast,hot_humid,bursty,2,40.004,39.704,39.504,37.004,25.0,45.0,60.0,,50.0,1.0,30.95,,,0,trial
2026-07-04T20:27:06,forecast_hot_humid_bursty_r2,forecast,hot_humid,bursty,2,40.004,39.704,39.504,37.004,25.0,45.0,60.0,,50.0,1.0,30.95,,,0,trial
2026-07-04T20:27:06,forecast_hot_humid_bursty_r2,forecast,hot_humid,bursty,2,40.004,39.704,39.504,37.004,25.0,45.0,60.0,,50.0,1.0,30.94,,,0,trial
2026-07-04T20:27:06,forecast_hot_humid_bursty_r2,forecast,hot_humid,bursty,2,40.004,39.704,39.504,37.004,25.0,45.0,60.0,,50.0,1.0,30.94,,,0,trial
2026-07-04T20:27:06,forecast_hot_humid_bursty_r2,forecast,hot_humid,bursty,2,40.004,39.704,39.504,37.004,25.0,45.0,60.0,,50.0,1.0,30.93,,,0,trial
2026-07-04T20:27:06,forecast_hot_humid_bursty_r2,forecast,hot_humid,bursty,2,40.004,39.704,39.504,37.004,25.0,45.0,60.0,,50.0,1.0,30.93,,,0,trial
2026-07-04T20:27:06,forecast_hot_humid_bursty_r2,forecast,hot_humid,bursty,2,40.004,39.704,39.504,37.004,25.0,45.0,60.0,,50.0,1.0,30.92,,,0,trial
2026-07-04T20:27:06,forecast_hot_humid_bursty_r2,forecast,hot_humid,bursty,2,40.004,39.704,39.504,37.004,25.0,45.0,60.0,,50.0,1.0,30.92,,,0,trial
2026-07-04T20:27:06,forecast_hot_humid_bursty_r2,forecast,hot_humid,bursty,2,40.004,39.704,39.504,37.004,25.0,45.0,60.0,,50.0,1.0,30.91,,,0,trial
2026-07-04T20:27:06,forecast_hot_humid_bursty_r2,forecast,hot_humid,bursty,2,40.004,39.704,39.504,37.004,25.0,45.0,60.0,,50.0,1.0,30.91,,,0,trial
2026-07-04T20:27:06,forecast_hot_humid_bursty_r2,forecast,hot_humid,bursty,2,40.004,39.704,39.504,37.004,25.0,45.0,60.0,,50.0,1.0,30.9,,,0,trial
2026-07-04T20:27:06,forecast_hot_humid_bursty_r2,forecast,hot_humid,bursty,2,40.004,39.704,39.504,37.004,25.0,45.0,60.0,,50.0,1.0,30.9,,,0,trial
2026-07-04T20:27:06,forecast_hot_humid_bursty_r2,forecast,hot_humid,bursty,2,40.004,39.704,39.504,37.004,25.0,45.0,60.0,,50.0,1.0,30.89,,,0,trial
2026-07-04T20:27:06,forecast_hot_humid_bursty_r2,forecast,hot_humid,bursty,2,40.004,39.704,39.504,37.004,25.0,45.0,60.0,,50.0,1.0,30.89,,,0,trial
2026-07-04T20:27:06,forecast_hot_humid_bursty_r2,forecast,hot_humid,bursty,2,40.004,39.704,39.504,37.004,25.0,45.0,60.0,,50.0,1.0,30.88,,,0,trial
2026-07-04T20:27:06,forecast_hot_humid_bursty_r2,forecast,hot_humid,bursty,2,40.004,39.704,39.504,37.004,25.0,45.0,60.0,,50.0,1.0,30.88,,,0,trial
2026-07-04T20:27:06,forecast_hot_humid_bursty_r2,forecast,hot_humid,bursty,2,40.004,39.704,39.504,37.004,25.0,45.0,60.0,,50.0,1.0,30.87,,,0,trial
2026-07-04T20:27:06,forecast_hot_humid_bursty_r2,forecast,hot_humid,bursty,2,40.004,39.704,39.504,37.004,25.0,45.0,60.0,,50.0,1.0,30.87,,,0,trial
2026-07-04T20:27:06,forecast_hot_humid_bursty_r2,forecast,hot_humid,bursty,2,40.004,39.704,39.504,37.004,25.0,45.0,60.0,,50.0,1.0,30.86,,,0,trial
2026-07-04T20:27:06,forecast_hot_humid_bursty_r2,forecast,hot_humid,bursty,2,40.004,39.704,39.504,37.004,25.0,45.0,60.0,,50.0,1.0,30.86,,,0,trial
2026-07-04T20:27:06,forecast_hot_humid_bursty_r2,forecast,hot_humid,bursty,2,40.004,39.704,39.504,37.004,25.0,45.0,60.0,,50.0,1.0,30.85,,,0,trial
2026-07-04T20:27:06,forecast_hot_humid_bursty_r2,forecast,hot_humid,bursty,2,40.004,39.704,39.504,37.004,25.0,45.0,60.0,,50.0,1.0,30.85,,,0,trial
2026-07-04T20:27:06,forecast_hot_humid_bursty_r2,forecast,hot_humid,bursty,2,40.004,39.704,39.504,37.004,25.0,45.0,60.0,,50.0,1.0,30.84,,,0,trial
2026-07-04T20:27:06,forecast_hot_humid_bursty_r2,forecast,hot_humid,bursty,2,40.004,39.704,39.504,37.004,25.0,45.0,60.0,,50.0,1.0,30.84,,,0,trial
2026-07-04T20:27:06,forecast_hot_humid_bursty_r2,forecast,hot_humid,bursty,2,40.004,39.704,39.504,37.004,25.0,45.0,60.0,,50.0,1.0,30.83,,,0,trial
2026-07-04T20:27:06,forecast_hot_humid_bursty_r2,forecast,hot_humid,bursty,2,40.004,39.704,39.504,37.004,25.0,45.0,60.0,,50.0,1.0,30.83,,,0,trial
2026-07-04T20:27:06,forecast_hot_humid_bursty_r2,forecast,hot_humid,bursty,2,40.004,39.704,39.504,37.004,25.0,45.0,60.0,,50.0,1.0,30.82,,,0,trial
2026-07-04T20:27:06,forecast_hot_humid_bursty_r2,forecast,hot_humid,bursty,2,40.004,39.704,39.504,37.004,25.0,45.0,60.0,,50.0,1.0,30.82,,,0,trial
2026-07-04T20:27:06,forecast_hot_humid_bursty_r2,forecast,hot_humid,bursty,2,40.004,39.704,39.504,37.004,25.0,45.0,60.0,,50.0,1.0,30.81,,,0,trial
2026-07-04T20:27:06,forecast_hot_humid_bursty_r2,forecast,hot_humid,bursty,2,40.004,39.704,39.504,37.004,25.0,45.0,60.0,,50.0,1.0,30.81,,,0,trial
2026-07-04T20:27:06,forecast_hot_humid_bursty_r2,forecast,hot_humid,bursty,2,40.004,39.704,39.504,37.004,25.0,45.0,60.0,,50.0,1.0,30.8,,,0,trial
2026-07-04T20:27:06,forecast_hot_humid_bursty_r2,forecast,hot_humid,bursty,2,40.004,39.704,39.504,37.004,25.0,45.0,60.0,,50.0,1.0,30.8,,,0,trial
2026-07-04T20:27:06,forecast_hot_humid_bursty_r2,forecast,hot_humid,bursty,2,40.004,39.704,39.504,37.004,25.0,45.0,60.0,,50.0,1.0,30.79,,,0,trial
2026-07-04T20:27:06,forecast_hot_humid_bursty_r2,forecast,hot_humid,bursty,2,40.004,39.704,39.504,37.004,25.0,45.0,60.0,,50.0,1.0,30.79,,,0,trial
2026-07-04T20:27:06,forecast_hot_humid_bursty_r2,forecast,hot_humid,bursty,2,40.004,39.704,39.504,37.004,25.0,45.0,60.0,,50.0,1.0,30.79,,,0,trial
2026-07-04T20:27:06,forecast_hot_humid_bursty_r2,forecast,hot_humid,bursty,2,40.004,39.704,39.504,37.004,25.0,45.0,60.0,,50.0,1.0,30.78,,,0,trial
2026-07-04T20:27:06,forecast_hot_humid_bursty_r2,forecast,hot_humid,bursty,2,40.004,39.704,39.504,37.004,25.0,45.0,60.0,,50.0,1.0,30.78,,,0,trial
2026-07-04T20:27:06,forecast_hot_humid_bursty_r2,forecast,hot_humid,bursty,2,40.004,39.704,39.504,37.004,25.0,45.0,60.0,,50.0,1.0,30.77,,,0,trial
2026-07-04T20:27:06,forecast_hot_humid_bursty_r2,forecast,hot_humid,bursty,2,40.004,39.704,39.504,37.004,25.0,45.0,60.0,,50.0,1.0,30.77,,,0,trial
2026-07-04T20:27:06,forecast_hot_humid_bursty_r2,forecast,hot_humid,bursty,2,40.004,39.704,39.504,37.004,25.0,45.0,60.0,,50.0,1.0,30.76,,,0,trial
2026-07-04T20:27:06,forecast_hot_humid_bursty_r2,forecast,hot_humid,bursty,2,40.004,39.704,39.504,37.004,25.0,45.0,60.0,,50.0,1.0,30.76,,,0,trial
2026-07-04T20:27:06,forecast_hot_humid_bursty_r2,forecast,hot_humid,bursty,2,40.004,39.704,39.504,37.004,25.0,45.0,60.0,,50.0,1.0,30.75,,,0,trial
2026-07-04T20:27:06,forecast_hot_humid_bursty_r2,forecast,hot_humid,bursty,2,40.004,39.704,39.504,37.004,25.0,45.0,60.0,,50.0,1.0,30.75,,,0,trial
2026-07-04T20:27:06,forecast_hot_humid_bursty_r2,forecast,hot_humid,bursty,2,40.004,39.704,39.504,37.004,25.0,45.0,60.0,,50.0,1.0,30.75,,,0,trial
2026-07-04T20:27:06,forecast_hot_humid_bursty_r2,forecast,hot_humid,bursty,2,40.004,39.704,39.504,37.004,25.0,45.0,60.0,,50.0,1.0,30.74,,,0,trial
2026-07-04T20:27:06,forecast_hot_humid_bursty_r2,forecast,hot_humid,bursty,2,40.004,39.704,39.504,37.004,25.0,45.0,60.0,,50.0,1.0,30.74,,,0,trial
2026-07-04T20:27:06,forecast_hot_humid_bursty_r2,forecast,hot_humid,bursty,2,40.004,39.704,39.504,37.004,25.0,45.0,60.0,,50.0,1.0,30.73,,,0,trial
2026-07-04T20:27:06,forecast_hot_humid_bursty_r2,forecast,hot_humid,bursty,2,40.004,39.704,39.504,37.004,25.0,45.0,60.0,,50.0,1.0,30.73,,,0,trial
2026-07-04T20:27:06,forecast_hot_humid_bursty_r2,forecast,hot_humid,bursty,2,40.004,39.704,39.504,37.004,25.0,45.0,60.0,,50.0,1.0,30.72,,,0,trial
2026-07-04T20:27:06,forecast_hot_humid_bursty_r2,forecast,hot_humid,bursty,2,40.004,39.704,39.504,37.004,25.0,45.0,60.0,,50.0,1.0,30.72,,,0,trial
2026-07-04T20:27:06,forecast_hot_humid_bursty_r2,forecast,hot_humid,bursty,2,40.004,39.704,39.504,37.004,25.0,45.0,60.0,,50.0,1.0,30.72,,,0,trial
2026-07-04T20:27:06,forecast_hot_humid_bursty_r2,forecast,hot_humid,bursty,2,40.004,39.704,39.504,37.004,25.0,45.0,60.0,,50.0,1.0,30.71,,,0,trial
2026-07-04T20:27:06,forecast_hot_humid_bursty_r2,forecast,hot_humid,bursty,2,40.004,39.704,39.504,37.004,25.0,45.0,60.0,,50.0,1.0,30.71,,,0,trial
2026-07-04T20:27:06,forecast_hot_humid_bursty_r2,forecast,hot_humid,bursty,2,40.004,39.704,39.504,37.004,25.0,45.0,60.0,,50.0,1.0,30.7,,,0,trial
2026-07-04T20:27:06,forecast_hot_humid_bursty_r2,forecast,hot_humid,bursty,2,40.004,39.704,39.504,37.004,25.0,45.0,60.0,,50.0,1.0,30.7,,,0,trial
2026-07-04T20:27:06,forecast_hot_humid_bursty_r2,forecast,hot_humid,bursty,2,40.004,39.704,39.504,37.004,25.0,45.0,60.0,,50.0,1.0,30.7,,,0,trial
2026-07-04T20:27:06,forecast_hot_humid_bursty_r2,forecast,hot_humid,bursty,2,40.004,39.704,39.504,37.004,25.0,45.0,60.0,,50.0,1.0,30.69,,,0,trial
2026-07-04T20:27:06,forecast_hot_humid_bursty_r2,forecast,hot_humid,bursty,2,40.004,39.704,39.504,37.004,25.0,45.0,60.0,,50.0,1.0,30.69,,,0,trial
2026-07-04T20:27:06,forecast_hot_humid_bursty_r2,forecast,hot_humid,bursty,2,40.004,39.704,39.504,37.004,25.0,45.0,60.0,,50.0,1.0,30.68,,,0,trial
2026-07-04T20:27:06,forecast_hot_humid_bursty_r2,forecast,hot_humid,bursty,2,40.004,39.704,39.504,37.004,25.0,45.0,60.0,,50.0,1.0,30.68,,,0,trial
2026-07-04T20:27:06,forecast_hot_humid_bursty_r2,forecast,hot_humid,bursty,2,40.004,39.704,39.504,37.004,25.0,45.0,60.0,,50.0,1.0,30.68,,,0,trial
2026-07-04T20:27:06,forecast_hot_humid_bursty_r2,forecast,hot_humid,bursty,2,40.004,39.704,39.504,37.004,25.0,45.0,60.0,,50.0,1.0,30.67,,,0,trial
2026-07-04T20:27:06,forecast_hot_humid_bursty_r2,forecast,hot_humid,bursty,2,40.004,39.704,39.504,37.004,25.0,45.0,60.0,,50.0,1.0,30.67,,,0,trial
2026-07-04T20:27:06,forecast_hot_humid_bursty_r2,forecast,hot_humid,bursty,2,40.004,39.704,39.504,37.004,25.0,45.0,60.0,,50.0,1.0,30.66,,,0,trial
2026-07-04T20:27:06,forecast_hot_humid_bursty_r2,forecast,hot_humid,bursty,2,40.004,39.704,39.504,37.004,25.0,45.0,60.0,,50.0,1.0,30.66,,,0,trial
2026-07-04T20:27:06,forecast_hot_humid_bursty_r2,forecast,hot_humid,bursty,2,40.004,39.704,39.504,37.004,25.0,45.0,60.0,,50.0,1.0,30.66,,,0,trial
2026-07-04T20:27:06,forecast_hot_humid_bursty_r2,forecast,hot_humid,bursty,2,40.004,39.704,39.504,37.004,25.0,45.0,60.0,,50.0,1.0,30.65,,,0,trial
2026-07-04T20:27:06,forecast_hot_humid_bursty_r2,forecast,hot_humid,bursty,2,40.004,39.704,39.504,37.004,25.0,45.0,60.0,,50.0,1.0,30.65,,,0,trial
2026-07-04T20:27:06,forecast_hot_humid_bursty_r2,forecast,hot_humid,bursty,2,40.004,39.704,39.504,37.004,25.0,45.0,60.0,,50.0,1.0,30.64,,,0,trial
2026-07-04T20:27:06,forecast_hot_humid_bursty_r2,forecast,hot_humid,bursty,2,40.004,39.704,39.504,37.004,25.0,45.0,60.0,,50.0,1.0,30.64,,,0,trial
2026-07-04T20:27:06,forecast_hot_humid_bursty_r2,forecast,hot_humid,bursty,2,40.004,39.704,39.504,37.004,25.0,45.0,60.0,,50.0,1.0,30.64,,,0,trial
2026-07-04T20:27:06,forecast_hot_humid_bursty_r2,forecast,hot_humid,bursty,2,40.004,39.704,39.504,37.004,25.0,45.0,60.0,,50.0,1.0,30.63,,,0,trial
2026-07-04T20:27:06,forecast_hot_humid_bursty_r2,forecast,hot_humid,bursty,2,40.004,39.704,39.504,37.004,25.0,45.0,60.0,,50.0,1.0,30.63,,,0,trial
2026-07-04T20:27:06,forecast_hot_humid_bursty_r2,forecast,hot_humid,bursty,2,40.004,39.704,39.504,37.004,25.0,45.0,60.0,,50.0,1.0,30.63,,,0,trial
2026-07-04T20:27:06,forecast_hot_humid_bursty_r2,forecast,hot_humid,bursty,2,40.004,39.704,39.504,37.004,25.0,45.0,60.0,,50.0,1.0,30.62,,,0,trial
2026-07-04T20:27:06,forecast_hot_humid_bursty_r2,forecast,hot_humid,bursty,2,40.004,39.704,39.504,37.004,25.0,45.0,60.0,,50.0,1.0,30.62,,,0,trial
2026-07-04T20:27:06,forecast_hot_humid_bursty_r2,forecast,hot_humid,bursty,2,40.004,39.704,39.504,37.004,25.0,45.0,60.0,,50.0,1.0,30.61,,,0,trial
2026-07-04T20:27:06,forecast_hot_humid_bursty_r2,forecast,hot_humid,bursty,2,40.004,39.704,39.504,37.004,25.0,45.0,60.0,,50.0,1.0,30.61,,,0,trial
2026-07-04T20:27:06,forecast_hot_humid_bursty_r2,forecast,hot_humid,bursty,2,40.004,39.704,39.504,37.004,25.0,45.0,60.0,,50.0,1.0,30.61,,,0,trial
2026-07-04T20:27:06,forecast_hot_humid_bursty_r2,forecast,hot_humid,bursty,2,40.004,39.704,39.504,37.004,25.0,45.0,60.0,,50.0,1.0,30.6,,,0,trial
2026-07-04T20:27:06,forecast_hot_humid_bursty_r2,forecast,hot_humid,bursty,2,40.004,39.704,39.504,37.004,25.0,45.0,60.0,,50.0,1.0,30.6,,,0,trial
2026-07-04T20:27:06,forecast_hot_humid_bursty_r2,forecast,hot_humid,bursty,2,40.004,39.704,39.504,37.004,25.0,45.0,60.0,,50.0,1.0,30.6,,,0,trial
2026-07-04T20:27:06,forecast_hot_humid_bursty_r2,forecast,hot_humid,bursty,2,40.004,39.704,39.504,37.004,25.0,45.0,60.0,,50.0,1.0,30.59,,,0,trial
2026-07-04T20:27:06,forecast_hot_humid_bursty_r2,forecast,hot_humid,bursty,2,40.004,39.704,39.504,37.004,25.0,45.0,60.0,,50.0,1.0,30.59,,,0,trial
2026-07-04T20:27:06,forecast_hot_humid_bursty_r2,forecast,hot_humid,bursty,2,40.004,39.704,39.504,37.004,25.0,45.0,60.0,,50.0,1.0,30.59,,,0,trial
2026-07-04T20:27:06,forecast_hot_humid_bursty_r2,forecast,hot_humid,bursty,2,40.004,39.704,39.504,37.004,25.0,45.0,60.0,,50.0,1.0,30.58,,,0,trial
2026-07-04T20:27:06,forecast_hot_humid_bursty_r2,forecast,hot_humid,bursty,2,40.004,39.704,39.504,37.004,25.0,45.0,60.0,,50.0,1.0,30.58,,,0,trial
2026-07-04T20:27:06,forecast_hot_humid_bursty_r2,forecast,hot_humid,bursty,2,40.004,39.704,39.504,37.004,25.0,45.0,60.0,,50.0,1.0,30.58,,,0,trial
2026-07-04T20:27:06,forecast_hot_humid_bursty_r2,forecast,hot_humid,bursty,2,40.004,39.704,39.504,37.004,25.0,45.0,60.0,,50.0,1.0,30.57,,,0,trial
2026-07-04T20:27:06,forecast_hot_humid_bursty_r2,forecast,hot_humid,bursty,2,40.004,39.704,39.504,37.004,25.0,45.0,60.0,,50.0,1.0,30.57,,,0,trial
2026-07-04T20:27:06,forecast_hot_humid_bursty_r2,forecast,hot_humid,bursty,2,40.004,39.704,39.504,37.004,25.0,45.0,60.0,,50.0,1.0,30.57,,,0,trial
2026-07-04T20:27:06,forecast_hot_humid_bursty_r2,forecast,hot_humid,bursty,2,40.004,39.704,39.504,37.004,25.0,45.0,60.0,,50.0,1.0,30.56,,,0,trial
2026-07-04T20:27:06,forecast_hot_humid_bursty_r2,forecast,hot_humid,bursty,2,40.004,39.704,39.504,37.004,25.0,45.0,60.0,,50.0,1.0,30.56,,,0,trial
2026-07-04T20:27:06,forecast_hot_humid_bursty_r2,forecast,hot_humid,bursty,2,40.004,39.704,39.504,37.004,25.0,45.0,60.0,,50.0,1.0,30.56,,,0,trial
2026-07-04T20:27:06,forecast_hot_humid_bursty_r2,forecast,hot_humid,bursty,2,40.004,39.704,39.504,37.004,25.0,45.0,60.0,,50.0,1.0,30.55,,,0,trial
2026-07-04T20:27:06,forecast_hot_humid_bursty_r2,forecast,hot_humid,bursty,2,40.004,39.704,39.504,37.004,25.0,45.0,60.0,,50.0,1.0,30.55,,,0,trial
2026-07-04T20:27:06,forecast_hot_humid_bursty_r2,forecast,hot_humid,bursty,2,40.004,39.704,39.504,37.004,25.0,45.0,60.0,,50.0,1.0,30.55,,,0,trial
2026-07-04T20:27:06,forecast_hot_humid_bursty_r2,forecast,hot_humid,bursty,2,40.004,39.704,39.504,37.004,25.0,45.0,60.0,,50.0,1.0,30.54,,,0,trial
2026-07-04T20:27:06,forecast_hot_humid_bursty_r2,forecast,hot_humid,bursty,2,40.004,39.704,39.504,37.004,25.0,45.0,60.0,,50.0,1.0,30.54,,,0,trial
2026-07-04T20:27:06,forecast_hot_humid_bursty_r2,forecast,hot_humid,bursty,2,40.004,39.704,39.504,37.004,25.0,45.0,60.0,,50.0,1.0,30.54,,,0,trial
2026-07-04T20:27:06,forecast_hot_humid_bursty_r2,forecast,hot_humid,bursty,2,40.004,39.704,39.504,37.004,25.0,45.0,60.0,,50.0,1.0,30.53,,,0,trial
2026-07-04T20:27:06,forecast_hot_humid_bursty_r2,forecast,hot_humid,bursty,2,40.004,39.704,39.504,37.004,25.0,45.0,60.0,,50.0,1.0,30.53,,,0,trial
2026-07-04T20:27:06,forecast_hot_humid_bursty_r2,forecast,hot_humid,bursty,2,40.004,39.704,39.504,37.004,25.0,45.0,60.0,,50.0,1.0,30.53,,,0,trial
2026-07-04T20:27:06,forecast_hot_humid_bursty_r2,forecast,hot_humid,bursty,2,40.004,39.704,39.504,37.004,25.0,45.0,60.0,,50.0,1.0,30.52,,,0,trial
2026-07-04T20:27:06,forecast_hot_humid_bursty_r2,forecast,hot_humid,bursty,2,40.004,39.704,39.504,37.004,25.0,45.0,60.0,,50.0,1.0,30.52,,,0,trial
2026-07-04T20:27:06,forecast_hot_humid_bursty_r2,forecast,hot_humid,bursty,2,40.004,39.704,39.504,37.004,25.0,45.0,60.0,,50.0,1.0,30.52,,,0,trial
2026-07-04T20:27:06,forecast_hot_humid_bursty_r2,forecast,hot_humid,bursty,2,40.004,39.704,39.504,37.004,25.0,45.0,60.0,,50.0,1.0,30.51,,,0,trial
2026-07-04T20:27:06,forecast_hot_humid_bursty_r2,forecast,hot_humid,bursty,2,40.004,39.704,39.504,37.004,25.0,45.0,60.0,,50.0,1.0,30.51,,,0,trial
2026-07-04T20:27:06,forecast_hot_humid_bursty_r2,forecast,hot_humid,bursty,2,40.004,39.704,39.504,37.004,25.0,45.0,60.0,,50.0,1.0,30.51,,,0,trial
2026-07-04T20:27:06,forecast_hot_humid_bursty_r2,forecast,hot_humid,bursty,2,40.004,39.704,39.504,37.004,25.0,45.0,60.0,,50.0,1.0,30.51,,,0,trial
2026-07-04T20:27:06,forecast_hot_humid_bursty_r2,forecast,hot_humid,bursty,2,40.004,39.704,39.504,37.004,25.0,45.0,60.0,,50.0,1.0,30.5,,,0,trial
2026-07-04T20:27:06,forecast_hot_humid_bursty_r2,forecast,hot_humid,bursty,2,40.004,39.704,39.504,37.004,25.0,45.0,60.0,,50.0,1.0,30.5,,,0,trial
2026-07-04T20:27:06,forecast_hot_humid_bursty_r2,forecast,hot_humid,bursty,2,40.004,39.704,39.504,37.004,25.0,45.0,60.0,,50.0,1.0,30.5,,,0,trial
2026-07-04T20:27:06,forecast_hot_humid_bursty_r2,forecast,hot_humid,bursty,2,40.004,39.704,39.504,37.004,25.0,45.0,60.0,,50.0,1.0,30.49,,,0,trial
2026-07-04T20:27:06,forecast_hot_humid_bursty_r2,forecast,hot_humid,bursty,2,40.004,39.704,39.504,37.004,25.0,45.0,60.0,,50.0,1.0,30.49,,,0,trial
2026-07-04T20:27:06,forecast_hot_humid_bursty_r2,forecast,hot_humid,bursty,2,40.004,39.704,39.504,37.004,25.0,45.0,60.0,,50.0,1.0,30.49,,,0,trial
2026-07-04T20:27:06,forecast_hot_humid_bursty_r2,forecast,hot_humid,bursty,2,40.004,39.704,39.504,37.004,25.0,45.0,60.0,,50.0,1.0,30.49,,,0,trial
2026-07-04T20:27:06,forecast_hot_humid_bursty_r2,forecast,hot_humid,bursty,2,40.004,39.704,39.504,37.004,25.0,45.0,60.0,,50.0,1.0,30.48,,,0,trial
2026-07-04T20:27:06,forecast_hot_humid_bursty_r2,forecast,hot_humid,bursty,2,40.004,39.704,39.504,37.004,25.0,45.0,60.0,,50.0,1.0,30.48,,,0,trial
2026-07-04T20:27:06,forecast_hot_humid_bursty_r2,forecast,hot_humid,bursty,2,40.004,39.704,39.504,37.004,25.0,45.0,60.0,,50.0,1.0,30.48,,,0,trial
2026-07-04T20:27:06,forecast_hot_humid_bursty_r2,forecast,hot_humid,bursty,2,40.004,39.704,39.504,37.004,25.0,45.0,60.0,,50.0,1.0,30.47,,,0,trial
2026-07-04T20:27:06,forecast_hot_humid_bursty_r2,forecast,hot_humid,bursty,2,40.004,39.704,39.504,37.004,25.0,45.0,60.0,,50.0,1.0,30.47,,,0,trial
2026-07-04T20:27:06,forecast_hot_humid_bursty_r2,forecast,hot_humid,bursty,2,40.004,39.704,39.504,37.004,25.0,45.0,60.0,,50.0,1.0,30.47,,,0,trial
2026-07-04T20:27:06,forecast_hot_humid_bursty_r2,forecast,hot_humid,bursty,2,40.004,39.704,39.504,37.004,25.0,45.0,60.0,,50.0,1.0,30.47,,,0,trial
2026-07-04T20:27:06,forecast_hot_humid_bursty_r2,forecast,hot_humid,bursty,2,40.004,39.704,39.504,37.004,25.0,45.0,60.0,,50.0,1.0,30.46,,,0,trial
2026-07-04T20:27:06,forecast_hot_humid_bursty_r2,forecast,hot_humid,bursty,2,40.004,39.704,39.504,37.004,25.0,45.0,60.0,,50.0,1.0,30.46,,,0,trial
2026-07-04T20:27:06,forecast_hot_humid_bursty_r2,forecast,hot_humid,bursty,2,40.004,39.704,39.504,37.004,25.0,45.0,60.0,,50.0,1.0,30.46,,,0,trial
2026-07-04T20:27:06,forecast_hot_humid_bursty_r2,forecast,hot_humid,bursty,2,40.004,39.704,39.504,37.004,25.0,45.0,60.0,,50.0,1.0,30.45,,,0,trial
2026-07-04T20:27:06,forecast_hot_humid_bursty_r2,forecast,hot_humid,bursty,2,40.004,39.704,39.504,37.004,25.0,45.0,60.0,,50.0,1.0,30.45,,,0,trial
2026-07-04T20:27:06,forecast_hot_humid_bursty_r2,forecast,hot_humid,bursty,2,40.004,39.704,39.504,37.004,25.0,45.0,60.0,,50.0,1.0,30.45,,,0,trial
2026-07-04T20:27:06,forecast_hot_humid_bursty_r2,forecast,hot_humid,bursty,2,40.004,39.704,39.504,37.004,25.0,45.0,60.0,,50.0,1.0,30.45,,,0,trial
2026-07-04T20:27:06,forecast_hot_humid_bursty_r2,forecast,hot_humid,bursty,2,40.004,39.704,39.504,37.004,25.0,45.0,60.0,,50.0,1.0,30.44,,,0,trial
2026-07-04T20:27:06,forecast_hot_humid_bursty_r2,forecast,hot_humid,bursty,2,40.004,39.704,39.504,37.004,25.0,45.0,60.0,,50.0,1.0,30.44,,,0,trial
2026-07-04T20:27:06,forecast_hot_humid_bursty_r2,forecast,hot_humid,bursty,2,40.004,39.704,39.504,37.004,25.0,45.0,60.0,,50.0,1.0,30.44,,,0,trial
2026-07-04T20:27:06,forecast_hot_humid_bursty_r2,forecast,hot_humid,bursty,2,40.004,39.704,39.504,37.004,25.0,45.0,60.0,,50.0,1.0,30.44,,,0,trial
2026-07-04T20:27:06,forecast_hot_humid_bursty_r2,forecast,hot_humid,bursty,2,40.004,39.704,39.504,37.004,25.0,45.0,60.0,,50.0,1.0,30.43,,,0,trial
2026-07-04T20:27:06,forecast_hot_humid_bursty_r2,forecast,hot_humid,bursty,2,40.004,39.704,39.504,37.004,25.0,45.0,60.0,,50.0,1.0,30.43,,,0,trial
2026-07-04T20:27:06,forecast_hot_humid_bursty_r2,forecast,hot_humid,bursty,2,40.004,39.704,39.504,37.004,25.0,45.0,60.0,,50.0,1.0,30.43,,,0,trial
2026-07-04T20:27:06,forecast_hot_humid_bursty_r2,forecast,hot_humid,bursty,2,40.004,39.704,39.504,37.004,25.0,45.0,60.0,,50.0,1.0,30.43,,,0,trial
2026-07-04T20:27:06,forecast_hot_humid_bursty_r2,forecast,hot_humid,bursty,2,40.004,39.704,39.504,37.004,25.0,45.0,60.0,,50.0,1.0,30.42,,,0,trial
2026-07-04T20:27:06,forecast_hot_humid_bursty_r2,forecast,hot_humid,bursty,2,40.004,39.704,39.504,37.004,25.0,45.0,60.0,,50.0,1.0,30.42,,,0,trial
2026-07-04T20:27:06,forecast_hot_humid_bursty_r2,forecast,hot_humid,bursty,2,40.004,39.704,39.504,37.004,25.0,45.0,60.0,,50.0,1.0,30.42,,,0,trial
2026-07-04T20:27:06,forecast_hot_humid_bursty_r2,forecast,hot_humid,bursty,2,40.004,39.704,39.504,37.004,25.0,45.0,60.0,,50.0,1.0,30.42,,,0,trial
2026-07-04T20:27:06,forecast_hot_humid_bursty_r2,forecast,hot_humid,bursty,2,40.004,39.704,39.504,37.004,25.0,45.0,60.0,,50.0,1.0,30.41,,,0,trial
2026-07-04T20:27:06,forecast_hot_humid_bursty_r2,forecast,hot_humid,bursty,2,40.004,39.704,39.504,37.004,25.0,45.0,60.0,,50.0,1.0,30.41,,,0,trial
2026-07-04T20:27:06,forecast_hot_humid_bursty_r2,forecast,hot_humid,bursty,2,39.992,39.692,39.492,36.992,25.0,45.0,0.0,,100.0,2.0,,,,0,cooldown
2026-07-04T20:27:06,forecast_hot_humid_bursty_r2,forecast,hot_humid,bursty,2,39.98,39.68,39.48,36.98,25.0,45.0,0.0,,100.0,2.0,,,,0,cooldown
2026-07-04T20:27:06,forecast_hot_humid_bursty_r2,forecast,hot_humid,bursty,2,39.968,39.668,39.468,36.968,25.0,45.0,0.0,,100.0,2.0,,,,0,cooldown
2026-07-04T20:27:06,forecast_hot_humid_bursty_r2,forecast,hot_humid,bursty,2,39.956,39.656,39.456,36.956,25.0,45.0,0.0,,100.0,2.0,,,,0,cooldown
2026-07-04T20:27:06,forecast_hot_humid_bursty_r2,forecast,hot_humid,bursty,2,39.945,39.645,39.445,36.945,25.0,45.0,0.0,,100.0,2.0,,,,0,cooldown
2026-07-04T20:27:06,forecast_hot_humid_bursty_r2,forecast,hot_humid,bursty,2,39.933,39.633,39.433,36.933,25.0,45.0,0.0,,100.0,2.0,,,,0,cooldown
2026-07-04T20:27:06,forecast_hot_humid_bursty_r2,forecast,hot_humid,bursty,2,39.921,39.621,39.421,36.921,25.0,45.0,0.0,,100.0,2.0,,,,0,cooldown
2026-07-04T20:27:06,forecast_hot_humid_bursty_r2,forecast,hot_humid,bursty,2,39.909,39.609,39.409,36.909,25.0,45.0,0.0,,100.0,2.0,,,,0,cooldown
2026-07-04T20:27:06,forecast_hot_humid_bursty_r2,forecast,hot_humid,bursty,2,39.897,39.597,39.397,36.897,25.0,45.0,0.0,,100.0,2.0,,,,0,cooldown
2026-07-04T20:27:06,forecast_hot_humid_bursty_r2,forecast,hot_humid,bursty,2,39.886,39.586,39.386,36.886,25.0,45.0,0.0,,100.0,2.0,,,,0,cooldown
2026-07-04T20:27:06,forecast_hot_humid_bursty_r2,forecast,hot_humid,bursty,2,39.874,39.574,39.374,36.874,25.0,45.0,0.0,,100.0,2.0,,,,0,cooldown
2026-07-04T20:27:06,forecast_hot_humid_bursty_r2,forecast,hot_humid,bursty,2,39.862,39.562,39.362,36.862,25.0,45.0,0.0,,100.0,2.0,,,,0,cooldown
2026-07-04T20:27:06,forecast_hot_humid_bursty_r2,forecast,hot_humid,bursty,2,39.85,39.55,39.35,36.85,25.0,45.0,0.0,,100.0,2.0,,,,0,cooldown
2026-07-04T20:27:06,forecast_hot_humid_bursty_r2,forecast,hot_humid,bursty,2,39.839,39.539,39.339,36.839,25.0,45.0,0.0,,100.0,2.0,,,,0,cooldown
2026-07-04T20:27:06,forecast_hot_humid_bursty_r2,forecast,hot_humid,bursty,2,39.827,39.527,39.327,36.827,25.0,45.0,0.0,,100.0,2.0,,,,0,cooldown
2026-07-04T20:27:06,forecast_hot_humid_bursty_r2,forecast,hot_humid,bursty,2,39.815,39.515,39.315,36.815,25.0,45.0,0.0,,100.0,2.0,,,,0,cooldown
2026-07-04T20:27:06,forecast_hot_humid_bursty_r2,forecast,hot_humid,bursty,2,39.804,39.504,39.304,36.804,25.0,45.0,0.0,,100.0,2.0,,,,0,cooldown
2026-07-04T20:27:06,forecast_hot_humid_bursty_r2,forecast,hot_humid,bursty,2,39.792,39.492,39.292,36.792,25.0,45.0,0.0,,100.0,2.0,,,,0,cooldown
2026-07-04T20:27:06,forecast_hot_humid_bursty_r2,forecast,hot_humid,bursty,2,39.78,39.48,39.28,36.78,25.0,45.0,0.0,,100.0,2.0,,,,0,cooldown
2026-07-04T20:27:06,forecast_hot_humid_bursty_r2,forecast,hot_humid,bursty,2,39.769,39.469,39.269,36.769,25.0,45.0,0.0,,100.0,2.0,,,,0,cooldown
2026-07-04T20:27:06,forecast_hot_humid_bursty_r2,forecast,hot_humid,bursty,2,39.757,39.457,39.257,36.757,25.0,45.0,0.0,,100.0,2.0,,,,0,cooldown
2026-07-04T20:27:06,forecast_hot_humid_bursty_r2,forecast,hot_humid,bursty,2,39.745,39.445,39.245,36.745,25.0,45.0,0.0,,100.0,2.0,,,,0,cooldown
2026-07-04T20:27:06,forecast_hot_humid_bursty_r2,forecast,hot_humid,bursty,2,39.734,39.434,39.234,36.734,25.0,45.0,0.0,,100.0,2.0,,,,0,cooldown
2026-07-04T20:27:06,forecast_hot_humid_bursty_r2,forecast,hot_humid,bursty,2,39.722,39.422,39.222,36.722,25.0,45.0,0.0,,100.0,2.0,,,,0,cooldown
2026-07-04T20:27:06,forecast_hot_humid_bursty_r2,forecast,hot_humid,bursty,2,39.71,39.41,39.21,36.71,25.0,45.0,0.0,,100.0,2.0,,,,0,cooldown
2026-07-04T20:27:06,forecast_hot_humid_bursty_r2,forecast,hot_humid,bursty,2,39.699,39.399,39.199,36.699,25.0,45.0,0.0,,100.0,2.0,,,,0,cooldown
2026-07-04T20:27:06,forecast_hot_humid_bursty_r2,forecast,hot_humid,bursty,2,39.687,39.387,39.187,36.687,25.0,45.0,0.0,,100.0,2.0,,,,0,cooldown
2026-07-04T20:27:06,forecast_hot_humid_bursty_r2,forecast,hot_humid,bursty,2,39.676,39.376,39.176,36.676,25.0,45.0,0.0,,100.0,2.0,,,,0,cooldown
2026-07-04T20:27:06,forecast_hot_humid_bursty_r2,forecast,hot_humid,bursty,2,39.664,39.364,39.164,36.664,25.0,45.0,0.0,,100.0,2.0,,,,0,cooldown
2026-07-04T20:27:06,forecast_hot_humid_bursty_r2,forecast,hot_humid,bursty,2,39.652,39.352,39.152,36.652,25.0,45.0,0.0,,100.0,2.0,,,,0,cooldown
2026-07-04T20:27:06,forecast_hot_humid_bursty_r2,forecast,hot_humid,bursty,2,39.641,39.341,39.141,36.641,25.0,45.0,0.0,,100.0,2.0,,,,0,cooldown
2026-07-04T20:27:06,forecast_hot_humid_bursty_r2,forecast,hot_humid,bursty,2,39.629,39.329,39.129,36.629,25.0,45.0,0.0,,100.0,2.0,,,,0,cooldown
2026-07-04T20:27:06,forecast_hot_humid_bursty_r2,forecast,hot_humid,bursty,2,39.618,39.318,39.118,36.618,25.0,45.0,0.0,,100.0,2.0,,,,0,cooldown
2026-07-04T20:27:06,forecast_hot_humid_bursty_r2,forecast,hot_humid,bursty,2,39.606,39.306,39.106,36.606,25.0,45.0,0.0,,100.0,2.0,,,,0,cooldown
2026-07-04T20:27:06,forecast_hot_humid_bursty_r2,forecast,hot_humid,bursty,2,39.595,39.295,39.095,36.595,25.0,45.0,0.0,,100.0,2.0,,,,0,cooldown
2026-07-04T20:27:06,forecast_hot_humid_bursty_r2,forecast,hot_humid,bursty,2,39.583,39.283,39.083,36.583,25.0,45.0,0.0,,100.0,2.0,,,,0,cooldown
2026-07-04T20:27:06,forecast_hot_humid_bursty_r2,forecast,hot_humid,bursty,2,39.572,39.272,39.072,36.572,25.0,45.0,0.0,,100.0,2.0,,,,0,cooldown
2026-07-04T20:27:06,forecast_hot_humid_bursty_r2,forecast,hot_humid,bursty,2,39.56,39.26,39.06,36.56,25.0,45.0,0.0,,100.0,2.0,,,,0,cooldown
2026-07-04T20:27:06,forecast_hot_humid_bursty_r2,forecast,hot_humid,bursty,2,39.549,39.249,39.049,36.549,25.0,45.0,0.0,,100.0,2.0,,,,0,cooldown
2026-07-04T20:27:06,forecast_hot_humid_bursty_r2,forecast,hot_humid,bursty,2,39.537,39.237,39.037,36.537,25.0,45.0,0.0,,100.0,2.0,,,,0,cooldown
2026-07-04T20:27:06,forecast_hot_humid_bursty_r2,forecast,hot_humid,bursty,2,39.526,39.226,39.026,36.526,25.0,45.0,0.0,,100.0,2.0,,,,0,cooldown
2026-07-04T20:27:06,forecast_hot_humid_bursty_r2,forecast,hot_humid,bursty,2,39.514,39.214,39.014,36.514,25.0,45.0,0.0,,100.0,2.0,,,,0,cooldown
2026-07-04T20:27:06,forecast_hot_humid_bursty_r2,forecast,hot_humid,bursty,2,39.503,39.203,39.003,36.503,25.0,45.0,0.0,,100.0,2.0,,,,0,cooldown
2026-07-04T20:27:06,forecast_hot_humid_bursty_r2,forecast,hot_humid,bursty,2,39.491,39.191,38.991,36.491,25.0,45.0,0.0,,100.0,2.0,,,,0,cooldown
2026-07-04T20:27:06,forecast_hot_humid_bursty_r2,forecast,hot_humid,bursty,2,39.48,39.18,38.98,36.48,25.0,45.0,0.0,,100.0,2.0,,,,0,cooldown
2026-07-04T20:27:06,forecast_hot_humid_bursty_r2,forecast,hot_humid,bursty,2,39.468,39.168,38.968,36.468,25.0,45.0,0.0,,100.0,2.0,,,,0,cooldown
2026-07-04T20:27:06,forecast_hot_humid_bursty_r2,forecast,hot_humid,bursty,2,39.457,39.157,38.957,36.457,25.0,45.0,0.0,,100.0,2.0,,,,0,cooldown
2026-07-04T20:27:06,forecast_hot_humid_bursty_r2,forecast,hot_humid,bursty,2,39.446,39.146,38.946,36.446,25.0,45.0,0.0,,100.0,2.0,,,,0,cooldown
2026-07-04T20:27:06,forecast_hot_humid_bursty_r2,forecast,hot_humid,bursty,2,39.434,39.134,38.934,36.434,25.0,45.0,0.0,,100.0,2.0,,,,0,cooldown
2026-07-04T20:27:06,forecast_hot_humid_bursty_r2,forecast,hot_humid,bursty,2,39.423,39.123,38.923,36.423,25.0,45.0,0.0,,100.0,2.0,,,,0,cooldown
2026-07-04T20:27:06,forecast_hot_humid_bursty_r2,forecast,hot_humid,bursty,2,39.411,39.111,38.911,36.411,25.0,45.0,0.0,,100.0,2.0,,,,0,cooldown
2026-07-04T20:27:06,forecast_hot_humid_bursty_r2,forecast,hot_humid,bursty,2,39.4,39.1,38.9,36.4,25.0,45.0,0.0,,100.0,2.0,,,,0,cooldown
2026-07-04T20:27:06,forecast_hot_humid_bursty_r2,forecast,hot_humid,bursty,2,39.389,39.089,38.889,36.389,25.0,45.0,0.0,,100.0,2.0,,,,0,cooldown
2026-07-04T20:27:06,forecast_hot_humid_bursty_r2,forecast,hot_humid,bursty,2,39.377,39.077,38.877,36.377,25.0,45.0,0.0,,100.0,2.0,,,,0,cooldown
2026-07-04T20:27:06,forecast_hot_humid_bursty_r2,forecast,hot_humid,bursty,2,39.366,39.066,38.866,36.366,25.0,45.0,0.0,,100.0,2.0,,,,0,cooldown
2026-07-04T20:27:06,forecast_hot_humid_bursty_r2,forecast,hot_humid,bursty,2,39.355,39.055,38.855,36.355,25.0,45.0,0.0,,100.0,2.0,,,,0,cooldown
2026-07-04T20:27:06,forecast_hot_humid_bursty_r2,forecast,hot_humid,bursty,2,39.343,39.043,38.843,36.343,25.0,45.0,0.0,,100.0,2.0,,,,0,cooldown
2026-07-04T20:27:06,forecast_hot_humid_bursty_r2,forecast,hot_humid,bursty,2,39.332,39.032,38.832,36.332,25.0,45.0,0.0,,100.0,2.0,,,,0,cooldown
2026-07-04T20:27:06,forecast_hot_humid_bursty_r2,forecast,hot_humid,bursty,2,39.321,39.021,38.821,36.321,25.0,45.0,0.0,,100.0,2.0,,,,0,cooldown
2026-07-04T20:27:06,forecast_hot_humid_bursty_r2,forecast,hot_humid,bursty,2,39.309,39.009,38.809,36.309,25.0,45.0,0.0,,100.0,2.0,,,,0,cooldown
2026-07-04T20:27:06,forecast_hot_humid_bursty_r2,forecast,hot_humid,bursty,2,39.298,38.998,38.798,36.298,25.0,45.0,0.0,,100.0,2.0,,,,0,cooldown
2026-07-04T20:27:06,forecast_hot_humid_bursty_r2,forecast,hot_humid,bursty,2,39.287,38.987,38.787,36.287,25.0,45.0,0.0,,100.0,2.0,,,,0,cooldown
2026-07-04T20:27:06,forecast_hot_humid_bursty_r2,forecast,hot_humid,bursty,2,39.275,38.975,38.775,36.275,25.0,45.0,0.0,,100.0,2.0,,,,0,cooldown
2026-07-04T20:27:06,forecast_hot_humid_bursty_r2,forecast,hot_humid,bursty,2,39.264,38.964,38.764,36.264,25.0,45.0,0.0,,100.0,2.0,,,,0,cooldown
2026-07-04T20:27:06,forecast_hot_humid_bursty_r2,forecast,hot_humid,bursty,2,39.253,38.953,38.753,36.253,25.0,45.0,0.0,,100.0,2.0,,,,0,cooldown
2026-07-04T20:27:06,forecast_hot_humid_bursty_r2,forecast,hot_humid,bursty,2,39.242,38.942,38.742,36.242,25.0,45.0,0.0,,100.0,2.0,,,,0,cooldown
2026-07-04T20:27:06,forecast_hot_humid_bursty_r2,forecast,hot_humid,bursty,2,39.23,38.93,38.73,36.23,25.0,45.0,0.0,,100.0,2.0,,,,0,cooldown
2026-07-04T20:27:06,forecast_hot_humid_bursty_r2,forecast,hot_humid,bursty,2,39.219,38.919,38.719,36.219,25.0,45.0,0.0,,100.0,2.0,,,,0,cooldown
2026-07-04T20:27:06,forecast_hot_humid_bursty_r2,forecast,hot_humid,bursty,2,39.208,38.908,38.708,36.208,25.0,45.0,0.0,,100.0,2.0,,,,0,cooldown
2026-07-04T20:27:06,forecast_hot_humid_bursty_r2,forecast,hot_humid,bursty,2,39.197,38.897,38.697,36.197,25.0,45.0,0.0,,100.0,2.0,,,,0,cooldown
2026-07-04T20:27:06,forecast_hot_humid_bursty_r2,forecast,hot_humid,bursty,2,39.186,38.886,38.686,36.186,25.0,45.0,0.0,,100.0,2.0,,,,0,cooldown
2026-07-04T20:27:06,forecast_hot_humid_bursty_r2,forecast,hot_humid,bursty,2,39.174,38.874,38.674,36.174,25.0,45.0,0.0,,100.0,2.0,,,,0,cooldown
2026-07-04T20:27:06,forecast_hot_humid_bursty_r2,forecast,hot_humid,bursty,2,39.163,38.863,38.663,36.163,25.0,45.0,0.0,,100.0,2.0,,,,0,cooldown
2026-07-04T20:27:06,forecast_hot_humid_bursty_r2,forecast,hot_humid,bursty,2,39.152,38.852,38.652,36.152,25.0,45.0,0.0,,100.0,2.0,,,,0,cooldown
2026-07-04T20:27:06,forecast_hot_humid_bursty_r2,forecast,hot_humid,bursty,2,39.141,38.841,38.641,36.141,25.0,45.0,0.0,,100.0,2.0,,,,0,cooldown
2026-07-04T20:27:06,forecast_hot_humid_bursty_r2,forecast,hot_humid,bursty,2,39.13,38.83,38.63,36.13,25.0,45.0,0.0,,100.0,2.0,,,,0,cooldown
2026-07-04T20:27:06,forecast_hot_humid_bursty_r2,forecast,hot_humid,bursty,2,39.118,38.818,38.618,36.118,25.0,45.0,0.0,,100.0,2.0,,,,0,cooldown
2026-07-04T20:27:06,forecast_hot_humid_bursty_r2,forecast,hot_humid,bursty,2,39.107,38.807,38.607,36.107,25.0,45.0,0.0,,100.0,2.0,,,,0,cooldown
2026-07-04T20:27:06,forecast_hot_humid_bursty_r2,forecast,hot_humid,bursty,2,39.096,38.796,38.596,36.096,25.0,45.0,0.0,,100.0,2.0,,,,0,cooldown
2026-07-04T20:27:06,forecast_hot_humid_bursty_r2,forecast,hot_humid,bursty,2,39.085,38.785,38.585,36.085,25.0,45.0,0.0,,100.0,2.0,,,,0,cooldown
2026-07-04T20:27:06,forecast_hot_humid_bursty_r2,forecast,hot_humid,bursty,2,39.074,38.774,38.574,36.074,25.0,45.0,0.0,,100.0,2.0,,,,0,cooldown
2026-07-04T20:27:06,forecast_hot_humid_bursty_r2,forecast,hot_humid,bursty,2,39.063,38.763,38.563,36.063,25.0,45.0,0.0,,100.0,2.0,,,,0,cooldown
2026-07-04T20:27:06,forecast_hot_humid_bursty_r2,forecast,hot_humid,bursty,2,39.052,38.752,38.552,36.052,25.0,45.0,0.0,,100.0,2.0,,,,0,cooldown
2026-07-04T20:27:06,forecast_hot_humid_bursty_r2,forecast,hot_humid,bursty,2,39.041,38.741,38.541,36.041,25.0,45.0,0.0,,100.0,2.0,,,,0,cooldown
2026-07-04T20:27:06,forecast_hot_humid_bursty_r2,forecast,hot_humid,bursty,2,39.03,38.73,38.53,36.03,25.0,45.0,0.0,,100.0,2.0,,,,0,cooldown
2026-07-04T20:27:06,forecast_hot_humid_bursty_r2,forecast,hot_humid,bursty,2,39.018,38.718,38.518,36.018,25.0,45.0,0.0,,100.0,2.0,,,,0,cooldown
2026-07-04T20:27:06,forecast_hot_humid_bursty_r2,forecast,hot_humid,bursty,2,39.007,38.707,38.507,36.007,25.0,45.0,0.0,,100.0,2.0,,,,0,cooldown
2026-07-04T20:27:06,forecast_hot_humid_bursty_r2,forecast,hot_humid,bursty,2,38.996,38.696,38.496,35.996,25.0,45.0,0.0,,100.0,2.0,,,,0,cooldown
2026-07-04T20:27:06,forecast_hot_humid_bursty_r2,forecast,hot_humid,bursty,2,38.985,38.685,38.485,35.985,25.0,45.0,0.0,,100.0,2.0,,,,0,cooldown
2026-07-04T20:27:06,forecast_hot_humid_bursty_r2,forecast,hot_humid,bursty,2,38.974,38.674,38.474,35.974,25.0,45.0,0.0,,100.0,2.0,,,,0,cooldown
2026-07-04T20:27:06,forecast_hot_humid_bursty_r2,forecast,hot_humid,bursty,2,38.963,38.663,38.463,35.963,25.0,45.0,0.0,,100.0,2.0,,,,0,cooldown
2026-07-04T20:27:06,forecast_hot_humid_bursty_r2,forecast,hot_humid,bursty,2,38.952,38.652,38.452,35.952,25.0,45.0,0.0,,100.0,2.0,,,,0,cooldown
2026-07-04T20:27:06,forecast_hot_humid_bursty_r2,forecast,hot_humid,bursty,2,38.941,38.641,38.441,35.941,25.0,45.0,0.0,,100.0,2.0,,,,0,cooldown
2026-07-04T20:27:06,forecast_hot_humid_bursty_r2,forecast,hot_humid,bursty,2,38.93,38.63,38.43,35.93,25.0,45.0,0.0,,100.0,2.0,,,,0,cooldown
2026-07-04T20:27:06,forecast_hot_humid_bursty_r2,forecast,hot_humid,bursty,2,38.919,38.619,38.419,35.919,25.0,45.0,0.0,,100.0,2.0,,,,0,cooldown
2026-07-04T20:27:06,forecast_hot_humid_bursty_r2,forecast,hot_humid,bursty,2,38.908,38.608,38.408,35.908,25.0,45.0,0.0,,100.0,2.0,,,,0,cooldown
2026-07-04T20:27:06,forecast_hot_humid_bursty_r2,forecast,hot_humid,bursty,2,38.897,38.597,38.397,35.897,25.0,45.0,0.0,,100.0,2.0,,,,0,cooldown
2026-07-04T20:27:06,forecast_hot_humid_bursty_r2,forecast,hot_humid,bursty,2,38.886,38.586,38.386,35.886,25.0,45.0,0.0,,100.0,2.0,,,,0,cooldown
2026-07-04T20:27:06,forecast_hot_humid_bursty_r2,forecast,hot_humid,bursty,2,38.875,38.575,38.375,35.875,25.0,45.0,0.0,,100.0,2.0,,,,0,cooldown
2026-07-04T20:27:06,forecast_hot_humid_bursty_r2,forecast,hot_humid,bursty,2,38.864,38.564,38.364,35.864,25.0,45.0,0.0,,100.0,2.0,,,,0,cooldown
2026-07-04T20:27:06,forecast_hot_humid_bursty_r2,forecast,hot_humid,bursty,2,38.853,38.553,38.353,35.853,25.0,45.0,0.0,,100.0,2.0,,,,0,cooldown
2026-07-04T20:27:06,forecast_hot_humid_bursty_r2,forecast,hot_humid,bursty,2,38.842,38.542,38.342,35.842,25.0,45.0,0.0,,100.0,2.0,,,,0,cooldown
2026-07-04T20:27:06,forecast_hot_humid_bursty_r2,forecast,hot_humid,bursty,2,38.832,38.532,38.332,35.832,25.0,45.0,0.0,,100.0,2.0,,,,0,cooldown
2026-07-04T20:27:06,forecast_hot_humid_bursty_r2,forecast,hot_humid,bursty,2,38.821,38.521,38.321,35.821,25.0,45.0,0.0,,100.0,2.0,,,,0,cooldown
2026-07-04T20:27:06,forecast_hot_humid_bursty_r2,forecast,hot_humid,bursty,2,38.81,38.51,38.31,35.81,25.0,45.0,0.0,,100.0,2.0,,,,0,cooldown
2026-07-04T20:27:06,forecast_hot_humid_bursty_r2,forecast,hot_humid,bursty,2,38.799,38.499,38.299,35.799,25.0,45.0,0.0,,100.0,2.0,,,,0,cooldown
2026-07-04T20:27:06,forecast_hot_humid_bursty_r2,forecast,hot_humid,bursty,2,38.788,38.488,38.288,35.788,25.0,45.0,0.0,,100.0,2.0,,,,0,cooldown
2026-07-04T20:27:06,forecast_hot_humid_bursty_r2,forecast,hot_humid,bursty,2,38.777,38.477,38.277,35.777,25.0,45.0,0.0,,100.0,2.0,,,,0,cooldown
2026-07-04T20:27:06,forecast_hot_humid_bursty_r2,forecast,hot_humid,bursty,2,38.766,38.466,38.266,35.766,25.0,45.0,0.0,,100.0,2.0,,,,0,cooldown
2026-07-04T20:27:06,forecast_hot_humid_bursty_r2,forecast,hot_humid,bursty,2,38.755,38.455,38.255,35.755,25.0,45.0,0.0,,100.0,2.0,,,,0,cooldown
2026-07-04T20:27:06,forecast_hot_humid_bursty_r2,forecast,hot_humid,bursty,2,38.744,38.444,38.244,35.744,25.0,45.0,0.0,,100.0,2.0,,,,0,cooldown
2026-07-04T20:27:06,forecast_hot_humid_bursty_r2,forecast,hot_humid,bursty,2,38.734,38.434,38.234,35.734,25.0,45.0,0.0,,100.0,2.0,,,,0,cooldown
2026-07-04T20:27:06,forecast_hot_humid_bursty_r2,forecast,hot_humid,bursty,2,38.723,38.423,38.223,35.723,25.0,45.0,0.0,,100.0,2.0,,,,0,cooldown
2026-07-04T20:27:06,forecast_hot_humid_bursty_r2,forecast,hot_humid,bursty,2,38.712,38.412,38.212,35.712,25.0,45.0,0.0,,100.0,2.0,,,,0,cooldown
2026-07-04T20:27:06,forecast_hot_humid_bursty_r2,forecast,hot_humid,bursty,2,38.701,38.401,38.201,35.701,25.0,45.0,0.0,,100.0,2.0,,,,0,cooldown
2026-07-04T20:27:06,forecast_hot_humid_bursty_r2,forecast,hot_humid,bursty,2,38.69,38.39,38.19,35.69,25.0,45.0,0.0,,100.0,2.0,,,,0,cooldown
2026-07-04T20:27:06,forecast_hot_humid_bursty_r2,forecast,hot_humid,bursty,2,38.679,38.379,38.179,35.679,25.0,45.0,0.0,,100.0,2.0,,,,0,cooldown
2026-07-04T20:27:06,forecast_hot_humid_bursty_r2,forecast,hot_humid,bursty,2,38.669,38.369,38.169,35.669,25.0,45.0,0.0,,100.0,2.0,,,,0,cooldown
2026-07-04T20:27:06,forecast_hot_humid_bursty_r2,forecast,hot_humid,bursty,2,38.658,38.358,38.158,35.658,25.0,45.0,0.0,,100.0,2.0,,,,0,cooldown
2026-07-04T20:27:06,forecast_hot_humid_bursty_r2,forecast,hot_humid,bursty,2,38.647,38.347,38.147,35.647,25.0,45.0,0.0,,100.0,2.0,,,,0,cooldown
2026-07-04T20:27:06,forecast_hot_humid_bursty_r2,forecast,hot_humid,bursty,2,38.636,38.336,38.136,35.636,25.0,45.0,0.0,,100.0,2.0,,,,0,cooldown
2026-07-04T20:27:06,forecast_hot_humid_bursty_r2,forecast,hot_humid,bursty,2,38.626,38.326,38.126,35.626,25.0,45.0,0.0,,100.0,2.0,,,,0,cooldown
2026-07-04T20:27:06,forecast_hot_humid_bursty_r2,forecast,hot_humid,bursty,2,38.615,38.315,38.115,35.615,25.0,45.0,0.0,,100.0,2.0,,,,0,cooldown
2026-07-04T20:27:06,forecast_hot_humid_bursty_r2,forecast,hot_humid,bursty,2,38.604,38.304,38.104,35.604,25.0,45.0,0.0,,100.0,2.0,,,,0,cooldown
2026-07-04T20:27:06,forecast_hot_humid_bursty_r2,forecast,hot_humid,bursty,2,38.593,38.293,38.093,35.593,25.0,45.0,0.0,,100.0,2.0,,,,0,cooldown
2026-07-04T20:27:06,forecast_hot_humid_bursty_r2,forecast,hot_humid,bursty,2,38.583,38.283,38.083,35.583,25.0,45.0,0.0,,100.0,2.0,,,,0,cooldown
2026-07-04T20:27:06,forecast_hot_humid_bursty_r2,forecast,hot_humid,bursty,2,38.572,38.272,38.072,35.572,25.0,45.0,0.0,,100.0,2.0,,,,0,cooldown
2026-07-04T20:27:06,forecast_hot_humid_bursty_r2,forecast,hot_humid,bursty,2,38.561,38.261,38.061,35.561,25.0,45.0,0.0,,100.0,2.0,,,,0,cooldown
2026-07-04T20:27:06,forecast_hot_humid_bursty_r2,forecast,hot_humid,bursty,2,38.55,38.25,38.05,35.55,25.0,45.0,0.0,,100.0,2.0,,,,0,cooldown
2026-07-04T20:27:06,forecast_hot_humid_bursty_r2,forecast,hot_humid,bursty,2,38.54,38.24,38.04,35.54,25.0,45.0,0.0,,100.0,2.0,,,,0,cooldown
2026-07-04T20:27:06,forecast_hot_humid_bursty_r2,forecast,hot_humid,bursty,2,38.529,38.229,38.029,35.529,25.0,45.0,0.0,,100.0,2.0,,,,0,cooldown
2026-07-04T20:27:06,forecast_hot_humid_bursty_r2,forecast,hot_humid,bursty,2,38.518,38.218,38.018,35.518,25.0,45.0,0.0,,100.0,2.0,,,,0,cooldown
2026-07-04T20:27:06,forecast_hot_humid_bursty_r2,forecast,hot_humid,bursty,2,38.508,38.208,38.008,35.508,25.0,45.0,0.0,,100.0,2.0,,,,0,cooldown
2026-07-04T20:27:06,forecast_hot_humid_bursty_r2,forecast,hot_humid,bursty,2,38.497,38.197,37.997,35.497,25.0,45.0,0.0,,100.0,2.0,,,,0,cooldown
2026-07-04T20:27:06,forecast_hot_humid_bursty_r2,forecast,hot_humid,bursty,2,38.486,38.186,37.986,35.486,25.0,45.0,0.0,,100.0,2.0,,,,0,cooldown
2026-07-04T20:27:06,forecast_hot_humid_bursty_r2,forecast,hot_humid,bursty,2,38.476,38.176,37.976,35.476,25.0,45.0,0.0,,100.0,2.0,,,,0,cooldown
2026-07-04T20:27:06,forecast_hot_humid_bursty_r2,forecast,hot_humid,bursty,2,38.465,38.165,37.965,35.465,25.0,45.0,0.0,,100.0,2.0,,,,0,cooldown
2026-07-04T20:27:06,forecast_hot_humid_bursty_r2,forecast,hot_humid,bursty,2,38.454,38.154,37.954,35.454,25.0,45.0,0.0,,100.0,2.0,,,,0,cooldown
2026-07-04T20:27:06,forecast_hot_humid_bursty_r2,forecast,hot_humid,bursty,2,38.444,38.144,37.944,35.444,25.0,45.0,0.0,,100.0,2.0,,,,0,cooldown
2026-07-04T20:27:06,forecast_hot_humid_bursty_r2,forecast,hot_humid,bursty,2,38.433,38.133,37.933,35.433,25.0,45.0,0.0,,100.0,2.0,,,,0,cooldown
2026-07-04T20:27:06,forecast_hot_humid_bursty_r2,forecast,hot_humid,bursty,2,38.423,38.123,37.923,35.423,25.0,45.0,0.0,,100.0,2.0,,,,0,cooldown
2026-07-04T20:27:06,forecast_hot_humid_bursty_r2,forecast,hot_humid,bursty,2,38.412,38.112,37.912,35.412,25.0,45.0,0.0,,100.0,2.0,,,,0,cooldown
2026-07-04T20:27:06,forecast_hot_humid_bursty_r2,forecast,hot_humid,bursty,2,38.401,38.101,37.901,35.401,25.0,45.0,0.0,,100.0,2.0,,,,0,cooldown
2026-07-04T20:27:06,forecast_hot_humid_bursty_r2,forecast,hot_humid,bursty,2,38.391,38.091,37.891,35.391,25.0,45.0,0.0,,100.0,2.0,,,,0,cooldown
2026-07-04T20:27:06,forecast_hot_humid_bursty_r2,forecast,hot_humid,bursty,2,38.38,38.08,37.88,35.38,25.0,45.0,0.0,,100.0,2.0,,,,0,cooldown
2026-07-04T20:27:06,forecast_hot_humid_bursty_r2,forecast,hot_humid,bursty,2,38.37,38.07,37.87,35.37,25.0,45.0,0.0,,100.0,2.0,,,,0,cooldown
2026-07-04T20:27:06,forecast_hot_humid_bursty_r2,forecast,hot_humid,bursty,2,38.359,38.059,37.859,35.359,25.0,45.0,0.0,,100.0,2.0,,,,0,cooldown
2026-07-04T20:27:06,forecast_hot_humid_bursty_r2,forecast,hot_humid,bursty,2,38.349,38.049,37.849,35.349,25.0,45.0,0.0,,100.0,2.0,,,,0,cooldown
2026-07-04T20:27:06,forecast_hot_humid_bursty_r2,forecast,hot_humid,bursty,2,38.338,38.038,37.838,35.338,25.0,45.0,0.0,,100.0,2.0,,,,0,cooldown
2026-07-04T20:27:06,forecast_hot_humid_bursty_r2,forecast,hot_humid,bursty,2,38.328,38.028,37.828,35.328,25.0,45.0,0.0,,100.0,2.0,,,,0,cooldown
2026-07-04T20:27:06,forecast_hot_humid_bursty_r2,forecast,hot_humid,bursty,2,38.317,38.017,37.817,35.317,25.0,45.0,0.0,,100.0,2.0,,,,0,cooldown
2026-07-04T20:27:06,forecast_hot_humid_bursty_r2,forecast,hot_humid,bursty,2,38.306,38.006,37.806,35.306,25.0,45.0,0.0,,100.0,2.0,,,,0,cooldown
2026-07-04T20:27:06,forecast_hot_humid_bursty_r2,forecast,hot_humid,bursty,2,38.296,37.996,37.796,35.296,25.0,45.0,0.0,,100.0,2.0,,,,0,cooldown
2026-07-04T20:27:06,forecast_hot_humid_bursty_r2,forecast,hot_humid,bursty,2,38.285,37.985,37.785,35.285,25.0,45.0,0.0,,100.0,2.0,,,,0,cooldown
2026-07-04T20:27:06,forecast_hot_humid_bursty_r2,forecast,hot_humid,bursty,2,38.275,37.975,37.775,35.275,25.0,45.0,0.0,,100.0,2.0,,,,0,cooldown
2026-07-04T20:27:06,forecast_hot_humid_bursty_r2,forecast,hot_humid,bursty,2,38.265,37.965,37.765,35.265,25.0,45.0,0.0,,100.0,2.0,,,,0,cooldown
2026-07-04T20:27:06,forecast_hot_humid_bursty_r2,forecast,hot_humid,bursty,2,38.254,37.954,37.754,35.254,25.0,45.0,0.0,,100.0,2.0,,,,0,cooldown
2026-07-04T20:27:06,forecast_hot_humid_bursty_r2,forecast,hot_humid,bursty,2,38.244,37.944,37.744,35.244,25.0,45.0,0.0,,100.0,2.0,,,,0,cooldown
2026-07-04T20:27:06,forecast_hot_humid_bursty_r2,forecast,hot_humid,bursty,2,38.233,37.933,37.733,35.233,25.0,45.0,0.0,,100.0,2.0,,,,0,cooldown
2026-07-04T20:27:06,forecast_hot_humid_bursty_r2,forecast,hot_humid,bursty,2,38.223,37.923,37.723,35.223,25.0,45.0,0.0,,100.0,2.0,,,,0,cooldown
2026-07-04T20:27:06,forecast_hot_humid_bursty_r2,forecast,hot_humid,bursty,2,38.212,37.912,37.712,35.212,25.0,45.0,0.0,,100.0,2.0,,,,0,cooldown
2026-07-04T20:27:06,forecast_hot_humid_bursty_r2,forecast,hot_humid,bursty,2,38.202,37.902,37.702,35.202,25.0,45.0,0.0,,100.0,2.0,,,,0,cooldown
2026-07-04T20:27:06,forecast_hot_humid_bursty_r2,forecast,hot_humid,bursty,2,38.191,37.891,37.691,35.191,25.0,45.0,0.0,,100.0,2.0,,,,0,cooldown
2026-07-04T20:27:06,forecast_hot_humid_bursty_r2,forecast,hot_humid,bursty,2,38.181,37.881,37.681,35.181,25.0,45.0,0.0,,100.0,2.0,,,,0,cooldown
2026-07-04T20:27:06,forecast_hot_humid_bursty_r2,forecast,hot_humid,bursty,2,38.171,37.871,37.671,35.171,25.0,45.0,0.0,,100.0,2.0,,,,0,cooldown
2026-07-04T20:27:06,forecast_hot_humid_bursty_r2,forecast,hot_humid,bursty,2,38.16,37.86,37.66,35.16,25.0,45.0,0.0,,100.0,2.0,,,,0,cooldown
2026-07-04T20:27:06,forecast_hot_humid_bursty_r2,forecast,hot_humid,bursty,2,38.15,37.85,37.65,35.15,25.0,45.0,0.0,,100.0,2.0,,,,0,cooldown
2026-07-04T20:27:06,forecast_hot_humid_bursty_r2,forecast,hot_humid,bursty,2,38.139,37.839,37.639,35.139,25.0,45.0,0.0,,100.0,2.0,,,,0,cooldown
2026-07-04T20:27:06,forecast_hot_humid_bursty_r2,forecast,hot_humid,bursty,2,38.129,37.829,37.629,35.129,25.0,45.0,0.0,,100.0,2.0,,,,0,cooldown
2026-07-04T20:27:06,forecast_hot_humid_bursty_r2,forecast,hot_humid,bursty,2,38.119,37.819,37.619,35.119,25.0,45.0,0.0,,100.0,2.0,,,,0,cooldown
2026-07-04T20:27:06,forecast_hot_humid_bursty_r2,forecast,hot_humid,bursty,2,38.108,37.808,37.608,35.108,25.0,45.0,0.0,,100.0,2.0,,,,0,cooldown
2026-07-04T20:27:06,forecast_hot_humid_bursty_r2,forecast,hot_humid,bursty,2,38.098,37.798,37.598,35.098,25.0,45.0,0.0,,100.0,2.0,,,,0,cooldown
2026-07-04T20:27:06,forecast_hot_humid_bursty_r2,forecast,hot_humid,bursty,2,38.088,37.788,37.588,35.088,25.0,45.0,0.0,,100.0,2.0,,,,0,cooldown
2026-07-04T20:27:06,forecast_hot_humid_bursty_r2,forecast,hot_humid,bursty,2,38.077,37.777,37.577,35.077,25.0,45.0,0.0,,100.0,2.0,,,,0,cooldown
2026-07-04T20:27:06,forecast_hot_humid_bursty_r2,forecast,hot_humid,bursty,2,38.067,37.767,37.567,35.067,25.0,45.0,0.0,,100.0,2.0,,,,0,cooldown
2026-07-04T20:27:06,forecast_hot_humid_bursty_r2,forecast,hot_humid,bursty,2,38.057,37.757,37.557,35.057,25.0,45.0,0.0,,100.0,2.0,,,,0,cooldown
2026-07-04T20:27:06,forecast_hot_humid_bursty_r2,forecast,hot_humid,bursty,2,38.046,37.746,37.546,35.046,25.0,45.0,0.0,,100.0,2.0,,,,0,cooldown
2026-07-04T20:27:06,forecast_hot_humid_bursty_r2,forecast,hot_humid,bursty,2,38.036,37.736,37.536,35.036,25.0,45.0,0.0,,100.0,2.0,,,,0,cooldown
2026-07-04T20:27:06,forecast_hot_humid_bursty_r2,forecast,hot_humid,bursty,2,38.026,37.726,37.526,35.026,25.0,45.0,0.0,,100.0,2.0,,,,0,cooldown
2026-07-04T20:27:06,forecast_hot_humid_bursty_r2,forecast,hot_humid,bursty,2,38.015,37.715,37.515,35.015,25.0,45.0,0.0,,100.0,2.0,,,,0,cooldown
2026-07-04T20:27:06,forecast_hot_humid_bursty_r2,forecast,hot_humid,bursty,2,38.005,37.705,37.505,35.005,25.0,45.0,0.0,,100.0,2.0,,,,0,cooldown
2026-07-04T20:27:06,forecast_hot_humid_bursty_r2,forecast,hot_humid,bursty,2,37.995,37.695,37.495,34.995,25.0,45.0,0.0,,100.0,2.0,,,,0,cooldown
2026-07-04T20:27:06,forecast_hot_humid_bursty_r2,forecast,hot_humid,bursty,2,37.985,37.685,37.485,34.985,25.0,45.0,0.0,,100.0,2.0,,,,0,cooldown
2026-07-04T20:27:06,forecast_hot_humid_bursty_r2,forecast,hot_humid,bursty,2,37.974,37.674,37.474,34.974,25.0,45.0,0.0,,100.0,2.0,,,,0,cooldown
2026-07-04T20:27:06,forecast_hot_humid_bursty_r2,forecast,hot_humid,bursty,2,37.964,37.664,37.464,34.964,25.0,45.0,0.0,,100.0,2.0,,,,0,cooldown
2026-07-04T20:27:06,forecast_hot_humid_bursty_r2,forecast,hot_humid,bursty,2,37.954,37.654,37.454,34.954,25.0,45.0,0.0,,100.0,2.0,,,,0,cooldown
2026-07-04T20:27:06,forecast_hot_humid_bursty_r2,forecast,hot_humid,bursty,2,37.944,37.644,37.444,34.944,25.0,45.0,0.0,,100.0,2.0,,,,0,cooldown
2026-07-04T20:27:06,forecast_hot_humid_bursty_r2,forecast,hot_humid,bursty,2,37.933,37.633,37.433,34.933,25.0,45.0,0.0,,100.0,2.0,,,,0,cooldown
2026-07-04T20:27:06,forecast_hot_humid_bursty_r2,forecast,hot_humid,bursty,2,37.923,37.623,37.423,34.923,25.0,45.0,0.0,,100.0,2.0,,,,0,cooldown
2026-07-04T20:27:06,forecast_hot_humid_bursty_r2,forecast,hot_humid,bursty,2,37.913,37.613,37.413,34.913,25.0,45.0,0.0,,100.0,2.0,,,,0,cooldown
2026-07-04T20:27:06,forecast_hot_humid_bursty_r2,forecast,hot_humid,bursty,2,37.903,37.603,37.403,34.903,25.0,45.0,0.0,,100.0,2.0,,,,0,cooldown
2026-07-04T20:27:06,forecast_hot_humid_bursty_r2,forecast,hot_humid,bursty,2,37.893,37.593,37.393,34.893,25.0,45.0,0.0,,100.0,2.0,,,,0,cooldown
2026-07-04T20:27:06,forecast_hot_humid_bursty_r2,forecast,hot_humid,bursty,2,37.883,37.583,37.383,34.883,25.0,45.0,0.0,,100.0,2.0,,,,0,cooldown
2026-07-04T20:27:06,forecast_hot_humid_bursty_r2,forecast,hot_humid,bursty,2,37.872,37.572,37.372,34.872,25.0,45.0,0.0,,100.0,2.0,,,,0,cooldown
2026-07-04T20:27:06,forecast_hot_humid_bursty_r2,forecast,hot_humid,bursty,2,37.862,37.562,37.362,34.862,25.0,45.0,0.0,,100.0,2.0,,,,0,cooldown
2026-07-04T20:27:06,forecast_hot_humid_bursty_r2,forecast,hot_humid,bursty,2,37.852,37.552,37.352,34.852,25.0,45.0,0.0,,100.0,2.0,,,,0,cooldown
2026-07-04T20:27:06,forecast_hot_humid_bursty_r2,forecast,hot_humid,bursty,2,37.842,37.542,37.342,34.842,25.0,45.0,0.0,,100.0,2.0,,,,0,cooldown
2026-07-04T20:27:06,forecast_hot_humid_bursty_r2,forecast,hot_humid,bursty,2,37.832,37.532,37.332,34.832,25.0,45.0,0.0,,100.0,2.0,,,,0,cooldown
2026-07-04T20:27:06,forecast_hot_humid_bursty_r2,forecast,hot_humid,bursty,2,37.822,37.522,37.322,34.822,25.0,45.0,0.0,,100.0,2.0,,,,0,cooldown
2026-07-04T20:27:06,forecast_hot_humid_bursty_r2,forecast,hot_humid,bursty,2,37.811,37.511,37.311,34.811,25.0,45.0,0.0,,100.0,2.0,,,,0,cooldown
2026-07-04T20:27:06,forecast_hot_humid_bursty_r2,forecast,hot_humid,bursty,2,37.801,37.501,37.301,34.801,25.0,45.0,0.0,,100.0,2.0,,,,0,cooldown
2026-07-04T20:27:06,forecast_hot_humid_bursty_r2,forecast,hot_humid,bursty,2,37.791,37.491,37.291,34.791,25.0,45.0,0.0,,100.0,2.0,,,,0,cooldown
2026-07-04T20:27:06,forecast_hot_humid_bursty_r2,forecast,hot_humid,bursty,2,37.781,37.481,37.281,34.781,25.0,45.0,0.0,,100.0,2.0,,,,0,cooldown
2026-07-04T20:27:06,forecast_hot_humid_bursty_r2,forecast,hot_humid,bursty,2,37.771,37.471,37.271,34.771,25.0,45.0,0.0,,100.0,2.0,,,,0,cooldown
2026-07-04T20:27:06,forecast_hot_humid_bursty_r2,forecast,hot_humid,bursty,2,37.761,37.461,37.261,34.761,25.0,45.0,0.0,,100.0,2.0,,,,0,cooldown
2026-07-04T20:27:06,forecast_hot_humid_bursty_r2,forecast,hot_humid,bursty,2,37.751,37.451,37.251,34.751,25.0,45.0,0.0,,100.0,2.0,,,,0,cooldown
2026-07-04T20:27:06,forecast_hot_humid_bursty_r2,forecast,hot_humid,bursty,2,37.741,37.441,37.241,34.741,25.0,45.0,0.0,,100.0,2.0,,,,0,cooldown
2026-07-04T20:27:06,forecast_hot_humid_bursty_r2,forecast,hot_humid,bursty,2,37.731,37.431,37.231,34.731,25.0,45.0,0.0,,100.0,2.0,,,,0,cooldown
2026-07-04T20:27:06,forecast_hot_humid_bursty_r2,forecast,hot_humid,bursty,2,37.721,37.421,37.221,34.721,25.0,45.0,0.0,,100.0,2.0,,,,0,cooldown
2026-07-04T20:27:06,forecast_hot_humid_bursty_r2,forecast,hot_humid,bursty,2,37.711,37.411,37.211,34.711,25.0,45.0,0.0,,100.0,2.0,,,,0,cooldown
2026-07-04T20:27:06,forecast_hot_humid_bursty_r2,forecast,hot_humid,bursty,2,37.701,37.401,37.201,34.701,25.0,45.0,0.0,,100.0,2.0,,,,0,cooldown
2026-07-04T20:27:06,forecast_hot_humid_bursty_r2,forecast,hot_humid,bursty,2,37.691,37.391,37.191,34.691,25.0,45.0,0.0,,100.0,2.0,,,,0,cooldown
2026-07-04T20:27:06,forecast_hot_humid_bursty_r2,forecast,hot_humid,bursty,2,37.681,37.381,37.181,34.681,25.0,45.0,0.0,,100.0,2.0,,,,0,cooldown
2026-07-04T20:27:06,forecast_hot_humid_bursty_r2,forecast,hot_humid,bursty,2,37.671,37.371,37.171,34.671,25.0,45.0,0.0,,100.0,2.0,,,,0,cooldown
2026-07-04T20:27:06,forecast_hot_humid_bursty_r2,forecast,hot_humid,bursty,2,37.661,37.361,37.161,34.661,25.0,45.0,0.0,,100.0,2.0,,,,0,cooldown
2026-07-04T20:27:06,forecast_hot_humid_bursty_r2,forecast,hot_humid,bursty,2,37.651,37.351,37.151,34.651,25.0,45.0,0.0,,100.0,2.0,,,,0,cooldown
2026-07-04T20:27:06,forecast_hot_humid_bursty_r2,forecast,hot_humid,bursty,2,37.641,37.341,37.141,34.641,25.0,45.0,0.0,,100.0,2.0,,,,0,cooldown
2026-07-04T20:27:06,forecast_hot_humid_bursty_r2,forecast,hot_humid,bursty,2,37.631,37.331,37.131,34.631,25.0,45.0,0.0,,100.0,2.0,,,,0,cooldown
2026-07-04T20:27:06,forecast_hot_humid_bursty_r2,forecast,hot_humid,bursty,2,37.621,37.321,37.121,34.621,25.0,45.0,0.0,,100.0,2.0,,,,0,cooldown
2026-07-04T20:27:06,forecast_hot_humid_bursty_r2,forecast,hot_humid,bursty,2,37.611,37.311,37.111,34.611,25.0,45.0,0.0,,100.0,2.0,,,,0,cooldown
2026-07-04T20:27:06,forecast_hot_humid_bursty_r2,forecast,hot_humid,bursty,2,37.601,37.301,37.101,34.601,25.0,45.0,0.0,,100.0,2.0,,,,0,cooldown
2026-07-04T20:27:06,forecast_hot_humid_bursty_r2,forecast,hot_humid,bursty,2,37.591,37.291,37.091,34.591,25.0,45.0,0.0,,100.0,2.0,,,,0,cooldown
2026-07-04T20:27:06,forecast_hot_humid_bursty_r2,forecast,hot_humid,bursty,2,37.581,37.281,37.081,34.581,25.0,45.0,0.0,,100.0,2.0,,,,0,cooldown
2026-07-04T20:27:06,forecast_hot_humid_bursty_r2,forecast,hot_humid,bursty,2,37.571,37.271,37.071,34.571,25.0,45.0,0.0,,100.0,2.0,,,,0,cooldown
2026-07-04T20:27:06,forecast_hot_humid_bursty_r2,forecast,hot_humid,bursty,2,37.561,37.261,37.061,34.561,25.0,45.0,0.0,,100.0,2.0,,,,0,cooldown
2026-07-04T20:27:06,forecast_hot_humid_bursty_r2,forecast,hot_humid,bursty,2,37.551,37.251,37.051,34.551,25.0,45.0,0.0,,100.0,2.0,,,,0,cooldown
2026-07-04T20:27:06,forecast_hot_humid_bursty_r2,forecast,hot_humid,bursty,2,37.541,37.241,37.041,34.541,25.0,45.0,0.0,,100.0,2.0,,,,0,cooldown
2026-07-04T20:27:06,forecast_hot_humid_bursty_r2,forecast,hot_humid,bursty,2,37.531,37.231,37.031,34.531,25.0,45.0,0.0,,100.0,2.0,,,,0,cooldown
2026-07-04T20:27:06,forecast_hot_humid_bursty_r2,forecast,hot_humid,bursty,2,37.521,37.221,37.021,34.521,25.0,45.0,0.0,,100.0,2.0,,,,0,cooldown
2026-07-04T20:27:06,forecast_hot_humid_bursty_r2,forecast,hot_humid,bursty,2,37.511,37.211,37.011,34.511,25.0,45.0,0.0,,100.0,2.0,,,,0,cooldown
2026-07-04T20:27:06,forecast_hot_humid_bursty_r2,forecast,hot_humid,bursty,2,37.502,37.202,37.002,34.502,25.0,45.0,0.0,,100.0,2.0,,,,0,cooldown
2026-07-04T20:27:06,forecast_hot_humid_bursty_r2,forecast,hot_humid,bursty,2,37.492,37.192,36.992,34.492,25.0,45.0,0.0,,100.0,2.0,,,,0,cooldown
2026-07-04T20:27:06,forecast_hot_humid_bursty_r2,forecast,hot_humid,bursty,2,37.482,37.182,36.982,34.482,25.0,45.0,0.0,,100.0,2.0,,,,0,cooldown
2026-07-04T20:27:06,forecast_hot_humid_bursty_r2,forecast,hot_humid,bursty,2,37.472,37.172,36.972,34.472,25.0,45.0,0.0,,100.0,2.0,,,,0,cooldown
2026-07-04T20:27:06,forecast_hot_humid_bursty_r2,forecast,hot_humid,bursty,2,37.462,37.162,36.962,34.462,25.0,45.0,0.0,,100.0,2.0,,,,0,cooldown
2026-07-04T20:27:06,forecast_hot_humid_bursty_r2,forecast,hot_humid,bursty,2,37.452,37.152,36.952,34.452,25.0,45.0,0.0,,100.0,2.0,,,,0,cooldown
2026-07-04T20:27:06,forecast_hot_humid_bursty_r2,forecast,hot_humid,bursty,2,37.443,37.143,36.943,34.443,25.0,45.0,0.0,,100.0,2.0,,,,0,cooldown
2026-07-04T20:27:06,forecast_hot_humid_bursty_r2,forecast,hot_humid,bursty,2,37.433,37.133,36.933,34.433,25.0,45.0,0.0,,100.0,2.0,,,,0,cooldown
2026-07-04T20:27:06,forecast_hot_humid_bursty_r2,forecast,hot_humid,bursty,2,37.423,37.123,36.923,34.423,25.0,45.0,0.0,,100.0,2.0,,,,0,cooldown
2026-07-04T20:27:06,forecast_hot_humid_bursty_r2,forecast,hot_humid,bursty,2,37.413,37.113,36.913,34.413,25.0,45.0,0.0,,100.0,2.0,,,,0,cooldown
2026-07-04T20:27:06,forecast_hot_humid_bursty_r2,forecast,hot_humid,bursty,2,37.403,37.103,36.903,34.403,25.0,45.0,0.0,,100.0,2.0,,,,0,cooldown
2026-07-04T20:27:06,forecast_hot_humid_bursty_r2,forecast,hot_humid,bursty,2,37.393,37.093,36.893,34.393,25.0,45.0,0.0,,100.0,2.0,,,,0,cooldown
2026-07-04T20:27:06,forecast_hot_humid_bursty_r2,forecast,hot_humid,bursty,2,37.384,37.084,36.884,34.384,25.0,45.0,0.0,,100.0,2.0,,,,0,cooldown
2026-07-04T20:27:06,forecast_hot_humid_bursty_r2,forecast,hot_humid,bursty,2,37.374,37.074,36.874,34.374,25.0,45.0,0.0,,100.0,2.0,,,,0,cooldown
2026-07-04T20:27:06,forecast_hot_humid_bursty_r2,forecast,hot_humid,bursty,2,37.364,37.064,36.864,34.364,25.0,45.0,0.0,,100.0,2.0,,,,0,cooldown
2026-07-04T20:27:06,forecast_hot_humid_bursty_r2,forecast,hot_humid,bursty,2,37.354,37.054,36.854,34.354,25.0,45.0,0.0,,100.0,2.0,,,,0,cooldown
2026-07-04T20:27:06,forecast_hot_humid_bursty_r2,forecast,hot_humid,bursty,2,37.345,37.045,36.845,34.345,25.0,45.0,0.0,,100.0,2.0,,,,0,cooldown
2026-07-04T20:27:06,forecast_hot_humid_bursty_r2,forecast,hot_humid,bursty,2,37.335,37.035,36.835,34.335,25.0,45.0,0.0,,100.0,2.0,,,,0,cooldown
2026-07-04T20:27:06,forecast_hot_humid_bursty_r2,forecast,hot_humid,bursty,2,37.325,37.025,36.825,34.325,25.0,45.0,0.0,,100.0,2.0,,,,0,cooldown
2026-07-04T20:27:06,forecast_hot_humid_bursty_r2,forecast,hot_humid,bursty,2,37.315,37.015,36.815,34.315,25.0,45.0,0.0,,100.0,2.0,,,,0,cooldown
2026-07-04T20:27:06,forecast_hot_humid_bursty_r2,forecast,hot_humid,bursty,2,37.306,37.006,36.806,34.306,25.0,45.0,0.0,,100.0,2.0,,,,0,cooldown
2026-07-04T20:27:06,forecast_hot_humid_bursty_r2,forecast,hot_humid,bursty,2,37.296,36.996,36.796,34.296,25.0,45.0,0.0,,100.0,2.0,,,,0,cooldown
2026-07-04T20:27:06,forecast_hot_humid_bursty_r2,forecast,hot_humid,bursty,2,37.286,36.986,36.786,34.286,25.0,45.0,0.0,,100.0,2.0,,,,0,cooldown
2026-07-04T20:27:06,forecast_hot_humid_bursty_r2,forecast,hot_humid,bursty,2,37.277,36.977,36.777,34.277,25.0,45.0,0.0,,100.0,2.0,,,,0,cooldown
2026-07-04T20:27:06,forecast_hot_humid_bursty_r2,forecast,hot_humid,bursty,2,37.267,36.967,36.767,34.267,25.0,45.0,0.0,,100.0,2.0,,,,0,cooldown
2026-07-04T20:27:06,forecast_hot_humid_bursty_r2,forecast,hot_humid,bursty,2,37.257,36.957,36.757,34.257,25.0,45.0,0.0,,100.0,2.0,,,,0,cooldown
2026-07-04T20:27:06,forecast_hot_humid_bursty_r2,forecast,hot_humid,bursty,2,37.248,36.948,36.748,34.248,25.0,45.0,0.0,,100.0,2.0,,,,0,cooldown
2026-07-04T20:27:06,forecast_hot_humid_bursty_r2,forecast,hot_humid,bursty,2,37.238,36.938,36.738,34.238,25.0,45.0,0.0,,100.0,2.0,,,,0,cooldown
2026-07-04T20:27:06,forecast_hot_humid_bursty_r2,forecast,hot_humid,bursty,2,37.228,36.928,36.728,34.228,25.0,45.0,0.0,,100.0,2.0,,,,0,cooldown
2026-07-04T20:27:06,forecast_hot_humid_bursty_r2,forecast,hot_humid,bursty,2,37.219,36.919,36.719,34.219,25.0,45.0,0.0,,100.0,2.0,,,,0,cooldown
2026-07-04T20:27:06,forecast_hot_humid_bursty_r2,forecast,hot_humid,bursty,2,37.209,36.909,36.709,34.209,25.0,45.0,0.0,,100.0,2.0,,,,0,cooldown
2026-07-04T20:27:06,forecast_hot_humid_bursty_r2,forecast,hot_humid,bursty,2,37.199,36.899,36.699,34.199,25.0,45.0,0.0,,100.0,2.0,,,,0,cooldown
2026-07-04T20:27:06,forecast_hot_humid_bursty_r2,forecast,hot_humid,bursty,2,37.19,36.89,36.69,34.19,25.0,45.0,0.0,,100.0,2.0,,,,0,cooldown
2026-07-04T20:27:06,forecast_hot_humid_bursty_r2,forecast,hot_humid,bursty,2,37.18,36.88,36.68,34.18,25.0,45.0,0.0,,100.0,2.0,,,,0,cooldown
2026-07-04T20:27:06,forecast_hot_humid_bursty_r2,forecast,hot_humid,bursty,2,37.17,36.87,36.67,34.17,25.0,45.0,0.0,,100.0,2.0,,,,0,cooldown
2026-07-04T20:27:06,forecast_hot_humid_bursty_r2,forecast,hot_humid,bursty,2,37.161,36.861,36.661,34.161,25.0,45.0,0.0,,100.0,2.0,,,,0,cooldown
2026-07-04T20:27:06,forecast_hot_humid_bursty_r2,forecast,hot_humid,bursty,2,37.151,36.851,36.651,34.151,25.0,45.0,0.0,,100.0,2.0,,,,0,cooldown
2026-07-04T20:27:06,forecast_hot_humid_bursty_r2,forecast,hot_humid,bursty,2,37.142,36.842,36.642,34.142,25.0,45.0,0.0,,100.0,2.0,,,,0,cooldown
2026-07-04T20:27:06,forecast_hot_humid_bursty_r2,forecast,hot_humid,bursty,2,37.132,36.832,36.632,34.132,25.0,45.0,0.0,,100.0,2.0,,,,0,cooldown
2026-07-04T20:27:06,forecast_hot_humid_bursty_r2,forecast,hot_humid,bursty,2,37.122,36.822,36.622,34.122,25.0,45.0,0.0,,100.0,2.0,,,,0,cooldown
2026-07-04T20:27:06,forecast_hot_humid_bursty_r2,forecast,hot_humid,bursty,2,37.113,36.813,36.613,34.113,25.0,45.0,0.0,,100.0,2.0,,,,0,cooldown
2026-07-04T20:27:06,forecast_hot_humid_bursty_r2,forecast,hot_humid,bursty,2,37.103,36.803,36.603,34.103,25.0,45.0,0.0,,100.0,2.0,,,,0,cooldown
2026-07-04T20:27:06,forecast_hot_humid_bursty_r2,forecast,hot_humid,bursty,2,37.094,36.794,36.594,34.094,25.0,45.0,0.0,,100.0,2.0,,,,0,cooldown
2026-07-04T20:27:06,forecast_hot_humid_bursty_r2,forecast,hot_humid,bursty,2,37.084,36.784,36.584,34.084,25.0,45.0,0.0,,100.0,2.0,,,,0,cooldown
2026-07-04T20:27:06,forecast_hot_humid_bursty_r2,forecast,hot_humid,bursty,2,37.075,36.775,36.575,34.075,25.0,45.0,0.0,,100.0,2.0,,,,0,cooldown
2026-07-04T20:27:06,forecast_hot_humid_bursty_r2,forecast,hot_humid,bursty,2,37.065,36.765,36.565,34.065,25.0,45.0,0.0,,100.0,2.0,,,,0,cooldown
2026-07-04T20:27:06,forecast_hot_humid_bursty_r2,forecast,hot_humid,bursty,2,37.056,36.756,36.556,34.056,25.0,45.0,0.0,,100.0,2.0,,,,0,cooldown
2026-07-04T20:27:06,forecast_hot_humid_bursty_r2,forecast,hot_humid,bursty,2,37.046,36.746,36.546,34.046,25.0,45.0,0.0,,100.0,2.0,,,,0,cooldown
2026-07-04T20:27:06,forecast_hot_humid_bursty_r2,forecast,hot_humid,bursty,2,37.037,36.737,36.537,34.037,25.0,45.0,0.0,,100.0,2.0,,,,0,cooldown
2026-07-04T20:27:06,forecast_hot_humid_bursty_r2,forecast,hot_humid,bursty,2,37.027,36.727,36.527,34.027,25.0,45.0,0.0,,100.0,2.0,,,,0,cooldown
2026-07-04T20:27:06,forecast_hot_humid_bursty_r2,forecast,hot_humid,bursty,2,37.018,36.718,36.518,34.018,25.0,45.0,0.0,,100.0,2.0,,,,0,cooldown
2026-07-04T20:27:06,forecast_hot_humid_bursty_r2,forecast,hot_humid,bursty,2,37.008,36.708,36.508,34.008,25.0,45.0,0.0,,100.0,2.0,,,,0,cooldown
2026-07-04T20:27:06,forecast_hot_humid_bursty_r2,forecast,hot_humid,bursty,2,36.999,36.699,36.499,33.999,25.0,45.0,0.0,,100.0,2.0,,,,0,cooldown
2026-07-04T20:27:06,forecast_hot_humid_bursty_r2,forecast,hot_humid,bursty,2,36.989,36.689,36.489,33.989,25.0,45.0,0.0,,100.0,2.0,,,,0,cooldown
2026-07-04T20:27:06,forecast_hot_humid_bursty_r2,forecast,hot_humid,bursty,2,36.98,36.68,36.48,33.98,25.0,45.0,0.0,,100.0,2.0,,,,0,cooldown
2026-07-04T20:27:06,forecast_hot_humid_bursty_r2,forecast,hot_humid,bursty,2,36.97,36.67,36.47,33.97,25.0,45.0,0.0,,100.0,2.0,,,,0,cooldown
2026-07-04T20:27:06,forecast_hot_humid_bursty_r2,forecast,hot_humid,bursty,2,36.961,36.661,36.461,33.961,25.0,45.0,0.0,,100.0,2.0,,,,0,cooldown
2026-07-04T20:27:06,forecast_hot_humid_bursty_r2,forecast,hot_humid,bursty,2,36.951,36.651,36.451,33.951,25.0,45.0,0.0,,100.0,2.0,,,,0,cooldown
2026-07-04T20:27:06,forecast_hot_humid_bursty_r2,forecast,hot_humid,bursty,2,36.942,36.642,36.442,33.942,25.0,45.0,0.0,,100.0,2.0,,,,0,cooldown
2026-07-04T20:27:06,forecast_hot_humid_bursty_r2,forecast,hot_humid,bursty,2,36.932,36.632,36.432,33.932,25.0,45.0,0.0,,100.0,2.0,,,,0,cooldown
2026-07-04T20:27:06,forecast_hot_humid_bursty_r2,forecast,hot_humid,bursty,2,36.923,36.623,36.423,33.923,25.0,45.0,0.0,,100.0,2.0,,,,0,cooldown
2026-07-04T20:27:06,forecast_hot_humid_bursty_r2,forecast,hot_humid,bursty,2,36.914,36.614,36.414,33.914,25.0,45.0,0.0,,100.0,2.0,,,,0,cooldown
2026-07-04T20:27:06,forecast_hot_humid_bursty_r2,forecast,hot_humid,bursty,2,36.904,36.604,36.404,33.904,25.0,45.0,0.0,,100.0,2.0,,,,0,cooldown
2026-07-04T20:27:06,forecast_hot_humid_bursty_r2,forecast,hot_humid,bursty,2,36.895,36.595,36.395,33.895,25.0,45.0,0.0,,100.0,2.0,,,,0,cooldown
2026-07-04T20:27:06,forecast_hot_humid_bursty_r2,forecast,hot_humid,bursty,2,36.885,36.585,36.385,33.885,25.0,45.0,0.0,,100.0,2.0,,,,0,cooldown
2026-07-04T20:27:06,forecast_hot_humid_bursty_r2,forecast,hot_humid,bursty,2,36.876,36.576,36.376,33.876,25.0,45.0,0.0,,100.0,2.0,,,,0,cooldown
2026-07-04T20:27:06,forecast_hot_humid_bursty_r2,forecast,hot_humid,bursty,2,36.867,36.567,36.367,33.867,25.0,45.0,0.0,,100.0,2.0,,,,0,cooldown
2026-07-04T20:27:06,forecast_hot_humid_bursty_r2,forecast,hot_humid,bursty,2,36.857,36.557,36.357,33.857,25.0,45.0,0.0,,100.0,2.0,,,,0,cooldown
2026-07-04T20:27:06,forecast_hot_humid_bursty_r2,forecast,hot_humid,bursty,2,36.848,36.548,36.348,33.848,25.0,45.0,0.0,,100.0,2.0,,,,0,cooldown
2026-07-04T20:27:06,forecast_hot_humid_bursty_r2,forecast,hot_humid,bursty,2,36.839,36.539,36.339,33.839,25.0,45.0,0.0,,100.0,2.0,,,,0,cooldown
2026-07-04T20:27:06,forecast_hot_humid_bursty_r2,forecast,hot_humid,bursty,2,36.829,36.529,36.329,33.829,25.0,45.0,0.0,,100.0,2.0,,,,0,cooldown
2026-07-04T20:27:06,forecast_hot_humid_bursty_r2,forecast,hot_humid,bursty,2,36.82,36.52,36.32,33.82,25.0,45.0,0.0,,100.0,2.0,,,,0,cooldown
2026-07-04T20:27:06,forecast_hot_humid_bursty_r2,forecast,hot_humid,bursty,2,36.811,36.511,36.311,33.811,25.0,45.0,0.0,,100.0,2.0,,,,0,cooldown
2026-07-04T20:27:06,forecast_hot_humid_bursty_r2,forecast,hot_humid,bursty,2,36.801,36.501,36.301,33.801,25.0,45.0,0.0,,100.0,2.0,,,,0,cooldown
2026-07-04T20:27:06,forecast_hot_humid_bursty_r2,forecast,hot_humid,bursty,2,36.792,36.492,36.292,33.792,25.0,45.0,0.0,,100.0,2.0,,,,0,cooldown
2026-07-04T20:27:06,forecast_hot_humid_bursty_r2,forecast,hot_humid,bursty,2,36.783,36.483,36.283,33.783,25.0,45.0,0.0,,100.0,2.0,,,,0,cooldown
2026-07-04T20:27:06,forecast_hot_humid_bursty_r2,forecast,hot_humid,bursty,2,36.773,36.473,36.273,33.773,25.0,45.0,0.0,,100.0,2.0,,,,0,cooldown
2026-07-04T20:27:06,forecast_hot_humid_bursty_r2,forecast,hot_humid,bursty,2,36.764,36.464,36.264,33.764,25.0,45.0,0.0,,100.0,2.0,,,,0,cooldown
2026-07-04T20:27:06,forecast_hot_humid_bursty_r2,forecast,hot_humid,bursty,2,36.755,36.455,36.255,33.755,25.0,45.0,0.0,,100.0,2.0,,,,0,cooldown
2026-07-04T20:27:06,forecast_hot_humid_bursty_r2,forecast,hot_humid,bursty,2,36.745,36.445,36.245,33.745,25.0,45.0,0.0,,100.0,2.0,,,,0,cooldown
2026-07-04T20:27:06,forecast_hot_humid_bursty_r2,forecast,hot_humid,bursty,2,36.736,36.436,36.236,33.736,25.0,45.0,0.0,,100.0,2.0,,,,0,cooldown
2026-07-04T20:27:06,forecast_hot_humid_bursty_r2,forecast,hot_humid,bursty,2,36.727,36.427,36.227,33.727,25.0,45.0,0.0,,100.0,2.0,,,,0,cooldown
2026-07-04T20:27:06,forecast_hot_humid_bursty_r2,forecast,hot_humid,bursty,2,36.718,36.418,36.218,33.718,25.0,45.0,0.0,,100.0,2.0,,,,0,cooldown
2026-07-04T20:27:06,forecast_hot_humid_bursty_r2,forecast,hot_humid,bursty,2,36.708,36.408,36.208,33.708,25.0,45.0,0.0,,100.0,2.0,,,,0,cooldown
2026-07-04T20:27:06,forecast_hot_humid_bursty_r2,forecast,hot_humid,bursty,2,36.699,36.399,36.199,33.699,25.0,45.0,0.0,,100.0,2.0,,,,0,cooldown
2026-07-04T20:27:06,forecast_hot_humid_bursty_r2,forecast,hot_humid,bursty,2,36.69,36.39,36.19,33.69,25.0,45.0,0.0,,100.0,2.0,,,,0,cooldown
2026-07-04T20:27:06,forecast_hot_humid_bursty_r2,forecast,hot_humid,bursty,2,36.681,36.381,36.181,33.681,25.0,45.0,0.0,,100.0,2.0,,,,0,cooldown
2026-07-04T20:27:06,forecast_hot_humid_bursty_r2,forecast,hot_humid,bursty,2,36.671,36.371,36.171,33.671,25.0,45.0,0.0,,100.0,2.0,,,,0,cooldown
2026-07-04T20:27:06,forecast_hot_humid_bursty_r2,forecast,hot_humid,bursty,2,36.662,36.362,36.162,33.662,25.0,45.0,0.0,,100.0,2.0,,,,0,cooldown
2026-07-04T20:27:06,forecast_hot_humid_bursty_r2,forecast,hot_humid,bursty,2,36.653,36.353,36.153,33.653,25.0,45.0,0.0,,100.0,2.0,,,,0,cooldown
2026-07-04T20:27:06,forecast_hot_humid_bursty_r2,forecast,hot_humid,bursty,2,36.644,36.344,36.144,33.644,25.0,45.0,0.0,,100.0,2.0,,,,0,cooldown
2026-07-04T20:27:06,forecast_hot_humid_bursty_r2,forecast,hot_humid,bursty,2,36.635,36.335,36.135,33.635,25.0,45.0,0.0,,100.0,2.0,,,,0,cooldown
2026-07-04T20:27:06,forecast_hot_humid_bursty_r2,forecast,hot_humid,bursty,2,36.625,36.325,36.125,33.625,25.0,45.0,0.0,,100.0,2.0,,,,0,cooldown
2026-07-04T20:27:06,forecast_hot_humid_bursty_r2,forecast,hot_humid,bursty,2,36.616,36.316,36.116,33.616,25.0,45.0,0.0,,100.0,2.0,,,,0,cooldown
2026-07-04T20:27:06,forecast_hot_humid_bursty_r2,forecast,hot_humid,bursty,2,36.607,36.307,36.107,33.607,25.0,45.0,0.0,,100.0,2.0,,,,0,cooldown
2026-07-04T20:27:06,forecast_hot_humid_bursty_r2,forecast,hot_humid,bursty,2,36.598,36.298,36.098,33.598,25.0,45.0,0.0,,100.0,2.0,,,,0,cooldown
2026-07-04T20:27:06,forecast_hot_humid_bursty_r2,forecast,hot_humid,bursty,2,36.589,36.289,36.089,33.589,25.0,45.0,0.0,,100.0,2.0,,,,0,cooldown
2026-07-04T20:27:06,forecast_hot_humid_bursty_r2,forecast,hot_humid,bursty,2,36.58,36.28,36.08,33.58,25.0,45.0,0.0,,100.0,2.0,,,,0,cooldown
2026-07-04T20:27:06,forecast_hot_humid_bursty_r2,forecast,hot_humid,bursty,2,36.571,36.271,36.071,33.571,25.0,45.0,0.0,,100.0,2.0,,,,0,cooldown
2026-07-04T20:27:06,forecast_hot_humid_bursty_r2,forecast,hot_humid,bursty,2,36.561,36.261,36.061,33.561,25.0,45.0,0.0,,100.0,2.0,,,,0,cooldown
2026-07-04T20:27:06,forecast_hot_humid_bursty_r2,forecast,hot_humid,bursty,2,36.552,36.252,36.052,33.552,25.0,45.0,0.0,,100.0,2.0,,,,0,cooldown
2026-07-04T20:27:06,forecast_hot_humid_bursty_r2,forecast,hot_humid,bursty,2,36.543,36.243,36.043,33.543,25.0,45.0,0.0,,100.0,2.0,,,,0,cooldown
2026-07-04T20:27:06,forecast_hot_humid_bursty_r2,forecast,hot_humid,bursty,2,36.534,36.234,36.034,33.534,25.0,45.0,0.0,,100.0,2.0,,,,0,cooldown
2026-07-04T20:27:06,forecast_hot_humid_bursty_r2,forecast,hot_humid,bursty,2,36.525,36.225,36.025,33.525,25.0,45.0,0.0,,100.0,2.0,,,,0,cooldown
2026-07-04T20:27:06,forecast_hot_humid_bursty_r2,forecast,hot_humid,bursty,2,36.516,36.216,36.016,33.516,25.0,45.0,0.0,,100.0,2.0,,,,0,cooldown
2026-07-04T20:27:06,forecast_hot_humid_bursty_r2,forecast,hot_humid,bursty,2,36.507,36.207,36.007,33.507,25.0,45.0,0.0,,100.0,2.0,,,,0,cooldown
2026-07-04T20:27:06,forecast_hot_humid_bursty_r2,forecast,hot_humid,bursty,2,36.498,36.198,35.998,33.498,25.0,45.0,0.0,,100.0,2.0,,,,0,cooldown
2026-07-04T20:27:06,forecast_hot_humid_bursty_r2,forecast,hot_humid,bursty,2,36.489,36.189,35.989,33.489,25.0,45.0,0.0,,100.0,2.0,,,,0,cooldown
2026-07-04T20:27:06,forecast_hot_humid_bursty_r2,forecast,hot_humid,bursty,2,36.479,36.179,35.979,33.479,25.0,45.0,0.0,,100.0,2.0,,,,0,cooldown
2026-07-04T20:27:06,forecast_hot_humid_bursty_r2,forecast,hot_humid,bursty,2,36.47,36.17,35.97,33.47,25.0,45.0,0.0,,100.0,2.0,,,,0,cooldown
2026-07-04T20:27:06,forecast_hot_humid_bursty_r2,forecast,hot_humid,bursty,2,36.461,36.161,35.961,33.461,25.0,45.0,0.0,,100.0,2.0,,,,0,cooldown
2026-07-04T20:27:06,forecast_hot_humid_bursty_r2,forecast,hot_humid,bursty,2,36.452,36.152,35.952,33.452,25.0,45.0,0.0,,100.0,2.0,,,,0,cooldown
2026-07-04T20:27:06,forecast_hot_humid_bursty_r2,forecast,hot_humid,bursty,2,36.443,36.143,35.943,33.443,25.0,45.0,0.0,,100.0,2.0,,,,0,cooldown
2026-07-04T20:27:06,forecast_hot_humid_bursty_r2,forecast,hot_humid,bursty,2,36.434,36.134,35.934,33.434,25.0,45.0,0.0,,100.0,2.0,,,,0,cooldown
2026-07-04T20:27:06,forecast_hot_humid_bursty_r2,forecast,hot_humid,bursty,2,36.425,36.125,35.925,33.425,25.0,45.0,0.0,,100.0,2.0,,,,0,cooldown
2026-07-04T20:27:06,forecast_hot_humid_bursty_r2,forecast,hot_humid,bursty,2,36.416,36.116,35.916,33.416,25.0,45.0,0.0,,100.0,2.0,,,,0,cooldown
2026-07-04T20:27:06,forecast_hot_humid_bursty_r2,forecast,hot_humid,bursty,2,36.407,36.107,35.907,33.407,25.0,45.0,0.0,,100.0,2.0,,,,0,cooldown
2026-07-04T20:27:06,forecast_hot_humid_bursty_r2,forecast,hot_humid,bursty,2,36.398,36.098,35.898,33.398,25.0,45.0,0.0,,100.0,2.0,,,,0,cooldown
2026-07-04T20:27:06,forecast_hot_humid_bursty_r2,forecast,hot_humid,bursty,2,36.389,36.089,35.889,33.389,25.0,45.0,0.0,,100.0,2.0,,,,0,cooldown
2026-07-04T20:27:06,forecast_hot_humid_bursty_r2,forecast,hot_humid,bursty,2,36.38,36.08,35.88,33.38,25.0,45.0,0.0,,100.0,2.0,,,,0,cooldown
2026-07-04T20:27:06,forecast_hot_humid_bursty_r2,forecast,hot_humid,bursty,2,36.371,36.071,35.871,33.371,25.0,45.0,0.0,,100.0,2.0,,,,0,cooldown
2026-07-04T20:27:06,forecast_hot_humid_bursty_r2,forecast,hot_humid,bursty,2,36.362,36.062,35.862,33.362,25.0,45.0,0.0,,100.0,2.0,,,,0,cooldown
2026-07-04T20:27:06,forecast_hot_humid_bursty_r2,forecast,hot_humid,bursty,2,36.353,36.053,35.853,33.353,25.0,45.0,0.0,,100.0,2.0,,,,0,cooldown
2026-07-04T20:27:06,forecast_hot_humid_bursty_r2,forecast,hot_humid,bursty,2,36.344,36.044,35.844,33.344,25.0,45.0,0.0,,100.0,2.0,,,,0,cooldown
2026-07-04T20:27:06,forecast_hot_humid_bursty_r2,forecast,hot_humid,bursty,2,36.335,36.035,35.835,33.335,25.0,45.0,0.0,,100.0,2.0,,,,0,cooldown
2026-07-04T20:27:06,forecast_hot_humid_bursty_r2,forecast,hot_humid,bursty,2,36.326,36.026,35.826,33.326,25.0,45.0,0.0,,100.0,2.0,,,,0,cooldown
2026-07-04T20:27:06,forecast_hot_humid_bursty_r2,forecast,hot_humid,bursty,2,36.317,36.017,35.817,33.317,25.0,45.0,0.0,,100.0,2.0,,,,0,cooldown
2026-07-04T20:27:06,forecast_hot_humid_bursty_r2,forecast,hot_humid,bursty,2,36.309,36.009,35.809,33.309,25.0,45.0,0.0,,100.0,2.0,,,,0,cooldown
2026-07-04T20:27:06,forecast_hot_humid_bursty_r2,forecast,hot_humid,bursty,2,36.3,36.0,35.8,33.3,25.0,45.0,0.0,,100.0,2.0,,,,0,cooldown
2026-07-04T20:27:06,forecast_hot_humid_bursty_r2,forecast,hot_humid,bursty,2,36.291,35.991,35.791,33.291,25.0,45.0,0.0,,100.0,2.0,,,,0,cooldown
2026-07-04T20:27:06,forecast_hot_humid_bursty_r2,forecast,hot_humid,bursty,2,36.282,35.982,35.782,33.282,25.0,45.0,0.0,,100.0,2.0,,,,0,cooldown
2026-07-04T20:27:06,forecast_hot_humid_bursty_r2,forecast,hot_humid,bursty,2,36.273,35.973,35.773,33.273,25.0,45.0,0.0,,100.0,2.0,,,,0,cooldown
2026-07-04T20:27:06,forecast_hot_humid_bursty_r2,forecast,hot_humid,bursty,2,36.264,35.964,35.764,33.264,25.0,45.0,0.0,,100.0,2.0,,,,0,cooldown
2026-07-04T20:27:06,forecast_hot_humid_bursty_r2,forecast,hot_humid,bursty,2,36.255,35.955,35.755,33.255,25.0,45.0,0.0,,100.0,2.0,,,,0,cooldown
2026-07-04T20:27:06,forecast_hot_humid_bursty_r2,forecast,hot_humid,bursty,2,36.246,35.946,35.746,33.246,25.0,45.0,0.0,,100.0,2.0,,,,0,cooldown
2026-07-04T20:27:06,forecast_hot_humid_bursty_r2,forecast,hot_humid,bursty,2,36.237,35.937,35.737,33.237,25.0,45.0,0.0,,100.0,2.0,,,,0,cooldown
2026-07-04T20:27:06,forecast_hot_humid_bursty_r2,forecast,hot_humid,bursty,2,36.228,35.928,35.728,33.228,25.0,45.0,0.0,,100.0,2.0,,,,0,cooldown
2026-07-04T20:27:06,forecast_hot_humid_bursty_r2,forecast,hot_humid,bursty,2,36.22,35.92,35.72,33.22,25.0,45.0,0.0,,100.0,2.0,,,,0,cooldown
2026-07-04T20:27:06,forecast_hot_humid_bursty_r2,forecast,hot_humid,bursty,2,36.211,35.911,35.711,33.211,25.0,45.0,0.0,,100.0,2.0,,,,0,cooldown
2026-07-04T20:27:06,forecast_hot_humid_bursty_r2,forecast,hot_humid,bursty,2,36.202,35.902,35.702,33.202,25.0,45.0,0.0,,100.0,2.0,,,,0,cooldown
2026-07-04T20:27:06,forecast_hot_humid_bursty_r2,forecast,hot_humid,bursty,2,36.193,35.893,35.693,33.193,25.0,45.0,0.0,,100.0,2.0,,,,0,cooldown
2026-07-04T20:27:06,forecast_hot_humid_bursty_r2,forecast,hot_humid,bursty,2,36.184,35.884,35.684,33.184,25.0,45.0,0.0,,100.0,2.0,,,,0,cooldown
2026-07-04T20:27:06,forecast_hot_humid_bursty_r2,forecast,hot_humid,bursty,2,36.175,35.875,35.675,33.175,25.0,45.0,0.0,,100.0,2.0,,,,0,cooldown
2026-07-04T20:27:06,forecast_hot_humid_bursty_r2,forecast,hot_humid,bursty,2,36.167,35.867,35.667,33.167,25.0,45.0,0.0,,100.0,2.0,,,,0,cooldown
2026-07-04T20:27:06,forecast_hot_humid_bursty_r2,forecast,hot_humid,bursty,2,36.158,35.858,35.658,33.158,25.0,45.0,0.0,,100.0,2.0,,,,0,cooldown
2026-07-04T20:27:06,forecast_hot_humid_bursty_r2,forecast,hot_humid,bursty,2,36.149,35.849,35.649,33.149,25.0,45.0,0.0,,100.0,2.0,,,,0,cooldown
2026-07-04T20:27:06,forecast_hot_humid_bursty_r2,forecast,hot_humid,bursty,2,36.14,35.84,35.64,33.14,25.0,45.0,0.0,,100.0,2.0,,,,0,cooldown
2026-07-04T20:27:06,forecast_hot_humid_bursty_r2,forecast,hot_humid,bursty,2,36.131,35.831,35.631,33.131,25.0,45.0,0.0,,100.0,2.0,,,,0,cooldown
2026-07-04T20:27:06,forecast_hot_humid_bursty_r2,forecast,hot_humid,bursty,2,36.122,35.822,35.622,33.122,25.0,45.0,0.0,,100.0,2.0,,,,0,cooldown
2026-07-04T20:27:06,forecast_hot_humid_bursty_r2,forecast,hot_humid,bursty,2,36.114,35.814,35.614,33.114,25.0,45.0,0.0,,100.0,2.0,,,,0,cooldown
2026-07-04T20:27:06,forecast_hot_humid_bursty_r2,forecast,hot_humid,bursty,2,36.105,35.805,35.605,33.105,25.0,45.0,0.0,,100.0,2.0,,,,0,cooldown
2026-07-04T20:27:06,forecast_hot_humid_bursty_r2,forecast,hot_humid,bursty,2,36.096,35.796,35.596,33.096,25.0,45.0,0.0,,100.0,2.0,,,,0,cooldown
2026-07-04T20:27:06,forecast_hot_humid_bursty_r2,forecast,hot_humid,bursty,2,36.087,35.787,35.587,33.087,25.0,45.0,0.0,,100.0,2.0,,,,0,cooldown
2026-07-04T20:27:06,forecast_hot_humid_bursty_r2,forecast,hot_humid,bursty,2,36.079,35.779,35.579,33.079,25.0,45.0,0.0,,100.0,2.0,,,,0,cooldown
2026-07-04T20:27:06,forecast_hot_humid_bursty_r2,forecast,hot_humid,bursty,2,36.07,35.77,35.57,33.07,25.0,45.0,0.0,,100.0,2.0,,,,0,cooldown
2026-07-04T20:27:06,forecast_hot_humid_bursty_r2,forecast,hot_humid,bursty,2,36.061,35.761,35.561,33.061,25.0,45.0,0.0,,100.0,2.0,,,,0,cooldown
2026-07-04T20:27:06,forecast_hot_humid_bursty_r2,forecast,hot_humid,bursty,2,36.052,35.752,35.552,33.052,25.0,45.0,0.0,,100.0,2.0,,,,0,cooldown
2026-07-04T20:27:06,forecast_hot_humid_bursty_r2,forecast,hot_humid,bursty,2,36.044,35.744,35.544,33.044,25.0,45.0,0.0,,100.0,2.0,,,,0,cooldown
2026-07-04T20:27:06,forecast_hot_humid_bursty_r2,forecast,hot_humid,bursty,2,36.035,35.735,35.535,33.035,25.0,45.0,0.0,,100.0,2.0,,,,0,cooldown
2026-07-04T20:27:06,forecast_hot_humid_bursty_r2,forecast,hot_humid,bursty,2,36.026,35.726,35.526,33.026,25.0,45.0,0.0,,100.0,2.0,,,,0,cooldown
2026-07-04T20:27:06,forecast_hot_humid_bursty_r2,forecast,hot_humid,bursty,2,36.018,35.718,35.518,33.018,25.0,45.0,0.0,,100.0,2.0,,,,0,cooldown
2026-07-04T20:27:06,forecast_hot_humid_bursty_r2,forecast,hot_humid,bursty,2,36.009,35.709,35.509,33.009,25.0,45.0,0.0,,100.0,2.0,,,,0,cooldown
2026-07-04T20:27:06,forecast_hot_humid_bursty_r2,forecast,hot_humid,bursty,2,36.0,35.7,35.5,33.0,25.0,45.0,0.0,,100.0,2.0,,,,0,cooldown
2026-07-04T20:27:06,forecast_hot_humid_bursty_r2,forecast,hot_humid,bursty,2,35.992,35.692,35.492,32.992,25.0,45.0,0.0,,100.0,2.0,,,,0,cooldown
2026-07-04T20:27:06,forecast_hot_humid_bursty_r2,forecast,hot_humid,bursty,2,35.983,35.683,35.483,32.983,25.0,45.0,0.0,,100.0,2.0,,,,0,cooldown
2026-07-04T20:27:06,forecast_hot_humid_bursty_r2,forecast,hot_humid,bursty,2,35.974,35.674,35.474,32.974,25.0,45.0,0.0,,100.0,2.0,,,,0,cooldown
2026-07-04T20:27:06,forecast_hot_humid_bursty_r2,forecast,hot_humid,bursty,2,35.965,35.665,35.465,32.965,25.0,45.0,0.0,,100.0,2.0,,,,0,cooldown
2026-07-04T20:27:06,forecast_hot_humid_bursty_r2,forecast,hot_humid,bursty,2,35.957,35.657,35.457,32.957,25.0,45.0,0.0,,100.0,2.0,,,,0,cooldown
2026-07-04T20:27:06,forecast_hot_humid_bursty_r2,forecast,hot_humid,bursty,2,35.948,35.648,35.448,32.948,25.0,45.0,0.0,,100.0,2.0,,,,0,cooldown
2026-07-04T20:27:06,forecast_hot_humid_bursty_r2,forecast,hot_humid,bursty,2,35.94,35.64,35.44,32.94,25.0,45.0,0.0,,100.0,2.0,,,,0,cooldown
2026-07-04T20:27:06,forecast_hot_humid_bursty_r2,forecast,hot_humid,bursty,2,35.931,35.631,35.431,32.931,25.0,45.0,0.0,,100.0,2.0,,,,0,cooldown
2026-07-04T20:27:06,forecast_hot_humid_bursty_r2,forecast,hot_humid,bursty,2,35.922,35.622,35.422,32.922,25.0,45.0,0.0,,100.0,2.0,,,,0,cooldown
2026-07-04T20:27:06,forecast_hot_humid_bursty_r2,forecast,hot_humid,bursty,2,35.914,35.614,35.414,32.914,25.0,45.0,0.0,,100.0,2.0,,,,0,cooldown
2026-07-04T20:27:06,forecast_hot_humid_bursty_r2,forecast,hot_humid,bursty,2,35.905,35.605,35.405,32.905,25.0,45.0,0.0,,100.0,2.0,,,,0,cooldown
2026-07-04T20:27:06,forecast_hot_humid_bursty_r2,forecast,hot_humid,bursty,2,35.896,35.596,35.396,32.896,25.0,45.0,0.0,,100.0,2.0,,,,0,cooldown
2026-07-04T20:27:06,forecast_hot_humid_bursty_r2,forecast,hot_humid,bursty,2,35.888,35.588,35.388,32.888,25.0,45.0,0.0,,100.0,2.0,,,,0,cooldown
2026-07-04T20:27:06,forecast_hot_humid_bursty_r2,forecast,hot_humid,bursty,2,35.879,35.579,35.379,32.879,25.0,45.0,0.0,,100.0,2.0,,,,0,cooldown
2026-07-04T20:27:06,forecast_hot_humid_bursty_r2,forecast,hot_humid,bursty,2,35.871,35.571,35.371,32.871,25.0,45.0,0.0,,100.0,2.0,,,,0,cooldown
2026-07-04T20:27:06,forecast_hot_humid_bursty_r2,forecast,hot_humid,bursty,2,35.862,35.562,35.362,32.862,25.0,45.0,0.0,,100.0,2.0,,,,0,cooldown
2026-07-04T20:27:06,forecast_hot_humid_bursty_r2,forecast,hot_humid,bursty,2,35.853,35.553,35.353,32.853,25.0,45.0,0.0,,100.0,2.0,,,,0,cooldown
2026-07-04T20:27:06,forecast_hot_humid_bursty_r2,forecast,hot_humid,bursty,2,35.845,35.545,35.345,32.845,25.0,45.0,0.0,,100.0,2.0,,,,0,cooldown
2026-07-04T20:27:06,forecast_hot_humid_bursty_r2,forecast,hot_humid,bursty,2,35.836,35.536,35.336,32.836,25.0,45.0,0.0,,100.0,2.0,,,,0,cooldown
2026-07-04T20:27:06,forecast_hot_humid_bursty_r2,forecast,hot_humid,bursty,2,35.828,35.528,35.328,32.828,25.0,45.0,0.0,,100.0,2.0,,,,0,cooldown
2026-07-04T20:27:06,forecast_hot_humid_bursty_r2,forecast,hot_humid,bursty,2,35.819,35.519,35.319,32.819,25.0,45.0,0.0,,100.0,2.0,,,,0,cooldown
2026-07-04T20:27:06,forecast_hot_humid_bursty_r2,forecast,hot_humid,bursty,2,35.811,35.511,35.311,32.811,25.0,45.0,0.0,,100.0,2.0,,,,0,cooldown
2026-07-04T20:27:06,forecast_hot_humid_bursty_r2,forecast,hot_humid,bursty,2,35.802,35.502,35.302,32.802,25.0,45.0,0.0,,100.0,2.0,,,,0,cooldown
2026-07-04T20:27:06,forecast_hot_humid_bursty_r2,forecast,hot_humid,bursty,2,35.794,35.494,35.294,32.794,25.0,45.0,0.0,,100.0,2.0,,,,0,cooldown
2026-07-04T20:27:06,forecast_hot_humid_bursty_r2,forecast,hot_humid,bursty,2,35.785,35.485,35.285,32.785,25.0,45.0,0.0,,100.0,2.0,,,,0,cooldown
2026-07-04T20:27:06,forecast_hot_humid_bursty_r2,forecast,hot_humid,bursty,2,35.777,35.477,35.277,32.777,25.0,45.0,0.0,,100.0,2.0,,,,0,cooldown
2026-07-04T20:27:06,forecast_hot_humid_bursty_r2,forecast,hot_humid,bursty,2,35.768,35.468,35.268,32.768,25.0,45.0,0.0,,100.0,2.0,,,,0,cooldown
2026-07-04T20:27:06,forecast_hot_humid_bursty_r2,forecast,hot_humid,bursty,2,35.76,35.46,35.26,32.76,25.0,45.0,0.0,,100.0,2.0,,,,0,cooldown
2026-07-04T20:27:06,forecast_hot_humid_bursty_r2,forecast,hot_humid,bursty,2,35.751,35.451,35.251,32.751,25.0,45.0,0.0,,100.0,2.0,,,,0,cooldown
2026-07-04T20:27:06,forecast_hot_humid_bursty_r2,forecast,hot_humid,bursty,2,35.743,35.443,35.243,32.743,25.0,45.0,0.0,,100.0,2.0,,,,0,cooldown
2026-07-04T20:27:06,forecast_hot_humid_bursty_r2,forecast,hot_humid,bursty,2,35.734,35.434,35.234,32.734,25.0,45.0,0.0,,100.0,2.0,,,,0,cooldown
2026-07-04T20:27:06,forecast_hot_humid_bursty_r2,forecast,hot_humid,bursty,2,35.726,35.426,35.226,32.726,25.0,45.0,0.0,,100.0,2.0,,,,0,cooldown
2026-07-04T20:27:06,forecast_hot_humid_bursty_r2,forecast,hot_humid,bursty,2,35.717,35.417,35.217,32.717,25.0,45.0,0.0,,100.0,2.0,,,,0,cooldown
2026-07-04T20:27:06,forecast_hot_humid_bursty_r2,forecast,hot_humid,bursty,2,35.709,35.409,35.209,32.709,25.0,45.0,0.0,,100.0,2.0,,,,0,cooldown
2026-07-04T20:27:06,forecast_hot_humid_bursty_r2,forecast,hot_humid,bursty,2,35.7,35.4,35.2,32.7,25.0,45.0,0.0,,100.0,2.0,,,,0,cooldown
2026-07-04T20:27:06,forecast_hot_humid_bursty_r2,forecast,hot_humid,bursty,2,35.692,35.392,35.192,32.692,25.0,45.0,0.0,,100.0,2.0,,,,0,cooldown
2026-07-04T20:27:06,forecast_hot_humid_bursty_r2,forecast,hot_humid,bursty,2,35.683,35.383,35.183,32.683,25.0,45.0,0.0,,100.0,2.0,,,,0,cooldown
2026-07-04T20:27:06,forecast_hot_humid_bursty_r2,forecast,hot_humid,bursty,2,35.675,35.375,35.175,32.675,25.0,45.0,0.0,,100.0,2.0,,,,0,cooldown
2026-07-04T20:27:06,forecast_hot_humid_bursty_r2,forecast,hot_humid,bursty,2,35.667,35.367,35.167,32.667,25.0,45.0,0.0,,100.0,2.0,,,,0,cooldown
2026-07-04T20:27:06,forecast_hot_humid_bursty_r2,forecast,hot_humid,bursty,2,35.658,35.358,35.158,32.658,25.0,45.0,0.0,,100.0,2.0,,,,0,cooldown
2026-07-04T20:27:06,forecast_hot_humid_bursty_r2,forecast,hot_humid,bursty,2,35.65,35.35,35.15,32.65,25.0,45.0,0.0,,100.0,2.0,,,,0,cooldown
2026-07-04T20:27:06,forecast_hot_humid_bursty_r2,forecast,hot_humid,bursty,2,35.641,35.341,35.141,32.641,25.0,45.0,0.0,,100.0,2.0,,,,0,cooldown
2026-07-04T20:27:06,forecast_hot_humid_bursty_r2,forecast,hot_humid,bursty,2,35.633,35.333,35.133,32.633,25.0,45.0,0.0,,100.0,2.0,,,,0,cooldown
2026-07-04T20:27:06,forecast_hot_humid_bursty_r2,forecast,hot_humid,bursty,2,35.624,35.324,35.124,32.624,25.0,45.0,0.0,,100.0,2.0,,,,0,cooldown
2026-07-04T20:27:06,forecast_hot_humid_bursty_r2,forecast,hot_humid,bursty,2,35.616,35.316,35.116,32.616,25.0,45.0,0.0,,100.0,2.0,,,,0,cooldown
2026-07-04T20:27:06,forecast_hot_humid_bursty_r2,forecast,hot_humid,bursty,2,35.608,35.308,35.108,32.608,25.0,45.0,0.0,,100.0,2.0,,,,0,cooldown
2026-07-04T20:27:06,forecast_hot_humid_bursty_r2,forecast,hot_humid,bursty,2,35.599,35.299,35.099,32.599,25.0,45.0,0.0,,100.0,2.0,,,,0,cooldown
2026-07-04T20:27:06,forecast_hot_humid_bursty_r2,forecast,hot_humid,bursty,2,35.591,35.291,35.091,32.591,25.0,45.0,0.0,,100.0,2.0,,,,0,cooldown
2026-07-04T20:27:06,forecast_hot_humid_bursty_r2,forecast,hot_humid,bursty,2,35.583,35.283,35.083,32.583,25.0,45.0,0.0,,100.0,2.0,,,,0,cooldown
2026-07-04T20:27:06,forecast_hot_humid_bursty_r2,forecast,hot_humid,bursty,2,35.574,35.274,35.074,32.574,25.0,45.0,0.0,,100.0,2.0,,,,0,cooldown
2026-07-04T20:27:06,forecast_hot_humid_bursty_r2,forecast,hot_humid,bursty,2,35.566,35.266,35.066,32.566,25.0,45.0,0.0,,100.0,2.0,,,,0,cooldown
2026-07-04T20:27:06,forecast_hot_humid_bursty_r2,forecast,hot_humid,bursty,2,35.558,35.258,35.058,32.558,25.0,45.0,0.0,,100.0,2.0,,,,0,cooldown
2026-07-04T20:27:06,forecast_hot_humid_bursty_r2,forecast,hot_humid,bursty,2,35.549,35.249,35.049,32.549,25.0,45.0,0.0,,100.0,2.0,,,,0,cooldown
2026-07-04T20:27:06,forecast_hot_humid_bursty_r2,forecast,hot_humid,bursty,2,35.541,35.241,35.041,32.541,25.0,45.0,0.0,,100.0,2.0,,,,0,cooldown
2026-07-04T20:27:06,forecast_hot_humid_bursty_r2,forecast,hot_humid,bursty,2,35.533,35.233,35.033,32.533,25.0,45.0,0.0,,100.0,2.0,,,,0,cooldown
2026-07-04T20:27:06,forecast_hot_humid_bursty_r2,forecast,hot_humid,bursty,2,35.524,35.224,35.024,32.524,25.0,45.0,0.0,,100.0,2.0,,,,0,cooldown
2026-07-04T20:27:06,forecast_hot_humid_bursty_r2,forecast,hot_humid,bursty,2,35.516,35.216,35.016,32.516,25.0,45.0,0.0,,100.0,2.0,,,,0,cooldown
2026-07-04T20:27:06,forecast_hot_humid_bursty_r2,forecast,hot_humid,bursty,2,35.508,35.208,35.008,32.508,25.0,45.0,0.0,,100.0,2.0,,,,0,cooldown
2026-07-04T20:27:06,forecast_hot_humid_bursty_r2,forecast,hot_humid,bursty,2,35.499,35.199,34.999,32.499,25.0,45.0,0.0,,100.0,2.0,,,,0,cooldown
2026-07-04T20:27:06,forecast_hot_humid_bursty_r2,forecast,hot_humid,bursty,2,35.491,35.191,34.991,32.491,25.0,45.0,0.0,,100.0,2.0,,,,0,cooldown
2026-07-04T20:27:06,forecast_hot_humid_bursty_r2,forecast,hot_humid,bursty,2,35.483,35.183,34.983,32.483,25.0,45.0,0.0,,100.0,2.0,,,,0,cooldown
2026-07-04T20:27:06,forecast_hot_humid_bursty_r2,forecast,hot_humid,bursty,2,35.475,35.175,34.975,32.475,25.0,45.0,0.0,,100.0,2.0,,,,0,cooldown
2026-07-04T20:27:06,forecast_hot_humid_bursty_r2,forecast,hot_humid,bursty,2,35.466,35.166,34.966,32.466,25.0,45.0,0.0,,100.0,2.0,,,,0,cooldown
2026-07-04T20:27:06,forecast_hot_humid_bursty_r2,forecast,hot_humid,bursty,2,35.458,35.158,34.958,32.458,25.0,45.0,0.0,,100.0,2.0,,,,0,cooldown
2026-07-04T20:27:06,forecast_hot_humid_bursty_r2,forecast,hot_humid,bursty,2,35.45,35.15,34.95,32.45,25.0,45.0,0.0,,100.0,2.0,,,,0,cooldown
2026-07-04T20:27:06,forecast_hot_humid_bursty_r2,forecast,hot_humid,bursty,2,35.441,35.141,34.941,32.441,25.0,45.0,0.0,,100.0,2.0,,,,0,cooldown
2026-07-04T20:27:06,forecast_hot_humid_bursty_r2,forecast,hot_humid,bursty,2,35.433,35.133,34.933,32.433,25.0,45.0,0.0,,100.0,2.0,,,,0,cooldown
2026-07-04T20:27:06,forecast_hot_humid_bursty_r2,forecast,hot_humid,bursty,2,35.425,35.125,34.925,32.425,25.0,45.0,0.0,,100.0,2.0,,,,0,cooldown
2026-07-04T20:27:06,forecast_hot_humid_bursty_r2,forecast,hot_humid,bursty,2,35.417,35.117,34.917,32.417,25.0,45.0,0.0,,100.0,2.0,,,,0,cooldown
2026-07-04T20:27:06,forecast_hot_humid_bursty_r2,forecast,hot_humid,bursty,2,35.409,35.109,34.909,32.409,25.0,45.0,0.0,,100.0,2.0,,,,0,cooldown
2026-07-04T20:27:06,forecast_hot_humid_bursty_r2,forecast,hot_humid,bursty,2,35.4,35.1,34.9,32.4,25.0,45.0,0.0,,100.0,2.0,,,,0,cooldown
2026-07-04T20:27:06,forecast_hot_humid_bursty_r2,forecast,hot_humid,bursty,2,35.392,35.092,34.892,32.392,25.0,45.0,0.0,,100.0,2.0,,,,0,cooldown
2026-07-04T20:27:06,forecast_hot_humid_bursty_r2,forecast,hot_humid,bursty,2,35.384,35.084,34.884,32.384,25.0,45.0,0.0,,100.0,2.0,,,,0,cooldown
2026-07-04T20:27:06,forecast_hot_humid_bursty_r2,forecast,hot_humid,bursty,2,35.376,35.076,34.876,32.376,25.0,45.0,0.0,,100.0,2.0,,,,0,cooldown
2026-07-04T20:27:06,forecast_hot_humid_bursty_r2,forecast,hot_humid,bursty,2,35.368,35.068,34.868,32.368,25.0,45.0,0.0,,100.0,2.0,,,,0,cooldown
2026-07-04T20:27:06,forecast_hot_humid_bursty_r2,forecast,hot_humid,bursty,2,35.359,35.059,34.859,32.359,25.0,45.0,0.0,,100.0,2.0,,,,0,cooldown
2026-07-04T20:27:06,forecast_hot_humid_bursty_r2,forecast,hot_humid,bursty,2,35.351,35.051,34.851,32.351,25.0,45.0,0.0,,100.0,2.0,,,,0,cooldown
2026-07-04T20:27:06,forecast_hot_humid_bursty_r2,forecast,hot_humid,bursty,2,35.343,35.043,34.843,32.343,25.0,45.0,0.0,,100.0,2.0,,,,0,cooldown
2026-07-04T20:27:06,forecast_hot_humid_bursty_r2,forecast,hot_humid,bursty,2,35.335,35.035,34.835,32.335,25.0,45.0,0.0,,100.0,2.0,,,,0,cooldown
2026-07-04T20:27:06,forecast_hot_humid_bursty_r2,forecast,hot_humid,bursty,2,35.327,35.027,34.827,32.327,25.0,45.0,0.0,,100.0,2.0,,,,0,cooldown
2026-07-04T20:27:06,forecast_hot_humid_bursty_r2,forecast,hot_humid,bursty,2,35.319,35.019,34.819,32.319,25.0,45.0,0.0,,100.0,2.0,,,,0,cooldown
2026-07-04T20:27:06,forecast_hot_humid_bursty_r2,forecast,hot_humid,bursty,2,35.31,35.01,34.81,32.31,25.0,45.0,0.0,,100.0,2.0,,,,0,cooldown
2026-07-04T20:27:06,forecast_hot_humid_bursty_r2,forecast,hot_humid,bursty,2,35.302,35.002,34.802,32.302,25.0,45.0,0.0,,100.0,2.0,,,,0,cooldown
2026-07-04T20:27:06,forecast_hot_humid_bursty_r2,forecast,hot_humid,bursty,2,35.294,34.994,34.794,32.294,25.0,45.0,0.0,,100.0,2.0,,,,0,cooldown
2026-07-04T20:27:06,forecast_hot_humid_bursty_r2,forecast,hot_humid,bursty,2,35.286,34.986,34.786,32.286,25.0,45.0,0.0,,100.0,2.0,,,,0,cooldown
2026-07-04T20:27:06,forecast_hot_humid_bursty_r2,forecast,hot_humid,bursty,2,35.278,34.978,34.778,32.278,25.0,45.0,0.0,,100.0,2.0,,,,0,cooldown
2026-07-04T20:27:06,forecast_hot_humid_bursty_r2,forecast,hot_humid,bursty,2,35.27,34.97,34.77,32.27,25.0,45.0,0.0,,100.0,2.0,,,,0,cooldown
2026-07-04T20:27:06,forecast_hot_humid_bursty_r2,forecast,hot_humid,bursty,2,35.262,34.962,34.762,32.262,25.0,45.0,0.0,,100.0,2.0,,,,0,cooldown
2026-07-04T20:27:06,forecast_hot_humid_bursty_r2,forecast,hot_humid,bursty,2,35.254,34.954,34.754,32.254,25.0,45.0,0.0,,100.0,2.0,,,,0,cooldown
2026-07-04T20:27:06,forecast_hot_humid_bursty_r2,forecast,hot_humid,bursty,2,35.245,34.945,34.745,32.245,25.0,45.0,0.0,,100.0,2.0,,,,0,cooldown
2026-07-04T20:27:06,forecast_hot_humid_bursty_r2,forecast,hot_humid,bursty,2,35.237,34.937,34.737,32.237,25.0,45.0,0.0,,100.0,2.0,,,,0,cooldown
2026-07-04T20:27:06,forecast_hot_humid_bursty_r2,forecast,hot_humid,bursty,2,35.229,34.929,34.729,32.229,25.0,45.0,0.0,,100.0,2.0,,,,0,cooldown
2026-07-04T20:27:06,forecast_hot_humid_bursty_r2,forecast,hot_humid,bursty,2,35.221,34.921,34.721,32.221,25.0,45.0,0.0,,100.0,2.0,,,,0,cooldown
2026-07-04T20:27:06,forecast_hot_humid_bursty_r2,forecast,hot_humid,bursty,2,35.213,34.913,34.713,32.213,25.0,45.0,0.0,,100.0,2.0,,,,0,cooldown
2026-07-04T20:27:06,forecast_hot_humid_bursty_r2,forecast,hot_humid,bursty,2,35.205,34.905,34.705,32.205,25.0,45.0,0.0,,100.0,2.0,,,,0,cooldown
2026-07-04T20:27:06,forecast_hot_humid_bursty_r2,forecast,hot_humid,bursty,2,35.197,34.897,34.697,32.197,25.0,45.0,0.0,,100.0,2.0,,,,0,cooldown
2026-07-04T20:27:06,forecast_hot_humid_bursty_r2,forecast,hot_humid,bursty,2,35.189,34.889,34.689,32.189,25.0,45.0,0.0,,100.0,2.0,,,,0,cooldown
2026-07-04T20:27:06,forecast_hot_humid_bursty_r2,forecast,hot_humid,bursty,2,35.181,34.881,34.681,32.181,25.0,45.0,0.0,,100.0,2.0,,,,0,cooldown
2026-07-04T20:27:06,forecast_hot_humid_bursty_r2,forecast,hot_humid,bursty,2,35.173,34.873,34.673,32.173,25.0,45.0,0.0,,100.0,2.0,,,,0,cooldown
2026-07-04T20:27:06,forecast_hot_humid_bursty_r2,forecast,hot_humid,bursty,2,35.165,34.865,34.665,32.165,25.0,45.0,0.0,,100.0,2.0,,,,0,cooldown
2026-07-04T20:27:06,forecast_hot_humid_bursty_r2,forecast,hot_humid,bursty,2,35.157,34.857,34.657,32.157,25.0,45.0,0.0,,100.0,2.0,,,,0,cooldown
2026-07-04T20:27:06,forecast_hot_humid_bursty_r2,forecast,hot_humid,bursty,2,35.149,34.849,34.649,32.149,25.0,45.0,0.0,,100.0,2.0,,,,0,cooldown
2026-07-04T20:27:06,forecast_hot_humid_bursty_r2,forecast,hot_humid,bursty,2,35.141,34.841,34.641,32.141,25.0,45.0,0.0,,100.0,2.0,,,,0,cooldown
2026-07-04T20:27:06,forecast_hot_humid_bursty_r2,forecast,hot_humid,bursty,2,35.133,34.833,34.633,32.133,25.0,45.0,0.0,,100.0,2.0,,,,0,cooldown
2026-07-04T20:27:06,forecast_hot_humid_bursty_r2,forecast,hot_humid,bursty,2,35.125,34.825,34.625,32.125,25.0,45.0,0.0,,100.0,2.0,,,,0,cooldown
2026-07-04T20:27:06,forecast_hot_humid_bursty_r2,forecast,hot_humid,bursty,2,35.117,34.817,34.617,32.117,25.0,45.0,0.0,,100.0,2.0,,,,0,cooldown
2026-07-04T20:27:06,forecast_hot_humid_bursty_r2,forecast,hot_humid,bursty,2,35.109,34.809,34.609,32.109,25.0,45.0,0.0,,100.0,2.0,,,,0,cooldown
2026-07-04T20:27:06,forecast_hot_humid_bursty_r2,forecast,hot_humid,bursty,2,35.101,34.801,34.601,32.101,25.0,45.0,0.0,,100.0,2.0,,,,0,cooldown
2026-07-04T20:27:06,forecast_hot_humid_bursty_r2,forecast,hot_humid,bursty,2,35.093,34.793,34.593,32.093,25.0,45.0,0.0,,100.0,2.0,,,,0,cooldown
2026-07-04T20:27:06,forecast_hot_humid_bursty_r2,forecast,hot_humid,bursty,2,35.085,34.785,34.585,32.085,25.0,45.0,0.0,,100.0,2.0,,,,0,cooldown
2026-07-04T20:27:06,forecast_hot_humid_bursty_r2,forecast,hot_humid,bursty,2,35.077,34.777,34.577,32.077,25.0,45.0,0.0,,100.0,2.0,,,,0,cooldown
2026-07-04T20:27:06,forecast_hot_humid_bursty_r2,forecast,hot_humid,bursty,2,35.069,34.769,34.569,32.069,25.0,45.0,0.0,,100.0,2.0,,,,0,cooldown
2026-07-04T20:27:06,forecast_hot_humid_bursty_r2,forecast,hot_humid,bursty,2,35.061,34.761,34.561,32.061,25.0,45.0,0.0,,100.0,2.0,,,,0,cooldown
2026-07-04T20:27:06,forecast_hot_humid_bursty_r2,forecast,hot_humid,bursty,2,35.053,34.753,34.553,32.053,25.0,45.0,0.0,,100.0,2.0,,,,0,cooldown
2026-07-04T20:27:06,forecast_hot_humid_bursty_r2,forecast,hot_humid,bursty,2,35.045,34.745,34.545,32.045,25.0,45.0,0.0,,100.0,2.0,,,,0,cooldown
2026-07-04T20:27:06,forecast_hot_humid_bursty_r2,forecast,hot_humid,bursty,2,35.037,34.737,34.537,32.037,25.0,45.0,0.0,,100.0,2.0,,,,0,cooldown
2026-07-04T20:27:06,forecast_hot_humid_bursty_r2,forecast,hot_humid,bursty,2,35.029,34.729,34.529,32.029,25.0,45.0,0.0,,100.0,2.0,,,,0,cooldown
2026-07-04T20:27:06,forecast_hot_humid_bursty_r2,forecast,hot_humid,bursty,2,35.021,34.721,34.521,32.021,25.0,45.0,0.0,,100.0,2.0,,,,0,cooldown
2026-07-04T20:27:06,forecast_hot_humid_bursty_r2,forecast,hot_humid,bursty,2,35.013,34.713,34.513,32.013,25.0,45.0,0.0,,100.0,2.0,,,,0,cooldown
2026-07-04T20:27:06,forecast_hot_humid_bursty_r2,forecast,hot_humid,bursty,2,35.006,34.706,34.506,32.006,25.0,45.0,0.0,,100.0,2.0,,,,0,cooldown
2026-07-04T20:27:06,forecast_hot_humid_bursty_r2,forecast,hot_humid,bursty,2,34.998,34.698,34.498,31.998,25.0,45.0,0.0,,100.0,2.0,,,,0,cooldown
2026-07-04T20:27:06,forecast_hot_humid_bursty_r2,forecast,hot_humid,bursty,2,34.99,34.69,34.49,31.99,25.0,45.0,0.0,,100.0,2.0,,,,0,cooldown
2026-07-04T20:27:06,forecast_hot_humid_bursty_r2,forecast,hot_humid,bursty,2,34.982,34.682,34.482,31.982,25.0,45.0,0.0,,100.0,2.0,,,,0,cooldown
2026-07-04T20:27:06,forecast_hot_humid_bursty_r2,forecast,hot_humid,bursty,2,34.974,34.674,34.474,31.974,25.0,45.0,0.0,,100.0,2.0,,,,0,cooldown
2026-07-04T20:27:06,forecast_hot_humid_bursty_r2,forecast,hot_humid,bursty,2,34.966,34.666,34.466,31.966,25.0,45.0,0.0,,100.0,2.0,,,,0,cooldown
2026-07-04T20:27:06,forecast_hot_humid_bursty_r2,forecast,hot_humid,bursty,2,34.958,34.658,34.458,31.958,25.0,45.0,0.0,,100.0,2.0,,,,0,cooldown
2026-07-04T20:27:06,forecast_hot_humid_bursty_r2,forecast,hot_humid,bursty,2,34.95,34.65,34.45,31.95,25.0,45.0,0.0,,100.0,2.0,,,,0,cooldown
2026-07-04T20:27:06,forecast_hot_humid_bursty_r2,forecast,hot_humid,bursty,2,34.943,34.643,34.443,31.943,25.0,45.0,0.0,,100.0,2.0,,,,0,cooldown
2026-07-04T20:27:06,forecast_hot_humid_bursty_r2,forecast,hot_humid,bursty,2,34.935,34.635,34.435,31.935,25.0,45.0,0.0,,100.0,2.0,,,,0,cooldown
2026-07-04T20:27:06,forecast_hot_humid_bursty_r2,forecast,hot_humid,bursty,2,34.927,34.627,34.427,31.927,25.0,45.0,0.0,,100.0,2.0,,,,0,cooldown
2026-07-04T20:27:06,forecast_hot_humid_bursty_r2,forecast,hot_humid,bursty,2,34.919,34.619,34.419,31.919,25.0,45.0,0.0,,100.0,2.0,,,,0,cooldown
2026-07-04T20:27:06,forecast_hot_humid_bursty_r2,forecast,hot_humid,bursty,2,34.911,34.611,34.411,31.911,25.0,45.0,0.0,,100.0,2.0,,,,0,cooldown
2026-07-04T20:27:06,forecast_hot_humid_bursty_r2,forecast,hot_humid,bursty,2,34.903,34.603,34.403,31.903,25.0,45.0,0.0,,100.0,2.0,,,,0,cooldown
2026-07-04T20:27:06,forecast_hot_humid_bursty_r2,forecast,hot_humid,bursty,2,34.896,34.596,34.396,31.896,25.0,45.0,0.0,,100.0,2.0,,,,0,cooldown
2026-07-04T20:27:06,forecast_hot_humid_bursty_r2,forecast,hot_humid,bursty,2,34.888,34.588,34.388,31.888,25.0,45.0,0.0,,100.0,2.0,,,,0,cooldown
2026-07-04T20:27:06,forecast_hot_humid_bursty_r2,forecast,hot_humid,bursty,2,34.88,34.58,34.38,31.88,25.0,45.0,0.0,,100.0,2.0,,,,0,cooldown
2026-07-04T20:27:06,forecast_hot_humid_bursty_r2,forecast,hot_humid,bursty,2,34.872,34.572,34.372,31.872,25.0,45.0,0.0,,100.0,2.0,,,,0,cooldown
2026-07-04T20:27:06,forecast_hot_humid_bursty_r2,forecast,hot_humid,bursty,2,34.864,34.564,34.364,31.864,25.0,45.0,0.0,,100.0,2.0,,,,0,cooldown
2026-07-04T20:27:06,forecast_hot_humid_bursty_r2,forecast,hot_humid,bursty,2,34.857,34.557,34.357,31.857,25.0,45.0,0.0,,100.0,2.0,,,,0,cooldown
2026-07-04T20:27:06,forecast_hot_humid_bursty_r2,forecast,hot_humid,bursty,2,34.849,34.549,34.349,31.849,25.0,45.0,0.0,,100.0,2.0,,,,0,cooldown
2026-07-04T20:27:06,forecast_hot_humid_bursty_r2,forecast,hot_humid,bursty,2,34.841,34.541,34.341,31.841,25.0,45.0,0.0,,100.0,2.0,,,,0,cooldown
2026-07-04T20:27:06,forecast_hot_humid_bursty_r2,forecast,hot_humid,bursty,2,34.833,34.533,34.333,31.833,25.0,45.0,0.0,,100.0,2.0,,,,0,cooldown
2026-07-04T20:27:06,forecast_hot_humid_bursty_r2,forecast,hot_humid,bursty,2,34.825,34.525,34.325,31.825,25.0,45.0,0.0,,100.0,2.0,,,,0,cooldown
2026-07-04T20:27:06,forecast_hot_humid_bursty_r2,forecast,hot_humid,bursty,2,34.818,34.518,34.318,31.818,25.0,45.0,0.0,,100.0,2.0,,,,0,cooldown
2026-07-04T20:27:06,forecast_hot_humid_bursty_r2,forecast,hot_humid,bursty,2,34.81,34.51,34.31,31.81,25.0,45.0,0.0,,100.0,2.0,,,,0,cooldown
2026-07-04T20:27:06,forecast_hot_humid_bursty_r2,forecast,hot_humid,bursty,2,34.802,34.502,34.302,31.802,25.0,45.0,0.0,,100.0,2.0,,,,0,cooldown
2026-07-04T20:27:06,forecast_hot_humid_bursty_r2,forecast,hot_humid,bursty,2,34.794,34.494,34.294,31.794,25.0,45.0,0.0,,100.0,2.0,,,,0,cooldown
2026-07-04T20:27:06,forecast_hot_humid_bursty_r2,forecast,hot_humid,bursty,2,34.787,34.487,34.287,31.787,25.0,45.0,0.0,,100.0,2.0,,,,0,cooldown
2026-07-04T20:27:06,forecast_hot_humid_bursty_r2,forecast,hot_humid,bursty,2,34.779,34.479,34.279,31.779,25.0,45.0,0.0,,100.0,2.0,,,,0,cooldown
2026-07-04T20:27:06,forecast_hot_humid_bursty_r2,forecast,hot_humid,bursty,2,34.771,34.471,34.271,31.771,25.0,45.0,0.0,,100.0,2.0,,,,0,cooldown
2026-07-04T20:27:06,forecast_hot_humid_bursty_r2,forecast,hot_humid,bursty,2,34.764,34.464,34.264,31.764,25.0,45.0,0.0,,100.0,2.0,,,,0,cooldown
2026-07-04T20:27:06,forecast_hot_humid_bursty_r2,forecast,hot_humid,bursty,2,34.756,34.456,34.256,31.756,25.0,45.0,0.0,,100.0,2.0,,,,0,cooldown
2026-07-04T20:27:06,forecast_hot_humid_bursty_r2,forecast,hot_humid,bursty,2,34.748,34.448,34.248,31.748,25.0,45.0,0.0,,100.0,2.0,,,,0,cooldown
2026-07-04T20:27:06,forecast_hot_humid_bursty_r2,forecast,hot_humid,bursty,2,34.74,34.44,34.24,31.74,25.0,45.0,0.0,,100.0,2.0,,,,0,cooldown
2026-07-04T20:27:06,forecast_hot_humid_bursty_r2,forecast,hot_humid,bursty,2,34.733,34.433,34.233,31.733,25.0,45.0,0.0,,100.0,2.0,,,,0,cooldown
2026-07-04T20:27:06,forecast_hot_humid_bursty_r2,forecast,hot_humid,bursty,2,34.725,34.425,34.225,31.725,25.0,45.0,0.0,,100.0,2.0,,,,0,cooldown
2026-07-04T20:27:06,forecast_hot_humid_bursty_r2,forecast,hot_humid,bursty,2,34.717,34.417,34.217,31.717,25.0,45.0,0.0,,100.0,2.0,,,,0,cooldown
2026-07-04T20:27:06,forecast_hot_humid_bursty_r2,forecast,hot_humid,bursty,2,34.71,34.41,34.21,31.71,25.0,45.0,0.0,,100.0,2.0,,,,0,cooldown
2026-07-04T20:27:06,forecast_hot_humid_bursty_r2,forecast,hot_humid,bursty,2,34.702,34.402,34.202,31.702,25.0,45.0,0.0,,100.0,2.0,,,,0,cooldown
2026-07-04T20:27:06,forecast_hot_humid_bursty_r2,forecast,hot_humid,bursty,2,34.694,34.394,34.194,31.694,25.0,45.0,0.0,,100.0,2.0,,,,0,cooldown
2026-07-04T20:27:06,forecast_hot_humid_bursty_r2,forecast,hot_humid,bursty,2,34.687,34.387,34.187,31.687,25.0,45.0,0.0,,100.0,2.0,,,,0,cooldown
2026-07-04T20:27:06,forecast_hot_humid_bursty_r2,forecast,hot_humid,bursty,2,34.679,34.379,34.179,31.679,25.0,45.0,0.0,,100.0,2.0,,,,0,cooldown
2026-07-04T20:27:06,forecast_hot_humid_bursty_r2,forecast,hot_humid,bursty,2,34.671,34.371,34.171,31.671,25.0,45.0,0.0,,100.0,2.0,,,,0,cooldown
2026-07-04T20:27:06,forecast_hot_humid_bursty_r2,forecast,hot_humid,bursty,2,34.664,34.364,34.164,31.664,25.0,45.0,0.0,,100.0,2.0,,,,0,cooldown
2026-07-04T20:27:06,forecast_hot_humid_bursty_r2,forecast,hot_humid,bursty,2,34.656,34.356,34.156,31.656,25.0,45.0,0.0,,100.0,2.0,,,,0,cooldown
2026-07-04T20:27:06,forecast_hot_humid_bursty_r2,forecast,hot_humid,bursty,2,34.649,34.349,34.149,31.649,25.0,45.0,0.0,,100.0,2.0,,,,0,cooldown
2026-07-04T20:27:06,forecast_hot_humid_bursty_r2,forecast,hot_humid,bursty,2,34.641,34.341,34.141,31.641,25.0,45.0,0.0,,100.0,2.0,,,,0,cooldown
2026-07-04T20:27:06,forecast_hot_humid_bursty_r2,forecast,hot_humid,bursty,2,34.633,34.333,34.133,31.633,25.0,45.0,0.0,,100.0,2.0,,,,0,cooldown
2026-07-04T20:27:06,forecast_hot_humid_bursty_r2,forecast,hot_humid,bursty,2,34.626,34.326,34.126,31.626,25.0,45.0,0.0,,100.0,2.0,,,,0,cooldown
2026-07-04T20:27:06,forecast_hot_humid_bursty_r2,forecast,hot_humid,bursty,2,34.618,34.318,34.118,31.618,25.0,45.0,0.0,,100.0,2.0,,,,0,cooldown
2026-07-04T20:27:06,forecast_hot_humid_bursty_r2,forecast,hot_humid,bursty,2,34.611,34.311,34.111,31.611,25.0,45.0,0.0,,100.0,2.0,,,,0,cooldown
2026-07-04T20:27:06,forecast_hot_humid_bursty_r2,forecast,hot_humid,bursty,2,34.603,34.303,34.103,31.603,25.0,45.0,0.0,,100.0,2.0,,,,0,cooldown
2026-07-04T20:27:06,forecast_hot_humid_bursty_r2,forecast,hot_humid,bursty,2,34.595,34.295,34.095,31.595,25.0,45.0,0.0,,100.0,2.0,,,,0,cooldown
2026-07-04T20:27:06,forecast_hot_humid_bursty_r2,forecast,hot_humid,bursty,2,34.588,34.288,34.088,31.588,25.0,45.0,0.0,,100.0,2.0,,,,0,cooldown
2026-07-04T20:27:06,forecast_hot_humid_bursty_r2,forecast,hot_humid,bursty,2,34.58,34.28,34.08,31.58,25.0,45.0,0.0,,100.0,2.0,,,,0,cooldown
2026-07-04T20:27:06,forecast_hot_humid_bursty_r2,forecast,hot_humid,bursty,2,34.573,34.273,34.073,31.573,25.0,45.0,0.0,,100.0,2.0,,,,0,cooldown
2026-07-04T20:27:06,forecast_hot_humid_bursty_r2,forecast,hot_humid,bursty,2,34.565,34.265,34.065,31.565,25.0,45.0,0.0,,100.0,2.0,,,,0,cooldown
2026-07-04T20:27:06,forecast_hot_humid_bursty_r2,forecast,hot_humid,bursty,2,34.558,34.258,34.058,31.558,25.0,45.0,0.0,,100.0,2.0,,,,0,cooldown
2026-07-04T20:27:06,forecast_hot_humid_bursty_r2,forecast,hot_humid,bursty,2,34.55,34.25,34.05,31.55,25.0,45.0,0.0,,100.0,2.0,,,,0,cooldown
2026-07-04T20:27:06,forecast_hot_humid_bursty_r2,forecast,hot_humid,bursty,2,34.542,34.242,34.042,31.542,25.0,45.0,0.0,,100.0,2.0,,,,0,cooldown
2026-07-04T20:27:06,forecast_hot_humid_bursty_r2,forecast,hot_humid,bursty,2,34.535,34.235,34.035,31.535,25.0,45.0,0.0,,100.0,2.0,,,,0,cooldown
2026-07-04T20:27:06,forecast_hot_humid_bursty_r2,forecast,hot_humid,bursty,2,34.527,34.227,34.027,31.527,25.0,45.0,0.0,,100.0,2.0,,,,0,cooldown
2026-07-04T20:27:06,forecast_hot_humid_bursty_r2,forecast,hot_humid,bursty,2,34.52,34.22,34.02,31.52,25.0,45.0,0.0,,100.0,2.0,,,,0,cooldown
2026-07-04T20:27:06,forecast_hot_humid_bursty_r2,forecast,hot_humid,bursty,2,34.512,34.212,34.012,31.512,25.0,45.0,0.0,,100.0,2.0,,,,0,cooldown
2026-07-04T20:27:06,forecast_hot_humid_bursty_r2,forecast,hot_humid,bursty,2,34.505,34.205,34.005,31.505,25.0,45.0,0.0,,100.0,2.0,,,,0,cooldown
2026-07-04T20:27:06,forecast_hot_humid_bursty_r2,forecast,hot_humid,bursty,2,34.497,34.197,33.997,31.497,25.0,45.0,0.0,,100.0,2.0,,,,0,cooldown
2026-07-04T20:27:06,forecast_hot_humid_bursty_r2,forecast,hot_humid,bursty,2,34.49,34.19,33.99,31.49,25.0,45.0,0.0,,100.0,2.0,,,,0,cooldown
2026-07-04T20:27:06,forecast_hot_humid_bursty_r2,forecast,hot_humid,bursty,2,34.482,34.182,33.982,31.482,25.0,45.0,0.0,,100.0,2.0,,,,0,cooldown
2026-07-04T20:27:06,forecast_hot_humid_bursty_r2,forecast,hot_humid,bursty,2,34.475,34.175,33.975,31.475,25.0,45.0,0.0,,100.0,2.0,,,,0,cooldown
2026-07-04T20:27:06,forecast_hot_humid_bursty_r2,forecast,hot_humid,bursty,2,34.467,34.167,33.967,31.467,25.0,45.0,0.0,,100.0,2.0,,,,0,cooldown
2026-07-04T20:27:06,forecast_hot_humid_bursty_r2,forecast,hot_humid,bursty,2,34.46,34.16,33.96,31.46,25.0,45.0,0.0,,100.0,2.0,,,,0,cooldown
2026-07-04T20:27:06,forecast_hot_humid_bursty_r2,forecast,hot_humid,bursty,2,34.452,34.152,33.952,31.452,25.0,45.0,0.0,,100.0,2.0,,,,0,cooldown
2026-07-04T20:27:06,forecast_hot_humid_bursty_r2,forecast,hot_humid,bursty,2,34.445,34.145,33.945,31.445,25.0,45.0,0.0,,100.0,2.0,,,,0,cooldown
2026-07-04T20:27:06,forecast_hot_humid_bursty_r2,forecast,hot_humid,bursty,2,34.438,34.138,33.938,31.438,25.0,45.0,0.0,,100.0,2.0,,,,0,cooldown
2026-07-04T20:27:06,forecast_hot_humid_bursty_r2,forecast,hot_humid,bursty,2,34.43,34.13,33.93,31.43,25.0,45.0,0.0,,100.0,2.0,,,,0,cooldown
2026-07-04T20:27:06,forecast_hot_humid_bursty_r2,forecast,hot_humid,bursty,2,34.423,34.123,33.923,31.423,25.0,45.0,0.0,,100.0,2.0,,,,0,cooldown
2026-07-04T20:27:06,forecast_hot_humid_bursty_r2,forecast,hot_humid,bursty,2,34.415,34.115,33.915,31.415,25.0,45.0,0.0,,100.0,2.0,,,,0,cooldown
2026-07-04T20:27:06,forecast_hot_humid_bursty_r2,forecast,hot_humid,bursty,2,34.408,34.108,33.908,31.408,25.0,45.0,0.0,,100.0,2.0,,,,0,cooldown
2026-07-04T20:27:06,forecast_hot_humid_bursty_r2,forecast,hot_humid,bursty,2,34.4,34.1,33.9,31.4,25.0,45.0,0.0,,100.0,2.0,,,,0,cooldown
2026-07-04T20:27:06,forecast_hot_humid_bursty_r2,forecast,hot_humid,bursty,2,34.393,34.093,33.893,31.393,25.0,45.0,0.0,,100.0,2.0,,,,0,cooldown
2026-07-04T20:27:06,forecast_hot_humid_bursty_r2,forecast,hot_humid,bursty,2,34.386,34.086,33.886,31.386,25.0,45.0,0.0,,100.0,2.0,,,,0,cooldown
2026-07-04T20:27:06,forecast_hot_humid_bursty_r2,forecast,hot_humid,bursty,2,34.378,34.078,33.878,31.378,25.0,45.0,0.0,,100.0,2.0,,,,0,cooldown
2026-07-04T20:27:06,forecast_hot_humid_bursty_r2,forecast,hot_humid,bursty,2,34.371,34.071,33.871,31.371,25.0,45.0,0.0,,100.0,2.0,,,,0,cooldown
2026-07-04T20:27:06,forecast_hot_humid_bursty_r2,forecast,hot_humid,bursty,2,34.363,34.063,33.863,31.363,25.0,45.0,0.0,,100.0,2.0,,,,0,cooldown
2026-07-04T20:27:06,forecast_hot_humid_bursty_r2,forecast,hot_humid,bursty,2,34.356,34.056,33.856,31.356,25.0,45.0,0.0,,100.0,2.0,,,,0,cooldown
2026-07-04T20:27:06,forecast_hot_humid_bursty_r2,forecast,hot_humid,bursty,2,34.349,34.049,33.849,31.349,25.0,45.0,0.0,,100.0,2.0,,,,0,cooldown
2026-07-04T20:27:06,forecast_hot_humid_bursty_r2,forecast,hot_humid,bursty,2,34.341,34.041,33.841,31.341,25.0,45.0,0.0,,100.0,2.0,,,,0,cooldown
2026-07-04T20:27:06,forecast_hot_humid_bursty_r2,forecast,hot_humid,bursty,2,34.334,34.034,33.834,31.334,25.0,45.0,0.0,,100.0,2.0,,,,0,cooldown
2026-07-04T20:27:06,forecast_hot_humid_bursty_r2,forecast,hot_humid,bursty,2,34.326,34.026,33.826,31.326,25.0,45.0,0.0,,100.0,2.0,,,,0,cooldown
2026-07-04T20:27:06,forecast_hot_humid_bursty_r2,forecast,hot_humid,bursty,2,34.319,34.019,33.819,31.319,25.0,45.0,0.0,,100.0,2.0,,,,0,cooldown
2026-07-04T20:27:06,forecast_hot_humid_bursty_r2,forecast,hot_humid,bursty,2,34.312,34.012,33.812,31.312,25.0,45.0,0.0,,100.0,2.0,,,,0,cooldown
2026-07-04T20:27:06,forecast_hot_humid_bursty_r2,forecast,hot_humid,bursty,2,34.304,34.004,33.804,31.304,25.0,45.0,0.0,,100.0,2.0,,,,0,cooldown
2026-07-04T20:27:06,forecast_hot_humid_bursty_r2,forecast,hot_humid,bursty,2,34.297,33.997,33.797,31.297,25.0,45.0,0.0,,100.0,2.0,,,,0,cooldown
2026-07-04T20:27:06,forecast_hot_humid_bursty_r2,forecast,hot_humid,bursty,2,34.29,33.99,33.79,31.29,25.0,45.0,0.0,,100.0,2.0,,,,0,cooldown
2026-07-04T20:27:06,forecast_hot_humid_bursty_r2,forecast,hot_humid,bursty,2,34.282,33.982,33.782,31.282,25.0,45.0,0.0,,100.0,2.0,,,,0,cooldown
2026-07-04T20:27:06,forecast_hot_humid_bursty_r2,forecast,hot_humid,bursty,2,34.275,33.975,33.775,31.275,25.0,45.0,0.0,,100.0,2.0,,,,0,cooldown
2026-07-04T20:27:06,forecast_hot_humid_bursty_r2,forecast,hot_humid,bursty,2,34.268,33.968,33.768,31.268,25.0,45.0,0.0,,100.0,2.0,,,,0,cooldown
2026-07-04T20:27:06,forecast_hot_humid_bursty_r2,forecast,hot_humid,bursty,2,34.26,33.96,33.76,31.26,25.0,45.0,0.0,,100.0,2.0,,,,0,cooldown
2026-07-04T20:27:06,forecast_hot_humid_bursty_r2,forecast,hot_humid,bursty,2,34.253,33.953,33.753,31.253,25.0,45.0,0.0,,100.0,2.0,,,,0,cooldown
2026-07-04T20:27:06,forecast_hot_humid_bursty_r2,forecast,hot_humid,bursty,2,34.246,33.946,33.746,31.246,25.0,45.0,0.0,,100.0,2.0,,,,0,cooldown
2026-07-04T20:27:06,forecast_hot_humid_bursty_r2,forecast,hot_humid,bursty,2,34.238,33.938,33.738,31.238,25.0,45.0,0.0,,100.0,2.0,,,,0,cooldown
2026-07-04T20:27:06,forecast_hot_humid_bursty_r2,forecast,hot_humid,bursty,2,34.231,33.931,33.731,31.231,25.0,45.0,0.0,,100.0,2.0,,,,0,cooldown
2026-07-04T20:27:06,forecast_hot_humid_bursty_r2,forecast,hot_humid,bursty,2,34.224,33.924,33.724,31.224,25.0,45.0,0.0,,100.0,2.0,,,,0,cooldown
2026-07-04T20:27:06,forecast_hot_humid_bursty_r2,forecast,hot_humid,bursty,2,34.217,33.917,33.717,31.217,25.0,45.0,0.0,,100.0,2.0,,,,0,cooldown
2026-07-04T20:27:06,forecast_hot_humid_bursty_r2,forecast,hot_humid,bursty,2,34.209,33.909,33.709,31.209,25.0,45.0,0.0,,100.0,2.0,,,,0,cooldown
2026-07-04T20:27:06,forecast_hot_humid_bursty_r2,forecast,hot_humid,bursty,2,34.202,33.902,33.702,31.202,25.0,45.0,0.0,,100.0,2.0,,,,0,cooldown
2026-07-04T20:27:06,forecast_hot_humid_bursty_r2,forecast,hot_humid,bursty,2,34.195,33.895,33.695,31.195,25.0,45.0,0.0,,100.0,2.0,,,,0,cooldown
2026-07-04T20:27:06,forecast_hot_humid_bursty_r2,forecast,hot_humid,bursty,2,34.187,33.887,33.687,31.187,25.0,45.0,0.0,,100.0,2.0,,,,0,cooldown
2026-07-04T20:27:06,forecast_hot_humid_bursty_r2,forecast,hot_humid,bursty,2,34.18,33.88,33.68,31.18,25.0,45.0,0.0,,100.0,2.0,,,,0,cooldown
2026-07-04T20:27:06,forecast_hot_humid_bursty_r2,forecast,hot_humid,bursty,2,34.173,33.873,33.673,31.173,25.0,45.0,0.0,,100.0,2.0,,,,0,cooldown
2026-07-04T20:27:06,forecast_hot_humid_bursty_r2,forecast,hot_humid,bursty,2,34.166,33.866,33.666,31.166,25.0,45.0,0.0,,100.0,2.0,,,,0,cooldown
2026-07-04T20:27:06,forecast_hot_humid_bursty_r2,forecast,hot_humid,bursty,2,34.159,33.859,33.659,31.159,25.0,45.0,0.0,,100.0,2.0,,,,0,cooldown
2026-07-04T20:27:06,forecast_hot_humid_bursty_r2,forecast,hot_humid,bursty,2,34.151,33.851,33.651,31.151,25.0,45.0,0.0,,100.0,2.0,,,,0,cooldown
2026-07-04T20:27:06,forecast_hot_humid_bursty_r2,forecast,hot_humid,bursty,2,34.144,33.844,33.644,31.144,25.0,45.0,0.0,,100.0,2.0,,,,0,cooldown
2026-07-04T20:27:06,forecast_hot_humid_bursty_r2,forecast,hot_humid,bursty,2,34.137,33.837,33.637,31.137,25.0,45.0,0.0,,100.0,2.0,,,,0,cooldown
2026-07-04T20:27:06,forecast_hot_humid_bursty_r2,forecast,hot_humid,bursty,2,34.13,33.83,33.63,31.13,25.0,45.0,0.0,,100.0,2.0,,,,0,cooldown
2026-07-04T20:27:06,forecast_hot_humid_bursty_r2,forecast,hot_humid,bursty,2,34.122,33.822,33.622,31.122,25.0,45.0,0.0,,100.0,2.0,,,,0,cooldown
2026-07-04T20:27:06,forecast_hot_humid_bursty_r2,forecast,hot_humid,bursty,2,34.115,33.815,33.615,31.115,25.0,45.0,0.0,,100.0,2.0,,,,0,cooldown
2026-07-04T20:27:06,forecast_hot_humid_bursty_r2,forecast,hot_humid,bursty,2,34.108,33.808,33.608,31.108,25.0,45.0,0.0,,100.0,2.0,,,,0,cooldown
2026-07-04T20:27:06,forecast_hot_humid_bursty_r2,forecast,hot_humid,bursty,2,34.101,33.801,33.601,31.101,25.0,45.0,0.0,,100.0,2.0,,,,0,cooldown
2026-07-04T20:27:06,forecast_hot_humid_bursty_r2,forecast,hot_humid,bursty,2,34.094,33.794,33.594,31.094,25.0,45.0,0.0,,100.0,2.0,,,,0,cooldown
2026-07-04T20:27:06,forecast_hot_humid_bursty_r2,forecast,hot_humid,bursty,2,34.086,33.786,33.586,31.086,25.0,45.0,0.0,,100.0,2.0,,,,0,cooldown
2026-07-04T20:27:06,forecast_hot_humid_bursty_r2,forecast,hot_humid,bursty,2,34.079,33.779,33.579,31.079,25.0,45.0,0.0,,100.0,2.0,,,,0,cooldown
2026-07-04T20:27:06,forecast_hot_humid_bursty_r2,forecast,hot_humid,bursty,2,34.072,33.772,33.572,31.072,25.0,45.0,0.0,,100.0,2.0,,,,0,cooldown
2026-07-04T20:27:06,forecast_hot_humid_bursty_r2,forecast,hot_humid,bursty,2,34.065,33.765,33.565,31.065,25.0,45.0,0.0,,100.0,2.0,,,,0,cooldown
2026-07-04T20:27:06,forecast_hot_humid_bursty_r2,forecast,hot_humid,bursty,2,34.058,33.758,33.558,31.058,25.0,45.0,0.0,,100.0,2.0,,,,0,cooldown
2026-07-04T20:27:06,forecast_hot_humid_bursty_r2,forecast,hot_humid,bursty,2,34.051,33.751,33.551,31.051,25.0,45.0,0.0,,100.0,2.0,,,,0,cooldown
2026-07-04T20:27:06,forecast_hot_humid_bursty_r2,forecast,hot_humid,bursty,2,34.043,33.743,33.543,31.043,25.0,45.0,0.0,,100.0,2.0,,,,0,cooldown
2026-07-04T20:27:06,forecast_hot_humid_bursty_r2,forecast,hot_humid,bursty,2,34.036,33.736,33.536,31.036,25.0,45.0,0.0,,100.0,2.0,,,,0,cooldown
2026-07-04T20:27:06,forecast_hot_humid_bursty_r2,forecast,hot_humid,bursty,2,34.029,33.729,33.529,31.029,25.0,45.0,0.0,,100.0,2.0,,,,0,cooldown
2026-07-04T20:27:06,forecast_hot_humid_bursty_r2,forecast,hot_humid,bursty,2,34.022,33.722,33.522,31.022,25.0,45.0,0.0,,100.0,2.0,,,,0,cooldown
2026-07-04T20:27:06,forecast_hot_humid_bursty_r2,forecast,hot_humid,bursty,2,34.015,33.715,33.515,31.015,25.0,45.0,0.0,,100.0,2.0,,,,0,cooldown
2026-07-04T20:27:06,forecast_hot_humid_bursty_r2,forecast,hot_humid,bursty,2,34.008,33.708,33.508,31.008,25.0,45.0,0.0,,100.0,2.0,,,,0,cooldown
2026-07-04T20:27:06,forecast_hot_humid_bursty_r2,forecast,hot_humid,bursty,2,34.001,33.701,33.501,31.001,25.0,45.0,0.0,,100.0,2.0,,,,0,cooldown
2026-07-04T20:27:06,forecast_hot_humid_bursty_r2,forecast,hot_humid,bursty,2,33.994,33.694,33.494,30.994,25.0,45.0,0.0,,100.0,2.0,,,,0,cooldown
2026-07-04T20:27:06,forecast_hot_humid_bursty_r2,forecast,hot_humid,bursty,2,33.987,33.687,33.487,30.987,25.0,45.0,0.0,,100.0,2.0,,,,0,cooldown
2026-07-04T20:27:06,forecast_hot_humid_bursty_r2,forecast,hot_humid,bursty,2,33.979,33.679,33.479,30.979,25.0,45.0,0.0,,100.0,2.0,,,,0,cooldown
2026-07-04T20:27:06,forecast_hot_humid_bursty_r2,forecast,hot_humid,bursty,2,33.972,33.672,33.472,30.972,25.0,45.0,0.0,,100.0,2.0,,,,0,cooldown
2026-07-04T20:27:06,forecast_hot_humid_bursty_r2,forecast,hot_humid,bursty,2,33.965,33.665,33.465,30.965,25.0,45.0,0.0,,100.0,2.0,,,,0,cooldown
2026-07-04T20:27:06,forecast_hot_humid_bursty_r2,forecast,hot_humid,bursty,2,33.958,33.658,33.458,30.958,25.0,45.0,0.0,,100.0,2.0,,,,0,cooldown
2026-07-04T20:27:06,forecast_hot_humid_bursty_r2,forecast,hot_humid,bursty,2,33.951,33.651,33.451,30.951,25.0,45.0,0.0,,100.0,2.0,,,,0,cooldown
2026-07-04T20:27:06,forecast_hot_humid_bursty_r2,forecast,hot_humid,bursty,2,33.944,33.644,33.444,30.944,25.0,45.0,0.0,,100.0,2.0,,,,0,cooldown
2026-07-04T20:27:06,forecast_hot_humid_bursty_r2,forecast,hot_humid,bursty,2,33.937,33.637,33.437,30.937,25.0,45.0,0.0,,100.0,2.0,,,,0,cooldown
2026-07-04T20:27:06,forecast_hot_humid_bursty_r2,forecast,hot_humid,bursty,2,33.93,33.63,33.43,30.93,25.0,45.0,0.0,,100.0,2.0,,,,0,cooldown
2026-07-04T20:27:06,forecast_hot_humid_bursty_r2,forecast,hot_humid,bursty,2,33.923,33.623,33.423,30.923,25.0,45.0,0.0,,100.0,2.0,,,,0,cooldown
2026-07-04T20:27:06,forecast_hot_humid_bursty_r2,forecast,hot_humid,bursty,2,33.916,33.616,33.416,30.916,25.0,45.0,0.0,,100.0,2.0,,,,0,cooldown
2026-07-04T20:27:06,forecast_hot_humid_bursty_r2,forecast,hot_humid,bursty,2,33.909,33.609,33.409,30.909,25.0,45.0,0.0,,100.0,2.0,,,,0,cooldown
2026-07-04T20:27:06,forecast_hot_humid_bursty_r2,forecast,hot_humid,bursty,2,33.902,33.602,33.402,30.902,25.0,45.0,0.0,,100.0,2.0,,,,0,cooldown
2026-07-04T20:27:06,forecast_hot_humid_bursty_r2,forecast,hot_humid,bursty,2,33.895,33.595,33.395,30.895,25.0,45.0,0.0,,100.0,2.0,,,,0,cooldown
2026-07-04T20:27:06,forecast_hot_humid_bursty_r2,forecast,hot_humid,bursty,2,33.888,33.588,33.388,30.888,25.0,45.0,0.0,,100.0,2.0,,,,0,cooldown
2026-07-04T20:27:06,forecast_hot_humid_bursty_r2,forecast,hot_humid,bursty,2,33.881,33.581,33.381,30.881,25.0,45.0,0.0,,100.0,2.0,,,,0,cooldown
2026-07-04T20:27:06,forecast_hot_humid_bursty_r2,forecast,hot_humid,bursty,2,33.874,33.574,33.374,30.874,25.0,45.0,0.0,,100.0,2.0,,,,0,cooldown
2026-07-04T20:27:06,forecast_hot_humid_bursty_r2,forecast,hot_humid,bursty,2,33.867,33.567,33.367,30.867,25.0,45.0,0.0,,100.0,2.0,,,,0,cooldown
2026-07-04T20:27:06,forecast_hot_humid_bursty_r2,forecast,hot_humid,bursty,2,33.86,33.56,33.36,30.86,25.0,45.0,0.0,,100.0,2.0,,,,0,cooldown
2026-07-04T20:27:06,forecast_hot_humid_bursty_r2,forecast,hot_humid,bursty,2,33.853,33.553,33.353,30.853,25.0,45.0,0.0,,100.0,2.0,,,,0,cooldown
2026-07-04T20:27:06,forecast_hot_humid_bursty_r2,forecast,hot_humid,bursty,2,33.846,33.546,33.346,30.846,25.0,45.0,0.0,,100.0,2.0,,,,0,cooldown
2026-07-04T20:27:06,forecast_hot_humid_bursty_r2,forecast,hot_humid,bursty,2,33.839,33.539,33.339,30.839,25.0,45.0,0.0,,100.0,2.0,,,,0,cooldown
2026-07-04T20:27:06,forecast_hot_humid_bursty_r2,forecast,hot_humid,bursty,2,33.832,33.532,33.332,30.832,25.0,45.0,0.0,,100.0,2.0,,,,0,cooldown
2026-07-04T20:27:06,forecast_hot_humid_bursty_r2,forecast,hot_humid,bursty,2,33.825,33.525,33.325,30.825,25.0,45.0,0.0,,100.0,2.0,,,,0,cooldown
2026-07-04T20:27:06,forecast_hot_humid_bursty_r2,forecast,hot_humid,bursty,2,33.818,33.518,33.318,30.818,25.0,45.0,0.0,,100.0,2.0,,,,0,cooldown
2026-07-04T20:27:06,forecast_hot_humid_bursty_r2,forecast,hot_humid,bursty,2,33.811,33.511,33.311,30.811,25.0,45.0,0.0,,100.0,2.0,,,,0,cooldown
2026-07-04T20:27:06,forecast_hot_humid_bursty_r2,forecast,hot_humid,bursty,2,33.804,33.504,33.304,30.804,25.0,45.0,0.0,,100.0,2.0,,,,0,cooldown
2026-07-04T20:27:06,forecast_hot_humid_bursty_r2,forecast,hot_humid,bursty,2,33.797,33.497,33.297,30.797,25.0,45.0,0.0,,100.0,2.0,,,,0,cooldown
2026-07-04T20:27:06,forecast_hot_humid_bursty_r2,forecast,hot_humid,bursty,2,33.79,33.49,33.29,30.79,25.0,45.0,0.0,,100.0,2.0,,,,0,cooldown
2026-07-04T20:27:06,forecast_hot_humid_bursty_r2,forecast,hot_humid,bursty,2,33.783,33.483,33.283,30.783,25.0,45.0,0.0,,100.0,2.0,,,,0,cooldown
2026-07-04T20:27:06,forecast_hot_humid_bursty_r2,forecast,hot_humid,bursty,2,33.776,33.476,33.276,30.776,25.0,45.0,0.0,,100.0,2.0,,,,0,cooldown
2026-07-04T20:27:06,forecast_hot_humid_bursty_r2,forecast,hot_humid,bursty,2,33.769,33.469,33.269,30.769,25.0,45.0,0.0,,100.0,2.0,,,,0,cooldown
2026-07-04T20:27:06,forecast_hot_humid_bursty_r2,forecast,hot_humid,bursty,2,33.762,33.462,33.262,30.762,25.0,45.0,0.0,,100.0,2.0,,,,0,cooldown
2026-07-04T20:27:06,forecast_hot_humid_bursty_r2,forecast,hot_humid,bursty,2,33.755,33.455,33.255,30.755,25.0,45.0,0.0,,100.0,2.0,,,,0,cooldown
2026-07-04T20:27:06,forecast_hot_humid_bursty_r2,forecast,hot_humid,bursty,2,33.748,33.448,33.248,30.748,25.0,45.0,0.0,,100.0,2.0,,,,0,cooldown
2026-07-04T20:27:06,forecast_hot_humid_bursty_r2,forecast,hot_humid,bursty,2,33.742,33.442,33.242,30.742,25.0,45.0,0.0,,100.0,2.0,,,,0,cooldown
2026-07-04T20:27:06,forecast_hot_humid_bursty_r2,forecast,hot_humid,bursty,2,33.735,33.435,33.235,30.735,25.0,45.0,0.0,,100.0,2.0,,,,0,cooldown
2026-07-04T20:27:06,forecast_hot_humid_bursty_r2,forecast,hot_humid,bursty,2,33.728,33.428,33.228,30.728,25.0,45.0,0.0,,100.0,2.0,,,,0,cooldown
2026-07-04T20:27:06,forecast_hot_humid_bursty_r2,forecast,hot_humid,bursty,2,33.721,33.421,33.221,30.721,25.0,45.0,0.0,,100.0,2.0,,,,0,cooldown
2026-07-04T20:27:06,forecast_hot_humid_bursty_r2,forecast,hot_humid,bursty,2,33.714,33.414,33.214,30.714,25.0,45.0,0.0,,100.0,2.0,,,,0,cooldown
2026-07-04T20:27:06,forecast_hot_humid_bursty_r2,forecast,hot_humid,bursty,2,33.707,33.407,33.207,30.707,25.0,45.0,0.0,,100.0,2.0,,,,0,cooldown
2026-07-04T20:27:06,forecast_hot_humid_bursty_r2,forecast,hot_humid,bursty,2,33.7,33.4,33.2,30.7,25.0,45.0,0.0,,100.0,2.0,,,,0,cooldown
2026-07-04T20:27:06,forecast_hot_humid_bursty_r2,forecast,hot_humid,bursty,2,33.693,33.393,33.193,30.693,25.0,45.0,0.0,,100.0,2.0,,,,0,cooldown
2026-07-04T20:27:06,forecast_hot_humid_bursty_r2,forecast,hot_humid,bursty,2,33.686,33.386,33.186,30.686,25.0,45.0,0.0,,100.0,2.0,,,,0,cooldown
2026-07-04T20:27:06,forecast_hot_humid_bursty_r2,forecast,hot_humid,bursty,2,33.68,33.38,33.18,30.68,25.0,45.0,0.0,,100.0,2.0,,,,0,cooldown
2026-07-04T20:27:06,forecast_hot_humid_bursty_r2,forecast,hot_humid,bursty,2,33.673,33.373,33.173,30.673,25.0,45.0,0.0,,100.0,2.0,,,,0,cooldown
2026-07-04T20:27:06,forecast_hot_humid_bursty_r2,forecast,hot_humid,bursty,2,33.666,33.366,33.166,30.666,25.0,45.0,0.0,,100.0,2.0,,,,0,cooldown
2026-07-04T20:27:06,forecast_hot_humid_bursty_r2,forecast,hot_humid,bursty,2,33.659,33.359,33.159,30.659,25.0,45.0,0.0,,100.0,2.0,,,,0,cooldown
2026-07-04T20:27:06,forecast_hot_humid_bursty_r2,forecast,hot_humid,bursty,2,33.652,33.352,33.152,30.652,25.0,45.0,0.0,,100.0,2.0,,,,0,cooldown
2026-07-04T20:27:06,forecast_hot_humid_bursty_r2,forecast,hot_humid,bursty,2,33.645,33.345,33.145,30.645,25.0,45.0,0.0,,100.0,2.0,,,,0,cooldown
2026-07-04T20:27:06,forecast_hot_humid_bursty_r2,forecast,hot_humid,bursty,2,33.639,33.339,33.139,30.639,25.0,45.0,0.0,,100.0,2.0,,,,0,cooldown
2026-07-04T20:27:06,forecast_hot_humid_bursty_r2,forecast,hot_humid,bursty,2,33.632,33.332,33.132,30.632,25.0,45.0,0.0,,100.0,2.0,,,,0,cooldown
2026-07-04T20:27:06,forecast_hot_humid_bursty_r2,forecast,hot_humid,bursty,2,33.625,33.325,33.125,30.625,25.0,45.0,0.0,,100.0,2.0,,,,0,cooldown
2026-07-04T20:27:06,forecast_hot_humid_bursty_r2,forecast,hot_humid,bursty,2,33.618,33.318,33.118,30.618,25.0,45.0,0.0,,100.0,2.0,,,,0,cooldown
2026-07-04T20:27:06,forecast_hot_humid_bursty_r2,forecast,hot_humid,bursty,2,33.611,33.311,33.111,30.611,25.0,45.0,0.0,,100.0,2.0,,,,0,cooldown
2026-07-04T20:27:06,forecast_hot_humid_bursty_r2,forecast,hot_humid,bursty,2,33.605,33.305,33.105,30.605,25.0,45.0,0.0,,100.0,2.0,,,,0,cooldown
2026-07-04T20:27:06,forecast_hot_humid_bursty_r2,forecast,hot_humid,bursty,2,33.598,33.298,33.098,30.598,25.0,45.0,0.0,,100.0,2.0,,,,0,cooldown
2026-07-04T20:27:06,forecast_hot_humid_bursty_r2,forecast,hot_humid,bursty,2,33.591,33.291,33.091,30.591,25.0,45.0,0.0,,100.0,2.0,,,,0,cooldown
2026-07-04T20:27:06,forecast_hot_humid_bursty_r2,forecast,hot_humid,bursty,2,33.584,33.284,33.084,30.584,25.0,45.0,0.0,,100.0,2.0,,,,0,cooldown
2026-07-04T20:27:06,forecast_hot_humid_bursty_r2,forecast,hot_humid,bursty,2,33.577,33.277,33.077,30.577,25.0,45.0,0.0,,100.0,2.0,,,,0,cooldown
2026-07-04T20:27:06,forecast_hot_humid_bursty_r2,forecast,hot_humid,bursty,2,33.571,33.271,33.071,30.571,25.0,45.0,0.0,,100.0,2.0,,,,0,cooldown
2026-07-04T20:27:06,forecast_hot_humid_bursty_r2,forecast,hot_humid,bursty,2,33.564,33.264,33.064,30.564,25.0,45.0,0.0,,100.0,2.0,,,,0,cooldown
2026-07-04T20:27:06,forecast_hot_humid_bursty_r2,forecast,hot_humid,bursty,2,33.557,33.257,33.057,30.557,25.0,45.0,0.0,,100.0,2.0,,,,0,cooldown
2026-07-04T20:27:06,forecast_hot_humid_bursty_r2,forecast,hot_humid,bursty,2,33.55,33.25,33.05,30.55,25.0,45.0,0.0,,100.0,2.0,,,,0,cooldown
2026-07-04T20:27:06,forecast_hot_humid_bursty_r2,forecast,hot_humid,bursty,2,33.544,33.244,33.044,30.544,25.0,45.0,0.0,,100.0,2.0,,,,0,cooldown
2026-07-04T20:27:06,forecast_hot_humid_bursty_r2,forecast,hot_humid,bursty,2,33.537,33.237,33.037,30.537,25.0,45.0,0.0,,100.0,2.0,,,,0,cooldown
2026-07-04T20:27:06,forecast_hot_humid_bursty_r2,forecast,hot_humid,bursty,2,33.53,33.23,33.03,30.53,25.0,45.0,0.0,,100.0,2.0,,,,0,cooldown
2026-07-04T20:27:06,forecast_hot_humid_bursty_r2,forecast,hot_humid,bursty,2,33.523,33.223,33.023,30.523,25.0,45.0,0.0,,100.0,2.0,,,,0,cooldown
2026-07-04T20:27:06,forecast_hot_humid_bursty_r2,forecast,hot_humid,bursty,2,33.517,33.217,33.017,30.517,25.0,45.0,0.0,,100.0,2.0,,,,0,cooldown
2026-07-04T20:27:06,forecast_hot_humid_bursty_r2,forecast,hot_humid,bursty,2,33.51,33.21,33.01,30.51,25.0,45.0,0.0,,100.0,2.0,,,,0,cooldown
2026-07-04T20:27:06,forecast_hot_humid_bursty_r2,forecast,hot_humid,bursty,2,33.503,33.203,33.003,30.503,25.0,45.0,0.0,,100.0,2.0,,,,0,cooldown
2026-07-04T20:27:06,forecast_hot_humid_bursty_r2,forecast,hot_humid,bursty,2,33.496,33.196,32.996,30.496,25.0,45.0,0.0,,100.0,2.0,,,,0,cooldown
2026-07-04T20:27:06,forecast_hot_humid_bursty_r2,forecast,hot_humid,bursty,2,33.49,33.19,32.99,30.49,25.0,45.0,0.0,,100.0,2.0,,,,0,cooldown
2026-07-04T20:27:06,forecast_hot_humid_bursty_r2,forecast,hot_humid,bursty,2,33.483,33.183,32.983,30.483,25.0,45.0,0.0,,100.0,2.0,,,,0,cooldown
2026-07-04T20:27:06,forecast_hot_humid_bursty_r2,forecast,hot_humid,bursty,2,33.476,33.176,32.976,30.476,25.0,45.0,0.0,,100.0,2.0,,,,0,cooldown
2026-07-04T20:27:06,forecast_hot_humid_bursty_r2,forecast,hot_humid,bursty,2,33.47,33.17,32.97,30.47,25.0,45.0,0.0,,100.0,2.0,,,,0,cooldown
2026-07-04T20:27:06,forecast_hot_humid_bursty_r2,forecast,hot_humid,bursty,2,33.463,33.163,32.963,30.463,25.0,45.0,0.0,,100.0,2.0,,,,0,cooldown
2026-07-04T20:27:06,forecast_hot_humid_bursty_r2,forecast,hot_humid,bursty,2,33.456,33.156,32.956,30.456,25.0,45.0,0.0,,100.0,2.0,,,,0,cooldown
2026-07-04T20:27:06,forecast_hot_humid_bursty_r2,forecast,hot_humid,bursty,2,33.45,33.15,32.95,30.45,25.0,45.0,0.0,,100.0,2.0,,,,0,cooldown
2026-07-04T20:27:06,forecast_hot_humid_bursty_r2,forecast,hot_humid,bursty,2,33.443,33.143,32.943,30.443,25.0,45.0,0.0,,100.0,2.0,,,,0,cooldown
2026-07-04T20:27:06,forecast_hot_humid_bursty_r2,forecast,hot_humid,bursty,2,33.436,33.136,32.936,30.436,25.0,45.0,0.0,,100.0,2.0,,,,0,cooldown
2026-07-04T20:27:06,forecast_hot_humid_bursty_r2,forecast,hot_humid,bursty,2,33.43,33.13,32.93,30.43,25.0,45.0,0.0,,100.0,2.0,,,,0,cooldown
2026-07-04T20:27:06,forecast_hot_humid_bursty_r2,forecast,hot_humid,bursty,2,33.423,33.123,32.923,30.423,25.0,45.0,0.0,,100.0,2.0,,,,0,cooldown
2026-07-04T20:27:06,forecast_hot_humid_bursty_r2,forecast,hot_humid,bursty,2,33.416,33.116,32.916,30.416,25.0,45.0,0.0,,100.0,2.0,,,,0,cooldown
2026-07-04T20:27:06,forecast_hot_humid_bursty_r2,forecast,hot_humid,bursty,2,33.41,33.11,32.91,30.41,25.0,45.0,0.0,,100.0,2.0,,,,0,cooldown
2026-07-04T20:27:06,forecast_hot_humid_bursty_r2,forecast,hot_humid,bursty,2,33.403,33.103,32.903,30.403,25.0,45.0,0.0,,100.0,2.0,,,,0,cooldown
2026-07-04T20:27:06,forecast_hot_humid_bursty_r2,forecast,hot_humid,bursty,2,33.396,33.096,32.896,30.396,25.0,45.0,0.0,,100.0,2.0,,,,0,cooldown
2026-07-04T20:27:06,forecast_hot_humid_bursty_r2,forecast,hot_humid,bursty,2,33.39,33.09,32.89,30.39,25.0,45.0,0.0,,100.0,2.0,,,,0,cooldown
2026-07-04T20:27:06,forecast_hot_humid_bursty_r2,forecast,hot_humid,bursty,2,33.383,33.083,32.883,30.383,25.0,45.0,0.0,,100.0,2.0,,,,0,cooldown
2026-07-04T20:27:06,forecast_hot_humid_bursty_r2,forecast,hot_humid,bursty,2,33.377,33.077,32.877,30.377,25.0,45.0,0.0,,100.0,2.0,,,,0,cooldown
2026-07-04T20:27:06,forecast_hot_humid_bursty_r2,forecast,hot_humid,bursty,2,33.37,33.07,32.87,30.37,25.0,45.0,0.0,,100.0,2.0,,,,0,cooldown
2026-07-04T20:27:06,forecast_hot_humid_bursty_r2,forecast,hot_humid,bursty,2,33.363,33.063,32.863,30.363,25.0,45.0,0.0,,100.0,2.0,,,,0,cooldown
2026-07-04T20:27:06,forecast_hot_humid_bursty_r2,forecast,hot_humid,bursty,2,33.357,33.057,32.857,30.357,25.0,45.0,0.0,,100.0,2.0,,,,0,cooldown
2026-07-04T20:27:06,forecast_hot_humid_bursty_r2,forecast,hot_humid,bursty,2,33.35,33.05,32.85,30.35,25.0,45.0,0.0,,100.0,2.0,,,,0,cooldown
2026-07-04T20:27:06,forecast_hot_humid_bursty_r2,forecast,hot_humid,bursty,2,33.344,33.044,32.844,30.344,25.0,45.0,0.0,,100.0,2.0,,,,0,cooldown
2026-07-04T20:27:06,forecast_hot_humid_bursty_r2,forecast,hot_humid,bursty,2,33.337,33.037,32.837,30.337,25.0,45.0,0.0,,100.0,2.0,,,,0,cooldown
2026-07-04T20:27:06,forecast_hot_humid_bursty_r2,forecast,hot_humid,bursty,2,33.33,33.03,32.83,30.33,25.0,45.0,0.0,,100.0,2.0,,,,0,cooldown
2026-07-04T20:27:06,forecast_hot_humid_bursty_r2,forecast,hot_humid,bursty,2,33.324,33.024,32.824,30.324,25.0,45.0,0.0,,100.0,2.0,,,,0,cooldown
2026-07-04T20:27:06,forecast_hot_humid_bursty_r2,forecast,hot_humid,bursty,2,33.317,33.017,32.817,30.317,25.0,45.0,0.0,,100.0,2.0,,,,0,cooldown
2026-07-04T20:27:06,forecast_hot_humid_bursty_r2,forecast,hot_humid,bursty,2,33.311,33.011,32.811,30.311,25.0,45.0,0.0,,100.0,2.0,,,,0,cooldown
2026-07-04T20:27:06,forecast_hot_humid_bursty_r2,forecast,hot_humid,bursty,2,33.304,33.004,32.804,30.304,25.0,45.0,0.0,,100.0,2.0,,,,0,cooldown
2026-07-04T20:27:06,forecast_hot_humid_bursty_r2,forecast,hot_humid,bursty,2,33.298,32.998,32.798,30.298,25.0,45.0,0.0,,100.0,2.0,,,,0,cooldown
2026-07-04T20:27:06,forecast_hot_humid_bursty_r2,forecast,hot_humid,bursty,2,33.291,32.991,32.791,30.291,25.0,45.0,0.0,,100.0,2.0,,,,0,cooldown
2026-07-04T20:27:06,forecast_hot_humid_bursty_r2,forecast,hot_humid,bursty,2,33.284,32.984,32.784,30.284,25.0,45.0,0.0,,100.0,2.0,,,,0,cooldown
2026-07-04T20:27:06,forecast_hot_humid_bursty_r2,forecast,hot_humid,bursty,2,33.278,32.978,32.778,30.278,25.0,45.0,0.0,,100.0,2.0,,,,0,cooldown
2026-07-04T20:27:06,forecast_hot_humid_bursty_r2,forecast,hot_humid,bursty,2,33.271,32.971,32.771,30.271,25.0,45.0,0.0,,100.0,2.0,,,,0,cooldown
2026-07-04T20:27:06,forecast_hot_humid_bursty_r2,forecast,hot_humid,bursty,2,33.265,32.965,32.765,30.265,25.0,45.0,0.0,,100.0,2.0,,,,0,cooldown
2026-07-04T20:27:06,forecast_hot_humid_bursty_r2,forecast,hot_humid,bursty,2,33.258,32.958,32.758,30.258,25.0,45.0,0.0,,100.0,2.0,,,,0,cooldown
2026-07-04T20:27:06,forecast_hot_humid_bursty_r2,forecast,hot_humid,bursty,2,33.252,32.952,32.752,30.252,25.0,45.0,0.0,,100.0,2.0,,,,0,cooldown
2026-07-04T20:27:06,forecast_hot_humid_bursty_r2,forecast,hot_humid,bursty,2,33.245,32.945,32.745,30.245,25.0,45.0,0.0,,100.0,2.0,,,,0,cooldown
2026-07-04T20:27:06,forecast_hot_humid_bursty_r2,forecast,hot_humid,bursty,2,33.239,32.939,32.739,30.239,25.0,45.0,0.0,,100.0,2.0,,,,0,cooldown
2026-07-04T20:27:06,forecast_hot_humid_bursty_r2,forecast,hot_humid,bursty,2,33.232,32.932,32.732,30.232,25.0,45.0,0.0,,100.0,2.0,,,,0,cooldown
2026-07-04T20:27:06,forecast_hot_humid_bursty_r2,forecast,hot_humid,bursty,2,33.226,32.926,32.726,30.226,25.0,45.0,0.0,,100.0,2.0,,,,0,cooldown
2026-07-04T20:27:06,forecast_hot_humid_bursty_r2,forecast,hot_humid,bursty,2,33.219,32.919,32.719,30.219,25.0,45.0,0.0,,100.0,2.0,,,,0,cooldown
2026-07-04T20:27:06,forecast_hot_humid_bursty_r2,forecast,hot_humid,bursty,2,33.213,32.913,32.713,30.213,25.0,45.0,0.0,,100.0,2.0,,,,0,cooldown
2026-07-04T20:27:06,forecast_hot_humid_bursty_r2,forecast,hot_humid,bursty,2,33.206,32.906,32.706,30.206,25.0,45.0,0.0,,100.0,2.0,,,,0,cooldown
2026-07-04T20:27:06,forecast_hot_humid_bursty_r2,forecast,hot_humid,bursty,2,33.2,32.9,32.7,30.2,25.0,45.0,0.0,,100.0,2.0,,,,0,cooldown
2026-07-04T20:27:06,forecast_hot_humid_bursty_r2,forecast,hot_humid,bursty,2,33.193,32.893,32.693,30.193,25.0,45.0,0.0,,100.0,2.0,,,,0,cooldown
2026-07-04T20:27:06,forecast_hot_humid_bursty_r2,forecast,hot_humid,bursty,2,33.187,32.887,32.687,30.187,25.0,45.0,0.0,,100.0,2.0,,,,0,cooldown
2026-07-04T20:27:06,forecast_hot_humid_bursty_r2,forecast,hot_humid,bursty,2,33.18,32.88,32.68,30.18,25.0,45.0,0.0,,100.0,2.0,,,,0,cooldown
2026-07-04T20:27:06,forecast_hot_humid_bursty_r2,forecast,hot_humid,bursty,2,33.174,32.874,32.674,30.174,25.0,45.0,0.0,,100.0,2.0,,,,0,cooldown
2026-07-04T20:27:06,forecast_hot_humid_bursty_r2,forecast,hot_humid,bursty,2,33.168,32.868,32.668,30.168,25.0,45.0,0.0,,100.0,2.0,,,,0,cooldown
2026-07-04T20:27:06,forecast_hot_humid_bursty_r2,forecast,hot_humid,bursty,2,33.161,32.861,32.661,30.161,25.0,45.0,0.0,,100.0,2.0,,,,0,cooldown
2026-07-04T20:27:06,forecast_hot_humid_bursty_r2,forecast,hot_humid,bursty,2,33.155,32.855,32.655,30.155,25.0,45.0,0.0,,100.0,2.0,,,,0,cooldown
2026-07-04T20:27:06,forecast_hot_humid_bursty_r2,forecast,hot_humid,bursty,2,33.148,32.848,32.648,30.148,25.0,45.0,0.0,,100.0,2.0,,,,0,cooldown
2026-07-04T20:27:06,forecast_hot_humid_bursty_r2,forecast,hot_humid,bursty,2,33.142,32.842,32.642,30.142,25.0,45.0,0.0,,100.0,2.0,,,,0,cooldown
2026-07-04T20:27:06,forecast_hot_humid_bursty_r2,forecast,hot_humid,bursty,2,33.135,32.835,32.635,30.135,25.0,45.0,0.0,,100.0,2.0,,,,0,cooldown
2026-07-04T20:27:06,forecast_hot_humid_bursty_r2,forecast,hot_humid,bursty,2,33.129,32.829,32.629,30.129,25.0,45.0,0.0,,100.0,2.0,,,,0,cooldown
2026-07-04T20:27:06,forecast_hot_humid_bursty_r2,forecast,hot_humid,bursty,2,33.122,32.822,32.622,30.122,25.0,45.0,0.0,,100.0,2.0,,,,0,cooldown
2026-07-04T20:27:06,forecast_hot_humid_bursty_r2,forecast,hot_humid,bursty,2,33.116,32.816,32.616,30.116,25.0,45.0,0.0,,100.0,2.0,,,,0,cooldown
2026-07-04T20:27:06,forecast_hot_humid_bursty_r2,forecast,hot_humid,bursty,2,33.11,32.81,32.61,30.11,25.0,45.0,0.0,,100.0,2.0,,,,0,cooldown
2026-07-04T20:27:06,forecast_hot_humid_bursty_r2,forecast,hot_humid,bursty,2,33.103,32.803,32.603,30.103,25.0,45.0,0.0,,100.0,2.0,,,,0,cooldown
2026-07-04T20:27:06,forecast_hot_humid_bursty_r2,forecast,hot_humid,bursty,2,33.097,32.797,32.597,30.097,25.0,45.0,0.0,,100.0,2.0,,,,0,cooldown
2026-07-04T20:27:06,forecast_hot_humid_bursty_r2,forecast,hot_humid,bursty,2,33.09,32.79,32.59,30.09,25.0,45.0,0.0,,100.0,2.0,,,,0,cooldown
2026-07-04T20:27:06,forecast_hot_humid_bursty_r2,forecast,hot_humid,bursty,2,33.084,32.784,32.584,30.084,25.0,45.0,0.0,,100.0,2.0,,,,0,cooldown
2026-07-04T20:27:06,forecast_hot_humid_bursty_r2,forecast,hot_humid,bursty,2,33.078,32.778,32.578,30.078,25.0,45.0,0.0,,100.0,2.0,,,,0,cooldown
2026-07-04T20:27:06,forecast_hot_humid_bursty_r2,forecast,hot_humid,bursty,2,33.071,32.771,32.571,30.071,25.0,45.0,0.0,,100.0,2.0,,,,0,cooldown
2026-07-04T20:27:06,forecast_hot_humid_bursty_r2,forecast,hot_humid,bursty,2,33.065,32.765,32.565,30.065,25.0,45.0,0.0,,100.0,2.0,,,,0,cooldown
2026-07-04T20:27:06,forecast_hot_humid_bursty_r2,forecast,hot_humid,bursty,2,33.059,32.759,32.559,30.059,25.0,45.0,0.0,,100.0,2.0,,,,0,cooldown
2026-07-04T20:27:06,forecast_hot_humid_bursty_r2,forecast,hot_humid,bursty,2,33.052,32.752,32.552,30.052,25.0,45.0,0.0,,100.0,2.0,,,,0,cooldown
2026-07-04T20:27:06,forecast_hot_humid_bursty_r2,forecast,hot_humid,bursty,2,33.046,32.746,32.546,30.046,25.0,45.0,0.0,,100.0,2.0,,,,0,cooldown
2026-07-04T20:27:06,forecast_hot_humid_bursty_r2,forecast,hot_humid,bursty,2,33.04,32.74,32.54,30.04,25.0,45.0,0.0,,100.0,2.0,,,,0,cooldown
2026-07-04T20:27:06,forecast_hot_humid_bursty_r2,forecast,hot_humid,bursty,2,33.033,32.733,32.533,30.033,25.0,45.0,0.0,,100.0,2.0,,,,0,cooldown
2026-07-04T20:27:06,forecast_hot_humid_bursty_r2,forecast,hot_humid,bursty,2,33.027,32.727,32.527,30.027,25.0,45.0,0.0,,100.0,2.0,,,,0,cooldown
2026-07-04T20:27:06,forecast_hot_humid_bursty_r2,forecast,hot_humid,bursty,2,33.02,32.72,32.52,30.02,25.0,45.0,0.0,,100.0,2.0,,,,0,cooldown
2026-07-04T20:27:06,forecast_hot_humid_bursty_r2,forecast,hot_humid,bursty,2,33.014,32.714,32.514,30.014,25.0,45.0,0.0,,100.0,2.0,,,,0,cooldown
2026-07-04T20:27:06,forecast_hot_humid_bursty_r2,forecast,hot_humid,bursty,2,33.008,32.708,32.508,30.008,25.0,45.0,0.0,,100.0,2.0,,,,0,cooldown
2026-07-04T20:27:06,forecast_hot_humid_bursty_r2,forecast,hot_humid,bursty,2,33.002,32.702,32.502,30.002,25.0,45.0,0.0,,100.0,2.0,,,,0,cooldown
2026-07-04T20:27:06,forecast_hot_humid_bursty_r2,forecast,hot_humid,bursty,2,32.995,32.695,32.495,29.995,25.0,45.0,0.0,,100.0,2.0,,,,0,cooldown
