timestamp,trial_id,controller,climate,workload,repeat,T_tank_hot,T_tank_mid,T_rad_in,T_rad_out,T_ambient,RH_ambient,heater_w_cmd,heater_w_meas,fan_pwm,fan_w,forecast_T,forecast_RH,bank_depth_cmd,water_event_flag,notes
2026-07-04T20:19:03,forecast_hot_humid_bursty_r1,forecast,hot_humid,bursty,1,31.005,30.705,30.505,28.005,25.0,45.0,60.0,,40.0,0.8,,,,0,warmup
2026-07-04T20:19:03,forecast_hot_humid_bursty_r1,forecast,hot_humid,bursty,1,31.013,30.713,30.513,28.013,25.0,45.0,60.0,,100.0,2.0,30.17,,,0,trial
2026-07-04T20:19:03,forecast_hot_humid_bursty_r1,forecast,hot_humid,bursty,1,31.016,30.716,30.516,28.016,25.0,45.0,60.0,,100.0,2.0,30.17,,,0,trial
2026-07-04T20:19:03,forecast_hot_humid_bursty_r1,forecast,hot_humid,bursty,1,31.02,30.72,30.52,28.02,25.0,45.0,60.0,,100.0,2.0,30.17,,,0,trial
2026-07-04T20:19:03,forecast_hot_humid_bursty_r1,forecast,hot_humid,bursty,1,31.023,30.723,30.523,28.023,25.0,45.0,60.0,,100.0,2.0,30.17,,,0,trial
2026-07-04T20:19:03,forecast_hot_humid_bursty_r1,forecast,hot_humid,bursty,1,31.026,30.726,30.526,28.026,25.0,45.0,60.0,,100.0,2.0,30.17,,,0,trial
2026-07-04T20:19:03,forecast_hot_humid_bursty_r1,forecast,hot_humid,bursty,1,31.029,30.729,30.529,28.029,25.0,45.0,60.0,,100.0,2.0,30.17,,,0,trial
2026-07-04T20:19:03,forecast_hot_humid_bursty_r1,forecast,hot_humid,bursty,1,31.032,30.732,30.532,28.032,25.0,45.0,60.0,,100.0,2.0,30.17,,,0,trial
2026-07-04T20:19:03,forecast_hot_humid_bursty_r1,forecast,hot_humid,bursty,1,31.035,30.735,30.535,28.035,25.0,45.0,60.0,,100.0,2.0,30.17,,,0,trial
2026-07-04T20:19:03,forecast_hot_humid_bursty_r1,forecast,hot_humid,bursty,1,31.038,30.738,30.538,28.038,25.0,45.0,60.0,,100.0,2.0,30.17,,,0,trial
2026-07-04T20:19:03,forecast_hot_humid_bursty_r1,forecast,hot_humid,bursty,1,31.042,30.742,30.542,28.042,25.0,45.0,60.0,,100.0,2.0,30.17,,,0,trial
2026-07-04T20:19:03,forecast_hot_humid_bursty_r1,forecast,hot_humid,bursty,1,31.045,30.745,30.545,28.045,25.0,45.0,60.0,,100.0,2.0,30.17,,,0,trial
2026-07-04T20:19:03,forecast_hot_humid_bursty_r1,forecast,hot_humid,bursty,1,31.048,30.748,30.548,28.048,25.0,45.0,60.0,,100.0,2.0,30.17,,,0,trial
2026-07-04T20:19:03,forecast_hot_humid_bursty_r1,forecast,hot_humid,bursty,1,31.051,30.751,30.551,28.051,25.0,45.0,60.0,,100.0,2.0,30.17,,,0,trial
2026-07-04T20:19:03,forecast_hot_humid_bursty_r1,forecast,hot_humid,bursty,1,31.054,30.754,30.554,28.054,25.0,45.0,60.0,,100.0,2.0,30.17,,,0,trial
2026-07-04T20:19:03,forecast_hot_humid_bursty_r1,forecast,hot_humid,bursty,1,31.057,30.757,30.557,28.057,25.0,45.0,60.0,,100.0,2.0,30.18,,,0,trial
2026-07-04T20:19:03,forecast_hot_humid_bursty_r1,forecast,hot_humid,bursty,1,31.06,30.76,30.56,28.06,25.0,45.0,60.0,,100.0,2.0,30.18,,,0,trial
2026-07-04T20:19:03,forecast_hot_humid_bursty_r1,forecast,hot_humid,bursty,1,31.063,30.763,30.563,28.063,25.0,45.0,60.0,,100.0,2.0,30.18,,,0,trial
2026-07-04T20:19:03,forecast_hot_humid_bursty_r1,forecast,hot_humid,bursty,1,31.067,30.767,30.567,28.067,25.0,45.0,60.0,,100.0,2.0,30.18,,,0,trial
2026-07-04T20:19:03,forecast_hot_humid_bursty_r1,forecast,hot_humid,bursty,1,31.07,30.77,30.57,28.07,25.0,45.0,60.0,,100.0,2.0,30.18,,,0,trial
2026-07-04T20:19:03,forecast_hot_humid_bursty_r1,forecast,hot_humid,bursty,1,31.073,30.773,30.573,28.073,25.0,45.0,60.0,,100.0,2.0,30.18,,,0,trial
2026-07-04T20:19:03,forecast_hot_humid_bursty_r1,forecast,hot_humid,bursty,1,31.076,30.776,30.576,28.076,25.0,45.0,60.0,,100.0,2.0,30.18,,,0,trial
2026-07-04T20:19:03,forecast_hot_humid_bursty_r1,forecast,hot_humid,bursty,1,31.079,30.779,30.579,28.079,25.0,45.0,60.0,,100.0,2.0,30.18,,,0,trial
2026-07-04T20:19:03,forecast_hot_humid_bursty_r1,forecast,hot_humid,bursty,1,31.082,30.782,30.582,28.082,25.0,45.0,60.0,,100.0,2.0,30.18,,,0,trial
2026-07-04T20:19:03,forecast_hot_humid_bursty_r1,forecast,hot_humid,bursty,1,31.085,30.785,30.585,28.085,25.0,45.0,60.0,,100.0,2.0,30.18,,,0,trial
2026-07-04T20:19:03,forecast_hot_humid_bursty_r1,forecast,hot_humid,bursty,1,31.088,30.788,30.588,28.088,25.0,45.0,60.0,,100.0,2.0,30.18,,,0,trial
2026-07-04T20:19:03,forecast_hot_humid_bursty_r1,forecast,hot_humid,bursty,1,31.091,30.791,30.591,28.091,25.0,45.0,60.0,,100.0,2.0,30.18,,,0,trial
2026-07-04T20:19:03,forecast_hot_humid_bursty_r1,forecast,hot_humid,bursty,1,31.094,30.794,30.594,28.094,25.0,45.0,60.0,,100.0,2.0,30.18,,,0,trial
2026-07-04T20:19:03,forecast_hot_humid_bursty_r1,forecast,hot_humid,bursty,1,31.097,30.797,30.597,28.097,25.0,45.0,60.0,,100.0,2.0,30.19,,,0,trial
2026-07-04T20:19:03,forecast_hot_humid_bursty_r1,forecast,hot_humid,bursty,1,31.101,30.801,30.601,28.101,25.0,45.0,60.0,,100.0,2.0,30.19,,,0,trial
2026-07-04T20:19:03,forecast_hot_humid_bursty_r1,forecast,hot_humid,bursty,1,31.104,30.804,30.604,28.104,25.0,45.0,60.0,,100.0,2.0,30.19,,,0,trial
2026-07-04T20:19:03,forecast_hot_humid_bursty_r1,forecast,hot_humid,bursty,1,31.11,30.81,30.61,28.11,25.0,45.0,60.0,,100.0,2.0,30.19,,,0,trial
2026-07-04T20:19:03,forecast_hot_humid_bursty_r1,forecast,hot_humid,bursty,1,31.113,30.813,30.613,28.113,25.0,45.0,60.0,,100.0,2.0,30.19,,,0,trial
2026-07-04T20:19:03,forecast_hot_humid_bursty_r1,forecast,hot_humid,bursty,1,31.116,30.816,30.616,28.116,25.0,45.0,60.0,,100.0,2.0,30.19,,,0,trial
2026-07-04T20:19:03,forecast_hot_humid_bursty_r1,forecast,hot_humid,bursty,1,31.119,30.819,30.619,28.119,25.0,45.0,60.0,,100.0,2.0,30.19,,,0,trial
2026-07-04T20:19:03,forecast_hot_humid_bursty_r1,forecast,hot_humid,bursty,1,31.122,30.822,30.622,28.122,25.0,45.0,60.0,,100.0,2.0,30.19,,,0,trial
2026-07-04T20:19:03,forecast_hot_humid_bursty_r1,forecast,hot_humid,bursty,1,31.125,30.825,30.625,28.125,25.0,45.0,60.0,,100.0,2.0,30.19,,,0,trial
2026-07-04T20:19:03,forecast_hot_humid_bursty_r1,forecast,hot_humid,bursty,1,31.128,30.828,30.628,28.128,25.0,45.0,60.0,,100.0,2.0,30.19,,,0,trial
2026-07-04T20:19:03,forecast_hot_humid_bursty_r1,forecast,hot_humid,bursty,1,31.131,30.831,30.631,28.131,25.0,45.0,60.0,,100.0,2.0,30.19,,,0,trial
2026-07-04T20:19:03,forecast_hot_humid_bursty_r1,forecast,hot_humid,bursty,1,31.134,30.834,30.634,28.134,25.0,45.0,60.0,,100.0,2.0,30.19,,,0,trial
2026-07-04T20:19:03,forecast_hot_humid_bursty_r1,forecast,hot_humid,bursty,1,31.137,30.837,30.637,28.137,25.0,45.0,60.0,,100.0,2.0,30.19,,,0,trial
2026-07-04T20:19:03,forecast_hot_humid_bursty_r1,forecast,hot_humid,bursty,1,31.14,30.84,30.64,28.14,25.0,45.0,60.0,,100.0,2.0,30.2,,,0,trial
2026-07-04T20:19:03,forecast_hot_humid_bursty_r1,forecast,hot_humid,bursty,1,31.143,30.843,30.643,28.143,25.0,45.0,60.0,,100.0,2.0,30.2,,,0,trial
2026-07-04T20:19:03,forecast_hot_humid_bursty_r1,forecast,hot_humid,bursty,1,31.146,30.846,30.646,28.146,25.0,45.0,60.0,,100.0,2.0,30.2,,,0,trial
2026-07-04T20:19:03,forecast_hot_humid_bursty_r1,forecast,hot_humid,bursty,1,31.15,30.85,30.65,28.15,25.0,45.0,60.0,,100.0,2.0,30.2,,,0,trial
2026-07-04T20:19:03,forecast_hot_humid_bursty_r1,forecast,hot_humid,bursty,1,31.153,30.853,30.653,28.153,25.0,45.0,60.0,,100.0,2.0,30.2,,,0,trial
2026-07-04T20:19:03,forecast_hot_humid_bursty_r1,forecast,hot_humid,bursty,1,31.156,30.856,30.656,28.156,25.0,45.0,60.0,,100.0,2.0,30.2,,,0,trial
2026-07-04T20:19:03,forecast_hot_humid_bursty_r1,forecast,hot_humid,bursty,1,31.159,30.859,30.659,28.159,25.0,45.0,60.0,,100.0,2.0,30.2,,,0,trial
2026-07-04T20:19:03,forecast_hot_humid_bursty_r1,forecast,hot_humid,bursty,1,31.162,30.862,30.662,28.162,25.0,45.0,60.0,,100.0,2.0,30.2,,,0,trial
2026-07-04T20:19:03,forecast_hot_humid_bursty_r1,forecast,hot_humid,bursty,1,31.165,30.865,30.665,28.165,25.0,45.0,60.0,,100.0,2.0,30.2,,,0,trial
2026-07-04T20:19:03,forecast_hot_humid_bursty_r1,forecast,hot_humid,bursty,1,31.168,30.868,30.668,28.168,25.0,45.0,60.0,,100.0,2.0,30.2,,,0,trial
2026-07-04T20:19:03,forecast_hot_humid_bursty_r1,forecast,hot_humid,bursty,1,31.171,30.871,30.671,28.171,25.0,45.0,60.0,,100.0,2.0,30.2,,,0,trial
2026-07-04T20:19:03,forecast_hot_humid_bursty_r1,forecast,hot_humid,bursty,1,31.174,30.874,30.674,28.174,25.0,45.0,60.0,,100.0,2.0,30.21,,,0,trial
2026-07-04T20:19:03,forecast_hot_humid_bursty_r1,forecast,hot_humid,bursty,1,31.177,30.877,30.677,28.177,25.0,45.0,60.0,,100.0,2.0,30.21,,,0,trial
2026-07-04T20:19:03,forecast_hot_humid_bursty_r1,forecast,hot_humid,bursty,1,31.18,30.88,30.68,28.18,25.0,45.0,60.0,,100.0,2.0,30.21,,,0,trial
2026-07-04T20:19:03,forecast_hot_humid_bursty_r1,forecast,hot_humid,bursty,1,31.183,30.883,30.683,28.183,25.0,45.0,60.0,,100.0,2.0,30.21,,,0,trial
2026-07-04T20:19:03,forecast_hot_humid_bursty_r1,forecast,hot_humid,bursty,1,31.186,30.886,30.686,28.186,25.0,45.0,60.0,,100.0,2.0,30.21,,,0,trial
2026-07-04T20:19:03,forecast_hot_humid_bursty_r1,forecast,hot_humid,bursty,1,31.189,30.889,30.689,28.189,25.0,45.0,60.0,,100.0,2.0,30.21,,,0,trial
2026-07-04T20:19:03,forecast_hot_humid_bursty_r1,forecast,hot_humid,bursty,1,31.192,30.892,30.692,28.192,25.0,45.0,60.0,,100.0,2.0,30.21,,,0,trial
2026-07-04T20:19:03,forecast_hot_humid_bursty_r1,forecast,hot_humid,bursty,1,31.195,30.895,30.695,28.195,25.0,45.0,60.0,,100.0,2.0,30.21,,,0,trial
2026-07-04T20:19:03,forecast_hot_humid_bursty_r1,forecast,hot_humid,bursty,1,31.198,30.898,30.698,28.198,25.0,45.0,60.0,,100.0,2.0,30.21,,,0,trial
2026-07-04T20:19:03,forecast_hot_humid_bursty_r1,forecast,hot_humid,bursty,1,31.204,30.904,30.704,28.204,25.0,45.0,60.0,,100.0,2.0,30.21,,,0,trial
2026-07-04T20:19:03,forecast_hot_humid_bursty_r1,forecast,hot_humid,bursty,1,31.207,30.907,30.707,28.207,25.0,45.0,60.0,,100.0,2.0,30.22,,,0,trial
2026-07-04T20:19:03,forecast_hot_humid_bursty_r1,forecast,hot_humid,bursty,1,31.21,30.91,30.71,28.21,25.0,45.0,60.0,,100.0,2.0,30.22,,,0,trial
2026-07-04T20:19:03,forecast_hot_humid_bursty_r1,forecast,hot_humid,bursty,1,31.213,30.913,30.713,28.213,25.0,45.0,60.0,,100.0,2.0,30.22,,,0,trial
2026-07-04T20:19:03,forecast_hot_humid_bursty_r1,forecast,hot_humid,bursty,1,31.216,30.916,30.716,28.216,25.0,45.0,60.0,,100.0,2.0,30.22,,,0,trial
2026-07-04T20:19:03,forecast_hot_humid_bursty_r1,forecast,hot_humid,bursty,1,31.219,30.919,30.719,28.219,25.0,45.0,60.0,,100.0,2.0,30.22,,,0,trial
2026-07-04T20:19:03,forecast_hot_humid_bursty_r1,forecast,hot_humid,bursty,1,31.222,30.922,30.722,28.222,25.0,45.0,60.0,,100.0,2.0,30.22,,,0,trial
2026-07-04T20:19:03,forecast_hot_humid_bursty_r1,forecast,hot_humid,bursty,1,31.225,30.925,30.725,28.225,25.0,45.0,60.0,,100.0,2.0,30.22,,,0,trial
2026-07-04T20:19:03,forecast_hot_humid_bursty_r1,forecast,hot_humid,bursty,1,31.228,30.928,30.728,28.228,25.0,45.0,60.0,,100.0,2.0,30.22,,,0,trial
2026-07-04T20:19:03,forecast_hot_humid_bursty_r1,forecast,hot_humid,bursty,1,31.231,30.931,30.731,28.231,25.0,45.0,60.0,,100.0,2.0,30.22,,,0,trial
2026-07-04T20:19:03,forecast_hot_humid_bursty_r1,forecast,hot_humid,bursty,1,31.234,30.934,30.734,28.234,25.0,45.0,60.0,,100.0,2.0,30.23,,,0,trial
2026-07-04T20:19:03,forecast_hot_humid_bursty_r1,forecast,hot_humid,bursty,1,31.237,30.937,30.737,28.237,25.0,45.0,60.0,,100.0,2.0,30.23,,,0,trial
2026-07-04T20:19:03,forecast_hot_humid_bursty_r1,forecast,hot_humid,bursty,1,31.24,30.94,30.74,28.24,25.0,45.0,60.0,,100.0,2.0,30.23,,,0,trial
2026-07-04T20:19:03,forecast_hot_humid_bursty_r1,forecast,hot_humid,bursty,1,31.243,30.943,30.743,28.243,25.0,45.0,60.0,,100.0,2.0,30.23,,,0,trial
2026-07-04T20:19:03,forecast_hot_humid_bursty_r1,forecast,hot_humid,bursty,1,31.246,30.946,30.746,28.246,25.0,45.0,60.0,,100.0,2.0,30.23,,,0,trial
2026-07-04T20:19:03,forecast_hot_humid_bursty_r1,forecast,hot_humid,bursty,1,31.249,30.949,30.749,28.249,25.0,45.0,60.0,,100.0,2.0,30.23,,,0,trial
2026-07-04T20:19:03,forecast_hot_humid_bursty_r1,forecast,hot_humid,bursty,1,31.252,30.952,30.752,28.252,25.0,45.0,60.0,,100.0,2.0,30.23,,,0,trial
2026-07-04T20:19:03,forecast_hot_humid_bursty_r1,forecast,hot_humid,bursty,1,31.254,30.954,30.754,28.254,25.0,45.0,60.0,,100.0,2.0,30.23,,,0,trial
2026-07-04T20:19:03,forecast_hot_humid_bursty_r1,forecast,hot_humid,bursty,1,31.257,30.957,30.757,28.257,25.0,45.0,60.0,,100.0,2.0,30.23,,,0,trial
2026-07-04T20:19:03,forecast_hot_humid_bursty_r1,forecast,hot_humid,bursty,1,31.26,30.96,30.76,28.26,25.0,45.0,60.0,,100.0,2.0,30.24,,,0,trial
2026-07-04T20:19:03,forecast_hot_humid_bursty_r1,forecast,hot_humid,bursty,1,31.263,30.963,30.763,28.263,25.0,45.0,60.0,,100.0,2.0,30.24,,,0,trial
2026-07-04T20:19:03,forecast_hot_humid_bursty_r1,forecast,hot_humid,bursty,1,31.266,30.966,30.766,28.266,25.0,45.0,60.0,,100.0,2.0,30.24,,,0,trial
2026-07-04T20:19:03,forecast_hot_humid_bursty_r1,forecast,hot_humid,bursty,1,31.269,30.969,30.769,28.269,25.0,45.0,60.0,,100.0,2.0,30.24,,,0,trial
2026-07-04T20:19:03,forecast_hot_humid_bursty_r1,forecast,hot_humid,bursty,1,31.272,30.972,30.772,28.272,25.0,45.0,60.0,,100.0,2.0,30.24,,,0,trial
2026-07-04T20:19:03,forecast_hot_humid_bursty_r1,forecast,hot_humid,bursty,1,31.275,30.975,30.775,28.275,25.0,45.0,60.0,,100.0,2.0,30.24,,,0,trial
2026-07-04T20:19:03,forecast_hot_humid_bursty_r1,forecast,hot_humid,bursty,1,31.278,30.978,30.778,28.278,25.0,45.0,60.0,,100.0,2.0,30.24,,,0,trial
2026-07-04T20:19:03,forecast_hot_humid_bursty_r1,forecast,hot_humid,bursty,1,31.281,30.981,30.781,28.281,25.0,45.0,60.0,,100.0,2.0,30.24,,,0,trial
2026-07-04T20:19:03,forecast_hot_humid_bursty_r1,forecast,hot_humid,bursty,1,31.284,30.984,30.784,28.284,25.0,45.0,60.0,,100.0,2.0,30.24,,,0,trial
2026-07-04T20:19:03,forecast_hot_humid_bursty_r1,forecast,hot_humid,bursty,1,31.287,30.987,30.787,28.287,25.0,45.0,60.0,,100.0,2.0,30.25,,,0,trial
2026-07-04T20:19:03,forecast_hot_humid_bursty_r1,forecast,hot_humid,bursty,1,31.29,30.99,30.79,28.29,25.0,45.0,60.0,,100.0,2.0,30.25,,,0,trial
2026-07-04T20:19:03,forecast_hot_humid_bursty_r1,forecast,hot_humid,bursty,1,31.296,30.996,30.796,28.296,25.0,45.0,60.0,,75.0,1.5,30.25,,,0,trial
2026-07-04T20:19:03,forecast_hot_humid_bursty_r1,forecast,hot_humid,bursty,1,31.3,31.0,30.8,28.3,25.0,45.0,60.0,,75.0,1.5,30.25,,,0,trial
2026-07-04T20:19:03,forecast_hot_humid_bursty_r1,forecast,hot_humid,bursty,1,31.304,31.004,30.804,28.304,25.0,45.0,60.0,,75.0,1.5,30.25,,,0,trial
2026-07-04T20:19:03,forecast_hot_humid_bursty_r1,forecast,hot_humid,bursty,1,31.308,31.008,30.808,28.308,25.0,45.0,60.0,,75.0,1.5,30.25,,,0,trial
2026-07-04T20:19:03,forecast_hot_humid_bursty_r1,forecast,hot_humid,bursty,1,31.311,31.011,30.811,28.311,25.0,45.0,60.0,,75.0,1.5,30.25,,,0,trial
2026-07-04T20:19:03,forecast_hot_humid_bursty_r1,forecast,hot_humid,bursty,1,31.315,31.015,30.815,28.315,25.0,45.0,60.0,,75.0,1.5,30.26,,,0,trial
2026-07-04T20:19:03,forecast_hot_humid_bursty_r1,forecast,hot_humid,bursty,1,31.319,31.019,30.819,28.319,25.0,45.0,60.0,,75.0,1.5,30.26,,,0,trial
2026-07-04T20:19:03,forecast_hot_humid_bursty_r1,forecast,hot_humid,bursty,1,31.322,31.022,30.822,28.322,25.0,45.0,60.0,,75.0,1.5,30.26,,,0,trial
2026-07-04T20:19:03,forecast_hot_humid_bursty_r1,forecast,hot_humid,bursty,1,31.326,31.026,30.826,28.326,25.0,45.0,60.0,,75.0,1.5,30.26,,,0,trial
2026-07-04T20:19:03,forecast_hot_humid_bursty_r1,forecast,hot_humid,bursty,1,31.33,31.03,30.83,28.33,25.0,45.0,60.0,,75.0,1.5,30.26,,,0,trial
2026-07-04T20:19:03,forecast_hot_humid_bursty_r1,forecast,hot_humid,bursty,1,31.333,31.033,30.833,28.333,25.0,45.0,60.0,,75.0,1.5,30.26,,,0,trial
2026-07-04T20:19:03,forecast_hot_humid_bursty_r1,forecast,hot_humid,bursty,1,31.337,31.037,30.837,28.337,25.0,45.0,60.0,,75.0,1.5,30.26,,,0,trial
2026-07-04T20:19:03,forecast_hot_humid_bursty_r1,forecast,hot_humid,bursty,1,31.341,31.041,30.841,28.341,25.0,45.0,60.0,,75.0,1.5,30.26,,,0,trial
2026-07-04T20:19:03,forecast_hot_humid_bursty_r1,forecast,hot_humid,bursty,1,31.344,31.044,30.844,28.344,25.0,45.0,60.0,,75.0,1.5,30.27,,,0,trial
2026-07-04T20:19:03,forecast_hot_humid_bursty_r1,forecast,hot_humid,bursty,1,31.348,31.048,30.848,28.348,25.0,45.0,60.0,,75.0,1.5,30.27,,,0,trial
2026-07-04T20:19:03,forecast_hot_humid_bursty_r1,forecast,hot_humid,bursty,1,31.352,31.052,30.852,28.352,25.0,45.0,60.0,,75.0,1.5,30.27,,,0,trial
2026-07-04T20:19:03,forecast_hot_humid_bursty_r1,forecast,hot_humid,bursty,1,31.356,31.056,30.856,28.356,25.0,45.0,60.0,,75.0,1.5,30.27,,,0,trial
2026-07-04T20:19:03,forecast_hot_humid_bursty_r1,forecast,hot_humid,bursty,1,31.359,31.059,30.859,28.359,25.0,45.0,60.0,,75.0,1.5,30.27,,,0,trial
2026-07-04T20:19:03,forecast_hot_humid_bursty_r1,forecast,hot_humid,bursty,1,31.363,31.063,30.863,28.363,25.0,45.0,60.0,,75.0,1.5,30.27,,,0,trial
2026-07-04T20:19:03,forecast_hot_humid_bursty_r1,forecast,hot_humid,bursty,1,31.367,31.067,30.867,28.367,25.0,45.0,60.0,,75.0,1.5,30.27,,,0,trial
2026-07-04T20:19:03,forecast_hot_humid_bursty_r1,forecast,hot_humid,bursty,1,31.37,31.07,30.87,28.37,25.0,45.0,60.0,,75.0,1.5,30.28,,,0,trial
2026-07-04T20:19:03,forecast_hot_humid_bursty_r1,forecast,hot_humid,bursty,1,31.374,31.074,30.874,28.374,25.0,45.0,60.0,,75.0,1.5,30.28,,,0,trial
2026-07-04T20:19:03,forecast_hot_humid_bursty_r1,forecast,hot_humid,bursty,1,31.378,31.078,30.878,28.378,25.0,45.0,60.0,,75.0,1.5,30.28,,,0,trial
2026-07-04T20:19:03,forecast_hot_humid_bursty_r1,forecast,hot_humid,bursty,1,31.381,31.081,30.881,28.381,25.0,45.0,60.0,,75.0,1.5,30.28,,,0,trial
2026-07-04T20:19:03,forecast_hot_humid_bursty_r1,forecast,hot_humid,bursty,1,31.385,31.085,30.885,28.385,25.0,45.0,60.0,,75.0,1.5,30.28,,,0,trial
2026-07-04T20:19:03,forecast_hot_humid_bursty_r1,forecast,hot_humid,bursty,1,31.388,31.088,30.888,28.388,25.0,45.0,60.0,,75.0,1.5,30.28,,,0,trial
2026-07-04T20:19:03,forecast_hot_humid_bursty_r1,forecast,hot_humid,bursty,1,31.392,31.092,30.892,28.392,25.0,45.0,60.0,,75.0,1.5,30.29,,,0,trial
2026-07-04T20:19:03,forecast_hot_humid_bursty_r1,forecast,hot_humid,bursty,1,31.396,31.096,30.896,28.396,25.0,45.0,60.0,,75.0,1.5,30.29,,,0,trial
2026-07-04T20:19:03,forecast_hot_humid_bursty_r1,forecast,hot_humid,bursty,1,31.399,31.099,30.899,28.399,25.0,45.0,60.0,,75.0,1.5,30.29,,,0,trial
2026-07-04T20:19:03,forecast_hot_humid_bursty_r1,forecast,hot_humid,bursty,1,31.403,31.103,30.903,28.403,25.0,45.0,60.0,,75.0,1.5,30.29,,,0,trial
2026-07-04T20:19:03,forecast_hot_humid_bursty_r1,forecast,hot_humid,bursty,1,31.434,31.134,30.934,28.434,25.0,45.0,150.0,,75.0,1.5,30.29,,,0,trial
2026-07-04T20:19:03,forecast_hot_humid_bursty_r1,forecast,hot_humid,bursty,1,31.449,31.149,30.949,28.449,25.0,45.0,150.0,,75.0,1.5,30.29,,,0,trial
2026-07-04T20:19:03,forecast_hot_humid_bursty_r1,forecast,hot_humid,bursty,1,31.465,31.165,30.965,28.465,25.0,45.0,150.0,,75.0,1.5,30.29,,,0,trial
2026-07-04T20:19:03,forecast_hot_humid_bursty_r1,forecast,hot_humid,bursty,1,31.48,31.18,30.98,28.48,25.0,45.0,150.0,,75.0,1.5,30.3,,,0,trial
2026-07-04T20:19:03,forecast_hot_humid_bursty_r1,forecast,hot_humid,bursty,1,31.496,31.196,30.996,28.496,25.0,45.0,150.0,,75.0,1.5,30.3,,,0,trial
2026-07-04T20:19:03,forecast_hot_humid_bursty_r1,forecast,hot_humid,bursty,1,31.511,31.211,31.011,28.511,25.0,45.0,150.0,,75.0,1.5,30.3,,,0,trial
2026-07-04T20:19:03,forecast_hot_humid_bursty_r1,forecast,hot_humid,bursty,1,31.527,31.227,31.027,28.527,25.0,45.0,150.0,,75.0,1.5,30.3,,,0,trial
2026-07-04T20:19:03,forecast_hot_humid_bursty_r1,forecast,hot_humid,bursty,1,31.542,31.242,31.042,28.542,25.0,45.0,150.0,,75.0,1.5,30.3,,,0,trial
2026-07-04T20:19:03,forecast_hot_humid_bursty_r1,forecast,hot_humid,bursty,1,31.557,31.257,31.057,28.557,25.0,45.0,150.0,,75.0,1.5,30.3,,,0,trial
2026-07-04T20:19:03,forecast_hot_humid_bursty_r1,forecast,hot_humid,bursty,1,31.573,31.273,31.073,28.573,25.0,45.0,150.0,,75.0,1.5,30.31,,,0,trial
2026-07-04T20:19:03,forecast_hot_humid_bursty_r1,forecast,hot_humid,bursty,1,31.588,31.288,31.088,28.588,25.0,45.0,150.0,,75.0,1.5,30.31,,,0,trial
2026-07-04T20:19:03,forecast_hot_humid_bursty_r1,forecast,hot_humid,bursty,1,31.603,31.303,31.103,28.603,25.0,45.0,150.0,,75.0,1.5,30.31,,,0,trial
2026-07-04T20:19:03,forecast_hot_humid_bursty_r1,forecast,hot_humid,bursty,1,31.619,31.319,31.119,28.619,25.0,45.0,150.0,,75.0,1.5,30.31,,,0,trial
2026-07-04T20:19:03,forecast_hot_humid_bursty_r1,forecast,hot_humid,bursty,1,31.634,31.334,31.134,28.634,25.0,45.0,150.0,,75.0,1.5,30.31,,,0,trial
2026-07-04T20:19:03,forecast_hot_humid_bursty_r1,forecast,hot_humid,bursty,1,31.65,31.35,31.15,28.65,25.0,45.0,150.0,,75.0,1.5,30.31,,,0,trial
2026-07-04T20:19:03,forecast_hot_humid_bursty_r1,forecast,hot_humid,bursty,1,31.665,31.365,31.165,28.665,25.0,45.0,150.0,,75.0,1.5,30.32,,,0,trial
2026-07-04T20:19:03,forecast_hot_humid_bursty_r1,forecast,hot_humid,bursty,1,31.68,31.38,31.18,28.68,25.0,45.0,150.0,,75.0,1.5,30.32,,,0,trial
2026-07-04T20:19:03,forecast_hot_humid_bursty_r1,forecast,hot_humid,bursty,1,31.695,31.395,31.195,28.695,25.0,45.0,150.0,,75.0,1.5,30.32,,,0,trial
2026-07-04T20:19:03,forecast_hot_humid_bursty_r1,forecast,hot_humid,bursty,1,31.711,31.411,31.211,28.711,25.0,45.0,150.0,,75.0,1.5,30.32,,,0,trial
2026-07-04T20:19:03,forecast_hot_humid_bursty_r1,forecast,hot_humid,bursty,1,31.726,31.426,31.226,28.726,25.0,45.0,150.0,,75.0,1.5,30.32,,,0,trial
2026-07-04T20:19:03,forecast_hot_humid_bursty_r1,forecast,hot_humid,bursty,1,31.741,31.441,31.241,28.741,25.0,45.0,150.0,,75.0,1.5,30.33,,,0,trial
2026-07-04T20:19:03,forecast_hot_humid_bursty_r1,forecast,hot_humid,bursty,1,31.757,31.457,31.257,28.757,25.0,45.0,150.0,,75.0,1.5,30.33,,,0,trial
2026-07-04T20:19:03,forecast_hot_humid_bursty_r1,forecast,hot_humid,bursty,1,31.772,31.472,31.272,28.772,25.0,45.0,150.0,,75.0,1.5,30.33,,,0,trial
2026-07-04T20:19:03,forecast_hot_humid_bursty_r1,forecast,hot_humid,bursty,1,31.787,31.487,31.287,28.787,25.0,45.0,150.0,,75.0,1.5,30.33,,,0,trial
2026-07-04T20:19:03,forecast_hot_humid_bursty_r1,forecast,hot_humid,bursty,1,31.802,31.502,31.302,28.802,25.0,45.0,150.0,,75.0,1.5,30.33,,,0,trial
2026-07-04T20:19:03,forecast_hot_humid_bursty_r1,forecast,hot_humid,bursty,1,31.817,31.517,31.317,28.817,25.0,45.0,150.0,,75.0,1.5,30.33,,,0,trial
2026-07-04T20:19:03,forecast_hot_humid_bursty_r1,forecast,hot_humid,bursty,1,31.833,31.533,31.333,28.833,25.0,45.0,150.0,,75.0,1.5,30.34,,,0,trial
2026-07-04T20:19:03,forecast_hot_humid_bursty_r1,forecast,hot_humid,bursty,1,31.848,31.548,31.348,28.848,25.0,45.0,150.0,,75.0,1.5,30.34,,,0,trial
2026-07-04T20:19:03,forecast_hot_humid_bursty_r1,forecast,hot_humid,bursty,1,31.863,31.563,31.363,28.863,25.0,45.0,150.0,,75.0,1.5,30.34,,,0,trial
2026-07-04T20:19:03,forecast_hot_humid_bursty_r1,forecast,hot_humid,bursty,1,31.878,31.578,31.378,28.878,25.0,45.0,150.0,,75.0,1.5,30.34,,,0,trial
2026-07-04T20:19:03,forecast_hot_humid_bursty_r1,forecast,hot_humid,bursty,1,31.909,31.609,31.409,28.909,25.0,45.0,150.0,,75.0,1.5,30.34,,,0,trial
2026-07-04T20:19:03,forecast_hot_humid_bursty_r1,forecast,hot_humid,bursty,1,31.924,31.624,31.424,28.924,25.0,45.0,150.0,,75.0,1.5,30.35,,,0,trial
2026-07-04T20:19:03,forecast_hot_humid_bursty_r1,forecast,hot_humid,bursty,1,31.939,31.639,31.439,28.939,25.0,45.0,150.0,,75.0,1.5,30.35,,,0,trial
2026-07-04T20:19:03,forecast_hot_humid_bursty_r1,forecast,hot_humid,bursty,1,31.954,31.654,31.454,28.954,25.0,45.0,150.0,,75.0,1.5,30.35,,,0,trial
2026-07-04T20:19:03,forecast_hot_humid_bursty_r1,forecast,hot_humid,bursty,1,31.969,31.669,31.469,28.969,25.0,45.0,150.0,,75.0,1.5,30.35,,,0,trial
2026-07-04T20:19:03,forecast_hot_humid_bursty_r1,forecast,hot_humid,bursty,1,31.984,31.684,31.484,28.984,25.0,45.0,150.0,,75.0,1.5,30.35,,,0,trial
2026-07-04T20:19:03,forecast_hot_humid_bursty_r1,forecast,hot_humid,bursty,1,31.999,31.699,31.499,28.999,25.0,45.0,150.0,,75.0,1.5,30.36,,,0,trial
2026-07-04T20:19:03,forecast_hot_humid_bursty_r1,forecast,hot_humid,bursty,1,32.014,31.714,31.514,29.014,25.0,45.0,150.0,,75.0,1.5,30.36,,,0,trial
2026-07-04T20:19:03,forecast_hot_humid_bursty_r1,forecast,hot_humid,bursty,1,32.029,31.729,31.529,29.029,25.0,45.0,150.0,,75.0,1.5,30.36,,,0,trial
2026-07-04T20:19:03,forecast_hot_humid_bursty_r1,forecast,hot_humid,bursty,1,32.044,31.744,31.544,29.044,25.0,45.0,150.0,,75.0,1.5,30.36,,,0,trial
2026-07-04T20:19:03,forecast_hot_humid_bursty_r1,forecast,hot_humid,bursty,1,32.06,31.76,31.56,29.06,25.0,45.0,150.0,,75.0,1.5,30.36,,,0,trial
2026-07-04T20:19:03,forecast_hot_humid_bursty_r1,forecast,hot_humid,bursty,1,32.075,31.775,31.575,29.075,25.0,45.0,150.0,,75.0,1.5,30.37,,,0,trial
2026-07-04T20:19:03,forecast_hot_humid_bursty_r1,forecast,hot_humid,bursty,1,32.09,31.79,31.59,29.09,25.0,45.0,150.0,,75.0,1.5,30.37,,,0,trial
2026-07-04T20:19:03,forecast_hot_humid_bursty_r1,forecast,hot_humid,bursty,1,32.105,31.805,31.605,29.105,25.0,45.0,150.0,,75.0,1.5,30.37,,,0,trial
2026-07-04T20:19:03,forecast_hot_humid_bursty_r1,forecast,hot_humid,bursty,1,32.12,31.82,31.62,29.12,25.0,45.0,150.0,,75.0,1.5,30.37,,,0,trial
2026-07-04T20:19:03,forecast_hot_humid_bursty_r1,forecast,hot_humid,bursty,1,32.135,31.835,31.635,29.135,25.0,45.0,150.0,,75.0,1.5,30.38,,,0,trial
2026-07-04T20:19:03,forecast_hot_humid_bursty_r1,forecast,hot_humid,bursty,1,32.15,31.85,31.65,29.15,25.0,45.0,150.0,,75.0,1.5,30.38,,,0,trial
2026-07-04T20:19:03,forecast_hot_humid_bursty_r1,forecast,hot_humid,bursty,1,32.165,31.865,31.665,29.165,25.0,45.0,150.0,,75.0,1.5,30.38,,,0,trial
2026-07-04T20:19:03,forecast_hot_humid_bursty_r1,forecast,hot_humid,bursty,1,32.18,31.88,31.68,29.18,25.0,45.0,150.0,,75.0,1.5,30.38,,,0,trial
2026-07-04T20:19:03,forecast_hot_humid_bursty_r1,forecast,hot_humid,bursty,1,32.195,31.895,31.695,29.195,25.0,45.0,150.0,,75.0,1.5,30.38,,,0,trial
2026-07-04T20:19:03,forecast_hot_humid_bursty_r1,forecast,hot_humid,bursty,1,32.21,31.91,31.71,29.21,25.0,45.0,150.0,,75.0,1.5,30.39,,,0,trial
2026-07-04T20:19:03,forecast_hot_humid_bursty_r1,forecast,hot_humid,bursty,1,32.224,31.924,31.724,29.224,25.0,45.0,150.0,,75.0,1.5,30.39,,,0,trial
2026-07-04T20:19:03,forecast_hot_humid_bursty_r1,forecast,hot_humid,bursty,1,32.239,31.939,31.739,29.239,25.0,45.0,150.0,,75.0,1.5,30.39,,,0,trial
2026-07-04T20:19:03,forecast_hot_humid_bursty_r1,forecast,hot_humid,bursty,1,32.254,31.954,31.754,29.254,25.0,45.0,150.0,,75.0,1.5,30.39,,,0,trial
2026-07-04T20:19:03,forecast_hot_humid_bursty_r1,forecast,hot_humid,bursty,1,32.269,31.969,31.769,29.269,25.0,45.0,150.0,,75.0,1.5,30.4,,,0,trial
2026-07-04T20:19:03,forecast_hot_humid_bursty_r1,forecast,hot_humid,bursty,1,32.284,31.984,31.784,29.284,25.0,45.0,150.0,,75.0,1.5,30.4,,,0,trial
2026-07-04T20:19:03,forecast_hot_humid_bursty_r1,forecast,hot_humid,bursty,1,32.299,31.999,31.799,29.299,25.0,45.0,150.0,,75.0,1.5,30.4,,,0,trial
2026-07-04T20:19:03,forecast_hot_humid_bursty_r1,forecast,hot_humid,bursty,1,32.314,32.014,31.814,29.314,25.0,45.0,150.0,,75.0,1.5,30.4,,,0,trial
2026-07-04T20:19:03,forecast_hot_humid_bursty_r1,forecast,hot_humid,bursty,1,32.329,32.029,31.829,29.329,25.0,45.0,150.0,,75.0,1.5,30.4,,,0,trial
2026-07-04T20:19:03,forecast_hot_humid_bursty_r1,forecast,hot_humid,bursty,1,32.344,32.044,31.844,29.344,25.0,45.0,150.0,,75.0,1.5,30.41,,,0,trial
2026-07-04T20:19:03,forecast_hot_humid_bursty_r1,forecast,hot_humid,bursty,1,32.373,32.073,31.873,29.373,25.0,45.0,150.0,,75.0,1.5,30.41,,,0,trial
2026-07-04T20:19:03,forecast_hot_humid_bursty_r1,forecast,hot_humid,bursty,1,32.388,32.088,31.888,29.388,25.0,45.0,150.0,,75.0,1.5,30.41,,,0,trial
2026-07-04T20:19:03,forecast_hot_humid_bursty_r1,forecast,hot_humid,bursty,1,32.403,32.103,31.903,29.403,25.0,45.0,150.0,,75.0,1.5,30.41,,,0,trial
2026-07-04T20:19:03,forecast_hot_humid_bursty_r1,forecast,hot_humid,bursty,1,32.418,32.118,31.918,29.418,25.0,45.0,150.0,,75.0,1.5,30.42,,,0,trial
2026-07-04T20:19:03,forecast_hot_humid_bursty_r1,forecast,hot_humid,bursty,1,32.433,32.133,31.933,29.433,25.0,45.0,150.0,,75.0,1.5,30.42,,,0,trial
2026-07-04T20:19:03,forecast_hot_humid_bursty_r1,forecast,hot_humid,bursty,1,32.447,32.147,31.947,29.447,25.0,45.0,150.0,,75.0,1.5,30.42,,,0,trial
2026-07-04T20:19:03,forecast_hot_humid_bursty_r1,forecast,hot_humid,bursty,1,32.462,32.162,31.962,29.462,25.0,45.0,150.0,,75.0,1.5,30.42,,,0,trial
2026-07-04T20:19:03,forecast_hot_humid_bursty_r1,forecast,hot_humid,bursty,1,32.477,32.177,31.977,29.477,25.0,45.0,150.0,,75.0,1.5,30.43,,,0,trial
2026-07-04T20:19:03,forecast_hot_humid_bursty_r1,forecast,hot_humid,bursty,1,32.492,32.192,31.992,29.492,25.0,45.0,150.0,,75.0,1.5,30.43,,,0,trial
2026-07-04T20:19:03,forecast_hot_humid_bursty_r1,forecast,hot_humid,bursty,1,32.507,32.207,32.007,29.507,25.0,45.0,150.0,,75.0,1.5,30.43,,,0,trial
2026-07-04T20:19:03,forecast_hot_humid_bursty_r1,forecast,hot_humid,bursty,1,32.521,32.221,32.021,29.521,25.0,45.0,150.0,,75.0,1.5,30.43,,,0,trial
2026-07-04T20:19:03,forecast_hot_humid_bursty_r1,forecast,hot_humid,bursty,1,32.536,32.236,32.036,29.536,25.0,45.0,150.0,,75.0,1.5,30.44,,,0,trial
2026-07-04T20:19:03,forecast_hot_humid_bursty_r1,forecast,hot_humid,bursty,1,32.551,32.251,32.051,29.551,25.0,45.0,150.0,,75.0,1.5,30.44,,,0,trial
2026-07-04T20:19:03,forecast_hot_humid_bursty_r1,forecast,hot_humid,bursty,1,32.565,32.265,32.065,29.565,25.0,45.0,150.0,,75.0,1.5,30.44,,,0,trial
2026-07-04T20:19:03,forecast_hot_humid_bursty_r1,forecast,hot_humid,bursty,1,32.58,32.28,32.08,29.58,25.0,45.0,150.0,,75.0,1.5,30.44,,,0,trial
2026-07-04T20:19:03,forecast_hot_humid_bursty_r1,forecast,hot_humid,bursty,1,32.595,32.295,32.095,29.595,25.0,45.0,150.0,,75.0,1.5,30.45,,,0,trial
2026-07-04T20:19:03,forecast_hot_humid_bursty_r1,forecast,hot_humid,bursty,1,32.61,32.31,32.11,29.61,25.0,45.0,150.0,,75.0,1.5,30.45,,,0,trial
2026-07-04T20:19:03,forecast_hot_humid_bursty_r1,forecast,hot_humid,bursty,1,32.624,32.324,32.124,29.624,25.0,45.0,150.0,,75.0,1.5,30.45,,,0,trial
2026-07-04T20:19:03,forecast_hot_humid_bursty_r1,forecast,hot_humid,bursty,1,32.639,32.339,32.139,29.639,25.0,45.0,150.0,,75.0,1.5,30.45,,,0,trial
2026-07-04T20:19:03,forecast_hot_humid_bursty_r1,forecast,hot_humid,bursty,1,32.654,32.354,32.154,29.654,25.0,45.0,150.0,,75.0,1.5,30.46,,,0,trial
2026-07-04T20:19:03,forecast_hot_humid_bursty_r1,forecast,hot_humid,bursty,1,32.668,32.368,32.168,29.668,25.0,45.0,150.0,,75.0,1.5,30.46,,,0,trial
2026-07-04T20:19:03,forecast_hot_humid_bursty_r1,forecast,hot_humid,bursty,1,32.683,32.383,32.183,29.683,25.0,45.0,150.0,,75.0,1.5,30.46,,,0,trial
2026-07-04T20:19:03,forecast_hot_humid_bursty_r1,forecast,hot_humid,bursty,1,32.697,32.397,32.197,29.697,25.0,45.0,150.0,,75.0,1.5,30.47,,,0,trial
2026-07-04T20:19:03,forecast_hot_humid_bursty_r1,forecast,hot_humid,bursty,1,32.712,32.412,32.212,29.712,25.0,45.0,150.0,,75.0,1.5,30.47,,,0,trial
2026-07-04T20:19:03,forecast_hot_humid_bursty_r1,forecast,hot_humid,bursty,1,32.727,32.427,32.227,29.727,25.0,45.0,150.0,,75.0,1.5,30.47,,,0,trial
2026-07-04T20:19:03,forecast_hot_humid_bursty_r1,forecast,hot_humid,bursty,1,32.741,32.441,32.241,29.741,25.0,45.0,150.0,,75.0,1.5,30.47,,,0,trial
2026-07-04T20:19:03,forecast_hot_humid_bursty_r1,forecast,hot_humid,bursty,1,32.756,32.456,32.256,29.756,25.0,45.0,150.0,,75.0,1.5,30.48,,,0,trial
2026-07-04T20:19:03,forecast_hot_humid_bursty_r1,forecast,hot_humid,bursty,1,32.77,32.47,32.27,29.77,25.0,45.0,150.0,,75.0,1.5,30.48,,,0,trial
2026-07-04T20:19:03,forecast_hot_humid_bursty_r1,forecast,hot_humid,bursty,1,32.785,32.485,32.285,29.785,25.0,45.0,150.0,,75.0,1.5,30.48,,,0,trial
2026-07-04T20:19:03,forecast_hot_humid_bursty_r1,forecast,hot_humid,bursty,1,32.8,32.5,32.3,29.8,25.0,45.0,150.0,,75.0,1.5,30.49,,,0,trial
2026-07-04T20:19:03,forecast_hot_humid_bursty_r1,forecast,hot_humid,bursty,1,32.829,32.529,32.329,29.829,25.0,45.0,150.0,,75.0,1.5,30.49,,,0,trial
2026-07-04T20:19:03,forecast_hot_humid_bursty_r1,forecast,hot_humid,bursty,1,32.843,32.543,32.343,29.843,25.0,45.0,150.0,,75.0,1.5,30.49,,,0,trial
2026-07-04T20:19:03,forecast_hot_humid_bursty_r1,forecast,hot_humid,bursty,1,32.858,32.558,32.358,29.858,25.0,45.0,150.0,,75.0,1.5,30.49,,,0,trial
2026-07-04T20:19:03,forecast_hot_humid_bursty_r1,forecast,hot_humid,bursty,1,32.872,32.572,32.372,29.872,25.0,45.0,150.0,,75.0,1.5,30.5,,,0,trial
2026-07-04T20:19:03,forecast_hot_humid_bursty_r1,forecast,hot_humid,bursty,1,32.887,32.587,32.387,29.887,25.0,45.0,150.0,,75.0,1.5,30.5,,,0,trial
2026-07-04T20:19:03,forecast_hot_humid_bursty_r1,forecast,hot_humid,bursty,1,32.901,32.601,32.401,29.901,25.0,45.0,150.0,,75.0,1.5,30.5,,,0,trial
2026-07-04T20:19:03,forecast_hot_humid_bursty_r1,forecast,hot_humid,bursty,1,32.916,32.616,32.416,29.916,25.0,45.0,150.0,,75.0,1.5,30.51,,,0,trial
2026-07-04T20:19:03,forecast_hot_humid_bursty_r1,forecast,hot_humid,bursty,1,32.93,32.63,32.43,29.93,25.0,45.0,150.0,,75.0,1.5,30.51,,,0,trial
2026-07-04T20:19:03,forecast_hot_humid_bursty_r1,forecast,hot_humid,bursty,1,32.945,32.645,32.445,29.945,25.0,45.0,150.0,,75.0,1.5,30.51,,,0,trial
2026-07-04T20:19:03,forecast_hot_humid_bursty_r1,forecast,hot_humid,bursty,1,32.959,32.659,32.459,29.959,25.0,45.0,150.0,,75.0,1.5,30.51,,,0,trial
2026-07-04T20:19:03,forecast_hot_humid_bursty_r1,forecast,hot_humid,bursty,1,32.974,32.674,32.474,29.974,25.0,45.0,150.0,,75.0,1.5,30.52,,,0,trial
2026-07-04T20:19:03,forecast_hot_humid_bursty_r1,forecast,hot_humid,bursty,1,32.988,32.688,32.488,29.988,25.0,45.0,150.0,,75.0,1.5,30.52,,,0,trial
2026-07-04T20:19:03,forecast_hot_humid_bursty_r1,forecast,hot_humid,bursty,1,33.002,32.702,32.502,30.002,25.0,45.0,150.0,,75.0,1.5,30.52,,,0,trial
2026-07-04T20:19:03,forecast_hot_humid_bursty_r1,forecast,hot_humid,bursty,1,33.017,32.717,32.517,30.017,25.0,45.0,150.0,,75.0,1.5,30.53,,,0,trial
2026-07-04T20:19:03,forecast_hot_humid_bursty_r1,forecast,hot_humid,bursty,1,33.031,32.731,32.531,30.031,25.0,45.0,150.0,,75.0,1.5,30.53,,,0,trial
2026-07-04T20:19:03,forecast_hot_humid_bursty_r1,forecast,hot_humid,bursty,1,33.046,32.746,32.546,30.046,25.0,45.0,150.0,,75.0,1.5,30.53,,,0,trial
2026-07-04T20:19:03,forecast_hot_humid_bursty_r1,forecast,hot_humid,bursty,1,33.06,32.76,32.56,30.06,25.0,45.0,150.0,,75.0,1.5,30.54,,,0,trial
2026-07-04T20:19:03,forecast_hot_humid_bursty_r1,forecast,hot_humid,bursty,1,33.074,32.774,32.574,30.074,25.0,45.0,150.0,,75.0,1.5,30.54,,,0,trial
2026-07-04T20:19:03,forecast_hot_humid_bursty_r1,forecast,hot_humid,bursty,1,33.089,32.789,32.589,30.089,25.0,45.0,150.0,,75.0,1.5,30.54,,,0,trial
2026-07-04T20:19:03,forecast_hot_humid_bursty_r1,forecast,hot_humid,bursty,1,33.103,32.803,32.603,30.103,25.0,45.0,150.0,,75.0,1.5,30.55,,,0,trial
2026-07-04T20:19:03,forecast_hot_humid_bursty_r1,forecast,hot_humid,bursty,1,33.118,32.818,32.618,30.118,25.0,45.0,150.0,,75.0,1.5,30.55,,,0,trial
2026-07-04T20:19:03,forecast_hot_humid_bursty_r1,forecast,hot_humid,bursty,1,33.132,32.832,32.632,30.132,25.0,45.0,150.0,,75.0,1.5,30.55,,,0,trial
2026-07-04T20:19:03,forecast_hot_humid_bursty_r1,forecast,hot_humid,bursty,1,33.146,32.846,32.646,30.146,25.0,45.0,150.0,,75.0,1.5,30.56,,,0,trial
2026-07-04T20:19:03,forecast_hot_humid_bursty_r1,forecast,hot_humid,bursty,1,33.161,32.861,32.661,30.161,25.0,45.0,150.0,,75.0,1.5,30.56,,,0,trial
2026-07-04T20:19:03,forecast_hot_humid_bursty_r1,forecast,hot_humid,bursty,1,33.175,32.875,32.675,30.175,25.0,45.0,150.0,,75.0,1.5,30.56,,,0,trial
2026-07-04T20:19:03,forecast_hot_humid_bursty_r1,forecast,hot_humid,bursty,1,33.189,32.889,32.689,30.189,25.0,45.0,150.0,,75.0,1.5,30.57,,,0,trial
2026-07-04T20:19:03,forecast_hot_humid_bursty_r1,forecast,hot_humid,bursty,1,33.203,32.903,32.703,30.203,25.0,45.0,150.0,,75.0,1.5,30.57,,,0,trial
2026-07-04T20:19:03,forecast_hot_humid_bursty_r1,forecast,hot_humid,bursty,1,33.218,32.918,32.718,30.218,25.0,45.0,150.0,,75.0,1.5,30.57,,,0,trial
2026-07-04T20:19:03,forecast_hot_humid_bursty_r1,forecast,hot_humid,bursty,1,33.232,32.932,32.732,30.232,25.0,45.0,150.0,,75.0,1.5,30.58,,,0,trial
2026-07-04T20:19:03,forecast_hot_humid_bursty_r1,forecast,hot_humid,bursty,1,33.246,32.946,32.746,30.246,25.0,45.0,150.0,,75.0,1.5,30.58,,,0,trial
2026-07-04T20:19:03,forecast_hot_humid_bursty_r1,forecast,hot_humid,bursty,1,33.274,32.974,32.774,30.274,25.0,45.0,150.0,,100.0,2.0,30.58,,,0,trial
2026-07-04T20:19:03,forecast_hot_humid_bursty_r1,forecast,hot_humid,bursty,1,33.287,32.987,32.787,30.287,25.0,45.0,150.0,,100.0,2.0,30.59,,,0,trial
2026-07-04T20:19:03,forecast_hot_humid_bursty_r1,forecast,hot_humid,bursty,1,33.3,33.0,32.8,30.3,25.0,45.0,150.0,,100.0,2.0,30.59,,,0,trial
2026-07-04T20:19:03,forecast_hot_humid_bursty_r1,forecast,hot_humid,bursty,1,33.313,33.013,32.813,30.313,25.0,45.0,150.0,,100.0,2.0,30.59,,,0,trial
2026-07-04T20:19:03,forecast_hot_humid_bursty_r1,forecast,hot_humid,bursty,1,33.327,33.027,32.827,30.327,25.0,45.0,150.0,,100.0,2.0,30.6,,,0,trial
2026-07-04T20:19:03,forecast_hot_humid_bursty_r1,forecast,hot_humid,bursty,1,33.34,33.04,32.84,30.34,25.0,45.0,150.0,,100.0,2.0,30.6,,,0,trial
2026-07-04T20:19:03,forecast_hot_humid_bursty_r1,forecast,hot_humid,bursty,1,33.353,33.053,32.853,30.353,25.0,45.0,150.0,,100.0,2.0,30.6,,,0,trial
2026-07-04T20:19:03,forecast_hot_humid_bursty_r1,forecast,hot_humid,bursty,1,33.366,33.066,32.866,30.366,25.0,45.0,150.0,,100.0,2.0,30.61,,,0,trial
2026-07-04T20:19:03,forecast_hot_humid_bursty_r1,forecast,hot_humid,bursty,1,33.379,33.079,32.879,30.379,25.0,45.0,150.0,,100.0,2.0,30.61,,,0,trial
2026-07-04T20:19:03,forecast_hot_humid_bursty_r1,forecast,hot_humid,bursty,1,33.392,33.092,32.892,30.392,25.0,45.0,150.0,,100.0,2.0,30.61,,,0,trial
2026-07-04T20:19:03,forecast_hot_humid_bursty_r1,forecast,hot_humid,bursty,1,33.405,33.105,32.905,30.405,25.0,45.0,150.0,,100.0,2.0,30.62,,,0,trial
2026-07-04T20:19:03,forecast_hot_humid_bursty_r1,forecast,hot_humid,bursty,1,33.418,33.118,32.918,30.418,25.0,45.0,150.0,,100.0,2.0,30.62,,,0,trial
2026-07-04T20:19:03,forecast_hot_humid_bursty_r1,forecast,hot_humid,bursty,1,33.432,33.132,32.932,30.432,25.0,45.0,150.0,,100.0,2.0,30.63,,,0,trial
2026-07-04T20:19:03,forecast_hot_humid_bursty_r1,forecast,hot_humid,bursty,1,33.445,33.145,32.945,30.445,25.0,45.0,150.0,,100.0,2.0,30.63,,,0,trial
2026-07-04T20:19:03,forecast_hot_humid_bursty_r1,forecast,hot_humid,bursty,1,33.458,33.158,32.958,30.458,25.0,45.0,150.0,,100.0,2.0,30.63,,,0,trial
2026-07-04T20:19:03,forecast_hot_humid_bursty_r1,forecast,hot_humid,bursty,1,33.471,33.171,32.971,30.471,25.0,45.0,150.0,,100.0,2.0,30.64,,,0,trial
2026-07-04T20:19:03,forecast_hot_humid_bursty_r1,forecast,hot_humid,bursty,1,33.484,33.184,32.984,30.484,25.0,45.0,150.0,,100.0,2.0,30.64,,,0,trial
2026-07-04T20:19:03,forecast_hot_humid_bursty_r1,forecast,hot_humid,bursty,1,33.497,33.197,32.997,30.497,25.0,45.0,150.0,,100.0,2.0,30.64,,,0,trial
2026-07-04T20:19:03,forecast_hot_humid_bursty_r1,forecast,hot_humid,bursty,1,33.51,33.21,33.01,30.51,25.0,45.0,150.0,,100.0,2.0,30.65,,,0,trial
2026-07-04T20:19:03,forecast_hot_humid_bursty_r1,forecast,hot_humid,bursty,1,33.523,33.223,33.023,30.523,25.0,45.0,150.0,,100.0,2.0,30.65,,,0,trial
2026-07-04T20:19:03,forecast_hot_humid_bursty_r1,forecast,hot_humid,bursty,1,33.536,33.236,33.036,30.536,25.0,45.0,150.0,,100.0,2.0,30.66,,,0,trial
2026-07-04T20:19:03,forecast_hot_humid_bursty_r1,forecast,hot_humid,bursty,1,33.549,33.249,33.049,30.549,25.0,45.0,150.0,,100.0,2.0,30.66,,,0,trial
2026-07-04T20:19:03,forecast_hot_humid_bursty_r1,forecast,hot_humid,bursty,1,33.562,33.262,33.062,30.562,25.0,45.0,150.0,,100.0,2.0,30.66,,,0,trial
2026-07-04T20:19:03,forecast_hot_humid_bursty_r1,forecast,hot_humid,bursty,1,33.575,33.275,33.075,30.575,25.0,45.0,150.0,,100.0,2.0,30.67,,,0,trial
2026-07-04T20:19:03,forecast_hot_humid_bursty_r1,forecast,hot_humid,bursty,1,33.588,33.288,33.088,30.588,25.0,45.0,150.0,,100.0,2.0,30.67,,,0,trial
2026-07-04T20:19:03,forecast_hot_humid_bursty_r1,forecast,hot_humid,bursty,1,33.601,33.301,33.101,30.601,25.0,45.0,150.0,,100.0,2.0,30.68,,,0,trial
2026-07-04T20:19:03,forecast_hot_humid_bursty_r1,forecast,hot_humid,bursty,1,33.614,33.314,33.114,30.614,25.0,45.0,150.0,,100.0,2.0,30.68,,,0,trial
2026-07-04T20:19:03,forecast_hot_humid_bursty_r1,forecast,hot_humid,bursty,1,33.627,33.327,33.127,30.627,25.0,45.0,150.0,,100.0,2.0,30.68,,,0,trial
2026-07-04T20:19:03,forecast_hot_humid_bursty_r1,forecast,hot_humid,bursty,1,33.64,33.34,33.14,30.64,25.0,45.0,150.0,,100.0,2.0,30.69,,,0,trial
2026-07-04T20:19:03,forecast_hot_humid_bursty_r1,forecast,hot_humid,bursty,1,33.652,33.352,33.152,30.652,25.0,45.0,150.0,,100.0,2.0,30.69,,,0,trial
2026-07-04T20:19:03,forecast_hot_humid_bursty_r1,forecast,hot_humid,bursty,1,33.678,33.378,33.178,30.678,25.0,45.0,150.0,,100.0,2.0,30.7,,,0,trial
2026-07-04T20:19:03,forecast_hot_humid_bursty_r1,forecast,hot_humid,bursty,1,33.691,33.391,33.191,30.691,25.0,45.0,150.0,,100.0,2.0,30.7,,,0,trial
2026-07-04T20:19:03,forecast_hot_humid_bursty_r1,forecast,hot_humid,bursty,1,33.704,33.404,33.204,30.704,25.0,45.0,150.0,,100.0,2.0,30.7,,,0,trial
2026-07-04T20:19:03,forecast_hot_humid_bursty_r1,forecast,hot_humid,bursty,1,33.717,33.417,33.217,30.717,25.0,45.0,150.0,,100.0,2.0,30.71,,,0,trial
2026-07-04T20:19:03,forecast_hot_humid_bursty_r1,forecast,hot_humid,bursty,1,33.73,33.43,33.23,30.73,25.0,45.0,150.0,,100.0,2.0,30.71,,,0,trial
2026-07-04T20:19:03,forecast_hot_humid_bursty_r1,forecast,hot_humid,bursty,1,33.743,33.443,33.243,30.743,25.0,45.0,150.0,,100.0,2.0,30.72,,,0,trial
2026-07-04T20:19:03,forecast_hot_humid_bursty_r1,forecast,hot_humid,bursty,1,33.755,33.455,33.255,30.755,25.0,45.0,150.0,,100.0,2.0,30.72,,,0,trial
2026-07-04T20:19:03,forecast_hot_humid_bursty_r1,forecast,hot_humid,bursty,1,33.768,33.468,33.268,30.768,25.0,45.0,150.0,,100.0,2.0,30.72,,,0,trial
2026-07-04T20:19:03,forecast_hot_humid_bursty_r1,forecast,hot_humid,bursty,1,33.781,33.481,33.281,30.781,25.0,45.0,150.0,,100.0,2.0,30.73,,,0,trial
2026-07-04T20:19:03,forecast_hot_humid_bursty_r1,forecast,hot_humid,bursty,1,33.794,33.494,33.294,30.794,25.0,45.0,150.0,,100.0,2.0,30.73,,,0,trial
2026-07-04T20:19:03,forecast_hot_humid_bursty_r1,forecast,hot_humid,bursty,1,33.807,33.507,33.307,30.807,25.0,45.0,150.0,,100.0,2.0,30.74,,,0,trial
2026-07-04T20:19:03,forecast_hot_humid_bursty_r1,forecast,hot_humid,bursty,1,33.819,33.519,33.319,30.819,25.0,45.0,150.0,,100.0,2.0,30.74,,,0,trial
2026-07-04T20:19:03,forecast_hot_humid_bursty_r1,forecast,hot_humid,bursty,1,33.832,33.532,33.332,30.832,25.0,45.0,150.0,,100.0,2.0,30.75,,,0,trial
2026-07-04T20:19:03,forecast_hot_humid_bursty_r1,forecast,hot_humid,bursty,1,33.845,33.545,33.345,30.845,25.0,45.0,150.0,,100.0,2.0,30.75,,,0,trial
2026-07-04T20:19:03,forecast_hot_humid_bursty_r1,forecast,hot_humid,bursty,1,33.858,33.558,33.358,30.858,25.0,45.0,150.0,,100.0,2.0,30.75,,,0,trial
2026-07-04T20:19:03,forecast_hot_humid_bursty_r1,forecast,hot_humid,bursty,1,33.871,33.571,33.371,30.871,25.0,45.0,150.0,,100.0,2.0,30.76,,,0,trial
2026-07-04T20:19:03,forecast_hot_humid_bursty_r1,forecast,hot_humid,bursty,1,33.883,33.583,33.383,30.883,25.0,45.0,150.0,,100.0,2.0,30.76,,,0,trial
2026-07-04T20:19:03,forecast_hot_humid_bursty_r1,forecast,hot_humid,bursty,1,33.896,33.596,33.396,30.896,25.0,45.0,150.0,,100.0,2.0,30.77,,,0,trial
2026-07-04T20:19:03,forecast_hot_humid_bursty_r1,forecast,hot_humid,bursty,1,33.909,33.609,33.409,30.909,25.0,45.0,150.0,,100.0,2.0,30.77,,,0,trial
2026-07-04T20:19:03,forecast_hot_humid_bursty_r1,forecast,hot_humid,bursty,1,33.921,33.621,33.421,30.921,25.0,45.0,150.0,,100.0,2.0,30.78,,,0,trial
2026-07-04T20:19:03,forecast_hot_humid_bursty_r1,forecast,hot_humid,bursty,1,33.934,33.634,33.434,30.934,25.0,45.0,150.0,,100.0,2.0,30.78,,,0,trial
2026-07-04T20:19:03,forecast_hot_humid_bursty_r1,forecast,hot_humid,bursty,1,33.947,33.647,33.447,30.947,25.0,45.0,150.0,,100.0,2.0,30.79,,,0,trial
2026-07-04T20:19:03,forecast_hot_humid_bursty_r1,forecast,hot_humid,bursty,1,33.959,33.659,33.459,30.959,25.0,45.0,150.0,,100.0,2.0,30.79,,,0,trial
2026-07-04T20:19:03,forecast_hot_humid_bursty_r1,forecast,hot_humid,bursty,1,33.972,33.672,33.472,30.972,25.0,45.0,150.0,,100.0,2.0,30.79,,,0,trial
2026-07-04T20:19:03,forecast_hot_humid_bursty_r1,forecast,hot_humid,bursty,1,33.985,33.685,33.485,30.985,25.0,45.0,150.0,,100.0,2.0,30.8,,,0,trial
2026-07-04T20:19:03,forecast_hot_humid_bursty_r1,forecast,hot_humid,bursty,1,33.997,33.697,33.497,30.997,25.0,45.0,150.0,,100.0,2.0,30.8,,,0,trial
2026-07-04T20:19:03,forecast_hot_humid_bursty_r1,forecast,hot_humid,bursty,1,34.01,33.71,33.51,31.01,25.0,45.0,150.0,,100.0,2.0,30.81,,,0,trial
2026-07-04T20:19:03,forecast_hot_humid_bursty_r1,forecast,hot_humid,bursty,1,34.023,33.723,33.523,31.023,25.0,45.0,150.0,,100.0,2.0,30.81,,,0,trial
2026-07-04T20:19:03,forecast_hot_humid_bursty_r1,forecast,hot_humid,bursty,1,34.035,33.735,33.535,31.035,25.0,45.0,150.0,,100.0,2.0,30.82,,,0,trial
2026-07-04T20:19:03,forecast_hot_humid_bursty_r1,forecast,hot_humid,bursty,1,34.048,33.748,33.548,31.048,25.0,45.0,150.0,,100.0,2.0,30.82,,,0,trial
2026-07-04T20:19:03,forecast_hot_humid_bursty_r1,forecast,hot_humid,bursty,1,34.049,33.749,33.549,31.049,25.0,45.0,60.0,,100.0,2.0,30.83,,,0,trial
2026-07-04T20:19:03,forecast_hot_humid_bursty_r1,forecast,hot_humid,bursty,1,34.05,33.75,33.55,31.05,25.0,45.0,60.0,,100.0,2.0,30.83,,,0,trial
2026-07-04T20:19:03,forecast_hot_humid_bursty_r1,forecast,hot_humid,bursty,1,34.051,33.751,33.551,31.051,25.0,45.0,60.0,,100.0,2.0,30.84,,,0,trial
2026-07-04T20:19:03,forecast_hot_humid_bursty_r1,forecast,hot_humid,bursty,1,34.052,33.752,33.552,31.052,25.0,45.0,60.0,,100.0,2.0,30.84,,,0,trial
2026-07-04T20:19:03,forecast_hot_humid_bursty_r1,forecast,hot_humid,bursty,1,34.052,33.752,33.552,31.052,25.0,45.0,60.0,,100.0,2.0,30.85,,,0,trial
2026-07-04T20:19:03,forecast_hot_humid_bursty_r1,forecast,hot_humid,bursty,1,34.053,33.753,33.553,31.053,25.0,45.0,60.0,,100.0,2.0,30.85,,,0,trial
2026-07-04T20:19:03,forecast_hot_humid_bursty_r1,forecast,hot_humid,bursty,1,34.054,33.754,33.554,31.054,25.0,45.0,60.0,,100.0,2.0,30.86,,,0,trial
2026-07-04T20:19:03,forecast_hot_humid_bursty_r1,forecast,hot_humid,bursty,1,34.055,33.755,33.555,31.055,25.0,45.0,60.0,,100.0,2.0,30.86,,,0,trial
2026-07-04T20:19:03,forecast_hot_humid_bursty_r1,forecast,hot_humid,bursty,1,34.055,33.755,33.555,31.055,25.0,45.0,60.0,,100.0,2.0,30.87,,,0,trial
2026-07-04T20:19:03,forecast_hot_humid_bursty_r1,forecast,hot_humid,bursty,1,34.056,33.756,33.556,31.056,25.0,45.0,60.0,,100.0,2.0,30.87,,,0,trial
2026-07-04T20:19:03,forecast_hot_humid_bursty_r1,forecast,hot_humid,bursty,1,34.057,33.757,33.557,31.057,25.0,45.0,60.0,,100.0,2.0,30.88,,,0,trial
2026-07-04T20:19:03,forecast_hot_humid_bursty_r1,forecast,hot_humid,bursty,1,34.058,33.758,33.558,31.058,25.0,45.0,60.0,,100.0,2.0,30.88,,,0,trial
2026-07-04T20:19:03,forecast_hot_humid_bursty_r1,forecast,hot_humid,bursty,1,34.058,33.758,33.558,31.058,25.0,45.0,60.0,,100.0,2.0,30.89,,,0,trial
2026-07-04T20:19:03,forecast_hot_humid_bursty_r1,forecast,hot_humid,bursty,1,34.059,33.759,33.559,31.059,25.0,45.0,60.0,,100.0,2.0,30.89,,,0,trial
2026-07-04T20:19:03,forecast_hot_humid_bursty_r1,forecast,hot_humid,bursty,1,34.06,33.76,33.56,31.06,25.0,45.0,60.0,,100.0,2.0,30.9,,,0,trial
2026-07-04T20:19:03,forecast_hot_humid_bursty_r1,forecast,hot_humid,bursty,1,34.061,33.761,33.561,31.061,25.0,45.0,60.0,,100.0,2.0,30.9,,,0,trial
2026-07-04T20:19:03,forecast_hot_humid_bursty_r1,forecast,hot_humid,bursty,1,34.061,33.761,33.561,31.061,25.0,45.0,60.0,,100.0,2.0,30.91,,,0,trial
2026-07-04T20:19:03,forecast_hot_humid_bursty_r1,forecast,hot_humid,bursty,1,34.062,33.762,33.562,31.062,25.0,45.0,60.0,,100.0,2.0,30.91,,,0,trial
2026-07-04T20:19:03,forecast_hot_humid_bursty_r1,forecast,hot_humid,bursty,1,34.063,33.763,33.563,31.063,25.0,45.0,60.0,,100.0,2.0,30.92,,,0,trial
2026-07-04T20:19:03,forecast_hot_humid_bursty_r1,forecast,hot_humid,bursty,1,34.064,33.764,33.564,31.064,25.0,45.0,60.0,,100.0,2.0,30.92,,,0,trial
2026-07-04T20:19:03,forecast_hot_humid_bursty_r1,forecast,hot_humid,bursty,1,34.064,33.764,33.564,31.064,25.0,45.0,60.0,,100.0,2.0,30.93,,,0,trial
2026-07-04T20:19:03,forecast_hot_humid_bursty_r1,forecast,hot_humid,bursty,1,34.065,33.765,33.565,31.065,25.0,45.0,60.0,,100.0,2.0,30.93,,,0,trial
2026-07-04T20:19:03,forecast_hot_humid_bursty_r1,forecast,hot_humid,bursty,1,34.066,33.766,33.566,31.066,25.0,45.0,60.0,,100.0,2.0,30.94,,,0,trial
2026-07-04T20:19:03,forecast_hot_humid_bursty_r1,forecast,hot_humid,bursty,1,34.066,33.766,33.566,31.066,25.0,45.0,60.0,,100.0,2.0,30.94,,,0,trial
2026-07-04T20:19:03,forecast_hot_humid_bursty_r1,forecast,hot_humid,bursty,1,34.067,33.767,33.567,31.067,25.0,45.0,60.0,,100.0,2.0,30.95,,,0,trial
2026-07-04T20:19:03,forecast_hot_humid_bursty_r1,forecast,hot_humid,bursty,1,34.068,33.768,33.568,31.068,25.0,45.0,60.0,,100.0,2.0,30.95,,,0,trial
2026-07-04T20:19:03,forecast_hot_humid_bursty_r1,forecast,hot_humid,bursty,1,34.069,33.769,33.569,31.069,25.0,45.0,60.0,,100.0,2.0,30.96,,,0,trial
2026-07-04T20:19:03,forecast_hot_humid_bursty_r1,forecast,hot_humid,bursty,1,34.069,33.769,33.569,31.069,25.0,45.0,60.0,,100.0,2.0,30.97,,,0,trial
2026-07-04T20:19:03,forecast_hot_humid_bursty_r1,forecast,hot_humid,bursty,1,34.07,33.77,33.57,31.07,25.0,45.0,60.0,,100.0,2.0,30.97,,,0,trial
2026-07-04T20:19:03,forecast_hot_humid_bursty_r1,forecast,hot_humid,bursty,1,34.071,33.771,33.571,31.071,25.0,45.0,60.0,,100.0,2.0,30.98,,,0,trial
2026-07-04T20:19:03,forecast_hot_humid_bursty_r1,forecast,hot_humid,bursty,1,34.072,33.772,33.572,31.072,25.0,45.0,60.0,,100.0,2.0,30.98,,,0,trial
2026-07-04T20:19:03,forecast_hot_humid_bursty_r1,forecast,hot_humid,bursty,1,34.073,33.773,33.573,31.073,25.0,45.0,60.0,,100.0,2.0,30.99,,,0,trial
2026-07-04T20:19:03,forecast_hot_humid_bursty_r1,forecast,hot_humid,bursty,1,34.074,33.774,33.574,31.074,25.0,45.0,60.0,,100.0,2.0,30.99,,,0,trial
2026-07-04T20:19:03,forecast_hot_humid_bursty_r1,forecast,hot_humid,bursty,1,34.075,33.775,33.575,31.075,25.0,45.0,60.0,,100.0,2.0,31.0,,,0,trial
2026-07-04T20:19:03,forecast_hot_humid_bursty_r1,forecast,hot_humid,bursty,1,34.075,33.775,33.575,31.075,25.0,45.0,60.0,,100.0,2.0,31.0,,,0,trial
2026-07-04T20:19:03,forecast_hot_humid_bursty_r1,forecast,hot_humid,bursty,1,34.076,33.776,33.576,31.076,25.0,45.0,60.0,,100.0,2.0,31.01,,,0,trial
2026-07-04T20:19:03,forecast_hot_humid_bursty_r1,forecast,hot_humid,bursty,1,34.077,33.777,33.577,31.077,25.0,45.0,60.0,,100.0,2.0,31.02,,,0,trial
2026-07-04T20:19:03,forecast_hot_humid_bursty_r1,forecast,hot_humid,bursty,1,34.077,33.777,33.577,31.077,25.0,45.0,60.0,,100.0,2.0,31.02,,,0,trial
2026-07-04T20:19:03,forecast_hot_humid_bursty_r1,forecast,hot_humid,bursty,1,34.078,33.778,33.578,31.078,25.0,45.0,60.0,,100.0,2.0,31.03,,,0,trial
2026-07-04T20:19:03,forecast_hot_humid_bursty_r1,forecast,hot_humid,bursty,1,34.079,33.779,33.579,31.079,25.0,45.0,60.0,,100.0,2.0,31.03,,,0,trial
2026-07-04T20:19:03,forecast_hot_humid_bursty_r1,forecast,hot_humid,bursty,1,34.08,33.78,33.58,31.08,25.0,45.0,60.0,,100.0,2.0,31.04,,,0,trial
2026-07-04T20:19:03,forecast_hot_humid_bursty_r1,forecast,hot_humid,bursty,1,34.08,33.78,33.58,31.08,25.0,45.0,60.0,,100.0,2.0,31.04,,,0,trial
2026-07-04T20:19:03,forecast_hot_humid_bursty_r1,forecast,hot_humid,bursty,1,34.081,33.781,33.581,31.081,25.0,45.0,60.0,,100.0,2.0,31.05,,,0,trial
2026-07-04T20:19:03,forecast_hot_humid_bursty_r1,forecast,hot_humid,bursty,1,34.082,33.782,33.582,31.082,25.0,45.0,60.0,,100.0,2.0,31.06,,,0,trial
2026-07-04T20:19:03,forecast_hot_humid_bursty_r1,forecast,hot_humid,bursty,1,34.083,33.783,33.583,31.083,25.0,45.0,60.0,,100.0,2.0,31.06,,,0,trial
2026-07-04T20:19:03,forecast_hot_humid_bursty_r1,forecast,hot_humid,bursty,1,34.083,33.783,33.583,31.083,25.0,45.0,60.0,,100.0,2.0,31.07,,,0,trial
2026-07-04T20:19:03,forecast_hot_humid_bursty_r1,forecast,hot_humid,bursty,1,34.084,33.784,33.584,31.084,25.0,45.0,60.0,,100.0,2.0,31.07,,,0,trial
2026-07-04T20:19:03,forecast_hot_humid_bursty_r1,forecast,hot_humid,bursty,1,34.085,33.785,33.585,31.085,25.0,45.0,60.0,,100.0,2.0,31.08,,,0,trial
2026-07-04T20:19:03,forecast_hot_humid_bursty_r1,forecast,hot_humid,bursty,1,34.085,33.785,33.585,31.085,25.0,45.0,60.0,,100.0,2.0,31.09,,,0,trial
2026-07-04T20:19:03,forecast_hot_humid_bursty_r1,forecast,hot_humid,bursty,1,34.086,33.786,33.586,31.086,25.0,45.0,60.0,,100.0,2.0,31.09,,,0,trial
2026-07-04T20:19:03,forecast_hot_humid_bursty_r1,forecast,hot_humid,bursty,1,34.087,33.787,33.587,31.087,25.0,45.0,60.0,,100.0,2.0,31.1,,,0,trial
2026-07-04T20:19:03,forecast_hot_humid_bursty_r1,forecast,hot_humid,bursty,1,34.088,33.788,33.588,31.088,25.0,45.0,60.0,,100.0,2.0,31.1,,,0,trial
2026-07-04T20:19:03,forecast_hot_humid_bursty_r1,forecast,hot_humid,bursty,1,34.088,33.788,33.588,31.088,25.0,45.0,60.0,,100.0,2.0,31.11,,,0,trial
2026-07-04T20:19:03,forecast_hot_humid_bursty_r1,forecast,hot_humid,bursty,1,34.089,33.789,33.589,31.089,25.0,45.0,60.0,,100.0,2.0,31.12,,,0,trial
2026-07-04T20:19:03,forecast_hot_humid_bursty_r1,forecast,hot_humid,bursty,1,34.09,33.79,33.59,31.09,25.0,45.0,60.0,,100.0,2.0,31.12,,,0,trial
2026-07-04T20:19:03,forecast_hot_humid_bursty_r1,forecast,hot_humid,bursty,1,34.091,33.791,33.591,31.091,25.0,45.0,60.0,,100.0,2.0,31.13,,,0,trial
2026-07-04T20:19:03,forecast_hot_humid_bursty_r1,forecast,hot_humid,bursty,1,34.091,33.791,33.591,31.091,25.0,45.0,60.0,,100.0,2.0,31.14,,,0,trial
2026-07-04T20:19:03,forecast_hot_humid_bursty_r1,forecast,hot_humid,bursty,1,34.092,33.792,33.592,31.092,25.0,45.0,60.0,,100.0,2.0,31.14,,,0,trial
2026-07-04T20:19:03,forecast_hot_humid_bursty_r1,forecast,hot_humid,bursty,1,34.093,33.793,33.593,31.093,25.0,45.0,60.0,,100.0,2.0,31.15,,,0,trial
2026-07-04T20:19:03,forecast_hot_humid_bursty_r1,forecast,hot_humid,bursty,1,34.093,33.793,33.593,31.093,25.0,45.0,60.0,,100.0,2.0,31.15,,,0,trial
2026-07-04T20:19:03,forecast_hot_humid_bursty_r1,forecast,hot_humid,bursty,1,34.095,33.795,33.595,31.095,25.0,45.0,60.0,,100.0,2.0,31.16,,,0,trial
2026-07-04T20:19:03,forecast_hot_humid_bursty_r1,forecast,hot_humid,bursty,1,34.096,33.796,33.596,31.096,25.0,45.0,60.0,,100.0,2.0,31.17,,,0,trial
2026-07-04T20:19:03,forecast_hot_humid_bursty_r1,forecast,hot_humid,bursty,1,34.096,33.796,33.596,31.096,25.0,45.0,60.0,,100.0,2.0,31.17,,,0,trial
2026-07-04T20:19:03,forecast_hot_humid_bursty_r1,forecast,hot_humid,bursty,1,34.097,33.797,33.597,31.097,25.0,45.0,60.0,,100.0,2.0,31.18,,,0,trial
2026-07-04T20:19:03,forecast_hot_humid_bursty_r1,forecast,hot_humid,bursty,1,34.098,33.798,33.598,31.098,25.0,45.0,60.0,,100.0,2.0,31.19,,,0,trial
2026-07-04T20:19:03,forecast_hot_humid_bursty_r1,forecast,hot_humid,bursty,1,34.098,33.798,33.598,31.098,25.0,45.0,60.0,,100.0,2.0,31.19,,,0,trial
2026-07-04T20:19:03,forecast_hot_humid_bursty_r1,forecast,hot_humid,bursty,1,34.099,33.799,33.599,31.099,25.0,45.0,60.0,,100.0,2.0,31.2,,,0,trial
2026-07-04T20:19:03,forecast_hot_humid_bursty_r1,forecast,hot_humid,bursty,1,34.1,33.8,33.6,31.1,25.0,45.0,60.0,,100.0,2.0,31.21,,,0,trial
2026-07-04T20:19:03,forecast_hot_humid_bursty_r1,forecast,hot_humid,bursty,1,34.101,33.801,33.601,31.101,25.0,45.0,60.0,,100.0,2.0,31.21,,,0,trial
2026-07-04T20:19:03,forecast_hot_humid_bursty_r1,forecast,hot_humid,bursty,1,34.101,33.801,33.601,31.101,25.0,45.0,60.0,,100.0,2.0,31.22,,,0,trial
2026-07-04T20:19:03,forecast_hot_humid_bursty_r1,forecast,hot_humid,bursty,1,34.102,33.802,33.602,31.102,25.0,45.0,60.0,,100.0,2.0,31.23,,,0,trial
2026-07-04T20:19:03,forecast_hot_humid_bursty_r1,forecast,hot_humid,bursty,1,34.103,33.803,33.603,31.103,25.0,45.0,60.0,,100.0,2.0,31.23,,,0,trial
2026-07-04T20:19:03,forecast_hot_humid_bursty_r1,forecast,hot_humid,bursty,1,34.103,33.803,33.603,31.103,25.0,45.0,60.0,,100.0,2.0,31.24,,,0,trial
2026-07-04T20:19:03,forecast_hot_humid_bursty_r1,forecast,hot_humid,bursty,1,34.104,33.804,33.604,31.104,25.0,45.0,60.0,,100.0,2.0,31.25,,,0,trial
2026-07-04T20:19:03,forecast_hot_humid_bursty_r1,forecast,hot_humid,bursty,1,34.105,33.805,33.605,31.105,25.0,45.0,60.0,,100.0,2.0,31.25,,,0,trial
2026-07-04T20:19:03,forecast_hot_humid_bursty_r1,forecast,hot_humid,bursty,1,34.105,33.805,33.605,31.105,25.0,45.0,60.0,,100.0,2.0,31.26,,,0,trial
2026-07-04T20:19:03,forecast_hot_humid_bursty_r1,forecast,hot_humid,bursty,1,34.106,33.806,33.606,31.106,25.0,45.0,60.0,,100.0,2.0,31.27,,,0,trial
2026-07-04T20:19:03,forecast_hot_humid_bursty_r1,forecast,hot_humid,bursty,1,34.107,33.807,33.607,31.107,25.0,45.0,60.0,,100.0,2.0,31.27,,,0,trial
2026-07-04T20:19:03,forecast_hot_humid_bursty_r1,forecast,hot_humid,bursty,1,34.108,33.808,33.608,31.108,25.0,45.0,60.0,,100.0,2.0,31.28,,,0,trial
2026-07-04T20:19:03,forecast_hot_humid_bursty_r1,forecast,hot_humid,bursty,1,34.108,33.808,33.608,31.108,25.0,45.0,60.0,,100.0,2.0,31.29,,,0,trial
2026-07-04T20:19:03,forecast_hot_humid_bursty_r1,forecast,hot_humid,bursty,1,34.109,33.809,33.609,31.109,25.0,45.0,60.0,,100.0,2.0,31.29,,,0,trial
2026-07-04T20:19:03,forecast_hot_humid_bursty_r1,forecast,hot_humid,bursty,1,34.11,33.81,33.61,31.11,25.0,45.0,60.0,,100.0,2.0,31.3,,,0,trial
2026-07-04T20:19:03,forecast_hot_humid_bursty_r1,forecast,hot_humid,bursty,1,34.11,33.81,33.61,31.11,25.0,45.0,60.0,,100.0,2.0,31.31,,,0,trial
2026-07-04T20:19:03,forecast_hot_humid_bursty_r1,forecast,hot_humid,bursty,1,34.111,33.811,33.611,31.111,25.0,45.0,60.0,,100.0,2.0,31.31,,,0,trial
2026-07-04T20:19:03,forecast_hot_humid_bursty_r1,forecast,hot_humid,bursty,1,34.112,33.812,33.612,31.112,25.0,45.0,60.0,,100.0,2.0,31.32,,,0,trial
2026-07-04T20:19:03,forecast_hot_humid_bursty_r1,forecast,hot_humid,bursty,1,34.113,33.813,33.613,31.113,25.0,45.0,60.0,,100.0,2.0,31.33,,,0,trial
2026-07-04T20:19:03,forecast_hot_humid_bursty_r1,forecast,hot_humid,bursty,1,34.113,33.813,33.613,31.113,25.0,45.0,60.0,,100.0,2.0,31.34,,,0,trial
2026-07-04T20:19:03,forecast_hot_humid_bursty_r1,forecast,hot_humid,bursty,1,34.114,33.814,33.614,31.114,25.0,45.0,60.0,,100.0,2.0,31.34,,,0,trial
2026-07-04T20:19:03,forecast_hot_humid_bursty_r1,forecast,hot_humid,bursty,1,34.115,33.815,33.615,31.115,25.0,45.0,60.0,,100.0,2.0,31.35,,,0,trial
2026-07-04T20:19:03,forecast_hot_humid_bursty_r1,forecast,hot_humid,bursty,1,34.115,33.815,33.615,31.115,25.0,45.0,60.0,,100.0,2.0,31.36,,,0,trial
2026-07-04T20:19:03,forecast_hot_humid_bursty_r1,forecast,hot_humid,bursty,1,34.117,33.817,33.617,31.117,25.0,45.0,60.0,,100.0,2.0,31.36,,,0,trial
2026-07-04T20:19:03,forecast_hot_humid_bursty_r1,forecast,hot_humid,bursty,1,34.117,33.817,33.617,31.117,25.0,45.0,60.0,,100.0,2.0,31.37,,,0,trial
2026-07-04T20:19:03,forecast_hot_humid_bursty_r1,forecast,hot_humid,bursty,1,34.118,33.818,33.618,31.118,25.0,45.0,60.0,,100.0,2.0,31.38,,,0,trial
2026-07-04T20:19:03,forecast_hot_humid_bursty_r1,forecast,hot_humid,bursty,1,34.119,33.819,33.619,31.119,25.0,45.0,60.0,,100.0,2.0,31.39,,,0,trial
2026-07-04T20:19:03,forecast_hot_humid_bursty_r1,forecast,hot_humid,bursty,1,34.119,33.819,33.619,31.119,25.0,45.0,60.0,,100.0,2.0,31.39,,,0,trial
2026-07-04T20:19:03,forecast_hot_humid_bursty_r1,forecast,hot_humid,bursty,1,34.12,33.82,33.62,31.12,25.0,45.0,60.0,,100.0,2.0,31.4,,,0,trial
2026-07-04T20:19:03,forecast_hot_humid_bursty_r1,forecast,hot_humid,bursty,1,34.121,33.821,33.621,31.121,25.0,45.0,60.0,,100.0,2.0,31.41,,,0,trial
2026-07-04T20:19:03,forecast_hot_humid_bursty_r1,forecast,hot_humid,bursty,1,34.122,33.822,33.622,31.122,25.0,45.0,60.0,,100.0,2.0,31.42,,,0,trial
2026-07-04T20:19:03,forecast_hot_humid_bursty_r1,forecast,hot_humid,bursty,1,34.122,33.822,33.622,31.122,25.0,45.0,60.0,,100.0,2.0,31.42,,,0,trial
2026-07-04T20:19:03,forecast_hot_humid_bursty_r1,forecast,hot_humid,bursty,1,34.123,33.823,33.623,31.123,25.0,45.0,60.0,,100.0,2.0,31.43,,,0,trial
2026-07-04T20:19:03,forecast_hot_humid_bursty_r1,forecast,hot_humid,bursty,1,34.124,33.824,33.624,31.124,25.0,45.0,60.0,,100.0,2.0,31.44,,,0,trial
2026-07-04T20:19:03,forecast_hot_humid_bursty_r1,forecast,hot_humid,bursty,1,34.124,33.824,33.624,31.124,25.0,45.0,60.0,,100.0,2.0,31.44,,,0,trial
2026-07-04T20:19:03,forecast_hot_humid_bursty_r1,forecast,hot_humid,bursty,1,34.125,33.825,33.625,31.125,25.0,45.0,60.0,,100.0,2.0,31.45,,,0,trial
2026-07-04T20:19:03,forecast_hot_humid_bursty_r1,forecast,hot_humid,bursty,1,34.126,33.826,33.626,31.126,25.0,45.0,60.0,,100.0,2.0,31.46,,,0,trial
2026-07-04T20:19:03,forecast_hot_humid_bursty_r1,forecast,hot_humid,bursty,1,34.126,33.826,33.626,31.126,25.0,45.0,60.0,,100.0,2.0,31.47,,,0,trial
2026-07-04T20:19:03,forecast_hot_humid_bursty_r1,forecast,hot_humid,bursty,1,34.127,33.827,33.627,31.127,25.0,45.0,60.0,,100.0,2.0,31.48,,,0,trial
2026-07-04T20:19:03,forecast_hot_humid_bursty_r1,forecast,hot_humid,bursty,1,34.128,33.828,33.628,31.128,25.0,45.0,60.0,,100.0,2.0,31.48,,,0,trial
2026-07-04T20:19:03,forecast_hot_humid_bursty_r1,forecast,hot_humid,bursty,1,34.128,33.828,33.628,31.128,25.0,45.0,60.0,,100.0,2.0,31.49,,,0,trial
2026-07-04T20:19:03,forecast_hot_humid_bursty_r1,forecast,hot_humid,bursty,1,34.129,33.829,33.629,31.129,25.0,45.0,60.0,,100.0,2.0,31.5,,,0,trial
2026-07-04T20:19:03,forecast_hot_humid_bursty_r1,forecast,hot_humid,bursty,1,34.13,33.83,33.63,31.13,25.0,45.0,60.0,,100.0,2.0,31.51,,,0,trial
2026-07-04T20:19:03,forecast_hot_humid_bursty_r1,forecast,hot_humid,bursty,1,34.131,33.831,33.631,31.131,25.0,45.0,60.0,,100.0,2.0,31.51,,,0,trial
2026-07-04T20:19:03,forecast_hot_humid_bursty_r1,forecast,hot_humid,bursty,1,34.131,33.831,33.631,31.131,25.0,45.0,60.0,,100.0,2.0,31.52,,,0,trial
2026-07-04T20:19:03,forecast_hot_humid_bursty_r1,forecast,hot_humid,bursty,1,34.132,33.832,33.632,31.132,25.0,45.0,60.0,,100.0,2.0,31.53,,,0,trial
2026-07-04T20:19:03,forecast_hot_humid_bursty_r1,forecast,hot_humid,bursty,1,34.133,33.833,33.633,31.133,25.0,45.0,60.0,,100.0,2.0,31.54,,,0,trial
2026-07-04T20:19:03,forecast_hot_humid_bursty_r1,forecast,hot_humid,bursty,1,34.133,33.833,33.633,31.133,25.0,45.0,60.0,,100.0,2.0,31.55,,,0,trial
2026-07-04T20:19:03,forecast_hot_humid_bursty_r1,forecast,hot_humid,bursty,1,34.134,33.834,33.634,31.134,25.0,45.0,60.0,,100.0,2.0,31.55,,,0,trial
2026-07-04T20:19:03,forecast_hot_humid_bursty_r1,forecast,hot_humid,bursty,1,34.135,33.835,33.635,31.135,25.0,45.0,60.0,,100.0,2.0,31.56,,,0,trial
2026-07-04T20:19:03,forecast_hot_humid_bursty_r1,forecast,hot_humid,bursty,1,34.135,33.835,33.635,31.135,25.0,45.0,60.0,,100.0,2.0,31.57,,,0,trial
2026-07-04T20:19:03,forecast_hot_humid_bursty_r1,forecast,hot_humid,bursty,1,34.136,33.836,33.636,31.136,25.0,45.0,60.0,,100.0,2.0,31.58,,,0,trial
2026-07-04T20:19:03,forecast_hot_humid_bursty_r1,forecast,hot_humid,bursty,1,34.137,33.837,33.637,31.137,25.0,45.0,60.0,,100.0,2.0,31.59,,,0,trial
2026-07-04T20:19:03,forecast_hot_humid_bursty_r1,forecast,hot_humid,bursty,1,34.138,33.838,33.638,31.138,25.0,45.0,60.0,,100.0,2.0,31.59,,,0,trial
2026-07-04T20:19:03,forecast_hot_humid_bursty_r1,forecast,hot_humid,bursty,1,34.139,33.839,33.639,31.139,25.0,45.0,60.0,,100.0,2.0,31.6,,,0,trial
2026-07-04T20:19:03,forecast_hot_humid_bursty_r1,forecast,hot_humid,bursty,1,34.139,33.839,33.639,31.139,25.0,45.0,60.0,,100.0,2.0,31.61,,,0,trial
2026-07-04T20:19:03,forecast_hot_humid_bursty_r1,forecast,hot_humid,bursty,1,34.14,33.84,33.64,31.14,25.0,45.0,60.0,,100.0,2.0,31.62,,,0,trial
2026-07-04T20:19:03,forecast_hot_humid_bursty_r1,forecast,hot_humid,bursty,1,34.141,33.841,33.641,31.141,25.0,45.0,60.0,,100.0,2.0,31.63,,,0,trial
2026-07-04T20:19:03,forecast_hot_humid_bursty_r1,forecast,hot_humid,bursty,1,34.141,33.841,33.641,31.141,25.0,45.0,60.0,,100.0,2.0,31.63,,,0,trial
2026-07-04T20:19:03,forecast_hot_humid_bursty_r1,forecast,hot_humid,bursty,1,34.142,33.842,33.642,31.142,25.0,45.0,60.0,,100.0,2.0,31.64,,,0,trial
2026-07-04T20:19:03,forecast_hot_humid_bursty_r1,forecast,hot_humid,bursty,1,34.143,33.843,33.643,31.143,25.0,45.0,60.0,,100.0,2.0,31.65,,,0,trial
2026-07-04T20:19:03,forecast_hot_humid_bursty_r1,forecast,hot_humid,bursty,1,34.143,33.843,33.643,31.143,25.0,45.0,60.0,,100.0,2.0,31.66,,,0,trial
2026-07-04T20:19:03,forecast_hot_humid_bursty_r1,forecast,hot_humid,bursty,1,34.144,33.844,33.644,31.144,25.0,45.0,60.0,,100.0,2.0,31.67,,,0,trial
2026-07-04T20:19:03,forecast_hot_humid_bursty_r1,forecast,hot_humid,bursty,1,34.145,33.845,33.645,31.145,25.0,45.0,60.0,,100.0,2.0,31.68,,,0,trial
2026-07-04T20:19:03,forecast_hot_humid_bursty_r1,forecast,hot_humid,bursty,1,34.146,33.846,33.646,31.146,25.0,45.0,60.0,,100.0,2.0,31.68,,,0,trial
2026-07-04T20:19:03,forecast_hot_humid_bursty_r1,forecast,hot_humid,bursty,1,34.146,33.846,33.646,31.146,25.0,45.0,60.0,,100.0,2.0,31.69,,,0,trial
2026-07-04T20:19:03,forecast_hot_humid_bursty_r1,forecast,hot_humid,bursty,1,34.147,33.847,33.647,31.147,25.0,45.0,60.0,,100.0,2.0,31.7,,,0,trial
2026-07-04T20:19:03,forecast_hot_humid_bursty_r1,forecast,hot_humid,bursty,1,34.148,33.848,33.648,31.148,25.0,45.0,60.0,,100.0,2.0,31.71,,,0,trial
2026-07-04T20:19:03,forecast_hot_humid_bursty_r1,forecast,hot_humid,bursty,1,34.148,33.848,33.648,31.148,25.0,45.0,60.0,,100.0,2.0,31.72,,,0,trial
2026-07-04T20:19:03,forecast_hot_humid_bursty_r1,forecast,hot_humid,bursty,1,34.149,33.849,33.649,31.149,25.0,45.0,60.0,,100.0,2.0,31.73,,,0,trial
2026-07-04T20:19:03,forecast_hot_humid_bursty_r1,forecast,hot_humid,bursty,1,34.15,33.85,33.65,31.15,25.0,45.0,60.0,,100.0,2.0,31.74,,,0,trial
2026-07-04T20:19:03,forecast_hot_humid_bursty_r1,forecast,hot_humid,bursty,1,34.15,33.85,33.65,31.15,25.0,45.0,60.0,,100.0,2.0,31.74,,,0,trial
2026-07-04T20:19:03,forecast_hot_humid_bursty_r1,forecast,hot_humid,bursty,1,34.151,33.851,33.651,31.151,25.0,45.0,60.0,,100.0,2.0,31.75,,,0,trial
2026-07-04T20:19:03,forecast_hot_humid_bursty_r1,forecast,hot_humid,bursty,1,34.152,33.852,33.652,31.152,25.0,45.0,60.0,,100.0,2.0,31.76,,,0,trial
2026-07-04T20:19:03,forecast_hot_humid_bursty_r1,forecast,hot_humid,bursty,1,34.152,33.852,33.652,31.152,25.0,45.0,60.0,,100.0,2.0,31.77,,,0,trial
2026-07-04T20:19:03,forecast_hot_humid_bursty_r1,forecast,hot_humid,bursty,1,34.153,33.853,33.653,31.153,25.0,45.0,60.0,,100.0,2.0,31.78,,,0,trial
2026-07-04T20:19:03,forecast_hot_humid_bursty_r1,forecast,hot_humid,bursty,1,34.154,33.854,33.654,31.154,25.0,45.0,60.0,,100.0,2.0,31.79,,,0,trial
2026-07-04T20:19:03,forecast_hot_humid_bursty_r1,forecast,hot_humid,bursty,1,34.154,33.854,33.654,31.154,25.0,45.0,60.0,,100.0,2.0,31.8,,,0,trial
2026-07-04T20:19:03,forecast_hot_humid_bursty_r1,forecast,hot_humid,bursty,1,34.155,33.855,33.655,31.155,25.0,45.0,60.0,,100.0,2.0,31.81,,,0,trial
2026-07-04T20:19:03,forecast_hot_humid_bursty_r1,forecast,hot_humid,bursty,1,34.156,33.856,33.656,31.156,25.0,45.0,60.0,,100.0,2.0,31.81,,,0,trial
2026-07-04T20:19:03,forecast_hot_humid_bursty_r1,forecast,hot_humid,bursty,1,34.156,33.856,33.656,31.156,25.0,45.0,60.0,,100.0,2.0,31.82,,,0,trial
2026-07-04T20:19:03,forecast_hot_humid_bursty_r1,forecast,hot_humid,bursty,1,34.157,33.857,33.657,31.157,25.0,45.0,60.0,,100.0,2.0,31.83,,,0,trial
2026-07-04T20:19:03,forecast_hot_humid_bursty_r1,forecast,hot_humid,bursty,1,34.158,33.858,33.658,31.158,25.0,45.0,60.0,,100.0,2.0,31.84,,,0,trial
2026-07-04T20:19:03,forecast_hot_humid_bursty_r1,forecast,hot_humid,bursty,1,34.159,33.859,33.659,31.159,25.0,45.0,60.0,,100.0,2.0,31.85,,,0,trial
2026-07-04T20:19:03,forecast_hot_humid_bursty_r1,forecast,hot_humid,bursty,1,34.16,33.86,33.66,31.16,25.0,45.0,60.0,,100.0,2.0,31.86,,,0,trial
2026-07-04T20:19:03,forecast_hot_humid_bursty_r1,forecast,hot_humid,bursty,1,34.16,33.86,33.66,31.16,25.0,45.0,60.0,,100.0,2.0,31.87,,,0,trial
2026-07-04T20:19:03,forecast_hot_humid_bursty_r1,forecast,hot_humid,bursty,1,34.161,33.861,33.661,31.161,25.0,45.0,60.0,,100.0,2.0,31.88,,,0,trial
2026-07-04T20:19:03,forecast_hot_humid_bursty_r1,forecast,hot_humid,bursty,1,34.162,33.862,33.662,31.162,25.0,45.0,60.0,,100.0,2.0,31.89,,,0,trial
2026-07-04T20:19:03,forecast_hot_humid_bursty_r1,forecast,hot_humid,bursty,1,34.162,33.862,33.662,31.162,25.0,45.0,60.0,,100.0,2.0,31.89,,,0,trial
2026-07-04T20:19:03,forecast_hot_humid_bursty_r1,forecast,hot_humid,bursty,1,34.163,33.863,33.663,31.163,25.0,45.0,60.0,,100.0,2.0,31.9,,,0,trial
2026-07-04T20:19:03,forecast_hot_humid_bursty_r1,forecast,hot_humid,bursty,1,34.164,33.864,33.664,31.164,25.0,45.0,60.0,,100.0,2.0,31.91,,,0,trial
2026-07-04T20:19:03,forecast_hot_humid_bursty_r1,forecast,hot_humid,bursty,1,34.164,33.864,33.664,31.164,25.0,45.0,60.0,,100.0,2.0,31.92,,,0,trial
2026-07-04T20:19:03,forecast_hot_humid_bursty_r1,forecast,hot_humid,bursty,1,34.165,33.865,33.665,31.165,25.0,45.0,60.0,,100.0,2.0,31.93,,,0,trial
2026-07-04T20:19:03,forecast_hot_humid_bursty_r1,forecast,hot_humid,bursty,1,34.166,33.866,33.666,31.166,25.0,45.0,60.0,,100.0,2.0,31.94,,,0,trial
2026-07-04T20:19:03,forecast_hot_humid_bursty_r1,forecast,hot_humid,bursty,1,34.166,33.866,33.666,31.166,25.0,45.0,60.0,,100.0,2.0,31.95,,,0,trial
2026-07-04T20:19:03,forecast_hot_humid_bursty_r1,forecast,hot_humid,bursty,1,34.167,33.867,33.667,31.167,25.0,45.0,60.0,,100.0,2.0,31.96,,,0,trial
2026-07-04T20:19:03,forecast_hot_humid_bursty_r1,forecast,hot_humid,bursty,1,34.168,33.868,33.668,31.168,25.0,45.0,60.0,,100.0,2.0,31.97,,,0,trial
2026-07-04T20:19:03,forecast_hot_humid_bursty_r1,forecast,hot_humid,bursty,1,34.168,33.868,33.668,31.168,25.0,45.0,60.0,,100.0,2.0,31.98,,,0,trial
2026-07-04T20:19:03,forecast_hot_humid_bursty_r1,forecast,hot_humid,bursty,1,34.169,33.869,33.669,31.169,25.0,45.0,60.0,,100.0,2.0,31.99,,,0,trial
2026-07-04T20:19:03,forecast_hot_humid_bursty_r1,forecast,hot_humid,bursty,1,34.169,33.869,33.669,31.169,25.0,45.0,60.0,,100.0,2.0,32.0,,,0,trial
2026-07-04T20:19:03,forecast_hot_humid_bursty_r1,forecast,hot_humid,bursty,1,34.17,33.87,33.67,31.17,25.0,45.0,60.0,,100.0,2.0,32.01,,,0,trial
2026-07-04T20:19:03,forecast_hot_humid_bursty_r1,forecast,hot_humid,bursty,1,34.171,33.871,33.671,31.171,25.0,45.0,60.0,,100.0,2.0,32.02,,,0,trial
2026-07-04T20:19:03,forecast_hot_humid_bursty_r1,forecast,hot_humid,bursty,1,34.171,33.871,33.671,31.171,25.0,45.0,60.0,,100.0,2.0,32.03,,,0,trial
2026-07-04T20:19:03,forecast_hot_humid_bursty_r1,forecast,hot_humid,bursty,1,34.172,33.872,33.672,31.172,25.0,45.0,60.0,,100.0,2.0,32.04,,,0,trial
2026-07-04T20:19:03,forecast_hot_humid_bursty_r1,forecast,hot_humid,bursty,1,34.173,33.873,33.673,31.173,25.0,45.0,60.0,,100.0,2.0,32.04,,,0,trial
2026-07-04T20:19:03,forecast_hot_humid_bursty_r1,forecast,hot_humid,bursty,1,34.173,33.873,33.673,31.173,25.0,45.0,60.0,,100.0,2.0,32.05,,,0,trial
2026-07-04T20:19:03,forecast_hot_humid_bursty_r1,forecast,hot_humid,bursty,1,34.174,33.874,33.674,31.174,25.0,45.0,60.0,,100.0,2.0,32.06,,,0,trial
2026-07-04T20:19:03,forecast_hot_humid_bursty_r1,forecast,hot_humid,bursty,1,34.175,33.875,33.675,31.175,25.0,45.0,60.0,,100.0,2.0,32.07,,,0,trial
2026-07-04T20:19:03,forecast_hot_humid_bursty_r1,forecast,hot_humid,bursty,1,34.175,33.875,33.675,31.175,25.0,45.0,60.0,,100.0,2.0,32.08,,,0,trial
2026-07-04T20:19:03,forecast_hot_humid_bursty_r1,forecast,hot_humid,bursty,1,34.176,33.876,33.676,31.176,25.0,45.0,60.0,,100.0,2.0,32.09,,,0,trial
2026-07-04T20:19:03,forecast_hot_humid_bursty_r1,forecast,hot_humid,bursty,1,34.177,33.877,33.677,31.177,25.0,45.0,60.0,,100.0,2.0,32.1,,,0,trial
2026-07-04T20:19:03,forecast_hot_humid_bursty_r1,forecast,hot_humid,bursty,1,34.177,33.877,33.677,31.177,25.0,45.0,60.0,,100.0,2.0,32.11,,,0,trial
2026-07-04T20:19:03,forecast_hot_humid_bursty_r1,forecast,hot_humid,bursty,1,34.178,33.878,33.678,31.178,25.0,45.0,60.0,,100.0,2.0,32.12,,,0,trial
2026-07-04T20:19:03,forecast_hot_humid_bursty_r1,forecast,hot_humid,bursty,1,34.179,33.879,33.679,31.179,25.0,45.0,60.0,,100.0,2.0,32.13,,,0,trial
2026-07-04T20:19:03,forecast_hot_humid_bursty_r1,forecast,hot_humid,bursty,1,34.18,33.88,33.68,31.18,25.0,45.0,60.0,,100.0,2.0,32.14,,,0,trial
2026-07-04T20:19:03,forecast_hot_humid_bursty_r1,forecast,hot_humid,bursty,1,34.181,33.881,33.681,31.181,25.0,45.0,60.0,,100.0,2.0,32.15,,,0,trial
2026-07-04T20:19:03,forecast_hot_humid_bursty_r1,forecast,hot_humid,bursty,1,34.181,33.881,33.681,31.181,25.0,45.0,60.0,,100.0,2.0,32.16,,,0,trial
2026-07-04T20:19:03,forecast_hot_humid_bursty_r1,forecast,hot_humid,bursty,1,34.182,33.882,33.682,31.182,25.0,45.0,60.0,,100.0,2.0,32.17,,,0,trial
2026-07-04T20:19:03,forecast_hot_humid_bursty_r1,forecast,hot_humid,bursty,1,34.182,33.882,33.682,31.182,25.0,45.0,60.0,,100.0,2.0,32.18,,,0,trial
2026-07-04T20:19:03,forecast_hot_humid_bursty_r1,forecast,hot_humid,bursty,1,34.183,33.883,33.683,31.183,25.0,45.0,60.0,,100.0,2.0,32.19,,,0,trial
2026-07-04T20:19:03,forecast_hot_humid_bursty_r1,forecast,hot_humid,bursty,1,34.184,33.884,33.684,31.184,25.0,45.0,60.0,,100.0,2.0,32.2,,,0,trial
2026-07-04T20:19:03,forecast_hot_humid_bursty_r1,forecast,hot_humid,bursty,1,34.184,33.884,33.684,31.184,25.0,45.0,60.0,,100.0,2.0,32.21,,,0,trial
2026-07-04T20:19:03,forecast_hot_humid_bursty_r1,forecast,hot_humid,bursty,1,34.185,33.885,33.685,31.185,25.0,45.0,60.0,,100.0,2.0,32.22,,,0,trial
2026-07-04T20:19:03,forecast_hot_humid_bursty_r1,forecast,hot_humid,bursty,1,34.186,33.886,33.686,31.186,25.0,45.0,60.0,,100.0,2.0,32.23,,,0,trial
2026-07-04T20:19:03,forecast_hot_humid_bursty_r1,forecast,hot_humid,bursty,1,34.186,33.886,33.686,31.186,25.0,45.0,60.0,,100.0,2.0,32.24,,,0,trial
2026-07-04T20:19:03,forecast_hot_humid_bursty_r1,forecast,hot_humid,bursty,1,34.187,33.887,33.687,31.187,25.0,45.0,60.0,,100.0,2.0,32.25,,,0,trial
2026-07-04T20:19:03,forecast_hot_humid_bursty_r1,forecast,hot_humid,bursty,1,34.188,33.888,33.688,31.188,25.0,45.0,60.0,,100.0,2.0,32.26,,,0,trial
2026-07-04T20:19:03,forecast_hot_humid_bursty_r1,forecast,hot_humid,bursty,1,34.188,33.888,33.688,31.188,25.0,45.0,60.0,,100.0,2.0,32.27,,,0,trial
2026-07-04T20:19:03,forecast_hot_humid_bursty_r1,forecast,hot_humid,bursty,1,34.189,33.889,33.689,31.189,25.0,45.0,60.0,,100.0,2.0,32.28,,,0,trial
2026-07-04T20:19:03,forecast_hot_humid_bursty_r1,forecast,hot_humid,bursty,1,34.19,33.89,33.69,31.19,25.0,45.0,60.0,,100.0,2.0,32.29,,,0,trial
2026-07-04T20:19:03,forecast_hot_humid_bursty_r1,forecast,hot_humid,bursty,1,34.19,33.89,33.69,31.19,25.0,45.0,60.0,,100.0,2.0,32.3,,,0,trial
2026-07-04T20:19:03,forecast_hot_humid_bursty_r1,forecast,hot_humid,bursty,1,34.191,33.891,33.691,31.191,25.0,45.0,60.0,,100.0,2.0,32.31,,,0,trial
2026-07-04T20:19:03,forecast_hot_humid_bursty_r1,forecast,hot_humid,bursty,1,34.191,33.891,33.691,31.191,25.0,45.0,60.0,,100.0,2.0,32.32,,,0,trial
2026-07-04T20:19:03,forecast_hot_humid_bursty_r1,forecast,hot_humid,bursty,1,34.192,33.892,33.692,31.192,25.0,45.0,60.0,,100.0,2.0,32.34,,,0,trial
2026-07-04T20:19:03,forecast_hot_humid_bursty_r1,forecast,hot_humid,bursty,1,34.193,33.893,33.693,31.193,25.0,45.0,60.0,,100.0,2.0,32.35,,,0,trial
2026-07-04T20:19:03,forecast_hot_humid_bursty_r1,forecast,hot_humid,bursty,1,34.193,33.893,33.693,31.193,25.0,45.0,60.0,,100.0,2.0,32.36,,,0,trial
2026-07-04T20:19:03,forecast_hot_humid_bursty_r1,forecast,hot_humid,bursty,1,34.194,33.894,33.694,31.194,25.0,45.0,60.0,,100.0,2.0,32.37,,,0,trial
2026-07-04T20:19:03,forecast_hot_humid_bursty_r1,forecast,hot_humid,bursty,1,34.195,33.895,33.695,31.195,25.0,45.0,60.0,,100.0,2.0,32.38,,,0,trial
2026-07-04T20:19:03,forecast_hot_humid_bursty_r1,forecast,hot_humid,bursty,1,34.195,33.895,33.695,31.195,25.0,45.0,60.0,,100.0,2.0,32.39,,,0,trial
2026-07-04T20:19:03,forecast_hot_humid_bursty_r1,forecast,hot_humid,bursty,1,34.196,33.896,33.696,31.196,25.0,45.0,60.0,,100.0,2.0,32.4,,,0,trial
2026-07-04T20:19:03,forecast_hot_humid_bursty_r1,forecast,hot_humid,bursty,1,34.197,33.897,33.697,31.197,25.0,45.0,60.0,,100.0,2.0,32.41,,,0,trial
2026-07-04T20:19:03,forecast_hot_humid_bursty_r1,forecast,hot_humid,bursty,1,34.197,33.897,33.697,31.197,25.0,45.0,60.0,,100.0,2.0,32.42,,,0,trial
2026-07-04T20:19:03,forecast_hot_humid_bursty_r1,forecast,hot_humid,bursty,1,34.198,33.898,33.698,31.198,25.0,45.0,60.0,,100.0,2.0,32.43,,,0,trial
2026-07-04T20:19:03,forecast_hot_humid_bursty_r1,forecast,hot_humid,bursty,1,34.2,33.9,33.7,31.2,25.0,45.0,60.0,,75.0,1.5,32.44,,,0,trial
2026-07-04T20:19:03,forecast_hot_humid_bursty_r1,forecast,hot_humid,bursty,1,34.202,33.902,33.702,31.202,25.0,45.0,60.0,,75.0,1.5,32.45,,,0,trial
2026-07-04T20:19:03,forecast_hot_humid_bursty_r1,forecast,hot_humid,bursty,1,34.204,33.904,33.704,31.204,25.0,45.0,60.0,,75.0,1.5,32.46,,,0,trial
2026-07-04T20:19:03,forecast_hot_humid_bursty_r1,forecast,hot_humid,bursty,1,34.206,33.906,33.706,31.206,25.0,45.0,60.0,,75.0,1.5,32.47,,,0,trial
2026-07-04T20:19:03,forecast_hot_humid_bursty_r1,forecast,hot_humid,bursty,1,34.207,33.907,33.707,31.207,25.0,45.0,60.0,,75.0,1.5,32.48,,,0,trial
2026-07-04T20:19:03,forecast_hot_humid_bursty_r1,forecast,hot_humid,bursty,1,34.209,33.909,33.709,31.209,25.0,45.0,60.0,,75.0,1.5,32.49,,,0,trial
2026-07-04T20:19:03,forecast_hot_humid_bursty_r1,forecast,hot_humid,bursty,1,34.211,33.911,33.711,31.211,25.0,45.0,60.0,,75.0,1.5,32.51,,,0,trial
2026-07-04T20:19:03,forecast_hot_humid_bursty_r1,forecast,hot_humid,bursty,1,34.213,33.913,33.713,31.213,25.0,45.0,60.0,,75.0,1.5,32.52,,,0,trial
2026-07-04T20:19:03,forecast_hot_humid_bursty_r1,forecast,hot_humid,bursty,1,34.214,33.914,33.714,31.214,25.0,45.0,60.0,,75.0,1.5,32.53,,,0,trial
2026-07-04T20:19:03,forecast_hot_humid_bursty_r1,forecast,hot_humid,bursty,1,34.216,33.916,33.716,31.216,25.0,45.0,60.0,,75.0,1.5,32.54,,,0,trial
2026-07-04T20:19:03,forecast_hot_humid_bursty_r1,forecast,hot_humid,bursty,1,34.218,33.918,33.718,31.218,25.0,45.0,60.0,,75.0,1.5,32.55,,,0,trial
2026-07-04T20:19:03,forecast_hot_humid_bursty_r1,forecast,hot_humid,bursty,1,34.22,33.92,33.72,31.22,25.0,45.0,60.0,,75.0,1.5,32.56,,,0,trial
2026-07-04T20:19:03,forecast_hot_humid_bursty_r1,forecast,hot_humid,bursty,1,34.222,33.922,33.722,31.222,25.0,45.0,60.0,,75.0,1.5,32.57,,,0,trial
2026-07-04T20:19:03,forecast_hot_humid_bursty_r1,forecast,hot_humid,bursty,1,34.223,33.923,33.723,31.223,25.0,45.0,60.0,,75.0,1.5,32.58,,,0,trial
2026-07-04T20:19:03,forecast_hot_humid_bursty_r1,forecast,hot_humid,bursty,1,34.225,33.925,33.725,31.225,25.0,45.0,60.0,,75.0,1.5,32.59,,,0,trial
2026-07-04T20:19:03,forecast_hot_humid_bursty_r1,forecast,hot_humid,bursty,1,34.227,33.927,33.727,31.227,25.0,45.0,60.0,,75.0,1.5,32.6,,,0,trial
2026-07-04T20:19:03,forecast_hot_humid_bursty_r1,forecast,hot_humid,bursty,1,34.229,33.929,33.729,31.229,25.0,45.0,60.0,,75.0,1.5,32.61,,,0,trial
2026-07-04T20:19:03,forecast_hot_humid_bursty_r1,forecast,hot_humid,bursty,1,34.23,33.93,33.73,31.23,25.0,45.0,60.0,,75.0,1.5,32.63,,,0,trial
2026-07-04T20:19:03,forecast_hot_humid_bursty_r1,forecast,hot_humid,bursty,1,34.232,33.932,33.732,31.232,25.0,45.0,60.0,,75.0,1.5,32.64,,,0,trial
2026-07-04T20:19:03,forecast_hot_humid_bursty_r1,forecast,hot_humid,bursty,1,34.234,33.934,33.734,31.234,25.0,45.0,60.0,,75.0,1.5,32.65,,,0,trial
2026-07-04T20:19:03,forecast_hot_humid_bursty_r1,forecast,hot_humid,bursty,1,34.236,33.936,33.736,31.236,25.0,45.0,60.0,,75.0,1.5,32.66,,,0,trial
2026-07-04T20:19:03,forecast_hot_humid_bursty_r1,forecast,hot_humid,bursty,1,34.237,33.937,33.737,31.237,25.0,45.0,60.0,,75.0,1.5,32.67,,,0,trial
2026-07-04T20:19:03,forecast_hot_humid_bursty_r1,forecast,hot_humid,bursty,1,34.239,33.939,33.739,31.239,25.0,45.0,60.0,,75.0,1.5,32.68,,,0,trial
2026-07-04T20:19:03,forecast_hot_humid_bursty_r1,forecast,hot_humid,bursty,1,34.241,33.941,33.741,31.241,25.0,45.0,60.0,,75.0,1.5,32.69,,,0,trial
2026-07-04T20:19:03,forecast_hot_humid_bursty_r1,forecast,hot_humid,bursty,1,34.243,33.943,33.743,31.243,25.0,45.0,60.0,,75.0,1.5,32.7,,,0,trial
2026-07-04T20:19:03,forecast_hot_humid_bursty_r1,forecast,hot_humid,bursty,1,34.244,33.944,33.744,31.244,25.0,45.0,60.0,,75.0,1.5,32.72,,,0,trial
2026-07-04T20:19:03,forecast_hot_humid_bursty_r1,forecast,hot_humid,bursty,1,34.246,33.946,33.746,31.246,25.0,45.0,60.0,,75.0,1.5,32.73,,,0,trial
2026-07-04T20:19:03,forecast_hot_humid_bursty_r1,forecast,hot_humid,bursty,1,34.248,33.948,33.748,31.248,25.0,45.0,60.0,,75.0,1.5,32.74,,,0,trial
2026-07-04T20:19:03,forecast_hot_humid_bursty_r1,forecast,hot_humid,bursty,1,34.25,33.95,33.75,31.25,25.0,45.0,60.0,,75.0,1.5,32.75,,,0,trial
2026-07-04T20:19:03,forecast_hot_humid_bursty_r1,forecast,hot_humid,bursty,1,34.251,33.951,33.751,31.251,25.0,45.0,60.0,,75.0,1.5,32.76,,,0,trial
2026-07-04T20:19:03,forecast_hot_humid_bursty_r1,forecast,hot_humid,bursty,1,34.254,33.954,33.754,31.254,25.0,45.0,60.0,,100.0,2.0,32.77,,,0,trial
2026-07-04T20:19:03,forecast_hot_humid_bursty_r1,forecast,hot_humid,bursty,1,34.254,33.954,33.754,31.254,25.0,45.0,60.0,,100.0,2.0,32.78,,,0,trial
2026-07-04T20:19:03,forecast_hot_humid_bursty_r1,forecast,hot_humid,bursty,1,34.255,33.955,33.755,31.255,25.0,45.0,60.0,,100.0,2.0,32.8,,,0,trial
2026-07-04T20:19:03,forecast_hot_humid_bursty_r1,forecast,hot_humid,bursty,1,34.255,33.955,33.755,31.255,25.0,45.0,60.0,,100.0,2.0,32.81,,,0,trial
2026-07-04T20:19:03,forecast_hot_humid_bursty_r1,forecast,hot_humid,bursty,1,34.256,33.956,33.756,31.256,25.0,45.0,60.0,,100.0,2.0,32.82,,,0,trial
2026-07-04T20:19:03,forecast_hot_humid_bursty_r1,forecast,hot_humid,bursty,1,34.257,33.957,33.757,31.257,25.0,45.0,60.0,,100.0,2.0,32.83,,,0,trial
2026-07-04T20:19:03,forecast_hot_humid_bursty_r1,forecast,hot_humid,bursty,1,34.257,33.957,33.757,31.257,25.0,45.0,60.0,,100.0,2.0,32.84,,,0,trial
2026-07-04T20:19:03,forecast_hot_humid_bursty_r1,forecast,hot_humid,bursty,1,34.258,33.958,33.758,31.258,25.0,45.0,60.0,,100.0,2.0,32.85,,,0,trial
2026-07-04T20:19:03,forecast_hot_humid_bursty_r1,forecast,hot_humid,bursty,1,34.258,33.958,33.758,31.258,25.0,45.0,60.0,,100.0,2.0,32.86,,,0,trial
2026-07-04T20:19:03,forecast_hot_humid_bursty_r1,forecast,hot_humid,bursty,1,34.259,33.959,33.759,31.259,25.0,45.0,60.0,,100.0,2.0,32.88,,,0,trial
2026-07-04T20:19:03,forecast_hot_humid_bursty_r1,forecast,hot_humid,bursty,1,34.26,33.96,33.76,31.26,25.0,45.0,60.0,,100.0,2.0,32.89,,,0,trial
2026-07-04T20:19:03,forecast_hot_humid_bursty_r1,forecast,hot_humid,bursty,1,34.26,33.96,33.76,31.26,25.0,45.0,60.0,,100.0,2.0,32.9,,,0,trial
2026-07-04T20:19:03,forecast_hot_humid_bursty_r1,forecast,hot_humid,bursty,1,34.261,33.961,33.761,31.261,25.0,45.0,60.0,,100.0,2.0,32.91,,,0,trial
2026-07-04T20:19:03,forecast_hot_humid_bursty_r1,forecast,hot_humid,bursty,1,34.261,33.961,33.761,31.261,25.0,45.0,60.0,,100.0,2.0,32.92,,,0,trial
2026-07-04T20:19:03,forecast_hot_humid_bursty_r1,forecast,hot_humid,bursty,1,34.262,33.962,33.762,31.262,25.0,45.0,60.0,,100.0,2.0,32.93,,,0,trial
2026-07-04T20:19:03,forecast_hot_humid_bursty_r1,forecast,hot_humid,bursty,1,34.263,33.963,33.763,31.263,25.0,45.0,60.0,,100.0,2.0,32.95,,,0,trial
2026-07-04T20:19:03,forecast_hot_humid_bursty_r1,forecast,hot_humid,bursty,1,34.263,33.963,33.763,31.263,25.0,45.0,60.0,,100.0,2.0,32.96,,,0,trial
2026-07-04T20:19:03,forecast_hot_humid_bursty_r1,forecast,hot_humid,bursty,1,34.264,33.964,33.764,31.264,25.0,45.0,60.0,,100.0,2.0,32.97,,,0,trial
2026-07-04T20:19:03,forecast_hot_humid_bursty_r1,forecast,hot_humid,bursty,1,34.264,33.964,33.764,31.264,25.0,45.0,60.0,,100.0,2.0,32.98,,,0,trial
2026-07-04T20:19:03,forecast_hot_humid_bursty_r1,forecast,hot_humid,bursty,1,34.265,33.965,33.765,31.265,25.0,45.0,60.0,,100.0,2.0,32.99,,,0,trial
2026-07-04T20:19:03,forecast_hot_humid_bursty_r1,forecast,hot_humid,bursty,1,34.265,33.965,33.765,31.265,25.0,45.0,60.0,,100.0,2.0,33.01,,,0,trial
2026-07-04T20:19:03,forecast_hot_humid_bursty_r1,forecast,hot_humid,bursty,1,34.266,33.966,33.766,31.266,25.0,45.0,60.0,,100.0,2.0,33.02,,,0,trial
2026-07-04T20:19:03,forecast_hot_humid_bursty_r1,forecast,hot_humid,bursty,1,34.267,33.967,33.767,31.267,25.0,45.0,60.0,,100.0,2.0,33.03,,,0,trial
2026-07-04T20:19:03,forecast_hot_humid_bursty_r1,forecast,hot_humid,bursty,1,34.267,33.967,33.767,31.267,25.0,45.0,60.0,,100.0,2.0,33.04,,,0,trial
2026-07-04T20:19:03,forecast_hot_humid_bursty_r1,forecast,hot_humid,bursty,1,34.268,33.968,33.768,31.268,25.0,45.0,60.0,,100.0,2.0,33.05,,,0,trial
2026-07-04T20:19:03,forecast_hot_humid_bursty_r1,forecast,hot_humid,bursty,1,34.268,33.968,33.768,31.268,25.0,45.0,60.0,,100.0,2.0,33.07,,,0,trial
2026-07-04T20:19:03,forecast_hot_humid_bursty_r1,forecast,hot_humid,bursty,1,34.269,33.969,33.769,31.269,25.0,45.0,60.0,,100.0,2.0,33.08,,,0,trial
2026-07-04T20:19:03,forecast_hot_humid_bursty_r1,forecast,hot_humid,bursty,1,34.269,33.969,33.769,31.269,25.0,45.0,60.0,,100.0,2.0,33.09,,,0,trial
2026-07-04T20:19:03,forecast_hot_humid_bursty_r1,forecast,hot_humid,bursty,1,34.27,33.97,33.77,31.27,25.0,45.0,60.0,,100.0,2.0,33.1,,,0,trial
2026-07-04T20:19:03,forecast_hot_humid_bursty_r1,forecast,hot_humid,bursty,1,34.271,33.971,33.771,31.271,25.0,45.0,60.0,,100.0,2.0,33.11,,,0,trial
2026-07-04T20:19:03,forecast_hot_humid_bursty_r1,forecast,hot_humid,bursty,1,34.272,33.972,33.772,31.272,25.0,45.0,60.0,,100.0,2.0,33.13,,,0,trial
2026-07-04T20:19:03,forecast_hot_humid_bursty_r1,forecast,hot_humid,bursty,1,34.272,33.972,33.772,31.272,25.0,45.0,60.0,,100.0,2.0,33.14,,,0,trial
2026-07-04T20:19:03,forecast_hot_humid_bursty_r1,forecast,hot_humid,bursty,1,34.273,33.973,33.773,31.273,25.0,45.0,60.0,,100.0,2.0,33.15,,,0,trial
2026-07-04T20:19:03,forecast_hot_humid_bursty_r1,forecast,hot_humid,bursty,1,34.273,33.973,33.773,31.273,25.0,45.0,60.0,,100.0,2.0,33.16,,,0,trial
2026-07-04T20:19:03,forecast_hot_humid_bursty_r1,forecast,hot_humid,bursty,1,34.274,33.974,33.774,31.274,25.0,45.0,60.0,,100.0,2.0,33.17,,,0,trial
2026-07-04T20:19:03,forecast_hot_humid_bursty_r1,forecast,hot_humid,bursty,1,34.275,33.975,33.775,31.275,25.0,45.0,60.0,,100.0,2.0,33.19,,,0,trial
2026-07-04T20:19:03,forecast_hot_humid_bursty_r1,forecast,hot_humid,bursty,1,34.275,33.975,33.775,31.275,25.0,45.0,60.0,,100.0,2.0,33.2,,,0,trial
2026-07-04T20:19:03,forecast_hot_humid_bursty_r1,forecast,hot_humid,bursty,1,34.276,33.976,33.776,31.276,25.0,45.0,60.0,,100.0,2.0,33.21,,,0,trial
2026-07-04T20:19:03,forecast_hot_humid_bursty_r1,forecast,hot_humid,bursty,1,34.276,33.976,33.776,31.276,25.0,45.0,60.0,,100.0,2.0,33.22,,,0,trial
2026-07-04T20:19:03,forecast_hot_humid_bursty_r1,forecast,hot_humid,bursty,1,34.277,33.977,33.777,31.277,25.0,45.0,60.0,,100.0,2.0,33.24,,,0,trial
2026-07-04T20:19:03,forecast_hot_humid_bursty_r1,forecast,hot_humid,bursty,1,34.277,33.977,33.777,31.277,25.0,45.0,60.0,,100.0,2.0,33.25,,,0,trial
2026-07-04T20:19:03,forecast_hot_humid_bursty_r1,forecast,hot_humid,bursty,1,34.278,33.978,33.778,31.278,25.0,45.0,60.0,,100.0,2.0,33.26,,,0,trial
2026-07-04T20:19:03,forecast_hot_humid_bursty_r1,forecast,hot_humid,bursty,1,34.279,33.979,33.779,31.279,25.0,45.0,60.0,,100.0,2.0,33.27,,,0,trial
2026-07-04T20:19:03,forecast_hot_humid_bursty_r1,forecast,hot_humid,bursty,1,34.279,33.979,33.779,31.279,25.0,45.0,60.0,,100.0,2.0,33.28,,,0,trial
2026-07-04T20:19:03,forecast_hot_humid_bursty_r1,forecast,hot_humid,bursty,1,34.28,33.98,33.78,31.28,25.0,45.0,60.0,,100.0,2.0,33.3,,,0,trial
2026-07-04T20:19:03,forecast_hot_humid_bursty_r1,forecast,hot_humid,bursty,1,34.28,33.98,33.78,31.28,25.0,45.0,60.0,,100.0,2.0,33.31,,,0,trial
2026-07-04T20:19:03,forecast_hot_humid_bursty_r1,forecast,hot_humid,bursty,1,34.281,33.981,33.781,31.281,25.0,45.0,60.0,,100.0,2.0,33.32,,,0,trial
2026-07-04T20:19:03,forecast_hot_humid_bursty_r1,forecast,hot_humid,bursty,1,34.281,33.981,33.781,31.281,25.0,45.0,60.0,,100.0,2.0,33.33,,,0,trial
2026-07-04T20:19:03,forecast_hot_humid_bursty_r1,forecast,hot_humid,bursty,1,34.282,33.982,33.782,31.282,25.0,45.0,60.0,,100.0,2.0,33.35,,,0,trial
2026-07-04T20:19:03,forecast_hot_humid_bursty_r1,forecast,hot_humid,bursty,1,34.283,33.983,33.783,31.283,25.0,45.0,60.0,,100.0,2.0,33.36,,,0,trial
2026-07-04T20:19:03,forecast_hot_humid_bursty_r1,forecast,hot_humid,bursty,1,34.283,33.983,33.783,31.283,25.0,45.0,60.0,,100.0,2.0,33.37,,,0,trial
2026-07-04T20:19:03,forecast_hot_humid_bursty_r1,forecast,hot_humid,bursty,1,34.284,33.984,33.784,31.284,25.0,45.0,60.0,,100.0,2.0,33.38,,,0,trial
2026-07-04T20:19:03,forecast_hot_humid_bursty_r1,forecast,hot_humid,bursty,1,34.284,33.984,33.784,31.284,25.0,45.0,60.0,,100.0,2.0,33.4,,,0,trial
2026-07-04T20:19:03,forecast_hot_humid_bursty_r1,forecast,hot_humid,bursty,1,34.285,33.985,33.785,31.285,25.0,45.0,60.0,,100.0,2.0,33.41,,,0,trial
2026-07-04T20:19:03,forecast_hot_humid_bursty_r1,forecast,hot_humid,bursty,1,34.285,33.985,33.785,31.285,25.0,45.0,60.0,,100.0,2.0,33.42,,,0,trial
2026-07-04T20:19:03,forecast_hot_humid_bursty_r1,forecast,hot_humid,bursty,1,34.286,33.986,33.786,31.286,25.0,45.0,60.0,,100.0,2.0,33.43,,,0,trial
2026-07-04T20:19:03,forecast_hot_humid_bursty_r1,forecast,hot_humid,bursty,1,34.287,33.987,33.787,31.287,25.0,45.0,60.0,,100.0,2.0,33.45,,,0,trial
2026-07-04T20:19:03,forecast_hot_humid_bursty_r1,forecast,hot_humid,bursty,1,34.287,33.987,33.787,31.287,25.0,45.0,60.0,,100.0,2.0,33.46,,,0,trial
2026-07-04T20:19:03,forecast_hot_humid_bursty_r1,forecast,hot_humid,bursty,1,34.288,33.988,33.788,31.288,25.0,45.0,60.0,,100.0,2.0,33.47,,,0,trial
2026-07-04T20:19:03,forecast_hot_humid_bursty_r1,forecast,hot_humid,bursty,1,34.288,33.988,33.788,31.288,25.0,45.0,60.0,,100.0,2.0,33.48,,,0,trial
2026-07-04T20:19:03,forecast_hot_humid_bursty_r1,forecast,hot_humid,bursty,1,34.313,34.013,33.813,31.313,25.0,45.0,150.0,,100.0,2.0,33.5,,,0,trial
2026-07-04T20:19:03,forecast_hot_humid_bursty_r1,forecast,hot_humid,bursty,1,34.325,34.025,33.825,31.325,25.0,45.0,150.0,,100.0,2.0,33.51,,,0,trial
2026-07-04T20:19:03,forecast_hot_humid_bursty_r1,forecast,hot_humid,bursty,1,34.338,34.038,33.838,31.338,25.0,45.0,150.0,,100.0,2.0,33.52,,,0,trial
2026-07-04T20:19:03,forecast_hot_humid_bursty_r1,forecast,hot_humid,bursty,1,34.35,34.05,33.85,31.35,25.0,45.0,150.0,,100.0,2.0,33.53,,,0,trial
2026-07-04T20:19:03,forecast_hot_humid_bursty_r1,forecast,hot_humid,bursty,1,34.363,34.063,33.863,31.363,25.0,45.0,150.0,,100.0,2.0,33.55,,,0,trial
2026-07-04T20:19:03,forecast_hot_humid_bursty_r1,forecast,hot_humid,bursty,1,34.375,34.075,33.875,31.375,25.0,45.0,150.0,,100.0,2.0,33.56,,,0,trial
2026-07-04T20:19:03,forecast_hot_humid_bursty_r1,forecast,hot_humid,bursty,1,34.387,34.087,33.887,31.387,25.0,45.0,150.0,,100.0,2.0,33.57,,,0,trial
2026-07-04T20:19:03,forecast_hot_humid_bursty_r1,forecast,hot_humid,bursty,1,34.4,34.1,33.9,31.4,25.0,45.0,150.0,,100.0,2.0,33.58,,,0,trial
2026-07-04T20:19:03,forecast_hot_humid_bursty_r1,forecast,hot_humid,bursty,1,34.412,34.112,33.912,31.412,25.0,45.0,150.0,,100.0,2.0,33.6,,,0,trial
2026-07-04T20:19:03,forecast_hot_humid_bursty_r1,forecast,hot_humid,bursty,1,34.424,34.124,33.924,31.424,25.0,45.0,150.0,,100.0,2.0,33.61,,,0,trial
2026-07-04T20:19:03,forecast_hot_humid_bursty_r1,forecast,hot_humid,bursty,1,34.436,34.136,33.936,31.436,25.0,45.0,150.0,,100.0,2.0,33.62,,,0,trial
2026-07-04T20:19:03,forecast_hot_humid_bursty_r1,forecast,hot_humid,bursty,1,34.449,34.149,33.949,31.449,25.0,45.0,150.0,,100.0,2.0,33.64,,,0,trial
2026-07-04T20:19:03,forecast_hot_humid_bursty_r1,forecast,hot_humid,bursty,1,34.461,34.161,33.961,31.461,25.0,45.0,150.0,,100.0,2.0,33.65,,,0,trial
2026-07-04T20:19:03,forecast_hot_humid_bursty_r1,forecast,hot_humid,bursty,1,34.473,34.173,33.973,31.473,25.0,45.0,150.0,,100.0,2.0,33.66,,,0,trial
2026-07-04T20:19:03,forecast_hot_humid_bursty_r1,forecast,hot_humid,bursty,1,34.486,34.186,33.986,31.486,25.0,45.0,150.0,,100.0,2.0,33.67,,,0,trial
2026-07-04T20:19:03,forecast_hot_humid_bursty_r1,forecast,hot_humid,bursty,1,34.498,34.198,33.998,31.498,25.0,45.0,150.0,,100.0,2.0,33.69,,,0,trial
2026-07-04T20:19:03,forecast_hot_humid_bursty_r1,forecast,hot_humid,bursty,1,34.51,34.21,34.01,31.51,25.0,45.0,150.0,,100.0,2.0,33.7,,,0,trial
2026-07-04T20:19:03,forecast_hot_humid_bursty_r1,forecast,hot_humid,bursty,1,34.522,34.222,34.022,31.522,25.0,45.0,150.0,,100.0,2.0,33.71,,,0,trial
2026-07-04T20:19:03,forecast_hot_humid_bursty_r1,forecast,hot_humid,bursty,1,34.534,34.234,34.034,31.534,25.0,45.0,150.0,,100.0,2.0,33.73,,,0,trial
2026-07-04T20:19:03,forecast_hot_humid_bursty_r1,forecast,hot_humid,bursty,1,34.547,34.247,34.047,31.547,25.0,45.0,150.0,,100.0,2.0,33.74,,,0,trial
2026-07-04T20:19:03,forecast_hot_humid_bursty_r1,forecast,hot_humid,bursty,1,34.559,34.259,34.059,31.559,25.0,45.0,150.0,,100.0,2.0,33.75,,,0,trial
2026-07-04T20:19:03,forecast_hot_humid_bursty_r1,forecast,hot_humid,bursty,1,34.571,34.271,34.071,31.571,25.0,45.0,150.0,,100.0,2.0,33.76,,,0,trial
2026-07-04T20:19:03,forecast_hot_humid_bursty_r1,forecast,hot_humid,bursty,1,34.583,34.283,34.083,31.583,25.0,45.0,150.0,,100.0,2.0,33.78,,,0,trial
2026-07-04T20:19:03,forecast_hot_humid_bursty_r1,forecast,hot_humid,bursty,1,34.595,34.295,34.095,31.595,25.0,45.0,150.0,,100.0,2.0,33.79,,,0,trial
2026-07-04T20:19:03,forecast_hot_humid_bursty_r1,forecast,hot_humid,bursty,1,34.608,34.308,34.108,31.608,25.0,45.0,150.0,,100.0,2.0,33.8,,,0,trial
2026-07-04T20:19:03,forecast_hot_humid_bursty_r1,forecast,hot_humid,bursty,1,34.62,34.32,34.12,31.62,25.0,45.0,150.0,,100.0,2.0,33.82,,,0,trial
2026-07-04T20:19:03,forecast_hot_humid_bursty_r1,forecast,hot_humid,bursty,1,34.632,34.332,34.132,31.632,25.0,45.0,150.0,,100.0,2.0,33.83,,,0,trial
2026-07-04T20:19:03,forecast_hot_humid_bursty_r1,forecast,hot_humid,bursty,1,34.644,34.344,34.144,31.644,25.0,45.0,150.0,,100.0,2.0,33.84,,,0,trial
2026-07-04T20:19:03,forecast_hot_humid_bursty_r1,forecast,hot_humid,bursty,1,34.656,34.356,34.156,31.656,25.0,45.0,150.0,,100.0,2.0,33.85,,,0,trial
2026-07-04T20:19:03,forecast_hot_humid_bursty_r1,forecast,hot_humid,bursty,1,34.668,34.368,34.168,31.668,25.0,45.0,150.0,,100.0,2.0,33.87,,,0,trial
2026-07-04T20:19:03,forecast_hot_humid_bursty_r1,forecast,hot_humid,bursty,1,34.694,34.394,34.194,31.694,25.0,45.0,150.0,,75.0,1.5,33.88,,,0,trial
2026-07-04T20:19:03,forecast_hot_humid_bursty_r1,forecast,hot_humid,bursty,1,34.707,34.407,34.207,31.707,25.0,45.0,150.0,,75.0,1.5,33.89,,,0,trial
2026-07-04T20:19:03,forecast_hot_humid_bursty_r1,forecast,hot_humid,bursty,1,34.72,34.42,34.22,31.72,25.0,45.0,150.0,,75.0,1.5,33.91,,,0,trial
2026-07-04T20:19:03,forecast_hot_humid_bursty_r1,forecast,hot_humid,bursty,1,34.734,34.434,34.234,31.734,25.0,45.0,150.0,,75.0,1.5,33.92,,,0,trial
2026-07-04T20:19:03,forecast_hot_humid_bursty_r1,forecast,hot_humid,bursty,1,34.747,34.447,34.247,31.747,25.0,45.0,150.0,,75.0,1.5,33.93,,,0,trial
2026-07-04T20:19:03,forecast_hot_humid_bursty_r1,forecast,hot_humid,bursty,1,34.76,34.46,34.26,31.76,25.0,45.0,150.0,,75.0,1.5,33.94,,,0,trial
2026-07-04T20:19:03,forecast_hot_humid_bursty_r1,forecast,hot_humid,bursty,1,34.773,34.473,34.273,31.773,25.0,45.0,150.0,,75.0,1.5,33.96,,,0,trial
2026-07-04T20:19:03,forecast_hot_humid_bursty_r1,forecast,hot_humid,bursty,1,34.787,34.487,34.287,31.787,25.0,45.0,150.0,,75.0,1.5,33.97,,,0,trial
2026-07-04T20:19:03,forecast_hot_humid_bursty_r1,forecast,hot_humid,bursty,1,34.8,34.5,34.3,31.8,25.0,45.0,150.0,,75.0,1.5,33.98,,,0,trial
2026-07-04T20:19:03,forecast_hot_humid_bursty_r1,forecast,hot_humid,bursty,1,34.813,34.513,34.313,31.813,25.0,45.0,150.0,,75.0,1.5,34.0,,,0,trial
2026-07-04T20:19:03,forecast_hot_humid_bursty_r1,forecast,hot_humid,bursty,1,34.826,34.526,34.326,31.826,25.0,45.0,150.0,,75.0,1.5,34.01,,,0,trial
2026-07-04T20:19:03,forecast_hot_humid_bursty_r1,forecast,hot_humid,bursty,1,34.839,34.539,34.339,31.839,25.0,45.0,150.0,,75.0,1.5,34.02,,,0,trial
2026-07-04T20:19:03,forecast_hot_humid_bursty_r1,forecast,hot_humid,bursty,1,34.853,34.553,34.353,31.853,25.0,45.0,150.0,,75.0,1.5,34.04,,,0,trial
2026-07-04T20:19:03,forecast_hot_humid_bursty_r1,forecast,hot_humid,bursty,1,34.866,34.566,34.366,31.866,25.0,45.0,150.0,,75.0,1.5,34.05,,,0,trial
2026-07-04T20:19:03,forecast_hot_humid_bursty_r1,forecast,hot_humid,bursty,1,34.879,34.579,34.379,31.879,25.0,45.0,150.0,,75.0,1.5,34.06,,,0,trial
2026-07-04T20:19:03,forecast_hot_humid_bursty_r1,forecast,hot_humid,bursty,1,34.892,34.592,34.392,31.892,25.0,45.0,150.0,,75.0,1.5,34.07,,,0,trial
2026-07-04T20:19:03,forecast_hot_humid_bursty_r1,forecast,hot_humid,bursty,1,34.905,34.605,34.405,31.905,25.0,45.0,150.0,,75.0,1.5,34.09,,,0,trial
2026-07-04T20:19:03,forecast_hot_humid_bursty_r1,forecast,hot_humid,bursty,1,34.918,34.618,34.418,31.918,25.0,45.0,150.0,,75.0,1.5,34.1,,,0,trial
2026-07-04T20:19:03,forecast_hot_humid_bursty_r1,forecast,hot_humid,bursty,1,34.932,34.632,34.432,31.932,25.0,45.0,150.0,,75.0,1.5,34.11,,,0,trial
2026-07-04T20:19:03,forecast_hot_humid_bursty_r1,forecast,hot_humid,bursty,1,34.945,34.645,34.445,31.945,25.0,45.0,150.0,,75.0,1.5,34.13,,,0,trial
2026-07-04T20:19:03,forecast_hot_humid_bursty_r1,forecast,hot_humid,bursty,1,34.958,34.658,34.458,31.958,25.0,45.0,150.0,,75.0,1.5,34.14,,,0,trial
2026-07-04T20:19:03,forecast_hot_humid_bursty_r1,forecast,hot_humid,bursty,1,34.971,34.671,34.471,31.971,25.0,45.0,150.0,,75.0,1.5,34.15,,,0,trial
2026-07-04T20:19:03,forecast_hot_humid_bursty_r1,forecast,hot_humid,bursty,1,34.984,34.684,34.484,31.984,25.0,45.0,150.0,,75.0,1.5,34.17,,,0,trial
2026-07-04T20:19:03,forecast_hot_humid_bursty_r1,forecast,hot_humid,bursty,1,34.997,34.697,34.497,31.997,25.0,45.0,150.0,,75.0,1.5,34.18,,,0,trial
2026-07-04T20:19:03,forecast_hot_humid_bursty_r1,forecast,hot_humid,bursty,1,35.01,34.71,34.51,32.01,25.0,45.0,150.0,,75.0,1.5,34.19,,,0,trial
2026-07-04T20:19:03,forecast_hot_humid_bursty_r1,forecast,hot_humid,bursty,1,35.023,34.723,34.523,32.023,25.0,45.0,150.0,,75.0,1.5,34.21,,,0,trial
2026-07-04T20:19:03,forecast_hot_humid_bursty_r1,forecast,hot_humid,bursty,1,35.036,34.736,34.536,32.036,25.0,45.0,150.0,,75.0,1.5,34.22,,,0,trial
2026-07-04T20:19:03,forecast_hot_humid_bursty_r1,forecast,hot_humid,bursty,1,35.05,34.75,34.55,32.05,25.0,45.0,150.0,,75.0,1.5,34.23,,,0,trial
2026-07-04T20:19:03,forecast_hot_humid_bursty_r1,forecast,hot_humid,bursty,1,35.063,34.763,34.563,32.063,25.0,45.0,150.0,,75.0,1.5,34.24,,,0,trial
2026-07-04T20:19:03,forecast_hot_humid_bursty_r1,forecast,hot_humid,bursty,1,35.076,34.776,34.576,32.076,25.0,45.0,150.0,,75.0,1.5,34.26,,,0,trial
2026-07-04T20:19:03,forecast_hot_humid_bursty_r1,forecast,hot_humid,bursty,1,35.1,34.8,34.6,32.1,25.0,45.0,150.0,,100.0,2.0,34.27,,,0,trial
2026-07-04T20:19:03,forecast_hot_humid_bursty_r1,forecast,hot_humid,bursty,1,35.112,34.812,34.612,32.112,25.0,45.0,150.0,,100.0,2.0,34.28,,,0,trial
2026-07-04T20:19:03,forecast_hot_humid_bursty_r1,forecast,hot_humid,bursty,1,35.124,34.824,34.624,32.124,25.0,45.0,150.0,,100.0,2.0,34.3,,,0,trial
2026-07-04T20:19:03,forecast_hot_humid_bursty_r1,forecast,hot_humid,bursty,1,35.136,34.836,34.636,32.136,25.0,45.0,150.0,,100.0,2.0,34.31,,,0,trial
2026-07-04T20:19:03,forecast_hot_humid_bursty_r1,forecast,hot_humid,bursty,1,35.147,34.847,34.647,32.147,25.0,45.0,150.0,,100.0,2.0,34.32,,,0,trial
2026-07-04T20:19:03,forecast_hot_humid_bursty_r1,forecast,hot_humid,bursty,1,35.159,34.859,34.659,32.159,25.0,45.0,150.0,,100.0,2.0,34.34,,,0,trial
2026-07-04T20:19:03,forecast_hot_humid_bursty_r1,forecast,hot_humid,bursty,1,35.171,34.871,34.671,32.171,25.0,45.0,150.0,,100.0,2.0,34.35,,,0,trial
2026-07-04T20:19:03,forecast_hot_humid_bursty_r1,forecast,hot_humid,bursty,1,35.183,34.883,34.683,32.183,25.0,45.0,150.0,,100.0,2.0,34.36,,,0,trial
2026-07-04T20:19:03,forecast_hot_humid_bursty_r1,forecast,hot_humid,bursty,1,35.194,34.894,34.694,32.194,25.0,45.0,150.0,,100.0,2.0,34.38,,,0,trial
2026-07-04T20:19:03,forecast_hot_humid_bursty_r1,forecast,hot_humid,bursty,1,35.206,34.906,34.706,32.206,25.0,45.0,150.0,,100.0,2.0,34.39,,,0,trial
2026-07-04T20:19:03,forecast_hot_humid_bursty_r1,forecast,hot_humid,bursty,1,35.218,34.918,34.718,32.218,25.0,45.0,150.0,,100.0,2.0,34.4,,,0,trial
2026-07-04T20:19:03,forecast_hot_humid_bursty_r1,forecast,hot_humid,bursty,1,35.229,34.929,34.729,32.229,25.0,45.0,150.0,,100.0,2.0,34.41,,,0,trial
2026-07-04T20:19:03,forecast_hot_humid_bursty_r1,forecast,hot_humid,bursty,1,35.241,34.941,34.741,32.241,25.0,45.0,150.0,,100.0,2.0,34.43,,,0,trial
2026-07-04T20:19:03,forecast_hot_humid_bursty_r1,forecast,hot_humid,bursty,1,35.253,34.953,34.753,32.253,25.0,45.0,150.0,,100.0,2.0,34.44,,,0,trial
2026-07-04T20:19:03,forecast_hot_humid_bursty_r1,forecast,hot_humid,bursty,1,35.264,34.964,34.764,32.264,25.0,45.0,150.0,,100.0,2.0,34.45,,,0,trial
2026-07-04T20:19:03,forecast_hot_humid_bursty_r1,forecast,hot_humid,bursty,1,35.276,34.976,34.776,32.276,25.0,45.0,150.0,,100.0,2.0,34.47,,,0,trial
2026-07-04T20:19:03,forecast_hot_humid_bursty_r1,forecast,hot_humid,bursty,1,35.288,34.988,34.788,32.288,25.0,45.0,150.0,,100.0,2.0,34.48,,,0,trial
2026-07-04T20:19:03,forecast_hot_humid_bursty_r1,forecast,hot_humid,bursty,1,35.299,34.999,34.799,32.299,25.0,45.0,150.0,,100.0,2.0,34.49,,,0,trial
2026-07-04T20:19:03,forecast_hot_humid_bursty_r1,forecast,hot_humid,bursty,1,35.311,35.011,34.811,32.311,25.0,45.0,150.0,,100.0,2.0,34.51,,,0,trial
2026-07-04T20:19:03,forecast_hot_humid_bursty_r1,forecast,hot_humid,bursty,1,35.322,35.022,34.822,32.322,25.0,45.0,150.0,,100.0,2.0,34.52,,,0,trial
2026-07-04T20:19:03,forecast_hot_humid_bursty_r1,forecast,hot_humid,bursty,1,35.334,35.034,34.834,32.334,25.0,45.0,150.0,,100.0,2.0,34.53,,,0,trial
2026-07-04T20:19:03,forecast_hot_humid_bursty_r1,forecast,hot_humid,bursty,1,35.346,35.046,34.846,32.346,25.0,45.0,150.0,,100.0,2.0,34.55,,,0,trial
2026-07-04T20:19:03,forecast_hot_humid_bursty_r1,forecast,hot_humid,bursty,1,35.357,35.057,34.857,32.357,25.0,45.0,150.0,,100.0,2.0,34.56,,,0,trial
2026-07-04T20:19:03,forecast_hot_humid_bursty_r1,forecast,hot_humid,bursty,1,35.369,35.069,34.869,32.369,25.0,45.0,150.0,,100.0,2.0,34.57,,,0,trial
2026-07-04T20:19:03,forecast_hot_humid_bursty_r1,forecast,hot_humid,bursty,1,35.38,35.08,34.88,32.38,25.0,45.0,150.0,,100.0,2.0,34.58,,,0,trial
2026-07-04T20:19:03,forecast_hot_humid_bursty_r1,forecast,hot_humid,bursty,1,35.392,35.092,34.892,32.392,25.0,45.0,150.0,,100.0,2.0,34.6,,,0,trial
2026-07-04T20:19:03,forecast_hot_humid_bursty_r1,forecast,hot_humid,bursty,1,35.403,35.103,34.903,32.403,25.0,45.0,150.0,,100.0,2.0,34.61,,,0,trial
2026-07-04T20:19:03,forecast_hot_humid_bursty_r1,forecast,hot_humid,bursty,1,35.415,35.115,34.915,32.415,25.0,45.0,150.0,,100.0,2.0,34.62,,,0,trial
2026-07-04T20:19:03,forecast_hot_humid_bursty_r1,forecast,hot_humid,bursty,1,35.426,35.126,34.926,32.426,25.0,45.0,150.0,,100.0,2.0,34.64,,,0,trial
2026-07-04T20:19:03,forecast_hot_humid_bursty_r1,forecast,hot_humid,bursty,1,35.438,35.138,34.938,32.438,25.0,45.0,150.0,,100.0,2.0,34.65,,,0,trial
2026-07-04T20:19:03,forecast_hot_humid_bursty_r1,forecast,hot_humid,bursty,1,35.461,35.161,34.961,32.461,25.0,45.0,150.0,,100.0,2.0,34.66,,,0,trial
2026-07-04T20:19:03,forecast_hot_humid_bursty_r1,forecast,hot_humid,bursty,1,35.472,35.172,34.972,32.472,25.0,45.0,150.0,,100.0,2.0,34.68,,,0,trial
2026-07-04T20:19:03,forecast_hot_humid_bursty_r1,forecast,hot_humid,bursty,1,35.484,35.184,34.984,32.484,25.0,45.0,150.0,,100.0,2.0,34.69,,,0,trial
2026-07-04T20:19:03,forecast_hot_humid_bursty_r1,forecast,hot_humid,bursty,1,35.495,35.195,34.995,32.495,25.0,45.0,150.0,,100.0,2.0,34.7,,,0,trial
2026-07-04T20:19:03,forecast_hot_humid_bursty_r1,forecast,hot_humid,bursty,1,35.507,35.207,35.007,32.507,25.0,45.0,150.0,,100.0,2.0,34.71,,,0,trial
2026-07-04T20:19:03,forecast_hot_humid_bursty_r1,forecast,hot_humid,bursty,1,35.518,35.218,35.018,32.518,25.0,45.0,150.0,,100.0,2.0,34.73,,,0,trial
2026-07-04T20:19:03,forecast_hot_humid_bursty_r1,forecast,hot_humid,bursty,1,35.53,35.23,35.03,32.53,25.0,45.0,150.0,,100.0,2.0,34.74,,,0,trial
2026-07-04T20:19:03,forecast_hot_humid_bursty_r1,forecast,hot_humid,bursty,1,35.541,35.241,35.041,32.541,25.0,45.0,150.0,,100.0,2.0,34.75,,,0,trial
2026-07-04T20:19:03,forecast_hot_humid_bursty_r1,forecast,hot_humid,bursty,1,35.552,35.252,35.052,32.552,25.0,45.0,150.0,,100.0,2.0,34.77,,,0,trial
2026-07-04T20:19:03,forecast_hot_humid_bursty_r1,forecast,hot_humid,bursty,1,35.564,35.264,35.064,32.564,25.0,45.0,150.0,,100.0,2.0,34.78,,,0,trial
2026-07-04T20:19:03,forecast_hot_humid_bursty_r1,forecast,hot_humid,bursty,1,35.575,35.275,35.075,32.575,25.0,45.0,150.0,,100.0,2.0,34.79,,,0,trial
2026-07-04T20:19:03,forecast_hot_humid_bursty_r1,forecast,hot_humid,bursty,1,35.587,35.287,35.087,32.587,25.0,45.0,150.0,,100.0,2.0,34.81,,,0,trial
2026-07-04T20:19:03,forecast_hot_humid_bursty_r1,forecast,hot_humid,bursty,1,35.598,35.298,35.098,32.598,25.0,45.0,150.0,,100.0,2.0,34.82,,,0,trial
2026-07-04T20:19:03,forecast_hot_humid_bursty_r1,forecast,hot_humid,bursty,1,35.609,35.309,35.109,32.609,25.0,45.0,150.0,,100.0,2.0,34.83,,,0,trial
2026-07-04T20:19:03,forecast_hot_humid_bursty_r1,forecast,hot_humid,bursty,1,35.621,35.321,35.121,32.621,25.0,45.0,150.0,,100.0,2.0,34.84,,,0,trial
2026-07-04T20:19:03,forecast_hot_humid_bursty_r1,forecast,hot_humid,bursty,1,35.632,35.332,35.132,32.632,25.0,45.0,150.0,,100.0,2.0,34.86,,,0,trial
2026-07-04T20:19:03,forecast_hot_humid_bursty_r1,forecast,hot_humid,bursty,1,35.643,35.343,35.143,32.643,25.0,45.0,150.0,,100.0,2.0,34.87,,,0,trial
2026-07-04T20:19:03,forecast_hot_humid_bursty_r1,forecast,hot_humid,bursty,1,35.655,35.355,35.155,32.655,25.0,45.0,150.0,,100.0,2.0,34.88,,,0,trial
2026-07-04T20:19:03,forecast_hot_humid_bursty_r1,forecast,hot_humid,bursty,1,35.666,35.366,35.166,32.666,25.0,45.0,150.0,,100.0,2.0,34.9,,,0,trial
2026-07-04T20:19:03,forecast_hot_humid_bursty_r1,forecast,hot_humid,bursty,1,35.677,35.377,35.177,32.677,25.0,45.0,150.0,,100.0,2.0,34.91,,,0,trial
2026-07-04T20:19:03,forecast_hot_humid_bursty_r1,forecast,hot_humid,bursty,1,35.689,35.389,35.189,32.689,25.0,45.0,150.0,,100.0,2.0,34.92,,,0,trial
2026-07-04T20:19:03,forecast_hot_humid_bursty_r1,forecast,hot_humid,bursty,1,35.7,35.4,35.2,32.7,25.0,45.0,150.0,,100.0,2.0,34.93,,,0,trial
2026-07-04T20:19:03,forecast_hot_humid_bursty_r1,forecast,hot_humid,bursty,1,35.711,35.411,35.211,32.711,25.0,45.0,150.0,,100.0,2.0,34.95,,,0,trial
2026-07-04T20:19:03,forecast_hot_humid_bursty_r1,forecast,hot_humid,bursty,1,35.723,35.423,35.223,32.723,25.0,45.0,150.0,,100.0,2.0,34.96,,,0,trial
2026-07-04T20:19:03,forecast_hot_humid_bursty_r1,forecast,hot_humid,bursty,1,35.734,35.434,35.234,32.734,25.0,45.0,150.0,,100.0,2.0,34.97,,,0,trial
2026-07-04T20:19:03,forecast_hot_humid_bursty_r1,forecast,hot_humid,bursty,1,35.745,35.445,35.245,32.745,25.0,45.0,150.0,,100.0,2.0,34.99,,,0,trial
2026-07-04T20:19:03,forecast_hot_humid_bursty_r1,forecast,hot_humid,bursty,1,35.756,35.456,35.256,32.756,25.0,45.0,150.0,,100.0,2.0,35.0,,,0,trial
2026-07-04T20:19:03,forecast_hot_humid_bursty_r1,forecast,hot_humid,bursty,1,35.768,35.468,35.268,32.768,25.0,45.0,150.0,,100.0,2.0,35.01,,,0,trial
2026-07-04T20:19:03,forecast_hot_humid_bursty_r1,forecast,hot_humid,bursty,1,35.779,35.479,35.279,32.779,25.0,45.0,150.0,,100.0,2.0,35.02,,,0,trial
2026-07-04T20:19:03,forecast_hot_humid_bursty_r1,forecast,hot_humid,bursty,1,35.79,35.49,35.29,32.79,25.0,45.0,150.0,,100.0,2.0,35.04,,,0,trial
2026-07-04T20:19:03,forecast_hot_humid_bursty_r1,forecast,hot_humid,bursty,1,35.812,35.512,35.312,32.812,25.0,45.0,150.0,,100.0,2.0,35.05,,,0,trial
2026-07-04T20:19:03,forecast_hot_humid_bursty_r1,forecast,hot_humid,bursty,1,35.824,35.524,35.324,32.824,25.0,45.0,150.0,,100.0,2.0,35.06,,,0,trial
2026-07-04T20:19:03,forecast_hot_humid_bursty_r1,forecast,hot_humid,bursty,1,35.835,35.535,35.335,32.835,25.0,45.0,150.0,,100.0,2.0,35.07,,,0,trial
2026-07-04T20:19:03,forecast_hot_humid_bursty_r1,forecast,hot_humid,bursty,1,35.846,35.546,35.346,32.846,25.0,45.0,150.0,,100.0,2.0,35.09,,,0,trial
2026-07-04T20:19:03,forecast_hot_humid_bursty_r1,forecast,hot_humid,bursty,1,35.857,35.557,35.357,32.857,25.0,45.0,150.0,,100.0,2.0,35.1,,,0,trial
2026-07-04T20:19:03,forecast_hot_humid_bursty_r1,forecast,hot_humid,bursty,1,35.868,35.568,35.368,32.868,25.0,45.0,150.0,,100.0,2.0,35.11,,,0,trial
2026-07-04T20:19:03,forecast_hot_humid_bursty_r1,forecast,hot_humid,bursty,1,35.88,35.58,35.38,32.88,25.0,45.0,150.0,,100.0,2.0,35.13,,,0,trial
2026-07-04T20:19:03,forecast_hot_humid_bursty_r1,forecast,hot_humid,bursty,1,35.891,35.591,35.391,32.891,25.0,45.0,150.0,,100.0,2.0,35.14,,,0,trial
2026-07-04T20:19:03,forecast_hot_humid_bursty_r1,forecast,hot_humid,bursty,1,35.902,35.602,35.402,32.902,25.0,45.0,150.0,,100.0,2.0,35.15,,,0,trial
2026-07-04T20:19:03,forecast_hot_humid_bursty_r1,forecast,hot_humid,bursty,1,35.913,35.613,35.413,32.913,25.0,45.0,150.0,,100.0,2.0,35.16,,,0,trial
2026-07-04T20:19:03,forecast_hot_humid_bursty_r1,forecast,hot_humid,bursty,1,35.924,35.624,35.424,32.924,25.0,45.0,150.0,,100.0,2.0,35.18,,,0,trial
2026-07-04T20:19:03,forecast_hot_humid_bursty_r1,forecast,hot_humid,bursty,1,35.935,35.635,35.435,32.935,25.0,45.0,150.0,,100.0,2.0,35.19,,,0,trial
2026-07-04T20:19:03,forecast_hot_humid_bursty_r1,forecast,hot_humid,bursty,1,35.946,35.646,35.446,32.946,25.0,45.0,150.0,,100.0,2.0,35.2,,,0,trial
2026-07-04T20:19:03,forecast_hot_humid_bursty_r1,forecast,hot_humid,bursty,1,35.957,35.657,35.457,32.957,25.0,45.0,150.0,,100.0,2.0,35.21,,,0,trial
2026-07-04T20:19:03,forecast_hot_humid_bursty_r1,forecast,hot_humid,bursty,1,35.968,35.668,35.468,32.968,25.0,45.0,150.0,,100.0,2.0,35.23,,,0,trial
2026-07-04T20:19:03,forecast_hot_humid_bursty_r1,forecast,hot_humid,bursty,1,35.98,35.68,35.48,32.98,25.0,45.0,150.0,,100.0,2.0,35.24,,,0,trial
2026-07-04T20:19:03,forecast_hot_humid_bursty_r1,forecast,hot_humid,bursty,1,35.991,35.691,35.491,32.991,25.0,45.0,150.0,,100.0,2.0,35.25,,,0,trial
2026-07-04T20:19:03,forecast_hot_humid_bursty_r1,forecast,hot_humid,bursty,1,36.002,35.702,35.502,33.002,25.0,45.0,150.0,,100.0,2.0,35.26,,,0,trial
2026-07-04T20:19:03,forecast_hot_humid_bursty_r1,forecast,hot_humid,bursty,1,36.013,35.713,35.513,33.013,25.0,45.0,150.0,,100.0,2.0,35.28,,,0,trial
2026-07-04T20:19:03,forecast_hot_humid_bursty_r1,forecast,hot_humid,bursty,1,36.024,35.724,35.524,33.024,25.0,45.0,150.0,,100.0,2.0,35.29,,,0,trial
2026-07-04T20:19:03,forecast_hot_humid_bursty_r1,forecast,hot_humid,bursty,1,36.035,35.735,35.535,33.035,25.0,45.0,150.0,,100.0,2.0,35.3,,,0,trial
2026-07-04T20:19:03,forecast_hot_humid_bursty_r1,forecast,hot_humid,bursty,1,36.046,35.746,35.546,33.046,25.0,45.0,150.0,,100.0,2.0,35.31,,,0,trial
2026-07-04T20:19:03,forecast_hot_humid_bursty_r1,forecast,hot_humid,bursty,1,36.057,35.757,35.557,33.057,25.0,45.0,150.0,,100.0,2.0,35.33,,,0,trial
2026-07-04T20:19:03,forecast_hot_humid_bursty_r1,forecast,hot_humid,bursty,1,36.068,35.768,35.568,33.068,25.0,45.0,150.0,,100.0,2.0,35.34,,,0,trial
2026-07-04T20:19:03,forecast_hot_humid_bursty_r1,forecast,hot_humid,bursty,1,36.079,35.779,35.579,33.079,25.0,45.0,150.0,,100.0,2.0,35.35,,,0,trial
2026-07-04T20:19:03,forecast_hot_humid_bursty_r1,forecast,hot_humid,bursty,1,36.09,35.79,35.59,33.09,25.0,45.0,150.0,,100.0,2.0,35.36,,,0,trial
2026-07-04T20:19:03,forecast_hot_humid_bursty_r1,forecast,hot_humid,bursty,1,36.101,35.801,35.601,33.101,25.0,45.0,150.0,,100.0,2.0,35.37,,,0,trial
2026-07-04T20:19:03,forecast_hot_humid_bursty_r1,forecast,hot_humid,bursty,1,36.112,35.812,35.612,33.112,25.0,45.0,150.0,,100.0,2.0,35.39,,,0,trial
2026-07-04T20:19:03,forecast_hot_humid_bursty_r1,forecast,hot_humid,bursty,1,36.123,35.823,35.623,33.123,25.0,45.0,150.0,,100.0,2.0,35.4,,,0,trial
2026-07-04T20:19:03,forecast_hot_humid_bursty_r1,forecast,hot_humid,bursty,1,36.134,35.834,35.634,33.134,25.0,45.0,150.0,,100.0,2.0,35.41,,,0,trial
2026-07-04T20:19:03,forecast_hot_humid_bursty_r1,forecast,hot_humid,bursty,1,36.156,35.856,35.656,33.156,25.0,45.0,150.0,,100.0,2.0,35.42,,,0,trial
2026-07-04T20:19:03,forecast_hot_humid_bursty_r1,forecast,hot_humid,bursty,1,36.167,35.867,35.667,33.167,25.0,45.0,150.0,,100.0,2.0,35.44,,,0,trial
2026-07-04T20:19:03,forecast_hot_humid_bursty_r1,forecast,hot_humid,bursty,1,36.177,35.877,35.677,33.177,25.0,45.0,150.0,,100.0,2.0,35.45,,,0,trial
2026-07-04T20:19:03,forecast_hot_humid_bursty_r1,forecast,hot_humid,bursty,1,36.188,35.888,35.688,33.188,25.0,45.0,150.0,,100.0,2.0,35.46,,,0,trial
2026-07-04T20:19:03,forecast_hot_humid_bursty_r1,forecast,hot_humid,bursty,1,36.199,35.899,35.699,33.199,25.0,45.0,150.0,,100.0,2.0,35.47,,,0,trial
2026-07-04T20:19:03,forecast_hot_humid_bursty_r1,forecast,hot_humid,bursty,1,36.21,35.91,35.71,33.21,25.0,45.0,150.0,,100.0,2.0,35.48,,,0,trial
2026-07-04T20:19:03,forecast_hot_humid_bursty_r1,forecast,hot_humid,bursty,1,36.221,35.921,35.721,33.221,25.0,45.0,150.0,,100.0,2.0,35.5,,,0,trial
2026-07-04T20:19:03,forecast_hot_humid_bursty_r1,forecast,hot_humid,bursty,1,36.232,35.932,35.732,33.232,25.0,45.0,150.0,,100.0,2.0,35.51,,,0,trial
2026-07-04T20:19:03,forecast_hot_humid_bursty_r1,forecast,hot_humid,bursty,1,36.243,35.943,35.743,33.243,25.0,45.0,150.0,,100.0,2.0,35.52,,,0,trial
2026-07-04T20:19:03,forecast_hot_humid_bursty_r1,forecast,hot_humid,bursty,1,36.254,35.954,35.754,33.254,25.0,45.0,150.0,,100.0,2.0,35.53,,,0,trial
2026-07-04T20:19:03,forecast_hot_humid_bursty_r1,forecast,hot_humid,bursty,1,36.264,35.964,35.764,33.264,25.0,45.0,150.0,,100.0,2.0,35.54,,,0,trial
2026-07-04T20:19:03,forecast_hot_humid_bursty_r1,forecast,hot_humid,bursty,1,36.275,35.975,35.775,33.275,25.0,45.0,150.0,,100.0,2.0,35.56,,,0,trial
2026-07-04T20:19:03,forecast_hot_humid_bursty_r1,forecast,hot_humid,bursty,1,36.286,35.986,35.786,33.286,25.0,45.0,150.0,,100.0,2.0,35.57,,,0,trial
2026-07-04T20:19:03,forecast_hot_humid_bursty_r1,forecast,hot_humid,bursty,1,36.297,35.997,35.797,33.297,25.0,45.0,150.0,,100.0,2.0,35.58,,,0,trial
2026-07-04T20:19:03,forecast_hot_humid_bursty_r1,forecast,hot_humid,bursty,1,36.308,36.008,35.808,33.308,25.0,45.0,150.0,,100.0,2.0,35.59,,,0,trial
2026-07-04T20:19:03,forecast_hot_humid_bursty_r1,forecast,hot_humid,bursty,1,36.319,36.019,35.819,33.319,25.0,45.0,150.0,,100.0,2.0,35.6,,,0,trial
2026-07-04T20:19:03,forecast_hot_humid_bursty_r1,forecast,hot_humid,bursty,1,36.329,36.029,35.829,33.329,25.0,45.0,150.0,,100.0,2.0,35.61,,,0,trial
2026-07-04T20:19:03,forecast_hot_humid_bursty_r1,forecast,hot_humid,bursty,1,36.34,36.04,35.84,33.34,25.0,45.0,150.0,,100.0,2.0,35.63,,,0,trial
2026-07-04T20:19:03,forecast_hot_humid_bursty_r1,forecast,hot_humid,bursty,1,36.351,36.051,35.851,33.351,25.0,45.0,150.0,,100.0,2.0,35.64,,,0,trial
2026-07-04T20:19:03,forecast_hot_humid_bursty_r1,forecast,hot_humid,bursty,1,36.362,36.062,35.862,33.362,25.0,45.0,150.0,,100.0,2.0,35.65,,,0,trial
2026-07-04T20:19:03,forecast_hot_humid_bursty_r1,forecast,hot_humid,bursty,1,36.373,36.073,35.873,33.373,25.0,45.0,150.0,,100.0,2.0,35.66,,,0,trial
2026-07-04T20:19:03,forecast_hot_humid_bursty_r1,forecast,hot_humid,bursty,1,36.383,36.083,35.883,33.383,25.0,45.0,150.0,,100.0,2.0,35.67,,,0,trial
2026-07-04T20:19:03,forecast_hot_humid_bursty_r1,forecast,hot_humid,bursty,1,36.394,36.094,35.894,33.394,25.0,45.0,150.0,,100.0,2.0,35.68,,,0,trial
2026-07-04T20:19:03,forecast_hot_humid_bursty_r1,forecast,hot_humid,bursty,1,36.405,36.105,35.905,33.405,25.0,45.0,150.0,,100.0,2.0,35.7,,,0,trial
2026-07-04T20:19:03,forecast_hot_humid_bursty_r1,forecast,hot_humid,bursty,1,36.416,36.116,35.916,33.416,25.0,45.0,150.0,,100.0,2.0,35.71,,,0,trial
2026-07-04T20:19:03,forecast_hot_humid_bursty_r1,forecast,hot_humid,bursty,1,36.426,36.126,35.926,33.426,25.0,45.0,150.0,,100.0,2.0,35.72,,,0,trial
2026-07-04T20:19:03,forecast_hot_humid_bursty_r1,forecast,hot_humid,bursty,1,36.437,36.137,35.937,33.437,25.0,45.0,150.0,,100.0,2.0,35.73,,,0,trial
2026-07-04T20:19:03,forecast_hot_humid_bursty_r1,forecast,hot_humid,bursty,1,36.448,36.148,35.948,33.448,25.0,45.0,150.0,,100.0,2.0,35.74,,,0,trial
2026-07-04T20:19:03,forecast_hot_humid_bursty_r1,forecast,hot_humid,bursty,1,36.458,36.158,35.958,33.458,25.0,45.0,150.0,,100.0,2.0,35.75,,,0,trial
2026-07-04T20:19:03,forecast_hot_humid_bursty_r1,forecast,hot_humid,bursty,1,36.469,36.169,35.969,33.469,25.0,45.0,150.0,,100.0,2.0,35.76,,,0,trial
2026-07-04T20:19:03,forecast_hot_humid_bursty_r1,forecast,hot_humid,bursty,1,36.49,36.19,35.99,33.49,25.0,45.0,150.0,,100.0,2.0,35.78,,,0,trial
2026-07-04T20:19:03,forecast_hot_humid_bursty_r1,forecast,hot_humid,bursty,1,36.501,36.201,36.001,33.501,25.0,45.0,150.0,,100.0,2.0,35.79,,,0,trial
2026-07-04T20:19:03,forecast_hot_humid_bursty_r1,forecast,hot_humid,bursty,1,36.512,36.212,36.012,33.512,25.0,45.0,150.0,,100.0,2.0,35.8,,,0,trial
2026-07-04T20:19:03,forecast_hot_humid_bursty_r1,forecast,hot_humid,bursty,1,36.522,36.222,36.022,33.522,25.0,45.0,150.0,,100.0,2.0,35.81,,,0,trial
2026-07-04T20:19:03,forecast_hot_humid_bursty_r1,forecast,hot_humid,bursty,1,36.533,36.233,36.033,33.533,25.0,45.0,150.0,,100.0,2.0,35.82,,,0,trial
2026-07-04T20:19:03,forecast_hot_humid_bursty_r1,forecast,hot_humid,bursty,1,36.544,36.244,36.044,33.544,25.0,45.0,150.0,,100.0,2.0,35.83,,,0,trial
2026-07-04T20:19:03,forecast_hot_humid_bursty_r1,forecast,hot_humid,bursty,1,36.554,36.254,36.054,33.554,25.0,45.0,150.0,,100.0,2.0,35.84,,,0,trial
2026-07-04T20:19:03,forecast_hot_humid_bursty_r1,forecast,hot_humid,bursty,1,36.565,36.265,36.065,33.565,25.0,45.0,150.0,,100.0,2.0,35.85,,,0,trial
2026-07-04T20:19:03,forecast_hot_humid_bursty_r1,forecast,hot_humid,bursty,1,36.576,36.276,36.076,33.576,25.0,45.0,150.0,,100.0,2.0,35.87,,,0,trial
2026-07-04T20:19:03,forecast_hot_humid_bursty_r1,forecast,hot_humid,bursty,1,36.586,36.286,36.086,33.586,25.0,45.0,150.0,,100.0,2.0,35.88,,,0,trial
2026-07-04T20:19:03,forecast_hot_humid_bursty_r1,forecast,hot_humid,bursty,1,36.597,36.297,36.097,33.597,25.0,45.0,150.0,,100.0,2.0,35.89,,,0,trial
2026-07-04T20:19:03,forecast_hot_humid_bursty_r1,forecast,hot_humid,bursty,1,36.607,36.307,36.107,33.607,25.0,45.0,150.0,,100.0,2.0,35.9,,,0,trial
2026-07-04T20:19:03,forecast_hot_humid_bursty_r1,forecast,hot_humid,bursty,1,36.618,36.318,36.118,33.618,25.0,45.0,150.0,,100.0,2.0,35.91,,,0,trial
2026-07-04T20:19:03,forecast_hot_humid_bursty_r1,forecast,hot_humid,bursty,1,36.628,36.328,36.128,33.628,25.0,45.0,150.0,,100.0,2.0,35.92,,,0,trial
2026-07-04T20:19:03,forecast_hot_humid_bursty_r1,forecast,hot_humid,bursty,1,36.639,36.339,36.139,33.639,25.0,45.0,150.0,,100.0,2.0,35.93,,,0,trial
2026-07-04T20:19:03,forecast_hot_humid_bursty_r1,forecast,hot_humid,bursty,1,36.65,36.35,36.15,33.65,25.0,45.0,150.0,,100.0,2.0,35.94,,,0,trial
2026-07-04T20:19:03,forecast_hot_humid_bursty_r1,forecast,hot_humid,bursty,1,36.66,36.36,36.16,33.66,25.0,45.0,150.0,,100.0,2.0,35.95,,,0,trial
2026-07-04T20:19:03,forecast_hot_humid_bursty_r1,forecast,hot_humid,bursty,1,36.671,36.371,36.171,33.671,25.0,45.0,150.0,,100.0,2.0,35.96,,,0,trial
2026-07-04T20:19:03,forecast_hot_humid_bursty_r1,forecast,hot_humid,bursty,1,36.681,36.381,36.181,33.681,25.0,45.0,150.0,,100.0,2.0,35.97,,,0,trial
2026-07-04T20:19:03,forecast_hot_humid_bursty_r1,forecast,hot_humid,bursty,1,36.692,36.392,36.192,33.692,25.0,45.0,150.0,,100.0,2.0,35.99,,,0,trial
2026-07-04T20:19:03,forecast_hot_humid_bursty_r1,forecast,hot_humid,bursty,1,36.702,36.402,36.202,33.702,25.0,45.0,150.0,,100.0,2.0,36.0,,,0,trial
2026-07-04T20:19:03,forecast_hot_humid_bursty_r1,forecast,hot_humid,bursty,1,36.713,36.413,36.213,33.713,25.0,45.0,150.0,,100.0,2.0,36.01,,,0,trial
2026-07-04T20:19:03,forecast_hot_humid_bursty_r1,forecast,hot_humid,bursty,1,36.723,36.423,36.223,33.723,25.0,45.0,150.0,,100.0,2.0,36.02,,,0,trial
2026-07-04T20:19:03,forecast_hot_humid_bursty_r1,forecast,hot_humid,bursty,1,36.734,36.434,36.234,33.734,25.0,45.0,150.0,,100.0,2.0,36.03,,,0,trial
2026-07-04T20:19:03,forecast_hot_humid_bursty_r1,forecast,hot_humid,bursty,1,36.744,36.444,36.244,33.744,25.0,45.0,150.0,,100.0,2.0,36.04,,,0,trial
2026-07-04T20:19:03,forecast_hot_humid_bursty_r1,forecast,hot_humid,bursty,1,36.755,36.455,36.255,33.755,25.0,45.0,150.0,,100.0,2.0,36.05,,,0,trial
2026-07-04T20:19:03,forecast_hot_humid_bursty_r1,forecast,hot_humid,bursty,1,36.765,36.465,36.265,33.765,25.0,45.0,150.0,,100.0,2.0,36.06,,,0,trial
2026-07-04T20:19:03,forecast_hot_humid_bursty_r1,forecast,hot_humid,bursty,1,36.775,36.475,36.275,33.775,25.0,45.0,150.0,,100.0,2.0,36.07,,,0,trial
2026-07-04T20:19:03,forecast_hot_humid_bursty_r1,forecast,hot_humid,bursty,1,36.786,36.486,36.286,33.786,25.0,45.0,150.0,,100.0,2.0,36.08,,,0,trial
2026-07-04T20:19:03,forecast_hot_humid_bursty_r1,forecast,hot_humid,bursty,1,36.796,36.496,36.296,33.796,25.0,45.0,150.0,,100.0,2.0,36.09,,,0,trial
2026-07-04T20:19:03,forecast_hot_humid_bursty_r1,forecast,hot_humid,bursty,1,36.819,36.519,36.319,33.819,25.0,45.0,150.0,,75.0,1.5,36.1,,,0,trial
2026-07-04T20:19:03,forecast_hot_humid_bursty_r1,forecast,hot_humid,bursty,1,36.831,36.531,36.331,33.831,25.0,45.0,150.0,,75.0,1.5,36.11,,,0,trial
2026-07-04T20:19:03,forecast_hot_humid_bursty_r1,forecast,hot_humid,bursty,1,36.842,36.542,36.342,33.842,25.0,45.0,150.0,,75.0,1.5,36.12,,,0,trial
2026-07-04T20:19:03,forecast_hot_humid_bursty_r1,forecast,hot_humid,bursty,1,36.854,36.554,36.354,33.854,25.0,45.0,150.0,,75.0,1.5,36.13,,,0,trial
2026-07-04T20:19:03,forecast_hot_humid_bursty_r1,forecast,hot_humid,bursty,1,36.866,36.566,36.366,33.866,25.0,45.0,150.0,,75.0,1.5,36.14,,,0,trial
2026-07-04T20:19:03,forecast_hot_humid_bursty_r1,forecast,hot_humid,bursty,1,36.878,36.578,36.378,33.878,25.0,45.0,150.0,,75.0,1.5,36.15,,,0,trial
2026-07-04T20:19:03,forecast_hot_humid_bursty_r1,forecast,hot_humid,bursty,1,36.89,36.59,36.39,33.89,25.0,45.0,150.0,,75.0,1.5,36.16,,,0,trial
2026-07-04T20:19:03,forecast_hot_humid_bursty_r1,forecast,hot_humid,bursty,1,36.902,36.602,36.402,33.902,25.0,45.0,150.0,,75.0,1.5,36.17,,,0,trial
2026-07-04T20:19:03,forecast_hot_humid_bursty_r1,forecast,hot_humid,bursty,1,36.913,36.613,36.413,33.913,25.0,45.0,150.0,,75.0,1.5,36.18,,,0,trial
2026-07-04T20:19:03,forecast_hot_humid_bursty_r1,forecast,hot_humid,bursty,1,36.925,36.625,36.425,33.925,25.0,45.0,150.0,,75.0,1.5,36.19,,,0,trial
2026-07-04T20:19:03,forecast_hot_humid_bursty_r1,forecast,hot_humid,bursty,1,36.937,36.637,36.437,33.937,25.0,45.0,150.0,,75.0,1.5,36.2,,,0,trial
2026-07-04T20:19:03,forecast_hot_humid_bursty_r1,forecast,hot_humid,bursty,1,36.949,36.649,36.449,33.949,25.0,45.0,150.0,,75.0,1.5,36.21,,,0,trial
2026-07-04T20:19:03,forecast_hot_humid_bursty_r1,forecast,hot_humid,bursty,1,36.961,36.661,36.461,33.961,25.0,45.0,150.0,,75.0,1.5,36.22,,,0,trial
2026-07-04T20:19:03,forecast_hot_humid_bursty_r1,forecast,hot_humid,bursty,1,36.972,36.672,36.472,33.972,25.0,45.0,150.0,,75.0,1.5,36.23,,,0,trial
2026-07-04T20:19:03,forecast_hot_humid_bursty_r1,forecast,hot_humid,bursty,1,36.984,36.684,36.484,33.984,25.0,45.0,150.0,,75.0,1.5,36.24,,,0,trial
2026-07-04T20:19:03,forecast_hot_humid_bursty_r1,forecast,hot_humid,bursty,1,36.996,36.696,36.496,33.996,25.0,45.0,150.0,,75.0,1.5,36.25,,,0,trial
2026-07-04T20:19:03,forecast_hot_humid_bursty_r1,forecast,hot_humid,bursty,1,37.008,36.708,36.508,34.008,25.0,45.0,150.0,,75.0,1.5,36.26,,,0,trial
2026-07-04T20:19:03,forecast_hot_humid_bursty_r1,forecast,hot_humid,bursty,1,37.02,36.72,36.52,34.02,25.0,45.0,150.0,,75.0,1.5,36.27,,,0,trial
2026-07-04T20:19:03,forecast_hot_humid_bursty_r1,forecast,hot_humid,bursty,1,37.031,36.731,36.531,34.031,25.0,45.0,150.0,,75.0,1.5,36.28,,,0,trial
2026-07-04T20:19:03,forecast_hot_humid_bursty_r1,forecast,hot_humid,bursty,1,37.043,36.743,36.543,34.043,25.0,45.0,150.0,,75.0,1.5,36.29,,,0,trial
2026-07-04T20:19:03,forecast_hot_humid_bursty_r1,forecast,hot_humid,bursty,1,37.055,36.755,36.555,34.055,25.0,45.0,150.0,,75.0,1.5,36.3,,,0,trial
2026-07-04T20:19:03,forecast_hot_humid_bursty_r1,forecast,hot_humid,bursty,1,37.066,36.766,36.566,34.066,25.0,45.0,150.0,,75.0,1.5,36.31,,,0,trial
2026-07-04T20:19:03,forecast_hot_humid_bursty_r1,forecast,hot_humid,bursty,1,37.078,36.778,36.578,34.078,25.0,45.0,150.0,,75.0,1.5,36.32,,,0,trial
2026-07-04T20:19:03,forecast_hot_humid_bursty_r1,forecast,hot_humid,bursty,1,37.09,36.79,36.59,34.09,25.0,45.0,150.0,,75.0,1.5,36.33,,,0,trial
2026-07-04T20:19:03,forecast_hot_humid_bursty_r1,forecast,hot_humid,bursty,1,37.102,36.802,36.602,34.102,25.0,45.0,150.0,,75.0,1.5,36.34,,,0,trial
2026-07-04T20:19:03,forecast_hot_humid_bursty_r1,forecast,hot_humid,bursty,1,37.113,36.813,36.613,34.113,25.0,45.0,150.0,,75.0,1.5,36.34,,,0,trial
2026-07-04T20:19:03,forecast_hot_humid_bursty_r1,forecast,hot_humid,bursty,1,37.125,36.825,36.625,34.125,25.0,45.0,150.0,,75.0,1.5,36.35,,,0,trial
2026-07-04T20:19:03,forecast_hot_humid_bursty_r1,forecast,hot_humid,bursty,1,37.137,36.837,36.637,34.137,25.0,45.0,150.0,,75.0,1.5,36.36,,,0,trial
2026-07-04T20:19:03,forecast_hot_humid_bursty_r1,forecast,hot_humid,bursty,1,37.148,36.848,36.648,34.148,25.0,45.0,150.0,,75.0,1.5,36.37,,,0,trial
2026-07-04T20:19:03,forecast_hot_humid_bursty_r1,forecast,hot_humid,bursty,1,37.16,36.86,36.66,34.16,25.0,45.0,150.0,,75.0,1.5,36.38,,,0,trial
2026-07-04T20:19:03,forecast_hot_humid_bursty_r1,forecast,hot_humid,bursty,1,37.182,36.882,36.682,34.182,25.0,45.0,150.0,,100.0,2.0,36.39,,,0,trial
2026-07-04T20:19:03,forecast_hot_humid_bursty_r1,forecast,hot_humid,bursty,1,37.192,36.892,36.692,34.192,25.0,45.0,150.0,,100.0,2.0,36.4,,,0,trial
2026-07-04T20:19:03,forecast_hot_humid_bursty_r1,forecast,hot_humid,bursty,1,37.202,36.902,36.702,34.202,25.0,45.0,150.0,,100.0,2.0,36.41,,,0,trial
2026-07-04T20:19:03,forecast_hot_humid_bursty_r1,forecast,hot_humid,bursty,1,37.212,36.912,36.712,34.212,25.0,45.0,150.0,,100.0,2.0,36.42,,,0,trial
2026-07-04T20:19:03,forecast_hot_humid_bursty_r1,forecast,hot_humid,bursty,1,37.222,36.922,36.722,34.222,25.0,45.0,150.0,,100.0,2.0,36.43,,,0,trial
2026-07-04T20:19:03,forecast_hot_humid_bursty_r1,forecast,hot_humid,bursty,1,37.232,36.932,36.732,34.232,25.0,45.0,150.0,,100.0,2.0,36.43,,,0,trial
2026-07-04T20:19:03,forecast_hot_humid_bursty_r1,forecast,hot_humid,bursty,1,37.242,36.942,36.742,34.242,25.0,45.0,150.0,,100.0,2.0,36.44,,,0,trial
2026-07-04T20:19:03,forecast_hot_humid_bursty_r1,forecast,hot_humid,bursty,1,37.252,36.952,36.752,34.252,25.0,45.0,150.0,,100.0,2.0,36.45,,,0,trial
2026-07-04T20:19:03,forecast_hot_humid_bursty_r1,forecast,hot_humid,bursty,1,37.263,36.963,36.763,34.263,25.0,45.0,150.0,,100.0,2.0,36.46,,,0,trial
2026-07-04T20:19:03,forecast_hot_humid_bursty_r1,forecast,hot_humid,bursty,1,37.273,36.973,36.773,34.273,25.0,45.0,150.0,,100.0,2.0,36.47,,,0,trial
2026-07-04T20:19:03,forecast_hot_humid_bursty_r1,forecast,hot_humid,bursty,1,37.283,36.983,36.783,34.283,25.0,45.0,150.0,,100.0,2.0,36.48,,,0,trial
2026-07-04T20:19:03,forecast_hot_humid_bursty_r1,forecast,hot_humid,bursty,1,37.293,36.993,36.793,34.293,25.0,45.0,150.0,,100.0,2.0,36.49,,,0,trial
2026-07-04T20:19:03,forecast_hot_humid_bursty_r1,forecast,hot_humid,bursty,1,37.303,37.003,36.803,34.303,25.0,45.0,150.0,,100.0,2.0,36.49,,,0,trial
2026-07-04T20:19:03,forecast_hot_humid_bursty_r1,forecast,hot_humid,bursty,1,37.313,37.013,36.813,34.313,25.0,45.0,150.0,,100.0,2.0,36.5,,,0,trial
2026-07-04T20:19:03,forecast_hot_humid_bursty_r1,forecast,hot_humid,bursty,1,37.323,37.023,36.823,34.323,25.0,45.0,150.0,,100.0,2.0,36.51,,,0,trial
2026-07-04T20:19:03,forecast_hot_humid_bursty_r1,forecast,hot_humid,bursty,1,37.333,37.033,36.833,34.333,25.0,45.0,150.0,,100.0,2.0,36.52,,,0,trial
2026-07-04T20:19:03,forecast_hot_humid_bursty_r1,forecast,hot_humid,bursty,1,37.343,37.043,36.843,34.343,25.0,45.0,150.0,,100.0,2.0,36.53,,,0,trial
2026-07-04T20:19:03,forecast_hot_humid_bursty_r1,forecast,hot_humid,bursty,1,37.353,37.053,36.853,34.353,25.0,45.0,150.0,,100.0,2.0,36.54,,,0,trial
2026-07-04T20:19:03,forecast_hot_humid_bursty_r1,forecast,hot_humid,bursty,1,37.363,37.063,36.863,34.363,25.0,45.0,150.0,,100.0,2.0,36.54,,,0,trial
2026-07-04T20:19:03,forecast_hot_humid_bursty_r1,forecast,hot_humid,bursty,1,37.373,37.073,36.873,34.373,25.0,45.0,150.0,,100.0,2.0,36.55,,,0,trial
2026-07-04T20:19:03,forecast_hot_humid_bursty_r1,forecast,hot_humid,bursty,1,37.383,37.083,36.883,34.383,25.0,45.0,150.0,,100.0,2.0,36.56,,,0,trial
2026-07-04T20:19:03,forecast_hot_humid_bursty_r1,forecast,hot_humid,bursty,1,37.393,37.093,36.893,34.393,25.0,45.0,150.0,,100.0,2.0,36.57,,,0,trial
2026-07-04T20:19:03,forecast_hot_humid_bursty_r1,forecast,hot_humid,bursty,1,37.403,37.103,36.903,34.403,25.0,45.0,150.0,,100.0,2.0,36.58,,,0,trial
2026-07-04T20:19:03,forecast_hot_humid_bursty_r1,forecast,hot_humid,bursty,1,37.413,37.113,36.913,34.413,25.0,45.0,150.0,,100.0,2.0,36.58,,,0,trial
2026-07-04T20:19:03,forecast_hot_humid_bursty_r1,forecast,hot_humid,bursty,1,37.422,37.122,36.922,34.422,25.0,45.0,150.0,,100.0,2.0,36.59,,,0,trial
2026-07-04T20:19:03,forecast_hot_humid_bursty_r1,forecast,hot_humid,bursty,1,37.432,37.132,36.932,34.432,25.0,45.0,150.0,,100.0,2.0,36.6,,,0,trial
2026-07-04T20:19:03,forecast_hot_humid_bursty_r1,forecast,hot_humid,bursty,1,37.442,37.142,36.942,34.442,25.0,45.0,150.0,,100.0,2.0,36.61,,,0,trial
2026-07-04T20:19:03,forecast_hot_humid_bursty_r1,forecast,hot_humid,bursty,1,37.452,37.152,36.952,34.452,25.0,45.0,150.0,,100.0,2.0,36.61,,,0,trial
2026-07-04T20:19:03,forecast_hot_humid_bursty_r1,forecast,hot_humid,bursty,1,37.462,37.162,36.962,34.462,25.0,45.0,150.0,,100.0,2.0,36.62,,,0,trial
2026-07-04T20:19:03,forecast_hot_humid_bursty_r1,forecast,hot_humid,bursty,1,37.472,37.172,36.972,34.472,25.0,45.0,150.0,,100.0,2.0,36.63,,,0,trial
2026-07-04T20:19:03,forecast_hot_humid_bursty_r1,forecast,hot_humid,bursty,1,37.492,37.192,36.992,34.492,25.0,45.0,150.0,,100.0,2.0,36.64,,,0,trial
2026-07-04T20:19:03,forecast_hot_humid_bursty_r1,forecast,hot_humid,bursty,1,37.502,37.202,37.002,34.502,25.0,45.0,150.0,,100.0,2.0,36.64,,,0,trial
2026-07-04T20:19:03,forecast_hot_humid_bursty_r1,forecast,hot_humid,bursty,1,37.512,37.212,37.012,34.512,25.0,45.0,150.0,,100.0,2.0,36.65,,,0,trial
2026-07-04T20:19:03,forecast_hot_humid_bursty_r1,forecast,hot_humid,bursty,1,37.521,37.221,37.021,34.521,25.0,45.0,150.0,,100.0,2.0,36.66,,,0,trial
2026-07-04T20:19:03,forecast_hot_humid_bursty_r1,forecast,hot_humid,bursty,1,37.531,37.231,37.031,34.531,25.0,45.0,150.0,,100.0,2.0,36.67,,,0,trial
2026-07-04T20:19:03,forecast_hot_humid_bursty_r1,forecast,hot_humid,bursty,1,37.541,37.241,37.041,34.541,25.0,45.0,150.0,,100.0,2.0,36.67,,,0,trial
2026-07-04T20:19:03,forecast_hot_humid_bursty_r1,forecast,hot_humid,bursty,1,37.551,37.251,37.051,34.551,25.0,45.0,150.0,,100.0,2.0,36.68,,,0,trial
2026-07-04T20:19:03,forecast_hot_humid_bursty_r1,forecast,hot_humid,bursty,1,37.561,37.261,37.061,34.561,25.0,45.0,150.0,,100.0,2.0,36.69,,,0,trial
2026-07-04T20:19:03,forecast_hot_humid_bursty_r1,forecast,hot_humid,bursty,1,37.571,37.271,37.071,34.571,25.0,45.0,150.0,,100.0,2.0,36.69,,,0,trial
2026-07-04T20:19:03,forecast_hot_humid_bursty_r1,forecast,hot_humid,bursty,1,37.58,37.28,37.08,34.58,25.0,45.0,150.0,,100.0,2.0,36.7,,,0,trial
2026-07-04T20:19:03,forecast_hot_humid_bursty_r1,forecast,hot_humid,bursty,1,37.59,37.29,37.09,34.59,25.0,45.0,150.0,,100.0,2.0,36.71,,,0,trial
2026-07-04T20:19:03,forecast_hot_humid_bursty_r1,forecast,hot_humid,bursty,1,37.6,37.3,37.1,34.6,25.0,45.0,150.0,,100.0,2.0,36.72,,,0,trial
2026-07-04T20:19:03,forecast_hot_humid_bursty_r1,forecast,hot_humid,bursty,1,37.61,37.31,37.11,34.61,25.0,45.0,150.0,,100.0,2.0,36.72,,,0,trial
2026-07-04T20:19:03,forecast_hot_humid_bursty_r1,forecast,hot_humid,bursty,1,37.62,37.32,37.12,34.62,25.0,45.0,150.0,,100.0,2.0,36.73,,,0,trial
2026-07-04T20:19:03,forecast_hot_humid_bursty_r1,forecast,hot_humid,bursty,1,37.629,37.329,37.129,34.629,25.0,45.0,150.0,,100.0,2.0,36.74,,,0,trial
2026-07-04T20:19:03,forecast_hot_humid_bursty_r1,forecast,hot_humid,bursty,1,37.639,37.339,37.139,34.639,25.0,45.0,150.0,,100.0,2.0,36.74,,,0,trial
2026-07-04T20:19:03,forecast_hot_humid_bursty_r1,forecast,hot_humid,bursty,1,37.649,37.349,37.149,34.649,25.0,45.0,150.0,,100.0,2.0,36.75,,,0,trial
2026-07-04T20:19:03,forecast_hot_humid_bursty_r1,forecast,hot_humid,bursty,1,37.659,37.359,37.159,34.659,25.0,45.0,150.0,,100.0,2.0,36.76,,,0,trial
2026-07-04T20:19:03,forecast_hot_humid_bursty_r1,forecast,hot_humid,bursty,1,37.668,37.368,37.168,34.668,25.0,45.0,150.0,,100.0,2.0,36.76,,,0,trial
2026-07-04T20:19:03,forecast_hot_humid_bursty_r1,forecast,hot_humid,bursty,1,37.678,37.378,37.178,34.678,25.0,45.0,150.0,,100.0,2.0,36.77,,,0,trial
2026-07-04T20:19:03,forecast_hot_humid_bursty_r1,forecast,hot_humid,bursty,1,37.688,37.388,37.188,34.688,25.0,45.0,150.0,,100.0,2.0,36.77,,,0,trial
2026-07-04T20:19:03,forecast_hot_humid_bursty_r1,forecast,hot_humid,bursty,1,37.698,37.398,37.198,34.698,25.0,45.0,150.0,,100.0,2.0,36.78,,,0,trial
2026-07-04T20:19:03,forecast_hot_humid_bursty_r1,forecast,hot_humid,bursty,1,37.707,37.407,37.207,34.707,25.0,45.0,150.0,,100.0,2.0,36.79,,,0,trial
2026-07-04T20:19:03,forecast_hot_humid_bursty_r1,forecast,hot_humid,bursty,1,37.717,37.417,37.217,34.717,25.0,45.0,150.0,,100.0,2.0,36.79,,,0,trial
2026-07-04T20:19:03,forecast_hot_humid_bursty_r1,forecast,hot_humid,bursty,1,37.727,37.427,37.227,34.727,25.0,45.0,150.0,,100.0,2.0,36.8,,,0,trial
2026-07-04T20:19:03,forecast_hot_humid_bursty_r1,forecast,hot_humid,bursty,1,37.736,37.436,37.236,34.736,25.0,45.0,150.0,,100.0,2.0,36.81,,,0,trial
2026-07-04T20:19:03,forecast_hot_humid_bursty_r1,forecast,hot_humid,bursty,1,37.746,37.446,37.246,34.746,25.0,45.0,150.0,,100.0,2.0,36.81,,,0,trial
2026-07-04T20:19:03,forecast_hot_humid_bursty_r1,forecast,hot_humid,bursty,1,37.756,37.456,37.256,34.756,25.0,45.0,150.0,,100.0,2.0,36.82,,,0,trial
2026-07-04T20:19:03,forecast_hot_humid_bursty_r1,forecast,hot_humid,bursty,1,37.765,37.465,37.265,34.765,25.0,45.0,150.0,,100.0,2.0,36.82,,,0,trial
2026-07-04T20:19:03,forecast_hot_humid_bursty_r1,forecast,hot_humid,bursty,1,37.775,37.475,37.275,34.775,25.0,45.0,150.0,,100.0,2.0,36.83,,,0,trial
2026-07-04T20:19:03,forecast_hot_humid_bursty_r1,forecast,hot_humid,bursty,1,37.771,37.471,37.271,34.771,25.0,45.0,60.0,,100.0,2.0,36.84,,,0,trial
2026-07-04T20:19:03,forecast_hot_humid_bursty_r1,forecast,hot_humid,bursty,1,37.768,37.468,37.268,34.768,25.0,45.0,60.0,,100.0,2.0,36.84,,,0,trial
2026-07-04T20:19:03,forecast_hot_humid_bursty_r1,forecast,hot_humid,bursty,1,37.766,37.466,37.266,34.766,25.0,45.0,60.0,,100.0,2.0,36.85,,,0,trial
2026-07-04T20:19:03,forecast_hot_humid_bursty_r1,forecast,hot_humid,bursty,1,37.764,37.464,37.264,34.764,25.0,45.0,60.0,,100.0,2.0,36.85,,,0,trial
2026-07-04T20:19:03,forecast_hot_humid_bursty_r1,forecast,hot_humid,bursty,1,37.762,37.462,37.262,34.762,25.0,45.0,60.0,,100.0,2.0,36.86,,,0,trial
2026-07-04T20:19:03,forecast_hot_humid_bursty_r1,forecast,hot_humid,bursty,1,37.76,37.46,37.26,34.76,25.0,45.0,60.0,,100.0,2.0,36.86,,,0,trial
2026-07-04T20:19:03,forecast_hot_humid_bursty_r1,forecast,hot_humid,bursty,1,37.758,37.458,37.258,34.758,25.0,45.0,60.0,,100.0,2.0,36.87,,,0,trial
2026-07-04T20:19:03,forecast_hot_humid_bursty_r1,forecast,hot_humid,bursty,1,37.755,37.455,37.255,34.755,25.0,45.0,60.0,,100.0,2.0,36.87,,,0,trial
2026-07-04T20:19:03,forecast_hot_humid_bursty_r1,forecast,hot_humid,bursty,1,37.753,37.453,37.253,34.753,25.0,45.0,60.0,,100.0,2.0,36.88,,,0,trial
2026-07-04T20:19:03,forecast_hot_humid_bursty_r1,forecast,hot_humid,bursty,1,37.751,37.451,37.251,34.751,25.0,45.0,60.0,,100.0,2.0,36.88,,,0,trial
2026-07-04T20:19:03,forecast_hot_humid_bursty_r1,forecast,hot_humid,bursty,1,37.749,37.449,37.249,34.749,25.0,45.0,60.0,,100.0,2.0,36.89,,,0,trial
2026-07-04T20:19:03,forecast_hot_humid_bursty_r1,forecast,hot_humid,bursty,1,37.747,37.447,37.247,34.747,25.0,45.0,60.0,,100.0,2.0,36.9,,,0,trial
2026-07-04T20:19:03,forecast_hot_humid_bursty_r1,forecast,hot_humid,bursty,1,37.745,37.445,37.245,34.745,25.0,45.0,60.0,,100.0,2.0,36.9,,,0,trial
2026-07-04T20:19:03,forecast_hot_humid_bursty_r1,forecast,hot_humid,bursty,1,37.742,37.442,37.242,34.742,25.0,45.0,60.0,,100.0,2.0,36.91,,,0,trial
2026-07-04T20:19:03,forecast_hot_humid_bursty_r1,forecast,hot_humid,bursty,1,37.74,37.44,37.24,34.74,25.0,45.0,60.0,,100.0,2.0,36.91,,,0,trial
2026-07-04T20:19:03,forecast_hot_humid_bursty_r1,forecast,hot_humid,bursty,1,37.738,37.438,37.238,34.738,25.0,45.0,60.0,,100.0,2.0,36.92,,,0,trial
2026-07-04T20:19:03,forecast_hot_humid_bursty_r1,forecast,hot_humid,bursty,1,37.736,37.436,37.236,34.736,25.0,45.0,60.0,,100.0,2.0,36.92,,,0,trial
2026-07-04T20:19:03,forecast_hot_humid_bursty_r1,forecast,hot_humid,bursty,1,37.734,37.434,37.234,34.734,25.0,45.0,60.0,,100.0,2.0,36.92,,,0,trial
2026-07-04T20:19:03,forecast_hot_humid_bursty_r1,forecast,hot_humid,bursty,1,37.732,37.432,37.232,34.732,25.0,45.0,60.0,,100.0,2.0,36.93,,,0,trial
2026-07-04T20:19:03,forecast_hot_humid_bursty_r1,forecast,hot_humid,bursty,1,37.729,37.429,37.229,34.729,25.0,45.0,60.0,,100.0,2.0,36.93,,,0,trial
2026-07-04T20:19:03,forecast_hot_humid_bursty_r1,forecast,hot_humid,bursty,1,37.727,37.427,37.227,34.727,25.0,45.0,60.0,,100.0,2.0,36.94,,,0,trial
2026-07-04T20:19:03,forecast_hot_humid_bursty_r1,forecast,hot_humid,bursty,1,37.725,37.425,37.225,34.725,25.0,45.0,60.0,,100.0,2.0,36.94,,,0,trial
2026-07-04T20:19:03,forecast_hot_humid_bursty_r1,forecast,hot_humid,bursty,1,37.723,37.423,37.223,34.723,25.0,45.0,60.0,,100.0,2.0,36.95,,,0,trial
2026-07-04T20:19:03,forecast_hot_humid_bursty_r1,forecast,hot_humid,bursty,1,37.721,37.421,37.221,34.721,25.0,45.0,60.0,,100.0,2.0,36.95,,,0,trial
2026-07-04T20:19:03,forecast_hot_humid_bursty_r1,forecast,hot_humid,bursty,1,37.719,37.419,37.219,34.719,25.0,45.0,60.0,,100.0,2.0,36.96,,,0,trial
2026-07-04T20:19:03,forecast_hot_humid_bursty_r1,forecast,hot_humid,bursty,1,37.716,37.416,37.216,34.716,25.0,45.0,60.0,,100.0,2.0,36.96,,,0,trial
2026-07-04T20:19:03,forecast_hot_humid_bursty_r1,forecast,hot_humid,bursty,1,37.714,37.414,37.214,34.714,25.0,45.0,60.0,,100.0,2.0,36.96,,,0,trial
2026-07-04T20:19:03,forecast_hot_humid_bursty_r1,forecast,hot_humid,bursty,1,37.712,37.412,37.212,34.712,25.0,45.0,60.0,,100.0,2.0,36.97,,,0,trial
2026-07-04T20:19:03,forecast_hot_humid_bursty_r1,forecast,hot_humid,bursty,1,37.71,37.41,37.21,34.71,25.0,45.0,60.0,,100.0,2.0,36.97,,,0,trial
2026-07-04T20:19:03,forecast_hot_humid_bursty_r1,forecast,hot_humid,bursty,1,37.708,37.408,37.208,34.708,25.0,45.0,60.0,,100.0,2.0,36.98,,,0,trial
2026-07-04T20:19:03,forecast_hot_humid_bursty_r1,forecast,hot_humid,bursty,1,37.704,37.404,37.204,34.704,25.0,45.0,60.0,,100.0,2.0,36.98,,,0,trial
2026-07-04T20:19:03,forecast_hot_humid_bursty_r1,forecast,hot_humid,bursty,1,37.702,37.402,37.202,34.702,25.0,45.0,60.0,,100.0,2.0,36.99,,,0,trial
2026-07-04T20:19:03,forecast_hot_humid_bursty_r1,forecast,hot_humid,bursty,1,37.699,37.399,37.199,34.699,25.0,45.0,60.0,,100.0,2.0,36.99,,,0,trial
2026-07-04T20:19:03,forecast_hot_humid_bursty_r1,forecast,hot_humid,bursty,1,37.697,37.397,37.197,34.697,25.0,45.0,60.0,,100.0,2.0,36.99,,,0,trial
2026-07-04T20:19:03,forecast_hot_humid_bursty_r1,forecast,hot_humid,bursty,1,37.695,37.395,37.195,34.695,25.0,45.0,60.0,,100.0,2.0,37.0,,,0,trial
2026-07-04T20:19:03,forecast_hot_humid_bursty_r1,forecast,hot_humid,bursty,1,37.693,37.393,37.193,34.693,25.0,45.0,60.0,,100.0,2.0,37.0,,,0,trial
2026-07-04T20:19:03,forecast_hot_humid_bursty_r1,forecast,hot_humid,bursty,1,37.691,37.391,37.191,34.691,25.0,45.0,60.0,,100.0,2.0,37.0,,,0,trial
2026-07-04T20:19:03,forecast_hot_humid_bursty_r1,forecast,hot_humid,bursty,1,37.689,37.389,37.189,34.689,25.0,45.0,60.0,,100.0,2.0,37.01,,,0,trial
2026-07-04T20:19:03,forecast_hot_humid_bursty_r1,forecast,hot_humid,bursty,1,37.687,37.387,37.187,34.687,25.0,45.0,60.0,,100.0,2.0,37.01,,,0,trial
2026-07-04T20:19:03,forecast_hot_humid_bursty_r1,forecast,hot_humid,bursty,1,37.685,37.385,37.185,34.685,25.0,45.0,60.0,,100.0,2.0,37.01,,,0,trial
2026-07-04T20:19:03,forecast_hot_humid_bursty_r1,forecast,hot_humid,bursty,1,37.682,37.382,37.182,34.682,25.0,45.0,60.0,,100.0,2.0,37.02,,,0,trial
2026-07-04T20:19:03,forecast_hot_humid_bursty_r1,forecast,hot_humid,bursty,1,37.68,37.38,37.18,34.68,25.0,45.0,60.0,,100.0,2.0,37.02,,,0,trial
2026-07-04T20:19:03,forecast_hot_humid_bursty_r1,forecast,hot_humid,bursty,1,37.678,37.378,37.178,34.678,25.0,45.0,60.0,,100.0,2.0,37.02,,,0,trial
2026-07-04T20:19:03,forecast_hot_humid_bursty_r1,forecast,hot_humid,bursty,1,37.676,37.376,37.176,34.676,25.0,45.0,60.0,,100.0,2.0,37.03,,,0,trial
2026-07-04T20:19:03,forecast_hot_humid_bursty_r1,forecast,hot_humid,bursty,1,37.674,37.374,37.174,34.674,25.0,45.0,60.0,,100.0,2.0,37.03,,,0,trial
2026-07-04T20:19:03,forecast_hot_humid_bursty_r1,forecast,hot_humid,bursty,1,37.672,37.372,37.172,34.672,25.0,45.0,60.0,,100.0,2.0,37.03,,,0,trial
2026-07-04T20:19:03,forecast_hot_humid_bursty_r1,forecast,hot_humid,bursty,1,37.67,37.37,37.17,34.67,25.0,45.0,60.0,,100.0,2.0,37.04,,,0,trial
2026-07-04T20:19:03,forecast_hot_humid_bursty_r1,forecast,hot_humid,bursty,1,37.668,37.368,37.168,34.668,25.0,45.0,60.0,,100.0,2.0,37.04,,,0,trial
2026-07-04T20:19:03,forecast_hot_humid_bursty_r1,forecast,hot_humid,bursty,1,37.665,37.365,37.165,34.665,25.0,45.0,60.0,,100.0,2.0,37.04,,,0,trial
2026-07-04T20:19:03,forecast_hot_humid_bursty_r1,forecast,hot_humid,bursty,1,37.663,37.363,37.163,34.663,25.0,45.0,60.0,,100.0,2.0,37.04,,,0,trial
2026-07-04T20:19:03,forecast_hot_humid_bursty_r1,forecast,hot_humid,bursty,1,37.661,37.361,37.161,34.661,25.0,45.0,60.0,,100.0,2.0,37.05,,,0,trial
2026-07-04T20:19:03,forecast_hot_humid_bursty_r1,forecast,hot_humid,bursty,1,37.659,37.359,37.159,34.659,25.0,45.0,60.0,,100.0,2.0,37.05,,,0,trial
2026-07-04T20:19:03,forecast_hot_humid_bursty_r1,forecast,hot_humid,bursty,1,37.657,37.357,37.157,34.657,25.0,45.0,60.0,,100.0,2.0,37.05,,,0,trial
2026-07-04T20:19:03,forecast_hot_humid_bursty_r1,forecast,hot_humid,bursty,1,37.655,37.355,37.155,34.655,25.0,45.0,60.0,,100.0,2.0,37.05,,,0,trial
2026-07-04T20:19:03,forecast_hot_humid_bursty_r1,forecast,hot_humid,bursty,1,37.653,37.353,37.153,34.653,25.0,45.0,60.0,,100.0,2.0,37.06,,,0,trial
2026-07-04T20:19:03,forecast_hot_humid_bursty_r1,forecast,hot_humid,bursty,1,37.651,37.351,37.151,34.651,25.0,45.0,60.0,,100.0,2.0,37.06,,,0,trial
2026-07-04T20:19:03,forecast_hot_humid_bursty_r1,forecast,hot_humid,bursty,1,37.649,37.349,37.149,34.649,25.0,45.0,60.0,,100.0,2.0,37.06,,,0,trial
2026-07-04T20:19:03,forecast_hot_humid_bursty_r1,forecast,hot_humid,bursty,1,37.647,37.347,37.147,34.647,25.0,45.0,60.0,,100.0,2.0,37.06,,,0,trial
2026-07-04T20:19:03,forecast_hot_humid_bursty_r1,forecast,hot_humid,bursty,1,37.645,37.345,37.145,34.645,25.0,45.0,60.0,,100.0,2.0,37.07,,,0,trial
2026-07-04T20:19:03,forecast_hot_humid_bursty_r1,forecast,hot_humid,bursty,1,37.642,37.342,37.142,34.642,25.0,45.0,60.0,,100.0,2.0,37.07,,,0,trial
2026-07-04T20:19:03,forecast_hot_humid_bursty_r1,forecast,hot_humid,bursty,1,37.638,37.338,37.138,34.638,25.0,45.0,60.0,,100.0,2.0,37.07,,,0,trial
2026-07-04T20:19:03,forecast_hot_humid_bursty_r1,forecast,hot_humid,bursty,1,37.636,37.336,37.136,34.636,25.0,45.0,60.0,,100.0,2.0,37.07,,,0,trial
2026-07-04T20:19:03,forecast_hot_humid_bursty_r1,forecast,hot_humid,bursty,1,37.634,37.334,37.134,34.634,25.0,45.0,60.0,,100.0,2.0,37.07,,,0,trial
2026-07-04T20:19:03,forecast_hot_humid_bursty_r1,forecast,hot_humid,bursty,1,37.632,37.332,37.132,34.632,25.0,45.0,60.0,,100.0,2.0,37.08,,,0,trial
2026-07-04T20:19:03,forecast_hot_humid_bursty_r1,forecast,hot_humid,bursty,1,37.63,37.33,37.13,34.63,25.0,45.0,60.0,,100.0,2.0,37.08,,,0,trial
2026-07-04T20:19:03,forecast_hot_humid_bursty_r1,forecast,hot_humid,bursty,1,37.628,37.328,37.128,34.628,25.0,45.0,60.0,,100.0,2.0,37.08,,,0,trial
2026-07-04T20:19:03,forecast_hot_humid_bursty_r1,forecast,hot_humid,bursty,1,37.626,37.326,37.126,34.626,25.0,45.0,60.0,,100.0,2.0,37.08,,,0,trial
2026-07-04T20:19:03,forecast_hot_humid_bursty_r1,forecast,hot_humid,bursty,1,37.624,37.324,37.124,34.624,25.0,45.0,60.0,,100.0,2.0,37.08,,,0,trial
2026-07-04T20:19:03,forecast_hot_humid_bursty_r1,forecast,hot_humid,bursty,1,37.622,37.322,37.122,34.622,25.0,45.0,60.0,,100.0,2.0,37.08,,,0,trial
2026-07-04T20:19:03,forecast_hot_humid_bursty_r1,forecast,hot_humid,bursty,1,37.62,37.32,37.12,34.62,25.0,45.0,60.0,,100.0,2.0,37.09,,,0,trial
2026-07-04T20:19:03,forecast_hot_humid_bursty_r1,forecast,hot_humid,bursty,1,37.618,37.318,37.118,34.618,25.0,45.0,60.0,,100.0,2.0,37.09,,,0,trial
2026-07-04T20:19:03,forecast_hot_humid_bursty_r1,forecast,hot_humid,bursty,1,37.615,37.315,37.115,34.615,25.0,45.0,60.0,,100.0,2.0,37.09,,,0,trial
2026-07-04T20:19:03,forecast_hot_humid_bursty_r1,forecast,hot_humid,bursty,1,37.613,37.313,37.113,34.613,25.0,45.0,60.0,,100.0,2.0,37.09,,,0,trial
2026-07-04T20:19:03,forecast_hot_humid_bursty_r1,forecast,hot_humid,bursty,1,37.611,37.311,37.111,34.611,25.0,45.0,60.0,,100.0,2.0,37.09,,,0,trial
2026-07-04T20:19:03,forecast_hot_humid_bursty_r1,forecast,hot_humid,bursty,1,37.609,37.309,37.109,34.609,25.0,45.0,60.0,,100.0,2.0,37.09,,,0,trial
2026-07-04T20:19:03,forecast_hot_humid_bursty_r1,forecast,hot_humid,bursty,1,37.607,37.307,37.107,34.607,25.0,45.0,60.0,,100.0,2.0,37.09,,,0,trial
2026-07-04T20:19:03,forecast_hot_humid_bursty_r1,forecast,hot_humid,bursty,1,37.605,37.305,37.105,34.605,25.0,45.0,60.0,,100.0,2.0,37.09,,,0,trial
2026-07-04T20:19:03,forecast_hot_humid_bursty_r1,forecast,hot_humid,bursty,1,37.603,37.303,37.103,34.603,25.0,45.0,60.0,,100.0,2.0,37.09,,,0,trial
2026-07-04T20:19:03,forecast_hot_humid_bursty_r1,forecast,hot_humid,bursty,1,37.601,37.301,37.101,34.601,25.0,45.0,60.0,,100.0,2.0,37.1,,,0,trial
2026-07-04T20:19:03,forecast_hot_humid_bursty_r1,forecast,hot_humid,bursty,1,37.599,37.299,37.099,34.599,25.0,45.0,60.0,,100.0,2.0,37.1,,,0,trial
2026-07-04T20:19:03,forecast_hot_humid_bursty_r1,forecast,hot_humid,bursty,1,37.597,37.297,37.097,34.597,25.0,45.0,60.0,,100.0,2.0,37.1,,,0,trial
2026-07-04T20:19:03,forecast_hot_humid_bursty_r1,forecast,hot_humid,bursty,1,37.595,37.295,37.095,34.595,25.0,45.0,60.0,,100.0,2.0,37.1,,,0,trial
2026-07-04T20:19:03,forecast_hot_humid_bursty_r1,forecast,hot_humid,bursty,1,37.593,37.293,37.093,34.593,25.0,45.0,60.0,,100.0,2.0,37.1,,,0,trial
2026-07-04T20:19:03,forecast_hot_humid_bursty_r1,forecast,hot_humid,bursty,1,37.591,37.291,37.091,34.591,25.0,45.0,60.0,,100.0,2.0,37.1,,,0,trial
2026-07-04T20:19:03,forecast_hot_humid_bursty_r1,forecast,hot_humid,bursty,1,37.589,37.289,37.089,34.589,25.0,45.0,60.0,,100.0,2.0,37.1,,,0,trial
2026-07-04T20:19:03,forecast_hot_humid_bursty_r1,forecast,hot_humid,bursty,1,37.587,37.287,37.087,34.587,25.0,45.0,60.0,,100.0,2.0,37.1,,,0,trial
2026-07-04T20:19:03,forecast_hot_humid_bursty_r1,forecast,hot_humid,bursty,1,37.585,37.285,37.085,34.585,25.0,45.0,60.0,,100.0,2.0,37.1,,,0,trial
2026-07-04T20:19:03,forecast_hot_humid_bursty_r1,forecast,hot_humid,bursty,1,37.583,37.283,37.083,34.583,25.0,45.0,60.0,,100.0,2.0,37.1,,,0,trial
2026-07-04T20:19:03,forecast_hot_humid_bursty_r1,forecast,hot_humid,bursty,1,37.581,37.281,37.081,34.581,25.0,45.0,60.0,,100.0,2.0,37.1,,,0,trial
2026-07-04T20:19:03,forecast_hot_humid_bursty_r1,forecast,hot_humid,bursty,1,37.579,37.279,37.079,34.579,25.0,45.0,60.0,,100.0,2.0,37.1,,,0,trial
2026-07-04T20:19:03,forecast_hot_humid_bursty_r1,forecast,hot_humid,bursty,1,37.574,37.274,37.074,34.574,25.0,45.0,60.0,,100.0,2.0,37.1,,,0,trial
2026-07-04T20:19:03,forecast_hot_humid_bursty_r1,forecast,hot_humid,bursty,1,37.572,37.272,37.072,34.572,25.0,45.0,60.0,,100.0,2.0,37.1,,,0,trial
2026-07-04T20:19:03,forecast_hot_humid_bursty_r1,forecast,hot_humid,bursty,1,37.57,37.27,37.07,34.57,25.0,45.0,60.0,,100.0,2.0,37.1,,,0,trial
2026-07-04T20:19:03,forecast_hot_humid_bursty_r1,forecast,hot_humid,bursty,1,37.568,37.268,37.068,34.568,25.0,45.0,60.0,,100.0,2.0,37.1,,,0,trial
2026-07-04T20:19:03,forecast_hot_humid_bursty_r1,forecast,hot_humid,bursty,1,37.566,37.266,37.066,34.566,25.0,45.0,60.0,,100.0,2.0,37.1,,,0,trial
2026-07-04T20:19:03,forecast_hot_humid_bursty_r1,forecast,hot_humid,bursty,1,37.564,37.264,37.064,34.564,25.0,45.0,60.0,,100.0,2.0,37.1,,,0,trial
2026-07-04T20:19:03,forecast_hot_humid_bursty_r1,forecast,hot_humid,bursty,1,37.562,37.262,37.062,34.562,25.0,45.0,60.0,,100.0,2.0,37.1,,,0,trial
2026-07-04T20:19:03,forecast_hot_humid_bursty_r1,forecast,hot_humid,bursty,1,37.56,37.26,37.06,34.56,25.0,45.0,60.0,,100.0,2.0,37.1,,,0,trial
2026-07-04T20:19:03,forecast_hot_humid_bursty_r1,forecast,hot_humid,bursty,1,37.558,37.258,37.058,34.558,25.0,45.0,60.0,,100.0,2.0,37.1,,,0,trial
2026-07-04T20:19:03,forecast_hot_humid_bursty_r1,forecast,hot_humid,bursty,1,37.556,37.256,37.056,34.556,25.0,45.0,60.0,,100.0,2.0,37.1,,,0,trial
2026-07-04T20:19:03,forecast_hot_humid_bursty_r1,forecast,hot_humid,bursty,1,37.554,37.254,37.054,34.554,25.0,45.0,60.0,,100.0,2.0,37.1,,,0,trial
2026-07-04T20:19:03,forecast_hot_humid_bursty_r1,forecast,hot_humid,bursty,1,37.552,37.252,37.052,34.552,25.0,45.0,60.0,,100.0,2.0,37.1,,,0,trial
2026-07-04T20:19:03,forecast_hot_humid_bursty_r1,forecast,hot_humid,bursty,1,37.55,37.25,37.05,34.55,25.0,45.0,60.0,,100.0,2.0,37.1,,,0,trial
2026-07-04T20:19:03,forecast_hot_humid_bursty_r1,forecast,hot_humid,bursty,1,37.548,37.248,37.048,34.548,25.0,45.0,60.0,,100.0,2.0,37.09,,,0,trial
2026-07-04T20:19:03,forecast_hot_humid_bursty_r1,forecast,hot_humid,bursty,1,37.546,37.246,37.046,34.546,25.0,45.0,60.0,,100.0,2.0,37.09,,,0,trial
2026-07-04T20:19:03,forecast_hot_humid_bursty_r1,forecast,hot_humid,bursty,1,37.544,37.244,37.044,34.544,25.0,45.0,60.0,,100.0,2.0,37.09,,,0,trial
2026-07-04T20:19:03,forecast_hot_humid_bursty_r1,forecast,hot_humid,bursty,1,37.542,37.242,37.042,34.542,25.0,45.0,60.0,,100.0,2.0,37.09,,,0,trial
2026-07-04T20:19:03,forecast_hot_humid_bursty_r1,forecast,hot_humid,bursty,1,37.54,37.24,37.04,34.54,25.0,45.0,60.0,,100.0,2.0,37.09,,,0,trial
2026-07-04T20:19:03,forecast_hot_humid_bursty_r1,forecast,hot_humid,bursty,1,37.538,37.238,37.038,34.538,25.0,45.0,60.0,,100.0,2.0,37.09,,,0,trial
2026-07-04T20:19:03,forecast_hot_humid_bursty_r1,forecast,hot_humid,bursty,1,37.536,37.236,37.036,34.536,25.0,45.0,60.0,,100.0,2.0,37.09,,,0,trial
2026-07-04T20:19:03,forecast_hot_humid_bursty_r1,forecast,hot_humid,bursty,1,37.534,37.234,37.034,34.534,25.0,45.0,60.0,,100.0,2.0,37.09,,,0,trial
2026-07-04T20:19:03,forecast_hot_humid_bursty_r1,forecast,hot_humid,bursty,1,37.532,37.232,37.032,34.532,25.0,45.0,60.0,,100.0,2.0,37.09,,,0,trial
2026-07-04T20:19:03,forecast_hot_humid_bursty_r1,forecast,hot_humid,bursty,1,37.53,37.23,37.03,34.53,25.0,45.0,60.0,,100.0,2.0,37.08,,,0,trial
2026-07-04T20:19:03,forecast_hot_humid_bursty_r1,forecast,hot_humid,bursty,1,37.528,37.228,37.028,34.528,25.0,45.0,60.0,,100.0,2.0,37.08,,,0,trial
2026-07-04T20:19:03,forecast_hot_humid_bursty_r1,forecast,hot_humid,bursty,1,37.526,37.226,37.026,34.526,25.0,45.0,60.0,,100.0,2.0,37.08,,,0,trial
2026-07-04T20:19:03,forecast_hot_humid_bursty_r1,forecast,hot_humid,bursty,1,37.524,37.224,37.024,34.524,25.0,45.0,60.0,,100.0,2.0,37.08,,,0,trial
2026-07-04T20:19:03,forecast_hot_humid_bursty_r1,forecast,hot_humid,bursty,1,37.522,37.222,37.022,34.522,25.0,45.0,60.0,,100.0,2.0,37.08,,,0,trial
2026-07-04T20:19:03,forecast_hot_humid_bursty_r1,forecast,hot_humid,bursty,1,37.52,37.22,37.02,34.52,25.0,45.0,60.0,,100.0,2.0,37.08,,,0,trial
2026-07-04T20:19:03,forecast_hot_humid_bursty_r1,forecast,hot_humid,bursty,1,37.518,37.218,37.018,34.518,25.0,45.0,60.0,,100.0,2.0,37.07,,,0,trial
2026-07-04T20:19:03,forecast_hot_humid_bursty_r1,forecast,hot_humid,bursty,1,37.516,37.216,37.016,34.516,25.0,45.0,60.0,,100.0,2.0,37.07,,,0,trial
2026-07-04T20:19:03,forecast_hot_humid_bursty_r1,forecast,hot_humid,bursty,1,37.536,37.236,37.036,34.536,25.0,45.0,150.0,,100.0,2.0,37.07,,,0,trial
2026-07-04T20:19:03,forecast_hot_humid_bursty_r1,forecast,hot_humid,bursty,1,37.546,37.246,37.046,34.546,25.0,45.0,150.0,,100.0,2.0,37.07,,,0,trial
2026-07-04T20:19:03,forecast_hot_humid_bursty_r1,forecast,hot_humid,bursty,1,37.556,37.256,37.056,34.556,25.0,45.0,150.0,,100.0,2.0,37.07,,,0,trial
2026-07-04T20:19:03,forecast_hot_humid_bursty_r1,forecast,hot_humid,bursty,1,37.565,37.265,37.065,34.565,25.0,45.0,150.0,,100.0,2.0,37.06,,,0,trial
2026-07-04T20:19:03,forecast_hot_humid_bursty_r1,forecast,hot_humid,bursty,1,37.575,37.275,37.075,34.575,25.0,45.0,150.0,,100.0,2.0,37.06,,,0,trial
2026-07-04T20:19:03,forecast_hot_humid_bursty_r1,forecast,hot_humid,bursty,1,37.585,37.285,37.085,34.585,25.0,45.0,150.0,,100.0,2.0,37.06,,,0,trial
2026-07-04T20:19:03,forecast_hot_humid_bursty_r1,forecast,hot_humid,bursty,1,37.595,37.295,37.095,34.595,25.0,45.0,150.0,,100.0,2.0,37.06,,,0,trial
2026-07-04T20:19:03,forecast_hot_humid_bursty_r1,forecast,hot_humid,bursty,1,37.605,37.305,37.105,34.605,25.0,45.0,150.0,,100.0,2.0,37.05,,,0,trial
2026-07-04T20:19:03,forecast_hot_humid_bursty_r1,forecast,hot_humid,bursty,1,37.614,37.314,37.114,34.614,25.0,45.0,150.0,,100.0,2.0,37.05,,,0,trial
2026-07-04T20:19:03,forecast_hot_humid_bursty_r1,forecast,hot_humid,bursty,1,37.624,37.324,37.124,34.624,25.0,45.0,150.0,,100.0,2.0,37.05,,,0,trial
2026-07-04T20:19:03,forecast_hot_humid_bursty_r1,forecast,hot_humid,bursty,1,37.634,37.334,37.134,34.634,25.0,45.0,150.0,,100.0,2.0,37.05,,,0,trial
2026-07-04T20:19:03,forecast_hot_humid_bursty_r1,forecast,hot_humid,bursty,1,37.644,37.344,37.144,34.644,25.0,45.0,150.0,,100.0,2.0,37.04,,,0,trial
2026-07-04T20:19:03,forecast_hot_humid_bursty_r1,forecast,hot_humid,bursty,1,37.653,37.353,37.153,34.653,25.0,45.0,150.0,,100.0,2.0,37.04,,,0,trial
2026-07-04T20:19:03,forecast_hot_humid_bursty_r1,forecast,hot_humid,bursty,1,37.663,37.363,37.163,34.663,25.0,45.0,150.0,,100.0,2.0,37.04,,,0,trial
2026-07-04T20:19:03,forecast_hot_humid_bursty_r1,forecast,hot_humid,bursty,1,37.673,37.373,37.173,34.673,25.0,45.0,150.0,,100.0,2.0,37.04,,,0,trial
2026-07-04T20:19:03,forecast_hot_humid_bursty_r1,forecast,hot_humid,bursty,1,37.683,37.383,37.183,34.683,25.0,45.0,150.0,,100.0,2.0,37.03,,,0,trial
2026-07-04T20:19:03,forecast_hot_humid_bursty_r1,forecast,hot_humid,bursty,1,37.692,37.392,37.192,34.692,25.0,45.0,150.0,,100.0,2.0,37.03,,,0,trial
2026-07-04T20:19:03,forecast_hot_humid_bursty_r1,forecast,hot_humid,bursty,1,37.702,37.402,37.202,34.702,25.0,45.0,150.0,,100.0,2.0,37.03,,,0,trial
2026-07-04T20:19:03,forecast_hot_humid_bursty_r1,forecast,hot_humid,bursty,1,37.712,37.412,37.212,34.712,25.0,45.0,150.0,,100.0,2.0,37.02,,,0,trial
2026-07-04T20:19:03,forecast_hot_humid_bursty_r1,forecast,hot_humid,bursty,1,37.721,37.421,37.221,34.721,25.0,45.0,150.0,,100.0,2.0,37.02,,,0,trial
2026-07-04T20:19:03,forecast_hot_humid_bursty_r1,forecast,hot_humid,bursty,1,37.731,37.431,37.231,34.731,25.0,45.0,150.0,,100.0,2.0,37.02,,,0,trial
2026-07-04T20:19:03,forecast_hot_humid_bursty_r1,forecast,hot_humid,bursty,1,37.741,37.441,37.241,34.741,25.0,45.0,150.0,,100.0,2.0,37.01,,,0,trial
2026-07-04T20:19:03,forecast_hot_humid_bursty_r1,forecast,hot_humid,bursty,1,37.751,37.451,37.251,34.751,25.0,45.0,150.0,,100.0,2.0,37.01,,,0,trial
2026-07-04T20:19:03,forecast_hot_humid_bursty_r1,forecast,hot_humid,bursty,1,37.76,37.46,37.26,34.76,25.0,45.0,150.0,,100.0,2.0,37.01,,,0,trial
2026-07-04T20:19:03,forecast_hot_humid_bursty_r1,forecast,hot_humid,bursty,1,37.77,37.47,37.27,34.77,25.0,45.0,150.0,,100.0,2.0,37.0,,,0,trial
2026-07-04T20:19:03,forecast_hot_humid_bursty_r1,forecast,hot_humid,bursty,1,37.78,37.48,37.28,34.78,25.0,45.0,150.0,,100.0,2.0,37.0,,,0,trial
2026-07-04T20:19:03,forecast_hot_humid_bursty_r1,forecast,hot_humid,bursty,1,37.789,37.489,37.289,34.789,25.0,45.0,150.0,,100.0,2.0,37.0,,,0,trial
2026-07-04T20:19:03,forecast_hot_humid_bursty_r1,forecast,hot_humid,bursty,1,37.799,37.499,37.299,34.799,25.0,45.0,150.0,,100.0,2.0,36.99,,,0,trial
2026-07-04T20:19:03,forecast_hot_humid_bursty_r1,forecast,hot_humid,bursty,1,37.808,37.508,37.308,34.808,25.0,45.0,150.0,,100.0,2.0,36.99,,,0,trial
2026-07-04T20:19:03,forecast_hot_humid_bursty_r1,forecast,hot_humid,bursty,1,37.818,37.518,37.318,34.818,25.0,45.0,150.0,,100.0,2.0,36.99,,,0,trial
2026-07-04T20:19:03,forecast_hot_humid_bursty_r1,forecast,hot_humid,bursty,1,37.837,37.537,37.337,34.837,25.0,45.0,150.0,,100.0,2.0,36.98,,,0,trial
2026-07-04T20:19:03,forecast_hot_humid_bursty_r1,forecast,hot_humid,bursty,1,37.847,37.547,37.347,34.847,25.0,45.0,150.0,,100.0,2.0,36.98,,,0,trial
2026-07-04T20:19:03,forecast_hot_humid_bursty_r1,forecast,hot_humid,bursty,1,37.857,37.557,37.357,34.857,25.0,45.0,150.0,,100.0,2.0,36.97,,,0,trial
2026-07-04T20:19:03,forecast_hot_humid_bursty_r1,forecast,hot_humid,bursty,1,37.866,37.566,37.366,34.866,25.0,45.0,150.0,,100.0,2.0,36.97,,,0,trial
2026-07-04T20:19:03,forecast_hot_humid_bursty_r1,forecast,hot_humid,bursty,1,37.876,37.576,37.376,34.876,25.0,45.0,150.0,,100.0,2.0,36.96,,,0,trial
2026-07-04T20:19:03,forecast_hot_humid_bursty_r1,forecast,hot_humid,bursty,1,37.885,37.585,37.385,34.885,25.0,45.0,150.0,,100.0,2.0,36.96,,,0,trial
2026-07-04T20:19:03,forecast_hot_humid_bursty_r1,forecast,hot_humid,bursty,1,37.895,37.595,37.395,34.895,25.0,45.0,150.0,,100.0,2.0,36.96,,,0,trial
2026-07-04T20:19:03,forecast_hot_humid_bursty_r1,forecast,hot_humid,bursty,1,37.904,37.604,37.404,34.904,25.0,45.0,150.0,,100.0,2.0,36.95,,,0,trial
2026-07-04T20:19:03,forecast_hot_humid_bursty_r1,forecast,hot_humid,bursty,1,37.914,37.614,37.414,34.914,25.0,45.0,150.0,,100.0,2.0,36.95,,,0,trial
2026-07-04T20:19:03,forecast_hot_humid_bursty_r1,forecast,hot_humid,bursty,1,37.923,37.623,37.423,34.923,25.0,45.0,150.0,,100.0,2.0,36.94,,,0,trial
2026-07-04T20:19:03,forecast_hot_humid_bursty_r1,forecast,hot_humid,bursty,1,37.933,37.633,37.433,34.933,25.0,45.0,150.0,,100.0,2.0,36.94,,,0,trial
2026-07-04T20:19:03,forecast_hot_humid_bursty_r1,forecast,hot_humid,bursty,1,37.943,37.643,37.443,34.943,25.0,45.0,150.0,,100.0,2.0,36.93,,,0,trial
2026-07-04T20:19:03,forecast_hot_humid_bursty_r1,forecast,hot_humid,bursty,1,37.952,37.652,37.452,34.952,25.0,45.0,150.0,,100.0,2.0,36.93,,,0,trial
2026-07-04T20:19:03,forecast_hot_humid_bursty_r1,forecast,hot_humid,bursty,1,37.962,37.662,37.462,34.962,25.0,45.0,150.0,,100.0,2.0,36.92,,,0,trial
2026-07-04T20:19:03,forecast_hot_humid_bursty_r1,forecast,hot_humid,bursty,1,37.971,37.671,37.471,34.971,25.0,45.0,150.0,,100.0,2.0,36.92,,,0,trial
2026-07-04T20:19:03,forecast_hot_humid_bursty_r1,forecast,hot_humid,bursty,1,37.981,37.681,37.481,34.981,25.0,45.0,150.0,,100.0,2.0,36.92,,,0,trial
2026-07-04T20:19:03,forecast_hot_humid_bursty_r1,forecast,hot_humid,bursty,1,37.99,37.69,37.49,34.99,25.0,45.0,150.0,,100.0,2.0,36.91,,,0,trial
2026-07-04T20:19:03,forecast_hot_humid_bursty_r1,forecast,hot_humid,bursty,1,38.0,37.7,37.5,35.0,25.0,45.0,150.0,,100.0,2.0,36.91,,,0,trial
2026-07-04T20:19:03,forecast_hot_humid_bursty_r1,forecast,hot_humid,bursty,1,38.009,37.709,37.509,35.009,25.0,45.0,150.0,,100.0,2.0,36.9,,,0,trial
2026-07-04T20:19:03,forecast_hot_humid_bursty_r1,forecast,hot_humid,bursty,1,38.018,37.718,37.518,35.018,25.0,45.0,150.0,,100.0,2.0,36.9,,,0,trial
2026-07-04T20:19:03,forecast_hot_humid_bursty_r1,forecast,hot_humid,bursty,1,38.028,37.728,37.528,35.028,25.0,45.0,150.0,,100.0,2.0,36.89,,,0,trial
2026-07-04T20:19:03,forecast_hot_humid_bursty_r1,forecast,hot_humid,bursty,1,38.037,37.737,37.537,35.037,25.0,45.0,150.0,,100.0,2.0,36.88,,,0,trial
2026-07-04T20:19:03,forecast_hot_humid_bursty_r1,forecast,hot_humid,bursty,1,38.047,37.747,37.547,35.047,25.0,45.0,150.0,,100.0,2.0,36.88,,,0,trial
2026-07-04T20:19:03,forecast_hot_humid_bursty_r1,forecast,hot_humid,bursty,1,38.056,37.756,37.556,35.056,25.0,45.0,150.0,,100.0,2.0,36.87,,,0,trial
2026-07-04T20:19:03,forecast_hot_humid_bursty_r1,forecast,hot_humid,bursty,1,38.066,37.766,37.566,35.066,25.0,45.0,150.0,,100.0,2.0,36.87,,,0,trial
2026-07-04T20:19:03,forecast_hot_humid_bursty_r1,forecast,hot_humid,bursty,1,38.075,37.775,37.575,35.075,25.0,45.0,150.0,,100.0,2.0,36.86,,,0,trial
2026-07-04T20:19:03,forecast_hot_humid_bursty_r1,forecast,hot_humid,bursty,1,38.085,37.785,37.585,35.085,25.0,45.0,150.0,,100.0,2.0,36.86,,,0,trial
2026-07-04T20:19:03,forecast_hot_humid_bursty_r1,forecast,hot_humid,bursty,1,38.094,37.794,37.594,35.094,25.0,45.0,150.0,,100.0,2.0,36.85,,,0,trial
2026-07-04T20:19:03,forecast_hot_humid_bursty_r1,forecast,hot_humid,bursty,1,38.103,37.803,37.603,35.103,25.0,45.0,150.0,,100.0,2.0,36.85,,,0,trial
2026-07-04T20:19:03,forecast_hot_humid_bursty_r1,forecast,hot_humid,bursty,1,38.113,37.813,37.613,35.113,25.0,45.0,150.0,,100.0,2.0,36.84,,,0,trial
2026-07-04T20:19:03,forecast_hot_humid_bursty_r1,forecast,hot_humid,bursty,1,38.131,37.831,37.631,35.131,25.0,45.0,150.0,,100.0,2.0,36.84,,,0,trial
2026-07-04T20:19:03,forecast_hot_humid_bursty_r1,forecast,hot_humid,bursty,1,38.141,37.841,37.641,35.141,25.0,45.0,150.0,,100.0,2.0,36.83,,,0,trial
2026-07-04T20:19:03,forecast_hot_humid_bursty_r1,forecast,hot_humid,bursty,1,38.15,37.85,37.65,35.15,25.0,45.0,150.0,,100.0,2.0,36.82,,,0,trial
2026-07-04T20:19:03,forecast_hot_humid_bursty_r1,forecast,hot_humid,bursty,1,38.16,37.86,37.66,35.16,25.0,45.0,150.0,,100.0,2.0,36.82,,,0,trial
2026-07-04T20:19:03,forecast_hot_humid_bursty_r1,forecast,hot_humid,bursty,1,38.169,37.869,37.669,35.169,25.0,45.0,150.0,,100.0,2.0,36.81,,,0,trial
2026-07-04T20:19:03,forecast_hot_humid_bursty_r1,forecast,hot_humid,bursty,1,38.178,37.878,37.678,35.178,25.0,45.0,150.0,,100.0,2.0,36.81,,,0,trial
2026-07-04T20:19:03,forecast_hot_humid_bursty_r1,forecast,hot_humid,bursty,1,38.188,37.888,37.688,35.188,25.0,45.0,150.0,,100.0,2.0,36.8,,,0,trial
2026-07-04T20:19:03,forecast_hot_humid_bursty_r1,forecast,hot_humid,bursty,1,38.197,37.897,37.697,35.197,25.0,45.0,150.0,,100.0,2.0,36.79,,,0,trial
2026-07-04T20:19:03,forecast_hot_humid_bursty_r1,forecast,hot_humid,bursty,1,38.206,37.906,37.706,35.206,25.0,45.0,150.0,,100.0,2.0,36.79,,,0,trial
2026-07-04T20:19:03,forecast_hot_humid_bursty_r1,forecast,hot_humid,bursty,1,38.216,37.916,37.716,35.216,25.0,45.0,150.0,,100.0,2.0,36.78,,,0,trial
2026-07-04T20:19:03,forecast_hot_humid_bursty_r1,forecast,hot_humid,bursty,1,38.225,37.925,37.725,35.225,25.0,45.0,150.0,,100.0,2.0,36.77,,,0,trial
2026-07-04T20:19:03,forecast_hot_humid_bursty_r1,forecast,hot_humid,bursty,1,38.234,37.934,37.734,35.234,25.0,45.0,150.0,,100.0,2.0,36.77,,,0,trial
2026-07-04T20:19:03,forecast_hot_humid_bursty_r1,forecast,hot_humid,bursty,1,38.243,37.943,37.743,35.243,25.0,45.0,150.0,,100.0,2.0,36.76,,,0,trial
2026-07-04T20:19:03,forecast_hot_humid_bursty_r1,forecast,hot_humid,bursty,1,38.253,37.953,37.753,35.253,25.0,45.0,150.0,,100.0,2.0,36.76,,,0,trial
2026-07-04T20:19:03,forecast_hot_humid_bursty_r1,forecast,hot_humid,bursty,1,38.262,37.962,37.762,35.262,25.0,45.0,150.0,,100.0,2.0,36.75,,,0,trial
2026-07-04T20:19:03,forecast_hot_humid_bursty_r1,forecast,hot_humid,bursty,1,38.271,37.971,37.771,35.271,25.0,45.0,150.0,,100.0,2.0,36.74,,,0,trial
2026-07-04T20:19:03,forecast_hot_humid_bursty_r1,forecast,hot_humid,bursty,1,38.281,37.981,37.781,35.281,25.0,45.0,150.0,,100.0,2.0,36.74,,,0,trial
2026-07-04T20:19:03,forecast_hot_humid_bursty_r1,forecast,hot_humid,bursty,1,38.29,37.99,37.79,35.29,25.0,45.0,150.0,,100.0,2.0,36.73,,,0,trial
2026-07-04T20:19:03,forecast_hot_humid_bursty_r1,forecast,hot_humid,bursty,1,38.299,37.999,37.799,35.299,25.0,45.0,150.0,,100.0,2.0,36.72,,,0,trial
2026-07-04T20:19:03,forecast_hot_humid_bursty_r1,forecast,hot_humid,bursty,1,38.308,38.008,37.808,35.308,25.0,45.0,150.0,,100.0,2.0,36.72,,,0,trial
2026-07-04T20:19:03,forecast_hot_humid_bursty_r1,forecast,hot_humid,bursty,1,38.317,38.017,37.817,35.317,25.0,45.0,150.0,,100.0,2.0,36.71,,,0,trial
2026-07-04T20:19:03,forecast_hot_humid_bursty_r1,forecast,hot_humid,bursty,1,38.327,38.027,37.827,35.327,25.0,45.0,150.0,,100.0,2.0,36.7,,,0,trial
2026-07-04T20:19:03,forecast_hot_humid_bursty_r1,forecast,hot_humid,bursty,1,38.336,38.036,37.836,35.336,25.0,45.0,150.0,,100.0,2.0,36.69,,,0,trial
2026-07-04T20:19:03,forecast_hot_humid_bursty_r1,forecast,hot_humid,bursty,1,38.345,38.045,37.845,35.345,25.0,45.0,150.0,,100.0,2.0,36.69,,,0,trial
2026-07-04T20:19:03,forecast_hot_humid_bursty_r1,forecast,hot_humid,bursty,1,38.354,38.054,37.854,35.354,25.0,45.0,150.0,,100.0,2.0,36.68,,,0,trial
2026-07-04T20:19:03,forecast_hot_humid_bursty_r1,forecast,hot_humid,bursty,1,38.364,38.064,37.864,35.364,25.0,45.0,150.0,,100.0,2.0,36.67,,,0,trial
2026-07-04T20:19:03,forecast_hot_humid_bursty_r1,forecast,hot_humid,bursty,1,38.373,38.073,37.873,35.373,25.0,45.0,150.0,,100.0,2.0,36.67,,,0,trial
2026-07-04T20:19:03,forecast_hot_humid_bursty_r1,forecast,hot_humid,bursty,1,38.382,38.082,37.882,35.382,25.0,45.0,150.0,,100.0,2.0,36.66,,,0,trial
2026-07-04T20:19:03,forecast_hot_humid_bursty_r1,forecast,hot_humid,bursty,1,38.391,38.091,37.891,35.391,25.0,45.0,150.0,,100.0,2.0,36.65,,,0,trial
2026-07-04T20:19:03,forecast_hot_humid_bursty_r1,forecast,hot_humid,bursty,1,38.4,38.1,37.9,35.4,25.0,45.0,150.0,,100.0,2.0,36.64,,,0,trial
2026-07-04T20:19:03,forecast_hot_humid_bursty_r1,forecast,hot_humid,bursty,1,38.42,38.12,37.92,35.42,25.0,45.0,150.0,,75.0,1.5,36.64,,,0,trial
2026-07-04T20:19:03,forecast_hot_humid_bursty_r1,forecast,hot_humid,bursty,1,38.431,38.131,37.931,35.431,25.0,45.0,150.0,,75.0,1.5,36.63,,,0,trial
2026-07-04T20:19:03,forecast_hot_humid_bursty_r1,forecast,hot_humid,bursty,1,38.442,38.142,37.942,35.442,25.0,45.0,150.0,,75.0,1.5,36.62,,,0,trial
2026-07-04T20:19:03,forecast_hot_humid_bursty_r1,forecast,hot_humid,bursty,1,38.453,38.153,37.953,35.453,25.0,45.0,150.0,,75.0,1.5,36.61,,,0,trial
2026-07-04T20:19:03,forecast_hot_humid_bursty_r1,forecast,hot_humid,bursty,1,38.463,38.163,37.963,35.463,25.0,45.0,150.0,,75.0,1.5,36.61,,,0,trial
2026-07-04T20:19:03,forecast_hot_humid_bursty_r1,forecast,hot_humid,bursty,1,38.474,38.174,37.974,35.474,25.0,45.0,150.0,,75.0,1.5,36.6,,,0,trial
2026-07-04T20:19:03,forecast_hot_humid_bursty_r1,forecast,hot_humid,bursty,1,38.485,38.185,37.985,35.485,25.0,45.0,150.0,,75.0,1.5,36.59,,,0,trial
2026-07-04T20:19:03,forecast_hot_humid_bursty_r1,forecast,hot_humid,bursty,1,38.496,38.196,37.996,35.496,25.0,45.0,150.0,,75.0,1.5,36.58,,,0,trial
2026-07-04T20:19:03,forecast_hot_humid_bursty_r1,forecast,hot_humid,bursty,1,38.507,38.207,38.007,35.507,25.0,45.0,150.0,,75.0,1.5,36.58,,,0,trial
2026-07-04T20:19:03,forecast_hot_humid_bursty_r1,forecast,hot_humid,bursty,1,38.517,38.217,38.017,35.517,25.0,45.0,150.0,,75.0,1.5,36.57,,,0,trial
2026-07-04T20:19:03,forecast_hot_humid_bursty_r1,forecast,hot_humid,bursty,1,38.528,38.228,38.028,35.528,25.0,45.0,150.0,,75.0,1.5,36.56,,,0,trial
2026-07-04T20:19:03,forecast_hot_humid_bursty_r1,forecast,hot_humid,bursty,1,38.539,38.239,38.039,35.539,25.0,45.0,150.0,,75.0,1.5,36.55,,,0,trial
2026-07-04T20:19:03,forecast_hot_humid_bursty_r1,forecast,hot_humid,bursty,1,38.55,38.25,38.05,35.55,25.0,45.0,150.0,,75.0,1.5,36.54,,,0,trial
2026-07-04T20:19:03,forecast_hot_humid_bursty_r1,forecast,hot_humid,bursty,1,38.56,38.26,38.06,35.56,25.0,45.0,150.0,,75.0,1.5,36.54,,,0,trial
2026-07-04T20:19:03,forecast_hot_humid_bursty_r1,forecast,hot_humid,bursty,1,38.571,38.271,38.071,35.571,25.0,45.0,150.0,,75.0,1.5,36.53,,,0,trial
2026-07-04T20:19:03,forecast_hot_humid_bursty_r1,forecast,hot_humid,bursty,1,38.582,38.282,38.082,35.582,25.0,45.0,150.0,,75.0,1.5,36.52,,,0,trial
2026-07-04T20:19:03,forecast_hot_humid_bursty_r1,forecast,hot_humid,bursty,1,38.592,38.292,38.092,35.592,25.0,45.0,150.0,,75.0,1.5,36.51,,,0,trial
2026-07-04T20:19:03,forecast_hot_humid_bursty_r1,forecast,hot_humid,bursty,1,38.603,38.303,38.103,35.603,25.0,45.0,150.0,,75.0,1.5,36.5,,,0,trial
2026-07-04T20:19:03,forecast_hot_humid_bursty_r1,forecast,hot_humid,bursty,1,38.614,38.314,38.114,35.614,25.0,45.0,150.0,,75.0,1.5,36.49,,,0,trial
2026-07-04T20:19:03,forecast_hot_humid_bursty_r1,forecast,hot_humid,bursty,1,38.625,38.325,38.125,35.625,25.0,45.0,150.0,,75.0,1.5,36.49,,,0,trial
2026-07-04T20:19:03,forecast_hot_humid_bursty_r1,forecast,hot_humid,bursty,1,38.635,38.335,38.135,35.635,25.0,45.0,150.0,,75.0,1.5,36.48,,,0,trial
2026-07-04T20:19:03,forecast_hot_humid_bursty_r1,forecast,hot_humid,bursty,1,38.646,38.346,38.146,35.646,25.0,45.0,150.0,,75.0,1.5,36.47,,,0,trial
2026-07-04T20:19:03,forecast_hot_humid_bursty_r1,forecast,hot_humid,bursty,1,38.657,38.357,38.157,35.657,25.0,45.0,150.0,,75.0,1.5,36.46,,,0,trial
2026-07-04T20:19:03,forecast_hot_humid_bursty_r1,forecast,hot_humid,bursty,1,38.667,38.367,38.167,35.667,25.0,45.0,150.0,,75.0,1.5,36.45,,,0,trial
2026-07-04T20:19:03,forecast_hot_humid_bursty_r1,forecast,hot_humid,bursty,1,38.678,38.378,38.178,35.678,25.0,45.0,150.0,,75.0,1.5,36.44,,,0,trial
2026-07-04T20:19:03,forecast_hot_humid_bursty_r1,forecast,hot_humid,bursty,1,38.688,38.388,38.188,35.688,25.0,45.0,150.0,,75.0,1.5,36.43,,,0,trial
2026-07-04T20:19:03,forecast_hot_humid_bursty_r1,forecast,hot_humid,bursty,1,38.699,38.399,38.199,35.699,25.0,45.0,150.0,,75.0,1.5,36.43,,,0,trial
2026-07-04T20:19:03,forecast_hot_humid_bursty_r1,forecast,hot_humid,bursty,1,38.71,38.41,38.21,35.71,25.0,45.0,150.0,,75.0,1.5,36.42,,,0,trial
2026-07-04T20:19:03,forecast_hot_humid_bursty_r1,forecast,hot_humid,bursty,1,38.72,38.42,38.22,35.72,25.0,45.0,150.0,,75.0,1.5,36.41,,,0,trial
2026-07-04T20:19:03,forecast_hot_humid_bursty_r1,forecast,hot_humid,bursty,1,38.731,38.431,38.231,35.731,25.0,45.0,150.0,,75.0,1.5,36.4,,,0,trial
2026-07-04T20:19:03,forecast_hot_humid_bursty_r1,forecast,hot_humid,bursty,1,38.75,38.45,38.25,35.75,25.0,45.0,150.0,,100.0,2.0,36.39,,,0,trial
2026-07-04T20:19:03,forecast_hot_humid_bursty_r1,forecast,hot_humid,bursty,1,38.759,38.459,38.259,35.759,25.0,45.0,150.0,,100.0,2.0,36.38,,,0,trial
2026-07-04T20:19:03,forecast_hot_humid_bursty_r1,forecast,hot_humid,bursty,1,38.768,38.468,38.268,35.768,25.0,45.0,150.0,,100.0,2.0,36.37,,,0,trial
2026-07-04T20:19:03,forecast_hot_humid_bursty_r1,forecast,hot_humid,bursty,1,38.777,38.477,38.277,35.777,25.0,45.0,150.0,,100.0,2.0,36.36,,,0,trial
2026-07-04T20:19:03,forecast_hot_humid_bursty_r1,forecast,hot_humid,bursty,1,38.786,38.486,38.286,35.786,25.0,45.0,150.0,,100.0,2.0,36.35,,,0,trial
2026-07-04T20:19:03,forecast_hot_humid_bursty_r1,forecast,hot_humid,bursty,1,38.795,38.495,38.295,35.795,25.0,45.0,150.0,,100.0,2.0,36.34,,,0,trial
2026-07-04T20:19:03,forecast_hot_humid_bursty_r1,forecast,hot_humid,bursty,1,38.804,38.504,38.304,35.804,25.0,45.0,150.0,,100.0,2.0,36.34,,,0,trial
2026-07-04T20:19:03,forecast_hot_humid_bursty_r1,forecast,hot_humid,bursty,1,38.813,38.513,38.313,35.813,25.0,45.0,150.0,,100.0,2.0,36.33,,,0,trial
2026-07-04T20:19:03,forecast_hot_humid_bursty_r1,forecast,hot_humid,bursty,1,38.821,38.521,38.321,35.821,25.0,45.0,150.0,,100.0,2.0,36.32,,,0,trial
2026-07-04T20:19:03,forecast_hot_humid_bursty_r1,forecast,hot_humid,bursty,1,38.83,38.53,38.33,35.83,25.0,45.0,150.0,,100.0,2.0,36.31,,,0,trial
2026-07-04T20:19:03,forecast_hot_humid_bursty_r1,forecast,hot_humid,bursty,1,38.839,38.539,38.339,35.839,25.0,45.0,150.0,,100.0,2.0,36.3,,,0,trial
2026-07-04T20:19:03,forecast_hot_humid_bursty_r1,forecast,hot_humid,bursty,1,38.848,38.548,38.348,35.848,25.0,45.0,150.0,,100.0,2.0,36.29,,,0,trial
2026-07-04T20:19:03,forecast_hot_humid_bursty_r1,forecast,hot_humid,bursty,1,38.857,38.557,38.357,35.857,25.0,45.0,150.0,,100.0,2.0,36.28,,,0,trial
2026-07-04T20:19:03,forecast_hot_humid_bursty_r1,forecast,hot_humid,bursty,1,38.865,38.565,38.365,35.865,25.0,45.0,150.0,,100.0,2.0,36.27,,,0,trial
2026-07-04T20:19:03,forecast_hot_humid_bursty_r1,forecast,hot_humid,bursty,1,38.874,38.574,38.374,35.874,25.0,45.0,150.0,,100.0,2.0,36.26,,,0,trial
2026-07-04T20:19:03,forecast_hot_humid_bursty_r1,forecast,hot_humid,bursty,1,38.883,38.583,38.383,35.883,25.0,45.0,150.0,,100.0,2.0,36.25,,,0,trial
2026-07-04T20:19:03,forecast_hot_humid_bursty_r1,forecast,hot_humid,bursty,1,38.892,38.592,38.392,35.892,25.0,45.0,150.0,,100.0,2.0,36.24,,,0,trial
2026-07-04T20:19:03,forecast_hot_humid_bursty_r1,forecast,hot_humid,bursty,1,38.901,38.601,38.401,35.901,25.0,45.0,150.0,,100.0,2.0,36.23,,,0,trial
2026-07-04T20:19:03,forecast_hot_humid_bursty_r1,forecast,hot_humid,bursty,1,38.909,38.609,38.409,35.909,25.0,45.0,150.0,,100.0,2.0,36.22,,,0,trial
2026-07-04T20:19:03,forecast_hot_humid_bursty_r1,forecast,hot_humid,bursty,1,38.918,38.618,38.418,35.918,25.0,45.0,150.0,,100.0,2.0,36.21,,,0,trial
2026-07-04T20:19:03,forecast_hot_humid_bursty_r1,forecast,hot_humid,bursty,1,38.927,38.627,38.427,35.927,25.0,45.0,150.0,,100.0,2.0,36.2,,,0,trial
2026-07-04T20:19:03,forecast_hot_humid_bursty_r1,forecast,hot_humid,bursty,1,38.936,38.636,38.436,35.936,25.0,45.0,150.0,,100.0,2.0,36.19,,,0,trial
2026-07-04T20:19:03,forecast_hot_humid_bursty_r1,forecast,hot_humid,bursty,1,38.944,38.644,38.444,35.944,25.0,45.0,150.0,,100.0,2.0,36.18,,,0,trial
2026-07-04T20:19:03,forecast_hot_humid_bursty_r1,forecast,hot_humid,bursty,1,38.953,38.653,38.453,35.953,25.0,45.0,150.0,,100.0,2.0,36.17,,,0,trial
2026-07-04T20:19:03,forecast_hot_humid_bursty_r1,forecast,hot_humid,bursty,1,38.962,38.662,38.462,35.962,25.0,45.0,150.0,,100.0,2.0,36.16,,,0,trial
2026-07-04T20:19:03,forecast_hot_humid_bursty_r1,forecast,hot_humid,bursty,1,38.97,38.67,38.47,35.97,25.0,45.0,150.0,,100.0,2.0,36.15,,,0,trial
2026-07-04T20:19:03,forecast_hot_humid_bursty_r1,forecast,hot_humid,bursty,1,38.979,38.679,38.479,35.979,25.0,45.0,150.0,,100.0,2.0,36.14,,,0,trial
2026-07-04T20:19:03,forecast_hot_humid_bursty_r1,forecast,hot_humid,bursty,1,38.988,38.688,38.488,35.988,25.0,45.0,150.0,,100.0,2.0,36.13,,,0,trial
2026-07-04T20:19:03,forecast_hot_humid_bursty_r1,forecast,hot_humid,bursty,1,38.997,38.697,38.497,35.997,25.0,45.0,150.0,,100.0,2.0,36.12,,,0,trial
2026-07-04T20:19:03,forecast_hot_humid_bursty_r1,forecast,hot_humid,bursty,1,39.005,38.705,38.505,36.005,25.0,45.0,150.0,,100.0,2.0,36.11,,,0,trial
2026-07-04T20:19:03,forecast_hot_humid_bursty_r1,forecast,hot_humid,bursty,1,39.023,38.723,38.523,36.023,25.0,45.0,150.0,,100.0,2.0,36.1,,,0,trial
2026-07-04T20:19:03,forecast_hot_humid_bursty_r1,forecast,hot_humid,bursty,1,39.031,38.731,38.531,36.031,25.0,45.0,150.0,,100.0,2.0,36.09,,,0,trial
2026-07-04T20:19:03,forecast_hot_humid_bursty_r1,forecast,hot_humid,bursty,1,39.04,38.74,38.54,36.04,25.0,45.0,150.0,,100.0,2.0,36.08,,,0,trial
2026-07-04T20:19:03,forecast_hot_humid_bursty_r1,forecast,hot_humid,bursty,1,39.049,38.749,38.549,36.049,25.0,45.0,150.0,,100.0,2.0,36.07,,,0,trial
2026-07-04T20:19:03,forecast_hot_humid_bursty_r1,forecast,hot_humid,bursty,1,39.057,38.757,38.557,36.057,25.0,45.0,150.0,,100.0,2.0,36.06,,,0,trial
2026-07-04T20:19:03,forecast_hot_humid_bursty_r1,forecast,hot_humid,bursty,1,39.066,38.766,38.566,36.066,25.0,45.0,150.0,,100.0,2.0,36.05,,,0,trial
2026-07-04T20:19:03,forecast_hot_humid_bursty_r1,forecast,hot_humid,bursty,1,39.074,38.774,38.574,36.074,25.0,45.0,150.0,,100.0,2.0,36.04,,,0,trial
2026-07-04T20:19:03,forecast_hot_humid_bursty_r1,forecast,hot_humid,bursty,1,39.083,38.783,38.583,36.083,25.0,45.0,150.0,,100.0,2.0,36.03,,,0,trial
2026-07-04T20:19:03,forecast_hot_humid_bursty_r1,forecast,hot_humid,bursty,1,39.092,38.792,38.592,36.092,25.0,45.0,150.0,,100.0,2.0,36.02,,,0,trial
2026-07-04T20:19:03,forecast_hot_humid_bursty_r1,forecast,hot_humid,bursty,1,39.1,38.8,38.6,36.1,25.0,45.0,150.0,,100.0,2.0,36.01,,,0,trial
2026-07-04T20:19:03,forecast_hot_humid_bursty_r1,forecast,hot_humid,bursty,1,39.109,38.809,38.609,36.109,25.0,45.0,150.0,,100.0,2.0,36.0,,,0,trial
2026-07-04T20:19:03,forecast_hot_humid_bursty_r1,forecast,hot_humid,bursty,1,39.118,38.818,38.618,36.118,25.0,45.0,150.0,,100.0,2.0,35.99,,,0,trial
2026-07-04T20:19:03,forecast_hot_humid_bursty_r1,forecast,hot_humid,bursty,1,39.126,38.826,38.626,36.126,25.0,45.0,150.0,,100.0,2.0,35.97,,,0,trial
2026-07-04T20:19:03,forecast_hot_humid_bursty_r1,forecast,hot_humid,bursty,1,39.135,38.835,38.635,36.135,25.0,45.0,150.0,,100.0,2.0,35.96,,,0,trial
2026-07-04T20:19:03,forecast_hot_humid_bursty_r1,forecast,hot_humid,bursty,1,39.143,38.843,38.643,36.143,25.0,45.0,150.0,,100.0,2.0,35.95,,,0,trial
2026-07-04T20:19:03,forecast_hot_humid_bursty_r1,forecast,hot_humid,bursty,1,39.152,38.852,38.652,36.152,25.0,45.0,150.0,,100.0,2.0,35.94,,,0,trial
2026-07-04T20:19:03,forecast_hot_humid_bursty_r1,forecast,hot_humid,bursty,1,39.16,38.86,38.66,36.16,25.0,45.0,150.0,,100.0,2.0,35.93,,,0,trial
2026-07-04T20:19:03,forecast_hot_humid_bursty_r1,forecast,hot_humid,bursty,1,39.169,38.869,38.669,36.169,25.0,45.0,150.0,,100.0,2.0,35.92,,,0,trial
2026-07-04T20:19:03,forecast_hot_humid_bursty_r1,forecast,hot_humid,bursty,1,39.178,38.878,38.678,36.178,25.0,45.0,150.0,,100.0,2.0,35.91,,,0,trial
2026-07-04T20:19:03,forecast_hot_humid_bursty_r1,forecast,hot_humid,bursty,1,39.186,38.886,38.686,36.186,25.0,45.0,150.0,,100.0,2.0,35.9,,,0,trial
2026-07-04T20:19:03,forecast_hot_humid_bursty_r1,forecast,hot_humid,bursty,1,39.195,38.895,38.695,36.195,25.0,45.0,150.0,,100.0,2.0,35.89,,,0,trial
2026-07-04T20:19:03,forecast_hot_humid_bursty_r1,forecast,hot_humid,bursty,1,39.203,38.903,38.703,36.203,25.0,45.0,150.0,,100.0,2.0,35.88,,,0,trial
2026-07-04T20:19:03,forecast_hot_humid_bursty_r1,forecast,hot_humid,bursty,1,39.212,38.912,38.712,36.212,25.0,45.0,150.0,,100.0,2.0,35.87,,,0,trial
2026-07-04T20:19:03,forecast_hot_humid_bursty_r1,forecast,hot_humid,bursty,1,39.22,38.92,38.72,36.22,25.0,45.0,150.0,,100.0,2.0,35.85,,,0,trial
2026-07-04T20:19:03,forecast_hot_humid_bursty_r1,forecast,hot_humid,bursty,1,39.229,38.929,38.729,36.229,25.0,45.0,150.0,,100.0,2.0,35.84,,,0,trial
2026-07-04T20:19:03,forecast_hot_humid_bursty_r1,forecast,hot_humid,bursty,1,39.237,38.937,38.737,36.237,25.0,45.0,150.0,,100.0,2.0,35.83,,,0,trial
2026-07-04T20:19:03,forecast_hot_humid_bursty_r1,forecast,hot_humid,bursty,1,39.246,38.946,38.746,36.246,25.0,45.0,150.0,,100.0,2.0,35.82,,,0,trial
2026-07-04T20:19:03,forecast_hot_humid_bursty_r1,forecast,hot_humid,bursty,1,39.254,38.954,38.754,36.254,25.0,45.0,150.0,,100.0,2.0,35.81,,,0,trial
2026-07-04T20:19:03,forecast_hot_humid_bursty_r1,forecast,hot_humid,bursty,1,39.263,38.963,38.763,36.263,25.0,45.0,150.0,,100.0,2.0,35.8,,,0,trial
2026-07-04T20:19:03,forecast_hot_humid_bursty_r1,forecast,hot_humid,bursty,1,39.271,38.971,38.771,36.271,25.0,45.0,150.0,,100.0,2.0,35.79,,,0,trial
2026-07-04T20:19:03,forecast_hot_humid_bursty_r1,forecast,hot_humid,bursty,1,39.264,38.964,38.764,36.264,25.0,45.0,60.0,,100.0,2.0,35.78,,,0,trial
2026-07-04T20:19:03,forecast_hot_humid_bursty_r1,forecast,hot_humid,bursty,1,39.261,38.961,38.761,36.261,25.0,45.0,60.0,,100.0,2.0,35.76,,,0,trial
2026-07-04T20:19:03,forecast_hot_humid_bursty_r1,forecast,hot_humid,bursty,1,39.258,38.958,38.758,36.258,25.0,45.0,60.0,,100.0,2.0,35.75,,,0,trial
2026-07-04T20:19:03,forecast_hot_humid_bursty_r1,forecast,hot_humid,bursty,1,39.254,38.954,38.754,36.254,25.0,45.0,60.0,,100.0,2.0,35.74,,,0,trial
2026-07-04T20:19:03,forecast_hot_humid_bursty_r1,forecast,hot_humid,bursty,1,39.251,38.951,38.751,36.251,25.0,45.0,60.0,,100.0,2.0,35.73,,,0,trial
2026-07-04T20:19:03,forecast_hot_humid_bursty_r1,forecast,hot_humid,bursty,1,39.248,38.948,38.748,36.248,25.0,45.0,60.0,,100.0,2.0,35.72,,,0,trial
2026-07-04T20:19:03,forecast_hot_humid_bursty_r1,forecast,hot_humid,bursty,1,39.244,38.944,38.744,36.244,25.0,45.0,60.0,,100.0,2.0,35.71,,,0,trial
2026-07-04T20:19:03,forecast_hot_humid_bursty_r1,forecast,hot_humid,bursty,1,39.241,38.941,38.741,36.241,25.0,45.0,60.0,,100.0,2.0,35.7,,,0,trial
2026-07-04T20:19:03,forecast_hot_humid_bursty_r1,forecast,hot_humid,bursty,1,39.238,38.938,38.738,36.238,25.0,45.0,60.0,,100.0,2.0,35.68,,,0,trial
2026-07-04T20:19:03,forecast_hot_humid_bursty_r1,forecast,hot_humid,bursty,1,39.234,38.934,38.734,36.234,25.0,45.0,60.0,,100.0,2.0,35.67,,,0,trial
2026-07-04T20:19:03,forecast_hot_humid_bursty_r1,forecast,hot_humid,bursty,1,39.231,38.931,38.731,36.231,25.0,45.0,60.0,,100.0,2.0,35.66,,,0,trial
2026-07-04T20:19:03,forecast_hot_humid_bursty_r1,forecast,hot_humid,bursty,1,39.228,38.928,38.728,36.228,25.0,45.0,60.0,,100.0,2.0,35.65,,,0,trial
2026-07-04T20:19:03,forecast_hot_humid_bursty_r1,forecast,hot_humid,bursty,1,39.224,38.924,38.724,36.224,25.0,45.0,60.0,,100.0,2.0,35.64,,,0,trial
2026-07-04T20:19:03,forecast_hot_humid_bursty_r1,forecast,hot_humid,bursty,1,39.221,38.921,38.721,36.221,25.0,45.0,60.0,,100.0,2.0,35.63,,,0,trial
2026-07-04T20:19:03,forecast_hot_humid_bursty_r1,forecast,hot_humid,bursty,1,39.218,38.918,38.718,36.218,25.0,45.0,60.0,,100.0,2.0,35.61,,,0,trial
2026-07-04T20:19:03,forecast_hot_humid_bursty_r1,forecast,hot_humid,bursty,1,39.214,38.914,38.714,36.214,25.0,45.0,60.0,,100.0,2.0,35.6,,,0,trial
2026-07-04T20:19:03,forecast_hot_humid_bursty_r1,forecast,hot_humid,bursty,1,39.211,38.911,38.711,36.211,25.0,45.0,60.0,,100.0,2.0,35.59,,,0,trial
2026-07-04T20:19:03,forecast_hot_humid_bursty_r1,forecast,hot_humid,bursty,1,39.208,38.908,38.708,36.208,25.0,45.0,60.0,,100.0,2.0,35.58,,,0,trial
2026-07-04T20:19:03,forecast_hot_humid_bursty_r1,forecast,hot_humid,bursty,1,39.204,38.904,38.704,36.204,25.0,45.0,60.0,,100.0,2.0,35.57,,,0,trial
2026-07-04T20:19:03,forecast_hot_humid_bursty_r1,forecast,hot_humid,bursty,1,39.201,38.901,38.701,36.201,25.0,45.0,60.0,,100.0,2.0,35.56,,,0,trial
2026-07-04T20:19:03,forecast_hot_humid_bursty_r1,forecast,hot_humid,bursty,1,39.198,38.898,38.698,36.198,25.0,45.0,60.0,,100.0,2.0,35.54,,,0,trial
2026-07-04T20:19:03,forecast_hot_humid_bursty_r1,forecast,hot_humid,bursty,1,39.194,38.894,38.694,36.194,25.0,45.0,60.0,,100.0,2.0,35.53,,,0,trial
2026-07-04T20:19:03,forecast_hot_humid_bursty_r1,forecast,hot_humid,bursty,1,39.191,38.891,38.691,36.191,25.0,45.0,60.0,,100.0,2.0,35.52,,,0,trial
2026-07-04T20:19:03,forecast_hot_humid_bursty_r1,forecast,hot_humid,bursty,1,39.188,38.888,38.688,36.188,25.0,45.0,60.0,,100.0,2.0,35.51,,,0,trial
2026-07-04T20:19:03,forecast_hot_humid_bursty_r1,forecast,hot_humid,bursty,1,39.184,38.884,38.684,36.184,25.0,45.0,60.0,,100.0,2.0,35.5,,,0,trial
2026-07-04T20:19:03,forecast_hot_humid_bursty_r1,forecast,hot_humid,bursty,1,39.181,38.881,38.681,36.181,25.0,45.0,60.0,,100.0,2.0,35.48,,,0,trial
2026-07-04T20:19:03,forecast_hot_humid_bursty_r1,forecast,hot_humid,bursty,1,39.178,38.878,38.678,36.178,25.0,45.0,60.0,,100.0,2.0,35.47,,,0,trial
2026-07-04T20:19:03,forecast_hot_humid_bursty_r1,forecast,hot_humid,bursty,1,39.174,38.874,38.674,36.174,25.0,45.0,60.0,,100.0,2.0,35.46,,,0,trial
2026-07-04T20:19:03,forecast_hot_humid_bursty_r1,forecast,hot_humid,bursty,1,39.171,38.871,38.671,36.171,25.0,45.0,60.0,,100.0,2.0,35.45,,,0,trial
2026-07-04T20:19:03,forecast_hot_humid_bursty_r1,forecast,hot_humid,bursty,1,39.168,38.868,38.668,36.168,25.0,45.0,60.0,,100.0,2.0,35.44,,,0,trial
2026-07-04T20:19:03,forecast_hot_humid_bursty_r1,forecast,hot_humid,bursty,1,39.161,38.861,38.661,36.161,25.0,45.0,60.0,,100.0,2.0,35.42,,,0,trial
2026-07-04T20:19:03,forecast_hot_humid_bursty_r1,forecast,hot_humid,bursty,1,39.158,38.858,38.658,36.158,25.0,45.0,60.0,,100.0,2.0,35.41,,,0,trial
2026-07-04T20:19:03,forecast_hot_humid_bursty_r1,forecast,hot_humid,bursty,1,39.155,38.855,38.655,36.155,25.0,45.0,60.0,,100.0,2.0,35.4,,,0,trial
2026-07-04T20:19:03,forecast_hot_humid_bursty_r1,forecast,hot_humid,bursty,1,39.151,38.851,38.651,36.151,25.0,45.0,60.0,,100.0,2.0,35.39,,,0,trial
2026-07-04T20:19:03,forecast_hot_humid_bursty_r1,forecast,hot_humid,bursty,1,39.148,38.848,38.648,36.148,25.0,45.0,60.0,,100.0,2.0,35.37,,,0,trial
2026-07-04T20:19:03,forecast_hot_humid_bursty_r1,forecast,hot_humid,bursty,1,39.145,38.845,38.645,36.145,25.0,45.0,60.0,,100.0,2.0,35.36,,,0,trial
2026-07-04T20:19:03,forecast_hot_humid_bursty_r1,forecast,hot_humid,bursty,1,39.142,38.842,38.642,36.142,25.0,45.0,60.0,,100.0,2.0,35.35,,,0,trial
2026-07-04T20:19:03,forecast_hot_humid_bursty_r1,forecast,hot_humid,bursty,1,39.138,38.838,38.638,36.138,25.0,45.0,60.0,,100.0,2.0,35.34,,,0,trial
2026-07-04T20:19:03,forecast_hot_humid_bursty_r1,forecast,hot_humid,bursty,1,39.135,38.835,38.635,36.135,25.0,45.0,60.0,,100.0,2.0,35.33,,,0,trial
2026-07-04T20:19:03,forecast_hot_humid_bursty_r1,forecast,hot_humid,bursty,1,39.132,38.832,38.632,36.132,25.0,45.0,60.0,,100.0,2.0,35.31,,,0,trial
2026-07-04T20:19:03,forecast_hot_humid_bursty_r1,forecast,hot_humid,bursty,1,39.129,38.829,38.629,36.129,25.0,45.0,60.0,,100.0,2.0,35.3,,,0,trial
2026-07-04T20:19:03,forecast_hot_humid_bursty_r1,forecast,hot_humid,bursty,1,39.125,38.825,38.625,36.125,25.0,45.0,60.0,,100.0,2.0,35.29,,,0,trial
2026-07-04T20:19:03,forecast_hot_humid_bursty_r1,forecast,hot_humid,bursty,1,39.122,38.822,38.622,36.122,25.0,45.0,60.0,,100.0,2.0,35.28,,,0,trial
2026-07-04T20:19:03,forecast_hot_humid_bursty_r1,forecast,hot_humid,bursty,1,39.119,38.819,38.619,36.119,25.0,45.0,60.0,,100.0,2.0,35.26,,,0,trial
2026-07-04T20:19:03,forecast_hot_humid_bursty_r1,forecast,hot_humid,bursty,1,39.116,38.816,38.616,36.116,25.0,45.0,60.0,,100.0,2.0,35.25,,,0,trial
2026-07-04T20:19:03,forecast_hot_humid_bursty_r1,forecast,hot_humid,bursty,1,39.112,38.812,38.612,36.112,25.0,45.0,60.0,,100.0,2.0,35.24,,,0,trial
2026-07-04T20:19:03,forecast_hot_humid_bursty_r1,forecast,hot_humid,bursty,1,39.109,38.809,38.609,36.109,25.0,45.0,60.0,,100.0,2.0,35.23,,,0,trial
2026-07-04T20:19:03,forecast_hot_humid_bursty_r1,forecast,hot_humid,bursty,1,39.106,38.806,38.606,36.106,25.0,45.0,60.0,,100.0,2.0,35.21,,,0,trial
2026-07-04T20:19:03,forecast_hot_humid_bursty_r1,forecast,hot_humid,bursty,1,39.103,38.803,38.603,36.103,25.0,45.0,60.0,,100.0,2.0,35.2,,,0,trial
2026-07-04T20:19:03,forecast_hot_humid_bursty_r1,forecast,hot_humid,bursty,1,39.099,38.799,38.599,36.099,25.0,45.0,60.0,,100.0,2.0,35.19,,,0,trial
2026-07-04T20:19:03,forecast_hot_humid_bursty_r1,forecast,hot_humid,bursty,1,39.096,38.796,38.596,36.096,25.0,45.0,60.0,,100.0,2.0,35.18,,,0,trial
2026-07-04T20:19:03,forecast_hot_humid_bursty_r1,forecast,hot_humid,bursty,1,39.093,38.793,38.593,36.093,25.0,45.0,60.0,,100.0,2.0,35.16,,,0,trial
2026-07-04T20:19:03,forecast_hot_humid_bursty_r1,forecast,hot_humid,bursty,1,39.09,38.79,38.59,36.09,25.0,45.0,60.0,,100.0,2.0,35.15,,,0,trial
2026-07-04T20:19:03,forecast_hot_humid_bursty_r1,forecast,hot_humid,bursty,1,39.086,38.786,38.586,36.086,25.0,45.0,60.0,,100.0,2.0,35.14,,,0,trial
2026-07-04T20:19:03,forecast_hot_humid_bursty_r1,forecast,hot_humid,bursty,1,39.083,38.783,38.583,36.083,25.0,45.0,60.0,,100.0,2.0,35.13,,,0,trial
2026-07-04T20:19:03,forecast_hot_humid_bursty_r1,forecast,hot_humid,bursty,1,39.08,38.78,38.58,36.08,25.0,45.0,60.0,,100.0,2.0,35.11,,,0,trial
2026-07-04T20:19:03,forecast_hot_humid_bursty_r1,forecast,hot_humid,bursty,1,39.077,38.777,38.577,36.077,25.0,45.0,60.0,,100.0,2.0,35.1,,,0,trial
2026-07-04T20:19:03,forecast_hot_humid_bursty_r1,forecast,hot_humid,bursty,1,39.073,38.773,38.573,36.073,25.0,45.0,60.0,,100.0,2.0,35.09,,,0,trial
2026-07-04T20:19:03,forecast_hot_humid_bursty_r1,forecast,hot_humid,bursty,1,39.07,38.77,38.57,36.07,25.0,45.0,60.0,,100.0,2.0,35.07,,,0,trial
2026-07-04T20:19:03,forecast_hot_humid_bursty_r1,forecast,hot_humid,bursty,1,39.067,38.767,38.567,36.067,25.0,45.0,60.0,,100.0,2.0,35.06,,,0,trial
2026-07-04T20:19:03,forecast_hot_humid_bursty_r1,forecast,hot_humid,bursty,1,39.061,38.761,38.561,36.061,25.0,45.0,60.0,,100.0,2.0,35.05,,,0,trial
2026-07-04T20:19:03,forecast_hot_humid_bursty_r1,forecast,hot_humid,bursty,1,39.057,38.757,38.557,36.057,25.0,45.0,60.0,,100.0,2.0,35.04,,,0,trial
2026-07-04T20:19:03,forecast_hot_humid_bursty_r1,forecast,hot_humid,bursty,1,39.054,38.754,38.554,36.054,25.0,45.0,60.0,,100.0,2.0,35.02,,,0,trial
2026-07-04T20:19:03,forecast_hot_humid_bursty_r1,forecast,hot_humid,bursty,1,39.051,38.751,38.551,36.051,25.0,45.0,60.0,,100.0,2.0,35.01,,,0,trial
2026-07-04T20:19:03,forecast_hot_humid_bursty_r1,forecast,hot_humid,bursty,1,39.048,38.748,38.548,36.048,25.0,45.0,60.0,,100.0,2.0,35.0,,,0,trial
2026-07-04T20:19:03,forecast_hot_humid_bursty_r1,forecast,hot_humid,bursty,1,39.045,38.745,38.545,36.045,25.0,45.0,60.0,,100.0,2.0,34.99,,,0,trial
2026-07-04T20:19:03,forecast_hot_humid_bursty_r1,forecast,hot_humid,bursty,1,39.041,38.741,38.541,36.041,25.0,45.0,60.0,,100.0,2.0,34.97,,,0,trial
2026-07-04T20:19:03,forecast_hot_humid_bursty_r1,forecast,hot_humid,bursty,1,39.038,38.738,38.538,36.038,25.0,45.0,60.0,,100.0,2.0,34.96,,,0,trial
2026-07-04T20:19:03,forecast_hot_humid_bursty_r1,forecast,hot_humid,bursty,1,39.035,38.735,38.535,36.035,25.0,45.0,60.0,,100.0,2.0,34.95,,,0,trial
2026-07-04T20:19:03,forecast_hot_humid_bursty_r1,forecast,hot_humid,bursty,1,39.032,38.732,38.532,36.032,25.0,45.0,60.0,,100.0,2.0,34.93,,,0,trial
2026-07-04T20:19:03,forecast_hot_humid_bursty_r1,forecast,hot_humid,bursty,1,39.029,38.729,38.529,36.029,25.0,45.0,60.0,,100.0,2.0,34.92,,,0,trial
2026-07-04T20:19:03,forecast_hot_humid_bursty_r1,forecast,hot_humid,bursty,1,39.025,38.725,38.525,36.025,25.0,45.0,60.0,,100.0,2.0,34.91,,,0,trial
2026-07-04T20:19:03,forecast_hot_humid_bursty_r1,forecast,hot_humid,bursty,1,39.022,38.722,38.522,36.022,25.0,45.0,60.0,,100.0,2.0,34.9,,,0,trial
2026-07-04T20:19:03,forecast_hot_humid_bursty_r1,forecast,hot_humid,bursty,1,39.019,38.719,38.519,36.019,25.0,45.0,60.0,,100.0,2.0,34.88,,,0,trial
2026-07-04T20:19:03,forecast_hot_humid_bursty_r1,forecast,hot_humid,bursty,1,39.016,38.716,38.516,36.016,25.0,45.0,60.0,,100.0,2.0,34.87,,,0,trial
2026-07-04T20:19:03,forecast_hot_humid_bursty_r1,forecast,hot_humid,bursty,1,39.013,38.713,38.513,36.013,25.0,45.0,60.0,,100.0,2.0,34.86,,,0,trial
2026-07-04T20:19:03,forecast_hot_humid_bursty_r1,forecast,hot_humid,bursty,1,39.01,38.71,38.51,36.01,25.0,45.0,60.0,,100.0,2.0,34.84,,,0,trial
2026-07-04T20:19:03,forecast_hot_humid_bursty_r1,forecast,hot_humid,bursty,1,39.006,38.706,38.506,36.006,25.0,45.0,60.0,,100.0,2.0,34.83,,,0,trial
2026-07-04T20:19:03,forecast_hot_humid_bursty_r1,forecast,hot_humid,bursty,1,39.003,38.703,38.503,36.003,25.0,45.0,60.0,,100.0,2.0,34.82,,,0,trial
2026-07-04T20:19:03,forecast_hot_humid_bursty_r1,forecast,hot_humid,bursty,1,39.0,38.7,38.5,36.0,25.0,45.0,60.0,,100.0,2.0,34.81,,,0,trial
2026-07-04T20:19:03,forecast_hot_humid_bursty_r1,forecast,hot_humid,bursty,1,38.997,38.697,38.497,35.997,25.0,45.0,60.0,,100.0,2.0,34.79,,,0,trial
2026-07-04T20:19:03,forecast_hot_humid_bursty_r1,forecast,hot_humid,bursty,1,38.994,38.694,38.494,35.994,25.0,45.0,60.0,,100.0,2.0,34.78,,,0,trial
2026-07-04T20:19:03,forecast_hot_humid_bursty_r1,forecast,hot_humid,bursty,1,38.991,38.691,38.491,35.991,25.0,45.0,60.0,,100.0,2.0,34.77,,,0,trial
2026-07-04T20:19:03,forecast_hot_humid_bursty_r1,forecast,hot_humid,bursty,1,38.988,38.688,38.488,35.988,25.0,45.0,60.0,,100.0,2.0,34.75,,,0,trial
2026-07-04T20:19:03,forecast_hot_humid_bursty_r1,forecast,hot_humid,bursty,1,38.984,38.684,38.484,35.984,25.0,45.0,60.0,,100.0,2.0,34.74,,,0,trial
2026-07-04T20:19:03,forecast_hot_humid_bursty_r1,forecast,hot_humid,bursty,1,38.981,38.681,38.481,35.981,25.0,45.0,60.0,,100.0,2.0,34.73,,,0,trial
2026-07-04T20:19:03,forecast_hot_humid_bursty_r1,forecast,hot_humid,bursty,1,38.978,38.678,38.478,35.978,25.0,45.0,60.0,,100.0,2.0,34.71,,,0,trial
2026-07-04T20:19:03,forecast_hot_humid_bursty_r1,forecast,hot_humid,bursty,1,38.975,38.675,38.475,35.975,25.0,45.0,60.0,,100.0,2.0,34.7,,,0,trial
2026-07-04T20:19:03,forecast_hot_humid_bursty_r1,forecast,hot_humid,bursty,1,38.972,38.672,38.472,35.972,25.0,45.0,60.0,,100.0,2.0,34.69,,,0,trial
2026-07-04T20:19:03,forecast_hot_humid_bursty_r1,forecast,hot_humid,bursty,1,38.969,38.669,38.469,35.969,25.0,45.0,60.0,,100.0,2.0,34.68,,,0,trial
2026-07-04T20:19:03,forecast_hot_humid_bursty_r1,forecast,hot_humid,bursty,1,38.962,38.662,38.462,35.962,25.0,45.0,60.0,,100.0,2.0,34.66,,,0,trial
2026-07-04T20:19:03,forecast_hot_humid_bursty_r1,forecast,hot_humid,bursty,1,38.959,38.659,38.459,35.959,25.0,45.0,60.0,,100.0,2.0,34.65,,,0,trial
2026-07-04T20:19:03,forecast_hot_humid_bursty_r1,forecast,hot_humid,bursty,1,38.956,38.656,38.456,35.956,25.0,45.0,60.0,,100.0,2.0,34.64,,,0,trial
2026-07-04T20:19:03,forecast_hot_humid_bursty_r1,forecast,hot_humid,bursty,1,38.953,38.653,38.453,35.953,25.0,45.0,60.0,,100.0,2.0,34.62,,,0,trial
2026-07-04T20:19:03,forecast_hot_humid_bursty_r1,forecast,hot_humid,bursty,1,38.95,38.65,38.45,35.95,25.0,45.0,60.0,,100.0,2.0,34.61,,,0,trial
2026-07-04T20:19:03,forecast_hot_humid_bursty_r1,forecast,hot_humid,bursty,1,38.947,38.647,38.447,35.947,25.0,45.0,60.0,,100.0,2.0,34.6,,,0,trial
2026-07-04T20:19:03,forecast_hot_humid_bursty_r1,forecast,hot_humid,bursty,1,38.944,38.644,38.444,35.944,25.0,45.0,60.0,,100.0,2.0,34.58,,,0,trial
2026-07-04T20:19:03,forecast_hot_humid_bursty_r1,forecast,hot_humid,bursty,1,38.941,38.641,38.441,35.941,25.0,45.0,60.0,,100.0,2.0,34.57,,,0,trial
2026-07-04T20:19:03,forecast_hot_humid_bursty_r1,forecast,hot_humid,bursty,1,38.937,38.637,38.437,35.937,25.0,45.0,60.0,,100.0,2.0,34.56,,,0,trial
2026-07-04T20:19:03,forecast_hot_humid_bursty_r1,forecast,hot_humid,bursty,1,38.934,38.634,38.434,35.934,25.0,45.0,60.0,,100.0,2.0,34.55,,,0,trial
2026-07-04T20:19:03,forecast_hot_humid_bursty_r1,forecast,hot_humid,bursty,1,38.931,38.631,38.431,35.931,25.0,45.0,60.0,,100.0,2.0,34.53,,,0,trial
2026-07-04T20:19:03,forecast_hot_humid_bursty_r1,forecast,hot_humid,bursty,1,38.928,38.628,38.428,35.928,25.0,45.0,60.0,,100.0,2.0,34.52,,,0,trial
2026-07-04T20:19:03,forecast_hot_humid_bursty_r1,forecast,hot_humid,bursty,1,38.925,38.625,38.425,35.925,25.0,45.0,60.0,,100.0,2.0,34.51,,,0,trial
2026-07-04T20:19:03,forecast_hot_humid_bursty_r1,forecast,hot_humid,bursty,1,38.922,38.622,38.422,35.922,25.0,45.0,60.0,,100.0,2.0,34.49,,,0,trial
2026-07-04T20:19:03,forecast_hot_humid_bursty_r1,forecast,hot_humid,bursty,1,38.919,38.619,38.419,35.919,25.0,45.0,60.0,,100.0,2.0,34.48,,,0,trial
2026-07-04T20:19:03,forecast_hot_humid_bursty_r1,forecast,hot_humid,bursty,1,38.916,38.616,38.416,35.916,25.0,45.0,60.0,,100.0,2.0,34.47,,,0,trial
2026-07-04T20:19:03,forecast_hot_humid_bursty_r1,forecast,hot_humid,bursty,1,38.913,38.613,38.413,35.913,25.0,45.0,60.0,,100.0,2.0,34.45,,,0,trial
2026-07-04T20:19:03,forecast_hot_humid_bursty_r1,forecast,hot_humid,bursty,1,38.91,38.61,38.41,35.91,25.0,45.0,60.0,,100.0,2.0,34.44,,,0,trial
2026-07-04T20:19:03,forecast_hot_humid_bursty_r1,forecast,hot_humid,bursty,1,38.906,38.606,38.406,35.906,25.0,45.0,60.0,,100.0,2.0,34.43,,,0,trial
2026-07-04T20:19:03,forecast_hot_humid_bursty_r1,forecast,hot_humid,bursty,1,38.903,38.603,38.403,35.903,25.0,45.0,60.0,,100.0,2.0,34.41,,,0,trial
2026-07-04T20:19:03,forecast_hot_humid_bursty_r1,forecast,hot_humid,bursty,1,38.9,38.6,38.4,35.9,25.0,45.0,60.0,,100.0,2.0,34.4,,,0,trial
2026-07-04T20:19:03,forecast_hot_humid_bursty_r1,forecast,hot_humid,bursty,1,38.897,38.597,38.397,35.897,25.0,45.0,60.0,,100.0,2.0,34.39,,,0,trial
2026-07-04T20:19:03,forecast_hot_humid_bursty_r1,forecast,hot_humid,bursty,1,38.894,38.594,38.394,35.894,25.0,45.0,60.0,,100.0,2.0,34.38,,,0,trial
2026-07-04T20:19:03,forecast_hot_humid_bursty_r1,forecast,hot_humid,bursty,1,38.891,38.591,38.391,35.891,25.0,45.0,60.0,,100.0,2.0,34.36,,,0,trial
2026-07-04T20:19:03,forecast_hot_humid_bursty_r1,forecast,hot_humid,bursty,1,38.888,38.588,38.388,35.888,25.0,45.0,60.0,,100.0,2.0,34.35,,,0,trial
2026-07-04T20:19:03,forecast_hot_humid_bursty_r1,forecast,hot_humid,bursty,1,38.885,38.585,38.385,35.885,25.0,45.0,60.0,,100.0,2.0,34.34,,,0,trial
2026-07-04T20:19:03,forecast_hot_humid_bursty_r1,forecast,hot_humid,bursty,1,38.882,38.582,38.382,35.882,25.0,45.0,60.0,,100.0,2.0,34.32,,,0,trial
2026-07-04T20:19:03,forecast_hot_humid_bursty_r1,forecast,hot_humid,bursty,1,38.879,38.579,38.379,35.879,25.0,45.0,60.0,,100.0,2.0,34.31,,,0,trial
2026-07-04T20:19:03,forecast_hot_humid_bursty_r1,forecast,hot_humid,bursty,1,38.876,38.576,38.376,35.876,25.0,45.0,60.0,,100.0,2.0,34.3,,,0,trial
2026-07-04T20:19:03,forecast_hot_humid_bursty_r1,forecast,hot_humid,bursty,1,38.873,38.573,38.373,35.873,25.0,45.0,60.0,,100.0,2.0,34.28,,,0,trial
2026-07-04T20:19:03,forecast_hot_humid_bursty_r1,forecast,hot_humid,bursty,1,38.89,38.59,38.39,35.89,25.0,45.0,150.0,,100.0,2.0,34.27,,,0,trial
2026-07-04T20:19:03,forecast_hot_humid_bursty_r1,forecast,hot_humid,bursty,1,38.899,38.599,38.399,35.899,25.0,45.0,150.0,,100.0,2.0,34.26,,,0,trial
2026-07-04T20:19:03,forecast_hot_humid_bursty_r1,forecast,hot_humid,bursty,1,38.908,38.608,38.408,35.908,25.0,45.0,150.0,,100.0,2.0,34.24,,,0,trial
2026-07-04T20:19:03,forecast_hot_humid_bursty_r1,forecast,hot_humid,bursty,1,38.917,38.617,38.417,35.917,25.0,45.0,150.0,,100.0,2.0,34.23,,,0,trial
2026-07-04T20:19:03,forecast_hot_humid_bursty_r1,forecast,hot_humid,bursty,1,38.925,38.625,38.425,35.925,25.0,45.0,150.0,,100.0,2.0,34.22,,,0,trial
2026-07-04T20:19:03,forecast_hot_humid_bursty_r1,forecast,hot_humid,bursty,1,38.934,38.634,38.434,35.934,25.0,45.0,150.0,,100.0,2.0,34.21,,,0,trial
2026-07-04T20:19:03,forecast_hot_humid_bursty_r1,forecast,hot_humid,bursty,1,38.943,38.643,38.443,35.943,25.0,45.0,150.0,,100.0,2.0,34.19,,,0,trial
2026-07-04T20:19:03,forecast_hot_humid_bursty_r1,forecast,hot_humid,bursty,1,38.951,38.651,38.451,35.951,25.0,45.0,150.0,,100.0,2.0,34.18,,,0,trial
2026-07-04T20:19:03,forecast_hot_humid_bursty_r1,forecast,hot_humid,bursty,1,38.96,38.66,38.46,35.96,25.0,45.0,150.0,,100.0,2.0,34.17,,,0,trial
2026-07-04T20:19:03,forecast_hot_humid_bursty_r1,forecast,hot_humid,bursty,1,38.969,38.669,38.469,35.969,25.0,45.0,150.0,,100.0,2.0,34.15,,,0,trial
2026-07-04T20:19:03,forecast_hot_humid_bursty_r1,forecast,hot_humid,bursty,1,38.978,38.678,38.478,35.978,25.0,45.0,150.0,,100.0,2.0,34.14,,,0,trial
2026-07-04T20:19:03,forecast_hot_humid_bursty_r1,forecast,hot_humid,bursty,1,38.986,38.686,38.486,35.986,25.0,45.0,150.0,,100.0,2.0,34.13,,,0,trial
2026-07-04T20:19:03,forecast_hot_humid_bursty_r1,forecast,hot_humid,bursty,1,38.995,38.695,38.495,35.995,25.0,45.0,150.0,,100.0,2.0,34.11,,,0,trial
2026-07-04T20:19:03,forecast_hot_humid_bursty_r1,forecast,hot_humid,bursty,1,39.004,38.704,38.504,36.004,25.0,45.0,150.0,,100.0,2.0,34.1,,,0,trial
2026-07-04T20:19:03,forecast_hot_humid_bursty_r1,forecast,hot_humid,bursty,1,39.012,38.712,38.512,36.012,25.0,45.0,150.0,,100.0,2.0,34.09,,,0,trial
2026-07-04T20:19:03,forecast_hot_humid_bursty_r1,forecast,hot_humid,bursty,1,39.021,38.721,38.521,36.021,25.0,45.0,150.0,,100.0,2.0,34.07,,,0,trial
2026-07-04T20:19:03,forecast_hot_humid_bursty_r1,forecast,hot_humid,bursty,1,39.03,38.73,38.53,36.03,25.0,45.0,150.0,,100.0,2.0,34.06,,,0,trial
2026-07-04T20:19:03,forecast_hot_humid_bursty_r1,forecast,hot_humid,bursty,1,39.038,38.738,38.538,36.038,25.0,45.0,150.0,,100.0,2.0,34.05,,,0,trial
2026-07-04T20:19:03,forecast_hot_humid_bursty_r1,forecast,hot_humid,bursty,1,39.047,38.747,38.547,36.047,25.0,45.0,150.0,,100.0,2.0,34.04,,,0,trial
2026-07-04T20:19:03,forecast_hot_humid_bursty_r1,forecast,hot_humid,bursty,1,39.056,38.756,38.556,36.056,25.0,45.0,150.0,,100.0,2.0,34.02,,,0,trial
2026-07-04T20:19:03,forecast_hot_humid_bursty_r1,forecast,hot_humid,bursty,1,39.064,38.764,38.564,36.064,25.0,45.0,150.0,,100.0,2.0,34.01,,,0,trial
2026-07-04T20:19:03,forecast_hot_humid_bursty_r1,forecast,hot_humid,bursty,1,39.073,38.773,38.573,36.073,25.0,45.0,150.0,,100.0,2.0,34.0,,,0,trial
2026-07-04T20:19:03,forecast_hot_humid_bursty_r1,forecast,hot_humid,bursty,1,39.082,38.782,38.582,36.082,25.0,45.0,150.0,,100.0,2.0,33.98,,,0,trial
2026-07-04T20:19:03,forecast_hot_humid_bursty_r1,forecast,hot_humid,bursty,1,39.09,38.79,38.59,36.09,25.0,45.0,150.0,,100.0,2.0,33.97,,,0,trial
2026-07-04T20:19:03,forecast_hot_humid_bursty_r1,forecast,hot_humid,bursty,1,39.099,38.799,38.599,36.099,25.0,45.0,150.0,,100.0,2.0,33.96,,,0,trial
2026-07-04T20:19:03,forecast_hot_humid_bursty_r1,forecast,hot_humid,bursty,1,39.107,38.807,38.607,36.107,25.0,45.0,150.0,,100.0,2.0,33.94,,,0,trial
2026-07-04T20:19:03,forecast_hot_humid_bursty_r1,forecast,hot_humid,bursty,1,39.116,38.816,38.616,36.116,25.0,45.0,150.0,,100.0,2.0,33.93,,,0,trial
2026-07-04T20:19:03,forecast_hot_humid_bursty_r1,forecast,hot_humid,bursty,1,39.125,38.825,38.625,36.125,25.0,45.0,150.0,,100.0,2.0,33.92,,,0,trial
2026-07-04T20:19:03,forecast_hot_humid_bursty_r1,forecast,hot_humid,bursty,1,39.133,38.833,38.633,36.133,25.0,45.0,150.0,,100.0,2.0,33.91,,,0,trial
2026-07-04T20:19:03,forecast_hot_humid_bursty_r1,forecast,hot_humid,bursty,1,39.142,38.842,38.642,36.142,25.0,45.0,150.0,,100.0,2.0,33.89,,,0,trial
2026-07-04T20:19:03,forecast_hot_humid_bursty_r1,forecast,hot_humid,bursty,1,39.159,38.859,38.659,36.159,25.0,45.0,150.0,,100.0,2.0,33.88,,,0,trial
2026-07-04T20:19:03,forecast_hot_humid_bursty_r1,forecast,hot_humid,bursty,1,39.168,38.868,38.668,36.168,25.0,45.0,150.0,,100.0,2.0,33.87,,,0,trial
2026-07-04T20:19:03,forecast_hot_humid_bursty_r1,forecast,hot_humid,bursty,1,39.176,38.876,38.676,36.176,25.0,45.0,150.0,,100.0,2.0,33.85,,,0,trial
2026-07-04T20:19:03,forecast_hot_humid_bursty_r1,forecast,hot_humid,bursty,1,39.185,38.885,38.685,36.185,25.0,45.0,150.0,,100.0,2.0,33.84,,,0,trial
2026-07-04T20:19:03,forecast_hot_humid_bursty_r1,forecast,hot_humid,bursty,1,39.193,38.893,38.693,36.193,25.0,45.0,150.0,,100.0,2.0,33.83,,,0,trial
2026-07-04T20:19:03,forecast_hot_humid_bursty_r1,forecast,hot_humid,bursty,1,39.202,38.902,38.702,36.202,25.0,45.0,150.0,,100.0,2.0,33.82,,,0,trial
2026-07-04T20:19:03,forecast_hot_humid_bursty_r1,forecast,hot_humid,bursty,1,39.21,38.91,38.71,36.21,25.0,45.0,150.0,,100.0,2.0,33.8,,,0,trial
2026-07-04T20:19:03,forecast_hot_humid_bursty_r1,forecast,hot_humid,bursty,1,39.219,38.919,38.719,36.219,25.0,45.0,150.0,,100.0,2.0,33.79,,,0,trial
2026-07-04T20:19:03,forecast_hot_humid_bursty_r1,forecast,hot_humid,bursty,1,39.227,38.927,38.727,36.227,25.0,45.0,150.0,,100.0,2.0,33.78,,,0,trial
2026-07-04T20:19:03,forecast_hot_humid_bursty_r1,forecast,hot_humid,bursty,1,39.236,38.936,38.736,36.236,25.0,45.0,150.0,,100.0,2.0,33.76,,,0,trial
2026-07-04T20:19:03,forecast_hot_humid_bursty_r1,forecast,hot_humid,bursty,1,39.244,38.944,38.744,36.244,25.0,45.0,150.0,,100.0,2.0,33.75,,,0,trial
2026-07-04T20:19:03,forecast_hot_humid_bursty_r1,forecast,hot_humid,bursty,1,39.253,38.953,38.753,36.253,25.0,45.0,150.0,,100.0,2.0,33.74,,,0,trial
2026-07-04T20:19:03,forecast_hot_humid_bursty_r1,forecast,hot_humid,bursty,1,39.261,38.961,38.761,36.261,25.0,45.0,150.0,,100.0,2.0,33.73,,,0,trial
2026-07-04T20:19:03,forecast_hot_humid_bursty_r1,forecast,hot_humid,bursty,1,39.27,38.97,38.77,36.27,25.0,45.0,150.0,,100.0,2.0,33.71,,,0,trial
2026-07-04T20:19:03,forecast_hot_humid_bursty_r1,forecast,hot_humid,bursty,1,39.278,38.978,38.778,36.278,25.0,45.0,150.0,,100.0,2.0,33.7,,,0,trial
2026-07-04T20:19:03,forecast_hot_humid_bursty_r1,forecast,hot_humid,bursty,1,39.287,38.987,38.787,36.287,25.0,45.0,150.0,,100.0,2.0,33.69,,,0,trial
2026-07-04T20:19:03,forecast_hot_humid_bursty_r1,forecast,hot_humid,bursty,1,39.295,38.995,38.795,36.295,25.0,45.0,150.0,,100.0,2.0,33.67,,,0,trial
2026-07-04T20:19:03,forecast_hot_humid_bursty_r1,forecast,hot_humid,bursty,1,39.304,39.004,38.804,36.304,25.0,45.0,150.0,,100.0,2.0,33.66,,,0,trial
2026-07-04T20:19:03,forecast_hot_humid_bursty_r1,forecast,hot_humid,bursty,1,39.312,39.012,38.812,36.312,25.0,45.0,150.0,,100.0,2.0,33.65,,,0,trial
2026-07-04T20:19:03,forecast_hot_humid_bursty_r1,forecast,hot_humid,bursty,1,39.32,39.02,38.82,36.32,25.0,45.0,150.0,,100.0,2.0,33.64,,,0,trial
2026-07-04T20:19:03,forecast_hot_humid_bursty_r1,forecast,hot_humid,bursty,1,39.329,39.029,38.829,36.329,25.0,45.0,150.0,,100.0,2.0,33.62,,,0,trial
2026-07-04T20:19:03,forecast_hot_humid_bursty_r1,forecast,hot_humid,bursty,1,39.337,39.037,38.837,36.337,25.0,45.0,150.0,,100.0,2.0,33.61,,,0,trial
2026-07-04T20:19:03,forecast_hot_humid_bursty_r1,forecast,hot_humid,bursty,1,39.346,39.046,38.846,36.346,25.0,45.0,150.0,,100.0,2.0,33.6,,,0,trial
2026-07-04T20:19:03,forecast_hot_humid_bursty_r1,forecast,hot_humid,bursty,1,39.354,39.054,38.854,36.354,25.0,45.0,150.0,,100.0,2.0,33.58,,,0,trial
2026-07-04T20:19:03,forecast_hot_humid_bursty_r1,forecast,hot_humid,bursty,1,39.363,39.063,38.863,36.363,25.0,45.0,150.0,,100.0,2.0,33.57,,,0,trial
2026-07-04T20:19:03,forecast_hot_humid_bursty_r1,forecast,hot_humid,bursty,1,39.371,39.071,38.871,36.371,25.0,45.0,150.0,,100.0,2.0,33.56,,,0,trial
2026-07-04T20:19:03,forecast_hot_humid_bursty_r1,forecast,hot_humid,bursty,1,39.379,39.079,38.879,36.379,25.0,45.0,150.0,,100.0,2.0,33.55,,,0,trial
2026-07-04T20:19:03,forecast_hot_humid_bursty_r1,forecast,hot_humid,bursty,1,39.388,39.088,38.888,36.388,25.0,45.0,150.0,,100.0,2.0,33.53,,,0,trial
2026-07-04T20:19:03,forecast_hot_humid_bursty_r1,forecast,hot_humid,bursty,1,39.396,39.096,38.896,36.396,25.0,45.0,150.0,,100.0,2.0,33.52,,,0,trial
2026-07-04T20:19:03,forecast_hot_humid_bursty_r1,forecast,hot_humid,bursty,1,39.404,39.104,38.904,36.404,25.0,45.0,150.0,,100.0,2.0,33.51,,,0,trial
2026-07-04T20:19:03,forecast_hot_humid_bursty_r1,forecast,hot_humid,bursty,1,39.423,39.123,38.923,36.423,25.0,45.0,150.0,,75.0,1.5,33.5,,,0,trial
2026-07-04T20:19:03,forecast_hot_humid_bursty_r1,forecast,hot_humid,bursty,1,39.433,39.133,38.933,36.433,25.0,45.0,150.0,,75.0,1.5,33.48,,,0,trial
2026-07-04T20:19:03,forecast_hot_humid_bursty_r1,forecast,hot_humid,bursty,1,39.443,39.143,38.943,36.443,25.0,45.0,150.0,,75.0,1.5,33.47,,,0,trial
2026-07-04T20:19:03,forecast_hot_humid_bursty_r1,forecast,hot_humid,bursty,1,39.453,39.153,38.953,36.453,25.0,45.0,150.0,,75.0,1.5,33.46,,,0,trial
2026-07-04T20:19:03,forecast_hot_humid_bursty_r1,forecast,hot_humid,bursty,1,39.464,39.164,38.964,36.464,25.0,45.0,150.0,,75.0,1.5,33.45,,,0,trial
2026-07-04T20:19:03,forecast_hot_humid_bursty_r1,forecast,hot_humid,bursty,1,39.474,39.174,38.974,36.474,25.0,45.0,150.0,,75.0,1.5,33.43,,,0,trial
2026-07-04T20:19:03,forecast_hot_humid_bursty_r1,forecast,hot_humid,bursty,1,39.484,39.184,38.984,36.484,25.0,45.0,150.0,,75.0,1.5,33.42,,,0,trial
2026-07-04T20:19:03,forecast_hot_humid_bursty_r1,forecast,hot_humid,bursty,1,39.494,39.194,38.994,36.494,25.0,45.0,150.0,,75.0,1.5,33.41,,,0,trial
2026-07-04T20:19:03,forecast_hot_humid_bursty_r1,forecast,hot_humid,bursty,1,39.504,39.204,39.004,36.504,25.0,45.0,150.0,,75.0,1.5,33.4,,,0,trial
2026-07-04T20:19:03,forecast_hot_humid_bursty_r1,forecast,hot_humid,bursty,1,39.514,39.214,39.014,36.514,25.0,45.0,150.0,,75.0,1.5,33.38,,,0,trial
2026-07-04T20:19:03,forecast_hot_humid_bursty_r1,forecast,hot_humid,bursty,1,39.524,39.224,39.024,36.524,25.0,45.0,150.0,,75.0,1.5,33.37,,,0,trial
2026-07-04T20:19:03,forecast_hot_humid_bursty_r1,forecast,hot_humid,bursty,1,39.534,39.234,39.034,36.534,25.0,45.0,150.0,,75.0,1.5,33.36,,,0,trial
2026-07-04T20:19:03,forecast_hot_humid_bursty_r1,forecast,hot_humid,bursty,1,39.544,39.244,39.044,36.544,25.0,45.0,150.0,,75.0,1.5,33.35,,,0,trial
2026-07-04T20:19:03,forecast_hot_humid_bursty_r1,forecast,hot_humid,bursty,1,39.554,39.254,39.054,36.554,25.0,45.0,150.0,,75.0,1.5,33.33,,,0,trial
2026-07-04T20:19:03,forecast_hot_humid_bursty_r1,forecast,hot_humid,bursty,1,39.564,39.264,39.064,36.564,25.0,45.0,150.0,,75.0,1.5,33.32,,,0,trial
2026-07-04T20:19:03,forecast_hot_humid_bursty_r1,forecast,hot_humid,bursty,1,39.574,39.274,39.074,36.574,25.0,45.0,150.0,,75.0,1.5,33.31,,,0,trial
2026-07-04T20:19:03,forecast_hot_humid_bursty_r1,forecast,hot_humid,bursty,1,39.585,39.285,39.085,36.585,25.0,45.0,150.0,,75.0,1.5,33.3,,,0,trial
2026-07-04T20:19:03,forecast_hot_humid_bursty_r1,forecast,hot_humid,bursty,1,39.595,39.295,39.095,36.595,25.0,45.0,150.0,,75.0,1.5,33.28,,,0,trial
2026-07-04T20:19:03,forecast_hot_humid_bursty_r1,forecast,hot_humid,bursty,1,39.605,39.305,39.105,36.605,25.0,45.0,150.0,,75.0,1.5,33.27,,,0,trial
2026-07-04T20:19:03,forecast_hot_humid_bursty_r1,forecast,hot_humid,bursty,1,39.615,39.315,39.115,36.615,25.0,45.0,150.0,,75.0,1.5,33.26,,,0,trial
2026-07-04T20:19:03,forecast_hot_humid_bursty_r1,forecast,hot_humid,bursty,1,39.625,39.325,39.125,36.625,25.0,45.0,150.0,,75.0,1.5,33.25,,,0,trial
2026-07-04T20:19:03,forecast_hot_humid_bursty_r1,forecast,hot_humid,bursty,1,39.635,39.335,39.135,36.635,25.0,45.0,150.0,,75.0,1.5,33.24,,,0,trial
2026-07-04T20:19:03,forecast_hot_humid_bursty_r1,forecast,hot_humid,bursty,1,39.645,39.345,39.145,36.645,25.0,45.0,150.0,,75.0,1.5,33.22,,,0,trial
2026-07-04T20:19:03,forecast_hot_humid_bursty_r1,forecast,hot_humid,bursty,1,39.655,39.355,39.155,36.655,25.0,45.0,150.0,,75.0,1.5,33.21,,,0,trial
2026-07-04T20:19:03,forecast_hot_humid_bursty_r1,forecast,hot_humid,bursty,1,39.665,39.365,39.165,36.665,25.0,45.0,150.0,,75.0,1.5,33.2,,,0,trial
2026-07-04T20:19:03,forecast_hot_humid_bursty_r1,forecast,hot_humid,bursty,1,39.675,39.375,39.175,36.675,25.0,45.0,150.0,,75.0,1.5,33.19,,,0,trial
2026-07-04T20:19:03,forecast_hot_humid_bursty_r1,forecast,hot_humid,bursty,1,39.685,39.385,39.185,36.685,25.0,45.0,150.0,,75.0,1.5,33.17,,,0,trial
2026-07-04T20:19:03,forecast_hot_humid_bursty_r1,forecast,hot_humid,bursty,1,39.695,39.395,39.195,36.695,25.0,45.0,150.0,,75.0,1.5,33.16,,,0,trial
2026-07-04T20:19:03,forecast_hot_humid_bursty_r1,forecast,hot_humid,bursty,1,39.705,39.405,39.205,36.705,25.0,45.0,150.0,,75.0,1.5,33.15,,,0,trial
2026-07-04T20:19:03,forecast_hot_humid_bursty_r1,forecast,hot_humid,bursty,1,39.715,39.415,39.215,36.715,25.0,45.0,150.0,,75.0,1.5,33.14,,,0,trial
2026-07-04T20:19:03,forecast_hot_humid_bursty_r1,forecast,hot_humid,bursty,1,39.734,39.434,39.234,36.734,25.0,45.0,150.0,,75.0,1.5,33.13,,,0,trial
2026-07-04T20:19:03,forecast_hot_humid_bursty_r1,forecast,hot_humid,bursty,1,39.744,39.444,39.244,36.744,25.0,45.0,150.0,,75.0,1.5,33.11,,,0,trial
2026-07-04T20:19:03,forecast_hot_humid_bursty_r1,forecast,hot_humid,bursty,1,39.754,39.454,39.254,36.754,25.0,45.0,150.0,,75.0,1.5,33.1,,,0,trial
2026-07-04T20:19:03,forecast_hot_humid_bursty_r1,forecast,hot_humid,bursty,1,39.764,39.464,39.264,36.764,25.0,45.0,150.0,,75.0,1.5,33.09,,,0,trial
2026-07-04T20:19:03,forecast_hot_humid_bursty_r1,forecast,hot_humid,bursty,1,39.774,39.474,39.274,36.774,25.0,45.0,150.0,,75.0,1.5,33.08,,,0,trial
2026-07-04T20:19:03,forecast_hot_humid_bursty_r1,forecast,hot_humid,bursty,1,39.784,39.484,39.284,36.784,25.0,45.0,150.0,,75.0,1.5,33.07,,,0,trial
2026-07-04T20:19:03,forecast_hot_humid_bursty_r1,forecast,hot_humid,bursty,1,39.794,39.494,39.294,36.794,25.0,45.0,150.0,,75.0,1.5,33.05,,,0,trial
2026-07-04T20:19:03,forecast_hot_humid_bursty_r1,forecast,hot_humid,bursty,1,39.804,39.504,39.304,36.804,25.0,45.0,150.0,,75.0,1.5,33.04,,,0,trial
2026-07-04T20:19:03,forecast_hot_humid_bursty_r1,forecast,hot_humid,bursty,1,39.814,39.514,39.314,36.814,25.0,45.0,150.0,,75.0,1.5,33.03,,,0,trial
2026-07-04T20:19:03,forecast_hot_humid_bursty_r1,forecast,hot_humid,bursty,1,39.824,39.524,39.324,36.824,25.0,45.0,150.0,,75.0,1.5,33.02,,,0,trial
2026-07-04T20:19:03,forecast_hot_humid_bursty_r1,forecast,hot_humid,bursty,1,39.834,39.534,39.334,36.834,25.0,45.0,150.0,,75.0,1.5,33.01,,,0,trial
2026-07-04T20:19:03,forecast_hot_humid_bursty_r1,forecast,hot_humid,bursty,1,39.844,39.544,39.344,36.844,25.0,45.0,150.0,,75.0,1.5,32.99,,,0,trial
2026-07-04T20:19:03,forecast_hot_humid_bursty_r1,forecast,hot_humid,bursty,1,39.853,39.553,39.353,36.853,25.0,45.0,150.0,,75.0,1.5,32.98,,,0,trial
2026-07-04T20:19:03,forecast_hot_humid_bursty_r1,forecast,hot_humid,bursty,1,39.863,39.563,39.363,36.863,25.0,45.0,150.0,,75.0,1.5,32.97,,,0,trial
2026-07-04T20:19:03,forecast_hot_humid_bursty_r1,forecast,hot_humid,bursty,1,39.873,39.573,39.373,36.873,25.0,45.0,150.0,,75.0,1.5,32.96,,,0,trial
2026-07-04T20:19:03,forecast_hot_humid_bursty_r1,forecast,hot_humid,bursty,1,39.883,39.583,39.383,36.883,25.0,45.0,150.0,,75.0,1.5,32.95,,,0,trial
2026-07-04T20:19:03,forecast_hot_humid_bursty_r1,forecast,hot_humid,bursty,1,39.893,39.593,39.393,36.893,25.0,45.0,150.0,,75.0,1.5,32.93,,,0,trial
2026-07-04T20:19:03,forecast_hot_humid_bursty_r1,forecast,hot_humid,bursty,1,39.903,39.603,39.403,36.903,25.0,45.0,150.0,,75.0,1.5,32.92,,,0,trial
2026-07-04T20:19:03,forecast_hot_humid_bursty_r1,forecast,hot_humid,bursty,1,39.912,39.612,39.412,36.912,25.0,45.0,150.0,,75.0,1.5,32.91,,,0,trial
2026-07-04T20:19:03,forecast_hot_humid_bursty_r1,forecast,hot_humid,bursty,1,39.922,39.622,39.422,36.922,25.0,45.0,150.0,,75.0,1.5,32.9,,,0,trial
2026-07-04T20:19:03,forecast_hot_humid_bursty_r1,forecast,hot_humid,bursty,1,39.932,39.632,39.432,36.932,25.0,45.0,150.0,,75.0,1.5,32.89,,,0,trial
2026-07-04T20:19:03,forecast_hot_humid_bursty_r1,forecast,hot_humid,bursty,1,39.942,39.642,39.442,36.942,25.0,45.0,150.0,,75.0,1.5,32.88,,,0,trial
2026-07-04T20:19:03,forecast_hot_humid_bursty_r1,forecast,hot_humid,bursty,1,39.952,39.652,39.452,36.952,25.0,45.0,150.0,,75.0,1.5,32.86,,,0,trial
2026-07-04T20:19:03,forecast_hot_humid_bursty_r1,forecast,hot_humid,bursty,1,39.962,39.662,39.462,36.962,25.0,45.0,150.0,,75.0,1.5,32.85,,,0,trial
2026-07-04T20:19:03,forecast_hot_humid_bursty_r1,forecast,hot_humid,bursty,1,39.971,39.671,39.471,36.971,25.0,45.0,150.0,,75.0,1.5,32.84,,,0,trial
2026-07-04T20:19:03,forecast_hot_humid_bursty_r1,forecast,hot_humid,bursty,1,39.981,39.681,39.481,36.981,25.0,45.0,150.0,,75.0,1.5,32.83,,,0,trial
2026-07-04T20:19:03,forecast_hot_humid_bursty_r1,forecast,hot_humid,bursty,1,39.991,39.691,39.491,36.991,25.0,45.0,150.0,,75.0,1.5,32.82,,,0,trial
2026-07-04T20:19:03,forecast_hot_humid_bursty_r1,forecast,hot_humid,bursty,1,40.001,39.701,39.501,37.001,25.0,45.0,150.0,,75.0,1.5,32.81,,,0,trial
2026-07-04T20:19:03,forecast_hot_humid_bursty_r1,forecast,hot_humid,bursty,1,40.01,39.71,39.51,37.01,25.0,45.0,150.0,,75.0,1.5,32.8,,,0,trial
2026-07-04T20:19:03,forecast_hot_humid_bursty_r1,forecast,hot_humid,bursty,1,40.02,39.72,39.52,37.02,25.0,45.0,150.0,,75.0,1.5,32.78,,,0,trial
2026-07-04T20:19:03,forecast_hot_humid_bursty_r1,forecast,hot_humid,bursty,1,40.04,39.74,39.54,37.04,25.0,45.0,150.0,,75.0,1.5,32.77,,,0,trial
2026-07-04T20:19:03,forecast_hot_humid_bursty_r1,forecast,hot_humid,bursty,1,40.049,39.749,39.549,37.049,25.0,45.0,150.0,,75.0,1.5,32.76,,,0,trial
2026-07-04T20:19:03,forecast_hot_humid_bursty_r1,forecast,hot_humid,bursty,1,40.059,39.759,39.559,37.059,25.0,45.0,150.0,,75.0,1.5,32.75,,,0,trial
2026-07-04T20:19:03,forecast_hot_humid_bursty_r1,forecast,hot_humid,bursty,1,40.069,39.769,39.569,37.069,25.0,45.0,150.0,,75.0,1.5,32.74,,,0,trial
2026-07-04T20:19:03,forecast_hot_humid_bursty_r1,forecast,hot_humid,bursty,1,40.079,39.779,39.579,37.079,25.0,45.0,150.0,,75.0,1.5,32.73,,,0,trial
2026-07-04T20:19:03,forecast_hot_humid_bursty_r1,forecast,hot_humid,bursty,1,40.088,39.788,39.588,37.088,25.0,45.0,150.0,,75.0,1.5,32.72,,,0,trial
2026-07-04T20:19:03,forecast_hot_humid_bursty_r1,forecast,hot_humid,bursty,1,40.098,39.798,39.598,37.098,25.0,45.0,150.0,,75.0,1.5,32.7,,,0,trial
2026-07-04T20:19:03,forecast_hot_humid_bursty_r1,forecast,hot_humid,bursty,1,40.108,39.808,39.608,37.108,25.0,45.0,150.0,,75.0,1.5,32.69,,,0,trial
2026-07-04T20:19:03,forecast_hot_humid_bursty_r1,forecast,hot_humid,bursty,1,40.117,39.817,39.617,37.117,25.0,45.0,150.0,,75.0,1.5,32.68,,,0,trial
2026-07-04T20:19:03,forecast_hot_humid_bursty_r1,forecast,hot_humid,bursty,1,40.127,39.827,39.627,37.127,25.0,45.0,150.0,,75.0,1.5,32.67,,,0,trial
2026-07-04T20:19:03,forecast_hot_humid_bursty_r1,forecast,hot_humid,bursty,1,40.137,39.837,39.637,37.137,25.0,45.0,150.0,,75.0,1.5,32.66,,,0,trial
2026-07-04T20:19:03,forecast_hot_humid_bursty_r1,forecast,hot_humid,bursty,1,40.146,39.846,39.646,37.146,25.0,45.0,150.0,,75.0,1.5,32.65,,,0,trial
2026-07-04T20:19:03,forecast_hot_humid_bursty_r1,forecast,hot_humid,bursty,1,40.156,39.856,39.656,37.156,25.0,45.0,150.0,,75.0,1.5,32.64,,,0,trial
2026-07-04T20:19:03,forecast_hot_humid_bursty_r1,forecast,hot_humid,bursty,1,40.166,39.866,39.666,37.166,25.0,45.0,150.0,,75.0,1.5,32.63,,,0,trial
2026-07-04T20:19:03,forecast_hot_humid_bursty_r1,forecast,hot_humid,bursty,1,40.175,39.875,39.675,37.175,25.0,45.0,150.0,,75.0,1.5,32.61,,,0,trial
2026-07-04T20:19:03,forecast_hot_humid_bursty_r1,forecast,hot_humid,bursty,1,40.185,39.885,39.685,37.185,25.0,45.0,150.0,,75.0,1.5,32.6,,,0,trial
2026-07-04T20:19:03,forecast_hot_humid_bursty_r1,forecast,hot_humid,bursty,1,40.195,39.895,39.695,37.195,25.0,45.0,150.0,,75.0,1.5,32.59,,,0,trial
2026-07-04T20:19:03,forecast_hot_humid_bursty_r1,forecast,hot_humid,bursty,1,40.204,39.904,39.704,37.204,25.0,45.0,150.0,,75.0,1.5,32.58,,,0,trial
2026-07-04T20:19:03,forecast_hot_humid_bursty_r1,forecast,hot_humid,bursty,1,40.214,39.914,39.714,37.214,25.0,45.0,150.0,,75.0,1.5,32.57,,,0,trial
2026-07-04T20:19:03,forecast_hot_humid_bursty_r1,forecast,hot_humid,bursty,1,40.224,39.924,39.724,37.224,25.0,45.0,150.0,,75.0,1.5,32.56,,,0,trial
2026-07-04T20:19:03,forecast_hot_humid_bursty_r1,forecast,hot_humid,bursty,1,40.233,39.933,39.733,37.233,25.0,45.0,150.0,,75.0,1.5,32.55,,,0,trial
2026-07-04T20:19:03,forecast_hot_humid_bursty_r1,forecast,hot_humid,bursty,1,40.243,39.943,39.743,37.243,25.0,45.0,150.0,,75.0,1.5,32.54,,,0,trial
2026-07-04T20:19:03,forecast_hot_humid_bursty_r1,forecast,hot_humid,bursty,1,40.252,39.952,39.752,37.252,25.0,45.0,150.0,,75.0,1.5,32.53,,,0,trial
2026-07-04T20:19:03,forecast_hot_humid_bursty_r1,forecast,hot_humid,bursty,1,40.262,39.962,39.762,37.262,25.0,45.0,150.0,,75.0,1.5,32.52,,,0,trial
2026-07-04T20:19:03,forecast_hot_humid_bursty_r1,forecast,hot_humid,bursty,1,40.272,39.972,39.772,37.272,25.0,45.0,150.0,,75.0,1.5,32.51,,,0,trial
2026-07-04T20:19:03,forecast_hot_humid_bursty_r1,forecast,hot_humid,bursty,1,40.281,39.981,39.781,37.281,25.0,45.0,150.0,,75.0,1.5,32.49,,,0,trial
2026-07-04T20:19:03,forecast_hot_humid_bursty_r1,forecast,hot_humid,bursty,1,40.291,39.991,39.791,37.291,25.0,45.0,150.0,,75.0,1.5,32.48,,,0,trial
2026-07-04T20:19:03,forecast_hot_humid_bursty_r1,forecast,hot_humid,bursty,1,40.3,40.0,39.8,37.3,25.0,45.0,150.0,,75.0,1.5,32.47,,,0,trial
2026-07-04T20:19:03,forecast_hot_humid_bursty_r1,forecast,hot_humid,bursty,1,40.31,40.01,39.81,37.31,25.0,45.0,150.0,,75.0,1.5,32.46,,,0,trial
2026-07-04T20:19:03,forecast_hot_humid_bursty_r1,forecast,hot_humid,bursty,1,40.32,40.02,39.82,37.32,25.0,45.0,150.0,,75.0,1.5,32.45,,,0,trial
2026-07-04T20:19:03,forecast_hot_humid_bursty_r1,forecast,hot_humid,bursty,1,40.339,40.039,39.839,37.339,25.0,45.0,150.0,,75.0,1.5,32.44,,,0,trial
2026-07-04T20:19:03,forecast_hot_humid_bursty_r1,forecast,hot_humid,bursty,1,40.348,40.048,39.848,37.348,25.0,45.0,150.0,,75.0,1.5,32.43,,,0,trial
2026-07-04T20:19:03,forecast_hot_humid_bursty_r1,forecast,hot_humid,bursty,1,40.358,40.058,39.858,37.358,25.0,45.0,150.0,,75.0,1.5,32.42,,,0,trial
2026-07-04T20:19:03,forecast_hot_humid_bursty_r1,forecast,hot_humid,bursty,1,40.367,40.067,39.867,37.367,25.0,45.0,150.0,,75.0,1.5,32.41,,,0,trial
2026-07-04T20:19:03,forecast_hot_humid_bursty_r1,forecast,hot_humid,bursty,1,40.377,40.077,39.877,37.377,25.0,45.0,150.0,,75.0,1.5,32.4,,,0,trial
2026-07-04T20:19:03,forecast_hot_humid_bursty_r1,forecast,hot_humid,bursty,1,40.386,40.086,39.886,37.386,25.0,45.0,150.0,,75.0,1.5,32.39,,,0,trial
2026-07-04T20:19:03,forecast_hot_humid_bursty_r1,forecast,hot_humid,bursty,1,40.396,40.096,39.896,37.396,25.0,45.0,150.0,,75.0,1.5,32.38,,,0,trial
2026-07-04T20:19:03,forecast_hot_humid_bursty_r1,forecast,hot_humid,bursty,1,40.405,40.105,39.905,37.405,25.0,45.0,150.0,,75.0,1.5,32.37,,,0,trial
2026-07-04T20:19:03,forecast_hot_humid_bursty_r1,forecast,hot_humid,bursty,1,40.415,40.115,39.915,37.415,25.0,45.0,150.0,,75.0,1.5,32.36,,,0,trial
2026-07-04T20:19:03,forecast_hot_humid_bursty_r1,forecast,hot_humid,bursty,1,40.424,40.124,39.924,37.424,25.0,45.0,150.0,,75.0,1.5,32.35,,,0,trial
2026-07-04T20:19:03,forecast_hot_humid_bursty_r1,forecast,hot_humid,bursty,1,40.434,40.134,39.934,37.434,25.0,45.0,150.0,,75.0,1.5,32.34,,,0,trial
2026-07-04T20:19:03,forecast_hot_humid_bursty_r1,forecast,hot_humid,bursty,1,40.443,40.143,39.943,37.443,25.0,45.0,150.0,,75.0,1.5,32.32,,,0,trial
2026-07-04T20:19:03,forecast_hot_humid_bursty_r1,forecast,hot_humid,bursty,1,40.453,40.153,39.953,37.453,25.0,45.0,150.0,,75.0,1.5,32.31,,,0,trial
2026-07-04T20:19:03,forecast_hot_humid_bursty_r1,forecast,hot_humid,bursty,1,40.462,40.162,39.962,37.462,25.0,45.0,150.0,,75.0,1.5,32.3,,,0,trial
2026-07-04T20:19:03,forecast_hot_humid_bursty_r1,forecast,hot_humid,bursty,1,40.472,40.172,39.972,37.472,25.0,45.0,150.0,,75.0,1.5,32.29,,,0,trial
2026-07-04T20:19:03,forecast_hot_humid_bursty_r1,forecast,hot_humid,bursty,1,40.481,40.181,39.981,37.481,25.0,45.0,150.0,,75.0,1.5,32.28,,,0,trial
2026-07-04T20:19:03,forecast_hot_humid_bursty_r1,forecast,hot_humid,bursty,1,40.491,40.191,39.991,37.491,25.0,45.0,150.0,,75.0,1.5,32.27,,,0,trial
2026-07-04T20:19:03,forecast_hot_humid_bursty_r1,forecast,hot_humid,bursty,1,40.5,40.2,40.0,37.5,25.0,45.0,150.0,,75.0,1.5,32.26,,,0,trial
2026-07-04T20:19:03,forecast_hot_humid_bursty_r1,forecast,hot_humid,bursty,1,40.509,40.209,40.009,37.509,25.0,45.0,150.0,,75.0,1.5,32.25,,,0,trial
2026-07-04T20:19:03,forecast_hot_humid_bursty_r1,forecast,hot_humid,bursty,1,40.519,40.219,40.019,37.519,25.0,45.0,150.0,,75.0,1.5,32.24,,,0,trial
2026-07-04T20:19:03,forecast_hot_humid_bursty_r1,forecast,hot_humid,bursty,1,40.528,40.228,40.028,37.528,25.0,45.0,150.0,,75.0,1.5,32.23,,,0,trial
2026-07-04T20:19:03,forecast_hot_humid_bursty_r1,forecast,hot_humid,bursty,1,40.538,40.238,40.038,37.538,25.0,45.0,150.0,,75.0,1.5,32.22,,,0,trial
2026-07-04T20:19:03,forecast_hot_humid_bursty_r1,forecast,hot_humid,bursty,1,40.547,40.247,40.047,37.547,25.0,45.0,150.0,,75.0,1.5,32.21,,,0,trial
2026-07-04T20:19:03,forecast_hot_humid_bursty_r1,forecast,hot_humid,bursty,1,40.556,40.256,40.056,37.556,25.0,45.0,150.0,,75.0,1.5,32.2,,,0,trial
2026-07-04T20:19:03,forecast_hot_humid_bursty_r1,forecast,hot_humid,bursty,1,40.566,40.266,40.066,37.566,25.0,45.0,150.0,,75.0,1.5,32.19,,,0,trial
2026-07-04T20:19:03,forecast_hot_humid_bursty_r1,forecast,hot_humid,bursty,1,40.575,40.275,40.075,37.575,25.0,45.0,150.0,,75.0,1.5,32.18,,,0,trial
2026-07-04T20:19:03,forecast_hot_humid_bursty_r1,forecast,hot_humid,bursty,1,40.585,40.285,40.085,37.585,25.0,45.0,150.0,,75.0,1.5,32.17,,,0,trial
2026-07-04T20:19:03,forecast_hot_humid_bursty_r1,forecast,hot_humid,bursty,1,40.594,40.294,40.094,37.594,25.0,45.0,150.0,,75.0,1.5,32.16,,,0,trial
2026-07-04T20:19:03,forecast_hot_humid_bursty_r1,forecast,hot_humid,bursty,1,40.603,40.303,40.103,37.603,25.0,45.0,150.0,,75.0,1.5,32.15,,,0,trial
2026-07-04T20:19:03,forecast_hot_humid_bursty_r1,forecast,hot_humid,bursty,1,40.613,40.313,40.113,37.613,25.0,45.0,150.0,,75.0,1.5,32.14,,,0,trial
2026-07-04T20:19:03,forecast_hot_humid_bursty_r1,forecast,hot_humid,bursty,1,40.608,40.308,40.108,37.608,25.0,45.0,60.0,,75.0,1.5,32.13,,,0,trial
2026-07-04T20:19:03,forecast_hot_humid_bursty_r1,forecast,hot_humid,bursty,1,40.605,40.305,40.105,37.605,25.0,45.0,60.0,,75.0,1.5,32.12,,,0,trial
2026-07-04T20:19:03,forecast_hot_humid_bursty_r1,forecast,hot_humid,bursty,1,40.603,40.303,40.103,37.603,25.0,45.0,60.0,,75.0,1.5,32.11,,,0,trial
2026-07-04T20:19:03,forecast_hot_humid_bursty_r1,forecast,hot_humid,bursty,1,40.6,40.3,40.1,37.6,25.0,45.0,60.0,,75.0,1.5,32.1,,,0,trial
2026-07-04T20:19:03,forecast_hot_humid_bursty_r1,forecast,hot_humid,bursty,1,40.598,40.298,40.098,37.598,25.0,45.0,60.0,,75.0,1.5,32.09,,,0,trial
2026-07-04T20:19:03,forecast_hot_humid_bursty_r1,forecast,hot_humid,bursty,1,40.595,40.295,40.095,37.595,25.0,45.0,60.0,,75.0,1.5,32.08,,,0,trial
2026-07-04T20:19:03,forecast_hot_humid_bursty_r1,forecast,hot_humid,bursty,1,40.593,40.293,40.093,37.593,25.0,45.0,60.0,,75.0,1.5,32.07,,,0,trial
2026-07-04T20:19:03,forecast_hot_humid_bursty_r1,forecast,hot_humid,bursty,1,40.59,40.29,40.09,37.59,25.0,45.0,60.0,,75.0,1.5,32.06,,,0,trial
2026-07-04T20:19:03,forecast_hot_humid_bursty_r1,forecast,hot_humid,bursty,1,40.588,40.288,40.088,37.588,25.0,45.0,60.0,,75.0,1.5,32.05,,,0,trial
2026-07-04T20:19:03,forecast_hot_humid_bursty_r1,forecast,hot_humid,bursty,1,40.586,40.286,40.086,37.586,25.0,45.0,60.0,,75.0,1.5,32.04,,,0,trial
2026-07-04T20:19:03,forecast_hot_humid_bursty_r1,forecast,hot_humid,bursty,1,40.583,40.283,40.083,37.583,25.0,45.0,60.0,,75.0,1.5,32.04,,,0,trial
2026-07-04T20:19:03,forecast_hot_humid_bursty_r1,forecast,hot_humid,bursty,1,40.581,40.281,40.081,37.581,25.0,45.0,60.0,,75.0,1.5,32.03,,,0,trial
2026-07-04T20:19:03,forecast_hot_humid_bursty_r1,forecast,hot_humid,bursty,1,40.578,40.278,40.078,37.578,25.0,45.0,60.0,,75.0,1.5,32.02,,,0,trial
2026-07-04T20:19:03,forecast_hot_humid_bursty_r1,forecast,hot_humid,bursty,1,40.576,40.276,40.076,37.576,25.0,45.0,60.0,,75.0,1.5,32.01,,,0,trial
2026-07-04T20:19:03,forecast_hot_humid_bursty_r1,forecast,hot_humid,bursty,1,40.573,40.273,40.073,37.573,25.0,45.0,60.0,,75.0,1.5,32.0,,,0,trial
2026-07-04T20:19:03,forecast_hot_humid_bursty_r1,forecast,hot_humid,bursty,1,40.571,40.271,40.071,37.571,25.0,45.0,60.0,,75.0,1.5,31.99,,,0,trial
2026-07-04T20:19:03,forecast_hot_humid_bursty_r1,forecast,hot_humid,bursty,1,40.568,40.268,40.068,37.568,25.0,45.0,60.0,,75.0,1.5,31.98,,,0,trial
2026-07-04T20:19:03,forecast_hot_humid_bursty_r1,forecast,hot_humid,bursty,1,40.566,40.266,40.066,37.566,25.0,45.0,60.0,,75.0,1.5,31.97,,,0,trial
2026-07-04T20:19:03,forecast_hot_humid_bursty_r1,forecast,hot_humid,bursty,1,40.563,40.263,40.063,37.563,25.0,45.0,60.0,,75.0,1.5,31.96,,,0,trial
2026-07-04T20:19:03,forecast_hot_humid_bursty_r1,forecast,hot_humid,bursty,1,40.561,40.261,40.061,37.561,25.0,45.0,60.0,,75.0,1.5,31.95,,,0,trial
2026-07-04T20:19:03,forecast_hot_humid_bursty_r1,forecast,hot_humid,bursty,1,40.559,40.259,40.059,37.559,25.0,45.0,60.0,,75.0,1.5,31.94,,,0,trial
2026-07-04T20:19:03,forecast_hot_humid_bursty_r1,forecast,hot_humid,bursty,1,40.556,40.256,40.056,37.556,25.0,45.0,60.0,,75.0,1.5,31.93,,,0,trial
2026-07-04T20:19:03,forecast_hot_humid_bursty_r1,forecast,hot_humid,bursty,1,40.554,40.254,40.054,37.554,25.0,45.0,60.0,,75.0,1.5,31.92,,,0,trial
2026-07-04T20:19:03,forecast_hot_humid_bursty_r1,forecast,hot_humid,bursty,1,40.551,40.251,40.051,37.551,25.0,45.0,60.0,,75.0,1.5,31.91,,,0,trial
2026-07-04T20:19:03,forecast_hot_humid_bursty_r1,forecast,hot_humid,bursty,1,40.549,40.249,40.049,37.549,25.0,45.0,60.0,,75.0,1.5,31.9,,,0,trial
2026-07-04T20:19:03,forecast_hot_humid_bursty_r1,forecast,hot_humid,bursty,1,40.546,40.246,40.046,37.546,25.0,45.0,60.0,,75.0,1.5,31.89,,,0,trial
2026-07-04T20:19:03,forecast_hot_humid_bursty_r1,forecast,hot_humid,bursty,1,40.544,40.244,40.044,37.544,25.0,45.0,60.0,,75.0,1.5,31.89,,,0,trial
2026-07-04T20:19:03,forecast_hot_humid_bursty_r1,forecast,hot_humid,bursty,1,40.541,40.241,40.041,37.541,25.0,45.0,60.0,,75.0,1.5,31.88,,,0,trial
2026-07-04T20:19:03,forecast_hot_humid_bursty_r1,forecast,hot_humid,bursty,1,40.539,40.239,40.039,37.539,25.0,45.0,60.0,,75.0,1.5,31.87,,,0,trial
2026-07-04T20:19:03,forecast_hot_humid_bursty_r1,forecast,hot_humid,bursty,1,40.537,40.237,40.037,37.537,25.0,45.0,60.0,,75.0,1.5,31.86,,,0,trial
2026-07-04T20:19:03,forecast_hot_humid_bursty_r1,forecast,hot_humid,bursty,1,40.532,40.232,40.032,37.532,25.0,45.0,60.0,,75.0,1.5,31.85,,,0,trial
2026-07-04T20:19:03,forecast_hot_humid_bursty_r1,forecast,hot_humid,bursty,1,40.529,40.229,40.029,37.529,25.0,45.0,60.0,,75.0,1.5,31.84,,,0,trial
2026-07-04T20:19:03,forecast_hot_humid_bursty_r1,forecast,hot_humid,bursty,1,40.527,40.227,40.027,37.527,25.0,45.0,60.0,,75.0,1.5,31.83,,,0,trial
2026-07-04T20:19:03,forecast_hot_humid_bursty_r1,forecast,hot_humid,bursty,1,40.524,40.224,40.024,37.524,25.0,45.0,60.0,,75.0,1.5,31.82,,,0,trial
2026-07-04T20:19:03,forecast_hot_humid_bursty_r1,forecast,hot_humid,bursty,1,40.522,40.222,40.022,37.522,25.0,45.0,60.0,,75.0,1.5,31.81,,,0,trial
2026-07-04T20:19:03,forecast_hot_humid_bursty_r1,forecast,hot_humid,bursty,1,40.52,40.22,40.02,37.52,25.0,45.0,60.0,,75.0,1.5,31.81,,,0,trial
2026-07-04T20:19:03,forecast_hot_humid_bursty_r1,forecast,hot_humid,bursty,1,40.517,40.217,40.017,37.517,25.0,45.0,60.0,,75.0,1.5,31.8,,,0,trial
2026-07-04T20:19:03,forecast_hot_humid_bursty_r1,forecast,hot_humid,bursty,1,40.515,40.215,40.015,37.515,25.0,45.0,60.0,,75.0,1.5,31.79,,,0,trial
2026-07-04T20:19:03,forecast_hot_humid_bursty_r1,forecast,hot_humid,bursty,1,40.512,40.212,40.012,37.512,25.0,45.0,60.0,,75.0,1.5,31.78,,,0,trial
2026-07-04T20:19:03,forecast_hot_humid_bursty_r1,forecast,hot_humid,bursty,1,40.51,40.21,40.01,37.51,25.0,45.0,60.0,,75.0,1.5,31.77,,,0,trial
2026-07-04T20:19:03,forecast_hot_humid_bursty_r1,forecast,hot_humid,bursty,1,40.508,40.208,40.008,37.508,25.0,45.0,60.0,,75.0,1.5,31.76,,,0,trial
2026-07-04T20:19:03,forecast_hot_humid_bursty_r1,forecast,hot_humid,bursty,1,40.505,40.205,40.005,37.505,25.0,45.0,60.0,,75.0,1.5,31.75,,,0,trial
2026-07-04T20:19:03,forecast_hot_humid_bursty_r1,forecast,hot_humid,bursty,1,40.503,40.203,40.003,37.503,25.0,45.0,60.0,,75.0,1.5,31.74,,,0,trial
2026-07-04T20:19:03,forecast_hot_humid_bursty_r1,forecast,hot_humid,bursty,1,40.5,40.2,40.0,37.5,25.0,45.0,60.0,,75.0,1.5,31.74,,,0,trial
2026-07-04T20:19:03,forecast_hot_humid_bursty_r1,forecast,hot_humid,bursty,1,40.498,40.198,39.998,37.498,25.0,45.0,60.0,,75.0,1.5,31.73,,,0,trial
2026-07-04T20:19:03,forecast_hot_humid_bursty_r1,forecast,hot_humid,bursty,1,40.495,40.195,39.995,37.495,25.0,45.0,60.0,,75.0,1.5,31.72,,,0,trial
2026-07-04T20:19:03,forecast_hot_humid_bursty_r1,forecast,hot_humid,bursty,1,40.493,40.193,39.993,37.493,25.0,45.0,60.0,,75.0,1.5,31.71,,,0,trial
2026-07-04T20:19:03,forecast_hot_humid_bursty_r1,forecast,hot_humid,bursty,1,40.491,40.191,39.991,37.491,25.0,45.0,60.0,,75.0,1.5,31.7,,,0,trial
2026-07-04T20:19:03,forecast_hot_humid_bursty_r1,forecast,hot_humid,bursty,1,40.488,40.188,39.988,37.488,25.0,45.0,60.0,,75.0,1.5,31.69,,,0,trial
2026-07-04T20:19:03,forecast_hot_humid_bursty_r1,forecast,hot_humid,bursty,1,40.486,40.186,39.986,37.486,25.0,45.0,60.0,,75.0,1.5,31.68,,,0,trial
2026-07-04T20:19:03,forecast_hot_humid_bursty_r1,forecast,hot_humid,bursty,1,40.483,40.183,39.983,37.483,25.0,45.0,60.0,,75.0,1.5,31.68,,,0,trial
2026-07-04T20:19:03,forecast_hot_humid_bursty_r1,forecast,hot_humid,bursty,1,40.481,40.181,39.981,37.481,25.0,45.0,60.0,,75.0,1.5,31.67,,,0,trial
2026-07-04T20:19:03,forecast_hot_humid_bursty_r1,forecast,hot_humid,bursty,1,40.479,40.179,39.979,37.479,25.0,45.0,60.0,,75.0,1.5,31.66,,,0,trial
2026-07-04T20:19:03,forecast_hot_humid_bursty_r1,forecast,hot_humid,bursty,1,40.476,40.176,39.976,37.476,25.0,45.0,60.0,,75.0,1.5,31.65,,,0,trial
2026-07-04T20:19:03,forecast_hot_humid_bursty_r1,forecast,hot_humid,bursty,1,40.474,40.174,39.974,37.474,25.0,45.0,60.0,,75.0,1.5,31.64,,,0,trial
2026-07-04T20:19:03,forecast_hot_humid_bursty_r1,forecast,hot_humid,bursty,1,40.471,40.171,39.971,37.471,25.0,45.0,60.0,,75.0,1.5,31.63,,,0,trial
2026-07-04T20:19:03,forecast_hot_humid_bursty_r1,forecast,hot_humid,bursty,1,40.469,40.169,39.969,37.469,25.0,45.0,60.0,,75.0,1.5,31.63,,,0,trial
2026-07-04T20:19:03,forecast_hot_humid_bursty_r1,forecast,hot_humid,bursty,1,40.467,40.167,39.967,37.467,25.0,45.0,60.0,,75.0,1.5,31.62,,,0,trial
2026-07-04T20:19:03,forecast_hot_humid_bursty_r1,forecast,hot_humid,bursty,1,40.464,40.164,39.964,37.464,25.0,45.0,60.0,,75.0,1.5,31.61,,,0,trial
2026-07-04T20:19:03,forecast_hot_humid_bursty_r1,forecast,hot_humid,bursty,1,40.462,40.162,39.962,37.462,25.0,45.0,60.0,,75.0,1.5,31.6,,,0,trial
2026-07-04T20:19:03,forecast_hot_humid_bursty_r1,forecast,hot_humid,bursty,1,40.457,40.157,39.957,37.457,25.0,45.0,60.0,,75.0,1.5,31.59,,,0,trial
2026-07-04T20:19:03,forecast_hot_humid_bursty_r1,forecast,hot_humid,bursty,1,40.455,40.155,39.955,37.455,25.0,45.0,60.0,,75.0,1.5,31.59,,,0,trial
2026-07-04T20:19:03,forecast_hot_humid_bursty_r1,forecast,hot_humid,bursty,1,40.452,40.152,39.952,37.452,25.0,45.0,60.0,,75.0,1.5,31.58,,,0,trial
2026-07-04T20:19:03,forecast_hot_humid_bursty_r1,forecast,hot_humid,bursty,1,40.45,40.15,39.95,37.45,25.0,45.0,60.0,,75.0,1.5,31.57,,,0,trial
2026-07-04T20:19:03,forecast_hot_humid_bursty_r1,forecast,hot_humid,bursty,1,40.448,40.148,39.948,37.448,25.0,45.0,60.0,,75.0,1.5,31.56,,,0,trial
2026-07-04T20:19:03,forecast_hot_humid_bursty_r1,forecast,hot_humid,bursty,1,40.445,40.145,39.945,37.445,25.0,45.0,60.0,,75.0,1.5,31.55,,,0,trial
2026-07-04T20:19:03,forecast_hot_humid_bursty_r1,forecast,hot_humid,bursty,1,40.443,40.143,39.943,37.443,25.0,45.0,60.0,,75.0,1.5,31.55,,,0,trial
2026-07-04T20:19:03,forecast_hot_humid_bursty_r1,forecast,hot_humid,bursty,1,40.441,40.141,39.941,37.441,25.0,45.0,60.0,,75.0,1.5,31.54,,,0,trial
2026-07-04T20:19:03,forecast_hot_humid_bursty_r1,forecast,hot_humid,bursty,1,40.438,40.138,39.938,37.438,25.0,45.0,60.0,,75.0,1.5,31.53,,,0,trial
2026-07-04T20:19:03,forecast_hot_humid_bursty_r1,forecast,hot_humid,bursty,1,40.436,40.136,39.936,37.436,25.0,45.0,60.0,,75.0,1.5,31.52,,,0,trial
2026-07-04T20:19:03,forecast_hot_humid_bursty_r1,forecast,hot_humid,bursty,1,40.433,40.133,39.933,37.433,25.0,45.0,60.0,,75.0,1.5,31.51,,,0,trial
2026-07-04T20:19:03,forecast_hot_humid_bursty_r1,forecast,hot_humid,bursty,1,40.431,40.131,39.931,37.431,25.0,45.0,60.0,,75.0,1.5,31.51,,,0,trial
2026-07-04T20:19:03,forecast_hot_humid_bursty_r1,forecast,hot_humid,bursty,1,40.429,40.129,39.929,37.429,25.0,45.0,60.0,,75.0,1.5,31.5,,,0,trial
2026-07-04T20:19:03,forecast_hot_humid_bursty_r1,forecast,hot_humid,bursty,1,40.426,40.126,39.926,37.426,25.0,45.0,60.0,,75.0,1.5,31.49,,,0,trial
2026-07-04T20:19:03,forecast_hot_humid_bursty_r1,forecast,hot_humid,bursty,1,40.424,40.124,39.924,37.424,25.0,45.0,60.0,,75.0,1.5,31.48,,,0,trial
2026-07-04T20:19:03,forecast_hot_humid_bursty_r1,forecast,hot_humid,bursty,1,40.422,40.122,39.922,37.422,25.0,45.0,60.0,,75.0,1.5,31.48,,,0,trial
2026-07-04T20:19:03,forecast_hot_humid_bursty_r1,forecast,hot_humid,bursty,1,40.419,40.119,39.919,37.419,25.0,45.0,60.0,,75.0,1.5,31.47,,,0,trial
2026-07-04T20:19:03,forecast_hot_humid_bursty_r1,forecast,hot_humid,bursty,1,40.417,40.117,39.917,37.417,25.0,45.0,60.0,,75.0,1.5,31.46,,,0,trial
2026-07-04T20:19:03,forecast_hot_humid_bursty_r1,forecast,hot_humid,bursty,1,40.415,40.115,39.915,37.415,25.0,45.0,60.0,,75.0,1.5,31.45,,,0,trial
2026-07-04T20:19:03,forecast_hot_humid_bursty_r1,forecast,hot_humid,bursty,1,40.412,40.112,39.912,37.412,25.0,45.0,60.0,,75.0,1.5,31.44,,,0,trial
2026-07-04T20:19:03,forecast_hot_humid_bursty_r1,forecast,hot_humid,bursty,1,40.41,40.11,39.91,37.41,25.0,45.0,60.0,,75.0,1.5,31.44,,,0,trial
2026-07-04T20:19:03,forecast_hot_humid_bursty_r1,forecast,hot_humid,bursty,1,40.408,40.108,39.908,37.408,25.0,45.0,60.0,,75.0,1.5,31.43,,,0,trial
2026-07-04T20:19:03,forecast_hot_humid_bursty_r1,forecast,hot_humid,bursty,1,40.405,40.105,39.905,37.405,25.0,45.0,60.0,,75.0,1.5,31.42,,,0,trial
2026-07-04T20:19:03,forecast_hot_humid_bursty_r1,forecast,hot_humid,bursty,1,40.403,40.103,39.903,37.403,25.0,45.0,60.0,,75.0,1.5,31.42,,,0,trial
2026-07-04T20:19:03,forecast_hot_humid_bursty_r1,forecast,hot_humid,bursty,1,40.401,40.101,39.901,37.401,25.0,45.0,60.0,,75.0,1.5,31.41,,,0,trial
2026-07-04T20:19:03,forecast_hot_humid_bursty_r1,forecast,hot_humid,bursty,1,40.398,40.098,39.898,37.398,25.0,45.0,60.0,,75.0,1.5,31.4,,,0,trial
2026-07-04T20:19:03,forecast_hot_humid_bursty_r1,forecast,hot_humid,bursty,1,40.396,40.096,39.896,37.396,25.0,45.0,60.0,,75.0,1.5,31.39,,,0,trial
2026-07-04T20:19:03,forecast_hot_humid_bursty_r1,forecast,hot_humid,bursty,1,40.393,40.093,39.893,37.393,25.0,45.0,60.0,,75.0,1.5,31.39,,,0,trial
2026-07-04T20:19:03,forecast_hot_humid_bursty_r1,forecast,hot_humid,bursty,1,40.391,40.091,39.891,37.391,25.0,45.0,60.0,,75.0,1.5,31.38,,,0,trial
2026-07-04T20:19:03,forecast_hot_humid_bursty_r1,forecast,hot_humid,bursty,1,40.389,40.089,39.889,37.389,25.0,45.0,60.0,,75.0,1.5,31.37,,,0,trial
2026-07-04T20:19:03,forecast_hot_humid_bursty_r1,forecast,hot_humid,bursty,1,40.386,40.086,39.886,37.386,25.0,45.0,60.0,,50.0,1.0,31.36,,,0,trial
2026-07-04T20:19:03,forecast_hot_humid_bursty_r1,forecast,hot_humid,bursty,1,40.386,40.086,39.886,37.386,25.0,45.0,60.0,,50.0,1.0,31.36,,,0,trial
2026-07-04T20:19:03,forecast_hot_humid_bursty_r1,forecast,hot_humid,bursty,1,40.386,40.086,39.886,37.386,25.0,45.0,60.0,,50.0,1.0,31.35,,,0,trial
2026-07-04T20:19:03,forecast_hot_humid_bursty_r1,forecast,hot_humid,bursty,1,40.386,40.086,39.886,37.386,25.0,45.0,60.0,,50.0,1.0,31.34,,,0,trial
2026-07-04T20:19:03,forecast_hot_humid_bursty_r1,forecast,hot_humid,bursty,1,40.385,40.085,39.885,37.385,25.0,45.0,60.0,,50.0,1.0,31.34,,,0,trial
2026-07-04T20:19:03,forecast_hot_humid_bursty_r1,forecast,hot_humid,bursty,1,40.385,40.085,39.885,37.385,25.0,45.0,60.0,,50.0,1.0,31.33,,,0,trial
2026-07-04T20:19:03,forecast_hot_humid_bursty_r1,forecast,hot_humid,bursty,1,40.385,40.085,39.885,37.385,25.0,45.0,60.0,,50.0,1.0,31.32,,,0,trial
2026-07-04T20:19:03,forecast_hot_humid_bursty_r1,forecast,hot_humid,bursty,1,40.385,40.085,39.885,37.385,25.0,45.0,60.0,,50.0,1.0,31.31,,,0,trial
2026-07-04T20:19:03,forecast_hot_humid_bursty_r1,forecast,hot_humid,bursty,1,40.385,40.085,39.885,37.385,25.0,45.0,60.0,,50.0,1.0,31.31,,,0,trial
2026-07-04T20:19:03,forecast_hot_humid_bursty_r1,forecast,hot_humid,bursty,1,40.384,40.084,39.884,37.384,25.0,45.0,60.0,,50.0,1.0,31.3,,,0,trial
2026-07-04T20:19:03,forecast_hot_humid_bursty_r1,forecast,hot_humid,bursty,1,40.384,40.084,39.884,37.384,25.0,45.0,60.0,,50.0,1.0,31.29,,,0,trial
2026-07-04T20:19:03,forecast_hot_humid_bursty_r1,forecast,hot_humid,bursty,1,40.384,40.084,39.884,37.384,25.0,45.0,60.0,,50.0,1.0,31.29,,,0,trial
2026-07-04T20:19:03,forecast_hot_humid_bursty_r1,forecast,hot_humid,bursty,1,40.384,40.084,39.884,37.384,25.0,45.0,60.0,,50.0,1.0,31.28,,,0,trial
2026-07-04T20:19:03,forecast_hot_humid_bursty_r1,forecast,hot_humid,bursty,1,40.384,40.084,39.884,37.384,25.0,45.0,60.0,,50.0,1.0,31.27,,,0,trial
2026-07-04T20:19:03,forecast_hot_humid_bursty_r1,forecast,hot_humid,bursty,1,40.383,40.083,39.883,37.383,25.0,45.0,60.0,,50.0,1.0,31.27,,,0,trial
2026-07-04T20:19:03,forecast_hot_humid_bursty_r1,forecast,hot_humid,bursty,1,40.383,40.083,39.883,37.383,25.0,45.0,60.0,,50.0,1.0,31.26,,,0,trial
2026-07-04T20:19:03,forecast_hot_humid_bursty_r1,forecast,hot_humid,bursty,1,40.383,40.083,39.883,37.383,25.0,45.0,60.0,,50.0,1.0,31.25,,,0,trial
2026-07-04T20:19:03,forecast_hot_humid_bursty_r1,forecast,hot_humid,bursty,1,40.383,40.083,39.883,37.383,25.0,45.0,60.0,,50.0,1.0,31.25,,,0,trial
2026-07-04T20:19:03,forecast_hot_humid_bursty_r1,forecast,hot_humid,bursty,1,40.383,40.083,39.883,37.383,25.0,45.0,60.0,,50.0,1.0,31.24,,,0,trial
2026-07-04T20:19:03,forecast_hot_humid_bursty_r1,forecast,hot_humid,bursty,1,40.382,40.082,39.882,37.382,25.0,45.0,60.0,,50.0,1.0,31.23,,,0,trial
2026-07-04T20:19:03,forecast_hot_humid_bursty_r1,forecast,hot_humid,bursty,1,40.382,40.082,39.882,37.382,25.0,45.0,60.0,,50.0,1.0,31.23,,,0,trial
2026-07-04T20:19:03,forecast_hot_humid_bursty_r1,forecast,hot_humid,bursty,1,40.382,40.082,39.882,37.382,25.0,45.0,60.0,,50.0,1.0,31.22,,,0,trial
2026-07-04T20:19:03,forecast_hot_humid_bursty_r1,forecast,hot_humid,bursty,1,40.382,40.082,39.882,37.382,25.0,45.0,60.0,,50.0,1.0,31.21,,,0,trial
2026-07-04T20:19:03,forecast_hot_humid_bursty_r1,forecast,hot_humid,bursty,1,40.382,40.082,39.882,37.382,25.0,45.0,60.0,,50.0,1.0,31.21,,,0,trial
2026-07-04T20:19:03,forecast_hot_humid_bursty_r1,forecast,hot_humid,bursty,1,40.381,40.081,39.881,37.381,25.0,45.0,60.0,,50.0,1.0,31.2,,,0,trial
2026-07-04T20:19:03,forecast_hot_humid_bursty_r1,forecast,hot_humid,bursty,1,40.381,40.081,39.881,37.381,25.0,45.0,60.0,,50.0,1.0,31.19,,,0,trial
2026-07-04T20:19:03,forecast_hot_humid_bursty_r1,forecast,hot_humid,bursty,1,40.381,40.081,39.881,37.381,25.0,45.0,60.0,,50.0,1.0,31.19,,,0,trial
2026-07-04T20:19:03,forecast_hot_humid_bursty_r1,forecast,hot_humid,bursty,1,40.381,40.081,39.881,37.381,25.0,45.0,60.0,,50.0,1.0,31.18,,,0,trial
2026-07-04T20:19:03,forecast_hot_humid_bursty_r1,forecast,hot_humid,bursty,1,40.381,40.081,39.881,37.381,25.0,45.0,60.0,,50.0,1.0,31.17,,,0,trial
2026-07-04T20:19:03,forecast_hot_humid_bursty_r1,forecast,hot_humid,bursty,1,40.38,40.08,39.88,37.38,25.0,45.0,60.0,,50.0,1.0,31.17,,,0,trial
2026-07-04T20:19:03,forecast_hot_humid_bursty_r1,forecast,hot_humid,bursty,1,40.38,40.08,39.88,37.38,25.0,45.0,60.0,,50.0,1.0,31.16,,,0,trial
2026-07-04T20:19:03,forecast_hot_humid_bursty_r1,forecast,hot_humid,bursty,1,40.38,40.08,39.88,37.38,25.0,45.0,60.0,,50.0,1.0,31.15,,,0,trial
2026-07-04T20:19:03,forecast_hot_humid_bursty_r1,forecast,hot_humid,bursty,1,40.38,40.08,39.88,37.38,25.0,45.0,60.0,,50.0,1.0,31.15,,,0,trial
2026-07-04T20:19:03,forecast_hot_humid_bursty_r1,forecast,hot_humid,bursty,1,40.379,40.079,39.879,37.379,25.0,45.0,60.0,,50.0,1.0,31.14,,,0,trial
2026-07-04T20:19:03,forecast_hot_humid_bursty_r1,forecast,hot_humid,bursty,1,40.379,40.079,39.879,37.379,25.0,45.0,60.0,,50.0,1.0,31.14,,,0,trial
2026-07-04T20:19:03,forecast_hot_humid_bursty_r1,forecast,hot_humid,bursty,1,40.379,40.079,39.879,37.379,25.0,45.0,60.0,,50.0,1.0,31.13,,,0,trial
2026-07-04T20:19:03,forecast_hot_humid_bursty_r1,forecast,hot_humid,bursty,1,40.379,40.079,39.879,37.379,25.0,45.0,60.0,,50.0,1.0,31.12,,,0,trial
2026-07-04T20:19:03,forecast_hot_humid_bursty_r1,forecast,hot_humid,bursty,1,40.379,40.079,39.879,37.379,25.0,45.0,60.0,,50.0,1.0,31.12,,,0,trial
2026-07-04T20:19:03,forecast_hot_humid_bursty_r1,forecast,hot_humid,bursty,1,40.378,40.078,39.878,37.378,25.0,45.0,60.0,,50.0,1.0,31.11,,,0,trial
2026-07-04T20:19:03,forecast_hot_humid_bursty_r1,forecast,hot_humid,bursty,1,40.378,40.078,39.878,37.378,25.0,45.0,60.0,,50.0,1.0,31.1,,,0,trial
2026-07-04T20:19:03,forecast_hot_humid_bursty_r1,forecast,hot_humid,bursty,1,40.378,40.078,39.878,37.378,25.0,45.0,60.0,,50.0,1.0,31.1,,,0,trial
2026-07-04T20:19:03,forecast_hot_humid_bursty_r1,forecast,hot_humid,bursty,1,40.378,40.078,39.878,37.378,25.0,45.0,60.0,,50.0,1.0,31.09,,,0,trial
2026-07-04T20:19:03,forecast_hot_humid_bursty_r1,forecast,hot_humid,bursty,1,40.378,40.078,39.878,37.378,25.0,45.0,60.0,,50.0,1.0,31.09,,,0,trial
2026-07-04T20:19:03,forecast_hot_humid_bursty_r1,forecast,hot_humid,bursty,1,40.377,40.077,39.877,37.377,25.0,45.0,60.0,,50.0,1.0,31.08,,,0,trial
2026-07-04T20:19:03,forecast_hot_humid_bursty_r1,forecast,hot_humid,bursty,1,40.377,40.077,39.877,37.377,25.0,45.0,60.0,,50.0,1.0,31.07,,,0,trial
2026-07-04T20:19:03,forecast_hot_humid_bursty_r1,forecast,hot_humid,bursty,1,40.377,40.077,39.877,37.377,25.0,45.0,60.0,,50.0,1.0,31.07,,,0,trial
2026-07-04T20:19:03,forecast_hot_humid_bursty_r1,forecast,hot_humid,bursty,1,40.377,40.077,39.877,37.377,25.0,45.0,60.0,,50.0,1.0,31.06,,,0,trial
2026-07-04T20:19:03,forecast_hot_humid_bursty_r1,forecast,hot_humid,bursty,1,40.377,40.077,39.877,37.377,25.0,45.0,60.0,,50.0,1.0,31.06,,,0,trial
2026-07-04T20:19:03,forecast_hot_humid_bursty_r1,forecast,hot_humid,bursty,1,40.376,40.076,39.876,37.376,25.0,45.0,60.0,,50.0,1.0,31.05,,,0,trial
2026-07-04T20:19:03,forecast_hot_humid_bursty_r1,forecast,hot_humid,bursty,1,40.376,40.076,39.876,37.376,25.0,45.0,60.0,,50.0,1.0,31.04,,,0,trial
2026-07-04T20:19:03,forecast_hot_humid_bursty_r1,forecast,hot_humid,bursty,1,40.376,40.076,39.876,37.376,25.0,45.0,60.0,,50.0,1.0,31.04,,,0,trial
2026-07-04T20:19:03,forecast_hot_humid_bursty_r1,forecast,hot_humid,bursty,1,40.376,40.076,39.876,37.376,25.0,45.0,60.0,,50.0,1.0,31.03,,,0,trial
2026-07-04T20:19:03,forecast_hot_humid_bursty_r1,forecast,hot_humid,bursty,1,40.376,40.076,39.876,37.376,25.0,45.0,60.0,,50.0,1.0,31.03,,,0,trial
2026-07-04T20:19:03,forecast_hot_humid_bursty_r1,forecast,hot_humid,bursty,1,40.375,40.075,39.875,37.375,25.0,45.0,60.0,,50.0,1.0,31.02,,,0,trial
2026-07-04T20:19:03,forecast_hot_humid_bursty_r1,forecast,hot_humid,bursty,1,40.375,40.075,39.875,37.375,25.0,45.0,60.0,,50.0,1.0,31.02,,,0,trial
2026-07-04T20:19:03,forecast_hot_humid_bursty_r1,forecast,hot_humid,bursty,1,40.375,40.075,39.875,37.375,25.0,45.0,60.0,,50.0,1.0,31.01,,,0,trial
2026-07-04T20:19:03,forecast_hot_humid_bursty_r1,forecast,hot_humid,bursty,1,40.375,40.075,39.875,37.375,25.0,45.0,60.0,,50.0,1.0,31.0,,,0,trial
2026-07-04T20:19:03,forecast_hot_humid_bursty_r1,forecast,hot_humid,bursty,1,40.375,40.075,39.875,37.375,25.0,45.0,60.0,,50.0,1.0,31.0,,,0,trial
2026-07-04T20:19:03,forecast_hot_humid_bursty_r1,forecast,hot_humid,bursty,1,40.374,40.074,39.874,37.374,25.0,45.0,60.0,,50.0,1.0,30.99,,,0,trial
2026-07-04T20:19:03,forecast_hot_humid_bursty_r1,forecast,hot_humid,bursty,1,40.374,40.074,39.874,37.374,25.0,45.0,60.0,,50.0,1.0,30.99,,,0,trial
2026-07-04T20:19:03,forecast_hot_humid_bursty_r1,forecast,hot_humid,bursty,1,40.374,40.074,39.874,37.374,25.0,45.0,60.0,,50.0,1.0,30.98,,,0,trial
2026-07-04T20:19:03,forecast_hot_humid_bursty_r1,forecast,hot_humid,bursty,1,40.374,40.074,39.874,37.374,25.0,45.0,60.0,,50.0,1.0,30.98,,,0,trial
2026-07-04T20:19:03,forecast_hot_humid_bursty_r1,forecast,hot_humid,bursty,1,40.373,40.073,39.873,37.373,25.0,45.0,60.0,,50.0,1.0,30.97,,,0,trial
2026-07-04T20:19:03,forecast_hot_humid_bursty_r1,forecast,hot_humid,bursty,1,40.373,40.073,39.873,37.373,25.0,45.0,60.0,,50.0,1.0,30.97,,,0,trial
2026-07-04T20:19:03,forecast_hot_humid_bursty_r1,forecast,hot_humid,bursty,1,40.373,40.073,39.873,37.373,25.0,45.0,60.0,,50.0,1.0,30.96,,,0,trial
2026-07-04T20:19:03,forecast_hot_humid_bursty_r1,forecast,hot_humid,bursty,1,40.373,40.073,39.873,37.373,25.0,45.0,60.0,,50.0,1.0,30.95,,,0,trial
2026-07-04T20:19:03,forecast_hot_humid_bursty_r1,forecast,hot_humid,bursty,1,40.373,40.073,39.873,37.373,25.0,45.0,60.0,,50.0,1.0,30.95,,,0,trial
2026-07-04T20:19:03,forecast_hot_humid_bursty_r1,forecast,hot_humid,bursty,1,40.372,40.072,39.872,37.372,25.0,45.0,60.0,,50.0,1.0,30.94,,,0,trial
2026-07-04T20:19:03,forecast_hot_humid_bursty_r1,forecast,hot_humid,bursty,1,40.372,40.072,39.872,37.372,25.0,45.0,60.0,,50.0,1.0,30.94,,,0,trial
2026-07-04T20:19:03,forecast_hot_humid_bursty_r1,forecast,hot_humid,bursty,1,40.372,40.072,39.872,37.372,25.0,45.0,60.0,,50.0,1.0,30.93,,,0,trial
2026-07-04T20:19:03,forecast_hot_humid_bursty_r1,forecast,hot_humid,bursty,1,40.372,40.072,39.872,37.372,25.0,45.0,60.0,,50.0,1.0,30.93,,,0,trial
2026-07-04T20:19:03,forecast_hot_humid_bursty_r1,forecast,hot_humid,bursty,1,40.372,40.072,39.872,37.372,25.0,45.0,60.0,,50.0,1.0,30.92,,,0,trial
2026-07-04T20:19:03,forecast_hot_humid_bursty_r1,forecast,hot_humid,bursty,1,40.371,40.071,39.871,37.371,25.0,45.0,60.0,,50.0,1.0,30.92,,,0,trial
2026-07-04T20:19:03,forecast_hot_humid_bursty_r1,forecast,hot_humid,bursty,1,40.371,40.071,39.871,37.371,25.0,45.0,60.0,,50.0,1.0,30.91,,,0,trial
2026-07-04T20:19:03,forecast_hot_humid_bursty_r1,forecast,hot_humid,bursty,1,40.371,40.071,39.871,37.371,25.0,45.0,60.0,,50.0,1.0,30.91,,,0,trial
2026-07-04T20:19:03,forecast_hot_humid_bursty_r1,forecast,hot_humid,bursty,1,40.371,40.071,39.871,37.371,25.0,45.0,60.0,,50.0,1.0,30.9,,,0,trial
2026-07-04T20:19:03,forecast_hot_humid_bursty_r1,forecast,hot_humid,bursty,1,40.371,40.071,39.871,37.371,25.0,45.0,60.0,,50.0,1.0,30.9,,,0,trial
2026-07-04T20:19:03,forecast_hot_humid_bursty_r1,forecast,hot_humid,bursty,1,40.37,40.07,39.87,37.37,25.0,45.0,60.0,,50.0,1.0,30.89,,,0,trial
2026-07-04T20:19:03,forecast_hot_humid_bursty_r1,forecast,hot_humid,bursty,1,40.37,40.07,39.87,37.37,25.0,45.0,60.0,,50.0,1.0,30.89,,,0,trial
2026-07-04T20:19:03,forecast_hot_humid_bursty_r1,forecast,hot_humid,bursty,1,40.37,40.07,39.87,37.37,25.0,45.0,60.0,,50.0,1.0,30.88,,,0,trial
2026-07-04T20:19:03,forecast_hot_humid_bursty_r1,forecast,hot_humid,bursty,1,40.37,40.07,39.87,37.37,25.0,45.0,60.0,,50.0,1.0,30.88,,,0,trial
2026-07-04T20:19:03,forecast_hot_humid_bursty_r1,forecast,hot_humid,bursty,1,40.37,40.07,39.87,37.37,25.0,45.0,60.0,,50.0,1.0,30.87,,,0,trial
2026-07-04T20:19:03,forecast_hot_humid_bursty_r1,forecast,hot_humid,bursty,1,40.369,40.069,39.869,37.369,25.0,45.0,60.0,,50.0,1.0,30.87,,,0,trial
2026-07-04T20:19:03,forecast_hot_humid_bursty_r1,forecast,hot_humid,bursty,1,40.369,40.069,39.869,37.369,25.0,45.0,60.0,,50.0,1.0,30.86,,,0,trial
2026-07-04T20:19:03,forecast_hot_humid_bursty_r1,forecast,hot_humid,bursty,1,40.369,40.069,39.869,37.369,25.0,45.0,60.0,,50.0,1.0,30.86,,,0,trial
2026-07-04T20:19:03,forecast_hot_humid_bursty_r1,forecast,hot_humid,bursty,1,40.369,40.069,39.869,37.369,25.0,45.0,60.0,,50.0,1.0,30.85,,,0,trial
2026-07-04T20:19:03,forecast_hot_humid_bursty_r1,forecast,hot_humid,bursty,1,40.369,40.069,39.869,37.369,25.0,45.0,60.0,,50.0,1.0,30.85,,,0,trial
2026-07-04T20:19:03,forecast_hot_humid_bursty_r1,forecast,hot_humid,bursty,1,40.368,40.068,39.868,37.368,25.0,45.0,60.0,,50.0,1.0,30.84,,,0,trial
2026-07-04T20:19:03,forecast_hot_humid_bursty_r1,forecast,hot_humid,bursty,1,40.368,40.068,39.868,37.368,25.0,45.0,60.0,,50.0,1.0,30.84,,,0,trial
2026-07-04T20:19:03,forecast_hot_humid_bursty_r1,forecast,hot_humid,bursty,1,40.368,40.068,39.868,37.368,25.0,45.0,60.0,,50.0,1.0,30.83,,,0,trial
2026-07-04T20:19:03,forecast_hot_humid_bursty_r1,forecast,hot_humid,bursty,1,40.368,40.068,39.868,37.368,25.0,45.0,60.0,,50.0,1.0,30.83,,,0,trial
2026-07-04T20:19:03,forecast_hot_humid_bursty_r1,forecast,hot_humid,bursty,1,40.367,40.067,39.867,37.367,25.0,45.0,60.0,,50.0,1.0,30.82,,,0,trial
2026-07-04T20:19:03,forecast_hot_humid_bursty_r1,forecast,hot_humid,bursty,1,40.367,40.067,39.867,37.367,25.0,45.0,60.0,,50.0,1.0,30.82,,,0,trial
2026-07-04T20:19:03,forecast_hot_humid_bursty_r1,forecast,hot_humid,bursty,1,40.367,40.067,39.867,37.367,25.0,45.0,60.0,,50.0,1.0,30.81,,,0,trial
2026-07-04T20:19:03,forecast_hot_humid_bursty_r1,forecast,hot_humid,bursty,1,40.367,40.067,39.867,37.367,25.0,45.0,60.0,,50.0,1.0,30.81,,,0,trial
2026-07-04T20:19:03,forecast_hot_humid_bursty_r1,forecast,hot_humid,bursty,1,40.367,40.067,39.867,37.367,25.0,45.0,60.0,,50.0,1.0,30.8,,,0,trial
2026-07-04T20:19:03,forecast_hot_humid_bursty_r1,forecast,hot_humid,bursty,1,40.366,40.066,39.866,37.366,25.0,45.0,60.0,,50.0,1.0,30.8,,,0,trial
2026-07-04T20:19:03,forecast_hot_humid_bursty_r1,forecast,hot_humid,bursty,1,40.366,40.066,39.866,37.366,25.0,45.0,60.0,,50.0,1.0,30.79,,,0,trial
2026-07-04T20:19:03,forecast_hot_humid_bursty_r1,forecast,hot_humid,bursty,1,40.366,40.066,39.866,37.366,25.0,45.0,60.0,,50.0,1.0,30.79,,,0,trial
2026-07-04T20:19:03,forecast_hot_humid_bursty_r1,forecast,hot_humid,bursty,1,40.366,40.066,39.866,37.366,25.0,45.0,60.0,,50.0,1.0,30.79,,,0,trial
2026-07-04T20:19:03,forecast_hot_humid_bursty_r1,forecast,hot_humid,bursty,1,40.366,40.066,39.866,37.366,25.0,45.0,60.0,,50.0,1.0,30.78,,,0,trial
2026-07-04T20:19:03,forecast_hot_humid_bursty_r1,forecast,hot_humid,bursty,1,40.365,40.065,39.865,37.365,25.0,45.0,60.0,,50.0,1.0,30.78,,,0,trial
2026-07-04T20:19:03,forecast_hot_humid_bursty_r1,forecast,hot_humid,bursty,1,40.365,40.065,39.865,37.365,25.0,45.0,60.0,,50.0,1.0,30.77,,,0,trial
2026-07-04T20:19:03,forecast_hot_humid_bursty_r1,forecast,hot_humid,bursty,1,40.365,40.065,39.865,37.365,25.0,45.0,60.0,,50.0,1.0,30.77,,,0,trial
2026-07-04T20:19:03,forecast_hot_humid_bursty_r1,forecast,hot_humid,bursty,1,40.365,40.065,39.865,37.365,25.0,45.0,60.0,,50.0,1.0,30.76,,,0,trial
2026-07-04T20:19:03,forecast_hot_humid_bursty_r1,forecast,hot_humid,bursty,1,40.365,40.065,39.865,37.365,25.0,45.0,60.0,,50.0,1.0,30.76,,,0,trial
2026-07-04T20:19:03,forecast_hot_humid_bursty_r1,forecast,hot_humid,bursty,1,40.365,40.065,39.865,37.365,25.0,45.0,60.0,,50.0,1.0,30.75,,,0,trial
2026-07-04T20:19:03,forecast_hot_humid_bursty_r1,forecast,hot_humid,bursty,1,40.364,40.064,39.864,37.364,25.0,45.0,60.0,,50.0,1.0,30.75,,,0,trial
2026-07-04T20:19:03,forecast_hot_humid_bursty_r1,forecast,hot_humid,bursty,1,40.364,40.064,39.864,37.364,25.0,45.0,60.0,,50.0,1.0,30.75,,,0,trial
2026-07-04T20:19:03,forecast_hot_humid_bursty_r1,forecast,hot_humid,bursty,1,40.364,40.064,39.864,37.364,25.0,45.0,60.0,,50.0,1.0,30.74,,,0,trial
2026-07-04T20:19:03,forecast_hot_humid_bursty_r1,forecast,hot_humid,bursty,1,40.364,40.064,39.864,37.364,25.0,45.0,60.0,,50.0,1.0,30.74,,,0,trial
2026-07-04T20:19:03,forecast_hot_humid_bursty_r1,forecast,hot_humid,bursty,1,40.364,40.064,39.864,37.364,25.0,45.0,60.0,,50.0,1.0,30.73,,,0,trial
2026-07-04T20:19:03,forecast_hot_humid_bursty_r1,forecast,hot_humid,bursty,1,40.363,40.063,39.863,37.363,25.0,45.0,60.0,,50.0,1.0,30.73,,,0,trial
2026-07-04T20:19:03,forecast_hot_humid_bursty_r1,forecast,hot_humid,bursty,1,40.363,40.063,39.863,37.363,25.0,45.0,60.0,,50.0,1.0,30.72,,,0,trial
2026-07-04T20:19:03,forecast_hot_humid_bursty_r1,forecast,hot_humid,bursty,1,40.363,40.063,39.863,37.363,25.0,45.0,60.0,,50.0,1.0,30.72,,,0,trial
2026-07-04T20:19:03,forecast_hot_humid_bursty_r1,forecast,hot_humid,bursty,1,40.363,40.063,39.863,37.363,25.0,45.0,60.0,,50.0,1.0,30.72,,,0,trial
2026-07-04T20:19:03,forecast_hot_humid_bursty_r1,forecast,hot_humid,bursty,1,40.363,40.063,39.863,37.363,25.0,45.0,60.0,,50.0,1.0,30.71,,,0,trial
2026-07-04T20:19:03,forecast_hot_humid_bursty_r1,forecast,hot_humid,bursty,1,40.362,40.062,39.862,37.362,25.0,45.0,60.0,,50.0,1.0,30.71,,,0,trial
2026-07-04T20:19:03,forecast_hot_humid_bursty_r1,forecast,hot_humid,bursty,1,40.362,40.062,39.862,37.362,25.0,45.0,60.0,,50.0,1.0,30.7,,,0,trial
2026-07-04T20:19:03,forecast_hot_humid_bursty_r1,forecast,hot_humid,bursty,1,40.362,40.062,39.862,37.362,25.0,45.0,60.0,,50.0,1.0,30.7,,,0,trial
2026-07-04T20:19:03,forecast_hot_humid_bursty_r1,forecast,hot_humid,bursty,1,40.362,40.062,39.862,37.362,25.0,45.0,60.0,,50.0,1.0,30.7,,,0,trial
2026-07-04T20:19:03,forecast_hot_humid_bursty_r1,forecast,hot_humid,bursty,1,40.361,40.061,39.861,37.361,25.0,45.0,60.0,,50.0,1.0,30.69,,,0,trial
2026-07-04T20:19:03,forecast_hot_humid_bursty_r1,forecast,hot_humid,bursty,1,40.361,40.061,39.861,37.361,25.0,45.0,60.0,,50.0,1.0,30.69,,,0,trial
2026-07-04T20:19:03,forecast_hot_humid_bursty_r1,forecast,hot_humid,bursty,1,40.361,40.061,39.861,37.361,25.0,45.0,60.0,,50.0,1.0,30.68,,,0,trial
2026-07-04T20:19:03,forecast_hot_humid_bursty_r1,forecast,hot_humid,bursty,1,40.361,40.061,39.861,37.361,25.0,45.0,60.0,,50.0,1.0,30.68,,,0,trial
2026-07-04T20:19:03,forecast_hot_humid_bursty_r1,forecast,hot_humid,bursty,1,40.361,40.061,39.861,37.361,25.0,45.0,60.0,,50.0,1.0,30.68,,,0,trial
2026-07-04T20:19:03,forecast_hot_humid_bursty_r1,forecast,hot_humid,bursty,1,40.36,40.06,39.86,37.36,25.0,45.0,60.0,,50.0,1.0,30.67,,,0,trial
2026-07-04T20:19:03,forecast_hot_humid_bursty_r1,forecast,hot_humid,bursty,1,40.36,40.06,39.86,37.36,25.0,45.0,60.0,,50.0,1.0,30.67,,,0,trial
2026-07-04T20:19:03,forecast_hot_humid_bursty_r1,forecast,hot_humid,bursty,1,40.36,40.06,39.86,37.36,25.0,45.0,60.0,,50.0,1.0,30.66,,,0,trial
2026-07-04T20:19:03,forecast_hot_humid_bursty_r1,forecast,hot_humid,bursty,1,40.36,40.06,39.86,37.36,25.0,45.0,60.0,,50.0,1.0,30.66,,,0,trial
2026-07-04T20:19:03,forecast_hot_humid_bursty_r1,forecast,hot_humid,bursty,1,40.36,40.06,39.86,37.36,25.0,45.0,60.0,,50.0,1.0,30.66,,,0,trial
2026-07-04T20:19:03,forecast_hot_humid_bursty_r1,forecast,hot_humid,bursty,1,40.36,40.06,39.86,37.36,25.0,45.0,60.0,,50.0,1.0,30.65,,,0,trial
2026-07-04T20:19:03,forecast_hot_humid_bursty_r1,forecast,hot_humid,bursty,1,40.359,40.059,39.859,37.359,25.0,45.0,60.0,,50.0,1.0,30.65,,,0,trial
2026-07-04T20:19:03,forecast_hot_humid_bursty_r1,forecast,hot_humid,bursty,1,40.359,40.059,39.859,37.359,25.0,45.0,60.0,,50.0,1.0,30.64,,,0,trial
2026-07-04T20:19:03,forecast_hot_humid_bursty_r1,forecast,hot_humid,bursty,1,40.359,40.059,39.859,37.359,25.0,45.0,60.0,,50.0,1.0,30.64,,,0,trial
2026-07-04T20:19:03,forecast_hot_humid_bursty_r1,forecast,hot_humid,bursty,1,40.359,40.059,39.859,37.359,25.0,45.0,60.0,,50.0,1.0,30.64,,,0,trial
2026-07-04T20:19:03,forecast_hot_humid_bursty_r1,forecast,hot_humid,bursty,1,40.359,40.059,39.859,37.359,25.0,45.0,60.0,,50.0,1.0,30.63,,,0,trial
2026-07-04T20:19:03,forecast_hot_humid_bursty_r1,forecast,hot_humid,bursty,1,40.358,40.058,39.858,37.358,25.0,45.0,60.0,,50.0,1.0,30.63,,,0,trial
2026-07-04T20:19:03,forecast_hot_humid_bursty_r1,forecast,hot_humid,bursty,1,40.358,40.058,39.858,37.358,25.0,45.0,60.0,,50.0,1.0,30.63,,,0,trial
2026-07-04T20:19:03,forecast_hot_humid_bursty_r1,forecast,hot_humid,bursty,1,40.358,40.058,39.858,37.358,25.0,45.0,60.0,,50.0,1.0,30.62,,,0,trial
2026-07-04T20:19:03,forecast_hot_humid_bursty_r1,forecast,hot_humid,bursty,1,40.358,40.058,39.858,37.358,25.0,45.0,60.0,,50.0,1.0,30.62,,,0,trial
2026-07-04T20:19:03,forecast_hot_humid_bursty_r1,forecast,hot_humid,bursty,1,40.358,40.058,39.858,37.358,25.0,45.0,60.0,,50.0,1.0,30.61,,,0,trial
2026-07-04T20:19:03,forecast_hot_humid_bursty_r1,forecast,hot_humid,bursty,1,40.357,40.057,39.857,37.357,25.0,45.0,60.0,,50.0,1.0,30.61,,,0,trial
2026-07-04T20:19:03,forecast_hot_humid_bursty_r1,forecast,hot_humid,bursty,1,40.357,40.057,39.857,37.357,25.0,45.0,60.0,,50.0,1.0,30.61,,,0,trial
2026-07-04T20:19:03,forecast_hot_humid_bursty_r1,forecast,hot_humid,bursty,1,40.357,40.057,39.857,37.357,25.0,45.0,60.0,,50.0,1.0,30.6,,,0,trial
2026-07-04T20:19:03,forecast_hot_humid_bursty_r1,forecast,hot_humid,bursty,1,40.357,40.057,39.857,37.357,25.0,45.0,60.0,,50.0,1.0,30.6,,,0,trial
2026-07-04T20:19:03,forecast_hot_humid_bursty_r1,forecast,hot_humid,bursty,1,40.357,40.057,39.857,37.357,25.0,45.0,60.0,,50.0,1.0,30.6,,,0,trial
2026-07-04T20:19:03,forecast_hot_humid_bursty_r1,forecast,hot_humid,bursty,1,40.356,40.056,39.856,37.356,25.0,45.0,60.0,,50.0,1.0,30.59,,,0,trial
2026-07-04T20:19:03,forecast_hot_humid_bursty_r1,forecast,hot_humid,bursty,1,40.356,40.056,39.856,37.356,25.0,45.0,60.0,,50.0,1.0,30.59,,,0,trial
2026-07-04T20:19:03,forecast_hot_humid_bursty_r1,forecast,hot_humid,bursty,1,40.356,40.056,39.856,37.356,25.0,45.0,60.0,,50.0,1.0,30.59,,,0,trial
2026-07-04T20:19:03,forecast_hot_humid_bursty_r1,forecast,hot_humid,bursty,1,40.356,40.056,39.856,37.356,25.0,45.0,60.0,,50.0,1.0,30.58,,,0,trial
2026-07-04T20:19:03,forecast_hot_humid_bursty_r1,forecast,hot_humid,bursty,1,40.356,40.056,39.856,37.356,25.0,45.0,60.0,,50.0,1.0,30.58,,,0,trial
2026-07-04T20:19:03,forecast_hot_humid_bursty_r1,forecast,hot_humid,bursty,1,40.355,40.055,39.855,37.355,25.0,45.0,60.0,,50.0,1.0,30.58,,,0,trial
2026-07-04T20:19:03,forecast_hot_humid_bursty_r1,forecast,hot_humid,bursty,1,40.355,40.055,39.855,37.355,25.0,45.0,60.0,,50.0,1.0,30.57,,,0,trial
2026-07-04T20:19:03,forecast_hot_humid_bursty_r1,forecast,hot_humid,bursty,1,40.355,40.055,39.855,37.355,25.0,45.0,60.0,,50.0,1.0,30.57,,,0,trial
2026-07-04T20:19:03,forecast_hot_humid_bursty_r1,forecast,hot_humid,bursty,1,40.355,40.055,39.855,37.355,25.0,45.0,60.0,,50.0,1.0,30.57,,,0,trial
2026-07-04T20:19:03,forecast_hot_humid_bursty_r1,forecast,hot_humid,bursty,1,40.355,40.055,39.855,37.355,25.0,45.0,60.0,,50.0,1.0,30.56,,,0,trial
2026-07-04T20:19:03,forecast_hot_humid_bursty_r1,forecast,hot_humid,bursty,1,40.354,40.054,39.854,37.354,25.0,45.0,60.0,,50.0,1.0,30.56,,,0,trial
2026-07-04T20:19:03,forecast_hot_humid_bursty_r1,forecast,hot_humid,bursty,1,40.354,40.054,39.854,37.354,25.0,45.0,60.0,,50.0,1.0,30.56,,,0,trial
2026-07-04T20:19:03,forecast_hot_humid_bursty_r1,forecast,hot_humid,bursty,1,40.354,40.054,39.854,37.354,25.0,45.0,60.0,,50.0,1.0,30.55,,,0,trial
2026-07-04T20:19:03,forecast_hot_humid_bursty_r1,forecast,hot_humid,bursty,1,40.354,40.054,39.854,37.354,25.0,45.0,60.0,,50.0,1.0,30.55,,,0,trial
2026-07-04T20:19:03,forecast_hot_humid_bursty_r1,forecast,hot_humid,bursty,1,40.354,40.054,39.854,37.354,25.0,45.0,60.0,,50.0,1.0,30.55,,,0,trial
2026-07-04T20:19:03,forecast_hot_humid_bursty_r1,forecast,hot_humid,bursty,1,40.353,40.053,39.853,37.353,25.0,45.0,60.0,,50.0,1.0,30.54,,,0,trial
2026-07-04T20:19:03,forecast_hot_humid_bursty_r1,forecast,hot_humid,bursty,1,40.353,40.053,39.853,37.353,25.0,45.0,60.0,,50.0,1.0,30.54,,,0,trial
2026-07-04T20:19:03,forecast_hot_humid_bursty_r1,forecast,hot_humid,bursty,1,40.353,40.053,39.853,37.353,25.0,45.0,60.0,,50.0,1.0,30.54,,,0,trial
2026-07-04T20:19:03,forecast_hot_humid_bursty_r1,forecast,hot_humid,bursty,1,40.353,40.053,39.853,37.353,25.0,45.0,60.0,,50.0,1.0,30.53,,,0,trial
2026-07-04T20:19:03,forecast_hot_humid_bursty_r1,forecast,hot_humid,bursty,1,40.353,40.053,39.853,37.353,25.0,45.0,60.0,,50.0,1.0,30.53,,,0,trial
2026-07-04T20:19:03,forecast_hot_humid_bursty_r1,forecast,hot_humid,bursty,1,40.353,40.053,39.853,37.353,25.0,45.0,60.0,,50.0,1.0,30.53,,,0,trial
2026-07-04T20:19:03,forecast_hot_humid_bursty_r1,forecast,hot_humid,bursty,1,40.352,40.052,39.852,37.352,25.0,45.0,60.0,,50.0,1.0,30.52,,,0,trial
2026-07-04T20:19:03,forecast_hot_humid_bursty_r1,forecast,hot_humid,bursty,1,40.352,40.052,39.852,37.352,25.0,45.0,60.0,,50.0,1.0,30.52,,,0,trial
2026-07-04T20:19:03,forecast_hot_humid_bursty_r1,forecast,hot_humid,bursty,1,40.352,40.052,39.852,37.352,25.0,45.0,60.0,,50.0,1.0,30.52,,,0,trial
2026-07-04T20:19:03,forecast_hot_humid_bursty_r1,forecast,hot_humid,bursty,1,40.352,40.052,39.852,37.352,25.0,45.0,60.0,,50.0,1.0,30.51,,,0,trial
2026-07-04T20:19:03,forecast_hot_humid_bursty_r1,forecast,hot_humid,bursty,1,40.352,40.052,39.852,37.352,25.0,45.0,60.0,,50.0,1.0,30.51,,,0,trial
2026-07-04T20:19:03,forecast_hot_humid_bursty_r1,forecast,hot_humid,bursty,1,40.351,40.051,39.851,37.351,25.0,45.0,60.0,,50.0,1.0,30.51,,,0,trial
2026-07-04T20:19:03,forecast_hot_humid_bursty_r1,forecast,hot_humid,bursty,1,40.351,40.051,39.851,37.351,25.0,45.0,60.0,,50.0,1.0,30.51,,,0,trial
2026-07-04T20:19:03,forecast_hot_humid_bursty_r1,forecast,hot_humid,bursty,1,40.351,40.051,39.851,37.351,25.0,45.0,60.0,,50.0,1.0,30.5,,,0,trial
2026-07-04T20:19:03,forecast_hot_humid_bursty_r1,forecast,hot_humid,bursty,1,40.351,40.051,39.851,37.351,25.0,45.0,60.0,,50.0,1.0,30.5,,,0,trial
2026-07-04T20:19:03,forecast_hot_humid_bursty_r1,forecast,hot_humid,bursty,1,40.351,40.051,39.851,37.351,25.0,45.0,60.0,,50.0,1.0,30.5,,,0,trial
2026-07-04T20:19:03,forecast_hot_humid_bursty_r1,forecast,hot_humid,bursty,1,40.35,40.05,39.85,37.35,25.0,45.0,60.0,,50.0,1.0,30.49,,,0,trial
2026-07-04T20:19:03,forecast_hot_humid_bursty_r1,forecast,hot_humid,bursty,1,40.35,40.05,39.85,37.35,25.0,45.0,60.0,,50.0,1.0,30.49,,,0,trial
2026-07-04T20:19:03,forecast_hot_humid_bursty_r1,forecast,hot_humid,bursty,1,40.35,40.05,39.85,37.35,25.0,45.0,60.0,,50.0,1.0,30.49,,,0,trial
2026-07-04T20:19:03,forecast_hot_humid_bursty_r1,forecast,hot_humid,bursty,1,40.35,40.05,39.85,37.35,25.0,45.0,60.0,,50.0,1.0,30.49,,,0,trial
2026-07-04T20:19:03,forecast_hot_humid_bursty_r1,forecast,hot_humid,bursty,1,40.35,40.05,39.85,37.35,25.0,45.0,60.0,,50.0,1.0,30.48,,,0,trial
2026-07-04T20:19:03,forecast_hot_humid_bursty_r1,forecast,hot_humid,bursty,1,40.349,40.049,39.849,37.349,25.0,45.0,60.0,,50.0,1.0,30.48,,,0,trial
2026-07-04T20:19:03,forecast_hot_humid_bursty_r1,forecast,hot_humid,bursty,1,40.349,40.049,39.849,37.349,25.0,45.0,60.0,,50.0,1.0,30.48,,,0,trial
2026-07-04T20:19:03,forecast_hot_humid_bursty_r1,forecast,hot_humid,bursty,1,40.349,40.049,39.849,37.349,25.0,45.0,60.0,,50.0,1.0,30.47,,,0,trial
2026-07-04T20:19:03,forecast_hot_humid_bursty_r1,forecast,hot_humid,bursty,1,40.349,40.049,39.849,37.349,25.0,45.0,60.0,,50.0,1.0,30.47,,,0,trial
2026-07-04T20:19:03,forecast_hot_humid_bursty_r1,forecast,hot_humid,bursty,1,40.349,40.049,39.849,37.349,25.0,45.0,60.0,,50.0,1.0,30.47,,,0,trial
2026-07-04T20:19:03,forecast_hot_humid_bursty_r1,forecast,hot_humid,bursty,1,40.348,40.048,39.848,37.348,25.0,45.0,60.0,,50.0,1.0,30.47,,,0,trial
2026-07-04T20:19:03,forecast_hot_humid_bursty_r1,forecast,hot_humid,bursty,1,40.348,40.048,39.848,37.348,25.0,45.0,60.0,,50.0,1.0,30.46,,,0,trial
2026-07-04T20:19:03,forecast_hot_humid_bursty_r1,forecast,hot_humid,bursty,1,40.348,40.048,39.848,37.348,25.0,45.0,60.0,,50.0,1.0,30.46,,,0,trial
2026-07-04T20:19:03,forecast_hot_humid_bursty_r1,forecast,hot_humid,bursty,1,40.348,40.048,39.848,37.348,25.0,45.0,60.0,,50.0,1.0,30.46,,,0,trial
2026-07-04T20:19:03,forecast_hot_humid_bursty_r1,forecast,hot_humid,bursty,1,40.348,40.048,39.848,37.348,25.0,45.0,60.0,,50.0,1.0,30.45,,,0,trial
2026-07-04T20:19:03,forecast_hot_humid_bursty_r1,forecast,hot_humid,bursty,1,40.347,40.047,39.847,37.347,25.0,45.0,60.0,,50.0,1.0,30.45,,,0,trial
2026-07-04T20:19:03,forecast_hot_humid_bursty_r1,forecast,hot_humid,bursty,1,40.347,40.047,39.847,37.347,25.0,45.0,60.0,,50.0,1.0,30.45,,,0,trial
2026-07-04T20:19:03,forecast_hot_humid_bursty_r1,forecast,hot_humid,bursty,1,40.347,40.047,39.847,37.347,25.0,45.0,60.0,,50.0,1.0,30.45,,,0,trial
2026-07-04T20:19:03,forecast_hot_humid_bursty_r1,forecast,hot_humid,bursty,1,40.347,40.047,39.847,37.347,25.0,45.0,60.0,,50.0,1.0,30.44,,,0,trial
2026-07-04T20:19:03,forecast_hot_humid_bursty_r1,forecast,hot_humid,bursty,1,40.347,40.047,39.847,37.347,25.0,45.0,60.0,,50.0,1.0,30.44,,,0,trial
2026-07-04T20:19:03,forecast_hot_humid_bursty_r1,forecast,hot_humid,bursty,1,40.347,40.047,39.847,37.347,25.0,45.0,60.0,,50.0,1.0,30.44,,,0,trial
2026-07-04T20:19:03,forecast_hot_humid_bursty_r1,forecast,hot_humid,bursty,1,40.346,40.046,39.846,37.346,25.0,45.0,60.0,,50.0,1.0,30.44,,,0,trial
2026-07-04T20:19:03,forecast_hot_humid_bursty_r1,forecast,hot_humid,bursty,1,40.346,40.046,39.846,37.346,25.0,45.0,60.0,,50.0,1.0,30.43,,,0,trial
2026-07-04T20:19:03,forecast_hot_humid_bursty_r1,forecast,hot_humid,bursty,1,40.346,40.046,39.846,37.346,25.0,45.0,60.0,,50.0,1.0,30.43,,,0,trial
2026-07-04T20:19:03,forecast_hot_humid_bursty_r1,forecast,hot_humid,bursty,1,40.346,40.046,39.846,37.346,25.0,45.0,60.0,,50.0,1.0,30.43,,,0,trial
2026-07-04T20:19:03,forecast_hot_humid_bursty_r1,forecast,hot_humid,bursty,1,40.346,40.046,39.846,37.346,25.0,45.0,60.0,,50.0,1.0,30.43,,,0,trial
2026-07-04T20:19:03,forecast_hot_humid_bursty_r1,forecast,hot_humid,bursty,1,40.345,40.045,39.845,37.345,25.0,45.0,60.0,,50.0,1.0,30.42,,,0,trial
2026-07-04T20:19:03,forecast_hot_humid_bursty_r1,forecast,hot_humid,bursty,1,40.345,40.045,39.845,37.345,25.0,45.0,60.0,,50.0,1.0,30.42,,,0,trial
2026-07-04T20:19:03,forecast_hot_humid_bursty_r1,forecast,hot_humid,bursty,1,40.345,40.045,39.845,37.345,25.0,45.0,60.0,,50.0,1.0,30.42,,,0,trial
2026-07-04T20:19:03,forecast_hot_humid_bursty_r1,forecast,hot_humid,bursty,1,40.345,40.045,39.845,37.345,25.0,45.0,60.0,,50.0,1.0,30.42,,,0,trial
2026-07-04T20:19:03,forecast_hot_humid_bursty_r1,forecast,hot_humid,bursty,1,40.345,40.045,39.845,37.345,25.0,45.0,60.0,,50.0,1.0,30.41,,,0,trial
2026-07-04T20:19:03,forecast_hot_humid_bursty_r1,forecast,hot_humid,bursty,1,40.345,40.045,39.845,37.345,25.0,45.0,60.0,,50.0,1.0,30.41,,,0,trial
2026-07-04T20:19:03,forecast_hot_humid_bursty_r1,forecast,hot_humid,bursty,1,40.332,40.032,39.832,37.332,25.0,45.0,0.0,,100.0,2.0,,,,0,cooldown
2026-07-04T20:19:03,forecast_hot_humid_bursty_r1,forecast,hot_humid,bursty,1,40.32,40.02,39.82,37.32,25.0,45.0,0.0,,100.0,2.0,,,,0,cooldown
2026-07-04T20:19:03,forecast_hot_humid_bursty_r1,forecast,hot_humid,bursty,1,40.308,40.008,39.808,37.308,25.0,45.0,0.0,,100.0,2.0,,,,0,cooldown
2026-07-04T20:19:03,forecast_hot_humid_bursty_r1,forecast,hot_humid,bursty,1,40.296,39.996,39.796,37.296,25.0,45.0,0.0,,100.0,2.0,,,,0,cooldown
2026-07-04T20:19:03,forecast_hot_humid_bursty_r1,forecast,hot_humid,bursty,1,40.284,39.984,39.784,37.284,25.0,45.0,0.0,,100.0,2.0,,,,0,cooldown
2026-07-04T20:19:03,forecast_hot_humid_bursty_r1,forecast,hot_humid,bursty,1,40.272,39.972,39.772,37.272,25.0,45.0,0.0,,100.0,2.0,,,,0,cooldown
2026-07-04T20:19:03,forecast_hot_humid_bursty_r1,forecast,hot_humid,bursty,1,40.26,39.96,39.76,37.26,25.0,45.0,0.0,,100.0,2.0,,,,0,cooldown
2026-07-04T20:19:03,forecast_hot_humid_bursty_r1,forecast,hot_humid,bursty,1,40.248,39.948,39.748,37.248,25.0,45.0,0.0,,100.0,2.0,,,,0,cooldown
2026-07-04T20:19:03,forecast_hot_humid_bursty_r1,forecast,hot_humid,bursty,1,40.236,39.936,39.736,37.236,25.0,45.0,0.0,,100.0,2.0,,,,0,cooldown
2026-07-04T20:19:03,forecast_hot_humid_bursty_r1,forecast,hot_humid,bursty,1,40.224,39.924,39.724,37.224,25.0,45.0,0.0,,100.0,2.0,,,,0,cooldown
2026-07-04T20:19:03,forecast_hot_humid_bursty_r1,forecast,hot_humid,bursty,1,40.212,39.912,39.712,37.212,25.0,45.0,0.0,,100.0,2.0,,,,0,cooldown
2026-07-04T20:19:03,forecast_hot_humid_bursty_r1,forecast,hot_humid,bursty,1,40.2,39.9,39.7,37.2,25.0,45.0,0.0,,100.0,2.0,,,,0,cooldown
2026-07-04T20:19:03,forecast_hot_humid_bursty_r1,forecast,hot_humid,bursty,1,40.188,39.888,39.688,37.188,25.0,45.0,0.0,,100.0,2.0,,,,0,cooldown
2026-07-04T20:19:03,forecast_hot_humid_bursty_r1,forecast,hot_humid,bursty,1,40.176,39.876,39.676,37.176,25.0,45.0,0.0,,100.0,2.0,,,,0,cooldown
2026-07-04T20:19:03,forecast_hot_humid_bursty_r1,forecast,hot_humid,bursty,1,40.164,39.864,39.664,37.164,25.0,45.0,0.0,,100.0,2.0,,,,0,cooldown
2026-07-04T20:19:03,forecast_hot_humid_bursty_r1,forecast,hot_humid,bursty,1,40.152,39.852,39.652,37.152,25.0,45.0,0.0,,100.0,2.0,,,,0,cooldown
2026-07-04T20:19:03,forecast_hot_humid_bursty_r1,forecast,hot_humid,bursty,1,40.14,39.84,39.64,37.14,25.0,45.0,0.0,,100.0,2.0,,,,0,cooldown
2026-07-04T20:19:03,forecast_hot_humid_bursty_r1,forecast,hot_humid,bursty,1,40.128,39.828,39.628,37.128,25.0,45.0,0.0,,100.0,2.0,,,,0,cooldown
2026-07-04T20:19:03,forecast_hot_humid_bursty_r1,forecast,hot_humid,bursty,1,40.116,39.816,39.616,37.116,25.0,45.0,0.0,,100.0,2.0,,,,0,cooldown
2026-07-04T20:19:03,forecast_hot_humid_bursty_r1,forecast,hot_humid,bursty,1,40.104,39.804,39.604,37.104,25.0,45.0,0.0,,100.0,2.0,,,,0,cooldown
2026-07-04T20:19:03,forecast_hot_humid_bursty_r1,forecast,hot_humid,bursty,1,40.092,39.792,39.592,37.092,25.0,45.0,0.0,,100.0,2.0,,,,0,cooldown
2026-07-04T20:19:03,forecast_hot_humid_bursty_r1,forecast,hot_humid,bursty,1,40.08,39.78,39.58,37.08,25.0,45.0,0.0,,100.0,2.0,,,,0,cooldown
2026-07-04T20:19:03,forecast_hot_humid_bursty_r1,forecast,hot_humid,bursty,1,40.068,39.768,39.568,37.068,25.0,45.0,0.0,,100.0,2.0,,,,0,cooldown
2026-07-04T20:19:03,forecast_hot_humid_bursty_r1,forecast,hot_humid,bursty,1,40.056,39.756,39.556,37.056,25.0,45.0,0.0,,100.0,2.0,,,,0,cooldown
2026-07-04T20:19:03,forecast_hot_humid_bursty_r1,forecast,hot_humid,bursty,1,40.045,39.745,39.545,37.045,25.0,45.0,0.0,,100.0,2.0,,,,0,cooldown
2026-07-04T20:19:03,forecast_hot_humid_bursty_r1,forecast,hot_humid,bursty,1,40.033,39.733,39.533,37.033,25.0,45.0,0.0,,100.0,2.0,,,,0,cooldown
2026-07-04T20:19:03,forecast_hot_humid_bursty_r1,forecast,hot_humid,bursty,1,40.021,39.721,39.521,37.021,25.0,45.0,0.0,,100.0,2.0,,,,0,cooldown
2026-07-04T20:19:03,forecast_hot_humid_bursty_r1,forecast,hot_humid,bursty,1,40.009,39.709,39.509,37.009,25.0,45.0,0.0,,100.0,2.0,,,,0,cooldown
2026-07-04T20:19:03,forecast_hot_humid_bursty_r1,forecast,hot_humid,bursty,1,39.997,39.697,39.497,36.997,25.0,45.0,0.0,,100.0,2.0,,,,0,cooldown
2026-07-04T20:19:03,forecast_hot_humid_bursty_r1,forecast,hot_humid,bursty,1,39.985,39.685,39.485,36.985,25.0,45.0,0.0,,100.0,2.0,,,,0,cooldown
2026-07-04T20:19:03,forecast_hot_humid_bursty_r1,forecast,hot_humid,bursty,1,39.973,39.673,39.473,36.973,25.0,45.0,0.0,,100.0,2.0,,,,0,cooldown
2026-07-04T20:19:03,forecast_hot_humid_bursty_r1,forecast,hot_humid,bursty,1,39.962,39.662,39.462,36.962,25.0,45.0,0.0,,100.0,2.0,,,,0,cooldown
2026-07-04T20:19:03,forecast_hot_humid_bursty_r1,forecast,hot_humid,bursty,1,39.95,39.65,39.45,36.95,25.0,45.0,0.0,,100.0,2.0,,,,0,cooldown
2026-07-04T20:19:03,forecast_hot_humid_bursty_r1,forecast,hot_humid,bursty,1,39.938,39.638,39.438,36.938,25.0,45.0,0.0,,100.0,2.0,,,,0,cooldown
2026-07-04T20:19:03,forecast_hot_humid_bursty_r1,forecast,hot_humid,bursty,1,39.926,39.626,39.426,36.926,25.0,45.0,0.0,,100.0,2.0,,,,0,cooldown
2026-07-04T20:19:03,forecast_hot_humid_bursty_r1,forecast,hot_humid,bursty,1,39.914,39.614,39.414,36.914,25.0,45.0,0.0,,100.0,2.0,,,,0,cooldown
2026-07-04T20:19:03,forecast_hot_humid_bursty_r1,forecast,hot_humid,bursty,1,39.903,39.603,39.403,36.903,25.0,45.0,0.0,,100.0,2.0,,,,0,cooldown
2026-07-04T20:19:03,forecast_hot_humid_bursty_r1,forecast,hot_humid,bursty,1,39.891,39.591,39.391,36.891,25.0,45.0,0.0,,100.0,2.0,,,,0,cooldown
2026-07-04T20:19:03,forecast_hot_humid_bursty_r1,forecast,hot_humid,bursty,1,39.879,39.579,39.379,36.879,25.0,45.0,0.0,,100.0,2.0,,,,0,cooldown
2026-07-04T20:19:03,forecast_hot_humid_bursty_r1,forecast,hot_humid,bursty,1,39.867,39.567,39.367,36.867,25.0,45.0,0.0,,100.0,2.0,,,,0,cooldown
2026-07-04T20:19:03,forecast_hot_humid_bursty_r1,forecast,hot_humid,bursty,1,39.856,39.556,39.356,36.856,25.0,45.0,0.0,,100.0,2.0,,,,0,cooldown
2026-07-04T20:19:03,forecast_hot_humid_bursty_r1,forecast,hot_humid,bursty,1,39.844,39.544,39.344,36.844,25.0,45.0,0.0,,100.0,2.0,,,,0,cooldown
2026-07-04T20:19:03,forecast_hot_humid_bursty_r1,forecast,hot_humid,bursty,1,39.832,39.532,39.332,36.832,25.0,45.0,0.0,,100.0,2.0,,,,0,cooldown
2026-07-04T20:19:03,forecast_hot_humid_bursty_r1,forecast,hot_humid,bursty,1,39.82,39.52,39.32,36.82,25.0,45.0,0.0,,100.0,2.0,,,,0,cooldown
2026-07-04T20:19:03,forecast_hot_humid_bursty_r1,forecast,hot_humid,bursty,1,39.809,39.509,39.309,36.809,25.0,45.0,0.0,,100.0,2.0,,,,0,cooldown
2026-07-04T20:19:03,forecast_hot_humid_bursty_r1,forecast,hot_humid,bursty,1,39.797,39.497,39.297,36.797,25.0,45.0,0.0,,100.0,2.0,,,,0,cooldown
2026-07-04T20:19:03,forecast_hot_humid_bursty_r1,forecast,hot_humid,bursty,1,39.785,39.485,39.285,36.785,25.0,45.0,0.0,,100.0,2.0,,,,0,cooldown
2026-07-04T20:19:03,forecast_hot_humid_bursty_r1,forecast,hot_humid,bursty,1,39.774,39.474,39.274,36.774,25.0,45.0,0.0,,100.0,2.0,,,,0,cooldown
2026-07-04T20:19:03,forecast_hot_humid_bursty_r1,forecast,hot_humid,bursty,1,39.762,39.462,39.262,36.762,25.0,45.0,0.0,,100.0,2.0,,,,0,cooldown
2026-07-04T20:19:03,forecast_hot_humid_bursty_r1,forecast,hot_humid,bursty,1,39.75,39.45,39.25,36.75,25.0,45.0,0.0,,100.0,2.0,,,,0,cooldown
2026-07-04T20:19:03,forecast_hot_humid_bursty_r1,forecast,hot_humid,bursty,1,39.739,39.439,39.239,36.739,25.0,45.0,0.0,,100.0,2.0,,,,0,cooldown
2026-07-04T20:19:03,forecast_hot_humid_bursty_r1,forecast,hot_humid,bursty,1,39.727,39.427,39.227,36.727,25.0,45.0,0.0,,100.0,2.0,,,,0,cooldown
2026-07-04T20:19:03,forecast_hot_humid_bursty_r1,forecast,hot_humid,bursty,1,39.715,39.415,39.215,36.715,25.0,45.0,0.0,,100.0,2.0,,,,0,cooldown
2026-07-04T20:19:03,forecast_hot_humid_bursty_r1,forecast,hot_humid,bursty,1,39.704,39.404,39.204,36.704,25.0,45.0,0.0,,100.0,2.0,,,,0,cooldown
2026-07-04T20:19:03,forecast_hot_humid_bursty_r1,forecast,hot_humid,bursty,1,39.692,39.392,39.192,36.692,25.0,45.0,0.0,,100.0,2.0,,,,0,cooldown
2026-07-04T20:19:03,forecast_hot_humid_bursty_r1,forecast,hot_humid,bursty,1,39.681,39.381,39.181,36.681,25.0,45.0,0.0,,100.0,2.0,,,,0,cooldown
2026-07-04T20:19:03,forecast_hot_humid_bursty_r1,forecast,hot_humid,bursty,1,39.669,39.369,39.169,36.669,25.0,45.0,0.0,,100.0,2.0,,,,0,cooldown
2026-07-04T20:19:03,forecast_hot_humid_bursty_r1,forecast,hot_humid,bursty,1,39.657,39.357,39.157,36.657,25.0,45.0,0.0,,100.0,2.0,,,,0,cooldown
2026-07-04T20:19:03,forecast_hot_humid_bursty_r1,forecast,hot_humid,bursty,1,39.646,39.346,39.146,36.646,25.0,45.0,0.0,,100.0,2.0,,,,0,cooldown
2026-07-04T20:19:03,forecast_hot_humid_bursty_r1,forecast,hot_humid,bursty,1,39.634,39.334,39.134,36.634,25.0,45.0,0.0,,100.0,2.0,,,,0,cooldown
2026-07-04T20:19:03,forecast_hot_humid_bursty_r1,forecast,hot_humid,bursty,1,39.623,39.323,39.123,36.623,25.0,45.0,0.0,,100.0,2.0,,,,0,cooldown
2026-07-04T20:19:03,forecast_hot_humid_bursty_r1,forecast,hot_humid,bursty,1,39.611,39.311,39.111,36.611,25.0,45.0,0.0,,100.0,2.0,,,,0,cooldown
2026-07-04T20:19:03,forecast_hot_humid_bursty_r1,forecast,hot_humid,bursty,1,39.6,39.3,39.1,36.6,25.0,45.0,0.0,,100.0,2.0,,,,0,cooldown
2026-07-04T20:19:03,forecast_hot_humid_bursty_r1,forecast,hot_humid,bursty,1,39.588,39.288,39.088,36.588,25.0,45.0,0.0,,100.0,2.0,,,,0,cooldown
2026-07-04T20:19:03,forecast_hot_humid_bursty_r1,forecast,hot_humid,bursty,1,39.577,39.277,39.077,36.577,25.0,45.0,0.0,,100.0,2.0,,,,0,cooldown
2026-07-04T20:19:03,forecast_hot_humid_bursty_r1,forecast,hot_humid,bursty,1,39.565,39.265,39.065,36.565,25.0,45.0,0.0,,100.0,2.0,,,,0,cooldown
2026-07-04T20:19:03,forecast_hot_humid_bursty_r1,forecast,hot_humid,bursty,1,39.554,39.254,39.054,36.554,25.0,45.0,0.0,,100.0,2.0,,,,0,cooldown
2026-07-04T20:19:03,forecast_hot_humid_bursty_r1,forecast,hot_humid,bursty,1,39.542,39.242,39.042,36.542,25.0,45.0,0.0,,100.0,2.0,,,,0,cooldown
2026-07-04T20:19:03,forecast_hot_humid_bursty_r1,forecast,hot_humid,bursty,1,39.531,39.231,39.031,36.531,25.0,45.0,0.0,,100.0,2.0,,,,0,cooldown
2026-07-04T20:19:03,forecast_hot_humid_bursty_r1,forecast,hot_humid,bursty,1,39.519,39.219,39.019,36.519,25.0,45.0,0.0,,100.0,2.0,,,,0,cooldown
2026-07-04T20:19:03,forecast_hot_humid_bursty_r1,forecast,hot_humid,bursty,1,39.508,39.208,39.008,36.508,25.0,45.0,0.0,,100.0,2.0,,,,0,cooldown
2026-07-04T20:19:03,forecast_hot_humid_bursty_r1,forecast,hot_humid,bursty,1,39.496,39.196,38.996,36.496,25.0,45.0,0.0,,100.0,2.0,,,,0,cooldown
2026-07-04T20:19:03,forecast_hot_humid_bursty_r1,forecast,hot_humid,bursty,1,39.485,39.185,38.985,36.485,25.0,45.0,0.0,,100.0,2.0,,,,0,cooldown
2026-07-04T20:19:03,forecast_hot_humid_bursty_r1,forecast,hot_humid,bursty,1,39.473,39.173,38.973,36.473,25.0,45.0,0.0,,100.0,2.0,,,,0,cooldown
2026-07-04T20:19:03,forecast_hot_humid_bursty_r1,forecast,hot_humid,bursty,1,39.462,39.162,38.962,36.462,25.0,45.0,0.0,,100.0,2.0,,,,0,cooldown
2026-07-04T20:19:03,forecast_hot_humid_bursty_r1,forecast,hot_humid,bursty,1,39.451,39.151,38.951,36.451,25.0,45.0,0.0,,100.0,2.0,,,,0,cooldown
2026-07-04T20:19:03,forecast_hot_humid_bursty_r1,forecast,hot_humid,bursty,1,39.439,39.139,38.939,36.439,25.0,45.0,0.0,,100.0,2.0,,,,0,cooldown
2026-07-04T20:19:03,forecast_hot_humid_bursty_r1,forecast,hot_humid,bursty,1,39.428,39.128,38.928,36.428,25.0,45.0,0.0,,100.0,2.0,,,,0,cooldown
2026-07-04T20:19:03,forecast_hot_humid_bursty_r1,forecast,hot_humid,bursty,1,39.416,39.116,38.916,36.416,25.0,45.0,0.0,,100.0,2.0,,,,0,cooldown
2026-07-04T20:19:03,forecast_hot_humid_bursty_r1,forecast,hot_humid,bursty,1,39.405,39.105,38.905,36.405,25.0,45.0,0.0,,100.0,2.0,,,,0,cooldown
2026-07-04T20:19:03,forecast_hot_humid_bursty_r1,forecast,hot_humid,bursty,1,39.394,39.094,38.894,36.394,25.0,45.0,0.0,,100.0,2.0,,,,0,cooldown
2026-07-04T20:19:03,forecast_hot_humid_bursty_r1,forecast,hot_humid,bursty,1,39.382,39.082,38.882,36.382,25.0,45.0,0.0,,100.0,2.0,,,,0,cooldown
2026-07-04T20:19:03,forecast_hot_humid_bursty_r1,forecast,hot_humid,bursty,1,39.371,39.071,38.871,36.371,25.0,45.0,0.0,,100.0,2.0,,,,0,cooldown
2026-07-04T20:19:03,forecast_hot_humid_bursty_r1,forecast,hot_humid,bursty,1,39.36,39.06,38.86,36.36,25.0,45.0,0.0,,100.0,2.0,,,,0,cooldown
2026-07-04T20:19:03,forecast_hot_humid_bursty_r1,forecast,hot_humid,bursty,1,39.348,39.048,38.848,36.348,25.0,45.0,0.0,,100.0,2.0,,,,0,cooldown
2026-07-04T20:19:03,forecast_hot_humid_bursty_r1,forecast,hot_humid,bursty,1,39.337,39.037,38.837,36.337,25.0,45.0,0.0,,100.0,2.0,,,,0,cooldown
2026-07-04T20:19:03,forecast_hot_humid_bursty_r1,forecast,hot_humid,bursty,1,39.326,39.026,38.826,36.326,25.0,45.0,0.0,,100.0,2.0,,,,0,cooldown
2026-07-04T20:19:03,forecast_hot_humid_bursty_r1,forecast,hot_humid,bursty,1,39.314,39.014,38.814,36.314,25.0,45.0,0.0,,100.0,2.0,,,,0,cooldown
2026-07-04T20:19:03,forecast_hot_humid_bursty_r1,forecast,hot_humid,bursty,1,39.303,39.003,38.803,36.303,25.0,45.0,0.0,,100.0,2.0,,,,0,cooldown
2026-07-04T20:19:03,forecast_hot_humid_bursty_r1,forecast,hot_humid,bursty,1,39.292,38.992,38.792,36.292,25.0,45.0,0.0,,100.0,2.0,,,,0,cooldown
2026-07-04T20:19:03,forecast_hot_humid_bursty_r1,forecast,hot_humid,bursty,1,39.28,38.98,38.78,36.28,25.0,45.0,0.0,,100.0,2.0,,,,0,cooldown
2026-07-04T20:19:03,forecast_hot_humid_bursty_r1,forecast,hot_humid,bursty,1,39.269,38.969,38.769,36.269,25.0,45.0,0.0,,100.0,2.0,,,,0,cooldown
2026-07-04T20:19:03,forecast_hot_humid_bursty_r1,forecast,hot_humid,bursty,1,39.258,38.958,38.758,36.258,25.0,45.0,0.0,,100.0,2.0,,,,0,cooldown
2026-07-04T20:19:03,forecast_hot_humid_bursty_r1,forecast,hot_humid,bursty,1,39.247,38.947,38.747,36.247,25.0,45.0,0.0,,100.0,2.0,,,,0,cooldown
2026-07-04T20:19:03,forecast_hot_humid_bursty_r1,forecast,hot_humid,bursty,1,39.235,38.935,38.735,36.235,25.0,45.0,0.0,,100.0,2.0,,,,0,cooldown
2026-07-04T20:19:03,forecast_hot_humid_bursty_r1,forecast,hot_humid,bursty,1,39.224,38.924,38.724,36.224,25.0,45.0,0.0,,100.0,2.0,,,,0,cooldown
2026-07-04T20:19:03,forecast_hot_humid_bursty_r1,forecast,hot_humid,bursty,1,39.213,38.913,38.713,36.213,25.0,45.0,0.0,,100.0,2.0,,,,0,cooldown
2026-07-04T20:19:03,forecast_hot_humid_bursty_r1,forecast,hot_humid,bursty,1,39.202,38.902,38.702,36.202,25.0,45.0,0.0,,100.0,2.0,,,,0,cooldown
2026-07-04T20:19:03,forecast_hot_humid_bursty_r1,forecast,hot_humid,bursty,1,39.19,38.89,38.69,36.19,25.0,45.0,0.0,,100.0,2.0,,,,0,cooldown
2026-07-04T20:19:03,forecast_hot_humid_bursty_r1,forecast,hot_humid,bursty,1,39.179,38.879,38.679,36.179,25.0,45.0,0.0,,100.0,2.0,,,,0,cooldown
2026-07-04T20:19:03,forecast_hot_humid_bursty_r1,forecast,hot_humid,bursty,1,39.168,38.868,38.668,36.168,25.0,45.0,0.0,,100.0,2.0,,,,0,cooldown
2026-07-04T20:19:03,forecast_hot_humid_bursty_r1,forecast,hot_humid,bursty,1,39.157,38.857,38.657,36.157,25.0,45.0,0.0,,100.0,2.0,,,,0,cooldown
2026-07-04T20:19:03,forecast_hot_humid_bursty_r1,forecast,hot_humid,bursty,1,39.146,38.846,38.646,36.146,25.0,45.0,0.0,,100.0,2.0,,,,0,cooldown
2026-07-04T20:19:03,forecast_hot_humid_bursty_r1,forecast,hot_humid,bursty,1,39.135,38.835,38.635,36.135,25.0,45.0,0.0,,100.0,2.0,,,,0,cooldown
2026-07-04T20:19:03,forecast_hot_humid_bursty_r1,forecast,hot_humid,bursty,1,39.123,38.823,38.623,36.123,25.0,45.0,0.0,,100.0,2.0,,,,0,cooldown
2026-07-04T20:19:03,forecast_hot_humid_bursty_r1,forecast,hot_humid,bursty,1,39.112,38.812,38.612,36.112,25.0,45.0,0.0,,100.0,2.0,,,,0,cooldown
2026-07-04T20:19:03,forecast_hot_humid_bursty_r1,forecast,hot_humid,bursty,1,39.101,38.801,38.601,36.101,25.0,45.0,0.0,,100.0,2.0,,,,0,cooldown
2026-07-04T20:19:03,forecast_hot_humid_bursty_r1,forecast,hot_humid,bursty,1,39.09,38.79,38.59,36.09,25.0,45.0,0.0,,100.0,2.0,,,,0,cooldown
2026-07-04T20:19:03,forecast_hot_humid_bursty_r1,forecast,hot_humid,bursty,1,39.079,38.779,38.579,36.079,25.0,45.0,0.0,,100.0,2.0,,,,0,cooldown
2026-07-04T20:19:03,forecast_hot_humid_bursty_r1,forecast,hot_humid,bursty,1,39.068,38.768,38.568,36.068,25.0,45.0,0.0,,100.0,2.0,,,,0,cooldown
2026-07-04T20:19:03,forecast_hot_humid_bursty_r1,forecast,hot_humid,bursty,1,39.057,38.757,38.557,36.057,25.0,45.0,0.0,,100.0,2.0,,,,0,cooldown
2026-07-04T20:19:03,forecast_hot_humid_bursty_r1,forecast,hot_humid,bursty,1,39.046,38.746,38.546,36.046,25.0,45.0,0.0,,100.0,2.0,,,,0,cooldown
2026-07-04T20:19:03,forecast_hot_humid_bursty_r1,forecast,hot_humid,bursty,1,39.034,38.734,38.534,36.034,25.0,45.0,0.0,,100.0,2.0,,,,0,cooldown
2026-07-04T20:19:03,forecast_hot_humid_bursty_r1,forecast,hot_humid,bursty,1,39.023,38.723,38.523,36.023,25.0,45.0,0.0,,100.0,2.0,,,,0,cooldown
2026-07-04T20:19:03,forecast_hot_humid_bursty_r1,forecast,hot_humid,bursty,1,39.012,38.712,38.512,36.012,25.0,45.0,0.0,,100.0,2.0,,,,0,cooldown
2026-07-04T20:19:03,forecast_hot_humid_bursty_r1,forecast,hot_humid,bursty,1,39.001,38.701,38.501,36.001,25.0,45.0,0.0,,100.0,2.0,,,,0,cooldown
2026-07-04T20:19:03,forecast_hot_humid_bursty_r1,forecast,hot_humid,bursty,1,38.99,38.69,38.49,35.99,25.0,45.0,0.0,,100.0,2.0,,,,0,cooldown
2026-07-04T20:19:03,forecast_hot_humid_bursty_r1,forecast,hot_humid,bursty,1,38.979,38.679,38.479,35.979,25.0,45.0,0.0,,100.0,2.0,,,,0,cooldown
2026-07-04T20:19:03,forecast_hot_humid_bursty_r1,forecast,hot_humid,bursty,1,38.968,38.668,38.468,35.968,25.0,45.0,0.0,,100.0,2.0,,,,0,cooldown
2026-07-04T20:19:03,forecast_hot_humid_bursty_r1,forecast,hot_humid,bursty,1,38.957,38.657,38.457,35.957,25.0,45.0,0.0,,100.0,2.0,,,,0,cooldown
2026-07-04T20:19:03,forecast_hot_humid_bursty_r1,forecast,hot_humid,bursty,1,38.946,38.646,38.446,35.946,25.0,45.0,0.0,,100.0,2.0,,,,0,cooldown
2026-07-04T20:19:03,forecast_hot_humid_bursty_r1,forecast,hot_humid,bursty,1,38.935,38.635,38.435,35.935,25.0,45.0,0.0,,100.0,2.0,,,,0,cooldown
2026-07-04T20:19:03,forecast_hot_humid_bursty_r1,forecast,hot_humid,bursty,1,38.924,38.624,38.424,35.924,25.0,45.0,0.0,,100.0,2.0,,,,0,cooldown
2026-07-04T20:19:03,forecast_hot_humid_bursty_r1,forecast,hot_humid,bursty,1,38.913,38.613,38.413,35.913,25.0,45.0,0.0,,100.0,2.0,,,,0,cooldown
2026-07-04T20:19:03,forecast_hot_humid_bursty_r1,forecast,hot_humid,bursty,1,38.902,38.602,38.402,35.902,25.0,45.0,0.0,,100.0,2.0,,,,0,cooldown
2026-07-04T20:19:03,forecast_hot_humid_bursty_r1,forecast,hot_humid,bursty,1,38.891,38.591,38.391,35.891,25.0,45.0,0.0,,100.0,2.0,,,,0,cooldown
2026-07-04T20:19:03,forecast_hot_humid_bursty_r1,forecast,hot_humid,bursty,1,38.88,38.58,38.38,35.88,25.0,45.0,0.0,,100.0,2.0,,,,0,cooldown
2026-07-04T20:19:03,forecast_hot_humid_bursty_r1,forecast,hot_humid,bursty,1,38.869,38.569,38.369,35.869,25.0,45.0,0.0,,100.0,2.0,,,,0,cooldown
2026-07-04T20:19:03,forecast_hot_humid_bursty_r1,forecast,hot_humid,bursty,1,38.858,38.558,38.358,35.858,25.0,45.0,0.0,,100.0,2.0,,,,0,cooldown
2026-07-04T20:19:03,forecast_hot_humid_bursty_r1,forecast,hot_humid,bursty,1,38.847,38.547,38.347,35.847,25.0,45.0,0.0,,100.0,2.0,,,,0,cooldown
2026-07-04T20:19:03,forecast_hot_humid_bursty_r1,forecast,hot_humid,bursty,1,38.836,38.536,38.336,35.836,25.0,45.0,0.0,,100.0,2.0,,,,0,cooldown
2026-07-04T20:19:03,forecast_hot_humid_bursty_r1,forecast,hot_humid,bursty,1,38.825,38.525,38.325,35.825,25.0,45.0,0.0,,100.0,2.0,,,,0,cooldown
2026-07-04T20:19:03,forecast_hot_humid_bursty_r1,forecast,hot_humid,bursty,1,38.814,38.514,38.314,35.814,25.0,45.0,0.0,,100.0,2.0,,,,0,cooldown
2026-07-04T20:19:03,forecast_hot_humid_bursty_r1,forecast,hot_humid,bursty,1,38.804,38.504,38.304,35.804,25.0,45.0,0.0,,100.0,2.0,,,,0,cooldown
2026-07-04T20:19:03,forecast_hot_humid_bursty_r1,forecast,hot_humid,bursty,1,38.793,38.493,38.293,35.793,25.0,45.0,0.0,,100.0,2.0,,,,0,cooldown
2026-07-04T20:19:03,forecast_hot_humid_bursty_r1,forecast,hot_humid,bursty,1,38.782,38.482,38.282,35.782,25.0,45.0,0.0,,100.0,2.0,,,,0,cooldown
2026-07-04T20:19:03,forecast_hot_humid_bursty_r1,forecast,hot_humid,bursty,1,38.771,38.471,38.271,35.771,25.0,45.0,0.0,,100.0,2.0,,,,0,cooldown
2026-07-04T20:19:03,forecast_hot_humid_bursty_r1,forecast,hot_humid,bursty,1,38.76,38.46,38.26,35.76,25.0,45.0,0.0,,100.0,2.0,,,,0,cooldown
2026-07-04T20:19:03,forecast_hot_humid_bursty_r1,forecast,hot_humid,bursty,1,38.749,38.449,38.249,35.749,25.0,45.0,0.0,,100.0,2.0,,,,0,cooldown
2026-07-04T20:19:03,forecast_hot_humid_bursty_r1,forecast,hot_humid,bursty,1,38.738,38.438,38.238,35.738,25.0,45.0,0.0,,100.0,2.0,,,,0,cooldown
2026-07-04T20:19:03,forecast_hot_humid_bursty_r1,forecast,hot_humid,bursty,1,38.727,38.427,38.227,35.727,25.0,45.0,0.0,,100.0,2.0,,,,0,cooldown
2026-07-04T20:19:03,forecast_hot_humid_bursty_r1,forecast,hot_humid,bursty,1,38.717,38.417,38.217,35.717,25.0,45.0,0.0,,100.0,2.0,,,,0,cooldown
2026-07-04T20:19:03,forecast_hot_humid_bursty_r1,forecast,hot_humid,bursty,1,38.706,38.406,38.206,35.706,25.0,45.0,0.0,,100.0,2.0,,,,0,cooldown
2026-07-04T20:19:03,forecast_hot_humid_bursty_r1,forecast,hot_humid,bursty,1,38.695,38.395,38.195,35.695,25.0,45.0,0.0,,100.0,2.0,,,,0,cooldown
2026-07-04T20:19:03,forecast_hot_humid_bursty_r1,forecast,hot_humid,bursty,1,38.684,38.384,38.184,35.684,25.0,45.0,0.0,,100.0,2.0,,,,0,cooldown
2026-07-04T20:19:03,forecast_hot_humid_bursty_r1,forecast,hot_humid,bursty,1,38.673,38.373,38.173,35.673,25.0,45.0,0.0,,100.0,2.0,,,,0,cooldown
2026-07-04T20:19:03,forecast_hot_humid_bursty_r1,forecast,hot_humid,bursty,1,38.663,38.363,38.163,35.663,25.0,45.0,0.0,,100.0,2.0,,,,0,cooldown
2026-07-04T20:19:03,forecast_hot_humid_bursty_r1,forecast,hot_humid,bursty,1,38.652,38.352,38.152,35.652,25.0,45.0,0.0,,100.0,2.0,,,,0,cooldown
2026-07-04T20:19:03,forecast_hot_humid_bursty_r1,forecast,hot_humid,bursty,1,38.641,38.341,38.141,35.641,25.0,45.0,0.0,,100.0,2.0,,,,0,cooldown
2026-07-04T20:19:03,forecast_hot_humid_bursty_r1,forecast,hot_humid,bursty,1,38.63,38.33,38.13,35.63,25.0,45.0,0.0,,100.0,2.0,,,,0,cooldown
2026-07-04T20:19:03,forecast_hot_humid_bursty_r1,forecast,hot_humid,bursty,1,38.619,38.319,38.119,35.619,25.0,45.0,0.0,,100.0,2.0,,,,0,cooldown
2026-07-04T20:19:03,forecast_hot_humid_bursty_r1,forecast,hot_humid,bursty,1,38.609,38.309,38.109,35.609,25.0,45.0,0.0,,100.0,2.0,,,,0,cooldown
2026-07-04T20:19:03,forecast_hot_humid_bursty_r1,forecast,hot_humid,bursty,1,38.598,38.298,38.098,35.598,25.0,45.0,0.0,,100.0,2.0,,,,0,cooldown
2026-07-04T20:19:03,forecast_hot_humid_bursty_r1,forecast,hot_humid,bursty,1,38.587,38.287,38.087,35.587,25.0,45.0,0.0,,100.0,2.0,,,,0,cooldown
2026-07-04T20:19:03,forecast_hot_humid_bursty_r1,forecast,hot_humid,bursty,1,38.577,38.277,38.077,35.577,25.0,45.0,0.0,,100.0,2.0,,,,0,cooldown
2026-07-04T20:19:03,forecast_hot_humid_bursty_r1,forecast,hot_humid,bursty,1,38.566,38.266,38.066,35.566,25.0,45.0,0.0,,100.0,2.0,,,,0,cooldown
2026-07-04T20:19:03,forecast_hot_humid_bursty_r1,forecast,hot_humid,bursty,1,38.555,38.255,38.055,35.555,25.0,45.0,0.0,,100.0,2.0,,,,0,cooldown
2026-07-04T20:19:03,forecast_hot_humid_bursty_r1,forecast,hot_humid,bursty,1,38.544,38.244,38.044,35.544,25.0,45.0,0.0,,100.0,2.0,,,,0,cooldown
2026-07-04T20:19:03,forecast_hot_humid_bursty_r1,forecast,hot_humid,bursty,1,38.534,38.234,38.034,35.534,25.0,45.0,0.0,,100.0,2.0,,,,0,cooldown
2026-07-04T20:19:03,forecast_hot_humid_bursty_r1,forecast,hot_humid,bursty,1,38.523,38.223,38.023,35.523,25.0,45.0,0.0,,100.0,2.0,,,,0,cooldown
2026-07-04T20:19:03,forecast_hot_humid_bursty_r1,forecast,hot_humid,bursty,1,38.512,38.212,38.012,35.512,25.0,45.0,0.0,,100.0,2.0,,,,0,cooldown
2026-07-04T20:19:03,forecast_hot_humid_bursty_r1,forecast,hot_humid,bursty,1,38.502,38.202,38.002,35.502,25.0,45.0,0.0,,100.0,2.0,,,,0,cooldown
2026-07-04T20:19:03,forecast_hot_humid_bursty_r1,forecast,hot_humid,bursty,1,38.491,38.191,37.991,35.491,25.0,45.0,0.0,,100.0,2.0,,,,0,cooldown
2026-07-04T20:19:03,forecast_hot_humid_bursty_r1,forecast,hot_humid,bursty,1,38.48,38.18,37.98,35.48,25.0,45.0,0.0,,100.0,2.0,,,,0,cooldown
2026-07-04T20:19:03,forecast_hot_humid_bursty_r1,forecast,hot_humid,bursty,1,38.47,38.17,37.97,35.47,25.0,45.0,0.0,,100.0,2.0,,,,0,cooldown
2026-07-04T20:19:03,forecast_hot_humid_bursty_r1,forecast,hot_humid,bursty,1,38.459,38.159,37.959,35.459,25.0,45.0,0.0,,100.0,2.0,,,,0,cooldown
2026-07-04T20:19:03,forecast_hot_humid_bursty_r1,forecast,hot_humid,bursty,1,38.448,38.148,37.948,35.448,25.0,45.0,0.0,,100.0,2.0,,,,0,cooldown
2026-07-04T20:19:03,forecast_hot_humid_bursty_r1,forecast,hot_humid,bursty,1,38.438,38.138,37.938,35.438,25.0,45.0,0.0,,100.0,2.0,,,,0,cooldown
2026-07-04T20:19:03,forecast_hot_humid_bursty_r1,forecast,hot_humid,bursty,1,38.427,38.127,37.927,35.427,25.0,45.0,0.0,,100.0,2.0,,,,0,cooldown
2026-07-04T20:19:03,forecast_hot_humid_bursty_r1,forecast,hot_humid,bursty,1,38.417,38.117,37.917,35.417,25.0,45.0,0.0,,100.0,2.0,,,,0,cooldown
2026-07-04T20:19:03,forecast_hot_humid_bursty_r1,forecast,hot_humid,bursty,1,38.406,38.106,37.906,35.406,25.0,45.0,0.0,,100.0,2.0,,,,0,cooldown
2026-07-04T20:19:03,forecast_hot_humid_bursty_r1,forecast,hot_humid,bursty,1,38.395,38.095,37.895,35.395,25.0,45.0,0.0,,100.0,2.0,,,,0,cooldown
2026-07-04T20:19:03,forecast_hot_humid_bursty_r1,forecast,hot_humid,bursty,1,38.385,38.085,37.885,35.385,25.0,45.0,0.0,,100.0,2.0,,,,0,cooldown
2026-07-04T20:19:03,forecast_hot_humid_bursty_r1,forecast,hot_humid,bursty,1,38.374,38.074,37.874,35.374,25.0,45.0,0.0,,100.0,2.0,,,,0,cooldown
2026-07-04T20:19:03,forecast_hot_humid_bursty_r1,forecast,hot_humid,bursty,1,38.364,38.064,37.864,35.364,25.0,45.0,0.0,,100.0,2.0,,,,0,cooldown
2026-07-04T20:19:03,forecast_hot_humid_bursty_r1,forecast,hot_humid,bursty,1,38.353,38.053,37.853,35.353,25.0,45.0,0.0,,100.0,2.0,,,,0,cooldown
2026-07-04T20:19:03,forecast_hot_humid_bursty_r1,forecast,hot_humid,bursty,1,38.343,38.043,37.843,35.343,25.0,45.0,0.0,,100.0,2.0,,,,0,cooldown
2026-07-04T20:19:03,forecast_hot_humid_bursty_r1,forecast,hot_humid,bursty,1,38.332,38.032,37.832,35.332,25.0,45.0,0.0,,100.0,2.0,,,,0,cooldown
2026-07-04T20:19:03,forecast_hot_humid_bursty_r1,forecast,hot_humid,bursty,1,38.322,38.022,37.822,35.322,25.0,45.0,0.0,,100.0,2.0,,,,0,cooldown
2026-07-04T20:19:03,forecast_hot_humid_bursty_r1,forecast,hot_humid,bursty,1,38.311,38.011,37.811,35.311,25.0,45.0,0.0,,100.0,2.0,,,,0,cooldown
2026-07-04T20:19:03,forecast_hot_humid_bursty_r1,forecast,hot_humid,bursty,1,38.301,38.001,37.801,35.301,25.0,45.0,0.0,,100.0,2.0,,,,0,cooldown
2026-07-04T20:19:03,forecast_hot_humid_bursty_r1,forecast,hot_humid,bursty,1,38.29,37.99,37.79,35.29,25.0,45.0,0.0,,100.0,2.0,,,,0,cooldown
2026-07-04T20:19:03,forecast_hot_humid_bursty_r1,forecast,hot_humid,bursty,1,38.28,37.98,37.78,35.28,25.0,45.0,0.0,,100.0,2.0,,,,0,cooldown
2026-07-04T20:19:03,forecast_hot_humid_bursty_r1,forecast,hot_humid,bursty,1,38.269,37.969,37.769,35.269,25.0,45.0,0.0,,100.0,2.0,,,,0,cooldown
2026-07-04T20:19:03,forecast_hot_humid_bursty_r1,forecast,hot_humid,bursty,1,38.259,37.959,37.759,35.259,25.0,45.0,0.0,,100.0,2.0,,,,0,cooldown
2026-07-04T20:19:03,forecast_hot_humid_bursty_r1,forecast,hot_humid,bursty,1,38.248,37.948,37.748,35.248,25.0,45.0,0.0,,100.0,2.0,,,,0,cooldown
2026-07-04T20:19:03,forecast_hot_humid_bursty_r1,forecast,hot_humid,bursty,1,38.238,37.938,37.738,35.238,25.0,45.0,0.0,,100.0,2.0,,,,0,cooldown
2026-07-04T20:19:03,forecast_hot_humid_bursty_r1,forecast,hot_humid,bursty,1,38.227,37.927,37.727,35.227,25.0,45.0,0.0,,100.0,2.0,,,,0,cooldown
2026-07-04T20:19:03,forecast_hot_humid_bursty_r1,forecast,hot_humid,bursty,1,38.217,37.917,37.717,35.217,25.0,45.0,0.0,,100.0,2.0,,,,0,cooldown
2026-07-04T20:19:03,forecast_hot_humid_bursty_r1,forecast,hot_humid,bursty,1,38.206,37.906,37.706,35.206,25.0,45.0,0.0,,100.0,2.0,,,,0,cooldown
2026-07-04T20:19:03,forecast_hot_humid_bursty_r1,forecast,hot_humid,bursty,1,38.196,37.896,37.696,35.196,25.0,45.0,0.0,,100.0,2.0,,,,0,cooldown
2026-07-04T20:19:03,forecast_hot_humid_bursty_r1,forecast,hot_humid,bursty,1,38.186,37.886,37.686,35.186,25.0,45.0,0.0,,100.0,2.0,,,,0,cooldown
2026-07-04T20:19:03,forecast_hot_humid_bursty_r1,forecast,hot_humid,bursty,1,38.175,37.875,37.675,35.175,25.0,45.0,0.0,,100.0,2.0,,,,0,cooldown
2026-07-04T20:19:03,forecast_hot_humid_bursty_r1,forecast,hot_humid,bursty,1,38.165,37.865,37.665,35.165,25.0,45.0,0.0,,100.0,2.0,,,,0,cooldown
2026-07-04T20:19:03,forecast_hot_humid_bursty_r1,forecast,hot_humid,bursty,1,38.154,37.854,37.654,35.154,25.0,45.0,0.0,,100.0,2.0,,,,0,cooldown
2026-07-04T20:19:03,forecast_hot_humid_bursty_r1,forecast,hot_humid,bursty,1,38.144,37.844,37.644,35.144,25.0,45.0,0.0,,100.0,2.0,,,,0,cooldown
2026-07-04T20:19:03,forecast_hot_humid_bursty_r1,forecast,hot_humid,bursty,1,38.134,37.834,37.634,35.134,25.0,45.0,0.0,,100.0,2.0,,,,0,cooldown
2026-07-04T20:19:03,forecast_hot_humid_bursty_r1,forecast,hot_humid,bursty,1,38.123,37.823,37.623,35.123,25.0,45.0,0.0,,100.0,2.0,,,,0,cooldown
2026-07-04T20:19:03,forecast_hot_humid_bursty_r1,forecast,hot_humid,bursty,1,38.113,37.813,37.613,35.113,25.0,45.0,0.0,,100.0,2.0,,,,0,cooldown
2026-07-04T20:19:03,forecast_hot_humid_bursty_r1,forecast,hot_humid,bursty,1,38.102,37.802,37.602,35.102,25.0,45.0,0.0,,100.0,2.0,,,,0,cooldown
2026-07-04T20:19:03,forecast_hot_humid_bursty_r1,forecast,hot_humid,bursty,1,38.092,37.792,37.592,35.092,25.0,45.0,0.0,,100.0,2.0,,,,0,cooldown
2026-07-04T20:19:03,forecast_hot_humid_bursty_r1,forecast,hot_humid,bursty,1,38.082,37.782,37.582,35.082,25.0,45.0,0.0,,100.0,2.0,,,,0,cooldown
2026-07-04T20:19:03,forecast_hot_humid_bursty_r1,forecast,hot_humid,bursty,1,38.071,37.771,37.571,35.071,25.0,45.0,0.0,,100.0,2.0,,,,0,cooldown
2026-07-04T20:19:03,forecast_hot_humid_bursty_r1,forecast,hot_humid,bursty,1,38.061,37.761,37.561,35.061,25.0,45.0,0.0,,100.0,2.0,,,,0,cooldown
2026-07-04T20:19:03,forecast_hot_humid_bursty_r1,forecast,hot_humid,bursty,1,38.051,37.751,37.551,35.051,25.0,45.0,0.0,,100.0,2.0,,,,0,cooldown
2026-07-04T20:19:03,forecast_hot_humid_bursty_r1,forecast,hot_humid,bursty,1,38.041,37.741,37.541,35.041,25.0,45.0,0.0,,100.0,2.0,,,,0,cooldown
2026-07-04T20:19:03,forecast_hot_humid_bursty_r1,forecast,hot_humid,bursty,1,38.03,37.73,37.53,35.03,25.0,45.0,0.0,,100.0,2.0,,,,0,cooldown
2026-07-04T20:19:03,forecast_hot_humid_bursty_r1,forecast,hot_humid,bursty,1,38.02,37.72,37.52,35.02,25.0,45.0,0.0,,100.0,2.0,,,,0,cooldown
2026-07-04T20:19:03,forecast_hot_humid_bursty_r1,forecast,hot_humid,bursty,1,38.01,37.71,37.51,35.01,25.0,45.0,0.0,,100.0,2.0,,,,0,cooldown
2026-07-04T20:19:03,forecast_hot_humid_bursty_r1,forecast,hot_humid,bursty,1,37.999,37.699,37.499,34.999,25.0,45.0,0.0,,100.0,2.0,,,,0,cooldown
2026-07-04T20:19:03,forecast_hot_humid_bursty_r1,forecast,hot_humid,bursty,1,37.989,37.689,37.489,34.989,25.0,45.0,0.0,,100.0,2.0,,,,0,cooldown
2026-07-04T20:19:03,forecast_hot_humid_bursty_r1,forecast,hot_humid,bursty,1,37.979,37.679,37.479,34.979,25.0,45.0,0.0,,100.0,2.0,,,,0,cooldown
2026-07-04T20:19:03,forecast_hot_humid_bursty_r1,forecast,hot_humid,bursty,1,37.969,37.669,37.469,34.969,25.0,45.0,0.0,,100.0,2.0,,,,0,cooldown
2026-07-04T20:19:03,forecast_hot_humid_bursty_r1,forecast,hot_humid,bursty,1,37.958,37.658,37.458,34.958,25.0,45.0,0.0,,100.0,2.0,,,,0,cooldown
2026-07-04T20:19:03,forecast_hot_humid_bursty_r1,forecast,hot_humid,bursty,1,37.948,37.648,37.448,34.948,25.0,45.0,0.0,,100.0,2.0,,,,0,cooldown
2026-07-04T20:19:03,forecast_hot_humid_bursty_r1,forecast,hot_humid,bursty,1,37.938,37.638,37.438,34.938,25.0,45.0,0.0,,100.0,2.0,,,,0,cooldown
2026-07-04T20:19:03,forecast_hot_humid_bursty_r1,forecast,hot_humid,bursty,1,37.928,37.628,37.428,34.928,25.0,45.0,0.0,,100.0,2.0,,,,0,cooldown
2026-07-04T20:19:03,forecast_hot_humid_bursty_r1,forecast,hot_humid,bursty,1,37.918,37.618,37.418,34.918,25.0,45.0,0.0,,100.0,2.0,,,,0,cooldown
2026-07-04T20:19:03,forecast_hot_humid_bursty_r1,forecast,hot_humid,bursty,1,37.907,37.607,37.407,34.907,25.0,45.0,0.0,,100.0,2.0,,,,0,cooldown
2026-07-04T20:19:03,forecast_hot_humid_bursty_r1,forecast,hot_humid,bursty,1,37.897,37.597,37.397,34.897,25.0,45.0,0.0,,100.0,2.0,,,,0,cooldown
2026-07-04T20:19:03,forecast_hot_humid_bursty_r1,forecast,hot_humid,bursty,1,37.887,37.587,37.387,34.887,25.0,45.0,0.0,,100.0,2.0,,,,0,cooldown
2026-07-04T20:19:03,forecast_hot_humid_bursty_r1,forecast,hot_humid,bursty,1,37.877,37.577,37.377,34.877,25.0,45.0,0.0,,100.0,2.0,,,,0,cooldown
2026-07-04T20:19:03,forecast_hot_humid_bursty_r1,forecast,hot_humid,bursty,1,37.867,37.567,37.367,34.867,25.0,45.0,0.0,,100.0,2.0,,,,0,cooldown
2026-07-04T20:19:03,forecast_hot_humid_bursty_r1,forecast,hot_humid,bursty,1,37.856,37.556,37.356,34.856,25.0,45.0,0.0,,100.0,2.0,,,,0,cooldown
2026-07-04T20:19:03,forecast_hot_humid_bursty_r1,forecast,hot_humid,bursty,1,37.846,37.546,37.346,34.846,25.0,45.0,0.0,,100.0,2.0,,,,0,cooldown
2026-07-04T20:19:03,forecast_hot_humid_bursty_r1,forecast,hot_humid,bursty,1,37.836,37.536,37.336,34.836,25.0,45.0,0.0,,100.0,2.0,,,,0,cooldown
2026-07-04T20:19:03,forecast_hot_humid_bursty_r1,forecast,hot_humid,bursty,1,37.826,37.526,37.326,34.826,25.0,45.0,0.0,,100.0,2.0,,,,0,cooldown
2026-07-04T20:19:03,forecast_hot_humid_bursty_r1,forecast,hot_humid,bursty,1,37.816,37.516,37.316,34.816,25.0,45.0,0.0,,100.0,2.0,,,,0,cooldown
2026-07-04T20:19:03,forecast_hot_humid_bursty_r1,forecast,hot_humid,bursty,1,37.806,37.506,37.306,34.806,25.0,45.0,0.0,,100.0,2.0,,,,0,cooldown
2026-07-04T20:19:03,forecast_hot_humid_bursty_r1,forecast,hot_humid,bursty,1,37.796,37.496,37.296,34.796,25.0,45.0,0.0,,100.0,2.0,,,,0,cooldown
2026-07-04T20:19:03,forecast_hot_humid_bursty_r1,forecast,hot_humid,bursty,1,37.786,37.486,37.286,34.786,25.0,45.0,0.0,,100.0,2.0,,,,0,cooldown
2026-07-04T20:19:03,forecast_hot_humid_bursty_r1,forecast,hot_humid,bursty,1,37.775,37.475,37.275,34.775,25.0,45.0,0.0,,100.0,2.0,,,,0,cooldown
2026-07-04T20:19:03,forecast_hot_humid_bursty_r1,forecast,hot_humid,bursty,1,37.765,37.465,37.265,34.765,25.0,45.0,0.0,,100.0,2.0,,,,0,cooldown
2026-07-04T20:19:03,forecast_hot_humid_bursty_r1,forecast,hot_humid,bursty,1,37.755,37.455,37.255,34.755,25.0,45.0,0.0,,100.0,2.0,,,,0,cooldown
2026-07-04T20:19:03,forecast_hot_humid_bursty_r1,forecast,hot_humid,bursty,1,37.745,37.445,37.245,34.745,25.0,45.0,0.0,,100.0,2.0,,,,0,cooldown
2026-07-04T20:19:03,forecast_hot_humid_bursty_r1,forecast,hot_humid,bursty,1,37.735,37.435,37.235,34.735,25.0,45.0,0.0,,100.0,2.0,,,,0,cooldown
2026-07-04T20:19:03,forecast_hot_humid_bursty_r1,forecast,hot_humid,bursty,1,37.725,37.425,37.225,34.725,25.0,45.0,0.0,,100.0,2.0,,,,0,cooldown
2026-07-04T20:19:03,forecast_hot_humid_bursty_r1,forecast,hot_humid,bursty,1,37.715,37.415,37.215,34.715,25.0,45.0,0.0,,100.0,2.0,,,,0,cooldown
2026-07-04T20:19:03,forecast_hot_humid_bursty_r1,forecast,hot_humid,bursty,1,37.705,37.405,37.205,34.705,25.0,45.0,0.0,,100.0,2.0,,,,0,cooldown
2026-07-04T20:19:03,forecast_hot_humid_bursty_r1,forecast,hot_humid,bursty,1,37.695,37.395,37.195,34.695,25.0,45.0,0.0,,100.0,2.0,,,,0,cooldown
2026-07-04T20:19:03,forecast_hot_humid_bursty_r1,forecast,hot_humid,bursty,1,37.685,37.385,37.185,34.685,25.0,45.0,0.0,,100.0,2.0,,,,0,cooldown
2026-07-04T20:19:03,forecast_hot_humid_bursty_r1,forecast,hot_humid,bursty,1,37.675,37.375,37.175,34.675,25.0,45.0,0.0,,100.0,2.0,,,,0,cooldown
2026-07-04T20:19:03,forecast_hot_humid_bursty_r1,forecast,hot_humid,bursty,1,37.665,37.365,37.165,34.665,25.0,45.0,0.0,,100.0,2.0,,,,0,cooldown
2026-07-04T20:19:03,forecast_hot_humid_bursty_r1,forecast,hot_humid,bursty,1,37.655,37.355,37.155,34.655,25.0,45.0,0.0,,100.0,2.0,,,,0,cooldown
2026-07-04T20:19:03,forecast_hot_humid_bursty_r1,forecast,hot_humid,bursty,1,37.645,37.345,37.145,34.645,25.0,45.0,0.0,,100.0,2.0,,,,0,cooldown
2026-07-04T20:19:03,forecast_hot_humid_bursty_r1,forecast,hot_humid,bursty,1,37.635,37.335,37.135,34.635,25.0,45.0,0.0,,100.0,2.0,,,,0,cooldown
2026-07-04T20:19:03,forecast_hot_humid_bursty_r1,forecast,hot_humid,bursty,1,37.625,37.325,37.125,34.625,25.0,45.0,0.0,,100.0,2.0,,,,0,cooldown
2026-07-04T20:19:03,forecast_hot_humid_bursty_r1,forecast,hot_humid,bursty,1,37.615,37.315,37.115,34.615,25.0,45.0,0.0,,100.0,2.0,,,,0,cooldown
2026-07-04T20:19:03,forecast_hot_humid_bursty_r1,forecast,hot_humid,bursty,1,37.605,37.305,37.105,34.605,25.0,45.0,0.0,,100.0,2.0,,,,0,cooldown
2026-07-04T20:19:03,forecast_hot_humid_bursty_r1,forecast,hot_humid,bursty,1,37.595,37.295,37.095,34.595,25.0,45.0,0.0,,100.0,2.0,,,,0,cooldown
2026-07-04T20:19:03,forecast_hot_humid_bursty_r1,forecast,hot_humid,bursty,1,37.585,37.285,37.085,34.585,25.0,45.0,0.0,,100.0,2.0,,,,0,cooldown
2026-07-04T20:19:03,forecast_hot_humid_bursty_r1,forecast,hot_humid,bursty,1,37.575,37.275,37.075,34.575,25.0,45.0,0.0,,100.0,2.0,,,,0,cooldown
2026-07-04T20:19:03,forecast_hot_humid_bursty_r1,forecast,hot_humid,bursty,1,37.565,37.265,37.065,34.565,25.0,45.0,0.0,,100.0,2.0,,,,0,cooldown
2026-07-04T20:19:03,forecast_hot_humid_bursty_r1,forecast,hot_humid,bursty,1,37.555,37.255,37.055,34.555,25.0,45.0,0.0,,100.0,2.0,,,,0,cooldown
2026-07-04T20:19:03,forecast_hot_humid_bursty_r1,forecast,hot_humid,bursty,1,37.546,37.246,37.046,34.546,25.0,45.0,0.0,,100.0,2.0,,,,0,cooldown
2026-07-04T20:19:03,forecast_hot_humid_bursty_r1,forecast,hot_humid,bursty,1,37.536,37.236,37.036,34.536,25.0,45.0,0.0,,100.0,2.0,,,,0,cooldown
2026-07-04T20:19:03,forecast_hot_humid_bursty_r1,forecast,hot_humid,bursty,1,37.526,37.226,37.026,34.526,25.0,45.0,0.0,,100.0,2.0,,,,0,cooldown
2026-07-04T20:19:03,forecast_hot_humid_bursty_r1,forecast,hot_humid,bursty,1,37.516,37.216,37.016,34.516,25.0,45.0,0.0,,100.0,2.0,,,,0,cooldown
2026-07-04T20:19:03,forecast_hot_humid_bursty_r1,forecast,hot_humid,bursty,1,37.506,37.206,37.006,34.506,25.0,45.0,0.0,,100.0,2.0,,,,0,cooldown
2026-07-04T20:19:03,forecast_hot_humid_bursty_r1,forecast,hot_humid,bursty,1,37.496,37.196,36.996,34.496,25.0,45.0,0.0,,100.0,2.0,,,,0,cooldown
2026-07-04T20:19:03,forecast_hot_humid_bursty_r1,forecast,hot_humid,bursty,1,37.486,37.186,36.986,34.486,25.0,45.0,0.0,,100.0,2.0,,,,0,cooldown
2026-07-04T20:19:03,forecast_hot_humid_bursty_r1,forecast,hot_humid,bursty,1,37.476,37.176,36.976,34.476,25.0,45.0,0.0,,100.0,2.0,,,,0,cooldown
2026-07-04T20:19:03,forecast_hot_humid_bursty_r1,forecast,hot_humid,bursty,1,37.467,37.167,36.967,34.467,25.0,45.0,0.0,,100.0,2.0,,,,0,cooldown
2026-07-04T20:19:03,forecast_hot_humid_bursty_r1,forecast,hot_humid,bursty,1,37.457,37.157,36.957,34.457,25.0,45.0,0.0,,100.0,2.0,,,,0,cooldown
2026-07-04T20:19:03,forecast_hot_humid_bursty_r1,forecast,hot_humid,bursty,1,37.447,37.147,36.947,34.447,25.0,45.0,0.0,,100.0,2.0,,,,0,cooldown
2026-07-04T20:19:03,forecast_hot_humid_bursty_r1,forecast,hot_humid,bursty,1,37.437,37.137,36.937,34.437,25.0,45.0,0.0,,100.0,2.0,,,,0,cooldown
2026-07-04T20:19:03,forecast_hot_humid_bursty_r1,forecast,hot_humid,bursty,1,37.427,37.127,36.927,34.427,25.0,45.0,0.0,,100.0,2.0,,,,0,cooldown
2026-07-04T20:19:03,forecast_hot_humid_bursty_r1,forecast,hot_humid,bursty,1,37.417,37.117,36.917,34.417,25.0,45.0,0.0,,100.0,2.0,,,,0,cooldown
2026-07-04T20:19:03,forecast_hot_humid_bursty_r1,forecast,hot_humid,bursty,1,37.408,37.108,36.908,34.408,25.0,45.0,0.0,,100.0,2.0,,,,0,cooldown
2026-07-04T20:19:03,forecast_hot_humid_bursty_r1,forecast,hot_humid,bursty,1,37.398,37.098,36.898,34.398,25.0,45.0,0.0,,100.0,2.0,,,,0,cooldown
2026-07-04T20:19:03,forecast_hot_humid_bursty_r1,forecast,hot_humid,bursty,1,37.388,37.088,36.888,34.388,25.0,45.0,0.0,,100.0,2.0,,,,0,cooldown
2026-07-04T20:19:03,forecast_hot_humid_bursty_r1,forecast,hot_humid,bursty,1,37.378,37.078,36.878,34.378,25.0,45.0,0.0,,100.0,2.0,,,,0,cooldown
2026-07-04T20:19:03,forecast_hot_humid_bursty_r1,forecast,hot_humid,bursty,1,37.368,37.068,36.868,34.368,25.0,45.0,0.0,,100.0,2.0,,,,0,cooldown
2026-07-04T20:19:03,forecast_hot_humid_bursty_r1,forecast,hot_humid,bursty,1,37.359,37.059,36.859,34.359,25.0,45.0,0.0,,100.0,2.0,,,,0,cooldown
2026-07-04T20:19:03,forecast_hot_humid_bursty_r1,forecast,hot_humid,bursty,1,37.349,37.049,36.849,34.349,25.0,45.0,0.0,,100.0,2.0,,,,0,cooldown
2026-07-04T20:19:03,forecast_hot_humid_bursty_r1,forecast,hot_humid,bursty,1,37.339,37.039,36.839,34.339,25.0,45.0,0.0,,100.0,2.0,,,,0,cooldown
2026-07-04T20:19:03,forecast_hot_humid_bursty_r1,forecast,hot_humid,bursty,1,37.329,37.029,36.829,34.329,25.0,45.0,0.0,,100.0,2.0,,,,0,cooldown
2026-07-04T20:19:03,forecast_hot_humid_bursty_r1,forecast,hot_humid,bursty,1,37.32,37.02,36.82,34.32,25.0,45.0,0.0,,100.0,2.0,,,,0,cooldown
2026-07-04T20:19:03,forecast_hot_humid_bursty_r1,forecast,hot_humid,bursty,1,37.31,37.01,36.81,34.31,25.0,45.0,0.0,,100.0,2.0,,,,0,cooldown
2026-07-04T20:19:03,forecast_hot_humid_bursty_r1,forecast,hot_humid,bursty,1,37.3,37.0,36.8,34.3,25.0,45.0,0.0,,100.0,2.0,,,,0,cooldown
2026-07-04T20:19:03,forecast_hot_humid_bursty_r1,forecast,hot_humid,bursty,1,37.291,36.991,36.791,34.291,25.0,45.0,0.0,,100.0,2.0,,,,0,cooldown
2026-07-04T20:19:03,forecast_hot_humid_bursty_r1,forecast,hot_humid,bursty,1,37.281,36.981,36.781,34.281,25.0,45.0,0.0,,100.0,2.0,,,,0,cooldown
2026-07-04T20:19:03,forecast_hot_humid_bursty_r1,forecast,hot_humid,bursty,1,37.271,36.971,36.771,34.271,25.0,45.0,0.0,,100.0,2.0,,,,0,cooldown
2026-07-04T20:19:03,forecast_hot_humid_bursty_r1,forecast,hot_humid,bursty,1,37.261,36.961,36.761,34.261,25.0,45.0,0.0,,100.0,2.0,,,,0,cooldown
2026-07-04T20:19:03,forecast_hot_humid_bursty_r1,forecast,hot_humid,bursty,1,37.252,36.952,36.752,34.252,25.0,45.0,0.0,,100.0,2.0,,,,0,cooldown
2026-07-04T20:19:03,forecast_hot_humid_bursty_r1,forecast,hot_humid,bursty,1,37.242,36.942,36.742,34.242,25.0,45.0,0.0,,100.0,2.0,,,,0,cooldown
2026-07-04T20:19:03,forecast_hot_humid_bursty_r1,forecast,hot_humid,bursty,1,37.232,36.932,36.732,34.232,25.0,45.0,0.0,,100.0,2.0,,,,0,cooldown
2026-07-04T20:19:03,forecast_hot_humid_bursty_r1,forecast,hot_humid,bursty,1,37.223,36.923,36.723,34.223,25.0,45.0,0.0,,100.0,2.0,,,,0,cooldown
2026-07-04T20:19:03,forecast_hot_humid_bursty_r1,forecast,hot_humid,bursty,1,37.213,36.913,36.713,34.213,25.0,45.0,0.0,,100.0,2.0,,,,0,cooldown
2026-07-04T20:19:03,forecast_hot_humid_bursty_r1,forecast,hot_humid,bursty,1,37.203,36.903,36.703,34.203,25.0,45.0,0.0,,100.0,2.0,,,,0,cooldown
2026-07-04T20:19:03,forecast_hot_humid_bursty_r1,forecast,hot_humid,bursty,1,37.194,36.894,36.694,34.194,25.0,45.0,0.0,,100.0,2.0,,,,0,cooldown
2026-07-04T20:19:03,forecast_hot_humid_bursty_r1,forecast,hot_humid,bursty,1,37.184,36.884,36.684,34.184,25.0,45.0,0.0,,100.0,2.0,,,,0,cooldown
2026-07-04T20:19:03,forecast_hot_humid_bursty_r1,forecast,hot_humid,bursty,1,37.175,36.875,36.675,34.175,25.0,45.0,0.0,,100.0,2.0,,,,0,cooldown
2026-07-04T20:19:03,forecast_hot_humid_bursty_r1,forecast,hot_humid,bursty,1,37.165,36.865,36.665,34.165,25.0,45.0,0.0,,100.0,2.0,,,,0,cooldown
2026-07-04T20:19:03,forecast_hot_humid_bursty_r1,forecast,hot_humid,bursty,1,37.155,36.855,36.655,34.155,25.0,45.0,0.0,,100.0,2.0,,,,0,cooldown
2026-07-04T20:19:03,forecast_hot_humid_bursty_r1,forecast,hot_humid,bursty,1,37.146,36.846,36.646,34.146,25.0,45.0,0.0,,100.0,2.0,,,,0,cooldown
2026-07-04T20:19:03,forecast_hot_humid_bursty_r1,forecast,hot_humid,bursty,1,37.136,36.836,36.636,34.136,25.0,45.0,0.0,,100.0,2.0,,,,0,cooldown
2026-07-04T20:19:03,forecast_hot_humid_bursty_r1,forecast,hot_humid,bursty,1,37.127,36.827,36.627,34.127,25.0,45.0,0.0,,100.0,2.0,,,,0,cooldown
2026-07-04T20:19:03,forecast_hot_humid_bursty_r1,forecast,hot_humid,bursty,1,37.117,36.817,36.617,34.117,25.0,45.0,0.0,,100.0,2.0,,,,0,cooldown
2026-07-04T20:19:03,forecast_hot_humid_bursty_r1,forecast,hot_humid,bursty,1,37.107,36.807,36.607,34.107,25.0,45.0,0.0,,100.0,2.0,,,,0,cooldown
2026-07-04T20:19:03,forecast_hot_humid_bursty_r1,forecast,hot_humid,bursty,1,37.098,36.798,36.598,34.098,25.0,45.0,0.0,,100.0,2.0,,,,0,cooldown
2026-07-04T20:19:03,forecast_hot_humid_bursty_r1,forecast,hot_humid,bursty,1,37.088,36.788,36.588,34.088,25.0,45.0,0.0,,100.0,2.0,,,,0,cooldown
2026-07-04T20:19:03,forecast_hot_humid_bursty_r1,forecast,hot_humid,bursty,1,37.079,36.779,36.579,34.079,25.0,45.0,0.0,,100.0,2.0,,,,0,cooldown
2026-07-04T20:19:03,forecast_hot_humid_bursty_r1,forecast,hot_humid,bursty,1,37.069,36.769,36.569,34.069,25.0,45.0,0.0,,100.0,2.0,,,,0,cooldown
2026-07-04T20:19:03,forecast_hot_humid_bursty_r1,forecast,hot_humid,bursty,1,37.06,36.76,36.56,34.06,25.0,45.0,0.0,,100.0,2.0,,,,0,cooldown
2026-07-04T20:19:03,forecast_hot_humid_bursty_r1,forecast,hot_humid,bursty,1,37.05,36.75,36.55,34.05,25.0,45.0,0.0,,100.0,2.0,,,,0,cooldown
2026-07-04T20:19:03,forecast_hot_humid_bursty_r1,forecast,hot_humid,bursty,1,37.041,36.741,36.541,34.041,25.0,45.0,0.0,,100.0,2.0,,,,0,cooldown
2026-07-04T20:19:03,forecast_hot_humid_bursty_r1,forecast,hot_humid,bursty,1,37.031,36.731,36.531,34.031,25.0,45.0,0.0,,100.0,2.0,,,,0,cooldown
2026-07-04T20:19:03,forecast_hot_humid_bursty_r1,forecast,hot_humid,bursty,1,37.022,36.722,36.522,34.022,25.0,45.0,0.0,,100.0,2.0,,,,0,cooldown
2026-07-04T20:19:03,forecast_hot_humid_bursty_r1,forecast,hot_humid,bursty,1,37.012,36.712,36.512,34.012,25.0,45.0,0.0,,100.0,2.0,,,,0,cooldown
2026-07-04T20:19:03,forecast_hot_humid_bursty_r1,forecast,hot_humid,bursty,1,37.003,36.703,36.503,34.003,25.0,45.0,0.0,,100.0,2.0,,,,0,cooldown
2026-07-04T20:19:03,forecast_hot_humid_bursty_r1,forecast,hot_humid,bursty,1,36.993,36.693,36.493,33.993,25.0,45.0,0.0,,100.0,2.0,,,,0,cooldown
2026-07-04T20:19:03,forecast_hot_humid_bursty_r1,forecast,hot_humid,bursty,1,36.984,36.684,36.484,33.984,25.0,45.0,0.0,,100.0,2.0,,,,0,cooldown
2026-07-04T20:19:03,forecast_hot_humid_bursty_r1,forecast,hot_humid,bursty,1,36.974,36.674,36.474,33.974,25.0,45.0,0.0,,100.0,2.0,,,,0,cooldown
2026-07-04T20:19:03,forecast_hot_humid_bursty_r1,forecast,hot_humid,bursty,1,36.965,36.665,36.465,33.965,25.0,45.0,0.0,,100.0,2.0,,,,0,cooldown
2026-07-04T20:19:03,forecast_hot_humid_bursty_r1,forecast,hot_humid,bursty,1,36.955,36.655,36.455,33.955,25.0,45.0,0.0,,100.0,2.0,,,,0,cooldown
2026-07-04T20:19:03,forecast_hot_humid_bursty_r1,forecast,hot_humid,bursty,1,36.946,36.646,36.446,33.946,25.0,45.0,0.0,,100.0,2.0,,,,0,cooldown
2026-07-04T20:19:03,forecast_hot_humid_bursty_r1,forecast,hot_humid,bursty,1,36.937,36.637,36.437,33.937,25.0,45.0,0.0,,100.0,2.0,,,,0,cooldown
2026-07-04T20:19:03,forecast_hot_humid_bursty_r1,forecast,hot_humid,bursty,1,36.927,36.627,36.427,33.927,25.0,45.0,0.0,,100.0,2.0,,,,0,cooldown
2026-07-04T20:19:03,forecast_hot_humid_bursty_r1,forecast,hot_humid,bursty,1,36.918,36.618,36.418,33.918,25.0,45.0,0.0,,100.0,2.0,,,,0,cooldown
2026-07-04T20:19:03,forecast_hot_humid_bursty_r1,forecast,hot_humid,bursty,1,36.908,36.608,36.408,33.908,25.0,45.0,0.0,,100.0,2.0,,,,0,cooldown
2026-07-04T20:19:03,forecast_hot_humid_bursty_r1,forecast,hot_humid,bursty,1,36.899,36.599,36.399,33.899,25.0,45.0,0.0,,100.0,2.0,,,,0,cooldown
2026-07-04T20:19:03,forecast_hot_humid_bursty_r1,forecast,hot_humid,bursty,1,36.89,36.59,36.39,33.89,25.0,45.0,0.0,,100.0,2.0,,,,0,cooldown
2026-07-04T20:19:03,forecast_hot_humid_bursty_r1,forecast,hot_humid,bursty,1,36.88,36.58,36.38,33.88,25.0,45.0,0.0,,100.0,2.0,,,,0,cooldown
2026-07-04T20:19:03,forecast_hot_humid_bursty_r1,forecast,hot_humid,bursty,1,36.871,36.571,36.371,33.871,25.0,45.0,0.0,,100.0,2.0,,,,0,cooldown
2026-07-04T20:19:03,forecast_hot_humid_bursty_r1,forecast,hot_humid,bursty,1,36.861,36.561,36.361,33.861,25.0,45.0,0.0,,100.0,2.0,,,,0,cooldown
2026-07-04T20:19:03,forecast_hot_humid_bursty_r1,forecast,hot_humid,bursty,1,36.852,36.552,36.352,33.852,25.0,45.0,0.0,,100.0,2.0,,,,0,cooldown
2026-07-04T20:19:03,forecast_hot_humid_bursty_r1,forecast,hot_humid,bursty,1,36.843,36.543,36.343,33.843,25.0,45.0,0.0,,100.0,2.0,,,,0,cooldown
2026-07-04T20:19:03,forecast_hot_humid_bursty_r1,forecast,hot_humid,bursty,1,36.833,36.533,36.333,33.833,25.0,45.0,0.0,,100.0,2.0,,,,0,cooldown
2026-07-04T20:19:03,forecast_hot_humid_bursty_r1,forecast,hot_humid,bursty,1,36.824,36.524,36.324,33.824,25.0,45.0,0.0,,100.0,2.0,,,,0,cooldown
2026-07-04T20:19:03,forecast_hot_humid_bursty_r1,forecast,hot_humid,bursty,1,36.815,36.515,36.315,33.815,25.0,45.0,0.0,,100.0,2.0,,,,0,cooldown
2026-07-04T20:19:03,forecast_hot_humid_bursty_r1,forecast,hot_humid,bursty,1,36.805,36.505,36.305,33.805,25.0,45.0,0.0,,100.0,2.0,,,,0,cooldown
2026-07-04T20:19:03,forecast_hot_humid_bursty_r1,forecast,hot_humid,bursty,1,36.796,36.496,36.296,33.796,25.0,45.0,0.0,,100.0,2.0,,,,0,cooldown
2026-07-04T20:19:03,forecast_hot_humid_bursty_r1,forecast,hot_humid,bursty,1,36.787,36.487,36.287,33.787,25.0,45.0,0.0,,100.0,2.0,,,,0,cooldown
2026-07-04T20:19:03,forecast_hot_humid_bursty_r1,forecast,hot_humid,bursty,1,36.777,36.477,36.277,33.777,25.0,45.0,0.0,,100.0,2.0,,,,0,cooldown
2026-07-04T20:19:03,forecast_hot_humid_bursty_r1,forecast,hot_humid,bursty,1,36.768,36.468,36.268,33.768,25.0,45.0,0.0,,100.0,2.0,,,,0,cooldown
2026-07-04T20:19:03,forecast_hot_humid_bursty_r1,forecast,hot_humid,bursty,1,36.759,36.459,36.259,33.759,25.0,45.0,0.0,,100.0,2.0,,,,0,cooldown
2026-07-04T20:19:03,forecast_hot_humid_bursty_r1,forecast,hot_humid,bursty,1,36.75,36.45,36.25,33.75,25.0,45.0,0.0,,100.0,2.0,,,,0,cooldown
2026-07-04T20:19:03,forecast_hot_humid_bursty_r1,forecast,hot_humid,bursty,1,36.74,36.44,36.24,33.74,25.0,45.0,0.0,,100.0,2.0,,,,0,cooldown
2026-07-04T20:19:03,forecast_hot_humid_bursty_r1,forecast,hot_humid,bursty,1,36.731,36.431,36.231,33.731,25.0,45.0,0.0,,100.0,2.0,,,,0,cooldown
2026-07-04T20:19:03,forecast_hot_humid_bursty_r1,forecast,hot_humid,bursty,1,36.722,36.422,36.222,33.722,25.0,45.0,0.0,,100.0,2.0,,,,0,cooldown
2026-07-04T20:19:03,forecast_hot_humid_bursty_r1,forecast,hot_humid,bursty,1,36.712,36.412,36.212,33.712,25.0,45.0,0.0,,100.0,2.0,,,,0,cooldown
2026-07-04T20:19:03,forecast_hot_humid_bursty_r1,forecast,hot_humid,bursty,1,36.703,36.403,36.203,33.703,25.0,45.0,0.0,,100.0,2.0,,,,0,cooldown
2026-07-04T20:19:03,forecast_hot_humid_bursty_r1,forecast,hot_humid,bursty,1,36.694,36.394,36.194,33.694,25.0,45.0,0.0,,100.0,2.0,,,,0,cooldown
2026-07-04T20:19:03,forecast_hot_humid_bursty_r1,forecast,hot_humid,bursty,1,36.685,36.385,36.185,33.685,25.0,45.0,0.0,,100.0,2.0,,,,0,cooldown
2026-07-04T20:19:03,forecast_hot_humid_bursty_r1,forecast,hot_humid,bursty,1,36.676,36.376,36.176,33.676,25.0,45.0,0.0,,100.0,2.0,,,,0,cooldown
2026-07-04T20:19:03,forecast_hot_humid_bursty_r1,forecast,hot_humid,bursty,1,36.666,36.366,36.166,33.666,25.0,45.0,0.0,,100.0,2.0,,,,0,cooldown
2026-07-04T20:19:03,forecast_hot_humid_bursty_r1,forecast,hot_humid,bursty,1,36.657,36.357,36.157,33.657,25.0,45.0,0.0,,100.0,2.0,,,,0,cooldown
2026-07-04T20:19:03,forecast_hot_humid_bursty_r1,forecast,hot_humid,bursty,1,36.648,36.348,36.148,33.648,25.0,45.0,0.0,,100.0,2.0,,,,0,cooldown
2026-07-04T20:19:03,forecast_hot_humid_bursty_r1,forecast,hot_humid,bursty,1,36.639,36.339,36.139,33.639,25.0,45.0,0.0,,100.0,2.0,,,,0,cooldown
2026-07-04T20:19:03,forecast_hot_humid_bursty_r1,forecast,hot_humid,bursty,1,36.629,36.329,36.129,33.629,25.0,45.0,0.0,,100.0,2.0,,,,0,cooldown
2026-07-04T20:19:03,forecast_hot_humid_bursty_r1,forecast,hot_humid,bursty,1,36.62,36.32,36.12,33.62,25.0,45.0,0.0,,100.0,2.0,,,,0,cooldown
2026-07-04T20:19:03,forecast_hot_humid_bursty_r1,forecast,hot_humid,bursty,1,36.611,36.311,36.111,33.611,25.0,45.0,0.0,,100.0,2.0,,,,0,cooldown
2026-07-04T20:19:03,forecast_hot_humid_bursty_r1,forecast,hot_humid,bursty,1,36.602,36.302,36.102,33.602,25.0,45.0,0.0,,100.0,2.0,,,,0,cooldown
2026-07-04T20:19:03,forecast_hot_humid_bursty_r1,forecast,hot_humid,bursty,1,36.593,36.293,36.093,33.593,25.0,45.0,0.0,,100.0,2.0,,,,0,cooldown
2026-07-04T20:19:03,forecast_hot_humid_bursty_r1,forecast,hot_humid,bursty,1,36.584,36.284,36.084,33.584,25.0,45.0,0.0,,100.0,2.0,,,,0,cooldown
2026-07-04T20:19:03,forecast_hot_humid_bursty_r1,forecast,hot_humid,bursty,1,36.575,36.275,36.075,33.575,25.0,45.0,0.0,,100.0,2.0,,,,0,cooldown
2026-07-04T20:19:03,forecast_hot_humid_bursty_r1,forecast,hot_humid,bursty,1,36.565,36.265,36.065,33.565,25.0,45.0,0.0,,100.0,2.0,,,,0,cooldown
2026-07-04T20:19:03,forecast_hot_humid_bursty_r1,forecast,hot_humid,bursty,1,36.556,36.256,36.056,33.556,25.0,45.0,0.0,,100.0,2.0,,,,0,cooldown
2026-07-04T20:19:03,forecast_hot_humid_bursty_r1,forecast,hot_humid,bursty,1,36.547,36.247,36.047,33.547,25.0,45.0,0.0,,100.0,2.0,,,,0,cooldown
2026-07-04T20:19:03,forecast_hot_humid_bursty_r1,forecast,hot_humid,bursty,1,36.538,36.238,36.038,33.538,25.0,45.0,0.0,,100.0,2.0,,,,0,cooldown
2026-07-04T20:19:03,forecast_hot_humid_bursty_r1,forecast,hot_humid,bursty,1,36.529,36.229,36.029,33.529,25.0,45.0,0.0,,100.0,2.0,,,,0,cooldown
2026-07-04T20:19:03,forecast_hot_humid_bursty_r1,forecast,hot_humid,bursty,1,36.52,36.22,36.02,33.52,25.0,45.0,0.0,,100.0,2.0,,,,0,cooldown
2026-07-04T20:19:03,forecast_hot_humid_bursty_r1,forecast,hot_humid,bursty,1,36.511,36.211,36.011,33.511,25.0,45.0,0.0,,100.0,2.0,,,,0,cooldown
2026-07-04T20:19:03,forecast_hot_humid_bursty_r1,forecast,hot_humid,bursty,1,36.502,36.202,36.002,33.502,25.0,45.0,0.0,,100.0,2.0,,,,0,cooldown
2026-07-04T20:19:03,forecast_hot_humid_bursty_r1,forecast,hot_humid,bursty,1,36.493,36.193,35.993,33.493,25.0,45.0,0.0,,100.0,2.0,,,,0,cooldown
2026-07-04T20:19:03,forecast_hot_humid_bursty_r1,forecast,hot_humid,bursty,1,36.483,36.183,35.983,33.483,25.0,45.0,0.0,,100.0,2.0,,,,0,cooldown
2026-07-04T20:19:03,forecast_hot_humid_bursty_r1,forecast,hot_humid,bursty,1,36.474,36.174,35.974,33.474,25.0,45.0,0.0,,100.0,2.0,,,,0,cooldown
2026-07-04T20:19:03,forecast_hot_humid_bursty_r1,forecast,hot_humid,bursty,1,36.465,36.165,35.965,33.465,25.0,45.0,0.0,,100.0,2.0,,,,0,cooldown
2026-07-04T20:19:03,forecast_hot_humid_bursty_r1,forecast,hot_humid,bursty,1,36.456,36.156,35.956,33.456,25.0,45.0,0.0,,100.0,2.0,,,,0,cooldown
2026-07-04T20:19:03,forecast_hot_humid_bursty_r1,forecast,hot_humid,bursty,1,36.447,36.147,35.947,33.447,25.0,45.0,0.0,,100.0,2.0,,,,0,cooldown
2026-07-04T20:19:03,forecast_hot_humid_bursty_r1,forecast,hot_humid,bursty,1,36.438,36.138,35.938,33.438,25.0,45.0,0.0,,100.0,2.0,,,,0,cooldown
2026-07-04T20:19:03,forecast_hot_humid_bursty_r1,forecast,hot_humid,bursty,1,36.429,36.129,35.929,33.429,25.0,45.0,0.0,,100.0,2.0,,,,0,cooldown
2026-07-04T20:19:03,forecast_hot_humid_bursty_r1,forecast,hot_humid,bursty,1,36.42,36.12,35.92,33.42,25.0,45.0,0.0,,100.0,2.0,,,,0,cooldown
2026-07-04T20:19:03,forecast_hot_humid_bursty_r1,forecast,hot_humid,bursty,1,36.411,36.111,35.911,33.411,25.0,45.0,0.0,,100.0,2.0,,,,0,cooldown
2026-07-04T20:19:03,forecast_hot_humid_bursty_r1,forecast,hot_humid,bursty,1,36.402,36.102,35.902,33.402,25.0,45.0,0.0,,100.0,2.0,,,,0,cooldown
2026-07-04T20:19:03,forecast_hot_humid_bursty_r1,forecast,hot_humid,bursty,1,36.393,36.093,35.893,33.393,25.0,45.0,0.0,,100.0,2.0,,,,0,cooldown
2026-07-04T20:19:03,forecast_hot_humid_bursty_r1,forecast,hot_humid,bursty,1,36.384,36.084,35.884,33.384,25.0,45.0,0.0,,100.0,2.0,,,,0,cooldown
2026-07-04T20:19:03,forecast_hot_humid_bursty_r1,forecast,hot_humid,bursty,1,36.375,36.075,35.875,33.375,25.0,45.0,0.0,,100.0,2.0,,,,0,cooldown
2026-07-04T20:19:03,forecast_hot_humid_bursty_r1,forecast,hot_humid,bursty,1,36.366,36.066,35.866,33.366,25.0,45.0,0.0,,100.0,2.0,,,,0,cooldown
2026-07-04T20:19:03,forecast_hot_humid_bursty_r1,forecast,hot_humid,bursty,1,36.357,36.057,35.857,33.357,25.0,45.0,0.0,,100.0,2.0,,,,0,cooldown
2026-07-04T20:19:03,forecast_hot_humid_bursty_r1,forecast,hot_humid,bursty,1,36.348,36.048,35.848,33.348,25.0,45.0,0.0,,100.0,2.0,,,,0,cooldown
2026-07-04T20:19:03,forecast_hot_humid_bursty_r1,forecast,hot_humid,bursty,1,36.339,36.039,35.839,33.339,25.0,45.0,0.0,,100.0,2.0,,,,0,cooldown
2026-07-04T20:19:03,forecast_hot_humid_bursty_r1,forecast,hot_humid,bursty,1,36.33,36.03,35.83,33.33,25.0,45.0,0.0,,100.0,2.0,,,,0,cooldown
2026-07-04T20:19:03,forecast_hot_humid_bursty_r1,forecast,hot_humid,bursty,1,36.321,36.021,35.821,33.321,25.0,45.0,0.0,,100.0,2.0,,,,0,cooldown
2026-07-04T20:19:03,forecast_hot_humid_bursty_r1,forecast,hot_humid,bursty,1,36.312,36.012,35.812,33.312,25.0,45.0,0.0,,100.0,2.0,,,,0,cooldown
2026-07-04T20:19:03,forecast_hot_humid_bursty_r1,forecast,hot_humid,bursty,1,36.303,36.003,35.803,33.303,25.0,45.0,0.0,,100.0,2.0,,,,0,cooldown
2026-07-04T20:19:03,forecast_hot_humid_bursty_r1,forecast,hot_humid,bursty,1,36.295,35.995,35.795,33.295,25.0,45.0,0.0,,100.0,2.0,,,,0,cooldown
2026-07-04T20:19:03,forecast_hot_humid_bursty_r1,forecast,hot_humid,bursty,1,36.286,35.986,35.786,33.286,25.0,45.0,0.0,,100.0,2.0,,,,0,cooldown
2026-07-04T20:19:03,forecast_hot_humid_bursty_r1,forecast,hot_humid,bursty,1,36.277,35.977,35.777,33.277,25.0,45.0,0.0,,100.0,2.0,,,,0,cooldown
2026-07-04T20:19:03,forecast_hot_humid_bursty_r1,forecast,hot_humid,bursty,1,36.268,35.968,35.768,33.268,25.0,45.0,0.0,,100.0,2.0,,,,0,cooldown
2026-07-04T20:19:03,forecast_hot_humid_bursty_r1,forecast,hot_humid,bursty,1,36.259,35.959,35.759,33.259,25.0,45.0,0.0,,100.0,2.0,,,,0,cooldown
2026-07-04T20:19:03,forecast_hot_humid_bursty_r1,forecast,hot_humid,bursty,1,36.25,35.95,35.75,33.25,25.0,45.0,0.0,,100.0,2.0,,,,0,cooldown
2026-07-04T20:19:03,forecast_hot_humid_bursty_r1,forecast,hot_humid,bursty,1,36.241,35.941,35.741,33.241,25.0,45.0,0.0,,100.0,2.0,,,,0,cooldown
2026-07-04T20:19:03,forecast_hot_humid_bursty_r1,forecast,hot_humid,bursty,1,36.232,35.932,35.732,33.232,25.0,45.0,0.0,,100.0,2.0,,,,0,cooldown
2026-07-04T20:19:03,forecast_hot_humid_bursty_r1,forecast,hot_humid,bursty,1,36.223,35.923,35.723,33.223,25.0,45.0,0.0,,100.0,2.0,,,,0,cooldown
2026-07-04T20:19:03,forecast_hot_humid_bursty_r1,forecast,hot_humid,bursty,1,36.215,35.915,35.715,33.215,25.0,45.0,0.0,,100.0,2.0,,,,0,cooldown
2026-07-04T20:19:03,forecast_hot_humid_bursty_r1,forecast,hot_humid,bursty,1,36.206,35.906,35.706,33.206,25.0,45.0,0.0,,100.0,2.0,,,,0,cooldown
2026-07-04T20:19:03,forecast_hot_humid_bursty_r1,forecast,hot_humid,bursty,1,36.197,35.897,35.697,33.197,25.0,45.0,0.0,,100.0,2.0,,,,0,cooldown
2026-07-04T20:19:03,forecast_hot_humid_bursty_r1,forecast,hot_humid,bursty,1,36.188,35.888,35.688,33.188,25.0,45.0,0.0,,100.0,2.0,,,,0,cooldown
2026-07-04T20:19:03,forecast_hot_humid_bursty_r1,forecast,hot_humid,bursty,1,36.179,35.879,35.679,33.179,25.0,45.0,0.0,,100.0,2.0,,,,0,cooldown
2026-07-04T20:19:03,forecast_hot_humid_bursty_r1,forecast,hot_humid,bursty,1,36.17,35.87,35.67,33.17,25.0,45.0,0.0,,100.0,2.0,,,,0,cooldown
2026-07-04T20:19:03,forecast_hot_humid_bursty_r1,forecast,hot_humid,bursty,1,36.162,35.862,35.662,33.162,25.0,45.0,0.0,,100.0,2.0,,,,0,cooldown
2026-07-04T20:19:03,forecast_hot_humid_bursty_r1,forecast,hot_humid,bursty,1,36.153,35.853,35.653,33.153,25.0,45.0,0.0,,100.0,2.0,,,,0,cooldown
2026-07-04T20:19:03,forecast_hot_humid_bursty_r1,forecast,hot_humid,bursty,1,36.144,35.844,35.644,33.144,25.0,45.0,0.0,,100.0,2.0,,,,0,cooldown
2026-07-04T20:19:03,forecast_hot_humid_bursty_r1,forecast,hot_humid,bursty,1,36.135,35.835,35.635,33.135,25.0,45.0,0.0,,100.0,2.0,,,,0,cooldown
2026-07-04T20:19:03,forecast_hot_humid_bursty_r1,forecast,hot_humid,bursty,1,36.126,35.826,35.626,33.126,25.0,45.0,0.0,,100.0,2.0,,,,0,cooldown
2026-07-04T20:19:03,forecast_hot_humid_bursty_r1,forecast,hot_humid,bursty,1,36.118,35.818,35.618,33.118,25.0,45.0,0.0,,100.0,2.0,,,,0,cooldown
2026-07-04T20:19:03,forecast_hot_humid_bursty_r1,forecast,hot_humid,bursty,1,36.109,35.809,35.609,33.109,25.0,45.0,0.0,,100.0,2.0,,,,0,cooldown
2026-07-04T20:19:03,forecast_hot_humid_bursty_r1,forecast,hot_humid,bursty,1,36.1,35.8,35.6,33.1,25.0,45.0,0.0,,100.0,2.0,,,,0,cooldown
2026-07-04T20:19:03,forecast_hot_humid_bursty_r1,forecast,hot_humid,bursty,1,36.091,35.791,35.591,33.091,25.0,45.0,0.0,,100.0,2.0,,,,0,cooldown
2026-07-04T20:19:03,forecast_hot_humid_bursty_r1,forecast,hot_humid,bursty,1,36.083,35.783,35.583,33.083,25.0,45.0,0.0,,100.0,2.0,,,,0,cooldown
2026-07-04T20:19:03,forecast_hot_humid_bursty_r1,forecast,hot_humid,bursty,1,36.074,35.774,35.574,33.074,25.0,45.0,0.0,,100.0,2.0,,,,0,cooldown
2026-07-04T20:19:03,forecast_hot_humid_bursty_r1,forecast,hot_humid,bursty,1,36.065,35.765,35.565,33.065,25.0,45.0,0.0,,100.0,2.0,,,,0,cooldown
2026-07-04T20:19:03,forecast_hot_humid_bursty_r1,forecast,hot_humid,bursty,1,36.056,35.756,35.556,33.056,25.0,45.0,0.0,,100.0,2.0,,,,0,cooldown
2026-07-04T20:19:03,forecast_hot_humid_bursty_r1,forecast,hot_humid,bursty,1,36.048,35.748,35.548,33.048,25.0,45.0,0.0,,100.0,2.0,,,,0,cooldown
2026-07-04T20:19:03,forecast_hot_humid_bursty_r1,forecast,hot_humid,bursty,1,36.039,35.739,35.539,33.039,25.0,45.0,0.0,,100.0,2.0,,,,0,cooldown
2026-07-04T20:19:03,forecast_hot_humid_bursty_r1,forecast,hot_humid,bursty,1,36.03,35.73,35.53,33.03,25.0,45.0,0.0,,100.0,2.0,,,,0,cooldown
2026-07-04T20:19:03,forecast_hot_humid_bursty_r1,forecast,hot_humid,bursty,1,36.021,35.721,35.521,33.021,25.0,45.0,0.0,,100.0,2.0,,,,0,cooldown
2026-07-04T20:19:03,forecast_hot_humid_bursty_r1,forecast,hot_humid,bursty,1,36.013,35.713,35.513,33.013,25.0,45.0,0.0,,100.0,2.0,,,,0,cooldown
2026-07-04T20:19:03,forecast_hot_humid_bursty_r1,forecast,hot_humid,bursty,1,36.004,35.704,35.504,33.004,25.0,45.0,0.0,,100.0,2.0,,,,0,cooldown
2026-07-04T20:19:03,forecast_hot_humid_bursty_r1,forecast,hot_humid,bursty,1,35.995,35.695,35.495,32.995,25.0,45.0,0.0,,100.0,2.0,,,,0,cooldown
2026-07-04T20:19:03,forecast_hot_humid_bursty_r1,forecast,hot_humid,bursty,1,35.987,35.687,35.487,32.987,25.0,45.0,0.0,,100.0,2.0,,,,0,cooldown
2026-07-04T20:19:03,forecast_hot_humid_bursty_r1,forecast,hot_humid,bursty,1,35.978,35.678,35.478,32.978,25.0,45.0,0.0,,100.0,2.0,,,,0,cooldown
2026-07-04T20:19:03,forecast_hot_humid_bursty_r1,forecast,hot_humid,bursty,1,35.969,35.669,35.469,32.969,25.0,45.0,0.0,,100.0,2.0,,,,0,cooldown
2026-07-04T20:19:03,forecast_hot_humid_bursty_r1,forecast,hot_humid,bursty,1,35.961,35.661,35.461,32.961,25.0,45.0,0.0,,100.0,2.0,,,,0,cooldown
2026-07-04T20:19:03,forecast_hot_humid_bursty_r1,forecast,hot_humid,bursty,1,35.952,35.652,35.452,32.952,25.0,45.0,0.0,,100.0,2.0,,,,0,cooldown
2026-07-04T20:19:03,forecast_hot_humid_bursty_r1,forecast,hot_humid,bursty,1,35.943,35.643,35.443,32.943,25.0,45.0,0.0,,100.0,2.0,,,,0,cooldown
2026-07-04T20:19:03,forecast_hot_humid_bursty_r1,forecast,hot_humid,bursty,1,35.935,35.635,35.435,32.935,25.0,45.0,0.0,,100.0,2.0,,,,0,cooldown
2026-07-04T20:19:03,forecast_hot_humid_bursty_r1,forecast,hot_humid,bursty,1,35.926,35.626,35.426,32.926,25.0,45.0,0.0,,100.0,2.0,,,,0,cooldown
2026-07-04T20:19:03,forecast_hot_humid_bursty_r1,forecast,hot_humid,bursty,1,35.917,35.617,35.417,32.917,25.0,45.0,0.0,,100.0,2.0,,,,0,cooldown
2026-07-04T20:19:03,forecast_hot_humid_bursty_r1,forecast,hot_humid,bursty,1,35.909,35.609,35.409,32.909,25.0,45.0,0.0,,100.0,2.0,,,,0,cooldown
2026-07-04T20:19:03,forecast_hot_humid_bursty_r1,forecast,hot_humid,bursty,1,35.9,35.6,35.4,32.9,25.0,45.0,0.0,,100.0,2.0,,,,0,cooldown
2026-07-04T20:19:03,forecast_hot_humid_bursty_r1,forecast,hot_humid,bursty,1,35.892,35.592,35.392,32.892,25.0,45.0,0.0,,100.0,2.0,,,,0,cooldown
2026-07-04T20:19:03,forecast_hot_humid_bursty_r1,forecast,hot_humid,bursty,1,35.883,35.583,35.383,32.883,25.0,45.0,0.0,,100.0,2.0,,,,0,cooldown
2026-07-04T20:19:03,forecast_hot_humid_bursty_r1,forecast,hot_humid,bursty,1,35.874,35.574,35.374,32.874,25.0,45.0,0.0,,100.0,2.0,,,,0,cooldown
2026-07-04T20:19:03,forecast_hot_humid_bursty_r1,forecast,hot_humid,bursty,1,35.866,35.566,35.366,32.866,25.0,45.0,0.0,,100.0,2.0,,,,0,cooldown
2026-07-04T20:19:03,forecast_hot_humid_bursty_r1,forecast,hot_humid,bursty,1,35.857,35.557,35.357,32.857,25.0,45.0,0.0,,100.0,2.0,,,,0,cooldown
2026-07-04T20:19:03,forecast_hot_humid_bursty_r1,forecast,hot_humid,bursty,1,35.849,35.549,35.349,32.849,25.0,45.0,0.0,,100.0,2.0,,,,0,cooldown
2026-07-04T20:19:03,forecast_hot_humid_bursty_r1,forecast,hot_humid,bursty,1,35.84,35.54,35.34,32.84,25.0,45.0,0.0,,100.0,2.0,,,,0,cooldown
2026-07-04T20:19:03,forecast_hot_humid_bursty_r1,forecast,hot_humid,bursty,1,35.832,35.532,35.332,32.832,25.0,45.0,0.0,,100.0,2.0,,,,0,cooldown
2026-07-04T20:19:03,forecast_hot_humid_bursty_r1,forecast,hot_humid,bursty,1,35.823,35.523,35.323,32.823,25.0,45.0,0.0,,100.0,2.0,,,,0,cooldown
2026-07-04T20:19:03,forecast_hot_humid_bursty_r1,forecast,hot_humid,bursty,1,35.814,35.514,35.314,32.814,25.0,45.0,0.0,,100.0,2.0,,,,0,cooldown
2026-07-04T20:19:03,forecast_hot_humid_bursty_r1,forecast,hot_humid,bursty,1,35.806,35.506,35.306,32.806,25.0,45.0,0.0,,100.0,2.0,,,,0,cooldown
2026-07-04T20:19:03,forecast_hot_humid_bursty_r1,forecast,hot_humid,bursty,1,35.797,35.497,35.297,32.797,25.0,45.0,0.0,,100.0,2.0,,,,0,cooldown
2026-07-04T20:19:03,forecast_hot_humid_bursty_r1,forecast,hot_humid,bursty,1,35.789,35.489,35.289,32.789,25.0,45.0,0.0,,100.0,2.0,,,,0,cooldown
2026-07-04T20:19:03,forecast_hot_humid_bursty_r1,forecast,hot_humid,bursty,1,35.78,35.48,35.28,32.78,25.0,45.0,0.0,,100.0,2.0,,,,0,cooldown
2026-07-04T20:19:03,forecast_hot_humid_bursty_r1,forecast,hot_humid,bursty,1,35.772,35.472,35.272,32.772,25.0,45.0,0.0,,100.0,2.0,,,,0,cooldown
2026-07-04T20:19:03,forecast_hot_humid_bursty_r1,forecast,hot_humid,bursty,1,35.763,35.463,35.263,32.763,25.0,45.0,0.0,,100.0,2.0,,,,0,cooldown
2026-07-04T20:19:03,forecast_hot_humid_bursty_r1,forecast,hot_humid,bursty,1,35.755,35.455,35.255,32.755,25.0,45.0,0.0,,100.0,2.0,,,,0,cooldown
2026-07-04T20:19:03,forecast_hot_humid_bursty_r1,forecast,hot_humid,bursty,1,35.746,35.446,35.246,32.746,25.0,45.0,0.0,,100.0,2.0,,,,0,cooldown
2026-07-04T20:19:03,forecast_hot_humid_bursty_r1,forecast,hot_humid,bursty,1,35.738,35.438,35.238,32.738,25.0,45.0,0.0,,100.0,2.0,,,,0,cooldown
2026-07-04T20:19:03,forecast_hot_humid_bursty_r1,forecast,hot_humid,bursty,1,35.729,35.429,35.229,32.729,25.0,45.0,0.0,,100.0,2.0,,,,0,cooldown
2026-07-04T20:19:03,forecast_hot_humid_bursty_r1,forecast,hot_humid,bursty,1,35.721,35.421,35.221,32.721,25.0,45.0,0.0,,100.0,2.0,,,,0,cooldown
2026-07-04T20:19:03,forecast_hot_humid_bursty_r1,forecast,hot_humid,bursty,1,35.712,35.412,35.212,32.712,25.0,45.0,0.0,,100.0,2.0,,,,0,cooldown
2026-07-04T20:19:03,forecast_hot_humid_bursty_r1,forecast,hot_humid,bursty,1,35.704,35.404,35.204,32.704,25.0,45.0,0.0,,100.0,2.0,,,,0,cooldown
2026-07-04T20:19:03,forecast_hot_humid_bursty_r1,forecast,hot_humid,bursty,1,35.696,35.396,35.196,32.696,25.0,45.0,0.0,,100.0,2.0,,,,0,cooldown
2026-07-04T20:19:03,forecast_hot_humid_bursty_r1,forecast,hot_humid,bursty,1,35.687,35.387,35.187,32.687,25.0,45.0,0.0,,100.0,2.0,,,,0,cooldown
2026-07-04T20:19:03,forecast_hot_humid_bursty_r1,forecast,hot_humid,bursty,1,35.679,35.379,35.179,32.679,25.0,45.0,0.0,,100.0,2.0,,,,0,cooldown
2026-07-04T20:19:03,forecast_hot_humid_bursty_r1,forecast,hot_humid,bursty,1,35.67,35.37,35.17,32.67,25.0,45.0,0.0,,100.0,2.0,,,,0,cooldown
2026-07-04T20:19:03,forecast_hot_humid_bursty_r1,forecast,hot_humid,bursty,1,35.662,35.362,35.162,32.662,25.0,45.0,0.0,,100.0,2.0,,,,0,cooldown
2026-07-04T20:19:03,forecast_hot_humid_bursty_r1,forecast,hot_humid,bursty,1,35.653,35.353,35.153,32.653,25.0,45.0,0.0,,100.0,2.0,,,,0,cooldown
2026-07-04T20:19:03,forecast_hot_humid_bursty_r1,forecast,hot_humid,bursty,1,35.645,35.345,35.145,32.645,25.0,45.0,0.0,,100.0,2.0,,,,0,cooldown
2026-07-04T20:19:03,forecast_hot_humid_bursty_r1,forecast,hot_humid,bursty,1,35.637,35.337,35.137,32.637,25.0,45.0,0.0,,100.0,2.0,,,,0,cooldown
2026-07-04T20:19:03,forecast_hot_humid_bursty_r1,forecast,hot_humid,bursty,1,35.628,35.328,35.128,32.628,25.0,45.0,0.0,,100.0,2.0,,,,0,cooldown
2026-07-04T20:19:03,forecast_hot_humid_bursty_r1,forecast,hot_humid,bursty,1,35.62,35.32,35.12,32.62,25.0,45.0,0.0,,100.0,2.0,,,,0,cooldown
2026-07-04T20:19:03,forecast_hot_humid_bursty_r1,forecast,hot_humid,bursty,1,35.611,35.311,35.111,32.611,25.0,45.0,0.0,,100.0,2.0,,,,0,cooldown
2026-07-04T20:19:03,forecast_hot_humid_bursty_r1,forecast,hot_humid,bursty,1,35.603,35.303,35.103,32.603,25.0,45.0,0.0,,100.0,2.0,,,,0,cooldown
2026-07-04T20:19:03,forecast_hot_humid_bursty_r1,forecast,hot_humid,bursty,1,35.595,35.295,35.095,32.595,25.0,45.0,0.0,,100.0,2.0,,,,0,cooldown
2026-07-04T20:19:03,forecast_hot_humid_bursty_r1,forecast,hot_humid,bursty,1,35.586,35.286,35.086,32.586,25.0,45.0,0.0,,100.0,2.0,,,,0,cooldown
2026-07-04T20:19:03,forecast_hot_humid_bursty_r1,forecast,hot_humid,bursty,1,35.578,35.278,35.078,32.578,25.0,45.0,0.0,,100.0,2.0,,,,0,cooldown
2026-07-04T20:19:03,forecast_hot_humid_bursty_r1,forecast,hot_humid,bursty,1,35.57,35.27,35.07,32.57,25.0,45.0,0.0,,100.0,2.0,,,,0,cooldown
2026-07-04T20:19:03,forecast_hot_humid_bursty_r1,forecast,hot_humid,bursty,1,35.561,35.261,35.061,32.561,25.0,45.0,0.0,,100.0,2.0,,,,0,cooldown
2026-07-04T20:19:03,forecast_hot_humid_bursty_r1,forecast,hot_humid,bursty,1,35.553,35.253,35.053,32.553,25.0,45.0,0.0,,100.0,2.0,,,,0,cooldown
2026-07-04T20:19:03,forecast_hot_humid_bursty_r1,forecast,hot_humid,bursty,1,35.545,35.245,35.045,32.545,25.0,45.0,0.0,,100.0,2.0,,,,0,cooldown
2026-07-04T20:19:03,forecast_hot_humid_bursty_r1,forecast,hot_humid,bursty,1,35.536,35.236,35.036,32.536,25.0,45.0,0.0,,100.0,2.0,,,,0,cooldown
2026-07-04T20:19:03,forecast_hot_humid_bursty_r1,forecast,hot_humid,bursty,1,35.528,35.228,35.028,32.528,25.0,45.0,0.0,,100.0,2.0,,,,0,cooldown
2026-07-04T20:19:03,forecast_hot_humid_bursty_r1,forecast,hot_humid,bursty,1,35.52,35.22,35.02,32.52,25.0,45.0,0.0,,100.0,2.0,,,,0,cooldown
2026-07-04T20:19:03,forecast_hot_humid_bursty_r1,forecast,hot_humid,bursty,1,35.511,35.211,35.011,32.511,25.0,45.0,0.0,,100.0,2.0,,,,0,cooldown
2026-07-04T20:19:03,forecast_hot_humid_bursty_r1,forecast,hot_humid,bursty,1,35.503,35.203,35.003,32.503,25.0,45.0,0.0,,100.0,2.0,,,,0,cooldown
2026-07-04T20:19:03,forecast_hot_humid_bursty_r1,forecast,hot_humid,bursty,1,35.495,35.195,34.995,32.495,25.0,45.0,0.0,,100.0,2.0,,,,0,cooldown
2026-07-04T20:19:03,forecast_hot_humid_bursty_r1,forecast,hot_humid,bursty,1,35.486,35.186,34.986,32.486,25.0,45.0,0.0,,100.0,2.0,,,,0,cooldown
2026-07-04T20:19:03,forecast_hot_humid_bursty_r1,forecast,hot_humid,bursty,1,35.478,35.178,34.978,32.478,25.0,45.0,0.0,,100.0,2.0,,,,0,cooldown
2026-07-04T20:19:03,forecast_hot_humid_bursty_r1,forecast,hot_humid,bursty,1,35.47,35.17,34.97,32.47,25.0,45.0,0.0,,100.0,2.0,,,,0,cooldown
2026-07-04T20:19:03,forecast_hot_humid_bursty_r1,forecast,hot_humid,bursty,1,35.462,35.162,34.962,32.462,25.0,45.0,0.0,,100.0,2.0,,,,0,cooldown
2026-07-04T20:19:03,forecast_hot_humid_bursty_r1,forecast,hot_humid,bursty,1,35.453,35.153,34.953,32.453,25.0,45.0,0.0,,100.0,2.0,,,,0,cooldown
2026-07-04T20:19:03,forecast_hot_humid_bursty_r1,forecast,hot_humid,bursty,1,35.445,35.145,34.945,32.445,25.0,45.0,0.0,,100.0,2.0,,,,0,cooldown
2026-07-04T20:19:03,forecast_hot_humid_bursty_r1,forecast,hot_humid,bursty,1,35.437,35.137,34.937,32.437,25.0,45.0,0.0,,100.0,2.0,,,,0,cooldown
2026-07-04T20:19:03,forecast_hot_humid_bursty_r1,forecast,hot_humid,bursty,1,35.429,35.129,34.929,32.429,25.0,45.0,0.0,,100.0,2.0,,,,0,cooldown
2026-07-04T20:19:03,forecast_hot_humid_bursty_r1,forecast,hot_humid,bursty,1,35.42,35.12,34.92,32.42,25.0,45.0,0.0,,100.0,2.0,,,,0,cooldown
2026-07-04T20:19:03,forecast_hot_humid_bursty_r1,forecast,hot_humid,bursty,1,35.412,35.112,34.912,32.412,25.0,45.0,0.0,,100.0,2.0,,,,0,cooldown
2026-07-04T20:19:03,forecast_hot_humid_bursty_r1,forecast,hot_humid,bursty,1,35.404,35.104,34.904,32.404,25.0,45.0,0.0,,100.0,2.0,,,,0,cooldown
2026-07-04T20:19:03,forecast_hot_humid_bursty_r1,forecast,hot_humid,bursty,1,35.396,35.096,34.896,32.396,25.0,45.0,0.0,,100.0,2.0,,,,0,cooldown
2026-07-04T20:19:03,forecast_hot_humid_bursty_r1,forecast,hot_humid,bursty,1,35.388,35.088,34.888,32.388,25.0,45.0,0.0,,100.0,2.0,,,,0,cooldown
2026-07-04T20:19:03,forecast_hot_humid_bursty_r1,forecast,hot_humid,bursty,1,35.379,35.079,34.879,32.379,25.0,45.0,0.0,,100.0,2.0,,,,0,cooldown
2026-07-04T20:19:03,forecast_hot_humid_bursty_r1,forecast,hot_humid,bursty,1,35.371,35.071,34.871,32.371,25.0,45.0,0.0,,100.0,2.0,,,,0,cooldown
2026-07-04T20:19:03,forecast_hot_humid_bursty_r1,forecast,hot_humid,bursty,1,35.363,35.063,34.863,32.363,25.0,45.0,0.0,,100.0,2.0,,,,0,cooldown
2026-07-04T20:19:03,forecast_hot_humid_bursty_r1,forecast,hot_humid,bursty,1,35.355,35.055,34.855,32.355,25.0,45.0,0.0,,100.0,2.0,,,,0,cooldown
2026-07-04T20:19:03,forecast_hot_humid_bursty_r1,forecast,hot_humid,bursty,1,35.347,35.047,34.847,32.347,25.0,45.0,0.0,,100.0,2.0,,,,0,cooldown
2026-07-04T20:19:03,forecast_hot_humid_bursty_r1,forecast,hot_humid,bursty,1,35.338,35.038,34.838,32.338,25.0,45.0,0.0,,100.0,2.0,,,,0,cooldown
2026-07-04T20:19:03,forecast_hot_humid_bursty_r1,forecast,hot_humid,bursty,1,35.33,35.03,34.83,32.33,25.0,45.0,0.0,,100.0,2.0,,,,0,cooldown
2026-07-04T20:19:03,forecast_hot_humid_bursty_r1,forecast,hot_humid,bursty,1,35.322,35.022,34.822,32.322,25.0,45.0,0.0,,100.0,2.0,,,,0,cooldown
2026-07-04T20:19:03,forecast_hot_humid_bursty_r1,forecast,hot_humid,bursty,1,35.314,35.014,34.814,32.314,25.0,45.0,0.0,,100.0,2.0,,,,0,cooldown
2026-07-04T20:19:03,forecast_hot_humid_bursty_r1,forecast,hot_humid,bursty,1,35.306,35.006,34.806,32.306,25.0,45.0,0.0,,100.0,2.0,,,,0,cooldown
2026-07-04T20:19:03,forecast_hot_humid_bursty_r1,forecast,hot_humid,bursty,1,35.298,34.998,34.798,32.298,25.0,45.0,0.0,,100.0,2.0,,,,0,cooldown
2026-07-04T20:19:03,forecast_hot_humid_bursty_r1,forecast,hot_humid,bursty,1,35.29,34.99,34.79,32.29,25.0,45.0,0.0,,100.0,2.0,,,,0,cooldown
2026-07-04T20:19:03,forecast_hot_humid_bursty_r1,forecast,hot_humid,bursty,1,35.281,34.981,34.781,32.281,25.0,45.0,0.0,,100.0,2.0,,,,0,cooldown
2026-07-04T20:19:03,forecast_hot_humid_bursty_r1,forecast,hot_humid,bursty,1,35.273,34.973,34.773,32.273,25.0,45.0,0.0,,100.0,2.0,,,,0,cooldown
2026-07-04T20:19:03,forecast_hot_humid_bursty_r1,forecast,hot_humid,bursty,1,35.265,34.965,34.765,32.265,25.0,45.0,0.0,,100.0,2.0,,,,0,cooldown
2026-07-04T20:19:03,forecast_hot_humid_bursty_r1,forecast,hot_humid,bursty,1,35.257,34.957,34.757,32.257,25.0,45.0,0.0,,100.0,2.0,,,,0,cooldown
2026-07-04T20:19:03,forecast_hot_humid_bursty_r1,forecast,hot_humid,bursty,1,35.249,34.949,34.749,32.249,25.0,45.0,0.0,,100.0,2.0,,,,0,cooldown
2026-07-04T20:19:03,forecast_hot_humid_bursty_r1,forecast,hot_humid,bursty,1,35.241,34.941,34.741,32.241,25.0,45.0,0.0,,100.0,2.0,,,,0,cooldown
2026-07-04T20:19:03,forecast_hot_humid_bursty_r1,forecast,hot_humid,bursty,1,35.233,34.933,34.733,32.233,25.0,45.0,0.0,,100.0,2.0,,,,0,cooldown
2026-07-04T20:19:03,forecast_hot_humid_bursty_r1,forecast,hot_humid,bursty,1,35.225,34.925,34.725,32.225,25.0,45.0,0.0,,100.0,2.0,,,,0,cooldown
2026-07-04T20:19:03,forecast_hot_humid_bursty_r1,forecast,hot_humid,bursty,1,35.217,34.917,34.717,32.217,25.0,45.0,0.0,,100.0,2.0,,,,0,cooldown
2026-07-04T20:19:03,forecast_hot_humid_bursty_r1,forecast,hot_humid,bursty,1,35.209,34.909,34.709,32.209,25.0,45.0,0.0,,100.0,2.0,,,,0,cooldown
2026-07-04T20:19:03,forecast_hot_humid_bursty_r1,forecast,hot_humid,bursty,1,35.201,34.901,34.701,32.201,25.0,45.0,0.0,,100.0,2.0,,,,0,cooldown
2026-07-04T20:19:03,forecast_hot_humid_bursty_r1,forecast,hot_humid,bursty,1,35.192,34.892,34.692,32.192,25.0,45.0,0.0,,100.0,2.0,,,,0,cooldown
2026-07-04T20:19:03,forecast_hot_humid_bursty_r1,forecast,hot_humid,bursty,1,35.184,34.884,34.684,32.184,25.0,45.0,0.0,,100.0,2.0,,,,0,cooldown
2026-07-04T20:19:03,forecast_hot_humid_bursty_r1,forecast,hot_humid,bursty,1,35.176,34.876,34.676,32.176,25.0,45.0,0.0,,100.0,2.0,,,,0,cooldown
2026-07-04T20:19:03,forecast_hot_humid_bursty_r1,forecast,hot_humid,bursty,1,35.168,34.868,34.668,32.168,25.0,45.0,0.0,,100.0,2.0,,,,0,cooldown
2026-07-04T20:19:03,forecast_hot_humid_bursty_r1,forecast,hot_humid,bursty,1,35.16,34.86,34.66,32.16,25.0,45.0,0.0,,100.0,2.0,,,,0,cooldown
2026-07-04T20:19:03,forecast_hot_humid_bursty_r1,forecast,hot_humid,bursty,1,35.152,34.852,34.652,32.152,25.0,45.0,0.0,,100.0,2.0,,,,0,cooldown
2026-07-04T20:19:03,forecast_hot_humid_bursty_r1,forecast,hot_humid,bursty,1,35.144,34.844,34.644,32.144,25.0,45.0,0.0,,100.0,2.0,,,,0,cooldown
2026-07-04T20:19:03,forecast_hot_humid_bursty_r1,forecast,hot_humid,bursty,1,35.136,34.836,34.636,32.136,25.0,45.0,0.0,,100.0,2.0,,,,0,cooldown
2026-07-04T20:19:03,forecast_hot_humid_bursty_r1,forecast,hot_humid,bursty,1,35.128,34.828,34.628,32.128,25.0,45.0,0.0,,100.0,2.0,,,,0,cooldown
2026-07-04T20:19:03,forecast_hot_humid_bursty_r1,forecast,hot_humid,bursty,1,35.12,34.82,34.62,32.12,25.0,45.0,0.0,,100.0,2.0,,,,0,cooldown
2026-07-04T20:19:03,forecast_hot_humid_bursty_r1,forecast,hot_humid,bursty,1,35.112,34.812,34.612,32.112,25.0,45.0,0.0,,100.0,2.0,,,,0,cooldown
2026-07-04T20:19:03,forecast_hot_humid_bursty_r1,forecast,hot_humid,bursty,1,35.104,34.804,34.604,32.104,25.0,45.0,0.0,,100.0,2.0,,,,0,cooldown
2026-07-04T20:19:03,forecast_hot_humid_bursty_r1,forecast,hot_humid,bursty,1,35.096,34.796,34.596,32.096,25.0,45.0,0.0,,100.0,2.0,,,,0,cooldown
2026-07-04T20:19:03,forecast_hot_humid_bursty_r1,forecast,hot_humid,bursty,1,35.088,34.788,34.588,32.088,25.0,45.0,0.0,,100.0,2.0,,,,0,cooldown
2026-07-04T20:19:03,forecast_hot_humid_bursty_r1,forecast,hot_humid,bursty,1,35.08,34.78,34.58,32.08,25.0,45.0,0.0,,100.0,2.0,,,,0,cooldown
2026-07-04T20:19:03,forecast_hot_humid_bursty_r1,forecast,hot_humid,bursty,1,35.072,34.772,34.572,32.072,25.0,45.0,0.0,,100.0,2.0,,,,0,cooldown
2026-07-04T20:19:03,forecast_hot_humid_bursty_r1,forecast,hot_humid,bursty,1,35.064,34.764,34.564,32.064,25.0,45.0,0.0,,100.0,2.0,,,,0,cooldown
2026-07-04T20:19:03,forecast_hot_humid_bursty_r1,forecast,hot_humid,bursty,1,35.057,34.757,34.557,32.057,25.0,45.0,0.0,,100.0,2.0,,,,0,cooldown
2026-07-04T20:19:03,forecast_hot_humid_bursty_r1,forecast,hot_humid,bursty,1,35.049,34.749,34.549,32.049,25.0,45.0,0.0,,100.0,2.0,,,,0,cooldown
2026-07-04T20:19:03,forecast_hot_humid_bursty_r1,forecast,hot_humid,bursty,1,35.041,34.741,34.541,32.041,25.0,45.0,0.0,,100.0,2.0,,,,0,cooldown
2026-07-04T20:19:03,forecast_hot_humid_bursty_r1,forecast,hot_humid,bursty,1,35.033,34.733,34.533,32.033,25.0,45.0,0.0,,100.0,2.0,,,,0,cooldown
2026-07-04T20:19:03,forecast_hot_humid_bursty_r1,forecast,hot_humid,bursty,1,35.025,34.725,34.525,32.025,25.0,45.0,0.0,,100.0,2.0,,,,0,cooldown
2026-07-04T20:19:03,forecast_hot_humid_bursty_r1,forecast,hot_humid,bursty,1,35.017,34.717,34.517,32.017,25.0,45.0,0.0,,100.0,2.0,,,,0,cooldown
2026-07-04T20:19:03,forecast_hot_humid_bursty_r1,forecast,hot_humid,bursty,1,35.009,34.709,34.509,32.009,25.0,45.0,0.0,,100.0,2.0,,,,0,cooldown
2026-07-04T20:19:03,forecast_hot_humid_bursty_r1,forecast,hot_humid,bursty,1,35.001,34.701,34.501,32.001,25.0,45.0,0.0,,100.0,2.0,,,,0,cooldown
2026-07-04T20:19:03,forecast_hot_humid_bursty_r1,forecast,hot_humid,bursty,1,34.993,34.693,34.493,31.993,25.0,45.0,0.0,,100.0,2.0,,,,0,cooldown
2026-07-04T20:19:03,forecast_hot_humid_bursty_r1,forecast,hot_humid,bursty,1,34.985,34.685,34.485,31.985,25.0,45.0,0.0,,100.0,2.0,,,,0,cooldown
2026-07-04T20:19:03,forecast_hot_humid_bursty_r1,forecast,hot_humid,bursty,1,34.977,34.677,34.477,31.977,25.0,45.0,0.0,,100.0,2.0,,,,0,cooldown
2026-07-04T20:19:03,forecast_hot_humid_bursty_r1,forecast,hot_humid,bursty,1,34.97,34.67,34.47,31.97,25.0,45.0,0.0,,100.0,2.0,,,,0,cooldown
2026-07-04T20:19:03,forecast_hot_humid_bursty_r1,forecast,hot_humid,bursty,1,34.962,34.662,34.462,31.962,25.0,45.0,0.0,,100.0,2.0,,,,0,cooldown
2026-07-04T20:19:03,forecast_hot_humid_bursty_r1,forecast,hot_humid,bursty,1,34.954,34.654,34.454,31.954,25.0,45.0,0.0,,100.0,2.0,,,,0,cooldown
2026-07-04T20:19:03,forecast_hot_humid_bursty_r1,forecast,hot_humid,bursty,1,34.946,34.646,34.446,31.946,25.0,45.0,0.0,,100.0,2.0,,,,0,cooldown
2026-07-04T20:19:03,forecast_hot_humid_bursty_r1,forecast,hot_humid,bursty,1,34.938,34.638,34.438,31.938,25.0,45.0,0.0,,100.0,2.0,,,,0,cooldown
2026-07-04T20:19:03,forecast_hot_humid_bursty_r1,forecast,hot_humid,bursty,1,34.93,34.63,34.43,31.93,25.0,45.0,0.0,,100.0,2.0,,,,0,cooldown
2026-07-04T20:19:03,forecast_hot_humid_bursty_r1,forecast,hot_humid,bursty,1,34.922,34.622,34.422,31.922,25.0,45.0,0.0,,100.0,2.0,,,,0,cooldown
2026-07-04T20:19:03,forecast_hot_humid_bursty_r1,forecast,hot_humid,bursty,1,34.915,34.615,34.415,31.915,25.0,45.0,0.0,,100.0,2.0,,,,0,cooldown
2026-07-04T20:19:03,forecast_hot_humid_bursty_r1,forecast,hot_humid,bursty,1,34.907,34.607,34.407,31.907,25.0,45.0,0.0,,100.0,2.0,,,,0,cooldown
2026-07-04T20:19:03,forecast_hot_humid_bursty_r1,forecast,hot_humid,bursty,1,34.899,34.599,34.399,31.899,25.0,45.0,0.0,,100.0,2.0,,,,0,cooldown
2026-07-04T20:19:03,forecast_hot_humid_bursty_r1,forecast,hot_humid,bursty,1,34.891,34.591,34.391,31.891,25.0,45.0,0.0,,100.0,2.0,,,,0,cooldown
2026-07-04T20:19:03,forecast_hot_humid_bursty_r1,forecast,hot_humid,bursty,1,34.883,34.583,34.383,31.883,25.0,45.0,0.0,,100.0,2.0,,,,0,cooldown
2026-07-04T20:19:03,forecast_hot_humid_bursty_r1,forecast,hot_humid,bursty,1,34.876,34.576,34.376,31.876,25.0,45.0,0.0,,100.0,2.0,,,,0,cooldown
2026-07-04T20:19:03,forecast_hot_humid_bursty_r1,forecast,hot_humid,bursty,1,34.868,34.568,34.368,31.868,25.0,45.0,0.0,,100.0,2.0,,,,0,cooldown
2026-07-04T20:19:03,forecast_hot_humid_bursty_r1,forecast,hot_humid,bursty,1,34.86,34.56,34.36,31.86,25.0,45.0,0.0,,100.0,2.0,,,,0,cooldown
2026-07-04T20:19:03,forecast_hot_humid_bursty_r1,forecast,hot_humid,bursty,1,34.852,34.552,34.352,31.852,25.0,45.0,0.0,,100.0,2.0,,,,0,cooldown
2026-07-04T20:19:03,forecast_hot_humid_bursty_r1,forecast,hot_humid,bursty,1,34.844,34.544,34.344,31.844,25.0,45.0,0.0,,100.0,2.0,,,,0,cooldown
2026-07-04T20:19:03,forecast_hot_humid_bursty_r1,forecast,hot_humid,bursty,1,34.837,34.537,34.337,31.837,25.0,45.0,0.0,,100.0,2.0,,,,0,cooldown
2026-07-04T20:19:03,forecast_hot_humid_bursty_r1,forecast,hot_humid,bursty,1,34.829,34.529,34.329,31.829,25.0,45.0,0.0,,100.0,2.0,,,,0,cooldown
2026-07-04T20:19:03,forecast_hot_humid_bursty_r1,forecast,hot_humid,bursty,1,34.821,34.521,34.321,31.821,25.0,45.0,0.0,,100.0,2.0,,,,0,cooldown
2026-07-04T20:19:03,forecast_hot_humid_bursty_r1,forecast,hot_humid,bursty,1,34.813,34.513,34.313,31.813,25.0,45.0,0.0,,100.0,2.0,,,,0,cooldown
2026-07-04T20:19:03,forecast_hot_humid_bursty_r1,forecast,hot_humid,bursty,1,34.806,34.506,34.306,31.806,25.0,45.0,0.0,,100.0,2.0,,,,0,cooldown
2026-07-04T20:19:03,forecast_hot_humid_bursty_r1,forecast,hot_humid,bursty,1,34.798,34.498,34.298,31.798,25.0,45.0,0.0,,100.0,2.0,,,,0,cooldown
2026-07-04T20:19:03,forecast_hot_humid_bursty_r1,forecast,hot_humid,bursty,1,34.79,34.49,34.29,31.79,25.0,45.0,0.0,,100.0,2.0,,,,0,cooldown
2026-07-04T20:19:03,forecast_hot_humid_bursty_r1,forecast,hot_humid,bursty,1,34.782,34.482,34.282,31.782,25.0,45.0,0.0,,100.0,2.0,,,,0,cooldown
2026-07-04T20:19:03,forecast_hot_humid_bursty_r1,forecast,hot_humid,bursty,1,34.775,34.475,34.275,31.775,25.0,45.0,0.0,,100.0,2.0,,,,0,cooldown
2026-07-04T20:19:03,forecast_hot_humid_bursty_r1,forecast,hot_humid,bursty,1,34.767,34.467,34.267,31.767,25.0,45.0,0.0,,100.0,2.0,,,,0,cooldown
2026-07-04T20:19:03,forecast_hot_humid_bursty_r1,forecast,hot_humid,bursty,1,34.759,34.459,34.259,31.759,25.0,45.0,0.0,,100.0,2.0,,,,0,cooldown
2026-07-04T20:19:03,forecast_hot_humid_bursty_r1,forecast,hot_humid,bursty,1,34.752,34.452,34.252,31.752,25.0,45.0,0.0,,100.0,2.0,,,,0,cooldown
2026-07-04T20:19:03,forecast_hot_humid_bursty_r1,forecast,hot_humid,bursty,1,34.744,34.444,34.244,31.744,25.0,45.0,0.0,,100.0,2.0,,,,0,cooldown
2026-07-04T20:19:03,forecast_hot_humid_bursty_r1,forecast,hot_humid,bursty,1,34.736,34.436,34.236,31.736,25.0,45.0,0.0,,100.0,2.0,,,,0,cooldown
2026-07-04T20:19:03,forecast_hot_humid_bursty_r1,forecast,hot_humid,bursty,1,34.728,34.428,34.228,31.728,25.0,45.0,0.0,,100.0,2.0,,,,0,cooldown
2026-07-04T20:19:03,forecast_hot_humid_bursty_r1,forecast,hot_humid,bursty,1,34.721,34.421,34.221,31.721,25.0,45.0,0.0,,100.0,2.0,,,,0,cooldown
2026-07-04T20:19:03,forecast_hot_humid_bursty_r1,forecast,hot_humid,bursty,1,34.713,34.413,34.213,31.713,25.0,45.0,0.0,,100.0,2.0,,,,0,cooldown
2026-07-04T20:19:03,forecast_hot_humid_bursty_r1,forecast,hot_humid,bursty,1,34.705,34.405,34.205,31.705,25.0,45.0,0.0,,100.0,2.0,,,,0,cooldown
2026-07-04T20:19:03,forecast_hot_humid_bursty_r1,forecast,hot_humid,bursty,1,34.698,34.398,34.198,31.698,25.0,45.0,0.0,,100.0,2.0,,,,0,cooldown
2026-07-04T20:19:03,forecast_hot_humid_bursty_r1,forecast,hot_humid,bursty,1,34.69,34.39,34.19,31.69,25.0,45.0,0.0,,100.0,2.0,,,,0,cooldown
2026-07-04T20:19:03,forecast_hot_humid_bursty_r1,forecast,hot_humid,bursty,1,34.682,34.382,34.182,31.682,25.0,45.0,0.0,,100.0,2.0,,,,0,cooldown
2026-07-04T20:19:03,forecast_hot_humid_bursty_r1,forecast,hot_humid,bursty,1,34.675,34.375,34.175,31.675,25.0,45.0,0.0,,100.0,2.0,,,,0,cooldown
2026-07-04T20:19:03,forecast_hot_humid_bursty_r1,forecast,hot_humid,bursty,1,34.667,34.367,34.167,31.667,25.0,45.0,0.0,,100.0,2.0,,,,0,cooldown
2026-07-04T20:19:03,forecast_hot_humid_bursty_r1,forecast,hot_humid,bursty,1,34.66,34.36,34.16,31.66,25.0,45.0,0.0,,100.0,2.0,,,,0,cooldown
2026-07-04T20:19:03,forecast_hot_humid_bursty_r1,forecast,hot_humid,bursty,1,34.652,34.352,34.152,31.652,25.0,45.0,0.0,,100.0,2.0,,,,0,cooldown
2026-07-04T20:19:03,forecast_hot_humid_bursty_r1,forecast,hot_humid,bursty,1,34.644,34.344,34.144,31.644,25.0,45.0,0.0,,100.0,2.0,,,,0,cooldown
2026-07-04T20:19:03,forecast_hot_humid_bursty_r1,forecast,hot_humid,bursty,1,34.637,34.337,34.137,31.637,25.0,45.0,0.0,,100.0,2.0,,,,0,cooldown
2026-07-04T20:19:03,forecast_hot_humid_bursty_r1,forecast,hot_humid,bursty,1,34.629,34.329,34.129,31.629,25.0,45.0,0.0,,100.0,2.0,,,,0,cooldown
2026-07-04T20:19:03,forecast_hot_humid_bursty_r1,forecast,hot_humid,bursty,1,34.621,34.321,34.121,31.621,25.0,45.0,0.0,,100.0,2.0,,,,0,cooldown
2026-07-04T20:19:03,forecast_hot_humid_bursty_r1,forecast,hot_humid,bursty,1,34.614,34.314,34.114,31.614,25.0,45.0,0.0,,100.0,2.0,,,,0,cooldown
2026-07-04T20:19:03,forecast_hot_humid_bursty_r1,forecast,hot_humid,bursty,1,34.606,34.306,34.106,31.606,25.0,45.0,0.0,,100.0,2.0,,,,0,cooldown
2026-07-04T20:19:03,forecast_hot_humid_bursty_r1,forecast,hot_humid,bursty,1,34.599,34.299,34.099,31.599,25.0,45.0,0.0,,100.0,2.0,,,,0,cooldown
2026-07-04T20:19:03,forecast_hot_humid_bursty_r1,forecast,hot_humid,bursty,1,34.591,34.291,34.091,31.591,25.0,45.0,0.0,,100.0,2.0,,,,0,cooldown
2026-07-04T20:19:03,forecast_hot_humid_bursty_r1,forecast,hot_humid,bursty,1,34.584,34.284,34.084,31.584,25.0,45.0,0.0,,100.0,2.0,,,,0,cooldown
2026-07-04T20:19:03,forecast_hot_humid_bursty_r1,forecast,hot_humid,bursty,1,34.576,34.276,34.076,31.576,25.0,45.0,0.0,,100.0,2.0,,,,0,cooldown
2026-07-04T20:19:03,forecast_hot_humid_bursty_r1,forecast,hot_humid,bursty,1,34.568,34.268,34.068,31.568,25.0,45.0,0.0,,100.0,2.0,,,,0,cooldown
2026-07-04T20:19:03,forecast_hot_humid_bursty_r1,forecast,hot_humid,bursty,1,34.561,34.261,34.061,31.561,25.0,45.0,0.0,,100.0,2.0,,,,0,cooldown
2026-07-04T20:19:03,forecast_hot_humid_bursty_r1,forecast,hot_humid,bursty,1,34.553,34.253,34.053,31.553,25.0,45.0,0.0,,100.0,2.0,,,,0,cooldown
2026-07-04T20:19:03,forecast_hot_humid_bursty_r1,forecast,hot_humid,bursty,1,34.546,34.246,34.046,31.546,25.0,45.0,0.0,,100.0,2.0,,,,0,cooldown
2026-07-04T20:19:03,forecast_hot_humid_bursty_r1,forecast,hot_humid,bursty,1,34.538,34.238,34.038,31.538,25.0,45.0,0.0,,100.0,2.0,,,,0,cooldown
2026-07-04T20:19:03,forecast_hot_humid_bursty_r1,forecast,hot_humid,bursty,1,34.531,34.231,34.031,31.531,25.0,45.0,0.0,,100.0,2.0,,,,0,cooldown
2026-07-04T20:19:03,forecast_hot_humid_bursty_r1,forecast,hot_humid,bursty,1,34.523,34.223,34.023,31.523,25.0,45.0,0.0,,100.0,2.0,,,,0,cooldown
2026-07-04T20:19:03,forecast_hot_humid_bursty_r1,forecast,hot_humid,bursty,1,34.516,34.216,34.016,31.516,25.0,45.0,0.0,,100.0,2.0,,,,0,cooldown
2026-07-04T20:19:03,forecast_hot_humid_bursty_r1,forecast,hot_humid,bursty,1,34.508,34.208,34.008,31.508,25.0,45.0,0.0,,100.0,2.0,,,,0,cooldown
2026-07-04T20:19:03,forecast_hot_humid_bursty_r1,forecast,hot_humid,bursty,1,34.501,34.201,34.001,31.501,25.0,45.0,0.0,,100.0,2.0,,,,0,cooldown
2026-07-04T20:19:03,forecast_hot_humid_bursty_r1,forecast,hot_humid,bursty,1,34.493,34.193,33.993,31.493,25.0,45.0,0.0,,100.0,2.0,,,,0,cooldown
2026-07-04T20:19:03,forecast_hot_humid_bursty_r1,forecast,hot_humid,bursty,1,34.486,34.186,33.986,31.486,25.0,45.0,0.0,,100.0,2.0,,,,0,cooldown
2026-07-04T20:19:03,forecast_hot_humid_bursty_r1,forecast,hot_humid,bursty,1,34.478,34.178,33.978,31.478,25.0,45.0,0.0,,100.0,2.0,,,,0,cooldown
2026-07-04T20:19:03,forecast_hot_humid_bursty_r1,forecast,hot_humid,bursty,1,34.471,34.171,33.971,31.471,25.0,45.0,0.0,,100.0,2.0,,,,0,cooldown
2026-07-04T20:19:03,forecast_hot_humid_bursty_r1,forecast,hot_humid,bursty,1,34.463,34.163,33.963,31.463,25.0,45.0,0.0,,100.0,2.0,,,,0,cooldown
2026-07-04T20:19:03,forecast_hot_humid_bursty_r1,forecast,hot_humid,bursty,1,34.456,34.156,33.956,31.456,25.0,45.0,0.0,,100.0,2.0,,,,0,cooldown
2026-07-04T20:19:03,forecast_hot_humid_bursty_r1,forecast,hot_humid,bursty,1,34.448,34.148,33.948,31.448,25.0,45.0,0.0,,100.0,2.0,,,,0,cooldown
2026-07-04T20:19:03,forecast_hot_humid_bursty_r1,forecast,hot_humid,bursty,1,34.441,34.141,33.941,31.441,25.0,45.0,0.0,,100.0,2.0,,,,0,cooldown
2026-07-04T20:19:03,forecast_hot_humid_bursty_r1,forecast,hot_humid,bursty,1,34.433,34.133,33.933,31.433,25.0,45.0,0.0,,100.0,2.0,,,,0,cooldown
2026-07-04T20:19:03,forecast_hot_humid_bursty_r1,forecast,hot_humid,bursty,1,34.426,34.126,33.926,31.426,25.0,45.0,0.0,,100.0,2.0,,,,0,cooldown
2026-07-04T20:19:03,forecast_hot_humid_bursty_r1,forecast,hot_humid,bursty,1,34.418,34.118,33.918,31.418,25.0,45.0,0.0,,100.0,2.0,,,,0,cooldown
2026-07-04T20:19:03,forecast_hot_humid_bursty_r1,forecast,hot_humid,bursty,1,34.411,34.111,33.911,31.411,25.0,45.0,0.0,,100.0,2.0,,,,0,cooldown
2026-07-04T20:19:03,forecast_hot_humid_bursty_r1,forecast,hot_humid,bursty,1,34.404,34.104,33.904,31.404,25.0,45.0,0.0,,100.0,2.0,,,,0,cooldown
2026-07-04T20:19:03,forecast_hot_humid_bursty_r1,forecast,hot_humid,bursty,1,34.396,34.096,33.896,31.396,25.0,45.0,0.0,,100.0,2.0,,,,0,cooldown
2026-07-04T20:19:03,forecast_hot_humid_bursty_r1,forecast,hot_humid,bursty,1,34.389,34.089,33.889,31.389,25.0,45.0,0.0,,100.0,2.0,,,,0,cooldown
2026-07-04T20:19:03,forecast_hot_humid_bursty_r1,forecast,hot_humid,bursty,1,34.381,34.081,33.881,31.381,25.0,45.0,0.0,,100.0,2.0,,,,0,cooldown
2026-07-04T20:19:03,forecast_hot_humid_bursty_r1,forecast,hot_humid,bursty,1,34.374,34.074,33.874,31.374,25.0,45.0,0.0,,100.0,2.0,,,,0,cooldown
2026-07-04T20:19:03,forecast_hot_humid_bursty_r1,forecast,hot_humid,bursty,1,34.367,34.067,33.867,31.367,25.0,45.0,0.0,,100.0,2.0,,,,0,cooldown
2026-07-04T20:19:03,forecast_hot_humid_bursty_r1,forecast,hot_humid,bursty,1,34.359,34.059,33.859,31.359,25.0,45.0,0.0,,100.0,2.0,,,,0,cooldown
2026-07-04T20:19:03,forecast_hot_humid_bursty_r1,forecast,hot_humid,bursty,1,34.352,34.052,33.852,31.352,25.0,45.0,0.0,,100.0,2.0,,,,0,cooldown
2026-07-04T20:19:03,forecast_hot_humid_bursty_r1,forecast,hot_humid,bursty,1,34.344,34.044,33.844,31.344,25.0,45.0,0.0,,100.0,2.0,,,,0,cooldown
2026-07-04T20:19:03,forecast_hot_humid_bursty_r1,forecast,hot_humid,bursty,1,34.337,34.037,33.837,31.337,25.0,45.0,0.0,,100.0,2.0,,,,0,cooldown
2026-07-04T20:19:03,forecast_hot_humid_bursty_r1,forecast,hot_humid,bursty,1,34.33,34.03,33.83,31.33,25.0,45.0,0.0,,100.0,2.0,,,,0,cooldown
2026-07-04T20:19:03,forecast_hot_humid_bursty_r1,forecast,hot_humid,bursty,1,34.322,34.022,33.822,31.322,25.0,45.0,0.0,,100.0,2.0,,,,0,cooldown
2026-07-04T20:19:03,forecast_hot_humid_bursty_r1,forecast,hot_humid,bursty,1,34.315,34.015,33.815,31.315,25.0,45.0,0.0,,100.0,2.0,,,,0,cooldown
2026-07-04T20:19:03,forecast_hot_humid_bursty_r1,forecast,hot_humid,bursty,1,34.308,34.008,33.808,31.308,25.0,45.0,0.0,,100.0,2.0,,,,0,cooldown
2026-07-04T20:19:03,forecast_hot_humid_bursty_r1,forecast,hot_humid,bursty,1,34.3,34.0,33.8,31.3,25.0,45.0,0.0,,100.0,2.0,,,,0,cooldown
2026-07-04T20:19:03,forecast_hot_humid_bursty_r1,forecast,hot_humid,bursty,1,34.293,33.993,33.793,31.293,25.0,45.0,0.0,,100.0,2.0,,,,0,cooldown
2026-07-04T20:19:03,forecast_hot_humid_bursty_r1,forecast,hot_humid,bursty,1,34.286,33.986,33.786,31.286,25.0,45.0,0.0,,100.0,2.0,,,,0,cooldown
2026-07-04T20:19:03,forecast_hot_humid_bursty_r1,forecast,hot_humid,bursty,1,34.278,33.978,33.778,31.278,25.0,45.0,0.0,,100.0,2.0,,,,0,cooldown
2026-07-04T20:19:03,forecast_hot_humid_bursty_r1,forecast,hot_humid,bursty,1,34.271,33.971,33.771,31.271,25.0,45.0,0.0,,100.0,2.0,,,,0,cooldown
2026-07-04T20:19:03,forecast_hot_humid_bursty_r1,forecast,hot_humid,bursty,1,34.264,33.964,33.764,31.264,25.0,45.0,0.0,,100.0,2.0,,,,0,cooldown
2026-07-04T20:19:03,forecast_hot_humid_bursty_r1,forecast,hot_humid,bursty,1,34.256,33.956,33.756,31.256,25.0,45.0,0.0,,100.0,2.0,,,,0,cooldown
2026-07-04T20:19:03,forecast_hot_humid_bursty_r1,forecast,hot_humid,bursty,1,34.249,33.949,33.749,31.249,25.0,45.0,0.0,,100.0,2.0,,,,0,cooldown
2026-07-04T20:19:03,forecast_hot_humid_bursty_r1,forecast,hot_humid,bursty,1,34.242,33.942,33.742,31.242,25.0,45.0,0.0,,100.0,2.0,,,,0,cooldown
2026-07-04T20:19:03,forecast_hot_humid_bursty_r1,forecast,hot_humid,bursty,1,34.234,33.934,33.734,31.234,25.0,45.0,0.0,,100.0,2.0,,,,0,cooldown
2026-07-04T20:19:03,forecast_hot_humid_bursty_r1,forecast,hot_humid,bursty,1,34.227,33.927,33.727,31.227,25.0,45.0,0.0,,100.0,2.0,,,,0,cooldown
2026-07-04T20:19:03,forecast_hot_humid_bursty_r1,forecast,hot_humid,bursty,1,34.22,33.92,33.72,31.22,25.0,45.0,0.0,,100.0,2.0,,,,0,cooldown
2026-07-04T20:19:03,forecast_hot_humid_bursty_r1,forecast,hot_humid,bursty,1,34.212,33.912,33.712,31.212,25.0,45.0,0.0,,100.0,2.0,,,,0,cooldown
2026-07-04T20:19:03,forecast_hot_humid_bursty_r1,forecast,hot_humid,bursty,1,34.205,33.905,33.705,31.205,25.0,45.0,0.0,,100.0,2.0,,,,0,cooldown
2026-07-04T20:19:03,forecast_hot_humid_bursty_r1,forecast,hot_humid,bursty,1,34.198,33.898,33.698,31.198,25.0,45.0,0.0,,100.0,2.0,,,,0,cooldown
2026-07-04T20:19:03,forecast_hot_humid_bursty_r1,forecast,hot_humid,bursty,1,34.191,33.891,33.691,31.191,25.0,45.0,0.0,,100.0,2.0,,,,0,cooldown
2026-07-04T20:19:03,forecast_hot_humid_bursty_r1,forecast,hot_humid,bursty,1,34.183,33.883,33.683,31.183,25.0,45.0,0.0,,100.0,2.0,,,,0,cooldown
2026-07-04T20:19:03,forecast_hot_humid_bursty_r1,forecast,hot_humid,bursty,1,34.176,33.876,33.676,31.176,25.0,45.0,0.0,,100.0,2.0,,,,0,cooldown
2026-07-04T20:19:03,forecast_hot_humid_bursty_r1,forecast,hot_humid,bursty,1,34.169,33.869,33.669,31.169,25.0,45.0,0.0,,100.0,2.0,,,,0,cooldown
2026-07-04T20:19:03,forecast_hot_humid_bursty_r1,forecast,hot_humid,bursty,1,34.162,33.862,33.662,31.162,25.0,45.0,0.0,,100.0,2.0,,,,0,cooldown
2026-07-04T20:19:03,forecast_hot_humid_bursty_r1,forecast,hot_humid,bursty,1,34.154,33.854,33.654,31.154,25.0,45.0,0.0,,100.0,2.0,,,,0,cooldown
2026-07-04T20:19:03,forecast_hot_humid_bursty_r1,forecast,hot_humid,bursty,1,34.147,33.847,33.647,31.147,25.0,45.0,0.0,,100.0,2.0,,,,0,cooldown
2026-07-04T20:19:03,forecast_hot_humid_bursty_r1,forecast,hot_humid,bursty,1,34.14,33.84,33.64,31.14,25.0,45.0,0.0,,100.0,2.0,,,,0,cooldown
2026-07-04T20:19:03,forecast_hot_humid_bursty_r1,forecast,hot_humid,bursty,1,34.133,33.833,33.633,31.133,25.0,45.0,0.0,,100.0,2.0,,,,0,cooldown
2026-07-04T20:19:03,forecast_hot_humid_bursty_r1,forecast,hot_humid,bursty,1,34.126,33.826,33.626,31.126,25.0,45.0,0.0,,100.0,2.0,,,,0,cooldown
2026-07-04T20:19:03,forecast_hot_humid_bursty_r1,forecast,hot_humid,bursty,1,34.118,33.818,33.618,31.118,25.0,45.0,0.0,,100.0,2.0,,,,0,cooldown
2026-07-04T20:19:03,forecast_hot_humid_bursty_r1,forecast,hot_humid,bursty,1,34.111,33.811,33.611,31.111,25.0,45.0,0.0,,100.0,2.0,,,,0,cooldown
2026-07-04T20:19:03,forecast_hot_humid_bursty_r1,forecast,hot_humid,bursty,1,34.104,33.804,33.604,31.104,25.0,45.0,0.0,,100.0,2.0,,,,0,cooldown
2026-07-04T20:19:03,forecast_hot_humid_bursty_r1,forecast,hot_humid,bursty,1,34.097,33.797,33.597,31.097,25.0,45.0,0.0,,100.0,2.0,,,,0,cooldown
2026-07-04T20:19:03,forecast_hot_humid_bursty_r1,forecast,hot_humid,bursty,1,34.09,33.79,33.59,31.09,25.0,45.0,0.0,,100.0,2.0,,,,0,cooldown
2026-07-04T20:19:03,forecast_hot_humid_bursty_r1,forecast,hot_humid,bursty,1,34.082,33.782,33.582,31.082,25.0,45.0,0.0,,100.0,2.0,,,,0,cooldown
2026-07-04T20:19:03,forecast_hot_humid_bursty_r1,forecast,hot_humid,bursty,1,34.075,33.775,33.575,31.075,25.0,45.0,0.0,,100.0,2.0,,,,0,cooldown
2026-07-04T20:19:03,forecast_hot_humid_bursty_r1,forecast,hot_humid,bursty,1,34.068,33.768,33.568,31.068,25.0,45.0,0.0,,100.0,2.0,,,,0,cooldown
2026-07-04T20:19:03,forecast_hot_humid_bursty_r1,forecast,hot_humid,bursty,1,34.061,33.761,33.561,31.061,25.0,45.0,0.0,,100.0,2.0,,,,0,cooldown
2026-07-04T20:19:03,forecast_hot_humid_bursty_r1,forecast,hot_humid,bursty,1,34.054,33.754,33.554,31.054,25.0,45.0,0.0,,100.0,2.0,,,,0,cooldown
2026-07-04T20:19:03,forecast_hot_humid_bursty_r1,forecast,hot_humid,bursty,1,34.047,33.747,33.547,31.047,25.0,45.0,0.0,,100.0,2.0,,,,0,cooldown
2026-07-04T20:19:03,forecast_hot_humid_bursty_r1,forecast,hot_humid,bursty,1,34.039,33.739,33.539,31.039,25.0,45.0,0.0,,100.0,2.0,,,,0,cooldown
2026-07-04T20:19:03,forecast_hot_humid_bursty_r1,forecast,hot_humid,bursty,1,34.032,33.732,33.532,31.032,25.0,45.0,0.0,,100.0,2.0,,,,0,cooldown
2026-07-04T20:19:03,forecast_hot_humid_bursty_r1,forecast,hot_humid,bursty,1,34.025,33.725,33.525,31.025,25.0,45.0,0.0,,100.0,2.0,,,,0,cooldown
2026-07-04T20:19:03,forecast_hot_humid_bursty_r1,forecast,hot_humid,bursty,1,34.018,33.718,33.518,31.018,25.0,45.0,0.0,,100.0,2.0,,,,0,cooldown
2026-07-04T20:19:03,forecast_hot_humid_bursty_r1,forecast,hot_humid,bursty,1,34.011,33.711,33.511,31.011,25.0,45.0,0.0,,100.0,2.0,,,,0,cooldown
2026-07-04T20:19:03,forecast_hot_humid_bursty_r1,forecast,hot_humid,bursty,1,34.004,33.704,33.504,31.004,25.0,45.0,0.0,,100.0,2.0,,,,0,cooldown
2026-07-04T20:19:03,forecast_hot_humid_bursty_r1,forecast,hot_humid,bursty,1,33.997,33.697,33.497,30.997,25.0,45.0,0.0,,100.0,2.0,,,,0,cooldown
2026-07-04T20:19:03,forecast_hot_humid_bursty_r1,forecast,hot_humid,bursty,1,33.99,33.69,33.49,30.99,25.0,45.0,0.0,,100.0,2.0,,,,0,cooldown
2026-07-04T20:19:03,forecast_hot_humid_bursty_r1,forecast,hot_humid,bursty,1,33.983,33.683,33.483,30.983,25.0,45.0,0.0,,100.0,2.0,,,,0,cooldown
2026-07-04T20:19:03,forecast_hot_humid_bursty_r1,forecast,hot_humid,bursty,1,33.975,33.675,33.475,30.975,25.0,45.0,0.0,,100.0,2.0,,,,0,cooldown
2026-07-04T20:19:03,forecast_hot_humid_bursty_r1,forecast,hot_humid,bursty,1,33.968,33.668,33.468,30.968,25.0,45.0,0.0,,100.0,2.0,,,,0,cooldown
2026-07-04T20:19:03,forecast_hot_humid_bursty_r1,forecast,hot_humid,bursty,1,33.961,33.661,33.461,30.961,25.0,45.0,0.0,,100.0,2.0,,,,0,cooldown
2026-07-04T20:19:03,forecast_hot_humid_bursty_r1,forecast,hot_humid,bursty,1,33.954,33.654,33.454,30.954,25.0,45.0,0.0,,100.0,2.0,,,,0,cooldown
2026-07-04T20:19:03,forecast_hot_humid_bursty_r1,forecast,hot_humid,bursty,1,33.947,33.647,33.447,30.947,25.0,45.0,0.0,,100.0,2.0,,,,0,cooldown
2026-07-04T20:19:03,forecast_hot_humid_bursty_r1,forecast,hot_humid,bursty,1,33.94,33.64,33.44,30.94,25.0,45.0,0.0,,100.0,2.0,,,,0,cooldown
2026-07-04T20:19:03,forecast_hot_humid_bursty_r1,forecast,hot_humid,bursty,1,33.933,33.633,33.433,30.933,25.0,45.0,0.0,,100.0,2.0,,,,0,cooldown
2026-07-04T20:19:03,forecast_hot_humid_bursty_r1,forecast,hot_humid,bursty,1,33.926,33.626,33.426,30.926,25.0,45.0,0.0,,100.0,2.0,,,,0,cooldown
2026-07-04T20:19:03,forecast_hot_humid_bursty_r1,forecast,hot_humid,bursty,1,33.919,33.619,33.419,30.919,25.0,45.0,0.0,,100.0,2.0,,,,0,cooldown
2026-07-04T20:19:03,forecast_hot_humid_bursty_r1,forecast,hot_humid,bursty,1,33.912,33.612,33.412,30.912,25.0,45.0,0.0,,100.0,2.0,,,,0,cooldown
2026-07-04T20:19:03,forecast_hot_humid_bursty_r1,forecast,hot_humid,bursty,1,33.905,33.605,33.405,30.905,25.0,45.0,0.0,,100.0,2.0,,,,0,cooldown
2026-07-04T20:19:03,forecast_hot_humid_bursty_r1,forecast,hot_humid,bursty,1,33.898,33.598,33.398,30.898,25.0,45.0,0.0,,100.0,2.0,,,,0,cooldown
2026-07-04T20:19:03,forecast_hot_humid_bursty_r1,forecast,hot_humid,bursty,1,33.891,33.591,33.391,30.891,25.0,45.0,0.0,,100.0,2.0,,,,0,cooldown
2026-07-04T20:19:03,forecast_hot_humid_bursty_r1,forecast,hot_humid,bursty,1,33.884,33.584,33.384,30.884,25.0,45.0,0.0,,100.0,2.0,,,,0,cooldown
2026-07-04T20:19:03,forecast_hot_humid_bursty_r1,forecast,hot_humid,bursty,1,33.877,33.577,33.377,30.877,25.0,45.0,0.0,,100.0,2.0,,,,0,cooldown
2026-07-04T20:19:03,forecast_hot_humid_bursty_r1,forecast,hot_humid,bursty,1,33.87,33.57,33.37,30.87,25.0,45.0,0.0,,100.0,2.0,,,,0,cooldown
2026-07-04T20:19:03,forecast_hot_humid_bursty_r1,forecast,hot_humid,bursty,1,33.863,33.563,33.363,30.863,25.0,45.0,0.0,,100.0,2.0,,,,0,cooldown
2026-07-04T20:19:03,forecast_hot_humid_bursty_r1,forecast,hot_humid,bursty,1,33.856,33.556,33.356,30.856,25.0,45.0,0.0,,100.0,2.0,,,,0,cooldown
2026-07-04T20:19:03,forecast_hot_humid_bursty_r1,forecast,hot_humid,bursty,1,33.849,33.549,33.349,30.849,25.0,45.0,0.0,,100.0,2.0,,,,0,cooldown
2026-07-04T20:19:03,forecast_hot_humid_bursty_r1,forecast,hot_humid,bursty,1,33.842,33.542,33.342,30.842,25.0,45.0,0.0,,100.0,2.0,,,,0,cooldown
2026-07-04T20:19:03,forecast_hot_humid_bursty_r1,forecast,hot_humid,bursty,1,33.835,33.535,33.335,30.835,25.0,45.0,0.0,,100.0,2.0,,,,0,cooldown
2026-07-04T20:19:03,forecast_hot_humid_bursty_r1,forecast,hot_humid,bursty,1,33.828,33.528,33.328,30.828,25.0,45.0,0.0,,100.0,2.0,,,,0,cooldown
2026-07-04T20:19:03,forecast_hot_humid_bursty_r1,forecast,hot_humid,bursty,1,33.821,33.521,33.321,30.821,25.0,45.0,0.0,,100.0,2.0,,,,0,cooldown
2026-07-04T20:19:03,forecast_hot_humid_bursty_r1,forecast,hot_humid,bursty,1,33.814,33.514,33.314,30.814,25.0,45.0,0.0,,100.0,2.0,,,,0,cooldown
2026-07-04T20:19:03,forecast_hot_humid_bursty_r1,forecast,hot_humid,bursty,1,33.807,33.507,33.307,30.807,25.0,45.0,0.0,,100.0,2.0,,,,0,cooldown
2026-07-04T20:19:03,forecast_hot_humid_bursty_r1,forecast,hot_humid,bursty,1,33.8,33.5,33.3,30.8,25.0,45.0,0.0,,100.0,2.0,,,,0,cooldown
2026-07-04T20:19:03,forecast_hot_humid_bursty_r1,forecast,hot_humid,bursty,1,33.793,33.493,33.293,30.793,25.0,45.0,0.0,,100.0,2.0,,,,0,cooldown
2026-07-04T20:19:03,forecast_hot_humid_bursty_r1,forecast,hot_humid,bursty,1,33.786,33.486,33.286,30.786,25.0,45.0,0.0,,100.0,2.0,,,,0,cooldown
2026-07-04T20:19:03,forecast_hot_humid_bursty_r1,forecast,hot_humid,bursty,1,33.779,33.479,33.279,30.779,25.0,45.0,0.0,,100.0,2.0,,,,0,cooldown
2026-07-04T20:19:03,forecast_hot_humid_bursty_r1,forecast,hot_humid,bursty,1,33.772,33.472,33.272,30.772,25.0,45.0,0.0,,100.0,2.0,,,,0,cooldown
2026-07-04T20:19:03,forecast_hot_humid_bursty_r1,forecast,hot_humid,bursty,1,33.765,33.465,33.265,30.765,25.0,45.0,0.0,,100.0,2.0,,,,0,cooldown
2026-07-04T20:19:03,forecast_hot_humid_bursty_r1,forecast,hot_humid,bursty,1,33.758,33.458,33.258,30.758,25.0,45.0,0.0,,100.0,2.0,,,,0,cooldown
2026-07-04T20:19:03,forecast_hot_humid_bursty_r1,forecast,hot_humid,bursty,1,33.751,33.451,33.251,30.751,25.0,45.0,0.0,,100.0,2.0,,,,0,cooldown
2026-07-04T20:19:03,forecast_hot_humid_bursty_r1,forecast,hot_humid,bursty,1,33.745,33.445,33.245,30.745,25.0,45.0,0.0,,100.0,2.0,,,,0,cooldown
2026-07-04T20:19:03,forecast_hot_humid_bursty_r1,forecast,hot_humid,bursty,1,33.738,33.438,33.238,30.738,25.0,45.0,0.0,,100.0,2.0,,,,0,cooldown
2026-07-04T20:19:03,forecast_hot_humid_bursty_r1,forecast,hot_humid,bursty,1,33.731,33.431,33.231,30.731,25.0,45.0,0.0,,100.0,2.0,,,,0,cooldown
2026-07-04T20:19:03,forecast_hot_humid_bursty_r1,forecast,hot_humid,bursty,1,33.724,33.424,33.224,30.724,25.0,45.0,0.0,,100.0,2.0,,,,0,cooldown
2026-07-04T20:19:03,forecast_hot_humid_bursty_r1,forecast,hot_humid,bursty,1,33.717,33.417,33.217,30.717,25.0,45.0,0.0,,100.0,2.0,,,,0,cooldown
2026-07-04T20:19:03,forecast_hot_humid_bursty_r1,forecast,hot_humid,bursty,1,33.71,33.41,33.21,30.71,25.0,45.0,0.0,,100.0,2.0,,,,0,cooldown
2026-07-04T20:19:03,forecast_hot_humid_bursty_r1,forecast,hot_humid,bursty,1,33.703,33.403,33.203,30.703,25.0,45.0,0.0,,100.0,2.0,,,,0,cooldown
2026-07-04T20:19:03,forecast_hot_humid_bursty_r1,forecast,hot_humid,bursty,1,33.696,33.396,33.196,30.696,25.0,45.0,0.0,,100.0,2.0,,,,0,cooldown
2026-07-04T20:19:03,forecast_hot_humid_bursty_r1,forecast,hot_humid,bursty,1,33.689,33.389,33.189,30.689,25.0,45.0,0.0,,100.0,2.0,,,,0,cooldown
2026-07-04T20:19:03,forecast_hot_humid_bursty_r1,forecast,hot_humid,bursty,1,33.683,33.383,33.183,30.683,25.0,45.0,0.0,,100.0,2.0,,,,0,cooldown
2026-07-04T20:19:03,forecast_hot_humid_bursty_r1,forecast,hot_humid,bursty,1,33.676,33.376,33.176,30.676,25.0,45.0,0.0,,100.0,2.0,,,,0,cooldown
2026-07-04T20:19:03,forecast_hot_humid_bursty_r1,forecast,hot_humid,bursty,1,33.669,33.369,33.169,30.669,25.0,45.0,0.0,,100.0,2.0,,,,0,cooldown
2026-07-04T20:19:03,forecast_hot_humid_bursty_r1,forecast,hot_humid,bursty,1,33.662,33.362,33.162,30.662,25.0,45.0,0.0,,100.0,2.0,,,,0,cooldown
2026-07-04T20:19:03,forecast_hot_humid_bursty_r1,forecast,hot_humid,bursty,1,33.655,33.355,33.155,30.655,25.0,45.0,0.0,,100.0,2.0,,,,0,cooldown
2026-07-04T20:19:03,forecast_hot_humid_bursty_r1,forecast,hot_humid,bursty,1,33.648,33.348,33.148,30.648,25.0,45.0,0.0,,100.0,2.0,,,,0,cooldown
2026-07-04T20:19:03,forecast_hot_humid_bursty_r1,forecast,hot_humid,bursty,1,33.642,33.342,33.142,30.642,25.0,45.0,0.0,,100.0,2.0,,,,0,cooldown
2026-07-04T20:19:03,forecast_hot_humid_bursty_r1,forecast,hot_humid,bursty,1,33.635,33.335,33.135,30.635,25.0,45.0,0.0,,100.0,2.0,,,,0,cooldown
2026-07-04T20:19:03,forecast_hot_humid_bursty_r1,forecast,hot_humid,bursty,1,33.628,33.328,33.128,30.628,25.0,45.0,0.0,,100.0,2.0,,,,0,cooldown
2026-07-04T20:19:03,forecast_hot_humid_bursty_r1,forecast,hot_humid,bursty,1,33.621,33.321,33.121,30.621,25.0,45.0,0.0,,100.0,2.0,,,,0,cooldown
2026-07-04T20:19:03,forecast_hot_humid_bursty_r1,forecast,hot_humid,bursty,1,33.614,33.314,33.114,30.614,25.0,45.0,0.0,,100.0,2.0,,,,0,cooldown
2026-07-04T20:19:03,forecast_hot_humid_bursty_r1,forecast,hot_humid,bursty,1,33.608,33.308,33.108,30.608,25.0,45.0,0.0,,100.0,2.0,,,,0,cooldown
2026-07-04T20:19:03,forecast_hot_humid_bursty_r1,forecast,hot_humid,bursty,1,33.601,33.301,33.101,30.601,25.0,45.0,0.0,,100.0,2.0,,,,0,cooldown
2026-07-04T20:19:03,forecast_hot_humid_bursty_r1,forecast,hot_humid,bursty,1,33.594,33.294,33.094,30.594,25.0,45.0,0.0,,100.0,2.0,,,,0,cooldown
2026-07-04T20:19:03,forecast_hot_humid_bursty_r1,forecast,hot_humid,bursty,1,33.587,33.287,33.087,30.587,25.0,45.0,0.0,,100.0,2.0,,,,0,cooldown
2026-07-04T20:19:03,forecast_hot_humid_bursty_r1,forecast,hot_humid,bursty,1,33.58,33.28,33.08,30.58,25.0,45.0,0.0,,100.0,2.0,,,,0,cooldown
2026-07-04T20:19:03,forecast_hot_humid_bursty_r1,forecast,hot_humid,bursty,1,33.574,33.274,33.074,30.574,25.0,45.0,0.0,,100.0,2.0,,,,0,cooldown
2026-07-04T20:19:03,forecast_hot_humid_bursty_r1,forecast,hot_humid,bursty,1,33.567,33.267,33.067,30.567,25.0,45.0,0.0,,100.0,2.0,,,,0,cooldown
2026-07-04T20:19:03,forecast_hot_humid_bursty_r1,forecast,hot_humid,bursty,1,33.56,33.26,33.06,30.56,25.0,45.0,0.0,,100.0,2.0,,,,0,cooldown
2026-07-04T20:19:03,forecast_hot_humid_bursty_r1,forecast,hot_humid,bursty,1,33.553,33.253,33.053,30.553,25.0,45.0,0.0,,100.0,2.0,,,,0,cooldown
2026-07-04T20:19:03,forecast_hot_humid_bursty_r1,forecast,hot_humid,bursty,1,33.547,33.247,33.047,30.547,25.0,45.0,0.0,,100.0,2.0,,,,0,cooldown
2026-07-04T20:19:03,forecast_hot_humid_bursty_r1,forecast,hot_humid,bursty,1,33.54,33.24,33.04,30.54,25.0,45.0,0.0,,100.0,2.0,,,,0,cooldown
2026-07-04T20:19:03,forecast_hot_humid_bursty_r1,forecast,hot_humid,bursty,1,33.533,33.233,33.033,30.533,25.0,45.0,0.0,,100.0,2.0,,,,0,cooldown
2026-07-04T20:19:03,forecast_hot_humid_bursty_r1,forecast,hot_humid,bursty,1,33.526,33.226,33.026,30.526,25.0,45.0,0.0,,100.0,2.0,,,,0,cooldown
2026-07-04T20:19:03,forecast_hot_humid_bursty_r1,forecast,hot_humid,bursty,1,33.52,33.22,33.02,30.52,25.0,45.0,0.0,,100.0,2.0,,,,0,cooldown
2026-07-04T20:19:03,forecast_hot_humid_bursty_r1,forecast,hot_humid,bursty,1,33.513,33.213,33.013,30.513,25.0,45.0,0.0,,100.0,2.0,,,,0,cooldown
2026-07-04T20:19:03,forecast_hot_humid_bursty_r1,forecast,hot_humid,bursty,1,33.506,33.206,33.006,30.506,25.0,45.0,0.0,,100.0,2.0,,,,0,cooldown
2026-07-04T20:19:03,forecast_hot_humid_bursty_r1,forecast,hot_humid,bursty,1,33.499,33.199,32.999,30.499,25.0,45.0,0.0,,100.0,2.0,,,,0,cooldown
2026-07-04T20:19:03,forecast_hot_humid_bursty_r1,forecast,hot_humid,bursty,1,33.493,33.193,32.993,30.493,25.0,45.0,0.0,,100.0,2.0,,,,0,cooldown
2026-07-04T20:19:03,forecast_hot_humid_bursty_r1,forecast,hot_humid,bursty,1,33.486,33.186,32.986,30.486,25.0,45.0,0.0,,100.0,2.0,,,,0,cooldown
2026-07-04T20:19:03,forecast_hot_humid_bursty_r1,forecast,hot_humid,bursty,1,33.479,33.179,32.979,30.479,25.0,45.0,0.0,,100.0,2.0,,,,0,cooldown
2026-07-04T20:19:03,forecast_hot_humid_bursty_r1,forecast,hot_humid,bursty,1,33.473,33.173,32.973,30.473,25.0,45.0,0.0,,100.0,2.0,,,,0,cooldown
2026-07-04T20:19:03,forecast_hot_humid_bursty_r1,forecast,hot_humid,bursty,1,33.466,33.166,32.966,30.466,25.0,45.0,0.0,,100.0,2.0,,,,0,cooldown
2026-07-04T20:19:03,forecast_hot_humid_bursty_r1,forecast,hot_humid,bursty,1,33.459,33.159,32.959,30.459,25.0,45.0,0.0,,100.0,2.0,,,,0,cooldown
2026-07-04T20:19:03,forecast_hot_humid_bursty_r1,forecast,hot_humid,bursty,1,33.453,33.153,32.953,30.453,25.0,45.0,0.0,,100.0,2.0,,,,0,cooldown
2026-07-04T20:19:03,forecast_hot_humid_bursty_r1,forecast,hot_humid,bursty,1,33.446,33.146,32.946,30.446,25.0,45.0,0.0,,100.0,2.0,,,,0,cooldown
2026-07-04T20:19:03,forecast_hot_humid_bursty_r1,forecast,hot_humid,bursty,1,33.439,33.139,32.939,30.439,25.0,45.0,0.0,,100.0,2.0,,,,0,cooldown
2026-07-04T20:19:03,forecast_hot_humid_bursty_r1,forecast,hot_humid,bursty,1,33.433,33.133,32.933,30.433,25.0,45.0,0.0,,100.0,2.0,,,,0,cooldown
2026-07-04T20:19:03,forecast_hot_humid_bursty_r1,forecast,hot_humid,bursty,1,33.426,33.126,32.926,30.426,25.0,45.0,0.0,,100.0,2.0,,,,0,cooldown
2026-07-04T20:19:03,forecast_hot_humid_bursty_r1,forecast,hot_humid,bursty,1,33.419,33.119,32.919,30.419,25.0,45.0,0.0,,100.0,2.0,,,,0,cooldown
2026-07-04T20:19:03,forecast_hot_humid_bursty_r1,forecast,hot_humid,bursty,1,33.413,33.113,32.913,30.413,25.0,45.0,0.0,,100.0,2.0,,,,0,cooldown
2026-07-04T20:19:03,forecast_hot_humid_bursty_r1,forecast,hot_humid,bursty,1,33.406,33.106,32.906,30.406,25.0,45.0,0.0,,100.0,2.0,,,,0,cooldown
2026-07-04T20:19:03,forecast_hot_humid_bursty_r1,forecast,hot_humid,bursty,1,33.399,33.099,32.899,30.399,25.0,45.0,0.0,,100.0,2.0,,,,0,cooldown
2026-07-04T20:19:03,forecast_hot_humid_bursty_r1,forecast,hot_humid,bursty,1,33.393,33.093,32.893,30.393,25.0,45.0,0.0,,100.0,2.0,,,,0,cooldown
2026-07-04T20:19:03,forecast_hot_humid_bursty_r1,forecast,hot_humid,bursty,1,33.386,33.086,32.886,30.386,25.0,45.0,0.0,,100.0,2.0,,,,0,cooldown
2026-07-04T20:19:03,forecast_hot_humid_bursty_r1,forecast,hot_humid,bursty,1,33.379,33.079,32.879,30.379,25.0,45.0,0.0,,100.0,2.0,,,,0,cooldown
2026-07-04T20:19:03,forecast_hot_humid_bursty_r1,forecast,hot_humid,bursty,1,33.373,33.073,32.873,30.373,25.0,45.0,0.0,,100.0,2.0,,,,0,cooldown
2026-07-04T20:19:03,forecast_hot_humid_bursty_r1,forecast,hot_humid,bursty,1,33.366,33.066,32.866,30.366,25.0,45.0,0.0,,100.0,2.0,,,,0,cooldown
2026-07-04T20:19:03,forecast_hot_humid_bursty_r1,forecast,hot_humid,bursty,1,33.36,33.06,32.86,30.36,25.0,45.0,0.0,,100.0,2.0,,,,0,cooldown
2026-07-04T20:19:03,forecast_hot_humid_bursty_r1,forecast,hot_humid,bursty,1,33.353,33.053,32.853,30.353,25.0,45.0,0.0,,100.0,2.0,,,,0,cooldown
2026-07-04T20:19:03,forecast_hot_humid_bursty_r1,forecast,hot_humid,bursty,1,33.346,33.046,32.846,30.346,25.0,45.0,0.0,,100.0,2.0,,,,0,cooldown
2026-07-04T20:19:03,forecast_hot_humid_bursty_r1,forecast,hot_humid,bursty,1,33.34,33.04,32.84,30.34,25.0,45.0,0.0,,100.0,2.0,,,,0,cooldown
2026-07-04T20:19:03,forecast_hot_humid_bursty_r1,forecast,hot_humid,bursty,1,33.333,33.033,32.833,30.333,25.0,45.0,0.0,,100.0,2.0,,,,0,cooldown
2026-07-04T20:19:03,forecast_hot_humid_bursty_r1,forecast,hot_humid,bursty,1,33.327,33.027,32.827,30.327,25.0,45.0,0.0,,100.0,2.0,,,,0,cooldown
2026-07-04T20:19:03,forecast_hot_humid_bursty_r1,forecast,hot_humid,bursty,1,33.32,33.02,32.82,30.32,25.0,45.0,0.0,,100.0,2.0,,,,0,cooldown
2026-07-04T20:19:03,forecast_hot_humid_bursty_r1,forecast,hot_humid,bursty,1,33.314,33.014,32.814,30.314,25.0,45.0,0.0,,100.0,2.0,,,,0,cooldown
2026-07-04T20:19:03,forecast_hot_humid_bursty_r1,forecast,hot_humid,bursty,1,33.307,33.007,32.807,30.307,25.0,45.0,0.0,,100.0,2.0,,,,0,cooldown
2026-07-04T20:19:03,forecast_hot_humid_bursty_r1,forecast,hot_humid,bursty,1,33.3,33.0,32.8,30.3,25.0,45.0,0.0,,100.0,2.0,,,,0,cooldown
2026-07-04T20:19:03,forecast_hot_humid_bursty_r1,forecast,hot_humid,bursty,1,33.294,32.994,32.794,30.294,25.0,45.0,0.0,,100.0,2.0,,,,0,cooldown
2026-07-04T20:19:03,forecast_hot_humid_bursty_r1,forecast,hot_humid,bursty,1,33.287,32.987,32.787,30.287,25.0,45.0,0.0,,100.0,2.0,,,,0,cooldown
2026-07-04T20:19:03,forecast_hot_humid_bursty_r1,forecast,hot_humid,bursty,1,33.281,32.981,32.781,30.281,25.0,45.0,0.0,,100.0,2.0,,,,0,cooldown
2026-07-04T20:19:03,forecast_hot_humid_bursty_r1,forecast,hot_humid,bursty,1,33.274,32.974,32.774,30.274,25.0,45.0,0.0,,100.0,2.0,,,,0,cooldown
2026-07-04T20:19:03,forecast_hot_humid_bursty_r1,forecast,hot_humid,bursty,1,33.268,32.968,32.768,30.268,25.0,45.0,0.0,,100.0,2.0,,,,0,cooldown
2026-07-04T20:19:03,forecast_hot_humid_bursty_r1,forecast,hot_humid,bursty,1,33.261,32.961,32.761,30.261,25.0,45.0,0.0,,100.0,2.0,,,,0,cooldown
2026-07-04T20:19:03,forecast_hot_humid_bursty_r1,forecast,hot_humid,bursty,1,33.255,32.955,32.755,30.255,25.0,45.0,0.0,,100.0,2.0,,,,0,cooldown
2026-07-04T20:19:03,forecast_hot_humid_bursty_r1,forecast,hot_humid,bursty,1,33.248,32.948,32.748,30.248,25.0,45.0,0.0,,100.0,2.0,,,,0,cooldown
2026-07-04T20:19:03,forecast_hot_humid_bursty_r1,forecast,hot_humid,bursty,1,33.242,32.942,32.742,30.242,25.0,45.0,0.0,,100.0,2.0,,,,0,cooldown
2026-07-04T20:19:03,forecast_hot_humid_bursty_r1,forecast,hot_humid,bursty,1,33.235,32.935,32.735,30.235,25.0,45.0,0.0,,100.0,2.0,,,,0,cooldown
2026-07-04T20:19:03,forecast_hot_humid_bursty_r1,forecast,hot_humid,bursty,1,33.229,32.929,32.729,30.229,25.0,45.0,0.0,,100.0,2.0,,,,0,cooldown
2026-07-04T20:19:03,forecast_hot_humid_bursty_r1,forecast,hot_humid,bursty,1,33.222,32.922,32.722,30.222,25.0,45.0,0.0,,100.0,2.0,,,,0,cooldown
2026-07-04T20:19:03,forecast_hot_humid_bursty_r1,forecast,hot_humid,bursty,1,33.216,32.916,32.716,30.216,25.0,45.0,0.0,,100.0,2.0,,,,0,cooldown
2026-07-04T20:19:03,forecast_hot_humid_bursty_r1,forecast,hot_humid,bursty,1,33.209,32.909,32.709,30.209,25.0,45.0,0.0,,100.0,2.0,,,,0,cooldown
2026-07-04T20:19:03,forecast_hot_humid_bursty_r1,forecast,hot_humid,bursty,1,33.203,32.903,32.703,30.203,25.0,45.0,0.0,,100.0,2.0,,,,0,cooldown
2026-07-04T20:19:03,forecast_hot_humid_bursty_r1,forecast,hot_humid,bursty,1,33.196,32.896,32.696,30.196,25.0,45.0,0.0,,100.0,2.0,,,,0,cooldown
2026-07-04T20:19:03,forecast_hot_humid_bursty_r1,forecast,hot_humid,bursty,1,33.19,32.89,32.69,30.19,25.0,45.0,0.0,,100.0,2.0,,,,0,cooldown
2026-07-04T20:19:03,forecast_hot_humid_bursty_r1,forecast,hot_humid,bursty,1,33.183,32.883,32.683,30.183,25.0,45.0,0.0,,100.0,2.0,,,,0,cooldown
2026-07-04T20:19:03,forecast_hot_humid_bursty_r1,forecast,hot_humid,bursty,1,33.177,32.877,32.677,30.177,25.0,45.0,0.0,,100.0,2.0,,,,0,cooldown
2026-07-04T20:19:03,forecast_hot_humid_bursty_r1,forecast,hot_humid,bursty,1,33.17,32.87,32.67,30.17,25.0,45.0,0.0,,100.0,2.0,,,,0,cooldown
2026-07-04T20:19:03,forecast_hot_humid_bursty_r1,forecast,hot_humid,bursty,1,33.164,32.864,32.664,30.164,25.0,45.0,0.0,,100.0,2.0,,,,0,cooldown
2026-07-04T20:19:03,forecast_hot_humid_bursty_r1,forecast,hot_humid,bursty,1,33.157,32.857,32.657,30.157,25.0,45.0,0.0,,100.0,2.0,,,,0,cooldown
2026-07-04T20:19:03,forecast_hot_humid_bursty_r1,forecast,hot_humid,bursty,1,33.151,32.851,32.651,30.151,25.0,45.0,0.0,,100.0,2.0,,,,0,cooldown
2026-07-04T20:19:03,forecast_hot_humid_bursty_r1,forecast,hot_humid,bursty,1,33.145,32.845,32.645,30.145,25.0,45.0,0.0,,100.0,2.0,,,,0,cooldown
2026-07-04T20:19:03,forecast_hot_humid_bursty_r1,forecast,hot_humid,bursty,1,33.138,32.838,32.638,30.138,25.0,45.0,0.0,,100.0,2.0,,,,0,cooldown
2026-07-04T20:19:03,forecast_hot_humid_bursty_r1,forecast,hot_humid,bursty,1,33.132,32.832,32.632,30.132,25.0,45.0,0.0,,100.0,2.0,,,,0,cooldown
2026-07-04T20:19:03,forecast_hot_humid_bursty_r1,forecast,hot_humid,bursty,1,33.125,32.825,32.625,30.125,25.0,45.0,0.0,,100.0,2.0,,,,0,cooldown
2026-07-04T20:19:03,forecast_hot_humid_bursty_r1,forecast,hot_humid,bursty,1,33.119,32.819,32.619,30.119,25.0,45.0,0.0,,100.0,2.0,,,,0,cooldown
2026-07-04T20:19:03,forecast_hot_humid_bursty_r1,forecast,hot_humid,bursty,1,33.112,32.812,32.612,30.112,25.0,45.0,0.0,,100.0,2.0,,,,0,cooldown
2026-07-04T20:19:03,forecast_hot_humid_bursty_r1,forecast,hot_humid,bursty,1,33.106,32.806,32.606,30.106,25.0,45.0,0.0,,100.0,2.0,,,,0,cooldown
2026-07-04T20:19:03,forecast_hot_humid_bursty_r1,forecast,hot_humid,bursty,1,33.1,32.8,32.6,30.1,25.0,45.0,0.0,,100.0,2.0,,,,0,cooldown
2026-07-04T20:19:03,forecast_hot_humid_bursty_r1,forecast,hot_humid,bursty,1,33.093,32.793,32.593,30.093,25.0,45.0,0.0,,100.0,2.0,,,,0,cooldown
2026-07-04T20:19:03,forecast_hot_humid_bursty_r1,forecast,hot_humid,bursty,1,33.087,32.787,32.587,30.087,25.0,45.0,0.0,,100.0,2.0,,,,0,cooldown
2026-07-04T20:19:03,forecast_hot_humid_bursty_r1,forecast,hot_humid,bursty,1,33.08,32.78,32.58,30.08,25.0,45.0,0.0,,100.0,2.0,,,,0,cooldown
2026-07-04T20:19:03,forecast_hot_humid_bursty_r1,forecast,hot_humid,bursty,1,33.074,32.774,32.574,30.074,25.0,45.0,0.0,,100.0,2.0,,,,0,cooldown
2026-07-04T20:19:03,forecast_hot_humid_bursty_r1,forecast,hot_humid,bursty,1,33.068,32.768,32.568,30.068,25.0,45.0,0.0,,100.0,2.0,,,,0,cooldown
2026-07-04T20:19:03,forecast_hot_humid_bursty_r1,forecast,hot_humid,bursty,1,33.061,32.761,32.561,30.061,25.0,45.0,0.0,,100.0,2.0,,,,0,cooldown
2026-07-04T20:19:03,forecast_hot_humid_bursty_r1,forecast,hot_humid,bursty,1,33.055,32.755,32.555,30.055,25.0,45.0,0.0,,100.0,2.0,,,,0,cooldown
2026-07-04T20:19:03,forecast_hot_humid_bursty_r1,forecast,hot_humid,bursty,1,33.049,32.749,32.549,30.049,25.0,45.0,0.0,,100.0,2.0,,,,0,cooldown
2026-07-04T20:19:03,forecast_hot_humid_bursty_r1,forecast,hot_humid,bursty,1,33.042,32.742,32.542,30.042,25.0,45.0,0.0,,100.0,2.0,,,,0,cooldown
2026-07-04T20:19:03,forecast_hot_humid_bursty_r1,forecast,hot_humid,bursty,1,33.036,32.736,32.536,30.036,25.0,45.0,0.0,,100.0,2.0,,,,0,cooldown
2026-07-04T20:19:03,forecast_hot_humid_bursty_r1,forecast,hot_humid,bursty,1,33.03,32.73,32.53,30.03,25.0,45.0,0.0,,100.0,2.0,,,,0,cooldown
2026-07-04T20:19:03,forecast_hot_humid_bursty_r1,forecast,hot_humid,bursty,1,33.023,32.723,32.523,30.023,25.0,45.0,0.0,,100.0,2.0,,,,0,cooldown
2026-07-04T20:19:03,forecast_hot_humid_bursty_r1,forecast,hot_humid,bursty,1,33.017,32.717,32.517,30.017,25.0,45.0,0.0,,100.0,2.0,,,,0,cooldown
2026-07-04T20:19:03,forecast_hot_humid_bursty_r1,forecast,hot_humid,bursty,1,33.011,32.711,32.511,30.011,25.0,45.0,0.0,,100.0,2.0,,,,0,cooldown
2026-07-04T20:19:03,forecast_hot_humid_bursty_r1,forecast,hot_humid,bursty,1,33.004,32.704,32.504,30.004,25.0,45.0,0.0,,100.0,2.0,,,,0,cooldown
2026-07-04T20:19:03,forecast_hot_humid_bursty_r1,forecast,hot_humid,bursty,1,32.998,32.698,32.498,29.998,25.0,45.0,0.0,,100.0,2.0,,,,0,cooldown
