timestamp,trial_id,controller,climate,workload,repeat,T_tank_hot,T_tank_mid,T_rad_in,T_rad_out,T_ambient,RH_ambient,heater_w_cmd,heater_w_meas,fan_pwm,fan_w,forecast_T,forecast_RH,bank_depth_cmd,water_event_flag,notes
2026-07-04T20:22:11,pid_hot_humid_bursty_r1,pid,hot_humid,bursty,1,31.005,30.705,30.505,28.005,25.0,45.0,60.0,,40.0,0.8,,,,0,warmup
2026-07-04T20:22:11,pid_hot_humid_bursty_r1,pid,hot_humid,bursty,1,31.017,30.717,30.517,28.017,25.0,45.0,60.0,,0.0,0.0,30.17,,,0,trial
2026-07-04T20:22:11,pid_hot_humid_bursty_r1,pid,hot_humid,bursty,1,31.025,30.725,30.525,28.025,25.0,45.0,60.0,,0.0,0.0,30.17,,,0,trial
2026-07-04T20:22:11,pid_hot_humid_bursty_r1,pid,hot_humid,bursty,1,31.032,30.732,30.532,28.032,25.0,45.0,60.0,,0.0,0.0,30.17,,,0,trial
2026-07-04T20:22:11,pid_hot_humid_bursty_r1,pid,hot_humid,bursty,1,31.039,30.739,30.539,28.039,25.0,45.0,60.0,,0.0,0.0,30.17,,,0,trial
2026-07-04T20:22:11,pid_hot_humid_bursty_r1,pid,hot_humid,bursty,1,31.047,30.747,30.547,28.047,25.0,45.0,60.0,,0.0,0.0,30.17,,,0,trial
2026-07-04T20:22:11,pid_hot_humid_bursty_r1,pid,hot_humid,bursty,1,31.054,30.754,30.554,28.054,25.0,45.0,60.0,,0.0,0.0,30.17,,,0,trial
2026-07-04T20:22:11,pid_hot_humid_bursty_r1,pid,hot_humid,bursty,1,31.061,30.761,30.561,28.061,25.0,45.0,60.0,,0.0,0.0,30.17,,,0,trial
2026-07-04T20:22:11,pid_hot_humid_bursty_r1,pid,hot_humid,bursty,1,31.068,30.768,30.568,28.068,25.0,45.0,60.0,,0.0,0.0,30.17,,,0,trial
2026-07-04T20:22:11,pid_hot_humid_bursty_r1,pid,hot_humid,bursty,1,31.076,30.776,30.576,28.076,25.0,45.0,60.0,,0.0,0.0,30.17,,,0,trial
2026-07-04T20:22:11,pid_hot_humid_bursty_r1,pid,hot_humid,bursty,1,31.083,30.783,30.583,28.083,25.0,45.0,60.0,,0.0,0.0,30.17,,,0,trial
2026-07-04T20:22:11,pid_hot_humid_bursty_r1,pid,hot_humid,bursty,1,31.09,30.79,30.59,28.09,25.0,45.0,60.0,,0.0,0.0,30.17,,,0,trial
2026-07-04T20:22:11,pid_hot_humid_bursty_r1,pid,hot_humid,bursty,1,31.097,30.797,30.597,28.097,25.0,45.0,60.0,,0.0,0.0,30.17,,,0,trial
2026-07-04T20:22:11,pid_hot_humid_bursty_r1,pid,hot_humid,bursty,1,31.105,30.805,30.605,28.105,25.0,45.0,60.0,,0.0,0.0,30.17,,,0,trial
2026-07-04T20:22:11,pid_hot_humid_bursty_r1,pid,hot_humid,bursty,1,31.112,30.812,30.612,28.112,25.0,45.0,60.0,,0.0,0.0,30.17,,,0,trial
2026-07-04T20:22:11,pid_hot_humid_bursty_r1,pid,hot_humid,bursty,1,31.119,30.819,30.619,28.119,25.0,45.0,60.0,,0.0,0.0,30.18,,,0,trial
2026-07-04T20:22:11,pid_hot_humid_bursty_r1,pid,hot_humid,bursty,1,31.126,30.826,30.626,28.126,25.0,45.0,60.0,,0.0,0.0,30.18,,,0,trial
2026-07-04T20:22:11,pid_hot_humid_bursty_r1,pid,hot_humid,bursty,1,31.134,30.834,30.634,28.134,25.0,45.0,60.0,,0.0,0.0,30.18,,,0,trial
2026-07-04T20:22:11,pid_hot_humid_bursty_r1,pid,hot_humid,bursty,1,31.141,30.841,30.641,28.141,25.0,45.0,60.0,,0.0,0.0,30.18,,,0,trial
2026-07-04T20:22:11,pid_hot_humid_bursty_r1,pid,hot_humid,bursty,1,31.148,30.848,30.648,28.148,25.0,45.0,60.0,,0.0,0.0,30.18,,,0,trial
2026-07-04T20:22:11,pid_hot_humid_bursty_r1,pid,hot_humid,bursty,1,31.155,30.855,30.655,28.155,25.0,45.0,60.0,,0.0,0.0,30.18,,,0,trial
2026-07-04T20:22:11,pid_hot_humid_bursty_r1,pid,hot_humid,bursty,1,31.163,30.863,30.663,28.163,25.0,45.0,60.0,,0.0,0.0,30.18,,,0,trial
2026-07-04T20:22:11,pid_hot_humid_bursty_r1,pid,hot_humid,bursty,1,31.17,30.87,30.67,28.17,25.0,45.0,60.0,,0.0,0.0,30.18,,,0,trial
2026-07-04T20:22:11,pid_hot_humid_bursty_r1,pid,hot_humid,bursty,1,31.177,30.877,30.677,28.177,25.0,45.0,60.0,,0.0,0.0,30.18,,,0,trial
2026-07-04T20:22:11,pid_hot_humid_bursty_r1,pid,hot_humid,bursty,1,31.184,30.884,30.684,28.184,25.0,45.0,60.0,,0.0,0.0,30.18,,,0,trial
2026-07-04T20:22:11,pid_hot_humid_bursty_r1,pid,hot_humid,bursty,1,31.192,30.892,30.692,28.192,25.0,45.0,60.0,,0.0,0.0,30.18,,,0,trial
2026-07-04T20:22:11,pid_hot_humid_bursty_r1,pid,hot_humid,bursty,1,31.199,30.899,30.699,28.199,25.0,45.0,60.0,,0.0,0.0,30.18,,,0,trial
2026-07-04T20:22:11,pid_hot_humid_bursty_r1,pid,hot_humid,bursty,1,31.206,30.906,30.706,28.206,25.0,45.0,60.0,,0.0,0.0,30.18,,,0,trial
2026-07-04T20:22:11,pid_hot_humid_bursty_r1,pid,hot_humid,bursty,1,31.213,30.913,30.713,28.213,25.0,45.0,60.0,,0.0,0.0,30.19,,,0,trial
2026-07-04T20:22:11,pid_hot_humid_bursty_r1,pid,hot_humid,bursty,1,31.22,30.92,30.72,28.22,25.0,45.0,60.0,,0.0,0.0,30.19,,,0,trial
2026-07-04T20:22:11,pid_hot_humid_bursty_r1,pid,hot_humid,bursty,1,31.228,30.928,30.728,28.228,25.0,45.0,60.0,,0.0,0.0,30.19,,,0,trial
2026-07-04T20:22:11,pid_hot_humid_bursty_r1,pid,hot_humid,bursty,1,31.242,30.942,30.742,28.242,25.0,45.0,60.0,,0.0,0.0,30.19,,,0,trial
2026-07-04T20:22:11,pid_hot_humid_bursty_r1,pid,hot_humid,bursty,1,31.249,30.949,30.749,28.249,25.0,45.0,60.0,,0.0,0.0,30.19,,,0,trial
2026-07-04T20:22:11,pid_hot_humid_bursty_r1,pid,hot_humid,bursty,1,31.257,30.957,30.757,28.257,25.0,45.0,60.0,,0.0,0.0,30.19,,,0,trial
2026-07-04T20:22:11,pid_hot_humid_bursty_r1,pid,hot_humid,bursty,1,31.264,30.964,30.764,28.264,25.0,45.0,60.0,,0.0,0.0,30.19,,,0,trial
2026-07-04T20:22:11,pid_hot_humid_bursty_r1,pid,hot_humid,bursty,1,31.271,30.971,30.771,28.271,25.0,45.0,60.0,,0.0,0.0,30.19,,,0,trial
2026-07-04T20:22:11,pid_hot_humid_bursty_r1,pid,hot_humid,bursty,1,31.278,30.978,30.778,28.278,25.0,45.0,60.0,,0.0,0.0,30.19,,,0,trial
2026-07-04T20:22:11,pid_hot_humid_bursty_r1,pid,hot_humid,bursty,1,31.286,30.986,30.786,28.286,25.0,45.0,60.0,,0.0,0.0,30.19,,,0,trial
2026-07-04T20:22:11,pid_hot_humid_bursty_r1,pid,hot_humid,bursty,1,31.293,30.993,30.793,28.293,25.0,45.0,60.0,,0.0,0.0,30.19,,,0,trial
2026-07-04T20:22:11,pid_hot_humid_bursty_r1,pid,hot_humid,bursty,1,31.3,31.0,30.8,28.3,25.0,45.0,60.0,,0.0,0.0,30.19,,,0,trial
2026-07-04T20:22:11,pid_hot_humid_bursty_r1,pid,hot_humid,bursty,1,31.307,31.007,30.807,28.307,25.0,45.0,60.0,,0.0,0.0,30.19,,,0,trial
2026-07-04T20:22:11,pid_hot_humid_bursty_r1,pid,hot_humid,bursty,1,31.315,31.015,30.815,28.315,25.0,45.0,60.0,,0.0,0.0,30.2,,,0,trial
2026-07-04T20:22:11,pid_hot_humid_bursty_r1,pid,hot_humid,bursty,1,31.322,31.022,30.822,28.322,25.0,45.0,60.0,,0.0,0.0,30.2,,,0,trial
2026-07-04T20:22:11,pid_hot_humid_bursty_r1,pid,hot_humid,bursty,1,31.329,31.029,30.829,28.329,25.0,45.0,60.0,,0.0,0.0,30.2,,,0,trial
2026-07-04T20:22:11,pid_hot_humid_bursty_r1,pid,hot_humid,bursty,1,31.336,31.036,30.836,28.336,25.0,45.0,60.0,,0.0,0.0,30.2,,,0,trial
2026-07-04T20:22:11,pid_hot_humid_bursty_r1,pid,hot_humid,bursty,1,31.343,31.043,30.843,28.343,25.0,45.0,60.0,,0.0,0.0,30.2,,,0,trial
2026-07-04T20:22:11,pid_hot_humid_bursty_r1,pid,hot_humid,bursty,1,31.351,31.051,30.851,28.351,25.0,45.0,60.0,,0.0,0.0,30.2,,,0,trial
2026-07-04T20:22:11,pid_hot_humid_bursty_r1,pid,hot_humid,bursty,1,31.358,31.058,30.858,28.358,25.0,45.0,60.0,,0.0,0.0,30.2,,,0,trial
2026-07-04T20:22:11,pid_hot_humid_bursty_r1,pid,hot_humid,bursty,1,31.365,31.065,30.865,28.365,25.0,45.0,60.0,,0.0,0.0,30.2,,,0,trial
2026-07-04T20:22:11,pid_hot_humid_bursty_r1,pid,hot_humid,bursty,1,31.372,31.072,30.872,28.372,25.0,45.0,60.0,,0.0,0.0,30.2,,,0,trial
2026-07-04T20:22:11,pid_hot_humid_bursty_r1,pid,hot_humid,bursty,1,31.38,31.08,30.88,28.38,25.0,45.0,60.0,,0.0,0.0,30.2,,,0,trial
2026-07-04T20:22:11,pid_hot_humid_bursty_r1,pid,hot_humid,bursty,1,31.387,31.087,30.887,28.387,25.0,45.0,60.0,,0.0,0.0,30.2,,,0,trial
2026-07-04T20:22:11,pid_hot_humid_bursty_r1,pid,hot_humid,bursty,1,31.394,31.094,30.894,28.394,25.0,45.0,60.0,,0.0,0.0,30.21,,,0,trial
2026-07-04T20:22:11,pid_hot_humid_bursty_r1,pid,hot_humid,bursty,1,31.401,31.101,30.901,28.401,25.0,45.0,60.0,,0.0,0.0,30.21,,,0,trial
2026-07-04T20:22:11,pid_hot_humid_bursty_r1,pid,hot_humid,bursty,1,31.408,31.108,30.908,28.408,25.0,45.0,60.0,,0.0,0.0,30.21,,,0,trial
2026-07-04T20:22:11,pid_hot_humid_bursty_r1,pid,hot_humid,bursty,1,31.416,31.116,30.916,28.416,25.0,45.0,60.0,,0.0,0.0,30.21,,,0,trial
2026-07-04T20:22:11,pid_hot_humid_bursty_r1,pid,hot_humid,bursty,1,31.423,31.123,30.923,28.423,25.0,45.0,60.0,,0.0,0.0,30.21,,,0,trial
2026-07-04T20:22:11,pid_hot_humid_bursty_r1,pid,hot_humid,bursty,1,31.43,31.13,30.93,28.43,25.0,45.0,60.0,,0.0,0.0,30.21,,,0,trial
2026-07-04T20:22:11,pid_hot_humid_bursty_r1,pid,hot_humid,bursty,1,31.437,31.137,30.937,28.437,25.0,45.0,60.0,,0.0,0.0,30.21,,,0,trial
2026-07-04T20:22:11,pid_hot_humid_bursty_r1,pid,hot_humid,bursty,1,31.445,31.145,30.945,28.445,25.0,45.0,60.0,,0.0,0.0,30.21,,,0,trial
2026-07-04T20:22:11,pid_hot_humid_bursty_r1,pid,hot_humid,bursty,1,31.452,31.152,30.952,28.452,25.0,45.0,60.0,,0.0,0.0,30.21,,,0,trial
2026-07-04T20:22:11,pid_hot_humid_bursty_r1,pid,hot_humid,bursty,1,31.466,31.166,30.966,28.466,25.0,45.0,60.0,,0.0,0.0,30.21,,,0,trial
2026-07-04T20:22:11,pid_hot_humid_bursty_r1,pid,hot_humid,bursty,1,31.473,31.173,30.973,28.473,25.0,45.0,60.0,,0.0,0.0,30.22,,,0,trial
2026-07-04T20:22:11,pid_hot_humid_bursty_r1,pid,hot_humid,bursty,1,31.481,31.181,30.981,28.481,25.0,45.0,60.0,,0.0,0.0,30.22,,,0,trial
2026-07-04T20:22:11,pid_hot_humid_bursty_r1,pid,hot_humid,bursty,1,31.488,31.188,30.988,28.488,25.0,45.0,60.0,,0.0,0.0,30.22,,,0,trial
2026-07-04T20:22:11,pid_hot_humid_bursty_r1,pid,hot_humid,bursty,1,31.495,31.195,30.995,28.495,25.0,45.0,60.0,,0.0,0.0,30.22,,,0,trial
2026-07-04T20:22:11,pid_hot_humid_bursty_r1,pid,hot_humid,bursty,1,31.502,31.202,31.002,28.502,25.0,45.0,60.0,,0.0,0.0,30.22,,,0,trial
2026-07-04T20:22:11,pid_hot_humid_bursty_r1,pid,hot_humid,bursty,1,31.509,31.209,31.009,28.509,25.0,45.0,60.0,,0.0,0.0,30.22,,,0,trial
2026-07-04T20:22:11,pid_hot_humid_bursty_r1,pid,hot_humid,bursty,1,31.517,31.217,31.017,28.517,25.0,45.0,60.0,,0.0,0.0,30.22,,,0,trial
2026-07-04T20:22:11,pid_hot_humid_bursty_r1,pid,hot_humid,bursty,1,31.524,31.224,31.024,28.524,25.0,45.0,60.0,,0.0,0.0,30.22,,,0,trial
2026-07-04T20:22:11,pid_hot_humid_bursty_r1,pid,hot_humid,bursty,1,31.531,31.231,31.031,28.531,25.0,45.0,60.0,,0.0,0.0,30.22,,,0,trial
2026-07-04T20:22:11,pid_hot_humid_bursty_r1,pid,hot_humid,bursty,1,31.538,31.238,31.038,28.538,25.0,45.0,60.0,,0.0,0.0,30.23,,,0,trial
2026-07-04T20:22:11,pid_hot_humid_bursty_r1,pid,hot_humid,bursty,1,31.546,31.246,31.046,28.546,25.0,45.0,60.0,,0.0,0.0,30.23,,,0,trial
2026-07-04T20:22:11,pid_hot_humid_bursty_r1,pid,hot_humid,bursty,1,31.553,31.253,31.053,28.553,25.0,45.0,60.0,,0.0,0.0,30.23,,,0,trial
2026-07-04T20:22:11,pid_hot_humid_bursty_r1,pid,hot_humid,bursty,1,31.56,31.26,31.06,28.56,25.0,45.0,60.0,,0.0,0.0,30.23,,,0,trial
2026-07-04T20:22:11,pid_hot_humid_bursty_r1,pid,hot_humid,bursty,1,31.567,31.267,31.067,28.567,25.0,45.0,60.0,,0.0,0.0,30.23,,,0,trial
2026-07-04T20:22:11,pid_hot_humid_bursty_r1,pid,hot_humid,bursty,1,31.574,31.274,31.074,28.574,25.0,45.0,60.0,,0.0,0.0,30.23,,,0,trial
2026-07-04T20:22:11,pid_hot_humid_bursty_r1,pid,hot_humid,bursty,1,31.582,31.282,31.082,28.582,25.0,45.0,60.0,,0.0,0.0,30.23,,,0,trial
2026-07-04T20:22:11,pid_hot_humid_bursty_r1,pid,hot_humid,bursty,1,31.589,31.289,31.089,28.589,25.0,45.0,60.0,,0.0,0.0,30.23,,,0,trial
2026-07-04T20:22:11,pid_hot_humid_bursty_r1,pid,hot_humid,bursty,1,31.596,31.296,31.096,28.596,25.0,45.0,60.0,,0.0,0.0,30.23,,,0,trial
2026-07-04T20:22:11,pid_hot_humid_bursty_r1,pid,hot_humid,bursty,1,31.603,31.303,31.103,28.603,25.0,45.0,60.0,,0.0,0.0,30.24,,,0,trial
2026-07-04T20:22:11,pid_hot_humid_bursty_r1,pid,hot_humid,bursty,1,31.61,31.31,31.11,28.61,25.0,45.0,60.0,,0.0,0.0,30.24,,,0,trial
2026-07-04T20:22:11,pid_hot_humid_bursty_r1,pid,hot_humid,bursty,1,31.618,31.318,31.118,28.618,25.0,45.0,60.0,,0.0,0.0,30.24,,,0,trial
2026-07-04T20:22:11,pid_hot_humid_bursty_r1,pid,hot_humid,bursty,1,31.625,31.325,31.125,28.625,25.0,45.0,60.0,,0.0,0.0,30.24,,,0,trial
2026-07-04T20:22:11,pid_hot_humid_bursty_r1,pid,hot_humid,bursty,1,31.632,31.332,31.132,28.632,25.0,45.0,60.0,,0.0,0.0,30.24,,,0,trial
2026-07-04T20:22:11,pid_hot_humid_bursty_r1,pid,hot_humid,bursty,1,31.639,31.339,31.139,28.639,25.0,45.0,60.0,,0.0,0.0,30.24,,,0,trial
2026-07-04T20:22:11,pid_hot_humid_bursty_r1,pid,hot_humid,bursty,1,31.646,31.346,31.146,28.646,25.0,45.0,60.0,,0.0,0.0,30.24,,,0,trial
2026-07-04T20:22:11,pid_hot_humid_bursty_r1,pid,hot_humid,bursty,1,31.654,31.354,31.154,28.654,25.0,45.0,60.0,,0.0,0.0,30.24,,,0,trial
2026-07-04T20:22:11,pid_hot_humid_bursty_r1,pid,hot_humid,bursty,1,31.661,31.361,31.161,28.661,25.0,45.0,60.0,,0.0,0.0,30.24,,,0,trial
2026-07-04T20:22:11,pid_hot_humid_bursty_r1,pid,hot_humid,bursty,1,31.668,31.368,31.168,28.668,25.0,45.0,60.0,,0.0,0.0,30.25,,,0,trial
2026-07-04T20:22:11,pid_hot_humid_bursty_r1,pid,hot_humid,bursty,1,31.675,31.375,31.175,28.675,25.0,45.0,60.0,,0.0,0.0,30.25,,,0,trial
2026-07-04T20:22:11,pid_hot_humid_bursty_r1,pid,hot_humid,bursty,1,31.69,31.39,31.19,28.69,25.0,45.0,60.0,,0.0,0.0,30.25,,,0,trial
2026-07-04T20:22:11,pid_hot_humid_bursty_r1,pid,hot_humid,bursty,1,31.697,31.397,31.197,28.697,25.0,45.0,60.0,,0.0,0.0,30.25,,,0,trial
2026-07-04T20:22:11,pid_hot_humid_bursty_r1,pid,hot_humid,bursty,1,31.704,31.404,31.204,28.704,25.0,45.0,60.0,,0.0,0.0,30.25,,,0,trial
2026-07-04T20:22:11,pid_hot_humid_bursty_r1,pid,hot_humid,bursty,1,31.711,31.411,31.211,28.711,25.0,45.0,60.0,,0.0,0.0,30.25,,,0,trial
2026-07-04T20:22:11,pid_hot_humid_bursty_r1,pid,hot_humid,bursty,1,31.718,31.418,31.218,28.718,25.0,45.0,60.0,,0.0,0.0,30.25,,,0,trial
2026-07-04T20:22:11,pid_hot_humid_bursty_r1,pid,hot_humid,bursty,1,31.725,31.425,31.225,28.725,25.0,45.0,60.0,,0.0,0.0,30.26,,,0,trial
2026-07-04T20:22:11,pid_hot_humid_bursty_r1,pid,hot_humid,bursty,1,31.733,31.433,31.233,28.733,25.0,45.0,60.0,,0.0,0.0,30.26,,,0,trial
2026-07-04T20:22:11,pid_hot_humid_bursty_r1,pid,hot_humid,bursty,1,31.74,31.44,31.24,28.74,25.0,45.0,60.0,,0.0,0.0,30.26,,,0,trial
2026-07-04T20:22:11,pid_hot_humid_bursty_r1,pid,hot_humid,bursty,1,31.747,31.447,31.247,28.747,25.0,45.0,60.0,,0.0,0.0,30.26,,,0,trial
2026-07-04T20:22:11,pid_hot_humid_bursty_r1,pid,hot_humid,bursty,1,31.754,31.454,31.254,28.754,25.0,45.0,60.0,,0.0,0.0,30.26,,,0,trial
2026-07-04T20:22:11,pid_hot_humid_bursty_r1,pid,hot_humid,bursty,1,31.761,31.461,31.261,28.761,25.0,45.0,60.0,,0.0,0.0,30.26,,,0,trial
2026-07-04T20:22:11,pid_hot_humid_bursty_r1,pid,hot_humid,bursty,1,31.769,31.469,31.269,28.769,25.0,45.0,60.0,,0.0,0.0,30.26,,,0,trial
2026-07-04T20:22:11,pid_hot_humid_bursty_r1,pid,hot_humid,bursty,1,31.776,31.476,31.276,28.776,25.0,45.0,60.0,,0.0,0.0,30.26,,,0,trial
2026-07-04T20:22:11,pid_hot_humid_bursty_r1,pid,hot_humid,bursty,1,31.783,31.483,31.283,28.783,25.0,45.0,60.0,,0.0,0.0,30.27,,,0,trial
2026-07-04T20:22:11,pid_hot_humid_bursty_r1,pid,hot_humid,bursty,1,31.79,31.49,31.29,28.79,25.0,45.0,60.0,,0.0,0.0,30.27,,,0,trial
2026-07-04T20:22:11,pid_hot_humid_bursty_r1,pid,hot_humid,bursty,1,31.797,31.497,31.297,28.797,25.0,45.0,60.0,,0.0,0.0,30.27,,,0,trial
2026-07-04T20:22:11,pid_hot_humid_bursty_r1,pid,hot_humid,bursty,1,31.804,31.504,31.304,28.804,25.0,45.0,60.0,,0.0,0.0,30.27,,,0,trial
2026-07-04T20:22:11,pid_hot_humid_bursty_r1,pid,hot_humid,bursty,1,31.812,31.512,31.312,28.812,25.0,45.0,60.0,,0.0,0.0,30.27,,,0,trial
2026-07-04T20:22:11,pid_hot_humid_bursty_r1,pid,hot_humid,bursty,1,31.819,31.519,31.319,28.819,25.0,45.0,60.0,,0.0,0.0,30.27,,,0,trial
2026-07-04T20:22:11,pid_hot_humid_bursty_r1,pid,hot_humid,bursty,1,31.826,31.526,31.326,28.826,25.0,45.0,60.0,,0.0,0.0,30.27,,,0,trial
2026-07-04T20:22:11,pid_hot_humid_bursty_r1,pid,hot_humid,bursty,1,31.833,31.533,31.333,28.833,25.0,45.0,60.0,,0.0,0.0,30.28,,,0,trial
2026-07-04T20:22:11,pid_hot_humid_bursty_r1,pid,hot_humid,bursty,1,31.84,31.54,31.34,28.84,25.0,45.0,60.0,,0.0,0.0,30.28,,,0,trial
2026-07-04T20:22:11,pid_hot_humid_bursty_r1,pid,hot_humid,bursty,1,31.848,31.548,31.348,28.848,25.0,45.0,60.0,,0.0,0.0,30.28,,,0,trial
2026-07-04T20:22:11,pid_hot_humid_bursty_r1,pid,hot_humid,bursty,1,31.855,31.555,31.355,28.855,25.0,45.0,60.0,,0.0,0.0,30.28,,,0,trial
2026-07-04T20:22:11,pid_hot_humid_bursty_r1,pid,hot_humid,bursty,1,31.862,31.562,31.362,28.862,25.0,45.0,60.0,,0.0,0.0,30.28,,,0,trial
2026-07-04T20:22:11,pid_hot_humid_bursty_r1,pid,hot_humid,bursty,1,31.869,31.569,31.369,28.869,25.0,45.0,60.0,,0.0,0.0,30.28,,,0,trial
2026-07-04T20:22:11,pid_hot_humid_bursty_r1,pid,hot_humid,bursty,1,31.876,31.576,31.376,28.876,25.0,45.0,60.0,,0.0,0.0,30.29,,,0,trial
2026-07-04T20:22:11,pid_hot_humid_bursty_r1,pid,hot_humid,bursty,1,31.883,31.583,31.383,28.883,25.0,45.0,60.0,,0.0,0.0,30.29,,,0,trial
2026-07-04T20:22:11,pid_hot_humid_bursty_r1,pid,hot_humid,bursty,1,31.891,31.591,31.391,28.891,25.0,45.0,60.0,,0.0,0.0,30.29,,,0,trial
2026-07-04T20:22:11,pid_hot_humid_bursty_r1,pid,hot_humid,bursty,1,31.898,31.598,31.398,28.898,25.0,45.0,60.0,,0.0,0.0,30.29,,,0,trial
2026-07-04T20:22:11,pid_hot_humid_bursty_r1,pid,hot_humid,bursty,1,31.936,31.636,31.436,28.936,25.0,45.0,150.0,,0.0,0.0,30.29,,,0,trial
2026-07-04T20:22:11,pid_hot_humid_bursty_r1,pid,hot_humid,bursty,1,31.955,31.655,31.455,28.955,25.0,45.0,150.0,,0.0,0.0,30.29,,,0,trial
2026-07-04T20:22:11,pid_hot_humid_bursty_r1,pid,hot_humid,bursty,1,31.974,31.674,31.474,28.974,25.0,45.0,150.0,,0.0,0.0,30.29,,,0,trial
2026-07-04T20:22:11,pid_hot_humid_bursty_r1,pid,hot_humid,bursty,1,31.993,31.693,31.493,28.993,25.0,45.0,150.0,,0.0,0.0,30.3,,,0,trial
2026-07-04T20:22:11,pid_hot_humid_bursty_r1,pid,hot_humid,bursty,1,32.012,31.712,31.512,29.012,25.0,45.0,150.0,,0.0,0.0,30.3,,,0,trial
2026-07-04T20:22:11,pid_hot_humid_bursty_r1,pid,hot_humid,bursty,1,32.031,31.731,31.531,29.031,25.0,45.0,150.0,,0.0,0.0,30.3,,,0,trial
2026-07-04T20:22:11,pid_hot_humid_bursty_r1,pid,hot_humid,bursty,1,32.05,31.75,31.55,29.05,25.0,45.0,150.0,,0.0,0.0,30.3,,,0,trial
2026-07-04T20:22:11,pid_hot_humid_bursty_r1,pid,hot_humid,bursty,1,32.069,31.769,31.569,29.069,25.0,45.0,150.0,,0.0,0.0,30.3,,,0,trial
2026-07-04T20:22:11,pid_hot_humid_bursty_r1,pid,hot_humid,bursty,1,32.088,31.788,31.588,29.088,25.0,45.0,150.0,,0.0,0.0,30.3,,,0,trial
2026-07-04T20:22:11,pid_hot_humid_bursty_r1,pid,hot_humid,bursty,1,32.107,31.807,31.607,29.107,25.0,45.0,150.0,,0.0,0.0,30.31,,,0,trial
2026-07-04T20:22:11,pid_hot_humid_bursty_r1,pid,hot_humid,bursty,1,32.126,31.826,31.626,29.126,25.0,45.0,150.0,,0.0,0.0,30.31,,,0,trial
2026-07-04T20:22:11,pid_hot_humid_bursty_r1,pid,hot_humid,bursty,1,32.145,31.845,31.645,29.145,25.0,45.0,150.0,,0.0,0.0,30.31,,,0,trial
2026-07-04T20:22:11,pid_hot_humid_bursty_r1,pid,hot_humid,bursty,1,32.164,31.864,31.664,29.164,25.0,45.0,150.0,,0.0,0.0,30.31,,,0,trial
2026-07-04T20:22:11,pid_hot_humid_bursty_r1,pid,hot_humid,bursty,1,32.183,31.883,31.683,29.183,25.0,45.0,150.0,,0.0,0.0,30.31,,,0,trial
2026-07-04T20:22:11,pid_hot_humid_bursty_r1,pid,hot_humid,bursty,1,32.202,31.902,31.702,29.202,25.0,45.0,150.0,,0.0,0.0,30.31,,,0,trial
2026-07-04T20:22:11,pid_hot_humid_bursty_r1,pid,hot_humid,bursty,1,32.221,31.921,31.721,29.221,25.0,45.0,150.0,,0.0,0.0,30.32,,,0,trial
2026-07-04T20:22:11,pid_hot_humid_bursty_r1,pid,hot_humid,bursty,1,32.24,31.94,31.74,29.24,25.0,45.0,150.0,,0.0,0.0,30.32,,,0,trial
2026-07-04T20:22:11,pid_hot_humid_bursty_r1,pid,hot_humid,bursty,1,32.259,31.959,31.759,29.259,25.0,45.0,150.0,,0.0,0.0,30.32,,,0,trial
2026-07-04T20:22:11,pid_hot_humid_bursty_r1,pid,hot_humid,bursty,1,32.278,31.978,31.778,29.278,25.0,45.0,150.0,,0.0,0.0,30.32,,,0,trial
2026-07-04T20:22:11,pid_hot_humid_bursty_r1,pid,hot_humid,bursty,1,32.297,31.997,31.797,29.297,25.0,45.0,150.0,,0.0,0.0,30.32,,,0,trial
2026-07-04T20:22:11,pid_hot_humid_bursty_r1,pid,hot_humid,bursty,1,32.316,32.016,31.816,29.316,25.0,45.0,150.0,,0.0,0.0,30.33,,,0,trial
2026-07-04T20:22:11,pid_hot_humid_bursty_r1,pid,hot_humid,bursty,1,32.334,32.034,31.834,29.334,25.0,45.0,150.0,,0.0,0.0,30.33,,,0,trial
2026-07-04T20:22:11,pid_hot_humid_bursty_r1,pid,hot_humid,bursty,1,32.353,32.053,31.853,29.353,25.0,45.0,150.0,,0.0,0.0,30.33,,,0,trial
2026-07-04T20:22:11,pid_hot_humid_bursty_r1,pid,hot_humid,bursty,1,32.372,32.072,31.872,29.372,25.0,45.0,150.0,,0.0,0.0,30.33,,,0,trial
2026-07-04T20:22:11,pid_hot_humid_bursty_r1,pid,hot_humid,bursty,1,32.391,32.091,31.891,29.391,25.0,45.0,150.0,,0.0,0.0,30.33,,,0,trial
2026-07-04T20:22:11,pid_hot_humid_bursty_r1,pid,hot_humid,bursty,1,32.41,32.11,31.91,29.41,25.0,45.0,150.0,,0.0,0.0,30.33,,,0,trial
2026-07-04T20:22:11,pid_hot_humid_bursty_r1,pid,hot_humid,bursty,1,32.429,32.129,31.929,29.429,25.0,45.0,150.0,,0.0,0.0,30.34,,,0,trial
2026-07-04T20:22:11,pid_hot_humid_bursty_r1,pid,hot_humid,bursty,1,32.448,32.148,31.948,29.448,25.0,45.0,150.0,,0.0,0.0,30.34,,,0,trial
2026-07-04T20:22:11,pid_hot_humid_bursty_r1,pid,hot_humid,bursty,1,32.467,32.167,31.967,29.467,25.0,45.0,150.0,,0.0,0.0,30.34,,,0,trial
2026-07-04T20:22:11,pid_hot_humid_bursty_r1,pid,hot_humid,bursty,1,32.486,32.186,31.986,29.486,25.0,45.0,150.0,,0.0,0.0,30.34,,,0,trial
2026-07-04T20:22:11,pid_hot_humid_bursty_r1,pid,hot_humid,bursty,1,32.524,32.224,32.024,29.524,25.0,45.0,150.0,,0.0,0.0,30.34,,,0,trial
2026-07-04T20:22:11,pid_hot_humid_bursty_r1,pid,hot_humid,bursty,1,32.543,32.243,32.043,29.543,25.0,45.0,150.0,,0.0,0.0,30.35,,,0,trial
2026-07-04T20:22:11,pid_hot_humid_bursty_r1,pid,hot_humid,bursty,1,32.562,32.262,32.062,29.562,25.0,45.0,150.0,,0.0,0.0,30.35,,,0,trial
2026-07-04T20:22:11,pid_hot_humid_bursty_r1,pid,hot_humid,bursty,1,32.581,32.281,32.081,29.581,25.0,45.0,150.0,,0.0,0.0,30.35,,,0,trial
2026-07-04T20:22:11,pid_hot_humid_bursty_r1,pid,hot_humid,bursty,1,32.6,32.3,32.1,29.6,25.0,45.0,150.0,,0.0,0.0,30.35,,,0,trial
2026-07-04T20:22:11,pid_hot_humid_bursty_r1,pid,hot_humid,bursty,1,32.619,32.319,32.119,29.619,25.0,45.0,150.0,,0.0,0.0,30.35,,,0,trial
2026-07-04T20:22:11,pid_hot_humid_bursty_r1,pid,hot_humid,bursty,1,32.638,32.338,32.138,29.638,25.0,45.0,150.0,,0.0,0.0,30.36,,,0,trial
2026-07-04T20:22:11,pid_hot_humid_bursty_r1,pid,hot_humid,bursty,1,32.657,32.357,32.157,29.657,25.0,45.0,150.0,,0.0,0.0,30.36,,,0,trial
2026-07-04T20:22:11,pid_hot_humid_bursty_r1,pid,hot_humid,bursty,1,32.676,32.376,32.176,29.676,25.0,45.0,150.0,,0.0,0.0,30.36,,,0,trial
2026-07-04T20:22:11,pid_hot_humid_bursty_r1,pid,hot_humid,bursty,1,32.694,32.394,32.194,29.694,25.0,45.0,150.0,,0.0,0.0,30.36,,,0,trial
2026-07-04T20:22:11,pid_hot_humid_bursty_r1,pid,hot_humid,bursty,1,32.713,32.413,32.213,29.713,25.0,45.0,150.0,,0.0,0.0,30.36,,,0,trial
2026-07-04T20:22:11,pid_hot_humid_bursty_r1,pid,hot_humid,bursty,1,32.732,32.432,32.232,29.732,25.0,45.0,150.0,,0.0,0.0,30.37,,,0,trial
2026-07-04T20:22:11,pid_hot_humid_bursty_r1,pid,hot_humid,bursty,1,32.751,32.451,32.251,29.751,25.0,45.0,150.0,,0.0,0.0,30.37,,,0,trial
2026-07-04T20:22:11,pid_hot_humid_bursty_r1,pid,hot_humid,bursty,1,32.77,32.47,32.27,29.77,25.0,45.0,150.0,,0.0,0.0,30.37,,,0,trial
2026-07-04T20:22:11,pid_hot_humid_bursty_r1,pid,hot_humid,bursty,1,32.789,32.489,32.289,29.789,25.0,45.0,150.0,,0.0,0.0,30.37,,,0,trial
2026-07-04T20:22:11,pid_hot_humid_bursty_r1,pid,hot_humid,bursty,1,32.808,32.508,32.308,29.808,25.0,45.0,150.0,,0.0,0.0,30.38,,,0,trial
2026-07-04T20:22:11,pid_hot_humid_bursty_r1,pid,hot_humid,bursty,1,32.827,32.527,32.327,29.827,25.0,45.0,150.0,,0.0,0.0,30.38,,,0,trial
2026-07-04T20:22:11,pid_hot_humid_bursty_r1,pid,hot_humid,bursty,1,32.846,32.546,32.346,29.846,25.0,45.0,150.0,,0.0,0.0,30.38,,,0,trial
2026-07-04T20:22:11,pid_hot_humid_bursty_r1,pid,hot_humid,bursty,1,32.865,32.565,32.365,29.865,25.0,45.0,150.0,,0.0,0.0,30.38,,,0,trial
2026-07-04T20:22:11,pid_hot_humid_bursty_r1,pid,hot_humid,bursty,1,32.884,32.584,32.384,29.884,25.0,45.0,150.0,,0.0,0.0,30.38,,,0,trial
2026-07-04T20:22:11,pid_hot_humid_bursty_r1,pid,hot_humid,bursty,1,32.903,32.603,32.403,29.903,25.0,45.0,150.0,,0.0,0.0,30.39,,,0,trial
2026-07-04T20:22:11,pid_hot_humid_bursty_r1,pid,hot_humid,bursty,1,32.921,32.621,32.421,29.921,25.0,45.0,150.0,,0.0,0.0,30.39,,,0,trial
2026-07-04T20:22:11,pid_hot_humid_bursty_r1,pid,hot_humid,bursty,1,32.94,32.64,32.44,29.94,25.0,45.0,150.0,,0.0,0.0,30.39,,,0,trial
2026-07-04T20:22:11,pid_hot_humid_bursty_r1,pid,hot_humid,bursty,1,32.959,32.659,32.459,29.959,25.0,45.0,150.0,,0.0,0.0,30.39,,,0,trial
2026-07-04T20:22:11,pid_hot_humid_bursty_r1,pid,hot_humid,bursty,1,32.978,32.678,32.478,29.978,25.0,45.0,150.0,,0.0,0.0,30.4,,,0,trial
2026-07-04T20:22:11,pid_hot_humid_bursty_r1,pid,hot_humid,bursty,1,32.997,32.697,32.497,29.997,25.0,45.0,150.0,,0.0,0.0,30.4,,,0,trial
2026-07-04T20:22:11,pid_hot_humid_bursty_r1,pid,hot_humid,bursty,1,33.016,32.716,32.516,30.016,25.0,45.0,150.0,,0.0,0.0,30.4,,,0,trial
2026-07-04T20:22:11,pid_hot_humid_bursty_r1,pid,hot_humid,bursty,1,33.035,32.735,32.535,30.035,25.0,45.0,150.0,,0.0,0.0,30.4,,,0,trial
2026-07-04T20:22:11,pid_hot_humid_bursty_r1,pid,hot_humid,bursty,1,33.054,32.754,32.554,30.054,25.0,45.0,150.0,,0.0,0.0,30.4,,,0,trial
2026-07-04T20:22:11,pid_hot_humid_bursty_r1,pid,hot_humid,bursty,1,33.073,32.773,32.573,30.073,25.0,45.0,150.0,,0.0,0.0,30.41,,,0,trial
2026-07-04T20:22:11,pid_hot_humid_bursty_r1,pid,hot_humid,bursty,1,33.11,32.81,32.61,30.11,25.0,45.0,150.0,,0.0,0.0,30.41,,,0,trial
2026-07-04T20:22:11,pid_hot_humid_bursty_r1,pid,hot_humid,bursty,1,33.129,32.829,32.629,30.129,25.0,45.0,150.0,,0.0,0.0,30.41,,,0,trial
2026-07-04T20:22:11,pid_hot_humid_bursty_r1,pid,hot_humid,bursty,1,33.148,32.848,32.648,30.148,25.0,45.0,150.0,,0.0,0.0,30.41,,,0,trial
2026-07-04T20:22:11,pid_hot_humid_bursty_r1,pid,hot_humid,bursty,1,33.167,32.867,32.667,30.167,25.0,45.0,150.0,,0.0,0.0,30.42,,,0,trial
2026-07-04T20:22:11,pid_hot_humid_bursty_r1,pid,hot_humid,bursty,1,33.186,32.886,32.686,30.186,25.0,45.0,150.0,,0.0,0.0,30.42,,,0,trial
2026-07-04T20:22:11,pid_hot_humid_bursty_r1,pid,hot_humid,bursty,1,33.205,32.905,32.705,30.205,25.0,45.0,150.0,,0.0,0.0,30.42,,,0,trial
2026-07-04T20:22:11,pid_hot_humid_bursty_r1,pid,hot_humid,bursty,1,33.224,32.924,32.724,30.224,25.0,45.0,150.0,,0.0,0.0,30.42,,,0,trial
2026-07-04T20:22:11,pid_hot_humid_bursty_r1,pid,hot_humid,bursty,1,33.243,32.943,32.743,30.243,25.0,45.0,150.0,,0.0,0.0,30.43,,,0,trial
2026-07-04T20:22:11,pid_hot_humid_bursty_r1,pid,hot_humid,bursty,1,33.261,32.961,32.761,30.261,25.0,45.0,150.0,,0.0,0.0,30.43,,,0,trial
2026-07-04T20:22:11,pid_hot_humid_bursty_r1,pid,hot_humid,bursty,1,33.28,32.98,32.78,30.28,25.0,45.0,150.0,,0.0,0.0,30.43,,,0,trial
2026-07-04T20:22:11,pid_hot_humid_bursty_r1,pid,hot_humid,bursty,1,33.299,32.999,32.799,30.299,25.0,45.0,150.0,,0.0,0.0,30.43,,,0,trial
2026-07-04T20:22:11,pid_hot_humid_bursty_r1,pid,hot_humid,bursty,1,33.318,33.018,32.818,30.318,25.0,45.0,150.0,,0.0,0.0,30.44,,,0,trial
2026-07-04T20:22:11,pid_hot_humid_bursty_r1,pid,hot_humid,bursty,1,33.337,33.037,32.837,30.337,25.0,45.0,150.0,,0.0,0.0,30.44,,,0,trial
2026-07-04T20:22:11,pid_hot_humid_bursty_r1,pid,hot_humid,bursty,1,33.356,33.056,32.856,30.356,25.0,45.0,150.0,,0.0,0.0,30.44,,,0,trial
2026-07-04T20:22:11,pid_hot_humid_bursty_r1,pid,hot_humid,bursty,1,33.375,33.075,32.875,30.375,25.0,45.0,150.0,,0.0,0.0,30.44,,,0,trial
2026-07-04T20:22:11,pid_hot_humid_bursty_r1,pid,hot_humid,bursty,1,33.393,33.093,32.893,30.393,25.0,45.0,150.0,,0.0,0.0,30.45,,,0,trial
2026-07-04T20:22:11,pid_hot_humid_bursty_r1,pid,hot_humid,bursty,1,33.412,33.112,32.912,30.412,25.0,45.0,150.0,,0.0,0.0,30.45,,,0,trial
2026-07-04T20:22:11,pid_hot_humid_bursty_r1,pid,hot_humid,bursty,1,33.431,33.131,32.931,30.431,25.0,45.0,150.0,,0.0,0.0,30.45,,,0,trial
2026-07-04T20:22:11,pid_hot_humid_bursty_r1,pid,hot_humid,bursty,1,33.45,33.15,32.95,30.45,25.0,45.0,150.0,,0.0,0.0,30.45,,,0,trial
2026-07-04T20:22:11,pid_hot_humid_bursty_r1,pid,hot_humid,bursty,1,33.469,33.169,32.969,30.469,25.0,45.0,150.0,,0.0,0.0,30.46,,,0,trial
2026-07-04T20:22:11,pid_hot_humid_bursty_r1,pid,hot_humid,bursty,1,33.488,33.188,32.988,30.488,25.0,45.0,150.0,,0.0,0.0,30.46,,,0,trial
2026-07-04T20:22:11,pid_hot_humid_bursty_r1,pid,hot_humid,bursty,1,33.507,33.207,33.007,30.507,25.0,45.0,150.0,,0.0,0.0,30.46,,,0,trial
2026-07-04T20:22:11,pid_hot_humid_bursty_r1,pid,hot_humid,bursty,1,33.525,33.225,33.025,30.525,25.0,45.0,150.0,,0.0,0.0,30.47,,,0,trial
2026-07-04T20:22:11,pid_hot_humid_bursty_r1,pid,hot_humid,bursty,1,33.544,33.244,33.044,30.544,25.0,45.0,150.0,,0.0,0.0,30.47,,,0,trial
2026-07-04T20:22:11,pid_hot_humid_bursty_r1,pid,hot_humid,bursty,1,33.563,33.263,33.063,30.563,25.0,45.0,150.0,,0.0,0.0,30.47,,,0,trial
2026-07-04T20:22:11,pid_hot_humid_bursty_r1,pid,hot_humid,bursty,1,33.582,33.282,33.082,30.582,25.0,45.0,150.0,,0.0,0.0,30.47,,,0,trial
2026-07-04T20:22:11,pid_hot_humid_bursty_r1,pid,hot_humid,bursty,1,33.601,33.301,33.101,30.601,25.0,45.0,150.0,,0.0,0.0,30.48,,,0,trial
2026-07-04T20:22:11,pid_hot_humid_bursty_r1,pid,hot_humid,bursty,1,33.62,33.32,33.12,30.62,25.0,45.0,150.0,,0.0,0.0,30.48,,,0,trial
2026-07-04T20:22:11,pid_hot_humid_bursty_r1,pid,hot_humid,bursty,1,33.638,33.338,33.138,30.638,25.0,45.0,150.0,,0.0,0.0,30.48,,,0,trial
2026-07-04T20:22:11,pid_hot_humid_bursty_r1,pid,hot_humid,bursty,1,33.657,33.357,33.157,30.657,25.0,45.0,150.0,,0.0,0.0,30.49,,,0,trial
2026-07-04T20:22:11,pid_hot_humid_bursty_r1,pid,hot_humid,bursty,1,33.695,33.395,33.195,30.695,25.0,45.0,150.0,,0.0,0.0,30.49,,,0,trial
2026-07-04T20:22:11,pid_hot_humid_bursty_r1,pid,hot_humid,bursty,1,33.714,33.414,33.214,30.714,25.0,45.0,150.0,,0.0,0.0,30.49,,,0,trial
2026-07-04T20:22:11,pid_hot_humid_bursty_r1,pid,hot_humid,bursty,1,33.732,33.432,33.232,30.732,25.0,45.0,150.0,,0.0,0.0,30.49,,,0,trial
2026-07-04T20:22:11,pid_hot_humid_bursty_r1,pid,hot_humid,bursty,1,33.751,33.451,33.251,30.751,25.0,45.0,150.0,,0.0,0.0,30.5,,,0,trial
2026-07-04T20:22:11,pid_hot_humid_bursty_r1,pid,hot_humid,bursty,1,33.77,33.47,33.27,30.77,25.0,45.0,150.0,,0.0,0.0,30.5,,,0,trial
2026-07-04T20:22:11,pid_hot_humid_bursty_r1,pid,hot_humid,bursty,1,33.789,33.489,33.289,30.789,25.0,45.0,150.0,,0.0,0.0,30.5,,,0,trial
2026-07-04T20:22:11,pid_hot_humid_bursty_r1,pid,hot_humid,bursty,1,33.808,33.508,33.308,30.808,25.0,45.0,150.0,,0.0,0.0,30.51,,,0,trial
2026-07-04T20:22:11,pid_hot_humid_bursty_r1,pid,hot_humid,bursty,1,33.827,33.527,33.327,30.827,25.0,45.0,150.0,,0.0,0.0,30.51,,,0,trial
2026-07-04T20:22:11,pid_hot_humid_bursty_r1,pid,hot_humid,bursty,1,33.845,33.545,33.345,30.845,25.0,45.0,150.0,,0.0,0.0,30.51,,,0,trial
2026-07-04T20:22:11,pid_hot_humid_bursty_r1,pid,hot_humid,bursty,1,33.864,33.564,33.364,30.864,25.0,45.0,150.0,,0.0,0.0,30.51,,,0,trial
2026-07-04T20:22:11,pid_hot_humid_bursty_r1,pid,hot_humid,bursty,1,33.883,33.583,33.383,30.883,25.0,45.0,150.0,,0.0,0.0,30.52,,,0,trial
2026-07-04T20:22:11,pid_hot_humid_bursty_r1,pid,hot_humid,bursty,1,33.902,33.602,33.402,30.902,25.0,45.0,150.0,,0.0,0.0,30.52,,,0,trial
2026-07-04T20:22:11,pid_hot_humid_bursty_r1,pid,hot_humid,bursty,1,33.921,33.621,33.421,30.921,25.0,45.0,150.0,,0.0,0.0,30.52,,,0,trial
2026-07-04T20:22:11,pid_hot_humid_bursty_r1,pid,hot_humid,bursty,1,33.939,33.639,33.439,30.939,25.0,45.0,150.0,,0.0,0.0,30.53,,,0,trial
2026-07-04T20:22:11,pid_hot_humid_bursty_r1,pid,hot_humid,bursty,1,33.958,33.658,33.458,30.958,25.0,45.0,150.0,,0.0,0.0,30.53,,,0,trial
2026-07-04T20:22:11,pid_hot_humid_bursty_r1,pid,hot_humid,bursty,1,33.977,33.677,33.477,30.977,25.0,45.0,150.0,,0.0,0.0,30.53,,,0,trial
2026-07-04T20:22:11,pid_hot_humid_bursty_r1,pid,hot_humid,bursty,1,33.996,33.696,33.496,30.996,25.0,45.0,150.0,,0.0,0.0,30.54,,,0,trial
2026-07-04T20:22:11,pid_hot_humid_bursty_r1,pid,hot_humid,bursty,1,34.015,33.715,33.515,31.015,25.0,45.0,150.0,,0.0,0.0,30.54,,,0,trial
2026-07-04T20:22:11,pid_hot_humid_bursty_r1,pid,hot_humid,bursty,1,34.033,33.733,33.533,31.033,25.0,45.0,150.0,,0.0,0.0,30.54,,,0,trial
2026-07-04T20:22:11,pid_hot_humid_bursty_r1,pid,hot_humid,bursty,1,34.052,33.752,33.552,31.052,25.0,45.0,150.0,,0.0,0.0,30.55,,,0,trial
2026-07-04T20:22:11,pid_hot_humid_bursty_r1,pid,hot_humid,bursty,1,34.071,33.771,33.571,31.071,25.0,45.0,150.0,,0.0,0.0,30.55,,,0,trial
2026-07-04T20:22:11,pid_hot_humid_bursty_r1,pid,hot_humid,bursty,1,34.09,33.79,33.59,31.09,25.0,45.0,150.0,,0.0,0.0,30.55,,,0,trial
2026-07-04T20:22:11,pid_hot_humid_bursty_r1,pid,hot_humid,bursty,1,34.108,33.808,33.608,31.108,25.0,45.0,150.0,,0.0,0.0,30.56,,,0,trial
2026-07-04T20:22:11,pid_hot_humid_bursty_r1,pid,hot_humid,bursty,1,34.127,33.827,33.627,31.127,25.0,45.0,150.0,,0.0,0.0,30.56,,,0,trial
2026-07-04T20:22:11,pid_hot_humid_bursty_r1,pid,hot_humid,bursty,1,34.146,33.846,33.646,31.146,25.0,45.0,150.0,,0.0,0.0,30.56,,,0,trial
2026-07-04T20:22:11,pid_hot_humid_bursty_r1,pid,hot_humid,bursty,1,34.165,33.865,33.665,31.165,25.0,45.0,150.0,,0.0,0.0,30.57,,,0,trial
2026-07-04T20:22:11,pid_hot_humid_bursty_r1,pid,hot_humid,bursty,1,34.184,33.884,33.684,31.184,25.0,45.0,150.0,,0.0,0.0,30.57,,,0,trial
2026-07-04T20:22:11,pid_hot_humid_bursty_r1,pid,hot_humid,bursty,1,34.202,33.902,33.702,31.202,25.0,45.0,150.0,,0.0,0.0,30.57,,,0,trial
2026-07-04T20:22:11,pid_hot_humid_bursty_r1,pid,hot_humid,bursty,1,34.221,33.921,33.721,31.221,25.0,45.0,150.0,,0.0,0.0,30.58,,,0,trial
2026-07-04T20:22:11,pid_hot_humid_bursty_r1,pid,hot_humid,bursty,1,34.24,33.94,33.74,31.24,25.0,45.0,150.0,,0.0,0.0,30.58,,,0,trial
2026-07-04T20:22:11,pid_hot_humid_bursty_r1,pid,hot_humid,bursty,1,34.277,33.977,33.777,31.277,25.0,45.0,150.0,,0.0,0.0,30.58,,,0,trial
2026-07-04T20:22:11,pid_hot_humid_bursty_r1,pid,hot_humid,bursty,1,34.296,33.996,33.796,31.296,25.0,45.0,150.0,,0.0,0.0,30.59,,,0,trial
2026-07-04T20:22:11,pid_hot_humid_bursty_r1,pid,hot_humid,bursty,1,34.315,34.015,33.815,31.315,25.0,45.0,150.0,,0.0,0.0,30.59,,,0,trial
2026-07-04T20:22:11,pid_hot_humid_bursty_r1,pid,hot_humid,bursty,1,34.334,34.034,33.834,31.334,25.0,45.0,150.0,,0.0,0.0,30.59,,,0,trial
2026-07-04T20:22:11,pid_hot_humid_bursty_r1,pid,hot_humid,bursty,1,34.352,34.052,33.852,31.352,25.0,45.0,150.0,,0.0,0.0,30.6,,,0,trial
2026-07-04T20:22:11,pid_hot_humid_bursty_r1,pid,hot_humid,bursty,1,34.371,34.071,33.871,31.371,25.0,45.0,150.0,,0.0,0.0,30.6,,,0,trial
2026-07-04T20:22:11,pid_hot_humid_bursty_r1,pid,hot_humid,bursty,1,34.39,34.09,33.89,31.39,25.0,45.0,150.0,,0.0,0.0,30.6,,,0,trial
2026-07-04T20:22:11,pid_hot_humid_bursty_r1,pid,hot_humid,bursty,1,34.409,34.109,33.909,31.409,25.0,45.0,150.0,,0.0,0.0,30.61,,,0,trial
2026-07-04T20:22:11,pid_hot_humid_bursty_r1,pid,hot_humid,bursty,1,34.427,34.127,33.927,31.427,25.0,45.0,150.0,,0.0,0.0,30.61,,,0,trial
2026-07-04T20:22:11,pid_hot_humid_bursty_r1,pid,hot_humid,bursty,1,34.446,34.146,33.946,31.446,25.0,45.0,150.0,,0.0,0.0,30.61,,,0,trial
2026-07-04T20:22:11,pid_hot_humid_bursty_r1,pid,hot_humid,bursty,1,34.465,34.165,33.965,31.465,25.0,45.0,150.0,,0.0,0.0,30.62,,,0,trial
2026-07-04T20:22:11,pid_hot_humid_bursty_r1,pid,hot_humid,bursty,1,34.484,34.184,33.984,31.484,25.0,45.0,150.0,,0.0,0.0,30.62,,,0,trial
2026-07-04T20:22:11,pid_hot_humid_bursty_r1,pid,hot_humid,bursty,1,34.502,34.202,34.002,31.502,25.0,45.0,150.0,,0.0,0.0,30.63,,,0,trial
2026-07-04T20:22:11,pid_hot_humid_bursty_r1,pid,hot_humid,bursty,1,34.521,34.221,34.021,31.521,25.0,45.0,150.0,,0.0,0.0,30.63,,,0,trial
2026-07-04T20:22:11,pid_hot_humid_bursty_r1,pid,hot_humid,bursty,1,34.54,34.24,34.04,31.54,25.0,45.0,150.0,,0.0,0.0,30.63,,,0,trial
2026-07-04T20:22:11,pid_hot_humid_bursty_r1,pid,hot_humid,bursty,1,34.559,34.259,34.059,31.559,25.0,45.0,150.0,,0.0,0.0,30.64,,,0,trial
2026-07-04T20:22:11,pid_hot_humid_bursty_r1,pid,hot_humid,bursty,1,34.577,34.277,34.077,31.577,25.0,45.0,150.0,,0.0,0.0,30.64,,,0,trial
2026-07-04T20:22:11,pid_hot_humid_bursty_r1,pid,hot_humid,bursty,1,34.596,34.296,34.096,31.596,25.0,45.0,150.0,,0.0,0.0,30.64,,,0,trial
2026-07-04T20:22:11,pid_hot_humid_bursty_r1,pid,hot_humid,bursty,1,34.615,34.315,34.115,31.615,25.0,45.0,150.0,,0.0,0.0,30.65,,,0,trial
2026-07-04T20:22:11,pid_hot_humid_bursty_r1,pid,hot_humid,bursty,1,34.633,34.333,34.133,31.633,25.0,45.0,150.0,,0.0,0.0,30.65,,,0,trial
2026-07-04T20:22:11,pid_hot_humid_bursty_r1,pid,hot_humid,bursty,1,34.652,34.352,34.152,31.652,25.0,45.0,150.0,,0.0,0.0,30.66,,,0,trial
2026-07-04T20:22:11,pid_hot_humid_bursty_r1,pid,hot_humid,bursty,1,34.671,34.371,34.171,31.671,25.0,45.0,150.0,,0.0,0.0,30.66,,,0,trial
2026-07-04T20:22:11,pid_hot_humid_bursty_r1,pid,hot_humid,bursty,1,34.69,34.39,34.19,31.69,25.0,45.0,150.0,,0.0,0.0,30.66,,,0,trial
2026-07-04T20:22:11,pid_hot_humid_bursty_r1,pid,hot_humid,bursty,1,34.708,34.408,34.208,31.708,25.0,45.0,150.0,,0.0,0.0,30.67,,,0,trial
2026-07-04T20:22:11,pid_hot_humid_bursty_r1,pid,hot_humid,bursty,1,34.727,34.427,34.227,31.727,25.0,45.0,150.0,,0.0,0.0,30.67,,,0,trial
2026-07-04T20:22:11,pid_hot_humid_bursty_r1,pid,hot_humid,bursty,1,34.746,34.446,34.246,31.746,25.0,45.0,150.0,,0.0,0.0,30.68,,,0,trial
2026-07-04T20:22:11,pid_hot_humid_bursty_r1,pid,hot_humid,bursty,1,34.765,34.465,34.265,31.765,25.0,45.0,150.0,,0.0,0.0,30.68,,,0,trial
2026-07-04T20:22:11,pid_hot_humid_bursty_r1,pid,hot_humid,bursty,1,34.783,34.483,34.283,31.783,25.0,45.0,150.0,,0.0,0.0,30.68,,,0,trial
2026-07-04T20:22:11,pid_hot_humid_bursty_r1,pid,hot_humid,bursty,1,34.802,34.502,34.302,31.802,25.0,45.0,150.0,,0.0,0.0,30.69,,,0,trial
2026-07-04T20:22:11,pid_hot_humid_bursty_r1,pid,hot_humid,bursty,1,34.821,34.521,34.321,31.821,25.0,45.0,150.0,,0.0,0.0,30.69,,,0,trial
2026-07-04T20:22:11,pid_hot_humid_bursty_r1,pid,hot_humid,bursty,1,34.858,34.558,34.358,31.858,25.0,45.0,150.0,,0.0,0.0,30.7,,,0,trial
2026-07-04T20:22:11,pid_hot_humid_bursty_r1,pid,hot_humid,bursty,1,34.877,34.577,34.377,31.877,25.0,45.0,150.0,,0.0,0.0,30.7,,,0,trial
2026-07-04T20:22:11,pid_hot_humid_bursty_r1,pid,hot_humid,bursty,1,34.895,34.595,34.395,31.895,25.0,45.0,150.0,,0.0,0.0,30.7,,,0,trial
2026-07-04T20:22:11,pid_hot_humid_bursty_r1,pid,hot_humid,bursty,1,34.914,34.614,34.414,31.914,25.0,45.0,150.0,,0.0,0.0,30.71,,,0,trial
2026-07-04T20:22:11,pid_hot_humid_bursty_r1,pid,hot_humid,bursty,1,34.933,34.633,34.433,31.933,25.0,45.0,150.0,,0.0,0.0,30.71,,,0,trial
2026-07-04T20:22:11,pid_hot_humid_bursty_r1,pid,hot_humid,bursty,1,34.952,34.652,34.452,31.952,25.0,45.0,150.0,,0.0,0.0,30.72,,,0,trial
2026-07-04T20:22:11,pid_hot_humid_bursty_r1,pid,hot_humid,bursty,1,34.97,34.67,34.47,31.97,25.0,45.0,150.0,,0.0,0.0,30.72,,,0,trial
2026-07-04T20:22:11,pid_hot_humid_bursty_r1,pid,hot_humid,bursty,1,34.989,34.689,34.489,31.989,25.0,45.0,150.0,,0.0,0.0,30.72,,,0,trial
2026-07-04T20:22:11,pid_hot_humid_bursty_r1,pid,hot_humid,bursty,1,35.008,34.708,34.508,32.008,25.0,45.0,150.0,,0.0,0.0,30.73,,,0,trial
2026-07-04T20:22:11,pid_hot_humid_bursty_r1,pid,hot_humid,bursty,1,35.026,34.726,34.526,32.026,25.0,45.0,150.0,,0.0,0.0,30.73,,,0,trial
2026-07-04T20:22:11,pid_hot_humid_bursty_r1,pid,hot_humid,bursty,1,35.045,34.745,34.545,32.045,25.0,45.0,150.0,,0.0,0.0,30.74,,,0,trial
2026-07-04T20:22:11,pid_hot_humid_bursty_r1,pid,hot_humid,bursty,1,35.064,34.764,34.564,32.064,25.0,45.0,150.0,,0.0,0.0,30.74,,,0,trial
2026-07-04T20:22:11,pid_hot_humid_bursty_r1,pid,hot_humid,bursty,1,35.082,34.782,34.582,32.082,25.0,45.0,150.0,,0.0,0.0,30.75,,,0,trial
2026-07-04T20:22:11,pid_hot_humid_bursty_r1,pid,hot_humid,bursty,1,35.101,34.801,34.601,32.101,25.0,45.0,150.0,,0.0,0.0,30.75,,,0,trial
2026-07-04T20:22:11,pid_hot_humid_bursty_r1,pid,hot_humid,bursty,1,35.12,34.82,34.62,32.12,25.0,45.0,150.0,,0.0,0.0,30.75,,,0,trial
2026-07-04T20:22:11,pid_hot_humid_bursty_r1,pid,hot_humid,bursty,1,35.138,34.838,34.638,32.138,25.0,45.0,150.0,,0.0,0.0,30.76,,,0,trial
2026-07-04T20:22:11,pid_hot_humid_bursty_r1,pid,hot_humid,bursty,1,35.157,34.857,34.657,32.157,25.0,45.0,150.0,,0.0,0.0,30.76,,,0,trial
2026-07-04T20:22:11,pid_hot_humid_bursty_r1,pid,hot_humid,bursty,1,35.176,34.876,34.676,32.176,25.0,45.0,150.0,,0.0,0.0,30.77,,,0,trial
2026-07-04T20:22:11,pid_hot_humid_bursty_r1,pid,hot_humid,bursty,1,35.194,34.894,34.694,32.194,25.0,45.0,150.0,,0.0,0.0,30.77,,,0,trial
2026-07-04T20:22:11,pid_hot_humid_bursty_r1,pid,hot_humid,bursty,1,35.213,34.913,34.713,32.213,25.0,45.0,150.0,,0.0,0.0,30.78,,,0,trial
2026-07-04T20:22:11,pid_hot_humid_bursty_r1,pid,hot_humid,bursty,1,35.232,34.932,34.732,32.232,25.0,45.0,150.0,,0.0,0.0,30.78,,,0,trial
2026-07-04T20:22:11,pid_hot_humid_bursty_r1,pid,hot_humid,bursty,1,35.25,34.95,34.75,32.25,25.0,45.0,150.0,,0.0,0.0,30.79,,,0,trial
2026-07-04T20:22:11,pid_hot_humid_bursty_r1,pid,hot_humid,bursty,1,35.269,34.969,34.769,32.269,25.0,45.0,150.0,,0.0,0.0,30.79,,,0,trial
2026-07-04T20:22:11,pid_hot_humid_bursty_r1,pid,hot_humid,bursty,1,35.288,34.988,34.788,32.288,25.0,45.0,150.0,,0.0,0.0,30.79,,,0,trial
2026-07-04T20:22:11,pid_hot_humid_bursty_r1,pid,hot_humid,bursty,1,35.306,35.006,34.806,32.306,25.0,45.0,150.0,,0.0,0.0,30.8,,,0,trial
2026-07-04T20:22:11,pid_hot_humid_bursty_r1,pid,hot_humid,bursty,1,35.325,35.025,34.825,32.325,25.0,45.0,150.0,,0.0,0.0,30.8,,,0,trial
2026-07-04T20:22:11,pid_hot_humid_bursty_r1,pid,hot_humid,bursty,1,35.344,35.044,34.844,32.344,25.0,45.0,150.0,,0.0,0.0,30.81,,,0,trial
2026-07-04T20:22:11,pid_hot_humid_bursty_r1,pid,hot_humid,bursty,1,35.362,35.062,34.862,32.362,25.0,45.0,150.0,,0.0,0.0,30.81,,,0,trial
2026-07-04T20:22:11,pid_hot_humid_bursty_r1,pid,hot_humid,bursty,1,35.381,35.081,34.881,32.381,25.0,45.0,150.0,,0.0,0.0,30.82,,,0,trial
2026-07-04T20:22:11,pid_hot_humid_bursty_r1,pid,hot_humid,bursty,1,35.4,35.1,34.9,32.4,25.0,45.0,150.0,,0.0,0.0,30.82,,,0,trial
2026-07-04T20:22:11,pid_hot_humid_bursty_r1,pid,hot_humid,bursty,1,35.413,35.113,34.913,32.413,25.0,45.0,60.0,,0.0,0.0,30.83,,,0,trial
2026-07-04T20:22:11,pid_hot_humid_bursty_r1,pid,hot_humid,bursty,1,35.42,35.12,34.92,32.42,25.0,45.0,60.0,,0.0,0.0,30.83,,,0,trial
2026-07-04T20:22:11,pid_hot_humid_bursty_r1,pid,hot_humid,bursty,1,35.427,35.127,34.927,32.427,25.0,45.0,60.0,,0.0,0.0,30.84,,,0,trial
2026-07-04T20:22:11,pid_hot_humid_bursty_r1,pid,hot_humid,bursty,1,35.434,35.134,34.934,32.434,25.0,45.0,60.0,,0.0,0.0,30.84,,,0,trial
2026-07-04T20:22:11,pid_hot_humid_bursty_r1,pid,hot_humid,bursty,1,35.44,35.14,34.94,32.44,25.0,45.0,60.0,,0.0,0.0,30.85,,,0,trial
2026-07-04T20:22:11,pid_hot_humid_bursty_r1,pid,hot_humid,bursty,1,35.447,35.147,34.947,32.447,25.0,45.0,60.0,,0.0,0.0,30.85,,,0,trial
2026-07-04T20:22:11,pid_hot_humid_bursty_r1,pid,hot_humid,bursty,1,35.454,35.154,34.954,32.454,25.0,45.0,60.0,,0.0,0.0,30.86,,,0,trial
2026-07-04T20:22:11,pid_hot_humid_bursty_r1,pid,hot_humid,bursty,1,35.461,35.161,34.961,32.461,25.0,45.0,60.0,,0.0,0.0,30.86,,,0,trial
2026-07-04T20:22:11,pid_hot_humid_bursty_r1,pid,hot_humid,bursty,1,35.467,35.167,34.967,32.467,25.0,45.0,60.0,,0.0,0.0,30.87,,,0,trial
2026-07-04T20:22:11,pid_hot_humid_bursty_r1,pid,hot_humid,bursty,1,35.474,35.174,34.974,32.474,25.0,45.0,60.0,,0.0,0.0,30.87,,,0,trial
2026-07-04T20:22:11,pid_hot_humid_bursty_r1,pid,hot_humid,bursty,1,35.481,35.181,34.981,32.481,25.0,45.0,60.0,,0.0,0.0,30.88,,,0,trial
2026-07-04T20:22:11,pid_hot_humid_bursty_r1,pid,hot_humid,bursty,1,35.488,35.188,34.988,32.488,25.0,45.0,60.0,,0.0,0.0,30.88,,,0,trial
2026-07-04T20:22:11,pid_hot_humid_bursty_r1,pid,hot_humid,bursty,1,35.495,35.195,34.995,32.495,25.0,45.0,60.0,,0.0,0.0,30.89,,,0,trial
2026-07-04T20:22:11,pid_hot_humid_bursty_r1,pid,hot_humid,bursty,1,35.501,35.201,35.001,32.501,25.0,45.0,60.0,,0.0,0.0,30.89,,,0,trial
2026-07-04T20:22:11,pid_hot_humid_bursty_r1,pid,hot_humid,bursty,1,35.508,35.208,35.008,32.508,25.0,45.0,60.0,,0.0,0.0,30.9,,,0,trial
2026-07-04T20:22:11,pid_hot_humid_bursty_r1,pid,hot_humid,bursty,1,35.515,35.215,35.015,32.515,25.0,45.0,60.0,,0.0,0.0,30.9,,,0,trial
2026-07-04T20:22:11,pid_hot_humid_bursty_r1,pid,hot_humid,bursty,1,35.522,35.222,35.022,32.522,25.0,45.0,60.0,,0.0,0.0,30.91,,,0,trial
2026-07-04T20:22:11,pid_hot_humid_bursty_r1,pid,hot_humid,bursty,1,35.529,35.229,35.029,32.529,25.0,45.0,60.0,,0.0,0.0,30.91,,,0,trial
2026-07-04T20:22:11,pid_hot_humid_bursty_r1,pid,hot_humid,bursty,1,35.535,35.235,35.035,32.535,25.0,45.0,60.0,,0.0,0.0,30.92,,,0,trial
2026-07-04T20:22:11,pid_hot_humid_bursty_r1,pid,hot_humid,bursty,1,35.542,35.242,35.042,32.542,25.0,45.0,60.0,,0.0,0.0,30.92,,,0,trial
2026-07-04T20:22:11,pid_hot_humid_bursty_r1,pid,hot_humid,bursty,1,35.549,35.249,35.049,32.549,25.0,45.0,60.0,,0.0,0.0,30.93,,,0,trial
2026-07-04T20:22:11,pid_hot_humid_bursty_r1,pid,hot_humid,bursty,1,35.556,35.256,35.056,32.556,25.0,45.0,60.0,,0.0,0.0,30.93,,,0,trial
2026-07-04T20:22:11,pid_hot_humid_bursty_r1,pid,hot_humid,bursty,1,35.563,35.263,35.063,32.563,25.0,45.0,60.0,,0.0,0.0,30.94,,,0,trial
2026-07-04T20:22:11,pid_hot_humid_bursty_r1,pid,hot_humid,bursty,1,35.569,35.269,35.069,32.569,25.0,45.0,60.0,,0.0,0.0,30.94,,,0,trial
2026-07-04T20:22:11,pid_hot_humid_bursty_r1,pid,hot_humid,bursty,1,35.576,35.276,35.076,32.576,25.0,45.0,60.0,,0.0,0.0,30.95,,,0,trial
2026-07-04T20:22:11,pid_hot_humid_bursty_r1,pid,hot_humid,bursty,1,35.583,35.283,35.083,32.583,25.0,45.0,60.0,,0.0,0.0,30.95,,,0,trial
2026-07-04T20:22:11,pid_hot_humid_bursty_r1,pid,hot_humid,bursty,1,35.59,35.29,35.09,32.59,25.0,45.0,60.0,,0.0,0.0,30.96,,,0,trial
2026-07-04T20:22:11,pid_hot_humid_bursty_r1,pid,hot_humid,bursty,1,35.596,35.296,35.096,32.596,25.0,45.0,60.0,,0.0,0.0,30.97,,,0,trial
2026-07-04T20:22:11,pid_hot_humid_bursty_r1,pid,hot_humid,bursty,1,35.603,35.303,35.103,32.603,25.0,45.0,60.0,,0.0,0.0,30.97,,,0,trial
2026-07-04T20:22:11,pid_hot_humid_bursty_r1,pid,hot_humid,bursty,1,35.61,35.31,35.11,32.61,25.0,45.0,60.0,,0.0,0.0,30.98,,,0,trial
2026-07-04T20:22:11,pid_hot_humid_bursty_r1,pid,hot_humid,bursty,1,35.624,35.324,35.124,32.624,25.0,45.0,60.0,,0.0,0.0,30.98,,,0,trial
2026-07-04T20:22:11,pid_hot_humid_bursty_r1,pid,hot_humid,bursty,1,35.63,35.33,35.13,32.63,25.0,45.0,60.0,,0.0,0.0,30.99,,,0,trial
2026-07-04T20:22:11,pid_hot_humid_bursty_r1,pid,hot_humid,bursty,1,35.637,35.337,35.137,32.637,25.0,45.0,60.0,,0.0,0.0,30.99,,,0,trial
2026-07-04T20:22:11,pid_hot_humid_bursty_r1,pid,hot_humid,bursty,1,35.644,35.344,35.144,32.644,25.0,45.0,60.0,,0.0,0.0,31.0,,,0,trial
2026-07-04T20:22:11,pid_hot_humid_bursty_r1,pid,hot_humid,bursty,1,35.651,35.351,35.151,32.651,25.0,45.0,60.0,,0.0,0.0,31.0,,,0,trial
2026-07-04T20:22:11,pid_hot_humid_bursty_r1,pid,hot_humid,bursty,1,35.657,35.357,35.157,32.657,25.0,45.0,60.0,,0.0,0.0,31.01,,,0,trial
2026-07-04T20:22:11,pid_hot_humid_bursty_r1,pid,hot_humid,bursty,1,35.664,35.364,35.164,32.664,25.0,45.0,60.0,,0.0,0.0,31.02,,,0,trial
2026-07-04T20:22:11,pid_hot_humid_bursty_r1,pid,hot_humid,bursty,1,35.671,35.371,35.171,32.671,25.0,45.0,60.0,,0.0,0.0,31.02,,,0,trial
2026-07-04T20:22:11,pid_hot_humid_bursty_r1,pid,hot_humid,bursty,1,35.678,35.378,35.178,32.678,25.0,45.0,60.0,,0.0,0.0,31.03,,,0,trial
2026-07-04T20:22:11,pid_hot_humid_bursty_r1,pid,hot_humid,bursty,1,35.685,35.385,35.185,32.685,25.0,45.0,60.0,,0.0,0.0,31.03,,,0,trial
2026-07-04T20:22:11,pid_hot_humid_bursty_r1,pid,hot_humid,bursty,1,35.691,35.391,35.191,32.691,25.0,45.0,60.0,,0.0,0.0,31.04,,,0,trial
2026-07-04T20:22:11,pid_hot_humid_bursty_r1,pid,hot_humid,bursty,1,35.698,35.398,35.198,32.698,25.0,45.0,60.0,,0.0,0.0,31.04,,,0,trial
2026-07-04T20:22:11,pid_hot_humid_bursty_r1,pid,hot_humid,bursty,1,35.705,35.405,35.205,32.705,25.0,45.0,60.0,,0.0,0.0,31.05,,,0,trial
2026-07-04T20:22:11,pid_hot_humid_bursty_r1,pid,hot_humid,bursty,1,35.712,35.412,35.212,32.712,25.0,45.0,60.0,,0.0,0.0,31.06,,,0,trial
2026-07-04T20:22:11,pid_hot_humid_bursty_r1,pid,hot_humid,bursty,1,35.718,35.418,35.218,32.718,25.0,45.0,60.0,,0.0,0.0,31.06,,,0,trial
2026-07-04T20:22:11,pid_hot_humid_bursty_r1,pid,hot_humid,bursty,1,35.725,35.425,35.225,32.725,25.0,45.0,60.0,,0.0,0.0,31.07,,,0,trial
2026-07-04T20:22:11,pid_hot_humid_bursty_r1,pid,hot_humid,bursty,1,35.732,35.432,35.232,32.732,25.0,45.0,60.0,,0.0,0.0,31.07,,,0,trial
2026-07-04T20:22:11,pid_hot_humid_bursty_r1,pid,hot_humid,bursty,1,35.739,35.439,35.239,32.739,25.0,45.0,60.0,,0.0,0.0,31.08,,,0,trial
2026-07-04T20:22:11,pid_hot_humid_bursty_r1,pid,hot_humid,bursty,1,35.745,35.445,35.245,32.745,25.0,45.0,60.0,,0.0,0.0,31.09,,,0,trial
2026-07-04T20:22:11,pid_hot_humid_bursty_r1,pid,hot_humid,bursty,1,35.752,35.452,35.252,32.752,25.0,45.0,60.0,,0.0,0.0,31.09,,,0,trial
2026-07-04T20:22:11,pid_hot_humid_bursty_r1,pid,hot_humid,bursty,1,35.759,35.459,35.259,32.759,25.0,45.0,60.0,,0.0,0.0,31.1,,,0,trial
2026-07-04T20:22:11,pid_hot_humid_bursty_r1,pid,hot_humid,bursty,1,35.766,35.466,35.266,32.766,25.0,45.0,60.0,,0.0,0.0,31.1,,,0,trial
2026-07-04T20:22:11,pid_hot_humid_bursty_r1,pid,hot_humid,bursty,1,35.772,35.472,35.272,32.772,25.0,45.0,60.0,,0.0,0.0,31.11,,,0,trial
2026-07-04T20:22:11,pid_hot_humid_bursty_r1,pid,hot_humid,bursty,1,35.779,35.479,35.279,32.779,25.0,45.0,60.0,,0.0,0.0,31.12,,,0,trial
2026-07-04T20:22:11,pid_hot_humid_bursty_r1,pid,hot_humid,bursty,1,35.786,35.486,35.286,32.786,25.0,45.0,60.0,,0.0,0.0,31.12,,,0,trial
2026-07-04T20:22:11,pid_hot_humid_bursty_r1,pid,hot_humid,bursty,1,35.793,35.493,35.293,32.793,25.0,45.0,60.0,,0.0,0.0,31.13,,,0,trial
2026-07-04T20:22:11,pid_hot_humid_bursty_r1,pid,hot_humid,bursty,1,35.8,35.5,35.3,32.8,25.0,45.0,60.0,,0.0,0.0,31.14,,,0,trial
2026-07-04T20:22:11,pid_hot_humid_bursty_r1,pid,hot_humid,bursty,1,35.806,35.506,35.306,32.806,25.0,45.0,60.0,,0.0,0.0,31.14,,,0,trial
2026-07-04T20:22:11,pid_hot_humid_bursty_r1,pid,hot_humid,bursty,1,35.813,35.513,35.313,32.813,25.0,45.0,60.0,,0.0,0.0,31.15,,,0,trial
2026-07-04T20:22:11,pid_hot_humid_bursty_r1,pid,hot_humid,bursty,1,35.82,35.52,35.32,32.82,25.0,45.0,60.0,,0.0,0.0,31.15,,,0,trial
2026-07-04T20:22:11,pid_hot_humid_bursty_r1,pid,hot_humid,bursty,1,35.833,35.533,35.333,32.833,25.0,45.0,60.0,,0.0,0.0,31.16,,,0,trial
2026-07-04T20:22:11,pid_hot_humid_bursty_r1,pid,hot_humid,bursty,1,35.84,35.54,35.34,32.84,25.0,45.0,60.0,,0.0,0.0,31.17,,,0,trial
2026-07-04T20:22:11,pid_hot_humid_bursty_r1,pid,hot_humid,bursty,1,35.847,35.547,35.347,32.847,25.0,45.0,60.0,,0.0,0.0,31.17,,,0,trial
2026-07-04T20:22:11,pid_hot_humid_bursty_r1,pid,hot_humid,bursty,1,35.854,35.554,35.354,32.854,25.0,45.0,60.0,,0.0,0.0,31.18,,,0,trial
2026-07-04T20:22:11,pid_hot_humid_bursty_r1,pid,hot_humid,bursty,1,35.86,35.56,35.36,32.86,25.0,45.0,60.0,,0.0,0.0,31.19,,,0,trial
2026-07-04T20:22:11,pid_hot_humid_bursty_r1,pid,hot_humid,bursty,1,35.867,35.567,35.367,32.867,25.0,45.0,60.0,,0.0,0.0,31.19,,,0,trial
2026-07-04T20:22:11,pid_hot_humid_bursty_r1,pid,hot_humid,bursty,1,35.874,35.574,35.374,32.874,25.0,45.0,60.0,,0.0,0.0,31.2,,,0,trial
2026-07-04T20:22:11,pid_hot_humid_bursty_r1,pid,hot_humid,bursty,1,35.881,35.581,35.381,32.881,25.0,45.0,60.0,,0.0,0.0,31.21,,,0,trial
2026-07-04T20:22:11,pid_hot_humid_bursty_r1,pid,hot_humid,bursty,1,35.887,35.587,35.387,32.887,25.0,45.0,60.0,,0.0,0.0,31.21,,,0,trial
2026-07-04T20:22:11,pid_hot_humid_bursty_r1,pid,hot_humid,bursty,1,35.894,35.594,35.394,32.894,25.0,45.0,60.0,,0.0,0.0,31.22,,,0,trial
2026-07-04T20:22:11,pid_hot_humid_bursty_r1,pid,hot_humid,bursty,1,35.901,35.601,35.401,32.901,25.0,45.0,60.0,,0.0,0.0,31.23,,,0,trial
2026-07-04T20:22:11,pid_hot_humid_bursty_r1,pid,hot_humid,bursty,1,35.908,35.608,35.408,32.908,25.0,45.0,60.0,,0.0,0.0,31.23,,,0,trial
2026-07-04T20:22:11,pid_hot_humid_bursty_r1,pid,hot_humid,bursty,1,35.914,35.614,35.414,32.914,25.0,45.0,60.0,,0.0,0.0,31.24,,,0,trial
2026-07-04T20:22:11,pid_hot_humid_bursty_r1,pid,hot_humid,bursty,1,35.921,35.621,35.421,32.921,25.0,45.0,60.0,,0.0,0.0,31.25,,,0,trial
2026-07-04T20:22:11,pid_hot_humid_bursty_r1,pid,hot_humid,bursty,1,35.928,35.628,35.428,32.928,25.0,45.0,60.0,,0.0,0.0,31.25,,,0,trial
2026-07-04T20:22:11,pid_hot_humid_bursty_r1,pid,hot_humid,bursty,1,35.935,35.635,35.435,32.935,25.0,45.0,60.0,,0.0,0.0,31.26,,,0,trial
2026-07-04T20:22:11,pid_hot_humid_bursty_r1,pid,hot_humid,bursty,1,35.941,35.641,35.441,32.941,25.0,45.0,60.0,,0.0,0.0,31.27,,,0,trial
2026-07-04T20:22:11,pid_hot_humid_bursty_r1,pid,hot_humid,bursty,1,35.948,35.648,35.448,32.948,25.0,45.0,60.0,,0.0,0.0,31.27,,,0,trial
2026-07-04T20:22:11,pid_hot_humid_bursty_r1,pid,hot_humid,bursty,1,35.955,35.655,35.455,32.955,25.0,45.0,60.0,,0.0,0.0,31.28,,,0,trial
2026-07-04T20:22:11,pid_hot_humid_bursty_r1,pid,hot_humid,bursty,1,35.961,35.661,35.461,32.961,25.0,45.0,60.0,,0.0,0.0,31.29,,,0,trial
2026-07-04T20:22:11,pid_hot_humid_bursty_r1,pid,hot_humid,bursty,1,35.968,35.668,35.468,32.968,25.0,45.0,60.0,,0.0,0.0,31.29,,,0,trial
2026-07-04T20:22:11,pid_hot_humid_bursty_r1,pid,hot_humid,bursty,1,35.975,35.675,35.475,32.975,25.0,45.0,60.0,,0.0,0.0,31.3,,,0,trial
2026-07-04T20:22:11,pid_hot_humid_bursty_r1,pid,hot_humid,bursty,1,35.982,35.682,35.482,32.982,25.0,45.0,60.0,,0.0,0.0,31.31,,,0,trial
2026-07-04T20:22:11,pid_hot_humid_bursty_r1,pid,hot_humid,bursty,1,35.988,35.688,35.488,32.988,25.0,45.0,60.0,,0.0,0.0,31.31,,,0,trial
2026-07-04T20:22:11,pid_hot_humid_bursty_r1,pid,hot_humid,bursty,1,35.995,35.695,35.495,32.995,25.0,45.0,60.0,,0.0,0.0,31.32,,,0,trial
2026-07-04T20:22:11,pid_hot_humid_bursty_r1,pid,hot_humid,bursty,1,36.002,35.702,35.502,33.002,25.0,45.0,60.0,,0.0,0.0,31.33,,,0,trial
2026-07-04T20:22:11,pid_hot_humid_bursty_r1,pid,hot_humid,bursty,1,36.009,35.709,35.509,33.009,25.0,45.0,60.0,,0.0,0.0,31.34,,,0,trial
2026-07-04T20:22:11,pid_hot_humid_bursty_r1,pid,hot_humid,bursty,1,36.015,35.715,35.515,33.015,25.0,45.0,60.0,,0.0,0.0,31.34,,,0,trial
2026-07-04T20:22:11,pid_hot_humid_bursty_r1,pid,hot_humid,bursty,1,36.022,35.722,35.522,33.022,25.0,45.0,60.0,,0.0,0.0,31.35,,,0,trial
2026-07-04T20:22:11,pid_hot_humid_bursty_r1,pid,hot_humid,bursty,1,36.029,35.729,35.529,33.029,25.0,45.0,60.0,,0.0,0.0,31.36,,,0,trial
2026-07-04T20:22:11,pid_hot_humid_bursty_r1,pid,hot_humid,bursty,1,36.042,35.742,35.542,33.042,25.0,45.0,60.0,,0.0,0.0,31.36,,,0,trial
2026-07-04T20:22:11,pid_hot_humid_bursty_r1,pid,hot_humid,bursty,1,36.049,35.749,35.549,33.049,25.0,45.0,60.0,,0.0,0.0,31.37,,,0,trial
2026-07-04T20:22:11,pid_hot_humid_bursty_r1,pid,hot_humid,bursty,1,36.056,35.756,35.556,33.056,25.0,45.0,60.0,,0.0,0.0,31.38,,,0,trial
2026-07-04T20:22:11,pid_hot_humid_bursty_r1,pid,hot_humid,bursty,1,36.063,35.763,35.563,33.063,25.0,45.0,60.0,,0.0,0.0,31.39,,,0,trial
2026-07-04T20:22:11,pid_hot_humid_bursty_r1,pid,hot_humid,bursty,1,36.069,35.769,35.569,33.069,25.0,45.0,60.0,,0.0,0.0,31.39,,,0,trial
2026-07-04T20:22:11,pid_hot_humid_bursty_r1,pid,hot_humid,bursty,1,36.076,35.776,35.576,33.076,25.0,45.0,60.0,,0.0,0.0,31.4,,,0,trial
2026-07-04T20:22:11,pid_hot_humid_bursty_r1,pid,hot_humid,bursty,1,36.083,35.783,35.583,33.083,25.0,45.0,60.0,,0.0,0.0,31.41,,,0,trial
2026-07-04T20:22:11,pid_hot_humid_bursty_r1,pid,hot_humid,bursty,1,36.089,35.789,35.589,33.089,25.0,45.0,60.0,,0.0,0.0,31.42,,,0,trial
2026-07-04T20:22:11,pid_hot_humid_bursty_r1,pid,hot_humid,bursty,1,36.096,35.796,35.596,33.096,25.0,45.0,60.0,,0.0,0.0,31.42,,,0,trial
2026-07-04T20:22:11,pid_hot_humid_bursty_r1,pid,hot_humid,bursty,1,36.103,35.803,35.603,33.103,25.0,45.0,60.0,,0.0,0.0,31.43,,,0,trial
2026-07-04T20:22:11,pid_hot_humid_bursty_r1,pid,hot_humid,bursty,1,36.11,35.81,35.61,33.11,25.0,45.0,60.0,,0.0,0.0,31.44,,,0,trial
2026-07-04T20:22:11,pid_hot_humid_bursty_r1,pid,hot_humid,bursty,1,36.116,35.816,35.616,33.116,25.0,45.0,60.0,,0.0,0.0,31.44,,,0,trial
2026-07-04T20:22:11,pid_hot_humid_bursty_r1,pid,hot_humid,bursty,1,36.123,35.823,35.623,33.123,25.0,45.0,60.0,,0.0,0.0,31.45,,,0,trial
2026-07-04T20:22:11,pid_hot_humid_bursty_r1,pid,hot_humid,bursty,1,36.13,35.83,35.63,33.13,25.0,45.0,60.0,,0.0,0.0,31.46,,,0,trial
2026-07-04T20:22:11,pid_hot_humid_bursty_r1,pid,hot_humid,bursty,1,36.137,35.837,35.637,33.137,25.0,45.0,60.0,,0.0,0.0,31.47,,,0,trial
2026-07-04T20:22:11,pid_hot_humid_bursty_r1,pid,hot_humid,bursty,1,36.143,35.843,35.643,33.143,25.0,45.0,60.0,,0.0,0.0,31.48,,,0,trial
2026-07-04T20:22:11,pid_hot_humid_bursty_r1,pid,hot_humid,bursty,1,36.15,35.85,35.65,33.15,25.0,45.0,60.0,,0.0,0.0,31.48,,,0,trial
2026-07-04T20:22:11,pid_hot_humid_bursty_r1,pid,hot_humid,bursty,1,36.157,35.857,35.657,33.157,25.0,45.0,60.0,,0.0,0.0,31.49,,,0,trial
2026-07-04T20:22:11,pid_hot_humid_bursty_r1,pid,hot_humid,bursty,1,36.163,35.863,35.663,33.163,25.0,45.0,60.0,,0.0,0.0,31.5,,,0,trial
2026-07-04T20:22:11,pid_hot_humid_bursty_r1,pid,hot_humid,bursty,1,36.17,35.87,35.67,33.17,25.0,45.0,60.0,,0.0,0.0,31.51,,,0,trial
2026-07-04T20:22:11,pid_hot_humid_bursty_r1,pid,hot_humid,bursty,1,36.177,35.877,35.677,33.177,25.0,45.0,60.0,,0.0,0.0,31.51,,,0,trial
2026-07-04T20:22:11,pid_hot_humid_bursty_r1,pid,hot_humid,bursty,1,36.184,35.884,35.684,33.184,25.0,45.0,60.0,,0.0,0.0,31.52,,,0,trial
2026-07-04T20:22:11,pid_hot_humid_bursty_r1,pid,hot_humid,bursty,1,36.19,35.89,35.69,33.19,25.0,45.0,60.0,,0.0,0.0,31.53,,,0,trial
2026-07-04T20:22:11,pid_hot_humid_bursty_r1,pid,hot_humid,bursty,1,36.197,35.897,35.697,33.197,25.0,45.0,60.0,,0.0,0.0,31.54,,,0,trial
2026-07-04T20:22:11,pid_hot_humid_bursty_r1,pid,hot_humid,bursty,1,36.204,35.904,35.704,33.204,25.0,45.0,60.0,,0.0,0.0,31.55,,,0,trial
2026-07-04T20:22:11,pid_hot_humid_bursty_r1,pid,hot_humid,bursty,1,36.21,35.91,35.71,33.21,25.0,45.0,60.0,,0.0,0.0,31.55,,,0,trial
2026-07-04T20:22:11,pid_hot_humid_bursty_r1,pid,hot_humid,bursty,1,36.217,35.917,35.717,33.217,25.0,45.0,60.0,,0.0,0.0,31.56,,,0,trial
2026-07-04T20:22:11,pid_hot_humid_bursty_r1,pid,hot_humid,bursty,1,36.224,35.924,35.724,33.224,25.0,45.0,60.0,,0.0,0.0,31.57,,,0,trial
2026-07-04T20:22:11,pid_hot_humid_bursty_r1,pid,hot_humid,bursty,1,36.231,35.931,35.731,33.231,25.0,45.0,60.0,,0.0,0.0,31.58,,,0,trial
2026-07-04T20:22:11,pid_hot_humid_bursty_r1,pid,hot_humid,bursty,1,36.237,35.937,35.737,33.237,25.0,45.0,60.0,,0.0,0.0,31.59,,,0,trial
2026-07-04T20:22:11,pid_hot_humid_bursty_r1,pid,hot_humid,bursty,1,36.251,35.951,35.751,33.251,25.0,45.0,60.0,,0.0,0.0,31.59,,,0,trial
2026-07-04T20:22:11,pid_hot_humid_bursty_r1,pid,hot_humid,bursty,1,36.257,35.957,35.757,33.257,25.0,45.0,60.0,,0.0,0.0,31.6,,,0,trial
2026-07-04T20:22:11,pid_hot_humid_bursty_r1,pid,hot_humid,bursty,1,36.264,35.964,35.764,33.264,25.0,45.0,60.0,,0.0,0.0,31.61,,,0,trial
2026-07-04T20:22:11,pid_hot_humid_bursty_r1,pid,hot_humid,bursty,1,36.271,35.971,35.771,33.271,25.0,45.0,60.0,,0.0,0.0,31.62,,,0,trial
2026-07-04T20:22:11,pid_hot_humid_bursty_r1,pid,hot_humid,bursty,1,36.278,35.978,35.778,33.278,25.0,45.0,60.0,,0.0,0.0,31.63,,,0,trial
2026-07-04T20:22:11,pid_hot_humid_bursty_r1,pid,hot_humid,bursty,1,36.284,35.984,35.784,33.284,25.0,45.0,60.0,,0.0,0.0,31.63,,,0,trial
2026-07-04T20:22:11,pid_hot_humid_bursty_r1,pid,hot_humid,bursty,1,36.291,35.991,35.791,33.291,25.0,45.0,60.0,,0.0,0.0,31.64,,,0,trial
2026-07-04T20:22:11,pid_hot_humid_bursty_r1,pid,hot_humid,bursty,1,36.298,35.998,35.798,33.298,25.0,45.0,60.0,,0.0,0.0,31.65,,,0,trial
2026-07-04T20:22:11,pid_hot_humid_bursty_r1,pid,hot_humid,bursty,1,36.304,36.004,35.804,33.304,25.0,45.0,60.0,,0.0,0.0,31.66,,,0,trial
2026-07-04T20:22:11,pid_hot_humid_bursty_r1,pid,hot_humid,bursty,1,36.311,36.011,35.811,33.311,25.0,45.0,60.0,,0.0,0.0,31.67,,,0,trial
2026-07-04T20:22:11,pid_hot_humid_bursty_r1,pid,hot_humid,bursty,1,36.318,36.018,35.818,33.318,25.0,45.0,60.0,,0.0,0.0,31.68,,,0,trial
2026-07-04T20:22:11,pid_hot_humid_bursty_r1,pid,hot_humid,bursty,1,36.324,36.024,35.824,33.324,25.0,45.0,60.0,,0.0,0.0,31.68,,,0,trial
2026-07-04T20:22:11,pid_hot_humid_bursty_r1,pid,hot_humid,bursty,1,36.331,36.031,35.831,33.331,25.0,45.0,60.0,,0.0,0.0,31.69,,,0,trial
2026-07-04T20:22:11,pid_hot_humid_bursty_r1,pid,hot_humid,bursty,1,36.338,36.038,35.838,33.338,25.0,45.0,60.0,,0.0,0.0,31.7,,,0,trial
2026-07-04T20:22:11,pid_hot_humid_bursty_r1,pid,hot_humid,bursty,1,36.345,36.045,35.845,33.345,25.0,45.0,60.0,,0.0,0.0,31.71,,,0,trial
2026-07-04T20:22:11,pid_hot_humid_bursty_r1,pid,hot_humid,bursty,1,36.351,36.051,35.851,33.351,25.0,45.0,60.0,,0.0,0.0,31.72,,,0,trial
2026-07-04T20:22:11,pid_hot_humid_bursty_r1,pid,hot_humid,bursty,1,36.358,36.058,35.858,33.358,25.0,45.0,60.0,,0.0,0.0,31.73,,,0,trial
2026-07-04T20:22:11,pid_hot_humid_bursty_r1,pid,hot_humid,bursty,1,36.365,36.065,35.865,33.365,25.0,45.0,60.0,,0.0,0.0,31.74,,,0,trial
2026-07-04T20:22:11,pid_hot_humid_bursty_r1,pid,hot_humid,bursty,1,36.371,36.071,35.871,33.371,25.0,45.0,60.0,,0.0,0.0,31.74,,,0,trial
2026-07-04T20:22:11,pid_hot_humid_bursty_r1,pid,hot_humid,bursty,1,36.378,36.078,35.878,33.378,25.0,45.0,60.0,,0.0,0.0,31.75,,,0,trial
2026-07-04T20:22:11,pid_hot_humid_bursty_r1,pid,hot_humid,bursty,1,36.385,36.085,35.885,33.385,25.0,45.0,60.0,,0.0,0.0,31.76,,,0,trial
2026-07-04T20:22:11,pid_hot_humid_bursty_r1,pid,hot_humid,bursty,1,36.391,36.091,35.891,33.391,25.0,45.0,60.0,,0.0,0.0,31.77,,,0,trial
2026-07-04T20:22:11,pid_hot_humid_bursty_r1,pid,hot_humid,bursty,1,36.398,36.098,35.898,33.398,25.0,45.0,60.0,,0.0,0.0,31.78,,,0,trial
2026-07-04T20:22:11,pid_hot_humid_bursty_r1,pid,hot_humid,bursty,1,36.405,36.105,35.905,33.405,25.0,45.0,60.0,,0.0,0.0,31.79,,,0,trial
2026-07-04T20:22:11,pid_hot_humid_bursty_r1,pid,hot_humid,bursty,1,36.412,36.112,35.912,33.412,25.0,45.0,60.0,,0.0,0.0,31.8,,,0,trial
2026-07-04T20:22:11,pid_hot_humid_bursty_r1,pid,hot_humid,bursty,1,36.418,36.118,35.918,33.418,25.0,45.0,60.0,,0.0,0.0,31.81,,,0,trial
2026-07-04T20:22:11,pid_hot_humid_bursty_r1,pid,hot_humid,bursty,1,36.425,36.125,35.925,33.425,25.0,45.0,60.0,,0.0,0.0,31.81,,,0,trial
2026-07-04T20:22:11,pid_hot_humid_bursty_r1,pid,hot_humid,bursty,1,36.432,36.132,35.932,33.432,25.0,45.0,60.0,,0.0,0.0,31.82,,,0,trial
2026-07-04T20:22:11,pid_hot_humid_bursty_r1,pid,hot_humid,bursty,1,36.438,36.138,35.938,33.438,25.0,45.0,60.0,,0.0,0.0,31.83,,,0,trial
2026-07-04T20:22:11,pid_hot_humid_bursty_r1,pid,hot_humid,bursty,1,36.445,36.145,35.945,33.445,25.0,45.0,60.0,,0.0,0.0,31.84,,,0,trial
2026-07-04T20:22:11,pid_hot_humid_bursty_r1,pid,hot_humid,bursty,1,36.458,36.158,35.958,33.458,25.0,45.0,60.0,,0.0,0.0,31.85,,,0,trial
2026-07-04T20:22:11,pid_hot_humid_bursty_r1,pid,hot_humid,bursty,1,36.465,36.165,35.965,33.465,25.0,45.0,60.0,,0.0,0.0,31.86,,,0,trial
2026-07-04T20:22:11,pid_hot_humid_bursty_r1,pid,hot_humid,bursty,1,36.472,36.172,35.972,33.472,25.0,45.0,60.0,,0.0,0.0,31.87,,,0,trial
2026-07-04T20:22:11,pid_hot_humid_bursty_r1,pid,hot_humid,bursty,1,36.478,36.178,35.978,33.478,25.0,45.0,60.0,,0.0,0.0,31.88,,,0,trial
2026-07-04T20:22:11,pid_hot_humid_bursty_r1,pid,hot_humid,bursty,1,36.485,36.185,35.985,33.485,25.0,45.0,60.0,,0.0,0.0,31.89,,,0,trial
2026-07-04T20:22:11,pid_hot_humid_bursty_r1,pid,hot_humid,bursty,1,36.492,36.192,35.992,33.492,25.0,45.0,60.0,,0.0,0.0,31.89,,,0,trial
2026-07-04T20:22:11,pid_hot_humid_bursty_r1,pid,hot_humid,bursty,1,36.499,36.199,35.999,33.499,25.0,45.0,60.0,,0.0,0.0,31.9,,,0,trial
2026-07-04T20:22:11,pid_hot_humid_bursty_r1,pid,hot_humid,bursty,1,36.505,36.205,36.005,33.505,25.0,45.0,60.0,,0.0,0.0,31.91,,,0,trial
2026-07-04T20:22:11,pid_hot_humid_bursty_r1,pid,hot_humid,bursty,1,36.512,36.212,36.012,33.512,25.0,45.0,60.0,,0.0,0.0,31.92,,,0,trial
2026-07-04T20:22:11,pid_hot_humid_bursty_r1,pid,hot_humid,bursty,1,36.519,36.219,36.019,33.519,25.0,45.0,60.0,,0.0,0.0,31.93,,,0,trial
2026-07-04T20:22:11,pid_hot_humid_bursty_r1,pid,hot_humid,bursty,1,36.525,36.225,36.025,33.525,25.0,45.0,60.0,,0.0,0.0,31.94,,,0,trial
2026-07-04T20:22:11,pid_hot_humid_bursty_r1,pid,hot_humid,bursty,1,36.532,36.232,36.032,33.532,25.0,45.0,60.0,,0.0,0.0,31.95,,,0,trial
2026-07-04T20:22:11,pid_hot_humid_bursty_r1,pid,hot_humid,bursty,1,36.539,36.239,36.039,33.539,25.0,45.0,60.0,,0.0,0.0,31.96,,,0,trial
2026-07-04T20:22:11,pid_hot_humid_bursty_r1,pid,hot_humid,bursty,1,36.545,36.245,36.045,33.545,25.0,45.0,60.0,,0.0,0.0,31.97,,,0,trial
2026-07-04T20:22:11,pid_hot_humid_bursty_r1,pid,hot_humid,bursty,1,36.552,36.252,36.052,33.552,25.0,45.0,60.0,,0.0,0.0,31.98,,,0,trial
2026-07-04T20:22:11,pid_hot_humid_bursty_r1,pid,hot_humid,bursty,1,36.559,36.259,36.059,33.559,25.0,45.0,60.0,,0.0,0.0,31.99,,,0,trial
2026-07-04T20:22:11,pid_hot_humid_bursty_r1,pid,hot_humid,bursty,1,36.565,36.265,36.065,33.565,25.0,45.0,60.0,,0.0,0.0,32.0,,,0,trial
2026-07-04T20:22:11,pid_hot_humid_bursty_r1,pid,hot_humid,bursty,1,36.572,36.272,36.072,33.572,25.0,45.0,60.0,,0.0,0.0,32.01,,,0,trial
2026-07-04T20:22:11,pid_hot_humid_bursty_r1,pid,hot_humid,bursty,1,36.579,36.279,36.079,33.579,25.0,45.0,60.0,,0.0,0.0,32.02,,,0,trial
2026-07-04T20:22:11,pid_hot_humid_bursty_r1,pid,hot_humid,bursty,1,36.585,36.285,36.085,33.585,25.0,45.0,60.0,,0.0,0.0,32.03,,,0,trial
2026-07-04T20:22:11,pid_hot_humid_bursty_r1,pid,hot_humid,bursty,1,36.592,36.292,36.092,33.592,25.0,45.0,60.0,,0.0,0.0,32.04,,,0,trial
2026-07-04T20:22:11,pid_hot_humid_bursty_r1,pid,hot_humid,bursty,1,36.599,36.299,36.099,33.599,25.0,45.0,60.0,,0.0,0.0,32.04,,,0,trial
2026-07-04T20:22:11,pid_hot_humid_bursty_r1,pid,hot_humid,bursty,1,36.605,36.305,36.105,33.605,25.0,45.0,60.0,,0.0,0.0,32.05,,,0,trial
2026-07-04T20:22:11,pid_hot_humid_bursty_r1,pid,hot_humid,bursty,1,36.612,36.312,36.112,33.612,25.0,45.0,60.0,,0.0,0.0,32.06,,,0,trial
2026-07-04T20:22:11,pid_hot_humid_bursty_r1,pid,hot_humid,bursty,1,36.619,36.319,36.119,33.619,25.0,45.0,60.0,,0.0,0.0,32.07,,,0,trial
2026-07-04T20:22:11,pid_hot_humid_bursty_r1,pid,hot_humid,bursty,1,36.625,36.325,36.125,33.625,25.0,45.0,60.0,,0.0,0.0,32.08,,,0,trial
2026-07-04T20:22:11,pid_hot_humid_bursty_r1,pid,hot_humid,bursty,1,36.632,36.332,36.132,33.632,25.0,45.0,60.0,,0.0,0.0,32.09,,,0,trial
2026-07-04T20:22:11,pid_hot_humid_bursty_r1,pid,hot_humid,bursty,1,36.639,36.339,36.139,33.639,25.0,45.0,60.0,,0.0,0.0,32.1,,,0,trial
2026-07-04T20:22:11,pid_hot_humid_bursty_r1,pid,hot_humid,bursty,1,36.645,36.345,36.145,33.645,25.0,45.0,60.0,,0.0,0.0,32.11,,,0,trial
2026-07-04T20:22:11,pid_hot_humid_bursty_r1,pid,hot_humid,bursty,1,36.652,36.352,36.152,33.652,25.0,45.0,60.0,,0.0,0.0,32.12,,,0,trial
2026-07-04T20:22:11,pid_hot_humid_bursty_r1,pid,hot_humid,bursty,1,36.665,36.365,36.165,33.665,25.0,45.0,60.0,,0.0,0.0,32.13,,,0,trial
2026-07-04T20:22:11,pid_hot_humid_bursty_r1,pid,hot_humid,bursty,1,36.672,36.372,36.172,33.672,25.0,45.0,60.0,,0.0,0.0,32.14,,,0,trial
2026-07-04T20:22:11,pid_hot_humid_bursty_r1,pid,hot_humid,bursty,1,36.679,36.379,36.179,33.679,25.0,45.0,60.0,,0.0,0.0,32.15,,,0,trial
2026-07-04T20:22:11,pid_hot_humid_bursty_r1,pid,hot_humid,bursty,1,36.685,36.385,36.185,33.685,25.0,45.0,60.0,,0.0,0.0,32.16,,,0,trial
2026-07-04T20:22:11,pid_hot_humid_bursty_r1,pid,hot_humid,bursty,1,36.692,36.392,36.192,33.692,25.0,45.0,60.0,,0.0,0.0,32.17,,,0,trial
2026-07-04T20:22:11,pid_hot_humid_bursty_r1,pid,hot_humid,bursty,1,36.699,36.399,36.199,33.699,25.0,45.0,60.0,,0.0,0.0,32.18,,,0,trial
2026-07-04T20:22:11,pid_hot_humid_bursty_r1,pid,hot_humid,bursty,1,36.705,36.405,36.205,33.705,25.0,45.0,60.0,,0.0,0.0,32.19,,,0,trial
2026-07-04T20:22:11,pid_hot_humid_bursty_r1,pid,hot_humid,bursty,1,36.712,36.412,36.212,33.712,25.0,45.0,60.0,,0.0,0.0,32.2,,,0,trial
2026-07-04T20:22:11,pid_hot_humid_bursty_r1,pid,hot_humid,bursty,1,36.719,36.419,36.219,33.719,25.0,45.0,60.0,,0.0,0.0,32.21,,,0,trial
2026-07-04T20:22:11,pid_hot_humid_bursty_r1,pid,hot_humid,bursty,1,36.725,36.425,36.225,33.725,25.0,45.0,60.0,,0.0,0.0,32.22,,,0,trial
2026-07-04T20:22:11,pid_hot_humid_bursty_r1,pid,hot_humid,bursty,1,36.732,36.432,36.232,33.732,25.0,45.0,60.0,,0.0,0.0,32.23,,,0,trial
2026-07-04T20:22:11,pid_hot_humid_bursty_r1,pid,hot_humid,bursty,1,36.739,36.439,36.239,33.739,25.0,45.0,60.0,,0.0,0.0,32.24,,,0,trial
2026-07-04T20:22:11,pid_hot_humid_bursty_r1,pid,hot_humid,bursty,1,36.745,36.445,36.245,33.745,25.0,45.0,60.0,,0.0,0.0,32.25,,,0,trial
2026-07-04T20:22:11,pid_hot_humid_bursty_r1,pid,hot_humid,bursty,1,36.752,36.452,36.252,33.752,25.0,45.0,60.0,,0.0,0.0,32.26,,,0,trial
2026-07-04T20:22:11,pid_hot_humid_bursty_r1,pid,hot_humid,bursty,1,36.759,36.459,36.259,33.759,25.0,45.0,60.0,,0.0,0.0,32.27,,,0,trial
2026-07-04T20:22:11,pid_hot_humid_bursty_r1,pid,hot_humid,bursty,1,36.765,36.465,36.265,33.765,25.0,45.0,60.0,,0.0,0.0,32.28,,,0,trial
2026-07-04T20:22:11,pid_hot_humid_bursty_r1,pid,hot_humid,bursty,1,36.772,36.472,36.272,33.772,25.0,45.0,60.0,,0.0,0.0,32.29,,,0,trial
2026-07-04T20:22:11,pid_hot_humid_bursty_r1,pid,hot_humid,bursty,1,36.779,36.479,36.279,33.779,25.0,45.0,60.0,,0.0,0.0,32.3,,,0,trial
2026-07-04T20:22:11,pid_hot_humid_bursty_r1,pid,hot_humid,bursty,1,36.785,36.485,36.285,33.785,25.0,45.0,60.0,,0.0,0.0,32.31,,,0,trial
2026-07-04T20:22:11,pid_hot_humid_bursty_r1,pid,hot_humid,bursty,1,36.792,36.492,36.292,33.792,25.0,45.0,60.0,,0.0,0.0,32.32,,,0,trial
2026-07-04T20:22:11,pid_hot_humid_bursty_r1,pid,hot_humid,bursty,1,36.799,36.499,36.299,33.799,25.0,45.0,60.0,,0.0,0.0,32.34,,,0,trial
2026-07-04T20:22:11,pid_hot_humid_bursty_r1,pid,hot_humid,bursty,1,36.805,36.505,36.305,33.805,25.0,45.0,60.0,,0.0,0.0,32.35,,,0,trial
2026-07-04T20:22:11,pid_hot_humid_bursty_r1,pid,hot_humid,bursty,1,36.812,36.512,36.312,33.812,25.0,45.0,60.0,,0.0,0.0,32.36,,,0,trial
2026-07-04T20:22:11,pid_hot_humid_bursty_r1,pid,hot_humid,bursty,1,36.819,36.519,36.319,33.819,25.0,45.0,60.0,,0.0,0.0,32.37,,,0,trial
2026-07-04T20:22:11,pid_hot_humid_bursty_r1,pid,hot_humid,bursty,1,36.825,36.525,36.325,33.825,25.0,45.0,60.0,,0.0,0.0,32.38,,,0,trial
2026-07-04T20:22:11,pid_hot_humid_bursty_r1,pid,hot_humid,bursty,1,36.832,36.532,36.332,33.832,25.0,45.0,60.0,,0.0,0.0,32.39,,,0,trial
2026-07-04T20:22:11,pid_hot_humid_bursty_r1,pid,hot_humid,bursty,1,36.839,36.539,36.339,33.839,25.0,45.0,60.0,,0.0,0.0,32.4,,,0,trial
2026-07-04T20:22:11,pid_hot_humid_bursty_r1,pid,hot_humid,bursty,1,36.845,36.545,36.345,33.845,25.0,45.0,60.0,,0.0,0.0,32.41,,,0,trial
2026-07-04T20:22:11,pid_hot_humid_bursty_r1,pid,hot_humid,bursty,1,36.852,36.552,36.352,33.852,25.0,45.0,60.0,,0.0,0.0,32.42,,,0,trial
2026-07-04T20:22:11,pid_hot_humid_bursty_r1,pid,hot_humid,bursty,1,36.858,36.558,36.358,33.858,25.0,45.0,60.0,,0.0,0.0,32.43,,,0,trial
2026-07-04T20:22:11,pid_hot_humid_bursty_r1,pid,hot_humid,bursty,1,36.872,36.572,36.372,33.872,25.0,45.0,60.0,,0.0,0.0,32.44,,,0,trial
2026-07-04T20:22:11,pid_hot_humid_bursty_r1,pid,hot_humid,bursty,1,36.878,36.578,36.378,33.878,25.0,45.0,60.0,,0.0,0.0,32.45,,,0,trial
2026-07-04T20:22:11,pid_hot_humid_bursty_r1,pid,hot_humid,bursty,1,36.885,36.585,36.385,33.885,25.0,45.0,60.0,,0.0,0.0,32.46,,,0,trial
2026-07-04T20:22:11,pid_hot_humid_bursty_r1,pid,hot_humid,bursty,1,36.892,36.592,36.392,33.892,25.0,45.0,60.0,,0.0,0.0,32.47,,,0,trial
2026-07-04T20:22:11,pid_hot_humid_bursty_r1,pid,hot_humid,bursty,1,36.898,36.598,36.398,33.898,25.0,45.0,60.0,,0.0,0.0,32.48,,,0,trial
2026-07-04T20:22:11,pid_hot_humid_bursty_r1,pid,hot_humid,bursty,1,36.905,36.605,36.405,33.905,25.0,45.0,60.0,,0.0,0.0,32.49,,,0,trial
2026-07-04T20:22:11,pid_hot_humid_bursty_r1,pid,hot_humid,bursty,1,36.912,36.612,36.412,33.912,25.0,45.0,60.0,,0.0,0.0,32.51,,,0,trial
2026-07-04T20:22:11,pid_hot_humid_bursty_r1,pid,hot_humid,bursty,1,36.918,36.618,36.418,33.918,25.0,45.0,60.0,,0.0,0.0,32.52,,,0,trial
2026-07-04T20:22:11,pid_hot_humid_bursty_r1,pid,hot_humid,bursty,1,36.925,36.625,36.425,33.925,25.0,45.0,60.0,,0.0,0.0,32.53,,,0,trial
2026-07-04T20:22:11,pid_hot_humid_bursty_r1,pid,hot_humid,bursty,1,36.932,36.632,36.432,33.932,25.0,45.0,60.0,,0.0,0.0,32.54,,,0,trial
2026-07-04T20:22:11,pid_hot_humid_bursty_r1,pid,hot_humid,bursty,1,36.938,36.638,36.438,33.938,25.0,45.0,60.0,,0.0,0.0,32.55,,,0,trial
2026-07-04T20:22:11,pid_hot_humid_bursty_r1,pid,hot_humid,bursty,1,36.945,36.645,36.445,33.945,25.0,45.0,60.0,,0.0,0.0,32.56,,,0,trial
2026-07-04T20:22:11,pid_hot_humid_bursty_r1,pid,hot_humid,bursty,1,36.951,36.651,36.451,33.951,25.0,45.0,60.0,,0.0,0.0,32.57,,,0,trial
2026-07-04T20:22:11,pid_hot_humid_bursty_r1,pid,hot_humid,bursty,1,36.958,36.658,36.458,33.958,25.0,45.0,60.0,,0.0,0.0,32.58,,,0,trial
2026-07-04T20:22:11,pid_hot_humid_bursty_r1,pid,hot_humid,bursty,1,36.965,36.665,36.465,33.965,25.0,45.0,60.0,,0.0,0.0,32.59,,,0,trial
2026-07-04T20:22:11,pid_hot_humid_bursty_r1,pid,hot_humid,bursty,1,36.971,36.671,36.471,33.971,25.0,45.0,60.0,,0.0,0.0,32.6,,,0,trial
2026-07-04T20:22:11,pid_hot_humid_bursty_r1,pid,hot_humid,bursty,1,36.978,36.678,36.478,33.978,25.0,45.0,60.0,,0.0,0.0,32.61,,,0,trial
2026-07-04T20:22:11,pid_hot_humid_bursty_r1,pid,hot_humid,bursty,1,36.985,36.685,36.485,33.985,25.0,45.0,60.0,,0.0,0.0,32.63,,,0,trial
2026-07-04T20:22:11,pid_hot_humid_bursty_r1,pid,hot_humid,bursty,1,36.991,36.691,36.491,33.991,25.0,45.0,60.0,,0.0,0.0,32.64,,,0,trial
2026-07-04T20:22:11,pid_hot_humid_bursty_r1,pid,hot_humid,bursty,1,36.998,36.698,36.498,33.998,25.0,45.0,60.0,,0.0,0.0,32.65,,,0,trial
2026-07-04T20:22:11,pid_hot_humid_bursty_r1,pid,hot_humid,bursty,1,37.005,36.705,36.505,34.005,25.0,45.0,60.0,,0.0,0.0,32.66,,,0,trial
2026-07-04T20:22:11,pid_hot_humid_bursty_r1,pid,hot_humid,bursty,1,37.011,36.711,36.511,34.011,25.0,45.0,60.0,,0.0,0.0,32.67,,,0,trial
2026-07-04T20:22:11,pid_hot_humid_bursty_r1,pid,hot_humid,bursty,1,37.018,36.718,36.518,34.018,25.0,45.0,60.0,,0.0,0.0,32.68,,,0,trial
2026-07-04T20:22:11,pid_hot_humid_bursty_r1,pid,hot_humid,bursty,1,37.024,36.724,36.524,34.024,25.0,45.0,60.0,,0.0,0.0,32.69,,,0,trial
2026-07-04T20:22:11,pid_hot_humid_bursty_r1,pid,hot_humid,bursty,1,37.031,36.731,36.531,34.031,25.0,45.0,60.0,,0.0,0.0,32.7,,,0,trial
2026-07-04T20:22:11,pid_hot_humid_bursty_r1,pid,hot_humid,bursty,1,37.038,36.738,36.538,34.038,25.0,45.0,60.0,,0.0,0.0,32.72,,,0,trial
2026-07-04T20:22:11,pid_hot_humid_bursty_r1,pid,hot_humid,bursty,1,37.044,36.744,36.544,34.044,25.0,45.0,60.0,,0.0,0.0,32.73,,,0,trial
2026-07-04T20:22:11,pid_hot_humid_bursty_r1,pid,hot_humid,bursty,1,37.051,36.751,36.551,34.051,25.0,45.0,60.0,,0.0,0.0,32.74,,,0,trial
2026-07-04T20:22:11,pid_hot_humid_bursty_r1,pid,hot_humid,bursty,1,37.058,36.758,36.558,34.058,25.0,45.0,60.0,,0.0,0.0,32.75,,,0,trial
2026-07-04T20:22:11,pid_hot_humid_bursty_r1,pid,hot_humid,bursty,1,37.064,36.764,36.564,34.064,25.0,45.0,60.0,,0.0,0.0,32.76,,,0,trial
2026-07-04T20:22:11,pid_hot_humid_bursty_r1,pid,hot_humid,bursty,1,37.077,36.777,36.577,34.077,25.0,45.0,60.0,,0.0,0.0,32.77,,,0,trial
2026-07-04T20:22:11,pid_hot_humid_bursty_r1,pid,hot_humid,bursty,1,37.084,36.784,36.584,34.084,25.0,45.0,60.0,,0.0,0.0,32.78,,,0,trial
2026-07-04T20:22:11,pid_hot_humid_bursty_r1,pid,hot_humid,bursty,1,37.091,36.791,36.591,34.091,25.0,45.0,60.0,,0.0,0.0,32.8,,,0,trial
2026-07-04T20:22:11,pid_hot_humid_bursty_r1,pid,hot_humid,bursty,1,37.097,36.797,36.597,34.097,25.0,45.0,60.0,,0.0,0.0,32.81,,,0,trial
2026-07-04T20:22:11,pid_hot_humid_bursty_r1,pid,hot_humid,bursty,1,37.104,36.804,36.604,34.104,25.0,45.0,60.0,,0.0,0.0,32.82,,,0,trial
2026-07-04T20:22:11,pid_hot_humid_bursty_r1,pid,hot_humid,bursty,1,37.111,36.811,36.611,34.111,25.0,45.0,60.0,,0.0,0.0,32.83,,,0,trial
2026-07-04T20:22:11,pid_hot_humid_bursty_r1,pid,hot_humid,bursty,1,37.117,36.817,36.617,34.117,25.0,45.0,60.0,,0.0,0.0,32.84,,,0,trial
2026-07-04T20:22:11,pid_hot_humid_bursty_r1,pid,hot_humid,bursty,1,37.124,36.824,36.624,34.124,25.0,45.0,60.0,,0.0,0.0,32.85,,,0,trial
2026-07-04T20:22:11,pid_hot_humid_bursty_r1,pid,hot_humid,bursty,1,37.13,36.83,36.63,34.13,25.0,45.0,60.0,,0.0,0.0,32.86,,,0,trial
2026-07-04T20:22:11,pid_hot_humid_bursty_r1,pid,hot_humid,bursty,1,37.137,36.837,36.637,34.137,25.0,45.0,60.0,,0.0,0.0,32.88,,,0,trial
2026-07-04T20:22:11,pid_hot_humid_bursty_r1,pid,hot_humid,bursty,1,37.144,36.844,36.644,34.144,25.0,45.0,60.0,,0.0,0.0,32.89,,,0,trial
2026-07-04T20:22:11,pid_hot_humid_bursty_r1,pid,hot_humid,bursty,1,37.15,36.85,36.65,34.15,25.0,45.0,60.0,,0.0,0.0,32.9,,,0,trial
2026-07-04T20:22:11,pid_hot_humid_bursty_r1,pid,hot_humid,bursty,1,37.157,36.857,36.657,34.157,25.0,45.0,60.0,,0.0,0.0,32.91,,,0,trial
2026-07-04T20:22:11,pid_hot_humid_bursty_r1,pid,hot_humid,bursty,1,37.163,36.863,36.663,34.163,25.0,45.0,60.0,,0.0,0.0,32.92,,,0,trial
2026-07-04T20:22:11,pid_hot_humid_bursty_r1,pid,hot_humid,bursty,1,37.17,36.87,36.67,34.17,25.0,45.0,60.0,,0.0,0.0,32.93,,,0,trial
2026-07-04T20:22:11,pid_hot_humid_bursty_r1,pid,hot_humid,bursty,1,37.177,36.877,36.677,34.177,25.0,45.0,60.0,,0.0,0.0,32.95,,,0,trial
2026-07-04T20:22:11,pid_hot_humid_bursty_r1,pid,hot_humid,bursty,1,37.183,36.883,36.683,34.183,25.0,45.0,60.0,,0.0,0.0,32.96,,,0,trial
2026-07-04T20:22:11,pid_hot_humid_bursty_r1,pid,hot_humid,bursty,1,37.19,36.89,36.69,34.19,25.0,45.0,60.0,,0.0,0.0,32.97,,,0,trial
2026-07-04T20:22:11,pid_hot_humid_bursty_r1,pid,hot_humid,bursty,1,37.197,36.897,36.697,34.197,25.0,45.0,60.0,,0.0,0.0,32.98,,,0,trial
2026-07-04T20:22:11,pid_hot_humid_bursty_r1,pid,hot_humid,bursty,1,37.203,36.903,36.703,34.203,25.0,45.0,60.0,,0.0,0.0,32.99,,,0,trial
2026-07-04T20:22:11,pid_hot_humid_bursty_r1,pid,hot_humid,bursty,1,37.21,36.91,36.71,34.21,25.0,45.0,60.0,,0.0,0.0,33.01,,,0,trial
2026-07-04T20:22:11,pid_hot_humid_bursty_r1,pid,hot_humid,bursty,1,37.216,36.916,36.716,34.216,25.0,45.0,60.0,,0.0,0.0,33.02,,,0,trial
2026-07-04T20:22:11,pid_hot_humid_bursty_r1,pid,hot_humid,bursty,1,37.223,36.923,36.723,34.223,25.0,45.0,60.0,,0.0,0.0,33.03,,,0,trial
2026-07-04T20:22:11,pid_hot_humid_bursty_r1,pid,hot_humid,bursty,1,37.23,36.93,36.73,34.23,25.0,45.0,60.0,,0.0,0.0,33.04,,,0,trial
2026-07-04T20:22:11,pid_hot_humid_bursty_r1,pid,hot_humid,bursty,1,37.236,36.936,36.736,34.236,25.0,45.0,60.0,,0.0,0.0,33.05,,,0,trial
2026-07-04T20:22:11,pid_hot_humid_bursty_r1,pid,hot_humid,bursty,1,37.243,36.943,36.743,34.243,25.0,45.0,60.0,,0.0,0.0,33.07,,,0,trial
2026-07-04T20:22:11,pid_hot_humid_bursty_r1,pid,hot_humid,bursty,1,37.249,36.949,36.749,34.249,25.0,45.0,60.0,,0.0,0.0,33.08,,,0,trial
2026-07-04T20:22:11,pid_hot_humid_bursty_r1,pid,hot_humid,bursty,1,37.256,36.956,36.756,34.256,25.0,45.0,60.0,,0.0,0.0,33.09,,,0,trial
2026-07-04T20:22:11,pid_hot_humid_bursty_r1,pid,hot_humid,bursty,1,37.263,36.963,36.763,34.263,25.0,45.0,60.0,,0.0,0.0,33.1,,,0,trial
2026-07-04T20:22:11,pid_hot_humid_bursty_r1,pid,hot_humid,bursty,1,37.269,36.969,36.769,34.269,25.0,45.0,60.0,,0.0,0.0,33.11,,,0,trial
2026-07-04T20:22:11,pid_hot_humid_bursty_r1,pid,hot_humid,bursty,1,37.282,36.982,36.782,34.282,25.0,45.0,60.0,,0.0,0.0,33.13,,,0,trial
2026-07-04T20:22:11,pid_hot_humid_bursty_r1,pid,hot_humid,bursty,1,37.289,36.989,36.789,34.289,25.0,45.0,60.0,,0.0,0.0,33.14,,,0,trial
2026-07-04T20:22:11,pid_hot_humid_bursty_r1,pid,hot_humid,bursty,1,37.296,36.996,36.796,34.296,25.0,45.0,60.0,,0.0,0.0,33.15,,,0,trial
2026-07-04T20:22:11,pid_hot_humid_bursty_r1,pid,hot_humid,bursty,1,37.302,37.002,36.802,34.302,25.0,45.0,60.0,,0.0,0.0,33.16,,,0,trial
2026-07-04T20:22:11,pid_hot_humid_bursty_r1,pid,hot_humid,bursty,1,37.309,37.009,36.809,34.309,25.0,45.0,60.0,,0.0,0.0,33.17,,,0,trial
2026-07-04T20:22:11,pid_hot_humid_bursty_r1,pid,hot_humid,bursty,1,37.315,37.015,36.815,34.315,25.0,45.0,60.0,,0.0,0.0,33.19,,,0,trial
2026-07-04T20:22:11,pid_hot_humid_bursty_r1,pid,hot_humid,bursty,1,37.322,37.022,36.822,34.322,25.0,45.0,60.0,,0.0,0.0,33.2,,,0,trial
2026-07-04T20:22:11,pid_hot_humid_bursty_r1,pid,hot_humid,bursty,1,37.329,37.029,36.829,34.329,25.0,45.0,60.0,,0.0,0.0,33.21,,,0,trial
2026-07-04T20:22:11,pid_hot_humid_bursty_r1,pid,hot_humid,bursty,1,37.335,37.035,36.835,34.335,25.0,45.0,60.0,,0.0,0.0,33.22,,,0,trial
2026-07-04T20:22:11,pid_hot_humid_bursty_r1,pid,hot_humid,bursty,1,37.342,37.042,36.842,34.342,25.0,45.0,60.0,,0.0,0.0,33.24,,,0,trial
2026-07-04T20:22:11,pid_hot_humid_bursty_r1,pid,hot_humid,bursty,1,37.348,37.048,36.848,34.348,25.0,45.0,60.0,,0.0,0.0,33.25,,,0,trial
2026-07-04T20:22:11,pid_hot_humid_bursty_r1,pid,hot_humid,bursty,1,37.355,37.055,36.855,34.355,25.0,45.0,60.0,,0.0,0.0,33.26,,,0,trial
2026-07-04T20:22:11,pid_hot_humid_bursty_r1,pid,hot_humid,bursty,1,37.362,37.062,36.862,34.362,25.0,45.0,60.0,,0.0,0.0,33.27,,,0,trial
2026-07-04T20:22:11,pid_hot_humid_bursty_r1,pid,hot_humid,bursty,1,37.368,37.068,36.868,34.368,25.0,45.0,60.0,,0.0,0.0,33.28,,,0,trial
2026-07-04T20:22:11,pid_hot_humid_bursty_r1,pid,hot_humid,bursty,1,37.375,37.075,36.875,34.375,25.0,45.0,60.0,,0.0,0.0,33.3,,,0,trial
2026-07-04T20:22:11,pid_hot_humid_bursty_r1,pid,hot_humid,bursty,1,37.381,37.081,36.881,34.381,25.0,45.0,60.0,,0.0,0.0,33.31,,,0,trial
2026-07-04T20:22:11,pid_hot_humid_bursty_r1,pid,hot_humid,bursty,1,37.388,37.088,36.888,34.388,25.0,45.0,60.0,,0.0,0.0,33.32,,,0,trial
2026-07-04T20:22:11,pid_hot_humid_bursty_r1,pid,hot_humid,bursty,1,37.395,37.095,36.895,34.395,25.0,45.0,60.0,,0.0,0.0,33.33,,,0,trial
2026-07-04T20:22:11,pid_hot_humid_bursty_r1,pid,hot_humid,bursty,1,37.401,37.101,36.901,34.401,25.0,45.0,60.0,,0.0,0.0,33.35,,,0,trial
2026-07-04T20:22:11,pid_hot_humid_bursty_r1,pid,hot_humid,bursty,1,37.408,37.108,36.908,34.408,25.0,45.0,60.0,,0.0,0.0,33.36,,,0,trial
2026-07-04T20:22:11,pid_hot_humid_bursty_r1,pid,hot_humid,bursty,1,37.414,37.114,36.914,34.414,25.0,45.0,60.0,,0.0,0.0,33.37,,,0,trial
2026-07-04T20:22:11,pid_hot_humid_bursty_r1,pid,hot_humid,bursty,1,37.421,37.121,36.921,34.421,25.0,45.0,60.0,,0.0,0.0,33.38,,,0,trial
2026-07-04T20:22:11,pid_hot_humid_bursty_r1,pid,hot_humid,bursty,1,37.428,37.128,36.928,34.428,25.0,45.0,60.0,,0.0,0.0,33.4,,,0,trial
2026-07-04T20:22:11,pid_hot_humid_bursty_r1,pid,hot_humid,bursty,1,37.434,37.134,36.934,34.434,25.0,45.0,60.0,,0.0,0.0,33.41,,,0,trial
2026-07-04T20:22:11,pid_hot_humid_bursty_r1,pid,hot_humid,bursty,1,37.441,37.141,36.941,34.441,25.0,45.0,60.0,,0.0,0.0,33.42,,,0,trial
2026-07-04T20:22:11,pid_hot_humid_bursty_r1,pid,hot_humid,bursty,1,37.447,37.147,36.947,34.447,25.0,45.0,60.0,,0.0,0.0,33.43,,,0,trial
2026-07-04T20:22:11,pid_hot_humid_bursty_r1,pid,hot_humid,bursty,1,37.454,37.154,36.954,34.454,25.0,45.0,60.0,,0.0,0.0,33.45,,,0,trial
2026-07-04T20:22:11,pid_hot_humid_bursty_r1,pid,hot_humid,bursty,1,37.46,37.16,36.96,34.46,25.0,45.0,60.0,,0.0,0.0,33.46,,,0,trial
2026-07-04T20:22:11,pid_hot_humid_bursty_r1,pid,hot_humid,bursty,1,37.467,37.167,36.967,34.467,25.0,45.0,60.0,,0.0,0.0,33.47,,,0,trial
2026-07-04T20:22:11,pid_hot_humid_bursty_r1,pid,hot_humid,bursty,1,37.474,37.174,36.974,34.474,25.0,45.0,60.0,,0.0,0.0,33.48,,,0,trial
2026-07-04T20:22:11,pid_hot_humid_bursty_r1,pid,hot_humid,bursty,1,37.51,37.21,37.01,34.51,25.0,45.0,150.0,,0.0,0.0,33.5,,,0,trial
2026-07-04T20:22:11,pid_hot_humid_bursty_r1,pid,hot_humid,bursty,1,37.529,37.229,37.029,34.529,25.0,45.0,150.0,,0.0,0.0,33.51,,,0,trial
2026-07-04T20:22:11,pid_hot_humid_bursty_r1,pid,hot_humid,bursty,1,37.547,37.247,37.047,34.547,25.0,45.0,150.0,,0.0,0.0,33.52,,,0,trial
2026-07-04T20:22:11,pid_hot_humid_bursty_r1,pid,hot_humid,bursty,1,37.566,37.266,37.066,34.566,25.0,45.0,150.0,,0.0,0.0,33.53,,,0,trial
2026-07-04T20:22:11,pid_hot_humid_bursty_r1,pid,hot_humid,bursty,1,37.584,37.284,37.084,34.584,25.0,45.0,150.0,,0.0,0.0,33.55,,,0,trial
2026-07-04T20:22:11,pid_hot_humid_bursty_r1,pid,hot_humid,bursty,1,37.603,37.303,37.103,34.603,25.0,45.0,150.0,,0.0,0.0,33.56,,,0,trial
2026-07-04T20:22:11,pid_hot_humid_bursty_r1,pid,hot_humid,bursty,1,37.621,37.321,37.121,34.621,25.0,45.0,150.0,,0.0,0.0,33.57,,,0,trial
2026-07-04T20:22:11,pid_hot_humid_bursty_r1,pid,hot_humid,bursty,1,37.639,37.339,37.139,34.639,25.0,45.0,150.0,,0.0,0.0,33.58,,,0,trial
2026-07-04T20:22:11,pid_hot_humid_bursty_r1,pid,hot_humid,bursty,1,37.658,37.358,37.158,34.658,25.0,45.0,150.0,,0.0,0.0,33.6,,,0,trial
2026-07-04T20:22:11,pid_hot_humid_bursty_r1,pid,hot_humid,bursty,1,37.676,37.376,37.176,34.676,25.0,45.0,150.0,,0.0,0.0,33.61,,,0,trial
2026-07-04T20:22:11,pid_hot_humid_bursty_r1,pid,hot_humid,bursty,1,37.695,37.395,37.195,34.695,25.0,45.0,150.0,,0.0,0.0,33.62,,,0,trial
2026-07-04T20:22:11,pid_hot_humid_bursty_r1,pid,hot_humid,bursty,1,37.713,37.413,37.213,34.713,25.0,45.0,150.0,,0.0,0.0,33.64,,,0,trial
2026-07-04T20:22:11,pid_hot_humid_bursty_r1,pid,hot_humid,bursty,1,37.731,37.431,37.231,34.731,25.0,45.0,150.0,,0.0,0.0,33.65,,,0,trial
2026-07-04T20:22:11,pid_hot_humid_bursty_r1,pid,hot_humid,bursty,1,37.75,37.45,37.25,34.75,25.0,45.0,150.0,,0.0,0.0,33.66,,,0,trial
2026-07-04T20:22:11,pid_hot_humid_bursty_r1,pid,hot_humid,bursty,1,37.768,37.468,37.268,34.768,25.0,45.0,150.0,,0.0,0.0,33.67,,,0,trial
2026-07-04T20:22:11,pid_hot_humid_bursty_r1,pid,hot_humid,bursty,1,37.787,37.487,37.287,34.787,25.0,45.0,150.0,,0.0,0.0,33.69,,,0,trial
2026-07-04T20:22:11,pid_hot_humid_bursty_r1,pid,hot_humid,bursty,1,37.805,37.505,37.305,34.805,25.0,45.0,150.0,,0.0,0.0,33.7,,,0,trial
2026-07-04T20:22:11,pid_hot_humid_bursty_r1,pid,hot_humid,bursty,1,37.823,37.523,37.323,34.823,25.0,45.0,150.0,,0.0,0.0,33.71,,,0,trial
2026-07-04T20:22:11,pid_hot_humid_bursty_r1,pid,hot_humid,bursty,1,37.842,37.542,37.342,34.842,25.0,45.0,150.0,,0.0,0.0,33.73,,,0,trial
2026-07-04T20:22:11,pid_hot_humid_bursty_r1,pid,hot_humid,bursty,1,37.86,37.56,37.36,34.86,25.0,45.0,150.0,,0.0,0.0,33.74,,,0,trial
2026-07-04T20:22:11,pid_hot_humid_bursty_r1,pid,hot_humid,bursty,1,37.878,37.578,37.378,34.878,25.0,45.0,150.0,,0.0,0.0,33.75,,,0,trial
2026-07-04T20:22:11,pid_hot_humid_bursty_r1,pid,hot_humid,bursty,1,37.897,37.597,37.397,34.897,25.0,45.0,150.0,,0.0,0.0,33.76,,,0,trial
2026-07-04T20:22:11,pid_hot_humid_bursty_r1,pid,hot_humid,bursty,1,37.915,37.615,37.415,34.915,25.0,45.0,150.0,,0.0,0.0,33.78,,,0,trial
2026-07-04T20:22:11,pid_hot_humid_bursty_r1,pid,hot_humid,bursty,1,37.934,37.634,37.434,34.934,25.0,45.0,150.0,,0.0,0.0,33.79,,,0,trial
2026-07-04T20:22:11,pid_hot_humid_bursty_r1,pid,hot_humid,bursty,1,37.952,37.652,37.452,34.952,25.0,45.0,150.0,,0.0,0.0,33.8,,,0,trial
2026-07-04T20:22:11,pid_hot_humid_bursty_r1,pid,hot_humid,bursty,1,37.97,37.67,37.47,34.97,25.0,45.0,150.0,,0.0,0.0,33.82,,,0,trial
2026-07-04T20:22:11,pid_hot_humid_bursty_r1,pid,hot_humid,bursty,1,37.989,37.689,37.489,34.989,25.0,45.0,150.0,,0.0,0.0,33.83,,,0,trial
2026-07-04T20:22:11,pid_hot_humid_bursty_r1,pid,hot_humid,bursty,1,38.007,37.707,37.507,35.007,25.0,45.0,150.0,,0.0,0.0,33.84,,,0,trial
2026-07-04T20:22:11,pid_hot_humid_bursty_r1,pid,hot_humid,bursty,1,38.025,37.725,37.525,35.025,25.0,45.0,150.0,,0.0,0.0,33.85,,,0,trial
2026-07-04T20:22:11,pid_hot_humid_bursty_r1,pid,hot_humid,bursty,1,38.044,37.744,37.544,35.044,25.0,45.0,150.0,,0.0,0.0,33.87,,,0,trial
2026-07-04T20:22:11,pid_hot_humid_bursty_r1,pid,hot_humid,bursty,1,38.081,37.781,37.581,35.081,25.0,45.0,150.0,,0.0,0.0,33.88,,,0,trial
2026-07-04T20:22:11,pid_hot_humid_bursty_r1,pid,hot_humid,bursty,1,38.099,37.799,37.599,35.099,25.0,45.0,150.0,,0.0,0.0,33.89,,,0,trial
2026-07-04T20:22:11,pid_hot_humid_bursty_r1,pid,hot_humid,bursty,1,38.117,37.817,37.617,35.117,25.0,45.0,150.0,,0.0,0.0,33.91,,,0,trial
2026-07-04T20:22:11,pid_hot_humid_bursty_r1,pid,hot_humid,bursty,1,38.136,37.836,37.636,35.136,25.0,45.0,150.0,,0.0,0.0,33.92,,,0,trial
2026-07-04T20:22:11,pid_hot_humid_bursty_r1,pid,hot_humid,bursty,1,38.154,37.854,37.654,35.154,25.0,45.0,150.0,,0.0,0.0,33.93,,,0,trial
2026-07-04T20:22:11,pid_hot_humid_bursty_r1,pid,hot_humid,bursty,1,38.172,37.872,37.672,35.172,25.0,45.0,150.0,,0.0,0.0,33.94,,,0,trial
2026-07-04T20:22:11,pid_hot_humid_bursty_r1,pid,hot_humid,bursty,1,38.191,37.891,37.691,35.191,25.0,45.0,150.0,,0.0,0.0,33.96,,,0,trial
2026-07-04T20:22:11,pid_hot_humid_bursty_r1,pid,hot_humid,bursty,1,38.209,37.909,37.709,35.209,25.0,45.0,150.0,,0.0,0.0,33.97,,,0,trial
2026-07-04T20:22:11,pid_hot_humid_bursty_r1,pid,hot_humid,bursty,1,38.227,37.927,37.727,35.227,25.0,45.0,150.0,,0.0,0.0,33.98,,,0,trial
2026-07-04T20:22:11,pid_hot_humid_bursty_r1,pid,hot_humid,bursty,1,38.246,37.946,37.746,35.246,25.0,45.0,150.0,,0.0,0.0,34.0,,,0,trial
2026-07-04T20:22:11,pid_hot_humid_bursty_r1,pid,hot_humid,bursty,1,38.264,37.964,37.764,35.264,25.0,45.0,150.0,,0.0,0.0,34.01,,,0,trial
2026-07-04T20:22:11,pid_hot_humid_bursty_r1,pid,hot_humid,bursty,1,38.282,37.982,37.782,35.282,25.0,45.0,150.0,,0.0,0.0,34.02,,,0,trial
2026-07-04T20:22:11,pid_hot_humid_bursty_r1,pid,hot_humid,bursty,1,38.301,38.001,37.801,35.301,25.0,45.0,150.0,,0.0,0.0,34.04,,,0,trial
2026-07-04T20:22:11,pid_hot_humid_bursty_r1,pid,hot_humid,bursty,1,38.319,38.019,37.819,35.319,25.0,45.0,150.0,,0.0,0.0,34.05,,,0,trial
2026-07-04T20:22:11,pid_hot_humid_bursty_r1,pid,hot_humid,bursty,1,38.337,38.037,37.837,35.337,25.0,45.0,150.0,,0.0,0.0,34.06,,,0,trial
2026-07-04T20:22:11,pid_hot_humid_bursty_r1,pid,hot_humid,bursty,1,38.356,38.056,37.856,35.356,25.0,45.0,150.0,,0.0,0.0,34.07,,,0,trial
2026-07-04T20:22:11,pid_hot_humid_bursty_r1,pid,hot_humid,bursty,1,38.374,38.074,37.874,35.374,25.0,45.0,150.0,,0.0,0.0,34.09,,,0,trial
2026-07-04T20:22:11,pid_hot_humid_bursty_r1,pid,hot_humid,bursty,1,38.392,38.092,37.892,35.392,25.0,45.0,150.0,,0.0,0.0,34.1,,,0,trial
2026-07-04T20:22:11,pid_hot_humid_bursty_r1,pid,hot_humid,bursty,1,38.411,38.111,37.911,35.411,25.0,45.0,150.0,,0.0,0.0,34.11,,,0,trial
2026-07-04T20:22:11,pid_hot_humid_bursty_r1,pid,hot_humid,bursty,1,38.429,38.129,37.929,35.429,25.0,45.0,150.0,,0.0,0.0,34.13,,,0,trial
2026-07-04T20:22:11,pid_hot_humid_bursty_r1,pid,hot_humid,bursty,1,38.447,38.147,37.947,35.447,25.0,45.0,150.0,,0.0,0.0,34.14,,,0,trial
2026-07-04T20:22:11,pid_hot_humid_bursty_r1,pid,hot_humid,bursty,1,38.466,38.166,37.966,35.466,25.0,45.0,150.0,,0.0,0.0,34.15,,,0,trial
2026-07-04T20:22:11,pid_hot_humid_bursty_r1,pid,hot_humid,bursty,1,38.484,38.184,37.984,35.484,25.0,45.0,150.0,,0.0,0.0,34.17,,,0,trial
2026-07-04T20:22:11,pid_hot_humid_bursty_r1,pid,hot_humid,bursty,1,38.502,38.202,38.002,35.502,25.0,45.0,150.0,,0.0,0.0,34.18,,,0,trial
2026-07-04T20:22:11,pid_hot_humid_bursty_r1,pid,hot_humid,bursty,1,38.521,38.221,38.021,35.521,25.0,45.0,150.0,,0.0,0.0,34.19,,,0,trial
2026-07-04T20:22:11,pid_hot_humid_bursty_r1,pid,hot_humid,bursty,1,38.539,38.239,38.039,35.539,25.0,45.0,150.0,,0.0,0.0,34.21,,,0,trial
2026-07-04T20:22:11,pid_hot_humid_bursty_r1,pid,hot_humid,bursty,1,38.557,38.257,38.057,35.557,25.0,45.0,150.0,,0.0,0.0,34.22,,,0,trial
2026-07-04T20:22:11,pid_hot_humid_bursty_r1,pid,hot_humid,bursty,1,38.576,38.276,38.076,35.576,25.0,45.0,150.0,,0.0,0.0,34.23,,,0,trial
2026-07-04T20:22:11,pid_hot_humid_bursty_r1,pid,hot_humid,bursty,1,38.594,38.294,38.094,35.594,25.0,45.0,150.0,,0.0,0.0,34.24,,,0,trial
2026-07-04T20:22:11,pid_hot_humid_bursty_r1,pid,hot_humid,bursty,1,38.612,38.312,38.112,35.612,25.0,45.0,150.0,,0.0,0.0,34.26,,,0,trial
2026-07-04T20:22:11,pid_hot_humid_bursty_r1,pid,hot_humid,bursty,1,38.649,38.349,38.149,35.649,25.0,45.0,150.0,,0.0,0.0,34.27,,,0,trial
2026-07-04T20:22:11,pid_hot_humid_bursty_r1,pid,hot_humid,bursty,1,38.667,38.367,38.167,35.667,25.0,45.0,150.0,,0.0,0.0,34.28,,,0,trial
2026-07-04T20:22:11,pid_hot_humid_bursty_r1,pid,hot_humid,bursty,1,38.685,38.385,38.185,35.685,25.0,45.0,150.0,,0.0,0.0,34.3,,,0,trial
2026-07-04T20:22:11,pid_hot_humid_bursty_r1,pid,hot_humid,bursty,1,38.704,38.404,38.204,35.704,25.0,45.0,150.0,,0.0,0.0,34.31,,,0,trial
2026-07-04T20:22:11,pid_hot_humid_bursty_r1,pid,hot_humid,bursty,1,38.722,38.422,38.222,35.722,25.0,45.0,150.0,,0.0,0.0,34.32,,,0,trial
2026-07-04T20:22:11,pid_hot_humid_bursty_r1,pid,hot_humid,bursty,1,38.74,38.44,38.24,35.74,25.0,45.0,150.0,,0.0,0.0,34.34,,,0,trial
2026-07-04T20:22:11,pid_hot_humid_bursty_r1,pid,hot_humid,bursty,1,38.759,38.459,38.259,35.759,25.0,45.0,150.0,,0.0,0.0,34.35,,,0,trial
2026-07-04T20:22:11,pid_hot_humid_bursty_r1,pid,hot_humid,bursty,1,38.777,38.477,38.277,35.777,25.0,45.0,150.0,,0.0,0.0,34.36,,,0,trial
2026-07-04T20:22:11,pid_hot_humid_bursty_r1,pid,hot_humid,bursty,1,38.795,38.495,38.295,35.795,25.0,45.0,150.0,,0.0,0.0,34.38,,,0,trial
2026-07-04T20:22:11,pid_hot_humid_bursty_r1,pid,hot_humid,bursty,1,38.813,38.513,38.313,35.813,25.0,45.0,150.0,,0.0,0.0,34.39,,,0,trial
2026-07-04T20:22:11,pid_hot_humid_bursty_r1,pid,hot_humid,bursty,1,38.832,38.532,38.332,35.832,25.0,45.0,150.0,,0.0,0.0,34.4,,,0,trial
2026-07-04T20:22:11,pid_hot_humid_bursty_r1,pid,hot_humid,bursty,1,38.85,38.55,38.35,35.85,25.0,45.0,150.0,,0.0,0.0,34.41,,,0,trial
2026-07-04T20:22:11,pid_hot_humid_bursty_r1,pid,hot_humid,bursty,1,38.868,38.568,38.368,35.868,25.0,45.0,150.0,,0.0,0.0,34.43,,,0,trial
2026-07-04T20:22:11,pid_hot_humid_bursty_r1,pid,hot_humid,bursty,1,38.887,38.587,38.387,35.887,25.0,45.0,150.0,,0.0,0.0,34.44,,,0,trial
2026-07-04T20:22:11,pid_hot_humid_bursty_r1,pid,hot_humid,bursty,1,38.905,38.605,38.405,35.905,25.0,45.0,150.0,,0.0,0.0,34.45,,,0,trial
2026-07-04T20:22:11,pid_hot_humid_bursty_r1,pid,hot_humid,bursty,1,38.923,38.623,38.423,35.923,25.0,45.0,150.0,,0.0,0.0,34.47,,,0,trial
2026-07-04T20:22:11,pid_hot_humid_bursty_r1,pid,hot_humid,bursty,1,38.941,38.641,38.441,35.941,25.0,45.0,150.0,,0.0,0.0,34.48,,,0,trial
2026-07-04T20:22:11,pid_hot_humid_bursty_r1,pid,hot_humid,bursty,1,38.96,38.66,38.46,35.96,25.0,45.0,150.0,,0.0,0.0,34.49,,,0,trial
2026-07-04T20:22:11,pid_hot_humid_bursty_r1,pid,hot_humid,bursty,1,38.978,38.678,38.478,35.978,25.0,45.0,150.0,,0.0,0.0,34.51,,,0,trial
2026-07-04T20:22:11,pid_hot_humid_bursty_r1,pid,hot_humid,bursty,1,38.996,38.696,38.496,35.996,25.0,45.0,150.0,,0.0,0.0,34.52,,,0,trial
2026-07-04T20:22:11,pid_hot_humid_bursty_r1,pid,hot_humid,bursty,1,39.014,38.714,38.514,36.014,25.0,45.0,150.0,,0.0,0.0,34.53,,,0,trial
2026-07-04T20:22:11,pid_hot_humid_bursty_r1,pid,hot_humid,bursty,1,39.033,38.733,38.533,36.033,25.0,45.0,150.0,,0.0,0.0,34.55,,,0,trial
2026-07-04T20:22:11,pid_hot_humid_bursty_r1,pid,hot_humid,bursty,1,39.051,38.751,38.551,36.051,25.0,45.0,150.0,,0.0,0.0,34.56,,,0,trial
2026-07-04T20:22:11,pid_hot_humid_bursty_r1,pid,hot_humid,bursty,1,39.069,38.769,38.569,36.069,25.0,45.0,150.0,,0.0,0.0,34.57,,,0,trial
2026-07-04T20:22:11,pid_hot_humid_bursty_r1,pid,hot_humid,bursty,1,39.088,38.788,38.588,36.088,25.0,45.0,150.0,,0.0,0.0,34.58,,,0,trial
2026-07-04T20:22:11,pid_hot_humid_bursty_r1,pid,hot_humid,bursty,1,39.106,38.806,38.606,36.106,25.0,45.0,150.0,,0.0,0.0,34.6,,,0,trial
2026-07-04T20:22:11,pid_hot_humid_bursty_r1,pid,hot_humid,bursty,1,39.124,38.824,38.624,36.124,25.0,45.0,150.0,,0.0,0.0,34.61,,,0,trial
2026-07-04T20:22:11,pid_hot_humid_bursty_r1,pid,hot_humid,bursty,1,39.142,38.842,38.642,36.142,25.0,45.0,150.0,,0.0,0.0,34.62,,,0,trial
2026-07-04T20:22:11,pid_hot_humid_bursty_r1,pid,hot_humid,bursty,1,39.161,38.861,38.661,36.161,25.0,45.0,150.0,,0.0,0.0,34.64,,,0,trial
2026-07-04T20:22:11,pid_hot_humid_bursty_r1,pid,hot_humid,bursty,1,39.179,38.879,38.679,36.179,25.0,45.0,150.0,,0.0,0.0,34.65,,,0,trial
2026-07-04T20:22:11,pid_hot_humid_bursty_r1,pid,hot_humid,bursty,1,39.215,38.915,38.715,36.215,25.0,45.0,150.0,,0.7100000000000222,0.01,34.66,,,0,trial
2026-07-04T20:22:11,pid_hot_humid_bursty_r1,pid,hot_humid,bursty,1,39.233,38.933,38.733,36.233,25.0,45.0,150.0,,0.7100000000000222,0.01,34.68,,,0,trial
2026-07-04T20:22:11,pid_hot_humid_bursty_r1,pid,hot_humid,bursty,1,39.251,38.951,38.751,36.251,25.0,45.0,150.0,,0.7100000000000222,0.01,34.69,,,0,trial
2026-07-04T20:22:11,pid_hot_humid_bursty_r1,pid,hot_humid,bursty,1,39.269,38.969,38.769,36.269,25.0,45.0,150.0,,0.7100000000000222,0.01,34.7,,,0,trial
2026-07-04T20:22:11,pid_hot_humid_bursty_r1,pid,hot_humid,bursty,1,39.287,38.987,38.787,36.287,25.0,45.0,150.0,,0.7100000000000222,0.01,34.71,,,0,trial
2026-07-04T20:22:11,pid_hot_humid_bursty_r1,pid,hot_humid,bursty,1,39.305,39.005,38.805,36.305,25.0,45.0,150.0,,0.7100000000000222,0.01,34.73,,,0,trial
2026-07-04T20:22:11,pid_hot_humid_bursty_r1,pid,hot_humid,bursty,1,39.323,39.023,38.823,36.323,25.0,45.0,150.0,,0.7100000000000222,0.01,34.74,,,0,trial
2026-07-04T20:22:11,pid_hot_humid_bursty_r1,pid,hot_humid,bursty,1,39.34,39.04,38.84,36.34,25.0,45.0,150.0,,0.7100000000000222,0.01,34.75,,,0,trial
2026-07-04T20:22:11,pid_hot_humid_bursty_r1,pid,hot_humid,bursty,1,39.358,39.058,38.858,36.358,25.0,45.0,150.0,,0.7100000000000222,0.01,34.77,,,0,trial
2026-07-04T20:22:11,pid_hot_humid_bursty_r1,pid,hot_humid,bursty,1,39.376,39.076,38.876,36.376,25.0,45.0,150.0,,0.7100000000000222,0.01,34.78,,,0,trial
2026-07-04T20:22:11,pid_hot_humid_bursty_r1,pid,hot_humid,bursty,1,39.394,39.094,38.894,36.394,25.0,45.0,150.0,,0.7100000000000222,0.01,34.79,,,0,trial
2026-07-04T20:22:11,pid_hot_humid_bursty_r1,pid,hot_humid,bursty,1,39.412,39.112,38.912,36.412,25.0,45.0,150.0,,0.7100000000000222,0.01,34.81,,,0,trial
2026-07-04T20:22:11,pid_hot_humid_bursty_r1,pid,hot_humid,bursty,1,39.43,39.13,38.93,36.43,25.0,45.0,150.0,,0.7100000000000222,0.01,34.82,,,0,trial
2026-07-04T20:22:11,pid_hot_humid_bursty_r1,pid,hot_humid,bursty,1,39.448,39.148,38.948,36.448,25.0,45.0,150.0,,0.7100000000000222,0.01,34.83,,,0,trial
2026-07-04T20:22:11,pid_hot_humid_bursty_r1,pid,hot_humid,bursty,1,39.466,39.166,38.966,36.466,25.0,45.0,150.0,,0.7100000000000222,0.01,34.84,,,0,trial
2026-07-04T20:22:11,pid_hot_humid_bursty_r1,pid,hot_humid,bursty,1,39.484,39.184,38.984,36.484,25.0,45.0,150.0,,0.7100000000000222,0.01,34.86,,,0,trial
2026-07-04T20:22:11,pid_hot_humid_bursty_r1,pid,hot_humid,bursty,1,39.502,39.202,39.002,36.502,25.0,45.0,150.0,,0.7100000000000222,0.01,34.87,,,0,trial
2026-07-04T20:22:11,pid_hot_humid_bursty_r1,pid,hot_humid,bursty,1,39.52,39.22,39.02,36.52,25.0,45.0,150.0,,0.7100000000000222,0.01,34.88,,,0,trial
2026-07-04T20:22:11,pid_hot_humid_bursty_r1,pid,hot_humid,bursty,1,39.537,39.237,39.037,36.537,25.0,45.0,150.0,,0.7100000000000222,0.01,34.9,,,0,trial
2026-07-04T20:22:11,pid_hot_humid_bursty_r1,pid,hot_humid,bursty,1,39.555,39.255,39.055,36.555,25.0,45.0,150.0,,0.7100000000000222,0.01,34.91,,,0,trial
2026-07-04T20:22:11,pid_hot_humid_bursty_r1,pid,hot_humid,bursty,1,39.573,39.273,39.073,36.573,25.0,45.0,150.0,,0.7100000000000222,0.01,34.92,,,0,trial
2026-07-04T20:22:11,pid_hot_humid_bursty_r1,pid,hot_humid,bursty,1,39.591,39.291,39.091,36.591,25.0,45.0,150.0,,0.7100000000000222,0.01,34.93,,,0,trial
2026-07-04T20:22:11,pid_hot_humid_bursty_r1,pid,hot_humid,bursty,1,39.609,39.309,39.109,36.609,25.0,45.0,150.0,,0.7100000000000222,0.01,34.95,,,0,trial
2026-07-04T20:22:11,pid_hot_humid_bursty_r1,pid,hot_humid,bursty,1,39.627,39.327,39.127,36.627,25.0,45.0,150.0,,0.7100000000000222,0.01,34.96,,,0,trial
2026-07-04T20:22:11,pid_hot_humid_bursty_r1,pid,hot_humid,bursty,1,39.645,39.345,39.145,36.645,25.0,45.0,150.0,,0.7100000000000222,0.01,34.97,,,0,trial
2026-07-04T20:22:11,pid_hot_humid_bursty_r1,pid,hot_humid,bursty,1,39.663,39.363,39.163,36.663,25.0,45.0,150.0,,0.7100000000000222,0.01,34.99,,,0,trial
2026-07-04T20:22:11,pid_hot_humid_bursty_r1,pid,hot_humid,bursty,1,39.681,39.381,39.181,36.681,25.0,45.0,150.0,,0.7100000000000222,0.01,35.0,,,0,trial
2026-07-04T20:22:11,pid_hot_humid_bursty_r1,pid,hot_humid,bursty,1,39.698,39.398,39.198,36.698,25.0,45.0,150.0,,0.7100000000000222,0.01,35.01,,,0,trial
2026-07-04T20:22:11,pid_hot_humid_bursty_r1,pid,hot_humid,bursty,1,39.716,39.416,39.216,36.716,25.0,45.0,150.0,,0.7100000000000222,0.01,35.02,,,0,trial
2026-07-04T20:22:11,pid_hot_humid_bursty_r1,pid,hot_humid,bursty,1,39.734,39.434,39.234,36.734,25.0,45.0,150.0,,0.7100000000000222,0.01,35.04,,,0,trial
2026-07-04T20:22:11,pid_hot_humid_bursty_r1,pid,hot_humid,bursty,1,39.769,39.469,39.269,36.769,25.0,45.0,150.0,,6.2012000000000205,0.12,35.05,,,0,trial
2026-07-04T20:22:11,pid_hot_humid_bursty_r1,pid,hot_humid,bursty,1,39.786,39.486,39.286,36.786,25.0,45.0,150.0,,6.2012000000000205,0.12,35.06,,,0,trial
2026-07-04T20:22:11,pid_hot_humid_bursty_r1,pid,hot_humid,bursty,1,39.802,39.502,39.302,36.802,25.0,45.0,150.0,,6.2012000000000205,0.12,35.07,,,0,trial
2026-07-04T20:22:11,pid_hot_humid_bursty_r1,pid,hot_humid,bursty,1,39.819,39.519,39.319,36.819,25.0,45.0,150.0,,6.2012000000000205,0.12,35.09,,,0,trial
2026-07-04T20:22:11,pid_hot_humid_bursty_r1,pid,hot_humid,bursty,1,39.836,39.536,39.336,36.836,25.0,45.0,150.0,,6.2012000000000205,0.12,35.1,,,0,trial
2026-07-04T20:22:11,pid_hot_humid_bursty_r1,pid,hot_humid,bursty,1,39.852,39.552,39.352,36.852,25.0,45.0,150.0,,6.2012000000000205,0.12,35.11,,,0,trial
2026-07-04T20:22:11,pid_hot_humid_bursty_r1,pid,hot_humid,bursty,1,39.869,39.569,39.369,36.869,25.0,45.0,150.0,,6.2012000000000205,0.12,35.13,,,0,trial
2026-07-04T20:22:11,pid_hot_humid_bursty_r1,pid,hot_humid,bursty,1,39.886,39.586,39.386,36.886,25.0,45.0,150.0,,6.2012000000000205,0.12,35.14,,,0,trial
2026-07-04T20:22:11,pid_hot_humid_bursty_r1,pid,hot_humid,bursty,1,39.903,39.603,39.403,36.903,25.0,45.0,150.0,,6.2012000000000205,0.12,35.15,,,0,trial
2026-07-04T20:22:11,pid_hot_humid_bursty_r1,pid,hot_humid,bursty,1,39.919,39.619,39.419,36.919,25.0,45.0,150.0,,6.2012000000000205,0.12,35.16,,,0,trial
2026-07-04T20:22:11,pid_hot_humid_bursty_r1,pid,hot_humid,bursty,1,39.936,39.636,39.436,36.936,25.0,45.0,150.0,,6.2012000000000205,0.12,35.18,,,0,trial
2026-07-04T20:22:11,pid_hot_humid_bursty_r1,pid,hot_humid,bursty,1,39.953,39.653,39.453,36.953,25.0,45.0,150.0,,6.2012000000000205,0.12,35.19,,,0,trial
2026-07-04T20:22:11,pid_hot_humid_bursty_r1,pid,hot_humid,bursty,1,39.969,39.669,39.469,36.969,25.0,45.0,150.0,,6.2012000000000205,0.12,35.2,,,0,trial
2026-07-04T20:22:11,pid_hot_humid_bursty_r1,pid,hot_humid,bursty,1,39.986,39.686,39.486,36.986,25.0,45.0,150.0,,6.2012000000000205,0.12,35.21,,,0,trial
2026-07-04T20:22:11,pid_hot_humid_bursty_r1,pid,hot_humid,bursty,1,40.003,39.703,39.503,37.003,25.0,45.0,150.0,,6.2012000000000205,0.12,35.23,,,0,trial
2026-07-04T20:22:11,pid_hot_humid_bursty_r1,pid,hot_humid,bursty,1,40.02,39.72,39.52,37.02,25.0,45.0,150.0,,6.2012000000000205,0.12,35.24,,,0,trial
2026-07-04T20:22:11,pid_hot_humid_bursty_r1,pid,hot_humid,bursty,1,40.036,39.736,39.536,37.036,25.0,45.0,150.0,,6.2012000000000205,0.12,35.25,,,0,trial
2026-07-04T20:22:11,pid_hot_humid_bursty_r1,pid,hot_humid,bursty,1,40.053,39.753,39.553,37.053,25.0,45.0,150.0,,6.2012000000000205,0.12,35.26,,,0,trial
2026-07-04T20:22:11,pid_hot_humid_bursty_r1,pid,hot_humid,bursty,1,40.07,39.77,39.57,37.07,25.0,45.0,150.0,,6.2012000000000205,0.12,35.28,,,0,trial
2026-07-04T20:22:11,pid_hot_humid_bursty_r1,pid,hot_humid,bursty,1,40.086,39.786,39.586,37.086,25.0,45.0,150.0,,6.2012000000000205,0.12,35.29,,,0,trial
2026-07-04T20:22:11,pid_hot_humid_bursty_r1,pid,hot_humid,bursty,1,40.103,39.803,39.603,37.103,25.0,45.0,150.0,,6.2012000000000205,0.12,35.3,,,0,trial
2026-07-04T20:22:11,pid_hot_humid_bursty_r1,pid,hot_humid,bursty,1,40.12,39.82,39.62,37.12,25.0,45.0,150.0,,6.2012000000000205,0.12,35.31,,,0,trial
2026-07-04T20:22:11,pid_hot_humid_bursty_r1,pid,hot_humid,bursty,1,40.136,39.836,39.636,37.136,25.0,45.0,150.0,,6.2012000000000205,0.12,35.33,,,0,trial
2026-07-04T20:22:11,pid_hot_humid_bursty_r1,pid,hot_humid,bursty,1,40.153,39.853,39.653,37.153,25.0,45.0,150.0,,6.2012000000000205,0.12,35.34,,,0,trial
2026-07-04T20:22:11,pid_hot_humid_bursty_r1,pid,hot_humid,bursty,1,40.17,39.87,39.67,37.17,25.0,45.0,150.0,,6.2012000000000205,0.12,35.35,,,0,trial
2026-07-04T20:22:11,pid_hot_humid_bursty_r1,pid,hot_humid,bursty,1,40.186,39.886,39.686,37.186,25.0,45.0,150.0,,6.2012000000000205,0.12,35.36,,,0,trial
2026-07-04T20:22:11,pid_hot_humid_bursty_r1,pid,hot_humid,bursty,1,40.203,39.903,39.703,37.203,25.0,45.0,150.0,,6.2012000000000205,0.12,35.37,,,0,trial
2026-07-04T20:22:11,pid_hot_humid_bursty_r1,pid,hot_humid,bursty,1,40.22,39.92,39.72,37.22,25.0,45.0,150.0,,6.2012000000000205,0.12,35.39,,,0,trial
2026-07-04T20:22:11,pid_hot_humid_bursty_r1,pid,hot_humid,bursty,1,40.236,39.936,39.736,37.236,25.0,45.0,150.0,,6.2012000000000205,0.12,35.4,,,0,trial
2026-07-04T20:22:11,pid_hot_humid_bursty_r1,pid,hot_humid,bursty,1,40.253,39.953,39.753,37.253,25.0,45.0,150.0,,6.2012000000000205,0.12,35.41,,,0,trial
2026-07-04T20:22:11,pid_hot_humid_bursty_r1,pid,hot_humid,bursty,1,40.285,39.985,39.785,37.285,25.0,45.0,150.0,,11.698599999999987,0.23,35.42,,,0,trial
2026-07-04T20:22:11,pid_hot_humid_bursty_r1,pid,hot_humid,bursty,1,40.301,40.001,39.801,37.301,25.0,45.0,150.0,,11.698599999999987,0.23,35.44,,,0,trial
2026-07-04T20:22:11,pid_hot_humid_bursty_r1,pid,hot_humid,bursty,1,40.317,40.017,39.817,37.317,25.0,45.0,150.0,,11.698599999999987,0.23,35.45,,,0,trial
2026-07-04T20:22:11,pid_hot_humid_bursty_r1,pid,hot_humid,bursty,1,40.333,40.033,39.833,37.333,25.0,45.0,150.0,,11.698599999999987,0.23,35.46,,,0,trial
2026-07-04T20:22:11,pid_hot_humid_bursty_r1,pid,hot_humid,bursty,1,40.348,40.048,39.848,37.348,25.0,45.0,150.0,,11.698599999999987,0.23,35.47,,,0,trial
2026-07-04T20:22:11,pid_hot_humid_bursty_r1,pid,hot_humid,bursty,1,40.364,40.064,39.864,37.364,25.0,45.0,150.0,,11.698599999999987,0.23,35.48,,,0,trial
2026-07-04T20:22:11,pid_hot_humid_bursty_r1,pid,hot_humid,bursty,1,40.38,40.08,39.88,37.38,25.0,45.0,150.0,,11.698599999999987,0.23,35.5,,,0,trial
2026-07-04T20:22:11,pid_hot_humid_bursty_r1,pid,hot_humid,bursty,1,40.396,40.096,39.896,37.396,25.0,45.0,150.0,,11.698599999999987,0.23,35.51,,,0,trial
2026-07-04T20:22:11,pid_hot_humid_bursty_r1,pid,hot_humid,bursty,1,40.412,40.112,39.912,37.412,25.0,45.0,150.0,,11.698599999999987,0.23,35.52,,,0,trial
2026-07-04T20:22:11,pid_hot_humid_bursty_r1,pid,hot_humid,bursty,1,40.427,40.127,39.927,37.427,25.0,45.0,150.0,,11.698599999999987,0.23,35.53,,,0,trial
2026-07-04T20:22:11,pid_hot_humid_bursty_r1,pid,hot_humid,bursty,1,40.443,40.143,39.943,37.443,25.0,45.0,150.0,,11.698599999999987,0.23,35.54,,,0,trial
2026-07-04T20:22:11,pid_hot_humid_bursty_r1,pid,hot_humid,bursty,1,40.459,40.159,39.959,37.459,25.0,45.0,150.0,,11.698599999999987,0.23,35.56,,,0,trial
2026-07-04T20:22:11,pid_hot_humid_bursty_r1,pid,hot_humid,bursty,1,40.475,40.175,39.975,37.475,25.0,45.0,150.0,,11.698599999999987,0.23,35.57,,,0,trial
2026-07-04T20:22:11,pid_hot_humid_bursty_r1,pid,hot_humid,bursty,1,40.49,40.19,39.99,37.49,25.0,45.0,150.0,,11.698599999999987,0.23,35.58,,,0,trial
2026-07-04T20:22:11,pid_hot_humid_bursty_r1,pid,hot_humid,bursty,1,40.506,40.206,40.006,37.506,25.0,45.0,150.0,,11.698599999999987,0.23,35.59,,,0,trial
2026-07-04T20:22:11,pid_hot_humid_bursty_r1,pid,hot_humid,bursty,1,40.522,40.222,40.022,37.522,25.0,45.0,150.0,,11.698599999999987,0.23,35.6,,,0,trial
2026-07-04T20:22:11,pid_hot_humid_bursty_r1,pid,hot_humid,bursty,1,40.538,40.238,40.038,37.538,25.0,45.0,150.0,,11.698599999999987,0.23,35.61,,,0,trial
2026-07-04T20:22:11,pid_hot_humid_bursty_r1,pid,hot_humid,bursty,1,40.553,40.253,40.053,37.553,25.0,45.0,150.0,,11.698599999999987,0.23,35.63,,,0,trial
2026-07-04T20:22:11,pid_hot_humid_bursty_r1,pid,hot_humid,bursty,1,40.569,40.269,40.069,37.569,25.0,45.0,150.0,,11.698599999999987,0.23,35.64,,,0,trial
2026-07-04T20:22:11,pid_hot_humid_bursty_r1,pid,hot_humid,bursty,1,40.585,40.285,40.085,37.585,25.0,45.0,150.0,,11.698599999999987,0.23,35.65,,,0,trial
2026-07-04T20:22:11,pid_hot_humid_bursty_r1,pid,hot_humid,bursty,1,40.6,40.3,40.1,37.6,25.0,45.0,150.0,,11.698599999999987,0.23,35.66,,,0,trial
2026-07-04T20:22:11,pid_hot_humid_bursty_r1,pid,hot_humid,bursty,1,40.616,40.316,40.116,37.616,25.0,45.0,150.0,,11.698599999999987,0.23,35.67,,,0,trial
2026-07-04T20:22:11,pid_hot_humid_bursty_r1,pid,hot_humid,bursty,1,40.632,40.332,40.132,37.632,25.0,45.0,150.0,,11.698599999999987,0.23,35.68,,,0,trial
2026-07-04T20:22:11,pid_hot_humid_bursty_r1,pid,hot_humid,bursty,1,40.648,40.348,40.148,37.648,25.0,45.0,150.0,,11.698599999999987,0.23,35.7,,,0,trial
2026-07-04T20:22:11,pid_hot_humid_bursty_r1,pid,hot_humid,bursty,1,40.663,40.363,40.163,37.663,25.0,45.0,150.0,,11.698599999999987,0.23,35.71,,,0,trial
2026-07-04T20:22:11,pid_hot_humid_bursty_r1,pid,hot_humid,bursty,1,40.679,40.379,40.179,37.679,25.0,45.0,150.0,,11.698599999999987,0.23,35.72,,,0,trial
2026-07-04T20:22:11,pid_hot_humid_bursty_r1,pid,hot_humid,bursty,1,40.695,40.395,40.195,37.695,25.0,45.0,150.0,,11.698599999999987,0.23,35.73,,,0,trial
2026-07-04T20:22:11,pid_hot_humid_bursty_r1,pid,hot_humid,bursty,1,40.71,40.41,40.21,37.71,25.0,45.0,150.0,,11.698599999999987,0.23,35.74,,,0,trial
2026-07-04T20:22:11,pid_hot_humid_bursty_r1,pid,hot_humid,bursty,1,40.726,40.426,40.226,37.726,25.0,45.0,150.0,,11.698599999999987,0.23,35.75,,,0,trial
2026-07-04T20:22:11,pid_hot_humid_bursty_r1,pid,hot_humid,bursty,1,40.742,40.442,40.242,37.742,25.0,45.0,150.0,,11.698599999999987,0.23,35.76,,,0,trial
2026-07-04T20:22:11,pid_hot_humid_bursty_r1,pid,hot_humid,bursty,1,40.772,40.472,40.272,37.772,25.0,45.0,150.0,,17.25679999999998,0.35,35.78,,,0,trial
2026-07-04T20:22:11,pid_hot_humid_bursty_r1,pid,hot_humid,bursty,1,40.787,40.487,40.287,37.787,25.0,45.0,150.0,,17.25679999999998,0.35,35.79,,,0,trial
2026-07-04T20:22:11,pid_hot_humid_bursty_r1,pid,hot_humid,bursty,1,40.802,40.502,40.302,37.802,25.0,45.0,150.0,,17.25679999999998,0.35,35.8,,,0,trial
2026-07-04T20:22:11,pid_hot_humid_bursty_r1,pid,hot_humid,bursty,1,40.817,40.517,40.317,37.817,25.0,45.0,150.0,,17.25679999999998,0.35,35.81,,,0,trial
2026-07-04T20:22:11,pid_hot_humid_bursty_r1,pid,hot_humid,bursty,1,40.832,40.532,40.332,37.832,25.0,45.0,150.0,,17.25679999999998,0.35,35.82,,,0,trial
2026-07-04T20:22:11,pid_hot_humid_bursty_r1,pid,hot_humid,bursty,1,40.847,40.547,40.347,37.847,25.0,45.0,150.0,,17.25679999999998,0.35,35.83,,,0,trial
2026-07-04T20:22:11,pid_hot_humid_bursty_r1,pid,hot_humid,bursty,1,40.862,40.562,40.362,37.862,25.0,45.0,150.0,,17.25679999999998,0.35,35.84,,,0,trial
2026-07-04T20:22:11,pid_hot_humid_bursty_r1,pid,hot_humid,bursty,1,40.877,40.577,40.377,37.877,25.0,45.0,150.0,,17.25679999999998,0.35,35.85,,,0,trial
2026-07-04T20:22:11,pid_hot_humid_bursty_r1,pid,hot_humid,bursty,1,40.892,40.592,40.392,37.892,25.0,45.0,150.0,,17.25679999999998,0.35,35.87,,,0,trial
2026-07-04T20:22:11,pid_hot_humid_bursty_r1,pid,hot_humid,bursty,1,40.907,40.607,40.407,37.907,25.0,45.0,150.0,,17.25679999999998,0.35,35.88,,,0,trial
2026-07-04T20:22:11,pid_hot_humid_bursty_r1,pid,hot_humid,bursty,1,40.921,40.621,40.421,37.921,25.0,45.0,150.0,,17.25679999999998,0.35,35.89,,,0,trial
2026-07-04T20:22:11,pid_hot_humid_bursty_r1,pid,hot_humid,bursty,1,40.936,40.636,40.436,37.936,25.0,45.0,150.0,,17.25679999999998,0.35,35.9,,,0,trial
2026-07-04T20:22:11,pid_hot_humid_bursty_r1,pid,hot_humid,bursty,1,40.951,40.651,40.451,37.951,25.0,45.0,150.0,,17.25679999999998,0.35,35.91,,,0,trial
2026-07-04T20:22:11,pid_hot_humid_bursty_r1,pid,hot_humid,bursty,1,40.966,40.666,40.466,37.966,25.0,45.0,150.0,,17.25679999999998,0.35,35.92,,,0,trial
2026-07-04T20:22:11,pid_hot_humid_bursty_r1,pid,hot_humid,bursty,1,40.981,40.681,40.481,37.981,25.0,45.0,150.0,,17.25679999999998,0.35,35.93,,,0,trial
2026-07-04T20:22:11,pid_hot_humid_bursty_r1,pid,hot_humid,bursty,1,40.996,40.696,40.496,37.996,25.0,45.0,150.0,,17.25679999999998,0.35,35.94,,,0,trial
2026-07-04T20:22:11,pid_hot_humid_bursty_r1,pid,hot_humid,bursty,1,41.011,40.711,40.511,38.011,25.0,45.0,150.0,,17.25679999999998,0.35,35.95,,,0,trial
2026-07-04T20:22:11,pid_hot_humid_bursty_r1,pid,hot_humid,bursty,1,41.025,40.725,40.525,38.025,25.0,45.0,150.0,,17.25679999999998,0.35,35.96,,,0,trial
2026-07-04T20:22:11,pid_hot_humid_bursty_r1,pid,hot_humid,bursty,1,41.04,40.74,40.54,38.04,25.0,45.0,150.0,,17.25679999999998,0.35,35.97,,,0,trial
2026-07-04T20:22:11,pid_hot_humid_bursty_r1,pid,hot_humid,bursty,1,41.055,40.755,40.555,38.055,25.0,45.0,150.0,,17.25679999999998,0.35,35.99,,,0,trial
2026-07-04T20:22:11,pid_hot_humid_bursty_r1,pid,hot_humid,bursty,1,41.07,40.77,40.57,38.07,25.0,45.0,150.0,,17.25679999999998,0.35,36.0,,,0,trial
2026-07-04T20:22:11,pid_hot_humid_bursty_r1,pid,hot_humid,bursty,1,41.085,40.785,40.585,38.085,25.0,45.0,150.0,,17.25679999999998,0.35,36.01,,,0,trial
2026-07-04T20:22:11,pid_hot_humid_bursty_r1,pid,hot_humid,bursty,1,41.1,40.8,40.6,38.1,25.0,45.0,150.0,,17.25679999999998,0.35,36.02,,,0,trial
2026-07-04T20:22:11,pid_hot_humid_bursty_r1,pid,hot_humid,bursty,1,41.114,40.814,40.614,38.114,25.0,45.0,150.0,,17.25679999999998,0.35,36.03,,,0,trial
2026-07-04T20:22:11,pid_hot_humid_bursty_r1,pid,hot_humid,bursty,1,41.129,40.829,40.629,38.129,25.0,45.0,150.0,,17.25679999999998,0.35,36.04,,,0,trial
2026-07-04T20:22:11,pid_hot_humid_bursty_r1,pid,hot_humid,bursty,1,41.144,40.844,40.644,38.144,25.0,45.0,150.0,,17.25679999999998,0.35,36.05,,,0,trial
2026-07-04T20:22:11,pid_hot_humid_bursty_r1,pid,hot_humid,bursty,1,41.159,40.859,40.659,38.159,25.0,45.0,150.0,,17.25679999999998,0.35,36.06,,,0,trial
2026-07-04T20:22:11,pid_hot_humid_bursty_r1,pid,hot_humid,bursty,1,41.174,40.874,40.674,38.174,25.0,45.0,150.0,,17.25679999999998,0.35,36.07,,,0,trial
2026-07-04T20:22:11,pid_hot_humid_bursty_r1,pid,hot_humid,bursty,1,41.189,40.889,40.689,38.189,25.0,45.0,150.0,,17.25679999999998,0.35,36.08,,,0,trial
2026-07-04T20:22:11,pid_hot_humid_bursty_r1,pid,hot_humid,bursty,1,41.203,40.903,40.703,38.203,25.0,45.0,150.0,,17.25679999999998,0.35,36.09,,,0,trial
2026-07-04T20:22:11,pid_hot_humid_bursty_r1,pid,hot_humid,bursty,1,41.232,40.932,40.732,38.232,25.0,45.0,150.0,,22.875600000000027,0.46,36.1,,,0,trial
2026-07-04T20:22:11,pid_hot_humid_bursty_r1,pid,hot_humid,bursty,1,41.246,40.946,40.746,38.246,25.0,45.0,150.0,,22.875600000000027,0.46,36.11,,,0,trial
2026-07-04T20:22:11,pid_hot_humid_bursty_r1,pid,hot_humid,bursty,1,41.26,40.96,40.76,38.26,25.0,45.0,150.0,,22.875600000000027,0.46,36.12,,,0,trial
2026-07-04T20:22:11,pid_hot_humid_bursty_r1,pid,hot_humid,bursty,1,41.274,40.974,40.774,38.274,25.0,45.0,150.0,,22.875600000000027,0.46,36.13,,,0,trial
2026-07-04T20:22:11,pid_hot_humid_bursty_r1,pid,hot_humid,bursty,1,41.288,40.988,40.788,38.288,25.0,45.0,150.0,,22.875600000000027,0.46,36.14,,,0,trial
2026-07-04T20:22:11,pid_hot_humid_bursty_r1,pid,hot_humid,bursty,1,41.302,41.002,40.802,38.302,25.0,45.0,150.0,,22.875600000000027,0.46,36.15,,,0,trial
2026-07-04T20:22:11,pid_hot_humid_bursty_r1,pid,hot_humid,bursty,1,41.317,41.017,40.817,38.317,25.0,45.0,150.0,,22.875600000000027,0.46,36.16,,,0,trial
2026-07-04T20:22:11,pid_hot_humid_bursty_r1,pid,hot_humid,bursty,1,41.331,41.031,40.831,38.331,25.0,45.0,150.0,,22.875600000000027,0.46,36.17,,,0,trial
2026-07-04T20:22:11,pid_hot_humid_bursty_r1,pid,hot_humid,bursty,1,41.345,41.045,40.845,38.345,25.0,45.0,150.0,,22.875600000000027,0.46,36.18,,,0,trial
2026-07-04T20:22:11,pid_hot_humid_bursty_r1,pid,hot_humid,bursty,1,41.359,41.059,40.859,38.359,25.0,45.0,150.0,,22.875600000000027,0.46,36.19,,,0,trial
2026-07-04T20:22:11,pid_hot_humid_bursty_r1,pid,hot_humid,bursty,1,41.373,41.073,40.873,38.373,25.0,45.0,150.0,,22.875600000000027,0.46,36.2,,,0,trial
2026-07-04T20:22:11,pid_hot_humid_bursty_r1,pid,hot_humid,bursty,1,41.387,41.087,40.887,38.387,25.0,45.0,150.0,,22.875600000000027,0.46,36.21,,,0,trial
2026-07-04T20:22:11,pid_hot_humid_bursty_r1,pid,hot_humid,bursty,1,41.401,41.101,40.901,38.401,25.0,45.0,150.0,,22.875600000000027,0.46,36.22,,,0,trial
2026-07-04T20:22:11,pid_hot_humid_bursty_r1,pid,hot_humid,bursty,1,41.415,41.115,40.915,38.415,25.0,45.0,150.0,,22.875600000000027,0.46,36.23,,,0,trial
2026-07-04T20:22:11,pid_hot_humid_bursty_r1,pid,hot_humid,bursty,1,41.429,41.129,40.929,38.429,25.0,45.0,150.0,,22.875600000000027,0.46,36.24,,,0,trial
2026-07-04T20:22:11,pid_hot_humid_bursty_r1,pid,hot_humid,bursty,1,41.443,41.143,40.943,38.443,25.0,45.0,150.0,,22.875600000000027,0.46,36.25,,,0,trial
2026-07-04T20:22:11,pid_hot_humid_bursty_r1,pid,hot_humid,bursty,1,41.457,41.157,40.957,38.457,25.0,45.0,150.0,,22.875600000000027,0.46,36.26,,,0,trial
2026-07-04T20:22:11,pid_hot_humid_bursty_r1,pid,hot_humid,bursty,1,41.471,41.171,40.971,38.471,25.0,45.0,150.0,,22.875600000000027,0.46,36.27,,,0,trial
2026-07-04T20:22:11,pid_hot_humid_bursty_r1,pid,hot_humid,bursty,1,41.485,41.185,40.985,38.485,25.0,45.0,150.0,,22.875600000000027,0.46,36.28,,,0,trial
2026-07-04T20:22:11,pid_hot_humid_bursty_r1,pid,hot_humid,bursty,1,41.499,41.199,40.999,38.499,25.0,45.0,150.0,,22.875600000000027,0.46,36.29,,,0,trial
2026-07-04T20:22:11,pid_hot_humid_bursty_r1,pid,hot_humid,bursty,1,41.513,41.213,41.013,38.513,25.0,45.0,150.0,,22.875600000000027,0.46,36.3,,,0,trial
2026-07-04T20:22:11,pid_hot_humid_bursty_r1,pid,hot_humid,bursty,1,41.527,41.227,41.027,38.527,25.0,45.0,150.0,,22.875600000000027,0.46,36.31,,,0,trial
2026-07-04T20:22:11,pid_hot_humid_bursty_r1,pid,hot_humid,bursty,1,41.541,41.241,41.041,38.541,25.0,45.0,150.0,,22.875600000000027,0.46,36.32,,,0,trial
2026-07-04T20:22:11,pid_hot_humid_bursty_r1,pid,hot_humid,bursty,1,41.555,41.255,41.055,38.555,25.0,45.0,150.0,,22.875600000000027,0.46,36.33,,,0,trial
2026-07-04T20:22:11,pid_hot_humid_bursty_r1,pid,hot_humid,bursty,1,41.569,41.269,41.069,38.569,25.0,45.0,150.0,,22.875600000000027,0.46,36.34,,,0,trial
2026-07-04T20:22:11,pid_hot_humid_bursty_r1,pid,hot_humid,bursty,1,41.583,41.283,41.083,38.583,25.0,45.0,150.0,,22.875600000000027,0.46,36.34,,,0,trial
2026-07-04T20:22:11,pid_hot_humid_bursty_r1,pid,hot_humid,bursty,1,41.596,41.296,41.096,38.596,25.0,45.0,150.0,,22.875600000000027,0.46,36.35,,,0,trial
2026-07-04T20:22:11,pid_hot_humid_bursty_r1,pid,hot_humid,bursty,1,41.61,41.31,41.11,38.61,25.0,45.0,150.0,,22.875600000000027,0.46,36.36,,,0,trial
2026-07-04T20:22:11,pid_hot_humid_bursty_r1,pid,hot_humid,bursty,1,41.624,41.324,41.124,38.624,25.0,45.0,150.0,,22.875600000000027,0.46,36.37,,,0,trial
2026-07-04T20:22:11,pid_hot_humid_bursty_r1,pid,hot_humid,bursty,1,41.638,41.338,41.138,38.638,25.0,45.0,150.0,,22.875600000000027,0.46,36.38,,,0,trial
2026-07-04T20:22:11,pid_hot_humid_bursty_r1,pid,hot_humid,bursty,1,41.665,41.365,41.165,38.665,25.0,45.0,150.0,,28.53880000000001,0.57,36.39,,,0,trial
2026-07-04T20:22:11,pid_hot_humid_bursty_r1,pid,hot_humid,bursty,1,41.679,41.379,41.179,38.679,25.0,45.0,150.0,,28.53880000000001,0.57,36.4,,,0,trial
2026-07-04T20:22:11,pid_hot_humid_bursty_r1,pid,hot_humid,bursty,1,41.692,41.392,41.192,38.692,25.0,45.0,150.0,,28.53880000000001,0.57,36.41,,,0,trial
2026-07-04T20:22:11,pid_hot_humid_bursty_r1,pid,hot_humid,bursty,1,41.705,41.405,41.205,38.705,25.0,45.0,150.0,,28.53880000000001,0.57,36.42,,,0,trial
2026-07-04T20:22:11,pid_hot_humid_bursty_r1,pid,hot_humid,bursty,1,41.718,41.418,41.218,38.718,25.0,45.0,150.0,,28.53880000000001,0.57,36.43,,,0,trial
2026-07-04T20:22:11,pid_hot_humid_bursty_r1,pid,hot_humid,bursty,1,41.732,41.432,41.232,38.732,25.0,45.0,150.0,,28.53880000000001,0.57,36.43,,,0,trial
2026-07-04T20:22:11,pid_hot_humid_bursty_r1,pid,hot_humid,bursty,1,41.745,41.445,41.245,38.745,25.0,45.0,150.0,,28.53880000000001,0.57,36.44,,,0,trial
2026-07-04T20:22:11,pid_hot_humid_bursty_r1,pid,hot_humid,bursty,1,41.758,41.458,41.258,38.758,25.0,45.0,150.0,,28.53880000000001,0.57,36.45,,,0,trial
2026-07-04T20:22:11,pid_hot_humid_bursty_r1,pid,hot_humid,bursty,1,41.771,41.471,41.271,38.771,25.0,45.0,150.0,,28.53880000000001,0.57,36.46,,,0,trial
2026-07-04T20:22:11,pid_hot_humid_bursty_r1,pid,hot_humid,bursty,1,41.784,41.484,41.284,38.784,25.0,45.0,150.0,,28.53880000000001,0.57,36.47,,,0,trial
2026-07-04T20:22:11,pid_hot_humid_bursty_r1,pid,hot_humid,bursty,1,41.798,41.498,41.298,38.798,25.0,45.0,150.0,,28.53880000000001,0.57,36.48,,,0,trial
2026-07-04T20:22:11,pid_hot_humid_bursty_r1,pid,hot_humid,bursty,1,41.811,41.511,41.311,38.811,25.0,45.0,150.0,,28.53880000000001,0.57,36.49,,,0,trial
2026-07-04T20:22:11,pid_hot_humid_bursty_r1,pid,hot_humid,bursty,1,41.824,41.524,41.324,38.824,25.0,45.0,150.0,,28.53880000000001,0.57,36.49,,,0,trial
2026-07-04T20:22:11,pid_hot_humid_bursty_r1,pid,hot_humid,bursty,1,41.837,41.537,41.337,38.837,25.0,45.0,150.0,,28.53880000000001,0.57,36.5,,,0,trial
2026-07-04T20:22:11,pid_hot_humid_bursty_r1,pid,hot_humid,bursty,1,41.85,41.55,41.35,38.85,25.0,45.0,150.0,,28.53880000000001,0.57,36.51,,,0,trial
2026-07-04T20:22:11,pid_hot_humid_bursty_r1,pid,hot_humid,bursty,1,41.864,41.564,41.364,38.864,25.0,45.0,150.0,,28.53880000000001,0.57,36.52,,,0,trial
2026-07-04T20:22:11,pid_hot_humid_bursty_r1,pid,hot_humid,bursty,1,41.877,41.577,41.377,38.877,25.0,45.0,150.0,,28.53880000000001,0.57,36.53,,,0,trial
2026-07-04T20:22:11,pid_hot_humid_bursty_r1,pid,hot_humid,bursty,1,41.89,41.59,41.39,38.89,25.0,45.0,150.0,,28.53880000000001,0.57,36.54,,,0,trial
2026-07-04T20:22:11,pid_hot_humid_bursty_r1,pid,hot_humid,bursty,1,41.903,41.603,41.403,38.903,25.0,45.0,150.0,,28.53880000000001,0.57,36.54,,,0,trial
2026-07-04T20:22:11,pid_hot_humid_bursty_r1,pid,hot_humid,bursty,1,41.916,41.616,41.416,38.916,25.0,45.0,150.0,,28.53880000000001,0.57,36.55,,,0,trial
2026-07-04T20:22:11,pid_hot_humid_bursty_r1,pid,hot_humid,bursty,1,41.929,41.629,41.429,38.929,25.0,45.0,150.0,,28.53880000000001,0.57,36.56,,,0,trial
2026-07-04T20:22:11,pid_hot_humid_bursty_r1,pid,hot_humid,bursty,1,41.942,41.642,41.442,38.942,25.0,45.0,150.0,,28.53880000000001,0.57,36.57,,,0,trial
2026-07-04T20:22:11,pid_hot_humid_bursty_r1,pid,hot_humid,bursty,1,41.956,41.656,41.456,38.956,25.0,45.0,150.0,,28.53880000000001,0.57,36.58,,,0,trial
2026-07-04T20:22:11,pid_hot_humid_bursty_r1,pid,hot_humid,bursty,1,41.969,41.669,41.469,38.969,25.0,45.0,150.0,,28.53880000000001,0.57,36.58,,,0,trial
2026-07-04T20:22:11,pid_hot_humid_bursty_r1,pid,hot_humid,bursty,1,41.982,41.682,41.482,38.982,25.0,45.0,150.0,,28.53880000000001,0.57,36.59,,,0,trial
2026-07-04T20:22:11,pid_hot_humid_bursty_r1,pid,hot_humid,bursty,1,41.995,41.695,41.495,38.995,25.0,45.0,150.0,,28.53880000000001,0.57,36.6,,,0,trial
2026-07-04T20:22:11,pid_hot_humid_bursty_r1,pid,hot_humid,bursty,1,42.008,41.708,41.508,39.008,25.0,45.0,150.0,,28.53880000000001,0.57,36.61,,,0,trial
2026-07-04T20:22:11,pid_hot_humid_bursty_r1,pid,hot_humid,bursty,1,42.021,41.721,41.521,39.021,25.0,45.0,150.0,,28.53880000000001,0.57,36.61,,,0,trial
2026-07-04T20:22:11,pid_hot_humid_bursty_r1,pid,hot_humid,bursty,1,42.034,41.734,41.534,39.034,25.0,45.0,150.0,,28.53880000000001,0.57,36.62,,,0,trial
2026-07-04T20:22:11,pid_hot_humid_bursty_r1,pid,hot_humid,bursty,1,42.047,41.747,41.547,39.047,25.0,45.0,150.0,,28.53880000000001,0.57,36.63,,,0,trial
2026-07-04T20:22:11,pid_hot_humid_bursty_r1,pid,hot_humid,bursty,1,42.073,41.773,41.573,39.073,25.0,45.0,150.0,,34.2474,0.68,36.64,,,0,trial
2026-07-04T20:22:11,pid_hot_humid_bursty_r1,pid,hot_humid,bursty,1,42.085,41.785,41.585,39.085,25.0,45.0,150.0,,34.2474,0.68,36.64,,,0,trial
2026-07-04T20:22:11,pid_hot_humid_bursty_r1,pid,hot_humid,bursty,1,42.098,41.798,41.598,39.098,25.0,45.0,150.0,,34.2474,0.68,36.65,,,0,trial
2026-07-04T20:22:11,pid_hot_humid_bursty_r1,pid,hot_humid,bursty,1,42.11,41.81,41.61,39.11,25.0,45.0,150.0,,34.2474,0.68,36.66,,,0,trial
2026-07-04T20:22:11,pid_hot_humid_bursty_r1,pid,hot_humid,bursty,1,42.123,41.823,41.623,39.123,25.0,45.0,150.0,,34.2474,0.68,36.67,,,0,trial
2026-07-04T20:22:11,pid_hot_humid_bursty_r1,pid,hot_humid,bursty,1,42.135,41.835,41.635,39.135,25.0,45.0,150.0,,34.2474,0.68,36.67,,,0,trial
2026-07-04T20:22:11,pid_hot_humid_bursty_r1,pid,hot_humid,bursty,1,42.147,41.847,41.647,39.147,25.0,45.0,150.0,,34.2474,0.68,36.68,,,0,trial
2026-07-04T20:22:11,pid_hot_humid_bursty_r1,pid,hot_humid,bursty,1,42.16,41.86,41.66,39.16,25.0,45.0,150.0,,34.2474,0.68,36.69,,,0,trial
2026-07-04T20:22:11,pid_hot_humid_bursty_r1,pid,hot_humid,bursty,1,42.172,41.872,41.672,39.172,25.0,45.0,150.0,,34.2474,0.68,36.69,,,0,trial
2026-07-04T20:22:11,pid_hot_humid_bursty_r1,pid,hot_humid,bursty,1,42.185,41.885,41.685,39.185,25.0,45.0,150.0,,34.2474,0.68,36.7,,,0,trial
2026-07-04T20:22:11,pid_hot_humid_bursty_r1,pid,hot_humid,bursty,1,42.197,41.897,41.697,39.197,25.0,45.0,150.0,,34.2474,0.68,36.71,,,0,trial
2026-07-04T20:22:11,pid_hot_humid_bursty_r1,pid,hot_humid,bursty,1,42.209,41.909,41.709,39.209,25.0,45.0,150.0,,34.2474,0.68,36.72,,,0,trial
2026-07-04T20:22:11,pid_hot_humid_bursty_r1,pid,hot_humid,bursty,1,42.222,41.922,41.722,39.222,25.0,45.0,150.0,,34.2474,0.68,36.72,,,0,trial
2026-07-04T20:22:11,pid_hot_humid_bursty_r1,pid,hot_humid,bursty,1,42.234,41.934,41.734,39.234,25.0,45.0,150.0,,34.2474,0.68,36.73,,,0,trial
2026-07-04T20:22:11,pid_hot_humid_bursty_r1,pid,hot_humid,bursty,1,42.246,41.946,41.746,39.246,25.0,45.0,150.0,,34.2474,0.68,36.74,,,0,trial
2026-07-04T20:22:11,pid_hot_humid_bursty_r1,pid,hot_humid,bursty,1,42.259,41.959,41.759,39.259,25.0,45.0,150.0,,34.2474,0.68,36.74,,,0,trial
2026-07-04T20:22:11,pid_hot_humid_bursty_r1,pid,hot_humid,bursty,1,42.271,41.971,41.771,39.271,25.0,45.0,150.0,,34.2474,0.68,36.75,,,0,trial
2026-07-04T20:22:11,pid_hot_humid_bursty_r1,pid,hot_humid,bursty,1,42.283,41.983,41.783,39.283,25.0,45.0,150.0,,34.2474,0.68,36.76,,,0,trial
2026-07-04T20:22:11,pid_hot_humid_bursty_r1,pid,hot_humid,bursty,1,42.296,41.996,41.796,39.296,25.0,45.0,150.0,,34.2474,0.68,36.76,,,0,trial
2026-07-04T20:22:11,pid_hot_humid_bursty_r1,pid,hot_humid,bursty,1,42.308,42.008,41.808,39.308,25.0,45.0,150.0,,34.2474,0.68,36.77,,,0,trial
2026-07-04T20:22:11,pid_hot_humid_bursty_r1,pid,hot_humid,bursty,1,42.32,42.02,41.82,39.32,25.0,45.0,150.0,,34.2474,0.68,36.77,,,0,trial
2026-07-04T20:22:11,pid_hot_humid_bursty_r1,pid,hot_humid,bursty,1,42.333,42.033,41.833,39.333,25.0,45.0,150.0,,34.2474,0.68,36.78,,,0,trial
2026-07-04T20:22:11,pid_hot_humid_bursty_r1,pid,hot_humid,bursty,1,42.345,42.045,41.845,39.345,25.0,45.0,150.0,,34.2474,0.68,36.79,,,0,trial
2026-07-04T20:22:11,pid_hot_humid_bursty_r1,pid,hot_humid,bursty,1,42.357,42.057,41.857,39.357,25.0,45.0,150.0,,34.2474,0.68,36.79,,,0,trial
2026-07-04T20:22:11,pid_hot_humid_bursty_r1,pid,hot_humid,bursty,1,42.37,42.07,41.87,39.37,25.0,45.0,150.0,,34.2474,0.68,36.8,,,0,trial
2026-07-04T20:22:11,pid_hot_humid_bursty_r1,pid,hot_humid,bursty,1,42.382,42.082,41.882,39.382,25.0,45.0,150.0,,34.2474,0.68,36.81,,,0,trial
2026-07-04T20:22:11,pid_hot_humid_bursty_r1,pid,hot_humid,bursty,1,42.394,42.094,41.894,39.394,25.0,45.0,150.0,,34.2474,0.68,36.81,,,0,trial
2026-07-04T20:22:11,pid_hot_humid_bursty_r1,pid,hot_humid,bursty,1,42.406,42.106,41.906,39.406,25.0,45.0,150.0,,34.2474,0.68,36.82,,,0,trial
2026-07-04T20:22:11,pid_hot_humid_bursty_r1,pid,hot_humid,bursty,1,42.419,42.119,41.919,39.419,25.0,45.0,150.0,,34.2474,0.68,36.82,,,0,trial
2026-07-04T20:22:11,pid_hot_humid_bursty_r1,pid,hot_humid,bursty,1,42.431,42.131,41.931,39.431,25.0,45.0,150.0,,34.2474,0.68,36.83,,,0,trial
2026-07-04T20:22:11,pid_hot_humid_bursty_r1,pid,hot_humid,bursty,1,42.431,42.131,41.931,39.431,25.0,45.0,60.0,,39.86599999999998,0.8,36.84,,,0,trial
2026-07-04T20:22:11,pid_hot_humid_bursty_r1,pid,hot_humid,bursty,1,42.431,42.131,41.931,39.431,25.0,45.0,60.0,,39.86599999999998,0.8,36.84,,,0,trial
2026-07-04T20:22:11,pid_hot_humid_bursty_r1,pid,hot_humid,bursty,1,42.431,42.131,41.931,39.431,25.0,45.0,60.0,,39.86599999999998,0.8,36.85,,,0,trial
2026-07-04T20:22:11,pid_hot_humid_bursty_r1,pid,hot_humid,bursty,1,42.431,42.131,41.931,39.431,25.0,45.0,60.0,,39.86599999999998,0.8,36.85,,,0,trial
2026-07-04T20:22:11,pid_hot_humid_bursty_r1,pid,hot_humid,bursty,1,42.43,42.13,41.93,39.43,25.0,45.0,60.0,,39.86599999999998,0.8,36.86,,,0,trial
2026-07-04T20:22:11,pid_hot_humid_bursty_r1,pid,hot_humid,bursty,1,42.43,42.13,41.93,39.43,25.0,45.0,60.0,,39.86599999999998,0.8,36.86,,,0,trial
2026-07-04T20:22:11,pid_hot_humid_bursty_r1,pid,hot_humid,bursty,1,42.43,42.13,41.93,39.43,25.0,45.0,60.0,,39.86599999999998,0.8,36.87,,,0,trial
2026-07-04T20:22:11,pid_hot_humid_bursty_r1,pid,hot_humid,bursty,1,42.43,42.13,41.93,39.43,25.0,45.0,60.0,,39.86599999999998,0.8,36.87,,,0,trial
2026-07-04T20:22:11,pid_hot_humid_bursty_r1,pid,hot_humid,bursty,1,42.43,42.13,41.93,39.43,25.0,45.0,60.0,,39.86599999999998,0.8,36.88,,,0,trial
2026-07-04T20:22:11,pid_hot_humid_bursty_r1,pid,hot_humid,bursty,1,42.429,42.129,41.929,39.429,25.0,45.0,60.0,,39.86599999999998,0.8,36.88,,,0,trial
2026-07-04T20:22:11,pid_hot_humid_bursty_r1,pid,hot_humid,bursty,1,42.429,42.129,41.929,39.429,25.0,45.0,60.0,,39.86599999999998,0.8,36.89,,,0,trial
2026-07-04T20:22:11,pid_hot_humid_bursty_r1,pid,hot_humid,bursty,1,42.429,42.129,41.929,39.429,25.0,45.0,60.0,,39.86599999999998,0.8,36.9,,,0,trial
2026-07-04T20:22:11,pid_hot_humid_bursty_r1,pid,hot_humid,bursty,1,42.429,42.129,41.929,39.429,25.0,45.0,60.0,,39.86599999999998,0.8,36.9,,,0,trial
2026-07-04T20:22:11,pid_hot_humid_bursty_r1,pid,hot_humid,bursty,1,42.429,42.129,41.929,39.429,25.0,45.0,60.0,,39.86599999999998,0.8,36.91,,,0,trial
2026-07-04T20:22:11,pid_hot_humid_bursty_r1,pid,hot_humid,bursty,1,42.428,42.128,41.928,39.428,25.0,45.0,60.0,,39.86599999999998,0.8,36.91,,,0,trial
2026-07-04T20:22:11,pid_hot_humid_bursty_r1,pid,hot_humid,bursty,1,42.428,42.128,41.928,39.428,25.0,45.0,60.0,,39.86599999999998,0.8,36.92,,,0,trial
2026-07-04T20:22:11,pid_hot_humid_bursty_r1,pid,hot_humid,bursty,1,42.428,42.128,41.928,39.428,25.0,45.0,60.0,,39.86599999999998,0.8,36.92,,,0,trial
2026-07-04T20:22:11,pid_hot_humid_bursty_r1,pid,hot_humid,bursty,1,42.428,42.128,41.928,39.428,25.0,45.0,60.0,,39.86599999999998,0.8,36.92,,,0,trial
2026-07-04T20:22:11,pid_hot_humid_bursty_r1,pid,hot_humid,bursty,1,42.428,42.128,41.928,39.428,25.0,45.0,60.0,,39.86599999999998,0.8,36.93,,,0,trial
2026-07-04T20:22:11,pid_hot_humid_bursty_r1,pid,hot_humid,bursty,1,42.427,42.127,41.927,39.427,25.0,45.0,60.0,,39.86599999999998,0.8,36.93,,,0,trial
2026-07-04T20:22:11,pid_hot_humid_bursty_r1,pid,hot_humid,bursty,1,42.427,42.127,41.927,39.427,25.0,45.0,60.0,,39.86599999999998,0.8,36.94,,,0,trial
2026-07-04T20:22:11,pid_hot_humid_bursty_r1,pid,hot_humid,bursty,1,42.427,42.127,41.927,39.427,25.0,45.0,60.0,,39.86599999999998,0.8,36.94,,,0,trial
2026-07-04T20:22:11,pid_hot_humid_bursty_r1,pid,hot_humid,bursty,1,42.427,42.127,41.927,39.427,25.0,45.0,60.0,,39.86599999999998,0.8,36.95,,,0,trial
2026-07-04T20:22:11,pid_hot_humid_bursty_r1,pid,hot_humid,bursty,1,42.427,42.127,41.927,39.427,25.0,45.0,60.0,,39.86599999999998,0.8,36.95,,,0,trial
2026-07-04T20:22:11,pid_hot_humid_bursty_r1,pid,hot_humid,bursty,1,42.426,42.126,41.926,39.426,25.0,45.0,60.0,,39.86599999999998,0.8,36.96,,,0,trial
2026-07-04T20:22:11,pid_hot_humid_bursty_r1,pid,hot_humid,bursty,1,42.426,42.126,41.926,39.426,25.0,45.0,60.0,,39.86599999999998,0.8,36.96,,,0,trial
2026-07-04T20:22:11,pid_hot_humid_bursty_r1,pid,hot_humid,bursty,1,42.426,42.126,41.926,39.426,25.0,45.0,60.0,,39.86599999999998,0.8,36.96,,,0,trial
2026-07-04T20:22:11,pid_hot_humid_bursty_r1,pid,hot_humid,bursty,1,42.426,42.126,41.926,39.426,25.0,45.0,60.0,,39.86599999999998,0.8,36.97,,,0,trial
2026-07-04T20:22:11,pid_hot_humid_bursty_r1,pid,hot_humid,bursty,1,42.426,42.126,41.926,39.426,25.0,45.0,60.0,,39.86599999999998,0.8,36.97,,,0,trial
2026-07-04T20:22:11,pid_hot_humid_bursty_r1,pid,hot_humid,bursty,1,42.425,42.125,41.925,39.425,25.0,45.0,60.0,,39.86599999999998,0.8,36.98,,,0,trial
2026-07-04T20:22:11,pid_hot_humid_bursty_r1,pid,hot_humid,bursty,1,42.425,42.125,41.925,39.425,25.0,45.0,60.0,,42.47299999999998,0.85,36.98,,,0,trial
2026-07-04T20:22:11,pid_hot_humid_bursty_r1,pid,hot_humid,bursty,1,42.424,42.124,41.924,39.424,25.0,45.0,60.0,,42.47299999999998,0.85,36.99,,,0,trial
2026-07-04T20:22:11,pid_hot_humid_bursty_r1,pid,hot_humid,bursty,1,42.424,42.124,41.924,39.424,25.0,45.0,60.0,,42.47299999999998,0.85,36.99,,,0,trial
2026-07-04T20:22:11,pid_hot_humid_bursty_r1,pid,hot_humid,bursty,1,42.423,42.123,41.923,39.423,25.0,45.0,60.0,,42.47299999999998,0.85,36.99,,,0,trial
2026-07-04T20:22:11,pid_hot_humid_bursty_r1,pid,hot_humid,bursty,1,42.423,42.123,41.923,39.423,25.0,45.0,60.0,,42.47299999999998,0.85,37.0,,,0,trial
2026-07-04T20:22:11,pid_hot_humid_bursty_r1,pid,hot_humid,bursty,1,42.422,42.122,41.922,39.422,25.0,45.0,60.0,,42.47299999999998,0.85,37.0,,,0,trial
2026-07-04T20:22:11,pid_hot_humid_bursty_r1,pid,hot_humid,bursty,1,42.422,42.122,41.922,39.422,25.0,45.0,60.0,,42.47299999999998,0.85,37.0,,,0,trial
2026-07-04T20:22:11,pid_hot_humid_bursty_r1,pid,hot_humid,bursty,1,42.421,42.121,41.921,39.421,25.0,45.0,60.0,,42.47299999999998,0.85,37.01,,,0,trial
2026-07-04T20:22:11,pid_hot_humid_bursty_r1,pid,hot_humid,bursty,1,42.421,42.121,41.921,39.421,25.0,45.0,60.0,,42.47299999999998,0.85,37.01,,,0,trial
2026-07-04T20:22:11,pid_hot_humid_bursty_r1,pid,hot_humid,bursty,1,42.42,42.12,41.92,39.42,25.0,45.0,60.0,,42.47299999999998,0.85,37.01,,,0,trial
2026-07-04T20:22:11,pid_hot_humid_bursty_r1,pid,hot_humid,bursty,1,42.42,42.12,41.92,39.42,25.0,45.0,60.0,,42.47299999999998,0.85,37.02,,,0,trial
2026-07-04T20:22:11,pid_hot_humid_bursty_r1,pid,hot_humid,bursty,1,42.419,42.119,41.919,39.419,25.0,45.0,60.0,,42.47299999999998,0.85,37.02,,,0,trial
2026-07-04T20:22:11,pid_hot_humid_bursty_r1,pid,hot_humid,bursty,1,42.419,42.119,41.919,39.419,25.0,45.0,60.0,,42.47299999999998,0.85,37.02,,,0,trial
2026-07-04T20:22:11,pid_hot_humid_bursty_r1,pid,hot_humid,bursty,1,42.418,42.118,41.918,39.418,25.0,45.0,60.0,,42.47299999999998,0.85,37.03,,,0,trial
2026-07-04T20:22:11,pid_hot_humid_bursty_r1,pid,hot_humid,bursty,1,42.418,42.118,41.918,39.418,25.0,45.0,60.0,,42.47299999999998,0.85,37.03,,,0,trial
2026-07-04T20:22:11,pid_hot_humid_bursty_r1,pid,hot_humid,bursty,1,42.417,42.117,41.917,39.417,25.0,45.0,60.0,,42.47299999999998,0.85,37.03,,,0,trial
2026-07-04T20:22:11,pid_hot_humid_bursty_r1,pid,hot_humid,bursty,1,42.417,42.117,41.917,39.417,25.0,45.0,60.0,,42.47299999999998,0.85,37.04,,,0,trial
2026-07-04T20:22:11,pid_hot_humid_bursty_r1,pid,hot_humid,bursty,1,42.416,42.116,41.916,39.416,25.0,45.0,60.0,,42.47299999999998,0.85,37.04,,,0,trial
2026-07-04T20:22:11,pid_hot_humid_bursty_r1,pid,hot_humid,bursty,1,42.416,42.116,41.916,39.416,25.0,45.0,60.0,,42.47299999999998,0.85,37.04,,,0,trial
2026-07-04T20:22:11,pid_hot_humid_bursty_r1,pid,hot_humid,bursty,1,42.415,42.115,41.915,39.415,25.0,45.0,60.0,,42.47299999999998,0.85,37.04,,,0,trial
2026-07-04T20:22:11,pid_hot_humid_bursty_r1,pid,hot_humid,bursty,1,42.415,42.115,41.915,39.415,25.0,45.0,60.0,,42.47299999999998,0.85,37.05,,,0,trial
2026-07-04T20:22:11,pid_hot_humid_bursty_r1,pid,hot_humid,bursty,1,42.414,42.114,41.914,39.414,25.0,45.0,60.0,,42.47299999999998,0.85,37.05,,,0,trial
2026-07-04T20:22:11,pid_hot_humid_bursty_r1,pid,hot_humid,bursty,1,42.414,42.114,41.914,39.414,25.0,45.0,60.0,,42.47299999999998,0.85,37.05,,,0,trial
2026-07-04T20:22:11,pid_hot_humid_bursty_r1,pid,hot_humid,bursty,1,42.414,42.114,41.914,39.414,25.0,45.0,60.0,,42.47299999999998,0.85,37.05,,,0,trial
2026-07-04T20:22:11,pid_hot_humid_bursty_r1,pid,hot_humid,bursty,1,42.413,42.113,41.913,39.413,25.0,45.0,60.0,,42.47299999999998,0.85,37.06,,,0,trial
2026-07-04T20:22:11,pid_hot_humid_bursty_r1,pid,hot_humid,bursty,1,42.413,42.113,41.913,39.413,25.0,45.0,60.0,,42.47299999999998,0.85,37.06,,,0,trial
2026-07-04T20:22:11,pid_hot_humid_bursty_r1,pid,hot_humid,bursty,1,42.412,42.112,41.912,39.412,25.0,45.0,60.0,,42.47299999999998,0.85,37.06,,,0,trial
2026-07-04T20:22:11,pid_hot_humid_bursty_r1,pid,hot_humid,bursty,1,42.412,42.112,41.912,39.412,25.0,45.0,60.0,,42.47299999999998,0.85,37.06,,,0,trial
2026-07-04T20:22:11,pid_hot_humid_bursty_r1,pid,hot_humid,bursty,1,42.411,42.111,41.911,39.411,25.0,45.0,60.0,,42.47299999999998,0.85,37.07,,,0,trial
2026-07-04T20:22:11,pid_hot_humid_bursty_r1,pid,hot_humid,bursty,1,42.411,42.111,41.911,39.411,25.0,45.0,60.0,,42.47299999999998,0.85,37.07,,,0,trial
2026-07-04T20:22:11,pid_hot_humid_bursty_r1,pid,hot_humid,bursty,1,42.409,42.109,41.909,39.409,25.0,45.0,60.0,,44.99899999999997,0.9,37.07,,,0,trial
2026-07-04T20:22:11,pid_hot_humid_bursty_r1,pid,hot_humid,bursty,1,42.409,42.109,41.909,39.409,25.0,45.0,60.0,,44.99899999999997,0.9,37.07,,,0,trial
2026-07-04T20:22:11,pid_hot_humid_bursty_r1,pid,hot_humid,bursty,1,42.408,42.108,41.908,39.408,25.0,45.0,60.0,,44.99899999999997,0.9,37.07,,,0,trial
2026-07-04T20:22:11,pid_hot_humid_bursty_r1,pid,hot_humid,bursty,1,42.407,42.107,41.907,39.407,25.0,45.0,60.0,,44.99899999999997,0.9,37.08,,,0,trial
2026-07-04T20:22:11,pid_hot_humid_bursty_r1,pid,hot_humid,bursty,1,42.406,42.106,41.906,39.406,25.0,45.0,60.0,,44.99899999999997,0.9,37.08,,,0,trial
2026-07-04T20:22:11,pid_hot_humid_bursty_r1,pid,hot_humid,bursty,1,42.406,42.106,41.906,39.406,25.0,45.0,60.0,,44.99899999999997,0.9,37.08,,,0,trial
2026-07-04T20:22:11,pid_hot_humid_bursty_r1,pid,hot_humid,bursty,1,42.405,42.105,41.905,39.405,25.0,45.0,60.0,,44.99899999999997,0.9,37.08,,,0,trial
2026-07-04T20:22:11,pid_hot_humid_bursty_r1,pid,hot_humid,bursty,1,42.404,42.104,41.904,39.404,25.0,45.0,60.0,,44.99899999999997,0.9,37.08,,,0,trial
2026-07-04T20:22:11,pid_hot_humid_bursty_r1,pid,hot_humid,bursty,1,42.403,42.103,41.903,39.403,25.0,45.0,60.0,,44.99899999999997,0.9,37.08,,,0,trial
2026-07-04T20:22:11,pid_hot_humid_bursty_r1,pid,hot_humid,bursty,1,42.403,42.103,41.903,39.403,25.0,45.0,60.0,,44.99899999999997,0.9,37.09,,,0,trial
2026-07-04T20:22:11,pid_hot_humid_bursty_r1,pid,hot_humid,bursty,1,42.402,42.102,41.902,39.402,25.0,45.0,60.0,,44.99899999999997,0.9,37.09,,,0,trial
2026-07-04T20:22:11,pid_hot_humid_bursty_r1,pid,hot_humid,bursty,1,42.401,42.101,41.901,39.401,25.0,45.0,60.0,,44.99899999999997,0.9,37.09,,,0,trial
2026-07-04T20:22:11,pid_hot_humid_bursty_r1,pid,hot_humid,bursty,1,42.4,42.1,41.9,39.4,25.0,45.0,60.0,,44.99899999999997,0.9,37.09,,,0,trial
2026-07-04T20:22:11,pid_hot_humid_bursty_r1,pid,hot_humid,bursty,1,42.4,42.1,41.9,39.4,25.0,45.0,60.0,,44.99899999999997,0.9,37.09,,,0,trial
2026-07-04T20:22:11,pid_hot_humid_bursty_r1,pid,hot_humid,bursty,1,42.399,42.099,41.899,39.399,25.0,45.0,60.0,,44.99899999999997,0.9,37.09,,,0,trial
2026-07-04T20:22:11,pid_hot_humid_bursty_r1,pid,hot_humid,bursty,1,42.398,42.098,41.898,39.398,25.0,45.0,60.0,,44.99899999999997,0.9,37.09,,,0,trial
2026-07-04T20:22:11,pid_hot_humid_bursty_r1,pid,hot_humid,bursty,1,42.397,42.097,41.897,39.397,25.0,45.0,60.0,,44.99899999999997,0.9,37.09,,,0,trial
2026-07-04T20:22:11,pid_hot_humid_bursty_r1,pid,hot_humid,bursty,1,42.397,42.097,41.897,39.397,25.0,45.0,60.0,,44.99899999999997,0.9,37.09,,,0,trial
2026-07-04T20:22:11,pid_hot_humid_bursty_r1,pid,hot_humid,bursty,1,42.396,42.096,41.896,39.396,25.0,45.0,60.0,,44.99899999999997,0.9,37.1,,,0,trial
2026-07-04T20:22:11,pid_hot_humid_bursty_r1,pid,hot_humid,bursty,1,42.395,42.095,41.895,39.395,25.0,45.0,60.0,,44.99899999999997,0.9,37.1,,,0,trial
2026-07-04T20:22:11,pid_hot_humid_bursty_r1,pid,hot_humid,bursty,1,42.395,42.095,41.895,39.395,25.0,45.0,60.0,,44.99899999999997,0.9,37.1,,,0,trial
2026-07-04T20:22:11,pid_hot_humid_bursty_r1,pid,hot_humid,bursty,1,42.394,42.094,41.894,39.394,25.0,45.0,60.0,,44.99899999999997,0.9,37.1,,,0,trial
2026-07-04T20:22:11,pid_hot_humid_bursty_r1,pid,hot_humid,bursty,1,42.393,42.093,41.893,39.393,25.0,45.0,60.0,,44.99899999999997,0.9,37.1,,,0,trial
2026-07-04T20:22:11,pid_hot_humid_bursty_r1,pid,hot_humid,bursty,1,42.392,42.092,41.892,39.392,25.0,45.0,60.0,,44.99899999999997,0.9,37.1,,,0,trial
2026-07-04T20:22:11,pid_hot_humid_bursty_r1,pid,hot_humid,bursty,1,42.392,42.092,41.892,39.392,25.0,45.0,60.0,,44.99899999999997,0.9,37.1,,,0,trial
2026-07-04T20:22:11,pid_hot_humid_bursty_r1,pid,hot_humid,bursty,1,42.391,42.091,41.891,39.391,25.0,45.0,60.0,,44.99899999999997,0.9,37.1,,,0,trial
2026-07-04T20:22:11,pid_hot_humid_bursty_r1,pid,hot_humid,bursty,1,42.39,42.09,41.89,39.39,25.0,45.0,60.0,,44.99899999999997,0.9,37.1,,,0,trial
2026-07-04T20:22:11,pid_hot_humid_bursty_r1,pid,hot_humid,bursty,1,42.389,42.089,41.889,39.389,25.0,45.0,60.0,,44.99899999999997,0.9,37.1,,,0,trial
2026-07-04T20:22:11,pid_hot_humid_bursty_r1,pid,hot_humid,bursty,1,42.389,42.089,41.889,39.389,25.0,45.0,60.0,,44.99899999999997,0.9,37.1,,,0,trial
2026-07-04T20:22:11,pid_hot_humid_bursty_r1,pid,hot_humid,bursty,1,42.388,42.088,41.888,39.388,25.0,45.0,60.0,,44.99899999999997,0.9,37.1,,,0,trial
2026-07-04T20:22:11,pid_hot_humid_bursty_r1,pid,hot_humid,bursty,1,42.386,42.086,41.886,39.386,25.0,45.0,60.0,,45.096000000000004,0.9,37.1,,,0,trial
2026-07-04T20:22:11,pid_hot_humid_bursty_r1,pid,hot_humid,bursty,1,42.386,42.086,41.886,39.386,25.0,45.0,60.0,,45.096000000000004,0.9,37.1,,,0,trial
2026-07-04T20:22:11,pid_hot_humid_bursty_r1,pid,hot_humid,bursty,1,42.385,42.085,41.885,39.385,25.0,45.0,60.0,,45.096000000000004,0.9,37.1,,,0,trial
2026-07-04T20:22:11,pid_hot_humid_bursty_r1,pid,hot_humid,bursty,1,42.384,42.084,41.884,39.384,25.0,45.0,60.0,,45.096000000000004,0.9,37.1,,,0,trial
2026-07-04T20:22:11,pid_hot_humid_bursty_r1,pid,hot_humid,bursty,1,42.383,42.083,41.883,39.383,25.0,45.0,60.0,,45.096000000000004,0.9,37.1,,,0,trial
2026-07-04T20:22:11,pid_hot_humid_bursty_r1,pid,hot_humid,bursty,1,42.383,42.083,41.883,39.383,25.0,45.0,60.0,,45.096000000000004,0.9,37.1,,,0,trial
2026-07-04T20:22:11,pid_hot_humid_bursty_r1,pid,hot_humid,bursty,1,42.382,42.082,41.882,39.382,25.0,45.0,60.0,,45.096000000000004,0.9,37.1,,,0,trial
2026-07-04T20:22:11,pid_hot_humid_bursty_r1,pid,hot_humid,bursty,1,42.381,42.081,41.881,39.381,25.0,45.0,60.0,,45.096000000000004,0.9,37.1,,,0,trial
2026-07-04T20:22:11,pid_hot_humid_bursty_r1,pid,hot_humid,bursty,1,42.38,42.08,41.88,39.38,25.0,45.0,60.0,,45.096000000000004,0.9,37.1,,,0,trial
2026-07-04T20:22:11,pid_hot_humid_bursty_r1,pid,hot_humid,bursty,1,42.38,42.08,41.88,39.38,25.0,45.0,60.0,,45.096000000000004,0.9,37.1,,,0,trial
2026-07-04T20:22:11,pid_hot_humid_bursty_r1,pid,hot_humid,bursty,1,42.379,42.079,41.879,39.379,25.0,45.0,60.0,,45.096000000000004,0.9,37.1,,,0,trial
2026-07-04T20:22:11,pid_hot_humid_bursty_r1,pid,hot_humid,bursty,1,42.378,42.078,41.878,39.378,25.0,45.0,60.0,,45.096000000000004,0.9,37.1,,,0,trial
2026-07-04T20:22:11,pid_hot_humid_bursty_r1,pid,hot_humid,bursty,1,42.377,42.077,41.877,39.377,25.0,45.0,60.0,,45.096000000000004,0.9,37.1,,,0,trial
2026-07-04T20:22:11,pid_hot_humid_bursty_r1,pid,hot_humid,bursty,1,42.377,42.077,41.877,39.377,25.0,45.0,60.0,,45.096000000000004,0.9,37.09,,,0,trial
2026-07-04T20:22:11,pid_hot_humid_bursty_r1,pid,hot_humid,bursty,1,42.376,42.076,41.876,39.376,25.0,45.0,60.0,,45.096000000000004,0.9,37.09,,,0,trial
2026-07-04T20:22:11,pid_hot_humid_bursty_r1,pid,hot_humid,bursty,1,42.375,42.075,41.875,39.375,25.0,45.0,60.0,,45.096000000000004,0.9,37.09,,,0,trial
2026-07-04T20:22:11,pid_hot_humid_bursty_r1,pid,hot_humid,bursty,1,42.374,42.074,41.874,39.374,25.0,45.0,60.0,,45.096000000000004,0.9,37.09,,,0,trial
2026-07-04T20:22:11,pid_hot_humid_bursty_r1,pid,hot_humid,bursty,1,42.374,42.074,41.874,39.374,25.0,45.0,60.0,,45.096000000000004,0.9,37.09,,,0,trial
2026-07-04T20:22:11,pid_hot_humid_bursty_r1,pid,hot_humid,bursty,1,42.373,42.073,41.873,39.373,25.0,45.0,60.0,,45.096000000000004,0.9,37.09,,,0,trial
2026-07-04T20:22:11,pid_hot_humid_bursty_r1,pid,hot_humid,bursty,1,42.372,42.072,41.872,39.372,25.0,45.0,60.0,,45.096000000000004,0.9,37.09,,,0,trial
2026-07-04T20:22:11,pid_hot_humid_bursty_r1,pid,hot_humid,bursty,1,42.371,42.071,41.871,39.371,25.0,45.0,60.0,,45.096000000000004,0.9,37.09,,,0,trial
2026-07-04T20:22:11,pid_hot_humid_bursty_r1,pid,hot_humid,bursty,1,42.371,42.071,41.871,39.371,25.0,45.0,60.0,,45.096000000000004,0.9,37.09,,,0,trial
2026-07-04T20:22:11,pid_hot_humid_bursty_r1,pid,hot_humid,bursty,1,42.37,42.07,41.87,39.37,25.0,45.0,60.0,,45.096000000000004,0.9,37.08,,,0,trial
2026-07-04T20:22:11,pid_hot_humid_bursty_r1,pid,hot_humid,bursty,1,42.369,42.069,41.869,39.369,25.0,45.0,60.0,,45.096000000000004,0.9,37.08,,,0,trial
2026-07-04T20:22:11,pid_hot_humid_bursty_r1,pid,hot_humid,bursty,1,42.369,42.069,41.869,39.369,25.0,45.0,60.0,,45.096000000000004,0.9,37.08,,,0,trial
2026-07-04T20:22:11,pid_hot_humid_bursty_r1,pid,hot_humid,bursty,1,42.368,42.068,41.868,39.368,25.0,45.0,60.0,,45.096000000000004,0.9,37.08,,,0,trial
2026-07-04T20:22:11,pid_hot_humid_bursty_r1,pid,hot_humid,bursty,1,42.367,42.067,41.867,39.367,25.0,45.0,60.0,,45.096000000000004,0.9,37.08,,,0,trial
2026-07-04T20:22:11,pid_hot_humid_bursty_r1,pid,hot_humid,bursty,1,42.366,42.066,41.866,39.366,25.0,45.0,60.0,,45.096000000000004,0.9,37.08,,,0,trial
2026-07-04T20:22:11,pid_hot_humid_bursty_r1,pid,hot_humid,bursty,1,42.366,42.066,41.866,39.366,25.0,45.0,60.0,,45.096000000000004,0.9,37.07,,,0,trial
2026-07-04T20:22:11,pid_hot_humid_bursty_r1,pid,hot_humid,bursty,1,42.365,42.065,41.865,39.365,25.0,45.0,60.0,,45.096000000000004,0.9,37.07,,,0,trial
2026-07-04T20:22:11,pid_hot_humid_bursty_r1,pid,hot_humid,bursty,1,42.387,42.087,41.887,39.387,25.0,45.0,150.0,,45.00799999999998,0.9,37.07,,,0,trial
2026-07-04T20:22:11,pid_hot_humid_bursty_r1,pid,hot_humid,bursty,1,42.398,42.098,41.898,39.398,25.0,45.0,150.0,,45.00799999999998,0.9,37.07,,,0,trial
2026-07-04T20:22:11,pid_hot_humid_bursty_r1,pid,hot_humid,bursty,1,42.409,42.109,41.909,39.409,25.0,45.0,150.0,,45.00799999999998,0.9,37.07,,,0,trial
2026-07-04T20:22:11,pid_hot_humid_bursty_r1,pid,hot_humid,bursty,1,42.42,42.12,41.92,39.42,25.0,45.0,150.0,,45.00799999999998,0.9,37.06,,,0,trial
2026-07-04T20:22:11,pid_hot_humid_bursty_r1,pid,hot_humid,bursty,1,42.431,42.131,41.931,39.431,25.0,45.0,150.0,,45.00799999999998,0.9,37.06,,,0,trial
2026-07-04T20:22:11,pid_hot_humid_bursty_r1,pid,hot_humid,bursty,1,42.443,42.143,41.943,39.443,25.0,45.0,150.0,,45.00799999999998,0.9,37.06,,,0,trial
2026-07-04T20:22:11,pid_hot_humid_bursty_r1,pid,hot_humid,bursty,1,42.454,42.154,41.954,39.454,25.0,45.0,150.0,,45.00799999999998,0.9,37.06,,,0,trial
2026-07-04T20:22:11,pid_hot_humid_bursty_r1,pid,hot_humid,bursty,1,42.465,42.165,41.965,39.465,25.0,45.0,150.0,,45.00799999999998,0.9,37.05,,,0,trial
2026-07-04T20:22:11,pid_hot_humid_bursty_r1,pid,hot_humid,bursty,1,42.476,42.176,41.976,39.476,25.0,45.0,150.0,,45.00799999999998,0.9,37.05,,,0,trial
2026-07-04T20:22:11,pid_hot_humid_bursty_r1,pid,hot_humid,bursty,1,42.487,42.187,41.987,39.487,25.0,45.0,150.0,,45.00799999999998,0.9,37.05,,,0,trial
2026-07-04T20:22:11,pid_hot_humid_bursty_r1,pid,hot_humid,bursty,1,42.498,42.198,41.998,39.498,25.0,45.0,150.0,,45.00799999999998,0.9,37.05,,,0,trial
2026-07-04T20:22:11,pid_hot_humid_bursty_r1,pid,hot_humid,bursty,1,42.509,42.209,42.009,39.509,25.0,45.0,150.0,,45.00799999999998,0.9,37.04,,,0,trial
2026-07-04T20:22:11,pid_hot_humid_bursty_r1,pid,hot_humid,bursty,1,42.52,42.22,42.02,39.52,25.0,45.0,150.0,,45.00799999999998,0.9,37.04,,,0,trial
2026-07-04T20:22:11,pid_hot_humid_bursty_r1,pid,hot_humid,bursty,1,42.531,42.231,42.031,39.531,25.0,45.0,150.0,,45.00799999999998,0.9,37.04,,,0,trial
2026-07-04T20:22:11,pid_hot_humid_bursty_r1,pid,hot_humid,bursty,1,42.542,42.242,42.042,39.542,25.0,45.0,150.0,,45.00799999999998,0.9,37.04,,,0,trial
2026-07-04T20:22:11,pid_hot_humid_bursty_r1,pid,hot_humid,bursty,1,42.553,42.253,42.053,39.553,25.0,45.0,150.0,,45.00799999999998,0.9,37.03,,,0,trial
2026-07-04T20:22:11,pid_hot_humid_bursty_r1,pid,hot_humid,bursty,1,42.564,42.264,42.064,39.564,25.0,45.0,150.0,,45.00799999999998,0.9,37.03,,,0,trial
2026-07-04T20:22:11,pid_hot_humid_bursty_r1,pid,hot_humid,bursty,1,42.575,42.275,42.075,39.575,25.0,45.0,150.0,,45.00799999999998,0.9,37.03,,,0,trial
2026-07-04T20:22:11,pid_hot_humid_bursty_r1,pid,hot_humid,bursty,1,42.586,42.286,42.086,39.586,25.0,45.0,150.0,,45.00799999999998,0.9,37.02,,,0,trial
2026-07-04T20:22:11,pid_hot_humid_bursty_r1,pid,hot_humid,bursty,1,42.597,42.297,42.097,39.597,25.0,45.0,150.0,,45.00799999999998,0.9,37.02,,,0,trial
2026-07-04T20:22:11,pid_hot_humid_bursty_r1,pid,hot_humid,bursty,1,42.608,42.308,42.108,39.608,25.0,45.0,150.0,,45.00799999999998,0.9,37.02,,,0,trial
2026-07-04T20:22:11,pid_hot_humid_bursty_r1,pid,hot_humid,bursty,1,42.619,42.319,42.119,39.619,25.0,45.0,150.0,,45.00799999999998,0.9,37.01,,,0,trial
2026-07-04T20:22:11,pid_hot_humid_bursty_r1,pid,hot_humid,bursty,1,42.63,42.33,42.13,39.63,25.0,45.0,150.0,,45.00799999999998,0.9,37.01,,,0,trial
2026-07-04T20:22:11,pid_hot_humid_bursty_r1,pid,hot_humid,bursty,1,42.641,42.341,42.141,39.641,25.0,45.0,150.0,,45.00799999999998,0.9,37.01,,,0,trial
2026-07-04T20:22:11,pid_hot_humid_bursty_r1,pid,hot_humid,bursty,1,42.652,42.352,42.152,39.652,25.0,45.0,150.0,,45.00799999999998,0.9,37.0,,,0,trial
2026-07-04T20:22:11,pid_hot_humid_bursty_r1,pid,hot_humid,bursty,1,42.663,42.363,42.163,39.663,25.0,45.0,150.0,,45.00799999999998,0.9,37.0,,,0,trial
2026-07-04T20:22:11,pid_hot_humid_bursty_r1,pid,hot_humid,bursty,1,42.674,42.374,42.174,39.674,25.0,45.0,150.0,,45.00799999999998,0.9,37.0,,,0,trial
2026-07-04T20:22:11,pid_hot_humid_bursty_r1,pid,hot_humid,bursty,1,42.685,42.385,42.185,39.685,25.0,45.0,150.0,,45.00799999999998,0.9,36.99,,,0,trial
2026-07-04T20:22:11,pid_hot_humid_bursty_r1,pid,hot_humid,bursty,1,42.696,42.396,42.196,39.696,25.0,45.0,150.0,,45.00799999999998,0.9,36.99,,,0,trial
2026-07-04T20:22:11,pid_hot_humid_bursty_r1,pid,hot_humid,bursty,1,42.707,42.407,42.207,39.707,25.0,45.0,150.0,,45.00799999999998,0.9,36.99,,,0,trial
2026-07-04T20:22:11,pid_hot_humid_bursty_r1,pid,hot_humid,bursty,1,42.728,42.428,42.228,39.728,25.0,45.0,150.0,,47.74400000000003,0.95,36.98,,,0,trial
2026-07-04T20:22:11,pid_hot_humid_bursty_r1,pid,hot_humid,bursty,1,42.739,42.439,42.239,39.739,25.0,45.0,150.0,,47.74400000000003,0.95,36.98,,,0,trial
2026-07-04T20:22:11,pid_hot_humid_bursty_r1,pid,hot_humid,bursty,1,42.75,42.45,42.25,39.75,25.0,45.0,150.0,,47.74400000000003,0.95,36.97,,,0,trial
2026-07-04T20:22:11,pid_hot_humid_bursty_r1,pid,hot_humid,bursty,1,42.76,42.46,42.26,39.76,25.0,45.0,150.0,,47.74400000000003,0.95,36.97,,,0,trial
2026-07-04T20:22:11,pid_hot_humid_bursty_r1,pid,hot_humid,bursty,1,42.771,42.471,42.271,39.771,25.0,45.0,150.0,,47.74400000000003,0.95,36.96,,,0,trial
2026-07-04T20:22:11,pid_hot_humid_bursty_r1,pid,hot_humid,bursty,1,42.782,42.482,42.282,39.782,25.0,45.0,150.0,,47.74400000000003,0.95,36.96,,,0,trial
2026-07-04T20:22:11,pid_hot_humid_bursty_r1,pid,hot_humid,bursty,1,42.792,42.492,42.292,39.792,25.0,45.0,150.0,,47.74400000000003,0.95,36.96,,,0,trial
2026-07-04T20:22:11,pid_hot_humid_bursty_r1,pid,hot_humid,bursty,1,42.803,42.503,42.303,39.803,25.0,45.0,150.0,,47.74400000000003,0.95,36.95,,,0,trial
2026-07-04T20:22:11,pid_hot_humid_bursty_r1,pid,hot_humid,bursty,1,42.813,42.513,42.313,39.813,25.0,45.0,150.0,,47.74400000000003,0.95,36.95,,,0,trial
2026-07-04T20:22:11,pid_hot_humid_bursty_r1,pid,hot_humid,bursty,1,42.824,42.524,42.324,39.824,25.0,45.0,150.0,,47.74400000000003,0.95,36.94,,,0,trial
2026-07-04T20:22:11,pid_hot_humid_bursty_r1,pid,hot_humid,bursty,1,42.835,42.535,42.335,39.835,25.0,45.0,150.0,,47.74400000000003,0.95,36.94,,,0,trial
2026-07-04T20:22:11,pid_hot_humid_bursty_r1,pid,hot_humid,bursty,1,42.845,42.545,42.345,39.845,25.0,45.0,150.0,,47.74400000000003,0.95,36.93,,,0,trial
2026-07-04T20:22:11,pid_hot_humid_bursty_r1,pid,hot_humid,bursty,1,42.856,42.556,42.356,39.856,25.0,45.0,150.0,,47.74400000000003,0.95,36.93,,,0,trial
2026-07-04T20:22:11,pid_hot_humid_bursty_r1,pid,hot_humid,bursty,1,42.866,42.566,42.366,39.866,25.0,45.0,150.0,,47.74400000000003,0.95,36.92,,,0,trial
2026-07-04T20:22:11,pid_hot_humid_bursty_r1,pid,hot_humid,bursty,1,42.877,42.577,42.377,39.877,25.0,45.0,150.0,,47.74400000000003,0.95,36.92,,,0,trial
2026-07-04T20:22:11,pid_hot_humid_bursty_r1,pid,hot_humid,bursty,1,42.887,42.587,42.387,39.887,25.0,45.0,150.0,,47.74400000000003,0.95,36.92,,,0,trial
2026-07-04T20:22:11,pid_hot_humid_bursty_r1,pid,hot_humid,bursty,1,42.898,42.598,42.398,39.898,25.0,45.0,150.0,,47.74400000000003,0.95,36.91,,,0,trial
2026-07-04T20:22:11,pid_hot_humid_bursty_r1,pid,hot_humid,bursty,1,42.909,42.609,42.409,39.909,25.0,45.0,150.0,,47.74400000000003,0.95,36.91,,,0,trial
2026-07-04T20:22:11,pid_hot_humid_bursty_r1,pid,hot_humid,bursty,1,42.919,42.619,42.419,39.919,25.0,45.0,150.0,,47.74400000000003,0.95,36.9,,,0,trial
2026-07-04T20:22:11,pid_hot_humid_bursty_r1,pid,hot_humid,bursty,1,42.93,42.63,42.43,39.93,25.0,45.0,150.0,,47.74400000000003,0.95,36.9,,,0,trial
2026-07-04T20:22:11,pid_hot_humid_bursty_r1,pid,hot_humid,bursty,1,42.94,42.64,42.44,39.94,25.0,45.0,150.0,,47.74400000000003,0.95,36.89,,,0,trial
2026-07-04T20:22:11,pid_hot_humid_bursty_r1,pid,hot_humid,bursty,1,42.951,42.651,42.451,39.951,25.0,45.0,150.0,,47.74400000000003,0.95,36.88,,,0,trial
2026-07-04T20:22:11,pid_hot_humid_bursty_r1,pid,hot_humid,bursty,1,42.961,42.661,42.461,39.961,25.0,45.0,150.0,,47.74400000000003,0.95,36.88,,,0,trial
2026-07-04T20:22:11,pid_hot_humid_bursty_r1,pid,hot_humid,bursty,1,42.972,42.672,42.472,39.972,25.0,45.0,150.0,,47.74400000000003,0.95,36.87,,,0,trial
2026-07-04T20:22:11,pid_hot_humid_bursty_r1,pid,hot_humid,bursty,1,42.982,42.682,42.482,39.982,25.0,45.0,150.0,,47.74400000000003,0.95,36.87,,,0,trial
2026-07-04T20:22:11,pid_hot_humid_bursty_r1,pid,hot_humid,bursty,1,42.993,42.693,42.493,39.993,25.0,45.0,150.0,,47.74400000000003,0.95,36.86,,,0,trial
2026-07-04T20:22:11,pid_hot_humid_bursty_r1,pid,hot_humid,bursty,1,43.003,42.703,42.503,40.003,25.0,45.0,150.0,,47.74400000000003,0.95,36.86,,,0,trial
2026-07-04T20:22:11,pid_hot_humid_bursty_r1,pid,hot_humid,bursty,1,43.014,42.714,42.514,40.014,25.0,45.0,150.0,,47.74400000000003,0.95,36.85,,,0,trial
2026-07-04T20:22:11,pid_hot_humid_bursty_r1,pid,hot_humid,bursty,1,43.024,42.724,42.524,40.024,25.0,45.0,150.0,,47.74400000000003,0.95,36.85,,,0,trial
2026-07-04T20:22:11,pid_hot_humid_bursty_r1,pid,hot_humid,bursty,1,43.035,42.735,42.535,40.035,25.0,45.0,150.0,,47.74400000000003,0.95,36.84,,,0,trial
2026-07-04T20:22:11,pid_hot_humid_bursty_r1,pid,hot_humid,bursty,1,43.055,42.755,42.555,40.055,25.0,45.0,150.0,,50.360000000000014,1.01,36.84,,,0,trial
2026-07-04T20:22:11,pid_hot_humid_bursty_r1,pid,hot_humid,bursty,1,43.066,42.766,42.566,40.066,25.0,45.0,150.0,,50.360000000000014,1.01,36.83,,,0,trial
2026-07-04T20:22:11,pid_hot_humid_bursty_r1,pid,hot_humid,bursty,1,43.076,42.776,42.576,40.076,25.0,45.0,150.0,,50.360000000000014,1.01,36.82,,,0,trial
2026-07-04T20:22:11,pid_hot_humid_bursty_r1,pid,hot_humid,bursty,1,43.086,42.786,42.586,40.086,25.0,45.0,150.0,,50.360000000000014,1.01,36.82,,,0,trial
2026-07-04T20:22:11,pid_hot_humid_bursty_r1,pid,hot_humid,bursty,1,43.096,42.796,42.596,40.096,25.0,45.0,150.0,,50.360000000000014,1.01,36.81,,,0,trial
2026-07-04T20:22:11,pid_hot_humid_bursty_r1,pid,hot_humid,bursty,1,43.106,42.806,42.606,40.106,25.0,45.0,150.0,,50.360000000000014,1.01,36.81,,,0,trial
2026-07-04T20:22:11,pid_hot_humid_bursty_r1,pid,hot_humid,bursty,1,43.117,42.817,42.617,40.117,25.0,45.0,150.0,,50.360000000000014,1.01,36.8,,,0,trial
2026-07-04T20:22:11,pid_hot_humid_bursty_r1,pid,hot_humid,bursty,1,43.127,42.827,42.627,40.127,25.0,45.0,150.0,,50.360000000000014,1.01,36.79,,,0,trial
2026-07-04T20:22:11,pid_hot_humid_bursty_r1,pid,hot_humid,bursty,1,43.137,42.837,42.637,40.137,25.0,45.0,150.0,,50.360000000000014,1.01,36.79,,,0,trial
2026-07-04T20:22:11,pid_hot_humid_bursty_r1,pid,hot_humid,bursty,1,43.147,42.847,42.647,40.147,25.0,45.0,150.0,,50.360000000000014,1.01,36.78,,,0,trial
2026-07-04T20:22:11,pid_hot_humid_bursty_r1,pid,hot_humid,bursty,1,43.157,42.857,42.657,40.157,25.0,45.0,150.0,,50.360000000000014,1.01,36.77,,,0,trial
2026-07-04T20:22:11,pid_hot_humid_bursty_r1,pid,hot_humid,bursty,1,43.167,42.867,42.667,40.167,25.0,45.0,150.0,,50.360000000000014,1.01,36.77,,,0,trial
2026-07-04T20:22:11,pid_hot_humid_bursty_r1,pid,hot_humid,bursty,1,43.177,42.877,42.677,40.177,25.0,45.0,150.0,,50.360000000000014,1.01,36.76,,,0,trial
2026-07-04T20:22:11,pid_hot_humid_bursty_r1,pid,hot_humid,bursty,1,43.188,42.888,42.688,40.188,25.0,45.0,150.0,,50.360000000000014,1.01,36.76,,,0,trial
2026-07-04T20:22:11,pid_hot_humid_bursty_r1,pid,hot_humid,bursty,1,43.198,42.898,42.698,40.198,25.0,45.0,150.0,,50.360000000000014,1.01,36.75,,,0,trial
2026-07-04T20:22:11,pid_hot_humid_bursty_r1,pid,hot_humid,bursty,1,43.208,42.908,42.708,40.208,25.0,45.0,150.0,,50.360000000000014,1.01,36.74,,,0,trial
2026-07-04T20:22:11,pid_hot_humid_bursty_r1,pid,hot_humid,bursty,1,43.218,42.918,42.718,40.218,25.0,45.0,150.0,,50.360000000000014,1.01,36.74,,,0,trial
2026-07-04T20:22:11,pid_hot_humid_bursty_r1,pid,hot_humid,bursty,1,43.228,42.928,42.728,40.228,25.0,45.0,150.0,,50.360000000000014,1.01,36.73,,,0,trial
2026-07-04T20:22:11,pid_hot_humid_bursty_r1,pid,hot_humid,bursty,1,43.238,42.938,42.738,40.238,25.0,45.0,150.0,,50.360000000000014,1.01,36.72,,,0,trial
2026-07-04T20:22:11,pid_hot_humid_bursty_r1,pid,hot_humid,bursty,1,43.248,42.948,42.748,40.248,25.0,45.0,150.0,,50.360000000000014,1.01,36.72,,,0,trial
2026-07-04T20:22:11,pid_hot_humid_bursty_r1,pid,hot_humid,bursty,1,43.258,42.958,42.758,40.258,25.0,45.0,150.0,,50.360000000000014,1.01,36.71,,,0,trial
2026-07-04T20:22:11,pid_hot_humid_bursty_r1,pid,hot_humid,bursty,1,43.268,42.968,42.768,40.268,25.0,45.0,150.0,,50.360000000000014,1.01,36.7,,,0,trial
2026-07-04T20:22:11,pid_hot_humid_bursty_r1,pid,hot_humid,bursty,1,43.278,42.978,42.778,40.278,25.0,45.0,150.0,,50.360000000000014,1.01,36.69,,,0,trial
2026-07-04T20:22:11,pid_hot_humid_bursty_r1,pid,hot_humid,bursty,1,43.289,42.989,42.789,40.289,25.0,45.0,150.0,,50.360000000000014,1.01,36.69,,,0,trial
2026-07-04T20:22:11,pid_hot_humid_bursty_r1,pid,hot_humid,bursty,1,43.299,42.999,42.799,40.299,25.0,45.0,150.0,,50.360000000000014,1.01,36.68,,,0,trial
2026-07-04T20:22:11,pid_hot_humid_bursty_r1,pid,hot_humid,bursty,1,43.309,43.009,42.809,40.309,25.0,45.0,150.0,,50.360000000000014,1.01,36.67,,,0,trial
2026-07-04T20:22:11,pid_hot_humid_bursty_r1,pid,hot_humid,bursty,1,43.319,43.019,42.819,40.319,25.0,45.0,150.0,,50.360000000000014,1.01,36.67,,,0,trial
2026-07-04T20:22:11,pid_hot_humid_bursty_r1,pid,hot_humid,bursty,1,43.329,43.029,42.829,40.329,25.0,45.0,150.0,,50.360000000000014,1.01,36.66,,,0,trial
2026-07-04T20:22:11,pid_hot_humid_bursty_r1,pid,hot_humid,bursty,1,43.339,43.039,42.839,40.339,25.0,45.0,150.0,,50.360000000000014,1.01,36.65,,,0,trial
2026-07-04T20:22:11,pid_hot_humid_bursty_r1,pid,hot_humid,bursty,1,43.349,43.049,42.849,40.349,25.0,45.0,150.0,,50.360000000000014,1.01,36.64,,,0,trial
2026-07-04T20:22:11,pid_hot_humid_bursty_r1,pid,hot_humid,bursty,1,43.369,43.069,42.869,40.369,25.0,45.0,150.0,,52.872000000000014,1.06,36.64,,,0,trial
2026-07-04T20:22:11,pid_hot_humid_bursty_r1,pid,hot_humid,bursty,1,43.378,43.078,42.878,40.378,25.0,45.0,150.0,,52.872000000000014,1.06,36.63,,,0,trial
2026-07-04T20:22:11,pid_hot_humid_bursty_r1,pid,hot_humid,bursty,1,43.388,43.088,42.888,40.388,25.0,45.0,150.0,,52.872000000000014,1.06,36.62,,,0,trial
2026-07-04T20:22:11,pid_hot_humid_bursty_r1,pid,hot_humid,bursty,1,43.398,43.098,42.898,40.398,25.0,45.0,150.0,,52.872000000000014,1.06,36.61,,,0,trial
2026-07-04T20:22:11,pid_hot_humid_bursty_r1,pid,hot_humid,bursty,1,43.408,43.108,42.908,40.408,25.0,45.0,150.0,,52.872000000000014,1.06,36.61,,,0,trial
2026-07-04T20:22:11,pid_hot_humid_bursty_r1,pid,hot_humid,bursty,1,43.417,43.117,42.917,40.417,25.0,45.0,150.0,,52.872000000000014,1.06,36.6,,,0,trial
2026-07-04T20:22:11,pid_hot_humid_bursty_r1,pid,hot_humid,bursty,1,43.427,43.127,42.927,40.427,25.0,45.0,150.0,,52.872000000000014,1.06,36.59,,,0,trial
2026-07-04T20:22:11,pid_hot_humid_bursty_r1,pid,hot_humid,bursty,1,43.437,43.137,42.937,40.437,25.0,45.0,150.0,,52.872000000000014,1.06,36.58,,,0,trial
2026-07-04T20:22:11,pid_hot_humid_bursty_r1,pid,hot_humid,bursty,1,43.447,43.147,42.947,40.447,25.0,45.0,150.0,,52.872000000000014,1.06,36.58,,,0,trial
2026-07-04T20:22:11,pid_hot_humid_bursty_r1,pid,hot_humid,bursty,1,43.456,43.156,42.956,40.456,25.0,45.0,150.0,,52.872000000000014,1.06,36.57,,,0,trial
2026-07-04T20:22:11,pid_hot_humid_bursty_r1,pid,hot_humid,bursty,1,43.466,43.166,42.966,40.466,25.0,45.0,150.0,,52.872000000000014,1.06,36.56,,,0,trial
2026-07-04T20:22:11,pid_hot_humid_bursty_r1,pid,hot_humid,bursty,1,43.476,43.176,42.976,40.476,25.0,45.0,150.0,,52.872000000000014,1.06,36.55,,,0,trial
2026-07-04T20:22:11,pid_hot_humid_bursty_r1,pid,hot_humid,bursty,1,43.485,43.185,42.985,40.485,25.0,45.0,150.0,,52.872000000000014,1.06,36.54,,,0,trial
2026-07-04T20:22:11,pid_hot_humid_bursty_r1,pid,hot_humid,bursty,1,43.495,43.195,42.995,40.495,25.0,45.0,150.0,,52.872000000000014,1.06,36.54,,,0,trial
2026-07-04T20:22:11,pid_hot_humid_bursty_r1,pid,hot_humid,bursty,1,43.505,43.205,43.005,40.505,25.0,45.0,150.0,,52.872000000000014,1.06,36.53,,,0,trial
2026-07-04T20:22:11,pid_hot_humid_bursty_r1,pid,hot_humid,bursty,1,43.515,43.215,43.015,40.515,25.0,45.0,150.0,,52.872000000000014,1.06,36.52,,,0,trial
2026-07-04T20:22:11,pid_hot_humid_bursty_r1,pid,hot_humid,bursty,1,43.524,43.224,43.024,40.524,25.0,45.0,150.0,,52.872000000000014,1.06,36.51,,,0,trial
2026-07-04T20:22:11,pid_hot_humid_bursty_r1,pid,hot_humid,bursty,1,43.534,43.234,43.034,40.534,25.0,45.0,150.0,,52.872000000000014,1.06,36.5,,,0,trial
2026-07-04T20:22:11,pid_hot_humid_bursty_r1,pid,hot_humid,bursty,1,43.544,43.244,43.044,40.544,25.0,45.0,150.0,,52.872000000000014,1.06,36.49,,,0,trial
2026-07-04T20:22:11,pid_hot_humid_bursty_r1,pid,hot_humid,bursty,1,43.553,43.253,43.053,40.553,25.0,45.0,150.0,,52.872000000000014,1.06,36.49,,,0,trial
2026-07-04T20:22:11,pid_hot_humid_bursty_r1,pid,hot_humid,bursty,1,43.563,43.263,43.063,40.563,25.0,45.0,150.0,,52.872000000000014,1.06,36.48,,,0,trial
2026-07-04T20:22:11,pid_hot_humid_bursty_r1,pid,hot_humid,bursty,1,43.573,43.273,43.073,40.573,25.0,45.0,150.0,,52.872000000000014,1.06,36.47,,,0,trial
2026-07-04T20:22:11,pid_hot_humid_bursty_r1,pid,hot_humid,bursty,1,43.582,43.282,43.082,40.582,25.0,45.0,150.0,,52.872000000000014,1.06,36.46,,,0,trial
2026-07-04T20:22:11,pid_hot_humid_bursty_r1,pid,hot_humid,bursty,1,43.592,43.292,43.092,40.592,25.0,45.0,150.0,,52.872000000000014,1.06,36.45,,,0,trial
2026-07-04T20:22:11,pid_hot_humid_bursty_r1,pid,hot_humid,bursty,1,43.601,43.301,43.101,40.601,25.0,45.0,150.0,,52.872000000000014,1.06,36.44,,,0,trial
2026-07-04T20:22:11,pid_hot_humid_bursty_r1,pid,hot_humid,bursty,1,43.611,43.311,43.111,40.611,25.0,45.0,150.0,,52.872000000000014,1.06,36.43,,,0,trial
2026-07-04T20:22:11,pid_hot_humid_bursty_r1,pid,hot_humid,bursty,1,43.621,43.321,43.121,40.621,25.0,45.0,150.0,,52.872000000000014,1.06,36.43,,,0,trial
2026-07-04T20:22:11,pid_hot_humid_bursty_r1,pid,hot_humid,bursty,1,43.63,43.33,43.13,40.63,25.0,45.0,150.0,,52.872000000000014,1.06,36.42,,,0,trial
2026-07-04T20:22:11,pid_hot_humid_bursty_r1,pid,hot_humid,bursty,1,43.64,43.34,43.14,40.64,25.0,45.0,150.0,,52.872000000000014,1.06,36.41,,,0,trial
2026-07-04T20:22:11,pid_hot_humid_bursty_r1,pid,hot_humid,bursty,1,43.65,43.35,43.15,40.65,25.0,45.0,150.0,,52.872000000000014,1.06,36.4,,,0,trial
2026-07-04T20:22:11,pid_hot_humid_bursty_r1,pid,hot_humid,bursty,1,43.669,43.369,43.169,40.669,25.0,45.0,150.0,,55.27199999999999,1.11,36.39,,,0,trial
2026-07-04T20:22:11,pid_hot_humid_bursty_r1,pid,hot_humid,bursty,1,43.678,43.378,43.178,40.678,25.0,45.0,150.0,,55.27199999999999,1.11,36.38,,,0,trial
2026-07-04T20:22:11,pid_hot_humid_bursty_r1,pid,hot_humid,bursty,1,43.687,43.387,43.187,40.687,25.0,45.0,150.0,,55.27199999999999,1.11,36.37,,,0,trial
2026-07-04T20:22:11,pid_hot_humid_bursty_r1,pid,hot_humid,bursty,1,43.697,43.397,43.197,40.697,25.0,45.0,150.0,,55.27199999999999,1.11,36.36,,,0,trial
2026-07-04T20:22:11,pid_hot_humid_bursty_r1,pid,hot_humid,bursty,1,43.706,43.406,43.206,40.706,25.0,45.0,150.0,,55.27199999999999,1.11,36.35,,,0,trial
2026-07-04T20:22:11,pid_hot_humid_bursty_r1,pid,hot_humid,bursty,1,43.715,43.415,43.215,40.715,25.0,45.0,150.0,,55.27199999999999,1.11,36.34,,,0,trial
2026-07-04T20:22:11,pid_hot_humid_bursty_r1,pid,hot_humid,bursty,1,43.724,43.424,43.224,40.724,25.0,45.0,150.0,,55.27199999999999,1.11,36.34,,,0,trial
2026-07-04T20:22:11,pid_hot_humid_bursty_r1,pid,hot_humid,bursty,1,43.734,43.434,43.234,40.734,25.0,45.0,150.0,,55.27199999999999,1.11,36.33,,,0,trial
2026-07-04T20:22:11,pid_hot_humid_bursty_r1,pid,hot_humid,bursty,1,43.743,43.443,43.243,40.743,25.0,45.0,150.0,,55.27199999999999,1.11,36.32,,,0,trial
2026-07-04T20:22:11,pid_hot_humid_bursty_r1,pid,hot_humid,bursty,1,43.752,43.452,43.252,40.752,25.0,45.0,150.0,,55.27199999999999,1.11,36.31,,,0,trial
2026-07-04T20:22:11,pid_hot_humid_bursty_r1,pid,hot_humid,bursty,1,43.762,43.462,43.262,40.762,25.0,45.0,150.0,,55.27199999999999,1.11,36.3,,,0,trial
2026-07-04T20:22:11,pid_hot_humid_bursty_r1,pid,hot_humid,bursty,1,43.771,43.471,43.271,40.771,25.0,45.0,150.0,,55.27199999999999,1.11,36.29,,,0,trial
2026-07-04T20:22:11,pid_hot_humid_bursty_r1,pid,hot_humid,bursty,1,43.78,43.48,43.28,40.78,25.0,45.0,150.0,,55.27199999999999,1.11,36.28,,,0,trial
2026-07-04T20:22:11,pid_hot_humid_bursty_r1,pid,hot_humid,bursty,1,43.789,43.489,43.289,40.789,25.0,45.0,150.0,,55.27199999999999,1.11,36.27,,,0,trial
2026-07-04T20:22:11,pid_hot_humid_bursty_r1,pid,hot_humid,bursty,1,43.799,43.499,43.299,40.799,25.0,45.0,150.0,,55.27199999999999,1.11,36.26,,,0,trial
2026-07-04T20:22:11,pid_hot_humid_bursty_r1,pid,hot_humid,bursty,1,43.808,43.508,43.308,40.808,25.0,45.0,150.0,,55.27199999999999,1.11,36.25,,,0,trial
2026-07-04T20:22:11,pid_hot_humid_bursty_r1,pid,hot_humid,bursty,1,43.817,43.517,43.317,40.817,25.0,45.0,150.0,,55.27199999999999,1.11,36.24,,,0,trial
2026-07-04T20:22:11,pid_hot_humid_bursty_r1,pid,hot_humid,bursty,1,43.827,43.527,43.327,40.827,25.0,45.0,150.0,,55.27199999999999,1.11,36.23,,,0,trial
2026-07-04T20:22:11,pid_hot_humid_bursty_r1,pid,hot_humid,bursty,1,43.836,43.536,43.336,40.836,25.0,45.0,150.0,,55.27199999999999,1.11,36.22,,,0,trial
2026-07-04T20:22:11,pid_hot_humid_bursty_r1,pid,hot_humid,bursty,1,43.845,43.545,43.345,40.845,25.0,45.0,150.0,,55.27199999999999,1.11,36.21,,,0,trial
2026-07-04T20:22:11,pid_hot_humid_bursty_r1,pid,hot_humid,bursty,1,43.854,43.554,43.354,40.854,25.0,45.0,150.0,,55.27199999999999,1.11,36.2,,,0,trial
2026-07-04T20:22:11,pid_hot_humid_bursty_r1,pid,hot_humid,bursty,1,43.864,43.564,43.364,40.864,25.0,45.0,150.0,,55.27199999999999,1.11,36.19,,,0,trial
2026-07-04T20:22:11,pid_hot_humid_bursty_r1,pid,hot_humid,bursty,1,43.873,43.573,43.373,40.873,25.0,45.0,150.0,,55.27199999999999,1.11,36.18,,,0,trial
2026-07-04T20:22:11,pid_hot_humid_bursty_r1,pid,hot_humid,bursty,1,43.882,43.582,43.382,40.882,25.0,45.0,150.0,,55.27199999999999,1.11,36.17,,,0,trial
2026-07-04T20:22:11,pid_hot_humid_bursty_r1,pid,hot_humid,bursty,1,43.891,43.591,43.391,40.891,25.0,45.0,150.0,,55.27199999999999,1.11,36.16,,,0,trial
2026-07-04T20:22:11,pid_hot_humid_bursty_r1,pid,hot_humid,bursty,1,43.9,43.6,43.4,40.9,25.0,45.0,150.0,,55.27199999999999,1.11,36.15,,,0,trial
2026-07-04T20:22:11,pid_hot_humid_bursty_r1,pid,hot_humid,bursty,1,43.91,43.61,43.41,40.91,25.0,45.0,150.0,,55.27199999999999,1.11,36.14,,,0,trial
2026-07-04T20:22:11,pid_hot_humid_bursty_r1,pid,hot_humid,bursty,1,43.919,43.619,43.419,40.919,25.0,45.0,150.0,,55.27199999999999,1.11,36.13,,,0,trial
2026-07-04T20:22:11,pid_hot_humid_bursty_r1,pid,hot_humid,bursty,1,43.928,43.628,43.428,40.928,25.0,45.0,150.0,,55.27199999999999,1.11,36.12,,,0,trial
2026-07-04T20:22:11,pid_hot_humid_bursty_r1,pid,hot_humid,bursty,1,43.937,43.637,43.437,40.937,25.0,45.0,150.0,,55.27199999999999,1.11,36.11,,,0,trial
2026-07-04T20:22:11,pid_hot_humid_bursty_r1,pid,hot_humid,bursty,1,43.955,43.655,43.455,40.955,25.0,45.0,150.0,,57.567999999999984,1.15,36.1,,,0,trial
2026-07-04T20:22:11,pid_hot_humid_bursty_r1,pid,hot_humid,bursty,1,43.964,43.664,43.464,40.964,25.0,45.0,150.0,,57.567999999999984,1.15,36.09,,,0,trial
2026-07-04T20:22:11,pid_hot_humid_bursty_r1,pid,hot_humid,bursty,1,43.973,43.673,43.473,40.973,25.0,45.0,150.0,,57.567999999999984,1.15,36.08,,,0,trial
2026-07-04T20:22:11,pid_hot_humid_bursty_r1,pid,hot_humid,bursty,1,43.982,43.682,43.482,40.982,25.0,45.0,150.0,,57.567999999999984,1.15,36.07,,,0,trial
2026-07-04T20:22:11,pid_hot_humid_bursty_r1,pid,hot_humid,bursty,1,43.991,43.691,43.491,40.991,25.0,45.0,150.0,,57.567999999999984,1.15,36.06,,,0,trial
2026-07-04T20:22:11,pid_hot_humid_bursty_r1,pid,hot_humid,bursty,1,44.0,43.7,43.5,41.0,25.0,45.0,150.0,,57.567999999999984,1.15,36.05,,,0,trial
2026-07-04T20:22:11,pid_hot_humid_bursty_r1,pid,hot_humid,bursty,1,44.009,43.709,43.509,41.009,25.0,45.0,150.0,,57.567999999999984,1.15,36.04,,,0,trial
2026-07-04T20:22:11,pid_hot_humid_bursty_r1,pid,hot_humid,bursty,1,44.018,43.718,43.518,41.018,25.0,45.0,150.0,,57.567999999999984,1.15,36.03,,,0,trial
2026-07-04T20:22:11,pid_hot_humid_bursty_r1,pid,hot_humid,bursty,1,44.027,43.727,43.527,41.027,25.0,45.0,150.0,,57.567999999999984,1.15,36.02,,,0,trial
2026-07-04T20:22:11,pid_hot_humid_bursty_r1,pid,hot_humid,bursty,1,44.035,43.735,43.535,41.035,25.0,45.0,150.0,,57.567999999999984,1.15,36.01,,,0,trial
2026-07-04T20:22:11,pid_hot_humid_bursty_r1,pid,hot_humid,bursty,1,44.044,43.744,43.544,41.044,25.0,45.0,150.0,,57.567999999999984,1.15,36.0,,,0,trial
2026-07-04T20:22:11,pid_hot_humid_bursty_r1,pid,hot_humid,bursty,1,44.053,43.753,43.553,41.053,25.0,45.0,150.0,,57.567999999999984,1.15,35.99,,,0,trial
2026-07-04T20:22:11,pid_hot_humid_bursty_r1,pid,hot_humid,bursty,1,44.062,43.762,43.562,41.062,25.0,45.0,150.0,,57.567999999999984,1.15,35.97,,,0,trial
2026-07-04T20:22:11,pid_hot_humid_bursty_r1,pid,hot_humid,bursty,1,44.071,43.771,43.571,41.071,25.0,45.0,150.0,,57.567999999999984,1.15,35.96,,,0,trial
2026-07-04T20:22:11,pid_hot_humid_bursty_r1,pid,hot_humid,bursty,1,44.08,43.78,43.58,41.08,25.0,45.0,150.0,,57.567999999999984,1.15,35.95,,,0,trial
2026-07-04T20:22:11,pid_hot_humid_bursty_r1,pid,hot_humid,bursty,1,44.089,43.789,43.589,41.089,25.0,45.0,150.0,,57.567999999999984,1.15,35.94,,,0,trial
2026-07-04T20:22:11,pid_hot_humid_bursty_r1,pid,hot_humid,bursty,1,44.098,43.798,43.598,41.098,25.0,45.0,150.0,,57.567999999999984,1.15,35.93,,,0,trial
2026-07-04T20:22:11,pid_hot_humid_bursty_r1,pid,hot_humid,bursty,1,44.106,43.806,43.606,41.106,25.0,45.0,150.0,,57.567999999999984,1.15,35.92,,,0,trial
2026-07-04T20:22:11,pid_hot_humid_bursty_r1,pid,hot_humid,bursty,1,44.115,43.815,43.615,41.115,25.0,45.0,150.0,,57.567999999999984,1.15,35.91,,,0,trial
2026-07-04T20:22:11,pid_hot_humid_bursty_r1,pid,hot_humid,bursty,1,44.124,43.824,43.624,41.124,25.0,45.0,150.0,,57.567999999999984,1.15,35.9,,,0,trial
2026-07-04T20:22:11,pid_hot_humid_bursty_r1,pid,hot_humid,bursty,1,44.133,43.833,43.633,41.133,25.0,45.0,150.0,,57.567999999999984,1.15,35.89,,,0,trial
2026-07-04T20:22:11,pid_hot_humid_bursty_r1,pid,hot_humid,bursty,1,44.142,43.842,43.642,41.142,25.0,45.0,150.0,,57.567999999999984,1.15,35.88,,,0,trial
2026-07-04T20:22:11,pid_hot_humid_bursty_r1,pid,hot_humid,bursty,1,44.151,43.851,43.651,41.151,25.0,45.0,150.0,,57.567999999999984,1.15,35.87,,,0,trial
2026-07-04T20:22:11,pid_hot_humid_bursty_r1,pid,hot_humid,bursty,1,44.159,43.859,43.659,41.159,25.0,45.0,150.0,,57.567999999999984,1.15,35.85,,,0,trial
2026-07-04T20:22:11,pid_hot_humid_bursty_r1,pid,hot_humid,bursty,1,44.168,43.868,43.668,41.168,25.0,45.0,150.0,,57.567999999999984,1.15,35.84,,,0,trial
2026-07-04T20:22:11,pid_hot_humid_bursty_r1,pid,hot_humid,bursty,1,44.177,43.877,43.677,41.177,25.0,45.0,150.0,,57.567999999999984,1.15,35.83,,,0,trial
2026-07-04T20:22:11,pid_hot_humid_bursty_r1,pid,hot_humid,bursty,1,44.186,43.886,43.686,41.186,25.0,45.0,150.0,,57.567999999999984,1.15,35.82,,,0,trial
2026-07-04T20:22:11,pid_hot_humid_bursty_r1,pid,hot_humid,bursty,1,44.195,43.895,43.695,41.195,25.0,45.0,150.0,,57.567999999999984,1.15,35.81,,,0,trial
2026-07-04T20:22:11,pid_hot_humid_bursty_r1,pid,hot_humid,bursty,1,44.203,43.903,43.703,41.203,25.0,45.0,150.0,,57.567999999999984,1.15,35.8,,,0,trial
2026-07-04T20:22:11,pid_hot_humid_bursty_r1,pid,hot_humid,bursty,1,44.212,43.912,43.712,41.212,25.0,45.0,150.0,,57.567999999999984,1.15,35.79,,,0,trial
2026-07-04T20:22:11,pid_hot_humid_bursty_r1,pid,hot_humid,bursty,1,44.206,43.906,43.706,41.206,25.0,45.0,60.0,,59.672000000000025,1.19,35.78,,,0,trial
2026-07-04T20:22:11,pid_hot_humid_bursty_r1,pid,hot_humid,bursty,1,44.203,43.903,43.703,41.203,25.0,45.0,60.0,,59.672000000000025,1.19,35.76,,,0,trial
2026-07-04T20:22:11,pid_hot_humid_bursty_r1,pid,hot_humid,bursty,1,44.199,43.899,43.699,41.199,25.0,45.0,60.0,,59.672000000000025,1.19,35.75,,,0,trial
2026-07-04T20:22:11,pid_hot_humid_bursty_r1,pid,hot_humid,bursty,1,44.196,43.896,43.696,41.196,25.0,45.0,60.0,,59.672000000000025,1.19,35.74,,,0,trial
2026-07-04T20:22:11,pid_hot_humid_bursty_r1,pid,hot_humid,bursty,1,44.193,43.893,43.693,41.193,25.0,45.0,60.0,,59.672000000000025,1.19,35.73,,,0,trial
2026-07-04T20:22:11,pid_hot_humid_bursty_r1,pid,hot_humid,bursty,1,44.189,43.889,43.689,41.189,25.0,45.0,60.0,,59.672000000000025,1.19,35.72,,,0,trial
2026-07-04T20:22:11,pid_hot_humid_bursty_r1,pid,hot_humid,bursty,1,44.186,43.886,43.686,41.186,25.0,45.0,60.0,,59.672000000000025,1.19,35.71,,,0,trial
2026-07-04T20:22:11,pid_hot_humid_bursty_r1,pid,hot_humid,bursty,1,44.183,43.883,43.683,41.183,25.0,45.0,60.0,,59.672000000000025,1.19,35.7,,,0,trial
2026-07-04T20:22:11,pid_hot_humid_bursty_r1,pid,hot_humid,bursty,1,44.18,43.88,43.68,41.18,25.0,45.0,60.0,,59.672000000000025,1.19,35.68,,,0,trial
2026-07-04T20:22:11,pid_hot_humid_bursty_r1,pid,hot_humid,bursty,1,44.176,43.876,43.676,41.176,25.0,45.0,60.0,,59.672000000000025,1.19,35.67,,,0,trial
2026-07-04T20:22:11,pid_hot_humid_bursty_r1,pid,hot_humid,bursty,1,44.173,43.873,43.673,41.173,25.0,45.0,60.0,,59.672000000000025,1.19,35.66,,,0,trial
2026-07-04T20:22:11,pid_hot_humid_bursty_r1,pid,hot_humid,bursty,1,44.17,43.87,43.67,41.17,25.0,45.0,60.0,,59.672000000000025,1.19,35.65,,,0,trial
2026-07-04T20:22:11,pid_hot_humid_bursty_r1,pid,hot_humid,bursty,1,44.167,43.867,43.667,41.167,25.0,45.0,60.0,,59.672000000000025,1.19,35.64,,,0,trial
2026-07-04T20:22:11,pid_hot_humid_bursty_r1,pid,hot_humid,bursty,1,44.163,43.863,43.663,41.163,25.0,45.0,60.0,,59.672000000000025,1.19,35.63,,,0,trial
2026-07-04T20:22:11,pid_hot_humid_bursty_r1,pid,hot_humid,bursty,1,44.16,43.86,43.66,41.16,25.0,45.0,60.0,,59.672000000000025,1.19,35.61,,,0,trial
2026-07-04T20:22:11,pid_hot_humid_bursty_r1,pid,hot_humid,bursty,1,44.157,43.857,43.657,41.157,25.0,45.0,60.0,,59.672000000000025,1.19,35.6,,,0,trial
2026-07-04T20:22:11,pid_hot_humid_bursty_r1,pid,hot_humid,bursty,1,44.154,43.854,43.654,41.154,25.0,45.0,60.0,,59.672000000000025,1.19,35.59,,,0,trial
2026-07-04T20:22:11,pid_hot_humid_bursty_r1,pid,hot_humid,bursty,1,44.15,43.85,43.65,41.15,25.0,45.0,60.0,,59.672000000000025,1.19,35.58,,,0,trial
2026-07-04T20:22:11,pid_hot_humid_bursty_r1,pid,hot_humid,bursty,1,44.147,43.847,43.647,41.147,25.0,45.0,60.0,,59.672000000000025,1.19,35.57,,,0,trial
2026-07-04T20:22:11,pid_hot_humid_bursty_r1,pid,hot_humid,bursty,1,44.144,43.844,43.644,41.144,25.0,45.0,60.0,,59.672000000000025,1.19,35.56,,,0,trial
2026-07-04T20:22:11,pid_hot_humid_bursty_r1,pid,hot_humid,bursty,1,44.141,43.841,43.641,41.141,25.0,45.0,60.0,,59.672000000000025,1.19,35.54,,,0,trial
2026-07-04T20:22:11,pid_hot_humid_bursty_r1,pid,hot_humid,bursty,1,44.137,43.837,43.637,41.137,25.0,45.0,60.0,,59.672000000000025,1.19,35.53,,,0,trial
2026-07-04T20:22:11,pid_hot_humid_bursty_r1,pid,hot_humid,bursty,1,44.134,43.834,43.634,41.134,25.0,45.0,60.0,,59.672000000000025,1.19,35.52,,,0,trial
2026-07-04T20:22:11,pid_hot_humid_bursty_r1,pid,hot_humid,bursty,1,44.131,43.831,43.631,41.131,25.0,45.0,60.0,,59.672000000000025,1.19,35.51,,,0,trial
2026-07-04T20:22:11,pid_hot_humid_bursty_r1,pid,hot_humid,bursty,1,44.128,43.828,43.628,41.128,25.0,45.0,60.0,,59.672000000000025,1.19,35.5,,,0,trial
2026-07-04T20:22:11,pid_hot_humid_bursty_r1,pid,hot_humid,bursty,1,44.124,43.824,43.624,41.124,25.0,45.0,60.0,,59.672000000000025,1.19,35.48,,,0,trial
2026-07-04T20:22:11,pid_hot_humid_bursty_r1,pid,hot_humid,bursty,1,44.121,43.821,43.621,41.121,25.0,45.0,60.0,,59.672000000000025,1.19,35.47,,,0,trial
2026-07-04T20:22:11,pid_hot_humid_bursty_r1,pid,hot_humid,bursty,1,44.118,43.818,43.618,41.118,25.0,45.0,60.0,,59.672000000000025,1.19,35.46,,,0,trial
2026-07-04T20:22:11,pid_hot_humid_bursty_r1,pid,hot_humid,bursty,1,44.115,43.815,43.615,41.115,25.0,45.0,60.0,,59.672000000000025,1.19,35.45,,,0,trial
2026-07-04T20:22:11,pid_hot_humid_bursty_r1,pid,hot_humid,bursty,1,44.111,43.811,43.611,41.111,25.0,45.0,60.0,,59.672000000000025,1.19,35.44,,,0,trial
2026-07-04T20:22:11,pid_hot_humid_bursty_r1,pid,hot_humid,bursty,1,44.105,43.805,43.605,41.105,25.0,45.0,60.0,,58.863999999999976,1.18,35.42,,,0,trial
2026-07-04T20:22:11,pid_hot_humid_bursty_r1,pid,hot_humid,bursty,1,44.102,43.802,43.602,41.102,25.0,45.0,60.0,,58.863999999999976,1.18,35.41,,,0,trial
2026-07-04T20:22:11,pid_hot_humid_bursty_r1,pid,hot_humid,bursty,1,44.099,43.799,43.599,41.099,25.0,45.0,60.0,,58.863999999999976,1.18,35.4,,,0,trial
2026-07-04T20:22:11,pid_hot_humid_bursty_r1,pid,hot_humid,bursty,1,44.096,43.796,43.596,41.096,25.0,45.0,60.0,,58.863999999999976,1.18,35.39,,,0,trial
2026-07-04T20:22:11,pid_hot_humid_bursty_r1,pid,hot_humid,bursty,1,44.093,43.793,43.593,41.093,25.0,45.0,60.0,,58.863999999999976,1.18,35.37,,,0,trial
2026-07-04T20:22:11,pid_hot_humid_bursty_r1,pid,hot_humid,bursty,1,44.089,43.789,43.589,41.089,25.0,45.0,60.0,,58.863999999999976,1.18,35.36,,,0,trial
2026-07-04T20:22:11,pid_hot_humid_bursty_r1,pid,hot_humid,bursty,1,44.086,43.786,43.586,41.086,25.0,45.0,60.0,,58.863999999999976,1.18,35.35,,,0,trial
2026-07-04T20:22:11,pid_hot_humid_bursty_r1,pid,hot_humid,bursty,1,44.083,43.783,43.583,41.083,25.0,45.0,60.0,,58.863999999999976,1.18,35.34,,,0,trial
2026-07-04T20:22:11,pid_hot_humid_bursty_r1,pid,hot_humid,bursty,1,44.08,43.78,43.58,41.08,25.0,45.0,60.0,,58.863999999999976,1.18,35.33,,,0,trial
2026-07-04T20:22:11,pid_hot_humid_bursty_r1,pid,hot_humid,bursty,1,44.077,43.777,43.577,41.077,25.0,45.0,60.0,,58.863999999999976,1.18,35.31,,,0,trial
2026-07-04T20:22:11,pid_hot_humid_bursty_r1,pid,hot_humid,bursty,1,44.074,43.774,43.574,41.074,25.0,45.0,60.0,,58.863999999999976,1.18,35.3,,,0,trial
2026-07-04T20:22:11,pid_hot_humid_bursty_r1,pid,hot_humid,bursty,1,44.071,43.771,43.571,41.071,25.0,45.0,60.0,,58.863999999999976,1.18,35.29,,,0,trial
2026-07-04T20:22:11,pid_hot_humid_bursty_r1,pid,hot_humid,bursty,1,44.068,43.768,43.568,41.068,25.0,45.0,60.0,,58.863999999999976,1.18,35.28,,,0,trial
2026-07-04T20:22:11,pid_hot_humid_bursty_r1,pid,hot_humid,bursty,1,44.064,43.764,43.564,41.064,25.0,45.0,60.0,,58.863999999999976,1.18,35.26,,,0,trial
2026-07-04T20:22:11,pid_hot_humid_bursty_r1,pid,hot_humid,bursty,1,44.061,43.761,43.561,41.061,25.0,45.0,60.0,,58.863999999999976,1.18,35.25,,,0,trial
2026-07-04T20:22:11,pid_hot_humid_bursty_r1,pid,hot_humid,bursty,1,44.058,43.758,43.558,41.058,25.0,45.0,60.0,,58.863999999999976,1.18,35.24,,,0,trial
2026-07-04T20:22:11,pid_hot_humid_bursty_r1,pid,hot_humid,bursty,1,44.055,43.755,43.555,41.055,25.0,45.0,60.0,,58.863999999999976,1.18,35.23,,,0,trial
2026-07-04T20:22:11,pid_hot_humid_bursty_r1,pid,hot_humid,bursty,1,44.052,43.752,43.552,41.052,25.0,45.0,60.0,,58.863999999999976,1.18,35.21,,,0,trial
2026-07-04T20:22:11,pid_hot_humid_bursty_r1,pid,hot_humid,bursty,1,44.049,43.749,43.549,41.049,25.0,45.0,60.0,,58.863999999999976,1.18,35.2,,,0,trial
2026-07-04T20:22:11,pid_hot_humid_bursty_r1,pid,hot_humid,bursty,1,44.046,43.746,43.546,41.046,25.0,45.0,60.0,,58.863999999999976,1.18,35.19,,,0,trial
2026-07-04T20:22:11,pid_hot_humid_bursty_r1,pid,hot_humid,bursty,1,44.043,43.743,43.543,41.043,25.0,45.0,60.0,,58.863999999999976,1.18,35.18,,,0,trial
2026-07-04T20:22:11,pid_hot_humid_bursty_r1,pid,hot_humid,bursty,1,44.04,43.74,43.54,41.04,25.0,45.0,60.0,,58.863999999999976,1.18,35.16,,,0,trial
2026-07-04T20:22:11,pid_hot_humid_bursty_r1,pid,hot_humid,bursty,1,44.037,43.737,43.537,41.037,25.0,45.0,60.0,,58.863999999999976,1.18,35.15,,,0,trial
2026-07-04T20:22:11,pid_hot_humid_bursty_r1,pid,hot_humid,bursty,1,44.033,43.733,43.533,41.033,25.0,45.0,60.0,,58.863999999999976,1.18,35.14,,,0,trial
2026-07-04T20:22:11,pid_hot_humid_bursty_r1,pid,hot_humid,bursty,1,44.03,43.73,43.53,41.03,25.0,45.0,60.0,,58.863999999999976,1.18,35.13,,,0,trial
2026-07-04T20:22:11,pid_hot_humid_bursty_r1,pid,hot_humid,bursty,1,44.027,43.727,43.527,41.027,25.0,45.0,60.0,,58.863999999999976,1.18,35.11,,,0,trial
2026-07-04T20:22:11,pid_hot_humid_bursty_r1,pid,hot_humid,bursty,1,44.024,43.724,43.524,41.024,25.0,45.0,60.0,,58.863999999999976,1.18,35.1,,,0,trial
2026-07-04T20:22:11,pid_hot_humid_bursty_r1,pid,hot_humid,bursty,1,44.021,43.721,43.521,41.021,25.0,45.0,60.0,,58.863999999999976,1.18,35.09,,,0,trial
2026-07-04T20:22:11,pid_hot_humid_bursty_r1,pid,hot_humid,bursty,1,44.018,43.718,43.518,41.018,25.0,45.0,60.0,,58.863999999999976,1.18,35.07,,,0,trial
2026-07-04T20:22:11,pid_hot_humid_bursty_r1,pid,hot_humid,bursty,1,44.015,43.715,43.515,41.015,25.0,45.0,60.0,,58.863999999999976,1.18,35.06,,,0,trial
2026-07-04T20:22:11,pid_hot_humid_bursty_r1,pid,hot_humid,bursty,1,44.009,43.709,43.509,41.009,25.0,45.0,60.0,,58.096000000000004,1.16,35.05,,,0,trial
2026-07-04T20:22:11,pid_hot_humid_bursty_r1,pid,hot_humid,bursty,1,44.006,43.706,43.506,41.006,25.0,45.0,60.0,,58.096000000000004,1.16,35.04,,,0,trial
2026-07-04T20:22:11,pid_hot_humid_bursty_r1,pid,hot_humid,bursty,1,44.003,43.703,43.503,41.003,25.0,45.0,60.0,,58.096000000000004,1.16,35.02,,,0,trial
2026-07-04T20:22:11,pid_hot_humid_bursty_r1,pid,hot_humid,bursty,1,44.0,43.7,43.5,41.0,25.0,45.0,60.0,,58.096000000000004,1.16,35.01,,,0,trial
2026-07-04T20:22:11,pid_hot_humid_bursty_r1,pid,hot_humid,bursty,1,43.997,43.697,43.497,40.997,25.0,45.0,60.0,,58.096000000000004,1.16,35.0,,,0,trial
2026-07-04T20:22:11,pid_hot_humid_bursty_r1,pid,hot_humid,bursty,1,43.994,43.694,43.494,40.994,25.0,45.0,60.0,,58.096000000000004,1.16,34.99,,,0,trial
2026-07-04T20:22:11,pid_hot_humid_bursty_r1,pid,hot_humid,bursty,1,43.991,43.691,43.491,40.991,25.0,45.0,60.0,,58.096000000000004,1.16,34.97,,,0,trial
2026-07-04T20:22:11,pid_hot_humid_bursty_r1,pid,hot_humid,bursty,1,43.988,43.688,43.488,40.988,25.0,45.0,60.0,,58.096000000000004,1.16,34.96,,,0,trial
2026-07-04T20:22:11,pid_hot_humid_bursty_r1,pid,hot_humid,bursty,1,43.985,43.685,43.485,40.985,25.0,45.0,60.0,,58.096000000000004,1.16,34.95,,,0,trial
2026-07-04T20:22:11,pid_hot_humid_bursty_r1,pid,hot_humid,bursty,1,43.982,43.682,43.482,40.982,25.0,45.0,60.0,,58.096000000000004,1.16,34.93,,,0,trial
2026-07-04T20:22:11,pid_hot_humid_bursty_r1,pid,hot_humid,bursty,1,43.979,43.679,43.479,40.979,25.0,45.0,60.0,,58.096000000000004,1.16,34.92,,,0,trial
2026-07-04T20:22:11,pid_hot_humid_bursty_r1,pid,hot_humid,bursty,1,43.976,43.676,43.476,40.976,25.0,45.0,60.0,,58.096000000000004,1.16,34.91,,,0,trial
2026-07-04T20:22:11,pid_hot_humid_bursty_r1,pid,hot_humid,bursty,1,43.973,43.673,43.473,40.973,25.0,45.0,60.0,,58.096000000000004,1.16,34.9,,,0,trial
2026-07-04T20:22:11,pid_hot_humid_bursty_r1,pid,hot_humid,bursty,1,43.97,43.67,43.47,40.97,25.0,45.0,60.0,,58.096000000000004,1.16,34.88,,,0,trial
2026-07-04T20:22:11,pid_hot_humid_bursty_r1,pid,hot_humid,bursty,1,43.967,43.667,43.467,40.967,25.0,45.0,60.0,,58.096000000000004,1.16,34.87,,,0,trial
2026-07-04T20:22:11,pid_hot_humid_bursty_r1,pid,hot_humid,bursty,1,43.964,43.664,43.464,40.964,25.0,45.0,60.0,,58.096000000000004,1.16,34.86,,,0,trial
2026-07-04T20:22:11,pid_hot_humid_bursty_r1,pid,hot_humid,bursty,1,43.961,43.661,43.461,40.961,25.0,45.0,60.0,,58.096000000000004,1.16,34.84,,,0,trial
2026-07-04T20:22:11,pid_hot_humid_bursty_r1,pid,hot_humid,bursty,1,43.958,43.658,43.458,40.958,25.0,45.0,60.0,,58.096000000000004,1.16,34.83,,,0,trial
2026-07-04T20:22:11,pid_hot_humid_bursty_r1,pid,hot_humid,bursty,1,43.955,43.655,43.455,40.955,25.0,45.0,60.0,,58.096000000000004,1.16,34.82,,,0,trial
2026-07-04T20:22:11,pid_hot_humid_bursty_r1,pid,hot_humid,bursty,1,43.952,43.652,43.452,40.952,25.0,45.0,60.0,,58.096000000000004,1.16,34.81,,,0,trial
2026-07-04T20:22:11,pid_hot_humid_bursty_r1,pid,hot_humid,bursty,1,43.949,43.649,43.449,40.949,25.0,45.0,60.0,,58.096000000000004,1.16,34.79,,,0,trial
2026-07-04T20:22:11,pid_hot_humid_bursty_r1,pid,hot_humid,bursty,1,43.946,43.646,43.446,40.946,25.0,45.0,60.0,,58.096000000000004,1.16,34.78,,,0,trial
2026-07-04T20:22:11,pid_hot_humid_bursty_r1,pid,hot_humid,bursty,1,43.943,43.643,43.443,40.943,25.0,45.0,60.0,,58.096000000000004,1.16,34.77,,,0,trial
2026-07-04T20:22:11,pid_hot_humid_bursty_r1,pid,hot_humid,bursty,1,43.94,43.64,43.44,40.94,25.0,45.0,60.0,,58.096000000000004,1.16,34.75,,,0,trial
2026-07-04T20:22:11,pid_hot_humid_bursty_r1,pid,hot_humid,bursty,1,43.937,43.637,43.437,40.937,25.0,45.0,60.0,,58.096000000000004,1.16,34.74,,,0,trial
2026-07-04T20:22:11,pid_hot_humid_bursty_r1,pid,hot_humid,bursty,1,43.934,43.634,43.434,40.934,25.0,45.0,60.0,,58.096000000000004,1.16,34.73,,,0,trial
2026-07-04T20:22:11,pid_hot_humid_bursty_r1,pid,hot_humid,bursty,1,43.931,43.631,43.431,40.931,25.0,45.0,60.0,,58.096000000000004,1.16,34.71,,,0,trial
2026-07-04T20:22:11,pid_hot_humid_bursty_r1,pid,hot_humid,bursty,1,43.928,43.628,43.428,40.928,25.0,45.0,60.0,,58.096000000000004,1.16,34.7,,,0,trial
2026-07-04T20:22:11,pid_hot_humid_bursty_r1,pid,hot_humid,bursty,1,43.925,43.625,43.425,40.925,25.0,45.0,60.0,,58.096000000000004,1.16,34.69,,,0,trial
2026-07-04T20:22:11,pid_hot_humid_bursty_r1,pid,hot_humid,bursty,1,43.923,43.623,43.423,40.923,25.0,45.0,60.0,,58.096000000000004,1.16,34.68,,,0,trial
2026-07-04T20:22:11,pid_hot_humid_bursty_r1,pid,hot_humid,bursty,1,43.917,43.617,43.417,40.917,25.0,45.0,60.0,,57.360000000000014,1.15,34.66,,,0,trial
2026-07-04T20:22:11,pid_hot_humid_bursty_r1,pid,hot_humid,bursty,1,43.914,43.614,43.414,40.914,25.0,45.0,60.0,,57.360000000000014,1.15,34.65,,,0,trial
2026-07-04T20:22:11,pid_hot_humid_bursty_r1,pid,hot_humid,bursty,1,43.911,43.611,43.411,40.911,25.0,45.0,60.0,,57.360000000000014,1.15,34.64,,,0,trial
2026-07-04T20:22:11,pid_hot_humid_bursty_r1,pid,hot_humid,bursty,1,43.908,43.608,43.408,40.908,25.0,45.0,60.0,,57.360000000000014,1.15,34.62,,,0,trial
2026-07-04T20:22:11,pid_hot_humid_bursty_r1,pid,hot_humid,bursty,1,43.905,43.605,43.405,40.905,25.0,45.0,60.0,,57.360000000000014,1.15,34.61,,,0,trial
2026-07-04T20:22:11,pid_hot_humid_bursty_r1,pid,hot_humid,bursty,1,43.902,43.602,43.402,40.902,25.0,45.0,60.0,,57.360000000000014,1.15,34.6,,,0,trial
2026-07-04T20:22:11,pid_hot_humid_bursty_r1,pid,hot_humid,bursty,1,43.9,43.6,43.4,40.9,25.0,45.0,60.0,,57.360000000000014,1.15,34.58,,,0,trial
2026-07-04T20:22:11,pid_hot_humid_bursty_r1,pid,hot_humid,bursty,1,43.897,43.597,43.397,40.897,25.0,45.0,60.0,,57.360000000000014,1.15,34.57,,,0,trial
2026-07-04T20:22:11,pid_hot_humid_bursty_r1,pid,hot_humid,bursty,1,43.894,43.594,43.394,40.894,25.0,45.0,60.0,,57.360000000000014,1.15,34.56,,,0,trial
2026-07-04T20:22:11,pid_hot_humid_bursty_r1,pid,hot_humid,bursty,1,43.891,43.591,43.391,40.891,25.0,45.0,60.0,,57.360000000000014,1.15,34.55,,,0,trial
2026-07-04T20:22:11,pid_hot_humid_bursty_r1,pid,hot_humid,bursty,1,43.888,43.588,43.388,40.888,25.0,45.0,60.0,,57.360000000000014,1.15,34.53,,,0,trial
2026-07-04T20:22:11,pid_hot_humid_bursty_r1,pid,hot_humid,bursty,1,43.885,43.585,43.385,40.885,25.0,45.0,60.0,,57.360000000000014,1.15,34.52,,,0,trial
2026-07-04T20:22:11,pid_hot_humid_bursty_r1,pid,hot_humid,bursty,1,43.882,43.582,43.382,40.882,25.0,45.0,60.0,,57.360000000000014,1.15,34.51,,,0,trial
2026-07-04T20:22:11,pid_hot_humid_bursty_r1,pid,hot_humid,bursty,1,43.88,43.58,43.38,40.88,25.0,45.0,60.0,,57.360000000000014,1.15,34.49,,,0,trial
2026-07-04T20:22:11,pid_hot_humid_bursty_r1,pid,hot_humid,bursty,1,43.877,43.577,43.377,40.877,25.0,45.0,60.0,,57.360000000000014,1.15,34.48,,,0,trial
2026-07-04T20:22:11,pid_hot_humid_bursty_r1,pid,hot_humid,bursty,1,43.874,43.574,43.374,40.874,25.0,45.0,60.0,,57.360000000000014,1.15,34.47,,,0,trial
2026-07-04T20:22:11,pid_hot_humid_bursty_r1,pid,hot_humid,bursty,1,43.871,43.571,43.371,40.871,25.0,45.0,60.0,,57.360000000000014,1.15,34.45,,,0,trial
2026-07-04T20:22:11,pid_hot_humid_bursty_r1,pid,hot_humid,bursty,1,43.868,43.568,43.368,40.868,25.0,45.0,60.0,,57.360000000000014,1.15,34.44,,,0,trial
2026-07-04T20:22:11,pid_hot_humid_bursty_r1,pid,hot_humid,bursty,1,43.865,43.565,43.365,40.865,25.0,45.0,60.0,,57.360000000000014,1.15,34.43,,,0,trial
2026-07-04T20:22:11,pid_hot_humid_bursty_r1,pid,hot_humid,bursty,1,43.862,43.562,43.362,40.862,25.0,45.0,60.0,,57.360000000000014,1.15,34.41,,,0,trial
2026-07-04T20:22:11,pid_hot_humid_bursty_r1,pid,hot_humid,bursty,1,43.86,43.56,43.36,40.86,25.0,45.0,60.0,,57.360000000000014,1.15,34.4,,,0,trial
2026-07-04T20:22:11,pid_hot_humid_bursty_r1,pid,hot_humid,bursty,1,43.857,43.557,43.357,40.857,25.0,45.0,60.0,,57.360000000000014,1.15,34.39,,,0,trial
2026-07-04T20:22:11,pid_hot_humid_bursty_r1,pid,hot_humid,bursty,1,43.854,43.554,43.354,40.854,25.0,45.0,60.0,,57.360000000000014,1.15,34.38,,,0,trial
2026-07-04T20:22:11,pid_hot_humid_bursty_r1,pid,hot_humid,bursty,1,43.851,43.551,43.351,40.851,25.0,45.0,60.0,,57.360000000000014,1.15,34.36,,,0,trial
2026-07-04T20:22:11,pid_hot_humid_bursty_r1,pid,hot_humid,bursty,1,43.848,43.548,43.348,40.848,25.0,45.0,60.0,,57.360000000000014,1.15,34.35,,,0,trial
2026-07-04T20:22:11,pid_hot_humid_bursty_r1,pid,hot_humid,bursty,1,43.845,43.545,43.345,40.845,25.0,45.0,60.0,,57.360000000000014,1.15,34.34,,,0,trial
2026-07-04T20:22:11,pid_hot_humid_bursty_r1,pid,hot_humid,bursty,1,43.843,43.543,43.343,40.843,25.0,45.0,60.0,,57.360000000000014,1.15,34.32,,,0,trial
2026-07-04T20:22:11,pid_hot_humid_bursty_r1,pid,hot_humid,bursty,1,43.84,43.54,43.34,40.84,25.0,45.0,60.0,,57.360000000000014,1.15,34.31,,,0,trial
2026-07-04T20:22:11,pid_hot_humid_bursty_r1,pid,hot_humid,bursty,1,43.837,43.537,43.337,40.837,25.0,45.0,60.0,,57.360000000000014,1.15,34.3,,,0,trial
2026-07-04T20:22:11,pid_hot_humid_bursty_r1,pid,hot_humid,bursty,1,43.834,43.534,43.334,40.834,25.0,45.0,60.0,,57.360000000000014,1.15,34.28,,,0,trial
2026-07-04T20:22:11,pid_hot_humid_bursty_r1,pid,hot_humid,bursty,1,43.852,43.552,43.352,40.852,25.0,45.0,150.0,,56.74400000000003,1.13,34.27,,,0,trial
2026-07-04T20:22:11,pid_hot_humid_bursty_r1,pid,hot_humid,bursty,1,43.861,43.561,43.361,40.861,25.0,45.0,150.0,,56.74400000000003,1.13,34.26,,,0,trial
2026-07-04T20:22:11,pid_hot_humid_bursty_r1,pid,hot_humid,bursty,1,43.87,43.57,43.37,40.87,25.0,45.0,150.0,,56.74400000000003,1.13,34.24,,,0,trial
2026-07-04T20:22:11,pid_hot_humid_bursty_r1,pid,hot_humid,bursty,1,43.879,43.579,43.379,40.879,25.0,45.0,150.0,,56.74400000000003,1.13,34.23,,,0,trial
2026-07-04T20:22:11,pid_hot_humid_bursty_r1,pid,hot_humid,bursty,1,43.889,43.589,43.389,40.889,25.0,45.0,150.0,,56.74400000000003,1.13,34.22,,,0,trial
2026-07-04T20:22:11,pid_hot_humid_bursty_r1,pid,hot_humid,bursty,1,43.898,43.598,43.398,40.898,25.0,45.0,150.0,,56.74400000000003,1.13,34.21,,,0,trial
2026-07-04T20:22:11,pid_hot_humid_bursty_r1,pid,hot_humid,bursty,1,43.907,43.607,43.407,40.907,25.0,45.0,150.0,,56.74400000000003,1.13,34.19,,,0,trial
2026-07-04T20:22:11,pid_hot_humid_bursty_r1,pid,hot_humid,bursty,1,43.916,43.616,43.416,40.916,25.0,45.0,150.0,,56.74400000000003,1.13,34.18,,,0,trial
2026-07-04T20:22:11,pid_hot_humid_bursty_r1,pid,hot_humid,bursty,1,43.925,43.625,43.425,40.925,25.0,45.0,150.0,,56.74400000000003,1.13,34.17,,,0,trial
2026-07-04T20:22:11,pid_hot_humid_bursty_r1,pid,hot_humid,bursty,1,43.934,43.634,43.434,40.934,25.0,45.0,150.0,,56.74400000000003,1.13,34.15,,,0,trial
2026-07-04T20:22:11,pid_hot_humid_bursty_r1,pid,hot_humid,bursty,1,43.943,43.643,43.443,40.943,25.0,45.0,150.0,,56.74400000000003,1.13,34.14,,,0,trial
2026-07-04T20:22:11,pid_hot_humid_bursty_r1,pid,hot_humid,bursty,1,43.952,43.652,43.452,40.952,25.0,45.0,150.0,,56.74400000000003,1.13,34.13,,,0,trial
2026-07-04T20:22:11,pid_hot_humid_bursty_r1,pid,hot_humid,bursty,1,43.961,43.661,43.461,40.961,25.0,45.0,150.0,,56.74400000000003,1.13,34.11,,,0,trial
2026-07-04T20:22:11,pid_hot_humid_bursty_r1,pid,hot_humid,bursty,1,43.97,43.67,43.47,40.97,25.0,45.0,150.0,,56.74400000000003,1.13,34.1,,,0,trial
2026-07-04T20:22:11,pid_hot_humid_bursty_r1,pid,hot_humid,bursty,1,43.979,43.679,43.479,40.979,25.0,45.0,150.0,,56.74400000000003,1.13,34.09,,,0,trial
2026-07-04T20:22:11,pid_hot_humid_bursty_r1,pid,hot_humid,bursty,1,43.988,43.688,43.488,40.988,25.0,45.0,150.0,,56.74400000000003,1.13,34.07,,,0,trial
2026-07-04T20:22:11,pid_hot_humid_bursty_r1,pid,hot_humid,bursty,1,43.997,43.697,43.497,40.997,25.0,45.0,150.0,,56.74400000000003,1.13,34.06,,,0,trial
2026-07-04T20:22:11,pid_hot_humid_bursty_r1,pid,hot_humid,bursty,1,44.006,43.706,43.506,41.006,25.0,45.0,150.0,,56.74400000000003,1.13,34.05,,,0,trial
2026-07-04T20:22:11,pid_hot_humid_bursty_r1,pid,hot_humid,bursty,1,44.015,43.715,43.515,41.015,25.0,45.0,150.0,,56.74400000000003,1.13,34.04,,,0,trial
2026-07-04T20:22:11,pid_hot_humid_bursty_r1,pid,hot_humid,bursty,1,44.024,43.724,43.524,41.024,25.0,45.0,150.0,,56.74400000000003,1.13,34.02,,,0,trial
2026-07-04T20:22:11,pid_hot_humid_bursty_r1,pid,hot_humid,bursty,1,44.033,43.733,43.533,41.033,25.0,45.0,150.0,,56.74400000000003,1.13,34.01,,,0,trial
2026-07-04T20:22:11,pid_hot_humid_bursty_r1,pid,hot_humid,bursty,1,44.042,43.742,43.542,41.042,25.0,45.0,150.0,,56.74400000000003,1.13,34.0,,,0,trial
2026-07-04T20:22:11,pid_hot_humid_bursty_r1,pid,hot_humid,bursty,1,44.051,43.751,43.551,41.051,25.0,45.0,150.0,,56.74400000000003,1.13,33.98,,,0,trial
2026-07-04T20:22:11,pid_hot_humid_bursty_r1,pid,hot_humid,bursty,1,44.06,43.76,43.56,41.06,25.0,45.0,150.0,,56.74400000000003,1.13,33.97,,,0,trial
2026-07-04T20:22:11,pid_hot_humid_bursty_r1,pid,hot_humid,bursty,1,44.069,43.769,43.569,41.069,25.0,45.0,150.0,,56.74400000000003,1.13,33.96,,,0,trial
2026-07-04T20:22:11,pid_hot_humid_bursty_r1,pid,hot_humid,bursty,1,44.078,43.778,43.578,41.078,25.0,45.0,150.0,,56.74400000000003,1.13,33.94,,,0,trial
2026-07-04T20:22:11,pid_hot_humid_bursty_r1,pid,hot_humid,bursty,1,44.087,43.787,43.587,41.087,25.0,45.0,150.0,,56.74400000000003,1.13,33.93,,,0,trial
2026-07-04T20:22:11,pid_hot_humid_bursty_r1,pid,hot_humid,bursty,1,44.096,43.796,43.596,41.096,25.0,45.0,150.0,,56.74400000000003,1.13,33.92,,,0,trial
2026-07-04T20:22:11,pid_hot_humid_bursty_r1,pid,hot_humid,bursty,1,44.105,43.805,43.605,41.105,25.0,45.0,150.0,,56.74400000000003,1.13,33.91,,,0,trial
2026-07-04T20:22:11,pid_hot_humid_bursty_r1,pid,hot_humid,bursty,1,44.113,43.813,43.613,41.113,25.0,45.0,150.0,,56.74400000000003,1.13,33.89,,,0,trial
2026-07-04T20:22:11,pid_hot_humid_bursty_r1,pid,hot_humid,bursty,1,44.131,43.831,43.631,41.131,25.0,45.0,150.0,,58.976,1.18,33.88,,,0,trial
2026-07-04T20:22:11,pid_hot_humid_bursty_r1,pid,hot_humid,bursty,1,44.14,43.84,43.64,41.14,25.0,45.0,150.0,,58.976,1.18,33.87,,,0,trial
2026-07-04T20:22:11,pid_hot_humid_bursty_r1,pid,hot_humid,bursty,1,44.148,43.848,43.648,41.148,25.0,45.0,150.0,,58.976,1.18,33.85,,,0,trial
2026-07-04T20:22:11,pid_hot_humid_bursty_r1,pid,hot_humid,bursty,1,44.157,43.857,43.657,41.157,25.0,45.0,150.0,,58.976,1.18,33.84,,,0,trial
2026-07-04T20:22:11,pid_hot_humid_bursty_r1,pid,hot_humid,bursty,1,44.166,43.866,43.666,41.166,25.0,45.0,150.0,,58.976,1.18,33.83,,,0,trial
2026-07-04T20:22:11,pid_hot_humid_bursty_r1,pid,hot_humid,bursty,1,44.174,43.874,43.674,41.174,25.0,45.0,150.0,,58.976,1.18,33.82,,,0,trial
2026-07-04T20:22:11,pid_hot_humid_bursty_r1,pid,hot_humid,bursty,1,44.183,43.883,43.683,41.183,25.0,45.0,150.0,,58.976,1.18,33.8,,,0,trial
2026-07-04T20:22:11,pid_hot_humid_bursty_r1,pid,hot_humid,bursty,1,44.192,43.892,43.692,41.192,25.0,45.0,150.0,,58.976,1.18,33.79,,,0,trial
2026-07-04T20:22:11,pid_hot_humid_bursty_r1,pid,hot_humid,bursty,1,44.2,43.9,43.7,41.2,25.0,45.0,150.0,,58.976,1.18,33.78,,,0,trial
2026-07-04T20:22:11,pid_hot_humid_bursty_r1,pid,hot_humid,bursty,1,44.209,43.909,43.709,41.209,25.0,45.0,150.0,,58.976,1.18,33.76,,,0,trial
2026-07-04T20:22:11,pid_hot_humid_bursty_r1,pid,hot_humid,bursty,1,44.218,43.918,43.718,41.218,25.0,45.0,150.0,,58.976,1.18,33.75,,,0,trial
2026-07-04T20:22:11,pid_hot_humid_bursty_r1,pid,hot_humid,bursty,1,44.226,43.926,43.726,41.226,25.0,45.0,150.0,,58.976,1.18,33.74,,,0,trial
2026-07-04T20:22:11,pid_hot_humid_bursty_r1,pid,hot_humid,bursty,1,44.235,43.935,43.735,41.235,25.0,45.0,150.0,,58.976,1.18,33.73,,,0,trial
2026-07-04T20:22:11,pid_hot_humid_bursty_r1,pid,hot_humid,bursty,1,44.243,43.943,43.743,41.243,25.0,45.0,150.0,,58.976,1.18,33.71,,,0,trial
2026-07-04T20:22:11,pid_hot_humid_bursty_r1,pid,hot_humid,bursty,1,44.252,43.952,43.752,41.252,25.0,45.0,150.0,,58.976,1.18,33.7,,,0,trial
2026-07-04T20:22:11,pid_hot_humid_bursty_r1,pid,hot_humid,bursty,1,44.261,43.961,43.761,41.261,25.0,45.0,150.0,,58.976,1.18,33.69,,,0,trial
2026-07-04T20:22:11,pid_hot_humid_bursty_r1,pid,hot_humid,bursty,1,44.269,43.969,43.769,41.269,25.0,45.0,150.0,,58.976,1.18,33.67,,,0,trial
2026-07-04T20:22:11,pid_hot_humid_bursty_r1,pid,hot_humid,bursty,1,44.278,43.978,43.778,41.278,25.0,45.0,150.0,,58.976,1.18,33.66,,,0,trial
2026-07-04T20:22:11,pid_hot_humid_bursty_r1,pid,hot_humid,bursty,1,44.286,43.986,43.786,41.286,25.0,45.0,150.0,,58.976,1.18,33.65,,,0,trial
2026-07-04T20:22:11,pid_hot_humid_bursty_r1,pid,hot_humid,bursty,1,44.295,43.995,43.795,41.295,25.0,45.0,150.0,,58.976,1.18,33.64,,,0,trial
2026-07-04T20:22:11,pid_hot_humid_bursty_r1,pid,hot_humid,bursty,1,44.304,44.004,43.804,41.304,25.0,45.0,150.0,,58.976,1.18,33.62,,,0,trial
2026-07-04T20:22:11,pid_hot_humid_bursty_r1,pid,hot_humid,bursty,1,44.312,44.012,43.812,41.312,25.0,45.0,150.0,,58.976,1.18,33.61,,,0,trial
2026-07-04T20:22:11,pid_hot_humid_bursty_r1,pid,hot_humid,bursty,1,44.321,44.021,43.821,41.321,25.0,45.0,150.0,,58.976,1.18,33.6,,,0,trial
2026-07-04T20:22:11,pid_hot_humid_bursty_r1,pid,hot_humid,bursty,1,44.329,44.029,43.829,41.329,25.0,45.0,150.0,,58.976,1.18,33.58,,,0,trial
2026-07-04T20:22:11,pid_hot_humid_bursty_r1,pid,hot_humid,bursty,1,44.338,44.038,43.838,41.338,25.0,45.0,150.0,,58.976,1.18,33.57,,,0,trial
2026-07-04T20:22:11,pid_hot_humid_bursty_r1,pid,hot_humid,bursty,1,44.347,44.047,43.847,41.347,25.0,45.0,150.0,,58.976,1.18,33.56,,,0,trial
2026-07-04T20:22:11,pid_hot_humid_bursty_r1,pid,hot_humid,bursty,1,44.355,44.055,43.855,41.355,25.0,45.0,150.0,,58.976,1.18,33.55,,,0,trial
2026-07-04T20:22:11,pid_hot_humid_bursty_r1,pid,hot_humid,bursty,1,44.364,44.064,43.864,41.364,25.0,45.0,150.0,,58.976,1.18,33.53,,,0,trial
2026-07-04T20:22:11,pid_hot_humid_bursty_r1,pid,hot_humid,bursty,1,44.372,44.072,43.872,41.372,25.0,45.0,150.0,,58.976,1.18,33.52,,,0,trial
2026-07-04T20:22:11,pid_hot_humid_bursty_r1,pid,hot_humid,bursty,1,44.381,44.081,43.881,41.381,25.0,45.0,150.0,,58.976,1.18,33.51,,,0,trial
2026-07-04T20:22:11,pid_hot_humid_bursty_r1,pid,hot_humid,bursty,1,44.398,44.098,43.898,41.398,25.0,45.0,150.0,,61.11200000000002,1.22,33.5,,,0,trial
2026-07-04T20:22:11,pid_hot_humid_bursty_r1,pid,hot_humid,bursty,1,44.406,44.106,43.906,41.406,25.0,45.0,150.0,,61.11200000000002,1.22,33.48,,,0,trial
2026-07-04T20:22:11,pid_hot_humid_bursty_r1,pid,hot_humid,bursty,1,44.414,44.114,43.914,41.414,25.0,45.0,150.0,,61.11200000000002,1.22,33.47,,,0,trial
2026-07-04T20:22:11,pid_hot_humid_bursty_r1,pid,hot_humid,bursty,1,44.422,44.122,43.922,41.422,25.0,45.0,150.0,,61.11200000000002,1.22,33.46,,,0,trial
2026-07-04T20:22:11,pid_hot_humid_bursty_r1,pid,hot_humid,bursty,1,44.431,44.131,43.931,41.431,25.0,45.0,150.0,,61.11200000000002,1.22,33.45,,,0,trial
2026-07-04T20:22:11,pid_hot_humid_bursty_r1,pid,hot_humid,bursty,1,44.439,44.139,43.939,41.439,25.0,45.0,150.0,,61.11200000000002,1.22,33.43,,,0,trial
2026-07-04T20:22:11,pid_hot_humid_bursty_r1,pid,hot_humid,bursty,1,44.447,44.147,43.947,41.447,25.0,45.0,150.0,,61.11200000000002,1.22,33.42,,,0,trial
2026-07-04T20:22:11,pid_hot_humid_bursty_r1,pid,hot_humid,bursty,1,44.455,44.155,43.955,41.455,25.0,45.0,150.0,,61.11200000000002,1.22,33.41,,,0,trial
2026-07-04T20:22:11,pid_hot_humid_bursty_r1,pid,hot_humid,bursty,1,44.464,44.164,43.964,41.464,25.0,45.0,150.0,,61.11200000000002,1.22,33.4,,,0,trial
2026-07-04T20:22:11,pid_hot_humid_bursty_r1,pid,hot_humid,bursty,1,44.472,44.172,43.972,41.472,25.0,45.0,150.0,,61.11200000000002,1.22,33.38,,,0,trial
2026-07-04T20:22:11,pid_hot_humid_bursty_r1,pid,hot_humid,bursty,1,44.48,44.18,43.98,41.48,25.0,45.0,150.0,,61.11200000000002,1.22,33.37,,,0,trial
2026-07-04T20:22:11,pid_hot_humid_bursty_r1,pid,hot_humid,bursty,1,44.488,44.188,43.988,41.488,25.0,45.0,150.0,,61.11200000000002,1.22,33.36,,,0,trial
2026-07-04T20:22:11,pid_hot_humid_bursty_r1,pid,hot_humid,bursty,1,44.497,44.197,43.997,41.497,25.0,45.0,150.0,,61.11200000000002,1.22,33.35,,,0,trial
2026-07-04T20:22:11,pid_hot_humid_bursty_r1,pid,hot_humid,bursty,1,44.505,44.205,44.005,41.505,25.0,45.0,150.0,,61.11200000000002,1.22,33.33,,,0,trial
2026-07-04T20:22:11,pid_hot_humid_bursty_r1,pid,hot_humid,bursty,1,44.513,44.213,44.013,41.513,25.0,45.0,150.0,,61.11200000000002,1.22,33.32,,,0,trial
2026-07-04T20:22:11,pid_hot_humid_bursty_r1,pid,hot_humid,bursty,1,44.521,44.221,44.021,41.521,25.0,45.0,150.0,,61.11200000000002,1.22,33.31,,,0,trial
2026-07-04T20:22:11,pid_hot_humid_bursty_r1,pid,hot_humid,bursty,1,44.53,44.23,44.03,41.53,25.0,45.0,150.0,,61.11200000000002,1.22,33.3,,,0,trial
2026-07-04T20:22:11,pid_hot_humid_bursty_r1,pid,hot_humid,bursty,1,44.538,44.238,44.038,41.538,25.0,45.0,150.0,,61.11200000000002,1.22,33.28,,,0,trial
2026-07-04T20:22:11,pid_hot_humid_bursty_r1,pid,hot_humid,bursty,1,44.546,44.246,44.046,41.546,25.0,45.0,150.0,,61.11200000000002,1.22,33.27,,,0,trial
2026-07-04T20:22:11,pid_hot_humid_bursty_r1,pid,hot_humid,bursty,1,44.554,44.254,44.054,41.554,25.0,45.0,150.0,,61.11200000000002,1.22,33.26,,,0,trial
2026-07-04T20:22:11,pid_hot_humid_bursty_r1,pid,hot_humid,bursty,1,44.562,44.262,44.062,41.562,25.0,45.0,150.0,,61.11200000000002,1.22,33.25,,,0,trial
2026-07-04T20:22:11,pid_hot_humid_bursty_r1,pid,hot_humid,bursty,1,44.571,44.271,44.071,41.571,25.0,45.0,150.0,,61.11200000000002,1.22,33.24,,,0,trial
2026-07-04T20:22:11,pid_hot_humid_bursty_r1,pid,hot_humid,bursty,1,44.579,44.279,44.079,41.579,25.0,45.0,150.0,,61.11200000000002,1.22,33.22,,,0,trial
2026-07-04T20:22:11,pid_hot_humid_bursty_r1,pid,hot_humid,bursty,1,44.587,44.287,44.087,41.587,25.0,45.0,150.0,,61.11200000000002,1.22,33.21,,,0,trial
2026-07-04T20:22:11,pid_hot_humid_bursty_r1,pid,hot_humid,bursty,1,44.595,44.295,44.095,41.595,25.0,45.0,150.0,,61.11200000000002,1.22,33.2,,,0,trial
2026-07-04T20:22:11,pid_hot_humid_bursty_r1,pid,hot_humid,bursty,1,44.603,44.303,44.103,41.603,25.0,45.0,150.0,,61.11200000000002,1.22,33.19,,,0,trial
2026-07-04T20:22:11,pid_hot_humid_bursty_r1,pid,hot_humid,bursty,1,44.612,44.312,44.112,41.612,25.0,45.0,150.0,,61.11200000000002,1.22,33.17,,,0,trial
2026-07-04T20:22:11,pid_hot_humid_bursty_r1,pid,hot_humid,bursty,1,44.62,44.32,44.12,41.62,25.0,45.0,150.0,,61.11200000000002,1.22,33.16,,,0,trial
2026-07-04T20:22:11,pid_hot_humid_bursty_r1,pid,hot_humid,bursty,1,44.628,44.328,44.128,41.628,25.0,45.0,150.0,,61.11200000000002,1.22,33.15,,,0,trial
2026-07-04T20:22:11,pid_hot_humid_bursty_r1,pid,hot_humid,bursty,1,44.636,44.336,44.136,41.636,25.0,45.0,150.0,,61.11200000000002,1.22,33.14,,,0,trial
2026-07-04T20:22:11,pid_hot_humid_bursty_r1,pid,hot_humid,bursty,1,44.652,44.352,44.152,41.652,25.0,45.0,150.0,,63.15199999999999,1.26,33.13,,,0,trial
2026-07-04T20:22:11,pid_hot_humid_bursty_r1,pid,hot_humid,bursty,1,44.66,44.36,44.16,41.66,25.0,45.0,150.0,,63.15199999999999,1.26,33.11,,,0,trial
2026-07-04T20:22:11,pid_hot_humid_bursty_r1,pid,hot_humid,bursty,1,44.668,44.368,44.168,41.668,25.0,45.0,150.0,,63.15199999999999,1.26,33.1,,,0,trial
2026-07-04T20:22:11,pid_hot_humid_bursty_r1,pid,hot_humid,bursty,1,44.676,44.376,44.176,41.676,25.0,45.0,150.0,,63.15199999999999,1.26,33.09,,,0,trial
2026-07-04T20:22:11,pid_hot_humid_bursty_r1,pid,hot_humid,bursty,1,44.684,44.384,44.184,41.684,25.0,45.0,150.0,,63.15199999999999,1.26,33.08,,,0,trial
2026-07-04T20:22:11,pid_hot_humid_bursty_r1,pid,hot_humid,bursty,1,44.692,44.392,44.192,41.692,25.0,45.0,150.0,,63.15199999999999,1.26,33.07,,,0,trial
2026-07-04T20:22:11,pid_hot_humid_bursty_r1,pid,hot_humid,bursty,1,44.7,44.4,44.2,41.7,25.0,45.0,150.0,,63.15199999999999,1.26,33.05,,,0,trial
2026-07-04T20:22:11,pid_hot_humid_bursty_r1,pid,hot_humid,bursty,1,44.707,44.407,44.207,41.707,25.0,45.0,150.0,,63.15199999999999,1.26,33.04,,,0,trial
2026-07-04T20:22:11,pid_hot_humid_bursty_r1,pid,hot_humid,bursty,1,44.715,44.415,44.215,41.715,25.0,45.0,150.0,,63.15199999999999,1.26,33.03,,,0,trial
2026-07-04T20:22:11,pid_hot_humid_bursty_r1,pid,hot_humid,bursty,1,44.723,44.423,44.223,41.723,25.0,45.0,150.0,,63.15199999999999,1.26,33.02,,,0,trial
2026-07-04T20:22:11,pid_hot_humid_bursty_r1,pid,hot_humid,bursty,1,44.731,44.431,44.231,41.731,25.0,45.0,150.0,,63.15199999999999,1.26,33.01,,,0,trial
2026-07-04T20:22:11,pid_hot_humid_bursty_r1,pid,hot_humid,bursty,1,44.739,44.439,44.239,41.739,25.0,45.0,150.0,,63.15199999999999,1.26,32.99,,,0,trial
2026-07-04T20:22:11,pid_hot_humid_bursty_r1,pid,hot_humid,bursty,1,44.747,44.447,44.247,41.747,25.0,45.0,150.0,,63.15199999999999,1.26,32.98,,,0,trial
2026-07-04T20:22:11,pid_hot_humid_bursty_r1,pid,hot_humid,bursty,1,44.755,44.455,44.255,41.755,25.0,45.0,150.0,,63.15199999999999,1.26,32.97,,,0,trial
2026-07-04T20:22:11,pid_hot_humid_bursty_r1,pid,hot_humid,bursty,1,44.763,44.463,44.263,41.763,25.0,45.0,150.0,,63.15199999999999,1.26,32.96,,,0,trial
2026-07-04T20:22:11,pid_hot_humid_bursty_r1,pid,hot_humid,bursty,1,44.77,44.47,44.27,41.77,25.0,45.0,150.0,,63.15199999999999,1.26,32.95,,,0,trial
2026-07-04T20:22:11,pid_hot_humid_bursty_r1,pid,hot_humid,bursty,1,44.778,44.478,44.278,41.778,25.0,45.0,150.0,,63.15199999999999,1.26,32.93,,,0,trial
2026-07-04T20:22:11,pid_hot_humid_bursty_r1,pid,hot_humid,bursty,1,44.786,44.486,44.286,41.786,25.0,45.0,150.0,,63.15199999999999,1.26,32.92,,,0,trial
2026-07-04T20:22:11,pid_hot_humid_bursty_r1,pid,hot_humid,bursty,1,44.794,44.494,44.294,41.794,25.0,45.0,150.0,,63.15199999999999,1.26,32.91,,,0,trial
2026-07-04T20:22:11,pid_hot_humid_bursty_r1,pid,hot_humid,bursty,1,44.802,44.502,44.302,41.802,25.0,45.0,150.0,,63.15199999999999,1.26,32.9,,,0,trial
2026-07-04T20:22:11,pid_hot_humid_bursty_r1,pid,hot_humid,bursty,1,44.81,44.51,44.31,41.81,25.0,45.0,150.0,,63.15199999999999,1.26,32.89,,,0,trial
2026-07-04T20:22:11,pid_hot_humid_bursty_r1,pid,hot_humid,bursty,1,44.817,44.517,44.317,41.817,25.0,45.0,150.0,,63.15199999999999,1.26,32.88,,,0,trial
2026-07-04T20:22:11,pid_hot_humid_bursty_r1,pid,hot_humid,bursty,1,44.825,44.525,44.325,41.825,25.0,45.0,150.0,,63.15199999999999,1.26,32.86,,,0,trial
2026-07-04T20:22:11,pid_hot_humid_bursty_r1,pid,hot_humid,bursty,1,44.833,44.533,44.333,41.833,25.0,45.0,150.0,,63.15199999999999,1.26,32.85,,,0,trial
2026-07-04T20:22:11,pid_hot_humid_bursty_r1,pid,hot_humid,bursty,1,44.841,44.541,44.341,41.841,25.0,45.0,150.0,,63.15199999999999,1.26,32.84,,,0,trial
2026-07-04T20:22:11,pid_hot_humid_bursty_r1,pid,hot_humid,bursty,1,44.849,44.549,44.349,41.849,25.0,45.0,150.0,,63.15199999999999,1.26,32.83,,,0,trial
2026-07-04T20:22:11,pid_hot_humid_bursty_r1,pid,hot_humid,bursty,1,44.857,44.557,44.357,41.857,25.0,45.0,150.0,,63.15199999999999,1.26,32.82,,,0,trial
2026-07-04T20:22:11,pid_hot_humid_bursty_r1,pid,hot_humid,bursty,1,44.864,44.564,44.364,41.864,25.0,45.0,150.0,,63.15199999999999,1.26,32.81,,,0,trial
2026-07-04T20:22:11,pid_hot_humid_bursty_r1,pid,hot_humid,bursty,1,44.872,44.572,44.372,41.872,25.0,45.0,150.0,,63.15199999999999,1.26,32.8,,,0,trial
2026-07-04T20:22:11,pid_hot_humid_bursty_r1,pid,hot_humid,bursty,1,44.88,44.58,44.38,41.88,25.0,45.0,150.0,,63.15199999999999,1.26,32.78,,,0,trial
2026-07-04T20:22:11,pid_hot_humid_bursty_r1,pid,hot_humid,bursty,1,44.895,44.595,44.395,41.895,25.0,45.0,150.0,,65.10399999999998,1.3,32.77,,,0,trial
2026-07-04T20:22:11,pid_hot_humid_bursty_r1,pid,hot_humid,bursty,1,44.903,44.603,44.403,41.903,25.0,45.0,150.0,,65.10399999999998,1.3,32.76,,,0,trial
2026-07-04T20:22:11,pid_hot_humid_bursty_r1,pid,hot_humid,bursty,1,44.91,44.61,44.41,41.91,25.0,45.0,150.0,,65.10399999999998,1.3,32.75,,,0,trial
2026-07-04T20:22:11,pid_hot_humid_bursty_r1,pid,hot_humid,bursty,1,44.918,44.618,44.418,41.918,25.0,45.0,150.0,,65.10399999999998,1.3,32.74,,,0,trial
2026-07-04T20:22:11,pid_hot_humid_bursty_r1,pid,hot_humid,bursty,1,44.925,44.625,44.425,41.925,25.0,45.0,150.0,,65.10399999999998,1.3,32.73,,,0,trial
2026-07-04T20:22:11,pid_hot_humid_bursty_r1,pid,hot_humid,bursty,1,44.933,44.633,44.433,41.933,25.0,45.0,150.0,,65.10399999999998,1.3,32.72,,,0,trial
2026-07-04T20:22:11,pid_hot_humid_bursty_r1,pid,hot_humid,bursty,1,44.941,44.641,44.441,41.941,25.0,45.0,150.0,,65.10399999999998,1.3,32.7,,,0,trial
2026-07-04T20:22:11,pid_hot_humid_bursty_r1,pid,hot_humid,bursty,1,44.948,44.648,44.448,41.948,25.0,45.0,150.0,,65.10399999999998,1.3,32.69,,,0,trial
2026-07-04T20:22:11,pid_hot_humid_bursty_r1,pid,hot_humid,bursty,1,44.956,44.656,44.456,41.956,25.0,45.0,150.0,,65.10399999999998,1.3,32.68,,,0,trial
2026-07-04T20:22:11,pid_hot_humid_bursty_r1,pid,hot_humid,bursty,1,44.963,44.663,44.463,41.963,25.0,45.0,150.0,,65.10399999999998,1.3,32.67,,,0,trial
2026-07-04T20:22:11,pid_hot_humid_bursty_r1,pid,hot_humid,bursty,1,44.971,44.671,44.471,41.971,25.0,45.0,150.0,,65.10399999999998,1.3,32.66,,,0,trial
2026-07-04T20:22:11,pid_hot_humid_bursty_r1,pid,hot_humid,bursty,1,44.978,44.678,44.478,41.978,25.0,45.0,150.0,,65.10399999999998,1.3,32.65,,,0,trial
2026-07-04T20:22:11,pid_hot_humid_bursty_r1,pid,hot_humid,bursty,1,44.986,44.686,44.486,41.986,25.0,45.0,150.0,,65.10399999999998,1.3,32.64,,,0,trial
2026-07-04T20:22:11,pid_hot_humid_bursty_r1,pid,hot_humid,bursty,1,44.993,44.693,44.493,41.993,25.0,45.0,150.0,,65.10399999999998,1.3,32.63,,,0,trial
2026-07-04T20:22:11,pid_hot_humid_bursty_r1,pid,hot_humid,bursty,1,45.001,44.701,44.501,42.001,25.0,45.0,150.0,,65.10399999999998,1.3,32.61,,,0,trial
2026-07-04T20:22:11,pid_hot_humid_bursty_r1,pid,hot_humid,bursty,1,45.001,44.701,44.501,42.001,25.0,45.0,150.0,,65.10399999999998,1.3,,,,0,ABORT_cap_reached
2026-07-04T20:22:11,pid_hot_humid_bursty_r1,pid,hot_humid,bursty,1,44.985,44.685,44.485,41.985,25.0,45.0,0.0,,100.0,2.0,,,,0,cooldown
2026-07-04T20:22:11,pid_hot_humid_bursty_r1,pid,hot_humid,bursty,1,44.969,44.669,44.469,41.969,25.0,45.0,0.0,,100.0,2.0,,,,0,cooldown
2026-07-04T20:22:11,pid_hot_humid_bursty_r1,pid,hot_humid,bursty,1,44.953,44.653,44.453,41.953,25.0,45.0,0.0,,100.0,2.0,,,,0,cooldown
2026-07-04T20:22:11,pid_hot_humid_bursty_r1,pid,hot_humid,bursty,1,44.938,44.638,44.438,41.938,25.0,45.0,0.0,,100.0,2.0,,,,0,cooldown
2026-07-04T20:22:11,pid_hot_humid_bursty_r1,pid,hot_humid,bursty,1,44.922,44.622,44.422,41.922,25.0,45.0,0.0,,100.0,2.0,,,,0,cooldown
2026-07-04T20:22:11,pid_hot_humid_bursty_r1,pid,hot_humid,bursty,1,44.906,44.606,44.406,41.906,25.0,45.0,0.0,,100.0,2.0,,,,0,cooldown
2026-07-04T20:22:11,pid_hot_humid_bursty_r1,pid,hot_humid,bursty,1,44.89,44.59,44.39,41.89,25.0,45.0,0.0,,100.0,2.0,,,,0,cooldown
2026-07-04T20:22:11,pid_hot_humid_bursty_r1,pid,hot_humid,bursty,1,44.875,44.575,44.375,41.875,25.0,45.0,0.0,,100.0,2.0,,,,0,cooldown
2026-07-04T20:22:11,pid_hot_humid_bursty_r1,pid,hot_humid,bursty,1,44.859,44.559,44.359,41.859,25.0,45.0,0.0,,100.0,2.0,,,,0,cooldown
2026-07-04T20:22:11,pid_hot_humid_bursty_r1,pid,hot_humid,bursty,1,44.843,44.543,44.343,41.843,25.0,45.0,0.0,,100.0,2.0,,,,0,cooldown
2026-07-04T20:22:11,pid_hot_humid_bursty_r1,pid,hot_humid,bursty,1,44.828,44.528,44.328,41.828,25.0,45.0,0.0,,100.0,2.0,,,,0,cooldown
2026-07-04T20:22:11,pid_hot_humid_bursty_r1,pid,hot_humid,bursty,1,44.812,44.512,44.312,41.812,25.0,45.0,0.0,,100.0,2.0,,,,0,cooldown
2026-07-04T20:22:11,pid_hot_humid_bursty_r1,pid,hot_humid,bursty,1,44.796,44.496,44.296,41.796,25.0,45.0,0.0,,100.0,2.0,,,,0,cooldown
2026-07-04T20:22:11,pid_hot_humid_bursty_r1,pid,hot_humid,bursty,1,44.781,44.481,44.281,41.781,25.0,45.0,0.0,,100.0,2.0,,,,0,cooldown
2026-07-04T20:22:11,pid_hot_humid_bursty_r1,pid,hot_humid,bursty,1,44.765,44.465,44.265,41.765,25.0,45.0,0.0,,100.0,2.0,,,,0,cooldown
2026-07-04T20:22:11,pid_hot_humid_bursty_r1,pid,hot_humid,bursty,1,44.75,44.45,44.25,41.75,25.0,45.0,0.0,,100.0,2.0,,,,0,cooldown
2026-07-04T20:22:11,pid_hot_humid_bursty_r1,pid,hot_humid,bursty,1,44.734,44.434,44.234,41.734,25.0,45.0,0.0,,100.0,2.0,,,,0,cooldown
2026-07-04T20:22:11,pid_hot_humid_bursty_r1,pid,hot_humid,bursty,1,44.718,44.418,44.218,41.718,25.0,45.0,0.0,,100.0,2.0,,,,0,cooldown
2026-07-04T20:22:11,pid_hot_humid_bursty_r1,pid,hot_humid,bursty,1,44.703,44.403,44.203,41.703,25.0,45.0,0.0,,100.0,2.0,,,,0,cooldown
2026-07-04T20:22:11,pid_hot_humid_bursty_r1,pid,hot_humid,bursty,1,44.687,44.387,44.187,41.687,25.0,45.0,0.0,,100.0,2.0,,,,0,cooldown
2026-07-04T20:22:11,pid_hot_humid_bursty_r1,pid,hot_humid,bursty,1,44.672,44.372,44.172,41.672,25.0,45.0,0.0,,100.0,2.0,,,,0,cooldown
2026-07-04T20:22:11,pid_hot_humid_bursty_r1,pid,hot_humid,bursty,1,44.656,44.356,44.156,41.656,25.0,45.0,0.0,,100.0,2.0,,,,0,cooldown
2026-07-04T20:22:11,pid_hot_humid_bursty_r1,pid,hot_humid,bursty,1,44.641,44.341,44.141,41.641,25.0,45.0,0.0,,100.0,2.0,,,,0,cooldown
2026-07-04T20:22:11,pid_hot_humid_bursty_r1,pid,hot_humid,bursty,1,44.625,44.325,44.125,41.625,25.0,45.0,0.0,,100.0,2.0,,,,0,cooldown
2026-07-04T20:22:11,pid_hot_humid_bursty_r1,pid,hot_humid,bursty,1,44.61,44.31,44.11,41.61,25.0,45.0,0.0,,100.0,2.0,,,,0,cooldown
2026-07-04T20:22:11,pid_hot_humid_bursty_r1,pid,hot_humid,bursty,1,44.594,44.294,44.094,41.594,25.0,45.0,0.0,,100.0,2.0,,,,0,cooldown
2026-07-04T20:22:11,pid_hot_humid_bursty_r1,pid,hot_humid,bursty,1,44.579,44.279,44.079,41.579,25.0,45.0,0.0,,100.0,2.0,,,,0,cooldown
2026-07-04T20:22:11,pid_hot_humid_bursty_r1,pid,hot_humid,bursty,1,44.563,44.263,44.063,41.563,25.0,45.0,0.0,,100.0,2.0,,,,0,cooldown
2026-07-04T20:22:11,pid_hot_humid_bursty_r1,pid,hot_humid,bursty,1,44.548,44.248,44.048,41.548,25.0,45.0,0.0,,100.0,2.0,,,,0,cooldown
2026-07-04T20:22:11,pid_hot_humid_bursty_r1,pid,hot_humid,bursty,1,44.532,44.232,44.032,41.532,25.0,45.0,0.0,,100.0,2.0,,,,0,cooldown
2026-07-04T20:22:11,pid_hot_humid_bursty_r1,pid,hot_humid,bursty,1,44.517,44.217,44.017,41.517,25.0,45.0,0.0,,100.0,2.0,,,,0,cooldown
2026-07-04T20:22:11,pid_hot_humid_bursty_r1,pid,hot_humid,bursty,1,44.502,44.202,44.002,41.502,25.0,45.0,0.0,,100.0,2.0,,,,0,cooldown
2026-07-04T20:22:11,pid_hot_humid_bursty_r1,pid,hot_humid,bursty,1,44.486,44.186,43.986,41.486,25.0,45.0,0.0,,100.0,2.0,,,,0,cooldown
2026-07-04T20:22:11,pid_hot_humid_bursty_r1,pid,hot_humid,bursty,1,44.471,44.171,43.971,41.471,25.0,45.0,0.0,,100.0,2.0,,,,0,cooldown
2026-07-04T20:22:11,pid_hot_humid_bursty_r1,pid,hot_humid,bursty,1,44.455,44.155,43.955,41.455,25.0,45.0,0.0,,100.0,2.0,,,,0,cooldown
2026-07-04T20:22:11,pid_hot_humid_bursty_r1,pid,hot_humid,bursty,1,44.44,44.14,43.94,41.44,25.0,45.0,0.0,,100.0,2.0,,,,0,cooldown
2026-07-04T20:22:11,pid_hot_humid_bursty_r1,pid,hot_humid,bursty,1,44.425,44.125,43.925,41.425,25.0,45.0,0.0,,100.0,2.0,,,,0,cooldown
2026-07-04T20:22:11,pid_hot_humid_bursty_r1,pid,hot_humid,bursty,1,44.409,44.109,43.909,41.409,25.0,45.0,0.0,,100.0,2.0,,,,0,cooldown
2026-07-04T20:22:11,pid_hot_humid_bursty_r1,pid,hot_humid,bursty,1,44.394,44.094,43.894,41.394,25.0,45.0,0.0,,100.0,2.0,,,,0,cooldown
2026-07-04T20:22:11,pid_hot_humid_bursty_r1,pid,hot_humid,bursty,1,44.379,44.079,43.879,41.379,25.0,45.0,0.0,,100.0,2.0,,,,0,cooldown
2026-07-04T20:22:11,pid_hot_humid_bursty_r1,pid,hot_humid,bursty,1,44.363,44.063,43.863,41.363,25.0,45.0,0.0,,100.0,2.0,,,,0,cooldown
2026-07-04T20:22:11,pid_hot_humid_bursty_r1,pid,hot_humid,bursty,1,44.348,44.048,43.848,41.348,25.0,45.0,0.0,,100.0,2.0,,,,0,cooldown
2026-07-04T20:22:11,pid_hot_humid_bursty_r1,pid,hot_humid,bursty,1,44.333,44.033,43.833,41.333,25.0,45.0,0.0,,100.0,2.0,,,,0,cooldown
2026-07-04T20:22:11,pid_hot_humid_bursty_r1,pid,hot_humid,bursty,1,44.318,44.018,43.818,41.318,25.0,45.0,0.0,,100.0,2.0,,,,0,cooldown
2026-07-04T20:22:11,pid_hot_humid_bursty_r1,pid,hot_humid,bursty,1,44.302,44.002,43.802,41.302,25.0,45.0,0.0,,100.0,2.0,,,,0,cooldown
2026-07-04T20:22:11,pid_hot_humid_bursty_r1,pid,hot_humid,bursty,1,44.287,43.987,43.787,41.287,25.0,45.0,0.0,,100.0,2.0,,,,0,cooldown
2026-07-04T20:22:11,pid_hot_humid_bursty_r1,pid,hot_humid,bursty,1,44.272,43.972,43.772,41.272,25.0,45.0,0.0,,100.0,2.0,,,,0,cooldown
2026-07-04T20:22:11,pid_hot_humid_bursty_r1,pid,hot_humid,bursty,1,44.257,43.957,43.757,41.257,25.0,45.0,0.0,,100.0,2.0,,,,0,cooldown
2026-07-04T20:22:11,pid_hot_humid_bursty_r1,pid,hot_humid,bursty,1,44.241,43.941,43.741,41.241,25.0,45.0,0.0,,100.0,2.0,,,,0,cooldown
2026-07-04T20:22:11,pid_hot_humid_bursty_r1,pid,hot_humid,bursty,1,44.226,43.926,43.726,41.226,25.0,45.0,0.0,,100.0,2.0,,,,0,cooldown
2026-07-04T20:22:11,pid_hot_humid_bursty_r1,pid,hot_humid,bursty,1,44.211,43.911,43.711,41.211,25.0,45.0,0.0,,100.0,2.0,,,,0,cooldown
2026-07-04T20:22:11,pid_hot_humid_bursty_r1,pid,hot_humid,bursty,1,44.196,43.896,43.696,41.196,25.0,45.0,0.0,,100.0,2.0,,,,0,cooldown
2026-07-04T20:22:11,pid_hot_humid_bursty_r1,pid,hot_humid,bursty,1,44.181,43.881,43.681,41.181,25.0,45.0,0.0,,100.0,2.0,,,,0,cooldown
2026-07-04T20:22:11,pid_hot_humid_bursty_r1,pid,hot_humid,bursty,1,44.166,43.866,43.666,41.166,25.0,45.0,0.0,,100.0,2.0,,,,0,cooldown
2026-07-04T20:22:11,pid_hot_humid_bursty_r1,pid,hot_humid,bursty,1,44.151,43.851,43.651,41.151,25.0,45.0,0.0,,100.0,2.0,,,,0,cooldown
2026-07-04T20:22:11,pid_hot_humid_bursty_r1,pid,hot_humid,bursty,1,44.135,43.835,43.635,41.135,25.0,45.0,0.0,,100.0,2.0,,,,0,cooldown
2026-07-04T20:22:11,pid_hot_humid_bursty_r1,pid,hot_humid,bursty,1,44.12,43.82,43.62,41.12,25.0,45.0,0.0,,100.0,2.0,,,,0,cooldown
2026-07-04T20:22:11,pid_hot_humid_bursty_r1,pid,hot_humid,bursty,1,44.105,43.805,43.605,41.105,25.0,45.0,0.0,,100.0,2.0,,,,0,cooldown
2026-07-04T20:22:11,pid_hot_humid_bursty_r1,pid,hot_humid,bursty,1,44.09,43.79,43.59,41.09,25.0,45.0,0.0,,100.0,2.0,,,,0,cooldown
2026-07-04T20:22:11,pid_hot_humid_bursty_r1,pid,hot_humid,bursty,1,44.075,43.775,43.575,41.075,25.0,45.0,0.0,,100.0,2.0,,,,0,cooldown
2026-07-04T20:22:11,pid_hot_humid_bursty_r1,pid,hot_humid,bursty,1,44.06,43.76,43.56,41.06,25.0,45.0,0.0,,100.0,2.0,,,,0,cooldown
2026-07-04T20:22:11,pid_hot_humid_bursty_r1,pid,hot_humid,bursty,1,44.045,43.745,43.545,41.045,25.0,45.0,0.0,,100.0,2.0,,,,0,cooldown
2026-07-04T20:22:11,pid_hot_humid_bursty_r1,pid,hot_humid,bursty,1,44.03,43.73,43.53,41.03,25.0,45.0,0.0,,100.0,2.0,,,,0,cooldown
2026-07-04T20:22:11,pid_hot_humid_bursty_r1,pid,hot_humid,bursty,1,44.015,43.715,43.515,41.015,25.0,45.0,0.0,,100.0,2.0,,,,0,cooldown
2026-07-04T20:22:11,pid_hot_humid_bursty_r1,pid,hot_humid,bursty,1,44.0,43.7,43.5,41.0,25.0,45.0,0.0,,100.0,2.0,,,,0,cooldown
2026-07-04T20:22:11,pid_hot_humid_bursty_r1,pid,hot_humid,bursty,1,43.985,43.685,43.485,40.985,25.0,45.0,0.0,,100.0,2.0,,,,0,cooldown
2026-07-04T20:22:11,pid_hot_humid_bursty_r1,pid,hot_humid,bursty,1,43.97,43.67,43.47,40.97,25.0,45.0,0.0,,100.0,2.0,,,,0,cooldown
2026-07-04T20:22:11,pid_hot_humid_bursty_r1,pid,hot_humid,bursty,1,43.955,43.655,43.455,40.955,25.0,45.0,0.0,,100.0,2.0,,,,0,cooldown
2026-07-04T20:22:11,pid_hot_humid_bursty_r1,pid,hot_humid,bursty,1,43.94,43.64,43.44,40.94,25.0,45.0,0.0,,100.0,2.0,,,,0,cooldown
2026-07-04T20:22:11,pid_hot_humid_bursty_r1,pid,hot_humid,bursty,1,43.925,43.625,43.425,40.925,25.0,45.0,0.0,,100.0,2.0,,,,0,cooldown
2026-07-04T20:22:11,pid_hot_humid_bursty_r1,pid,hot_humid,bursty,1,43.91,43.61,43.41,40.91,25.0,45.0,0.0,,100.0,2.0,,,,0,cooldown
2026-07-04T20:22:11,pid_hot_humid_bursty_r1,pid,hot_humid,bursty,1,43.895,43.595,43.395,40.895,25.0,45.0,0.0,,100.0,2.0,,,,0,cooldown
2026-07-04T20:22:11,pid_hot_humid_bursty_r1,pid,hot_humid,bursty,1,43.88,43.58,43.38,40.88,25.0,45.0,0.0,,100.0,2.0,,,,0,cooldown
2026-07-04T20:22:11,pid_hot_humid_bursty_r1,pid,hot_humid,bursty,1,43.865,43.565,43.365,40.865,25.0,45.0,0.0,,100.0,2.0,,,,0,cooldown
2026-07-04T20:22:11,pid_hot_humid_bursty_r1,pid,hot_humid,bursty,1,43.85,43.55,43.35,40.85,25.0,45.0,0.0,,100.0,2.0,,,,0,cooldown
2026-07-04T20:22:11,pid_hot_humid_bursty_r1,pid,hot_humid,bursty,1,43.836,43.536,43.336,40.836,25.0,45.0,0.0,,100.0,2.0,,,,0,cooldown
2026-07-04T20:22:11,pid_hot_humid_bursty_r1,pid,hot_humid,bursty,1,43.821,43.521,43.321,40.821,25.0,45.0,0.0,,100.0,2.0,,,,0,cooldown
2026-07-04T20:22:11,pid_hot_humid_bursty_r1,pid,hot_humid,bursty,1,43.806,43.506,43.306,40.806,25.0,45.0,0.0,,100.0,2.0,,,,0,cooldown
2026-07-04T20:22:11,pid_hot_humid_bursty_r1,pid,hot_humid,bursty,1,43.791,43.491,43.291,40.791,25.0,45.0,0.0,,100.0,2.0,,,,0,cooldown
2026-07-04T20:22:11,pid_hot_humid_bursty_r1,pid,hot_humid,bursty,1,43.776,43.476,43.276,40.776,25.0,45.0,0.0,,100.0,2.0,,,,0,cooldown
2026-07-04T20:22:11,pid_hot_humid_bursty_r1,pid,hot_humid,bursty,1,43.761,43.461,43.261,40.761,25.0,45.0,0.0,,100.0,2.0,,,,0,cooldown
2026-07-04T20:22:11,pid_hot_humid_bursty_r1,pid,hot_humid,bursty,1,43.746,43.446,43.246,40.746,25.0,45.0,0.0,,100.0,2.0,,,,0,cooldown
2026-07-04T20:22:11,pid_hot_humid_bursty_r1,pid,hot_humid,bursty,1,43.732,43.432,43.232,40.732,25.0,45.0,0.0,,100.0,2.0,,,,0,cooldown
2026-07-04T20:22:11,pid_hot_humid_bursty_r1,pid,hot_humid,bursty,1,43.717,43.417,43.217,40.717,25.0,45.0,0.0,,100.0,2.0,,,,0,cooldown
2026-07-04T20:22:11,pid_hot_humid_bursty_r1,pid,hot_humid,bursty,1,43.702,43.402,43.202,40.702,25.0,45.0,0.0,,100.0,2.0,,,,0,cooldown
2026-07-04T20:22:11,pid_hot_humid_bursty_r1,pid,hot_humid,bursty,1,43.687,43.387,43.187,40.687,25.0,45.0,0.0,,100.0,2.0,,,,0,cooldown
2026-07-04T20:22:11,pid_hot_humid_bursty_r1,pid,hot_humid,bursty,1,43.673,43.373,43.173,40.673,25.0,45.0,0.0,,100.0,2.0,,,,0,cooldown
2026-07-04T20:22:11,pid_hot_humid_bursty_r1,pid,hot_humid,bursty,1,43.658,43.358,43.158,40.658,25.0,45.0,0.0,,100.0,2.0,,,,0,cooldown
2026-07-04T20:22:11,pid_hot_humid_bursty_r1,pid,hot_humid,bursty,1,43.643,43.343,43.143,40.643,25.0,45.0,0.0,,100.0,2.0,,,,0,cooldown
2026-07-04T20:22:11,pid_hot_humid_bursty_r1,pid,hot_humid,bursty,1,43.628,43.328,43.128,40.628,25.0,45.0,0.0,,100.0,2.0,,,,0,cooldown
2026-07-04T20:22:11,pid_hot_humid_bursty_r1,pid,hot_humid,bursty,1,43.614,43.314,43.114,40.614,25.0,45.0,0.0,,100.0,2.0,,,,0,cooldown
2026-07-04T20:22:11,pid_hot_humid_bursty_r1,pid,hot_humid,bursty,1,43.599,43.299,43.099,40.599,25.0,45.0,0.0,,100.0,2.0,,,,0,cooldown
2026-07-04T20:22:11,pid_hot_humid_bursty_r1,pid,hot_humid,bursty,1,43.584,43.284,43.084,40.584,25.0,45.0,0.0,,100.0,2.0,,,,0,cooldown
2026-07-04T20:22:11,pid_hot_humid_bursty_r1,pid,hot_humid,bursty,1,43.57,43.27,43.07,40.57,25.0,45.0,0.0,,100.0,2.0,,,,0,cooldown
2026-07-04T20:22:11,pid_hot_humid_bursty_r1,pid,hot_humid,bursty,1,43.555,43.255,43.055,40.555,25.0,45.0,0.0,,100.0,2.0,,,,0,cooldown
2026-07-04T20:22:11,pid_hot_humid_bursty_r1,pid,hot_humid,bursty,1,43.54,43.24,43.04,40.54,25.0,45.0,0.0,,100.0,2.0,,,,0,cooldown
2026-07-04T20:22:11,pid_hot_humid_bursty_r1,pid,hot_humid,bursty,1,43.526,43.226,43.026,40.526,25.0,45.0,0.0,,100.0,2.0,,,,0,cooldown
2026-07-04T20:22:11,pid_hot_humid_bursty_r1,pid,hot_humid,bursty,1,43.511,43.211,43.011,40.511,25.0,45.0,0.0,,100.0,2.0,,,,0,cooldown
2026-07-04T20:22:11,pid_hot_humid_bursty_r1,pid,hot_humid,bursty,1,43.496,43.196,42.996,40.496,25.0,45.0,0.0,,100.0,2.0,,,,0,cooldown
2026-07-04T20:22:11,pid_hot_humid_bursty_r1,pid,hot_humid,bursty,1,43.482,43.182,42.982,40.482,25.0,45.0,0.0,,100.0,2.0,,,,0,cooldown
2026-07-04T20:22:11,pid_hot_humid_bursty_r1,pid,hot_humid,bursty,1,43.467,43.167,42.967,40.467,25.0,45.0,0.0,,100.0,2.0,,,,0,cooldown
2026-07-04T20:22:11,pid_hot_humid_bursty_r1,pid,hot_humid,bursty,1,43.453,43.153,42.953,40.453,25.0,45.0,0.0,,100.0,2.0,,,,0,cooldown
2026-07-04T20:22:11,pid_hot_humid_bursty_r1,pid,hot_humid,bursty,1,43.438,43.138,42.938,40.438,25.0,45.0,0.0,,100.0,2.0,,,,0,cooldown
2026-07-04T20:22:11,pid_hot_humid_bursty_r1,pid,hot_humid,bursty,1,43.424,43.124,42.924,40.424,25.0,45.0,0.0,,100.0,2.0,,,,0,cooldown
2026-07-04T20:22:11,pid_hot_humid_bursty_r1,pid,hot_humid,bursty,1,43.409,43.109,42.909,40.409,25.0,45.0,0.0,,100.0,2.0,,,,0,cooldown
2026-07-04T20:22:11,pid_hot_humid_bursty_r1,pid,hot_humid,bursty,1,43.394,43.094,42.894,40.394,25.0,45.0,0.0,,100.0,2.0,,,,0,cooldown
2026-07-04T20:22:11,pid_hot_humid_bursty_r1,pid,hot_humid,bursty,1,43.38,43.08,42.88,40.38,25.0,45.0,0.0,,100.0,2.0,,,,0,cooldown
2026-07-04T20:22:11,pid_hot_humid_bursty_r1,pid,hot_humid,bursty,1,43.365,43.065,42.865,40.365,25.0,45.0,0.0,,100.0,2.0,,,,0,cooldown
2026-07-04T20:22:11,pid_hot_humid_bursty_r1,pid,hot_humid,bursty,1,43.351,43.051,42.851,40.351,25.0,45.0,0.0,,100.0,2.0,,,,0,cooldown
2026-07-04T20:22:11,pid_hot_humid_bursty_r1,pid,hot_humid,bursty,1,43.336,43.036,42.836,40.336,25.0,45.0,0.0,,100.0,2.0,,,,0,cooldown
2026-07-04T20:22:11,pid_hot_humid_bursty_r1,pid,hot_humid,bursty,1,43.322,43.022,42.822,40.322,25.0,45.0,0.0,,100.0,2.0,,,,0,cooldown
2026-07-04T20:22:11,pid_hot_humid_bursty_r1,pid,hot_humid,bursty,1,43.308,43.008,42.808,40.308,25.0,45.0,0.0,,100.0,2.0,,,,0,cooldown
2026-07-04T20:22:11,pid_hot_humid_bursty_r1,pid,hot_humid,bursty,1,43.293,42.993,42.793,40.293,25.0,45.0,0.0,,100.0,2.0,,,,0,cooldown
2026-07-04T20:22:11,pid_hot_humid_bursty_r1,pid,hot_humid,bursty,1,43.279,42.979,42.779,40.279,25.0,45.0,0.0,,100.0,2.0,,,,0,cooldown
2026-07-04T20:22:11,pid_hot_humid_bursty_r1,pid,hot_humid,bursty,1,43.264,42.964,42.764,40.264,25.0,45.0,0.0,,100.0,2.0,,,,0,cooldown
2026-07-04T20:22:11,pid_hot_humid_bursty_r1,pid,hot_humid,bursty,1,43.25,42.95,42.75,40.25,25.0,45.0,0.0,,100.0,2.0,,,,0,cooldown
2026-07-04T20:22:11,pid_hot_humid_bursty_r1,pid,hot_humid,bursty,1,43.235,42.935,42.735,40.235,25.0,45.0,0.0,,100.0,2.0,,,,0,cooldown
2026-07-04T20:22:11,pid_hot_humid_bursty_r1,pid,hot_humid,bursty,1,43.221,42.921,42.721,40.221,25.0,45.0,0.0,,100.0,2.0,,,,0,cooldown
2026-07-04T20:22:11,pid_hot_humid_bursty_r1,pid,hot_humid,bursty,1,43.207,42.907,42.707,40.207,25.0,45.0,0.0,,100.0,2.0,,,,0,cooldown
2026-07-04T20:22:11,pid_hot_humid_bursty_r1,pid,hot_humid,bursty,1,43.192,42.892,42.692,40.192,25.0,45.0,0.0,,100.0,2.0,,,,0,cooldown
2026-07-04T20:22:11,pid_hot_humid_bursty_r1,pid,hot_humid,bursty,1,43.178,42.878,42.678,40.178,25.0,45.0,0.0,,100.0,2.0,,,,0,cooldown
2026-07-04T20:22:11,pid_hot_humid_bursty_r1,pid,hot_humid,bursty,1,43.164,42.864,42.664,40.164,25.0,45.0,0.0,,100.0,2.0,,,,0,cooldown
2026-07-04T20:22:11,pid_hot_humid_bursty_r1,pid,hot_humid,bursty,1,43.149,42.849,42.649,40.149,25.0,45.0,0.0,,100.0,2.0,,,,0,cooldown
2026-07-04T20:22:11,pid_hot_humid_bursty_r1,pid,hot_humid,bursty,1,43.135,42.835,42.635,40.135,25.0,45.0,0.0,,100.0,2.0,,,,0,cooldown
2026-07-04T20:22:11,pid_hot_humid_bursty_r1,pid,hot_humid,bursty,1,43.121,42.821,42.621,40.121,25.0,45.0,0.0,,100.0,2.0,,,,0,cooldown
2026-07-04T20:22:11,pid_hot_humid_bursty_r1,pid,hot_humid,bursty,1,43.106,42.806,42.606,40.106,25.0,45.0,0.0,,100.0,2.0,,,,0,cooldown
2026-07-04T20:22:11,pid_hot_humid_bursty_r1,pid,hot_humid,bursty,1,43.092,42.792,42.592,40.092,25.0,45.0,0.0,,100.0,2.0,,,,0,cooldown
2026-07-04T20:22:11,pid_hot_humid_bursty_r1,pid,hot_humid,bursty,1,43.078,42.778,42.578,40.078,25.0,45.0,0.0,,100.0,2.0,,,,0,cooldown
2026-07-04T20:22:11,pid_hot_humid_bursty_r1,pid,hot_humid,bursty,1,43.063,42.763,42.563,40.063,25.0,45.0,0.0,,100.0,2.0,,,,0,cooldown
2026-07-04T20:22:11,pid_hot_humid_bursty_r1,pid,hot_humid,bursty,1,43.049,42.749,42.549,40.049,25.0,45.0,0.0,,100.0,2.0,,,,0,cooldown
2026-07-04T20:22:11,pid_hot_humid_bursty_r1,pid,hot_humid,bursty,1,43.035,42.735,42.535,40.035,25.0,45.0,0.0,,100.0,2.0,,,,0,cooldown
2026-07-04T20:22:11,pid_hot_humid_bursty_r1,pid,hot_humid,bursty,1,43.021,42.721,42.521,40.021,25.0,45.0,0.0,,100.0,2.0,,,,0,cooldown
2026-07-04T20:22:11,pid_hot_humid_bursty_r1,pid,hot_humid,bursty,1,43.006,42.706,42.506,40.006,25.0,45.0,0.0,,100.0,2.0,,,,0,cooldown
2026-07-04T20:22:11,pid_hot_humid_bursty_r1,pid,hot_humid,bursty,1,42.992,42.692,42.492,39.992,25.0,45.0,0.0,,100.0,2.0,,,,0,cooldown
2026-07-04T20:22:11,pid_hot_humid_bursty_r1,pid,hot_humid,bursty,1,42.978,42.678,42.478,39.978,25.0,45.0,0.0,,100.0,2.0,,,,0,cooldown
2026-07-04T20:22:11,pid_hot_humid_bursty_r1,pid,hot_humid,bursty,1,42.964,42.664,42.464,39.964,25.0,45.0,0.0,,100.0,2.0,,,,0,cooldown
2026-07-04T20:22:11,pid_hot_humid_bursty_r1,pid,hot_humid,bursty,1,42.95,42.65,42.45,39.95,25.0,45.0,0.0,,100.0,2.0,,,,0,cooldown
2026-07-04T20:22:11,pid_hot_humid_bursty_r1,pid,hot_humid,bursty,1,42.935,42.635,42.435,39.935,25.0,45.0,0.0,,100.0,2.0,,,,0,cooldown
2026-07-04T20:22:11,pid_hot_humid_bursty_r1,pid,hot_humid,bursty,1,42.921,42.621,42.421,39.921,25.0,45.0,0.0,,100.0,2.0,,,,0,cooldown
2026-07-04T20:22:11,pid_hot_humid_bursty_r1,pid,hot_humid,bursty,1,42.907,42.607,42.407,39.907,25.0,45.0,0.0,,100.0,2.0,,,,0,cooldown
2026-07-04T20:22:11,pid_hot_humid_bursty_r1,pid,hot_humid,bursty,1,42.893,42.593,42.393,39.893,25.0,45.0,0.0,,100.0,2.0,,,,0,cooldown
2026-07-04T20:22:11,pid_hot_humid_bursty_r1,pid,hot_humid,bursty,1,42.879,42.579,42.379,39.879,25.0,45.0,0.0,,100.0,2.0,,,,0,cooldown
2026-07-04T20:22:11,pid_hot_humid_bursty_r1,pid,hot_humid,bursty,1,42.865,42.565,42.365,39.865,25.0,45.0,0.0,,100.0,2.0,,,,0,cooldown
2026-07-04T20:22:11,pid_hot_humid_bursty_r1,pid,hot_humid,bursty,1,42.851,42.551,42.351,39.851,25.0,45.0,0.0,,100.0,2.0,,,,0,cooldown
2026-07-04T20:22:11,pid_hot_humid_bursty_r1,pid,hot_humid,bursty,1,42.837,42.537,42.337,39.837,25.0,45.0,0.0,,100.0,2.0,,,,0,cooldown
2026-07-04T20:22:11,pid_hot_humid_bursty_r1,pid,hot_humid,bursty,1,42.822,42.522,42.322,39.822,25.0,45.0,0.0,,100.0,2.0,,,,0,cooldown
2026-07-04T20:22:11,pid_hot_humid_bursty_r1,pid,hot_humid,bursty,1,42.808,42.508,42.308,39.808,25.0,45.0,0.0,,100.0,2.0,,,,0,cooldown
2026-07-04T20:22:11,pid_hot_humid_bursty_r1,pid,hot_humid,bursty,1,42.794,42.494,42.294,39.794,25.0,45.0,0.0,,100.0,2.0,,,,0,cooldown
2026-07-04T20:22:11,pid_hot_humid_bursty_r1,pid,hot_humid,bursty,1,42.78,42.48,42.28,39.78,25.0,45.0,0.0,,100.0,2.0,,,,0,cooldown
2026-07-04T20:22:11,pid_hot_humid_bursty_r1,pid,hot_humid,bursty,1,42.766,42.466,42.266,39.766,25.0,45.0,0.0,,100.0,2.0,,,,0,cooldown
2026-07-04T20:22:11,pid_hot_humid_bursty_r1,pid,hot_humid,bursty,1,42.752,42.452,42.252,39.752,25.0,45.0,0.0,,100.0,2.0,,,,0,cooldown
2026-07-04T20:22:11,pid_hot_humid_bursty_r1,pid,hot_humid,bursty,1,42.738,42.438,42.238,39.738,25.0,45.0,0.0,,100.0,2.0,,,,0,cooldown
2026-07-04T20:22:11,pid_hot_humid_bursty_r1,pid,hot_humid,bursty,1,42.724,42.424,42.224,39.724,25.0,45.0,0.0,,100.0,2.0,,,,0,cooldown
2026-07-04T20:22:11,pid_hot_humid_bursty_r1,pid,hot_humid,bursty,1,42.71,42.41,42.21,39.71,25.0,45.0,0.0,,100.0,2.0,,,,0,cooldown
2026-07-04T20:22:11,pid_hot_humid_bursty_r1,pid,hot_humid,bursty,1,42.696,42.396,42.196,39.696,25.0,45.0,0.0,,100.0,2.0,,,,0,cooldown
2026-07-04T20:22:11,pid_hot_humid_bursty_r1,pid,hot_humid,bursty,1,42.682,42.382,42.182,39.682,25.0,45.0,0.0,,100.0,2.0,,,,0,cooldown
2026-07-04T20:22:11,pid_hot_humid_bursty_r1,pid,hot_humid,bursty,1,42.668,42.368,42.168,39.668,25.0,45.0,0.0,,100.0,2.0,,,,0,cooldown
2026-07-04T20:22:11,pid_hot_humid_bursty_r1,pid,hot_humid,bursty,1,42.654,42.354,42.154,39.654,25.0,45.0,0.0,,100.0,2.0,,,,0,cooldown
2026-07-04T20:22:11,pid_hot_humid_bursty_r1,pid,hot_humid,bursty,1,42.64,42.34,42.14,39.64,25.0,45.0,0.0,,100.0,2.0,,,,0,cooldown
2026-07-04T20:22:11,pid_hot_humid_bursty_r1,pid,hot_humid,bursty,1,42.626,42.326,42.126,39.626,25.0,45.0,0.0,,100.0,2.0,,,,0,cooldown
2026-07-04T20:22:11,pid_hot_humid_bursty_r1,pid,hot_humid,bursty,1,42.613,42.313,42.113,39.613,25.0,45.0,0.0,,100.0,2.0,,,,0,cooldown
2026-07-04T20:22:11,pid_hot_humid_bursty_r1,pid,hot_humid,bursty,1,42.599,42.299,42.099,39.599,25.0,45.0,0.0,,100.0,2.0,,,,0,cooldown
2026-07-04T20:22:11,pid_hot_humid_bursty_r1,pid,hot_humid,bursty,1,42.585,42.285,42.085,39.585,25.0,45.0,0.0,,100.0,2.0,,,,0,cooldown
2026-07-04T20:22:11,pid_hot_humid_bursty_r1,pid,hot_humid,bursty,1,42.571,42.271,42.071,39.571,25.0,45.0,0.0,,100.0,2.0,,,,0,cooldown
2026-07-04T20:22:11,pid_hot_humid_bursty_r1,pid,hot_humid,bursty,1,42.557,42.257,42.057,39.557,25.0,45.0,0.0,,100.0,2.0,,,,0,cooldown
2026-07-04T20:22:11,pid_hot_humid_bursty_r1,pid,hot_humid,bursty,1,42.543,42.243,42.043,39.543,25.0,45.0,0.0,,100.0,2.0,,,,0,cooldown
2026-07-04T20:22:11,pid_hot_humid_bursty_r1,pid,hot_humid,bursty,1,42.529,42.229,42.029,39.529,25.0,45.0,0.0,,100.0,2.0,,,,0,cooldown
2026-07-04T20:22:11,pid_hot_humid_bursty_r1,pid,hot_humid,bursty,1,42.515,42.215,42.015,39.515,25.0,45.0,0.0,,100.0,2.0,,,,0,cooldown
2026-07-04T20:22:11,pid_hot_humid_bursty_r1,pid,hot_humid,bursty,1,42.502,42.202,42.002,39.502,25.0,45.0,0.0,,100.0,2.0,,,,0,cooldown
2026-07-04T20:22:11,pid_hot_humid_bursty_r1,pid,hot_humid,bursty,1,42.488,42.188,41.988,39.488,25.0,45.0,0.0,,100.0,2.0,,,,0,cooldown
2026-07-04T20:22:11,pid_hot_humid_bursty_r1,pid,hot_humid,bursty,1,42.474,42.174,41.974,39.474,25.0,45.0,0.0,,100.0,2.0,,,,0,cooldown
2026-07-04T20:22:11,pid_hot_humid_bursty_r1,pid,hot_humid,bursty,1,42.46,42.16,41.96,39.46,25.0,45.0,0.0,,100.0,2.0,,,,0,cooldown
2026-07-04T20:22:11,pid_hot_humid_bursty_r1,pid,hot_humid,bursty,1,42.446,42.146,41.946,39.446,25.0,45.0,0.0,,100.0,2.0,,,,0,cooldown
2026-07-04T20:22:11,pid_hot_humid_bursty_r1,pid,hot_humid,bursty,1,42.433,42.133,41.933,39.433,25.0,45.0,0.0,,100.0,2.0,,,,0,cooldown
2026-07-04T20:22:11,pid_hot_humid_bursty_r1,pid,hot_humid,bursty,1,42.419,42.119,41.919,39.419,25.0,45.0,0.0,,100.0,2.0,,,,0,cooldown
2026-07-04T20:22:11,pid_hot_humid_bursty_r1,pid,hot_humid,bursty,1,42.405,42.105,41.905,39.405,25.0,45.0,0.0,,100.0,2.0,,,,0,cooldown
2026-07-04T20:22:11,pid_hot_humid_bursty_r1,pid,hot_humid,bursty,1,42.391,42.091,41.891,39.391,25.0,45.0,0.0,,100.0,2.0,,,,0,cooldown
2026-07-04T20:22:11,pid_hot_humid_bursty_r1,pid,hot_humid,bursty,1,42.378,42.078,41.878,39.378,25.0,45.0,0.0,,100.0,2.0,,,,0,cooldown
2026-07-04T20:22:11,pid_hot_humid_bursty_r1,pid,hot_humid,bursty,1,42.364,42.064,41.864,39.364,25.0,45.0,0.0,,100.0,2.0,,,,0,cooldown
2026-07-04T20:22:11,pid_hot_humid_bursty_r1,pid,hot_humid,bursty,1,42.35,42.05,41.85,39.35,25.0,45.0,0.0,,100.0,2.0,,,,0,cooldown
2026-07-04T20:22:11,pid_hot_humid_bursty_r1,pid,hot_humid,bursty,1,42.337,42.037,41.837,39.337,25.0,45.0,0.0,,100.0,2.0,,,,0,cooldown
2026-07-04T20:22:11,pid_hot_humid_bursty_r1,pid,hot_humid,bursty,1,42.323,42.023,41.823,39.323,25.0,45.0,0.0,,100.0,2.0,,,,0,cooldown
2026-07-04T20:22:11,pid_hot_humid_bursty_r1,pid,hot_humid,bursty,1,42.309,42.009,41.809,39.309,25.0,45.0,0.0,,100.0,2.0,,,,0,cooldown
2026-07-04T20:22:11,pid_hot_humid_bursty_r1,pid,hot_humid,bursty,1,42.296,41.996,41.796,39.296,25.0,45.0,0.0,,100.0,2.0,,,,0,cooldown
2026-07-04T20:22:11,pid_hot_humid_bursty_r1,pid,hot_humid,bursty,1,42.282,41.982,41.782,39.282,25.0,45.0,0.0,,100.0,2.0,,,,0,cooldown
2026-07-04T20:22:11,pid_hot_humid_bursty_r1,pid,hot_humid,bursty,1,42.268,41.968,41.768,39.268,25.0,45.0,0.0,,100.0,2.0,,,,0,cooldown
2026-07-04T20:22:11,pid_hot_humid_bursty_r1,pid,hot_humid,bursty,1,42.255,41.955,41.755,39.255,25.0,45.0,0.0,,100.0,2.0,,,,0,cooldown
2026-07-04T20:22:11,pid_hot_humid_bursty_r1,pid,hot_humid,bursty,1,42.241,41.941,41.741,39.241,25.0,45.0,0.0,,100.0,2.0,,,,0,cooldown
2026-07-04T20:22:11,pid_hot_humid_bursty_r1,pid,hot_humid,bursty,1,42.227,41.927,41.727,39.227,25.0,45.0,0.0,,100.0,2.0,,,,0,cooldown
2026-07-04T20:22:11,pid_hot_humid_bursty_r1,pid,hot_humid,bursty,1,42.214,41.914,41.714,39.214,25.0,45.0,0.0,,100.0,2.0,,,,0,cooldown
2026-07-04T20:22:11,pid_hot_humid_bursty_r1,pid,hot_humid,bursty,1,42.2,41.9,41.7,39.2,25.0,45.0,0.0,,100.0,2.0,,,,0,cooldown
2026-07-04T20:22:11,pid_hot_humid_bursty_r1,pid,hot_humid,bursty,1,42.187,41.887,41.687,39.187,25.0,45.0,0.0,,100.0,2.0,,,,0,cooldown
2026-07-04T20:22:11,pid_hot_humid_bursty_r1,pid,hot_humid,bursty,1,42.173,41.873,41.673,39.173,25.0,45.0,0.0,,100.0,2.0,,,,0,cooldown
2026-07-04T20:22:11,pid_hot_humid_bursty_r1,pid,hot_humid,bursty,1,42.159,41.859,41.659,39.159,25.0,45.0,0.0,,100.0,2.0,,,,0,cooldown
2026-07-04T20:22:11,pid_hot_humid_bursty_r1,pid,hot_humid,bursty,1,42.146,41.846,41.646,39.146,25.0,45.0,0.0,,100.0,2.0,,,,0,cooldown
2026-07-04T20:22:11,pid_hot_humid_bursty_r1,pid,hot_humid,bursty,1,42.132,41.832,41.632,39.132,25.0,45.0,0.0,,100.0,2.0,,,,0,cooldown
2026-07-04T20:22:11,pid_hot_humid_bursty_r1,pid,hot_humid,bursty,1,42.119,41.819,41.619,39.119,25.0,45.0,0.0,,100.0,2.0,,,,0,cooldown
2026-07-04T20:22:11,pid_hot_humid_bursty_r1,pid,hot_humid,bursty,1,42.105,41.805,41.605,39.105,25.0,45.0,0.0,,100.0,2.0,,,,0,cooldown
2026-07-04T20:22:11,pid_hot_humid_bursty_r1,pid,hot_humid,bursty,1,42.092,41.792,41.592,39.092,25.0,45.0,0.0,,100.0,2.0,,,,0,cooldown
2026-07-04T20:22:11,pid_hot_humid_bursty_r1,pid,hot_humid,bursty,1,42.078,41.778,41.578,39.078,25.0,45.0,0.0,,100.0,2.0,,,,0,cooldown
2026-07-04T20:22:11,pid_hot_humid_bursty_r1,pid,hot_humid,bursty,1,42.065,41.765,41.565,39.065,25.0,45.0,0.0,,100.0,2.0,,,,0,cooldown
2026-07-04T20:22:11,pid_hot_humid_bursty_r1,pid,hot_humid,bursty,1,42.051,41.751,41.551,39.051,25.0,45.0,0.0,,100.0,2.0,,,,0,cooldown
2026-07-04T20:22:11,pid_hot_humid_bursty_r1,pid,hot_humid,bursty,1,42.038,41.738,41.538,39.038,25.0,45.0,0.0,,100.0,2.0,,,,0,cooldown
2026-07-04T20:22:11,pid_hot_humid_bursty_r1,pid,hot_humid,bursty,1,42.024,41.724,41.524,39.024,25.0,45.0,0.0,,100.0,2.0,,,,0,cooldown
2026-07-04T20:22:11,pid_hot_humid_bursty_r1,pid,hot_humid,bursty,1,42.011,41.711,41.511,39.011,25.0,45.0,0.0,,100.0,2.0,,,,0,cooldown
2026-07-04T20:22:11,pid_hot_humid_bursty_r1,pid,hot_humid,bursty,1,41.998,41.698,41.498,38.998,25.0,45.0,0.0,,100.0,2.0,,,,0,cooldown
2026-07-04T20:22:11,pid_hot_humid_bursty_r1,pid,hot_humid,bursty,1,41.984,41.684,41.484,38.984,25.0,45.0,0.0,,100.0,2.0,,,,0,cooldown
2026-07-04T20:22:11,pid_hot_humid_bursty_r1,pid,hot_humid,bursty,1,41.971,41.671,41.471,38.971,25.0,45.0,0.0,,100.0,2.0,,,,0,cooldown
2026-07-04T20:22:11,pid_hot_humid_bursty_r1,pid,hot_humid,bursty,1,41.957,41.657,41.457,38.957,25.0,45.0,0.0,,100.0,2.0,,,,0,cooldown
2026-07-04T20:22:11,pid_hot_humid_bursty_r1,pid,hot_humid,bursty,1,41.944,41.644,41.444,38.944,25.0,45.0,0.0,,100.0,2.0,,,,0,cooldown
2026-07-04T20:22:11,pid_hot_humid_bursty_r1,pid,hot_humid,bursty,1,41.931,41.631,41.431,38.931,25.0,45.0,0.0,,100.0,2.0,,,,0,cooldown
2026-07-04T20:22:11,pid_hot_humid_bursty_r1,pid,hot_humid,bursty,1,41.917,41.617,41.417,38.917,25.0,45.0,0.0,,100.0,2.0,,,,0,cooldown
2026-07-04T20:22:11,pid_hot_humid_bursty_r1,pid,hot_humid,bursty,1,41.904,41.604,41.404,38.904,25.0,45.0,0.0,,100.0,2.0,,,,0,cooldown
2026-07-04T20:22:11,pid_hot_humid_bursty_r1,pid,hot_humid,bursty,1,41.891,41.591,41.391,38.891,25.0,45.0,0.0,,100.0,2.0,,,,0,cooldown
2026-07-04T20:22:11,pid_hot_humid_bursty_r1,pid,hot_humid,bursty,1,41.877,41.577,41.377,38.877,25.0,45.0,0.0,,100.0,2.0,,,,0,cooldown
2026-07-04T20:22:11,pid_hot_humid_bursty_r1,pid,hot_humid,bursty,1,41.864,41.564,41.364,38.864,25.0,45.0,0.0,,100.0,2.0,,,,0,cooldown
2026-07-04T20:22:11,pid_hot_humid_bursty_r1,pid,hot_humid,bursty,1,41.851,41.551,41.351,38.851,25.0,45.0,0.0,,100.0,2.0,,,,0,cooldown
2026-07-04T20:22:11,pid_hot_humid_bursty_r1,pid,hot_humid,bursty,1,41.837,41.537,41.337,38.837,25.0,45.0,0.0,,100.0,2.0,,,,0,cooldown
2026-07-04T20:22:11,pid_hot_humid_bursty_r1,pid,hot_humid,bursty,1,41.824,41.524,41.324,38.824,25.0,45.0,0.0,,100.0,2.0,,,,0,cooldown
2026-07-04T20:22:11,pid_hot_humid_bursty_r1,pid,hot_humid,bursty,1,41.811,41.511,41.311,38.811,25.0,45.0,0.0,,100.0,2.0,,,,0,cooldown
2026-07-04T20:22:11,pid_hot_humid_bursty_r1,pid,hot_humid,bursty,1,41.797,41.497,41.297,38.797,25.0,45.0,0.0,,100.0,2.0,,,,0,cooldown
2026-07-04T20:22:11,pid_hot_humid_bursty_r1,pid,hot_humid,bursty,1,41.784,41.484,41.284,38.784,25.0,45.0,0.0,,100.0,2.0,,,,0,cooldown
2026-07-04T20:22:11,pid_hot_humid_bursty_r1,pid,hot_humid,bursty,1,41.771,41.471,41.271,38.771,25.0,45.0,0.0,,100.0,2.0,,,,0,cooldown
2026-07-04T20:22:11,pid_hot_humid_bursty_r1,pid,hot_humid,bursty,1,41.758,41.458,41.258,38.758,25.0,45.0,0.0,,100.0,2.0,,,,0,cooldown
2026-07-04T20:22:11,pid_hot_humid_bursty_r1,pid,hot_humid,bursty,1,41.744,41.444,41.244,38.744,25.0,45.0,0.0,,100.0,2.0,,,,0,cooldown
2026-07-04T20:22:11,pid_hot_humid_bursty_r1,pid,hot_humid,bursty,1,41.731,41.431,41.231,38.731,25.0,45.0,0.0,,100.0,2.0,,,,0,cooldown
2026-07-04T20:22:11,pid_hot_humid_bursty_r1,pid,hot_humid,bursty,1,41.718,41.418,41.218,38.718,25.0,45.0,0.0,,100.0,2.0,,,,0,cooldown
2026-07-04T20:22:11,pid_hot_humid_bursty_r1,pid,hot_humid,bursty,1,41.705,41.405,41.205,38.705,25.0,45.0,0.0,,100.0,2.0,,,,0,cooldown
2026-07-04T20:22:11,pid_hot_humid_bursty_r1,pid,hot_humid,bursty,1,41.692,41.392,41.192,38.692,25.0,45.0,0.0,,100.0,2.0,,,,0,cooldown
2026-07-04T20:22:11,pid_hot_humid_bursty_r1,pid,hot_humid,bursty,1,41.678,41.378,41.178,38.678,25.0,45.0,0.0,,100.0,2.0,,,,0,cooldown
2026-07-04T20:22:11,pid_hot_humid_bursty_r1,pid,hot_humid,bursty,1,41.665,41.365,41.165,38.665,25.0,45.0,0.0,,100.0,2.0,,,,0,cooldown
2026-07-04T20:22:11,pid_hot_humid_bursty_r1,pid,hot_humid,bursty,1,41.652,41.352,41.152,38.652,25.0,45.0,0.0,,100.0,2.0,,,,0,cooldown
2026-07-04T20:22:11,pid_hot_humid_bursty_r1,pid,hot_humid,bursty,1,41.639,41.339,41.139,38.639,25.0,45.0,0.0,,100.0,2.0,,,,0,cooldown
2026-07-04T20:22:11,pid_hot_humid_bursty_r1,pid,hot_humid,bursty,1,41.626,41.326,41.126,38.626,25.0,45.0,0.0,,100.0,2.0,,,,0,cooldown
2026-07-04T20:22:11,pid_hot_humid_bursty_r1,pid,hot_humid,bursty,1,41.613,41.313,41.113,38.613,25.0,45.0,0.0,,100.0,2.0,,,,0,cooldown
2026-07-04T20:22:11,pid_hot_humid_bursty_r1,pid,hot_humid,bursty,1,41.6,41.3,41.1,38.6,25.0,45.0,0.0,,100.0,2.0,,,,0,cooldown
2026-07-04T20:22:11,pid_hot_humid_bursty_r1,pid,hot_humid,bursty,1,41.586,41.286,41.086,38.586,25.0,45.0,0.0,,100.0,2.0,,,,0,cooldown
2026-07-04T20:22:11,pid_hot_humid_bursty_r1,pid,hot_humid,bursty,1,41.573,41.273,41.073,38.573,25.0,45.0,0.0,,100.0,2.0,,,,0,cooldown
2026-07-04T20:22:11,pid_hot_humid_bursty_r1,pid,hot_humid,bursty,1,41.56,41.26,41.06,38.56,25.0,45.0,0.0,,100.0,2.0,,,,0,cooldown
2026-07-04T20:22:11,pid_hot_humid_bursty_r1,pid,hot_humid,bursty,1,41.547,41.247,41.047,38.547,25.0,45.0,0.0,,100.0,2.0,,,,0,cooldown
2026-07-04T20:22:11,pid_hot_humid_bursty_r1,pid,hot_humid,bursty,1,41.534,41.234,41.034,38.534,25.0,45.0,0.0,,100.0,2.0,,,,0,cooldown
2026-07-04T20:22:11,pid_hot_humid_bursty_r1,pid,hot_humid,bursty,1,41.521,41.221,41.021,38.521,25.0,45.0,0.0,,100.0,2.0,,,,0,cooldown
2026-07-04T20:22:11,pid_hot_humid_bursty_r1,pid,hot_humid,bursty,1,41.508,41.208,41.008,38.508,25.0,45.0,0.0,,100.0,2.0,,,,0,cooldown
2026-07-04T20:22:11,pid_hot_humid_bursty_r1,pid,hot_humid,bursty,1,41.495,41.195,40.995,38.495,25.0,45.0,0.0,,100.0,2.0,,,,0,cooldown
2026-07-04T20:22:11,pid_hot_humid_bursty_r1,pid,hot_humid,bursty,1,41.482,41.182,40.982,38.482,25.0,45.0,0.0,,100.0,2.0,,,,0,cooldown
2026-07-04T20:22:11,pid_hot_humid_bursty_r1,pid,hot_humid,bursty,1,41.469,41.169,40.969,38.469,25.0,45.0,0.0,,100.0,2.0,,,,0,cooldown
2026-07-04T20:22:11,pid_hot_humid_bursty_r1,pid,hot_humid,bursty,1,41.456,41.156,40.956,38.456,25.0,45.0,0.0,,100.0,2.0,,,,0,cooldown
2026-07-04T20:22:11,pid_hot_humid_bursty_r1,pid,hot_humid,bursty,1,41.443,41.143,40.943,38.443,25.0,45.0,0.0,,100.0,2.0,,,,0,cooldown
2026-07-04T20:22:11,pid_hot_humid_bursty_r1,pid,hot_humid,bursty,1,41.43,41.13,40.93,38.43,25.0,45.0,0.0,,100.0,2.0,,,,0,cooldown
2026-07-04T20:22:11,pid_hot_humid_bursty_r1,pid,hot_humid,bursty,1,41.417,41.117,40.917,38.417,25.0,45.0,0.0,,100.0,2.0,,,,0,cooldown
2026-07-04T20:22:11,pid_hot_humid_bursty_r1,pid,hot_humid,bursty,1,41.404,41.104,40.904,38.404,25.0,45.0,0.0,,100.0,2.0,,,,0,cooldown
2026-07-04T20:22:11,pid_hot_humid_bursty_r1,pid,hot_humid,bursty,1,41.391,41.091,40.891,38.391,25.0,45.0,0.0,,100.0,2.0,,,,0,cooldown
2026-07-04T20:22:11,pid_hot_humid_bursty_r1,pid,hot_humid,bursty,1,41.378,41.078,40.878,38.378,25.0,45.0,0.0,,100.0,2.0,,,,0,cooldown
2026-07-04T20:22:11,pid_hot_humid_bursty_r1,pid,hot_humid,bursty,1,41.365,41.065,40.865,38.365,25.0,45.0,0.0,,100.0,2.0,,,,0,cooldown
2026-07-04T20:22:11,pid_hot_humid_bursty_r1,pid,hot_humid,bursty,1,41.352,41.052,40.852,38.352,25.0,45.0,0.0,,100.0,2.0,,,,0,cooldown
2026-07-04T20:22:11,pid_hot_humid_bursty_r1,pid,hot_humid,bursty,1,41.339,41.039,40.839,38.339,25.0,45.0,0.0,,100.0,2.0,,,,0,cooldown
2026-07-04T20:22:11,pid_hot_humid_bursty_r1,pid,hot_humid,bursty,1,41.327,41.027,40.827,38.327,25.0,45.0,0.0,,100.0,2.0,,,,0,cooldown
2026-07-04T20:22:11,pid_hot_humid_bursty_r1,pid,hot_humid,bursty,1,41.314,41.014,40.814,38.314,25.0,45.0,0.0,,100.0,2.0,,,,0,cooldown
2026-07-04T20:22:11,pid_hot_humid_bursty_r1,pid,hot_humid,bursty,1,41.301,41.001,40.801,38.301,25.0,45.0,0.0,,100.0,2.0,,,,0,cooldown
2026-07-04T20:22:11,pid_hot_humid_bursty_r1,pid,hot_humid,bursty,1,41.288,40.988,40.788,38.288,25.0,45.0,0.0,,100.0,2.0,,,,0,cooldown
2026-07-04T20:22:11,pid_hot_humid_bursty_r1,pid,hot_humid,bursty,1,41.275,40.975,40.775,38.275,25.0,45.0,0.0,,100.0,2.0,,,,0,cooldown
2026-07-04T20:22:11,pid_hot_humid_bursty_r1,pid,hot_humid,bursty,1,41.262,40.962,40.762,38.262,25.0,45.0,0.0,,100.0,2.0,,,,0,cooldown
2026-07-04T20:22:11,pid_hot_humid_bursty_r1,pid,hot_humid,bursty,1,41.249,40.949,40.749,38.249,25.0,45.0,0.0,,100.0,2.0,,,,0,cooldown
2026-07-04T20:22:11,pid_hot_humid_bursty_r1,pid,hot_humid,bursty,1,41.237,40.937,40.737,38.237,25.0,45.0,0.0,,100.0,2.0,,,,0,cooldown
2026-07-04T20:22:11,pid_hot_humid_bursty_r1,pid,hot_humid,bursty,1,41.224,40.924,40.724,38.224,25.0,45.0,0.0,,100.0,2.0,,,,0,cooldown
2026-07-04T20:22:11,pid_hot_humid_bursty_r1,pid,hot_humid,bursty,1,41.211,40.911,40.711,38.211,25.0,45.0,0.0,,100.0,2.0,,,,0,cooldown
2026-07-04T20:22:11,pid_hot_humid_bursty_r1,pid,hot_humid,bursty,1,41.198,40.898,40.698,38.198,25.0,45.0,0.0,,100.0,2.0,,,,0,cooldown
2026-07-04T20:22:11,pid_hot_humid_bursty_r1,pid,hot_humid,bursty,1,41.185,40.885,40.685,38.185,25.0,45.0,0.0,,100.0,2.0,,,,0,cooldown
2026-07-04T20:22:11,pid_hot_humid_bursty_r1,pid,hot_humid,bursty,1,41.173,40.873,40.673,38.173,25.0,45.0,0.0,,100.0,2.0,,,,0,cooldown
2026-07-04T20:22:11,pid_hot_humid_bursty_r1,pid,hot_humid,bursty,1,41.16,40.86,40.66,38.16,25.0,45.0,0.0,,100.0,2.0,,,,0,cooldown
2026-07-04T20:22:11,pid_hot_humid_bursty_r1,pid,hot_humid,bursty,1,41.147,40.847,40.647,38.147,25.0,45.0,0.0,,100.0,2.0,,,,0,cooldown
2026-07-04T20:22:11,pid_hot_humid_bursty_r1,pid,hot_humid,bursty,1,41.134,40.834,40.634,38.134,25.0,45.0,0.0,,100.0,2.0,,,,0,cooldown
2026-07-04T20:22:11,pid_hot_humid_bursty_r1,pid,hot_humid,bursty,1,41.122,40.822,40.622,38.122,25.0,45.0,0.0,,100.0,2.0,,,,0,cooldown
2026-07-04T20:22:11,pid_hot_humid_bursty_r1,pid,hot_humid,bursty,1,41.109,40.809,40.609,38.109,25.0,45.0,0.0,,100.0,2.0,,,,0,cooldown
2026-07-04T20:22:11,pid_hot_humid_bursty_r1,pid,hot_humid,bursty,1,41.096,40.796,40.596,38.096,25.0,45.0,0.0,,100.0,2.0,,,,0,cooldown
2026-07-04T20:22:11,pid_hot_humid_bursty_r1,pid,hot_humid,bursty,1,41.083,40.783,40.583,38.083,25.0,45.0,0.0,,100.0,2.0,,,,0,cooldown
2026-07-04T20:22:11,pid_hot_humid_bursty_r1,pid,hot_humid,bursty,1,41.071,40.771,40.571,38.071,25.0,45.0,0.0,,100.0,2.0,,,,0,cooldown
2026-07-04T20:22:11,pid_hot_humid_bursty_r1,pid,hot_humid,bursty,1,41.058,40.758,40.558,38.058,25.0,45.0,0.0,,100.0,2.0,,,,0,cooldown
2026-07-04T20:22:11,pid_hot_humid_bursty_r1,pid,hot_humid,bursty,1,41.045,40.745,40.545,38.045,25.0,45.0,0.0,,100.0,2.0,,,,0,cooldown
2026-07-04T20:22:11,pid_hot_humid_bursty_r1,pid,hot_humid,bursty,1,41.033,40.733,40.533,38.033,25.0,45.0,0.0,,100.0,2.0,,,,0,cooldown
2026-07-04T20:22:11,pid_hot_humid_bursty_r1,pid,hot_humid,bursty,1,41.02,40.72,40.52,38.02,25.0,45.0,0.0,,100.0,2.0,,,,0,cooldown
2026-07-04T20:22:11,pid_hot_humid_bursty_r1,pid,hot_humid,bursty,1,41.007,40.707,40.507,38.007,25.0,45.0,0.0,,100.0,2.0,,,,0,cooldown
2026-07-04T20:22:11,pid_hot_humid_bursty_r1,pid,hot_humid,bursty,1,40.995,40.695,40.495,37.995,25.0,45.0,0.0,,100.0,2.0,,,,0,cooldown
2026-07-04T20:22:11,pid_hot_humid_bursty_r1,pid,hot_humid,bursty,1,40.982,40.682,40.482,37.982,25.0,45.0,0.0,,100.0,2.0,,,,0,cooldown
2026-07-04T20:22:11,pid_hot_humid_bursty_r1,pid,hot_humid,bursty,1,40.969,40.669,40.469,37.969,25.0,45.0,0.0,,100.0,2.0,,,,0,cooldown
2026-07-04T20:22:11,pid_hot_humid_bursty_r1,pid,hot_humid,bursty,1,40.957,40.657,40.457,37.957,25.0,45.0,0.0,,100.0,2.0,,,,0,cooldown
2026-07-04T20:22:11,pid_hot_humid_bursty_r1,pid,hot_humid,bursty,1,40.944,40.644,40.444,37.944,25.0,45.0,0.0,,100.0,2.0,,,,0,cooldown
2026-07-04T20:22:11,pid_hot_humid_bursty_r1,pid,hot_humid,bursty,1,40.932,40.632,40.432,37.932,25.0,45.0,0.0,,100.0,2.0,,,,0,cooldown
2026-07-04T20:22:11,pid_hot_humid_bursty_r1,pid,hot_humid,bursty,1,40.919,40.619,40.419,37.919,25.0,45.0,0.0,,100.0,2.0,,,,0,cooldown
2026-07-04T20:22:11,pid_hot_humid_bursty_r1,pid,hot_humid,bursty,1,40.907,40.607,40.407,37.907,25.0,45.0,0.0,,100.0,2.0,,,,0,cooldown
2026-07-04T20:22:11,pid_hot_humid_bursty_r1,pid,hot_humid,bursty,1,40.894,40.594,40.394,37.894,25.0,45.0,0.0,,100.0,2.0,,,,0,cooldown
2026-07-04T20:22:11,pid_hot_humid_bursty_r1,pid,hot_humid,bursty,1,40.881,40.581,40.381,37.881,25.0,45.0,0.0,,100.0,2.0,,,,0,cooldown
2026-07-04T20:22:11,pid_hot_humid_bursty_r1,pid,hot_humid,bursty,1,40.869,40.569,40.369,37.869,25.0,45.0,0.0,,100.0,2.0,,,,0,cooldown
2026-07-04T20:22:11,pid_hot_humid_bursty_r1,pid,hot_humid,bursty,1,40.856,40.556,40.356,37.856,25.0,45.0,0.0,,100.0,2.0,,,,0,cooldown
2026-07-04T20:22:11,pid_hot_humid_bursty_r1,pid,hot_humid,bursty,1,40.844,40.544,40.344,37.844,25.0,45.0,0.0,,100.0,2.0,,,,0,cooldown
2026-07-04T20:22:11,pid_hot_humid_bursty_r1,pid,hot_humid,bursty,1,40.831,40.531,40.331,37.831,25.0,45.0,0.0,,100.0,2.0,,,,0,cooldown
2026-07-04T20:22:11,pid_hot_humid_bursty_r1,pid,hot_humid,bursty,1,40.819,40.519,40.319,37.819,25.0,45.0,0.0,,100.0,2.0,,,,0,cooldown
2026-07-04T20:22:11,pid_hot_humid_bursty_r1,pid,hot_humid,bursty,1,40.806,40.506,40.306,37.806,25.0,45.0,0.0,,100.0,2.0,,,,0,cooldown
2026-07-04T20:22:11,pid_hot_humid_bursty_r1,pid,hot_humid,bursty,1,40.794,40.494,40.294,37.794,25.0,45.0,0.0,,100.0,2.0,,,,0,cooldown
2026-07-04T20:22:11,pid_hot_humid_bursty_r1,pid,hot_humid,bursty,1,40.781,40.481,40.281,37.781,25.0,45.0,0.0,,100.0,2.0,,,,0,cooldown
2026-07-04T20:22:11,pid_hot_humid_bursty_r1,pid,hot_humid,bursty,1,40.769,40.469,40.269,37.769,25.0,45.0,0.0,,100.0,2.0,,,,0,cooldown
2026-07-04T20:22:11,pid_hot_humid_bursty_r1,pid,hot_humid,bursty,1,40.757,40.457,40.257,37.757,25.0,45.0,0.0,,100.0,2.0,,,,0,cooldown
2026-07-04T20:22:11,pid_hot_humid_bursty_r1,pid,hot_humid,bursty,1,40.744,40.444,40.244,37.744,25.0,45.0,0.0,,100.0,2.0,,,,0,cooldown
2026-07-04T20:22:11,pid_hot_humid_bursty_r1,pid,hot_humid,bursty,1,40.732,40.432,40.232,37.732,25.0,45.0,0.0,,100.0,2.0,,,,0,cooldown
2026-07-04T20:22:11,pid_hot_humid_bursty_r1,pid,hot_humid,bursty,1,40.719,40.419,40.219,37.719,25.0,45.0,0.0,,100.0,2.0,,,,0,cooldown
2026-07-04T20:22:11,pid_hot_humid_bursty_r1,pid,hot_humid,bursty,1,40.707,40.407,40.207,37.707,25.0,45.0,0.0,,100.0,2.0,,,,0,cooldown
2026-07-04T20:22:11,pid_hot_humid_bursty_r1,pid,hot_humid,bursty,1,40.694,40.394,40.194,37.694,25.0,45.0,0.0,,100.0,2.0,,,,0,cooldown
2026-07-04T20:22:11,pid_hot_humid_bursty_r1,pid,hot_humid,bursty,1,40.682,40.382,40.182,37.682,25.0,45.0,0.0,,100.0,2.0,,,,0,cooldown
2026-07-04T20:22:11,pid_hot_humid_bursty_r1,pid,hot_humid,bursty,1,40.67,40.37,40.17,37.67,25.0,45.0,0.0,,100.0,2.0,,,,0,cooldown
2026-07-04T20:22:11,pid_hot_humid_bursty_r1,pid,hot_humid,bursty,1,40.657,40.357,40.157,37.657,25.0,45.0,0.0,,100.0,2.0,,,,0,cooldown
2026-07-04T20:22:11,pid_hot_humid_bursty_r1,pid,hot_humid,bursty,1,40.645,40.345,40.145,37.645,25.0,45.0,0.0,,100.0,2.0,,,,0,cooldown
2026-07-04T20:22:11,pid_hot_humid_bursty_r1,pid,hot_humid,bursty,1,40.633,40.333,40.133,37.633,25.0,45.0,0.0,,100.0,2.0,,,,0,cooldown
2026-07-04T20:22:11,pid_hot_humid_bursty_r1,pid,hot_humid,bursty,1,40.62,40.32,40.12,37.62,25.0,45.0,0.0,,100.0,2.0,,,,0,cooldown
2026-07-04T20:22:11,pid_hot_humid_bursty_r1,pid,hot_humid,bursty,1,40.608,40.308,40.108,37.608,25.0,45.0,0.0,,100.0,2.0,,,,0,cooldown
2026-07-04T20:22:11,pid_hot_humid_bursty_r1,pid,hot_humid,bursty,1,40.596,40.296,40.096,37.596,25.0,45.0,0.0,,100.0,2.0,,,,0,cooldown
2026-07-04T20:22:11,pid_hot_humid_bursty_r1,pid,hot_humid,bursty,1,40.583,40.283,40.083,37.583,25.0,45.0,0.0,,100.0,2.0,,,,0,cooldown
2026-07-04T20:22:11,pid_hot_humid_bursty_r1,pid,hot_humid,bursty,1,40.571,40.271,40.071,37.571,25.0,45.0,0.0,,100.0,2.0,,,,0,cooldown
2026-07-04T20:22:11,pid_hot_humid_bursty_r1,pid,hot_humid,bursty,1,40.559,40.259,40.059,37.559,25.0,45.0,0.0,,100.0,2.0,,,,0,cooldown
2026-07-04T20:22:11,pid_hot_humid_bursty_r1,pid,hot_humid,bursty,1,40.546,40.246,40.046,37.546,25.0,45.0,0.0,,100.0,2.0,,,,0,cooldown
2026-07-04T20:22:11,pid_hot_humid_bursty_r1,pid,hot_humid,bursty,1,40.534,40.234,40.034,37.534,25.0,45.0,0.0,,100.0,2.0,,,,0,cooldown
2026-07-04T20:22:11,pid_hot_humid_bursty_r1,pid,hot_humid,bursty,1,40.522,40.222,40.022,37.522,25.0,45.0,0.0,,100.0,2.0,,,,0,cooldown
2026-07-04T20:22:11,pid_hot_humid_bursty_r1,pid,hot_humid,bursty,1,40.51,40.21,40.01,37.51,25.0,45.0,0.0,,100.0,2.0,,,,0,cooldown
2026-07-04T20:22:11,pid_hot_humid_bursty_r1,pid,hot_humid,bursty,1,40.497,40.197,39.997,37.497,25.0,45.0,0.0,,100.0,2.0,,,,0,cooldown
2026-07-04T20:22:11,pid_hot_humid_bursty_r1,pid,hot_humid,bursty,1,40.485,40.185,39.985,37.485,25.0,45.0,0.0,,100.0,2.0,,,,0,cooldown
2026-07-04T20:22:11,pid_hot_humid_bursty_r1,pid,hot_humid,bursty,1,40.473,40.173,39.973,37.473,25.0,45.0,0.0,,100.0,2.0,,,,0,cooldown
2026-07-04T20:22:11,pid_hot_humid_bursty_r1,pid,hot_humid,bursty,1,40.461,40.161,39.961,37.461,25.0,45.0,0.0,,100.0,2.0,,,,0,cooldown
2026-07-04T20:22:11,pid_hot_humid_bursty_r1,pid,hot_humid,bursty,1,40.448,40.148,39.948,37.448,25.0,45.0,0.0,,100.0,2.0,,,,0,cooldown
2026-07-04T20:22:11,pid_hot_humid_bursty_r1,pid,hot_humid,bursty,1,40.436,40.136,39.936,37.436,25.0,45.0,0.0,,100.0,2.0,,,,0,cooldown
2026-07-04T20:22:11,pid_hot_humid_bursty_r1,pid,hot_humid,bursty,1,40.424,40.124,39.924,37.424,25.0,45.0,0.0,,100.0,2.0,,,,0,cooldown
2026-07-04T20:22:11,pid_hot_humid_bursty_r1,pid,hot_humid,bursty,1,40.412,40.112,39.912,37.412,25.0,45.0,0.0,,100.0,2.0,,,,0,cooldown
2026-07-04T20:22:11,pid_hot_humid_bursty_r1,pid,hot_humid,bursty,1,40.4,40.1,39.9,37.4,25.0,45.0,0.0,,100.0,2.0,,,,0,cooldown
2026-07-04T20:22:11,pid_hot_humid_bursty_r1,pid,hot_humid,bursty,1,40.388,40.088,39.888,37.388,25.0,45.0,0.0,,100.0,2.0,,,,0,cooldown
2026-07-04T20:22:11,pid_hot_humid_bursty_r1,pid,hot_humid,bursty,1,40.375,40.075,39.875,37.375,25.0,45.0,0.0,,100.0,2.0,,,,0,cooldown
2026-07-04T20:22:11,pid_hot_humid_bursty_r1,pid,hot_humid,bursty,1,40.363,40.063,39.863,37.363,25.0,45.0,0.0,,100.0,2.0,,,,0,cooldown
2026-07-04T20:22:11,pid_hot_humid_bursty_r1,pid,hot_humid,bursty,1,40.351,40.051,39.851,37.351,25.0,45.0,0.0,,100.0,2.0,,,,0,cooldown
2026-07-04T20:22:11,pid_hot_humid_bursty_r1,pid,hot_humid,bursty,1,40.339,40.039,39.839,37.339,25.0,45.0,0.0,,100.0,2.0,,,,0,cooldown
2026-07-04T20:22:11,pid_hot_humid_bursty_r1,pid,hot_humid,bursty,1,40.327,40.027,39.827,37.327,25.0,45.0,0.0,,100.0,2.0,,,,0,cooldown
2026-07-04T20:22:11,pid_hot_humid_bursty_r1,pid,hot_humid,bursty,1,40.315,40.015,39.815,37.315,25.0,45.0,0.0,,100.0,2.0,,,,0,cooldown
2026-07-04T20:22:11,pid_hot_humid_bursty_r1,pid,hot_humid,bursty,1,40.303,40.003,39.803,37.303,25.0,45.0,0.0,,100.0,2.0,,,,0,cooldown
2026-07-04T20:22:11,pid_hot_humid_bursty_r1,pid,hot_humid,bursty,1,40.291,39.991,39.791,37.291,25.0,45.0,0.0,,100.0,2.0,,,,0,cooldown
2026-07-04T20:22:11,pid_hot_humid_bursty_r1,pid,hot_humid,bursty,1,40.279,39.979,39.779,37.279,25.0,45.0,0.0,,100.0,2.0,,,,0,cooldown
2026-07-04T20:22:11,pid_hot_humid_bursty_r1,pid,hot_humid,bursty,1,40.267,39.967,39.767,37.267,25.0,45.0,0.0,,100.0,2.0,,,,0,cooldown
2026-07-04T20:22:11,pid_hot_humid_bursty_r1,pid,hot_humid,bursty,1,40.254,39.954,39.754,37.254,25.0,45.0,0.0,,100.0,2.0,,,,0,cooldown
2026-07-04T20:22:11,pid_hot_humid_bursty_r1,pid,hot_humid,bursty,1,40.242,39.942,39.742,37.242,25.0,45.0,0.0,,100.0,2.0,,,,0,cooldown
2026-07-04T20:22:11,pid_hot_humid_bursty_r1,pid,hot_humid,bursty,1,40.23,39.93,39.73,37.23,25.0,45.0,0.0,,100.0,2.0,,,,0,cooldown
2026-07-04T20:22:11,pid_hot_humid_bursty_r1,pid,hot_humid,bursty,1,40.218,39.918,39.718,37.218,25.0,45.0,0.0,,100.0,2.0,,,,0,cooldown
2026-07-04T20:22:11,pid_hot_humid_bursty_r1,pid,hot_humid,bursty,1,40.206,39.906,39.706,37.206,25.0,45.0,0.0,,100.0,2.0,,,,0,cooldown
2026-07-04T20:22:11,pid_hot_humid_bursty_r1,pid,hot_humid,bursty,1,40.194,39.894,39.694,37.194,25.0,45.0,0.0,,100.0,2.0,,,,0,cooldown
2026-07-04T20:22:11,pid_hot_humid_bursty_r1,pid,hot_humid,bursty,1,40.182,39.882,39.682,37.182,25.0,45.0,0.0,,100.0,2.0,,,,0,cooldown
2026-07-04T20:22:11,pid_hot_humid_bursty_r1,pid,hot_humid,bursty,1,40.17,39.87,39.67,37.17,25.0,45.0,0.0,,100.0,2.0,,,,0,cooldown
2026-07-04T20:22:11,pid_hot_humid_bursty_r1,pid,hot_humid,bursty,1,40.158,39.858,39.658,37.158,25.0,45.0,0.0,,100.0,2.0,,,,0,cooldown
2026-07-04T20:22:11,pid_hot_humid_bursty_r1,pid,hot_humid,bursty,1,40.146,39.846,39.646,37.146,25.0,45.0,0.0,,100.0,2.0,,,,0,cooldown
2026-07-04T20:22:11,pid_hot_humid_bursty_r1,pid,hot_humid,bursty,1,40.134,39.834,39.634,37.134,25.0,45.0,0.0,,100.0,2.0,,,,0,cooldown
2026-07-04T20:22:11,pid_hot_humid_bursty_r1,pid,hot_humid,bursty,1,40.123,39.823,39.623,37.123,25.0,45.0,0.0,,100.0,2.0,,,,0,cooldown
2026-07-04T20:22:11,pid_hot_humid_bursty_r1,pid,hot_humid,bursty,1,40.111,39.811,39.611,37.111,25.0,45.0,0.0,,100.0,2.0,,,,0,cooldown
2026-07-04T20:22:11,pid_hot_humid_bursty_r1,pid,hot_humid,bursty,1,40.099,39.799,39.599,37.099,25.0,45.0,0.0,,100.0,2.0,,,,0,cooldown
2026-07-04T20:22:11,pid_hot_humid_bursty_r1,pid,hot_humid,bursty,1,40.087,39.787,39.587,37.087,25.0,45.0,0.0,,100.0,2.0,,,,0,cooldown
2026-07-04T20:22:11,pid_hot_humid_bursty_r1,pid,hot_humid,bursty,1,40.075,39.775,39.575,37.075,25.0,45.0,0.0,,100.0,2.0,,,,0,cooldown
2026-07-04T20:22:11,pid_hot_humid_bursty_r1,pid,hot_humid,bursty,1,40.063,39.763,39.563,37.063,25.0,45.0,0.0,,100.0,2.0,,,,0,cooldown
2026-07-04T20:22:11,pid_hot_humid_bursty_r1,pid,hot_humid,bursty,1,40.051,39.751,39.551,37.051,25.0,45.0,0.0,,100.0,2.0,,,,0,cooldown
2026-07-04T20:22:11,pid_hot_humid_bursty_r1,pid,hot_humid,bursty,1,40.039,39.739,39.539,37.039,25.0,45.0,0.0,,100.0,2.0,,,,0,cooldown
2026-07-04T20:22:11,pid_hot_humid_bursty_r1,pid,hot_humid,bursty,1,40.027,39.727,39.527,37.027,25.0,45.0,0.0,,100.0,2.0,,,,0,cooldown
2026-07-04T20:22:11,pid_hot_humid_bursty_r1,pid,hot_humid,bursty,1,40.015,39.715,39.515,37.015,25.0,45.0,0.0,,100.0,2.0,,,,0,cooldown
2026-07-04T20:22:11,pid_hot_humid_bursty_r1,pid,hot_humid,bursty,1,40.004,39.704,39.504,37.004,25.0,45.0,0.0,,100.0,2.0,,,,0,cooldown
2026-07-04T20:22:11,pid_hot_humid_bursty_r1,pid,hot_humid,bursty,1,39.992,39.692,39.492,36.992,25.0,45.0,0.0,,100.0,2.0,,,,0,cooldown
2026-07-04T20:22:11,pid_hot_humid_bursty_r1,pid,hot_humid,bursty,1,39.98,39.68,39.48,36.98,25.0,45.0,0.0,,100.0,2.0,,,,0,cooldown
2026-07-04T20:22:11,pid_hot_humid_bursty_r1,pid,hot_humid,bursty,1,39.968,39.668,39.468,36.968,25.0,45.0,0.0,,100.0,2.0,,,,0,cooldown
2026-07-04T20:22:11,pid_hot_humid_bursty_r1,pid,hot_humid,bursty,1,39.956,39.656,39.456,36.956,25.0,45.0,0.0,,100.0,2.0,,,,0,cooldown
2026-07-04T20:22:11,pid_hot_humid_bursty_r1,pid,hot_humid,bursty,1,39.944,39.644,39.444,36.944,25.0,45.0,0.0,,100.0,2.0,,,,0,cooldown
2026-07-04T20:22:11,pid_hot_humid_bursty_r1,pid,hot_humid,bursty,1,39.933,39.633,39.433,36.933,25.0,45.0,0.0,,100.0,2.0,,,,0,cooldown
2026-07-04T20:22:11,pid_hot_humid_bursty_r1,pid,hot_humid,bursty,1,39.921,39.621,39.421,36.921,25.0,45.0,0.0,,100.0,2.0,,,,0,cooldown
2026-07-04T20:22:11,pid_hot_humid_bursty_r1,pid,hot_humid,bursty,1,39.909,39.609,39.409,36.909,25.0,45.0,0.0,,100.0,2.0,,,,0,cooldown
2026-07-04T20:22:11,pid_hot_humid_bursty_r1,pid,hot_humid,bursty,1,39.897,39.597,39.397,36.897,25.0,45.0,0.0,,100.0,2.0,,,,0,cooldown
2026-07-04T20:22:11,pid_hot_humid_bursty_r1,pid,hot_humid,bursty,1,39.886,39.586,39.386,36.886,25.0,45.0,0.0,,100.0,2.0,,,,0,cooldown
2026-07-04T20:22:11,pid_hot_humid_bursty_r1,pid,hot_humid,bursty,1,39.874,39.574,39.374,36.874,25.0,45.0,0.0,,100.0,2.0,,,,0,cooldown
2026-07-04T20:22:11,pid_hot_humid_bursty_r1,pid,hot_humid,bursty,1,39.862,39.562,39.362,36.862,25.0,45.0,0.0,,100.0,2.0,,,,0,cooldown
2026-07-04T20:22:11,pid_hot_humid_bursty_r1,pid,hot_humid,bursty,1,39.85,39.55,39.35,36.85,25.0,45.0,0.0,,100.0,2.0,,,,0,cooldown
2026-07-04T20:22:11,pid_hot_humid_bursty_r1,pid,hot_humid,bursty,1,39.839,39.539,39.339,36.839,25.0,45.0,0.0,,100.0,2.0,,,,0,cooldown
2026-07-04T20:22:11,pid_hot_humid_bursty_r1,pid,hot_humid,bursty,1,39.827,39.527,39.327,36.827,25.0,45.0,0.0,,100.0,2.0,,,,0,cooldown
2026-07-04T20:22:11,pid_hot_humid_bursty_r1,pid,hot_humid,bursty,1,39.815,39.515,39.315,36.815,25.0,45.0,0.0,,100.0,2.0,,,,0,cooldown
2026-07-04T20:22:11,pid_hot_humid_bursty_r1,pid,hot_humid,bursty,1,39.803,39.503,39.303,36.803,25.0,45.0,0.0,,100.0,2.0,,,,0,cooldown
2026-07-04T20:22:11,pid_hot_humid_bursty_r1,pid,hot_humid,bursty,1,39.792,39.492,39.292,36.792,25.0,45.0,0.0,,100.0,2.0,,,,0,cooldown
2026-07-04T20:22:11,pid_hot_humid_bursty_r1,pid,hot_humid,bursty,1,39.78,39.48,39.28,36.78,25.0,45.0,0.0,,100.0,2.0,,,,0,cooldown
2026-07-04T20:22:11,pid_hot_humid_bursty_r1,pid,hot_humid,bursty,1,39.768,39.468,39.268,36.768,25.0,45.0,0.0,,100.0,2.0,,,,0,cooldown
2026-07-04T20:22:11,pid_hot_humid_bursty_r1,pid,hot_humid,bursty,1,39.757,39.457,39.257,36.757,25.0,45.0,0.0,,100.0,2.0,,,,0,cooldown
2026-07-04T20:22:11,pid_hot_humid_bursty_r1,pid,hot_humid,bursty,1,39.745,39.445,39.245,36.745,25.0,45.0,0.0,,100.0,2.0,,,,0,cooldown
2026-07-04T20:22:11,pid_hot_humid_bursty_r1,pid,hot_humid,bursty,1,39.733,39.433,39.233,36.733,25.0,45.0,0.0,,100.0,2.0,,,,0,cooldown
2026-07-04T20:22:11,pid_hot_humid_bursty_r1,pid,hot_humid,bursty,1,39.722,39.422,39.222,36.722,25.0,45.0,0.0,,100.0,2.0,,,,0,cooldown
2026-07-04T20:22:11,pid_hot_humid_bursty_r1,pid,hot_humid,bursty,1,39.71,39.41,39.21,36.71,25.0,45.0,0.0,,100.0,2.0,,,,0,cooldown
2026-07-04T20:22:11,pid_hot_humid_bursty_r1,pid,hot_humid,bursty,1,39.699,39.399,39.199,36.699,25.0,45.0,0.0,,100.0,2.0,,,,0,cooldown
2026-07-04T20:22:11,pid_hot_humid_bursty_r1,pid,hot_humid,bursty,1,39.687,39.387,39.187,36.687,25.0,45.0,0.0,,100.0,2.0,,,,0,cooldown
2026-07-04T20:22:11,pid_hot_humid_bursty_r1,pid,hot_humid,bursty,1,39.675,39.375,39.175,36.675,25.0,45.0,0.0,,100.0,2.0,,,,0,cooldown
2026-07-04T20:22:11,pid_hot_humid_bursty_r1,pid,hot_humid,bursty,1,39.664,39.364,39.164,36.664,25.0,45.0,0.0,,100.0,2.0,,,,0,cooldown
2026-07-04T20:22:11,pid_hot_humid_bursty_r1,pid,hot_humid,bursty,1,39.652,39.352,39.152,36.652,25.0,45.0,0.0,,100.0,2.0,,,,0,cooldown
2026-07-04T20:22:11,pid_hot_humid_bursty_r1,pid,hot_humid,bursty,1,39.641,39.341,39.141,36.641,25.0,45.0,0.0,,100.0,2.0,,,,0,cooldown
2026-07-04T20:22:11,pid_hot_humid_bursty_r1,pid,hot_humid,bursty,1,39.629,39.329,39.129,36.629,25.0,45.0,0.0,,100.0,2.0,,,,0,cooldown
2026-07-04T20:22:11,pid_hot_humid_bursty_r1,pid,hot_humid,bursty,1,39.618,39.318,39.118,36.618,25.0,45.0,0.0,,100.0,2.0,,,,0,cooldown
2026-07-04T20:22:11,pid_hot_humid_bursty_r1,pid,hot_humid,bursty,1,39.606,39.306,39.106,36.606,25.0,45.0,0.0,,100.0,2.0,,,,0,cooldown
2026-07-04T20:22:11,pid_hot_humid_bursty_r1,pid,hot_humid,bursty,1,39.594,39.294,39.094,36.594,25.0,45.0,0.0,,100.0,2.0,,,,0,cooldown
2026-07-04T20:22:11,pid_hot_humid_bursty_r1,pid,hot_humid,bursty,1,39.583,39.283,39.083,36.583,25.0,45.0,0.0,,100.0,2.0,,,,0,cooldown
2026-07-04T20:22:11,pid_hot_humid_bursty_r1,pid,hot_humid,bursty,1,39.571,39.271,39.071,36.571,25.0,45.0,0.0,,100.0,2.0,,,,0,cooldown
2026-07-04T20:22:11,pid_hot_humid_bursty_r1,pid,hot_humid,bursty,1,39.56,39.26,39.06,36.56,25.0,45.0,0.0,,100.0,2.0,,,,0,cooldown
2026-07-04T20:22:11,pid_hot_humid_bursty_r1,pid,hot_humid,bursty,1,39.548,39.248,39.048,36.548,25.0,45.0,0.0,,100.0,2.0,,,,0,cooldown
2026-07-04T20:22:11,pid_hot_humid_bursty_r1,pid,hot_humid,bursty,1,39.537,39.237,39.037,36.537,25.0,45.0,0.0,,100.0,2.0,,,,0,cooldown
2026-07-04T20:22:11,pid_hot_humid_bursty_r1,pid,hot_humid,bursty,1,39.525,39.225,39.025,36.525,25.0,45.0,0.0,,100.0,2.0,,,,0,cooldown
2026-07-04T20:22:11,pid_hot_humid_bursty_r1,pid,hot_humid,bursty,1,39.514,39.214,39.014,36.514,25.0,45.0,0.0,,100.0,2.0,,,,0,cooldown
2026-07-04T20:22:11,pid_hot_humid_bursty_r1,pid,hot_humid,bursty,1,39.503,39.203,39.003,36.503,25.0,45.0,0.0,,100.0,2.0,,,,0,cooldown
2026-07-04T20:22:11,pid_hot_humid_bursty_r1,pid,hot_humid,bursty,1,39.491,39.191,38.991,36.491,25.0,45.0,0.0,,100.0,2.0,,,,0,cooldown
2026-07-04T20:22:11,pid_hot_humid_bursty_r1,pid,hot_humid,bursty,1,39.48,39.18,38.98,36.48,25.0,45.0,0.0,,100.0,2.0,,,,0,cooldown
2026-07-04T20:22:11,pid_hot_humid_bursty_r1,pid,hot_humid,bursty,1,39.468,39.168,38.968,36.468,25.0,45.0,0.0,,100.0,2.0,,,,0,cooldown
2026-07-04T20:22:11,pid_hot_humid_bursty_r1,pid,hot_humid,bursty,1,39.457,39.157,38.957,36.457,25.0,45.0,0.0,,100.0,2.0,,,,0,cooldown
2026-07-04T20:22:11,pid_hot_humid_bursty_r1,pid,hot_humid,bursty,1,39.445,39.145,38.945,36.445,25.0,45.0,0.0,,100.0,2.0,,,,0,cooldown
2026-07-04T20:22:11,pid_hot_humid_bursty_r1,pid,hot_humid,bursty,1,39.434,39.134,38.934,36.434,25.0,45.0,0.0,,100.0,2.0,,,,0,cooldown
2026-07-04T20:22:11,pid_hot_humid_bursty_r1,pid,hot_humid,bursty,1,39.423,39.123,38.923,36.423,25.0,45.0,0.0,,100.0,2.0,,,,0,cooldown
2026-07-04T20:22:11,pid_hot_humid_bursty_r1,pid,hot_humid,bursty,1,39.411,39.111,38.911,36.411,25.0,45.0,0.0,,100.0,2.0,,,,0,cooldown
2026-07-04T20:22:11,pid_hot_humid_bursty_r1,pid,hot_humid,bursty,1,39.4,39.1,38.9,36.4,25.0,45.0,0.0,,100.0,2.0,,,,0,cooldown
2026-07-04T20:22:11,pid_hot_humid_bursty_r1,pid,hot_humid,bursty,1,39.388,39.088,38.888,36.388,25.0,45.0,0.0,,100.0,2.0,,,,0,cooldown
2026-07-04T20:22:11,pid_hot_humid_bursty_r1,pid,hot_humid,bursty,1,39.377,39.077,38.877,36.377,25.0,45.0,0.0,,100.0,2.0,,,,0,cooldown
2026-07-04T20:22:11,pid_hot_humid_bursty_r1,pid,hot_humid,bursty,1,39.366,39.066,38.866,36.366,25.0,45.0,0.0,,100.0,2.0,,,,0,cooldown
2026-07-04T20:22:11,pid_hot_humid_bursty_r1,pid,hot_humid,bursty,1,39.354,39.054,38.854,36.354,25.0,45.0,0.0,,100.0,2.0,,,,0,cooldown
2026-07-04T20:22:11,pid_hot_humid_bursty_r1,pid,hot_humid,bursty,1,39.343,39.043,38.843,36.343,25.0,45.0,0.0,,100.0,2.0,,,,0,cooldown
2026-07-04T20:22:11,pid_hot_humid_bursty_r1,pid,hot_humid,bursty,1,39.332,39.032,38.832,36.332,25.0,45.0,0.0,,100.0,2.0,,,,0,cooldown
2026-07-04T20:22:11,pid_hot_humid_bursty_r1,pid,hot_humid,bursty,1,39.32,39.02,38.82,36.32,25.0,45.0,0.0,,100.0,2.0,,,,0,cooldown
2026-07-04T20:22:11,pid_hot_humid_bursty_r1,pid,hot_humid,bursty,1,39.309,39.009,38.809,36.309,25.0,45.0,0.0,,100.0,2.0,,,,0,cooldown
2026-07-04T20:22:11,pid_hot_humid_bursty_r1,pid,hot_humid,bursty,1,39.298,38.998,38.798,36.298,25.0,45.0,0.0,,100.0,2.0,,,,0,cooldown
2026-07-04T20:22:11,pid_hot_humid_bursty_r1,pid,hot_humid,bursty,1,39.287,38.987,38.787,36.287,25.0,45.0,0.0,,100.0,2.0,,,,0,cooldown
2026-07-04T20:22:11,pid_hot_humid_bursty_r1,pid,hot_humid,bursty,1,39.275,38.975,38.775,36.275,25.0,45.0,0.0,,100.0,2.0,,,,0,cooldown
2026-07-04T20:22:11,pid_hot_humid_bursty_r1,pid,hot_humid,bursty,1,39.264,38.964,38.764,36.264,25.0,45.0,0.0,,100.0,2.0,,,,0,cooldown
2026-07-04T20:22:11,pid_hot_humid_bursty_r1,pid,hot_humid,bursty,1,39.253,38.953,38.753,36.253,25.0,45.0,0.0,,100.0,2.0,,,,0,cooldown
2026-07-04T20:22:11,pid_hot_humid_bursty_r1,pid,hot_humid,bursty,1,39.242,38.942,38.742,36.242,25.0,45.0,0.0,,100.0,2.0,,,,0,cooldown
2026-07-04T20:22:11,pid_hot_humid_bursty_r1,pid,hot_humid,bursty,1,39.23,38.93,38.73,36.23,25.0,45.0,0.0,,100.0,2.0,,,,0,cooldown
2026-07-04T20:22:11,pid_hot_humid_bursty_r1,pid,hot_humid,bursty,1,39.219,38.919,38.719,36.219,25.0,45.0,0.0,,100.0,2.0,,,,0,cooldown
2026-07-04T20:22:11,pid_hot_humid_bursty_r1,pid,hot_humid,bursty,1,39.208,38.908,38.708,36.208,25.0,45.0,0.0,,100.0,2.0,,,,0,cooldown
2026-07-04T20:22:11,pid_hot_humid_bursty_r1,pid,hot_humid,bursty,1,39.197,38.897,38.697,36.197,25.0,45.0,0.0,,100.0,2.0,,,,0,cooldown
2026-07-04T20:22:11,pid_hot_humid_bursty_r1,pid,hot_humid,bursty,1,39.185,38.885,38.685,36.185,25.0,45.0,0.0,,100.0,2.0,,,,0,cooldown
2026-07-04T20:22:11,pid_hot_humid_bursty_r1,pid,hot_humid,bursty,1,39.174,38.874,38.674,36.174,25.0,45.0,0.0,,100.0,2.0,,,,0,cooldown
2026-07-04T20:22:11,pid_hot_humid_bursty_r1,pid,hot_humid,bursty,1,39.163,38.863,38.663,36.163,25.0,45.0,0.0,,100.0,2.0,,,,0,cooldown
2026-07-04T20:22:11,pid_hot_humid_bursty_r1,pid,hot_humid,bursty,1,39.152,38.852,38.652,36.152,25.0,45.0,0.0,,100.0,2.0,,,,0,cooldown
2026-07-04T20:22:11,pid_hot_humid_bursty_r1,pid,hot_humid,bursty,1,39.141,38.841,38.641,36.141,25.0,45.0,0.0,,100.0,2.0,,,,0,cooldown
2026-07-04T20:22:11,pid_hot_humid_bursty_r1,pid,hot_humid,bursty,1,39.129,38.829,38.629,36.129,25.0,45.0,0.0,,100.0,2.0,,,,0,cooldown
2026-07-04T20:22:11,pid_hot_humid_bursty_r1,pid,hot_humid,bursty,1,39.118,38.818,38.618,36.118,25.0,45.0,0.0,,100.0,2.0,,,,0,cooldown
2026-07-04T20:22:11,pid_hot_humid_bursty_r1,pid,hot_humid,bursty,1,39.107,38.807,38.607,36.107,25.0,45.0,0.0,,100.0,2.0,,,,0,cooldown
2026-07-04T20:22:11,pid_hot_humid_bursty_r1,pid,hot_humid,bursty,1,39.096,38.796,38.596,36.096,25.0,45.0,0.0,,100.0,2.0,,,,0,cooldown
2026-07-04T20:22:11,pid_hot_humid_bursty_r1,pid,hot_humid,bursty,1,39.085,38.785,38.585,36.085,25.0,45.0,0.0,,100.0,2.0,,,,0,cooldown
2026-07-04T20:22:11,pid_hot_humid_bursty_r1,pid,hot_humid,bursty,1,39.074,38.774,38.574,36.074,25.0,45.0,0.0,,100.0,2.0,,,,0,cooldown
2026-07-04T20:22:11,pid_hot_humid_bursty_r1,pid,hot_humid,bursty,1,39.063,38.763,38.563,36.063,25.0,45.0,0.0,,100.0,2.0,,,,0,cooldown
2026-07-04T20:22:11,pid_hot_humid_bursty_r1,pid,hot_humid,bursty,1,39.052,38.752,38.552,36.052,25.0,45.0,0.0,,100.0,2.0,,,,0,cooldown
2026-07-04T20:22:11,pid_hot_humid_bursty_r1,pid,hot_humid,bursty,1,39.04,38.74,38.54,36.04,25.0,45.0,0.0,,100.0,2.0,,,,0,cooldown
2026-07-04T20:22:11,pid_hot_humid_bursty_r1,pid,hot_humid,bursty,1,39.029,38.729,38.529,36.029,25.0,45.0,0.0,,100.0,2.0,,,,0,cooldown
2026-07-04T20:22:11,pid_hot_humid_bursty_r1,pid,hot_humid,bursty,1,39.018,38.718,38.518,36.018,25.0,45.0,0.0,,100.0,2.0,,,,0,cooldown
2026-07-04T20:22:11,pid_hot_humid_bursty_r1,pid,hot_humid,bursty,1,39.007,38.707,38.507,36.007,25.0,45.0,0.0,,100.0,2.0,,,,0,cooldown
2026-07-04T20:22:11,pid_hot_humid_bursty_r1,pid,hot_humid,bursty,1,38.996,38.696,38.496,35.996,25.0,45.0,0.0,,100.0,2.0,,,,0,cooldown
2026-07-04T20:22:11,pid_hot_humid_bursty_r1,pid,hot_humid,bursty,1,38.985,38.685,38.485,35.985,25.0,45.0,0.0,,100.0,2.0,,,,0,cooldown
2026-07-04T20:22:11,pid_hot_humid_bursty_r1,pid,hot_humid,bursty,1,38.974,38.674,38.474,35.974,25.0,45.0,0.0,,100.0,2.0,,,,0,cooldown
2026-07-04T20:22:11,pid_hot_humid_bursty_r1,pid,hot_humid,bursty,1,38.963,38.663,38.463,35.963,25.0,45.0,0.0,,100.0,2.0,,,,0,cooldown
2026-07-04T20:22:11,pid_hot_humid_bursty_r1,pid,hot_humid,bursty,1,38.952,38.652,38.452,35.952,25.0,45.0,0.0,,100.0,2.0,,,,0,cooldown
2026-07-04T20:22:11,pid_hot_humid_bursty_r1,pid,hot_humid,bursty,1,38.941,38.641,38.441,35.941,25.0,45.0,0.0,,100.0,2.0,,,,0,cooldown
2026-07-04T20:22:11,pid_hot_humid_bursty_r1,pid,hot_humid,bursty,1,38.93,38.63,38.43,35.93,25.0,45.0,0.0,,100.0,2.0,,,,0,cooldown
2026-07-04T20:22:11,pid_hot_humid_bursty_r1,pid,hot_humid,bursty,1,38.919,38.619,38.419,35.919,25.0,45.0,0.0,,100.0,2.0,,,,0,cooldown
2026-07-04T20:22:11,pid_hot_humid_bursty_r1,pid,hot_humid,bursty,1,38.908,38.608,38.408,35.908,25.0,45.0,0.0,,100.0,2.0,,,,0,cooldown
2026-07-04T20:22:11,pid_hot_humid_bursty_r1,pid,hot_humid,bursty,1,38.897,38.597,38.397,35.897,25.0,45.0,0.0,,100.0,2.0,,,,0,cooldown
2026-07-04T20:22:11,pid_hot_humid_bursty_r1,pid,hot_humid,bursty,1,38.886,38.586,38.386,35.886,25.0,45.0,0.0,,100.0,2.0,,,,0,cooldown
2026-07-04T20:22:11,pid_hot_humid_bursty_r1,pid,hot_humid,bursty,1,38.875,38.575,38.375,35.875,25.0,45.0,0.0,,100.0,2.0,,,,0,cooldown
2026-07-04T20:22:11,pid_hot_humid_bursty_r1,pid,hot_humid,bursty,1,38.864,38.564,38.364,35.864,25.0,45.0,0.0,,100.0,2.0,,,,0,cooldown
2026-07-04T20:22:11,pid_hot_humid_bursty_r1,pid,hot_humid,bursty,1,38.853,38.553,38.353,35.853,25.0,45.0,0.0,,100.0,2.0,,,,0,cooldown
2026-07-04T20:22:11,pid_hot_humid_bursty_r1,pid,hot_humid,bursty,1,38.842,38.542,38.342,35.842,25.0,45.0,0.0,,100.0,2.0,,,,0,cooldown
2026-07-04T20:22:11,pid_hot_humid_bursty_r1,pid,hot_humid,bursty,1,38.831,38.531,38.331,35.831,25.0,45.0,0.0,,100.0,2.0,,,,0,cooldown
2026-07-04T20:22:11,pid_hot_humid_bursty_r1,pid,hot_humid,bursty,1,38.82,38.52,38.32,35.82,25.0,45.0,0.0,,100.0,2.0,,,,0,cooldown
2026-07-04T20:22:11,pid_hot_humid_bursty_r1,pid,hot_humid,bursty,1,38.81,38.51,38.31,35.81,25.0,45.0,0.0,,100.0,2.0,,,,0,cooldown
2026-07-04T20:22:11,pid_hot_humid_bursty_r1,pid,hot_humid,bursty,1,38.799,38.499,38.299,35.799,25.0,45.0,0.0,,100.0,2.0,,,,0,cooldown
2026-07-04T20:22:11,pid_hot_humid_bursty_r1,pid,hot_humid,bursty,1,38.788,38.488,38.288,35.788,25.0,45.0,0.0,,100.0,2.0,,,,0,cooldown
2026-07-04T20:22:11,pid_hot_humid_bursty_r1,pid,hot_humid,bursty,1,38.777,38.477,38.277,35.777,25.0,45.0,0.0,,100.0,2.0,,,,0,cooldown
2026-07-04T20:22:11,pid_hot_humid_bursty_r1,pid,hot_humid,bursty,1,38.766,38.466,38.266,35.766,25.0,45.0,0.0,,100.0,2.0,,,,0,cooldown
2026-07-04T20:22:11,pid_hot_humid_bursty_r1,pid,hot_humid,bursty,1,38.755,38.455,38.255,35.755,25.0,45.0,0.0,,100.0,2.0,,,,0,cooldown
2026-07-04T20:22:11,pid_hot_humid_bursty_r1,pid,hot_humid,bursty,1,38.744,38.444,38.244,35.744,25.0,45.0,0.0,,100.0,2.0,,,,0,cooldown
2026-07-04T20:22:11,pid_hot_humid_bursty_r1,pid,hot_humid,bursty,1,38.733,38.433,38.233,35.733,25.0,45.0,0.0,,100.0,2.0,,,,0,cooldown
2026-07-04T20:22:11,pid_hot_humid_bursty_r1,pid,hot_humid,bursty,1,38.723,38.423,38.223,35.723,25.0,45.0,0.0,,100.0,2.0,,,,0,cooldown
2026-07-04T20:22:11,pid_hot_humid_bursty_r1,pid,hot_humid,bursty,1,38.712,38.412,38.212,35.712,25.0,45.0,0.0,,100.0,2.0,,,,0,cooldown
2026-07-04T20:22:11,pid_hot_humid_bursty_r1,pid,hot_humid,bursty,1,38.701,38.401,38.201,35.701,25.0,45.0,0.0,,100.0,2.0,,,,0,cooldown
2026-07-04T20:22:11,pid_hot_humid_bursty_r1,pid,hot_humid,bursty,1,38.69,38.39,38.19,35.69,25.0,45.0,0.0,,100.0,2.0,,,,0,cooldown
2026-07-04T20:22:11,pid_hot_humid_bursty_r1,pid,hot_humid,bursty,1,38.679,38.379,38.179,35.679,25.0,45.0,0.0,,100.0,2.0,,,,0,cooldown
2026-07-04T20:22:11,pid_hot_humid_bursty_r1,pid,hot_humid,bursty,1,38.668,38.368,38.168,35.668,25.0,45.0,0.0,,100.0,2.0,,,,0,cooldown
2026-07-04T20:22:11,pid_hot_humid_bursty_r1,pid,hot_humid,bursty,1,38.658,38.358,38.158,35.658,25.0,45.0,0.0,,100.0,2.0,,,,0,cooldown
2026-07-04T20:22:11,pid_hot_humid_bursty_r1,pid,hot_humid,bursty,1,38.647,38.347,38.147,35.647,25.0,45.0,0.0,,100.0,2.0,,,,0,cooldown
2026-07-04T20:22:11,pid_hot_humid_bursty_r1,pid,hot_humid,bursty,1,38.636,38.336,38.136,35.636,25.0,45.0,0.0,,100.0,2.0,,,,0,cooldown
2026-07-04T20:22:11,pid_hot_humid_bursty_r1,pid,hot_humid,bursty,1,38.625,38.325,38.125,35.625,25.0,45.0,0.0,,100.0,2.0,,,,0,cooldown
2026-07-04T20:22:11,pid_hot_humid_bursty_r1,pid,hot_humid,bursty,1,38.615,38.315,38.115,35.615,25.0,45.0,0.0,,100.0,2.0,,,,0,cooldown
2026-07-04T20:22:11,pid_hot_humid_bursty_r1,pid,hot_humid,bursty,1,38.604,38.304,38.104,35.604,25.0,45.0,0.0,,100.0,2.0,,,,0,cooldown
2026-07-04T20:22:11,pid_hot_humid_bursty_r1,pid,hot_humid,bursty,1,38.593,38.293,38.093,35.593,25.0,45.0,0.0,,100.0,2.0,,,,0,cooldown
2026-07-04T20:22:11,pid_hot_humid_bursty_r1,pid,hot_humid,bursty,1,38.582,38.282,38.082,35.582,25.0,45.0,0.0,,100.0,2.0,,,,0,cooldown
2026-07-04T20:22:11,pid_hot_humid_bursty_r1,pid,hot_humid,bursty,1,38.572,38.272,38.072,35.572,25.0,45.0,0.0,,100.0,2.0,,,,0,cooldown
2026-07-04T20:22:11,pid_hot_humid_bursty_r1,pid,hot_humid,bursty,1,38.561,38.261,38.061,35.561,25.0,45.0,0.0,,100.0,2.0,,,,0,cooldown
2026-07-04T20:22:11,pid_hot_humid_bursty_r1,pid,hot_humid,bursty,1,38.55,38.25,38.05,35.55,25.0,45.0,0.0,,100.0,2.0,,,,0,cooldown
2026-07-04T20:22:11,pid_hot_humid_bursty_r1,pid,hot_humid,bursty,1,38.54,38.24,38.04,35.54,25.0,45.0,0.0,,100.0,2.0,,,,0,cooldown
2026-07-04T20:22:11,pid_hot_humid_bursty_r1,pid,hot_humid,bursty,1,38.529,38.229,38.029,35.529,25.0,45.0,0.0,,100.0,2.0,,,,0,cooldown
2026-07-04T20:22:11,pid_hot_humid_bursty_r1,pid,hot_humid,bursty,1,38.518,38.218,38.018,35.518,25.0,45.0,0.0,,100.0,2.0,,,,0,cooldown
2026-07-04T20:22:11,pid_hot_humid_bursty_r1,pid,hot_humid,bursty,1,38.507,38.207,38.007,35.507,25.0,45.0,0.0,,100.0,2.0,,,,0,cooldown
2026-07-04T20:22:11,pid_hot_humid_bursty_r1,pid,hot_humid,bursty,1,38.497,38.197,37.997,35.497,25.0,45.0,0.0,,100.0,2.0,,,,0,cooldown
2026-07-04T20:22:11,pid_hot_humid_bursty_r1,pid,hot_humid,bursty,1,38.486,38.186,37.986,35.486,25.0,45.0,0.0,,100.0,2.0,,,,0,cooldown
2026-07-04T20:22:11,pid_hot_humid_bursty_r1,pid,hot_humid,bursty,1,38.476,38.176,37.976,35.476,25.0,45.0,0.0,,100.0,2.0,,,,0,cooldown
2026-07-04T20:22:11,pid_hot_humid_bursty_r1,pid,hot_humid,bursty,1,38.465,38.165,37.965,35.465,25.0,45.0,0.0,,100.0,2.0,,,,0,cooldown
2026-07-04T20:22:11,pid_hot_humid_bursty_r1,pid,hot_humid,bursty,1,38.454,38.154,37.954,35.454,25.0,45.0,0.0,,100.0,2.0,,,,0,cooldown
2026-07-04T20:22:11,pid_hot_humid_bursty_r1,pid,hot_humid,bursty,1,38.444,38.144,37.944,35.444,25.0,45.0,0.0,,100.0,2.0,,,,0,cooldown
2026-07-04T20:22:11,pid_hot_humid_bursty_r1,pid,hot_humid,bursty,1,38.433,38.133,37.933,35.433,25.0,45.0,0.0,,100.0,2.0,,,,0,cooldown
2026-07-04T20:22:11,pid_hot_humid_bursty_r1,pid,hot_humid,bursty,1,38.422,38.122,37.922,35.422,25.0,45.0,0.0,,100.0,2.0,,,,0,cooldown
2026-07-04T20:22:11,pid_hot_humid_bursty_r1,pid,hot_humid,bursty,1,38.412,38.112,37.912,35.412,25.0,45.0,0.0,,100.0,2.0,,,,0,cooldown
2026-07-04T20:22:11,pid_hot_humid_bursty_r1,pid,hot_humid,bursty,1,38.401,38.101,37.901,35.401,25.0,45.0,0.0,,100.0,2.0,,,,0,cooldown
2026-07-04T20:22:11,pid_hot_humid_bursty_r1,pid,hot_humid,bursty,1,38.391,38.091,37.891,35.391,25.0,45.0,0.0,,100.0,2.0,,,,0,cooldown
2026-07-04T20:22:11,pid_hot_humid_bursty_r1,pid,hot_humid,bursty,1,38.38,38.08,37.88,35.38,25.0,45.0,0.0,,100.0,2.0,,,,0,cooldown
2026-07-04T20:22:11,pid_hot_humid_bursty_r1,pid,hot_humid,bursty,1,38.37,38.07,37.87,35.37,25.0,45.0,0.0,,100.0,2.0,,,,0,cooldown
2026-07-04T20:22:11,pid_hot_humid_bursty_r1,pid,hot_humid,bursty,1,38.359,38.059,37.859,35.359,25.0,45.0,0.0,,100.0,2.0,,,,0,cooldown
2026-07-04T20:22:11,pid_hot_humid_bursty_r1,pid,hot_humid,bursty,1,38.348,38.048,37.848,35.348,25.0,45.0,0.0,,100.0,2.0,,,,0,cooldown
2026-07-04T20:22:11,pid_hot_humid_bursty_r1,pid,hot_humid,bursty,1,38.338,38.038,37.838,35.338,25.0,45.0,0.0,,100.0,2.0,,,,0,cooldown
2026-07-04T20:22:11,pid_hot_humid_bursty_r1,pid,hot_humid,bursty,1,38.327,38.027,37.827,35.327,25.0,45.0,0.0,,100.0,2.0,,,,0,cooldown
2026-07-04T20:22:11,pid_hot_humid_bursty_r1,pid,hot_humid,bursty,1,38.317,38.017,37.817,35.317,25.0,45.0,0.0,,100.0,2.0,,,,0,cooldown
2026-07-04T20:22:11,pid_hot_humid_bursty_r1,pid,hot_humid,bursty,1,38.306,38.006,37.806,35.306,25.0,45.0,0.0,,100.0,2.0,,,,0,cooldown
2026-07-04T20:22:11,pid_hot_humid_bursty_r1,pid,hot_humid,bursty,1,38.296,37.996,37.796,35.296,25.0,45.0,0.0,,100.0,2.0,,,,0,cooldown
2026-07-04T20:22:11,pid_hot_humid_bursty_r1,pid,hot_humid,bursty,1,38.285,37.985,37.785,35.285,25.0,45.0,0.0,,100.0,2.0,,,,0,cooldown
2026-07-04T20:22:11,pid_hot_humid_bursty_r1,pid,hot_humid,bursty,1,38.275,37.975,37.775,35.275,25.0,45.0,0.0,,100.0,2.0,,,,0,cooldown
2026-07-04T20:22:11,pid_hot_humid_bursty_r1,pid,hot_humid,bursty,1,38.264,37.964,37.764,35.264,25.0,45.0,0.0,,100.0,2.0,,,,0,cooldown
2026-07-04T20:22:11,pid_hot_humid_bursty_r1,pid,hot_humid,bursty,1,38.254,37.954,37.754,35.254,25.0,45.0,0.0,,100.0,2.0,,,,0,cooldown
2026-07-04T20:22:11,pid_hot_humid_bursty_r1,pid,hot_humid,bursty,1,38.243,37.943,37.743,35.243,25.0,45.0,0.0,,100.0,2.0,,,,0,cooldown
2026-07-04T20:22:11,pid_hot_humid_bursty_r1,pid,hot_humid,bursty,1,38.233,37.933,37.733,35.233,25.0,45.0,0.0,,100.0,2.0,,,,0,cooldown
2026-07-04T20:22:11,pid_hot_humid_bursty_r1,pid,hot_humid,bursty,1,38.223,37.923,37.723,35.223,25.0,45.0,0.0,,100.0,2.0,,,,0,cooldown
2026-07-04T20:22:11,pid_hot_humid_bursty_r1,pid,hot_humid,bursty,1,38.212,37.912,37.712,35.212,25.0,45.0,0.0,,100.0,2.0,,,,0,cooldown
2026-07-04T20:22:11,pid_hot_humid_bursty_r1,pid,hot_humid,bursty,1,38.202,37.902,37.702,35.202,25.0,45.0,0.0,,100.0,2.0,,,,0,cooldown
2026-07-04T20:22:11,pid_hot_humid_bursty_r1,pid,hot_humid,bursty,1,38.191,37.891,37.691,35.191,25.0,45.0,0.0,,100.0,2.0,,,,0,cooldown
2026-07-04T20:22:11,pid_hot_humid_bursty_r1,pid,hot_humid,bursty,1,38.181,37.881,37.681,35.181,25.0,45.0,0.0,,100.0,2.0,,,,0,cooldown
2026-07-04T20:22:11,pid_hot_humid_bursty_r1,pid,hot_humid,bursty,1,38.17,37.87,37.67,35.17,25.0,45.0,0.0,,100.0,2.0,,,,0,cooldown
2026-07-04T20:22:11,pid_hot_humid_bursty_r1,pid,hot_humid,bursty,1,38.16,37.86,37.66,35.16,25.0,45.0,0.0,,100.0,2.0,,,,0,cooldown
2026-07-04T20:22:11,pid_hot_humid_bursty_r1,pid,hot_humid,bursty,1,38.15,37.85,37.65,35.15,25.0,45.0,0.0,,100.0,2.0,,,,0,cooldown
2026-07-04T20:22:11,pid_hot_humid_bursty_r1,pid,hot_humid,bursty,1,38.139,37.839,37.639,35.139,25.0,45.0,0.0,,100.0,2.0,,,,0,cooldown
2026-07-04T20:22:11,pid_hot_humid_bursty_r1,pid,hot_humid,bursty,1,38.129,37.829,37.629,35.129,25.0,45.0,0.0,,100.0,2.0,,,,0,cooldown
2026-07-04T20:22:11,pid_hot_humid_bursty_r1,pid,hot_humid,bursty,1,38.118,37.818,37.618,35.118,25.0,45.0,0.0,,100.0,2.0,,,,0,cooldown
2026-07-04T20:22:11,pid_hot_humid_bursty_r1,pid,hot_humid,bursty,1,38.108,37.808,37.608,35.108,25.0,45.0,0.0,,100.0,2.0,,,,0,cooldown
2026-07-04T20:22:11,pid_hot_humid_bursty_r1,pid,hot_humid,bursty,1,38.098,37.798,37.598,35.098,25.0,45.0,0.0,,100.0,2.0,,,,0,cooldown
2026-07-04T20:22:11,pid_hot_humid_bursty_r1,pid,hot_humid,bursty,1,38.087,37.787,37.587,35.087,25.0,45.0,0.0,,100.0,2.0,,,,0,cooldown
2026-07-04T20:22:11,pid_hot_humid_bursty_r1,pid,hot_humid,bursty,1,38.077,37.777,37.577,35.077,25.0,45.0,0.0,,100.0,2.0,,,,0,cooldown
2026-07-04T20:22:11,pid_hot_humid_bursty_r1,pid,hot_humid,bursty,1,38.067,37.767,37.567,35.067,25.0,45.0,0.0,,100.0,2.0,,,,0,cooldown
2026-07-04T20:22:11,pid_hot_humid_bursty_r1,pid,hot_humid,bursty,1,38.056,37.756,37.556,35.056,25.0,45.0,0.0,,100.0,2.0,,,,0,cooldown
2026-07-04T20:22:11,pid_hot_humid_bursty_r1,pid,hot_humid,bursty,1,38.046,37.746,37.546,35.046,25.0,45.0,0.0,,100.0,2.0,,,,0,cooldown
2026-07-04T20:22:11,pid_hot_humid_bursty_r1,pid,hot_humid,bursty,1,38.036,37.736,37.536,35.036,25.0,45.0,0.0,,100.0,2.0,,,,0,cooldown
2026-07-04T20:22:11,pid_hot_humid_bursty_r1,pid,hot_humid,bursty,1,38.026,37.726,37.526,35.026,25.0,45.0,0.0,,100.0,2.0,,,,0,cooldown
2026-07-04T20:22:11,pid_hot_humid_bursty_r1,pid,hot_humid,bursty,1,38.015,37.715,37.515,35.015,25.0,45.0,0.0,,100.0,2.0,,,,0,cooldown
2026-07-04T20:22:11,pid_hot_humid_bursty_r1,pid,hot_humid,bursty,1,38.005,37.705,37.505,35.005,25.0,45.0,0.0,,100.0,2.0,,,,0,cooldown
2026-07-04T20:22:11,pid_hot_humid_bursty_r1,pid,hot_humid,bursty,1,37.995,37.695,37.495,34.995,25.0,45.0,0.0,,100.0,2.0,,,,0,cooldown
2026-07-04T20:22:11,pid_hot_humid_bursty_r1,pid,hot_humid,bursty,1,37.984,37.684,37.484,34.984,25.0,45.0,0.0,,100.0,2.0,,,,0,cooldown
2026-07-04T20:22:11,pid_hot_humid_bursty_r1,pid,hot_humid,bursty,1,37.974,37.674,37.474,34.974,25.0,45.0,0.0,,100.0,2.0,,,,0,cooldown
2026-07-04T20:22:11,pid_hot_humid_bursty_r1,pid,hot_humid,bursty,1,37.964,37.664,37.464,34.964,25.0,45.0,0.0,,100.0,2.0,,,,0,cooldown
2026-07-04T20:22:11,pid_hot_humid_bursty_r1,pid,hot_humid,bursty,1,37.954,37.654,37.454,34.954,25.0,45.0,0.0,,100.0,2.0,,,,0,cooldown
2026-07-04T20:22:11,pid_hot_humid_bursty_r1,pid,hot_humid,bursty,1,37.944,37.644,37.444,34.944,25.0,45.0,0.0,,100.0,2.0,,,,0,cooldown
2026-07-04T20:22:11,pid_hot_humid_bursty_r1,pid,hot_humid,bursty,1,37.933,37.633,37.433,34.933,25.0,45.0,0.0,,100.0,2.0,,,,0,cooldown
2026-07-04T20:22:11,pid_hot_humid_bursty_r1,pid,hot_humid,bursty,1,37.923,37.623,37.423,34.923,25.0,45.0,0.0,,100.0,2.0,,,,0,cooldown
2026-07-04T20:22:11,pid_hot_humid_bursty_r1,pid,hot_humid,bursty,1,37.913,37.613,37.413,34.913,25.0,45.0,0.0,,100.0,2.0,,,,0,cooldown
2026-07-04T20:22:11,pid_hot_humid_bursty_r1,pid,hot_humid,bursty,1,37.903,37.603,37.403,34.903,25.0,45.0,0.0,,100.0,2.0,,,,0,cooldown
2026-07-04T20:22:11,pid_hot_humid_bursty_r1,pid,hot_humid,bursty,1,37.893,37.593,37.393,34.893,25.0,45.0,0.0,,100.0,2.0,,,,0,cooldown
2026-07-04T20:22:11,pid_hot_humid_bursty_r1,pid,hot_humid,bursty,1,37.882,37.582,37.382,34.882,25.0,45.0,0.0,,100.0,2.0,,,,0,cooldown
2026-07-04T20:22:11,pid_hot_humid_bursty_r1,pid,hot_humid,bursty,1,37.872,37.572,37.372,34.872,25.0,45.0,0.0,,100.0,2.0,,,,0,cooldown
2026-07-04T20:22:11,pid_hot_humid_bursty_r1,pid,hot_humid,bursty,1,37.862,37.562,37.362,34.862,25.0,45.0,0.0,,100.0,2.0,,,,0,cooldown
2026-07-04T20:22:11,pid_hot_humid_bursty_r1,pid,hot_humid,bursty,1,37.852,37.552,37.352,34.852,25.0,45.0,0.0,,100.0,2.0,,,,0,cooldown
2026-07-04T20:22:11,pid_hot_humid_bursty_r1,pid,hot_humid,bursty,1,37.842,37.542,37.342,34.842,25.0,45.0,0.0,,100.0,2.0,,,,0,cooldown
2026-07-04T20:22:11,pid_hot_humid_bursty_r1,pid,hot_humid,bursty,1,37.832,37.532,37.332,34.832,25.0,45.0,0.0,,100.0,2.0,,,,0,cooldown
2026-07-04T20:22:11,pid_hot_humid_bursty_r1,pid,hot_humid,bursty,1,37.821,37.521,37.321,34.821,25.0,45.0,0.0,,100.0,2.0,,,,0,cooldown
2026-07-04T20:22:11,pid_hot_humid_bursty_r1,pid,hot_humid,bursty,1,37.811,37.511,37.311,34.811,25.0,45.0,0.0,,100.0,2.0,,,,0,cooldown
2026-07-04T20:22:11,pid_hot_humid_bursty_r1,pid,hot_humid,bursty,1,37.801,37.501,37.301,34.801,25.0,45.0,0.0,,100.0,2.0,,,,0,cooldown
2026-07-04T20:22:11,pid_hot_humid_bursty_r1,pid,hot_humid,bursty,1,37.791,37.491,37.291,34.791,25.0,45.0,0.0,,100.0,2.0,,,,0,cooldown
2026-07-04T20:22:11,pid_hot_humid_bursty_r1,pid,hot_humid,bursty,1,37.781,37.481,37.281,34.781,25.0,45.0,0.0,,100.0,2.0,,,,0,cooldown
2026-07-04T20:22:11,pid_hot_humid_bursty_r1,pid,hot_humid,bursty,1,37.771,37.471,37.271,34.771,25.0,45.0,0.0,,100.0,2.0,,,,0,cooldown
2026-07-04T20:22:11,pid_hot_humid_bursty_r1,pid,hot_humid,bursty,1,37.761,37.461,37.261,34.761,25.0,45.0,0.0,,100.0,2.0,,,,0,cooldown
2026-07-04T20:22:11,pid_hot_humid_bursty_r1,pid,hot_humid,bursty,1,37.751,37.451,37.251,34.751,25.0,45.0,0.0,,100.0,2.0,,,,0,cooldown
2026-07-04T20:22:11,pid_hot_humid_bursty_r1,pid,hot_humid,bursty,1,37.741,37.441,37.241,34.741,25.0,45.0,0.0,,100.0,2.0,,,,0,cooldown
2026-07-04T20:22:11,pid_hot_humid_bursty_r1,pid,hot_humid,bursty,1,37.731,37.431,37.231,34.731,25.0,45.0,0.0,,100.0,2.0,,,,0,cooldown
2026-07-04T20:22:11,pid_hot_humid_bursty_r1,pid,hot_humid,bursty,1,37.721,37.421,37.221,34.721,25.0,45.0,0.0,,100.0,2.0,,,,0,cooldown
2026-07-04T20:22:11,pid_hot_humid_bursty_r1,pid,hot_humid,bursty,1,37.711,37.411,37.211,34.711,25.0,45.0,0.0,,100.0,2.0,,,,0,cooldown
2026-07-04T20:22:11,pid_hot_humid_bursty_r1,pid,hot_humid,bursty,1,37.701,37.401,37.201,34.701,25.0,45.0,0.0,,100.0,2.0,,,,0,cooldown
2026-07-04T20:22:11,pid_hot_humid_bursty_r1,pid,hot_humid,bursty,1,37.69,37.39,37.19,34.69,25.0,45.0,0.0,,100.0,2.0,,,,0,cooldown
2026-07-04T20:22:11,pid_hot_humid_bursty_r1,pid,hot_humid,bursty,1,37.68,37.38,37.18,34.68,25.0,45.0,0.0,,100.0,2.0,,,,0,cooldown
2026-07-04T20:22:11,pid_hot_humid_bursty_r1,pid,hot_humid,bursty,1,37.67,37.37,37.17,34.67,25.0,45.0,0.0,,100.0,2.0,,,,0,cooldown
2026-07-04T20:22:11,pid_hot_humid_bursty_r1,pid,hot_humid,bursty,1,37.66,37.36,37.16,34.66,25.0,45.0,0.0,,100.0,2.0,,,,0,cooldown
2026-07-04T20:22:11,pid_hot_humid_bursty_r1,pid,hot_humid,bursty,1,37.65,37.35,37.15,34.65,25.0,45.0,0.0,,100.0,2.0,,,,0,cooldown
2026-07-04T20:22:11,pid_hot_humid_bursty_r1,pid,hot_humid,bursty,1,37.64,37.34,37.14,34.64,25.0,45.0,0.0,,100.0,2.0,,,,0,cooldown
2026-07-04T20:22:11,pid_hot_humid_bursty_r1,pid,hot_humid,bursty,1,37.63,37.33,37.13,34.63,25.0,45.0,0.0,,100.0,2.0,,,,0,cooldown
2026-07-04T20:22:11,pid_hot_humid_bursty_r1,pid,hot_humid,bursty,1,37.621,37.321,37.121,34.621,25.0,45.0,0.0,,100.0,2.0,,,,0,cooldown
2026-07-04T20:22:11,pid_hot_humid_bursty_r1,pid,hot_humid,bursty,1,37.611,37.311,37.111,34.611,25.0,45.0,0.0,,100.0,2.0,,,,0,cooldown
2026-07-04T20:22:11,pid_hot_humid_bursty_r1,pid,hot_humid,bursty,1,37.601,37.301,37.101,34.601,25.0,45.0,0.0,,100.0,2.0,,,,0,cooldown
2026-07-04T20:22:11,pid_hot_humid_bursty_r1,pid,hot_humid,bursty,1,37.591,37.291,37.091,34.591,25.0,45.0,0.0,,100.0,2.0,,,,0,cooldown
2026-07-04T20:22:11,pid_hot_humid_bursty_r1,pid,hot_humid,bursty,1,37.581,37.281,37.081,34.581,25.0,45.0,0.0,,100.0,2.0,,,,0,cooldown
2026-07-04T20:22:11,pid_hot_humid_bursty_r1,pid,hot_humid,bursty,1,37.571,37.271,37.071,34.571,25.0,45.0,0.0,,100.0,2.0,,,,0,cooldown
2026-07-04T20:22:11,pid_hot_humid_bursty_r1,pid,hot_humid,bursty,1,37.561,37.261,37.061,34.561,25.0,45.0,0.0,,100.0,2.0,,,,0,cooldown
2026-07-04T20:22:11,pid_hot_humid_bursty_r1,pid,hot_humid,bursty,1,37.551,37.251,37.051,34.551,25.0,45.0,0.0,,100.0,2.0,,,,0,cooldown
2026-07-04T20:22:11,pid_hot_humid_bursty_r1,pid,hot_humid,bursty,1,37.541,37.241,37.041,34.541,25.0,45.0,0.0,,100.0,2.0,,,,0,cooldown
2026-07-04T20:22:11,pid_hot_humid_bursty_r1,pid,hot_humid,bursty,1,37.531,37.231,37.031,34.531,25.0,45.0,0.0,,100.0,2.0,,,,0,cooldown
2026-07-04T20:22:11,pid_hot_humid_bursty_r1,pid,hot_humid,bursty,1,37.521,37.221,37.021,34.521,25.0,45.0,0.0,,100.0,2.0,,,,0,cooldown
2026-07-04T20:22:11,pid_hot_humid_bursty_r1,pid,hot_humid,bursty,1,37.511,37.211,37.011,34.511,25.0,45.0,0.0,,100.0,2.0,,,,0,cooldown
2026-07-04T20:22:11,pid_hot_humid_bursty_r1,pid,hot_humid,bursty,1,37.501,37.201,37.001,34.501,25.0,45.0,0.0,,100.0,2.0,,,,0,cooldown
2026-07-04T20:22:11,pid_hot_humid_bursty_r1,pid,hot_humid,bursty,1,37.492,37.192,36.992,34.492,25.0,45.0,0.0,,100.0,2.0,,,,0,cooldown
2026-07-04T20:22:11,pid_hot_humid_bursty_r1,pid,hot_humid,bursty,1,37.482,37.182,36.982,34.482,25.0,45.0,0.0,,100.0,2.0,,,,0,cooldown
2026-07-04T20:22:11,pid_hot_humid_bursty_r1,pid,hot_humid,bursty,1,37.472,37.172,36.972,34.472,25.0,45.0,0.0,,100.0,2.0,,,,0,cooldown
2026-07-04T20:22:11,pid_hot_humid_bursty_r1,pid,hot_humid,bursty,1,37.462,37.162,36.962,34.462,25.0,45.0,0.0,,100.0,2.0,,,,0,cooldown
2026-07-04T20:22:11,pid_hot_humid_bursty_r1,pid,hot_humid,bursty,1,37.452,37.152,36.952,34.452,25.0,45.0,0.0,,100.0,2.0,,,,0,cooldown
2026-07-04T20:22:11,pid_hot_humid_bursty_r1,pid,hot_humid,bursty,1,37.442,37.142,36.942,34.442,25.0,45.0,0.0,,100.0,2.0,,,,0,cooldown
2026-07-04T20:22:11,pid_hot_humid_bursty_r1,pid,hot_humid,bursty,1,37.433,37.133,36.933,34.433,25.0,45.0,0.0,,100.0,2.0,,,,0,cooldown
2026-07-04T20:22:11,pid_hot_humid_bursty_r1,pid,hot_humid,bursty,1,37.423,37.123,36.923,34.423,25.0,45.0,0.0,,100.0,2.0,,,,0,cooldown
2026-07-04T20:22:11,pid_hot_humid_bursty_r1,pid,hot_humid,bursty,1,37.413,37.113,36.913,34.413,25.0,45.0,0.0,,100.0,2.0,,,,0,cooldown
2026-07-04T20:22:11,pid_hot_humid_bursty_r1,pid,hot_humid,bursty,1,37.403,37.103,36.903,34.403,25.0,45.0,0.0,,100.0,2.0,,,,0,cooldown
2026-07-04T20:22:11,pid_hot_humid_bursty_r1,pid,hot_humid,bursty,1,37.393,37.093,36.893,34.393,25.0,45.0,0.0,,100.0,2.0,,,,0,cooldown
2026-07-04T20:22:11,pid_hot_humid_bursty_r1,pid,hot_humid,bursty,1,37.384,37.084,36.884,34.384,25.0,45.0,0.0,,100.0,2.0,,,,0,cooldown
2026-07-04T20:22:11,pid_hot_humid_bursty_r1,pid,hot_humid,bursty,1,37.374,37.074,36.874,34.374,25.0,45.0,0.0,,100.0,2.0,,,,0,cooldown
2026-07-04T20:22:11,pid_hot_humid_bursty_r1,pid,hot_humid,bursty,1,37.364,37.064,36.864,34.364,25.0,45.0,0.0,,100.0,2.0,,,,0,cooldown
2026-07-04T20:22:11,pid_hot_humid_bursty_r1,pid,hot_humid,bursty,1,37.354,37.054,36.854,34.354,25.0,45.0,0.0,,100.0,2.0,,,,0,cooldown
2026-07-04T20:22:11,pid_hot_humid_bursty_r1,pid,hot_humid,bursty,1,37.344,37.044,36.844,34.344,25.0,45.0,0.0,,100.0,2.0,,,,0,cooldown
2026-07-04T20:22:11,pid_hot_humid_bursty_r1,pid,hot_humid,bursty,1,37.335,37.035,36.835,34.335,25.0,45.0,0.0,,100.0,2.0,,,,0,cooldown
2026-07-04T20:22:11,pid_hot_humid_bursty_r1,pid,hot_humid,bursty,1,37.325,37.025,36.825,34.325,25.0,45.0,0.0,,100.0,2.0,,,,0,cooldown
2026-07-04T20:22:11,pid_hot_humid_bursty_r1,pid,hot_humid,bursty,1,37.315,37.015,36.815,34.315,25.0,45.0,0.0,,100.0,2.0,,,,0,cooldown
2026-07-04T20:22:11,pid_hot_humid_bursty_r1,pid,hot_humid,bursty,1,37.306,37.006,36.806,34.306,25.0,45.0,0.0,,100.0,2.0,,,,0,cooldown
2026-07-04T20:22:11,pid_hot_humid_bursty_r1,pid,hot_humid,bursty,1,37.296,36.996,36.796,34.296,25.0,45.0,0.0,,100.0,2.0,,,,0,cooldown
2026-07-04T20:22:11,pid_hot_humid_bursty_r1,pid,hot_humid,bursty,1,37.286,36.986,36.786,34.286,25.0,45.0,0.0,,100.0,2.0,,,,0,cooldown
2026-07-04T20:22:11,pid_hot_humid_bursty_r1,pid,hot_humid,bursty,1,37.276,36.976,36.776,34.276,25.0,45.0,0.0,,100.0,2.0,,,,0,cooldown
2026-07-04T20:22:11,pid_hot_humid_bursty_r1,pid,hot_humid,bursty,1,37.267,36.967,36.767,34.267,25.0,45.0,0.0,,100.0,2.0,,,,0,cooldown
2026-07-04T20:22:11,pid_hot_humid_bursty_r1,pid,hot_humid,bursty,1,37.257,36.957,36.757,34.257,25.0,45.0,0.0,,100.0,2.0,,,,0,cooldown
2026-07-04T20:22:11,pid_hot_humid_bursty_r1,pid,hot_humid,bursty,1,37.247,36.947,36.747,34.247,25.0,45.0,0.0,,100.0,2.0,,,,0,cooldown
2026-07-04T20:22:11,pid_hot_humid_bursty_r1,pid,hot_humid,bursty,1,37.238,36.938,36.738,34.238,25.0,45.0,0.0,,100.0,2.0,,,,0,cooldown
2026-07-04T20:22:11,pid_hot_humid_bursty_r1,pid,hot_humid,bursty,1,37.228,36.928,36.728,34.228,25.0,45.0,0.0,,100.0,2.0,,,,0,cooldown
2026-07-04T20:22:11,pid_hot_humid_bursty_r1,pid,hot_humid,bursty,1,37.218,36.918,36.718,34.218,25.0,45.0,0.0,,100.0,2.0,,,,0,cooldown
2026-07-04T20:22:11,pid_hot_humid_bursty_r1,pid,hot_humid,bursty,1,37.209,36.909,36.709,34.209,25.0,45.0,0.0,,100.0,2.0,,,,0,cooldown
2026-07-04T20:22:11,pid_hot_humid_bursty_r1,pid,hot_humid,bursty,1,37.199,36.899,36.699,34.199,25.0,45.0,0.0,,100.0,2.0,,,,0,cooldown
2026-07-04T20:22:11,pid_hot_humid_bursty_r1,pid,hot_humid,bursty,1,37.189,36.889,36.689,34.189,25.0,45.0,0.0,,100.0,2.0,,,,0,cooldown
2026-07-04T20:22:11,pid_hot_humid_bursty_r1,pid,hot_humid,bursty,1,37.18,36.88,36.68,34.18,25.0,45.0,0.0,,100.0,2.0,,,,0,cooldown
2026-07-04T20:22:11,pid_hot_humid_bursty_r1,pid,hot_humid,bursty,1,37.17,36.87,36.67,34.17,25.0,45.0,0.0,,100.0,2.0,,,,0,cooldown
2026-07-04T20:22:11,pid_hot_humid_bursty_r1,pid,hot_humid,bursty,1,37.161,36.861,36.661,34.161,25.0,45.0,0.0,,100.0,2.0,,,,0,cooldown
2026-07-04T20:22:11,pid_hot_humid_bursty_r1,pid,hot_humid,bursty,1,37.151,36.851,36.651,34.151,25.0,45.0,0.0,,100.0,2.0,,,,0,cooldown
2026-07-04T20:22:11,pid_hot_humid_bursty_r1,pid,hot_humid,bursty,1,37.141,36.841,36.641,34.141,25.0,45.0,0.0,,100.0,2.0,,,,0,cooldown
2026-07-04T20:22:11,pid_hot_humid_bursty_r1,pid,hot_humid,bursty,1,37.132,36.832,36.632,34.132,25.0,45.0,0.0,,100.0,2.0,,,,0,cooldown
2026-07-04T20:22:11,pid_hot_humid_bursty_r1,pid,hot_humid,bursty,1,37.122,36.822,36.622,34.122,25.0,45.0,0.0,,100.0,2.0,,,,0,cooldown
2026-07-04T20:22:11,pid_hot_humid_bursty_r1,pid,hot_humid,bursty,1,37.113,36.813,36.613,34.113,25.0,45.0,0.0,,100.0,2.0,,,,0,cooldown
2026-07-04T20:22:11,pid_hot_humid_bursty_r1,pid,hot_humid,bursty,1,37.103,36.803,36.603,34.103,25.0,45.0,0.0,,100.0,2.0,,,,0,cooldown
2026-07-04T20:22:11,pid_hot_humid_bursty_r1,pid,hot_humid,bursty,1,37.094,36.794,36.594,34.094,25.0,45.0,0.0,,100.0,2.0,,,,0,cooldown
2026-07-04T20:22:11,pid_hot_humid_bursty_r1,pid,hot_humid,bursty,1,37.084,36.784,36.584,34.084,25.0,45.0,0.0,,100.0,2.0,,,,0,cooldown
2026-07-04T20:22:11,pid_hot_humid_bursty_r1,pid,hot_humid,bursty,1,37.074,36.774,36.574,34.074,25.0,45.0,0.0,,100.0,2.0,,,,0,cooldown
2026-07-04T20:22:11,pid_hot_humid_bursty_r1,pid,hot_humid,bursty,1,37.065,36.765,36.565,34.065,25.0,45.0,0.0,,100.0,2.0,,,,0,cooldown
2026-07-04T20:22:11,pid_hot_humid_bursty_r1,pid,hot_humid,bursty,1,37.055,36.755,36.555,34.055,25.0,45.0,0.0,,100.0,2.0,,,,0,cooldown
2026-07-04T20:22:11,pid_hot_humid_bursty_r1,pid,hot_humid,bursty,1,37.046,36.746,36.546,34.046,25.0,45.0,0.0,,100.0,2.0,,,,0,cooldown
2026-07-04T20:22:11,pid_hot_humid_bursty_r1,pid,hot_humid,bursty,1,37.036,36.736,36.536,34.036,25.0,45.0,0.0,,100.0,2.0,,,,0,cooldown
2026-07-04T20:22:11,pid_hot_humid_bursty_r1,pid,hot_humid,bursty,1,37.027,36.727,36.527,34.027,25.0,45.0,0.0,,100.0,2.0,,,,0,cooldown
2026-07-04T20:22:11,pid_hot_humid_bursty_r1,pid,hot_humid,bursty,1,37.017,36.717,36.517,34.017,25.0,45.0,0.0,,100.0,2.0,,,,0,cooldown
2026-07-04T20:22:11,pid_hot_humid_bursty_r1,pid,hot_humid,bursty,1,37.008,36.708,36.508,34.008,25.0,45.0,0.0,,100.0,2.0,,,,0,cooldown
2026-07-04T20:22:11,pid_hot_humid_bursty_r1,pid,hot_humid,bursty,1,36.998,36.698,36.498,33.998,25.0,45.0,0.0,,100.0,2.0,,,,0,cooldown
2026-07-04T20:22:11,pid_hot_humid_bursty_r1,pid,hot_humid,bursty,1,36.989,36.689,36.489,33.989,25.0,45.0,0.0,,100.0,2.0,,,,0,cooldown
2026-07-04T20:22:11,pid_hot_humid_bursty_r1,pid,hot_humid,bursty,1,36.98,36.68,36.48,33.98,25.0,45.0,0.0,,100.0,2.0,,,,0,cooldown
2026-07-04T20:22:11,pid_hot_humid_bursty_r1,pid,hot_humid,bursty,1,36.97,36.67,36.47,33.97,25.0,45.0,0.0,,100.0,2.0,,,,0,cooldown
2026-07-04T20:22:11,pid_hot_humid_bursty_r1,pid,hot_humid,bursty,1,36.961,36.661,36.461,33.961,25.0,45.0,0.0,,100.0,2.0,,,,0,cooldown
2026-07-04T20:22:11,pid_hot_humid_bursty_r1,pid,hot_humid,bursty,1,36.951,36.651,36.451,33.951,25.0,45.0,0.0,,100.0,2.0,,,,0,cooldown
2026-07-04T20:22:11,pid_hot_humid_bursty_r1,pid,hot_humid,bursty,1,36.942,36.642,36.442,33.942,25.0,45.0,0.0,,100.0,2.0,,,,0,cooldown
2026-07-04T20:22:11,pid_hot_humid_bursty_r1,pid,hot_humid,bursty,1,36.932,36.632,36.432,33.932,25.0,45.0,0.0,,100.0,2.0,,,,0,cooldown
2026-07-04T20:22:11,pid_hot_humid_bursty_r1,pid,hot_humid,bursty,1,36.923,36.623,36.423,33.923,25.0,45.0,0.0,,100.0,2.0,,,,0,cooldown
2026-07-04T20:22:11,pid_hot_humid_bursty_r1,pid,hot_humid,bursty,1,36.913,36.613,36.413,33.913,25.0,45.0,0.0,,100.0,2.0,,,,0,cooldown
2026-07-04T20:22:11,pid_hot_humid_bursty_r1,pid,hot_humid,bursty,1,36.904,36.604,36.404,33.904,25.0,45.0,0.0,,100.0,2.0,,,,0,cooldown
2026-07-04T20:22:11,pid_hot_humid_bursty_r1,pid,hot_humid,bursty,1,36.895,36.595,36.395,33.895,25.0,45.0,0.0,,100.0,2.0,,,,0,cooldown
2026-07-04T20:22:11,pid_hot_humid_bursty_r1,pid,hot_humid,bursty,1,36.885,36.585,36.385,33.885,25.0,45.0,0.0,,100.0,2.0,,,,0,cooldown
2026-07-04T20:22:11,pid_hot_humid_bursty_r1,pid,hot_humid,bursty,1,36.876,36.576,36.376,33.876,25.0,45.0,0.0,,100.0,2.0,,,,0,cooldown
2026-07-04T20:22:11,pid_hot_humid_bursty_r1,pid,hot_humid,bursty,1,36.867,36.567,36.367,33.867,25.0,45.0,0.0,,100.0,2.0,,,,0,cooldown
2026-07-04T20:22:11,pid_hot_humid_bursty_r1,pid,hot_humid,bursty,1,36.857,36.557,36.357,33.857,25.0,45.0,0.0,,100.0,2.0,,,,0,cooldown
2026-07-04T20:22:11,pid_hot_humid_bursty_r1,pid,hot_humid,bursty,1,36.848,36.548,36.348,33.848,25.0,45.0,0.0,,100.0,2.0,,,,0,cooldown
2026-07-04T20:22:11,pid_hot_humid_bursty_r1,pid,hot_humid,bursty,1,36.838,36.538,36.338,33.838,25.0,45.0,0.0,,100.0,2.0,,,,0,cooldown
2026-07-04T20:22:11,pid_hot_humid_bursty_r1,pid,hot_humid,bursty,1,36.829,36.529,36.329,33.829,25.0,45.0,0.0,,100.0,2.0,,,,0,cooldown
2026-07-04T20:22:11,pid_hot_humid_bursty_r1,pid,hot_humid,bursty,1,36.82,36.52,36.32,33.82,25.0,45.0,0.0,,100.0,2.0,,,,0,cooldown
2026-07-04T20:22:11,pid_hot_humid_bursty_r1,pid,hot_humid,bursty,1,36.81,36.51,36.31,33.81,25.0,45.0,0.0,,100.0,2.0,,,,0,cooldown
2026-07-04T20:22:11,pid_hot_humid_bursty_r1,pid,hot_humid,bursty,1,36.801,36.501,36.301,33.801,25.0,45.0,0.0,,100.0,2.0,,,,0,cooldown
2026-07-04T20:22:11,pid_hot_humid_bursty_r1,pid,hot_humid,bursty,1,36.792,36.492,36.292,33.792,25.0,45.0,0.0,,100.0,2.0,,,,0,cooldown
2026-07-04T20:22:11,pid_hot_humid_bursty_r1,pid,hot_humid,bursty,1,36.782,36.482,36.282,33.782,25.0,45.0,0.0,,100.0,2.0,,,,0,cooldown
2026-07-04T20:22:11,pid_hot_humid_bursty_r1,pid,hot_humid,bursty,1,36.773,36.473,36.273,33.773,25.0,45.0,0.0,,100.0,2.0,,,,0,cooldown
2026-07-04T20:22:11,pid_hot_humid_bursty_r1,pid,hot_humid,bursty,1,36.764,36.464,36.264,33.764,25.0,45.0,0.0,,100.0,2.0,,,,0,cooldown
2026-07-04T20:22:11,pid_hot_humid_bursty_r1,pid,hot_humid,bursty,1,36.755,36.455,36.255,33.755,25.0,45.0,0.0,,100.0,2.0,,,,0,cooldown
2026-07-04T20:22:11,pid_hot_humid_bursty_r1,pid,hot_humid,bursty,1,36.745,36.445,36.245,33.745,25.0,45.0,0.0,,100.0,2.0,,,,0,cooldown
2026-07-04T20:22:11,pid_hot_humid_bursty_r1,pid,hot_humid,bursty,1,36.736,36.436,36.236,33.736,25.0,45.0,0.0,,100.0,2.0,,,,0,cooldown
2026-07-04T20:22:11,pid_hot_humid_bursty_r1,pid,hot_humid,bursty,1,36.727,36.427,36.227,33.727,25.0,45.0,0.0,,100.0,2.0,,,,0,cooldown
2026-07-04T20:22:11,pid_hot_humid_bursty_r1,pid,hot_humid,bursty,1,36.718,36.418,36.218,33.718,25.0,45.0,0.0,,100.0,2.0,,,,0,cooldown
2026-07-04T20:22:11,pid_hot_humid_bursty_r1,pid,hot_humid,bursty,1,36.708,36.408,36.208,33.708,25.0,45.0,0.0,,100.0,2.0,,,,0,cooldown
2026-07-04T20:22:11,pid_hot_humid_bursty_r1,pid,hot_humid,bursty,1,36.699,36.399,36.199,33.699,25.0,45.0,0.0,,100.0,2.0,,,,0,cooldown
2026-07-04T20:22:11,pid_hot_humid_bursty_r1,pid,hot_humid,bursty,1,36.69,36.39,36.19,33.69,25.0,45.0,0.0,,100.0,2.0,,,,0,cooldown
2026-07-04T20:22:11,pid_hot_humid_bursty_r1,pid,hot_humid,bursty,1,36.681,36.381,36.181,33.681,25.0,45.0,0.0,,100.0,2.0,,,,0,cooldown
2026-07-04T20:22:11,pid_hot_humid_bursty_r1,pid,hot_humid,bursty,1,36.671,36.371,36.171,33.671,25.0,45.0,0.0,,100.0,2.0,,,,0,cooldown
2026-07-04T20:22:11,pid_hot_humid_bursty_r1,pid,hot_humid,bursty,1,36.662,36.362,36.162,33.662,25.0,45.0,0.0,,100.0,2.0,,,,0,cooldown
2026-07-04T20:22:11,pid_hot_humid_bursty_r1,pid,hot_humid,bursty,1,36.653,36.353,36.153,33.653,25.0,45.0,0.0,,100.0,2.0,,,,0,cooldown
2026-07-04T20:22:11,pid_hot_humid_bursty_r1,pid,hot_humid,bursty,1,36.644,36.344,36.144,33.644,25.0,45.0,0.0,,100.0,2.0,,,,0,cooldown
2026-07-04T20:22:11,pid_hot_humid_bursty_r1,pid,hot_humid,bursty,1,36.635,36.335,36.135,33.635,25.0,45.0,0.0,,100.0,2.0,,,,0,cooldown
2026-07-04T20:22:11,pid_hot_humid_bursty_r1,pid,hot_humid,bursty,1,36.625,36.325,36.125,33.625,25.0,45.0,0.0,,100.0,2.0,,,,0,cooldown
2026-07-04T20:22:11,pid_hot_humid_bursty_r1,pid,hot_humid,bursty,1,36.616,36.316,36.116,33.616,25.0,45.0,0.0,,100.0,2.0,,,,0,cooldown
2026-07-04T20:22:11,pid_hot_humid_bursty_r1,pid,hot_humid,bursty,1,36.607,36.307,36.107,33.607,25.0,45.0,0.0,,100.0,2.0,,,,0,cooldown
2026-07-04T20:22:11,pid_hot_humid_bursty_r1,pid,hot_humid,bursty,1,36.598,36.298,36.098,33.598,25.0,45.0,0.0,,100.0,2.0,,,,0,cooldown
2026-07-04T20:22:11,pid_hot_humid_bursty_r1,pid,hot_humid,bursty,1,36.589,36.289,36.089,33.589,25.0,45.0,0.0,,100.0,2.0,,,,0,cooldown
2026-07-04T20:22:11,pid_hot_humid_bursty_r1,pid,hot_humid,bursty,1,36.58,36.28,36.08,33.58,25.0,45.0,0.0,,100.0,2.0,,,,0,cooldown
2026-07-04T20:22:11,pid_hot_humid_bursty_r1,pid,hot_humid,bursty,1,36.57,36.27,36.07,33.57,25.0,45.0,0.0,,100.0,2.0,,,,0,cooldown
2026-07-04T20:22:11,pid_hot_humid_bursty_r1,pid,hot_humid,bursty,1,36.561,36.261,36.061,33.561,25.0,45.0,0.0,,100.0,2.0,,,,0,cooldown
2026-07-04T20:22:11,pid_hot_humid_bursty_r1,pid,hot_humid,bursty,1,36.552,36.252,36.052,33.552,25.0,45.0,0.0,,100.0,2.0,,,,0,cooldown
2026-07-04T20:22:11,pid_hot_humid_bursty_r1,pid,hot_humid,bursty,1,36.543,36.243,36.043,33.543,25.0,45.0,0.0,,100.0,2.0,,,,0,cooldown
2026-07-04T20:22:11,pid_hot_humid_bursty_r1,pid,hot_humid,bursty,1,36.534,36.234,36.034,33.534,25.0,45.0,0.0,,100.0,2.0,,,,0,cooldown
2026-07-04T20:22:11,pid_hot_humid_bursty_r1,pid,hot_humid,bursty,1,36.525,36.225,36.025,33.525,25.0,45.0,0.0,,100.0,2.0,,,,0,cooldown
2026-07-04T20:22:11,pid_hot_humid_bursty_r1,pid,hot_humid,bursty,1,36.516,36.216,36.016,33.516,25.0,45.0,0.0,,100.0,2.0,,,,0,cooldown
2026-07-04T20:22:11,pid_hot_humid_bursty_r1,pid,hot_humid,bursty,1,36.507,36.207,36.007,33.507,25.0,45.0,0.0,,100.0,2.0,,,,0,cooldown
2026-07-04T20:22:11,pid_hot_humid_bursty_r1,pid,hot_humid,bursty,1,36.497,36.197,35.997,33.497,25.0,45.0,0.0,,100.0,2.0,,,,0,cooldown
2026-07-04T20:22:11,pid_hot_humid_bursty_r1,pid,hot_humid,bursty,1,36.488,36.188,35.988,33.488,25.0,45.0,0.0,,100.0,2.0,,,,0,cooldown
2026-07-04T20:22:11,pid_hot_humid_bursty_r1,pid,hot_humid,bursty,1,36.479,36.179,35.979,33.479,25.0,45.0,0.0,,100.0,2.0,,,,0,cooldown
2026-07-04T20:22:11,pid_hot_humid_bursty_r1,pid,hot_humid,bursty,1,36.47,36.17,35.97,33.47,25.0,45.0,0.0,,100.0,2.0,,,,0,cooldown
2026-07-04T20:22:11,pid_hot_humid_bursty_r1,pid,hot_humid,bursty,1,36.461,36.161,35.961,33.461,25.0,45.0,0.0,,100.0,2.0,,,,0,cooldown
2026-07-04T20:22:11,pid_hot_humid_bursty_r1,pid,hot_humid,bursty,1,36.452,36.152,35.952,33.452,25.0,45.0,0.0,,100.0,2.0,,,,0,cooldown
2026-07-04T20:22:11,pid_hot_humid_bursty_r1,pid,hot_humid,bursty,1,36.443,36.143,35.943,33.443,25.0,45.0,0.0,,100.0,2.0,,,,0,cooldown
2026-07-04T20:22:11,pid_hot_humid_bursty_r1,pid,hot_humid,bursty,1,36.434,36.134,35.934,33.434,25.0,45.0,0.0,,100.0,2.0,,,,0,cooldown
2026-07-04T20:22:11,pid_hot_humid_bursty_r1,pid,hot_humid,bursty,1,36.425,36.125,35.925,33.425,25.0,45.0,0.0,,100.0,2.0,,,,0,cooldown
2026-07-04T20:22:11,pid_hot_humid_bursty_r1,pid,hot_humid,bursty,1,36.416,36.116,35.916,33.416,25.0,45.0,0.0,,100.0,2.0,,,,0,cooldown
2026-07-04T20:22:11,pid_hot_humid_bursty_r1,pid,hot_humid,bursty,1,36.407,36.107,35.907,33.407,25.0,45.0,0.0,,100.0,2.0,,,,0,cooldown
2026-07-04T20:22:11,pid_hot_humid_bursty_r1,pid,hot_humid,bursty,1,36.398,36.098,35.898,33.398,25.0,45.0,0.0,,100.0,2.0,,,,0,cooldown
2026-07-04T20:22:11,pid_hot_humid_bursty_r1,pid,hot_humid,bursty,1,36.389,36.089,35.889,33.389,25.0,45.0,0.0,,100.0,2.0,,,,0,cooldown
2026-07-04T20:22:11,pid_hot_humid_bursty_r1,pid,hot_humid,bursty,1,36.38,36.08,35.88,33.38,25.0,45.0,0.0,,100.0,2.0,,,,0,cooldown
2026-07-04T20:22:11,pid_hot_humid_bursty_r1,pid,hot_humid,bursty,1,36.371,36.071,35.871,33.371,25.0,45.0,0.0,,100.0,2.0,,,,0,cooldown
2026-07-04T20:22:11,pid_hot_humid_bursty_r1,pid,hot_humid,bursty,1,36.362,36.062,35.862,33.362,25.0,45.0,0.0,,100.0,2.0,,,,0,cooldown
2026-07-04T20:22:11,pid_hot_humid_bursty_r1,pid,hot_humid,bursty,1,36.353,36.053,35.853,33.353,25.0,45.0,0.0,,100.0,2.0,,,,0,cooldown
2026-07-04T20:22:11,pid_hot_humid_bursty_r1,pid,hot_humid,bursty,1,36.344,36.044,35.844,33.344,25.0,45.0,0.0,,100.0,2.0,,,,0,cooldown
2026-07-04T20:22:11,pid_hot_humid_bursty_r1,pid,hot_humid,bursty,1,36.335,36.035,35.835,33.335,25.0,45.0,0.0,,100.0,2.0,,,,0,cooldown
2026-07-04T20:22:11,pid_hot_humid_bursty_r1,pid,hot_humid,bursty,1,36.326,36.026,35.826,33.326,25.0,45.0,0.0,,100.0,2.0,,,,0,cooldown
2026-07-04T20:22:11,pid_hot_humid_bursty_r1,pid,hot_humid,bursty,1,36.317,36.017,35.817,33.317,25.0,45.0,0.0,,100.0,2.0,,,,0,cooldown
2026-07-04T20:22:11,pid_hot_humid_bursty_r1,pid,hot_humid,bursty,1,36.308,36.008,35.808,33.308,25.0,45.0,0.0,,100.0,2.0,,,,0,cooldown
2026-07-04T20:22:11,pid_hot_humid_bursty_r1,pid,hot_humid,bursty,1,36.299,35.999,35.799,33.299,25.0,45.0,0.0,,100.0,2.0,,,,0,cooldown
2026-07-04T20:22:11,pid_hot_humid_bursty_r1,pid,hot_humid,bursty,1,36.291,35.991,35.791,33.291,25.0,45.0,0.0,,100.0,2.0,,,,0,cooldown
2026-07-04T20:22:11,pid_hot_humid_bursty_r1,pid,hot_humid,bursty,1,36.282,35.982,35.782,33.282,25.0,45.0,0.0,,100.0,2.0,,,,0,cooldown
2026-07-04T20:22:11,pid_hot_humid_bursty_r1,pid,hot_humid,bursty,1,36.273,35.973,35.773,33.273,25.0,45.0,0.0,,100.0,2.0,,,,0,cooldown
2026-07-04T20:22:11,pid_hot_humid_bursty_r1,pid,hot_humid,bursty,1,36.264,35.964,35.764,33.264,25.0,45.0,0.0,,100.0,2.0,,,,0,cooldown
2026-07-04T20:22:11,pid_hot_humid_bursty_r1,pid,hot_humid,bursty,1,36.255,35.955,35.755,33.255,25.0,45.0,0.0,,100.0,2.0,,,,0,cooldown
2026-07-04T20:22:11,pid_hot_humid_bursty_r1,pid,hot_humid,bursty,1,36.246,35.946,35.746,33.246,25.0,45.0,0.0,,100.0,2.0,,,,0,cooldown
2026-07-04T20:22:11,pid_hot_humid_bursty_r1,pid,hot_humid,bursty,1,36.237,35.937,35.737,33.237,25.0,45.0,0.0,,100.0,2.0,,,,0,cooldown
2026-07-04T20:22:11,pid_hot_humid_bursty_r1,pid,hot_humid,bursty,1,36.228,35.928,35.728,33.228,25.0,45.0,0.0,,100.0,2.0,,,,0,cooldown
2026-07-04T20:22:11,pid_hot_humid_bursty_r1,pid,hot_humid,bursty,1,36.219,35.919,35.719,33.219,25.0,45.0,0.0,,100.0,2.0,,,,0,cooldown
2026-07-04T20:22:11,pid_hot_humid_bursty_r1,pid,hot_humid,bursty,1,36.211,35.911,35.711,33.211,25.0,45.0,0.0,,100.0,2.0,,,,0,cooldown
2026-07-04T20:22:11,pid_hot_humid_bursty_r1,pid,hot_humid,bursty,1,36.202,35.902,35.702,33.202,25.0,45.0,0.0,,100.0,2.0,,,,0,cooldown
2026-07-04T20:22:11,pid_hot_humid_bursty_r1,pid,hot_humid,bursty,1,36.193,35.893,35.693,33.193,25.0,45.0,0.0,,100.0,2.0,,,,0,cooldown
2026-07-04T20:22:11,pid_hot_humid_bursty_r1,pid,hot_humid,bursty,1,36.184,35.884,35.684,33.184,25.0,45.0,0.0,,100.0,2.0,,,,0,cooldown
2026-07-04T20:22:11,pid_hot_humid_bursty_r1,pid,hot_humid,bursty,1,36.175,35.875,35.675,33.175,25.0,45.0,0.0,,100.0,2.0,,,,0,cooldown
2026-07-04T20:22:11,pid_hot_humid_bursty_r1,pid,hot_humid,bursty,1,36.166,35.866,35.666,33.166,25.0,45.0,0.0,,100.0,2.0,,,,0,cooldown
2026-07-04T20:22:11,pid_hot_humid_bursty_r1,pid,hot_humid,bursty,1,36.158,35.858,35.658,33.158,25.0,45.0,0.0,,100.0,2.0,,,,0,cooldown
2026-07-04T20:22:11,pid_hot_humid_bursty_r1,pid,hot_humid,bursty,1,36.149,35.849,35.649,33.149,25.0,45.0,0.0,,100.0,2.0,,,,0,cooldown
2026-07-04T20:22:11,pid_hot_humid_bursty_r1,pid,hot_humid,bursty,1,36.14,35.84,35.64,33.14,25.0,45.0,0.0,,100.0,2.0,,,,0,cooldown
2026-07-04T20:22:11,pid_hot_humid_bursty_r1,pid,hot_humid,bursty,1,36.131,35.831,35.631,33.131,25.0,45.0,0.0,,100.0,2.0,,,,0,cooldown
2026-07-04T20:22:11,pid_hot_humid_bursty_r1,pid,hot_humid,bursty,1,36.122,35.822,35.622,33.122,25.0,45.0,0.0,,100.0,2.0,,,,0,cooldown
2026-07-04T20:22:11,pid_hot_humid_bursty_r1,pid,hot_humid,bursty,1,36.114,35.814,35.614,33.114,25.0,45.0,0.0,,100.0,2.0,,,,0,cooldown
2026-07-04T20:22:11,pid_hot_humid_bursty_r1,pid,hot_humid,bursty,1,36.105,35.805,35.605,33.105,25.0,45.0,0.0,,100.0,2.0,,,,0,cooldown
2026-07-04T20:22:11,pid_hot_humid_bursty_r1,pid,hot_humid,bursty,1,36.096,35.796,35.596,33.096,25.0,45.0,0.0,,100.0,2.0,,,,0,cooldown
2026-07-04T20:22:11,pid_hot_humid_bursty_r1,pid,hot_humid,bursty,1,36.087,35.787,35.587,33.087,25.0,45.0,0.0,,100.0,2.0,,,,0,cooldown
2026-07-04T20:22:11,pid_hot_humid_bursty_r1,pid,hot_humid,bursty,1,36.079,35.779,35.579,33.079,25.0,45.0,0.0,,100.0,2.0,,,,0,cooldown
2026-07-04T20:22:11,pid_hot_humid_bursty_r1,pid,hot_humid,bursty,1,36.07,35.77,35.57,33.07,25.0,45.0,0.0,,100.0,2.0,,,,0,cooldown
2026-07-04T20:22:11,pid_hot_humid_bursty_r1,pid,hot_humid,bursty,1,36.061,35.761,35.561,33.061,25.0,45.0,0.0,,100.0,2.0,,,,0,cooldown
2026-07-04T20:22:11,pid_hot_humid_bursty_r1,pid,hot_humid,bursty,1,36.052,35.752,35.552,33.052,25.0,45.0,0.0,,100.0,2.0,,,,0,cooldown
2026-07-04T20:22:11,pid_hot_humid_bursty_r1,pid,hot_humid,bursty,1,36.044,35.744,35.544,33.044,25.0,45.0,0.0,,100.0,2.0,,,,0,cooldown
2026-07-04T20:22:11,pid_hot_humid_bursty_r1,pid,hot_humid,bursty,1,36.035,35.735,35.535,33.035,25.0,45.0,0.0,,100.0,2.0,,,,0,cooldown
2026-07-04T20:22:11,pid_hot_humid_bursty_r1,pid,hot_humid,bursty,1,36.026,35.726,35.526,33.026,25.0,45.0,0.0,,100.0,2.0,,,,0,cooldown
2026-07-04T20:22:11,pid_hot_humid_bursty_r1,pid,hot_humid,bursty,1,36.017,35.717,35.517,33.017,25.0,45.0,0.0,,100.0,2.0,,,,0,cooldown
2026-07-04T20:22:11,pid_hot_humid_bursty_r1,pid,hot_humid,bursty,1,36.009,35.709,35.509,33.009,25.0,45.0,0.0,,100.0,2.0,,,,0,cooldown
2026-07-04T20:22:11,pid_hot_humid_bursty_r1,pid,hot_humid,bursty,1,36.0,35.7,35.5,33.0,25.0,45.0,0.0,,100.0,2.0,,,,0,cooldown
2026-07-04T20:22:11,pid_hot_humid_bursty_r1,pid,hot_humid,bursty,1,35.991,35.691,35.491,32.991,25.0,45.0,0.0,,100.0,2.0,,,,0,cooldown
2026-07-04T20:22:11,pid_hot_humid_bursty_r1,pid,hot_humid,bursty,1,35.983,35.683,35.483,32.983,25.0,45.0,0.0,,100.0,2.0,,,,0,cooldown
2026-07-04T20:22:11,pid_hot_humid_bursty_r1,pid,hot_humid,bursty,1,35.974,35.674,35.474,32.974,25.0,45.0,0.0,,100.0,2.0,,,,0,cooldown
2026-07-04T20:22:11,pid_hot_humid_bursty_r1,pid,hot_humid,bursty,1,35.965,35.665,35.465,32.965,25.0,45.0,0.0,,100.0,2.0,,,,0,cooldown
2026-07-04T20:22:11,pid_hot_humid_bursty_r1,pid,hot_humid,bursty,1,35.957,35.657,35.457,32.957,25.0,45.0,0.0,,100.0,2.0,,,,0,cooldown
2026-07-04T20:22:11,pid_hot_humid_bursty_r1,pid,hot_humid,bursty,1,35.948,35.648,35.448,32.948,25.0,45.0,0.0,,100.0,2.0,,,,0,cooldown
2026-07-04T20:22:11,pid_hot_humid_bursty_r1,pid,hot_humid,bursty,1,35.939,35.639,35.439,32.939,25.0,45.0,0.0,,100.0,2.0,,,,0,cooldown
2026-07-04T20:22:11,pid_hot_humid_bursty_r1,pid,hot_humid,bursty,1,35.931,35.631,35.431,32.931,25.0,45.0,0.0,,100.0,2.0,,,,0,cooldown
2026-07-04T20:22:11,pid_hot_humid_bursty_r1,pid,hot_humid,bursty,1,35.922,35.622,35.422,32.922,25.0,45.0,0.0,,100.0,2.0,,,,0,cooldown
2026-07-04T20:22:11,pid_hot_humid_bursty_r1,pid,hot_humid,bursty,1,35.914,35.614,35.414,32.914,25.0,45.0,0.0,,100.0,2.0,,,,0,cooldown
2026-07-04T20:22:11,pid_hot_humid_bursty_r1,pid,hot_humid,bursty,1,35.905,35.605,35.405,32.905,25.0,45.0,0.0,,100.0,2.0,,,,0,cooldown
2026-07-04T20:22:11,pid_hot_humid_bursty_r1,pid,hot_humid,bursty,1,35.896,35.596,35.396,32.896,25.0,45.0,0.0,,100.0,2.0,,,,0,cooldown
2026-07-04T20:22:11,pid_hot_humid_bursty_r1,pid,hot_humid,bursty,1,35.888,35.588,35.388,32.888,25.0,45.0,0.0,,100.0,2.0,,,,0,cooldown
2026-07-04T20:22:11,pid_hot_humid_bursty_r1,pid,hot_humid,bursty,1,35.879,35.579,35.379,32.879,25.0,45.0,0.0,,100.0,2.0,,,,0,cooldown
2026-07-04T20:22:11,pid_hot_humid_bursty_r1,pid,hot_humid,bursty,1,35.871,35.571,35.371,32.871,25.0,45.0,0.0,,100.0,2.0,,,,0,cooldown
2026-07-04T20:22:11,pid_hot_humid_bursty_r1,pid,hot_humid,bursty,1,35.862,35.562,35.362,32.862,25.0,45.0,0.0,,100.0,2.0,,,,0,cooldown
2026-07-04T20:22:11,pid_hot_humid_bursty_r1,pid,hot_humid,bursty,1,35.853,35.553,35.353,32.853,25.0,45.0,0.0,,100.0,2.0,,,,0,cooldown
2026-07-04T20:22:11,pid_hot_humid_bursty_r1,pid,hot_humid,bursty,1,35.845,35.545,35.345,32.845,25.0,45.0,0.0,,100.0,2.0,,,,0,cooldown
2026-07-04T20:22:11,pid_hot_humid_bursty_r1,pid,hot_humid,bursty,1,35.836,35.536,35.336,32.836,25.0,45.0,0.0,,100.0,2.0,,,,0,cooldown
2026-07-04T20:22:11,pid_hot_humid_bursty_r1,pid,hot_humid,bursty,1,35.828,35.528,35.328,32.828,25.0,45.0,0.0,,100.0,2.0,,,,0,cooldown
2026-07-04T20:22:11,pid_hot_humid_bursty_r1,pid,hot_humid,bursty,1,35.819,35.519,35.319,32.819,25.0,45.0,0.0,,100.0,2.0,,,,0,cooldown
2026-07-04T20:22:11,pid_hot_humid_bursty_r1,pid,hot_humid,bursty,1,35.811,35.511,35.311,32.811,25.0,45.0,0.0,,100.0,2.0,,,,0,cooldown
2026-07-04T20:22:11,pid_hot_humid_bursty_r1,pid,hot_humid,bursty,1,35.802,35.502,35.302,32.802,25.0,45.0,0.0,,100.0,2.0,,,,0,cooldown
2026-07-04T20:22:11,pid_hot_humid_bursty_r1,pid,hot_humid,bursty,1,35.794,35.494,35.294,32.794,25.0,45.0,0.0,,100.0,2.0,,,,0,cooldown
2026-07-04T20:22:11,pid_hot_humid_bursty_r1,pid,hot_humid,bursty,1,35.785,35.485,35.285,32.785,25.0,45.0,0.0,,100.0,2.0,,,,0,cooldown
2026-07-04T20:22:11,pid_hot_humid_bursty_r1,pid,hot_humid,bursty,1,35.776,35.476,35.276,32.776,25.0,45.0,0.0,,100.0,2.0,,,,0,cooldown
2026-07-04T20:22:11,pid_hot_humid_bursty_r1,pid,hot_humid,bursty,1,35.768,35.468,35.268,32.768,25.0,45.0,0.0,,100.0,2.0,,,,0,cooldown
2026-07-04T20:22:11,pid_hot_humid_bursty_r1,pid,hot_humid,bursty,1,35.759,35.459,35.259,32.759,25.0,45.0,0.0,,100.0,2.0,,,,0,cooldown
2026-07-04T20:22:11,pid_hot_humid_bursty_r1,pid,hot_humid,bursty,1,35.751,35.451,35.251,32.751,25.0,45.0,0.0,,100.0,2.0,,,,0,cooldown
2026-07-04T20:22:11,pid_hot_humid_bursty_r1,pid,hot_humid,bursty,1,35.742,35.442,35.242,32.742,25.0,45.0,0.0,,100.0,2.0,,,,0,cooldown
2026-07-04T20:22:11,pid_hot_humid_bursty_r1,pid,hot_humid,bursty,1,35.734,35.434,35.234,32.734,25.0,45.0,0.0,,100.0,2.0,,,,0,cooldown
2026-07-04T20:22:11,pid_hot_humid_bursty_r1,pid,hot_humid,bursty,1,35.726,35.426,35.226,32.726,25.0,45.0,0.0,,100.0,2.0,,,,0,cooldown
2026-07-04T20:22:11,pid_hot_humid_bursty_r1,pid,hot_humid,bursty,1,35.717,35.417,35.217,32.717,25.0,45.0,0.0,,100.0,2.0,,,,0,cooldown
2026-07-04T20:22:11,pid_hot_humid_bursty_r1,pid,hot_humid,bursty,1,35.709,35.409,35.209,32.709,25.0,45.0,0.0,,100.0,2.0,,,,0,cooldown
2026-07-04T20:22:11,pid_hot_humid_bursty_r1,pid,hot_humid,bursty,1,35.7,35.4,35.2,32.7,25.0,45.0,0.0,,100.0,2.0,,,,0,cooldown
2026-07-04T20:22:11,pid_hot_humid_bursty_r1,pid,hot_humid,bursty,1,35.692,35.392,35.192,32.692,25.0,45.0,0.0,,100.0,2.0,,,,0,cooldown
2026-07-04T20:22:11,pid_hot_humid_bursty_r1,pid,hot_humid,bursty,1,35.683,35.383,35.183,32.683,25.0,45.0,0.0,,100.0,2.0,,,,0,cooldown
2026-07-04T20:22:11,pid_hot_humid_bursty_r1,pid,hot_humid,bursty,1,35.675,35.375,35.175,32.675,25.0,45.0,0.0,,100.0,2.0,,,,0,cooldown
2026-07-04T20:22:11,pid_hot_humid_bursty_r1,pid,hot_humid,bursty,1,35.666,35.366,35.166,32.666,25.0,45.0,0.0,,100.0,2.0,,,,0,cooldown
2026-07-04T20:22:11,pid_hot_humid_bursty_r1,pid,hot_humid,bursty,1,35.658,35.358,35.158,32.658,25.0,45.0,0.0,,100.0,2.0,,,,0,cooldown
2026-07-04T20:22:11,pid_hot_humid_bursty_r1,pid,hot_humid,bursty,1,35.65,35.35,35.15,32.65,25.0,45.0,0.0,,100.0,2.0,,,,0,cooldown
2026-07-04T20:22:11,pid_hot_humid_bursty_r1,pid,hot_humid,bursty,1,35.641,35.341,35.141,32.641,25.0,45.0,0.0,,100.0,2.0,,,,0,cooldown
2026-07-04T20:22:11,pid_hot_humid_bursty_r1,pid,hot_humid,bursty,1,35.633,35.333,35.133,32.633,25.0,45.0,0.0,,100.0,2.0,,,,0,cooldown
2026-07-04T20:22:11,pid_hot_humid_bursty_r1,pid,hot_humid,bursty,1,35.624,35.324,35.124,32.624,25.0,45.0,0.0,,100.0,2.0,,,,0,cooldown
2026-07-04T20:22:11,pid_hot_humid_bursty_r1,pid,hot_humid,bursty,1,35.616,35.316,35.116,32.616,25.0,45.0,0.0,,100.0,2.0,,,,0,cooldown
2026-07-04T20:22:11,pid_hot_humid_bursty_r1,pid,hot_humid,bursty,1,35.608,35.308,35.108,32.608,25.0,45.0,0.0,,100.0,2.0,,,,0,cooldown
2026-07-04T20:22:11,pid_hot_humid_bursty_r1,pid,hot_humid,bursty,1,35.599,35.299,35.099,32.599,25.0,45.0,0.0,,100.0,2.0,,,,0,cooldown
2026-07-04T20:22:11,pid_hot_humid_bursty_r1,pid,hot_humid,bursty,1,35.591,35.291,35.091,32.591,25.0,45.0,0.0,,100.0,2.0,,,,0,cooldown
2026-07-04T20:22:11,pid_hot_humid_bursty_r1,pid,hot_humid,bursty,1,35.582,35.282,35.082,32.582,25.0,45.0,0.0,,100.0,2.0,,,,0,cooldown
2026-07-04T20:22:11,pid_hot_humid_bursty_r1,pid,hot_humid,bursty,1,35.574,35.274,35.074,32.574,25.0,45.0,0.0,,100.0,2.0,,,,0,cooldown
2026-07-04T20:22:11,pid_hot_humid_bursty_r1,pid,hot_humid,bursty,1,35.566,35.266,35.066,32.566,25.0,45.0,0.0,,100.0,2.0,,,,0,cooldown
2026-07-04T20:22:11,pid_hot_humid_bursty_r1,pid,hot_humid,bursty,1,35.557,35.257,35.057,32.557,25.0,45.0,0.0,,100.0,2.0,,,,0,cooldown
2026-07-04T20:22:11,pid_hot_humid_bursty_r1,pid,hot_humid,bursty,1,35.549,35.249,35.049,32.549,25.0,45.0,0.0,,100.0,2.0,,,,0,cooldown
2026-07-04T20:22:11,pid_hot_humid_bursty_r1,pid,hot_humid,bursty,1,35.541,35.241,35.041,32.541,25.0,45.0,0.0,,100.0,2.0,,,,0,cooldown
2026-07-04T20:22:11,pid_hot_humid_bursty_r1,pid,hot_humid,bursty,1,35.532,35.232,35.032,32.532,25.0,45.0,0.0,,100.0,2.0,,,,0,cooldown
2026-07-04T20:22:11,pid_hot_humid_bursty_r1,pid,hot_humid,bursty,1,35.524,35.224,35.024,32.524,25.0,45.0,0.0,,100.0,2.0,,,,0,cooldown
2026-07-04T20:22:11,pid_hot_humid_bursty_r1,pid,hot_humid,bursty,1,35.516,35.216,35.016,32.516,25.0,45.0,0.0,,100.0,2.0,,,,0,cooldown
2026-07-04T20:22:11,pid_hot_humid_bursty_r1,pid,hot_humid,bursty,1,35.508,35.208,35.008,32.508,25.0,45.0,0.0,,100.0,2.0,,,,0,cooldown
2026-07-04T20:22:11,pid_hot_humid_bursty_r1,pid,hot_humid,bursty,1,35.499,35.199,34.999,32.499,25.0,45.0,0.0,,100.0,2.0,,,,0,cooldown
2026-07-04T20:22:11,pid_hot_humid_bursty_r1,pid,hot_humid,bursty,1,35.491,35.191,34.991,32.491,25.0,45.0,0.0,,100.0,2.0,,,,0,cooldown
2026-07-04T20:22:11,pid_hot_humid_bursty_r1,pid,hot_humid,bursty,1,35.483,35.183,34.983,32.483,25.0,45.0,0.0,,100.0,2.0,,,,0,cooldown
2026-07-04T20:22:11,pid_hot_humid_bursty_r1,pid,hot_humid,bursty,1,35.474,35.174,34.974,32.474,25.0,45.0,0.0,,100.0,2.0,,,,0,cooldown
2026-07-04T20:22:11,pid_hot_humid_bursty_r1,pid,hot_humid,bursty,1,35.466,35.166,34.966,32.466,25.0,45.0,0.0,,100.0,2.0,,,,0,cooldown
2026-07-04T20:22:11,pid_hot_humid_bursty_r1,pid,hot_humid,bursty,1,35.458,35.158,34.958,32.458,25.0,45.0,0.0,,100.0,2.0,,,,0,cooldown
2026-07-04T20:22:11,pid_hot_humid_bursty_r1,pid,hot_humid,bursty,1,35.45,35.15,34.95,32.45,25.0,45.0,0.0,,100.0,2.0,,,,0,cooldown
2026-07-04T20:22:11,pid_hot_humid_bursty_r1,pid,hot_humid,bursty,1,35.441,35.141,34.941,32.441,25.0,45.0,0.0,,100.0,2.0,,,,0,cooldown
2026-07-04T20:22:11,pid_hot_humid_bursty_r1,pid,hot_humid,bursty,1,35.433,35.133,34.933,32.433,25.0,45.0,0.0,,100.0,2.0,,,,0,cooldown
2026-07-04T20:22:11,pid_hot_humid_bursty_r1,pid,hot_humid,bursty,1,35.425,35.125,34.925,32.425,25.0,45.0,0.0,,100.0,2.0,,,,0,cooldown
2026-07-04T20:22:11,pid_hot_humid_bursty_r1,pid,hot_humid,bursty,1,35.417,35.117,34.917,32.417,25.0,45.0,0.0,,100.0,2.0,,,,0,cooldown
2026-07-04T20:22:11,pid_hot_humid_bursty_r1,pid,hot_humid,bursty,1,35.408,35.108,34.908,32.408,25.0,45.0,0.0,,100.0,2.0,,,,0,cooldown
2026-07-04T20:22:11,pid_hot_humid_bursty_r1,pid,hot_humid,bursty,1,35.4,35.1,34.9,32.4,25.0,45.0,0.0,,100.0,2.0,,,,0,cooldown
2026-07-04T20:22:11,pid_hot_humid_bursty_r1,pid,hot_humid,bursty,1,35.392,35.092,34.892,32.392,25.0,45.0,0.0,,100.0,2.0,,,,0,cooldown
2026-07-04T20:22:11,pid_hot_humid_bursty_r1,pid,hot_humid,bursty,1,35.384,35.084,34.884,32.384,25.0,45.0,0.0,,100.0,2.0,,,,0,cooldown
2026-07-04T20:22:11,pid_hot_humid_bursty_r1,pid,hot_humid,bursty,1,35.376,35.076,34.876,32.376,25.0,45.0,0.0,,100.0,2.0,,,,0,cooldown
2026-07-04T20:22:11,pid_hot_humid_bursty_r1,pid,hot_humid,bursty,1,35.367,35.067,34.867,32.367,25.0,45.0,0.0,,100.0,2.0,,,,0,cooldown
2026-07-04T20:22:11,pid_hot_humid_bursty_r1,pid,hot_humid,bursty,1,35.359,35.059,34.859,32.359,25.0,45.0,0.0,,100.0,2.0,,,,0,cooldown
2026-07-04T20:22:11,pid_hot_humid_bursty_r1,pid,hot_humid,bursty,1,35.351,35.051,34.851,32.351,25.0,45.0,0.0,,100.0,2.0,,,,0,cooldown
2026-07-04T20:22:11,pid_hot_humid_bursty_r1,pid,hot_humid,bursty,1,35.343,35.043,34.843,32.343,25.0,45.0,0.0,,100.0,2.0,,,,0,cooldown
2026-07-04T20:22:11,pid_hot_humid_bursty_r1,pid,hot_humid,bursty,1,35.335,35.035,34.835,32.335,25.0,45.0,0.0,,100.0,2.0,,,,0,cooldown
2026-07-04T20:22:11,pid_hot_humid_bursty_r1,pid,hot_humid,bursty,1,35.327,35.027,34.827,32.327,25.0,45.0,0.0,,100.0,2.0,,,,0,cooldown
2026-07-04T20:22:11,pid_hot_humid_bursty_r1,pid,hot_humid,bursty,1,35.318,35.018,34.818,32.318,25.0,45.0,0.0,,100.0,2.0,,,,0,cooldown
2026-07-04T20:22:11,pid_hot_humid_bursty_r1,pid,hot_humid,bursty,1,35.31,35.01,34.81,32.31,25.0,45.0,0.0,,100.0,2.0,,,,0,cooldown
2026-07-04T20:22:11,pid_hot_humid_bursty_r1,pid,hot_humid,bursty,1,35.302,35.002,34.802,32.302,25.0,45.0,0.0,,100.0,2.0,,,,0,cooldown
2026-07-04T20:22:11,pid_hot_humid_bursty_r1,pid,hot_humid,bursty,1,35.294,34.994,34.794,32.294,25.0,45.0,0.0,,100.0,2.0,,,,0,cooldown
2026-07-04T20:22:11,pid_hot_humid_bursty_r1,pid,hot_humid,bursty,1,35.286,34.986,34.786,32.286,25.0,45.0,0.0,,100.0,2.0,,,,0,cooldown
2026-07-04T20:22:11,pid_hot_humid_bursty_r1,pid,hot_humid,bursty,1,35.278,34.978,34.778,32.278,25.0,45.0,0.0,,100.0,2.0,,,,0,cooldown
2026-07-04T20:22:11,pid_hot_humid_bursty_r1,pid,hot_humid,bursty,1,35.27,34.97,34.77,32.27,25.0,45.0,0.0,,100.0,2.0,,,,0,cooldown
2026-07-04T20:22:11,pid_hot_humid_bursty_r1,pid,hot_humid,bursty,1,35.262,34.962,34.762,32.262,25.0,45.0,0.0,,100.0,2.0,,,,0,cooldown
2026-07-04T20:22:11,pid_hot_humid_bursty_r1,pid,hot_humid,bursty,1,35.253,34.953,34.753,32.253,25.0,45.0,0.0,,100.0,2.0,,,,0,cooldown
2026-07-04T20:22:11,pid_hot_humid_bursty_r1,pid,hot_humid,bursty,1,35.245,34.945,34.745,32.245,25.0,45.0,0.0,,100.0,2.0,,,,0,cooldown
2026-07-04T20:22:11,pid_hot_humid_bursty_r1,pid,hot_humid,bursty,1,35.237,34.937,34.737,32.237,25.0,45.0,0.0,,100.0,2.0,,,,0,cooldown
2026-07-04T20:22:11,pid_hot_humid_bursty_r1,pid,hot_humid,bursty,1,35.229,34.929,34.729,32.229,25.0,45.0,0.0,,100.0,2.0,,,,0,cooldown
2026-07-04T20:22:11,pid_hot_humid_bursty_r1,pid,hot_humid,bursty,1,35.221,34.921,34.721,32.221,25.0,45.0,0.0,,100.0,2.0,,,,0,cooldown
2026-07-04T20:22:11,pid_hot_humid_bursty_r1,pid,hot_humid,bursty,1,35.213,34.913,34.713,32.213,25.0,45.0,0.0,,100.0,2.0,,,,0,cooldown
2026-07-04T20:22:11,pid_hot_humid_bursty_r1,pid,hot_humid,bursty,1,35.205,34.905,34.705,32.205,25.0,45.0,0.0,,100.0,2.0,,,,0,cooldown
2026-07-04T20:22:11,pid_hot_humid_bursty_r1,pid,hot_humid,bursty,1,35.197,34.897,34.697,32.197,25.0,45.0,0.0,,100.0,2.0,,,,0,cooldown
2026-07-04T20:22:11,pid_hot_humid_bursty_r1,pid,hot_humid,bursty,1,35.189,34.889,34.689,32.189,25.0,45.0,0.0,,100.0,2.0,,,,0,cooldown
2026-07-04T20:22:11,pid_hot_humid_bursty_r1,pid,hot_humid,bursty,1,35.181,34.881,34.681,32.181,25.0,45.0,0.0,,100.0,2.0,,,,0,cooldown
2026-07-04T20:22:11,pid_hot_humid_bursty_r1,pid,hot_humid,bursty,1,35.173,34.873,34.673,32.173,25.0,45.0,0.0,,100.0,2.0,,,,0,cooldown
2026-07-04T20:22:11,pid_hot_humid_bursty_r1,pid,hot_humid,bursty,1,35.165,34.865,34.665,32.165,25.0,45.0,0.0,,100.0,2.0,,,,0,cooldown
2026-07-04T20:22:11,pid_hot_humid_bursty_r1,pid,hot_humid,bursty,1,35.157,34.857,34.657,32.157,25.0,45.0,0.0,,100.0,2.0,,,,0,cooldown
2026-07-04T20:22:11,pid_hot_humid_bursty_r1,pid,hot_humid,bursty,1,35.149,34.849,34.649,32.149,25.0,45.0,0.0,,100.0,2.0,,,,0,cooldown
2026-07-04T20:22:11,pid_hot_humid_bursty_r1,pid,hot_humid,bursty,1,35.141,34.841,34.641,32.141,25.0,45.0,0.0,,100.0,2.0,,,,0,cooldown
2026-07-04T20:22:11,pid_hot_humid_bursty_r1,pid,hot_humid,bursty,1,35.133,34.833,34.633,32.133,25.0,45.0,0.0,,100.0,2.0,,,,0,cooldown
2026-07-04T20:22:11,pid_hot_humid_bursty_r1,pid,hot_humid,bursty,1,35.125,34.825,34.625,32.125,25.0,45.0,0.0,,100.0,2.0,,,,0,cooldown
2026-07-04T20:22:11,pid_hot_humid_bursty_r1,pid,hot_humid,bursty,1,35.117,34.817,34.617,32.117,25.0,45.0,0.0,,100.0,2.0,,,,0,cooldown
2026-07-04T20:22:11,pid_hot_humid_bursty_r1,pid,hot_humid,bursty,1,35.109,34.809,34.609,32.109,25.0,45.0,0.0,,100.0,2.0,,,,0,cooldown
2026-07-04T20:22:11,pid_hot_humid_bursty_r1,pid,hot_humid,bursty,1,35.101,34.801,34.601,32.101,25.0,45.0,0.0,,100.0,2.0,,,,0,cooldown
2026-07-04T20:22:11,pid_hot_humid_bursty_r1,pid,hot_humid,bursty,1,35.093,34.793,34.593,32.093,25.0,45.0,0.0,,100.0,2.0,,,,0,cooldown
2026-07-04T20:22:11,pid_hot_humid_bursty_r1,pid,hot_humid,bursty,1,35.085,34.785,34.585,32.085,25.0,45.0,0.0,,100.0,2.0,,,,0,cooldown
2026-07-04T20:22:11,pid_hot_humid_bursty_r1,pid,hot_humid,bursty,1,35.077,34.777,34.577,32.077,25.0,45.0,0.0,,100.0,2.0,,,,0,cooldown
2026-07-04T20:22:11,pid_hot_humid_bursty_r1,pid,hot_humid,bursty,1,35.069,34.769,34.569,32.069,25.0,45.0,0.0,,100.0,2.0,,,,0,cooldown
2026-07-04T20:22:11,pid_hot_humid_bursty_r1,pid,hot_humid,bursty,1,35.061,34.761,34.561,32.061,25.0,45.0,0.0,,100.0,2.0,,,,0,cooldown
2026-07-04T20:22:11,pid_hot_humid_bursty_r1,pid,hot_humid,bursty,1,35.053,34.753,34.553,32.053,25.0,45.0,0.0,,100.0,2.0,,,,0,cooldown
2026-07-04T20:22:11,pid_hot_humid_bursty_r1,pid,hot_humid,bursty,1,35.045,34.745,34.545,32.045,25.0,45.0,0.0,,100.0,2.0,,,,0,cooldown
2026-07-04T20:22:11,pid_hot_humid_bursty_r1,pid,hot_humid,bursty,1,35.037,34.737,34.537,32.037,25.0,45.0,0.0,,100.0,2.0,,,,0,cooldown
2026-07-04T20:22:11,pid_hot_humid_bursty_r1,pid,hot_humid,bursty,1,35.029,34.729,34.529,32.029,25.0,45.0,0.0,,100.0,2.0,,,,0,cooldown
2026-07-04T20:22:11,pid_hot_humid_bursty_r1,pid,hot_humid,bursty,1,35.021,34.721,34.521,32.021,25.0,45.0,0.0,,100.0,2.0,,,,0,cooldown
2026-07-04T20:22:11,pid_hot_humid_bursty_r1,pid,hot_humid,bursty,1,35.013,34.713,34.513,32.013,25.0,45.0,0.0,,100.0,2.0,,,,0,cooldown
2026-07-04T20:22:11,pid_hot_humid_bursty_r1,pid,hot_humid,bursty,1,35.005,34.705,34.505,32.005,25.0,45.0,0.0,,100.0,2.0,,,,0,cooldown
2026-07-04T20:22:11,pid_hot_humid_bursty_r1,pid,hot_humid,bursty,1,34.998,34.698,34.498,31.998,25.0,45.0,0.0,,100.0,2.0,,,,0,cooldown
2026-07-04T20:22:11,pid_hot_humid_bursty_r1,pid,hot_humid,bursty,1,34.99,34.69,34.49,31.99,25.0,45.0,0.0,,100.0,2.0,,,,0,cooldown
2026-07-04T20:22:11,pid_hot_humid_bursty_r1,pid,hot_humid,bursty,1,34.982,34.682,34.482,31.982,25.0,45.0,0.0,,100.0,2.0,,,,0,cooldown
2026-07-04T20:22:11,pid_hot_humid_bursty_r1,pid,hot_humid,bursty,1,34.974,34.674,34.474,31.974,25.0,45.0,0.0,,100.0,2.0,,,,0,cooldown
2026-07-04T20:22:11,pid_hot_humid_bursty_r1,pid,hot_humid,bursty,1,34.966,34.666,34.466,31.966,25.0,45.0,0.0,,100.0,2.0,,,,0,cooldown
2026-07-04T20:22:11,pid_hot_humid_bursty_r1,pid,hot_humid,bursty,1,34.958,34.658,34.458,31.958,25.0,45.0,0.0,,100.0,2.0,,,,0,cooldown
2026-07-04T20:22:11,pid_hot_humid_bursty_r1,pid,hot_humid,bursty,1,34.95,34.65,34.45,31.95,25.0,45.0,0.0,,100.0,2.0,,,,0,cooldown
2026-07-04T20:22:11,pid_hot_humid_bursty_r1,pid,hot_humid,bursty,1,34.942,34.642,34.442,31.942,25.0,45.0,0.0,,100.0,2.0,,,,0,cooldown
2026-07-04T20:22:11,pid_hot_humid_bursty_r1,pid,hot_humid,bursty,1,34.935,34.635,34.435,31.935,25.0,45.0,0.0,,100.0,2.0,,,,0,cooldown
2026-07-04T20:22:11,pid_hot_humid_bursty_r1,pid,hot_humid,bursty,1,34.927,34.627,34.427,31.927,25.0,45.0,0.0,,100.0,2.0,,,,0,cooldown
2026-07-04T20:22:11,pid_hot_humid_bursty_r1,pid,hot_humid,bursty,1,34.919,34.619,34.419,31.919,25.0,45.0,0.0,,100.0,2.0,,,,0,cooldown
2026-07-04T20:22:11,pid_hot_humid_bursty_r1,pid,hot_humid,bursty,1,34.911,34.611,34.411,31.911,25.0,45.0,0.0,,100.0,2.0,,,,0,cooldown
2026-07-04T20:22:11,pid_hot_humid_bursty_r1,pid,hot_humid,bursty,1,34.903,34.603,34.403,31.903,25.0,45.0,0.0,,100.0,2.0,,,,0,cooldown
2026-07-04T20:22:11,pid_hot_humid_bursty_r1,pid,hot_humid,bursty,1,34.895,34.595,34.395,31.895,25.0,45.0,0.0,,100.0,2.0,,,,0,cooldown
2026-07-04T20:22:11,pid_hot_humid_bursty_r1,pid,hot_humid,bursty,1,34.888,34.588,34.388,31.888,25.0,45.0,0.0,,100.0,2.0,,,,0,cooldown
2026-07-04T20:22:11,pid_hot_humid_bursty_r1,pid,hot_humid,bursty,1,34.88,34.58,34.38,31.88,25.0,45.0,0.0,,100.0,2.0,,,,0,cooldown
2026-07-04T20:22:11,pid_hot_humid_bursty_r1,pid,hot_humid,bursty,1,34.872,34.572,34.372,31.872,25.0,45.0,0.0,,100.0,2.0,,,,0,cooldown
2026-07-04T20:22:11,pid_hot_humid_bursty_r1,pid,hot_humid,bursty,1,34.864,34.564,34.364,31.864,25.0,45.0,0.0,,100.0,2.0,,,,0,cooldown
2026-07-04T20:22:11,pid_hot_humid_bursty_r1,pid,hot_humid,bursty,1,34.856,34.556,34.356,31.856,25.0,45.0,0.0,,100.0,2.0,,,,0,cooldown
2026-07-04T20:22:11,pid_hot_humid_bursty_r1,pid,hot_humid,bursty,1,34.849,34.549,34.349,31.849,25.0,45.0,0.0,,100.0,2.0,,,,0,cooldown
2026-07-04T20:22:11,pid_hot_humid_bursty_r1,pid,hot_humid,bursty,1,34.841,34.541,34.341,31.841,25.0,45.0,0.0,,100.0,2.0,,,,0,cooldown
2026-07-04T20:22:11,pid_hot_humid_bursty_r1,pid,hot_humid,bursty,1,34.833,34.533,34.333,31.833,25.0,45.0,0.0,,100.0,2.0,,,,0,cooldown
2026-07-04T20:22:11,pid_hot_humid_bursty_r1,pid,hot_humid,bursty,1,34.825,34.525,34.325,31.825,25.0,45.0,0.0,,100.0,2.0,,,,0,cooldown
2026-07-04T20:22:11,pid_hot_humid_bursty_r1,pid,hot_humid,bursty,1,34.818,34.518,34.318,31.818,25.0,45.0,0.0,,100.0,2.0,,,,0,cooldown
2026-07-04T20:22:11,pid_hot_humid_bursty_r1,pid,hot_humid,bursty,1,34.81,34.51,34.31,31.81,25.0,45.0,0.0,,100.0,2.0,,,,0,cooldown
2026-07-04T20:22:11,pid_hot_humid_bursty_r1,pid,hot_humid,bursty,1,34.802,34.502,34.302,31.802,25.0,45.0,0.0,,100.0,2.0,,,,0,cooldown
2026-07-04T20:22:11,pid_hot_humid_bursty_r1,pid,hot_humid,bursty,1,34.794,34.494,34.294,31.794,25.0,45.0,0.0,,100.0,2.0,,,,0,cooldown
2026-07-04T20:22:11,pid_hot_humid_bursty_r1,pid,hot_humid,bursty,1,34.787,34.487,34.287,31.787,25.0,45.0,0.0,,100.0,2.0,,,,0,cooldown
2026-07-04T20:22:11,pid_hot_humid_bursty_r1,pid,hot_humid,bursty,1,34.779,34.479,34.279,31.779,25.0,45.0,0.0,,100.0,2.0,,,,0,cooldown
2026-07-04T20:22:11,pid_hot_humid_bursty_r1,pid,hot_humid,bursty,1,34.771,34.471,34.271,31.771,25.0,45.0,0.0,,100.0,2.0,,,,0,cooldown
2026-07-04T20:22:11,pid_hot_humid_bursty_r1,pid,hot_humid,bursty,1,34.763,34.463,34.263,31.763,25.0,45.0,0.0,,100.0,2.0,,,,0,cooldown
2026-07-04T20:22:11,pid_hot_humid_bursty_r1,pid,hot_humid,bursty,1,34.756,34.456,34.256,31.756,25.0,45.0,0.0,,100.0,2.0,,,,0,cooldown
2026-07-04T20:22:11,pid_hot_humid_bursty_r1,pid,hot_humid,bursty,1,34.748,34.448,34.248,31.748,25.0,45.0,0.0,,100.0,2.0,,,,0,cooldown
2026-07-04T20:22:11,pid_hot_humid_bursty_r1,pid,hot_humid,bursty,1,34.74,34.44,34.24,31.74,25.0,45.0,0.0,,100.0,2.0,,,,0,cooldown
2026-07-04T20:22:11,pid_hot_humid_bursty_r1,pid,hot_humid,bursty,1,34.733,34.433,34.233,31.733,25.0,45.0,0.0,,100.0,2.0,,,,0,cooldown
2026-07-04T20:22:11,pid_hot_humid_bursty_r1,pid,hot_humid,bursty,1,34.725,34.425,34.225,31.725,25.0,45.0,0.0,,100.0,2.0,,,,0,cooldown
2026-07-04T20:22:11,pid_hot_humid_bursty_r1,pid,hot_humid,bursty,1,34.717,34.417,34.217,31.717,25.0,45.0,0.0,,100.0,2.0,,,,0,cooldown
2026-07-04T20:22:11,pid_hot_humid_bursty_r1,pid,hot_humid,bursty,1,34.71,34.41,34.21,31.71,25.0,45.0,0.0,,100.0,2.0,,,,0,cooldown
2026-07-04T20:22:11,pid_hot_humid_bursty_r1,pid,hot_humid,bursty,1,34.702,34.402,34.202,31.702,25.0,45.0,0.0,,100.0,2.0,,,,0,cooldown
2026-07-04T20:22:11,pid_hot_humid_bursty_r1,pid,hot_humid,bursty,1,34.694,34.394,34.194,31.694,25.0,45.0,0.0,,100.0,2.0,,,,0,cooldown
2026-07-04T20:22:11,pid_hot_humid_bursty_r1,pid,hot_humid,bursty,1,34.687,34.387,34.187,31.687,25.0,45.0,0.0,,100.0,2.0,,,,0,cooldown
2026-07-04T20:22:11,pid_hot_humid_bursty_r1,pid,hot_humid,bursty,1,34.679,34.379,34.179,31.679,25.0,45.0,0.0,,100.0,2.0,,,,0,cooldown
2026-07-04T20:22:11,pid_hot_humid_bursty_r1,pid,hot_humid,bursty,1,34.671,34.371,34.171,31.671,25.0,45.0,0.0,,100.0,2.0,,,,0,cooldown
2026-07-04T20:22:11,pid_hot_humid_bursty_r1,pid,hot_humid,bursty,1,34.664,34.364,34.164,31.664,25.0,45.0,0.0,,100.0,2.0,,,,0,cooldown
2026-07-04T20:22:11,pid_hot_humid_bursty_r1,pid,hot_humid,bursty,1,34.656,34.356,34.156,31.656,25.0,45.0,0.0,,100.0,2.0,,,,0,cooldown
2026-07-04T20:22:11,pid_hot_humid_bursty_r1,pid,hot_humid,bursty,1,34.648,34.348,34.148,31.648,25.0,45.0,0.0,,100.0,2.0,,,,0,cooldown
2026-07-04T20:22:11,pid_hot_humid_bursty_r1,pid,hot_humid,bursty,1,34.641,34.341,34.141,31.641,25.0,45.0,0.0,,100.0,2.0,,,,0,cooldown
2026-07-04T20:22:11,pid_hot_humid_bursty_r1,pid,hot_humid,bursty,1,34.633,34.333,34.133,31.633,25.0,45.0,0.0,,100.0,2.0,,,,0,cooldown
2026-07-04T20:22:11,pid_hot_humid_bursty_r1,pid,hot_humid,bursty,1,34.626,34.326,34.126,31.626,25.0,45.0,0.0,,100.0,2.0,,,,0,cooldown
2026-07-04T20:22:11,pid_hot_humid_bursty_r1,pid,hot_humid,bursty,1,34.618,34.318,34.118,31.618,25.0,45.0,0.0,,100.0,2.0,,,,0,cooldown
2026-07-04T20:22:11,pid_hot_humid_bursty_r1,pid,hot_humid,bursty,1,34.61,34.31,34.11,31.61,25.0,45.0,0.0,,100.0,2.0,,,,0,cooldown
2026-07-04T20:22:11,pid_hot_humid_bursty_r1,pid,hot_humid,bursty,1,34.603,34.303,34.103,31.603,25.0,45.0,0.0,,100.0,2.0,,,,0,cooldown
2026-07-04T20:22:11,pid_hot_humid_bursty_r1,pid,hot_humid,bursty,1,34.595,34.295,34.095,31.595,25.0,45.0,0.0,,100.0,2.0,,,,0,cooldown
2026-07-04T20:22:11,pid_hot_humid_bursty_r1,pid,hot_humid,bursty,1,34.588,34.288,34.088,31.588,25.0,45.0,0.0,,100.0,2.0,,,,0,cooldown
2026-07-04T20:22:11,pid_hot_humid_bursty_r1,pid,hot_humid,bursty,1,34.58,34.28,34.08,31.58,25.0,45.0,0.0,,100.0,2.0,,,,0,cooldown
2026-07-04T20:22:11,pid_hot_humid_bursty_r1,pid,hot_humid,bursty,1,34.573,34.273,34.073,31.573,25.0,45.0,0.0,,100.0,2.0,,,,0,cooldown
2026-07-04T20:22:11,pid_hot_humid_bursty_r1,pid,hot_humid,bursty,1,34.565,34.265,34.065,31.565,25.0,45.0,0.0,,100.0,2.0,,,,0,cooldown
2026-07-04T20:22:11,pid_hot_humid_bursty_r1,pid,hot_humid,bursty,1,34.557,34.257,34.057,31.557,25.0,45.0,0.0,,100.0,2.0,,,,0,cooldown
2026-07-04T20:22:11,pid_hot_humid_bursty_r1,pid,hot_humid,bursty,1,34.55,34.25,34.05,31.55,25.0,45.0,0.0,,100.0,2.0,,,,0,cooldown
2026-07-04T20:22:11,pid_hot_humid_bursty_r1,pid,hot_humid,bursty,1,34.542,34.242,34.042,31.542,25.0,45.0,0.0,,100.0,2.0,,,,0,cooldown
2026-07-04T20:22:11,pid_hot_humid_bursty_r1,pid,hot_humid,bursty,1,34.535,34.235,34.035,31.535,25.0,45.0,0.0,,100.0,2.0,,,,0,cooldown
2026-07-04T20:22:11,pid_hot_humid_bursty_r1,pid,hot_humid,bursty,1,34.527,34.227,34.027,31.527,25.0,45.0,0.0,,100.0,2.0,,,,0,cooldown
2026-07-04T20:22:11,pid_hot_humid_bursty_r1,pid,hot_humid,bursty,1,34.52,34.22,34.02,31.52,25.0,45.0,0.0,,100.0,2.0,,,,0,cooldown
2026-07-04T20:22:11,pid_hot_humid_bursty_r1,pid,hot_humid,bursty,1,34.512,34.212,34.012,31.512,25.0,45.0,0.0,,100.0,2.0,,,,0,cooldown
2026-07-04T20:22:11,pid_hot_humid_bursty_r1,pid,hot_humid,bursty,1,34.505,34.205,34.005,31.505,25.0,45.0,0.0,,100.0,2.0,,,,0,cooldown
2026-07-04T20:22:11,pid_hot_humid_bursty_r1,pid,hot_humid,bursty,1,34.497,34.197,33.997,31.497,25.0,45.0,0.0,,100.0,2.0,,,,0,cooldown
2026-07-04T20:22:11,pid_hot_humid_bursty_r1,pid,hot_humid,bursty,1,34.49,34.19,33.99,31.49,25.0,45.0,0.0,,100.0,2.0,,,,0,cooldown
2026-07-04T20:22:11,pid_hot_humid_bursty_r1,pid,hot_humid,bursty,1,34.482,34.182,33.982,31.482,25.0,45.0,0.0,,100.0,2.0,,,,0,cooldown
2026-07-04T20:22:11,pid_hot_humid_bursty_r1,pid,hot_humid,bursty,1,34.475,34.175,33.975,31.475,25.0,45.0,0.0,,100.0,2.0,,,,0,cooldown
2026-07-04T20:22:11,pid_hot_humid_bursty_r1,pid,hot_humid,bursty,1,34.467,34.167,33.967,31.467,25.0,45.0,0.0,,100.0,2.0,,,,0,cooldown
2026-07-04T20:22:11,pid_hot_humid_bursty_r1,pid,hot_humid,bursty,1,34.46,34.16,33.96,31.46,25.0,45.0,0.0,,100.0,2.0,,,,0,cooldown
2026-07-04T20:22:11,pid_hot_humid_bursty_r1,pid,hot_humid,bursty,1,34.452,34.152,33.952,31.452,25.0,45.0,0.0,,100.0,2.0,,,,0,cooldown
2026-07-04T20:22:11,pid_hot_humid_bursty_r1,pid,hot_humid,bursty,1,34.445,34.145,33.945,31.445,25.0,45.0,0.0,,100.0,2.0,,,,0,cooldown
2026-07-04T20:22:11,pid_hot_humid_bursty_r1,pid,hot_humid,bursty,1,34.437,34.137,33.937,31.437,25.0,45.0,0.0,,100.0,2.0,,,,0,cooldown
2026-07-04T20:22:11,pid_hot_humid_bursty_r1,pid,hot_humid,bursty,1,34.43,34.13,33.93,31.43,25.0,45.0,0.0,,100.0,2.0,,,,0,cooldown
2026-07-04T20:22:11,pid_hot_humid_bursty_r1,pid,hot_humid,bursty,1,34.423,34.123,33.923,31.423,25.0,45.0,0.0,,100.0,2.0,,,,0,cooldown
2026-07-04T20:22:11,pid_hot_humid_bursty_r1,pid,hot_humid,bursty,1,34.415,34.115,33.915,31.415,25.0,45.0,0.0,,100.0,2.0,,,,0,cooldown
2026-07-04T20:22:11,pid_hot_humid_bursty_r1,pid,hot_humid,bursty,1,34.408,34.108,33.908,31.408,25.0,45.0,0.0,,100.0,2.0,,,,0,cooldown
2026-07-04T20:22:11,pid_hot_humid_bursty_r1,pid,hot_humid,bursty,1,34.4,34.1,33.9,31.4,25.0,45.0,0.0,,100.0,2.0,,,,0,cooldown
2026-07-04T20:22:11,pid_hot_humid_bursty_r1,pid,hot_humid,bursty,1,34.393,34.093,33.893,31.393,25.0,45.0,0.0,,100.0,2.0,,,,0,cooldown
2026-07-04T20:22:11,pid_hot_humid_bursty_r1,pid,hot_humid,bursty,1,34.385,34.085,33.885,31.385,25.0,45.0,0.0,,100.0,2.0,,,,0,cooldown
2026-07-04T20:22:11,pid_hot_humid_bursty_r1,pid,hot_humid,bursty,1,34.378,34.078,33.878,31.378,25.0,45.0,0.0,,100.0,2.0,,,,0,cooldown
2026-07-04T20:22:11,pid_hot_humid_bursty_r1,pid,hot_humid,bursty,1,34.371,34.071,33.871,31.371,25.0,45.0,0.0,,100.0,2.0,,,,0,cooldown
2026-07-04T20:22:11,pid_hot_humid_bursty_r1,pid,hot_humid,bursty,1,34.363,34.063,33.863,31.363,25.0,45.0,0.0,,100.0,2.0,,,,0,cooldown
2026-07-04T20:22:11,pid_hot_humid_bursty_r1,pid,hot_humid,bursty,1,34.356,34.056,33.856,31.356,25.0,45.0,0.0,,100.0,2.0,,,,0,cooldown
2026-07-04T20:22:11,pid_hot_humid_bursty_r1,pid,hot_humid,bursty,1,34.348,34.048,33.848,31.348,25.0,45.0,0.0,,100.0,2.0,,,,0,cooldown
2026-07-04T20:22:11,pid_hot_humid_bursty_r1,pid,hot_humid,bursty,1,34.341,34.041,33.841,31.341,25.0,45.0,0.0,,100.0,2.0,,,,0,cooldown
2026-07-04T20:22:11,pid_hot_humid_bursty_r1,pid,hot_humid,bursty,1,34.334,34.034,33.834,31.334,25.0,45.0,0.0,,100.0,2.0,,,,0,cooldown
2026-07-04T20:22:11,pid_hot_humid_bursty_r1,pid,hot_humid,bursty,1,34.326,34.026,33.826,31.326,25.0,45.0,0.0,,100.0,2.0,,,,0,cooldown
2026-07-04T20:22:11,pid_hot_humid_bursty_r1,pid,hot_humid,bursty,1,34.319,34.019,33.819,31.319,25.0,45.0,0.0,,100.0,2.0,,,,0,cooldown
2026-07-04T20:22:11,pid_hot_humid_bursty_r1,pid,hot_humid,bursty,1,34.312,34.012,33.812,31.312,25.0,45.0,0.0,,100.0,2.0,,,,0,cooldown
2026-07-04T20:22:11,pid_hot_humid_bursty_r1,pid,hot_humid,bursty,1,34.304,34.004,33.804,31.304,25.0,45.0,0.0,,100.0,2.0,,,,0,cooldown
2026-07-04T20:22:11,pid_hot_humid_bursty_r1,pid,hot_humid,bursty,1,34.297,33.997,33.797,31.297,25.0,45.0,0.0,,100.0,2.0,,,,0,cooldown
2026-07-04T20:22:11,pid_hot_humid_bursty_r1,pid,hot_humid,bursty,1,34.29,33.99,33.79,31.29,25.0,45.0,0.0,,100.0,2.0,,,,0,cooldown
2026-07-04T20:22:11,pid_hot_humid_bursty_r1,pid,hot_humid,bursty,1,34.282,33.982,33.782,31.282,25.0,45.0,0.0,,100.0,2.0,,,,0,cooldown
2026-07-04T20:22:11,pid_hot_humid_bursty_r1,pid,hot_humid,bursty,1,34.275,33.975,33.775,31.275,25.0,45.0,0.0,,100.0,2.0,,,,0,cooldown
2026-07-04T20:22:11,pid_hot_humid_bursty_r1,pid,hot_humid,bursty,1,34.268,33.968,33.768,31.268,25.0,45.0,0.0,,100.0,2.0,,,,0,cooldown
2026-07-04T20:22:11,pid_hot_humid_bursty_r1,pid,hot_humid,bursty,1,34.26,33.96,33.76,31.26,25.0,45.0,0.0,,100.0,2.0,,,,0,cooldown
2026-07-04T20:22:11,pid_hot_humid_bursty_r1,pid,hot_humid,bursty,1,34.253,33.953,33.753,31.253,25.0,45.0,0.0,,100.0,2.0,,,,0,cooldown
2026-07-04T20:22:11,pid_hot_humid_bursty_r1,pid,hot_humid,bursty,1,34.246,33.946,33.746,31.246,25.0,45.0,0.0,,100.0,2.0,,,,0,cooldown
2026-07-04T20:22:11,pid_hot_humid_bursty_r1,pid,hot_humid,bursty,1,34.238,33.938,33.738,31.238,25.0,45.0,0.0,,100.0,2.0,,,,0,cooldown
2026-07-04T20:22:11,pid_hot_humid_bursty_r1,pid,hot_humid,bursty,1,34.231,33.931,33.731,31.231,25.0,45.0,0.0,,100.0,2.0,,,,0,cooldown
2026-07-04T20:22:11,pid_hot_humid_bursty_r1,pid,hot_humid,bursty,1,34.224,33.924,33.724,31.224,25.0,45.0,0.0,,100.0,2.0,,,,0,cooldown
2026-07-04T20:22:11,pid_hot_humid_bursty_r1,pid,hot_humid,bursty,1,34.216,33.916,33.716,31.216,25.0,45.0,0.0,,100.0,2.0,,,,0,cooldown
2026-07-04T20:22:11,pid_hot_humid_bursty_r1,pid,hot_humid,bursty,1,34.209,33.909,33.709,31.209,25.0,45.0,0.0,,100.0,2.0,,,,0,cooldown
2026-07-04T20:22:11,pid_hot_humid_bursty_r1,pid,hot_humid,bursty,1,34.202,33.902,33.702,31.202,25.0,45.0,0.0,,100.0,2.0,,,,0,cooldown
2026-07-04T20:22:11,pid_hot_humid_bursty_r1,pid,hot_humid,bursty,1,34.195,33.895,33.695,31.195,25.0,45.0,0.0,,100.0,2.0,,,,0,cooldown
2026-07-04T20:22:11,pid_hot_humid_bursty_r1,pid,hot_humid,bursty,1,34.187,33.887,33.687,31.187,25.0,45.0,0.0,,100.0,2.0,,,,0,cooldown
2026-07-04T20:22:11,pid_hot_humid_bursty_r1,pid,hot_humid,bursty,1,34.18,33.88,33.68,31.18,25.0,45.0,0.0,,100.0,2.0,,,,0,cooldown
2026-07-04T20:22:11,pid_hot_humid_bursty_r1,pid,hot_humid,bursty,1,34.173,33.873,33.673,31.173,25.0,45.0,0.0,,100.0,2.0,,,,0,cooldown
2026-07-04T20:22:11,pid_hot_humid_bursty_r1,pid,hot_humid,bursty,1,34.166,33.866,33.666,31.166,25.0,45.0,0.0,,100.0,2.0,,,,0,cooldown
2026-07-04T20:22:11,pid_hot_humid_bursty_r1,pid,hot_humid,bursty,1,34.158,33.858,33.658,31.158,25.0,45.0,0.0,,100.0,2.0,,,,0,cooldown
2026-07-04T20:22:11,pid_hot_humid_bursty_r1,pid,hot_humid,bursty,1,34.151,33.851,33.651,31.151,25.0,45.0,0.0,,100.0,2.0,,,,0,cooldown
2026-07-04T20:22:11,pid_hot_humid_bursty_r1,pid,hot_humid,bursty,1,34.144,33.844,33.644,31.144,25.0,45.0,0.0,,100.0,2.0,,,,0,cooldown
2026-07-04T20:22:11,pid_hot_humid_bursty_r1,pid,hot_humid,bursty,1,34.137,33.837,33.637,31.137,25.0,45.0,0.0,,100.0,2.0,,,,0,cooldown
2026-07-04T20:22:11,pid_hot_humid_bursty_r1,pid,hot_humid,bursty,1,34.13,33.83,33.63,31.13,25.0,45.0,0.0,,100.0,2.0,,,,0,cooldown
2026-07-04T20:22:11,pid_hot_humid_bursty_r1,pid,hot_humid,bursty,1,34.122,33.822,33.622,31.122,25.0,45.0,0.0,,100.0,2.0,,,,0,cooldown
2026-07-04T20:22:11,pid_hot_humid_bursty_r1,pid,hot_humid,bursty,1,34.115,33.815,33.615,31.115,25.0,45.0,0.0,,100.0,2.0,,,,0,cooldown
2026-07-04T20:22:11,pid_hot_humid_bursty_r1,pid,hot_humid,bursty,1,34.108,33.808,33.608,31.108,25.0,45.0,0.0,,100.0,2.0,,,,0,cooldown
2026-07-04T20:22:11,pid_hot_humid_bursty_r1,pid,hot_humid,bursty,1,34.101,33.801,33.601,31.101,25.0,45.0,0.0,,100.0,2.0,,,,0,cooldown
2026-07-04T20:22:11,pid_hot_humid_bursty_r1,pid,hot_humid,bursty,1,34.094,33.794,33.594,31.094,25.0,45.0,0.0,,100.0,2.0,,,,0,cooldown
2026-07-04T20:22:11,pid_hot_humid_bursty_r1,pid,hot_humid,bursty,1,34.086,33.786,33.586,31.086,25.0,45.0,0.0,,100.0,2.0,,,,0,cooldown
2026-07-04T20:22:11,pid_hot_humid_bursty_r1,pid,hot_humid,bursty,1,34.079,33.779,33.579,31.079,25.0,45.0,0.0,,100.0,2.0,,,,0,cooldown
2026-07-04T20:22:11,pid_hot_humid_bursty_r1,pid,hot_humid,bursty,1,34.072,33.772,33.572,31.072,25.0,45.0,0.0,,100.0,2.0,,,,0,cooldown
2026-07-04T20:22:11,pid_hot_humid_bursty_r1,pid,hot_humid,bursty,1,34.065,33.765,33.565,31.065,25.0,45.0,0.0,,100.0,2.0,,,,0,cooldown
2026-07-04T20:22:11,pid_hot_humid_bursty_r1,pid,hot_humid,bursty,1,34.058,33.758,33.558,31.058,25.0,45.0,0.0,,100.0,2.0,,,,0,cooldown
2026-07-04T20:22:11,pid_hot_humid_bursty_r1,pid,hot_humid,bursty,1,34.051,33.751,33.551,31.051,25.0,45.0,0.0,,100.0,2.0,,,,0,cooldown
2026-07-04T20:22:11,pid_hot_humid_bursty_r1,pid,hot_humid,bursty,1,34.043,33.743,33.543,31.043,25.0,45.0,0.0,,100.0,2.0,,,,0,cooldown
2026-07-04T20:22:11,pid_hot_humid_bursty_r1,pid,hot_humid,bursty,1,34.036,33.736,33.536,31.036,25.0,45.0,0.0,,100.0,2.0,,,,0,cooldown
2026-07-04T20:22:11,pid_hot_humid_bursty_r1,pid,hot_humid,bursty,1,34.029,33.729,33.529,31.029,25.0,45.0,0.0,,100.0,2.0,,,,0,cooldown
2026-07-04T20:22:11,pid_hot_humid_bursty_r1,pid,hot_humid,bursty,1,34.022,33.722,33.522,31.022,25.0,45.0,0.0,,100.0,2.0,,,,0,cooldown
2026-07-04T20:22:11,pid_hot_humid_bursty_r1,pid,hot_humid,bursty,1,34.015,33.715,33.515,31.015,25.0,45.0,0.0,,100.0,2.0,,,,0,cooldown
2026-07-04T20:22:11,pid_hot_humid_bursty_r1,pid,hot_humid,bursty,1,34.008,33.708,33.508,31.008,25.0,45.0,0.0,,100.0,2.0,,,,0,cooldown
2026-07-04T20:22:11,pid_hot_humid_bursty_r1,pid,hot_humid,bursty,1,34.001,33.701,33.501,31.001,25.0,45.0,0.0,,100.0,2.0,,,,0,cooldown
2026-07-04T20:22:11,pid_hot_humid_bursty_r1,pid,hot_humid,bursty,1,33.994,33.694,33.494,30.994,25.0,45.0,0.0,,100.0,2.0,,,,0,cooldown
2026-07-04T20:22:11,pid_hot_humid_bursty_r1,pid,hot_humid,bursty,1,33.986,33.686,33.486,30.986,25.0,45.0,0.0,,100.0,2.0,,,,0,cooldown
2026-07-04T20:22:11,pid_hot_humid_bursty_r1,pid,hot_humid,bursty,1,33.979,33.679,33.479,30.979,25.0,45.0,0.0,,100.0,2.0,,,,0,cooldown
2026-07-04T20:22:11,pid_hot_humid_bursty_r1,pid,hot_humid,bursty,1,33.972,33.672,33.472,30.972,25.0,45.0,0.0,,100.0,2.0,,,,0,cooldown
2026-07-04T20:22:11,pid_hot_humid_bursty_r1,pid,hot_humid,bursty,1,33.965,33.665,33.465,30.965,25.0,45.0,0.0,,100.0,2.0,,,,0,cooldown
2026-07-04T20:22:11,pid_hot_humid_bursty_r1,pid,hot_humid,bursty,1,33.958,33.658,33.458,30.958,25.0,45.0,0.0,,100.0,2.0,,,,0,cooldown
2026-07-04T20:22:11,pid_hot_humid_bursty_r1,pid,hot_humid,bursty,1,33.951,33.651,33.451,30.951,25.0,45.0,0.0,,100.0,2.0,,,,0,cooldown
2026-07-04T20:22:11,pid_hot_humid_bursty_r1,pid,hot_humid,bursty,1,33.944,33.644,33.444,30.944,25.0,45.0,0.0,,100.0,2.0,,,,0,cooldown
2026-07-04T20:22:11,pid_hot_humid_bursty_r1,pid,hot_humid,bursty,1,33.937,33.637,33.437,30.937,25.0,45.0,0.0,,100.0,2.0,,,,0,cooldown
2026-07-04T20:22:11,pid_hot_humid_bursty_r1,pid,hot_humid,bursty,1,33.93,33.63,33.43,30.93,25.0,45.0,0.0,,100.0,2.0,,,,0,cooldown
2026-07-04T20:22:11,pid_hot_humid_bursty_r1,pid,hot_humid,bursty,1,33.923,33.623,33.423,30.923,25.0,45.0,0.0,,100.0,2.0,,,,0,cooldown
2026-07-04T20:22:11,pid_hot_humid_bursty_r1,pid,hot_humid,bursty,1,33.916,33.616,33.416,30.916,25.0,45.0,0.0,,100.0,2.0,,,,0,cooldown
2026-07-04T20:22:11,pid_hot_humid_bursty_r1,pid,hot_humid,bursty,1,33.909,33.609,33.409,30.909,25.0,45.0,0.0,,100.0,2.0,,,,0,cooldown
2026-07-04T20:22:11,pid_hot_humid_bursty_r1,pid,hot_humid,bursty,1,33.902,33.602,33.402,30.902,25.0,45.0,0.0,,100.0,2.0,,,,0,cooldown
2026-07-04T20:22:11,pid_hot_humid_bursty_r1,pid,hot_humid,bursty,1,33.895,33.595,33.395,30.895,25.0,45.0,0.0,,100.0,2.0,,,,0,cooldown
2026-07-04T20:22:11,pid_hot_humid_bursty_r1,pid,hot_humid,bursty,1,33.888,33.588,33.388,30.888,25.0,45.0,0.0,,100.0,2.0,,,,0,cooldown
2026-07-04T20:22:11,pid_hot_humid_bursty_r1,pid,hot_humid,bursty,1,33.881,33.581,33.381,30.881,25.0,45.0,0.0,,100.0,2.0,,,,0,cooldown
2026-07-04T20:22:11,pid_hot_humid_bursty_r1,pid,hot_humid,bursty,1,33.874,33.574,33.374,30.874,25.0,45.0,0.0,,100.0,2.0,,,,0,cooldown
2026-07-04T20:22:11,pid_hot_humid_bursty_r1,pid,hot_humid,bursty,1,33.867,33.567,33.367,30.867,25.0,45.0,0.0,,100.0,2.0,,,,0,cooldown
2026-07-04T20:22:11,pid_hot_humid_bursty_r1,pid,hot_humid,bursty,1,33.86,33.56,33.36,30.86,25.0,45.0,0.0,,100.0,2.0,,,,0,cooldown
2026-07-04T20:22:11,pid_hot_humid_bursty_r1,pid,hot_humid,bursty,1,33.853,33.553,33.353,30.853,25.0,45.0,0.0,,100.0,2.0,,,,0,cooldown
2026-07-04T20:22:11,pid_hot_humid_bursty_r1,pid,hot_humid,bursty,1,33.846,33.546,33.346,30.846,25.0,45.0,0.0,,100.0,2.0,,,,0,cooldown
2026-07-04T20:22:11,pid_hot_humid_bursty_r1,pid,hot_humid,bursty,1,33.839,33.539,33.339,30.839,25.0,45.0,0.0,,100.0,2.0,,,,0,cooldown
2026-07-04T20:22:11,pid_hot_humid_bursty_r1,pid,hot_humid,bursty,1,33.832,33.532,33.332,30.832,25.0,45.0,0.0,,100.0,2.0,,,,0,cooldown
2026-07-04T20:22:11,pid_hot_humid_bursty_r1,pid,hot_humid,bursty,1,33.825,33.525,33.325,30.825,25.0,45.0,0.0,,100.0,2.0,,,,0,cooldown
2026-07-04T20:22:11,pid_hot_humid_bursty_r1,pid,hot_humid,bursty,1,33.818,33.518,33.318,30.818,25.0,45.0,0.0,,100.0,2.0,,,,0,cooldown
2026-07-04T20:22:11,pid_hot_humid_bursty_r1,pid,hot_humid,bursty,1,33.811,33.511,33.311,30.811,25.0,45.0,0.0,,100.0,2.0,,,,0,cooldown
2026-07-04T20:22:11,pid_hot_humid_bursty_r1,pid,hot_humid,bursty,1,33.804,33.504,33.304,30.804,25.0,45.0,0.0,,100.0,2.0,,,,0,cooldown
2026-07-04T20:22:11,pid_hot_humid_bursty_r1,pid,hot_humid,bursty,1,33.797,33.497,33.297,30.797,25.0,45.0,0.0,,100.0,2.0,,,,0,cooldown
2026-07-04T20:22:11,pid_hot_humid_bursty_r1,pid,hot_humid,bursty,1,33.79,33.49,33.29,30.79,25.0,45.0,0.0,,100.0,2.0,,,,0,cooldown
2026-07-04T20:22:11,pid_hot_humid_bursty_r1,pid,hot_humid,bursty,1,33.783,33.483,33.283,30.783,25.0,45.0,0.0,,100.0,2.0,,,,0,cooldown
2026-07-04T20:22:11,pid_hot_humid_bursty_r1,pid,hot_humid,bursty,1,33.776,33.476,33.276,30.776,25.0,45.0,0.0,,100.0,2.0,,,,0,cooldown
2026-07-04T20:22:11,pid_hot_humid_bursty_r1,pid,hot_humid,bursty,1,33.769,33.469,33.269,30.769,25.0,45.0,0.0,,100.0,2.0,,,,0,cooldown
2026-07-04T20:22:11,pid_hot_humid_bursty_r1,pid,hot_humid,bursty,1,33.762,33.462,33.262,30.762,25.0,45.0,0.0,,100.0,2.0,,,,0,cooldown
2026-07-04T20:22:11,pid_hot_humid_bursty_r1,pid,hot_humid,bursty,1,33.755,33.455,33.255,30.755,25.0,45.0,0.0,,100.0,2.0,,,,0,cooldown
2026-07-04T20:22:11,pid_hot_humid_bursty_r1,pid,hot_humid,bursty,1,33.748,33.448,33.248,30.748,25.0,45.0,0.0,,100.0,2.0,,,,0,cooldown
2026-07-04T20:22:11,pid_hot_humid_bursty_r1,pid,hot_humid,bursty,1,33.741,33.441,33.241,30.741,25.0,45.0,0.0,,100.0,2.0,,,,0,cooldown
2026-07-04T20:22:11,pid_hot_humid_bursty_r1,pid,hot_humid,bursty,1,33.735,33.435,33.235,30.735,25.0,45.0,0.0,,100.0,2.0,,,,0,cooldown
2026-07-04T20:22:11,pid_hot_humid_bursty_r1,pid,hot_humid,bursty,1,33.728,33.428,33.228,30.728,25.0,45.0,0.0,,100.0,2.0,,,,0,cooldown
2026-07-04T20:22:11,pid_hot_humid_bursty_r1,pid,hot_humid,bursty,1,33.721,33.421,33.221,30.721,25.0,45.0,0.0,,100.0,2.0,,,,0,cooldown
2026-07-04T20:22:11,pid_hot_humid_bursty_r1,pid,hot_humid,bursty,1,33.714,33.414,33.214,30.714,25.0,45.0,0.0,,100.0,2.0,,,,0,cooldown
2026-07-04T20:22:11,pid_hot_humid_bursty_r1,pid,hot_humid,bursty,1,33.707,33.407,33.207,30.707,25.0,45.0,0.0,,100.0,2.0,,,,0,cooldown
2026-07-04T20:22:11,pid_hot_humid_bursty_r1,pid,hot_humid,bursty,1,33.7,33.4,33.2,30.7,25.0,45.0,0.0,,100.0,2.0,,,,0,cooldown
2026-07-04T20:22:11,pid_hot_humid_bursty_r1,pid,hot_humid,bursty,1,33.693,33.393,33.193,30.693,25.0,45.0,0.0,,100.0,2.0,,,,0,cooldown
2026-07-04T20:22:11,pid_hot_humid_bursty_r1,pid,hot_humid,bursty,1,33.686,33.386,33.186,30.686,25.0,45.0,0.0,,100.0,2.0,,,,0,cooldown
2026-07-04T20:22:11,pid_hot_humid_bursty_r1,pid,hot_humid,bursty,1,33.68,33.38,33.18,30.68,25.0,45.0,0.0,,100.0,2.0,,,,0,cooldown
2026-07-04T20:22:11,pid_hot_humid_bursty_r1,pid,hot_humid,bursty,1,33.673,33.373,33.173,30.673,25.0,45.0,0.0,,100.0,2.0,,,,0,cooldown
2026-07-04T20:22:11,pid_hot_humid_bursty_r1,pid,hot_humid,bursty,1,33.666,33.366,33.166,30.666,25.0,45.0,0.0,,100.0,2.0,,,,0,cooldown
2026-07-04T20:22:11,pid_hot_humid_bursty_r1,pid,hot_humid,bursty,1,33.659,33.359,33.159,30.659,25.0,45.0,0.0,,100.0,2.0,,,,0,cooldown
2026-07-04T20:22:11,pid_hot_humid_bursty_r1,pid,hot_humid,bursty,1,33.652,33.352,33.152,30.652,25.0,45.0,0.0,,100.0,2.0,,,,0,cooldown
2026-07-04T20:22:11,pid_hot_humid_bursty_r1,pid,hot_humid,bursty,1,33.645,33.345,33.145,30.645,25.0,45.0,0.0,,100.0,2.0,,,,0,cooldown
2026-07-04T20:22:11,pid_hot_humid_bursty_r1,pid,hot_humid,bursty,1,33.638,33.338,33.138,30.638,25.0,45.0,0.0,,100.0,2.0,,,,0,cooldown
2026-07-04T20:22:11,pid_hot_humid_bursty_r1,pid,hot_humid,bursty,1,33.632,33.332,33.132,30.632,25.0,45.0,0.0,,100.0,2.0,,,,0,cooldown
2026-07-04T20:22:11,pid_hot_humid_bursty_r1,pid,hot_humid,bursty,1,33.625,33.325,33.125,30.625,25.0,45.0,0.0,,100.0,2.0,,,,0,cooldown
2026-07-04T20:22:11,pid_hot_humid_bursty_r1,pid,hot_humid,bursty,1,33.618,33.318,33.118,30.618,25.0,45.0,0.0,,100.0,2.0,,,,0,cooldown
2026-07-04T20:22:11,pid_hot_humid_bursty_r1,pid,hot_humid,bursty,1,33.611,33.311,33.111,30.611,25.0,45.0,0.0,,100.0,2.0,,,,0,cooldown
2026-07-04T20:22:11,pid_hot_humid_bursty_r1,pid,hot_humid,bursty,1,33.604,33.304,33.104,30.604,25.0,45.0,0.0,,100.0,2.0,,,,0,cooldown
2026-07-04T20:22:11,pid_hot_humid_bursty_r1,pid,hot_humid,bursty,1,33.598,33.298,33.098,30.598,25.0,45.0,0.0,,100.0,2.0,,,,0,cooldown
2026-07-04T20:22:11,pid_hot_humid_bursty_r1,pid,hot_humid,bursty,1,33.591,33.291,33.091,30.591,25.0,45.0,0.0,,100.0,2.0,,,,0,cooldown
2026-07-04T20:22:11,pid_hot_humid_bursty_r1,pid,hot_humid,bursty,1,33.584,33.284,33.084,30.584,25.0,45.0,0.0,,100.0,2.0,,,,0,cooldown
2026-07-04T20:22:11,pid_hot_humid_bursty_r1,pid,hot_humid,bursty,1,33.577,33.277,33.077,30.577,25.0,45.0,0.0,,100.0,2.0,,,,0,cooldown
2026-07-04T20:22:11,pid_hot_humid_bursty_r1,pid,hot_humid,bursty,1,33.571,33.271,33.071,30.571,25.0,45.0,0.0,,100.0,2.0,,,,0,cooldown
2026-07-04T20:22:11,pid_hot_humid_bursty_r1,pid,hot_humid,bursty,1,33.564,33.264,33.064,30.564,25.0,45.0,0.0,,100.0,2.0,,,,0,cooldown
2026-07-04T20:22:11,pid_hot_humid_bursty_r1,pid,hot_humid,bursty,1,33.557,33.257,33.057,30.557,25.0,45.0,0.0,,100.0,2.0,,,,0,cooldown
2026-07-04T20:22:11,pid_hot_humid_bursty_r1,pid,hot_humid,bursty,1,33.55,33.25,33.05,30.55,25.0,45.0,0.0,,100.0,2.0,,,,0,cooldown
2026-07-04T20:22:11,pid_hot_humid_bursty_r1,pid,hot_humid,bursty,1,33.543,33.243,33.043,30.543,25.0,45.0,0.0,,100.0,2.0,,,,0,cooldown
2026-07-04T20:22:11,pid_hot_humid_bursty_r1,pid,hot_humid,bursty,1,33.537,33.237,33.037,30.537,25.0,45.0,0.0,,100.0,2.0,,,,0,cooldown
2026-07-04T20:22:11,pid_hot_humid_bursty_r1,pid,hot_humid,bursty,1,33.53,33.23,33.03,30.53,25.0,45.0,0.0,,100.0,2.0,,,,0,cooldown
2026-07-04T20:22:11,pid_hot_humid_bursty_r1,pid,hot_humid,bursty,1,33.523,33.223,33.023,30.523,25.0,45.0,0.0,,100.0,2.0,,,,0,cooldown
2026-07-04T20:22:11,pid_hot_humid_bursty_r1,pid,hot_humid,bursty,1,33.517,33.217,33.017,30.517,25.0,45.0,0.0,,100.0,2.0,,,,0,cooldown
2026-07-04T20:22:11,pid_hot_humid_bursty_r1,pid,hot_humid,bursty,1,33.51,33.21,33.01,30.51,25.0,45.0,0.0,,100.0,2.0,,,,0,cooldown
2026-07-04T20:22:11,pid_hot_humid_bursty_r1,pid,hot_humid,bursty,1,33.503,33.203,33.003,30.503,25.0,45.0,0.0,,100.0,2.0,,,,0,cooldown
2026-07-04T20:22:11,pid_hot_humid_bursty_r1,pid,hot_humid,bursty,1,33.496,33.196,32.996,30.496,25.0,45.0,0.0,,100.0,2.0,,,,0,cooldown
2026-07-04T20:22:11,pid_hot_humid_bursty_r1,pid,hot_humid,bursty,1,33.49,33.19,32.99,30.49,25.0,45.0,0.0,,100.0,2.0,,,,0,cooldown
2026-07-04T20:22:11,pid_hot_humid_bursty_r1,pid,hot_humid,bursty,1,33.483,33.183,32.983,30.483,25.0,45.0,0.0,,100.0,2.0,,,,0,cooldown
2026-07-04T20:22:11,pid_hot_humid_bursty_r1,pid,hot_humid,bursty,1,33.476,33.176,32.976,30.476,25.0,45.0,0.0,,100.0,2.0,,,,0,cooldown
2026-07-04T20:22:11,pid_hot_humid_bursty_r1,pid,hot_humid,bursty,1,33.47,33.17,32.97,30.47,25.0,45.0,0.0,,100.0,2.0,,,,0,cooldown
2026-07-04T20:22:11,pid_hot_humid_bursty_r1,pid,hot_humid,bursty,1,33.463,33.163,32.963,30.463,25.0,45.0,0.0,,100.0,2.0,,,,0,cooldown
2026-07-04T20:22:11,pid_hot_humid_bursty_r1,pid,hot_humid,bursty,1,33.456,33.156,32.956,30.456,25.0,45.0,0.0,,100.0,2.0,,,,0,cooldown
2026-07-04T20:22:11,pid_hot_humid_bursty_r1,pid,hot_humid,bursty,1,33.45,33.15,32.95,30.45,25.0,45.0,0.0,,100.0,2.0,,,,0,cooldown
2026-07-04T20:22:11,pid_hot_humid_bursty_r1,pid,hot_humid,bursty,1,33.443,33.143,32.943,30.443,25.0,45.0,0.0,,100.0,2.0,,,,0,cooldown
2026-07-04T20:22:11,pid_hot_humid_bursty_r1,pid,hot_humid,bursty,1,33.436,33.136,32.936,30.436,25.0,45.0,0.0,,100.0,2.0,,,,0,cooldown
2026-07-04T20:22:11,pid_hot_humid_bursty_r1,pid,hot_humid,bursty,1,33.43,33.13,32.93,30.43,25.0,45.0,0.0,,100.0,2.0,,,,0,cooldown
2026-07-04T20:22:11,pid_hot_humid_bursty_r1,pid,hot_humid,bursty,1,33.423,33.123,32.923,30.423,25.0,45.0,0.0,,100.0,2.0,,,,0,cooldown
2026-07-04T20:22:11,pid_hot_humid_bursty_r1,pid,hot_humid,bursty,1,33.416,33.116,32.916,30.416,25.0,45.0,0.0,,100.0,2.0,,,,0,cooldown
2026-07-04T20:22:11,pid_hot_humid_bursty_r1,pid,hot_humid,bursty,1,33.41,33.11,32.91,30.41,25.0,45.0,0.0,,100.0,2.0,,,,0,cooldown
2026-07-04T20:22:11,pid_hot_humid_bursty_r1,pid,hot_humid,bursty,1,33.403,33.103,32.903,30.403,25.0,45.0,0.0,,100.0,2.0,,,,0,cooldown
2026-07-04T20:22:11,pid_hot_humid_bursty_r1,pid,hot_humid,bursty,1,33.396,33.096,32.896,30.396,25.0,45.0,0.0,,100.0,2.0,,,,0,cooldown
2026-07-04T20:22:11,pid_hot_humid_bursty_r1,pid,hot_humid,bursty,1,33.39,33.09,32.89,30.39,25.0,45.0,0.0,,100.0,2.0,,,,0,cooldown
2026-07-04T20:22:11,pid_hot_humid_bursty_r1,pid,hot_humid,bursty,1,33.383,33.083,32.883,30.383,25.0,45.0,0.0,,100.0,2.0,,,,0,cooldown
2026-07-04T20:22:11,pid_hot_humid_bursty_r1,pid,hot_humid,bursty,1,33.376,33.076,32.876,30.376,25.0,45.0,0.0,,100.0,2.0,,,,0,cooldown
2026-07-04T20:22:11,pid_hot_humid_bursty_r1,pid,hot_humid,bursty,1,33.37,33.07,32.87,30.37,25.0,45.0,0.0,,100.0,2.0,,,,0,cooldown
2026-07-04T20:22:11,pid_hot_humid_bursty_r1,pid,hot_humid,bursty,1,33.363,33.063,32.863,30.363,25.0,45.0,0.0,,100.0,2.0,,,,0,cooldown
2026-07-04T20:22:11,pid_hot_humid_bursty_r1,pid,hot_humid,bursty,1,33.357,33.057,32.857,30.357,25.0,45.0,0.0,,100.0,2.0,,,,0,cooldown
2026-07-04T20:22:11,pid_hot_humid_bursty_r1,pid,hot_humid,bursty,1,33.35,33.05,32.85,30.35,25.0,45.0,0.0,,100.0,2.0,,,,0,cooldown
2026-07-04T20:22:11,pid_hot_humid_bursty_r1,pid,hot_humid,bursty,1,33.343,33.043,32.843,30.343,25.0,45.0,0.0,,100.0,2.0,,,,0,cooldown
2026-07-04T20:22:11,pid_hot_humid_bursty_r1,pid,hot_humid,bursty,1,33.337,33.037,32.837,30.337,25.0,45.0,0.0,,100.0,2.0,,,,0,cooldown
2026-07-04T20:22:11,pid_hot_humid_bursty_r1,pid,hot_humid,bursty,1,33.33,33.03,32.83,30.33,25.0,45.0,0.0,,100.0,2.0,,,,0,cooldown
2026-07-04T20:22:11,pid_hot_humid_bursty_r1,pid,hot_humid,bursty,1,33.324,33.024,32.824,30.324,25.0,45.0,0.0,,100.0,2.0,,,,0,cooldown
2026-07-04T20:22:11,pid_hot_humid_bursty_r1,pid,hot_humid,bursty,1,33.317,33.017,32.817,30.317,25.0,45.0,0.0,,100.0,2.0,,,,0,cooldown
2026-07-04T20:22:11,pid_hot_humid_bursty_r1,pid,hot_humid,bursty,1,33.311,33.011,32.811,30.311,25.0,45.0,0.0,,100.0,2.0,,,,0,cooldown
2026-07-04T20:22:11,pid_hot_humid_bursty_r1,pid,hot_humid,bursty,1,33.304,33.004,32.804,30.304,25.0,45.0,0.0,,100.0,2.0,,,,0,cooldown
2026-07-04T20:22:11,pid_hot_humid_bursty_r1,pid,hot_humid,bursty,1,33.297,32.997,32.797,30.297,25.0,45.0,0.0,,100.0,2.0,,,,0,cooldown
2026-07-04T20:22:11,pid_hot_humid_bursty_r1,pid,hot_humid,bursty,1,33.291,32.991,32.791,30.291,25.0,45.0,0.0,,100.0,2.0,,,,0,cooldown
2026-07-04T20:22:11,pid_hot_humid_bursty_r1,pid,hot_humid,bursty,1,33.284,32.984,32.784,30.284,25.0,45.0,0.0,,100.0,2.0,,,,0,cooldown
2026-07-04T20:22:11,pid_hot_humid_bursty_r1,pid,hot_humid,bursty,1,33.278,32.978,32.778,30.278,25.0,45.0,0.0,,100.0,2.0,,,,0,cooldown
2026-07-04T20:22:11,pid_hot_humid_bursty_r1,pid,hot_humid,bursty,1,33.271,32.971,32.771,30.271,25.0,45.0,0.0,,100.0,2.0,,,,0,cooldown
2026-07-04T20:22:11,pid_hot_humid_bursty_r1,pid,hot_humid,bursty,1,33.265,32.965,32.765,30.265,25.0,45.0,0.0,,100.0,2.0,,,,0,cooldown
2026-07-04T20:22:11,pid_hot_humid_bursty_r1,pid,hot_humid,bursty,1,33.258,32.958,32.758,30.258,25.0,45.0,0.0,,100.0,2.0,,,,0,cooldown
2026-07-04T20:22:11,pid_hot_humid_bursty_r1,pid,hot_humid,bursty,1,33.252,32.952,32.752,30.252,25.0,45.0,0.0,,100.0,2.0,,,,0,cooldown
2026-07-04T20:22:11,pid_hot_humid_bursty_r1,pid,hot_humid,bursty,1,33.245,32.945,32.745,30.245,25.0,45.0,0.0,,100.0,2.0,,,,0,cooldown
2026-07-04T20:22:11,pid_hot_humid_bursty_r1,pid,hot_humid,bursty,1,33.239,32.939,32.739,30.239,25.0,45.0,0.0,,100.0,2.0,,,,0,cooldown
2026-07-04T20:22:11,pid_hot_humid_bursty_r1,pid,hot_humid,bursty,1,33.232,32.932,32.732,30.232,25.0,45.0,0.0,,100.0,2.0,,,,0,cooldown
2026-07-04T20:22:11,pid_hot_humid_bursty_r1,pid,hot_humid,bursty,1,33.226,32.926,32.726,30.226,25.0,45.0,0.0,,100.0,2.0,,,,0,cooldown
2026-07-04T20:22:11,pid_hot_humid_bursty_r1,pid,hot_humid,bursty,1,33.219,32.919,32.719,30.219,25.0,45.0,0.0,,100.0,2.0,,,,0,cooldown
2026-07-04T20:22:11,pid_hot_humid_bursty_r1,pid,hot_humid,bursty,1,33.213,32.913,32.713,30.213,25.0,45.0,0.0,,100.0,2.0,,,,0,cooldown
2026-07-04T20:22:11,pid_hot_humid_bursty_r1,pid,hot_humid,bursty,1,33.206,32.906,32.706,30.206,25.0,45.0,0.0,,100.0,2.0,,,,0,cooldown
2026-07-04T20:22:11,pid_hot_humid_bursty_r1,pid,hot_humid,bursty,1,33.2,32.9,32.7,30.2,25.0,45.0,0.0,,100.0,2.0,,,,0,cooldown
2026-07-04T20:22:11,pid_hot_humid_bursty_r1,pid,hot_humid,bursty,1,33.193,32.893,32.693,30.193,25.0,45.0,0.0,,100.0,2.0,,,,0,cooldown
2026-07-04T20:22:11,pid_hot_humid_bursty_r1,pid,hot_humid,bursty,1,33.187,32.887,32.687,30.187,25.0,45.0,0.0,,100.0,2.0,,,,0,cooldown
2026-07-04T20:22:11,pid_hot_humid_bursty_r1,pid,hot_humid,bursty,1,33.18,32.88,32.68,30.18,25.0,45.0,0.0,,100.0,2.0,,,,0,cooldown
2026-07-04T20:22:11,pid_hot_humid_bursty_r1,pid,hot_humid,bursty,1,33.174,32.874,32.674,30.174,25.0,45.0,0.0,,100.0,2.0,,,,0,cooldown
2026-07-04T20:22:11,pid_hot_humid_bursty_r1,pid,hot_humid,bursty,1,33.167,32.867,32.667,30.167,25.0,45.0,0.0,,100.0,2.0,,,,0,cooldown
2026-07-04T20:22:11,pid_hot_humid_bursty_r1,pid,hot_humid,bursty,1,33.161,32.861,32.661,30.161,25.0,45.0,0.0,,100.0,2.0,,,,0,cooldown
2026-07-04T20:22:11,pid_hot_humid_bursty_r1,pid,hot_humid,bursty,1,33.155,32.855,32.655,30.155,25.0,45.0,0.0,,100.0,2.0,,,,0,cooldown
2026-07-04T20:22:11,pid_hot_humid_bursty_r1,pid,hot_humid,bursty,1,33.148,32.848,32.648,30.148,25.0,45.0,0.0,,100.0,2.0,,,,0,cooldown
2026-07-04T20:22:11,pid_hot_humid_bursty_r1,pid,hot_humid,bursty,1,33.142,32.842,32.642,30.142,25.0,45.0,0.0,,100.0,2.0,,,,0,cooldown
2026-07-04T20:22:11,pid_hot_humid_bursty_r1,pid,hot_humid,bursty,1,33.135,32.835,32.635,30.135,25.0,45.0,0.0,,100.0,2.0,,,,0,cooldown
2026-07-04T20:22:11,pid_hot_humid_bursty_r1,pid,hot_humid,bursty,1,33.129,32.829,32.629,30.129,25.0,45.0,0.0,,100.0,2.0,,,,0,cooldown
2026-07-04T20:22:11,pid_hot_humid_bursty_r1,pid,hot_humid,bursty,1,33.122,32.822,32.622,30.122,25.0,45.0,0.0,,100.0,2.0,,,,0,cooldown
2026-07-04T20:22:11,pid_hot_humid_bursty_r1,pid,hot_humid,bursty,1,33.116,32.816,32.616,30.116,25.0,45.0,0.0,,100.0,2.0,,,,0,cooldown
2026-07-04T20:22:11,pid_hot_humid_bursty_r1,pid,hot_humid,bursty,1,33.11,32.81,32.61,30.11,25.0,45.0,0.0,,100.0,2.0,,,,0,cooldown
2026-07-04T20:22:11,pid_hot_humid_bursty_r1,pid,hot_humid,bursty,1,33.103,32.803,32.603,30.103,25.0,45.0,0.0,,100.0,2.0,,,,0,cooldown
2026-07-04T20:22:11,pid_hot_humid_bursty_r1,pid,hot_humid,bursty,1,33.097,32.797,32.597,30.097,25.0,45.0,0.0,,100.0,2.0,,,,0,cooldown
2026-07-04T20:22:11,pid_hot_humid_bursty_r1,pid,hot_humid,bursty,1,33.09,32.79,32.59,30.09,25.0,45.0,0.0,,100.0,2.0,,,,0,cooldown
2026-07-04T20:22:11,pid_hot_humid_bursty_r1,pid,hot_humid,bursty,1,33.084,32.784,32.584,30.084,25.0,45.0,0.0,,100.0,2.0,,,,0,cooldown
2026-07-04T20:22:11,pid_hot_humid_bursty_r1,pid,hot_humid,bursty,1,33.078,32.778,32.578,30.078,25.0,45.0,0.0,,100.0,2.0,,,,0,cooldown
2026-07-04T20:22:11,pid_hot_humid_bursty_r1,pid,hot_humid,bursty,1,33.071,32.771,32.571,30.071,25.0,45.0,0.0,,100.0,2.0,,,,0,cooldown
2026-07-04T20:22:11,pid_hot_humid_bursty_r1,pid,hot_humid,bursty,1,33.065,32.765,32.565,30.065,25.0,45.0,0.0,,100.0,2.0,,,,0,cooldown
2026-07-04T20:22:11,pid_hot_humid_bursty_r1,pid,hot_humid,bursty,1,33.058,32.758,32.558,30.058,25.0,45.0,0.0,,100.0,2.0,,,,0,cooldown
2026-07-04T20:22:11,pid_hot_humid_bursty_r1,pid,hot_humid,bursty,1,33.052,32.752,32.552,30.052,25.0,45.0,0.0,,100.0,2.0,,,,0,cooldown
2026-07-04T20:22:11,pid_hot_humid_bursty_r1,pid,hot_humid,bursty,1,33.046,32.746,32.546,30.046,25.0,45.0,0.0,,100.0,2.0,,,,0,cooldown
2026-07-04T20:22:11,pid_hot_humid_bursty_r1,pid,hot_humid,bursty,1,33.039,32.739,32.539,30.039,25.0,45.0,0.0,,100.0,2.0,,,,0,cooldown
2026-07-04T20:22:11,pid_hot_humid_bursty_r1,pid,hot_humid,bursty,1,33.033,32.733,32.533,30.033,25.0,45.0,0.0,,100.0,2.0,,,,0,cooldown
2026-07-04T20:22:11,pid_hot_humid_bursty_r1,pid,hot_humid,bursty,1,33.027,32.727,32.527,30.027,25.0,45.0,0.0,,100.0,2.0,,,,0,cooldown
2026-07-04T20:22:11,pid_hot_humid_bursty_r1,pid,hot_humid,bursty,1,33.02,32.72,32.52,30.02,25.0,45.0,0.0,,100.0,2.0,,,,0,cooldown
2026-07-04T20:22:11,pid_hot_humid_bursty_r1,pid,hot_humid,bursty,1,33.014,32.714,32.514,30.014,25.0,45.0,0.0,,100.0,2.0,,,,0,cooldown
2026-07-04T20:22:11,pid_hot_humid_bursty_r1,pid,hot_humid,bursty,1,33.008,32.708,32.508,30.008,25.0,45.0,0.0,,100.0,2.0,,,,0,cooldown
2026-07-04T20:22:11,pid_hot_humid_bursty_r1,pid,hot_humid,bursty,1,33.001,32.701,32.501,30.001,25.0,45.0,0.0,,100.0,2.0,,,,0,cooldown
2026-07-04T20:22:11,pid_hot_humid_bursty_r1,pid,hot_humid,bursty,1,32.995,32.695,32.495,29.995,25.0,45.0,0.0,,100.0,2.0,,,,0,cooldown
