timestamp,trial_id,controller,climate,workload,repeat,T_tank_hot,T_tank_mid,T_rad_in,T_rad_out,T_ambient,RH_ambient,heater_w_cmd,heater_w_meas,fan_pwm,fan_w,forecast_T,forecast_RH,bank_depth_cmd,water_event_flag,notes
2026-07-04T20:22:12,reactive_hot_humid_bursty_r1,reactive,hot_humid,bursty,1,31.005,30.705,30.505,28.005,25.0,45.0,60.0,,40.0,0.8,,,,0,warmup
2026-07-04T20:22:12,reactive_hot_humid_bursty_r1,reactive,hot_humid,bursty,1,31.017,30.717,30.517,28.017,25.0,45.0,60.0,,0.0,0.0,30.17,,,0,trial
2026-07-04T20:22:12,reactive_hot_humid_bursty_r1,reactive,hot_humid,bursty,1,31.025,30.725,30.525,28.025,25.0,45.0,60.0,,0.0,0.0,30.17,,,0,trial
2026-07-04T20:22:12,reactive_hot_humid_bursty_r1,reactive,hot_humid,bursty,1,31.032,30.732,30.532,28.032,25.0,45.0,60.0,,0.0,0.0,30.17,,,0,trial
2026-07-04T20:22:12,reactive_hot_humid_bursty_r1,reactive,hot_humid,bursty,1,31.039,30.739,30.539,28.039,25.0,45.0,60.0,,0.0,0.0,30.17,,,0,trial
2026-07-04T20:22:12,reactive_hot_humid_bursty_r1,reactive,hot_humid,bursty,1,31.047,30.747,30.547,28.047,25.0,45.0,60.0,,0.0,0.0,30.17,,,0,trial
2026-07-04T20:22:12,reactive_hot_humid_bursty_r1,reactive,hot_humid,bursty,1,31.054,30.754,30.554,28.054,25.0,45.0,60.0,,0.0,0.0,30.17,,,0,trial
2026-07-04T20:22:12,reactive_hot_humid_bursty_r1,reactive,hot_humid,bursty,1,31.061,30.761,30.561,28.061,25.0,45.0,60.0,,0.0,0.0,30.17,,,0,trial
2026-07-04T20:22:12,reactive_hot_humid_bursty_r1,reactive,hot_humid,bursty,1,31.068,30.768,30.568,28.068,25.0,45.0,60.0,,0.0,0.0,30.17,,,0,trial
2026-07-04T20:22:12,reactive_hot_humid_bursty_r1,reactive,hot_humid,bursty,1,31.076,30.776,30.576,28.076,25.0,45.0,60.0,,0.0,0.0,30.17,,,0,trial
2026-07-04T20:22:12,reactive_hot_humid_bursty_r1,reactive,hot_humid,bursty,1,31.083,30.783,30.583,28.083,25.0,45.0,60.0,,0.0,0.0,30.17,,,0,trial
2026-07-04T20:22:12,reactive_hot_humid_bursty_r1,reactive,hot_humid,bursty,1,31.09,30.79,30.59,28.09,25.0,45.0,60.0,,0.0,0.0,30.17,,,0,trial
2026-07-04T20:22:12,reactive_hot_humid_bursty_r1,reactive,hot_humid,bursty,1,31.097,30.797,30.597,28.097,25.0,45.0,60.0,,0.0,0.0,30.17,,,0,trial
2026-07-04T20:22:12,reactive_hot_humid_bursty_r1,reactive,hot_humid,bursty,1,31.105,30.805,30.605,28.105,25.0,45.0,60.0,,0.0,0.0,30.17,,,0,trial
2026-07-04T20:22:12,reactive_hot_humid_bursty_r1,reactive,hot_humid,bursty,1,31.112,30.812,30.612,28.112,25.0,45.0,60.0,,0.0,0.0,30.17,,,0,trial
2026-07-04T20:22:12,reactive_hot_humid_bursty_r1,reactive,hot_humid,bursty,1,31.119,30.819,30.619,28.119,25.0,45.0,60.0,,0.0,0.0,30.18,,,0,trial
2026-07-04T20:22:12,reactive_hot_humid_bursty_r1,reactive,hot_humid,bursty,1,31.126,30.826,30.626,28.126,25.0,45.0,60.0,,0.0,0.0,30.18,,,0,trial
2026-07-04T20:22:12,reactive_hot_humid_bursty_r1,reactive,hot_humid,bursty,1,31.134,30.834,30.634,28.134,25.0,45.0,60.0,,0.0,0.0,30.18,,,0,trial
2026-07-04T20:22:12,reactive_hot_humid_bursty_r1,reactive,hot_humid,bursty,1,31.141,30.841,30.641,28.141,25.0,45.0,60.0,,0.0,0.0,30.18,,,0,trial
2026-07-04T20:22:12,reactive_hot_humid_bursty_r1,reactive,hot_humid,bursty,1,31.148,30.848,30.648,28.148,25.0,45.0,60.0,,0.0,0.0,30.18,,,0,trial
2026-07-04T20:22:12,reactive_hot_humid_bursty_r1,reactive,hot_humid,bursty,1,31.155,30.855,30.655,28.155,25.0,45.0,60.0,,0.0,0.0,30.18,,,0,trial
2026-07-04T20:22:12,reactive_hot_humid_bursty_r1,reactive,hot_humid,bursty,1,31.163,30.863,30.663,28.163,25.0,45.0,60.0,,0.0,0.0,30.18,,,0,trial
2026-07-04T20:22:12,reactive_hot_humid_bursty_r1,reactive,hot_humid,bursty,1,31.17,30.87,30.67,28.17,25.0,45.0,60.0,,0.0,0.0,30.18,,,0,trial
2026-07-04T20:22:12,reactive_hot_humid_bursty_r1,reactive,hot_humid,bursty,1,31.177,30.877,30.677,28.177,25.0,45.0,60.0,,0.0,0.0,30.18,,,0,trial
2026-07-04T20:22:12,reactive_hot_humid_bursty_r1,reactive,hot_humid,bursty,1,31.184,30.884,30.684,28.184,25.0,45.0,60.0,,0.0,0.0,30.18,,,0,trial
2026-07-04T20:22:12,reactive_hot_humid_bursty_r1,reactive,hot_humid,bursty,1,31.192,30.892,30.692,28.192,25.0,45.0,60.0,,0.0,0.0,30.18,,,0,trial
2026-07-04T20:22:12,reactive_hot_humid_bursty_r1,reactive,hot_humid,bursty,1,31.199,30.899,30.699,28.199,25.0,45.0,60.0,,0.0,0.0,30.18,,,0,trial
2026-07-04T20:22:12,reactive_hot_humid_bursty_r1,reactive,hot_humid,bursty,1,31.206,30.906,30.706,28.206,25.0,45.0,60.0,,0.0,0.0,30.18,,,0,trial
2026-07-04T20:22:12,reactive_hot_humid_bursty_r1,reactive,hot_humid,bursty,1,31.213,30.913,30.713,28.213,25.0,45.0,60.0,,0.0,0.0,30.19,,,0,trial
2026-07-04T20:22:12,reactive_hot_humid_bursty_r1,reactive,hot_humid,bursty,1,31.22,30.92,30.72,28.22,25.0,45.0,60.0,,0.0,0.0,30.19,,,0,trial
2026-07-04T20:22:12,reactive_hot_humid_bursty_r1,reactive,hot_humid,bursty,1,31.228,30.928,30.728,28.228,25.0,45.0,60.0,,0.0,0.0,30.19,,,0,trial
2026-07-04T20:22:12,reactive_hot_humid_bursty_r1,reactive,hot_humid,bursty,1,31.242,30.942,30.742,28.242,25.0,45.0,60.0,,0.0,0.0,30.19,,,0,trial
2026-07-04T20:22:12,reactive_hot_humid_bursty_r1,reactive,hot_humid,bursty,1,31.249,30.949,30.749,28.249,25.0,45.0,60.0,,0.0,0.0,30.19,,,0,trial
2026-07-04T20:22:12,reactive_hot_humid_bursty_r1,reactive,hot_humid,bursty,1,31.257,30.957,30.757,28.257,25.0,45.0,60.0,,0.0,0.0,30.19,,,0,trial
2026-07-04T20:22:12,reactive_hot_humid_bursty_r1,reactive,hot_humid,bursty,1,31.264,30.964,30.764,28.264,25.0,45.0,60.0,,0.0,0.0,30.19,,,0,trial
2026-07-04T20:22:12,reactive_hot_humid_bursty_r1,reactive,hot_humid,bursty,1,31.271,30.971,30.771,28.271,25.0,45.0,60.0,,0.0,0.0,30.19,,,0,trial
2026-07-04T20:22:12,reactive_hot_humid_bursty_r1,reactive,hot_humid,bursty,1,31.278,30.978,30.778,28.278,25.0,45.0,60.0,,0.0,0.0,30.19,,,0,trial
2026-07-04T20:22:12,reactive_hot_humid_bursty_r1,reactive,hot_humid,bursty,1,31.286,30.986,30.786,28.286,25.0,45.0,60.0,,0.0,0.0,30.19,,,0,trial
2026-07-04T20:22:12,reactive_hot_humid_bursty_r1,reactive,hot_humid,bursty,1,31.293,30.993,30.793,28.293,25.0,45.0,60.0,,0.0,0.0,30.19,,,0,trial
2026-07-04T20:22:12,reactive_hot_humid_bursty_r1,reactive,hot_humid,bursty,1,31.3,31.0,30.8,28.3,25.0,45.0,60.0,,0.0,0.0,30.19,,,0,trial
2026-07-04T20:22:12,reactive_hot_humid_bursty_r1,reactive,hot_humid,bursty,1,31.307,31.007,30.807,28.307,25.0,45.0,60.0,,0.0,0.0,30.19,,,0,trial
2026-07-04T20:22:12,reactive_hot_humid_bursty_r1,reactive,hot_humid,bursty,1,31.315,31.015,30.815,28.315,25.0,45.0,60.0,,0.0,0.0,30.2,,,0,trial
2026-07-04T20:22:12,reactive_hot_humid_bursty_r1,reactive,hot_humid,bursty,1,31.322,31.022,30.822,28.322,25.0,45.0,60.0,,0.0,0.0,30.2,,,0,trial
2026-07-04T20:22:12,reactive_hot_humid_bursty_r1,reactive,hot_humid,bursty,1,31.329,31.029,30.829,28.329,25.0,45.0,60.0,,0.0,0.0,30.2,,,0,trial
2026-07-04T20:22:12,reactive_hot_humid_bursty_r1,reactive,hot_humid,bursty,1,31.336,31.036,30.836,28.336,25.0,45.0,60.0,,0.0,0.0,30.2,,,0,trial
2026-07-04T20:22:12,reactive_hot_humid_bursty_r1,reactive,hot_humid,bursty,1,31.343,31.043,30.843,28.343,25.0,45.0,60.0,,0.0,0.0,30.2,,,0,trial
2026-07-04T20:22:12,reactive_hot_humid_bursty_r1,reactive,hot_humid,bursty,1,31.351,31.051,30.851,28.351,25.0,45.0,60.0,,0.0,0.0,30.2,,,0,trial
2026-07-04T20:22:12,reactive_hot_humid_bursty_r1,reactive,hot_humid,bursty,1,31.358,31.058,30.858,28.358,25.0,45.0,60.0,,0.0,0.0,30.2,,,0,trial
2026-07-04T20:22:12,reactive_hot_humid_bursty_r1,reactive,hot_humid,bursty,1,31.365,31.065,30.865,28.365,25.0,45.0,60.0,,0.0,0.0,30.2,,,0,trial
2026-07-04T20:22:12,reactive_hot_humid_bursty_r1,reactive,hot_humid,bursty,1,31.372,31.072,30.872,28.372,25.0,45.0,60.0,,0.0,0.0,30.2,,,0,trial
2026-07-04T20:22:12,reactive_hot_humid_bursty_r1,reactive,hot_humid,bursty,1,31.38,31.08,30.88,28.38,25.0,45.0,60.0,,0.0,0.0,30.2,,,0,trial
2026-07-04T20:22:12,reactive_hot_humid_bursty_r1,reactive,hot_humid,bursty,1,31.387,31.087,30.887,28.387,25.0,45.0,60.0,,0.0,0.0,30.2,,,0,trial
2026-07-04T20:22:12,reactive_hot_humid_bursty_r1,reactive,hot_humid,bursty,1,31.394,31.094,30.894,28.394,25.0,45.0,60.0,,0.0,0.0,30.21,,,0,trial
2026-07-04T20:22:12,reactive_hot_humid_bursty_r1,reactive,hot_humid,bursty,1,31.401,31.101,30.901,28.401,25.0,45.0,60.0,,0.0,0.0,30.21,,,0,trial
2026-07-04T20:22:12,reactive_hot_humid_bursty_r1,reactive,hot_humid,bursty,1,31.408,31.108,30.908,28.408,25.0,45.0,60.0,,0.0,0.0,30.21,,,0,trial
2026-07-04T20:22:12,reactive_hot_humid_bursty_r1,reactive,hot_humid,bursty,1,31.416,31.116,30.916,28.416,25.0,45.0,60.0,,0.0,0.0,30.21,,,0,trial
2026-07-04T20:22:12,reactive_hot_humid_bursty_r1,reactive,hot_humid,bursty,1,31.423,31.123,30.923,28.423,25.0,45.0,60.0,,0.0,0.0,30.21,,,0,trial
2026-07-04T20:22:12,reactive_hot_humid_bursty_r1,reactive,hot_humid,bursty,1,31.43,31.13,30.93,28.43,25.0,45.0,60.0,,0.0,0.0,30.21,,,0,trial
2026-07-04T20:22:12,reactive_hot_humid_bursty_r1,reactive,hot_humid,bursty,1,31.437,31.137,30.937,28.437,25.0,45.0,60.0,,0.0,0.0,30.21,,,0,trial
2026-07-04T20:22:12,reactive_hot_humid_bursty_r1,reactive,hot_humid,bursty,1,31.445,31.145,30.945,28.445,25.0,45.0,60.0,,0.0,0.0,30.21,,,0,trial
2026-07-04T20:22:12,reactive_hot_humid_bursty_r1,reactive,hot_humid,bursty,1,31.452,31.152,30.952,28.452,25.0,45.0,60.0,,0.0,0.0,30.21,,,0,trial
2026-07-04T20:22:12,reactive_hot_humid_bursty_r1,reactive,hot_humid,bursty,1,31.466,31.166,30.966,28.466,25.0,45.0,60.0,,0.0,0.0,30.21,,,0,trial
2026-07-04T20:22:12,reactive_hot_humid_bursty_r1,reactive,hot_humid,bursty,1,31.473,31.173,30.973,28.473,25.0,45.0,60.0,,0.0,0.0,30.22,,,0,trial
2026-07-04T20:22:12,reactive_hot_humid_bursty_r1,reactive,hot_humid,bursty,1,31.481,31.181,30.981,28.481,25.0,45.0,60.0,,0.0,0.0,30.22,,,0,trial
2026-07-04T20:22:12,reactive_hot_humid_bursty_r1,reactive,hot_humid,bursty,1,31.488,31.188,30.988,28.488,25.0,45.0,60.0,,0.0,0.0,30.22,,,0,trial
2026-07-04T20:22:12,reactive_hot_humid_bursty_r1,reactive,hot_humid,bursty,1,31.495,31.195,30.995,28.495,25.0,45.0,60.0,,0.0,0.0,30.22,,,0,trial
2026-07-04T20:22:12,reactive_hot_humid_bursty_r1,reactive,hot_humid,bursty,1,31.502,31.202,31.002,28.502,25.0,45.0,60.0,,0.0,0.0,30.22,,,0,trial
2026-07-04T20:22:12,reactive_hot_humid_bursty_r1,reactive,hot_humid,bursty,1,31.509,31.209,31.009,28.509,25.0,45.0,60.0,,0.0,0.0,30.22,,,0,trial
2026-07-04T20:22:12,reactive_hot_humid_bursty_r1,reactive,hot_humid,bursty,1,31.517,31.217,31.017,28.517,25.0,45.0,60.0,,0.0,0.0,30.22,,,0,trial
2026-07-04T20:22:12,reactive_hot_humid_bursty_r1,reactive,hot_humid,bursty,1,31.524,31.224,31.024,28.524,25.0,45.0,60.0,,0.0,0.0,30.22,,,0,trial
2026-07-04T20:22:12,reactive_hot_humid_bursty_r1,reactive,hot_humid,bursty,1,31.531,31.231,31.031,28.531,25.0,45.0,60.0,,0.0,0.0,30.22,,,0,trial
2026-07-04T20:22:12,reactive_hot_humid_bursty_r1,reactive,hot_humid,bursty,1,31.538,31.238,31.038,28.538,25.0,45.0,60.0,,0.0,0.0,30.23,,,0,trial
2026-07-04T20:22:12,reactive_hot_humid_bursty_r1,reactive,hot_humid,bursty,1,31.546,31.246,31.046,28.546,25.0,45.0,60.0,,0.0,0.0,30.23,,,0,trial
2026-07-04T20:22:12,reactive_hot_humid_bursty_r1,reactive,hot_humid,bursty,1,31.553,31.253,31.053,28.553,25.0,45.0,60.0,,0.0,0.0,30.23,,,0,trial
2026-07-04T20:22:12,reactive_hot_humid_bursty_r1,reactive,hot_humid,bursty,1,31.56,31.26,31.06,28.56,25.0,45.0,60.0,,0.0,0.0,30.23,,,0,trial
2026-07-04T20:22:12,reactive_hot_humid_bursty_r1,reactive,hot_humid,bursty,1,31.567,31.267,31.067,28.567,25.0,45.0,60.0,,0.0,0.0,30.23,,,0,trial
2026-07-04T20:22:12,reactive_hot_humid_bursty_r1,reactive,hot_humid,bursty,1,31.574,31.274,31.074,28.574,25.0,45.0,60.0,,0.0,0.0,30.23,,,0,trial
2026-07-04T20:22:12,reactive_hot_humid_bursty_r1,reactive,hot_humid,bursty,1,31.582,31.282,31.082,28.582,25.0,45.0,60.0,,0.0,0.0,30.23,,,0,trial
2026-07-04T20:22:12,reactive_hot_humid_bursty_r1,reactive,hot_humid,bursty,1,31.589,31.289,31.089,28.589,25.0,45.0,60.0,,0.0,0.0,30.23,,,0,trial
2026-07-04T20:22:12,reactive_hot_humid_bursty_r1,reactive,hot_humid,bursty,1,31.596,31.296,31.096,28.596,25.0,45.0,60.0,,0.0,0.0,30.23,,,0,trial
2026-07-04T20:22:12,reactive_hot_humid_bursty_r1,reactive,hot_humid,bursty,1,31.603,31.303,31.103,28.603,25.0,45.0,60.0,,0.0,0.0,30.24,,,0,trial
2026-07-04T20:22:12,reactive_hot_humid_bursty_r1,reactive,hot_humid,bursty,1,31.61,31.31,31.11,28.61,25.0,45.0,60.0,,0.0,0.0,30.24,,,0,trial
2026-07-04T20:22:12,reactive_hot_humid_bursty_r1,reactive,hot_humid,bursty,1,31.618,31.318,31.118,28.618,25.0,45.0,60.0,,0.0,0.0,30.24,,,0,trial
2026-07-04T20:22:12,reactive_hot_humid_bursty_r1,reactive,hot_humid,bursty,1,31.625,31.325,31.125,28.625,25.0,45.0,60.0,,0.0,0.0,30.24,,,0,trial
2026-07-04T20:22:12,reactive_hot_humid_bursty_r1,reactive,hot_humid,bursty,1,31.632,31.332,31.132,28.632,25.0,45.0,60.0,,0.0,0.0,30.24,,,0,trial
2026-07-04T20:22:12,reactive_hot_humid_bursty_r1,reactive,hot_humid,bursty,1,31.639,31.339,31.139,28.639,25.0,45.0,60.0,,0.0,0.0,30.24,,,0,trial
2026-07-04T20:22:12,reactive_hot_humid_bursty_r1,reactive,hot_humid,bursty,1,31.646,31.346,31.146,28.646,25.0,45.0,60.0,,0.0,0.0,30.24,,,0,trial
2026-07-04T20:22:12,reactive_hot_humid_bursty_r1,reactive,hot_humid,bursty,1,31.654,31.354,31.154,28.654,25.0,45.0,60.0,,0.0,0.0,30.24,,,0,trial
2026-07-04T20:22:12,reactive_hot_humid_bursty_r1,reactive,hot_humid,bursty,1,31.661,31.361,31.161,28.661,25.0,45.0,60.0,,0.0,0.0,30.24,,,0,trial
2026-07-04T20:22:12,reactive_hot_humid_bursty_r1,reactive,hot_humid,bursty,1,31.668,31.368,31.168,28.668,25.0,45.0,60.0,,0.0,0.0,30.25,,,0,trial
2026-07-04T20:22:12,reactive_hot_humid_bursty_r1,reactive,hot_humid,bursty,1,31.675,31.375,31.175,28.675,25.0,45.0,60.0,,0.0,0.0,30.25,,,0,trial
2026-07-04T20:22:12,reactive_hot_humid_bursty_r1,reactive,hot_humid,bursty,1,31.69,31.39,31.19,28.69,25.0,45.0,60.0,,0.0,0.0,30.25,,,0,trial
2026-07-04T20:22:12,reactive_hot_humid_bursty_r1,reactive,hot_humid,bursty,1,31.697,31.397,31.197,28.697,25.0,45.0,60.0,,0.0,0.0,30.25,,,0,trial
2026-07-04T20:22:12,reactive_hot_humid_bursty_r1,reactive,hot_humid,bursty,1,31.704,31.404,31.204,28.704,25.0,45.0,60.0,,0.0,0.0,30.25,,,0,trial
2026-07-04T20:22:12,reactive_hot_humid_bursty_r1,reactive,hot_humid,bursty,1,31.711,31.411,31.211,28.711,25.0,45.0,60.0,,0.0,0.0,30.25,,,0,trial
2026-07-04T20:22:12,reactive_hot_humid_bursty_r1,reactive,hot_humid,bursty,1,31.718,31.418,31.218,28.718,25.0,45.0,60.0,,0.0,0.0,30.25,,,0,trial
2026-07-04T20:22:12,reactive_hot_humid_bursty_r1,reactive,hot_humid,bursty,1,31.725,31.425,31.225,28.725,25.0,45.0,60.0,,0.0,0.0,30.26,,,0,trial
2026-07-04T20:22:12,reactive_hot_humid_bursty_r1,reactive,hot_humid,bursty,1,31.733,31.433,31.233,28.733,25.0,45.0,60.0,,0.0,0.0,30.26,,,0,trial
2026-07-04T20:22:12,reactive_hot_humid_bursty_r1,reactive,hot_humid,bursty,1,31.74,31.44,31.24,28.74,25.0,45.0,60.0,,0.0,0.0,30.26,,,0,trial
2026-07-04T20:22:12,reactive_hot_humid_bursty_r1,reactive,hot_humid,bursty,1,31.747,31.447,31.247,28.747,25.0,45.0,60.0,,0.0,0.0,30.26,,,0,trial
2026-07-04T20:22:12,reactive_hot_humid_bursty_r1,reactive,hot_humid,bursty,1,31.754,31.454,31.254,28.754,25.0,45.0,60.0,,0.0,0.0,30.26,,,0,trial
2026-07-04T20:22:12,reactive_hot_humid_bursty_r1,reactive,hot_humid,bursty,1,31.761,31.461,31.261,28.761,25.0,45.0,60.0,,0.0,0.0,30.26,,,0,trial
2026-07-04T20:22:12,reactive_hot_humid_bursty_r1,reactive,hot_humid,bursty,1,31.769,31.469,31.269,28.769,25.0,45.0,60.0,,0.0,0.0,30.26,,,0,trial
2026-07-04T20:22:12,reactive_hot_humid_bursty_r1,reactive,hot_humid,bursty,1,31.776,31.476,31.276,28.776,25.0,45.0,60.0,,0.0,0.0,30.26,,,0,trial
2026-07-04T20:22:12,reactive_hot_humid_bursty_r1,reactive,hot_humid,bursty,1,31.783,31.483,31.283,28.783,25.0,45.0,60.0,,0.0,0.0,30.27,,,0,trial
2026-07-04T20:22:12,reactive_hot_humid_bursty_r1,reactive,hot_humid,bursty,1,31.79,31.49,31.29,28.79,25.0,45.0,60.0,,0.0,0.0,30.27,,,0,trial
2026-07-04T20:22:12,reactive_hot_humid_bursty_r1,reactive,hot_humid,bursty,1,31.797,31.497,31.297,28.797,25.0,45.0,60.0,,0.0,0.0,30.27,,,0,trial
2026-07-04T20:22:12,reactive_hot_humid_bursty_r1,reactive,hot_humid,bursty,1,31.804,31.504,31.304,28.804,25.0,45.0,60.0,,0.0,0.0,30.27,,,0,trial
2026-07-04T20:22:12,reactive_hot_humid_bursty_r1,reactive,hot_humid,bursty,1,31.812,31.512,31.312,28.812,25.0,45.0,60.0,,0.0,0.0,30.27,,,0,trial
2026-07-04T20:22:12,reactive_hot_humid_bursty_r1,reactive,hot_humid,bursty,1,31.819,31.519,31.319,28.819,25.0,45.0,60.0,,0.0,0.0,30.27,,,0,trial
2026-07-04T20:22:12,reactive_hot_humid_bursty_r1,reactive,hot_humid,bursty,1,31.826,31.526,31.326,28.826,25.0,45.0,60.0,,0.0,0.0,30.27,,,0,trial
2026-07-04T20:22:12,reactive_hot_humid_bursty_r1,reactive,hot_humid,bursty,1,31.833,31.533,31.333,28.833,25.0,45.0,60.0,,0.0,0.0,30.28,,,0,trial
2026-07-04T20:22:12,reactive_hot_humid_bursty_r1,reactive,hot_humid,bursty,1,31.84,31.54,31.34,28.84,25.0,45.0,60.0,,0.0,0.0,30.28,,,0,trial
2026-07-04T20:22:12,reactive_hot_humid_bursty_r1,reactive,hot_humid,bursty,1,31.848,31.548,31.348,28.848,25.0,45.0,60.0,,0.0,0.0,30.28,,,0,trial
2026-07-04T20:22:12,reactive_hot_humid_bursty_r1,reactive,hot_humid,bursty,1,31.855,31.555,31.355,28.855,25.0,45.0,60.0,,0.0,0.0,30.28,,,0,trial
2026-07-04T20:22:12,reactive_hot_humid_bursty_r1,reactive,hot_humid,bursty,1,31.862,31.562,31.362,28.862,25.0,45.0,60.0,,0.0,0.0,30.28,,,0,trial
2026-07-04T20:22:12,reactive_hot_humid_bursty_r1,reactive,hot_humid,bursty,1,31.869,31.569,31.369,28.869,25.0,45.0,60.0,,0.0,0.0,30.28,,,0,trial
2026-07-04T20:22:12,reactive_hot_humid_bursty_r1,reactive,hot_humid,bursty,1,31.876,31.576,31.376,28.876,25.0,45.0,60.0,,0.0,0.0,30.29,,,0,trial
2026-07-04T20:22:12,reactive_hot_humid_bursty_r1,reactive,hot_humid,bursty,1,31.883,31.583,31.383,28.883,25.0,45.0,60.0,,0.0,0.0,30.29,,,0,trial
2026-07-04T20:22:12,reactive_hot_humid_bursty_r1,reactive,hot_humid,bursty,1,31.891,31.591,31.391,28.891,25.0,45.0,60.0,,0.0,0.0,30.29,,,0,trial
2026-07-04T20:22:12,reactive_hot_humid_bursty_r1,reactive,hot_humid,bursty,1,31.898,31.598,31.398,28.898,25.0,45.0,60.0,,0.0,0.0,30.29,,,0,trial
2026-07-04T20:22:12,reactive_hot_humid_bursty_r1,reactive,hot_humid,bursty,1,31.931,31.631,31.431,28.931,25.0,45.0,150.0,,100.0,2.0,30.29,,,0,trial
2026-07-04T20:22:12,reactive_hot_humid_bursty_r1,reactive,hot_humid,bursty,1,31.945,31.645,31.445,28.945,25.0,45.0,150.0,,100.0,2.0,30.29,,,0,trial
2026-07-04T20:22:12,reactive_hot_humid_bursty_r1,reactive,hot_humid,bursty,1,31.96,31.66,31.46,28.96,25.0,45.0,150.0,,100.0,2.0,30.29,,,0,trial
2026-07-04T20:22:12,reactive_hot_humid_bursty_r1,reactive,hot_humid,bursty,1,31.974,31.674,31.474,28.974,25.0,45.0,150.0,,100.0,2.0,30.3,,,0,trial
2026-07-04T20:22:12,reactive_hot_humid_bursty_r1,reactive,hot_humid,bursty,1,31.988,31.688,31.488,28.988,25.0,45.0,150.0,,100.0,2.0,30.3,,,0,trial
2026-07-04T20:22:12,reactive_hot_humid_bursty_r1,reactive,hot_humid,bursty,1,32.002,31.702,31.502,29.002,25.0,45.0,150.0,,100.0,2.0,30.3,,,0,trial
2026-07-04T20:22:12,reactive_hot_humid_bursty_r1,reactive,hot_humid,bursty,1,32.016,31.716,31.516,29.016,25.0,45.0,150.0,,100.0,2.0,30.3,,,0,trial
2026-07-04T20:22:12,reactive_hot_humid_bursty_r1,reactive,hot_humid,bursty,1,32.031,31.731,31.531,29.031,25.0,45.0,150.0,,100.0,2.0,30.3,,,0,trial
2026-07-04T20:22:12,reactive_hot_humid_bursty_r1,reactive,hot_humid,bursty,1,32.045,31.745,31.545,29.045,25.0,45.0,150.0,,100.0,2.0,30.3,,,0,trial
2026-07-04T20:22:12,reactive_hot_humid_bursty_r1,reactive,hot_humid,bursty,1,32.059,31.759,31.559,29.059,25.0,45.0,150.0,,100.0,2.0,30.31,,,0,trial
2026-07-04T20:22:12,reactive_hot_humid_bursty_r1,reactive,hot_humid,bursty,1,32.073,31.773,31.573,29.073,25.0,45.0,150.0,,100.0,2.0,30.31,,,0,trial
2026-07-04T20:22:12,reactive_hot_humid_bursty_r1,reactive,hot_humid,bursty,1,32.087,31.787,31.587,29.087,25.0,45.0,150.0,,100.0,2.0,30.31,,,0,trial
2026-07-04T20:22:12,reactive_hot_humid_bursty_r1,reactive,hot_humid,bursty,1,32.101,31.801,31.601,29.101,25.0,45.0,150.0,,100.0,2.0,30.31,,,0,trial
2026-07-04T20:22:12,reactive_hot_humid_bursty_r1,reactive,hot_humid,bursty,1,32.116,31.816,31.616,29.116,25.0,45.0,150.0,,100.0,2.0,30.31,,,0,trial
2026-07-04T20:22:12,reactive_hot_humid_bursty_r1,reactive,hot_humid,bursty,1,32.13,31.83,31.63,29.13,25.0,45.0,150.0,,100.0,2.0,30.31,,,0,trial
2026-07-04T20:22:12,reactive_hot_humid_bursty_r1,reactive,hot_humid,bursty,1,32.144,31.844,31.644,29.144,25.0,45.0,150.0,,100.0,2.0,30.32,,,0,trial
2026-07-04T20:22:12,reactive_hot_humid_bursty_r1,reactive,hot_humid,bursty,1,32.158,31.858,31.658,29.158,25.0,45.0,150.0,,100.0,2.0,30.32,,,0,trial
2026-07-04T20:22:12,reactive_hot_humid_bursty_r1,reactive,hot_humid,bursty,1,32.172,31.872,31.672,29.172,25.0,45.0,150.0,,100.0,2.0,30.32,,,0,trial
2026-07-04T20:22:12,reactive_hot_humid_bursty_r1,reactive,hot_humid,bursty,1,32.186,31.886,31.686,29.186,25.0,45.0,150.0,,100.0,2.0,30.32,,,0,trial
2026-07-04T20:22:12,reactive_hot_humid_bursty_r1,reactive,hot_humid,bursty,1,32.2,31.9,31.7,29.2,25.0,45.0,150.0,,100.0,2.0,30.32,,,0,trial
2026-07-04T20:22:12,reactive_hot_humid_bursty_r1,reactive,hot_humid,bursty,1,32.214,31.914,31.714,29.214,25.0,45.0,150.0,,100.0,2.0,30.33,,,0,trial
2026-07-04T20:22:12,reactive_hot_humid_bursty_r1,reactive,hot_humid,bursty,1,32.228,31.928,31.728,29.228,25.0,45.0,150.0,,100.0,2.0,30.33,,,0,trial
2026-07-04T20:22:12,reactive_hot_humid_bursty_r1,reactive,hot_humid,bursty,1,32.242,31.942,31.742,29.242,25.0,45.0,150.0,,100.0,2.0,30.33,,,0,trial
2026-07-04T20:22:12,reactive_hot_humid_bursty_r1,reactive,hot_humid,bursty,1,32.256,31.956,31.756,29.256,25.0,45.0,150.0,,100.0,2.0,30.33,,,0,trial
2026-07-04T20:22:12,reactive_hot_humid_bursty_r1,reactive,hot_humid,bursty,1,32.27,31.97,31.77,29.27,25.0,45.0,150.0,,100.0,2.0,30.33,,,0,trial
2026-07-04T20:22:12,reactive_hot_humid_bursty_r1,reactive,hot_humid,bursty,1,32.284,31.984,31.784,29.284,25.0,45.0,150.0,,100.0,2.0,30.33,,,0,trial
2026-07-04T20:22:12,reactive_hot_humid_bursty_r1,reactive,hot_humid,bursty,1,32.298,31.998,31.798,29.298,25.0,45.0,150.0,,100.0,2.0,30.34,,,0,trial
2026-07-04T20:22:12,reactive_hot_humid_bursty_r1,reactive,hot_humid,bursty,1,32.312,32.012,31.812,29.312,25.0,45.0,150.0,,100.0,2.0,30.34,,,0,trial
2026-07-04T20:22:12,reactive_hot_humid_bursty_r1,reactive,hot_humid,bursty,1,32.326,32.026,31.826,29.326,25.0,45.0,150.0,,100.0,2.0,30.34,,,0,trial
2026-07-04T20:22:12,reactive_hot_humid_bursty_r1,reactive,hot_humid,bursty,1,32.34,32.04,31.84,29.34,25.0,45.0,150.0,,100.0,2.0,30.34,,,0,trial
2026-07-04T20:22:12,reactive_hot_humid_bursty_r1,reactive,hot_humid,bursty,1,32.368,32.068,31.868,29.368,25.0,45.0,150.0,,100.0,2.0,30.34,,,0,trial
2026-07-04T20:22:12,reactive_hot_humid_bursty_r1,reactive,hot_humid,bursty,1,32.382,32.082,31.882,29.382,25.0,45.0,150.0,,100.0,2.0,30.35,,,0,trial
2026-07-04T20:22:12,reactive_hot_humid_bursty_r1,reactive,hot_humid,bursty,1,32.396,32.096,31.896,29.396,25.0,45.0,150.0,,100.0,2.0,30.35,,,0,trial
2026-07-04T20:22:12,reactive_hot_humid_bursty_r1,reactive,hot_humid,bursty,1,32.41,32.11,31.91,29.41,25.0,45.0,150.0,,100.0,2.0,30.35,,,0,trial
2026-07-04T20:22:12,reactive_hot_humid_bursty_r1,reactive,hot_humid,bursty,1,32.424,32.124,31.924,29.424,25.0,45.0,150.0,,100.0,2.0,30.35,,,0,trial
2026-07-04T20:22:12,reactive_hot_humid_bursty_r1,reactive,hot_humid,bursty,1,32.438,32.138,31.938,29.438,25.0,45.0,150.0,,100.0,2.0,30.35,,,0,trial
2026-07-04T20:22:12,reactive_hot_humid_bursty_r1,reactive,hot_humid,bursty,1,32.451,32.151,31.951,29.451,25.0,45.0,150.0,,100.0,2.0,30.36,,,0,trial
2026-07-04T20:22:12,reactive_hot_humid_bursty_r1,reactive,hot_humid,bursty,1,32.465,32.165,31.965,29.465,25.0,45.0,150.0,,100.0,2.0,30.36,,,0,trial
2026-07-04T20:22:12,reactive_hot_humid_bursty_r1,reactive,hot_humid,bursty,1,32.479,32.179,31.979,29.479,25.0,45.0,150.0,,100.0,2.0,30.36,,,0,trial
2026-07-04T20:22:12,reactive_hot_humid_bursty_r1,reactive,hot_humid,bursty,1,32.493,32.193,31.993,29.493,25.0,45.0,150.0,,100.0,2.0,30.36,,,0,trial
2026-07-04T20:22:12,reactive_hot_humid_bursty_r1,reactive,hot_humid,bursty,1,32.507,32.207,32.007,29.507,25.0,45.0,150.0,,100.0,2.0,30.36,,,0,trial
2026-07-04T20:22:12,reactive_hot_humid_bursty_r1,reactive,hot_humid,bursty,1,32.521,32.221,32.021,29.521,25.0,45.0,150.0,,100.0,2.0,30.37,,,0,trial
2026-07-04T20:22:12,reactive_hot_humid_bursty_r1,reactive,hot_humid,bursty,1,32.534,32.234,32.034,29.534,25.0,45.0,150.0,,100.0,2.0,30.37,,,0,trial
2026-07-04T20:22:12,reactive_hot_humid_bursty_r1,reactive,hot_humid,bursty,1,32.548,32.248,32.048,29.548,25.0,45.0,150.0,,100.0,2.0,30.37,,,0,trial
2026-07-04T20:22:12,reactive_hot_humid_bursty_r1,reactive,hot_humid,bursty,1,32.562,32.262,32.062,29.562,25.0,45.0,150.0,,100.0,2.0,30.37,,,0,trial
2026-07-04T20:22:12,reactive_hot_humid_bursty_r1,reactive,hot_humid,bursty,1,32.576,32.276,32.076,29.576,25.0,45.0,150.0,,100.0,2.0,30.38,,,0,trial
2026-07-04T20:22:12,reactive_hot_humid_bursty_r1,reactive,hot_humid,bursty,1,32.589,32.289,32.089,29.589,25.0,45.0,150.0,,100.0,2.0,30.38,,,0,trial
2026-07-04T20:22:12,reactive_hot_humid_bursty_r1,reactive,hot_humid,bursty,1,32.603,32.303,32.103,29.603,25.0,45.0,150.0,,100.0,2.0,30.38,,,0,trial
2026-07-04T20:22:12,reactive_hot_humid_bursty_r1,reactive,hot_humid,bursty,1,32.617,32.317,32.117,29.617,25.0,45.0,150.0,,100.0,2.0,30.38,,,0,trial
2026-07-04T20:22:12,reactive_hot_humid_bursty_r1,reactive,hot_humid,bursty,1,32.631,32.331,32.131,29.631,25.0,45.0,150.0,,100.0,2.0,30.38,,,0,trial
2026-07-04T20:22:12,reactive_hot_humid_bursty_r1,reactive,hot_humid,bursty,1,32.644,32.344,32.144,29.644,25.0,45.0,150.0,,100.0,2.0,30.39,,,0,trial
2026-07-04T20:22:12,reactive_hot_humid_bursty_r1,reactive,hot_humid,bursty,1,32.658,32.358,32.158,29.658,25.0,45.0,150.0,,100.0,2.0,30.39,,,0,trial
2026-07-04T20:22:12,reactive_hot_humid_bursty_r1,reactive,hot_humid,bursty,1,32.672,32.372,32.172,29.672,25.0,45.0,150.0,,100.0,2.0,30.39,,,0,trial
2026-07-04T20:22:12,reactive_hot_humid_bursty_r1,reactive,hot_humid,bursty,1,32.685,32.385,32.185,29.685,25.0,45.0,150.0,,100.0,2.0,30.39,,,0,trial
2026-07-04T20:22:12,reactive_hot_humid_bursty_r1,reactive,hot_humid,bursty,1,32.699,32.399,32.199,29.699,25.0,45.0,150.0,,100.0,2.0,30.4,,,0,trial
2026-07-04T20:22:12,reactive_hot_humid_bursty_r1,reactive,hot_humid,bursty,1,32.713,32.413,32.213,29.713,25.0,45.0,150.0,,100.0,2.0,30.4,,,0,trial
2026-07-04T20:22:12,reactive_hot_humid_bursty_r1,reactive,hot_humid,bursty,1,32.726,32.426,32.226,29.726,25.0,45.0,150.0,,100.0,2.0,30.4,,,0,trial
2026-07-04T20:22:12,reactive_hot_humid_bursty_r1,reactive,hot_humid,bursty,1,32.74,32.44,32.24,29.74,25.0,45.0,150.0,,100.0,2.0,30.4,,,0,trial
2026-07-04T20:22:12,reactive_hot_humid_bursty_r1,reactive,hot_humid,bursty,1,32.754,32.454,32.254,29.754,25.0,45.0,150.0,,100.0,2.0,30.4,,,0,trial
2026-07-04T20:22:12,reactive_hot_humid_bursty_r1,reactive,hot_humid,bursty,1,32.767,32.467,32.267,29.767,25.0,45.0,150.0,,100.0,2.0,30.41,,,0,trial
2026-07-04T20:22:12,reactive_hot_humid_bursty_r1,reactive,hot_humid,bursty,1,32.794,32.494,32.294,29.794,25.0,45.0,150.0,,100.0,2.0,30.41,,,0,trial
2026-07-04T20:22:12,reactive_hot_humid_bursty_r1,reactive,hot_humid,bursty,1,32.808,32.508,32.308,29.808,25.0,45.0,150.0,,100.0,2.0,30.41,,,0,trial
2026-07-04T20:22:12,reactive_hot_humid_bursty_r1,reactive,hot_humid,bursty,1,32.822,32.522,32.322,29.822,25.0,45.0,150.0,,100.0,2.0,30.41,,,0,trial
2026-07-04T20:22:12,reactive_hot_humid_bursty_r1,reactive,hot_humid,bursty,1,32.835,32.535,32.335,29.835,25.0,45.0,150.0,,100.0,2.0,30.42,,,0,trial
2026-07-04T20:22:12,reactive_hot_humid_bursty_r1,reactive,hot_humid,bursty,1,32.849,32.549,32.349,29.849,25.0,45.0,150.0,,100.0,2.0,30.42,,,0,trial
2026-07-04T20:22:12,reactive_hot_humid_bursty_r1,reactive,hot_humid,bursty,1,32.862,32.562,32.362,29.862,25.0,45.0,150.0,,100.0,2.0,30.42,,,0,trial
2026-07-04T20:22:12,reactive_hot_humid_bursty_r1,reactive,hot_humid,bursty,1,32.876,32.576,32.376,29.876,25.0,45.0,150.0,,100.0,2.0,30.42,,,0,trial
2026-07-04T20:22:12,reactive_hot_humid_bursty_r1,reactive,hot_humid,bursty,1,32.889,32.589,32.389,29.889,25.0,45.0,150.0,,100.0,2.0,30.43,,,0,trial
2026-07-04T20:22:12,reactive_hot_humid_bursty_r1,reactive,hot_humid,bursty,1,32.903,32.603,32.403,29.903,25.0,45.0,150.0,,100.0,2.0,30.43,,,0,trial
2026-07-04T20:22:12,reactive_hot_humid_bursty_r1,reactive,hot_humid,bursty,1,32.916,32.616,32.416,29.916,25.0,45.0,150.0,,100.0,2.0,30.43,,,0,trial
2026-07-04T20:22:12,reactive_hot_humid_bursty_r1,reactive,hot_humid,bursty,1,32.93,32.63,32.43,29.93,25.0,45.0,150.0,,100.0,2.0,30.43,,,0,trial
2026-07-04T20:22:12,reactive_hot_humid_bursty_r1,reactive,hot_humid,bursty,1,32.943,32.643,32.443,29.943,25.0,45.0,150.0,,100.0,2.0,30.44,,,0,trial
2026-07-04T20:22:12,reactive_hot_humid_bursty_r1,reactive,hot_humid,bursty,1,32.957,32.657,32.457,29.957,25.0,45.0,150.0,,100.0,2.0,30.44,,,0,trial
2026-07-04T20:22:12,reactive_hot_humid_bursty_r1,reactive,hot_humid,bursty,1,32.97,32.67,32.47,29.97,25.0,45.0,150.0,,100.0,2.0,30.44,,,0,trial
2026-07-04T20:22:12,reactive_hot_humid_bursty_r1,reactive,hot_humid,bursty,1,32.984,32.684,32.484,29.984,25.0,45.0,150.0,,100.0,2.0,30.44,,,0,trial
2026-07-04T20:22:12,reactive_hot_humid_bursty_r1,reactive,hot_humid,bursty,1,32.997,32.697,32.497,29.997,25.0,45.0,150.0,,100.0,2.0,30.45,,,0,trial
2026-07-04T20:22:12,reactive_hot_humid_bursty_r1,reactive,hot_humid,bursty,1,33.011,32.711,32.511,30.011,25.0,45.0,150.0,,100.0,2.0,30.45,,,0,trial
2026-07-04T20:22:12,reactive_hot_humid_bursty_r1,reactive,hot_humid,bursty,1,33.024,32.724,32.524,30.024,25.0,45.0,150.0,,100.0,2.0,30.45,,,0,trial
2026-07-04T20:22:12,reactive_hot_humid_bursty_r1,reactive,hot_humid,bursty,1,33.037,32.737,32.537,30.037,25.0,45.0,150.0,,100.0,2.0,30.45,,,0,trial
2026-07-04T20:22:12,reactive_hot_humid_bursty_r1,reactive,hot_humid,bursty,1,33.051,32.751,32.551,30.051,25.0,45.0,150.0,,100.0,2.0,30.46,,,0,trial
2026-07-04T20:22:12,reactive_hot_humid_bursty_r1,reactive,hot_humid,bursty,1,33.064,32.764,32.564,30.064,25.0,45.0,150.0,,100.0,2.0,30.46,,,0,trial
2026-07-04T20:22:12,reactive_hot_humid_bursty_r1,reactive,hot_humid,bursty,1,33.077,32.777,32.577,30.077,25.0,45.0,150.0,,100.0,2.0,30.46,,,0,trial
2026-07-04T20:22:12,reactive_hot_humid_bursty_r1,reactive,hot_humid,bursty,1,33.091,32.791,32.591,30.091,25.0,45.0,150.0,,100.0,2.0,30.47,,,0,trial
2026-07-04T20:22:12,reactive_hot_humid_bursty_r1,reactive,hot_humid,bursty,1,33.104,32.804,32.604,30.104,25.0,45.0,150.0,,100.0,2.0,30.47,,,0,trial
2026-07-04T20:22:12,reactive_hot_humid_bursty_r1,reactive,hot_humid,bursty,1,33.118,32.818,32.618,30.118,25.0,45.0,150.0,,100.0,2.0,30.47,,,0,trial
2026-07-04T20:22:12,reactive_hot_humid_bursty_r1,reactive,hot_humid,bursty,1,33.131,32.831,32.631,30.131,25.0,45.0,150.0,,100.0,2.0,30.47,,,0,trial
2026-07-04T20:22:12,reactive_hot_humid_bursty_r1,reactive,hot_humid,bursty,1,33.144,32.844,32.644,30.144,25.0,45.0,150.0,,100.0,2.0,30.48,,,0,trial
2026-07-04T20:22:12,reactive_hot_humid_bursty_r1,reactive,hot_humid,bursty,1,33.157,32.857,32.657,30.157,25.0,45.0,150.0,,100.0,2.0,30.48,,,0,trial
2026-07-04T20:22:12,reactive_hot_humid_bursty_r1,reactive,hot_humid,bursty,1,33.171,32.871,32.671,30.171,25.0,45.0,150.0,,100.0,2.0,30.48,,,0,trial
2026-07-04T20:22:12,reactive_hot_humid_bursty_r1,reactive,hot_humid,bursty,1,33.184,32.884,32.684,30.184,25.0,45.0,150.0,,100.0,2.0,30.49,,,0,trial
2026-07-04T20:22:12,reactive_hot_humid_bursty_r1,reactive,hot_humid,bursty,1,33.211,32.911,32.711,30.211,25.0,45.0,150.0,,100.0,2.0,30.49,,,0,trial
2026-07-04T20:22:12,reactive_hot_humid_bursty_r1,reactive,hot_humid,bursty,1,33.224,32.924,32.724,30.224,25.0,45.0,150.0,,100.0,2.0,30.49,,,0,trial
2026-07-04T20:22:12,reactive_hot_humid_bursty_r1,reactive,hot_humid,bursty,1,33.237,32.937,32.737,30.237,25.0,45.0,150.0,,100.0,2.0,30.49,,,0,trial
2026-07-04T20:22:12,reactive_hot_humid_bursty_r1,reactive,hot_humid,bursty,1,33.25,32.95,32.75,30.25,25.0,45.0,150.0,,100.0,2.0,30.5,,,0,trial
2026-07-04T20:22:12,reactive_hot_humid_bursty_r1,reactive,hot_humid,bursty,1,33.264,32.964,32.764,30.264,25.0,45.0,150.0,,100.0,2.0,30.5,,,0,trial
2026-07-04T20:22:12,reactive_hot_humid_bursty_r1,reactive,hot_humid,bursty,1,33.277,32.977,32.777,30.277,25.0,45.0,150.0,,100.0,2.0,30.5,,,0,trial
2026-07-04T20:22:12,reactive_hot_humid_bursty_r1,reactive,hot_humid,bursty,1,33.29,32.99,32.79,30.29,25.0,45.0,150.0,,100.0,2.0,30.51,,,0,trial
2026-07-04T20:22:12,reactive_hot_humid_bursty_r1,reactive,hot_humid,bursty,1,33.303,33.003,32.803,30.303,25.0,45.0,150.0,,100.0,2.0,30.51,,,0,trial
2026-07-04T20:22:12,reactive_hot_humid_bursty_r1,reactive,hot_humid,bursty,1,33.316,33.016,32.816,30.316,25.0,45.0,150.0,,100.0,2.0,30.51,,,0,trial
2026-07-04T20:22:12,reactive_hot_humid_bursty_r1,reactive,hot_humid,bursty,1,33.33,33.03,32.83,30.33,25.0,45.0,150.0,,100.0,2.0,30.51,,,0,trial
2026-07-04T20:22:12,reactive_hot_humid_bursty_r1,reactive,hot_humid,bursty,1,33.343,33.043,32.843,30.343,25.0,45.0,150.0,,100.0,2.0,30.52,,,0,trial
2026-07-04T20:22:12,reactive_hot_humid_bursty_r1,reactive,hot_humid,bursty,1,33.356,33.056,32.856,30.356,25.0,45.0,150.0,,100.0,2.0,30.52,,,0,trial
2026-07-04T20:22:12,reactive_hot_humid_bursty_r1,reactive,hot_humid,bursty,1,33.369,33.069,32.869,30.369,25.0,45.0,150.0,,100.0,2.0,30.52,,,0,trial
2026-07-04T20:22:12,reactive_hot_humid_bursty_r1,reactive,hot_humid,bursty,1,33.382,33.082,32.882,30.382,25.0,45.0,150.0,,100.0,2.0,30.53,,,0,trial
2026-07-04T20:22:12,reactive_hot_humid_bursty_r1,reactive,hot_humid,bursty,1,33.395,33.095,32.895,30.395,25.0,45.0,150.0,,100.0,2.0,30.53,,,0,trial
2026-07-04T20:22:12,reactive_hot_humid_bursty_r1,reactive,hot_humid,bursty,1,33.408,33.108,32.908,30.408,25.0,45.0,150.0,,100.0,2.0,30.53,,,0,trial
2026-07-04T20:22:12,reactive_hot_humid_bursty_r1,reactive,hot_humid,bursty,1,33.421,33.121,32.921,30.421,25.0,45.0,150.0,,100.0,2.0,30.54,,,0,trial
2026-07-04T20:22:12,reactive_hot_humid_bursty_r1,reactive,hot_humid,bursty,1,33.435,33.135,32.935,30.435,25.0,45.0,150.0,,100.0,2.0,30.54,,,0,trial
2026-07-04T20:22:12,reactive_hot_humid_bursty_r1,reactive,hot_humid,bursty,1,33.448,33.148,32.948,30.448,25.0,45.0,150.0,,100.0,2.0,30.54,,,0,trial
2026-07-04T20:22:12,reactive_hot_humid_bursty_r1,reactive,hot_humid,bursty,1,33.461,33.161,32.961,30.461,25.0,45.0,150.0,,100.0,2.0,30.55,,,0,trial
2026-07-04T20:22:12,reactive_hot_humid_bursty_r1,reactive,hot_humid,bursty,1,33.474,33.174,32.974,30.474,25.0,45.0,150.0,,100.0,2.0,30.55,,,0,trial
2026-07-04T20:22:12,reactive_hot_humid_bursty_r1,reactive,hot_humid,bursty,1,33.487,33.187,32.987,30.487,25.0,45.0,150.0,,100.0,2.0,30.55,,,0,trial
2026-07-04T20:22:12,reactive_hot_humid_bursty_r1,reactive,hot_humid,bursty,1,33.5,33.2,33.0,30.5,25.0,45.0,150.0,,100.0,2.0,30.56,,,0,trial
2026-07-04T20:22:12,reactive_hot_humid_bursty_r1,reactive,hot_humid,bursty,1,33.513,33.213,33.013,30.513,25.0,45.0,150.0,,100.0,2.0,30.56,,,0,trial
2026-07-04T20:22:12,reactive_hot_humid_bursty_r1,reactive,hot_humid,bursty,1,33.526,33.226,33.026,30.526,25.0,45.0,150.0,,100.0,2.0,30.56,,,0,trial
2026-07-04T20:22:12,reactive_hot_humid_bursty_r1,reactive,hot_humid,bursty,1,33.539,33.239,33.039,30.539,25.0,45.0,150.0,,100.0,2.0,30.57,,,0,trial
2026-07-04T20:22:12,reactive_hot_humid_bursty_r1,reactive,hot_humid,bursty,1,33.552,33.252,33.052,30.552,25.0,45.0,150.0,,100.0,2.0,30.57,,,0,trial
2026-07-04T20:22:12,reactive_hot_humid_bursty_r1,reactive,hot_humid,bursty,1,33.565,33.265,33.065,30.565,25.0,45.0,150.0,,100.0,2.0,30.57,,,0,trial
2026-07-04T20:22:12,reactive_hot_humid_bursty_r1,reactive,hot_humid,bursty,1,33.578,33.278,33.078,30.578,25.0,45.0,150.0,,100.0,2.0,30.58,,,0,trial
2026-07-04T20:22:12,reactive_hot_humid_bursty_r1,reactive,hot_humid,bursty,1,33.591,33.291,33.091,30.591,25.0,45.0,150.0,,100.0,2.0,30.58,,,0,trial
2026-07-04T20:22:12,reactive_hot_humid_bursty_r1,reactive,hot_humid,bursty,1,33.617,33.317,33.117,30.617,25.0,45.0,150.0,,100.0,2.0,30.58,,,0,trial
2026-07-04T20:22:12,reactive_hot_humid_bursty_r1,reactive,hot_humid,bursty,1,33.63,33.33,33.13,30.63,25.0,45.0,150.0,,100.0,2.0,30.59,,,0,trial
2026-07-04T20:22:12,reactive_hot_humid_bursty_r1,reactive,hot_humid,bursty,1,33.643,33.343,33.143,30.643,25.0,45.0,150.0,,100.0,2.0,30.59,,,0,trial
2026-07-04T20:22:12,reactive_hot_humid_bursty_r1,reactive,hot_humid,bursty,1,33.655,33.355,33.155,30.655,25.0,45.0,150.0,,100.0,2.0,30.59,,,0,trial
2026-07-04T20:22:12,reactive_hot_humid_bursty_r1,reactive,hot_humid,bursty,1,33.668,33.368,33.168,30.668,25.0,45.0,150.0,,100.0,2.0,30.6,,,0,trial
2026-07-04T20:22:12,reactive_hot_humid_bursty_r1,reactive,hot_humid,bursty,1,33.681,33.381,33.181,30.681,25.0,45.0,150.0,,100.0,2.0,30.6,,,0,trial
2026-07-04T20:22:12,reactive_hot_humid_bursty_r1,reactive,hot_humid,bursty,1,33.694,33.394,33.194,30.694,25.0,45.0,150.0,,100.0,2.0,30.6,,,0,trial
2026-07-04T20:22:12,reactive_hot_humid_bursty_r1,reactive,hot_humid,bursty,1,33.707,33.407,33.207,30.707,25.0,45.0,150.0,,100.0,2.0,30.61,,,0,trial
2026-07-04T20:22:12,reactive_hot_humid_bursty_r1,reactive,hot_humid,bursty,1,33.72,33.42,33.22,30.72,25.0,45.0,150.0,,100.0,2.0,30.61,,,0,trial
2026-07-04T20:22:12,reactive_hot_humid_bursty_r1,reactive,hot_humid,bursty,1,33.733,33.433,33.233,30.733,25.0,45.0,150.0,,100.0,2.0,30.61,,,0,trial
2026-07-04T20:22:12,reactive_hot_humid_bursty_r1,reactive,hot_humid,bursty,1,33.746,33.446,33.246,30.746,25.0,45.0,150.0,,100.0,2.0,30.62,,,0,trial
2026-07-04T20:22:12,reactive_hot_humid_bursty_r1,reactive,hot_humid,bursty,1,33.758,33.458,33.258,30.758,25.0,45.0,150.0,,100.0,2.0,30.62,,,0,trial
2026-07-04T20:22:12,reactive_hot_humid_bursty_r1,reactive,hot_humid,bursty,1,33.771,33.471,33.271,30.771,25.0,45.0,150.0,,100.0,2.0,30.63,,,0,trial
2026-07-04T20:22:12,reactive_hot_humid_bursty_r1,reactive,hot_humid,bursty,1,33.784,33.484,33.284,30.784,25.0,45.0,150.0,,100.0,2.0,30.63,,,0,trial
2026-07-04T20:22:12,reactive_hot_humid_bursty_r1,reactive,hot_humid,bursty,1,33.797,33.497,33.297,30.797,25.0,45.0,150.0,,100.0,2.0,30.63,,,0,trial
2026-07-04T20:22:12,reactive_hot_humid_bursty_r1,reactive,hot_humid,bursty,1,33.81,33.51,33.31,30.81,25.0,45.0,150.0,,100.0,2.0,30.64,,,0,trial
2026-07-04T20:22:12,reactive_hot_humid_bursty_r1,reactive,hot_humid,bursty,1,33.822,33.522,33.322,30.822,25.0,45.0,150.0,,100.0,2.0,30.64,,,0,trial
2026-07-04T20:22:12,reactive_hot_humid_bursty_r1,reactive,hot_humid,bursty,1,33.835,33.535,33.335,30.835,25.0,45.0,150.0,,100.0,2.0,30.64,,,0,trial
2026-07-04T20:22:12,reactive_hot_humid_bursty_r1,reactive,hot_humid,bursty,1,33.848,33.548,33.348,30.848,25.0,45.0,150.0,,100.0,2.0,30.65,,,0,trial
2026-07-04T20:22:12,reactive_hot_humid_bursty_r1,reactive,hot_humid,bursty,1,33.861,33.561,33.361,30.861,25.0,45.0,150.0,,100.0,2.0,30.65,,,0,trial
2026-07-04T20:22:12,reactive_hot_humid_bursty_r1,reactive,hot_humid,bursty,1,33.873,33.573,33.373,30.873,25.0,45.0,150.0,,100.0,2.0,30.66,,,0,trial
2026-07-04T20:22:12,reactive_hot_humid_bursty_r1,reactive,hot_humid,bursty,1,33.886,33.586,33.386,30.886,25.0,45.0,150.0,,100.0,2.0,30.66,,,0,trial
2026-07-04T20:22:12,reactive_hot_humid_bursty_r1,reactive,hot_humid,bursty,1,33.899,33.599,33.399,30.899,25.0,45.0,150.0,,100.0,2.0,30.66,,,0,trial
2026-07-04T20:22:12,reactive_hot_humid_bursty_r1,reactive,hot_humid,bursty,1,33.912,33.612,33.412,30.912,25.0,45.0,150.0,,100.0,2.0,30.67,,,0,trial
2026-07-04T20:22:12,reactive_hot_humid_bursty_r1,reactive,hot_humid,bursty,1,33.924,33.624,33.424,30.924,25.0,45.0,150.0,,100.0,2.0,30.67,,,0,trial
2026-07-04T20:22:12,reactive_hot_humid_bursty_r1,reactive,hot_humid,bursty,1,33.937,33.637,33.437,30.937,25.0,45.0,150.0,,100.0,2.0,30.68,,,0,trial
2026-07-04T20:22:12,reactive_hot_humid_bursty_r1,reactive,hot_humid,bursty,1,33.95,33.65,33.45,30.95,25.0,45.0,150.0,,100.0,2.0,30.68,,,0,trial
2026-07-04T20:22:12,reactive_hot_humid_bursty_r1,reactive,hot_humid,bursty,1,33.962,33.662,33.462,30.962,25.0,45.0,150.0,,100.0,2.0,30.68,,,0,trial
2026-07-04T20:22:12,reactive_hot_humid_bursty_r1,reactive,hot_humid,bursty,1,33.975,33.675,33.475,30.975,25.0,45.0,150.0,,100.0,2.0,30.69,,,0,trial
2026-07-04T20:22:12,reactive_hot_humid_bursty_r1,reactive,hot_humid,bursty,1,33.988,33.688,33.488,30.988,25.0,45.0,150.0,,100.0,2.0,30.69,,,0,trial
2026-07-04T20:22:12,reactive_hot_humid_bursty_r1,reactive,hot_humid,bursty,1,34.013,33.713,33.513,31.013,25.0,45.0,150.0,,100.0,2.0,30.7,,,0,trial
2026-07-04T20:22:12,reactive_hot_humid_bursty_r1,reactive,hot_humid,bursty,1,34.026,33.726,33.526,31.026,25.0,45.0,150.0,,100.0,2.0,30.7,,,0,trial
2026-07-04T20:22:12,reactive_hot_humid_bursty_r1,reactive,hot_humid,bursty,1,34.038,33.738,33.538,31.038,25.0,45.0,150.0,,100.0,2.0,30.7,,,0,trial
2026-07-04T20:22:12,reactive_hot_humid_bursty_r1,reactive,hot_humid,bursty,1,34.051,33.751,33.551,31.051,25.0,45.0,150.0,,100.0,2.0,30.71,,,0,trial
2026-07-04T20:22:12,reactive_hot_humid_bursty_r1,reactive,hot_humid,bursty,1,34.063,33.763,33.563,31.063,25.0,45.0,150.0,,100.0,2.0,30.71,,,0,trial
2026-07-04T20:22:12,reactive_hot_humid_bursty_r1,reactive,hot_humid,bursty,1,34.076,33.776,33.576,31.076,25.0,45.0,150.0,,100.0,2.0,30.72,,,0,trial
2026-07-04T20:22:12,reactive_hot_humid_bursty_r1,reactive,hot_humid,bursty,1,34.089,33.789,33.589,31.089,25.0,45.0,150.0,,100.0,2.0,30.72,,,0,trial
2026-07-04T20:22:12,reactive_hot_humid_bursty_r1,reactive,hot_humid,bursty,1,34.101,33.801,33.601,31.101,25.0,45.0,150.0,,100.0,2.0,30.72,,,0,trial
2026-07-04T20:22:12,reactive_hot_humid_bursty_r1,reactive,hot_humid,bursty,1,34.114,33.814,33.614,31.114,25.0,45.0,150.0,,100.0,2.0,30.73,,,0,trial
2026-07-04T20:22:12,reactive_hot_humid_bursty_r1,reactive,hot_humid,bursty,1,34.126,33.826,33.626,31.126,25.0,45.0,150.0,,100.0,2.0,30.73,,,0,trial
2026-07-04T20:22:12,reactive_hot_humid_bursty_r1,reactive,hot_humid,bursty,1,34.139,33.839,33.639,31.139,25.0,45.0,150.0,,100.0,2.0,30.74,,,0,trial
2026-07-04T20:22:12,reactive_hot_humid_bursty_r1,reactive,hot_humid,bursty,1,34.151,33.851,33.651,31.151,25.0,45.0,150.0,,100.0,2.0,30.74,,,0,trial
2026-07-04T20:22:12,reactive_hot_humid_bursty_r1,reactive,hot_humid,bursty,1,34.164,33.864,33.664,31.164,25.0,45.0,150.0,,100.0,2.0,30.75,,,0,trial
2026-07-04T20:22:12,reactive_hot_humid_bursty_r1,reactive,hot_humid,bursty,1,34.176,33.876,33.676,31.176,25.0,45.0,150.0,,100.0,2.0,30.75,,,0,trial
2026-07-04T20:22:12,reactive_hot_humid_bursty_r1,reactive,hot_humid,bursty,1,34.189,33.889,33.689,31.189,25.0,45.0,150.0,,100.0,2.0,30.75,,,0,trial
2026-07-04T20:22:12,reactive_hot_humid_bursty_r1,reactive,hot_humid,bursty,1,34.201,33.901,33.701,31.201,25.0,45.0,150.0,,100.0,2.0,30.76,,,0,trial
2026-07-04T20:22:12,reactive_hot_humid_bursty_r1,reactive,hot_humid,bursty,1,34.214,33.914,33.714,31.214,25.0,45.0,150.0,,100.0,2.0,30.76,,,0,trial
2026-07-04T20:22:12,reactive_hot_humid_bursty_r1,reactive,hot_humid,bursty,1,34.226,33.926,33.726,31.226,25.0,45.0,150.0,,100.0,2.0,30.77,,,0,trial
2026-07-04T20:22:12,reactive_hot_humid_bursty_r1,reactive,hot_humid,bursty,1,34.239,33.939,33.739,31.239,25.0,45.0,150.0,,100.0,2.0,30.77,,,0,trial
2026-07-04T20:22:12,reactive_hot_humid_bursty_r1,reactive,hot_humid,bursty,1,34.251,33.951,33.751,31.251,25.0,45.0,150.0,,100.0,2.0,30.78,,,0,trial
2026-07-04T20:22:12,reactive_hot_humid_bursty_r1,reactive,hot_humid,bursty,1,34.263,33.963,33.763,31.263,25.0,45.0,150.0,,100.0,2.0,30.78,,,0,trial
2026-07-04T20:22:12,reactive_hot_humid_bursty_r1,reactive,hot_humid,bursty,1,34.276,33.976,33.776,31.276,25.0,45.0,150.0,,100.0,2.0,30.79,,,0,trial
2026-07-04T20:22:12,reactive_hot_humid_bursty_r1,reactive,hot_humid,bursty,1,34.288,33.988,33.788,31.288,25.0,45.0,150.0,,100.0,2.0,30.79,,,0,trial
2026-07-04T20:22:12,reactive_hot_humid_bursty_r1,reactive,hot_humid,bursty,1,34.301,34.001,33.801,31.301,25.0,45.0,150.0,,100.0,2.0,30.79,,,0,trial
2026-07-04T20:22:12,reactive_hot_humid_bursty_r1,reactive,hot_humid,bursty,1,34.313,34.013,33.813,31.313,25.0,45.0,150.0,,100.0,2.0,30.8,,,0,trial
2026-07-04T20:22:12,reactive_hot_humid_bursty_r1,reactive,hot_humid,bursty,1,34.325,34.025,33.825,31.325,25.0,45.0,150.0,,100.0,2.0,30.8,,,0,trial
2026-07-04T20:22:12,reactive_hot_humid_bursty_r1,reactive,hot_humid,bursty,1,34.338,34.038,33.838,31.338,25.0,45.0,150.0,,100.0,2.0,30.81,,,0,trial
2026-07-04T20:22:12,reactive_hot_humid_bursty_r1,reactive,hot_humid,bursty,1,34.35,34.05,33.85,31.35,25.0,45.0,150.0,,100.0,2.0,30.81,,,0,trial
2026-07-04T20:22:12,reactive_hot_humid_bursty_r1,reactive,hot_humid,bursty,1,34.363,34.063,33.863,31.363,25.0,45.0,150.0,,100.0,2.0,30.82,,,0,trial
2026-07-04T20:22:12,reactive_hot_humid_bursty_r1,reactive,hot_humid,bursty,1,34.375,34.075,33.875,31.375,25.0,45.0,150.0,,100.0,2.0,30.82,,,0,trial
2026-07-04T20:22:12,reactive_hot_humid_bursty_r1,reactive,hot_humid,bursty,1,34.382,34.082,33.882,31.382,25.0,45.0,60.0,,0.0,0.0,30.83,,,0,trial
2026-07-04T20:22:12,reactive_hot_humid_bursty_r1,reactive,hot_humid,bursty,1,34.389,34.089,33.889,31.389,25.0,45.0,60.0,,0.0,0.0,30.83,,,0,trial
2026-07-04T20:22:12,reactive_hot_humid_bursty_r1,reactive,hot_humid,bursty,1,34.396,34.096,33.896,31.396,25.0,45.0,60.0,,0.0,0.0,30.84,,,0,trial
2026-07-04T20:22:12,reactive_hot_humid_bursty_r1,reactive,hot_humid,bursty,1,34.403,34.103,33.903,31.403,25.0,45.0,60.0,,0.0,0.0,30.84,,,0,trial
2026-07-04T20:22:12,reactive_hot_humid_bursty_r1,reactive,hot_humid,bursty,1,34.41,34.11,33.91,31.41,25.0,45.0,60.0,,0.0,0.0,30.85,,,0,trial
2026-07-04T20:22:12,reactive_hot_humid_bursty_r1,reactive,hot_humid,bursty,1,34.417,34.117,33.917,31.417,25.0,45.0,60.0,,0.0,0.0,30.85,,,0,trial
2026-07-04T20:22:12,reactive_hot_humid_bursty_r1,reactive,hot_humid,bursty,1,34.424,34.124,33.924,31.424,25.0,45.0,60.0,,0.0,0.0,30.86,,,0,trial
2026-07-04T20:22:12,reactive_hot_humid_bursty_r1,reactive,hot_humid,bursty,1,34.431,34.131,33.931,31.431,25.0,45.0,60.0,,0.0,0.0,30.86,,,0,trial
2026-07-04T20:22:12,reactive_hot_humid_bursty_r1,reactive,hot_humid,bursty,1,34.438,34.138,33.938,31.438,25.0,45.0,60.0,,0.0,0.0,30.87,,,0,trial
2026-07-04T20:22:12,reactive_hot_humid_bursty_r1,reactive,hot_humid,bursty,1,34.444,34.144,33.944,31.444,25.0,45.0,60.0,,0.0,0.0,30.87,,,0,trial
2026-07-04T20:22:12,reactive_hot_humid_bursty_r1,reactive,hot_humid,bursty,1,34.451,34.151,33.951,31.451,25.0,45.0,60.0,,0.0,0.0,30.88,,,0,trial
2026-07-04T20:22:12,reactive_hot_humid_bursty_r1,reactive,hot_humid,bursty,1,34.458,34.158,33.958,31.458,25.0,45.0,60.0,,0.0,0.0,30.88,,,0,trial
2026-07-04T20:22:12,reactive_hot_humid_bursty_r1,reactive,hot_humid,bursty,1,34.465,34.165,33.965,31.465,25.0,45.0,60.0,,0.0,0.0,30.89,,,0,trial
2026-07-04T20:22:12,reactive_hot_humid_bursty_r1,reactive,hot_humid,bursty,1,34.472,34.172,33.972,31.472,25.0,45.0,60.0,,0.0,0.0,30.89,,,0,trial
2026-07-04T20:22:12,reactive_hot_humid_bursty_r1,reactive,hot_humid,bursty,1,34.479,34.179,33.979,31.479,25.0,45.0,60.0,,0.0,0.0,30.9,,,0,trial
2026-07-04T20:22:12,reactive_hot_humid_bursty_r1,reactive,hot_humid,bursty,1,34.486,34.186,33.986,31.486,25.0,45.0,60.0,,0.0,0.0,30.9,,,0,trial
2026-07-04T20:22:12,reactive_hot_humid_bursty_r1,reactive,hot_humid,bursty,1,34.493,34.193,33.993,31.493,25.0,45.0,60.0,,0.0,0.0,30.91,,,0,trial
2026-07-04T20:22:12,reactive_hot_humid_bursty_r1,reactive,hot_humid,bursty,1,34.5,34.2,34.0,31.5,25.0,45.0,60.0,,0.0,0.0,30.91,,,0,trial
2026-07-04T20:22:12,reactive_hot_humid_bursty_r1,reactive,hot_humid,bursty,1,34.507,34.207,34.007,31.507,25.0,45.0,60.0,,0.0,0.0,30.92,,,0,trial
2026-07-04T20:22:12,reactive_hot_humid_bursty_r1,reactive,hot_humid,bursty,1,34.513,34.213,34.013,31.513,25.0,45.0,60.0,,0.0,0.0,30.92,,,0,trial
2026-07-04T20:22:12,reactive_hot_humid_bursty_r1,reactive,hot_humid,bursty,1,34.52,34.22,34.02,31.52,25.0,45.0,60.0,,0.0,0.0,30.93,,,0,trial
2026-07-04T20:22:12,reactive_hot_humid_bursty_r1,reactive,hot_humid,bursty,1,34.527,34.227,34.027,31.527,25.0,45.0,60.0,,0.0,0.0,30.93,,,0,trial
2026-07-04T20:22:12,reactive_hot_humid_bursty_r1,reactive,hot_humid,bursty,1,34.534,34.234,34.034,31.534,25.0,45.0,60.0,,0.0,0.0,30.94,,,0,trial
2026-07-04T20:22:12,reactive_hot_humid_bursty_r1,reactive,hot_humid,bursty,1,34.541,34.241,34.041,31.541,25.0,45.0,60.0,,0.0,0.0,30.94,,,0,trial
2026-07-04T20:22:12,reactive_hot_humid_bursty_r1,reactive,hot_humid,bursty,1,34.548,34.248,34.048,31.548,25.0,45.0,60.0,,0.0,0.0,30.95,,,0,trial
2026-07-04T20:22:12,reactive_hot_humid_bursty_r1,reactive,hot_humid,bursty,1,34.555,34.255,34.055,31.555,25.0,45.0,60.0,,0.0,0.0,30.95,,,0,trial
2026-07-04T20:22:12,reactive_hot_humid_bursty_r1,reactive,hot_humid,bursty,1,34.562,34.262,34.062,31.562,25.0,45.0,60.0,,0.0,0.0,30.96,,,0,trial
2026-07-04T20:22:12,reactive_hot_humid_bursty_r1,reactive,hot_humid,bursty,1,34.569,34.269,34.069,31.569,25.0,45.0,60.0,,0.0,0.0,30.97,,,0,trial
2026-07-04T20:22:12,reactive_hot_humid_bursty_r1,reactive,hot_humid,bursty,1,34.575,34.275,34.075,31.575,25.0,45.0,60.0,,0.0,0.0,30.97,,,0,trial
2026-07-04T20:22:12,reactive_hot_humid_bursty_r1,reactive,hot_humid,bursty,1,34.582,34.282,34.082,31.582,25.0,45.0,60.0,,0.0,0.0,30.98,,,0,trial
2026-07-04T20:22:12,reactive_hot_humid_bursty_r1,reactive,hot_humid,bursty,1,34.596,34.296,34.096,31.596,25.0,45.0,60.0,,0.0,0.0,30.98,,,0,trial
2026-07-04T20:22:12,reactive_hot_humid_bursty_r1,reactive,hot_humid,bursty,1,34.603,34.303,34.103,31.603,25.0,45.0,60.0,,0.0,0.0,30.99,,,0,trial
2026-07-04T20:22:12,reactive_hot_humid_bursty_r1,reactive,hot_humid,bursty,1,34.61,34.31,34.11,31.61,25.0,45.0,60.0,,0.0,0.0,30.99,,,0,trial
2026-07-04T20:22:12,reactive_hot_humid_bursty_r1,reactive,hot_humid,bursty,1,34.617,34.317,34.117,31.617,25.0,45.0,60.0,,0.0,0.0,31.0,,,0,trial
2026-07-04T20:22:12,reactive_hot_humid_bursty_r1,reactive,hot_humid,bursty,1,34.624,34.324,34.124,31.624,25.0,45.0,60.0,,0.0,0.0,31.0,,,0,trial
2026-07-04T20:22:12,reactive_hot_humid_bursty_r1,reactive,hot_humid,bursty,1,34.631,34.331,34.131,31.631,25.0,45.0,60.0,,0.0,0.0,31.01,,,0,trial
2026-07-04T20:22:12,reactive_hot_humid_bursty_r1,reactive,hot_humid,bursty,1,34.637,34.337,34.137,31.637,25.0,45.0,60.0,,0.0,0.0,31.02,,,0,trial
2026-07-04T20:22:12,reactive_hot_humid_bursty_r1,reactive,hot_humid,bursty,1,34.644,34.344,34.144,31.644,25.0,45.0,60.0,,0.0,0.0,31.02,,,0,trial
2026-07-04T20:22:12,reactive_hot_humid_bursty_r1,reactive,hot_humid,bursty,1,34.651,34.351,34.151,31.651,25.0,45.0,60.0,,0.0,0.0,31.03,,,0,trial
2026-07-04T20:22:12,reactive_hot_humid_bursty_r1,reactive,hot_humid,bursty,1,34.658,34.358,34.158,31.658,25.0,45.0,60.0,,0.0,0.0,31.03,,,0,trial
2026-07-04T20:22:12,reactive_hot_humid_bursty_r1,reactive,hot_humid,bursty,1,34.665,34.365,34.165,31.665,25.0,45.0,60.0,,0.0,0.0,31.04,,,0,trial
2026-07-04T20:22:12,reactive_hot_humid_bursty_r1,reactive,hot_humid,bursty,1,34.672,34.372,34.172,31.672,25.0,45.0,60.0,,0.0,0.0,31.04,,,0,trial
2026-07-04T20:22:12,reactive_hot_humid_bursty_r1,reactive,hot_humid,bursty,1,34.679,34.379,34.179,31.679,25.0,45.0,60.0,,0.0,0.0,31.05,,,0,trial
2026-07-04T20:22:12,reactive_hot_humid_bursty_r1,reactive,hot_humid,bursty,1,34.686,34.386,34.186,31.686,25.0,45.0,60.0,,0.0,0.0,31.06,,,0,trial
2026-07-04T20:22:12,reactive_hot_humid_bursty_r1,reactive,hot_humid,bursty,1,34.692,34.392,34.192,31.692,25.0,45.0,60.0,,0.0,0.0,31.06,,,0,trial
2026-07-04T20:22:12,reactive_hot_humid_bursty_r1,reactive,hot_humid,bursty,1,34.699,34.399,34.199,31.699,25.0,45.0,60.0,,0.0,0.0,31.07,,,0,trial
2026-07-04T20:22:12,reactive_hot_humid_bursty_r1,reactive,hot_humid,bursty,1,34.706,34.406,34.206,31.706,25.0,45.0,60.0,,0.0,0.0,31.07,,,0,trial
2026-07-04T20:22:12,reactive_hot_humid_bursty_r1,reactive,hot_humid,bursty,1,34.713,34.413,34.213,31.713,25.0,45.0,60.0,,0.0,0.0,31.08,,,0,trial
2026-07-04T20:22:12,reactive_hot_humid_bursty_r1,reactive,hot_humid,bursty,1,34.72,34.42,34.22,31.72,25.0,45.0,60.0,,0.0,0.0,31.09,,,0,trial
2026-07-04T20:22:12,reactive_hot_humid_bursty_r1,reactive,hot_humid,bursty,1,34.727,34.427,34.227,31.727,25.0,45.0,60.0,,0.0,0.0,31.09,,,0,trial
2026-07-04T20:22:12,reactive_hot_humid_bursty_r1,reactive,hot_humid,bursty,1,34.734,34.434,34.234,31.734,25.0,45.0,60.0,,0.0,0.0,31.1,,,0,trial
2026-07-04T20:22:12,reactive_hot_humid_bursty_r1,reactive,hot_humid,bursty,1,34.741,34.441,34.241,31.741,25.0,45.0,60.0,,0.0,0.0,31.1,,,0,trial
2026-07-04T20:22:12,reactive_hot_humid_bursty_r1,reactive,hot_humid,bursty,1,34.747,34.447,34.247,31.747,25.0,45.0,60.0,,0.0,0.0,31.11,,,0,trial
2026-07-04T20:22:12,reactive_hot_humid_bursty_r1,reactive,hot_humid,bursty,1,34.754,34.454,34.254,31.754,25.0,45.0,60.0,,0.0,0.0,31.12,,,0,trial
2026-07-04T20:22:12,reactive_hot_humid_bursty_r1,reactive,hot_humid,bursty,1,34.761,34.461,34.261,31.761,25.0,45.0,60.0,,0.0,0.0,31.12,,,0,trial
2026-07-04T20:22:12,reactive_hot_humid_bursty_r1,reactive,hot_humid,bursty,1,34.768,34.468,34.268,31.768,25.0,45.0,60.0,,0.0,0.0,31.13,,,0,trial
2026-07-04T20:22:12,reactive_hot_humid_bursty_r1,reactive,hot_humid,bursty,1,34.775,34.475,34.275,31.775,25.0,45.0,60.0,,0.0,0.0,31.14,,,0,trial
2026-07-04T20:22:12,reactive_hot_humid_bursty_r1,reactive,hot_humid,bursty,1,34.782,34.482,34.282,31.782,25.0,45.0,60.0,,0.0,0.0,31.14,,,0,trial
2026-07-04T20:22:12,reactive_hot_humid_bursty_r1,reactive,hot_humid,bursty,1,34.789,34.489,34.289,31.789,25.0,45.0,60.0,,0.0,0.0,31.15,,,0,trial
2026-07-04T20:22:12,reactive_hot_humid_bursty_r1,reactive,hot_humid,bursty,1,34.795,34.495,34.295,31.795,25.0,45.0,60.0,,0.0,0.0,31.15,,,0,trial
2026-07-04T20:22:12,reactive_hot_humid_bursty_r1,reactive,hot_humid,bursty,1,34.809,34.509,34.309,31.809,25.0,45.0,60.0,,0.0,0.0,31.16,,,0,trial
2026-07-04T20:22:12,reactive_hot_humid_bursty_r1,reactive,hot_humid,bursty,1,34.816,34.516,34.316,31.816,25.0,45.0,60.0,,0.0,0.0,31.17,,,0,trial
2026-07-04T20:22:12,reactive_hot_humid_bursty_r1,reactive,hot_humid,bursty,1,34.823,34.523,34.323,31.823,25.0,45.0,60.0,,0.0,0.0,31.17,,,0,trial
2026-07-04T20:22:12,reactive_hot_humid_bursty_r1,reactive,hot_humid,bursty,1,34.83,34.53,34.33,31.83,25.0,45.0,60.0,,0.0,0.0,31.18,,,0,trial
2026-07-04T20:22:12,reactive_hot_humid_bursty_r1,reactive,hot_humid,bursty,1,34.837,34.537,34.337,31.837,25.0,45.0,60.0,,0.0,0.0,31.19,,,0,trial
2026-07-04T20:22:12,reactive_hot_humid_bursty_r1,reactive,hot_humid,bursty,1,34.844,34.544,34.344,31.844,25.0,45.0,60.0,,0.0,0.0,31.19,,,0,trial
2026-07-04T20:22:12,reactive_hot_humid_bursty_r1,reactive,hot_humid,bursty,1,34.85,34.55,34.35,31.85,25.0,45.0,60.0,,0.0,0.0,31.2,,,0,trial
2026-07-04T20:22:12,reactive_hot_humid_bursty_r1,reactive,hot_humid,bursty,1,34.857,34.557,34.357,31.857,25.0,45.0,60.0,,0.0,0.0,31.21,,,0,trial
2026-07-04T20:22:12,reactive_hot_humid_bursty_r1,reactive,hot_humid,bursty,1,34.864,34.564,34.364,31.864,25.0,45.0,60.0,,0.0,0.0,31.21,,,0,trial
2026-07-04T20:22:12,reactive_hot_humid_bursty_r1,reactive,hot_humid,bursty,1,34.871,34.571,34.371,31.871,25.0,45.0,60.0,,0.0,0.0,31.22,,,0,trial
2026-07-04T20:22:12,reactive_hot_humid_bursty_r1,reactive,hot_humid,bursty,1,34.878,34.578,34.378,31.878,25.0,45.0,60.0,,0.0,0.0,31.23,,,0,trial
2026-07-04T20:22:12,reactive_hot_humid_bursty_r1,reactive,hot_humid,bursty,1,34.885,34.585,34.385,31.885,25.0,45.0,60.0,,0.0,0.0,31.23,,,0,trial
2026-07-04T20:22:12,reactive_hot_humid_bursty_r1,reactive,hot_humid,bursty,1,34.892,34.592,34.392,31.892,25.0,45.0,60.0,,0.0,0.0,31.24,,,0,trial
2026-07-04T20:22:12,reactive_hot_humid_bursty_r1,reactive,hot_humid,bursty,1,34.898,34.598,34.398,31.898,25.0,45.0,60.0,,0.0,0.0,31.25,,,0,trial
2026-07-04T20:22:12,reactive_hot_humid_bursty_r1,reactive,hot_humid,bursty,1,34.905,34.605,34.405,31.905,25.0,45.0,60.0,,0.0,0.0,31.25,,,0,trial
2026-07-04T20:22:12,reactive_hot_humid_bursty_r1,reactive,hot_humid,bursty,1,34.912,34.612,34.412,31.912,25.0,45.0,60.0,,0.0,0.0,31.26,,,0,trial
2026-07-04T20:22:12,reactive_hot_humid_bursty_r1,reactive,hot_humid,bursty,1,34.919,34.619,34.419,31.919,25.0,45.0,60.0,,0.0,0.0,31.27,,,0,trial
2026-07-04T20:22:12,reactive_hot_humid_bursty_r1,reactive,hot_humid,bursty,1,34.926,34.626,34.426,31.926,25.0,45.0,60.0,,0.0,0.0,31.27,,,0,trial
2026-07-04T20:22:12,reactive_hot_humid_bursty_r1,reactive,hot_humid,bursty,1,34.933,34.633,34.433,31.933,25.0,45.0,60.0,,0.0,0.0,31.28,,,0,trial
2026-07-04T20:22:12,reactive_hot_humid_bursty_r1,reactive,hot_humid,bursty,1,34.939,34.639,34.439,31.939,25.0,45.0,60.0,,0.0,0.0,31.29,,,0,trial
2026-07-04T20:22:12,reactive_hot_humid_bursty_r1,reactive,hot_humid,bursty,1,34.946,34.646,34.446,31.946,25.0,45.0,60.0,,0.0,0.0,31.29,,,0,trial
2026-07-04T20:22:12,reactive_hot_humid_bursty_r1,reactive,hot_humid,bursty,1,34.953,34.653,34.453,31.953,25.0,45.0,60.0,,0.0,0.0,31.3,,,0,trial
2026-07-04T20:22:12,reactive_hot_humid_bursty_r1,reactive,hot_humid,bursty,1,34.96,34.66,34.46,31.96,25.0,45.0,60.0,,0.0,0.0,31.31,,,0,trial
2026-07-04T20:22:12,reactive_hot_humid_bursty_r1,reactive,hot_humid,bursty,1,34.967,34.667,34.467,31.967,25.0,45.0,60.0,,0.0,0.0,31.31,,,0,trial
2026-07-04T20:22:12,reactive_hot_humid_bursty_r1,reactive,hot_humid,bursty,1,34.974,34.674,34.474,31.974,25.0,45.0,60.0,,0.0,0.0,31.32,,,0,trial
2026-07-04T20:22:12,reactive_hot_humid_bursty_r1,reactive,hot_humid,bursty,1,34.981,34.681,34.481,31.981,25.0,45.0,60.0,,0.0,0.0,31.33,,,0,trial
2026-07-04T20:22:12,reactive_hot_humid_bursty_r1,reactive,hot_humid,bursty,1,34.987,34.687,34.487,31.987,25.0,45.0,60.0,,0.0,0.0,31.34,,,0,trial
2026-07-04T20:22:12,reactive_hot_humid_bursty_r1,reactive,hot_humid,bursty,1,34.994,34.694,34.494,31.994,25.0,45.0,60.0,,0.0,0.0,31.34,,,0,trial
2026-07-04T20:22:12,reactive_hot_humid_bursty_r1,reactive,hot_humid,bursty,1,35.001,34.701,34.501,32.001,25.0,45.0,60.0,,0.0,0.0,31.35,,,0,trial
2026-07-04T20:22:12,reactive_hot_humid_bursty_r1,reactive,hot_humid,bursty,1,35.008,34.708,34.508,32.008,25.0,45.0,60.0,,0.0,0.0,31.36,,,0,trial
2026-07-04T20:22:12,reactive_hot_humid_bursty_r1,reactive,hot_humid,bursty,1,35.019,34.719,34.519,32.019,25.0,45.0,60.0,,25.0,0.5,31.36,,,0,trial
2026-07-04T20:22:12,reactive_hot_humid_bursty_r1,reactive,hot_humid,bursty,1,35.023,34.723,34.523,32.023,25.0,45.0,60.0,,25.0,0.5,31.37,,,0,trial
2026-07-04T20:22:12,reactive_hot_humid_bursty_r1,reactive,hot_humid,bursty,1,35.027,34.727,34.527,32.027,25.0,45.0,60.0,,25.0,0.5,31.38,,,0,trial
2026-07-04T20:22:12,reactive_hot_humid_bursty_r1,reactive,hot_humid,bursty,1,35.032,34.732,34.532,32.032,25.0,45.0,60.0,,25.0,0.5,31.39,,,0,trial
2026-07-04T20:22:12,reactive_hot_humid_bursty_r1,reactive,hot_humid,bursty,1,35.036,34.736,34.536,32.036,25.0,45.0,60.0,,25.0,0.5,31.39,,,0,trial
2026-07-04T20:22:12,reactive_hot_humid_bursty_r1,reactive,hot_humid,bursty,1,35.04,34.74,34.54,32.04,25.0,45.0,60.0,,25.0,0.5,31.4,,,0,trial
2026-07-04T20:22:12,reactive_hot_humid_bursty_r1,reactive,hot_humid,bursty,1,35.044,34.744,34.544,32.044,25.0,45.0,60.0,,25.0,0.5,31.41,,,0,trial
2026-07-04T20:22:12,reactive_hot_humid_bursty_r1,reactive,hot_humid,bursty,1,35.049,34.749,34.549,32.049,25.0,45.0,60.0,,25.0,0.5,31.42,,,0,trial
2026-07-04T20:22:12,reactive_hot_humid_bursty_r1,reactive,hot_humid,bursty,1,35.053,34.753,34.553,32.053,25.0,45.0,60.0,,25.0,0.5,31.42,,,0,trial
2026-07-04T20:22:12,reactive_hot_humid_bursty_r1,reactive,hot_humid,bursty,1,35.057,34.757,34.557,32.057,25.0,45.0,60.0,,25.0,0.5,31.43,,,0,trial
2026-07-04T20:22:12,reactive_hot_humid_bursty_r1,reactive,hot_humid,bursty,1,35.061,34.761,34.561,32.061,25.0,45.0,60.0,,25.0,0.5,31.44,,,0,trial
2026-07-04T20:22:12,reactive_hot_humid_bursty_r1,reactive,hot_humid,bursty,1,35.066,34.766,34.566,32.066,25.0,45.0,60.0,,25.0,0.5,31.44,,,0,trial
2026-07-04T20:22:12,reactive_hot_humid_bursty_r1,reactive,hot_humid,bursty,1,35.07,34.77,34.57,32.07,25.0,45.0,60.0,,25.0,0.5,31.45,,,0,trial
2026-07-04T20:22:12,reactive_hot_humid_bursty_r1,reactive,hot_humid,bursty,1,35.074,34.774,34.574,32.074,25.0,45.0,60.0,,25.0,0.5,31.46,,,0,trial
2026-07-04T20:22:12,reactive_hot_humid_bursty_r1,reactive,hot_humid,bursty,1,35.078,34.778,34.578,32.078,25.0,45.0,60.0,,25.0,0.5,31.47,,,0,trial
2026-07-04T20:22:12,reactive_hot_humid_bursty_r1,reactive,hot_humid,bursty,1,35.082,34.782,34.582,32.082,25.0,45.0,60.0,,25.0,0.5,31.48,,,0,trial
2026-07-04T20:22:12,reactive_hot_humid_bursty_r1,reactive,hot_humid,bursty,1,35.087,34.787,34.587,32.087,25.0,45.0,60.0,,25.0,0.5,31.48,,,0,trial
2026-07-04T20:22:12,reactive_hot_humid_bursty_r1,reactive,hot_humid,bursty,1,35.091,34.791,34.591,32.091,25.0,45.0,60.0,,25.0,0.5,31.49,,,0,trial
2026-07-04T20:22:12,reactive_hot_humid_bursty_r1,reactive,hot_humid,bursty,1,35.095,34.795,34.595,32.095,25.0,45.0,60.0,,25.0,0.5,31.5,,,0,trial
2026-07-04T20:22:12,reactive_hot_humid_bursty_r1,reactive,hot_humid,bursty,1,35.099,34.799,34.599,32.099,25.0,45.0,60.0,,25.0,0.5,31.51,,,0,trial
2026-07-04T20:22:12,reactive_hot_humid_bursty_r1,reactive,hot_humid,bursty,1,35.104,34.804,34.604,32.104,25.0,45.0,60.0,,25.0,0.5,31.51,,,0,trial
2026-07-04T20:22:12,reactive_hot_humid_bursty_r1,reactive,hot_humid,bursty,1,35.108,34.808,34.608,32.108,25.0,45.0,60.0,,25.0,0.5,31.52,,,0,trial
2026-07-04T20:22:12,reactive_hot_humid_bursty_r1,reactive,hot_humid,bursty,1,35.112,34.812,34.612,32.112,25.0,45.0,60.0,,25.0,0.5,31.53,,,0,trial
2026-07-04T20:22:12,reactive_hot_humid_bursty_r1,reactive,hot_humid,bursty,1,35.116,34.816,34.616,32.116,25.0,45.0,60.0,,25.0,0.5,31.54,,,0,trial
2026-07-04T20:22:12,reactive_hot_humid_bursty_r1,reactive,hot_humid,bursty,1,35.12,34.82,34.62,32.12,25.0,45.0,60.0,,25.0,0.5,31.55,,,0,trial
2026-07-04T20:22:12,reactive_hot_humid_bursty_r1,reactive,hot_humid,bursty,1,35.125,34.825,34.625,32.125,25.0,45.0,60.0,,25.0,0.5,31.55,,,0,trial
2026-07-04T20:22:12,reactive_hot_humid_bursty_r1,reactive,hot_humid,bursty,1,35.129,34.829,34.629,32.129,25.0,45.0,60.0,,25.0,0.5,31.56,,,0,trial
2026-07-04T20:22:12,reactive_hot_humid_bursty_r1,reactive,hot_humid,bursty,1,35.133,34.833,34.633,32.133,25.0,45.0,60.0,,25.0,0.5,31.57,,,0,trial
2026-07-04T20:22:12,reactive_hot_humid_bursty_r1,reactive,hot_humid,bursty,1,35.137,34.837,34.637,32.137,25.0,45.0,60.0,,25.0,0.5,31.58,,,0,trial
2026-07-04T20:22:12,reactive_hot_humid_bursty_r1,reactive,hot_humid,bursty,1,35.141,34.841,34.641,32.141,25.0,45.0,60.0,,25.0,0.5,31.59,,,0,trial
2026-07-04T20:22:12,reactive_hot_humid_bursty_r1,reactive,hot_humid,bursty,1,35.15,34.85,34.65,32.15,25.0,45.0,60.0,,25.0,0.5,31.59,,,0,trial
2026-07-04T20:22:12,reactive_hot_humid_bursty_r1,reactive,hot_humid,bursty,1,35.154,34.854,34.654,32.154,25.0,45.0,60.0,,25.0,0.5,31.6,,,0,trial
2026-07-04T20:22:12,reactive_hot_humid_bursty_r1,reactive,hot_humid,bursty,1,35.158,34.858,34.658,32.158,25.0,45.0,60.0,,25.0,0.5,31.61,,,0,trial
2026-07-04T20:22:12,reactive_hot_humid_bursty_r1,reactive,hot_humid,bursty,1,35.162,34.862,34.662,32.162,25.0,45.0,60.0,,25.0,0.5,31.62,,,0,trial
2026-07-04T20:22:12,reactive_hot_humid_bursty_r1,reactive,hot_humid,bursty,1,35.167,34.867,34.667,32.167,25.0,45.0,60.0,,25.0,0.5,31.63,,,0,trial
2026-07-04T20:22:12,reactive_hot_humid_bursty_r1,reactive,hot_humid,bursty,1,35.171,34.871,34.671,32.171,25.0,45.0,60.0,,25.0,0.5,31.63,,,0,trial
2026-07-04T20:22:12,reactive_hot_humid_bursty_r1,reactive,hot_humid,bursty,1,35.175,34.875,34.675,32.175,25.0,45.0,60.0,,25.0,0.5,31.64,,,0,trial
2026-07-04T20:22:12,reactive_hot_humid_bursty_r1,reactive,hot_humid,bursty,1,35.179,34.879,34.679,32.179,25.0,45.0,60.0,,25.0,0.5,31.65,,,0,trial
2026-07-04T20:22:12,reactive_hot_humid_bursty_r1,reactive,hot_humid,bursty,1,35.183,34.883,34.683,32.183,25.0,45.0,60.0,,25.0,0.5,31.66,,,0,trial
2026-07-04T20:22:12,reactive_hot_humid_bursty_r1,reactive,hot_humid,bursty,1,35.187,34.887,34.687,32.187,25.0,45.0,60.0,,25.0,0.5,31.67,,,0,trial
2026-07-04T20:22:12,reactive_hot_humid_bursty_r1,reactive,hot_humid,bursty,1,35.192,34.892,34.692,32.192,25.0,45.0,60.0,,25.0,0.5,31.68,,,0,trial
2026-07-04T20:22:12,reactive_hot_humid_bursty_r1,reactive,hot_humid,bursty,1,35.196,34.896,34.696,32.196,25.0,45.0,60.0,,25.0,0.5,31.68,,,0,trial
2026-07-04T20:22:12,reactive_hot_humid_bursty_r1,reactive,hot_humid,bursty,1,35.2,34.9,34.7,32.2,25.0,45.0,60.0,,25.0,0.5,31.69,,,0,trial
2026-07-04T20:22:12,reactive_hot_humid_bursty_r1,reactive,hot_humid,bursty,1,35.204,34.904,34.704,32.204,25.0,45.0,60.0,,25.0,0.5,31.7,,,0,trial
2026-07-04T20:22:12,reactive_hot_humid_bursty_r1,reactive,hot_humid,bursty,1,35.208,34.908,34.708,32.208,25.0,45.0,60.0,,25.0,0.5,31.71,,,0,trial
2026-07-04T20:22:12,reactive_hot_humid_bursty_r1,reactive,hot_humid,bursty,1,35.213,34.913,34.713,32.213,25.0,45.0,60.0,,25.0,0.5,31.72,,,0,trial
2026-07-04T20:22:12,reactive_hot_humid_bursty_r1,reactive,hot_humid,bursty,1,35.217,34.917,34.717,32.217,25.0,45.0,60.0,,25.0,0.5,31.73,,,0,trial
2026-07-04T20:22:12,reactive_hot_humid_bursty_r1,reactive,hot_humid,bursty,1,35.221,34.921,34.721,32.221,25.0,45.0,60.0,,25.0,0.5,31.74,,,0,trial
2026-07-04T20:22:12,reactive_hot_humid_bursty_r1,reactive,hot_humid,bursty,1,35.225,34.925,34.725,32.225,25.0,45.0,60.0,,25.0,0.5,31.74,,,0,trial
2026-07-04T20:22:12,reactive_hot_humid_bursty_r1,reactive,hot_humid,bursty,1,35.229,34.929,34.729,32.229,25.0,45.0,60.0,,25.0,0.5,31.75,,,0,trial
2026-07-04T20:22:12,reactive_hot_humid_bursty_r1,reactive,hot_humid,bursty,1,35.233,34.933,34.733,32.233,25.0,45.0,60.0,,25.0,0.5,31.76,,,0,trial
2026-07-04T20:22:12,reactive_hot_humid_bursty_r1,reactive,hot_humid,bursty,1,35.238,34.938,34.738,32.238,25.0,45.0,60.0,,25.0,0.5,31.77,,,0,trial
2026-07-04T20:22:12,reactive_hot_humid_bursty_r1,reactive,hot_humid,bursty,1,35.242,34.942,34.742,32.242,25.0,45.0,60.0,,25.0,0.5,31.78,,,0,trial
2026-07-04T20:22:12,reactive_hot_humid_bursty_r1,reactive,hot_humid,bursty,1,35.246,34.946,34.746,32.246,25.0,45.0,60.0,,25.0,0.5,31.79,,,0,trial
2026-07-04T20:22:12,reactive_hot_humid_bursty_r1,reactive,hot_humid,bursty,1,35.25,34.95,34.75,32.25,25.0,45.0,60.0,,25.0,0.5,31.8,,,0,trial
2026-07-04T20:22:12,reactive_hot_humid_bursty_r1,reactive,hot_humid,bursty,1,35.254,34.954,34.754,32.254,25.0,45.0,60.0,,25.0,0.5,31.81,,,0,trial
2026-07-04T20:22:12,reactive_hot_humid_bursty_r1,reactive,hot_humid,bursty,1,35.258,34.958,34.758,32.258,25.0,45.0,60.0,,25.0,0.5,31.81,,,0,trial
2026-07-04T20:22:12,reactive_hot_humid_bursty_r1,reactive,hot_humid,bursty,1,35.263,34.963,34.763,32.263,25.0,45.0,60.0,,25.0,0.5,31.82,,,0,trial
2026-07-04T20:22:12,reactive_hot_humid_bursty_r1,reactive,hot_humid,bursty,1,35.267,34.967,34.767,32.267,25.0,45.0,60.0,,25.0,0.5,31.83,,,0,trial
2026-07-04T20:22:12,reactive_hot_humid_bursty_r1,reactive,hot_humid,bursty,1,35.271,34.971,34.771,32.271,25.0,45.0,60.0,,25.0,0.5,31.84,,,0,trial
2026-07-04T20:22:12,reactive_hot_humid_bursty_r1,reactive,hot_humid,bursty,1,35.279,34.979,34.779,32.279,25.0,45.0,60.0,,25.0,0.5,31.85,,,0,trial
2026-07-04T20:22:12,reactive_hot_humid_bursty_r1,reactive,hot_humid,bursty,1,35.283,34.983,34.783,32.283,25.0,45.0,60.0,,25.0,0.5,31.86,,,0,trial
2026-07-04T20:22:12,reactive_hot_humid_bursty_r1,reactive,hot_humid,bursty,1,35.287,34.987,34.787,32.287,25.0,45.0,60.0,,25.0,0.5,31.87,,,0,trial
2026-07-04T20:22:12,reactive_hot_humid_bursty_r1,reactive,hot_humid,bursty,1,35.292,34.992,34.792,32.292,25.0,45.0,60.0,,25.0,0.5,31.88,,,0,trial
2026-07-04T20:22:12,reactive_hot_humid_bursty_r1,reactive,hot_humid,bursty,1,35.296,34.996,34.796,32.296,25.0,45.0,60.0,,25.0,0.5,31.89,,,0,trial
2026-07-04T20:22:12,reactive_hot_humid_bursty_r1,reactive,hot_humid,bursty,1,35.3,35.0,34.8,32.3,25.0,45.0,60.0,,25.0,0.5,31.89,,,0,trial
2026-07-04T20:22:12,reactive_hot_humid_bursty_r1,reactive,hot_humid,bursty,1,35.304,35.004,34.804,32.304,25.0,45.0,60.0,,25.0,0.5,31.9,,,0,trial
2026-07-04T20:22:12,reactive_hot_humid_bursty_r1,reactive,hot_humid,bursty,1,35.308,35.008,34.808,32.308,25.0,45.0,60.0,,25.0,0.5,31.91,,,0,trial
2026-07-04T20:22:12,reactive_hot_humid_bursty_r1,reactive,hot_humid,bursty,1,35.312,35.012,34.812,32.312,25.0,45.0,60.0,,25.0,0.5,31.92,,,0,trial
2026-07-04T20:22:12,reactive_hot_humid_bursty_r1,reactive,hot_humid,bursty,1,35.316,35.016,34.816,32.316,25.0,45.0,60.0,,25.0,0.5,31.93,,,0,trial
2026-07-04T20:22:12,reactive_hot_humid_bursty_r1,reactive,hot_humid,bursty,1,35.321,35.021,34.821,32.321,25.0,45.0,60.0,,25.0,0.5,31.94,,,0,trial
2026-07-04T20:22:12,reactive_hot_humid_bursty_r1,reactive,hot_humid,bursty,1,35.325,35.025,34.825,32.325,25.0,45.0,60.0,,25.0,0.5,31.95,,,0,trial
2026-07-04T20:22:12,reactive_hot_humid_bursty_r1,reactive,hot_humid,bursty,1,35.329,35.029,34.829,32.329,25.0,45.0,60.0,,25.0,0.5,31.96,,,0,trial
2026-07-04T20:22:12,reactive_hot_humid_bursty_r1,reactive,hot_humid,bursty,1,35.333,35.033,34.833,32.333,25.0,45.0,60.0,,25.0,0.5,31.97,,,0,trial
2026-07-04T20:22:12,reactive_hot_humid_bursty_r1,reactive,hot_humid,bursty,1,35.337,35.037,34.837,32.337,25.0,45.0,60.0,,25.0,0.5,31.98,,,0,trial
2026-07-04T20:22:12,reactive_hot_humid_bursty_r1,reactive,hot_humid,bursty,1,35.341,35.041,34.841,32.341,25.0,45.0,60.0,,25.0,0.5,31.99,,,0,trial
2026-07-04T20:22:12,reactive_hot_humid_bursty_r1,reactive,hot_humid,bursty,1,35.345,35.045,34.845,32.345,25.0,45.0,60.0,,25.0,0.5,32.0,,,0,trial
2026-07-04T20:22:12,reactive_hot_humid_bursty_r1,reactive,hot_humid,bursty,1,35.349,35.049,34.849,32.349,25.0,45.0,60.0,,25.0,0.5,32.01,,,0,trial
2026-07-04T20:22:12,reactive_hot_humid_bursty_r1,reactive,hot_humid,bursty,1,35.354,35.054,34.854,32.354,25.0,45.0,60.0,,25.0,0.5,32.02,,,0,trial
2026-07-04T20:22:12,reactive_hot_humid_bursty_r1,reactive,hot_humid,bursty,1,35.358,35.058,34.858,32.358,25.0,45.0,60.0,,25.0,0.5,32.03,,,0,trial
2026-07-04T20:22:12,reactive_hot_humid_bursty_r1,reactive,hot_humid,bursty,1,35.362,35.062,34.862,32.362,25.0,45.0,60.0,,25.0,0.5,32.04,,,0,trial
2026-07-04T20:22:12,reactive_hot_humid_bursty_r1,reactive,hot_humid,bursty,1,35.366,35.066,34.866,32.366,25.0,45.0,60.0,,25.0,0.5,32.04,,,0,trial
2026-07-04T20:22:12,reactive_hot_humid_bursty_r1,reactive,hot_humid,bursty,1,35.37,35.07,34.87,32.37,25.0,45.0,60.0,,25.0,0.5,32.05,,,0,trial
2026-07-04T20:22:12,reactive_hot_humid_bursty_r1,reactive,hot_humid,bursty,1,35.374,35.074,34.874,32.374,25.0,45.0,60.0,,25.0,0.5,32.06,,,0,trial
2026-07-04T20:22:12,reactive_hot_humid_bursty_r1,reactive,hot_humid,bursty,1,35.378,35.078,34.878,32.378,25.0,45.0,60.0,,25.0,0.5,32.07,,,0,trial
2026-07-04T20:22:12,reactive_hot_humid_bursty_r1,reactive,hot_humid,bursty,1,35.382,35.082,34.882,32.382,25.0,45.0,60.0,,25.0,0.5,32.08,,,0,trial
2026-07-04T20:22:12,reactive_hot_humid_bursty_r1,reactive,hot_humid,bursty,1,35.386,35.086,34.886,32.386,25.0,45.0,60.0,,25.0,0.5,32.09,,,0,trial
2026-07-04T20:22:12,reactive_hot_humid_bursty_r1,reactive,hot_humid,bursty,1,35.391,35.091,34.891,32.391,25.0,45.0,60.0,,25.0,0.5,32.1,,,0,trial
2026-07-04T20:22:12,reactive_hot_humid_bursty_r1,reactive,hot_humid,bursty,1,35.395,35.095,34.895,32.395,25.0,45.0,60.0,,25.0,0.5,32.11,,,0,trial
2026-07-04T20:22:12,reactive_hot_humid_bursty_r1,reactive,hot_humid,bursty,1,35.399,35.099,34.899,32.399,25.0,45.0,60.0,,25.0,0.5,32.12,,,0,trial
2026-07-04T20:22:12,reactive_hot_humid_bursty_r1,reactive,hot_humid,bursty,1,35.407,35.107,34.907,32.407,25.0,45.0,60.0,,25.0,0.5,32.13,,,0,trial
2026-07-04T20:22:12,reactive_hot_humid_bursty_r1,reactive,hot_humid,bursty,1,35.411,35.111,34.911,32.411,25.0,45.0,60.0,,25.0,0.5,32.14,,,0,trial
2026-07-04T20:22:12,reactive_hot_humid_bursty_r1,reactive,hot_humid,bursty,1,35.415,35.115,34.915,32.415,25.0,45.0,60.0,,25.0,0.5,32.15,,,0,trial
2026-07-04T20:22:12,reactive_hot_humid_bursty_r1,reactive,hot_humid,bursty,1,35.419,35.119,34.919,32.419,25.0,45.0,60.0,,25.0,0.5,32.16,,,0,trial
2026-07-04T20:22:12,reactive_hot_humid_bursty_r1,reactive,hot_humid,bursty,1,35.423,35.123,34.923,32.423,25.0,45.0,60.0,,25.0,0.5,32.17,,,0,trial
2026-07-04T20:22:12,reactive_hot_humid_bursty_r1,reactive,hot_humid,bursty,1,35.427,35.127,34.927,32.427,25.0,45.0,60.0,,25.0,0.5,32.18,,,0,trial
2026-07-04T20:22:12,reactive_hot_humid_bursty_r1,reactive,hot_humid,bursty,1,35.432,35.132,34.932,32.432,25.0,45.0,60.0,,25.0,0.5,32.19,,,0,trial
2026-07-04T20:22:12,reactive_hot_humid_bursty_r1,reactive,hot_humid,bursty,1,35.436,35.136,34.936,32.436,25.0,45.0,60.0,,25.0,0.5,32.2,,,0,trial
2026-07-04T20:22:12,reactive_hot_humid_bursty_r1,reactive,hot_humid,bursty,1,35.44,35.14,34.94,32.44,25.0,45.0,60.0,,25.0,0.5,32.21,,,0,trial
2026-07-04T20:22:12,reactive_hot_humid_bursty_r1,reactive,hot_humid,bursty,1,35.444,35.144,34.944,32.444,25.0,45.0,60.0,,25.0,0.5,32.22,,,0,trial
2026-07-04T20:22:12,reactive_hot_humid_bursty_r1,reactive,hot_humid,bursty,1,35.448,35.148,34.948,32.448,25.0,45.0,60.0,,25.0,0.5,32.23,,,0,trial
2026-07-04T20:22:12,reactive_hot_humid_bursty_r1,reactive,hot_humid,bursty,1,35.452,35.152,34.952,32.452,25.0,45.0,60.0,,25.0,0.5,32.24,,,0,trial
2026-07-04T20:22:12,reactive_hot_humid_bursty_r1,reactive,hot_humid,bursty,1,35.456,35.156,34.956,32.456,25.0,45.0,60.0,,25.0,0.5,32.25,,,0,trial
2026-07-04T20:22:12,reactive_hot_humid_bursty_r1,reactive,hot_humid,bursty,1,35.46,35.16,34.96,32.46,25.0,45.0,60.0,,25.0,0.5,32.26,,,0,trial
2026-07-04T20:22:12,reactive_hot_humid_bursty_r1,reactive,hot_humid,bursty,1,35.464,35.164,34.964,32.464,25.0,45.0,60.0,,25.0,0.5,32.27,,,0,trial
2026-07-04T20:22:12,reactive_hot_humid_bursty_r1,reactive,hot_humid,bursty,1,35.468,35.168,34.968,32.468,25.0,45.0,60.0,,25.0,0.5,32.28,,,0,trial
2026-07-04T20:22:12,reactive_hot_humid_bursty_r1,reactive,hot_humid,bursty,1,35.472,35.172,34.972,32.472,25.0,45.0,60.0,,25.0,0.5,32.29,,,0,trial
2026-07-04T20:22:12,reactive_hot_humid_bursty_r1,reactive,hot_humid,bursty,1,35.477,35.177,34.977,32.477,25.0,45.0,60.0,,25.0,0.5,32.3,,,0,trial
2026-07-04T20:22:12,reactive_hot_humid_bursty_r1,reactive,hot_humid,bursty,1,35.481,35.181,34.981,32.481,25.0,45.0,60.0,,25.0,0.5,32.31,,,0,trial
2026-07-04T20:22:12,reactive_hot_humid_bursty_r1,reactive,hot_humid,bursty,1,35.485,35.185,34.985,32.485,25.0,45.0,60.0,,25.0,0.5,32.32,,,0,trial
2026-07-04T20:22:12,reactive_hot_humid_bursty_r1,reactive,hot_humid,bursty,1,35.489,35.189,34.989,32.489,25.0,45.0,60.0,,25.0,0.5,32.34,,,0,trial
2026-07-04T20:22:12,reactive_hot_humid_bursty_r1,reactive,hot_humid,bursty,1,35.493,35.193,34.993,32.493,25.0,45.0,60.0,,25.0,0.5,32.35,,,0,trial
2026-07-04T20:22:12,reactive_hot_humid_bursty_r1,reactive,hot_humid,bursty,1,35.497,35.197,34.997,32.497,25.0,45.0,60.0,,25.0,0.5,32.36,,,0,trial
2026-07-04T20:22:12,reactive_hot_humid_bursty_r1,reactive,hot_humid,bursty,1,35.501,35.201,35.001,32.501,25.0,45.0,60.0,,25.0,0.5,32.37,,,0,trial
2026-07-04T20:22:12,reactive_hot_humid_bursty_r1,reactive,hot_humid,bursty,1,35.505,35.205,35.005,32.505,25.0,45.0,60.0,,25.0,0.5,32.38,,,0,trial
2026-07-04T20:22:12,reactive_hot_humid_bursty_r1,reactive,hot_humid,bursty,1,35.509,35.209,35.009,32.509,25.0,45.0,60.0,,25.0,0.5,32.39,,,0,trial
2026-07-04T20:22:12,reactive_hot_humid_bursty_r1,reactive,hot_humid,bursty,1,35.513,35.213,35.013,32.513,25.0,45.0,60.0,,25.0,0.5,32.4,,,0,trial
2026-07-04T20:22:12,reactive_hot_humid_bursty_r1,reactive,hot_humid,bursty,1,35.517,35.217,35.017,32.517,25.0,45.0,60.0,,25.0,0.5,32.41,,,0,trial
2026-07-04T20:22:12,reactive_hot_humid_bursty_r1,reactive,hot_humid,bursty,1,35.521,35.221,35.021,32.521,25.0,45.0,60.0,,25.0,0.5,32.42,,,0,trial
2026-07-04T20:22:12,reactive_hot_humid_bursty_r1,reactive,hot_humid,bursty,1,35.525,35.225,35.025,32.525,25.0,45.0,60.0,,25.0,0.5,32.43,,,0,trial
2026-07-04T20:22:12,reactive_hot_humid_bursty_r1,reactive,hot_humid,bursty,1,35.536,35.236,35.036,32.536,25.0,45.0,60.0,,0.0,0.0,32.44,,,0,trial
2026-07-04T20:22:12,reactive_hot_humid_bursty_r1,reactive,hot_humid,bursty,1,35.543,35.243,35.043,32.543,25.0,45.0,60.0,,0.0,0.0,32.45,,,0,trial
2026-07-04T20:22:12,reactive_hot_humid_bursty_r1,reactive,hot_humid,bursty,1,35.55,35.25,35.05,32.55,25.0,45.0,60.0,,0.0,0.0,32.46,,,0,trial
2026-07-04T20:22:12,reactive_hot_humid_bursty_r1,reactive,hot_humid,bursty,1,35.557,35.257,35.057,32.557,25.0,45.0,60.0,,0.0,0.0,32.47,,,0,trial
2026-07-04T20:22:12,reactive_hot_humid_bursty_r1,reactive,hot_humid,bursty,1,35.563,35.263,35.063,32.563,25.0,45.0,60.0,,0.0,0.0,32.48,,,0,trial
2026-07-04T20:22:12,reactive_hot_humid_bursty_r1,reactive,hot_humid,bursty,1,35.57,35.27,35.07,32.57,25.0,45.0,60.0,,0.0,0.0,32.49,,,0,trial
2026-07-04T20:22:12,reactive_hot_humid_bursty_r1,reactive,hot_humid,bursty,1,35.577,35.277,35.077,32.577,25.0,45.0,60.0,,0.0,0.0,32.51,,,0,trial
2026-07-04T20:22:12,reactive_hot_humid_bursty_r1,reactive,hot_humid,bursty,1,35.584,35.284,35.084,32.584,25.0,45.0,60.0,,0.0,0.0,32.52,,,0,trial
2026-07-04T20:22:12,reactive_hot_humid_bursty_r1,reactive,hot_humid,bursty,1,35.59,35.29,35.09,32.59,25.0,45.0,60.0,,0.0,0.0,32.53,,,0,trial
2026-07-04T20:22:12,reactive_hot_humid_bursty_r1,reactive,hot_humid,bursty,1,35.597,35.297,35.097,32.597,25.0,45.0,60.0,,0.0,0.0,32.54,,,0,trial
2026-07-04T20:22:12,reactive_hot_humid_bursty_r1,reactive,hot_humid,bursty,1,35.604,35.304,35.104,32.604,25.0,45.0,60.0,,0.0,0.0,32.55,,,0,trial
2026-07-04T20:22:12,reactive_hot_humid_bursty_r1,reactive,hot_humid,bursty,1,35.611,35.311,35.111,32.611,25.0,45.0,60.0,,0.0,0.0,32.56,,,0,trial
2026-07-04T20:22:12,reactive_hot_humid_bursty_r1,reactive,hot_humid,bursty,1,35.618,35.318,35.118,32.618,25.0,45.0,60.0,,0.0,0.0,32.57,,,0,trial
2026-07-04T20:22:12,reactive_hot_humid_bursty_r1,reactive,hot_humid,bursty,1,35.624,35.324,35.124,32.624,25.0,45.0,60.0,,0.0,0.0,32.58,,,0,trial
2026-07-04T20:22:12,reactive_hot_humid_bursty_r1,reactive,hot_humid,bursty,1,35.631,35.331,35.131,32.631,25.0,45.0,60.0,,0.0,0.0,32.59,,,0,trial
2026-07-04T20:22:12,reactive_hot_humid_bursty_r1,reactive,hot_humid,bursty,1,35.638,35.338,35.138,32.638,25.0,45.0,60.0,,0.0,0.0,32.6,,,0,trial
2026-07-04T20:22:12,reactive_hot_humid_bursty_r1,reactive,hot_humid,bursty,1,35.645,35.345,35.145,32.645,25.0,45.0,60.0,,0.0,0.0,32.61,,,0,trial
2026-07-04T20:22:12,reactive_hot_humid_bursty_r1,reactive,hot_humid,bursty,1,35.651,35.351,35.151,32.651,25.0,45.0,60.0,,0.0,0.0,32.63,,,0,trial
2026-07-04T20:22:12,reactive_hot_humid_bursty_r1,reactive,hot_humid,bursty,1,35.658,35.358,35.158,32.658,25.0,45.0,60.0,,0.0,0.0,32.64,,,0,trial
2026-07-04T20:22:12,reactive_hot_humid_bursty_r1,reactive,hot_humid,bursty,1,35.665,35.365,35.165,32.665,25.0,45.0,60.0,,0.0,0.0,32.65,,,0,trial
2026-07-04T20:22:12,reactive_hot_humid_bursty_r1,reactive,hot_humid,bursty,1,35.672,35.372,35.172,32.672,25.0,45.0,60.0,,0.0,0.0,32.66,,,0,trial
2026-07-04T20:22:12,reactive_hot_humid_bursty_r1,reactive,hot_humid,bursty,1,35.679,35.379,35.179,32.679,25.0,45.0,60.0,,0.0,0.0,32.67,,,0,trial
2026-07-04T20:22:12,reactive_hot_humid_bursty_r1,reactive,hot_humid,bursty,1,35.685,35.385,35.185,32.685,25.0,45.0,60.0,,0.0,0.0,32.68,,,0,trial
2026-07-04T20:22:12,reactive_hot_humid_bursty_r1,reactive,hot_humid,bursty,1,35.692,35.392,35.192,32.692,25.0,45.0,60.0,,0.0,0.0,32.69,,,0,trial
2026-07-04T20:22:12,reactive_hot_humid_bursty_r1,reactive,hot_humid,bursty,1,35.699,35.399,35.199,32.699,25.0,45.0,60.0,,0.0,0.0,32.7,,,0,trial
2026-07-04T20:22:12,reactive_hot_humid_bursty_r1,reactive,hot_humid,bursty,1,35.706,35.406,35.206,32.706,25.0,45.0,60.0,,0.0,0.0,32.72,,,0,trial
2026-07-04T20:22:12,reactive_hot_humid_bursty_r1,reactive,hot_humid,bursty,1,35.712,35.412,35.212,32.712,25.0,45.0,60.0,,0.0,0.0,32.73,,,0,trial
2026-07-04T20:22:12,reactive_hot_humid_bursty_r1,reactive,hot_humid,bursty,1,35.719,35.419,35.219,32.719,25.0,45.0,60.0,,0.0,0.0,32.74,,,0,trial
2026-07-04T20:22:12,reactive_hot_humid_bursty_r1,reactive,hot_humid,bursty,1,35.726,35.426,35.226,32.726,25.0,45.0,60.0,,0.0,0.0,32.75,,,0,trial
2026-07-04T20:22:12,reactive_hot_humid_bursty_r1,reactive,hot_humid,bursty,1,35.733,35.433,35.233,32.733,25.0,45.0,60.0,,0.0,0.0,32.76,,,0,trial
2026-07-04T20:22:12,reactive_hot_humid_bursty_r1,reactive,hot_humid,bursty,1,35.743,35.443,35.243,32.743,25.0,45.0,60.0,,25.0,0.5,32.77,,,0,trial
2026-07-04T20:22:12,reactive_hot_humid_bursty_r1,reactive,hot_humid,bursty,1,35.747,35.447,35.247,32.747,25.0,45.0,60.0,,25.0,0.5,32.78,,,0,trial
2026-07-04T20:22:12,reactive_hot_humid_bursty_r1,reactive,hot_humid,bursty,1,35.751,35.451,35.251,32.751,25.0,45.0,60.0,,25.0,0.5,32.8,,,0,trial
2026-07-04T20:22:12,reactive_hot_humid_bursty_r1,reactive,hot_humid,bursty,1,35.755,35.455,35.255,32.755,25.0,45.0,60.0,,25.0,0.5,32.81,,,0,trial
2026-07-04T20:22:12,reactive_hot_humid_bursty_r1,reactive,hot_humid,bursty,1,35.759,35.459,35.259,32.759,25.0,45.0,60.0,,25.0,0.5,32.82,,,0,trial
2026-07-04T20:22:12,reactive_hot_humid_bursty_r1,reactive,hot_humid,bursty,1,35.763,35.463,35.263,32.763,25.0,45.0,60.0,,25.0,0.5,32.83,,,0,trial
2026-07-04T20:22:12,reactive_hot_humid_bursty_r1,reactive,hot_humid,bursty,1,35.767,35.467,35.267,32.767,25.0,45.0,60.0,,25.0,0.5,32.84,,,0,trial
2026-07-04T20:22:12,reactive_hot_humid_bursty_r1,reactive,hot_humid,bursty,1,35.771,35.471,35.271,32.771,25.0,45.0,60.0,,25.0,0.5,32.85,,,0,trial
2026-07-04T20:22:12,reactive_hot_humid_bursty_r1,reactive,hot_humid,bursty,1,35.775,35.475,35.275,32.775,25.0,45.0,60.0,,25.0,0.5,32.86,,,0,trial
2026-07-04T20:22:12,reactive_hot_humid_bursty_r1,reactive,hot_humid,bursty,1,35.779,35.479,35.279,32.779,25.0,45.0,60.0,,25.0,0.5,32.88,,,0,trial
2026-07-04T20:22:12,reactive_hot_humid_bursty_r1,reactive,hot_humid,bursty,1,35.783,35.483,35.283,32.783,25.0,45.0,60.0,,25.0,0.5,32.89,,,0,trial
2026-07-04T20:22:12,reactive_hot_humid_bursty_r1,reactive,hot_humid,bursty,1,35.787,35.487,35.287,32.787,25.0,45.0,60.0,,25.0,0.5,32.9,,,0,trial
2026-07-04T20:22:12,reactive_hot_humid_bursty_r1,reactive,hot_humid,bursty,1,35.791,35.491,35.291,32.791,25.0,45.0,60.0,,25.0,0.5,32.91,,,0,trial
2026-07-04T20:22:12,reactive_hot_humid_bursty_r1,reactive,hot_humid,bursty,1,35.795,35.495,35.295,32.795,25.0,45.0,60.0,,25.0,0.5,32.92,,,0,trial
2026-07-04T20:22:12,reactive_hot_humid_bursty_r1,reactive,hot_humid,bursty,1,35.799,35.499,35.299,32.799,25.0,45.0,60.0,,25.0,0.5,32.93,,,0,trial
2026-07-04T20:22:12,reactive_hot_humid_bursty_r1,reactive,hot_humid,bursty,1,35.803,35.503,35.303,32.803,25.0,45.0,60.0,,25.0,0.5,32.95,,,0,trial
2026-07-04T20:22:12,reactive_hot_humid_bursty_r1,reactive,hot_humid,bursty,1,35.807,35.507,35.307,32.807,25.0,45.0,60.0,,25.0,0.5,32.96,,,0,trial
2026-07-04T20:22:12,reactive_hot_humid_bursty_r1,reactive,hot_humid,bursty,1,35.811,35.511,35.311,32.811,25.0,45.0,60.0,,25.0,0.5,32.97,,,0,trial
2026-07-04T20:22:12,reactive_hot_humid_bursty_r1,reactive,hot_humid,bursty,1,35.815,35.515,35.315,32.815,25.0,45.0,60.0,,25.0,0.5,32.98,,,0,trial
2026-07-04T20:22:12,reactive_hot_humid_bursty_r1,reactive,hot_humid,bursty,1,35.819,35.519,35.319,32.819,25.0,45.0,60.0,,25.0,0.5,32.99,,,0,trial
2026-07-04T20:22:12,reactive_hot_humid_bursty_r1,reactive,hot_humid,bursty,1,35.823,35.523,35.323,32.823,25.0,45.0,60.0,,25.0,0.5,33.01,,,0,trial
2026-07-04T20:22:12,reactive_hot_humid_bursty_r1,reactive,hot_humid,bursty,1,35.827,35.527,35.327,32.827,25.0,45.0,60.0,,25.0,0.5,33.02,,,0,trial
2026-07-04T20:22:12,reactive_hot_humid_bursty_r1,reactive,hot_humid,bursty,1,35.831,35.531,35.331,32.831,25.0,45.0,60.0,,25.0,0.5,33.03,,,0,trial
2026-07-04T20:22:12,reactive_hot_humid_bursty_r1,reactive,hot_humid,bursty,1,35.835,35.535,35.335,32.835,25.0,45.0,60.0,,25.0,0.5,33.04,,,0,trial
2026-07-04T20:22:12,reactive_hot_humid_bursty_r1,reactive,hot_humid,bursty,1,35.839,35.539,35.339,32.839,25.0,45.0,60.0,,25.0,0.5,33.05,,,0,trial
2026-07-04T20:22:12,reactive_hot_humid_bursty_r1,reactive,hot_humid,bursty,1,35.842,35.542,35.342,32.842,25.0,45.0,60.0,,25.0,0.5,33.07,,,0,trial
2026-07-04T20:22:12,reactive_hot_humid_bursty_r1,reactive,hot_humid,bursty,1,35.846,35.546,35.346,32.846,25.0,45.0,60.0,,25.0,0.5,33.08,,,0,trial
2026-07-04T20:22:12,reactive_hot_humid_bursty_r1,reactive,hot_humid,bursty,1,35.85,35.55,35.35,32.85,25.0,45.0,60.0,,25.0,0.5,33.09,,,0,trial
2026-07-04T20:22:12,reactive_hot_humid_bursty_r1,reactive,hot_humid,bursty,1,35.854,35.554,35.354,32.854,25.0,45.0,60.0,,25.0,0.5,33.1,,,0,trial
2026-07-04T20:22:12,reactive_hot_humid_bursty_r1,reactive,hot_humid,bursty,1,35.858,35.558,35.358,32.858,25.0,45.0,60.0,,25.0,0.5,33.11,,,0,trial
2026-07-04T20:22:12,reactive_hot_humid_bursty_r1,reactive,hot_humid,bursty,1,35.866,35.566,35.366,32.866,25.0,45.0,60.0,,25.0,0.5,33.13,,,0,trial
2026-07-04T20:22:12,reactive_hot_humid_bursty_r1,reactive,hot_humid,bursty,1,35.87,35.57,35.37,32.87,25.0,45.0,60.0,,25.0,0.5,33.14,,,0,trial
2026-07-04T20:22:12,reactive_hot_humid_bursty_r1,reactive,hot_humid,bursty,1,35.874,35.574,35.374,32.874,25.0,45.0,60.0,,25.0,0.5,33.15,,,0,trial
2026-07-04T20:22:12,reactive_hot_humid_bursty_r1,reactive,hot_humid,bursty,1,35.878,35.578,35.378,32.878,25.0,45.0,60.0,,25.0,0.5,33.16,,,0,trial
2026-07-04T20:22:12,reactive_hot_humid_bursty_r1,reactive,hot_humid,bursty,1,35.882,35.582,35.382,32.882,25.0,45.0,60.0,,25.0,0.5,33.17,,,0,trial
2026-07-04T20:22:12,reactive_hot_humid_bursty_r1,reactive,hot_humid,bursty,1,35.886,35.586,35.386,32.886,25.0,45.0,60.0,,25.0,0.5,33.19,,,0,trial
2026-07-04T20:22:12,reactive_hot_humid_bursty_r1,reactive,hot_humid,bursty,1,35.89,35.59,35.39,32.89,25.0,45.0,60.0,,25.0,0.5,33.2,,,0,trial
2026-07-04T20:22:12,reactive_hot_humid_bursty_r1,reactive,hot_humid,bursty,1,35.894,35.594,35.394,32.894,25.0,45.0,60.0,,25.0,0.5,33.21,,,0,trial
2026-07-04T20:22:12,reactive_hot_humid_bursty_r1,reactive,hot_humid,bursty,1,35.898,35.598,35.398,32.898,25.0,45.0,60.0,,25.0,0.5,33.22,,,0,trial
2026-07-04T20:22:12,reactive_hot_humid_bursty_r1,reactive,hot_humid,bursty,1,35.901,35.601,35.401,32.901,25.0,45.0,60.0,,25.0,0.5,33.24,,,0,trial
2026-07-04T20:22:12,reactive_hot_humid_bursty_r1,reactive,hot_humid,bursty,1,35.905,35.605,35.405,32.905,25.0,45.0,60.0,,25.0,0.5,33.25,,,0,trial
2026-07-04T20:22:12,reactive_hot_humid_bursty_r1,reactive,hot_humid,bursty,1,35.909,35.609,35.409,32.909,25.0,45.0,60.0,,25.0,0.5,33.26,,,0,trial
2026-07-04T20:22:12,reactive_hot_humid_bursty_r1,reactive,hot_humid,bursty,1,35.913,35.613,35.413,32.913,25.0,45.0,60.0,,25.0,0.5,33.27,,,0,trial
2026-07-04T20:22:12,reactive_hot_humid_bursty_r1,reactive,hot_humid,bursty,1,35.917,35.617,35.417,32.917,25.0,45.0,60.0,,25.0,0.5,33.28,,,0,trial
2026-07-04T20:22:12,reactive_hot_humid_bursty_r1,reactive,hot_humid,bursty,1,35.921,35.621,35.421,32.921,25.0,45.0,60.0,,25.0,0.5,33.3,,,0,trial
2026-07-04T20:22:12,reactive_hot_humid_bursty_r1,reactive,hot_humid,bursty,1,35.925,35.625,35.425,32.925,25.0,45.0,60.0,,25.0,0.5,33.31,,,0,trial
2026-07-04T20:22:12,reactive_hot_humid_bursty_r1,reactive,hot_humid,bursty,1,35.929,35.629,35.429,32.929,25.0,45.0,60.0,,25.0,0.5,33.32,,,0,trial
2026-07-04T20:22:12,reactive_hot_humid_bursty_r1,reactive,hot_humid,bursty,1,35.933,35.633,35.433,32.933,25.0,45.0,60.0,,25.0,0.5,33.33,,,0,trial
2026-07-04T20:22:12,reactive_hot_humid_bursty_r1,reactive,hot_humid,bursty,1,35.937,35.637,35.437,32.937,25.0,45.0,60.0,,25.0,0.5,33.35,,,0,trial
2026-07-04T20:22:12,reactive_hot_humid_bursty_r1,reactive,hot_humid,bursty,1,35.941,35.641,35.441,32.941,25.0,45.0,60.0,,25.0,0.5,33.36,,,0,trial
2026-07-04T20:22:12,reactive_hot_humid_bursty_r1,reactive,hot_humid,bursty,1,35.944,35.644,35.444,32.944,25.0,45.0,60.0,,25.0,0.5,33.37,,,0,trial
2026-07-04T20:22:12,reactive_hot_humid_bursty_r1,reactive,hot_humid,bursty,1,35.948,35.648,35.448,32.948,25.0,45.0,60.0,,25.0,0.5,33.38,,,0,trial
2026-07-04T20:22:12,reactive_hot_humid_bursty_r1,reactive,hot_humid,bursty,1,35.952,35.652,35.452,32.952,25.0,45.0,60.0,,25.0,0.5,33.4,,,0,trial
2026-07-04T20:22:12,reactive_hot_humid_bursty_r1,reactive,hot_humid,bursty,1,35.956,35.656,35.456,32.956,25.0,45.0,60.0,,25.0,0.5,33.41,,,0,trial
2026-07-04T20:22:12,reactive_hot_humid_bursty_r1,reactive,hot_humid,bursty,1,35.96,35.66,35.46,32.96,25.0,45.0,60.0,,25.0,0.5,33.42,,,0,trial
2026-07-04T20:22:12,reactive_hot_humid_bursty_r1,reactive,hot_humid,bursty,1,35.964,35.664,35.464,32.964,25.0,45.0,60.0,,25.0,0.5,33.43,,,0,trial
2026-07-04T20:22:12,reactive_hot_humid_bursty_r1,reactive,hot_humid,bursty,1,35.968,35.668,35.468,32.968,25.0,45.0,60.0,,25.0,0.5,33.45,,,0,trial
2026-07-04T20:22:12,reactive_hot_humid_bursty_r1,reactive,hot_humid,bursty,1,35.972,35.672,35.472,32.972,25.0,45.0,60.0,,25.0,0.5,33.46,,,0,trial
2026-07-04T20:22:12,reactive_hot_humid_bursty_r1,reactive,hot_humid,bursty,1,35.976,35.676,35.476,32.976,25.0,45.0,60.0,,25.0,0.5,33.47,,,0,trial
2026-07-04T20:22:12,reactive_hot_humid_bursty_r1,reactive,hot_humid,bursty,1,35.98,35.68,35.48,32.98,25.0,45.0,60.0,,25.0,0.5,33.48,,,0,trial
2026-07-04T20:22:12,reactive_hot_humid_bursty_r1,reactive,hot_humid,bursty,1,36.006,35.706,35.506,33.006,25.0,45.0,150.0,,100.0,2.0,33.5,,,0,trial
2026-07-04T20:22:12,reactive_hot_humid_bursty_r1,reactive,hot_humid,bursty,1,36.017,35.717,35.517,33.017,25.0,45.0,150.0,,100.0,2.0,33.51,,,0,trial
2026-07-04T20:22:12,reactive_hot_humid_bursty_r1,reactive,hot_humid,bursty,1,36.028,35.728,35.528,33.028,25.0,45.0,150.0,,100.0,2.0,33.52,,,0,trial
2026-07-04T20:22:12,reactive_hot_humid_bursty_r1,reactive,hot_humid,bursty,1,36.039,35.739,35.539,33.039,25.0,45.0,150.0,,100.0,2.0,33.53,,,0,trial
2026-07-04T20:22:12,reactive_hot_humid_bursty_r1,reactive,hot_humid,bursty,1,36.051,35.751,35.551,33.051,25.0,45.0,150.0,,100.0,2.0,33.55,,,0,trial
2026-07-04T20:22:12,reactive_hot_humid_bursty_r1,reactive,hot_humid,bursty,1,36.062,35.762,35.562,33.062,25.0,45.0,150.0,,100.0,2.0,33.56,,,0,trial
2026-07-04T20:22:12,reactive_hot_humid_bursty_r1,reactive,hot_humid,bursty,1,36.073,35.773,35.573,33.073,25.0,45.0,150.0,,100.0,2.0,33.57,,,0,trial
2026-07-04T20:22:12,reactive_hot_humid_bursty_r1,reactive,hot_humid,bursty,1,36.084,35.784,35.584,33.084,25.0,45.0,150.0,,100.0,2.0,33.58,,,0,trial
2026-07-04T20:22:12,reactive_hot_humid_bursty_r1,reactive,hot_humid,bursty,1,36.095,35.795,35.595,33.095,25.0,45.0,150.0,,100.0,2.0,33.6,,,0,trial
2026-07-04T20:22:12,reactive_hot_humid_bursty_r1,reactive,hot_humid,bursty,1,36.105,35.805,35.605,33.105,25.0,45.0,150.0,,100.0,2.0,33.61,,,0,trial
2026-07-04T20:22:12,reactive_hot_humid_bursty_r1,reactive,hot_humid,bursty,1,36.116,35.816,35.616,33.116,25.0,45.0,150.0,,100.0,2.0,33.62,,,0,trial
2026-07-04T20:22:12,reactive_hot_humid_bursty_r1,reactive,hot_humid,bursty,1,36.127,35.827,35.627,33.127,25.0,45.0,150.0,,100.0,2.0,33.64,,,0,trial
2026-07-04T20:22:12,reactive_hot_humid_bursty_r1,reactive,hot_humid,bursty,1,36.138,35.838,35.638,33.138,25.0,45.0,150.0,,100.0,2.0,33.65,,,0,trial
2026-07-04T20:22:12,reactive_hot_humid_bursty_r1,reactive,hot_humid,bursty,1,36.149,35.849,35.649,33.149,25.0,45.0,150.0,,100.0,2.0,33.66,,,0,trial
2026-07-04T20:22:12,reactive_hot_humid_bursty_r1,reactive,hot_humid,bursty,1,36.16,35.86,35.66,33.16,25.0,45.0,150.0,,100.0,2.0,33.67,,,0,trial
2026-07-04T20:22:12,reactive_hot_humid_bursty_r1,reactive,hot_humid,bursty,1,36.171,35.871,35.671,33.171,25.0,45.0,150.0,,100.0,2.0,33.69,,,0,trial
2026-07-04T20:22:12,reactive_hot_humid_bursty_r1,reactive,hot_humid,bursty,1,36.182,35.882,35.682,33.182,25.0,45.0,150.0,,100.0,2.0,33.7,,,0,trial
2026-07-04T20:22:12,reactive_hot_humid_bursty_r1,reactive,hot_humid,bursty,1,36.193,35.893,35.693,33.193,25.0,45.0,150.0,,100.0,2.0,33.71,,,0,trial
2026-07-04T20:22:12,reactive_hot_humid_bursty_r1,reactive,hot_humid,bursty,1,36.204,35.904,35.704,33.204,25.0,45.0,150.0,,100.0,2.0,33.73,,,0,trial
2026-07-04T20:22:12,reactive_hot_humid_bursty_r1,reactive,hot_humid,bursty,1,36.215,35.915,35.715,33.215,25.0,45.0,150.0,,100.0,2.0,33.74,,,0,trial
2026-07-04T20:22:12,reactive_hot_humid_bursty_r1,reactive,hot_humid,bursty,1,36.226,35.926,35.726,33.226,25.0,45.0,150.0,,100.0,2.0,33.75,,,0,trial
2026-07-04T20:22:12,reactive_hot_humid_bursty_r1,reactive,hot_humid,bursty,1,36.237,35.937,35.737,33.237,25.0,45.0,150.0,,100.0,2.0,33.76,,,0,trial
2026-07-04T20:22:12,reactive_hot_humid_bursty_r1,reactive,hot_humid,bursty,1,36.247,35.947,35.747,33.247,25.0,45.0,150.0,,100.0,2.0,33.78,,,0,trial
2026-07-04T20:22:12,reactive_hot_humid_bursty_r1,reactive,hot_humid,bursty,1,36.258,35.958,35.758,33.258,25.0,45.0,150.0,,100.0,2.0,33.79,,,0,trial
2026-07-04T20:22:12,reactive_hot_humid_bursty_r1,reactive,hot_humid,bursty,1,36.269,35.969,35.769,33.269,25.0,45.0,150.0,,100.0,2.0,33.8,,,0,trial
2026-07-04T20:22:12,reactive_hot_humid_bursty_r1,reactive,hot_humid,bursty,1,36.28,35.98,35.78,33.28,25.0,45.0,150.0,,100.0,2.0,33.82,,,0,trial
2026-07-04T20:22:12,reactive_hot_humid_bursty_r1,reactive,hot_humid,bursty,1,36.291,35.991,35.791,33.291,25.0,45.0,150.0,,100.0,2.0,33.83,,,0,trial
2026-07-04T20:22:12,reactive_hot_humid_bursty_r1,reactive,hot_humid,bursty,1,36.302,36.002,35.802,33.302,25.0,45.0,150.0,,100.0,2.0,33.84,,,0,trial
2026-07-04T20:22:12,reactive_hot_humid_bursty_r1,reactive,hot_humid,bursty,1,36.312,36.012,35.812,33.312,25.0,45.0,150.0,,100.0,2.0,33.85,,,0,trial
2026-07-04T20:22:12,reactive_hot_humid_bursty_r1,reactive,hot_humid,bursty,1,36.323,36.023,35.823,33.323,25.0,45.0,150.0,,100.0,2.0,33.87,,,0,trial
2026-07-04T20:22:12,reactive_hot_humid_bursty_r1,reactive,hot_humid,bursty,1,36.345,36.045,35.845,33.345,25.0,45.0,150.0,,100.0,2.0,33.88,,,0,trial
2026-07-04T20:22:12,reactive_hot_humid_bursty_r1,reactive,hot_humid,bursty,1,36.356,36.056,35.856,33.356,25.0,45.0,150.0,,100.0,2.0,33.89,,,0,trial
2026-07-04T20:22:12,reactive_hot_humid_bursty_r1,reactive,hot_humid,bursty,1,36.366,36.066,35.866,33.366,25.0,45.0,150.0,,100.0,2.0,33.91,,,0,trial
2026-07-04T20:22:12,reactive_hot_humid_bursty_r1,reactive,hot_humid,bursty,1,36.377,36.077,35.877,33.377,25.0,45.0,150.0,,100.0,2.0,33.92,,,0,trial
2026-07-04T20:22:12,reactive_hot_humid_bursty_r1,reactive,hot_humid,bursty,1,36.388,36.088,35.888,33.388,25.0,45.0,150.0,,100.0,2.0,33.93,,,0,trial
2026-07-04T20:22:12,reactive_hot_humid_bursty_r1,reactive,hot_humid,bursty,1,36.399,36.099,35.899,33.399,25.0,45.0,150.0,,100.0,2.0,33.94,,,0,trial
2026-07-04T20:22:12,reactive_hot_humid_bursty_r1,reactive,hot_humid,bursty,1,36.409,36.109,35.909,33.409,25.0,45.0,150.0,,100.0,2.0,33.96,,,0,trial
2026-07-04T20:22:12,reactive_hot_humid_bursty_r1,reactive,hot_humid,bursty,1,36.42,36.12,35.92,33.42,25.0,45.0,150.0,,100.0,2.0,33.97,,,0,trial
2026-07-04T20:22:12,reactive_hot_humid_bursty_r1,reactive,hot_humid,bursty,1,36.431,36.131,35.931,33.431,25.0,45.0,150.0,,100.0,2.0,33.98,,,0,trial
2026-07-04T20:22:12,reactive_hot_humid_bursty_r1,reactive,hot_humid,bursty,1,36.442,36.142,35.942,33.442,25.0,45.0,150.0,,100.0,2.0,34.0,,,0,trial
2026-07-04T20:22:12,reactive_hot_humid_bursty_r1,reactive,hot_humid,bursty,1,36.452,36.152,35.952,33.452,25.0,45.0,150.0,,100.0,2.0,34.01,,,0,trial
2026-07-04T20:22:12,reactive_hot_humid_bursty_r1,reactive,hot_humid,bursty,1,36.463,36.163,35.963,33.463,25.0,45.0,150.0,,100.0,2.0,34.02,,,0,trial
2026-07-04T20:22:12,reactive_hot_humid_bursty_r1,reactive,hot_humid,bursty,1,36.474,36.174,35.974,33.474,25.0,45.0,150.0,,100.0,2.0,34.04,,,0,trial
2026-07-04T20:22:12,reactive_hot_humid_bursty_r1,reactive,hot_humid,bursty,1,36.484,36.184,35.984,33.484,25.0,45.0,150.0,,100.0,2.0,34.05,,,0,trial
2026-07-04T20:22:12,reactive_hot_humid_bursty_r1,reactive,hot_humid,bursty,1,36.495,36.195,35.995,33.495,25.0,45.0,150.0,,100.0,2.0,34.06,,,0,trial
2026-07-04T20:22:12,reactive_hot_humid_bursty_r1,reactive,hot_humid,bursty,1,36.506,36.206,36.006,33.506,25.0,45.0,150.0,,100.0,2.0,34.07,,,0,trial
2026-07-04T20:22:12,reactive_hot_humid_bursty_r1,reactive,hot_humid,bursty,1,36.516,36.216,36.016,33.516,25.0,45.0,150.0,,100.0,2.0,34.09,,,0,trial
2026-07-04T20:22:12,reactive_hot_humid_bursty_r1,reactive,hot_humid,bursty,1,36.527,36.227,36.027,33.527,25.0,45.0,150.0,,100.0,2.0,34.1,,,0,trial
2026-07-04T20:22:12,reactive_hot_humid_bursty_r1,reactive,hot_humid,bursty,1,36.538,36.238,36.038,33.538,25.0,45.0,150.0,,100.0,2.0,34.11,,,0,trial
2026-07-04T20:22:12,reactive_hot_humid_bursty_r1,reactive,hot_humid,bursty,1,36.548,36.248,36.048,33.548,25.0,45.0,150.0,,100.0,2.0,34.13,,,0,trial
2026-07-04T20:22:12,reactive_hot_humid_bursty_r1,reactive,hot_humid,bursty,1,36.559,36.259,36.059,33.559,25.0,45.0,150.0,,100.0,2.0,34.14,,,0,trial
2026-07-04T20:22:12,reactive_hot_humid_bursty_r1,reactive,hot_humid,bursty,1,36.569,36.269,36.069,33.569,25.0,45.0,150.0,,100.0,2.0,34.15,,,0,trial
2026-07-04T20:22:12,reactive_hot_humid_bursty_r1,reactive,hot_humid,bursty,1,36.58,36.28,36.08,33.58,25.0,45.0,150.0,,100.0,2.0,34.17,,,0,trial
2026-07-04T20:22:12,reactive_hot_humid_bursty_r1,reactive,hot_humid,bursty,1,36.591,36.291,36.091,33.591,25.0,45.0,150.0,,100.0,2.0,34.18,,,0,trial
2026-07-04T20:22:12,reactive_hot_humid_bursty_r1,reactive,hot_humid,bursty,1,36.601,36.301,36.101,33.601,25.0,45.0,150.0,,100.0,2.0,34.19,,,0,trial
2026-07-04T20:22:12,reactive_hot_humid_bursty_r1,reactive,hot_humid,bursty,1,36.612,36.312,36.112,33.612,25.0,45.0,150.0,,100.0,2.0,34.21,,,0,trial
2026-07-04T20:22:12,reactive_hot_humid_bursty_r1,reactive,hot_humid,bursty,1,36.622,36.322,36.122,33.622,25.0,45.0,150.0,,100.0,2.0,34.22,,,0,trial
2026-07-04T20:22:12,reactive_hot_humid_bursty_r1,reactive,hot_humid,bursty,1,36.633,36.333,36.133,33.633,25.0,45.0,150.0,,100.0,2.0,34.23,,,0,trial
2026-07-04T20:22:12,reactive_hot_humid_bursty_r1,reactive,hot_humid,bursty,1,36.643,36.343,36.143,33.643,25.0,45.0,150.0,,100.0,2.0,34.24,,,0,trial
2026-07-04T20:22:12,reactive_hot_humid_bursty_r1,reactive,hot_humid,bursty,1,36.654,36.354,36.154,33.654,25.0,45.0,150.0,,100.0,2.0,34.26,,,0,trial
2026-07-04T20:22:12,reactive_hot_humid_bursty_r1,reactive,hot_humid,bursty,1,36.677,36.377,36.177,33.677,25.0,45.0,150.0,,75.0,1.5,34.27,,,0,trial
2026-07-04T20:22:12,reactive_hot_humid_bursty_r1,reactive,hot_humid,bursty,1,36.689,36.389,36.189,33.689,25.0,45.0,150.0,,75.0,1.5,34.28,,,0,trial
2026-07-04T20:22:12,reactive_hot_humid_bursty_r1,reactive,hot_humid,bursty,1,36.7,36.4,36.2,33.7,25.0,45.0,150.0,,75.0,1.5,34.3,,,0,trial
2026-07-04T20:22:12,reactive_hot_humid_bursty_r1,reactive,hot_humid,bursty,1,36.712,36.412,36.212,33.712,25.0,45.0,150.0,,75.0,1.5,34.31,,,0,trial
2026-07-04T20:22:12,reactive_hot_humid_bursty_r1,reactive,hot_humid,bursty,1,36.724,36.424,36.224,33.724,25.0,45.0,150.0,,75.0,1.5,34.32,,,0,trial
2026-07-04T20:22:12,reactive_hot_humid_bursty_r1,reactive,hot_humid,bursty,1,36.736,36.436,36.236,33.736,25.0,45.0,150.0,,75.0,1.5,34.34,,,0,trial
2026-07-04T20:22:12,reactive_hot_humid_bursty_r1,reactive,hot_humid,bursty,1,36.748,36.448,36.248,33.748,25.0,45.0,150.0,,75.0,1.5,34.35,,,0,trial
2026-07-04T20:22:12,reactive_hot_humid_bursty_r1,reactive,hot_humid,bursty,1,36.76,36.46,36.26,33.76,25.0,45.0,150.0,,75.0,1.5,34.36,,,0,trial
2026-07-04T20:22:12,reactive_hot_humid_bursty_r1,reactive,hot_humid,bursty,1,36.772,36.472,36.272,33.772,25.0,45.0,150.0,,75.0,1.5,34.38,,,0,trial
2026-07-04T20:22:12,reactive_hot_humid_bursty_r1,reactive,hot_humid,bursty,1,36.784,36.484,36.284,33.784,25.0,45.0,150.0,,75.0,1.5,34.39,,,0,trial
2026-07-04T20:22:12,reactive_hot_humid_bursty_r1,reactive,hot_humid,bursty,1,36.796,36.496,36.296,33.796,25.0,45.0,150.0,,75.0,1.5,34.4,,,0,trial
2026-07-04T20:22:12,reactive_hot_humid_bursty_r1,reactive,hot_humid,bursty,1,36.808,36.508,36.308,33.808,25.0,45.0,150.0,,75.0,1.5,34.41,,,0,trial
2026-07-04T20:22:12,reactive_hot_humid_bursty_r1,reactive,hot_humid,bursty,1,36.82,36.52,36.32,33.82,25.0,45.0,150.0,,75.0,1.5,34.43,,,0,trial
2026-07-04T20:22:12,reactive_hot_humid_bursty_r1,reactive,hot_humid,bursty,1,36.832,36.532,36.332,33.832,25.0,45.0,150.0,,75.0,1.5,34.44,,,0,trial
2026-07-04T20:22:12,reactive_hot_humid_bursty_r1,reactive,hot_humid,bursty,1,36.843,36.543,36.343,33.843,25.0,45.0,150.0,,75.0,1.5,34.45,,,0,trial
2026-07-04T20:22:12,reactive_hot_humid_bursty_r1,reactive,hot_humid,bursty,1,36.855,36.555,36.355,33.855,25.0,45.0,150.0,,75.0,1.5,34.47,,,0,trial
2026-07-04T20:22:12,reactive_hot_humid_bursty_r1,reactive,hot_humid,bursty,1,36.867,36.567,36.367,33.867,25.0,45.0,150.0,,75.0,1.5,34.48,,,0,trial
2026-07-04T20:22:12,reactive_hot_humid_bursty_r1,reactive,hot_humid,bursty,1,36.879,36.579,36.379,33.879,25.0,45.0,150.0,,75.0,1.5,34.49,,,0,trial
2026-07-04T20:22:12,reactive_hot_humid_bursty_r1,reactive,hot_humid,bursty,1,36.891,36.591,36.391,33.891,25.0,45.0,150.0,,75.0,1.5,34.51,,,0,trial
2026-07-04T20:22:12,reactive_hot_humid_bursty_r1,reactive,hot_humid,bursty,1,36.903,36.603,36.403,33.903,25.0,45.0,150.0,,75.0,1.5,34.52,,,0,trial
2026-07-04T20:22:12,reactive_hot_humid_bursty_r1,reactive,hot_humid,bursty,1,36.915,36.615,36.415,33.915,25.0,45.0,150.0,,75.0,1.5,34.53,,,0,trial
2026-07-04T20:22:12,reactive_hot_humid_bursty_r1,reactive,hot_humid,bursty,1,36.926,36.626,36.426,33.926,25.0,45.0,150.0,,75.0,1.5,34.55,,,0,trial
2026-07-04T20:22:12,reactive_hot_humid_bursty_r1,reactive,hot_humid,bursty,1,36.938,36.638,36.438,33.938,25.0,45.0,150.0,,75.0,1.5,34.56,,,0,trial
2026-07-04T20:22:12,reactive_hot_humid_bursty_r1,reactive,hot_humid,bursty,1,36.95,36.65,36.45,33.95,25.0,45.0,150.0,,75.0,1.5,34.57,,,0,trial
2026-07-04T20:22:12,reactive_hot_humid_bursty_r1,reactive,hot_humid,bursty,1,36.962,36.662,36.462,33.962,25.0,45.0,150.0,,75.0,1.5,34.58,,,0,trial
2026-07-04T20:22:12,reactive_hot_humid_bursty_r1,reactive,hot_humid,bursty,1,36.974,36.674,36.474,33.974,25.0,45.0,150.0,,75.0,1.5,34.6,,,0,trial
2026-07-04T20:22:12,reactive_hot_humid_bursty_r1,reactive,hot_humid,bursty,1,36.985,36.685,36.485,33.985,25.0,45.0,150.0,,75.0,1.5,34.61,,,0,trial
2026-07-04T20:22:12,reactive_hot_humid_bursty_r1,reactive,hot_humid,bursty,1,36.997,36.697,36.497,33.997,25.0,45.0,150.0,,75.0,1.5,34.62,,,0,trial
2026-07-04T20:22:12,reactive_hot_humid_bursty_r1,reactive,hot_humid,bursty,1,37.009,36.709,36.509,34.009,25.0,45.0,150.0,,75.0,1.5,34.64,,,0,trial
2026-07-04T20:22:12,reactive_hot_humid_bursty_r1,reactive,hot_humid,bursty,1,37.021,36.721,36.521,34.021,25.0,45.0,150.0,,75.0,1.5,34.65,,,0,trial
2026-07-04T20:22:12,reactive_hot_humid_bursty_r1,reactive,hot_humid,bursty,1,37.043,36.743,36.543,34.043,25.0,45.0,150.0,,100.0,2.0,34.66,,,0,trial
2026-07-04T20:22:12,reactive_hot_humid_bursty_r1,reactive,hot_humid,bursty,1,37.053,36.753,36.553,34.053,25.0,45.0,150.0,,100.0,2.0,34.68,,,0,trial
2026-07-04T20:22:12,reactive_hot_humid_bursty_r1,reactive,hot_humid,bursty,1,37.063,36.763,36.563,34.063,25.0,45.0,150.0,,100.0,2.0,34.69,,,0,trial
2026-07-04T20:22:12,reactive_hot_humid_bursty_r1,reactive,hot_humid,bursty,1,37.073,36.773,36.573,34.073,25.0,45.0,150.0,,100.0,2.0,34.7,,,0,trial
2026-07-04T20:22:12,reactive_hot_humid_bursty_r1,reactive,hot_humid,bursty,1,37.083,36.783,36.583,34.083,25.0,45.0,150.0,,100.0,2.0,34.71,,,0,trial
2026-07-04T20:22:12,reactive_hot_humid_bursty_r1,reactive,hot_humid,bursty,1,37.094,36.794,36.594,34.094,25.0,45.0,150.0,,100.0,2.0,34.73,,,0,trial
2026-07-04T20:22:12,reactive_hot_humid_bursty_r1,reactive,hot_humid,bursty,1,37.104,36.804,36.604,34.104,25.0,45.0,150.0,,100.0,2.0,34.74,,,0,trial
2026-07-04T20:22:12,reactive_hot_humid_bursty_r1,reactive,hot_humid,bursty,1,37.114,36.814,36.614,34.114,25.0,45.0,150.0,,100.0,2.0,34.75,,,0,trial
2026-07-04T20:22:12,reactive_hot_humid_bursty_r1,reactive,hot_humid,bursty,1,37.124,36.824,36.624,34.124,25.0,45.0,150.0,,100.0,2.0,34.77,,,0,trial
2026-07-04T20:22:12,reactive_hot_humid_bursty_r1,reactive,hot_humid,bursty,1,37.134,36.834,36.634,34.134,25.0,45.0,150.0,,100.0,2.0,34.78,,,0,trial
2026-07-04T20:22:12,reactive_hot_humid_bursty_r1,reactive,hot_humid,bursty,1,37.145,36.845,36.645,34.145,25.0,45.0,150.0,,100.0,2.0,34.79,,,0,trial
2026-07-04T20:22:12,reactive_hot_humid_bursty_r1,reactive,hot_humid,bursty,1,37.155,36.855,36.655,34.155,25.0,45.0,150.0,,100.0,2.0,34.81,,,0,trial
2026-07-04T20:22:12,reactive_hot_humid_bursty_r1,reactive,hot_humid,bursty,1,37.165,36.865,36.665,34.165,25.0,45.0,150.0,,100.0,2.0,34.82,,,0,trial
2026-07-04T20:22:12,reactive_hot_humid_bursty_r1,reactive,hot_humid,bursty,1,37.175,36.875,36.675,34.175,25.0,45.0,150.0,,100.0,2.0,34.83,,,0,trial
2026-07-04T20:22:12,reactive_hot_humid_bursty_r1,reactive,hot_humid,bursty,1,37.185,36.885,36.685,34.185,25.0,45.0,150.0,,100.0,2.0,34.84,,,0,trial
2026-07-04T20:22:12,reactive_hot_humid_bursty_r1,reactive,hot_humid,bursty,1,37.195,36.895,36.695,34.195,25.0,45.0,150.0,,100.0,2.0,34.86,,,0,trial
2026-07-04T20:22:12,reactive_hot_humid_bursty_r1,reactive,hot_humid,bursty,1,37.205,36.905,36.705,34.205,25.0,45.0,150.0,,100.0,2.0,34.87,,,0,trial
2026-07-04T20:22:12,reactive_hot_humid_bursty_r1,reactive,hot_humid,bursty,1,37.215,36.915,36.715,34.215,25.0,45.0,150.0,,100.0,2.0,34.88,,,0,trial
2026-07-04T20:22:12,reactive_hot_humid_bursty_r1,reactive,hot_humid,bursty,1,37.226,36.926,36.726,34.226,25.0,45.0,150.0,,100.0,2.0,34.9,,,0,trial
2026-07-04T20:22:12,reactive_hot_humid_bursty_r1,reactive,hot_humid,bursty,1,37.236,36.936,36.736,34.236,25.0,45.0,150.0,,100.0,2.0,34.91,,,0,trial
2026-07-04T20:22:12,reactive_hot_humid_bursty_r1,reactive,hot_humid,bursty,1,37.246,36.946,36.746,34.246,25.0,45.0,150.0,,100.0,2.0,34.92,,,0,trial
2026-07-04T20:22:12,reactive_hot_humid_bursty_r1,reactive,hot_humid,bursty,1,37.256,36.956,36.756,34.256,25.0,45.0,150.0,,100.0,2.0,34.93,,,0,trial
2026-07-04T20:22:12,reactive_hot_humid_bursty_r1,reactive,hot_humid,bursty,1,37.266,36.966,36.766,34.266,25.0,45.0,150.0,,100.0,2.0,34.95,,,0,trial
2026-07-04T20:22:12,reactive_hot_humid_bursty_r1,reactive,hot_humid,bursty,1,37.276,36.976,36.776,34.276,25.0,45.0,150.0,,100.0,2.0,34.96,,,0,trial
2026-07-04T20:22:12,reactive_hot_humid_bursty_r1,reactive,hot_humid,bursty,1,37.286,36.986,36.786,34.286,25.0,45.0,150.0,,100.0,2.0,34.97,,,0,trial
2026-07-04T20:22:12,reactive_hot_humid_bursty_r1,reactive,hot_humid,bursty,1,37.296,36.996,36.796,34.296,25.0,45.0,150.0,,100.0,2.0,34.99,,,0,trial
2026-07-04T20:22:12,reactive_hot_humid_bursty_r1,reactive,hot_humid,bursty,1,37.306,37.006,36.806,34.306,25.0,45.0,150.0,,100.0,2.0,35.0,,,0,trial
2026-07-04T20:22:12,reactive_hot_humid_bursty_r1,reactive,hot_humid,bursty,1,37.316,37.016,36.816,34.316,25.0,45.0,150.0,,100.0,2.0,35.01,,,0,trial
2026-07-04T20:22:12,reactive_hot_humid_bursty_r1,reactive,hot_humid,bursty,1,37.326,37.026,36.826,34.326,25.0,45.0,150.0,,100.0,2.0,35.02,,,0,trial
2026-07-04T20:22:12,reactive_hot_humid_bursty_r1,reactive,hot_humid,bursty,1,37.336,37.036,36.836,34.336,25.0,45.0,150.0,,100.0,2.0,35.04,,,0,trial
2026-07-04T20:22:12,reactive_hot_humid_bursty_r1,reactive,hot_humid,bursty,1,37.356,37.056,36.856,34.356,25.0,45.0,150.0,,100.0,2.0,35.05,,,0,trial
2026-07-04T20:22:12,reactive_hot_humid_bursty_r1,reactive,hot_humid,bursty,1,37.366,37.066,36.866,34.366,25.0,45.0,150.0,,100.0,2.0,35.06,,,0,trial
2026-07-04T20:22:12,reactive_hot_humid_bursty_r1,reactive,hot_humid,bursty,1,37.376,37.076,36.876,34.376,25.0,45.0,150.0,,100.0,2.0,35.07,,,0,trial
2026-07-04T20:22:12,reactive_hot_humid_bursty_r1,reactive,hot_humid,bursty,1,37.386,37.086,36.886,34.386,25.0,45.0,150.0,,100.0,2.0,35.09,,,0,trial
2026-07-04T20:22:12,reactive_hot_humid_bursty_r1,reactive,hot_humid,bursty,1,37.396,37.096,36.896,34.396,25.0,45.0,150.0,,100.0,2.0,35.1,,,0,trial
2026-07-04T20:22:12,reactive_hot_humid_bursty_r1,reactive,hot_humid,bursty,1,37.406,37.106,36.906,34.406,25.0,45.0,150.0,,100.0,2.0,35.11,,,0,trial
2026-07-04T20:22:12,reactive_hot_humid_bursty_r1,reactive,hot_humid,bursty,1,37.416,37.116,36.916,34.416,25.0,45.0,150.0,,100.0,2.0,35.13,,,0,trial
2026-07-04T20:22:12,reactive_hot_humid_bursty_r1,reactive,hot_humid,bursty,1,37.426,37.126,36.926,34.426,25.0,45.0,150.0,,100.0,2.0,35.14,,,0,trial
2026-07-04T20:22:12,reactive_hot_humid_bursty_r1,reactive,hot_humid,bursty,1,37.436,37.136,36.936,34.436,25.0,45.0,150.0,,100.0,2.0,35.15,,,0,trial
2026-07-04T20:22:12,reactive_hot_humid_bursty_r1,reactive,hot_humid,bursty,1,37.446,37.146,36.946,34.446,25.0,45.0,150.0,,100.0,2.0,35.16,,,0,trial
2026-07-04T20:22:12,reactive_hot_humid_bursty_r1,reactive,hot_humid,bursty,1,37.455,37.155,36.955,34.455,25.0,45.0,150.0,,100.0,2.0,35.18,,,0,trial
2026-07-04T20:22:12,reactive_hot_humid_bursty_r1,reactive,hot_humid,bursty,1,37.465,37.165,36.965,34.465,25.0,45.0,150.0,,100.0,2.0,35.19,,,0,trial
2026-07-04T20:22:12,reactive_hot_humid_bursty_r1,reactive,hot_humid,bursty,1,37.475,37.175,36.975,34.475,25.0,45.0,150.0,,100.0,2.0,35.2,,,0,trial
2026-07-04T20:22:12,reactive_hot_humid_bursty_r1,reactive,hot_humid,bursty,1,37.485,37.185,36.985,34.485,25.0,45.0,150.0,,100.0,2.0,35.21,,,0,trial
2026-07-04T20:22:12,reactive_hot_humid_bursty_r1,reactive,hot_humid,bursty,1,37.495,37.195,36.995,34.495,25.0,45.0,150.0,,100.0,2.0,35.23,,,0,trial
2026-07-04T20:22:12,reactive_hot_humid_bursty_r1,reactive,hot_humid,bursty,1,37.505,37.205,37.005,34.505,25.0,45.0,150.0,,100.0,2.0,35.24,,,0,trial
2026-07-04T20:22:12,reactive_hot_humid_bursty_r1,reactive,hot_humid,bursty,1,37.515,37.215,37.015,34.515,25.0,45.0,150.0,,100.0,2.0,35.25,,,0,trial
2026-07-04T20:22:12,reactive_hot_humid_bursty_r1,reactive,hot_humid,bursty,1,37.525,37.225,37.025,34.525,25.0,45.0,150.0,,100.0,2.0,35.26,,,0,trial
2026-07-04T20:22:12,reactive_hot_humid_bursty_r1,reactive,hot_humid,bursty,1,37.534,37.234,37.034,34.534,25.0,45.0,150.0,,100.0,2.0,35.28,,,0,trial
2026-07-04T20:22:12,reactive_hot_humid_bursty_r1,reactive,hot_humid,bursty,1,37.544,37.244,37.044,34.544,25.0,45.0,150.0,,100.0,2.0,35.29,,,0,trial
2026-07-04T20:22:12,reactive_hot_humid_bursty_r1,reactive,hot_humid,bursty,1,37.554,37.254,37.054,34.554,25.0,45.0,150.0,,100.0,2.0,35.3,,,0,trial
2026-07-04T20:22:12,reactive_hot_humid_bursty_r1,reactive,hot_humid,bursty,1,37.564,37.264,37.064,34.564,25.0,45.0,150.0,,100.0,2.0,35.31,,,0,trial
2026-07-04T20:22:12,reactive_hot_humid_bursty_r1,reactive,hot_humid,bursty,1,37.574,37.274,37.074,34.574,25.0,45.0,150.0,,100.0,2.0,35.33,,,0,trial
2026-07-04T20:22:12,reactive_hot_humid_bursty_r1,reactive,hot_humid,bursty,1,37.584,37.284,37.084,34.584,25.0,45.0,150.0,,100.0,2.0,35.34,,,0,trial
2026-07-04T20:22:12,reactive_hot_humid_bursty_r1,reactive,hot_humid,bursty,1,37.593,37.293,37.093,34.593,25.0,45.0,150.0,,100.0,2.0,35.35,,,0,trial
2026-07-04T20:22:12,reactive_hot_humid_bursty_r1,reactive,hot_humid,bursty,1,37.603,37.303,37.103,34.603,25.0,45.0,150.0,,100.0,2.0,35.36,,,0,trial
2026-07-04T20:22:12,reactive_hot_humid_bursty_r1,reactive,hot_humid,bursty,1,37.613,37.313,37.113,34.613,25.0,45.0,150.0,,100.0,2.0,35.37,,,0,trial
2026-07-04T20:22:12,reactive_hot_humid_bursty_r1,reactive,hot_humid,bursty,1,37.623,37.323,37.123,34.623,25.0,45.0,150.0,,100.0,2.0,35.39,,,0,trial
2026-07-04T20:22:12,reactive_hot_humid_bursty_r1,reactive,hot_humid,bursty,1,37.633,37.333,37.133,34.633,25.0,45.0,150.0,,100.0,2.0,35.4,,,0,trial
2026-07-04T20:22:12,reactive_hot_humid_bursty_r1,reactive,hot_humid,bursty,1,37.642,37.342,37.142,34.642,25.0,45.0,150.0,,100.0,2.0,35.41,,,0,trial
2026-07-04T20:22:12,reactive_hot_humid_bursty_r1,reactive,hot_humid,bursty,1,37.663,37.363,37.163,34.663,25.0,45.0,150.0,,75.0,1.5,35.42,,,0,trial
2026-07-04T20:22:12,reactive_hot_humid_bursty_r1,reactive,hot_humid,bursty,1,37.675,37.375,37.175,34.675,25.0,45.0,150.0,,75.0,1.5,35.44,,,0,trial
2026-07-04T20:22:12,reactive_hot_humid_bursty_r1,reactive,hot_humid,bursty,1,37.686,37.386,37.186,34.686,25.0,45.0,150.0,,75.0,1.5,35.45,,,0,trial
2026-07-04T20:22:12,reactive_hot_humid_bursty_r1,reactive,hot_humid,bursty,1,37.697,37.397,37.197,34.697,25.0,45.0,150.0,,75.0,1.5,35.46,,,0,trial
2026-07-04T20:22:12,reactive_hot_humid_bursty_r1,reactive,hot_humid,bursty,1,37.709,37.409,37.209,34.709,25.0,45.0,150.0,,75.0,1.5,35.47,,,0,trial
2026-07-04T20:22:12,reactive_hot_humid_bursty_r1,reactive,hot_humid,bursty,1,37.72,37.42,37.22,34.72,25.0,45.0,150.0,,75.0,1.5,35.48,,,0,trial
2026-07-04T20:22:12,reactive_hot_humid_bursty_r1,reactive,hot_humid,bursty,1,37.731,37.431,37.231,34.731,25.0,45.0,150.0,,75.0,1.5,35.5,,,0,trial
2026-07-04T20:22:12,reactive_hot_humid_bursty_r1,reactive,hot_humid,bursty,1,37.742,37.442,37.242,34.742,25.0,45.0,150.0,,75.0,1.5,35.51,,,0,trial
2026-07-04T20:22:12,reactive_hot_humid_bursty_r1,reactive,hot_humid,bursty,1,37.754,37.454,37.254,34.754,25.0,45.0,150.0,,75.0,1.5,35.52,,,0,trial
2026-07-04T20:22:12,reactive_hot_humid_bursty_r1,reactive,hot_humid,bursty,1,37.765,37.465,37.265,34.765,25.0,45.0,150.0,,75.0,1.5,35.53,,,0,trial
2026-07-04T20:22:12,reactive_hot_humid_bursty_r1,reactive,hot_humid,bursty,1,37.776,37.476,37.276,34.776,25.0,45.0,150.0,,75.0,1.5,35.54,,,0,trial
2026-07-04T20:22:12,reactive_hot_humid_bursty_r1,reactive,hot_humid,bursty,1,37.787,37.487,37.287,34.787,25.0,45.0,150.0,,75.0,1.5,35.56,,,0,trial
2026-07-04T20:22:12,reactive_hot_humid_bursty_r1,reactive,hot_humid,bursty,1,37.799,37.499,37.299,34.799,25.0,45.0,150.0,,75.0,1.5,35.57,,,0,trial
2026-07-04T20:22:12,reactive_hot_humid_bursty_r1,reactive,hot_humid,bursty,1,37.81,37.51,37.31,34.81,25.0,45.0,150.0,,75.0,1.5,35.58,,,0,trial
2026-07-04T20:22:12,reactive_hot_humid_bursty_r1,reactive,hot_humid,bursty,1,37.821,37.521,37.321,34.821,25.0,45.0,150.0,,75.0,1.5,35.59,,,0,trial
2026-07-04T20:22:12,reactive_hot_humid_bursty_r1,reactive,hot_humid,bursty,1,37.832,37.532,37.332,34.832,25.0,45.0,150.0,,75.0,1.5,35.6,,,0,trial
2026-07-04T20:22:12,reactive_hot_humid_bursty_r1,reactive,hot_humid,bursty,1,37.844,37.544,37.344,34.844,25.0,45.0,150.0,,75.0,1.5,35.61,,,0,trial
2026-07-04T20:22:12,reactive_hot_humid_bursty_r1,reactive,hot_humid,bursty,1,37.855,37.555,37.355,34.855,25.0,45.0,150.0,,75.0,1.5,35.63,,,0,trial
2026-07-04T20:22:12,reactive_hot_humid_bursty_r1,reactive,hot_humid,bursty,1,37.866,37.566,37.366,34.866,25.0,45.0,150.0,,75.0,1.5,35.64,,,0,trial
2026-07-04T20:22:12,reactive_hot_humid_bursty_r1,reactive,hot_humid,bursty,1,37.877,37.577,37.377,34.877,25.0,45.0,150.0,,75.0,1.5,35.65,,,0,trial
2026-07-04T20:22:12,reactive_hot_humid_bursty_r1,reactive,hot_humid,bursty,1,37.888,37.588,37.388,34.888,25.0,45.0,150.0,,75.0,1.5,35.66,,,0,trial
2026-07-04T20:22:12,reactive_hot_humid_bursty_r1,reactive,hot_humid,bursty,1,37.9,37.6,37.4,34.9,25.0,45.0,150.0,,75.0,1.5,35.67,,,0,trial
2026-07-04T20:22:12,reactive_hot_humid_bursty_r1,reactive,hot_humid,bursty,1,37.911,37.611,37.411,34.911,25.0,45.0,150.0,,75.0,1.5,35.68,,,0,trial
2026-07-04T20:22:12,reactive_hot_humid_bursty_r1,reactive,hot_humid,bursty,1,37.922,37.622,37.422,34.922,25.0,45.0,150.0,,75.0,1.5,35.7,,,0,trial
2026-07-04T20:22:12,reactive_hot_humid_bursty_r1,reactive,hot_humid,bursty,1,37.933,37.633,37.433,34.933,25.0,45.0,150.0,,75.0,1.5,35.71,,,0,trial
2026-07-04T20:22:12,reactive_hot_humid_bursty_r1,reactive,hot_humid,bursty,1,37.944,37.644,37.444,34.944,25.0,45.0,150.0,,75.0,1.5,35.72,,,0,trial
2026-07-04T20:22:12,reactive_hot_humid_bursty_r1,reactive,hot_humid,bursty,1,37.955,37.655,37.455,34.955,25.0,45.0,150.0,,75.0,1.5,35.73,,,0,trial
2026-07-04T20:22:12,reactive_hot_humid_bursty_r1,reactive,hot_humid,bursty,1,37.966,37.666,37.466,34.966,25.0,45.0,150.0,,75.0,1.5,35.74,,,0,trial
2026-07-04T20:22:12,reactive_hot_humid_bursty_r1,reactive,hot_humid,bursty,1,37.978,37.678,37.478,34.978,25.0,45.0,150.0,,75.0,1.5,35.75,,,0,trial
2026-07-04T20:22:12,reactive_hot_humid_bursty_r1,reactive,hot_humid,bursty,1,37.989,37.689,37.489,34.989,25.0,45.0,150.0,,75.0,1.5,35.76,,,0,trial
2026-07-04T20:22:12,reactive_hot_humid_bursty_r1,reactive,hot_humid,bursty,1,38.013,37.713,37.513,35.013,25.0,45.0,150.0,,50.0,1.0,35.78,,,0,trial
2026-07-04T20:22:12,reactive_hot_humid_bursty_r1,reactive,hot_humid,bursty,1,38.026,37.726,37.526,35.026,25.0,45.0,150.0,,50.0,1.0,35.79,,,0,trial
2026-07-04T20:22:12,reactive_hot_humid_bursty_r1,reactive,hot_humid,bursty,1,38.038,37.738,37.538,35.038,25.0,45.0,150.0,,50.0,1.0,35.8,,,0,trial
2026-07-04T20:22:12,reactive_hot_humid_bursty_r1,reactive,hot_humid,bursty,1,38.051,37.751,37.551,35.051,25.0,45.0,150.0,,50.0,1.0,35.81,,,0,trial
2026-07-04T20:22:12,reactive_hot_humid_bursty_r1,reactive,hot_humid,bursty,1,38.064,37.764,37.564,35.064,25.0,45.0,150.0,,50.0,1.0,35.82,,,0,trial
2026-07-04T20:22:12,reactive_hot_humid_bursty_r1,reactive,hot_humid,bursty,1,38.077,37.777,37.577,35.077,25.0,45.0,150.0,,50.0,1.0,35.83,,,0,trial
2026-07-04T20:22:12,reactive_hot_humid_bursty_r1,reactive,hot_humid,bursty,1,38.09,37.79,37.59,35.09,25.0,45.0,150.0,,50.0,1.0,35.84,,,0,trial
2026-07-04T20:22:12,reactive_hot_humid_bursty_r1,reactive,hot_humid,bursty,1,38.103,37.803,37.603,35.103,25.0,45.0,150.0,,50.0,1.0,35.85,,,0,trial
2026-07-04T20:22:12,reactive_hot_humid_bursty_r1,reactive,hot_humid,bursty,1,38.116,37.816,37.616,35.116,25.0,45.0,150.0,,50.0,1.0,35.87,,,0,trial
2026-07-04T20:22:12,reactive_hot_humid_bursty_r1,reactive,hot_humid,bursty,1,38.128,37.828,37.628,35.128,25.0,45.0,150.0,,50.0,1.0,35.88,,,0,trial
2026-07-04T20:22:12,reactive_hot_humid_bursty_r1,reactive,hot_humid,bursty,1,38.141,37.841,37.641,35.141,25.0,45.0,150.0,,50.0,1.0,35.89,,,0,trial
2026-07-04T20:22:12,reactive_hot_humid_bursty_r1,reactive,hot_humid,bursty,1,38.154,37.854,37.654,35.154,25.0,45.0,150.0,,50.0,1.0,35.9,,,0,trial
2026-07-04T20:22:12,reactive_hot_humid_bursty_r1,reactive,hot_humid,bursty,1,38.167,37.867,37.667,35.167,25.0,45.0,150.0,,50.0,1.0,35.91,,,0,trial
2026-07-04T20:22:12,reactive_hot_humid_bursty_r1,reactive,hot_humid,bursty,1,38.18,37.88,37.68,35.18,25.0,45.0,150.0,,50.0,1.0,35.92,,,0,trial
2026-07-04T20:22:12,reactive_hot_humid_bursty_r1,reactive,hot_humid,bursty,1,38.192,37.892,37.692,35.192,25.0,45.0,150.0,,50.0,1.0,35.93,,,0,trial
2026-07-04T20:22:12,reactive_hot_humid_bursty_r1,reactive,hot_humid,bursty,1,38.205,37.905,37.705,35.205,25.0,45.0,150.0,,50.0,1.0,35.94,,,0,trial
2026-07-04T20:22:12,reactive_hot_humid_bursty_r1,reactive,hot_humid,bursty,1,38.218,37.918,37.718,35.218,25.0,45.0,150.0,,50.0,1.0,35.95,,,0,trial
2026-07-04T20:22:12,reactive_hot_humid_bursty_r1,reactive,hot_humid,bursty,1,38.231,37.931,37.731,35.231,25.0,45.0,150.0,,50.0,1.0,35.96,,,0,trial
2026-07-04T20:22:12,reactive_hot_humid_bursty_r1,reactive,hot_humid,bursty,1,38.244,37.944,37.744,35.244,25.0,45.0,150.0,,50.0,1.0,35.97,,,0,trial
2026-07-04T20:22:12,reactive_hot_humid_bursty_r1,reactive,hot_humid,bursty,1,38.256,37.956,37.756,35.256,25.0,45.0,150.0,,50.0,1.0,35.99,,,0,trial
2026-07-04T20:22:12,reactive_hot_humid_bursty_r1,reactive,hot_humid,bursty,1,38.269,37.969,37.769,35.269,25.0,45.0,150.0,,50.0,1.0,36.0,,,0,trial
2026-07-04T20:22:12,reactive_hot_humid_bursty_r1,reactive,hot_humid,bursty,1,38.282,37.982,37.782,35.282,25.0,45.0,150.0,,50.0,1.0,36.01,,,0,trial
2026-07-04T20:22:12,reactive_hot_humid_bursty_r1,reactive,hot_humid,bursty,1,38.295,37.995,37.795,35.295,25.0,45.0,150.0,,50.0,1.0,36.02,,,0,trial
2026-07-04T20:22:12,reactive_hot_humid_bursty_r1,reactive,hot_humid,bursty,1,38.307,38.007,37.807,35.307,25.0,45.0,150.0,,50.0,1.0,36.03,,,0,trial
2026-07-04T20:22:12,reactive_hot_humid_bursty_r1,reactive,hot_humid,bursty,1,38.32,38.02,37.82,35.32,25.0,45.0,150.0,,50.0,1.0,36.04,,,0,trial
2026-07-04T20:22:12,reactive_hot_humid_bursty_r1,reactive,hot_humid,bursty,1,38.333,38.033,37.833,35.333,25.0,45.0,150.0,,50.0,1.0,36.05,,,0,trial
2026-07-04T20:22:12,reactive_hot_humid_bursty_r1,reactive,hot_humid,bursty,1,38.345,38.045,37.845,35.345,25.0,45.0,150.0,,50.0,1.0,36.06,,,0,trial
2026-07-04T20:22:12,reactive_hot_humid_bursty_r1,reactive,hot_humid,bursty,1,38.358,38.058,37.858,35.358,25.0,45.0,150.0,,50.0,1.0,36.07,,,0,trial
2026-07-04T20:22:12,reactive_hot_humid_bursty_r1,reactive,hot_humid,bursty,1,38.371,38.071,37.871,35.371,25.0,45.0,150.0,,50.0,1.0,36.08,,,0,trial
2026-07-04T20:22:12,reactive_hot_humid_bursty_r1,reactive,hot_humid,bursty,1,38.384,38.084,37.884,35.384,25.0,45.0,150.0,,50.0,1.0,36.09,,,0,trial
2026-07-04T20:22:12,reactive_hot_humid_bursty_r1,reactive,hot_humid,bursty,1,38.405,38.105,37.905,35.405,25.0,45.0,150.0,,100.0,2.0,36.1,,,0,trial
2026-07-04T20:22:12,reactive_hot_humid_bursty_r1,reactive,hot_humid,bursty,1,38.415,38.115,37.915,35.415,25.0,45.0,150.0,,100.0,2.0,36.11,,,0,trial
2026-07-04T20:22:12,reactive_hot_humid_bursty_r1,reactive,hot_humid,bursty,1,38.424,38.124,37.924,35.424,25.0,45.0,150.0,,100.0,2.0,36.12,,,0,trial
2026-07-04T20:22:12,reactive_hot_humid_bursty_r1,reactive,hot_humid,bursty,1,38.433,38.133,37.933,35.433,25.0,45.0,150.0,,100.0,2.0,36.13,,,0,trial
2026-07-04T20:22:12,reactive_hot_humid_bursty_r1,reactive,hot_humid,bursty,1,38.442,38.142,37.942,35.442,25.0,45.0,150.0,,100.0,2.0,36.14,,,0,trial
2026-07-04T20:22:12,reactive_hot_humid_bursty_r1,reactive,hot_humid,bursty,1,38.451,38.151,37.951,35.451,25.0,45.0,150.0,,100.0,2.0,36.15,,,0,trial
2026-07-04T20:22:12,reactive_hot_humid_bursty_r1,reactive,hot_humid,bursty,1,38.46,38.16,37.96,35.46,25.0,45.0,150.0,,100.0,2.0,36.16,,,0,trial
2026-07-04T20:22:12,reactive_hot_humid_bursty_r1,reactive,hot_humid,bursty,1,38.469,38.169,37.969,35.469,25.0,45.0,150.0,,100.0,2.0,36.17,,,0,trial
2026-07-04T20:22:12,reactive_hot_humid_bursty_r1,reactive,hot_humid,bursty,1,38.478,38.178,37.978,35.478,25.0,45.0,150.0,,100.0,2.0,36.18,,,0,trial
2026-07-04T20:22:12,reactive_hot_humid_bursty_r1,reactive,hot_humid,bursty,1,38.488,38.188,37.988,35.488,25.0,45.0,150.0,,100.0,2.0,36.19,,,0,trial
2026-07-04T20:22:12,reactive_hot_humid_bursty_r1,reactive,hot_humid,bursty,1,38.497,38.197,37.997,35.497,25.0,45.0,150.0,,100.0,2.0,36.2,,,0,trial
2026-07-04T20:22:12,reactive_hot_humid_bursty_r1,reactive,hot_humid,bursty,1,38.506,38.206,38.006,35.506,25.0,45.0,150.0,,100.0,2.0,36.21,,,0,trial
2026-07-04T20:22:12,reactive_hot_humid_bursty_r1,reactive,hot_humid,bursty,1,38.515,38.215,38.015,35.515,25.0,45.0,150.0,,100.0,2.0,36.22,,,0,trial
2026-07-04T20:22:12,reactive_hot_humid_bursty_r1,reactive,hot_humid,bursty,1,38.524,38.224,38.024,35.524,25.0,45.0,150.0,,100.0,2.0,36.23,,,0,trial
2026-07-04T20:22:12,reactive_hot_humid_bursty_r1,reactive,hot_humid,bursty,1,38.533,38.233,38.033,35.533,25.0,45.0,150.0,,100.0,2.0,36.24,,,0,trial
2026-07-04T20:22:12,reactive_hot_humid_bursty_r1,reactive,hot_humid,bursty,1,38.542,38.242,38.042,35.542,25.0,45.0,150.0,,100.0,2.0,36.25,,,0,trial
2026-07-04T20:22:12,reactive_hot_humid_bursty_r1,reactive,hot_humid,bursty,1,38.551,38.251,38.051,35.551,25.0,45.0,150.0,,100.0,2.0,36.26,,,0,trial
2026-07-04T20:22:12,reactive_hot_humid_bursty_r1,reactive,hot_humid,bursty,1,38.56,38.26,38.06,35.56,25.0,45.0,150.0,,100.0,2.0,36.27,,,0,trial
2026-07-04T20:22:12,reactive_hot_humid_bursty_r1,reactive,hot_humid,bursty,1,38.569,38.269,38.069,35.569,25.0,45.0,150.0,,100.0,2.0,36.28,,,0,trial
2026-07-04T20:22:12,reactive_hot_humid_bursty_r1,reactive,hot_humid,bursty,1,38.578,38.278,38.078,35.578,25.0,45.0,150.0,,100.0,2.0,36.29,,,0,trial
2026-07-04T20:22:12,reactive_hot_humid_bursty_r1,reactive,hot_humid,bursty,1,38.587,38.287,38.087,35.587,25.0,45.0,150.0,,100.0,2.0,36.3,,,0,trial
2026-07-04T20:22:12,reactive_hot_humid_bursty_r1,reactive,hot_humid,bursty,1,38.596,38.296,38.096,35.596,25.0,45.0,150.0,,100.0,2.0,36.31,,,0,trial
2026-07-04T20:22:12,reactive_hot_humid_bursty_r1,reactive,hot_humid,bursty,1,38.605,38.305,38.105,35.605,25.0,45.0,150.0,,100.0,2.0,36.32,,,0,trial
2026-07-04T20:22:12,reactive_hot_humid_bursty_r1,reactive,hot_humid,bursty,1,38.614,38.314,38.114,35.614,25.0,45.0,150.0,,100.0,2.0,36.33,,,0,trial
2026-07-04T20:22:12,reactive_hot_humid_bursty_r1,reactive,hot_humid,bursty,1,38.623,38.323,38.123,35.623,25.0,45.0,150.0,,100.0,2.0,36.34,,,0,trial
2026-07-04T20:22:12,reactive_hot_humid_bursty_r1,reactive,hot_humid,bursty,1,38.632,38.332,38.132,35.632,25.0,45.0,150.0,,100.0,2.0,36.34,,,0,trial
2026-07-04T20:22:12,reactive_hot_humid_bursty_r1,reactive,hot_humid,bursty,1,38.641,38.341,38.141,35.641,25.0,45.0,150.0,,100.0,2.0,36.35,,,0,trial
2026-07-04T20:22:12,reactive_hot_humid_bursty_r1,reactive,hot_humid,bursty,1,38.65,38.35,38.15,35.65,25.0,45.0,150.0,,100.0,2.0,36.36,,,0,trial
2026-07-04T20:22:12,reactive_hot_humid_bursty_r1,reactive,hot_humid,bursty,1,38.659,38.359,38.159,35.659,25.0,45.0,150.0,,100.0,2.0,36.37,,,0,trial
2026-07-04T20:22:12,reactive_hot_humid_bursty_r1,reactive,hot_humid,bursty,1,38.668,38.368,38.168,35.668,25.0,45.0,150.0,,100.0,2.0,36.38,,,0,trial
2026-07-04T20:22:12,reactive_hot_humid_bursty_r1,reactive,hot_humid,bursty,1,38.688,38.388,38.188,35.688,25.0,45.0,150.0,,75.0,1.5,36.39,,,0,trial
2026-07-04T20:22:12,reactive_hot_humid_bursty_r1,reactive,hot_humid,bursty,1,38.698,38.398,38.198,35.698,25.0,45.0,150.0,,75.0,1.5,36.4,,,0,trial
2026-07-04T20:22:12,reactive_hot_humid_bursty_r1,reactive,hot_humid,bursty,1,38.709,38.409,38.209,35.709,25.0,45.0,150.0,,75.0,1.5,36.41,,,0,trial
2026-07-04T20:22:12,reactive_hot_humid_bursty_r1,reactive,hot_humid,bursty,1,38.719,38.419,38.219,35.719,25.0,45.0,150.0,,75.0,1.5,36.42,,,0,trial
2026-07-04T20:22:12,reactive_hot_humid_bursty_r1,reactive,hot_humid,bursty,1,38.73,38.43,38.23,35.73,25.0,45.0,150.0,,75.0,1.5,36.43,,,0,trial
2026-07-04T20:22:12,reactive_hot_humid_bursty_r1,reactive,hot_humid,bursty,1,38.741,38.441,38.241,35.741,25.0,45.0,150.0,,75.0,1.5,36.43,,,0,trial
2026-07-04T20:22:12,reactive_hot_humid_bursty_r1,reactive,hot_humid,bursty,1,38.751,38.451,38.251,35.751,25.0,45.0,150.0,,75.0,1.5,36.44,,,0,trial
2026-07-04T20:22:12,reactive_hot_humid_bursty_r1,reactive,hot_humid,bursty,1,38.762,38.462,38.262,35.762,25.0,45.0,150.0,,75.0,1.5,36.45,,,0,trial
2026-07-04T20:22:12,reactive_hot_humid_bursty_r1,reactive,hot_humid,bursty,1,38.772,38.472,38.272,35.772,25.0,45.0,150.0,,75.0,1.5,36.46,,,0,trial
2026-07-04T20:22:12,reactive_hot_humid_bursty_r1,reactive,hot_humid,bursty,1,38.783,38.483,38.283,35.783,25.0,45.0,150.0,,75.0,1.5,36.47,,,0,trial
2026-07-04T20:22:12,reactive_hot_humid_bursty_r1,reactive,hot_humid,bursty,1,38.794,38.494,38.294,35.794,25.0,45.0,150.0,,75.0,1.5,36.48,,,0,trial
2026-07-04T20:22:12,reactive_hot_humid_bursty_r1,reactive,hot_humid,bursty,1,38.804,38.504,38.304,35.804,25.0,45.0,150.0,,75.0,1.5,36.49,,,0,trial
2026-07-04T20:22:12,reactive_hot_humid_bursty_r1,reactive,hot_humid,bursty,1,38.815,38.515,38.315,35.815,25.0,45.0,150.0,,75.0,1.5,36.49,,,0,trial
2026-07-04T20:22:12,reactive_hot_humid_bursty_r1,reactive,hot_humid,bursty,1,38.825,38.525,38.325,35.825,25.0,45.0,150.0,,75.0,1.5,36.5,,,0,trial
2026-07-04T20:22:12,reactive_hot_humid_bursty_r1,reactive,hot_humid,bursty,1,38.836,38.536,38.336,35.836,25.0,45.0,150.0,,75.0,1.5,36.51,,,0,trial
2026-07-04T20:22:12,reactive_hot_humid_bursty_r1,reactive,hot_humid,bursty,1,38.846,38.546,38.346,35.846,25.0,45.0,150.0,,75.0,1.5,36.52,,,0,trial
2026-07-04T20:22:12,reactive_hot_humid_bursty_r1,reactive,hot_humid,bursty,1,38.857,38.557,38.357,35.857,25.0,45.0,150.0,,75.0,1.5,36.53,,,0,trial
2026-07-04T20:22:12,reactive_hot_humid_bursty_r1,reactive,hot_humid,bursty,1,38.867,38.567,38.367,35.867,25.0,45.0,150.0,,75.0,1.5,36.54,,,0,trial
2026-07-04T20:22:12,reactive_hot_humid_bursty_r1,reactive,hot_humid,bursty,1,38.878,38.578,38.378,35.878,25.0,45.0,150.0,,75.0,1.5,36.54,,,0,trial
2026-07-04T20:22:12,reactive_hot_humid_bursty_r1,reactive,hot_humid,bursty,1,38.889,38.589,38.389,35.889,25.0,45.0,150.0,,75.0,1.5,36.55,,,0,trial
2026-07-04T20:22:12,reactive_hot_humid_bursty_r1,reactive,hot_humid,bursty,1,38.899,38.599,38.399,35.899,25.0,45.0,150.0,,75.0,1.5,36.56,,,0,trial
2026-07-04T20:22:12,reactive_hot_humid_bursty_r1,reactive,hot_humid,bursty,1,38.91,38.61,38.41,35.91,25.0,45.0,150.0,,75.0,1.5,36.57,,,0,trial
2026-07-04T20:22:12,reactive_hot_humid_bursty_r1,reactive,hot_humid,bursty,1,38.92,38.62,38.42,35.92,25.0,45.0,150.0,,75.0,1.5,36.58,,,0,trial
2026-07-04T20:22:12,reactive_hot_humid_bursty_r1,reactive,hot_humid,bursty,1,38.93,38.63,38.43,35.93,25.0,45.0,150.0,,75.0,1.5,36.58,,,0,trial
2026-07-04T20:22:12,reactive_hot_humid_bursty_r1,reactive,hot_humid,bursty,1,38.941,38.641,38.441,35.941,25.0,45.0,150.0,,75.0,1.5,36.59,,,0,trial
2026-07-04T20:22:12,reactive_hot_humid_bursty_r1,reactive,hot_humid,bursty,1,38.951,38.651,38.451,35.951,25.0,45.0,150.0,,75.0,1.5,36.6,,,0,trial
2026-07-04T20:22:12,reactive_hot_humid_bursty_r1,reactive,hot_humid,bursty,1,38.962,38.662,38.462,35.962,25.0,45.0,150.0,,75.0,1.5,36.61,,,0,trial
2026-07-04T20:22:12,reactive_hot_humid_bursty_r1,reactive,hot_humid,bursty,1,38.972,38.672,38.472,35.972,25.0,45.0,150.0,,75.0,1.5,36.61,,,0,trial
2026-07-04T20:22:12,reactive_hot_humid_bursty_r1,reactive,hot_humid,bursty,1,38.983,38.683,38.483,35.983,25.0,45.0,150.0,,75.0,1.5,36.62,,,0,trial
2026-07-04T20:22:12,reactive_hot_humid_bursty_r1,reactive,hot_humid,bursty,1,38.993,38.693,38.493,35.993,25.0,45.0,150.0,,75.0,1.5,36.63,,,0,trial
2026-07-04T20:22:12,reactive_hot_humid_bursty_r1,reactive,hot_humid,bursty,1,39.012,38.712,38.512,36.012,25.0,45.0,150.0,,100.0,2.0,36.64,,,0,trial
2026-07-04T20:22:12,reactive_hot_humid_bursty_r1,reactive,hot_humid,bursty,1,39.021,38.721,38.521,36.021,25.0,45.0,150.0,,100.0,2.0,36.64,,,0,trial
2026-07-04T20:22:12,reactive_hot_humid_bursty_r1,reactive,hot_humid,bursty,1,39.03,38.73,38.53,36.03,25.0,45.0,150.0,,100.0,2.0,36.65,,,0,trial
2026-07-04T20:22:12,reactive_hot_humid_bursty_r1,reactive,hot_humid,bursty,1,39.038,38.738,38.538,36.038,25.0,45.0,150.0,,100.0,2.0,36.66,,,0,trial
2026-07-04T20:22:12,reactive_hot_humid_bursty_r1,reactive,hot_humid,bursty,1,39.047,38.747,38.547,36.047,25.0,45.0,150.0,,100.0,2.0,36.67,,,0,trial
2026-07-04T20:22:12,reactive_hot_humid_bursty_r1,reactive,hot_humid,bursty,1,39.056,38.756,38.556,36.056,25.0,45.0,150.0,,100.0,2.0,36.67,,,0,trial
2026-07-04T20:22:12,reactive_hot_humid_bursty_r1,reactive,hot_humid,bursty,1,39.064,38.764,38.564,36.064,25.0,45.0,150.0,,100.0,2.0,36.68,,,0,trial
2026-07-04T20:22:12,reactive_hot_humid_bursty_r1,reactive,hot_humid,bursty,1,39.073,38.773,38.573,36.073,25.0,45.0,150.0,,100.0,2.0,36.69,,,0,trial
2026-07-04T20:22:12,reactive_hot_humid_bursty_r1,reactive,hot_humid,bursty,1,39.082,38.782,38.582,36.082,25.0,45.0,150.0,,100.0,2.0,36.69,,,0,trial
2026-07-04T20:22:12,reactive_hot_humid_bursty_r1,reactive,hot_humid,bursty,1,39.09,38.79,38.59,36.09,25.0,45.0,150.0,,100.0,2.0,36.7,,,0,trial
2026-07-04T20:22:12,reactive_hot_humid_bursty_r1,reactive,hot_humid,bursty,1,39.099,38.799,38.599,36.099,25.0,45.0,150.0,,100.0,2.0,36.71,,,0,trial
2026-07-04T20:22:12,reactive_hot_humid_bursty_r1,reactive,hot_humid,bursty,1,39.107,38.807,38.607,36.107,25.0,45.0,150.0,,100.0,2.0,36.72,,,0,trial
2026-07-04T20:22:12,reactive_hot_humid_bursty_r1,reactive,hot_humid,bursty,1,39.116,38.816,38.616,36.116,25.0,45.0,150.0,,100.0,2.0,36.72,,,0,trial
2026-07-04T20:22:12,reactive_hot_humid_bursty_r1,reactive,hot_humid,bursty,1,39.125,38.825,38.625,36.125,25.0,45.0,150.0,,100.0,2.0,36.73,,,0,trial
2026-07-04T20:22:12,reactive_hot_humid_bursty_r1,reactive,hot_humid,bursty,1,39.133,38.833,38.633,36.133,25.0,45.0,150.0,,100.0,2.0,36.74,,,0,trial
2026-07-04T20:22:12,reactive_hot_humid_bursty_r1,reactive,hot_humid,bursty,1,39.142,38.842,38.642,36.142,25.0,45.0,150.0,,100.0,2.0,36.74,,,0,trial
2026-07-04T20:22:12,reactive_hot_humid_bursty_r1,reactive,hot_humid,bursty,1,39.15,38.85,38.65,36.15,25.0,45.0,150.0,,100.0,2.0,36.75,,,0,trial
2026-07-04T20:22:12,reactive_hot_humid_bursty_r1,reactive,hot_humid,bursty,1,39.159,38.859,38.659,36.159,25.0,45.0,150.0,,100.0,2.0,36.76,,,0,trial
2026-07-04T20:22:12,reactive_hot_humid_bursty_r1,reactive,hot_humid,bursty,1,39.167,38.867,38.667,36.167,25.0,45.0,150.0,,100.0,2.0,36.76,,,0,trial
2026-07-04T20:22:12,reactive_hot_humid_bursty_r1,reactive,hot_humid,bursty,1,39.176,38.876,38.676,36.176,25.0,45.0,150.0,,100.0,2.0,36.77,,,0,trial
2026-07-04T20:22:12,reactive_hot_humid_bursty_r1,reactive,hot_humid,bursty,1,39.185,38.885,38.685,36.185,25.0,45.0,150.0,,100.0,2.0,36.77,,,0,trial
2026-07-04T20:22:12,reactive_hot_humid_bursty_r1,reactive,hot_humid,bursty,1,39.193,38.893,38.693,36.193,25.0,45.0,150.0,,100.0,2.0,36.78,,,0,trial
2026-07-04T20:22:12,reactive_hot_humid_bursty_r1,reactive,hot_humid,bursty,1,39.202,38.902,38.702,36.202,25.0,45.0,150.0,,100.0,2.0,36.79,,,0,trial
2026-07-04T20:22:12,reactive_hot_humid_bursty_r1,reactive,hot_humid,bursty,1,39.21,38.91,38.71,36.21,25.0,45.0,150.0,,100.0,2.0,36.79,,,0,trial
2026-07-04T20:22:12,reactive_hot_humid_bursty_r1,reactive,hot_humid,bursty,1,39.219,38.919,38.719,36.219,25.0,45.0,150.0,,100.0,2.0,36.8,,,0,trial
2026-07-04T20:22:12,reactive_hot_humid_bursty_r1,reactive,hot_humid,bursty,1,39.227,38.927,38.727,36.227,25.0,45.0,150.0,,100.0,2.0,36.81,,,0,trial
2026-07-04T20:22:12,reactive_hot_humid_bursty_r1,reactive,hot_humid,bursty,1,39.236,38.936,38.736,36.236,25.0,45.0,150.0,,100.0,2.0,36.81,,,0,trial
2026-07-04T20:22:12,reactive_hot_humid_bursty_r1,reactive,hot_humid,bursty,1,39.244,38.944,38.744,36.244,25.0,45.0,150.0,,100.0,2.0,36.82,,,0,trial
2026-07-04T20:22:12,reactive_hot_humid_bursty_r1,reactive,hot_humid,bursty,1,39.253,38.953,38.753,36.253,25.0,45.0,150.0,,100.0,2.0,36.82,,,0,trial
2026-07-04T20:22:12,reactive_hot_humid_bursty_r1,reactive,hot_humid,bursty,1,39.261,38.961,38.761,36.261,25.0,45.0,150.0,,100.0,2.0,36.83,,,0,trial
2026-07-04T20:22:12,reactive_hot_humid_bursty_r1,reactive,hot_humid,bursty,1,39.254,38.954,38.754,36.254,25.0,45.0,60.0,,100.0,2.0,36.84,,,0,trial
2026-07-04T20:22:12,reactive_hot_humid_bursty_r1,reactive,hot_humid,bursty,1,39.251,38.951,38.751,36.251,25.0,45.0,60.0,,100.0,2.0,36.84,,,0,trial
2026-07-04T20:22:12,reactive_hot_humid_bursty_r1,reactive,hot_humid,bursty,1,39.248,38.948,38.748,36.248,25.0,45.0,60.0,,100.0,2.0,36.85,,,0,trial
2026-07-04T20:22:12,reactive_hot_humid_bursty_r1,reactive,hot_humid,bursty,1,39.244,38.944,38.744,36.244,25.0,45.0,60.0,,100.0,2.0,36.85,,,0,trial
2026-07-04T20:22:12,reactive_hot_humid_bursty_r1,reactive,hot_humid,bursty,1,39.241,38.941,38.741,36.241,25.0,45.0,60.0,,100.0,2.0,36.86,,,0,trial
2026-07-04T20:22:12,reactive_hot_humid_bursty_r1,reactive,hot_humid,bursty,1,39.238,38.938,38.738,36.238,25.0,45.0,60.0,,100.0,2.0,36.86,,,0,trial
2026-07-04T20:22:12,reactive_hot_humid_bursty_r1,reactive,hot_humid,bursty,1,39.234,38.934,38.734,36.234,25.0,45.0,60.0,,100.0,2.0,36.87,,,0,trial
2026-07-04T20:22:12,reactive_hot_humid_bursty_r1,reactive,hot_humid,bursty,1,39.231,38.931,38.731,36.231,25.0,45.0,60.0,,100.0,2.0,36.87,,,0,trial
2026-07-04T20:22:12,reactive_hot_humid_bursty_r1,reactive,hot_humid,bursty,1,39.228,38.928,38.728,36.228,25.0,45.0,60.0,,100.0,2.0,36.88,,,0,trial
2026-07-04T20:22:12,reactive_hot_humid_bursty_r1,reactive,hot_humid,bursty,1,39.224,38.924,38.724,36.224,25.0,45.0,60.0,,100.0,2.0,36.88,,,0,trial
2026-07-04T20:22:12,reactive_hot_humid_bursty_r1,reactive,hot_humid,bursty,1,39.221,38.921,38.721,36.221,25.0,45.0,60.0,,100.0,2.0,36.89,,,0,trial
2026-07-04T20:22:12,reactive_hot_humid_bursty_r1,reactive,hot_humid,bursty,1,39.218,38.918,38.718,36.218,25.0,45.0,60.0,,100.0,2.0,36.9,,,0,trial
2026-07-04T20:22:12,reactive_hot_humid_bursty_r1,reactive,hot_humid,bursty,1,39.214,38.914,38.714,36.214,25.0,45.0,60.0,,100.0,2.0,36.9,,,0,trial
2026-07-04T20:22:12,reactive_hot_humid_bursty_r1,reactive,hot_humid,bursty,1,39.211,38.911,38.711,36.211,25.0,45.0,60.0,,100.0,2.0,36.91,,,0,trial
2026-07-04T20:22:12,reactive_hot_humid_bursty_r1,reactive,hot_humid,bursty,1,39.208,38.908,38.708,36.208,25.0,45.0,60.0,,100.0,2.0,36.91,,,0,trial
2026-07-04T20:22:12,reactive_hot_humid_bursty_r1,reactive,hot_humid,bursty,1,39.204,38.904,38.704,36.204,25.0,45.0,60.0,,100.0,2.0,36.92,,,0,trial
2026-07-04T20:22:12,reactive_hot_humid_bursty_r1,reactive,hot_humid,bursty,1,39.201,38.901,38.701,36.201,25.0,45.0,60.0,,100.0,2.0,36.92,,,0,trial
2026-07-04T20:22:12,reactive_hot_humid_bursty_r1,reactive,hot_humid,bursty,1,39.198,38.898,38.698,36.198,25.0,45.0,60.0,,100.0,2.0,36.92,,,0,trial
2026-07-04T20:22:12,reactive_hot_humid_bursty_r1,reactive,hot_humid,bursty,1,39.194,38.894,38.694,36.194,25.0,45.0,60.0,,100.0,2.0,36.93,,,0,trial
2026-07-04T20:22:12,reactive_hot_humid_bursty_r1,reactive,hot_humid,bursty,1,39.191,38.891,38.691,36.191,25.0,45.0,60.0,,100.0,2.0,36.93,,,0,trial
2026-07-04T20:22:12,reactive_hot_humid_bursty_r1,reactive,hot_humid,bursty,1,39.188,38.888,38.688,36.188,25.0,45.0,60.0,,100.0,2.0,36.94,,,0,trial
2026-07-04T20:22:12,reactive_hot_humid_bursty_r1,reactive,hot_humid,bursty,1,39.184,38.884,38.684,36.184,25.0,45.0,60.0,,100.0,2.0,36.94,,,0,trial
2026-07-04T20:22:12,reactive_hot_humid_bursty_r1,reactive,hot_humid,bursty,1,39.181,38.881,38.681,36.181,25.0,45.0,60.0,,100.0,2.0,36.95,,,0,trial
2026-07-04T20:22:12,reactive_hot_humid_bursty_r1,reactive,hot_humid,bursty,1,39.178,38.878,38.678,36.178,25.0,45.0,60.0,,100.0,2.0,36.95,,,0,trial
2026-07-04T20:22:12,reactive_hot_humid_bursty_r1,reactive,hot_humid,bursty,1,39.175,38.875,38.675,36.175,25.0,45.0,60.0,,100.0,2.0,36.96,,,0,trial
2026-07-04T20:22:12,reactive_hot_humid_bursty_r1,reactive,hot_humid,bursty,1,39.171,38.871,38.671,36.171,25.0,45.0,60.0,,100.0,2.0,36.96,,,0,trial
2026-07-04T20:22:12,reactive_hot_humid_bursty_r1,reactive,hot_humid,bursty,1,39.168,38.868,38.668,36.168,25.0,45.0,60.0,,100.0,2.0,36.96,,,0,trial
2026-07-04T20:22:12,reactive_hot_humid_bursty_r1,reactive,hot_humid,bursty,1,39.165,38.865,38.665,36.165,25.0,45.0,60.0,,100.0,2.0,36.97,,,0,trial
2026-07-04T20:22:12,reactive_hot_humid_bursty_r1,reactive,hot_humid,bursty,1,39.161,38.861,38.661,36.161,25.0,45.0,60.0,,100.0,2.0,36.97,,,0,trial
2026-07-04T20:22:12,reactive_hot_humid_bursty_r1,reactive,hot_humid,bursty,1,39.158,38.858,38.658,36.158,25.0,45.0,60.0,,100.0,2.0,36.98,,,0,trial
2026-07-04T20:22:12,reactive_hot_humid_bursty_r1,reactive,hot_humid,bursty,1,39.152,38.852,38.652,36.152,25.0,45.0,60.0,,100.0,2.0,36.98,,,0,trial
2026-07-04T20:22:12,reactive_hot_humid_bursty_r1,reactive,hot_humid,bursty,1,39.148,38.848,38.648,36.148,25.0,45.0,60.0,,100.0,2.0,36.99,,,0,trial
2026-07-04T20:22:12,reactive_hot_humid_bursty_r1,reactive,hot_humid,bursty,1,39.145,38.845,38.645,36.145,25.0,45.0,60.0,,100.0,2.0,36.99,,,0,trial
2026-07-04T20:22:12,reactive_hot_humid_bursty_r1,reactive,hot_humid,bursty,1,39.142,38.842,38.642,36.142,25.0,45.0,60.0,,100.0,2.0,36.99,,,0,trial
2026-07-04T20:22:12,reactive_hot_humid_bursty_r1,reactive,hot_humid,bursty,1,39.138,38.838,38.638,36.138,25.0,45.0,60.0,,100.0,2.0,37.0,,,0,trial
2026-07-04T20:22:12,reactive_hot_humid_bursty_r1,reactive,hot_humid,bursty,1,39.135,38.835,38.635,36.135,25.0,45.0,60.0,,100.0,2.0,37.0,,,0,trial
2026-07-04T20:22:12,reactive_hot_humid_bursty_r1,reactive,hot_humid,bursty,1,39.132,38.832,38.632,36.132,25.0,45.0,60.0,,100.0,2.0,37.0,,,0,trial
2026-07-04T20:22:12,reactive_hot_humid_bursty_r1,reactive,hot_humid,bursty,1,39.129,38.829,38.629,36.129,25.0,45.0,60.0,,100.0,2.0,37.01,,,0,trial
2026-07-04T20:22:12,reactive_hot_humid_bursty_r1,reactive,hot_humid,bursty,1,39.125,38.825,38.625,36.125,25.0,45.0,60.0,,100.0,2.0,37.01,,,0,trial
2026-07-04T20:22:12,reactive_hot_humid_bursty_r1,reactive,hot_humid,bursty,1,39.122,38.822,38.622,36.122,25.0,45.0,60.0,,100.0,2.0,37.01,,,0,trial
2026-07-04T20:22:12,reactive_hot_humid_bursty_r1,reactive,hot_humid,bursty,1,39.119,38.819,38.619,36.119,25.0,45.0,60.0,,100.0,2.0,37.02,,,0,trial
2026-07-04T20:22:12,reactive_hot_humid_bursty_r1,reactive,hot_humid,bursty,1,39.116,38.816,38.616,36.116,25.0,45.0,60.0,,100.0,2.0,37.02,,,0,trial
2026-07-04T20:22:12,reactive_hot_humid_bursty_r1,reactive,hot_humid,bursty,1,39.112,38.812,38.612,36.112,25.0,45.0,60.0,,100.0,2.0,37.02,,,0,trial
2026-07-04T20:22:12,reactive_hot_humid_bursty_r1,reactive,hot_humid,bursty,1,39.109,38.809,38.609,36.109,25.0,45.0,60.0,,100.0,2.0,37.03,,,0,trial
2026-07-04T20:22:12,reactive_hot_humid_bursty_r1,reactive,hot_humid,bursty,1,39.106,38.806,38.606,36.106,25.0,45.0,60.0,,100.0,2.0,37.03,,,0,trial
2026-07-04T20:22:12,reactive_hot_humid_bursty_r1,reactive,hot_humid,bursty,1,39.103,38.803,38.603,36.103,25.0,45.0,60.0,,100.0,2.0,37.03,,,0,trial
2026-07-04T20:22:12,reactive_hot_humid_bursty_r1,reactive,hot_humid,bursty,1,39.099,38.799,38.599,36.099,25.0,45.0,60.0,,100.0,2.0,37.04,,,0,trial
2026-07-04T20:22:12,reactive_hot_humid_bursty_r1,reactive,hot_humid,bursty,1,39.096,38.796,38.596,36.096,25.0,45.0,60.0,,100.0,2.0,37.04,,,0,trial
2026-07-04T20:22:12,reactive_hot_humid_bursty_r1,reactive,hot_humid,bursty,1,39.093,38.793,38.593,36.093,25.0,45.0,60.0,,100.0,2.0,37.04,,,0,trial
2026-07-04T20:22:12,reactive_hot_humid_bursty_r1,reactive,hot_humid,bursty,1,39.09,38.79,38.59,36.09,25.0,45.0,60.0,,100.0,2.0,37.04,,,0,trial
2026-07-04T20:22:12,reactive_hot_humid_bursty_r1,reactive,hot_humid,bursty,1,39.086,38.786,38.586,36.086,25.0,45.0,60.0,,100.0,2.0,37.05,,,0,trial
2026-07-04T20:22:12,reactive_hot_humid_bursty_r1,reactive,hot_humid,bursty,1,39.083,38.783,38.583,36.083,25.0,45.0,60.0,,100.0,2.0,37.05,,,0,trial
2026-07-04T20:22:12,reactive_hot_humid_bursty_r1,reactive,hot_humid,bursty,1,39.08,38.78,38.58,36.08,25.0,45.0,60.0,,100.0,2.0,37.05,,,0,trial
2026-07-04T20:22:12,reactive_hot_humid_bursty_r1,reactive,hot_humid,bursty,1,39.077,38.777,38.577,36.077,25.0,45.0,60.0,,100.0,2.0,37.05,,,0,trial
2026-07-04T20:22:12,reactive_hot_humid_bursty_r1,reactive,hot_humid,bursty,1,39.074,38.774,38.574,36.074,25.0,45.0,60.0,,100.0,2.0,37.06,,,0,trial
2026-07-04T20:22:12,reactive_hot_humid_bursty_r1,reactive,hot_humid,bursty,1,39.07,38.77,38.57,36.07,25.0,45.0,60.0,,100.0,2.0,37.06,,,0,trial
2026-07-04T20:22:12,reactive_hot_humid_bursty_r1,reactive,hot_humid,bursty,1,39.067,38.767,38.567,36.067,25.0,45.0,60.0,,100.0,2.0,37.06,,,0,trial
2026-07-04T20:22:12,reactive_hot_humid_bursty_r1,reactive,hot_humid,bursty,1,39.064,38.764,38.564,36.064,25.0,45.0,60.0,,100.0,2.0,37.06,,,0,trial
2026-07-04T20:22:12,reactive_hot_humid_bursty_r1,reactive,hot_humid,bursty,1,39.061,38.761,38.561,36.061,25.0,45.0,60.0,,100.0,2.0,37.07,,,0,trial
2026-07-04T20:22:12,reactive_hot_humid_bursty_r1,reactive,hot_humid,bursty,1,39.058,38.758,38.558,36.058,25.0,45.0,60.0,,100.0,2.0,37.07,,,0,trial
2026-07-04T20:22:12,reactive_hot_humid_bursty_r1,reactive,hot_humid,bursty,1,39.051,38.751,38.551,36.051,25.0,45.0,60.0,,100.0,2.0,37.07,,,0,trial
2026-07-04T20:22:12,reactive_hot_humid_bursty_r1,reactive,hot_humid,bursty,1,39.048,38.748,38.548,36.048,25.0,45.0,60.0,,100.0,2.0,37.07,,,0,trial
2026-07-04T20:22:12,reactive_hot_humid_bursty_r1,reactive,hot_humid,bursty,1,39.045,38.745,38.545,36.045,25.0,45.0,60.0,,100.0,2.0,37.07,,,0,trial
2026-07-04T20:22:12,reactive_hot_humid_bursty_r1,reactive,hot_humid,bursty,1,39.042,38.742,38.542,36.042,25.0,45.0,60.0,,100.0,2.0,37.08,,,0,trial
2026-07-04T20:22:12,reactive_hot_humid_bursty_r1,reactive,hot_humid,bursty,1,39.038,38.738,38.538,36.038,25.0,45.0,60.0,,100.0,2.0,37.08,,,0,trial
2026-07-04T20:22:12,reactive_hot_humid_bursty_r1,reactive,hot_humid,bursty,1,39.035,38.735,38.535,36.035,25.0,45.0,60.0,,100.0,2.0,37.08,,,0,trial
2026-07-04T20:22:12,reactive_hot_humid_bursty_r1,reactive,hot_humid,bursty,1,39.032,38.732,38.532,36.032,25.0,45.0,60.0,,100.0,2.0,37.08,,,0,trial
2026-07-04T20:22:12,reactive_hot_humid_bursty_r1,reactive,hot_humid,bursty,1,39.029,38.729,38.529,36.029,25.0,45.0,60.0,,100.0,2.0,37.08,,,0,trial
2026-07-04T20:22:12,reactive_hot_humid_bursty_r1,reactive,hot_humid,bursty,1,39.026,38.726,38.526,36.026,25.0,45.0,60.0,,100.0,2.0,37.08,,,0,trial
2026-07-04T20:22:12,reactive_hot_humid_bursty_r1,reactive,hot_humid,bursty,1,39.022,38.722,38.522,36.022,25.0,45.0,60.0,,100.0,2.0,37.09,,,0,trial
2026-07-04T20:22:12,reactive_hot_humid_bursty_r1,reactive,hot_humid,bursty,1,39.019,38.719,38.519,36.019,25.0,45.0,60.0,,100.0,2.0,37.09,,,0,trial
2026-07-04T20:22:12,reactive_hot_humid_bursty_r1,reactive,hot_humid,bursty,1,39.016,38.716,38.516,36.016,25.0,45.0,60.0,,100.0,2.0,37.09,,,0,trial
2026-07-04T20:22:12,reactive_hot_humid_bursty_r1,reactive,hot_humid,bursty,1,39.013,38.713,38.513,36.013,25.0,45.0,60.0,,100.0,2.0,37.09,,,0,trial
2026-07-04T20:22:12,reactive_hot_humid_bursty_r1,reactive,hot_humid,bursty,1,39.01,38.71,38.51,36.01,25.0,45.0,60.0,,100.0,2.0,37.09,,,0,trial
2026-07-04T20:22:12,reactive_hot_humid_bursty_r1,reactive,hot_humid,bursty,1,39.007,38.707,38.507,36.007,25.0,45.0,60.0,,100.0,2.0,37.09,,,0,trial
2026-07-04T20:22:12,reactive_hot_humid_bursty_r1,reactive,hot_humid,bursty,1,39.003,38.703,38.503,36.003,25.0,45.0,60.0,,100.0,2.0,37.09,,,0,trial
2026-07-04T20:22:12,reactive_hot_humid_bursty_r1,reactive,hot_humid,bursty,1,39.0,38.7,38.5,36.0,25.0,45.0,60.0,,100.0,2.0,37.09,,,0,trial
2026-07-04T20:22:12,reactive_hot_humid_bursty_r1,reactive,hot_humid,bursty,1,38.997,38.697,38.497,35.997,25.0,45.0,60.0,,100.0,2.0,37.09,,,0,trial
2026-07-04T20:22:12,reactive_hot_humid_bursty_r1,reactive,hot_humid,bursty,1,38.994,38.694,38.494,35.994,25.0,45.0,60.0,,100.0,2.0,37.1,,,0,trial
2026-07-04T20:22:12,reactive_hot_humid_bursty_r1,reactive,hot_humid,bursty,1,38.991,38.691,38.491,35.991,25.0,45.0,60.0,,100.0,2.0,37.1,,,0,trial
2026-07-04T20:22:12,reactive_hot_humid_bursty_r1,reactive,hot_humid,bursty,1,38.988,38.688,38.488,35.988,25.0,45.0,60.0,,100.0,2.0,37.1,,,0,trial
2026-07-04T20:22:12,reactive_hot_humid_bursty_r1,reactive,hot_humid,bursty,1,38.984,38.684,38.484,35.984,25.0,45.0,60.0,,100.0,2.0,37.1,,,0,trial
2026-07-04T20:22:12,reactive_hot_humid_bursty_r1,reactive,hot_humid,bursty,1,38.981,38.681,38.481,35.981,25.0,45.0,60.0,,100.0,2.0,37.1,,,0,trial
2026-07-04T20:22:12,reactive_hot_humid_bursty_r1,reactive,hot_humid,bursty,1,38.978,38.678,38.478,35.978,25.0,45.0,60.0,,100.0,2.0,37.1,,,0,trial
2026-07-04T20:22:12,reactive_hot_humid_bursty_r1,reactive,hot_humid,bursty,1,38.975,38.675,38.475,35.975,25.0,45.0,60.0,,100.0,2.0,37.1,,,0,trial
2026-07-04T20:22:12,reactive_hot_humid_bursty_r1,reactive,hot_humid,bursty,1,38.972,38.672,38.472,35.972,25.0,45.0,60.0,,100.0,2.0,37.1,,,0,trial
2026-07-04T20:22:12,reactive_hot_humid_bursty_r1,reactive,hot_humid,bursty,1,38.969,38.669,38.469,35.969,25.0,45.0,60.0,,100.0,2.0,37.1,,,0,trial
2026-07-04T20:22:12,reactive_hot_humid_bursty_r1,reactive,hot_humid,bursty,1,38.966,38.666,38.466,35.966,25.0,45.0,60.0,,100.0,2.0,37.1,,,0,trial
2026-07-04T20:22:12,reactive_hot_humid_bursty_r1,reactive,hot_humid,bursty,1,38.963,38.663,38.463,35.963,25.0,45.0,60.0,,100.0,2.0,37.1,,,0,trial
2026-07-04T20:22:12,reactive_hot_humid_bursty_r1,reactive,hot_humid,bursty,1,38.959,38.659,38.459,35.959,25.0,45.0,60.0,,100.0,2.0,37.1,,,0,trial
2026-07-04T20:22:12,reactive_hot_humid_bursty_r1,reactive,hot_humid,bursty,1,38.953,38.653,38.453,35.953,25.0,45.0,60.0,,100.0,2.0,37.1,,,0,trial
2026-07-04T20:22:12,reactive_hot_humid_bursty_r1,reactive,hot_humid,bursty,1,38.95,38.65,38.45,35.95,25.0,45.0,60.0,,100.0,2.0,37.1,,,0,trial
2026-07-04T20:22:12,reactive_hot_humid_bursty_r1,reactive,hot_humid,bursty,1,38.947,38.647,38.447,35.947,25.0,45.0,60.0,,100.0,2.0,37.1,,,0,trial
2026-07-04T20:22:12,reactive_hot_humid_bursty_r1,reactive,hot_humid,bursty,1,38.944,38.644,38.444,35.944,25.0,45.0,60.0,,100.0,2.0,37.1,,,0,trial
2026-07-04T20:22:12,reactive_hot_humid_bursty_r1,reactive,hot_humid,bursty,1,38.941,38.641,38.441,35.941,25.0,45.0,60.0,,100.0,2.0,37.1,,,0,trial
2026-07-04T20:22:12,reactive_hot_humid_bursty_r1,reactive,hot_humid,bursty,1,38.938,38.638,38.438,35.938,25.0,45.0,60.0,,100.0,2.0,37.1,,,0,trial
2026-07-04T20:22:12,reactive_hot_humid_bursty_r1,reactive,hot_humid,bursty,1,38.934,38.634,38.434,35.934,25.0,45.0,60.0,,100.0,2.0,37.1,,,0,trial
2026-07-04T20:22:12,reactive_hot_humid_bursty_r1,reactive,hot_humid,bursty,1,38.931,38.631,38.431,35.931,25.0,45.0,60.0,,100.0,2.0,37.1,,,0,trial
2026-07-04T20:22:12,reactive_hot_humid_bursty_r1,reactive,hot_humid,bursty,1,38.928,38.628,38.428,35.928,25.0,45.0,60.0,,100.0,2.0,37.1,,,0,trial
2026-07-04T20:22:12,reactive_hot_humid_bursty_r1,reactive,hot_humid,bursty,1,38.925,38.625,38.425,35.925,25.0,45.0,60.0,,100.0,2.0,37.1,,,0,trial
2026-07-04T20:22:12,reactive_hot_humid_bursty_r1,reactive,hot_humid,bursty,1,38.922,38.622,38.422,35.922,25.0,45.0,60.0,,100.0,2.0,37.1,,,0,trial
2026-07-04T20:22:12,reactive_hot_humid_bursty_r1,reactive,hot_humid,bursty,1,38.919,38.619,38.419,35.919,25.0,45.0,60.0,,100.0,2.0,37.1,,,0,trial
2026-07-04T20:22:12,reactive_hot_humid_bursty_r1,reactive,hot_humid,bursty,1,38.916,38.616,38.416,35.916,25.0,45.0,60.0,,100.0,2.0,37.1,,,0,trial
2026-07-04T20:22:12,reactive_hot_humid_bursty_r1,reactive,hot_humid,bursty,1,38.913,38.613,38.413,35.913,25.0,45.0,60.0,,100.0,2.0,37.09,,,0,trial
2026-07-04T20:22:12,reactive_hot_humid_bursty_r1,reactive,hot_humid,bursty,1,38.91,38.61,38.41,35.91,25.0,45.0,60.0,,100.0,2.0,37.09,,,0,trial
2026-07-04T20:22:12,reactive_hot_humid_bursty_r1,reactive,hot_humid,bursty,1,38.907,38.607,38.407,35.907,25.0,45.0,60.0,,100.0,2.0,37.09,,,0,trial
2026-07-04T20:22:12,reactive_hot_humid_bursty_r1,reactive,hot_humid,bursty,1,38.904,38.604,38.404,35.904,25.0,45.0,60.0,,100.0,2.0,37.09,,,0,trial
2026-07-04T20:22:12,reactive_hot_humid_bursty_r1,reactive,hot_humid,bursty,1,38.9,38.6,38.4,35.9,25.0,45.0,60.0,,100.0,2.0,37.09,,,0,trial
2026-07-04T20:22:12,reactive_hot_humid_bursty_r1,reactive,hot_humid,bursty,1,38.897,38.597,38.397,35.897,25.0,45.0,60.0,,100.0,2.0,37.09,,,0,trial
2026-07-04T20:22:12,reactive_hot_humid_bursty_r1,reactive,hot_humid,bursty,1,38.894,38.594,38.394,35.894,25.0,45.0,60.0,,100.0,2.0,37.09,,,0,trial
2026-07-04T20:22:12,reactive_hot_humid_bursty_r1,reactive,hot_humid,bursty,1,38.891,38.591,38.391,35.891,25.0,45.0,60.0,,100.0,2.0,37.09,,,0,trial
2026-07-04T20:22:12,reactive_hot_humid_bursty_r1,reactive,hot_humid,bursty,1,38.888,38.588,38.388,35.888,25.0,45.0,60.0,,100.0,2.0,37.09,,,0,trial
2026-07-04T20:22:12,reactive_hot_humid_bursty_r1,reactive,hot_humid,bursty,1,38.885,38.585,38.385,35.885,25.0,45.0,60.0,,100.0,2.0,37.08,,,0,trial
2026-07-04T20:22:12,reactive_hot_humid_bursty_r1,reactive,hot_humid,bursty,1,38.882,38.582,38.382,35.882,25.0,45.0,60.0,,100.0,2.0,37.08,,,0,trial
2026-07-04T20:22:12,reactive_hot_humid_bursty_r1,reactive,hot_humid,bursty,1,38.879,38.579,38.379,35.879,25.0,45.0,60.0,,100.0,2.0,37.08,,,0,trial
2026-07-04T20:22:12,reactive_hot_humid_bursty_r1,reactive,hot_humid,bursty,1,38.876,38.576,38.376,35.876,25.0,45.0,60.0,,100.0,2.0,37.08,,,0,trial
2026-07-04T20:22:12,reactive_hot_humid_bursty_r1,reactive,hot_humid,bursty,1,38.873,38.573,38.373,35.873,25.0,45.0,60.0,,100.0,2.0,37.08,,,0,trial
2026-07-04T20:22:12,reactive_hot_humid_bursty_r1,reactive,hot_humid,bursty,1,38.87,38.57,38.37,35.87,25.0,45.0,60.0,,100.0,2.0,37.08,,,0,trial
2026-07-04T20:22:12,reactive_hot_humid_bursty_r1,reactive,hot_humid,bursty,1,38.867,38.567,38.367,35.867,25.0,45.0,60.0,,100.0,2.0,37.07,,,0,trial
2026-07-04T20:22:12,reactive_hot_humid_bursty_r1,reactive,hot_humid,bursty,1,38.864,38.564,38.364,35.864,25.0,45.0,60.0,,100.0,2.0,37.07,,,0,trial
2026-07-04T20:22:12,reactive_hot_humid_bursty_r1,reactive,hot_humid,bursty,1,38.885,38.585,38.385,35.885,25.0,45.0,150.0,,50.0,1.0,37.07,,,0,trial
2026-07-04T20:22:12,reactive_hot_humid_bursty_r1,reactive,hot_humid,bursty,1,38.897,38.597,38.397,35.897,25.0,45.0,150.0,,50.0,1.0,37.07,,,0,trial
2026-07-04T20:22:12,reactive_hot_humid_bursty_r1,reactive,hot_humid,bursty,1,38.91,38.61,38.41,35.91,25.0,45.0,150.0,,50.0,1.0,37.07,,,0,trial
2026-07-04T20:22:12,reactive_hot_humid_bursty_r1,reactive,hot_humid,bursty,1,38.922,38.622,38.422,35.922,25.0,45.0,150.0,,50.0,1.0,37.06,,,0,trial
2026-07-04T20:22:12,reactive_hot_humid_bursty_r1,reactive,hot_humid,bursty,1,38.935,38.635,38.435,35.935,25.0,45.0,150.0,,50.0,1.0,37.06,,,0,trial
2026-07-04T20:22:12,reactive_hot_humid_bursty_r1,reactive,hot_humid,bursty,1,38.947,38.647,38.447,35.947,25.0,45.0,150.0,,50.0,1.0,37.06,,,0,trial
2026-07-04T20:22:12,reactive_hot_humid_bursty_r1,reactive,hot_humid,bursty,1,38.959,38.659,38.459,35.959,25.0,45.0,150.0,,50.0,1.0,37.06,,,0,trial
2026-07-04T20:22:12,reactive_hot_humid_bursty_r1,reactive,hot_humid,bursty,1,38.972,38.672,38.472,35.972,25.0,45.0,150.0,,50.0,1.0,37.05,,,0,trial
2026-07-04T20:22:12,reactive_hot_humid_bursty_r1,reactive,hot_humid,bursty,1,38.984,38.684,38.484,35.984,25.0,45.0,150.0,,50.0,1.0,37.05,,,0,trial
2026-07-04T20:22:12,reactive_hot_humid_bursty_r1,reactive,hot_humid,bursty,1,38.996,38.696,38.496,35.996,25.0,45.0,150.0,,50.0,1.0,37.05,,,0,trial
2026-07-04T20:22:12,reactive_hot_humid_bursty_r1,reactive,hot_humid,bursty,1,39.009,38.709,38.509,36.009,25.0,45.0,150.0,,50.0,1.0,37.05,,,0,trial
2026-07-04T20:22:12,reactive_hot_humid_bursty_r1,reactive,hot_humid,bursty,1,39.021,38.721,38.521,36.021,25.0,45.0,150.0,,50.0,1.0,37.04,,,0,trial
2026-07-04T20:22:12,reactive_hot_humid_bursty_r1,reactive,hot_humid,bursty,1,39.034,38.734,38.534,36.034,25.0,45.0,150.0,,50.0,1.0,37.04,,,0,trial
2026-07-04T20:22:12,reactive_hot_humid_bursty_r1,reactive,hot_humid,bursty,1,39.046,38.746,38.546,36.046,25.0,45.0,150.0,,50.0,1.0,37.04,,,0,trial
2026-07-04T20:22:12,reactive_hot_humid_bursty_r1,reactive,hot_humid,bursty,1,39.058,38.758,38.558,36.058,25.0,45.0,150.0,,50.0,1.0,37.04,,,0,trial
2026-07-04T20:22:12,reactive_hot_humid_bursty_r1,reactive,hot_humid,bursty,1,39.071,38.771,38.571,36.071,25.0,45.0,150.0,,50.0,1.0,37.03,,,0,trial
2026-07-04T20:22:12,reactive_hot_humid_bursty_r1,reactive,hot_humid,bursty,1,39.083,38.783,38.583,36.083,25.0,45.0,150.0,,50.0,1.0,37.03,,,0,trial
2026-07-04T20:22:12,reactive_hot_humid_bursty_r1,reactive,hot_humid,bursty,1,39.095,38.795,38.595,36.095,25.0,45.0,150.0,,50.0,1.0,37.03,,,0,trial
2026-07-04T20:22:12,reactive_hot_humid_bursty_r1,reactive,hot_humid,bursty,1,39.108,38.808,38.608,36.108,25.0,45.0,150.0,,50.0,1.0,37.02,,,0,trial
2026-07-04T20:22:12,reactive_hot_humid_bursty_r1,reactive,hot_humid,bursty,1,39.12,38.82,38.62,36.12,25.0,45.0,150.0,,50.0,1.0,37.02,,,0,trial
2026-07-04T20:22:12,reactive_hot_humid_bursty_r1,reactive,hot_humid,bursty,1,39.132,38.832,38.632,36.132,25.0,45.0,150.0,,50.0,1.0,37.02,,,0,trial
2026-07-04T20:22:12,reactive_hot_humid_bursty_r1,reactive,hot_humid,bursty,1,39.144,38.844,38.644,36.144,25.0,45.0,150.0,,50.0,1.0,37.01,,,0,trial
2026-07-04T20:22:12,reactive_hot_humid_bursty_r1,reactive,hot_humid,bursty,1,39.157,38.857,38.657,36.157,25.0,45.0,150.0,,50.0,1.0,37.01,,,0,trial
2026-07-04T20:22:12,reactive_hot_humid_bursty_r1,reactive,hot_humid,bursty,1,39.169,38.869,38.669,36.169,25.0,45.0,150.0,,50.0,1.0,37.01,,,0,trial
2026-07-04T20:22:12,reactive_hot_humid_bursty_r1,reactive,hot_humid,bursty,1,39.181,38.881,38.681,36.181,25.0,45.0,150.0,,50.0,1.0,37.0,,,0,trial
2026-07-04T20:22:12,reactive_hot_humid_bursty_r1,reactive,hot_humid,bursty,1,39.194,38.894,38.694,36.194,25.0,45.0,150.0,,50.0,1.0,37.0,,,0,trial
2026-07-04T20:22:12,reactive_hot_humid_bursty_r1,reactive,hot_humid,bursty,1,39.206,38.906,38.706,36.206,25.0,45.0,150.0,,50.0,1.0,37.0,,,0,trial
2026-07-04T20:22:12,reactive_hot_humid_bursty_r1,reactive,hot_humid,bursty,1,39.218,38.918,38.718,36.218,25.0,45.0,150.0,,50.0,1.0,36.99,,,0,trial
2026-07-04T20:22:12,reactive_hot_humid_bursty_r1,reactive,hot_humid,bursty,1,39.23,38.93,38.73,36.23,25.0,45.0,150.0,,50.0,1.0,36.99,,,0,trial
2026-07-04T20:22:12,reactive_hot_humid_bursty_r1,reactive,hot_humid,bursty,1,39.243,38.943,38.743,36.243,25.0,45.0,150.0,,50.0,1.0,36.99,,,0,trial
2026-07-04T20:22:12,reactive_hot_humid_bursty_r1,reactive,hot_humid,bursty,1,39.265,38.965,38.765,36.265,25.0,45.0,150.0,,75.0,1.5,36.98,,,0,trial
2026-07-04T20:22:12,reactive_hot_humid_bursty_r1,reactive,hot_humid,bursty,1,39.275,38.975,38.775,36.275,25.0,45.0,150.0,,75.0,1.5,36.98,,,0,trial
2026-07-04T20:22:12,reactive_hot_humid_bursty_r1,reactive,hot_humid,bursty,1,39.286,38.986,38.786,36.286,25.0,45.0,150.0,,75.0,1.5,36.97,,,0,trial
2026-07-04T20:22:12,reactive_hot_humid_bursty_r1,reactive,hot_humid,bursty,1,39.296,38.996,38.796,36.296,25.0,45.0,150.0,,75.0,1.5,36.97,,,0,trial
2026-07-04T20:22:12,reactive_hot_humid_bursty_r1,reactive,hot_humid,bursty,1,39.306,39.006,38.806,36.306,25.0,45.0,150.0,,75.0,1.5,36.96,,,0,trial
2026-07-04T20:22:12,reactive_hot_humid_bursty_r1,reactive,hot_humid,bursty,1,39.316,39.016,38.816,36.316,25.0,45.0,150.0,,75.0,1.5,36.96,,,0,trial
2026-07-04T20:22:12,reactive_hot_humid_bursty_r1,reactive,hot_humid,bursty,1,39.327,39.027,38.827,36.327,25.0,45.0,150.0,,75.0,1.5,36.96,,,0,trial
2026-07-04T20:22:12,reactive_hot_humid_bursty_r1,reactive,hot_humid,bursty,1,39.337,39.037,38.837,36.337,25.0,45.0,150.0,,75.0,1.5,36.95,,,0,trial
2026-07-04T20:22:12,reactive_hot_humid_bursty_r1,reactive,hot_humid,bursty,1,39.347,39.047,38.847,36.347,25.0,45.0,150.0,,75.0,1.5,36.95,,,0,trial
2026-07-04T20:22:12,reactive_hot_humid_bursty_r1,reactive,hot_humid,bursty,1,39.357,39.057,38.857,36.357,25.0,45.0,150.0,,75.0,1.5,36.94,,,0,trial
2026-07-04T20:22:12,reactive_hot_humid_bursty_r1,reactive,hot_humid,bursty,1,39.367,39.067,38.867,36.367,25.0,45.0,150.0,,75.0,1.5,36.94,,,0,trial
2026-07-04T20:22:12,reactive_hot_humid_bursty_r1,reactive,hot_humid,bursty,1,39.378,39.078,38.878,36.378,25.0,45.0,150.0,,75.0,1.5,36.93,,,0,trial
2026-07-04T20:22:12,reactive_hot_humid_bursty_r1,reactive,hot_humid,bursty,1,39.388,39.088,38.888,36.388,25.0,45.0,150.0,,75.0,1.5,36.93,,,0,trial
2026-07-04T20:22:12,reactive_hot_humid_bursty_r1,reactive,hot_humid,bursty,1,39.398,39.098,38.898,36.398,25.0,45.0,150.0,,75.0,1.5,36.92,,,0,trial
2026-07-04T20:22:12,reactive_hot_humid_bursty_r1,reactive,hot_humid,bursty,1,39.408,39.108,38.908,36.408,25.0,45.0,150.0,,75.0,1.5,36.92,,,0,trial
2026-07-04T20:22:12,reactive_hot_humid_bursty_r1,reactive,hot_humid,bursty,1,39.418,39.118,38.918,36.418,25.0,45.0,150.0,,75.0,1.5,36.92,,,0,trial
2026-07-04T20:22:12,reactive_hot_humid_bursty_r1,reactive,hot_humid,bursty,1,39.428,39.128,38.928,36.428,25.0,45.0,150.0,,75.0,1.5,36.91,,,0,trial
2026-07-04T20:22:12,reactive_hot_humid_bursty_r1,reactive,hot_humid,bursty,1,39.439,39.139,38.939,36.439,25.0,45.0,150.0,,75.0,1.5,36.91,,,0,trial
2026-07-04T20:22:12,reactive_hot_humid_bursty_r1,reactive,hot_humid,bursty,1,39.449,39.149,38.949,36.449,25.0,45.0,150.0,,75.0,1.5,36.9,,,0,trial
2026-07-04T20:22:12,reactive_hot_humid_bursty_r1,reactive,hot_humid,bursty,1,39.459,39.159,38.959,36.459,25.0,45.0,150.0,,75.0,1.5,36.9,,,0,trial
2026-07-04T20:22:12,reactive_hot_humid_bursty_r1,reactive,hot_humid,bursty,1,39.469,39.169,38.969,36.469,25.0,45.0,150.0,,75.0,1.5,36.89,,,0,trial
2026-07-04T20:22:12,reactive_hot_humid_bursty_r1,reactive,hot_humid,bursty,1,39.479,39.179,38.979,36.479,25.0,45.0,150.0,,75.0,1.5,36.88,,,0,trial
2026-07-04T20:22:12,reactive_hot_humid_bursty_r1,reactive,hot_humid,bursty,1,39.489,39.189,38.989,36.489,25.0,45.0,150.0,,75.0,1.5,36.88,,,0,trial
2026-07-04T20:22:12,reactive_hot_humid_bursty_r1,reactive,hot_humid,bursty,1,39.499,39.199,38.999,36.499,25.0,45.0,150.0,,75.0,1.5,36.87,,,0,trial
2026-07-04T20:22:12,reactive_hot_humid_bursty_r1,reactive,hot_humid,bursty,1,39.509,39.209,39.009,36.509,25.0,45.0,150.0,,75.0,1.5,36.87,,,0,trial
2026-07-04T20:22:12,reactive_hot_humid_bursty_r1,reactive,hot_humid,bursty,1,39.519,39.219,39.019,36.519,25.0,45.0,150.0,,75.0,1.5,36.86,,,0,trial
2026-07-04T20:22:12,reactive_hot_humid_bursty_r1,reactive,hot_humid,bursty,1,39.53,39.23,39.03,36.53,25.0,45.0,150.0,,75.0,1.5,36.86,,,0,trial
2026-07-04T20:22:12,reactive_hot_humid_bursty_r1,reactive,hot_humid,bursty,1,39.54,39.24,39.04,36.54,25.0,45.0,150.0,,75.0,1.5,36.85,,,0,trial
2026-07-04T20:22:12,reactive_hot_humid_bursty_r1,reactive,hot_humid,bursty,1,39.55,39.25,39.05,36.55,25.0,45.0,150.0,,75.0,1.5,36.85,,,0,trial
2026-07-04T20:22:12,reactive_hot_humid_bursty_r1,reactive,hot_humid,bursty,1,39.56,39.26,39.06,36.56,25.0,45.0,150.0,,75.0,1.5,36.84,,,0,trial
2026-07-04T20:22:12,reactive_hot_humid_bursty_r1,reactive,hot_humid,bursty,1,39.58,39.28,39.08,36.58,25.0,45.0,150.0,,75.0,1.5,36.84,,,0,trial
2026-07-04T20:22:12,reactive_hot_humid_bursty_r1,reactive,hot_humid,bursty,1,39.59,39.29,39.09,36.59,25.0,45.0,150.0,,75.0,1.5,36.83,,,0,trial
2026-07-04T20:22:12,reactive_hot_humid_bursty_r1,reactive,hot_humid,bursty,1,39.6,39.3,39.1,36.6,25.0,45.0,150.0,,75.0,1.5,36.82,,,0,trial
2026-07-04T20:22:12,reactive_hot_humid_bursty_r1,reactive,hot_humid,bursty,1,39.61,39.31,39.11,36.61,25.0,45.0,150.0,,75.0,1.5,36.82,,,0,trial
2026-07-04T20:22:12,reactive_hot_humid_bursty_r1,reactive,hot_humid,bursty,1,39.62,39.32,39.12,36.62,25.0,45.0,150.0,,75.0,1.5,36.81,,,0,trial
2026-07-04T20:22:12,reactive_hot_humid_bursty_r1,reactive,hot_humid,bursty,1,39.63,39.33,39.13,36.63,25.0,45.0,150.0,,75.0,1.5,36.81,,,0,trial
2026-07-04T20:22:12,reactive_hot_humid_bursty_r1,reactive,hot_humid,bursty,1,39.64,39.34,39.14,36.64,25.0,45.0,150.0,,75.0,1.5,36.8,,,0,trial
2026-07-04T20:22:12,reactive_hot_humid_bursty_r1,reactive,hot_humid,bursty,1,39.65,39.35,39.15,36.65,25.0,45.0,150.0,,75.0,1.5,36.79,,,0,trial
2026-07-04T20:22:12,reactive_hot_humid_bursty_r1,reactive,hot_humid,bursty,1,39.66,39.36,39.16,36.66,25.0,45.0,150.0,,75.0,1.5,36.79,,,0,trial
2026-07-04T20:22:12,reactive_hot_humid_bursty_r1,reactive,hot_humid,bursty,1,39.67,39.37,39.17,36.67,25.0,45.0,150.0,,75.0,1.5,36.78,,,0,trial
2026-07-04T20:22:12,reactive_hot_humid_bursty_r1,reactive,hot_humid,bursty,1,39.68,39.38,39.18,36.68,25.0,45.0,150.0,,75.0,1.5,36.77,,,0,trial
2026-07-04T20:22:12,reactive_hot_humid_bursty_r1,reactive,hot_humid,bursty,1,39.69,39.39,39.19,36.69,25.0,45.0,150.0,,75.0,1.5,36.77,,,0,trial
2026-07-04T20:22:12,reactive_hot_humid_bursty_r1,reactive,hot_humid,bursty,1,39.7,39.4,39.2,36.7,25.0,45.0,150.0,,75.0,1.5,36.76,,,0,trial
2026-07-04T20:22:12,reactive_hot_humid_bursty_r1,reactive,hot_humid,bursty,1,39.71,39.41,39.21,36.71,25.0,45.0,150.0,,75.0,1.5,36.76,,,0,trial
2026-07-04T20:22:12,reactive_hot_humid_bursty_r1,reactive,hot_humid,bursty,1,39.72,39.42,39.22,36.72,25.0,45.0,150.0,,75.0,1.5,36.75,,,0,trial
2026-07-04T20:22:12,reactive_hot_humid_bursty_r1,reactive,hot_humid,bursty,1,39.73,39.43,39.23,36.73,25.0,45.0,150.0,,75.0,1.5,36.74,,,0,trial
2026-07-04T20:22:12,reactive_hot_humid_bursty_r1,reactive,hot_humid,bursty,1,39.74,39.44,39.24,36.74,25.0,45.0,150.0,,75.0,1.5,36.74,,,0,trial
2026-07-04T20:22:12,reactive_hot_humid_bursty_r1,reactive,hot_humid,bursty,1,39.75,39.45,39.25,36.75,25.0,45.0,150.0,,75.0,1.5,36.73,,,0,trial
2026-07-04T20:22:12,reactive_hot_humid_bursty_r1,reactive,hot_humid,bursty,1,39.76,39.46,39.26,36.76,25.0,45.0,150.0,,75.0,1.5,36.72,,,0,trial
2026-07-04T20:22:12,reactive_hot_humid_bursty_r1,reactive,hot_humid,bursty,1,39.77,39.47,39.27,36.77,25.0,45.0,150.0,,75.0,1.5,36.72,,,0,trial
2026-07-04T20:22:12,reactive_hot_humid_bursty_r1,reactive,hot_humid,bursty,1,39.78,39.48,39.28,36.78,25.0,45.0,150.0,,75.0,1.5,36.71,,,0,trial
2026-07-04T20:22:12,reactive_hot_humid_bursty_r1,reactive,hot_humid,bursty,1,39.789,39.489,39.289,36.789,25.0,45.0,150.0,,75.0,1.5,36.7,,,0,trial
2026-07-04T20:22:12,reactive_hot_humid_bursty_r1,reactive,hot_humid,bursty,1,39.799,39.499,39.299,36.799,25.0,45.0,150.0,,75.0,1.5,36.69,,,0,trial
2026-07-04T20:22:12,reactive_hot_humid_bursty_r1,reactive,hot_humid,bursty,1,39.809,39.509,39.309,36.809,25.0,45.0,150.0,,75.0,1.5,36.69,,,0,trial
2026-07-04T20:22:12,reactive_hot_humid_bursty_r1,reactive,hot_humid,bursty,1,39.819,39.519,39.319,36.819,25.0,45.0,150.0,,75.0,1.5,36.68,,,0,trial
2026-07-04T20:22:12,reactive_hot_humid_bursty_r1,reactive,hot_humid,bursty,1,39.829,39.529,39.329,36.829,25.0,45.0,150.0,,75.0,1.5,36.67,,,0,trial
2026-07-04T20:22:12,reactive_hot_humid_bursty_r1,reactive,hot_humid,bursty,1,39.839,39.539,39.339,36.839,25.0,45.0,150.0,,75.0,1.5,36.67,,,0,trial
2026-07-04T20:22:12,reactive_hot_humid_bursty_r1,reactive,hot_humid,bursty,1,39.849,39.549,39.349,36.849,25.0,45.0,150.0,,75.0,1.5,36.66,,,0,trial
2026-07-04T20:22:12,reactive_hot_humid_bursty_r1,reactive,hot_humid,bursty,1,39.859,39.559,39.359,36.859,25.0,45.0,150.0,,75.0,1.5,36.65,,,0,trial
2026-07-04T20:22:12,reactive_hot_humid_bursty_r1,reactive,hot_humid,bursty,1,39.869,39.569,39.369,36.869,25.0,45.0,150.0,,75.0,1.5,36.64,,,0,trial
2026-07-04T20:22:12,reactive_hot_humid_bursty_r1,reactive,hot_humid,bursty,1,39.888,39.588,39.388,36.888,25.0,45.0,150.0,,75.0,1.5,36.64,,,0,trial
2026-07-04T20:22:12,reactive_hot_humid_bursty_r1,reactive,hot_humid,bursty,1,39.898,39.598,39.398,36.898,25.0,45.0,150.0,,75.0,1.5,36.63,,,0,trial
2026-07-04T20:22:12,reactive_hot_humid_bursty_r1,reactive,hot_humid,bursty,1,39.908,39.608,39.408,36.908,25.0,45.0,150.0,,75.0,1.5,36.62,,,0,trial
2026-07-04T20:22:12,reactive_hot_humid_bursty_r1,reactive,hot_humid,bursty,1,39.918,39.618,39.418,36.918,25.0,45.0,150.0,,75.0,1.5,36.61,,,0,trial
2026-07-04T20:22:12,reactive_hot_humid_bursty_r1,reactive,hot_humid,bursty,1,39.928,39.628,39.428,36.928,25.0,45.0,150.0,,75.0,1.5,36.61,,,0,trial
2026-07-04T20:22:12,reactive_hot_humid_bursty_r1,reactive,hot_humid,bursty,1,39.937,39.637,39.437,36.937,25.0,45.0,150.0,,75.0,1.5,36.6,,,0,trial
2026-07-04T20:22:12,reactive_hot_humid_bursty_r1,reactive,hot_humid,bursty,1,39.947,39.647,39.447,36.947,25.0,45.0,150.0,,75.0,1.5,36.59,,,0,trial
2026-07-04T20:22:12,reactive_hot_humid_bursty_r1,reactive,hot_humid,bursty,1,39.957,39.657,39.457,36.957,25.0,45.0,150.0,,75.0,1.5,36.58,,,0,trial
2026-07-04T20:22:12,reactive_hot_humid_bursty_r1,reactive,hot_humid,bursty,1,39.967,39.667,39.467,36.967,25.0,45.0,150.0,,75.0,1.5,36.58,,,0,trial
2026-07-04T20:22:12,reactive_hot_humid_bursty_r1,reactive,hot_humid,bursty,1,39.977,39.677,39.477,36.977,25.0,45.0,150.0,,75.0,1.5,36.57,,,0,trial
2026-07-04T20:22:12,reactive_hot_humid_bursty_r1,reactive,hot_humid,bursty,1,39.986,39.686,39.486,36.986,25.0,45.0,150.0,,75.0,1.5,36.56,,,0,trial
2026-07-04T20:22:12,reactive_hot_humid_bursty_r1,reactive,hot_humid,bursty,1,39.996,39.696,39.496,36.996,25.0,45.0,150.0,,75.0,1.5,36.55,,,0,trial
2026-07-04T20:22:12,reactive_hot_humid_bursty_r1,reactive,hot_humid,bursty,1,40.006,39.706,39.506,37.006,25.0,45.0,150.0,,75.0,1.5,36.54,,,0,trial
2026-07-04T20:22:12,reactive_hot_humid_bursty_r1,reactive,hot_humid,bursty,1,40.016,39.716,39.516,37.016,25.0,45.0,150.0,,75.0,1.5,36.54,,,0,trial
2026-07-04T20:22:12,reactive_hot_humid_bursty_r1,reactive,hot_humid,bursty,1,40.025,39.725,39.525,37.025,25.0,45.0,150.0,,75.0,1.5,36.53,,,0,trial
2026-07-04T20:22:12,reactive_hot_humid_bursty_r1,reactive,hot_humid,bursty,1,40.035,39.735,39.535,37.035,25.0,45.0,150.0,,75.0,1.5,36.52,,,0,trial
2026-07-04T20:22:12,reactive_hot_humid_bursty_r1,reactive,hot_humid,bursty,1,40.045,39.745,39.545,37.045,25.0,45.0,150.0,,75.0,1.5,36.51,,,0,trial
2026-07-04T20:22:12,reactive_hot_humid_bursty_r1,reactive,hot_humid,bursty,1,40.055,39.755,39.555,37.055,25.0,45.0,150.0,,75.0,1.5,36.5,,,0,trial
2026-07-04T20:22:12,reactive_hot_humid_bursty_r1,reactive,hot_humid,bursty,1,40.064,39.764,39.564,37.064,25.0,45.0,150.0,,75.0,1.5,36.49,,,0,trial
2026-07-04T20:22:12,reactive_hot_humid_bursty_r1,reactive,hot_humid,bursty,1,40.074,39.774,39.574,37.074,25.0,45.0,150.0,,75.0,1.5,36.49,,,0,trial
2026-07-04T20:22:12,reactive_hot_humid_bursty_r1,reactive,hot_humid,bursty,1,40.084,39.784,39.584,37.084,25.0,45.0,150.0,,75.0,1.5,36.48,,,0,trial
2026-07-04T20:22:12,reactive_hot_humid_bursty_r1,reactive,hot_humid,bursty,1,40.094,39.794,39.594,37.094,25.0,45.0,150.0,,75.0,1.5,36.47,,,0,trial
2026-07-04T20:22:12,reactive_hot_humid_bursty_r1,reactive,hot_humid,bursty,1,40.103,39.803,39.603,37.103,25.0,45.0,150.0,,75.0,1.5,36.46,,,0,trial
2026-07-04T20:22:12,reactive_hot_humid_bursty_r1,reactive,hot_humid,bursty,1,40.113,39.813,39.613,37.113,25.0,45.0,150.0,,75.0,1.5,36.45,,,0,trial
2026-07-04T20:22:12,reactive_hot_humid_bursty_r1,reactive,hot_humid,bursty,1,40.123,39.823,39.623,37.123,25.0,45.0,150.0,,75.0,1.5,36.44,,,0,trial
2026-07-04T20:22:12,reactive_hot_humid_bursty_r1,reactive,hot_humid,bursty,1,40.132,39.832,39.632,37.132,25.0,45.0,150.0,,75.0,1.5,36.43,,,0,trial
2026-07-04T20:22:12,reactive_hot_humid_bursty_r1,reactive,hot_humid,bursty,1,40.142,39.842,39.642,37.142,25.0,45.0,150.0,,75.0,1.5,36.43,,,0,trial
2026-07-04T20:22:12,reactive_hot_humid_bursty_r1,reactive,hot_humid,bursty,1,40.152,39.852,39.652,37.152,25.0,45.0,150.0,,75.0,1.5,36.42,,,0,trial
2026-07-04T20:22:12,reactive_hot_humid_bursty_r1,reactive,hot_humid,bursty,1,40.161,39.861,39.661,37.161,25.0,45.0,150.0,,75.0,1.5,36.41,,,0,trial
2026-07-04T20:22:12,reactive_hot_humid_bursty_r1,reactive,hot_humid,bursty,1,40.171,39.871,39.671,37.171,25.0,45.0,150.0,,75.0,1.5,36.4,,,0,trial
2026-07-04T20:22:12,reactive_hot_humid_bursty_r1,reactive,hot_humid,bursty,1,40.188,39.888,39.688,37.188,25.0,45.0,150.0,,100.0,2.0,36.39,,,0,trial
2026-07-04T20:22:12,reactive_hot_humid_bursty_r1,reactive,hot_humid,bursty,1,40.196,39.896,39.696,37.196,25.0,45.0,150.0,,100.0,2.0,36.38,,,0,trial
2026-07-04T20:22:12,reactive_hot_humid_bursty_r1,reactive,hot_humid,bursty,1,40.204,39.904,39.704,37.204,25.0,45.0,150.0,,100.0,2.0,36.37,,,0,trial
2026-07-04T20:22:12,reactive_hot_humid_bursty_r1,reactive,hot_humid,bursty,1,40.212,39.912,39.712,37.212,25.0,45.0,150.0,,100.0,2.0,36.36,,,0,trial
2026-07-04T20:22:12,reactive_hot_humid_bursty_r1,reactive,hot_humid,bursty,1,40.219,39.919,39.719,37.219,25.0,45.0,150.0,,100.0,2.0,36.35,,,0,trial
2026-07-04T20:22:12,reactive_hot_humid_bursty_r1,reactive,hot_humid,bursty,1,40.227,39.927,39.727,37.227,25.0,45.0,150.0,,100.0,2.0,36.34,,,0,trial
2026-07-04T20:22:12,reactive_hot_humid_bursty_r1,reactive,hot_humid,bursty,1,40.235,39.935,39.735,37.235,25.0,45.0,150.0,,100.0,2.0,36.34,,,0,trial
2026-07-04T20:22:12,reactive_hot_humid_bursty_r1,reactive,hot_humid,bursty,1,40.242,39.942,39.742,37.242,25.0,45.0,150.0,,100.0,2.0,36.33,,,0,trial
2026-07-04T20:22:12,reactive_hot_humid_bursty_r1,reactive,hot_humid,bursty,1,40.25,39.95,39.75,37.25,25.0,45.0,150.0,,100.0,2.0,36.32,,,0,trial
2026-07-04T20:22:12,reactive_hot_humid_bursty_r1,reactive,hot_humid,bursty,1,40.258,39.958,39.758,37.258,25.0,45.0,150.0,,100.0,2.0,36.31,,,0,trial
2026-07-04T20:22:12,reactive_hot_humid_bursty_r1,reactive,hot_humid,bursty,1,40.266,39.966,39.766,37.266,25.0,45.0,150.0,,100.0,2.0,36.3,,,0,trial
2026-07-04T20:22:12,reactive_hot_humid_bursty_r1,reactive,hot_humid,bursty,1,40.273,39.973,39.773,37.273,25.0,45.0,150.0,,100.0,2.0,36.29,,,0,trial
2026-07-04T20:22:12,reactive_hot_humid_bursty_r1,reactive,hot_humid,bursty,1,40.281,39.981,39.781,37.281,25.0,45.0,150.0,,100.0,2.0,36.28,,,0,trial
2026-07-04T20:22:12,reactive_hot_humid_bursty_r1,reactive,hot_humid,bursty,1,40.289,39.989,39.789,37.289,25.0,45.0,150.0,,100.0,2.0,36.27,,,0,trial
2026-07-04T20:22:12,reactive_hot_humid_bursty_r1,reactive,hot_humid,bursty,1,40.296,39.996,39.796,37.296,25.0,45.0,150.0,,100.0,2.0,36.26,,,0,trial
2026-07-04T20:22:12,reactive_hot_humid_bursty_r1,reactive,hot_humid,bursty,1,40.304,40.004,39.804,37.304,25.0,45.0,150.0,,100.0,2.0,36.25,,,0,trial
2026-07-04T20:22:12,reactive_hot_humid_bursty_r1,reactive,hot_humid,bursty,1,40.312,40.012,39.812,37.312,25.0,45.0,150.0,,100.0,2.0,36.24,,,0,trial
2026-07-04T20:22:12,reactive_hot_humid_bursty_r1,reactive,hot_humid,bursty,1,40.319,40.019,39.819,37.319,25.0,45.0,150.0,,100.0,2.0,36.23,,,0,trial
2026-07-04T20:22:12,reactive_hot_humid_bursty_r1,reactive,hot_humid,bursty,1,40.327,40.027,39.827,37.327,25.0,45.0,150.0,,100.0,2.0,36.22,,,0,trial
2026-07-04T20:22:12,reactive_hot_humid_bursty_r1,reactive,hot_humid,bursty,1,40.334,40.034,39.834,37.334,25.0,45.0,150.0,,100.0,2.0,36.21,,,0,trial
2026-07-04T20:22:12,reactive_hot_humid_bursty_r1,reactive,hot_humid,bursty,1,40.342,40.042,39.842,37.342,25.0,45.0,150.0,,100.0,2.0,36.2,,,0,trial
2026-07-04T20:22:12,reactive_hot_humid_bursty_r1,reactive,hot_humid,bursty,1,40.35,40.05,39.85,37.35,25.0,45.0,150.0,,100.0,2.0,36.19,,,0,trial
2026-07-04T20:22:12,reactive_hot_humid_bursty_r1,reactive,hot_humid,bursty,1,40.357,40.057,39.857,37.357,25.0,45.0,150.0,,100.0,2.0,36.18,,,0,trial
2026-07-04T20:22:12,reactive_hot_humid_bursty_r1,reactive,hot_humid,bursty,1,40.365,40.065,39.865,37.365,25.0,45.0,150.0,,100.0,2.0,36.17,,,0,trial
2026-07-04T20:22:12,reactive_hot_humid_bursty_r1,reactive,hot_humid,bursty,1,40.373,40.073,39.873,37.373,25.0,45.0,150.0,,100.0,2.0,36.16,,,0,trial
2026-07-04T20:22:12,reactive_hot_humid_bursty_r1,reactive,hot_humid,bursty,1,40.38,40.08,39.88,37.38,25.0,45.0,150.0,,100.0,2.0,36.15,,,0,trial
2026-07-04T20:22:12,reactive_hot_humid_bursty_r1,reactive,hot_humid,bursty,1,40.388,40.088,39.888,37.388,25.0,45.0,150.0,,100.0,2.0,36.14,,,0,trial
2026-07-04T20:22:12,reactive_hot_humid_bursty_r1,reactive,hot_humid,bursty,1,40.395,40.095,39.895,37.395,25.0,45.0,150.0,,100.0,2.0,36.13,,,0,trial
2026-07-04T20:22:12,reactive_hot_humid_bursty_r1,reactive,hot_humid,bursty,1,40.403,40.103,39.903,37.403,25.0,45.0,150.0,,100.0,2.0,36.12,,,0,trial
2026-07-04T20:22:12,reactive_hot_humid_bursty_r1,reactive,hot_humid,bursty,1,40.411,40.111,39.911,37.411,25.0,45.0,150.0,,100.0,2.0,36.11,,,0,trial
2026-07-04T20:22:12,reactive_hot_humid_bursty_r1,reactive,hot_humid,bursty,1,40.43,40.13,39.93,37.43,25.0,45.0,150.0,,50.0,1.0,36.1,,,0,trial
2026-07-04T20:22:12,reactive_hot_humid_bursty_r1,reactive,hot_humid,bursty,1,40.441,40.141,39.941,37.441,25.0,45.0,150.0,,50.0,1.0,36.09,,,0,trial
2026-07-04T20:22:12,reactive_hot_humid_bursty_r1,reactive,hot_humid,bursty,1,40.453,40.153,39.953,37.453,25.0,45.0,150.0,,50.0,1.0,36.08,,,0,trial
2026-07-04T20:22:12,reactive_hot_humid_bursty_r1,reactive,hot_humid,bursty,1,40.465,40.165,39.965,37.465,25.0,45.0,150.0,,50.0,1.0,36.07,,,0,trial
2026-07-04T20:22:12,reactive_hot_humid_bursty_r1,reactive,hot_humid,bursty,1,40.476,40.176,39.976,37.476,25.0,45.0,150.0,,50.0,1.0,36.06,,,0,trial
2026-07-04T20:22:12,reactive_hot_humid_bursty_r1,reactive,hot_humid,bursty,1,40.488,40.188,39.988,37.488,25.0,45.0,150.0,,50.0,1.0,36.05,,,0,trial
2026-07-04T20:22:12,reactive_hot_humid_bursty_r1,reactive,hot_humid,bursty,1,40.499,40.199,39.999,37.499,25.0,45.0,150.0,,50.0,1.0,36.04,,,0,trial
2026-07-04T20:22:12,reactive_hot_humid_bursty_r1,reactive,hot_humid,bursty,1,40.511,40.211,40.011,37.511,25.0,45.0,150.0,,50.0,1.0,36.03,,,0,trial
2026-07-04T20:22:12,reactive_hot_humid_bursty_r1,reactive,hot_humid,bursty,1,40.522,40.222,40.022,37.522,25.0,45.0,150.0,,50.0,1.0,36.02,,,0,trial
2026-07-04T20:22:12,reactive_hot_humid_bursty_r1,reactive,hot_humid,bursty,1,40.534,40.234,40.034,37.534,25.0,45.0,150.0,,50.0,1.0,36.01,,,0,trial
2026-07-04T20:22:12,reactive_hot_humid_bursty_r1,reactive,hot_humid,bursty,1,40.546,40.246,40.046,37.546,25.0,45.0,150.0,,50.0,1.0,36.0,,,0,trial
2026-07-04T20:22:12,reactive_hot_humid_bursty_r1,reactive,hot_humid,bursty,1,40.557,40.257,40.057,37.557,25.0,45.0,150.0,,50.0,1.0,35.99,,,0,trial
2026-07-04T20:22:12,reactive_hot_humid_bursty_r1,reactive,hot_humid,bursty,1,40.569,40.269,40.069,37.569,25.0,45.0,150.0,,50.0,1.0,35.97,,,0,trial
2026-07-04T20:22:12,reactive_hot_humid_bursty_r1,reactive,hot_humid,bursty,1,40.58,40.28,40.08,37.58,25.0,45.0,150.0,,50.0,1.0,35.96,,,0,trial
2026-07-04T20:22:12,reactive_hot_humid_bursty_r1,reactive,hot_humid,bursty,1,40.592,40.292,40.092,37.592,25.0,45.0,150.0,,50.0,1.0,35.95,,,0,trial
2026-07-04T20:22:12,reactive_hot_humid_bursty_r1,reactive,hot_humid,bursty,1,40.603,40.303,40.103,37.603,25.0,45.0,150.0,,50.0,1.0,35.94,,,0,trial
2026-07-04T20:22:12,reactive_hot_humid_bursty_r1,reactive,hot_humid,bursty,1,40.615,40.315,40.115,37.615,25.0,45.0,150.0,,50.0,1.0,35.93,,,0,trial
2026-07-04T20:22:12,reactive_hot_humid_bursty_r1,reactive,hot_humid,bursty,1,40.626,40.326,40.126,37.626,25.0,45.0,150.0,,50.0,1.0,35.92,,,0,trial
2026-07-04T20:22:12,reactive_hot_humid_bursty_r1,reactive,hot_humid,bursty,1,40.638,40.338,40.138,37.638,25.0,45.0,150.0,,50.0,1.0,35.91,,,0,trial
2026-07-04T20:22:12,reactive_hot_humid_bursty_r1,reactive,hot_humid,bursty,1,40.649,40.349,40.149,37.649,25.0,45.0,150.0,,50.0,1.0,35.9,,,0,trial
2026-07-04T20:22:12,reactive_hot_humid_bursty_r1,reactive,hot_humid,bursty,1,40.661,40.361,40.161,37.661,25.0,45.0,150.0,,50.0,1.0,35.89,,,0,trial
2026-07-04T20:22:12,reactive_hot_humid_bursty_r1,reactive,hot_humid,bursty,1,40.672,40.372,40.172,37.672,25.0,45.0,150.0,,50.0,1.0,35.88,,,0,trial
2026-07-04T20:22:12,reactive_hot_humid_bursty_r1,reactive,hot_humid,bursty,1,40.684,40.384,40.184,37.684,25.0,45.0,150.0,,50.0,1.0,35.87,,,0,trial
2026-07-04T20:22:12,reactive_hot_humid_bursty_r1,reactive,hot_humid,bursty,1,40.695,40.395,40.195,37.695,25.0,45.0,150.0,,50.0,1.0,35.85,,,0,trial
2026-07-04T20:22:12,reactive_hot_humid_bursty_r1,reactive,hot_humid,bursty,1,40.707,40.407,40.207,37.707,25.0,45.0,150.0,,50.0,1.0,35.84,,,0,trial
2026-07-04T20:22:12,reactive_hot_humid_bursty_r1,reactive,hot_humid,bursty,1,40.718,40.418,40.218,37.718,25.0,45.0,150.0,,50.0,1.0,35.83,,,0,trial
2026-07-04T20:22:12,reactive_hot_humid_bursty_r1,reactive,hot_humid,bursty,1,40.73,40.43,40.23,37.73,25.0,45.0,150.0,,50.0,1.0,35.82,,,0,trial
2026-07-04T20:22:12,reactive_hot_humid_bursty_r1,reactive,hot_humid,bursty,1,40.741,40.441,40.241,37.741,25.0,45.0,150.0,,50.0,1.0,35.81,,,0,trial
2026-07-04T20:22:12,reactive_hot_humid_bursty_r1,reactive,hot_humid,bursty,1,40.753,40.453,40.253,37.753,25.0,45.0,150.0,,50.0,1.0,35.8,,,0,trial
2026-07-04T20:22:12,reactive_hot_humid_bursty_r1,reactive,hot_humid,bursty,1,40.764,40.464,40.264,37.764,25.0,45.0,150.0,,50.0,1.0,35.79,,,0,trial
2026-07-04T20:22:12,reactive_hot_humid_bursty_r1,reactive,hot_humid,bursty,1,40.759,40.459,40.259,37.759,25.0,45.0,60.0,,100.0,2.0,35.78,,,0,trial
2026-07-04T20:22:12,reactive_hot_humid_bursty_r1,reactive,hot_humid,bursty,1,40.755,40.455,40.255,37.755,25.0,45.0,60.0,,100.0,2.0,35.76,,,0,trial
2026-07-04T20:22:12,reactive_hot_humid_bursty_r1,reactive,hot_humid,bursty,1,40.75,40.45,40.25,37.75,25.0,45.0,60.0,,100.0,2.0,35.75,,,0,trial
2026-07-04T20:22:12,reactive_hot_humid_bursty_r1,reactive,hot_humid,bursty,1,40.745,40.445,40.245,37.745,25.0,45.0,60.0,,100.0,2.0,35.74,,,0,trial
2026-07-04T20:22:12,reactive_hot_humid_bursty_r1,reactive,hot_humid,bursty,1,40.741,40.441,40.241,37.741,25.0,45.0,60.0,,100.0,2.0,35.73,,,0,trial
2026-07-04T20:22:12,reactive_hot_humid_bursty_r1,reactive,hot_humid,bursty,1,40.736,40.436,40.236,37.736,25.0,45.0,60.0,,100.0,2.0,35.72,,,0,trial
2026-07-04T20:22:12,reactive_hot_humid_bursty_r1,reactive,hot_humid,bursty,1,40.732,40.432,40.232,37.732,25.0,45.0,60.0,,100.0,2.0,35.71,,,0,trial
2026-07-04T20:22:12,reactive_hot_humid_bursty_r1,reactive,hot_humid,bursty,1,40.727,40.427,40.227,37.727,25.0,45.0,60.0,,100.0,2.0,35.7,,,0,trial
2026-07-04T20:22:12,reactive_hot_humid_bursty_r1,reactive,hot_humid,bursty,1,40.723,40.423,40.223,37.723,25.0,45.0,60.0,,100.0,2.0,35.68,,,0,trial
2026-07-04T20:22:12,reactive_hot_humid_bursty_r1,reactive,hot_humid,bursty,1,40.718,40.418,40.218,37.718,25.0,45.0,60.0,,100.0,2.0,35.67,,,0,trial
2026-07-04T20:22:12,reactive_hot_humid_bursty_r1,reactive,hot_humid,bursty,1,40.714,40.414,40.214,37.714,25.0,45.0,60.0,,100.0,2.0,35.66,,,0,trial
2026-07-04T20:22:12,reactive_hot_humid_bursty_r1,reactive,hot_humid,bursty,1,40.709,40.409,40.209,37.709,25.0,45.0,60.0,,100.0,2.0,35.65,,,0,trial
2026-07-04T20:22:12,reactive_hot_humid_bursty_r1,reactive,hot_humid,bursty,1,40.705,40.405,40.205,37.705,25.0,45.0,60.0,,100.0,2.0,35.64,,,0,trial
2026-07-04T20:22:12,reactive_hot_humid_bursty_r1,reactive,hot_humid,bursty,1,40.7,40.4,40.2,37.7,25.0,45.0,60.0,,100.0,2.0,35.63,,,0,trial
2026-07-04T20:22:12,reactive_hot_humid_bursty_r1,reactive,hot_humid,bursty,1,40.696,40.396,40.196,37.696,25.0,45.0,60.0,,100.0,2.0,35.61,,,0,trial
2026-07-04T20:22:12,reactive_hot_humid_bursty_r1,reactive,hot_humid,bursty,1,40.691,40.391,40.191,37.691,25.0,45.0,60.0,,100.0,2.0,35.6,,,0,trial
2026-07-04T20:22:12,reactive_hot_humid_bursty_r1,reactive,hot_humid,bursty,1,40.687,40.387,40.187,37.687,25.0,45.0,60.0,,100.0,2.0,35.59,,,0,trial
2026-07-04T20:22:12,reactive_hot_humid_bursty_r1,reactive,hot_humid,bursty,1,40.682,40.382,40.182,37.682,25.0,45.0,60.0,,100.0,2.0,35.58,,,0,trial
2026-07-04T20:22:12,reactive_hot_humid_bursty_r1,reactive,hot_humid,bursty,1,40.678,40.378,40.178,37.678,25.0,45.0,60.0,,100.0,2.0,35.57,,,0,trial
2026-07-04T20:22:12,reactive_hot_humid_bursty_r1,reactive,hot_humid,bursty,1,40.673,40.373,40.173,37.673,25.0,45.0,60.0,,100.0,2.0,35.56,,,0,trial
2026-07-04T20:22:12,reactive_hot_humid_bursty_r1,reactive,hot_humid,bursty,1,40.669,40.369,40.169,37.669,25.0,45.0,60.0,,100.0,2.0,35.54,,,0,trial
2026-07-04T20:22:12,reactive_hot_humid_bursty_r1,reactive,hot_humid,bursty,1,40.664,40.364,40.164,37.664,25.0,45.0,60.0,,100.0,2.0,35.53,,,0,trial
2026-07-04T20:22:12,reactive_hot_humid_bursty_r1,reactive,hot_humid,bursty,1,40.66,40.36,40.16,37.66,25.0,45.0,60.0,,100.0,2.0,35.52,,,0,trial
2026-07-04T20:22:12,reactive_hot_humid_bursty_r1,reactive,hot_humid,bursty,1,40.655,40.355,40.155,37.655,25.0,45.0,60.0,,100.0,2.0,35.51,,,0,trial
2026-07-04T20:22:12,reactive_hot_humid_bursty_r1,reactive,hot_humid,bursty,1,40.651,40.351,40.151,37.651,25.0,45.0,60.0,,100.0,2.0,35.5,,,0,trial
2026-07-04T20:22:12,reactive_hot_humid_bursty_r1,reactive,hot_humid,bursty,1,40.647,40.347,40.147,37.647,25.0,45.0,60.0,,100.0,2.0,35.48,,,0,trial
2026-07-04T20:22:12,reactive_hot_humid_bursty_r1,reactive,hot_humid,bursty,1,40.642,40.342,40.142,37.642,25.0,45.0,60.0,,100.0,2.0,35.47,,,0,trial
2026-07-04T20:22:12,reactive_hot_humid_bursty_r1,reactive,hot_humid,bursty,1,40.638,40.338,40.138,37.638,25.0,45.0,60.0,,100.0,2.0,35.46,,,0,trial
2026-07-04T20:22:12,reactive_hot_humid_bursty_r1,reactive,hot_humid,bursty,1,40.633,40.333,40.133,37.633,25.0,45.0,60.0,,100.0,2.0,35.45,,,0,trial
2026-07-04T20:22:12,reactive_hot_humid_bursty_r1,reactive,hot_humid,bursty,1,40.629,40.329,40.129,37.629,25.0,45.0,60.0,,100.0,2.0,35.44,,,0,trial
2026-07-04T20:22:12,reactive_hot_humid_bursty_r1,reactive,hot_humid,bursty,1,40.62,40.32,40.12,37.62,25.0,45.0,60.0,,100.0,2.0,35.42,,,0,trial
2026-07-04T20:22:12,reactive_hot_humid_bursty_r1,reactive,hot_humid,bursty,1,40.615,40.315,40.115,37.615,25.0,45.0,60.0,,100.0,2.0,35.41,,,0,trial
2026-07-04T20:22:12,reactive_hot_humid_bursty_r1,reactive,hot_humid,bursty,1,40.611,40.311,40.111,37.611,25.0,45.0,60.0,,100.0,2.0,35.4,,,0,trial
2026-07-04T20:22:12,reactive_hot_humid_bursty_r1,reactive,hot_humid,bursty,1,40.607,40.307,40.107,37.607,25.0,45.0,60.0,,100.0,2.0,35.39,,,0,trial
2026-07-04T20:22:12,reactive_hot_humid_bursty_r1,reactive,hot_humid,bursty,1,40.602,40.302,40.102,37.602,25.0,45.0,60.0,,100.0,2.0,35.37,,,0,trial
2026-07-04T20:22:12,reactive_hot_humid_bursty_r1,reactive,hot_humid,bursty,1,40.598,40.298,40.098,37.598,25.0,45.0,60.0,,100.0,2.0,35.36,,,0,trial
2026-07-04T20:22:12,reactive_hot_humid_bursty_r1,reactive,hot_humid,bursty,1,40.593,40.293,40.093,37.593,25.0,45.0,60.0,,100.0,2.0,35.35,,,0,trial
2026-07-04T20:22:12,reactive_hot_humid_bursty_r1,reactive,hot_humid,bursty,1,40.589,40.289,40.089,37.589,25.0,45.0,60.0,,100.0,2.0,35.34,,,0,trial
2026-07-04T20:22:12,reactive_hot_humid_bursty_r1,reactive,hot_humid,bursty,1,40.584,40.284,40.084,37.584,25.0,45.0,60.0,,100.0,2.0,35.33,,,0,trial
2026-07-04T20:22:12,reactive_hot_humid_bursty_r1,reactive,hot_humid,bursty,1,40.58,40.28,40.08,37.58,25.0,45.0,60.0,,100.0,2.0,35.31,,,0,trial
2026-07-04T20:22:12,reactive_hot_humid_bursty_r1,reactive,hot_humid,bursty,1,40.576,40.276,40.076,37.576,25.0,45.0,60.0,,100.0,2.0,35.3,,,0,trial
2026-07-04T20:22:12,reactive_hot_humid_bursty_r1,reactive,hot_humid,bursty,1,40.571,40.271,40.071,37.571,25.0,45.0,60.0,,100.0,2.0,35.29,,,0,trial
2026-07-04T20:22:12,reactive_hot_humid_bursty_r1,reactive,hot_humid,bursty,1,40.567,40.267,40.067,37.567,25.0,45.0,60.0,,100.0,2.0,35.28,,,0,trial
2026-07-04T20:22:12,reactive_hot_humid_bursty_r1,reactive,hot_humid,bursty,1,40.562,40.262,40.062,37.562,25.0,45.0,60.0,,100.0,2.0,35.26,,,0,trial
2026-07-04T20:22:12,reactive_hot_humid_bursty_r1,reactive,hot_humid,bursty,1,40.558,40.258,40.058,37.558,25.0,45.0,60.0,,100.0,2.0,35.25,,,0,trial
2026-07-04T20:22:12,reactive_hot_humid_bursty_r1,reactive,hot_humid,bursty,1,40.554,40.254,40.054,37.554,25.0,45.0,60.0,,100.0,2.0,35.24,,,0,trial
2026-07-04T20:22:12,reactive_hot_humid_bursty_r1,reactive,hot_humid,bursty,1,40.549,40.249,40.049,37.549,25.0,45.0,60.0,,100.0,2.0,35.23,,,0,trial
2026-07-04T20:22:12,reactive_hot_humid_bursty_r1,reactive,hot_humid,bursty,1,40.545,40.245,40.045,37.545,25.0,45.0,60.0,,100.0,2.0,35.21,,,0,trial
2026-07-04T20:22:12,reactive_hot_humid_bursty_r1,reactive,hot_humid,bursty,1,40.54,40.24,40.04,37.54,25.0,45.0,60.0,,100.0,2.0,35.2,,,0,trial
2026-07-04T20:22:12,reactive_hot_humid_bursty_r1,reactive,hot_humid,bursty,1,40.536,40.236,40.036,37.536,25.0,45.0,60.0,,100.0,2.0,35.19,,,0,trial
2026-07-04T20:22:12,reactive_hot_humid_bursty_r1,reactive,hot_humid,bursty,1,40.532,40.232,40.032,37.532,25.0,45.0,60.0,,100.0,2.0,35.18,,,0,trial
2026-07-04T20:22:12,reactive_hot_humid_bursty_r1,reactive,hot_humid,bursty,1,40.527,40.227,40.027,37.527,25.0,45.0,60.0,,100.0,2.0,35.16,,,0,trial
2026-07-04T20:22:12,reactive_hot_humid_bursty_r1,reactive,hot_humid,bursty,1,40.523,40.223,40.023,37.523,25.0,45.0,60.0,,100.0,2.0,35.15,,,0,trial
2026-07-04T20:22:12,reactive_hot_humid_bursty_r1,reactive,hot_humid,bursty,1,40.519,40.219,40.019,37.519,25.0,45.0,60.0,,100.0,2.0,35.14,,,0,trial
2026-07-04T20:22:12,reactive_hot_humid_bursty_r1,reactive,hot_humid,bursty,1,40.514,40.214,40.014,37.514,25.0,45.0,60.0,,100.0,2.0,35.13,,,0,trial
2026-07-04T20:22:12,reactive_hot_humid_bursty_r1,reactive,hot_humid,bursty,1,40.51,40.21,40.01,37.51,25.0,45.0,60.0,,100.0,2.0,35.11,,,0,trial
2026-07-04T20:22:12,reactive_hot_humid_bursty_r1,reactive,hot_humid,bursty,1,40.506,40.206,40.006,37.506,25.0,45.0,60.0,,100.0,2.0,35.1,,,0,trial
2026-07-04T20:22:12,reactive_hot_humid_bursty_r1,reactive,hot_humid,bursty,1,40.501,40.201,40.001,37.501,25.0,45.0,60.0,,100.0,2.0,35.09,,,0,trial
2026-07-04T20:22:12,reactive_hot_humid_bursty_r1,reactive,hot_humid,bursty,1,40.497,40.197,39.997,37.497,25.0,45.0,60.0,,100.0,2.0,35.07,,,0,trial
2026-07-04T20:22:12,reactive_hot_humid_bursty_r1,reactive,hot_humid,bursty,1,40.493,40.193,39.993,37.493,25.0,45.0,60.0,,100.0,2.0,35.06,,,0,trial
2026-07-04T20:22:12,reactive_hot_humid_bursty_r1,reactive,hot_humid,bursty,1,40.484,40.184,39.984,37.484,25.0,45.0,60.0,,100.0,2.0,35.05,,,0,trial
2026-07-04T20:22:12,reactive_hot_humid_bursty_r1,reactive,hot_humid,bursty,1,40.48,40.18,39.98,37.48,25.0,45.0,60.0,,100.0,2.0,35.04,,,0,trial
2026-07-04T20:22:12,reactive_hot_humid_bursty_r1,reactive,hot_humid,bursty,1,40.475,40.175,39.975,37.475,25.0,45.0,60.0,,100.0,2.0,35.02,,,0,trial
2026-07-04T20:22:12,reactive_hot_humid_bursty_r1,reactive,hot_humid,bursty,1,40.471,40.171,39.971,37.471,25.0,45.0,60.0,,100.0,2.0,35.01,,,0,trial
2026-07-04T20:22:12,reactive_hot_humid_bursty_r1,reactive,hot_humid,bursty,1,40.467,40.167,39.967,37.467,25.0,45.0,60.0,,100.0,2.0,35.0,,,0,trial
2026-07-04T20:22:12,reactive_hot_humid_bursty_r1,reactive,hot_humid,bursty,1,40.462,40.162,39.962,37.462,25.0,45.0,60.0,,100.0,2.0,34.99,,,0,trial
2026-07-04T20:22:12,reactive_hot_humid_bursty_r1,reactive,hot_humid,bursty,1,40.458,40.158,39.958,37.458,25.0,45.0,60.0,,100.0,2.0,34.97,,,0,trial
2026-07-04T20:22:12,reactive_hot_humid_bursty_r1,reactive,hot_humid,bursty,1,40.454,40.154,39.954,37.454,25.0,45.0,60.0,,100.0,2.0,34.96,,,0,trial
2026-07-04T20:22:12,reactive_hot_humid_bursty_r1,reactive,hot_humid,bursty,1,40.449,40.149,39.949,37.449,25.0,45.0,60.0,,100.0,2.0,34.95,,,0,trial
2026-07-04T20:22:12,reactive_hot_humid_bursty_r1,reactive,hot_humid,bursty,1,40.445,40.145,39.945,37.445,25.0,45.0,60.0,,100.0,2.0,34.93,,,0,trial
2026-07-04T20:22:12,reactive_hot_humid_bursty_r1,reactive,hot_humid,bursty,1,40.441,40.141,39.941,37.441,25.0,45.0,60.0,,100.0,2.0,34.92,,,0,trial
2026-07-04T20:22:12,reactive_hot_humid_bursty_r1,reactive,hot_humid,bursty,1,40.436,40.136,39.936,37.436,25.0,45.0,60.0,,100.0,2.0,34.91,,,0,trial
2026-07-04T20:22:12,reactive_hot_humid_bursty_r1,reactive,hot_humid,bursty,1,40.432,40.132,39.932,37.432,25.0,45.0,60.0,,100.0,2.0,34.9,,,0,trial
2026-07-04T20:22:12,reactive_hot_humid_bursty_r1,reactive,hot_humid,bursty,1,40.428,40.128,39.928,37.428,25.0,45.0,60.0,,100.0,2.0,34.88,,,0,trial
2026-07-04T20:22:12,reactive_hot_humid_bursty_r1,reactive,hot_humid,bursty,1,40.424,40.124,39.924,37.424,25.0,45.0,60.0,,100.0,2.0,34.87,,,0,trial
2026-07-04T20:22:12,reactive_hot_humid_bursty_r1,reactive,hot_humid,bursty,1,40.419,40.119,39.919,37.419,25.0,45.0,60.0,,100.0,2.0,34.86,,,0,trial
2026-07-04T20:22:12,reactive_hot_humid_bursty_r1,reactive,hot_humid,bursty,1,40.415,40.115,39.915,37.415,25.0,45.0,60.0,,100.0,2.0,34.84,,,0,trial
2026-07-04T20:22:12,reactive_hot_humid_bursty_r1,reactive,hot_humid,bursty,1,40.411,40.111,39.911,37.411,25.0,45.0,60.0,,100.0,2.0,34.83,,,0,trial
2026-07-04T20:22:12,reactive_hot_humid_bursty_r1,reactive,hot_humid,bursty,1,40.406,40.106,39.906,37.406,25.0,45.0,60.0,,100.0,2.0,34.82,,,0,trial
2026-07-04T20:22:12,reactive_hot_humid_bursty_r1,reactive,hot_humid,bursty,1,40.402,40.102,39.902,37.402,25.0,45.0,60.0,,100.0,2.0,34.81,,,0,trial
2026-07-04T20:22:12,reactive_hot_humid_bursty_r1,reactive,hot_humid,bursty,1,40.398,40.098,39.898,37.398,25.0,45.0,60.0,,100.0,2.0,34.79,,,0,trial
2026-07-04T20:22:12,reactive_hot_humid_bursty_r1,reactive,hot_humid,bursty,1,40.394,40.094,39.894,37.394,25.0,45.0,60.0,,100.0,2.0,34.78,,,0,trial
2026-07-04T20:22:12,reactive_hot_humid_bursty_r1,reactive,hot_humid,bursty,1,40.389,40.089,39.889,37.389,25.0,45.0,60.0,,100.0,2.0,34.77,,,0,trial
2026-07-04T20:22:12,reactive_hot_humid_bursty_r1,reactive,hot_humid,bursty,1,40.385,40.085,39.885,37.385,25.0,45.0,60.0,,100.0,2.0,34.75,,,0,trial
2026-07-04T20:22:12,reactive_hot_humid_bursty_r1,reactive,hot_humid,bursty,1,40.381,40.081,39.881,37.381,25.0,45.0,60.0,,100.0,2.0,34.74,,,0,trial
2026-07-04T20:22:12,reactive_hot_humid_bursty_r1,reactive,hot_humid,bursty,1,40.377,40.077,39.877,37.377,25.0,45.0,60.0,,100.0,2.0,34.73,,,0,trial
2026-07-04T20:22:12,reactive_hot_humid_bursty_r1,reactive,hot_humid,bursty,1,40.372,40.072,39.872,37.372,25.0,45.0,60.0,,100.0,2.0,34.71,,,0,trial
2026-07-04T20:22:12,reactive_hot_humid_bursty_r1,reactive,hot_humid,bursty,1,40.368,40.068,39.868,37.368,25.0,45.0,60.0,,100.0,2.0,34.7,,,0,trial
2026-07-04T20:22:12,reactive_hot_humid_bursty_r1,reactive,hot_humid,bursty,1,40.364,40.064,39.864,37.364,25.0,45.0,60.0,,100.0,2.0,34.69,,,0,trial
2026-07-04T20:22:12,reactive_hot_humid_bursty_r1,reactive,hot_humid,bursty,1,40.36,40.06,39.86,37.36,25.0,45.0,60.0,,100.0,2.0,34.68,,,0,trial
2026-07-04T20:22:12,reactive_hot_humid_bursty_r1,reactive,hot_humid,bursty,1,40.351,40.051,39.851,37.351,25.0,45.0,60.0,,100.0,2.0,34.66,,,0,trial
2026-07-04T20:22:12,reactive_hot_humid_bursty_r1,reactive,hot_humid,bursty,1,40.347,40.047,39.847,37.347,25.0,45.0,60.0,,100.0,2.0,34.65,,,0,trial
2026-07-04T20:22:12,reactive_hot_humid_bursty_r1,reactive,hot_humid,bursty,1,40.343,40.043,39.843,37.343,25.0,45.0,60.0,,100.0,2.0,34.64,,,0,trial
2026-07-04T20:22:12,reactive_hot_humid_bursty_r1,reactive,hot_humid,bursty,1,40.339,40.039,39.839,37.339,25.0,45.0,60.0,,100.0,2.0,34.62,,,0,trial
2026-07-04T20:22:12,reactive_hot_humid_bursty_r1,reactive,hot_humid,bursty,1,40.334,40.034,39.834,37.334,25.0,45.0,60.0,,100.0,2.0,34.61,,,0,trial
2026-07-04T20:22:12,reactive_hot_humid_bursty_r1,reactive,hot_humid,bursty,1,40.33,40.03,39.83,37.33,25.0,45.0,60.0,,100.0,2.0,34.6,,,0,trial
2026-07-04T20:22:12,reactive_hot_humid_bursty_r1,reactive,hot_humid,bursty,1,40.326,40.026,39.826,37.326,25.0,45.0,60.0,,100.0,2.0,34.58,,,0,trial
2026-07-04T20:22:12,reactive_hot_humid_bursty_r1,reactive,hot_humid,bursty,1,40.322,40.022,39.822,37.322,25.0,45.0,60.0,,100.0,2.0,34.57,,,0,trial
2026-07-04T20:22:12,reactive_hot_humid_bursty_r1,reactive,hot_humid,bursty,1,40.318,40.018,39.818,37.318,25.0,45.0,60.0,,100.0,2.0,34.56,,,0,trial
2026-07-04T20:22:12,reactive_hot_humid_bursty_r1,reactive,hot_humid,bursty,1,40.313,40.013,39.813,37.313,25.0,45.0,60.0,,100.0,2.0,34.55,,,0,trial
2026-07-04T20:22:12,reactive_hot_humid_bursty_r1,reactive,hot_humid,bursty,1,40.309,40.009,39.809,37.309,25.0,45.0,60.0,,100.0,2.0,34.53,,,0,trial
2026-07-04T20:22:12,reactive_hot_humid_bursty_r1,reactive,hot_humid,bursty,1,40.305,40.005,39.805,37.305,25.0,45.0,60.0,,100.0,2.0,34.52,,,0,trial
2026-07-04T20:22:12,reactive_hot_humid_bursty_r1,reactive,hot_humid,bursty,1,40.301,40.001,39.801,37.301,25.0,45.0,60.0,,100.0,2.0,34.51,,,0,trial
2026-07-04T20:22:12,reactive_hot_humid_bursty_r1,reactive,hot_humid,bursty,1,40.297,39.997,39.797,37.297,25.0,45.0,60.0,,100.0,2.0,34.49,,,0,trial
2026-07-04T20:22:12,reactive_hot_humid_bursty_r1,reactive,hot_humid,bursty,1,40.292,39.992,39.792,37.292,25.0,45.0,60.0,,100.0,2.0,34.48,,,0,trial
2026-07-04T20:22:12,reactive_hot_humid_bursty_r1,reactive,hot_humid,bursty,1,40.288,39.988,39.788,37.288,25.0,45.0,60.0,,100.0,2.0,34.47,,,0,trial
2026-07-04T20:22:12,reactive_hot_humid_bursty_r1,reactive,hot_humid,bursty,1,40.284,39.984,39.784,37.284,25.0,45.0,60.0,,100.0,2.0,34.45,,,0,trial
2026-07-04T20:22:12,reactive_hot_humid_bursty_r1,reactive,hot_humid,bursty,1,40.28,39.98,39.78,37.28,25.0,45.0,60.0,,100.0,2.0,34.44,,,0,trial
2026-07-04T20:22:12,reactive_hot_humid_bursty_r1,reactive,hot_humid,bursty,1,40.276,39.976,39.776,37.276,25.0,45.0,60.0,,100.0,2.0,34.43,,,0,trial
2026-07-04T20:22:12,reactive_hot_humid_bursty_r1,reactive,hot_humid,bursty,1,40.272,39.972,39.772,37.272,25.0,45.0,60.0,,100.0,2.0,34.41,,,0,trial
2026-07-04T20:22:12,reactive_hot_humid_bursty_r1,reactive,hot_humid,bursty,1,40.267,39.967,39.767,37.267,25.0,45.0,60.0,,100.0,2.0,34.4,,,0,trial
2026-07-04T20:22:12,reactive_hot_humid_bursty_r1,reactive,hot_humid,bursty,1,40.263,39.963,39.763,37.263,25.0,45.0,60.0,,100.0,2.0,34.39,,,0,trial
2026-07-04T20:22:12,reactive_hot_humid_bursty_r1,reactive,hot_humid,bursty,1,40.259,39.959,39.759,37.259,25.0,45.0,60.0,,100.0,2.0,34.38,,,0,trial
2026-07-04T20:22:12,reactive_hot_humid_bursty_r1,reactive,hot_humid,bursty,1,40.255,39.955,39.755,37.255,25.0,45.0,60.0,,100.0,2.0,34.36,,,0,trial
2026-07-04T20:22:12,reactive_hot_humid_bursty_r1,reactive,hot_humid,bursty,1,40.251,39.951,39.751,37.251,25.0,45.0,60.0,,100.0,2.0,34.35,,,0,trial
2026-07-04T20:22:12,reactive_hot_humid_bursty_r1,reactive,hot_humid,bursty,1,40.247,39.947,39.747,37.247,25.0,45.0,60.0,,100.0,2.0,34.34,,,0,trial
2026-07-04T20:22:12,reactive_hot_humid_bursty_r1,reactive,hot_humid,bursty,1,40.242,39.942,39.742,37.242,25.0,45.0,60.0,,100.0,2.0,34.32,,,0,trial
2026-07-04T20:22:12,reactive_hot_humid_bursty_r1,reactive,hot_humid,bursty,1,40.238,39.938,39.738,37.238,25.0,45.0,60.0,,100.0,2.0,34.31,,,0,trial
2026-07-04T20:22:12,reactive_hot_humid_bursty_r1,reactive,hot_humid,bursty,1,40.234,39.934,39.734,37.234,25.0,45.0,60.0,,100.0,2.0,34.3,,,0,trial
2026-07-04T20:22:12,reactive_hot_humid_bursty_r1,reactive,hot_humid,bursty,1,40.23,39.93,39.73,37.23,25.0,45.0,60.0,,100.0,2.0,34.28,,,0,trial
2026-07-04T20:22:12,reactive_hot_humid_bursty_r1,reactive,hot_humid,bursty,1,40.247,39.947,39.747,37.247,25.0,45.0,150.0,,75.0,1.5,34.27,,,0,trial
2026-07-04T20:22:12,reactive_hot_humid_bursty_r1,reactive,hot_humid,bursty,1,40.257,39.957,39.757,37.257,25.0,45.0,150.0,,75.0,1.5,34.26,,,0,trial
2026-07-04T20:22:12,reactive_hot_humid_bursty_r1,reactive,hot_humid,bursty,1,40.267,39.967,39.767,37.267,25.0,45.0,150.0,,75.0,1.5,34.24,,,0,trial
2026-07-04T20:22:12,reactive_hot_humid_bursty_r1,reactive,hot_humid,bursty,1,40.276,39.976,39.776,37.276,25.0,45.0,150.0,,75.0,1.5,34.23,,,0,trial
2026-07-04T20:22:12,reactive_hot_humid_bursty_r1,reactive,hot_humid,bursty,1,40.286,39.986,39.786,37.286,25.0,45.0,150.0,,75.0,1.5,34.22,,,0,trial
2026-07-04T20:22:12,reactive_hot_humid_bursty_r1,reactive,hot_humid,bursty,1,40.295,39.995,39.795,37.295,25.0,45.0,150.0,,75.0,1.5,34.21,,,0,trial
2026-07-04T20:22:12,reactive_hot_humid_bursty_r1,reactive,hot_humid,bursty,1,40.305,40.005,39.805,37.305,25.0,45.0,150.0,,75.0,1.5,34.19,,,0,trial
2026-07-04T20:22:12,reactive_hot_humid_bursty_r1,reactive,hot_humid,bursty,1,40.314,40.014,39.814,37.314,25.0,45.0,150.0,,75.0,1.5,34.18,,,0,trial
2026-07-04T20:22:12,reactive_hot_humid_bursty_r1,reactive,hot_humid,bursty,1,40.324,40.024,39.824,37.324,25.0,45.0,150.0,,75.0,1.5,34.17,,,0,trial
2026-07-04T20:22:12,reactive_hot_humid_bursty_r1,reactive,hot_humid,bursty,1,40.334,40.034,39.834,37.334,25.0,45.0,150.0,,75.0,1.5,34.15,,,0,trial
2026-07-04T20:22:12,reactive_hot_humid_bursty_r1,reactive,hot_humid,bursty,1,40.343,40.043,39.843,37.343,25.0,45.0,150.0,,75.0,1.5,34.14,,,0,trial
2026-07-04T20:22:12,reactive_hot_humid_bursty_r1,reactive,hot_humid,bursty,1,40.353,40.053,39.853,37.353,25.0,45.0,150.0,,75.0,1.5,34.13,,,0,trial
2026-07-04T20:22:12,reactive_hot_humid_bursty_r1,reactive,hot_humid,bursty,1,40.362,40.062,39.862,37.362,25.0,45.0,150.0,,75.0,1.5,34.11,,,0,trial
2026-07-04T20:22:12,reactive_hot_humid_bursty_r1,reactive,hot_humid,bursty,1,40.372,40.072,39.872,37.372,25.0,45.0,150.0,,75.0,1.5,34.1,,,0,trial
2026-07-04T20:22:12,reactive_hot_humid_bursty_r1,reactive,hot_humid,bursty,1,40.381,40.081,39.881,37.381,25.0,45.0,150.0,,75.0,1.5,34.09,,,0,trial
2026-07-04T20:22:12,reactive_hot_humid_bursty_r1,reactive,hot_humid,bursty,1,40.391,40.091,39.891,37.391,25.0,45.0,150.0,,75.0,1.5,34.07,,,0,trial
2026-07-04T20:22:12,reactive_hot_humid_bursty_r1,reactive,hot_humid,bursty,1,40.4,40.1,39.9,37.4,25.0,45.0,150.0,,75.0,1.5,34.06,,,0,trial
2026-07-04T20:22:12,reactive_hot_humid_bursty_r1,reactive,hot_humid,bursty,1,40.41,40.11,39.91,37.41,25.0,45.0,150.0,,75.0,1.5,34.05,,,0,trial
2026-07-04T20:22:12,reactive_hot_humid_bursty_r1,reactive,hot_humid,bursty,1,40.419,40.119,39.919,37.419,25.0,45.0,150.0,,75.0,1.5,34.04,,,0,trial
2026-07-04T20:22:12,reactive_hot_humid_bursty_r1,reactive,hot_humid,bursty,1,40.429,40.129,39.929,37.429,25.0,45.0,150.0,,75.0,1.5,34.02,,,0,trial
2026-07-04T20:22:12,reactive_hot_humid_bursty_r1,reactive,hot_humid,bursty,1,40.438,40.138,39.938,37.438,25.0,45.0,150.0,,75.0,1.5,34.01,,,0,trial
2026-07-04T20:22:12,reactive_hot_humid_bursty_r1,reactive,hot_humid,bursty,1,40.448,40.148,39.948,37.448,25.0,45.0,150.0,,75.0,1.5,34.0,,,0,trial
2026-07-04T20:22:12,reactive_hot_humid_bursty_r1,reactive,hot_humid,bursty,1,40.457,40.157,39.957,37.457,25.0,45.0,150.0,,75.0,1.5,33.98,,,0,trial
2026-07-04T20:22:12,reactive_hot_humid_bursty_r1,reactive,hot_humid,bursty,1,40.467,40.167,39.967,37.467,25.0,45.0,150.0,,75.0,1.5,33.97,,,0,trial
2026-07-04T20:22:12,reactive_hot_humid_bursty_r1,reactive,hot_humid,bursty,1,40.476,40.176,39.976,37.476,25.0,45.0,150.0,,75.0,1.5,33.96,,,0,trial
2026-07-04T20:22:12,reactive_hot_humid_bursty_r1,reactive,hot_humid,bursty,1,40.486,40.186,39.986,37.486,25.0,45.0,150.0,,75.0,1.5,33.94,,,0,trial
2026-07-04T20:22:12,reactive_hot_humid_bursty_r1,reactive,hot_humid,bursty,1,40.495,40.195,39.995,37.495,25.0,45.0,150.0,,75.0,1.5,33.93,,,0,trial
2026-07-04T20:22:12,reactive_hot_humid_bursty_r1,reactive,hot_humid,bursty,1,40.504,40.204,40.004,37.504,25.0,45.0,150.0,,75.0,1.5,33.92,,,0,trial
2026-07-04T20:22:12,reactive_hot_humid_bursty_r1,reactive,hot_humid,bursty,1,40.514,40.214,40.014,37.514,25.0,45.0,150.0,,75.0,1.5,33.91,,,0,trial
2026-07-04T20:22:12,reactive_hot_humid_bursty_r1,reactive,hot_humid,bursty,1,40.523,40.223,40.023,37.523,25.0,45.0,150.0,,75.0,1.5,33.89,,,0,trial
2026-07-04T20:22:12,reactive_hot_humid_bursty_r1,reactive,hot_humid,bursty,1,40.54,40.24,40.04,37.54,25.0,45.0,150.0,,100.0,2.0,33.88,,,0,trial
2026-07-04T20:22:12,reactive_hot_humid_bursty_r1,reactive,hot_humid,bursty,1,40.548,40.248,40.048,37.548,25.0,45.0,150.0,,100.0,2.0,33.87,,,0,trial
2026-07-04T20:22:12,reactive_hot_humid_bursty_r1,reactive,hot_humid,bursty,1,40.555,40.255,40.055,37.555,25.0,45.0,150.0,,100.0,2.0,33.85,,,0,trial
2026-07-04T20:22:12,reactive_hot_humid_bursty_r1,reactive,hot_humid,bursty,1,40.563,40.263,40.063,37.563,25.0,45.0,150.0,,100.0,2.0,33.84,,,0,trial
2026-07-04T20:22:12,reactive_hot_humid_bursty_r1,reactive,hot_humid,bursty,1,40.57,40.27,40.07,37.57,25.0,45.0,150.0,,100.0,2.0,33.83,,,0,trial
2026-07-04T20:22:12,reactive_hot_humid_bursty_r1,reactive,hot_humid,bursty,1,40.577,40.277,40.077,37.577,25.0,45.0,150.0,,100.0,2.0,33.82,,,0,trial
2026-07-04T20:22:12,reactive_hot_humid_bursty_r1,reactive,hot_humid,bursty,1,40.585,40.285,40.085,37.585,25.0,45.0,150.0,,100.0,2.0,33.8,,,0,trial
2026-07-04T20:22:12,reactive_hot_humid_bursty_r1,reactive,hot_humid,bursty,1,40.592,40.292,40.092,37.592,25.0,45.0,150.0,,100.0,2.0,33.79,,,0,trial
2026-07-04T20:22:12,reactive_hot_humid_bursty_r1,reactive,hot_humid,bursty,1,40.6,40.3,40.1,37.6,25.0,45.0,150.0,,100.0,2.0,33.78,,,0,trial
2026-07-04T20:22:12,reactive_hot_humid_bursty_r1,reactive,hot_humid,bursty,1,40.607,40.307,40.107,37.607,25.0,45.0,150.0,,100.0,2.0,33.76,,,0,trial
2026-07-04T20:22:12,reactive_hot_humid_bursty_r1,reactive,hot_humid,bursty,1,40.615,40.315,40.115,37.615,25.0,45.0,150.0,,100.0,2.0,33.75,,,0,trial
2026-07-04T20:22:12,reactive_hot_humid_bursty_r1,reactive,hot_humid,bursty,1,40.622,40.322,40.122,37.622,25.0,45.0,150.0,,100.0,2.0,33.74,,,0,trial
2026-07-04T20:22:12,reactive_hot_humid_bursty_r1,reactive,hot_humid,bursty,1,40.629,40.329,40.129,37.629,25.0,45.0,150.0,,100.0,2.0,33.73,,,0,trial
2026-07-04T20:22:12,reactive_hot_humid_bursty_r1,reactive,hot_humid,bursty,1,40.637,40.337,40.137,37.637,25.0,45.0,150.0,,100.0,2.0,33.71,,,0,trial
2026-07-04T20:22:12,reactive_hot_humid_bursty_r1,reactive,hot_humid,bursty,1,40.644,40.344,40.144,37.644,25.0,45.0,150.0,,100.0,2.0,33.7,,,0,trial
2026-07-04T20:22:12,reactive_hot_humid_bursty_r1,reactive,hot_humid,bursty,1,40.652,40.352,40.152,37.652,25.0,45.0,150.0,,100.0,2.0,33.69,,,0,trial
2026-07-04T20:22:12,reactive_hot_humid_bursty_r1,reactive,hot_humid,bursty,1,40.659,40.359,40.159,37.659,25.0,45.0,150.0,,100.0,2.0,33.67,,,0,trial
2026-07-04T20:22:12,reactive_hot_humid_bursty_r1,reactive,hot_humid,bursty,1,40.666,40.366,40.166,37.666,25.0,45.0,150.0,,100.0,2.0,33.66,,,0,trial
2026-07-04T20:22:12,reactive_hot_humid_bursty_r1,reactive,hot_humid,bursty,1,40.674,40.374,40.174,37.674,25.0,45.0,150.0,,100.0,2.0,33.65,,,0,trial
2026-07-04T20:22:12,reactive_hot_humid_bursty_r1,reactive,hot_humid,bursty,1,40.681,40.381,40.181,37.681,25.0,45.0,150.0,,100.0,2.0,33.64,,,0,trial
2026-07-04T20:22:12,reactive_hot_humid_bursty_r1,reactive,hot_humid,bursty,1,40.688,40.388,40.188,37.688,25.0,45.0,150.0,,100.0,2.0,33.62,,,0,trial
2026-07-04T20:22:12,reactive_hot_humid_bursty_r1,reactive,hot_humid,bursty,1,40.696,40.396,40.196,37.696,25.0,45.0,150.0,,100.0,2.0,33.61,,,0,trial
2026-07-04T20:22:12,reactive_hot_humid_bursty_r1,reactive,hot_humid,bursty,1,40.703,40.403,40.203,37.703,25.0,45.0,150.0,,100.0,2.0,33.6,,,0,trial
2026-07-04T20:22:12,reactive_hot_humid_bursty_r1,reactive,hot_humid,bursty,1,40.71,40.41,40.21,37.71,25.0,45.0,150.0,,100.0,2.0,33.58,,,0,trial
2026-07-04T20:22:12,reactive_hot_humid_bursty_r1,reactive,hot_humid,bursty,1,40.718,40.418,40.218,37.718,25.0,45.0,150.0,,100.0,2.0,33.57,,,0,trial
2026-07-04T20:22:12,reactive_hot_humid_bursty_r1,reactive,hot_humid,bursty,1,40.725,40.425,40.225,37.725,25.0,45.0,150.0,,100.0,2.0,33.56,,,0,trial
2026-07-04T20:22:12,reactive_hot_humid_bursty_r1,reactive,hot_humid,bursty,1,40.732,40.432,40.232,37.732,25.0,45.0,150.0,,100.0,2.0,33.55,,,0,trial
2026-07-04T20:22:12,reactive_hot_humid_bursty_r1,reactive,hot_humid,bursty,1,40.74,40.44,40.24,37.74,25.0,45.0,150.0,,100.0,2.0,33.53,,,0,trial
2026-07-04T20:22:12,reactive_hot_humid_bursty_r1,reactive,hot_humid,bursty,1,40.747,40.447,40.247,37.747,25.0,45.0,150.0,,100.0,2.0,33.52,,,0,trial
2026-07-04T20:22:12,reactive_hot_humid_bursty_r1,reactive,hot_humid,bursty,1,40.754,40.454,40.254,37.754,25.0,45.0,150.0,,100.0,2.0,33.51,,,0,trial
2026-07-04T20:22:12,reactive_hot_humid_bursty_r1,reactive,hot_humid,bursty,1,40.773,40.473,40.273,37.773,25.0,45.0,150.0,,50.0,1.0,33.5,,,0,trial
2026-07-04T20:22:12,reactive_hot_humid_bursty_r1,reactive,hot_humid,bursty,1,40.785,40.485,40.285,37.785,25.0,45.0,150.0,,50.0,1.0,33.48,,,0,trial
2026-07-04T20:22:12,reactive_hot_humid_bursty_r1,reactive,hot_humid,bursty,1,40.796,40.496,40.296,37.796,25.0,45.0,150.0,,50.0,1.0,33.47,,,0,trial
2026-07-04T20:22:12,reactive_hot_humid_bursty_r1,reactive,hot_humid,bursty,1,40.807,40.507,40.307,37.807,25.0,45.0,150.0,,50.0,1.0,33.46,,,0,trial
2026-07-04T20:22:12,reactive_hot_humid_bursty_r1,reactive,hot_humid,bursty,1,40.819,40.519,40.319,37.819,25.0,45.0,150.0,,50.0,1.0,33.45,,,0,trial
2026-07-04T20:22:12,reactive_hot_humid_bursty_r1,reactive,hot_humid,bursty,1,40.83,40.53,40.33,37.83,25.0,45.0,150.0,,50.0,1.0,33.43,,,0,trial
2026-07-04T20:22:12,reactive_hot_humid_bursty_r1,reactive,hot_humid,bursty,1,40.842,40.542,40.342,37.842,25.0,45.0,150.0,,50.0,1.0,33.42,,,0,trial
2026-07-04T20:22:12,reactive_hot_humid_bursty_r1,reactive,hot_humid,bursty,1,40.853,40.553,40.353,37.853,25.0,45.0,150.0,,50.0,1.0,33.41,,,0,trial
2026-07-04T20:22:12,reactive_hot_humid_bursty_r1,reactive,hot_humid,bursty,1,40.864,40.564,40.364,37.864,25.0,45.0,150.0,,50.0,1.0,33.4,,,0,trial
2026-07-04T20:22:12,reactive_hot_humid_bursty_r1,reactive,hot_humid,bursty,1,40.876,40.576,40.376,37.876,25.0,45.0,150.0,,50.0,1.0,33.38,,,0,trial
2026-07-04T20:22:12,reactive_hot_humid_bursty_r1,reactive,hot_humid,bursty,1,40.887,40.587,40.387,37.887,25.0,45.0,150.0,,50.0,1.0,33.37,,,0,trial
2026-07-04T20:22:12,reactive_hot_humid_bursty_r1,reactive,hot_humid,bursty,1,40.899,40.599,40.399,37.899,25.0,45.0,150.0,,50.0,1.0,33.36,,,0,trial
2026-07-04T20:22:12,reactive_hot_humid_bursty_r1,reactive,hot_humid,bursty,1,40.91,40.61,40.41,37.91,25.0,45.0,150.0,,50.0,1.0,33.35,,,0,trial
2026-07-04T20:22:12,reactive_hot_humid_bursty_r1,reactive,hot_humid,bursty,1,40.921,40.621,40.421,37.921,25.0,45.0,150.0,,50.0,1.0,33.33,,,0,trial
2026-07-04T20:22:12,reactive_hot_humid_bursty_r1,reactive,hot_humid,bursty,1,40.933,40.633,40.433,37.933,25.0,45.0,150.0,,50.0,1.0,33.32,,,0,trial
2026-07-04T20:22:12,reactive_hot_humid_bursty_r1,reactive,hot_humid,bursty,1,40.944,40.644,40.444,37.944,25.0,45.0,150.0,,50.0,1.0,33.31,,,0,trial
2026-07-04T20:22:12,reactive_hot_humid_bursty_r1,reactive,hot_humid,bursty,1,40.955,40.655,40.455,37.955,25.0,45.0,150.0,,50.0,1.0,33.3,,,0,trial
2026-07-04T20:22:12,reactive_hot_humid_bursty_r1,reactive,hot_humid,bursty,1,40.967,40.667,40.467,37.967,25.0,45.0,150.0,,50.0,1.0,33.28,,,0,trial
2026-07-04T20:22:12,reactive_hot_humid_bursty_r1,reactive,hot_humid,bursty,1,40.978,40.678,40.478,37.978,25.0,45.0,150.0,,50.0,1.0,33.27,,,0,trial
2026-07-04T20:22:12,reactive_hot_humid_bursty_r1,reactive,hot_humid,bursty,1,40.989,40.689,40.489,37.989,25.0,45.0,150.0,,50.0,1.0,33.26,,,0,trial
2026-07-04T20:22:12,reactive_hot_humid_bursty_r1,reactive,hot_humid,bursty,1,41.001,40.701,40.501,38.001,25.0,45.0,150.0,,50.0,1.0,33.25,,,0,trial
2026-07-04T20:22:12,reactive_hot_humid_bursty_r1,reactive,hot_humid,bursty,1,41.012,40.712,40.512,38.012,25.0,45.0,150.0,,50.0,1.0,33.24,,,0,trial
2026-07-04T20:22:12,reactive_hot_humid_bursty_r1,reactive,hot_humid,bursty,1,41.023,40.723,40.523,38.023,25.0,45.0,150.0,,50.0,1.0,33.22,,,0,trial
2026-07-04T20:22:12,reactive_hot_humid_bursty_r1,reactive,hot_humid,bursty,1,41.035,40.735,40.535,38.035,25.0,45.0,150.0,,50.0,1.0,33.21,,,0,trial
2026-07-04T20:22:12,reactive_hot_humid_bursty_r1,reactive,hot_humid,bursty,1,41.046,40.746,40.546,38.046,25.0,45.0,150.0,,50.0,1.0,33.2,,,0,trial
2026-07-04T20:22:12,reactive_hot_humid_bursty_r1,reactive,hot_humid,bursty,1,41.057,40.757,40.557,38.057,25.0,45.0,150.0,,50.0,1.0,33.19,,,0,trial
2026-07-04T20:22:12,reactive_hot_humid_bursty_r1,reactive,hot_humid,bursty,1,41.068,40.768,40.568,38.068,25.0,45.0,150.0,,50.0,1.0,33.17,,,0,trial
2026-07-04T20:22:12,reactive_hot_humid_bursty_r1,reactive,hot_humid,bursty,1,41.08,40.78,40.58,38.08,25.0,45.0,150.0,,50.0,1.0,33.16,,,0,trial
2026-07-04T20:22:12,reactive_hot_humid_bursty_r1,reactive,hot_humid,bursty,1,41.091,40.791,40.591,38.091,25.0,45.0,150.0,,50.0,1.0,33.15,,,0,trial
2026-07-04T20:22:12,reactive_hot_humid_bursty_r1,reactive,hot_humid,bursty,1,41.102,40.802,40.602,38.102,25.0,45.0,150.0,,50.0,1.0,33.14,,,0,trial
2026-07-04T20:22:12,reactive_hot_humid_bursty_r1,reactive,hot_humid,bursty,1,41.121,40.821,40.621,38.121,25.0,45.0,150.0,,100.0,2.0,33.13,,,0,trial
2026-07-04T20:22:12,reactive_hot_humid_bursty_r1,reactive,hot_humid,bursty,1,41.128,40.828,40.628,38.128,25.0,45.0,150.0,,100.0,2.0,33.11,,,0,trial
2026-07-04T20:22:12,reactive_hot_humid_bursty_r1,reactive,hot_humid,bursty,1,41.135,40.835,40.635,38.135,25.0,45.0,150.0,,100.0,2.0,33.1,,,0,trial
2026-07-04T20:22:12,reactive_hot_humid_bursty_r1,reactive,hot_humid,bursty,1,41.142,40.842,40.642,38.142,25.0,45.0,150.0,,100.0,2.0,33.09,,,0,trial
2026-07-04T20:22:12,reactive_hot_humid_bursty_r1,reactive,hot_humid,bursty,1,41.149,40.849,40.649,38.149,25.0,45.0,150.0,,100.0,2.0,33.08,,,0,trial
2026-07-04T20:22:12,reactive_hot_humid_bursty_r1,reactive,hot_humid,bursty,1,41.156,40.856,40.656,38.156,25.0,45.0,150.0,,100.0,2.0,33.07,,,0,trial
2026-07-04T20:22:12,reactive_hot_humid_bursty_r1,reactive,hot_humid,bursty,1,41.163,40.863,40.663,38.163,25.0,45.0,150.0,,100.0,2.0,33.05,,,0,trial
2026-07-04T20:22:12,reactive_hot_humid_bursty_r1,reactive,hot_humid,bursty,1,41.169,40.869,40.669,38.169,25.0,45.0,150.0,,100.0,2.0,33.04,,,0,trial
2026-07-04T20:22:12,reactive_hot_humid_bursty_r1,reactive,hot_humid,bursty,1,41.176,40.876,40.676,38.176,25.0,45.0,150.0,,100.0,2.0,33.03,,,0,trial
2026-07-04T20:22:12,reactive_hot_humid_bursty_r1,reactive,hot_humid,bursty,1,41.183,40.883,40.683,38.183,25.0,45.0,150.0,,100.0,2.0,33.02,,,0,trial
2026-07-04T20:22:12,reactive_hot_humid_bursty_r1,reactive,hot_humid,bursty,1,41.19,40.89,40.69,38.19,25.0,45.0,150.0,,100.0,2.0,33.01,,,0,trial
2026-07-04T20:22:12,reactive_hot_humid_bursty_r1,reactive,hot_humid,bursty,1,41.197,40.897,40.697,38.197,25.0,45.0,150.0,,100.0,2.0,32.99,,,0,trial
2026-07-04T20:22:12,reactive_hot_humid_bursty_r1,reactive,hot_humid,bursty,1,41.204,40.904,40.704,38.204,25.0,45.0,150.0,,100.0,2.0,32.98,,,0,trial
2026-07-04T20:22:12,reactive_hot_humid_bursty_r1,reactive,hot_humid,bursty,1,41.211,40.911,40.711,38.211,25.0,45.0,150.0,,100.0,2.0,32.97,,,0,trial
2026-07-04T20:22:12,reactive_hot_humid_bursty_r1,reactive,hot_humid,bursty,1,41.218,40.918,40.718,38.218,25.0,45.0,150.0,,100.0,2.0,32.96,,,0,trial
2026-07-04T20:22:12,reactive_hot_humid_bursty_r1,reactive,hot_humid,bursty,1,41.225,40.925,40.725,38.225,25.0,45.0,150.0,,100.0,2.0,32.95,,,0,trial
2026-07-04T20:22:12,reactive_hot_humid_bursty_r1,reactive,hot_humid,bursty,1,41.232,40.932,40.732,38.232,25.0,45.0,150.0,,100.0,2.0,32.93,,,0,trial
2026-07-04T20:22:12,reactive_hot_humid_bursty_r1,reactive,hot_humid,bursty,1,41.239,40.939,40.739,38.239,25.0,45.0,150.0,,100.0,2.0,32.92,,,0,trial
2026-07-04T20:22:12,reactive_hot_humid_bursty_r1,reactive,hot_humid,bursty,1,41.246,40.946,40.746,38.246,25.0,45.0,150.0,,100.0,2.0,32.91,,,0,trial
2026-07-04T20:22:12,reactive_hot_humid_bursty_r1,reactive,hot_humid,bursty,1,41.253,40.953,40.753,38.253,25.0,45.0,150.0,,100.0,2.0,32.9,,,0,trial
2026-07-04T20:22:12,reactive_hot_humid_bursty_r1,reactive,hot_humid,bursty,1,41.26,40.96,40.76,38.26,25.0,45.0,150.0,,100.0,2.0,32.89,,,0,trial
2026-07-04T20:22:12,reactive_hot_humid_bursty_r1,reactive,hot_humid,bursty,1,41.267,40.967,40.767,38.267,25.0,45.0,150.0,,100.0,2.0,32.88,,,0,trial
2026-07-04T20:22:12,reactive_hot_humid_bursty_r1,reactive,hot_humid,bursty,1,41.273,40.973,40.773,38.273,25.0,45.0,150.0,,100.0,2.0,32.86,,,0,trial
2026-07-04T20:22:12,reactive_hot_humid_bursty_r1,reactive,hot_humid,bursty,1,41.28,40.98,40.78,38.28,25.0,45.0,150.0,,100.0,2.0,32.85,,,0,trial
2026-07-04T20:22:12,reactive_hot_humid_bursty_r1,reactive,hot_humid,bursty,1,41.287,40.987,40.787,38.287,25.0,45.0,150.0,,100.0,2.0,32.84,,,0,trial
2026-07-04T20:22:12,reactive_hot_humid_bursty_r1,reactive,hot_humid,bursty,1,41.294,40.994,40.794,38.294,25.0,45.0,150.0,,100.0,2.0,32.83,,,0,trial
2026-07-04T20:22:12,reactive_hot_humid_bursty_r1,reactive,hot_humid,bursty,1,41.301,41.001,40.801,38.301,25.0,45.0,150.0,,100.0,2.0,32.82,,,0,trial
2026-07-04T20:22:12,reactive_hot_humid_bursty_r1,reactive,hot_humid,bursty,1,41.308,41.008,40.808,38.308,25.0,45.0,150.0,,100.0,2.0,32.81,,,0,trial
2026-07-04T20:22:12,reactive_hot_humid_bursty_r1,reactive,hot_humid,bursty,1,41.315,41.015,40.815,38.315,25.0,45.0,150.0,,100.0,2.0,32.8,,,0,trial
2026-07-04T20:22:12,reactive_hot_humid_bursty_r1,reactive,hot_humid,bursty,1,41.322,41.022,40.822,38.322,25.0,45.0,150.0,,100.0,2.0,32.78,,,0,trial
2026-07-04T20:22:12,reactive_hot_humid_bursty_r1,reactive,hot_humid,bursty,1,41.335,41.035,40.835,38.335,25.0,45.0,150.0,,100.0,2.0,32.77,,,0,trial
2026-07-04T20:22:12,reactive_hot_humid_bursty_r1,reactive,hot_humid,bursty,1,41.342,41.042,40.842,38.342,25.0,45.0,150.0,,100.0,2.0,32.76,,,0,trial
2026-07-04T20:22:12,reactive_hot_humid_bursty_r1,reactive,hot_humid,bursty,1,41.349,41.049,40.849,38.349,25.0,45.0,150.0,,100.0,2.0,32.75,,,0,trial
2026-07-04T20:22:12,reactive_hot_humid_bursty_r1,reactive,hot_humid,bursty,1,41.356,41.056,40.856,38.356,25.0,45.0,150.0,,100.0,2.0,32.74,,,0,trial
2026-07-04T20:22:12,reactive_hot_humid_bursty_r1,reactive,hot_humid,bursty,1,41.363,41.063,40.863,38.363,25.0,45.0,150.0,,100.0,2.0,32.73,,,0,trial
2026-07-04T20:22:12,reactive_hot_humid_bursty_r1,reactive,hot_humid,bursty,1,41.369,41.069,40.869,38.369,25.0,45.0,150.0,,100.0,2.0,32.72,,,0,trial
2026-07-04T20:22:12,reactive_hot_humid_bursty_r1,reactive,hot_humid,bursty,1,41.376,41.076,40.876,38.376,25.0,45.0,150.0,,100.0,2.0,32.7,,,0,trial
2026-07-04T20:22:12,reactive_hot_humid_bursty_r1,reactive,hot_humid,bursty,1,41.383,41.083,40.883,38.383,25.0,45.0,150.0,,100.0,2.0,32.69,,,0,trial
2026-07-04T20:22:12,reactive_hot_humid_bursty_r1,reactive,hot_humid,bursty,1,41.39,41.09,40.89,38.39,25.0,45.0,150.0,,100.0,2.0,32.68,,,0,trial
2026-07-04T20:22:12,reactive_hot_humid_bursty_r1,reactive,hot_humid,bursty,1,41.397,41.097,40.897,38.397,25.0,45.0,150.0,,100.0,2.0,32.67,,,0,trial
2026-07-04T20:22:12,reactive_hot_humid_bursty_r1,reactive,hot_humid,bursty,1,41.403,41.103,40.903,38.403,25.0,45.0,150.0,,100.0,2.0,32.66,,,0,trial
2026-07-04T20:22:12,reactive_hot_humid_bursty_r1,reactive,hot_humid,bursty,1,41.41,41.11,40.91,38.41,25.0,45.0,150.0,,100.0,2.0,32.65,,,0,trial
2026-07-04T20:22:12,reactive_hot_humid_bursty_r1,reactive,hot_humid,bursty,1,41.417,41.117,40.917,38.417,25.0,45.0,150.0,,100.0,2.0,32.64,,,0,trial
2026-07-04T20:22:12,reactive_hot_humid_bursty_r1,reactive,hot_humid,bursty,1,41.424,41.124,40.924,38.424,25.0,45.0,150.0,,100.0,2.0,32.63,,,0,trial
2026-07-04T20:22:12,reactive_hot_humid_bursty_r1,reactive,hot_humid,bursty,1,41.431,41.131,40.931,38.431,25.0,45.0,150.0,,100.0,2.0,32.61,,,0,trial
2026-07-04T20:22:12,reactive_hot_humid_bursty_r1,reactive,hot_humid,bursty,1,41.437,41.137,40.937,38.437,25.0,45.0,150.0,,100.0,2.0,32.6,,,0,trial
2026-07-04T20:22:12,reactive_hot_humid_bursty_r1,reactive,hot_humid,bursty,1,41.444,41.144,40.944,38.444,25.0,45.0,150.0,,100.0,2.0,32.59,,,0,trial
2026-07-04T20:22:12,reactive_hot_humid_bursty_r1,reactive,hot_humid,bursty,1,41.451,41.151,40.951,38.451,25.0,45.0,150.0,,100.0,2.0,32.58,,,0,trial
2026-07-04T20:22:12,reactive_hot_humid_bursty_r1,reactive,hot_humid,bursty,1,41.458,41.158,40.958,38.458,25.0,45.0,150.0,,100.0,2.0,32.57,,,0,trial
2026-07-04T20:22:12,reactive_hot_humid_bursty_r1,reactive,hot_humid,bursty,1,41.464,41.164,40.964,38.464,25.0,45.0,150.0,,100.0,2.0,32.56,,,0,trial
2026-07-04T20:22:12,reactive_hot_humid_bursty_r1,reactive,hot_humid,bursty,1,41.471,41.171,40.971,38.471,25.0,45.0,150.0,,100.0,2.0,32.55,,,0,trial
2026-07-04T20:22:12,reactive_hot_humid_bursty_r1,reactive,hot_humid,bursty,1,41.478,41.178,40.978,38.478,25.0,45.0,150.0,,100.0,2.0,32.54,,,0,trial
2026-07-04T20:22:12,reactive_hot_humid_bursty_r1,reactive,hot_humid,bursty,1,41.485,41.185,40.985,38.485,25.0,45.0,150.0,,100.0,2.0,32.53,,,0,trial
2026-07-04T20:22:12,reactive_hot_humid_bursty_r1,reactive,hot_humid,bursty,1,41.491,41.191,40.991,38.491,25.0,45.0,150.0,,100.0,2.0,32.52,,,0,trial
2026-07-04T20:22:12,reactive_hot_humid_bursty_r1,reactive,hot_humid,bursty,1,41.498,41.198,40.998,38.498,25.0,45.0,150.0,,100.0,2.0,32.51,,,0,trial
2026-07-04T20:22:12,reactive_hot_humid_bursty_r1,reactive,hot_humid,bursty,1,41.505,41.205,41.005,38.505,25.0,45.0,150.0,,100.0,2.0,32.49,,,0,trial
2026-07-04T20:22:12,reactive_hot_humid_bursty_r1,reactive,hot_humid,bursty,1,41.511,41.211,41.011,38.511,25.0,45.0,150.0,,100.0,2.0,32.48,,,0,trial
2026-07-04T20:22:12,reactive_hot_humid_bursty_r1,reactive,hot_humid,bursty,1,41.518,41.218,41.018,38.518,25.0,45.0,150.0,,100.0,2.0,32.47,,,0,trial
2026-07-04T20:22:12,reactive_hot_humid_bursty_r1,reactive,hot_humid,bursty,1,41.525,41.225,41.025,38.525,25.0,45.0,150.0,,100.0,2.0,32.46,,,0,trial
2026-07-04T20:22:12,reactive_hot_humid_bursty_r1,reactive,hot_humid,bursty,1,41.531,41.231,41.031,38.531,25.0,45.0,150.0,,100.0,2.0,32.45,,,0,trial
2026-07-04T20:22:12,reactive_hot_humid_bursty_r1,reactive,hot_humid,bursty,1,41.545,41.245,41.045,38.545,25.0,45.0,150.0,,100.0,2.0,32.44,,,0,trial
2026-07-04T20:22:12,reactive_hot_humid_bursty_r1,reactive,hot_humid,bursty,1,41.552,41.252,41.052,38.552,25.0,45.0,150.0,,100.0,2.0,32.43,,,0,trial
2026-07-04T20:22:12,reactive_hot_humid_bursty_r1,reactive,hot_humid,bursty,1,41.558,41.258,41.058,38.558,25.0,45.0,150.0,,100.0,2.0,32.42,,,0,trial
2026-07-04T20:22:12,reactive_hot_humid_bursty_r1,reactive,hot_humid,bursty,1,41.565,41.265,41.065,38.565,25.0,45.0,150.0,,100.0,2.0,32.41,,,0,trial
2026-07-04T20:22:12,reactive_hot_humid_bursty_r1,reactive,hot_humid,bursty,1,41.572,41.272,41.072,38.572,25.0,45.0,150.0,,100.0,2.0,32.4,,,0,trial
2026-07-04T20:22:12,reactive_hot_humid_bursty_r1,reactive,hot_humid,bursty,1,41.578,41.278,41.078,38.578,25.0,45.0,150.0,,100.0,2.0,32.39,,,0,trial
2026-07-04T20:22:12,reactive_hot_humid_bursty_r1,reactive,hot_humid,bursty,1,41.585,41.285,41.085,38.585,25.0,45.0,150.0,,100.0,2.0,32.38,,,0,trial
2026-07-04T20:22:12,reactive_hot_humid_bursty_r1,reactive,hot_humid,bursty,1,41.591,41.291,41.091,38.591,25.0,45.0,150.0,,100.0,2.0,32.37,,,0,trial
2026-07-04T20:22:12,reactive_hot_humid_bursty_r1,reactive,hot_humid,bursty,1,41.598,41.298,41.098,38.598,25.0,45.0,150.0,,100.0,2.0,32.36,,,0,trial
2026-07-04T20:22:12,reactive_hot_humid_bursty_r1,reactive,hot_humid,bursty,1,41.605,41.305,41.105,38.605,25.0,45.0,150.0,,100.0,2.0,32.35,,,0,trial
2026-07-04T20:22:12,reactive_hot_humid_bursty_r1,reactive,hot_humid,bursty,1,41.611,41.311,41.111,38.611,25.0,45.0,150.0,,100.0,2.0,32.34,,,0,trial
2026-07-04T20:22:12,reactive_hot_humid_bursty_r1,reactive,hot_humid,bursty,1,41.618,41.318,41.118,38.618,25.0,45.0,150.0,,100.0,2.0,32.32,,,0,trial
2026-07-04T20:22:12,reactive_hot_humid_bursty_r1,reactive,hot_humid,bursty,1,41.625,41.325,41.125,38.625,25.0,45.0,150.0,,100.0,2.0,32.31,,,0,trial
2026-07-04T20:22:12,reactive_hot_humid_bursty_r1,reactive,hot_humid,bursty,1,41.631,41.331,41.131,38.631,25.0,45.0,150.0,,100.0,2.0,32.3,,,0,trial
2026-07-04T20:22:12,reactive_hot_humid_bursty_r1,reactive,hot_humid,bursty,1,41.638,41.338,41.138,38.638,25.0,45.0,150.0,,100.0,2.0,32.29,,,0,trial
2026-07-04T20:22:12,reactive_hot_humid_bursty_r1,reactive,hot_humid,bursty,1,41.644,41.344,41.144,38.644,25.0,45.0,150.0,,100.0,2.0,32.28,,,0,trial
2026-07-04T20:22:12,reactive_hot_humid_bursty_r1,reactive,hot_humid,bursty,1,41.651,41.351,41.151,38.651,25.0,45.0,150.0,,100.0,2.0,32.27,,,0,trial
2026-07-04T20:22:12,reactive_hot_humid_bursty_r1,reactive,hot_humid,bursty,1,41.658,41.358,41.158,38.658,25.0,45.0,150.0,,100.0,2.0,32.26,,,0,trial
2026-07-04T20:22:12,reactive_hot_humid_bursty_r1,reactive,hot_humid,bursty,1,41.664,41.364,41.164,38.664,25.0,45.0,150.0,,100.0,2.0,32.25,,,0,trial
2026-07-04T20:22:12,reactive_hot_humid_bursty_r1,reactive,hot_humid,bursty,1,41.671,41.371,41.171,38.671,25.0,45.0,150.0,,100.0,2.0,32.24,,,0,trial
2026-07-04T20:22:12,reactive_hot_humid_bursty_r1,reactive,hot_humid,bursty,1,41.677,41.377,41.177,38.677,25.0,45.0,150.0,,100.0,2.0,32.23,,,0,trial
2026-07-04T20:22:12,reactive_hot_humid_bursty_r1,reactive,hot_humid,bursty,1,41.684,41.384,41.184,38.684,25.0,45.0,150.0,,100.0,2.0,32.22,,,0,trial
2026-07-04T20:22:12,reactive_hot_humid_bursty_r1,reactive,hot_humid,bursty,1,41.691,41.391,41.191,38.691,25.0,45.0,150.0,,100.0,2.0,32.21,,,0,trial
2026-07-04T20:22:12,reactive_hot_humid_bursty_r1,reactive,hot_humid,bursty,1,41.697,41.397,41.197,38.697,25.0,45.0,150.0,,100.0,2.0,32.2,,,0,trial
2026-07-04T20:22:12,reactive_hot_humid_bursty_r1,reactive,hot_humid,bursty,1,41.704,41.404,41.204,38.704,25.0,45.0,150.0,,100.0,2.0,32.19,,,0,trial
2026-07-04T20:22:12,reactive_hot_humid_bursty_r1,reactive,hot_humid,bursty,1,41.71,41.41,41.21,38.71,25.0,45.0,150.0,,100.0,2.0,32.18,,,0,trial
2026-07-04T20:22:12,reactive_hot_humid_bursty_r1,reactive,hot_humid,bursty,1,41.717,41.417,41.217,38.717,25.0,45.0,150.0,,100.0,2.0,32.17,,,0,trial
2026-07-04T20:22:12,reactive_hot_humid_bursty_r1,reactive,hot_humid,bursty,1,41.723,41.423,41.223,38.723,25.0,45.0,150.0,,100.0,2.0,32.16,,,0,trial
2026-07-04T20:22:12,reactive_hot_humid_bursty_r1,reactive,hot_humid,bursty,1,41.73,41.43,41.23,38.73,25.0,45.0,150.0,,100.0,2.0,32.15,,,0,trial
2026-07-04T20:22:12,reactive_hot_humid_bursty_r1,reactive,hot_humid,bursty,1,41.736,41.436,41.236,38.736,25.0,45.0,150.0,,100.0,2.0,32.14,,,0,trial
2026-07-04T20:22:12,reactive_hot_humid_bursty_r1,reactive,hot_humid,bursty,1,41.726,41.426,41.226,38.726,25.0,45.0,60.0,,100.0,2.0,32.13,,,0,trial
2026-07-04T20:22:12,reactive_hot_humid_bursty_r1,reactive,hot_humid,bursty,1,41.72,41.42,41.22,38.72,25.0,45.0,60.0,,100.0,2.0,32.12,,,0,trial
2026-07-04T20:22:12,reactive_hot_humid_bursty_r1,reactive,hot_humid,bursty,1,41.715,41.415,41.215,38.715,25.0,45.0,60.0,,100.0,2.0,32.11,,,0,trial
2026-07-04T20:22:12,reactive_hot_humid_bursty_r1,reactive,hot_humid,bursty,1,41.71,41.41,41.21,38.71,25.0,45.0,60.0,,100.0,2.0,32.1,,,0,trial
2026-07-04T20:22:12,reactive_hot_humid_bursty_r1,reactive,hot_humid,bursty,1,41.704,41.404,41.204,38.704,25.0,45.0,60.0,,100.0,2.0,32.09,,,0,trial
2026-07-04T20:22:12,reactive_hot_humid_bursty_r1,reactive,hot_humid,bursty,1,41.699,41.399,41.199,38.699,25.0,45.0,60.0,,100.0,2.0,32.08,,,0,trial
2026-07-04T20:22:12,reactive_hot_humid_bursty_r1,reactive,hot_humid,bursty,1,41.694,41.394,41.194,38.694,25.0,45.0,60.0,,100.0,2.0,32.07,,,0,trial
2026-07-04T20:22:12,reactive_hot_humid_bursty_r1,reactive,hot_humid,bursty,1,41.689,41.389,41.189,38.689,25.0,45.0,60.0,,100.0,2.0,32.06,,,0,trial
2026-07-04T20:22:12,reactive_hot_humid_bursty_r1,reactive,hot_humid,bursty,1,41.683,41.383,41.183,38.683,25.0,45.0,60.0,,100.0,2.0,32.05,,,0,trial
2026-07-04T20:22:12,reactive_hot_humid_bursty_r1,reactive,hot_humid,bursty,1,41.678,41.378,41.178,38.678,25.0,45.0,60.0,,100.0,2.0,32.04,,,0,trial
2026-07-04T20:22:12,reactive_hot_humid_bursty_r1,reactive,hot_humid,bursty,1,41.673,41.373,41.173,38.673,25.0,45.0,60.0,,100.0,2.0,32.04,,,0,trial
2026-07-04T20:22:12,reactive_hot_humid_bursty_r1,reactive,hot_humid,bursty,1,41.668,41.368,41.168,38.668,25.0,45.0,60.0,,100.0,2.0,32.03,,,0,trial
2026-07-04T20:22:12,reactive_hot_humid_bursty_r1,reactive,hot_humid,bursty,1,41.662,41.362,41.162,38.662,25.0,45.0,60.0,,100.0,2.0,32.02,,,0,trial
2026-07-04T20:22:12,reactive_hot_humid_bursty_r1,reactive,hot_humid,bursty,1,41.657,41.357,41.157,38.657,25.0,45.0,60.0,,100.0,2.0,32.01,,,0,trial
2026-07-04T20:22:12,reactive_hot_humid_bursty_r1,reactive,hot_humid,bursty,1,41.652,41.352,41.152,38.652,25.0,45.0,60.0,,100.0,2.0,32.0,,,0,trial
2026-07-04T20:22:12,reactive_hot_humid_bursty_r1,reactive,hot_humid,bursty,1,41.646,41.346,41.146,38.646,25.0,45.0,60.0,,100.0,2.0,31.99,,,0,trial
2026-07-04T20:22:12,reactive_hot_humid_bursty_r1,reactive,hot_humid,bursty,1,41.641,41.341,41.141,38.641,25.0,45.0,60.0,,100.0,2.0,31.98,,,0,trial
2026-07-04T20:22:12,reactive_hot_humid_bursty_r1,reactive,hot_humid,bursty,1,41.636,41.336,41.136,38.636,25.0,45.0,60.0,,100.0,2.0,31.97,,,0,trial
2026-07-04T20:22:12,reactive_hot_humid_bursty_r1,reactive,hot_humid,bursty,1,41.631,41.331,41.131,38.631,25.0,45.0,60.0,,100.0,2.0,31.96,,,0,trial
2026-07-04T20:22:12,reactive_hot_humid_bursty_r1,reactive,hot_humid,bursty,1,41.626,41.326,41.126,38.626,25.0,45.0,60.0,,100.0,2.0,31.95,,,0,trial
2026-07-04T20:22:12,reactive_hot_humid_bursty_r1,reactive,hot_humid,bursty,1,41.62,41.32,41.12,38.62,25.0,45.0,60.0,,100.0,2.0,31.94,,,0,trial
2026-07-04T20:22:12,reactive_hot_humid_bursty_r1,reactive,hot_humid,bursty,1,41.615,41.315,41.115,38.615,25.0,45.0,60.0,,100.0,2.0,31.93,,,0,trial
2026-07-04T20:22:12,reactive_hot_humid_bursty_r1,reactive,hot_humid,bursty,1,41.61,41.31,41.11,38.61,25.0,45.0,60.0,,100.0,2.0,31.92,,,0,trial
2026-07-04T20:22:12,reactive_hot_humid_bursty_r1,reactive,hot_humid,bursty,1,41.605,41.305,41.105,38.605,25.0,45.0,60.0,,100.0,2.0,31.91,,,0,trial
2026-07-04T20:22:12,reactive_hot_humid_bursty_r1,reactive,hot_humid,bursty,1,41.599,41.299,41.099,38.599,25.0,45.0,60.0,,100.0,2.0,31.9,,,0,trial
2026-07-04T20:22:12,reactive_hot_humid_bursty_r1,reactive,hot_humid,bursty,1,41.594,41.294,41.094,38.594,25.0,45.0,60.0,,100.0,2.0,31.89,,,0,trial
2026-07-04T20:22:12,reactive_hot_humid_bursty_r1,reactive,hot_humid,bursty,1,41.589,41.289,41.089,38.589,25.0,45.0,60.0,,100.0,2.0,31.89,,,0,trial
2026-07-04T20:22:12,reactive_hot_humid_bursty_r1,reactive,hot_humid,bursty,1,41.584,41.284,41.084,38.584,25.0,45.0,60.0,,100.0,2.0,31.88,,,0,trial
2026-07-04T20:22:12,reactive_hot_humid_bursty_r1,reactive,hot_humid,bursty,1,41.579,41.279,41.079,38.579,25.0,45.0,60.0,,100.0,2.0,31.87,,,0,trial
2026-07-04T20:22:12,reactive_hot_humid_bursty_r1,reactive,hot_humid,bursty,1,41.573,41.273,41.073,38.573,25.0,45.0,60.0,,100.0,2.0,31.86,,,0,trial
2026-07-04T20:22:12,reactive_hot_humid_bursty_r1,reactive,hot_humid,bursty,1,41.563,41.263,41.063,38.563,25.0,45.0,60.0,,100.0,2.0,31.85,,,0,trial
2026-07-04T20:22:12,reactive_hot_humid_bursty_r1,reactive,hot_humid,bursty,1,41.558,41.258,41.058,38.558,25.0,45.0,60.0,,100.0,2.0,31.84,,,0,trial
2026-07-04T20:22:12,reactive_hot_humid_bursty_r1,reactive,hot_humid,bursty,1,41.553,41.253,41.053,38.553,25.0,45.0,60.0,,100.0,2.0,31.83,,,0,trial
2026-07-04T20:22:12,reactive_hot_humid_bursty_r1,reactive,hot_humid,bursty,1,41.547,41.247,41.047,38.547,25.0,45.0,60.0,,100.0,2.0,31.82,,,0,trial
2026-07-04T20:22:12,reactive_hot_humid_bursty_r1,reactive,hot_humid,bursty,1,41.542,41.242,41.042,38.542,25.0,45.0,60.0,,100.0,2.0,31.81,,,0,trial
2026-07-04T20:22:12,reactive_hot_humid_bursty_r1,reactive,hot_humid,bursty,1,41.537,41.237,41.037,38.537,25.0,45.0,60.0,,100.0,2.0,31.81,,,0,trial
2026-07-04T20:22:12,reactive_hot_humid_bursty_r1,reactive,hot_humid,bursty,1,41.532,41.232,41.032,38.532,25.0,45.0,60.0,,100.0,2.0,31.8,,,0,trial
2026-07-04T20:22:12,reactive_hot_humid_bursty_r1,reactive,hot_humid,bursty,1,41.527,41.227,41.027,38.527,25.0,45.0,60.0,,100.0,2.0,31.79,,,0,trial
2026-07-04T20:22:12,reactive_hot_humid_bursty_r1,reactive,hot_humid,bursty,1,41.522,41.222,41.022,38.522,25.0,45.0,60.0,,100.0,2.0,31.78,,,0,trial
2026-07-04T20:22:12,reactive_hot_humid_bursty_r1,reactive,hot_humid,bursty,1,41.517,41.217,41.017,38.517,25.0,45.0,60.0,,100.0,2.0,31.77,,,0,trial
2026-07-04T20:22:12,reactive_hot_humid_bursty_r1,reactive,hot_humid,bursty,1,41.511,41.211,41.011,38.511,25.0,45.0,60.0,,100.0,2.0,31.76,,,0,trial
2026-07-04T20:22:12,reactive_hot_humid_bursty_r1,reactive,hot_humid,bursty,1,41.506,41.206,41.006,38.506,25.0,45.0,60.0,,100.0,2.0,31.75,,,0,trial
2026-07-04T20:22:12,reactive_hot_humid_bursty_r1,reactive,hot_humid,bursty,1,41.501,41.201,41.001,38.501,25.0,45.0,60.0,,100.0,2.0,31.74,,,0,trial
2026-07-04T20:22:12,reactive_hot_humid_bursty_r1,reactive,hot_humid,bursty,1,41.496,41.196,40.996,38.496,25.0,45.0,60.0,,100.0,2.0,31.74,,,0,trial
2026-07-04T20:22:12,reactive_hot_humid_bursty_r1,reactive,hot_humid,bursty,1,41.491,41.191,40.991,38.491,25.0,45.0,60.0,,100.0,2.0,31.73,,,0,trial
2026-07-04T20:22:12,reactive_hot_humid_bursty_r1,reactive,hot_humid,bursty,1,41.486,41.186,40.986,38.486,25.0,45.0,60.0,,100.0,2.0,31.72,,,0,trial
2026-07-04T20:22:12,reactive_hot_humid_bursty_r1,reactive,hot_humid,bursty,1,41.481,41.181,40.981,38.481,25.0,45.0,60.0,,100.0,2.0,31.71,,,0,trial
2026-07-04T20:22:12,reactive_hot_humid_bursty_r1,reactive,hot_humid,bursty,1,41.475,41.175,40.975,38.475,25.0,45.0,60.0,,100.0,2.0,31.7,,,0,trial
2026-07-04T20:22:12,reactive_hot_humid_bursty_r1,reactive,hot_humid,bursty,1,41.47,41.17,40.97,38.47,25.0,45.0,60.0,,100.0,2.0,31.69,,,0,trial
2026-07-04T20:22:12,reactive_hot_humid_bursty_r1,reactive,hot_humid,bursty,1,41.465,41.165,40.965,38.465,25.0,45.0,60.0,,100.0,2.0,31.68,,,0,trial
2026-07-04T20:22:12,reactive_hot_humid_bursty_r1,reactive,hot_humid,bursty,1,41.46,41.16,40.96,38.46,25.0,45.0,60.0,,100.0,2.0,31.68,,,0,trial
2026-07-04T20:22:12,reactive_hot_humid_bursty_r1,reactive,hot_humid,bursty,1,41.455,41.155,40.955,38.455,25.0,45.0,60.0,,100.0,2.0,31.67,,,0,trial
2026-07-04T20:22:12,reactive_hot_humid_bursty_r1,reactive,hot_humid,bursty,1,41.45,41.15,40.95,38.45,25.0,45.0,60.0,,100.0,2.0,31.66,,,0,trial
2026-07-04T20:22:12,reactive_hot_humid_bursty_r1,reactive,hot_humid,bursty,1,41.445,41.145,40.945,38.445,25.0,45.0,60.0,,100.0,2.0,31.65,,,0,trial
2026-07-04T20:22:12,reactive_hot_humid_bursty_r1,reactive,hot_humid,bursty,1,41.44,41.14,40.94,38.44,25.0,45.0,60.0,,100.0,2.0,31.64,,,0,trial
2026-07-04T20:22:12,reactive_hot_humid_bursty_r1,reactive,hot_humid,bursty,1,41.435,41.135,40.935,38.435,25.0,45.0,60.0,,100.0,2.0,31.63,,,0,trial
2026-07-04T20:22:12,reactive_hot_humid_bursty_r1,reactive,hot_humid,bursty,1,41.43,41.13,40.93,38.43,25.0,45.0,60.0,,100.0,2.0,31.63,,,0,trial
2026-07-04T20:22:12,reactive_hot_humid_bursty_r1,reactive,hot_humid,bursty,1,41.425,41.125,40.925,38.425,25.0,45.0,60.0,,100.0,2.0,31.62,,,0,trial
2026-07-04T20:22:12,reactive_hot_humid_bursty_r1,reactive,hot_humid,bursty,1,41.419,41.119,40.919,38.419,25.0,45.0,60.0,,100.0,2.0,31.61,,,0,trial
2026-07-04T20:22:12,reactive_hot_humid_bursty_r1,reactive,hot_humid,bursty,1,41.414,41.114,40.914,38.414,25.0,45.0,60.0,,100.0,2.0,31.6,,,0,trial
2026-07-04T20:22:12,reactive_hot_humid_bursty_r1,reactive,hot_humid,bursty,1,41.404,41.104,40.904,38.404,25.0,45.0,60.0,,100.0,2.0,31.59,,,0,trial
2026-07-04T20:22:12,reactive_hot_humid_bursty_r1,reactive,hot_humid,bursty,1,41.399,41.099,40.899,38.399,25.0,45.0,60.0,,100.0,2.0,31.59,,,0,trial
2026-07-04T20:22:12,reactive_hot_humid_bursty_r1,reactive,hot_humid,bursty,1,41.394,41.094,40.894,38.394,25.0,45.0,60.0,,100.0,2.0,31.58,,,0,trial
2026-07-04T20:22:12,reactive_hot_humid_bursty_r1,reactive,hot_humid,bursty,1,41.389,41.089,40.889,38.389,25.0,45.0,60.0,,100.0,2.0,31.57,,,0,trial
2026-07-04T20:22:12,reactive_hot_humid_bursty_r1,reactive,hot_humid,bursty,1,41.384,41.084,40.884,38.384,25.0,45.0,60.0,,100.0,2.0,31.56,,,0,trial
2026-07-04T20:22:12,reactive_hot_humid_bursty_r1,reactive,hot_humid,bursty,1,41.379,41.079,40.879,38.379,25.0,45.0,60.0,,100.0,2.0,31.55,,,0,trial
2026-07-04T20:22:12,reactive_hot_humid_bursty_r1,reactive,hot_humid,bursty,1,41.374,41.074,40.874,38.374,25.0,45.0,60.0,,100.0,2.0,31.55,,,0,trial
2026-07-04T20:22:12,reactive_hot_humid_bursty_r1,reactive,hot_humid,bursty,1,41.369,41.069,40.869,38.369,25.0,45.0,60.0,,100.0,2.0,31.54,,,0,trial
2026-07-04T20:22:12,reactive_hot_humid_bursty_r1,reactive,hot_humid,bursty,1,41.364,41.064,40.864,38.364,25.0,45.0,60.0,,100.0,2.0,31.53,,,0,trial
2026-07-04T20:22:12,reactive_hot_humid_bursty_r1,reactive,hot_humid,bursty,1,41.359,41.059,40.859,38.359,25.0,45.0,60.0,,100.0,2.0,31.52,,,0,trial
2026-07-04T20:22:12,reactive_hot_humid_bursty_r1,reactive,hot_humid,bursty,1,41.354,41.054,40.854,38.354,25.0,45.0,60.0,,100.0,2.0,31.51,,,0,trial
2026-07-04T20:22:12,reactive_hot_humid_bursty_r1,reactive,hot_humid,bursty,1,41.349,41.049,40.849,38.349,25.0,45.0,60.0,,100.0,2.0,31.51,,,0,trial
2026-07-04T20:22:12,reactive_hot_humid_bursty_r1,reactive,hot_humid,bursty,1,41.344,41.044,40.844,38.344,25.0,45.0,60.0,,100.0,2.0,31.5,,,0,trial
2026-07-04T20:22:12,reactive_hot_humid_bursty_r1,reactive,hot_humid,bursty,1,41.339,41.039,40.839,38.339,25.0,45.0,60.0,,100.0,2.0,31.49,,,0,trial
2026-07-04T20:22:12,reactive_hot_humid_bursty_r1,reactive,hot_humid,bursty,1,41.334,41.034,40.834,38.334,25.0,45.0,60.0,,100.0,2.0,31.48,,,0,trial
2026-07-04T20:22:12,reactive_hot_humid_bursty_r1,reactive,hot_humid,bursty,1,41.329,41.029,40.829,38.329,25.0,45.0,60.0,,100.0,2.0,31.48,,,0,trial
2026-07-04T20:22:12,reactive_hot_humid_bursty_r1,reactive,hot_humid,bursty,1,41.324,41.024,40.824,38.324,25.0,45.0,60.0,,100.0,2.0,31.47,,,0,trial
2026-07-04T20:22:12,reactive_hot_humid_bursty_r1,reactive,hot_humid,bursty,1,41.319,41.019,40.819,38.319,25.0,45.0,60.0,,100.0,2.0,31.46,,,0,trial
2026-07-04T20:22:12,reactive_hot_humid_bursty_r1,reactive,hot_humid,bursty,1,41.314,41.014,40.814,38.314,25.0,45.0,60.0,,100.0,2.0,31.45,,,0,trial
2026-07-04T20:22:12,reactive_hot_humid_bursty_r1,reactive,hot_humid,bursty,1,41.309,41.009,40.809,38.309,25.0,45.0,60.0,,100.0,2.0,31.44,,,0,trial
2026-07-04T20:22:12,reactive_hot_humid_bursty_r1,reactive,hot_humid,bursty,1,41.304,41.004,40.804,38.304,25.0,45.0,60.0,,100.0,2.0,31.44,,,0,trial
2026-07-04T20:22:12,reactive_hot_humid_bursty_r1,reactive,hot_humid,bursty,1,41.299,40.999,40.799,38.299,25.0,45.0,60.0,,100.0,2.0,31.43,,,0,trial
2026-07-04T20:22:12,reactive_hot_humid_bursty_r1,reactive,hot_humid,bursty,1,41.294,40.994,40.794,38.294,25.0,45.0,60.0,,100.0,2.0,31.42,,,0,trial
2026-07-04T20:22:12,reactive_hot_humid_bursty_r1,reactive,hot_humid,bursty,1,41.289,40.989,40.789,38.289,25.0,45.0,60.0,,100.0,2.0,31.42,,,0,trial
2026-07-04T20:22:12,reactive_hot_humid_bursty_r1,reactive,hot_humid,bursty,1,41.284,40.984,40.784,38.284,25.0,45.0,60.0,,100.0,2.0,31.41,,,0,trial
2026-07-04T20:22:12,reactive_hot_humid_bursty_r1,reactive,hot_humid,bursty,1,41.279,40.979,40.779,38.279,25.0,45.0,60.0,,100.0,2.0,31.4,,,0,trial
2026-07-04T20:22:12,reactive_hot_humid_bursty_r1,reactive,hot_humid,bursty,1,41.274,40.974,40.774,38.274,25.0,45.0,60.0,,100.0,2.0,31.39,,,0,trial
2026-07-04T20:22:12,reactive_hot_humid_bursty_r1,reactive,hot_humid,bursty,1,41.269,40.969,40.769,38.269,25.0,45.0,60.0,,100.0,2.0,31.39,,,0,trial
2026-07-04T20:22:12,reactive_hot_humid_bursty_r1,reactive,hot_humid,bursty,1,41.264,40.964,40.764,38.264,25.0,45.0,60.0,,100.0,2.0,31.38,,,0,trial
2026-07-04T20:22:12,reactive_hot_humid_bursty_r1,reactive,hot_humid,bursty,1,41.259,40.959,40.759,38.259,25.0,45.0,60.0,,100.0,2.0,31.37,,,0,trial
2026-07-04T20:22:12,reactive_hot_humid_bursty_r1,reactive,hot_humid,bursty,1,41.251,40.951,40.751,38.251,25.0,45.0,60.0,,75.0,1.5,31.36,,,0,trial
2026-07-04T20:22:12,reactive_hot_humid_bursty_r1,reactive,hot_humid,bursty,1,41.249,40.949,40.749,38.249,25.0,45.0,60.0,,75.0,1.5,31.36,,,0,trial
2026-07-04T20:22:12,reactive_hot_humid_bursty_r1,reactive,hot_humid,bursty,1,41.246,40.946,40.746,38.246,25.0,45.0,60.0,,75.0,1.5,31.35,,,0,trial
2026-07-04T20:22:12,reactive_hot_humid_bursty_r1,reactive,hot_humid,bursty,1,41.243,40.943,40.743,38.243,25.0,45.0,60.0,,75.0,1.5,31.34,,,0,trial
2026-07-04T20:22:12,reactive_hot_humid_bursty_r1,reactive,hot_humid,bursty,1,41.24,40.94,40.74,38.24,25.0,45.0,60.0,,75.0,1.5,31.34,,,0,trial
2026-07-04T20:22:12,reactive_hot_humid_bursty_r1,reactive,hot_humid,bursty,1,41.237,40.937,40.737,38.237,25.0,45.0,60.0,,75.0,1.5,31.33,,,0,trial
2026-07-04T20:22:12,reactive_hot_humid_bursty_r1,reactive,hot_humid,bursty,1,41.234,40.934,40.734,38.234,25.0,45.0,60.0,,75.0,1.5,31.32,,,0,trial
2026-07-04T20:22:12,reactive_hot_humid_bursty_r1,reactive,hot_humid,bursty,1,41.231,40.931,40.731,38.231,25.0,45.0,60.0,,75.0,1.5,31.31,,,0,trial
2026-07-04T20:22:12,reactive_hot_humid_bursty_r1,reactive,hot_humid,bursty,1,41.228,40.928,40.728,38.228,25.0,45.0,60.0,,75.0,1.5,31.31,,,0,trial
2026-07-04T20:22:12,reactive_hot_humid_bursty_r1,reactive,hot_humid,bursty,1,41.225,40.925,40.725,38.225,25.0,45.0,60.0,,75.0,1.5,31.3,,,0,trial
2026-07-04T20:22:12,reactive_hot_humid_bursty_r1,reactive,hot_humid,bursty,1,41.222,40.922,40.722,38.222,25.0,45.0,60.0,,75.0,1.5,31.29,,,0,trial
2026-07-04T20:22:12,reactive_hot_humid_bursty_r1,reactive,hot_humid,bursty,1,41.22,40.92,40.72,38.22,25.0,45.0,60.0,,75.0,1.5,31.29,,,0,trial
2026-07-04T20:22:12,reactive_hot_humid_bursty_r1,reactive,hot_humid,bursty,1,41.217,40.917,40.717,38.217,25.0,45.0,60.0,,75.0,1.5,31.28,,,0,trial
2026-07-04T20:22:12,reactive_hot_humid_bursty_r1,reactive,hot_humid,bursty,1,41.214,40.914,40.714,38.214,25.0,45.0,60.0,,75.0,1.5,31.27,,,0,trial
2026-07-04T20:22:12,reactive_hot_humid_bursty_r1,reactive,hot_humid,bursty,1,41.211,40.911,40.711,38.211,25.0,45.0,60.0,,75.0,1.5,31.27,,,0,trial
2026-07-04T20:22:12,reactive_hot_humid_bursty_r1,reactive,hot_humid,bursty,1,41.208,40.908,40.708,38.208,25.0,45.0,60.0,,75.0,1.5,31.26,,,0,trial
2026-07-04T20:22:12,reactive_hot_humid_bursty_r1,reactive,hot_humid,bursty,1,41.205,40.905,40.705,38.205,25.0,45.0,60.0,,75.0,1.5,31.25,,,0,trial
2026-07-04T20:22:12,reactive_hot_humid_bursty_r1,reactive,hot_humid,bursty,1,41.202,40.902,40.702,38.202,25.0,45.0,60.0,,75.0,1.5,31.25,,,0,trial
2026-07-04T20:22:12,reactive_hot_humid_bursty_r1,reactive,hot_humid,bursty,1,41.199,40.899,40.699,38.199,25.0,45.0,60.0,,75.0,1.5,31.24,,,0,trial
2026-07-04T20:22:12,reactive_hot_humid_bursty_r1,reactive,hot_humid,bursty,1,41.197,40.897,40.697,38.197,25.0,45.0,60.0,,75.0,1.5,31.23,,,0,trial
2026-07-04T20:22:12,reactive_hot_humid_bursty_r1,reactive,hot_humid,bursty,1,41.194,40.894,40.694,38.194,25.0,45.0,60.0,,75.0,1.5,31.23,,,0,trial
2026-07-04T20:22:12,reactive_hot_humid_bursty_r1,reactive,hot_humid,bursty,1,41.191,40.891,40.691,38.191,25.0,45.0,60.0,,75.0,1.5,31.22,,,0,trial
2026-07-04T20:22:12,reactive_hot_humid_bursty_r1,reactive,hot_humid,bursty,1,41.188,40.888,40.688,38.188,25.0,45.0,60.0,,75.0,1.5,31.21,,,0,trial
2026-07-04T20:22:12,reactive_hot_humid_bursty_r1,reactive,hot_humid,bursty,1,41.185,40.885,40.685,38.185,25.0,45.0,60.0,,75.0,1.5,31.21,,,0,trial
2026-07-04T20:22:12,reactive_hot_humid_bursty_r1,reactive,hot_humid,bursty,1,41.182,40.882,40.682,38.182,25.0,45.0,60.0,,75.0,1.5,31.2,,,0,trial
2026-07-04T20:22:12,reactive_hot_humid_bursty_r1,reactive,hot_humid,bursty,1,41.179,40.879,40.679,38.179,25.0,45.0,60.0,,75.0,1.5,31.19,,,0,trial
2026-07-04T20:22:12,reactive_hot_humid_bursty_r1,reactive,hot_humid,bursty,1,41.176,40.876,40.676,38.176,25.0,45.0,60.0,,75.0,1.5,31.19,,,0,trial
2026-07-04T20:22:12,reactive_hot_humid_bursty_r1,reactive,hot_humid,bursty,1,41.174,40.874,40.674,38.174,25.0,45.0,60.0,,75.0,1.5,31.18,,,0,trial
2026-07-04T20:22:12,reactive_hot_humid_bursty_r1,reactive,hot_humid,bursty,1,41.171,40.871,40.671,38.171,25.0,45.0,60.0,,75.0,1.5,31.17,,,0,trial
2026-07-04T20:22:12,reactive_hot_humid_bursty_r1,reactive,hot_humid,bursty,1,41.168,40.868,40.668,38.168,25.0,45.0,60.0,,75.0,1.5,31.17,,,0,trial
2026-07-04T20:22:12,reactive_hot_humid_bursty_r1,reactive,hot_humid,bursty,1,41.162,40.862,40.662,38.162,25.0,45.0,60.0,,75.0,1.5,31.16,,,0,trial
2026-07-04T20:22:12,reactive_hot_humid_bursty_r1,reactive,hot_humid,bursty,1,41.159,40.859,40.659,38.159,25.0,45.0,60.0,,75.0,1.5,31.15,,,0,trial
2026-07-04T20:22:12,reactive_hot_humid_bursty_r1,reactive,hot_humid,bursty,1,41.156,40.856,40.656,38.156,25.0,45.0,60.0,,75.0,1.5,31.15,,,0,trial
2026-07-04T20:22:12,reactive_hot_humid_bursty_r1,reactive,hot_humid,bursty,1,41.154,40.854,40.654,38.154,25.0,45.0,60.0,,75.0,1.5,31.14,,,0,trial
2026-07-04T20:22:12,reactive_hot_humid_bursty_r1,reactive,hot_humid,bursty,1,41.151,40.851,40.651,38.151,25.0,45.0,60.0,,75.0,1.5,31.14,,,0,trial
2026-07-04T20:22:12,reactive_hot_humid_bursty_r1,reactive,hot_humid,bursty,1,41.148,40.848,40.648,38.148,25.0,45.0,60.0,,75.0,1.5,31.13,,,0,trial
2026-07-04T20:22:12,reactive_hot_humid_bursty_r1,reactive,hot_humid,bursty,1,41.145,40.845,40.645,38.145,25.0,45.0,60.0,,75.0,1.5,31.12,,,0,trial
2026-07-04T20:22:12,reactive_hot_humid_bursty_r1,reactive,hot_humid,bursty,1,41.142,40.842,40.642,38.142,25.0,45.0,60.0,,75.0,1.5,31.12,,,0,trial
2026-07-04T20:22:12,reactive_hot_humid_bursty_r1,reactive,hot_humid,bursty,1,41.139,40.839,40.639,38.139,25.0,45.0,60.0,,75.0,1.5,31.11,,,0,trial
2026-07-04T20:22:12,reactive_hot_humid_bursty_r1,reactive,hot_humid,bursty,1,41.137,40.837,40.637,38.137,25.0,45.0,60.0,,75.0,1.5,31.1,,,0,trial
2026-07-04T20:22:12,reactive_hot_humid_bursty_r1,reactive,hot_humid,bursty,1,41.134,40.834,40.634,38.134,25.0,45.0,60.0,,75.0,1.5,31.1,,,0,trial
2026-07-04T20:22:12,reactive_hot_humid_bursty_r1,reactive,hot_humid,bursty,1,41.131,40.831,40.631,38.131,25.0,45.0,60.0,,75.0,1.5,31.09,,,0,trial
2026-07-04T20:22:12,reactive_hot_humid_bursty_r1,reactive,hot_humid,bursty,1,41.128,40.828,40.628,38.128,25.0,45.0,60.0,,75.0,1.5,31.09,,,0,trial
2026-07-04T20:22:12,reactive_hot_humid_bursty_r1,reactive,hot_humid,bursty,1,41.125,40.825,40.625,38.125,25.0,45.0,60.0,,75.0,1.5,31.08,,,0,trial
2026-07-04T20:22:12,reactive_hot_humid_bursty_r1,reactive,hot_humid,bursty,1,41.122,40.822,40.622,38.122,25.0,45.0,60.0,,75.0,1.5,31.07,,,0,trial
2026-07-04T20:22:12,reactive_hot_humid_bursty_r1,reactive,hot_humid,bursty,1,41.12,40.82,40.62,38.12,25.0,45.0,60.0,,75.0,1.5,31.07,,,0,trial
2026-07-04T20:22:12,reactive_hot_humid_bursty_r1,reactive,hot_humid,bursty,1,41.117,40.817,40.617,38.117,25.0,45.0,60.0,,75.0,1.5,31.06,,,0,trial
2026-07-04T20:22:12,reactive_hot_humid_bursty_r1,reactive,hot_humid,bursty,1,41.114,40.814,40.614,38.114,25.0,45.0,60.0,,75.0,1.5,31.06,,,0,trial
2026-07-04T20:22:12,reactive_hot_humid_bursty_r1,reactive,hot_humid,bursty,1,41.111,40.811,40.611,38.111,25.0,45.0,60.0,,75.0,1.5,31.05,,,0,trial
2026-07-04T20:22:12,reactive_hot_humid_bursty_r1,reactive,hot_humid,bursty,1,41.108,40.808,40.608,38.108,25.0,45.0,60.0,,75.0,1.5,31.04,,,0,trial
2026-07-04T20:22:12,reactive_hot_humid_bursty_r1,reactive,hot_humid,bursty,1,41.106,40.806,40.606,38.106,25.0,45.0,60.0,,75.0,1.5,31.04,,,0,trial
2026-07-04T20:22:12,reactive_hot_humid_bursty_r1,reactive,hot_humid,bursty,1,41.103,40.803,40.603,38.103,25.0,45.0,60.0,,75.0,1.5,31.03,,,0,trial
2026-07-04T20:22:12,reactive_hot_humid_bursty_r1,reactive,hot_humid,bursty,1,41.1,40.8,40.6,38.1,25.0,45.0,60.0,,75.0,1.5,31.03,,,0,trial
2026-07-04T20:22:12,reactive_hot_humid_bursty_r1,reactive,hot_humid,bursty,1,41.097,40.797,40.597,38.097,25.0,45.0,60.0,,75.0,1.5,31.02,,,0,trial
2026-07-04T20:22:12,reactive_hot_humid_bursty_r1,reactive,hot_humid,bursty,1,41.094,40.794,40.594,38.094,25.0,45.0,60.0,,75.0,1.5,31.02,,,0,trial
2026-07-04T20:22:12,reactive_hot_humid_bursty_r1,reactive,hot_humid,bursty,1,41.092,40.792,40.592,38.092,25.0,45.0,60.0,,75.0,1.5,31.01,,,0,trial
2026-07-04T20:22:12,reactive_hot_humid_bursty_r1,reactive,hot_humid,bursty,1,41.089,40.789,40.589,38.089,25.0,45.0,60.0,,75.0,1.5,31.0,,,0,trial
2026-07-04T20:22:12,reactive_hot_humid_bursty_r1,reactive,hot_humid,bursty,1,41.086,40.786,40.586,38.086,25.0,45.0,60.0,,75.0,1.5,31.0,,,0,trial
2026-07-04T20:22:12,reactive_hot_humid_bursty_r1,reactive,hot_humid,bursty,1,41.083,40.783,40.583,38.083,25.0,45.0,60.0,,75.0,1.5,30.99,,,0,trial
2026-07-04T20:22:12,reactive_hot_humid_bursty_r1,reactive,hot_humid,bursty,1,41.08,40.78,40.58,38.08,25.0,45.0,60.0,,75.0,1.5,30.99,,,0,trial
2026-07-04T20:22:12,reactive_hot_humid_bursty_r1,reactive,hot_humid,bursty,1,41.075,40.775,40.575,38.075,25.0,45.0,60.0,,75.0,1.5,30.98,,,0,trial
2026-07-04T20:22:12,reactive_hot_humid_bursty_r1,reactive,hot_humid,bursty,1,41.072,40.772,40.572,38.072,25.0,45.0,60.0,,75.0,1.5,30.98,,,0,trial
2026-07-04T20:22:12,reactive_hot_humid_bursty_r1,reactive,hot_humid,bursty,1,41.069,40.769,40.569,38.069,25.0,45.0,60.0,,75.0,1.5,30.97,,,0,trial
2026-07-04T20:22:12,reactive_hot_humid_bursty_r1,reactive,hot_humid,bursty,1,41.066,40.766,40.566,38.066,25.0,45.0,60.0,,75.0,1.5,30.97,,,0,trial
2026-07-04T20:22:12,reactive_hot_humid_bursty_r1,reactive,hot_humid,bursty,1,41.064,40.764,40.564,38.064,25.0,45.0,60.0,,75.0,1.5,30.96,,,0,trial
2026-07-04T20:22:12,reactive_hot_humid_bursty_r1,reactive,hot_humid,bursty,1,41.061,40.761,40.561,38.061,25.0,45.0,60.0,,75.0,1.5,30.95,,,0,trial
2026-07-04T20:22:12,reactive_hot_humid_bursty_r1,reactive,hot_humid,bursty,1,41.058,40.758,40.558,38.058,25.0,45.0,60.0,,75.0,1.5,30.95,,,0,trial
2026-07-04T20:22:12,reactive_hot_humid_bursty_r1,reactive,hot_humid,bursty,1,41.055,40.755,40.555,38.055,25.0,45.0,60.0,,75.0,1.5,30.94,,,0,trial
2026-07-04T20:22:12,reactive_hot_humid_bursty_r1,reactive,hot_humid,bursty,1,41.053,40.753,40.553,38.053,25.0,45.0,60.0,,75.0,1.5,30.94,,,0,trial
2026-07-04T20:22:12,reactive_hot_humid_bursty_r1,reactive,hot_humid,bursty,1,41.05,40.75,40.55,38.05,25.0,45.0,60.0,,75.0,1.5,30.93,,,0,trial
2026-07-04T20:22:12,reactive_hot_humid_bursty_r1,reactive,hot_humid,bursty,1,41.047,40.747,40.547,38.047,25.0,45.0,60.0,,75.0,1.5,30.93,,,0,trial
2026-07-04T20:22:12,reactive_hot_humid_bursty_r1,reactive,hot_humid,bursty,1,41.044,40.744,40.544,38.044,25.0,45.0,60.0,,75.0,1.5,30.92,,,0,trial
2026-07-04T20:22:12,reactive_hot_humid_bursty_r1,reactive,hot_humid,bursty,1,41.041,40.741,40.541,38.041,25.0,45.0,60.0,,75.0,1.5,30.92,,,0,trial
2026-07-04T20:22:12,reactive_hot_humid_bursty_r1,reactive,hot_humid,bursty,1,41.039,40.739,40.539,38.039,25.0,45.0,60.0,,75.0,1.5,30.91,,,0,trial
2026-07-04T20:22:12,reactive_hot_humid_bursty_r1,reactive,hot_humid,bursty,1,41.036,40.736,40.536,38.036,25.0,45.0,60.0,,75.0,1.5,30.91,,,0,trial
2026-07-04T20:22:12,reactive_hot_humid_bursty_r1,reactive,hot_humid,bursty,1,41.033,40.733,40.533,38.033,25.0,45.0,60.0,,75.0,1.5,30.9,,,0,trial
2026-07-04T20:22:12,reactive_hot_humid_bursty_r1,reactive,hot_humid,bursty,1,41.03,40.73,40.53,38.03,25.0,45.0,60.0,,75.0,1.5,30.9,,,0,trial
2026-07-04T20:22:12,reactive_hot_humid_bursty_r1,reactive,hot_humid,bursty,1,41.028,40.728,40.528,38.028,25.0,45.0,60.0,,75.0,1.5,30.89,,,0,trial
2026-07-04T20:22:12,reactive_hot_humid_bursty_r1,reactive,hot_humid,bursty,1,41.025,40.725,40.525,38.025,25.0,45.0,60.0,,75.0,1.5,30.89,,,0,trial
2026-07-04T20:22:12,reactive_hot_humid_bursty_r1,reactive,hot_humid,bursty,1,41.022,40.722,40.522,38.022,25.0,45.0,60.0,,75.0,1.5,30.88,,,0,trial
2026-07-04T20:22:12,reactive_hot_humid_bursty_r1,reactive,hot_humid,bursty,1,41.019,40.719,40.519,38.019,25.0,45.0,60.0,,75.0,1.5,30.88,,,0,trial
2026-07-04T20:22:12,reactive_hot_humid_bursty_r1,reactive,hot_humid,bursty,1,41.017,40.717,40.517,38.017,25.0,45.0,60.0,,75.0,1.5,30.87,,,0,trial
2026-07-04T20:22:12,reactive_hot_humid_bursty_r1,reactive,hot_humid,bursty,1,41.014,40.714,40.514,38.014,25.0,45.0,60.0,,75.0,1.5,30.87,,,0,trial
2026-07-04T20:22:12,reactive_hot_humid_bursty_r1,reactive,hot_humid,bursty,1,41.011,40.711,40.511,38.011,25.0,45.0,60.0,,75.0,1.5,30.86,,,0,trial
2026-07-04T20:22:12,reactive_hot_humid_bursty_r1,reactive,hot_humid,bursty,1,41.008,40.708,40.508,38.008,25.0,45.0,60.0,,75.0,1.5,30.86,,,0,trial
2026-07-04T20:22:12,reactive_hot_humid_bursty_r1,reactive,hot_humid,bursty,1,41.006,40.706,40.506,38.006,25.0,45.0,60.0,,75.0,1.5,30.85,,,0,trial
2026-07-04T20:22:12,reactive_hot_humid_bursty_r1,reactive,hot_humid,bursty,1,41.003,40.703,40.503,38.003,25.0,45.0,60.0,,75.0,1.5,30.85,,,0,trial
2026-07-04T20:22:12,reactive_hot_humid_bursty_r1,reactive,hot_humid,bursty,1,41.0,40.7,40.5,38.0,25.0,45.0,60.0,,75.0,1.5,30.84,,,0,trial
2026-07-04T20:22:12,reactive_hot_humid_bursty_r1,reactive,hot_humid,bursty,1,40.997,40.697,40.497,37.997,25.0,45.0,60.0,,75.0,1.5,30.84,,,0,trial
2026-07-04T20:22:12,reactive_hot_humid_bursty_r1,reactive,hot_humid,bursty,1,40.995,40.695,40.495,37.995,25.0,45.0,60.0,,75.0,1.5,30.83,,,0,trial
2026-07-04T20:22:12,reactive_hot_humid_bursty_r1,reactive,hot_humid,bursty,1,40.989,40.689,40.489,37.989,25.0,45.0,60.0,,75.0,1.5,30.83,,,0,trial
2026-07-04T20:22:12,reactive_hot_humid_bursty_r1,reactive,hot_humid,bursty,1,40.986,40.686,40.486,37.986,25.0,45.0,60.0,,75.0,1.5,30.82,,,0,trial
2026-07-04T20:22:12,reactive_hot_humid_bursty_r1,reactive,hot_humid,bursty,1,40.984,40.684,40.484,37.984,25.0,45.0,60.0,,75.0,1.5,30.82,,,0,trial
2026-07-04T20:22:12,reactive_hot_humid_bursty_r1,reactive,hot_humid,bursty,1,40.981,40.681,40.481,37.981,25.0,45.0,60.0,,75.0,1.5,30.81,,,0,trial
2026-07-04T20:22:12,reactive_hot_humid_bursty_r1,reactive,hot_humid,bursty,1,40.978,40.678,40.478,37.978,25.0,45.0,60.0,,75.0,1.5,30.81,,,0,trial
2026-07-04T20:22:12,reactive_hot_humid_bursty_r1,reactive,hot_humid,bursty,1,40.976,40.676,40.476,37.976,25.0,45.0,60.0,,75.0,1.5,30.8,,,0,trial
2026-07-04T20:22:12,reactive_hot_humid_bursty_r1,reactive,hot_humid,bursty,1,40.973,40.673,40.473,37.973,25.0,45.0,60.0,,75.0,1.5,30.8,,,0,trial
2026-07-04T20:22:12,reactive_hot_humid_bursty_r1,reactive,hot_humid,bursty,1,40.97,40.67,40.47,37.97,25.0,45.0,60.0,,75.0,1.5,30.79,,,0,trial
2026-07-04T20:22:12,reactive_hot_humid_bursty_r1,reactive,hot_humid,bursty,1,40.967,40.667,40.467,37.967,25.0,45.0,60.0,,75.0,1.5,30.79,,,0,trial
2026-07-04T20:22:12,reactive_hot_humid_bursty_r1,reactive,hot_humid,bursty,1,40.965,40.665,40.465,37.965,25.0,45.0,60.0,,75.0,1.5,30.79,,,0,trial
2026-07-04T20:22:12,reactive_hot_humid_bursty_r1,reactive,hot_humid,bursty,1,40.962,40.662,40.462,37.962,25.0,45.0,60.0,,75.0,1.5,30.78,,,0,trial
2026-07-04T20:22:12,reactive_hot_humid_bursty_r1,reactive,hot_humid,bursty,1,40.959,40.659,40.459,37.959,25.0,45.0,60.0,,75.0,1.5,30.78,,,0,trial
2026-07-04T20:22:12,reactive_hot_humid_bursty_r1,reactive,hot_humid,bursty,1,40.956,40.656,40.456,37.956,25.0,45.0,60.0,,75.0,1.5,30.77,,,0,trial
2026-07-04T20:22:12,reactive_hot_humid_bursty_r1,reactive,hot_humid,bursty,1,40.954,40.654,40.454,37.954,25.0,45.0,60.0,,75.0,1.5,30.77,,,0,trial
2026-07-04T20:22:12,reactive_hot_humid_bursty_r1,reactive,hot_humid,bursty,1,40.951,40.651,40.451,37.951,25.0,45.0,60.0,,75.0,1.5,30.76,,,0,trial
2026-07-04T20:22:12,reactive_hot_humid_bursty_r1,reactive,hot_humid,bursty,1,40.948,40.648,40.448,37.948,25.0,45.0,60.0,,75.0,1.5,30.76,,,0,trial
2026-07-04T20:22:12,reactive_hot_humid_bursty_r1,reactive,hot_humid,bursty,1,40.946,40.646,40.446,37.946,25.0,45.0,60.0,,75.0,1.5,30.75,,,0,trial
2026-07-04T20:22:12,reactive_hot_humid_bursty_r1,reactive,hot_humid,bursty,1,40.943,40.643,40.443,37.943,25.0,45.0,60.0,,75.0,1.5,30.75,,,0,trial
2026-07-04T20:22:12,reactive_hot_humid_bursty_r1,reactive,hot_humid,bursty,1,40.94,40.64,40.44,37.94,25.0,45.0,60.0,,75.0,1.5,30.75,,,0,trial
2026-07-04T20:22:12,reactive_hot_humid_bursty_r1,reactive,hot_humid,bursty,1,40.938,40.638,40.438,37.938,25.0,45.0,60.0,,75.0,1.5,30.74,,,0,trial
2026-07-04T20:22:12,reactive_hot_humid_bursty_r1,reactive,hot_humid,bursty,1,40.935,40.635,40.435,37.935,25.0,45.0,60.0,,75.0,1.5,30.74,,,0,trial
2026-07-04T20:22:12,reactive_hot_humid_bursty_r1,reactive,hot_humid,bursty,1,40.932,40.632,40.432,37.932,25.0,45.0,60.0,,75.0,1.5,30.73,,,0,trial
2026-07-04T20:22:12,reactive_hot_humid_bursty_r1,reactive,hot_humid,bursty,1,40.929,40.629,40.429,37.929,25.0,45.0,60.0,,75.0,1.5,30.73,,,0,trial
2026-07-04T20:22:12,reactive_hot_humid_bursty_r1,reactive,hot_humid,bursty,1,40.927,40.627,40.427,37.927,25.0,45.0,60.0,,75.0,1.5,30.72,,,0,trial
2026-07-04T20:22:12,reactive_hot_humid_bursty_r1,reactive,hot_humid,bursty,1,40.924,40.624,40.424,37.924,25.0,45.0,60.0,,75.0,1.5,30.72,,,0,trial
2026-07-04T20:22:12,reactive_hot_humid_bursty_r1,reactive,hot_humid,bursty,1,40.921,40.621,40.421,37.921,25.0,45.0,60.0,,75.0,1.5,30.72,,,0,trial
2026-07-04T20:22:12,reactive_hot_humid_bursty_r1,reactive,hot_humid,bursty,1,40.919,40.619,40.419,37.919,25.0,45.0,60.0,,75.0,1.5,30.71,,,0,trial
2026-07-04T20:22:12,reactive_hot_humid_bursty_r1,reactive,hot_humid,bursty,1,40.916,40.616,40.416,37.916,25.0,45.0,60.0,,75.0,1.5,30.71,,,0,trial
2026-07-04T20:22:12,reactive_hot_humid_bursty_r1,reactive,hot_humid,bursty,1,40.913,40.613,40.413,37.913,25.0,45.0,60.0,,75.0,1.5,30.7,,,0,trial
2026-07-04T20:22:12,reactive_hot_humid_bursty_r1,reactive,hot_humid,bursty,1,40.911,40.611,40.411,37.911,25.0,45.0,60.0,,75.0,1.5,30.7,,,0,trial
2026-07-04T20:22:12,reactive_hot_humid_bursty_r1,reactive,hot_humid,bursty,1,40.905,40.605,40.405,37.905,25.0,45.0,60.0,,75.0,1.5,30.7,,,0,trial
2026-07-04T20:22:12,reactive_hot_humid_bursty_r1,reactive,hot_humid,bursty,1,40.903,40.603,40.403,37.903,25.0,45.0,60.0,,75.0,1.5,30.69,,,0,trial
2026-07-04T20:22:12,reactive_hot_humid_bursty_r1,reactive,hot_humid,bursty,1,40.9,40.6,40.4,37.9,25.0,45.0,60.0,,75.0,1.5,30.69,,,0,trial
2026-07-04T20:22:12,reactive_hot_humid_bursty_r1,reactive,hot_humid,bursty,1,40.897,40.597,40.397,37.897,25.0,45.0,60.0,,75.0,1.5,30.68,,,0,trial
2026-07-04T20:22:12,reactive_hot_humid_bursty_r1,reactive,hot_humid,bursty,1,40.895,40.595,40.395,37.895,25.0,45.0,60.0,,75.0,1.5,30.68,,,0,trial
2026-07-04T20:22:12,reactive_hot_humid_bursty_r1,reactive,hot_humid,bursty,1,40.892,40.592,40.392,37.892,25.0,45.0,60.0,,75.0,1.5,30.68,,,0,trial
2026-07-04T20:22:12,reactive_hot_humid_bursty_r1,reactive,hot_humid,bursty,1,40.889,40.589,40.389,37.889,25.0,45.0,60.0,,75.0,1.5,30.67,,,0,trial
2026-07-04T20:22:12,reactive_hot_humid_bursty_r1,reactive,hot_humid,bursty,1,40.887,40.587,40.387,37.887,25.0,45.0,60.0,,75.0,1.5,30.67,,,0,trial
2026-07-04T20:22:12,reactive_hot_humid_bursty_r1,reactive,hot_humid,bursty,1,40.884,40.584,40.384,37.884,25.0,45.0,60.0,,75.0,1.5,30.66,,,0,trial
2026-07-04T20:22:12,reactive_hot_humid_bursty_r1,reactive,hot_humid,bursty,1,40.881,40.581,40.381,37.881,25.0,45.0,60.0,,75.0,1.5,30.66,,,0,trial
2026-07-04T20:22:12,reactive_hot_humid_bursty_r1,reactive,hot_humid,bursty,1,40.879,40.579,40.379,37.879,25.0,45.0,60.0,,75.0,1.5,30.66,,,0,trial
2026-07-04T20:22:12,reactive_hot_humid_bursty_r1,reactive,hot_humid,bursty,1,40.876,40.576,40.376,37.876,25.0,45.0,60.0,,75.0,1.5,30.65,,,0,trial
2026-07-04T20:22:12,reactive_hot_humid_bursty_r1,reactive,hot_humid,bursty,1,40.873,40.573,40.373,37.873,25.0,45.0,60.0,,75.0,1.5,30.65,,,0,trial
2026-07-04T20:22:12,reactive_hot_humid_bursty_r1,reactive,hot_humid,bursty,1,40.871,40.571,40.371,37.871,25.0,45.0,60.0,,75.0,1.5,30.64,,,0,trial
2026-07-04T20:22:12,reactive_hot_humid_bursty_r1,reactive,hot_humid,bursty,1,40.868,40.568,40.368,37.868,25.0,45.0,60.0,,75.0,1.5,30.64,,,0,trial
2026-07-04T20:22:12,reactive_hot_humid_bursty_r1,reactive,hot_humid,bursty,1,40.865,40.565,40.365,37.865,25.0,45.0,60.0,,75.0,1.5,30.64,,,0,trial
2026-07-04T20:22:12,reactive_hot_humid_bursty_r1,reactive,hot_humid,bursty,1,40.863,40.563,40.363,37.863,25.0,45.0,60.0,,75.0,1.5,30.63,,,0,trial
2026-07-04T20:22:12,reactive_hot_humid_bursty_r1,reactive,hot_humid,bursty,1,40.86,40.56,40.36,37.86,25.0,45.0,60.0,,75.0,1.5,30.63,,,0,trial
2026-07-04T20:22:12,reactive_hot_humid_bursty_r1,reactive,hot_humid,bursty,1,40.857,40.557,40.357,37.857,25.0,45.0,60.0,,75.0,1.5,30.63,,,0,trial
2026-07-04T20:22:12,reactive_hot_humid_bursty_r1,reactive,hot_humid,bursty,1,40.855,40.555,40.355,37.855,25.0,45.0,60.0,,75.0,1.5,30.62,,,0,trial
2026-07-04T20:22:12,reactive_hot_humid_bursty_r1,reactive,hot_humid,bursty,1,40.852,40.552,40.352,37.852,25.0,45.0,60.0,,75.0,1.5,30.62,,,0,trial
2026-07-04T20:22:12,reactive_hot_humid_bursty_r1,reactive,hot_humid,bursty,1,40.849,40.549,40.349,37.849,25.0,45.0,60.0,,75.0,1.5,30.61,,,0,trial
2026-07-04T20:22:12,reactive_hot_humid_bursty_r1,reactive,hot_humid,bursty,1,40.847,40.547,40.347,37.847,25.0,45.0,60.0,,75.0,1.5,30.61,,,0,trial
2026-07-04T20:22:12,reactive_hot_humid_bursty_r1,reactive,hot_humid,bursty,1,40.844,40.544,40.344,37.844,25.0,45.0,60.0,,75.0,1.5,30.61,,,0,trial
2026-07-04T20:22:12,reactive_hot_humid_bursty_r1,reactive,hot_humid,bursty,1,40.842,40.542,40.342,37.842,25.0,45.0,60.0,,75.0,1.5,30.6,,,0,trial
2026-07-04T20:22:12,reactive_hot_humid_bursty_r1,reactive,hot_humid,bursty,1,40.839,40.539,40.339,37.839,25.0,45.0,60.0,,75.0,1.5,30.6,,,0,trial
2026-07-04T20:22:12,reactive_hot_humid_bursty_r1,reactive,hot_humid,bursty,1,40.836,40.536,40.336,37.836,25.0,45.0,60.0,,75.0,1.5,30.6,,,0,trial
2026-07-04T20:22:12,reactive_hot_humid_bursty_r1,reactive,hot_humid,bursty,1,40.834,40.534,40.334,37.834,25.0,45.0,60.0,,75.0,1.5,30.59,,,0,trial
2026-07-04T20:22:12,reactive_hot_humid_bursty_r1,reactive,hot_humid,bursty,1,40.831,40.531,40.331,37.831,25.0,45.0,60.0,,75.0,1.5,30.59,,,0,trial
2026-07-04T20:22:12,reactive_hot_humid_bursty_r1,reactive,hot_humid,bursty,1,40.828,40.528,40.328,37.828,25.0,45.0,60.0,,75.0,1.5,30.59,,,0,trial
2026-07-04T20:22:12,reactive_hot_humid_bursty_r1,reactive,hot_humid,bursty,1,40.823,40.523,40.323,37.823,25.0,45.0,60.0,,75.0,1.5,30.58,,,0,trial
2026-07-04T20:22:12,reactive_hot_humid_bursty_r1,reactive,hot_humid,bursty,1,40.82,40.52,40.32,37.82,25.0,45.0,60.0,,75.0,1.5,30.58,,,0,trial
2026-07-04T20:22:12,reactive_hot_humid_bursty_r1,reactive,hot_humid,bursty,1,40.818,40.518,40.318,37.818,25.0,45.0,60.0,,75.0,1.5,30.58,,,0,trial
2026-07-04T20:22:12,reactive_hot_humid_bursty_r1,reactive,hot_humid,bursty,1,40.815,40.515,40.315,37.815,25.0,45.0,60.0,,75.0,1.5,30.57,,,0,trial
2026-07-04T20:22:12,reactive_hot_humid_bursty_r1,reactive,hot_humid,bursty,1,40.813,40.513,40.313,37.813,25.0,45.0,60.0,,75.0,1.5,30.57,,,0,trial
2026-07-04T20:22:12,reactive_hot_humid_bursty_r1,reactive,hot_humid,bursty,1,40.81,40.51,40.31,37.81,25.0,45.0,60.0,,75.0,1.5,30.57,,,0,trial
2026-07-04T20:22:12,reactive_hot_humid_bursty_r1,reactive,hot_humid,bursty,1,40.807,40.507,40.307,37.807,25.0,45.0,60.0,,75.0,1.5,30.56,,,0,trial
2026-07-04T20:22:12,reactive_hot_humid_bursty_r1,reactive,hot_humid,bursty,1,40.805,40.505,40.305,37.805,25.0,45.0,60.0,,75.0,1.5,30.56,,,0,trial
2026-07-04T20:22:12,reactive_hot_humid_bursty_r1,reactive,hot_humid,bursty,1,40.802,40.502,40.302,37.802,25.0,45.0,60.0,,75.0,1.5,30.56,,,0,trial
2026-07-04T20:22:12,reactive_hot_humid_bursty_r1,reactive,hot_humid,bursty,1,40.8,40.5,40.3,37.8,25.0,45.0,60.0,,75.0,1.5,30.55,,,0,trial
2026-07-04T20:22:12,reactive_hot_humid_bursty_r1,reactive,hot_humid,bursty,1,40.797,40.497,40.297,37.797,25.0,45.0,60.0,,75.0,1.5,30.55,,,0,trial
2026-07-04T20:22:12,reactive_hot_humid_bursty_r1,reactive,hot_humid,bursty,1,40.794,40.494,40.294,37.794,25.0,45.0,60.0,,75.0,1.5,30.55,,,0,trial
2026-07-04T20:22:12,reactive_hot_humid_bursty_r1,reactive,hot_humid,bursty,1,40.792,40.492,40.292,37.792,25.0,45.0,60.0,,75.0,1.5,30.54,,,0,trial
2026-07-04T20:22:12,reactive_hot_humid_bursty_r1,reactive,hot_humid,bursty,1,40.789,40.489,40.289,37.789,25.0,45.0,60.0,,75.0,1.5,30.54,,,0,trial
2026-07-04T20:22:12,reactive_hot_humid_bursty_r1,reactive,hot_humid,bursty,1,40.787,40.487,40.287,37.787,25.0,45.0,60.0,,75.0,1.5,30.54,,,0,trial
2026-07-04T20:22:12,reactive_hot_humid_bursty_r1,reactive,hot_humid,bursty,1,40.784,40.484,40.284,37.784,25.0,45.0,60.0,,75.0,1.5,30.53,,,0,trial
2026-07-04T20:22:12,reactive_hot_humid_bursty_r1,reactive,hot_humid,bursty,1,40.781,40.481,40.281,37.781,25.0,45.0,60.0,,75.0,1.5,30.53,,,0,trial
2026-07-04T20:22:12,reactive_hot_humid_bursty_r1,reactive,hot_humid,bursty,1,40.779,40.479,40.279,37.779,25.0,45.0,60.0,,75.0,1.5,30.53,,,0,trial
2026-07-04T20:22:12,reactive_hot_humid_bursty_r1,reactive,hot_humid,bursty,1,40.776,40.476,40.276,37.776,25.0,45.0,60.0,,75.0,1.5,30.52,,,0,trial
2026-07-04T20:22:12,reactive_hot_humid_bursty_r1,reactive,hot_humid,bursty,1,40.774,40.474,40.274,37.774,25.0,45.0,60.0,,75.0,1.5,30.52,,,0,trial
2026-07-04T20:22:12,reactive_hot_humid_bursty_r1,reactive,hot_humid,bursty,1,40.771,40.471,40.271,37.771,25.0,45.0,60.0,,75.0,1.5,30.52,,,0,trial
2026-07-04T20:22:12,reactive_hot_humid_bursty_r1,reactive,hot_humid,bursty,1,40.768,40.468,40.268,37.768,25.0,45.0,60.0,,75.0,1.5,30.51,,,0,trial
2026-07-04T20:22:12,reactive_hot_humid_bursty_r1,reactive,hot_humid,bursty,1,40.766,40.466,40.266,37.766,25.0,45.0,60.0,,75.0,1.5,30.51,,,0,trial
2026-07-04T20:22:12,reactive_hot_humid_bursty_r1,reactive,hot_humid,bursty,1,40.763,40.463,40.263,37.763,25.0,45.0,60.0,,75.0,1.5,30.51,,,0,trial
2026-07-04T20:22:12,reactive_hot_humid_bursty_r1,reactive,hot_humid,bursty,1,40.761,40.461,40.261,37.761,25.0,45.0,60.0,,75.0,1.5,30.51,,,0,trial
2026-07-04T20:22:12,reactive_hot_humid_bursty_r1,reactive,hot_humid,bursty,1,40.758,40.458,40.258,37.758,25.0,45.0,60.0,,75.0,1.5,30.5,,,0,trial
2026-07-04T20:22:12,reactive_hot_humid_bursty_r1,reactive,hot_humid,bursty,1,40.755,40.455,40.255,37.755,25.0,45.0,60.0,,75.0,1.5,30.5,,,0,trial
2026-07-04T20:22:12,reactive_hot_humid_bursty_r1,reactive,hot_humid,bursty,1,40.753,40.453,40.253,37.753,25.0,45.0,60.0,,75.0,1.5,30.5,,,0,trial
2026-07-04T20:22:12,reactive_hot_humid_bursty_r1,reactive,hot_humid,bursty,1,40.75,40.45,40.25,37.75,25.0,45.0,60.0,,75.0,1.5,30.49,,,0,trial
2026-07-04T20:22:12,reactive_hot_humid_bursty_r1,reactive,hot_humid,bursty,1,40.748,40.448,40.248,37.748,25.0,45.0,60.0,,75.0,1.5,30.49,,,0,trial
2026-07-04T20:22:12,reactive_hot_humid_bursty_r1,reactive,hot_humid,bursty,1,40.743,40.443,40.243,37.743,25.0,45.0,60.0,,75.0,1.5,30.49,,,0,trial
2026-07-04T20:22:12,reactive_hot_humid_bursty_r1,reactive,hot_humid,bursty,1,40.74,40.44,40.24,37.74,25.0,45.0,60.0,,75.0,1.5,30.49,,,0,trial
2026-07-04T20:22:12,reactive_hot_humid_bursty_r1,reactive,hot_humid,bursty,1,40.737,40.437,40.237,37.737,25.0,45.0,60.0,,75.0,1.5,30.48,,,0,trial
2026-07-04T20:22:12,reactive_hot_humid_bursty_r1,reactive,hot_humid,bursty,1,40.735,40.435,40.235,37.735,25.0,45.0,60.0,,75.0,1.5,30.48,,,0,trial
2026-07-04T20:22:12,reactive_hot_humid_bursty_r1,reactive,hot_humid,bursty,1,40.732,40.432,40.232,37.732,25.0,45.0,60.0,,75.0,1.5,30.48,,,0,trial
2026-07-04T20:22:12,reactive_hot_humid_bursty_r1,reactive,hot_humid,bursty,1,40.73,40.43,40.23,37.73,25.0,45.0,60.0,,75.0,1.5,30.47,,,0,trial
2026-07-04T20:22:12,reactive_hot_humid_bursty_r1,reactive,hot_humid,bursty,1,40.727,40.427,40.227,37.727,25.0,45.0,60.0,,75.0,1.5,30.47,,,0,trial
2026-07-04T20:22:12,reactive_hot_humid_bursty_r1,reactive,hot_humid,bursty,1,40.725,40.425,40.225,37.725,25.0,45.0,60.0,,75.0,1.5,30.47,,,0,trial
2026-07-04T20:22:12,reactive_hot_humid_bursty_r1,reactive,hot_humid,bursty,1,40.722,40.422,40.222,37.722,25.0,45.0,60.0,,75.0,1.5,30.47,,,0,trial
2026-07-04T20:22:12,reactive_hot_humid_bursty_r1,reactive,hot_humid,bursty,1,40.72,40.42,40.22,37.72,25.0,45.0,60.0,,75.0,1.5,30.46,,,0,trial
2026-07-04T20:22:12,reactive_hot_humid_bursty_r1,reactive,hot_humid,bursty,1,40.717,40.417,40.217,37.717,25.0,45.0,60.0,,75.0,1.5,30.46,,,0,trial
2026-07-04T20:22:12,reactive_hot_humid_bursty_r1,reactive,hot_humid,bursty,1,40.714,40.414,40.214,37.714,25.0,45.0,60.0,,75.0,1.5,30.46,,,0,trial
2026-07-04T20:22:12,reactive_hot_humid_bursty_r1,reactive,hot_humid,bursty,1,40.712,40.412,40.212,37.712,25.0,45.0,60.0,,75.0,1.5,30.45,,,0,trial
2026-07-04T20:22:12,reactive_hot_humid_bursty_r1,reactive,hot_humid,bursty,1,40.709,40.409,40.209,37.709,25.0,45.0,60.0,,75.0,1.5,30.45,,,0,trial
2026-07-04T20:22:12,reactive_hot_humid_bursty_r1,reactive,hot_humid,bursty,1,40.707,40.407,40.207,37.707,25.0,45.0,60.0,,75.0,1.5,30.45,,,0,trial
2026-07-04T20:22:12,reactive_hot_humid_bursty_r1,reactive,hot_humid,bursty,1,40.704,40.404,40.204,37.704,25.0,45.0,60.0,,75.0,1.5,30.45,,,0,trial
2026-07-04T20:22:12,reactive_hot_humid_bursty_r1,reactive,hot_humid,bursty,1,40.702,40.402,40.202,37.702,25.0,45.0,60.0,,75.0,1.5,30.44,,,0,trial
2026-07-04T20:22:12,reactive_hot_humid_bursty_r1,reactive,hot_humid,bursty,1,40.699,40.399,40.199,37.699,25.0,45.0,60.0,,75.0,1.5,30.44,,,0,trial
2026-07-04T20:22:12,reactive_hot_humid_bursty_r1,reactive,hot_humid,bursty,1,40.697,40.397,40.197,37.697,25.0,45.0,60.0,,75.0,1.5,30.44,,,0,trial
2026-07-04T20:22:12,reactive_hot_humid_bursty_r1,reactive,hot_humid,bursty,1,40.694,40.394,40.194,37.694,25.0,45.0,60.0,,75.0,1.5,30.44,,,0,trial
2026-07-04T20:22:12,reactive_hot_humid_bursty_r1,reactive,hot_humid,bursty,1,40.692,40.392,40.192,37.692,25.0,45.0,60.0,,75.0,1.5,30.43,,,0,trial
2026-07-04T20:22:12,reactive_hot_humid_bursty_r1,reactive,hot_humid,bursty,1,40.689,40.389,40.189,37.689,25.0,45.0,60.0,,75.0,1.5,30.43,,,0,trial
2026-07-04T20:22:12,reactive_hot_humid_bursty_r1,reactive,hot_humid,bursty,1,40.686,40.386,40.186,37.686,25.0,45.0,60.0,,75.0,1.5,30.43,,,0,trial
2026-07-04T20:22:12,reactive_hot_humid_bursty_r1,reactive,hot_humid,bursty,1,40.684,40.384,40.184,37.684,25.0,45.0,60.0,,75.0,1.5,30.43,,,0,trial
2026-07-04T20:22:12,reactive_hot_humid_bursty_r1,reactive,hot_humid,bursty,1,40.681,40.381,40.181,37.681,25.0,45.0,60.0,,75.0,1.5,30.42,,,0,trial
2026-07-04T20:22:12,reactive_hot_humid_bursty_r1,reactive,hot_humid,bursty,1,40.679,40.379,40.179,37.679,25.0,45.0,60.0,,75.0,1.5,30.42,,,0,trial
2026-07-04T20:22:12,reactive_hot_humid_bursty_r1,reactive,hot_humid,bursty,1,40.676,40.376,40.176,37.676,25.0,45.0,60.0,,75.0,1.5,30.42,,,0,trial
2026-07-04T20:22:12,reactive_hot_humid_bursty_r1,reactive,hot_humid,bursty,1,40.674,40.374,40.174,37.674,25.0,45.0,60.0,,75.0,1.5,30.42,,,0,trial
2026-07-04T20:22:12,reactive_hot_humid_bursty_r1,reactive,hot_humid,bursty,1,40.671,40.371,40.171,37.671,25.0,45.0,60.0,,75.0,1.5,30.41,,,0,trial
2026-07-04T20:22:12,reactive_hot_humid_bursty_r1,reactive,hot_humid,bursty,1,40.669,40.369,40.169,37.669,25.0,45.0,60.0,,75.0,1.5,30.41,,,0,trial
2026-07-04T20:22:12,reactive_hot_humid_bursty_r1,reactive,hot_humid,bursty,1,40.656,40.356,40.156,37.656,25.0,45.0,0.0,,100.0,2.0,,,,0,cooldown
2026-07-04T20:22:12,reactive_hot_humid_bursty_r1,reactive,hot_humid,bursty,1,40.644,40.344,40.144,37.644,25.0,45.0,0.0,,100.0,2.0,,,,0,cooldown
2026-07-04T20:22:12,reactive_hot_humid_bursty_r1,reactive,hot_humid,bursty,1,40.632,40.332,40.132,37.632,25.0,45.0,0.0,,100.0,2.0,,,,0,cooldown
2026-07-04T20:22:12,reactive_hot_humid_bursty_r1,reactive,hot_humid,bursty,1,40.619,40.319,40.119,37.619,25.0,45.0,0.0,,100.0,2.0,,,,0,cooldown
2026-07-04T20:22:12,reactive_hot_humid_bursty_r1,reactive,hot_humid,bursty,1,40.607,40.307,40.107,37.607,25.0,45.0,0.0,,100.0,2.0,,,,0,cooldown
2026-07-04T20:22:12,reactive_hot_humid_bursty_r1,reactive,hot_humid,bursty,1,40.595,40.295,40.095,37.595,25.0,45.0,0.0,,100.0,2.0,,,,0,cooldown
2026-07-04T20:22:12,reactive_hot_humid_bursty_r1,reactive,hot_humid,bursty,1,40.582,40.282,40.082,37.582,25.0,45.0,0.0,,100.0,2.0,,,,0,cooldown
2026-07-04T20:22:12,reactive_hot_humid_bursty_r1,reactive,hot_humid,bursty,1,40.57,40.27,40.07,37.57,25.0,45.0,0.0,,100.0,2.0,,,,0,cooldown
2026-07-04T20:22:12,reactive_hot_humid_bursty_r1,reactive,hot_humid,bursty,1,40.558,40.258,40.058,37.558,25.0,45.0,0.0,,100.0,2.0,,,,0,cooldown
2026-07-04T20:22:12,reactive_hot_humid_bursty_r1,reactive,hot_humid,bursty,1,40.546,40.246,40.046,37.546,25.0,45.0,0.0,,100.0,2.0,,,,0,cooldown
2026-07-04T20:22:12,reactive_hot_humid_bursty_r1,reactive,hot_humid,bursty,1,40.533,40.233,40.033,37.533,25.0,45.0,0.0,,100.0,2.0,,,,0,cooldown
2026-07-04T20:22:12,reactive_hot_humid_bursty_r1,reactive,hot_humid,bursty,1,40.521,40.221,40.021,37.521,25.0,45.0,0.0,,100.0,2.0,,,,0,cooldown
2026-07-04T20:22:12,reactive_hot_humid_bursty_r1,reactive,hot_humid,bursty,1,40.509,40.209,40.009,37.509,25.0,45.0,0.0,,100.0,2.0,,,,0,cooldown
2026-07-04T20:22:12,reactive_hot_humid_bursty_r1,reactive,hot_humid,bursty,1,40.497,40.197,39.997,37.497,25.0,45.0,0.0,,100.0,2.0,,,,0,cooldown
2026-07-04T20:22:12,reactive_hot_humid_bursty_r1,reactive,hot_humid,bursty,1,40.484,40.184,39.984,37.484,25.0,45.0,0.0,,100.0,2.0,,,,0,cooldown
2026-07-04T20:22:12,reactive_hot_humid_bursty_r1,reactive,hot_humid,bursty,1,40.472,40.172,39.972,37.472,25.0,45.0,0.0,,100.0,2.0,,,,0,cooldown
2026-07-04T20:22:12,reactive_hot_humid_bursty_r1,reactive,hot_humid,bursty,1,40.46,40.16,39.96,37.46,25.0,45.0,0.0,,100.0,2.0,,,,0,cooldown
2026-07-04T20:22:12,reactive_hot_humid_bursty_r1,reactive,hot_humid,bursty,1,40.448,40.148,39.948,37.448,25.0,45.0,0.0,,100.0,2.0,,,,0,cooldown
2026-07-04T20:22:12,reactive_hot_humid_bursty_r1,reactive,hot_humid,bursty,1,40.435,40.135,39.935,37.435,25.0,45.0,0.0,,100.0,2.0,,,,0,cooldown
2026-07-04T20:22:12,reactive_hot_humid_bursty_r1,reactive,hot_humid,bursty,1,40.423,40.123,39.923,37.423,25.0,45.0,0.0,,100.0,2.0,,,,0,cooldown
2026-07-04T20:22:12,reactive_hot_humid_bursty_r1,reactive,hot_humid,bursty,1,40.411,40.111,39.911,37.411,25.0,45.0,0.0,,100.0,2.0,,,,0,cooldown
2026-07-04T20:22:12,reactive_hot_humid_bursty_r1,reactive,hot_humid,bursty,1,40.399,40.099,39.899,37.399,25.0,45.0,0.0,,100.0,2.0,,,,0,cooldown
2026-07-04T20:22:12,reactive_hot_humid_bursty_r1,reactive,hot_humid,bursty,1,40.387,40.087,39.887,37.387,25.0,45.0,0.0,,100.0,2.0,,,,0,cooldown
2026-07-04T20:22:12,reactive_hot_humid_bursty_r1,reactive,hot_humid,bursty,1,40.375,40.075,39.875,37.375,25.0,45.0,0.0,,100.0,2.0,,,,0,cooldown
2026-07-04T20:22:12,reactive_hot_humid_bursty_r1,reactive,hot_humid,bursty,1,40.362,40.062,39.862,37.362,25.0,45.0,0.0,,100.0,2.0,,,,0,cooldown
2026-07-04T20:22:12,reactive_hot_humid_bursty_r1,reactive,hot_humid,bursty,1,40.35,40.05,39.85,37.35,25.0,45.0,0.0,,100.0,2.0,,,,0,cooldown
2026-07-04T20:22:12,reactive_hot_humid_bursty_r1,reactive,hot_humid,bursty,1,40.338,40.038,39.838,37.338,25.0,45.0,0.0,,100.0,2.0,,,,0,cooldown
2026-07-04T20:22:12,reactive_hot_humid_bursty_r1,reactive,hot_humid,bursty,1,40.326,40.026,39.826,37.326,25.0,45.0,0.0,,100.0,2.0,,,,0,cooldown
2026-07-04T20:22:12,reactive_hot_humid_bursty_r1,reactive,hot_humid,bursty,1,40.314,40.014,39.814,37.314,25.0,45.0,0.0,,100.0,2.0,,,,0,cooldown
2026-07-04T20:22:12,reactive_hot_humid_bursty_r1,reactive,hot_humid,bursty,1,40.302,40.002,39.802,37.302,25.0,45.0,0.0,,100.0,2.0,,,,0,cooldown
2026-07-04T20:22:12,reactive_hot_humid_bursty_r1,reactive,hot_humid,bursty,1,40.29,39.99,39.79,37.29,25.0,45.0,0.0,,100.0,2.0,,,,0,cooldown
2026-07-04T20:22:12,reactive_hot_humid_bursty_r1,reactive,hot_humid,bursty,1,40.278,39.978,39.778,37.278,25.0,45.0,0.0,,100.0,2.0,,,,0,cooldown
2026-07-04T20:22:12,reactive_hot_humid_bursty_r1,reactive,hot_humid,bursty,1,40.266,39.966,39.766,37.266,25.0,45.0,0.0,,100.0,2.0,,,,0,cooldown
2026-07-04T20:22:12,reactive_hot_humid_bursty_r1,reactive,hot_humid,bursty,1,40.254,39.954,39.754,37.254,25.0,45.0,0.0,,100.0,2.0,,,,0,cooldown
2026-07-04T20:22:12,reactive_hot_humid_bursty_r1,reactive,hot_humid,bursty,1,40.242,39.942,39.742,37.242,25.0,45.0,0.0,,100.0,2.0,,,,0,cooldown
2026-07-04T20:22:12,reactive_hot_humid_bursty_r1,reactive,hot_humid,bursty,1,40.23,39.93,39.73,37.23,25.0,45.0,0.0,,100.0,2.0,,,,0,cooldown
2026-07-04T20:22:12,reactive_hot_humid_bursty_r1,reactive,hot_humid,bursty,1,40.218,39.918,39.718,37.218,25.0,45.0,0.0,,100.0,2.0,,,,0,cooldown
2026-07-04T20:22:12,reactive_hot_humid_bursty_r1,reactive,hot_humid,bursty,1,40.206,39.906,39.706,37.206,25.0,45.0,0.0,,100.0,2.0,,,,0,cooldown
2026-07-04T20:22:12,reactive_hot_humid_bursty_r1,reactive,hot_humid,bursty,1,40.194,39.894,39.694,37.194,25.0,45.0,0.0,,100.0,2.0,,,,0,cooldown
2026-07-04T20:22:12,reactive_hot_humid_bursty_r1,reactive,hot_humid,bursty,1,40.182,39.882,39.682,37.182,25.0,45.0,0.0,,100.0,2.0,,,,0,cooldown
2026-07-04T20:22:12,reactive_hot_humid_bursty_r1,reactive,hot_humid,bursty,1,40.17,39.87,39.67,37.17,25.0,45.0,0.0,,100.0,2.0,,,,0,cooldown
2026-07-04T20:22:12,reactive_hot_humid_bursty_r1,reactive,hot_humid,bursty,1,40.158,39.858,39.658,37.158,25.0,45.0,0.0,,100.0,2.0,,,,0,cooldown
2026-07-04T20:22:12,reactive_hot_humid_bursty_r1,reactive,hot_humid,bursty,1,40.146,39.846,39.646,37.146,25.0,45.0,0.0,,100.0,2.0,,,,0,cooldown
2026-07-04T20:22:12,reactive_hot_humid_bursty_r1,reactive,hot_humid,bursty,1,40.134,39.834,39.634,37.134,25.0,45.0,0.0,,100.0,2.0,,,,0,cooldown
2026-07-04T20:22:12,reactive_hot_humid_bursty_r1,reactive,hot_humid,bursty,1,40.122,39.822,39.622,37.122,25.0,45.0,0.0,,100.0,2.0,,,,0,cooldown
2026-07-04T20:22:12,reactive_hot_humid_bursty_r1,reactive,hot_humid,bursty,1,40.11,39.81,39.61,37.11,25.0,45.0,0.0,,100.0,2.0,,,,0,cooldown
2026-07-04T20:22:12,reactive_hot_humid_bursty_r1,reactive,hot_humid,bursty,1,40.098,39.798,39.598,37.098,25.0,45.0,0.0,,100.0,2.0,,,,0,cooldown
2026-07-04T20:22:12,reactive_hot_humid_bursty_r1,reactive,hot_humid,bursty,1,40.086,39.786,39.586,37.086,25.0,45.0,0.0,,100.0,2.0,,,,0,cooldown
2026-07-04T20:22:12,reactive_hot_humid_bursty_r1,reactive,hot_humid,bursty,1,40.074,39.774,39.574,37.074,25.0,45.0,0.0,,100.0,2.0,,,,0,cooldown
2026-07-04T20:22:12,reactive_hot_humid_bursty_r1,reactive,hot_humid,bursty,1,40.062,39.762,39.562,37.062,25.0,45.0,0.0,,100.0,2.0,,,,0,cooldown
2026-07-04T20:22:12,reactive_hot_humid_bursty_r1,reactive,hot_humid,bursty,1,40.05,39.75,39.55,37.05,25.0,45.0,0.0,,100.0,2.0,,,,0,cooldown
2026-07-04T20:22:12,reactive_hot_humid_bursty_r1,reactive,hot_humid,bursty,1,40.038,39.738,39.538,37.038,25.0,45.0,0.0,,100.0,2.0,,,,0,cooldown
2026-07-04T20:22:12,reactive_hot_humid_bursty_r1,reactive,hot_humid,bursty,1,40.026,39.726,39.526,37.026,25.0,45.0,0.0,,100.0,2.0,,,,0,cooldown
2026-07-04T20:22:12,reactive_hot_humid_bursty_r1,reactive,hot_humid,bursty,1,40.015,39.715,39.515,37.015,25.0,45.0,0.0,,100.0,2.0,,,,0,cooldown
2026-07-04T20:22:12,reactive_hot_humid_bursty_r1,reactive,hot_humid,bursty,1,40.003,39.703,39.503,37.003,25.0,45.0,0.0,,100.0,2.0,,,,0,cooldown
2026-07-04T20:22:12,reactive_hot_humid_bursty_r1,reactive,hot_humid,bursty,1,39.991,39.691,39.491,36.991,25.0,45.0,0.0,,100.0,2.0,,,,0,cooldown
2026-07-04T20:22:12,reactive_hot_humid_bursty_r1,reactive,hot_humid,bursty,1,39.979,39.679,39.479,36.979,25.0,45.0,0.0,,100.0,2.0,,,,0,cooldown
2026-07-04T20:22:12,reactive_hot_humid_bursty_r1,reactive,hot_humid,bursty,1,39.967,39.667,39.467,36.967,25.0,45.0,0.0,,100.0,2.0,,,,0,cooldown
2026-07-04T20:22:12,reactive_hot_humid_bursty_r1,reactive,hot_humid,bursty,1,39.955,39.655,39.455,36.955,25.0,45.0,0.0,,100.0,2.0,,,,0,cooldown
2026-07-04T20:22:12,reactive_hot_humid_bursty_r1,reactive,hot_humid,bursty,1,39.944,39.644,39.444,36.944,25.0,45.0,0.0,,100.0,2.0,,,,0,cooldown
2026-07-04T20:22:12,reactive_hot_humid_bursty_r1,reactive,hot_humid,bursty,1,39.932,39.632,39.432,36.932,25.0,45.0,0.0,,100.0,2.0,,,,0,cooldown
2026-07-04T20:22:12,reactive_hot_humid_bursty_r1,reactive,hot_humid,bursty,1,39.92,39.62,39.42,36.92,25.0,45.0,0.0,,100.0,2.0,,,,0,cooldown
2026-07-04T20:22:12,reactive_hot_humid_bursty_r1,reactive,hot_humid,bursty,1,39.908,39.608,39.408,36.908,25.0,45.0,0.0,,100.0,2.0,,,,0,cooldown
2026-07-04T20:22:12,reactive_hot_humid_bursty_r1,reactive,hot_humid,bursty,1,39.896,39.596,39.396,36.896,25.0,45.0,0.0,,100.0,2.0,,,,0,cooldown
2026-07-04T20:22:12,reactive_hot_humid_bursty_r1,reactive,hot_humid,bursty,1,39.885,39.585,39.385,36.885,25.0,45.0,0.0,,100.0,2.0,,,,0,cooldown
2026-07-04T20:22:12,reactive_hot_humid_bursty_r1,reactive,hot_humid,bursty,1,39.873,39.573,39.373,36.873,25.0,45.0,0.0,,100.0,2.0,,,,0,cooldown
2026-07-04T20:22:12,reactive_hot_humid_bursty_r1,reactive,hot_humid,bursty,1,39.861,39.561,39.361,36.861,25.0,45.0,0.0,,100.0,2.0,,,,0,cooldown
2026-07-04T20:22:12,reactive_hot_humid_bursty_r1,reactive,hot_humid,bursty,1,39.849,39.549,39.349,36.849,25.0,45.0,0.0,,100.0,2.0,,,,0,cooldown
2026-07-04T20:22:12,reactive_hot_humid_bursty_r1,reactive,hot_humid,bursty,1,39.838,39.538,39.338,36.838,25.0,45.0,0.0,,100.0,2.0,,,,0,cooldown
2026-07-04T20:22:12,reactive_hot_humid_bursty_r1,reactive,hot_humid,bursty,1,39.826,39.526,39.326,36.826,25.0,45.0,0.0,,100.0,2.0,,,,0,cooldown
2026-07-04T20:22:12,reactive_hot_humid_bursty_r1,reactive,hot_humid,bursty,1,39.814,39.514,39.314,36.814,25.0,45.0,0.0,,100.0,2.0,,,,0,cooldown
2026-07-04T20:22:12,reactive_hot_humid_bursty_r1,reactive,hot_humid,bursty,1,39.803,39.503,39.303,36.803,25.0,45.0,0.0,,100.0,2.0,,,,0,cooldown
2026-07-04T20:22:12,reactive_hot_humid_bursty_r1,reactive,hot_humid,bursty,1,39.791,39.491,39.291,36.791,25.0,45.0,0.0,,100.0,2.0,,,,0,cooldown
2026-07-04T20:22:12,reactive_hot_humid_bursty_r1,reactive,hot_humid,bursty,1,39.779,39.479,39.279,36.779,25.0,45.0,0.0,,100.0,2.0,,,,0,cooldown
2026-07-04T20:22:12,reactive_hot_humid_bursty_r1,reactive,hot_humid,bursty,1,39.768,39.468,39.268,36.768,25.0,45.0,0.0,,100.0,2.0,,,,0,cooldown
2026-07-04T20:22:12,reactive_hot_humid_bursty_r1,reactive,hot_humid,bursty,1,39.756,39.456,39.256,36.756,25.0,45.0,0.0,,100.0,2.0,,,,0,cooldown
2026-07-04T20:22:12,reactive_hot_humid_bursty_r1,reactive,hot_humid,bursty,1,39.744,39.444,39.244,36.744,25.0,45.0,0.0,,100.0,2.0,,,,0,cooldown
2026-07-04T20:22:12,reactive_hot_humid_bursty_r1,reactive,hot_humid,bursty,1,39.733,39.433,39.233,36.733,25.0,45.0,0.0,,100.0,2.0,,,,0,cooldown
2026-07-04T20:22:12,reactive_hot_humid_bursty_r1,reactive,hot_humid,bursty,1,39.721,39.421,39.221,36.721,25.0,45.0,0.0,,100.0,2.0,,,,0,cooldown
2026-07-04T20:22:12,reactive_hot_humid_bursty_r1,reactive,hot_humid,bursty,1,39.709,39.409,39.209,36.709,25.0,45.0,0.0,,100.0,2.0,,,,0,cooldown
2026-07-04T20:22:12,reactive_hot_humid_bursty_r1,reactive,hot_humid,bursty,1,39.698,39.398,39.198,36.698,25.0,45.0,0.0,,100.0,2.0,,,,0,cooldown
2026-07-04T20:22:12,reactive_hot_humid_bursty_r1,reactive,hot_humid,bursty,1,39.686,39.386,39.186,36.686,25.0,45.0,0.0,,100.0,2.0,,,,0,cooldown
2026-07-04T20:22:12,reactive_hot_humid_bursty_r1,reactive,hot_humid,bursty,1,39.675,39.375,39.175,36.675,25.0,45.0,0.0,,100.0,2.0,,,,0,cooldown
2026-07-04T20:22:12,reactive_hot_humid_bursty_r1,reactive,hot_humid,bursty,1,39.663,39.363,39.163,36.663,25.0,45.0,0.0,,100.0,2.0,,,,0,cooldown
2026-07-04T20:22:12,reactive_hot_humid_bursty_r1,reactive,hot_humid,bursty,1,39.651,39.351,39.151,36.651,25.0,45.0,0.0,,100.0,2.0,,,,0,cooldown
2026-07-04T20:22:12,reactive_hot_humid_bursty_r1,reactive,hot_humid,bursty,1,39.64,39.34,39.14,36.64,25.0,45.0,0.0,,100.0,2.0,,,,0,cooldown
2026-07-04T20:22:12,reactive_hot_humid_bursty_r1,reactive,hot_humid,bursty,1,39.628,39.328,39.128,36.628,25.0,45.0,0.0,,100.0,2.0,,,,0,cooldown
2026-07-04T20:22:12,reactive_hot_humid_bursty_r1,reactive,hot_humid,bursty,1,39.617,39.317,39.117,36.617,25.0,45.0,0.0,,100.0,2.0,,,,0,cooldown
2026-07-04T20:22:12,reactive_hot_humid_bursty_r1,reactive,hot_humid,bursty,1,39.605,39.305,39.105,36.605,25.0,45.0,0.0,,100.0,2.0,,,,0,cooldown
2026-07-04T20:22:12,reactive_hot_humid_bursty_r1,reactive,hot_humid,bursty,1,39.594,39.294,39.094,36.594,25.0,45.0,0.0,,100.0,2.0,,,,0,cooldown
2026-07-04T20:22:12,reactive_hot_humid_bursty_r1,reactive,hot_humid,bursty,1,39.582,39.282,39.082,36.582,25.0,45.0,0.0,,100.0,2.0,,,,0,cooldown
2026-07-04T20:22:12,reactive_hot_humid_bursty_r1,reactive,hot_humid,bursty,1,39.571,39.271,39.071,36.571,25.0,45.0,0.0,,100.0,2.0,,,,0,cooldown
2026-07-04T20:22:12,reactive_hot_humid_bursty_r1,reactive,hot_humid,bursty,1,39.559,39.259,39.059,36.559,25.0,45.0,0.0,,100.0,2.0,,,,0,cooldown
2026-07-04T20:22:12,reactive_hot_humid_bursty_r1,reactive,hot_humid,bursty,1,39.548,39.248,39.048,36.548,25.0,45.0,0.0,,100.0,2.0,,,,0,cooldown
2026-07-04T20:22:12,reactive_hot_humid_bursty_r1,reactive,hot_humid,bursty,1,39.536,39.236,39.036,36.536,25.0,45.0,0.0,,100.0,2.0,,,,0,cooldown
2026-07-04T20:22:12,reactive_hot_humid_bursty_r1,reactive,hot_humid,bursty,1,39.525,39.225,39.025,36.525,25.0,45.0,0.0,,100.0,2.0,,,,0,cooldown
2026-07-04T20:22:12,reactive_hot_humid_bursty_r1,reactive,hot_humid,bursty,1,39.513,39.213,39.013,36.513,25.0,45.0,0.0,,100.0,2.0,,,,0,cooldown
2026-07-04T20:22:12,reactive_hot_humid_bursty_r1,reactive,hot_humid,bursty,1,39.502,39.202,39.002,36.502,25.0,45.0,0.0,,100.0,2.0,,,,0,cooldown
2026-07-04T20:22:12,reactive_hot_humid_bursty_r1,reactive,hot_humid,bursty,1,39.49,39.19,38.99,36.49,25.0,45.0,0.0,,100.0,2.0,,,,0,cooldown
2026-07-04T20:22:12,reactive_hot_humid_bursty_r1,reactive,hot_humid,bursty,1,39.479,39.179,38.979,36.479,25.0,45.0,0.0,,100.0,2.0,,,,0,cooldown
2026-07-04T20:22:12,reactive_hot_humid_bursty_r1,reactive,hot_humid,bursty,1,39.467,39.167,38.967,36.467,25.0,45.0,0.0,,100.0,2.0,,,,0,cooldown
2026-07-04T20:22:12,reactive_hot_humid_bursty_r1,reactive,hot_humid,bursty,1,39.456,39.156,38.956,36.456,25.0,45.0,0.0,,100.0,2.0,,,,0,cooldown
2026-07-04T20:22:12,reactive_hot_humid_bursty_r1,reactive,hot_humid,bursty,1,39.445,39.145,38.945,36.445,25.0,45.0,0.0,,100.0,2.0,,,,0,cooldown
2026-07-04T20:22:12,reactive_hot_humid_bursty_r1,reactive,hot_humid,bursty,1,39.433,39.133,38.933,36.433,25.0,45.0,0.0,,100.0,2.0,,,,0,cooldown
2026-07-04T20:22:12,reactive_hot_humid_bursty_r1,reactive,hot_humid,bursty,1,39.422,39.122,38.922,36.422,25.0,45.0,0.0,,100.0,2.0,,,,0,cooldown
2026-07-04T20:22:12,reactive_hot_humid_bursty_r1,reactive,hot_humid,bursty,1,39.41,39.11,38.91,36.41,25.0,45.0,0.0,,100.0,2.0,,,,0,cooldown
2026-07-04T20:22:12,reactive_hot_humid_bursty_r1,reactive,hot_humid,bursty,1,39.399,39.099,38.899,36.399,25.0,45.0,0.0,,100.0,2.0,,,,0,cooldown
2026-07-04T20:22:12,reactive_hot_humid_bursty_r1,reactive,hot_humid,bursty,1,39.388,39.088,38.888,36.388,25.0,45.0,0.0,,100.0,2.0,,,,0,cooldown
2026-07-04T20:22:12,reactive_hot_humid_bursty_r1,reactive,hot_humid,bursty,1,39.376,39.076,38.876,36.376,25.0,45.0,0.0,,100.0,2.0,,,,0,cooldown
2026-07-04T20:22:12,reactive_hot_humid_bursty_r1,reactive,hot_humid,bursty,1,39.365,39.065,38.865,36.365,25.0,45.0,0.0,,100.0,2.0,,,,0,cooldown
2026-07-04T20:22:12,reactive_hot_humid_bursty_r1,reactive,hot_humid,bursty,1,39.354,39.054,38.854,36.354,25.0,45.0,0.0,,100.0,2.0,,,,0,cooldown
2026-07-04T20:22:12,reactive_hot_humid_bursty_r1,reactive,hot_humid,bursty,1,39.342,39.042,38.842,36.342,25.0,45.0,0.0,,100.0,2.0,,,,0,cooldown
2026-07-04T20:22:12,reactive_hot_humid_bursty_r1,reactive,hot_humid,bursty,1,39.331,39.031,38.831,36.331,25.0,45.0,0.0,,100.0,2.0,,,,0,cooldown
2026-07-04T20:22:12,reactive_hot_humid_bursty_r1,reactive,hot_humid,bursty,1,39.32,39.02,38.82,36.32,25.0,45.0,0.0,,100.0,2.0,,,,0,cooldown
2026-07-04T20:22:12,reactive_hot_humid_bursty_r1,reactive,hot_humid,bursty,1,39.308,39.008,38.808,36.308,25.0,45.0,0.0,,100.0,2.0,,,,0,cooldown
2026-07-04T20:22:12,reactive_hot_humid_bursty_r1,reactive,hot_humid,bursty,1,39.297,38.997,38.797,36.297,25.0,45.0,0.0,,100.0,2.0,,,,0,cooldown
2026-07-04T20:22:12,reactive_hot_humid_bursty_r1,reactive,hot_humid,bursty,1,39.286,38.986,38.786,36.286,25.0,45.0,0.0,,100.0,2.0,,,,0,cooldown
2026-07-04T20:22:12,reactive_hot_humid_bursty_r1,reactive,hot_humid,bursty,1,39.275,38.975,38.775,36.275,25.0,45.0,0.0,,100.0,2.0,,,,0,cooldown
2026-07-04T20:22:12,reactive_hot_humid_bursty_r1,reactive,hot_humid,bursty,1,39.263,38.963,38.763,36.263,25.0,45.0,0.0,,100.0,2.0,,,,0,cooldown
2026-07-04T20:22:12,reactive_hot_humid_bursty_r1,reactive,hot_humid,bursty,1,39.252,38.952,38.752,36.252,25.0,45.0,0.0,,100.0,2.0,,,,0,cooldown
2026-07-04T20:22:12,reactive_hot_humid_bursty_r1,reactive,hot_humid,bursty,1,39.241,38.941,38.741,36.241,25.0,45.0,0.0,,100.0,2.0,,,,0,cooldown
2026-07-04T20:22:12,reactive_hot_humid_bursty_r1,reactive,hot_humid,bursty,1,39.23,38.93,38.73,36.23,25.0,45.0,0.0,,100.0,2.0,,,,0,cooldown
2026-07-04T20:22:12,reactive_hot_humid_bursty_r1,reactive,hot_humid,bursty,1,39.218,38.918,38.718,36.218,25.0,45.0,0.0,,100.0,2.0,,,,0,cooldown
2026-07-04T20:22:12,reactive_hot_humid_bursty_r1,reactive,hot_humid,bursty,1,39.207,38.907,38.707,36.207,25.0,45.0,0.0,,100.0,2.0,,,,0,cooldown
2026-07-04T20:22:12,reactive_hot_humid_bursty_r1,reactive,hot_humid,bursty,1,39.196,38.896,38.696,36.196,25.0,45.0,0.0,,100.0,2.0,,,,0,cooldown
2026-07-04T20:22:12,reactive_hot_humid_bursty_r1,reactive,hot_humid,bursty,1,39.185,38.885,38.685,36.185,25.0,45.0,0.0,,100.0,2.0,,,,0,cooldown
2026-07-04T20:22:12,reactive_hot_humid_bursty_r1,reactive,hot_humid,bursty,1,39.173,38.873,38.673,36.173,25.0,45.0,0.0,,100.0,2.0,,,,0,cooldown
2026-07-04T20:22:12,reactive_hot_humid_bursty_r1,reactive,hot_humid,bursty,1,39.162,38.862,38.662,36.162,25.0,45.0,0.0,,100.0,2.0,,,,0,cooldown
2026-07-04T20:22:12,reactive_hot_humid_bursty_r1,reactive,hot_humid,bursty,1,39.151,38.851,38.651,36.151,25.0,45.0,0.0,,100.0,2.0,,,,0,cooldown
2026-07-04T20:22:12,reactive_hot_humid_bursty_r1,reactive,hot_humid,bursty,1,39.14,38.84,38.64,36.14,25.0,45.0,0.0,,100.0,2.0,,,,0,cooldown
2026-07-04T20:22:12,reactive_hot_humid_bursty_r1,reactive,hot_humid,bursty,1,39.129,38.829,38.629,36.129,25.0,45.0,0.0,,100.0,2.0,,,,0,cooldown
2026-07-04T20:22:12,reactive_hot_humid_bursty_r1,reactive,hot_humid,bursty,1,39.118,38.818,38.618,36.118,25.0,45.0,0.0,,100.0,2.0,,,,0,cooldown
2026-07-04T20:22:12,reactive_hot_humid_bursty_r1,reactive,hot_humid,bursty,1,39.106,38.806,38.606,36.106,25.0,45.0,0.0,,100.0,2.0,,,,0,cooldown
2026-07-04T20:22:12,reactive_hot_humid_bursty_r1,reactive,hot_humid,bursty,1,39.095,38.795,38.595,36.095,25.0,45.0,0.0,,100.0,2.0,,,,0,cooldown
2026-07-04T20:22:12,reactive_hot_humid_bursty_r1,reactive,hot_humid,bursty,1,39.084,38.784,38.584,36.084,25.0,45.0,0.0,,100.0,2.0,,,,0,cooldown
2026-07-04T20:22:12,reactive_hot_humid_bursty_r1,reactive,hot_humid,bursty,1,39.073,38.773,38.573,36.073,25.0,45.0,0.0,,100.0,2.0,,,,0,cooldown
2026-07-04T20:22:12,reactive_hot_humid_bursty_r1,reactive,hot_humid,bursty,1,39.062,38.762,38.562,36.062,25.0,45.0,0.0,,100.0,2.0,,,,0,cooldown
2026-07-04T20:22:12,reactive_hot_humid_bursty_r1,reactive,hot_humid,bursty,1,39.051,38.751,38.551,36.051,25.0,45.0,0.0,,100.0,2.0,,,,0,cooldown
2026-07-04T20:22:12,reactive_hot_humid_bursty_r1,reactive,hot_humid,bursty,1,39.04,38.74,38.54,36.04,25.0,45.0,0.0,,100.0,2.0,,,,0,cooldown
2026-07-04T20:22:12,reactive_hot_humid_bursty_r1,reactive,hot_humid,bursty,1,39.029,38.729,38.529,36.029,25.0,45.0,0.0,,100.0,2.0,,,,0,cooldown
2026-07-04T20:22:12,reactive_hot_humid_bursty_r1,reactive,hot_humid,bursty,1,39.018,38.718,38.518,36.018,25.0,45.0,0.0,,100.0,2.0,,,,0,cooldown
2026-07-04T20:22:12,reactive_hot_humid_bursty_r1,reactive,hot_humid,bursty,1,39.007,38.707,38.507,36.007,25.0,45.0,0.0,,100.0,2.0,,,,0,cooldown
2026-07-04T20:22:12,reactive_hot_humid_bursty_r1,reactive,hot_humid,bursty,1,38.995,38.695,38.495,35.995,25.0,45.0,0.0,,100.0,2.0,,,,0,cooldown
2026-07-04T20:22:12,reactive_hot_humid_bursty_r1,reactive,hot_humid,bursty,1,38.984,38.684,38.484,35.984,25.0,45.0,0.0,,100.0,2.0,,,,0,cooldown
2026-07-04T20:22:12,reactive_hot_humid_bursty_r1,reactive,hot_humid,bursty,1,38.973,38.673,38.473,35.973,25.0,45.0,0.0,,100.0,2.0,,,,0,cooldown
2026-07-04T20:22:12,reactive_hot_humid_bursty_r1,reactive,hot_humid,bursty,1,38.962,38.662,38.462,35.962,25.0,45.0,0.0,,100.0,2.0,,,,0,cooldown
2026-07-04T20:22:12,reactive_hot_humid_bursty_r1,reactive,hot_humid,bursty,1,38.951,38.651,38.451,35.951,25.0,45.0,0.0,,100.0,2.0,,,,0,cooldown
2026-07-04T20:22:12,reactive_hot_humid_bursty_r1,reactive,hot_humid,bursty,1,38.94,38.64,38.44,35.94,25.0,45.0,0.0,,100.0,2.0,,,,0,cooldown
2026-07-04T20:22:12,reactive_hot_humid_bursty_r1,reactive,hot_humid,bursty,1,38.929,38.629,38.429,35.929,25.0,45.0,0.0,,100.0,2.0,,,,0,cooldown
2026-07-04T20:22:12,reactive_hot_humid_bursty_r1,reactive,hot_humid,bursty,1,38.918,38.618,38.418,35.918,25.0,45.0,0.0,,100.0,2.0,,,,0,cooldown
2026-07-04T20:22:12,reactive_hot_humid_bursty_r1,reactive,hot_humid,bursty,1,38.907,38.607,38.407,35.907,25.0,45.0,0.0,,100.0,2.0,,,,0,cooldown
2026-07-04T20:22:12,reactive_hot_humid_bursty_r1,reactive,hot_humid,bursty,1,38.896,38.596,38.396,35.896,25.0,45.0,0.0,,100.0,2.0,,,,0,cooldown
2026-07-04T20:22:12,reactive_hot_humid_bursty_r1,reactive,hot_humid,bursty,1,38.885,38.585,38.385,35.885,25.0,45.0,0.0,,100.0,2.0,,,,0,cooldown
2026-07-04T20:22:12,reactive_hot_humid_bursty_r1,reactive,hot_humid,bursty,1,38.874,38.574,38.374,35.874,25.0,45.0,0.0,,100.0,2.0,,,,0,cooldown
2026-07-04T20:22:12,reactive_hot_humid_bursty_r1,reactive,hot_humid,bursty,1,38.863,38.563,38.363,35.863,25.0,45.0,0.0,,100.0,2.0,,,,0,cooldown
2026-07-04T20:22:12,reactive_hot_humid_bursty_r1,reactive,hot_humid,bursty,1,38.852,38.552,38.352,35.852,25.0,45.0,0.0,,100.0,2.0,,,,0,cooldown
2026-07-04T20:22:12,reactive_hot_humid_bursty_r1,reactive,hot_humid,bursty,1,38.842,38.542,38.342,35.842,25.0,45.0,0.0,,100.0,2.0,,,,0,cooldown
2026-07-04T20:22:12,reactive_hot_humid_bursty_r1,reactive,hot_humid,bursty,1,38.831,38.531,38.331,35.831,25.0,45.0,0.0,,100.0,2.0,,,,0,cooldown
2026-07-04T20:22:12,reactive_hot_humid_bursty_r1,reactive,hot_humid,bursty,1,38.82,38.52,38.32,35.82,25.0,45.0,0.0,,100.0,2.0,,,,0,cooldown
2026-07-04T20:22:12,reactive_hot_humid_bursty_r1,reactive,hot_humid,bursty,1,38.809,38.509,38.309,35.809,25.0,45.0,0.0,,100.0,2.0,,,,0,cooldown
2026-07-04T20:22:12,reactive_hot_humid_bursty_r1,reactive,hot_humid,bursty,1,38.798,38.498,38.298,35.798,25.0,45.0,0.0,,100.0,2.0,,,,0,cooldown
2026-07-04T20:22:12,reactive_hot_humid_bursty_r1,reactive,hot_humid,bursty,1,38.787,38.487,38.287,35.787,25.0,45.0,0.0,,100.0,2.0,,,,0,cooldown
2026-07-04T20:22:12,reactive_hot_humid_bursty_r1,reactive,hot_humid,bursty,1,38.776,38.476,38.276,35.776,25.0,45.0,0.0,,100.0,2.0,,,,0,cooldown
2026-07-04T20:22:12,reactive_hot_humid_bursty_r1,reactive,hot_humid,bursty,1,38.765,38.465,38.265,35.765,25.0,45.0,0.0,,100.0,2.0,,,,0,cooldown
2026-07-04T20:22:12,reactive_hot_humid_bursty_r1,reactive,hot_humid,bursty,1,38.754,38.454,38.254,35.754,25.0,45.0,0.0,,100.0,2.0,,,,0,cooldown
2026-07-04T20:22:12,reactive_hot_humid_bursty_r1,reactive,hot_humid,bursty,1,38.744,38.444,38.244,35.744,25.0,45.0,0.0,,100.0,2.0,,,,0,cooldown
2026-07-04T20:22:12,reactive_hot_humid_bursty_r1,reactive,hot_humid,bursty,1,38.733,38.433,38.233,35.733,25.0,45.0,0.0,,100.0,2.0,,,,0,cooldown
2026-07-04T20:22:12,reactive_hot_humid_bursty_r1,reactive,hot_humid,bursty,1,38.722,38.422,38.222,35.722,25.0,45.0,0.0,,100.0,2.0,,,,0,cooldown
2026-07-04T20:22:12,reactive_hot_humid_bursty_r1,reactive,hot_humid,bursty,1,38.711,38.411,38.211,35.711,25.0,45.0,0.0,,100.0,2.0,,,,0,cooldown
2026-07-04T20:22:12,reactive_hot_humid_bursty_r1,reactive,hot_humid,bursty,1,38.7,38.4,38.2,35.7,25.0,45.0,0.0,,100.0,2.0,,,,0,cooldown
2026-07-04T20:22:12,reactive_hot_humid_bursty_r1,reactive,hot_humid,bursty,1,38.689,38.389,38.189,35.689,25.0,45.0,0.0,,100.0,2.0,,,,0,cooldown
2026-07-04T20:22:12,reactive_hot_humid_bursty_r1,reactive,hot_humid,bursty,1,38.679,38.379,38.179,35.679,25.0,45.0,0.0,,100.0,2.0,,,,0,cooldown
2026-07-04T20:22:12,reactive_hot_humid_bursty_r1,reactive,hot_humid,bursty,1,38.668,38.368,38.168,35.668,25.0,45.0,0.0,,100.0,2.0,,,,0,cooldown
2026-07-04T20:22:12,reactive_hot_humid_bursty_r1,reactive,hot_humid,bursty,1,38.657,38.357,38.157,35.657,25.0,45.0,0.0,,100.0,2.0,,,,0,cooldown
2026-07-04T20:22:12,reactive_hot_humid_bursty_r1,reactive,hot_humid,bursty,1,38.646,38.346,38.146,35.646,25.0,45.0,0.0,,100.0,2.0,,,,0,cooldown
2026-07-04T20:22:12,reactive_hot_humid_bursty_r1,reactive,hot_humid,bursty,1,38.635,38.335,38.135,35.635,25.0,45.0,0.0,,100.0,2.0,,,,0,cooldown
2026-07-04T20:22:12,reactive_hot_humid_bursty_r1,reactive,hot_humid,bursty,1,38.625,38.325,38.125,35.625,25.0,45.0,0.0,,100.0,2.0,,,,0,cooldown
2026-07-04T20:22:12,reactive_hot_humid_bursty_r1,reactive,hot_humid,bursty,1,38.614,38.314,38.114,35.614,25.0,45.0,0.0,,100.0,2.0,,,,0,cooldown
2026-07-04T20:22:12,reactive_hot_humid_bursty_r1,reactive,hot_humid,bursty,1,38.603,38.303,38.103,35.603,25.0,45.0,0.0,,100.0,2.0,,,,0,cooldown
2026-07-04T20:22:12,reactive_hot_humid_bursty_r1,reactive,hot_humid,bursty,1,38.592,38.292,38.092,35.592,25.0,45.0,0.0,,100.0,2.0,,,,0,cooldown
2026-07-04T20:22:12,reactive_hot_humid_bursty_r1,reactive,hot_humid,bursty,1,38.582,38.282,38.082,35.582,25.0,45.0,0.0,,100.0,2.0,,,,0,cooldown
2026-07-04T20:22:12,reactive_hot_humid_bursty_r1,reactive,hot_humid,bursty,1,38.571,38.271,38.071,35.571,25.0,45.0,0.0,,100.0,2.0,,,,0,cooldown
2026-07-04T20:22:12,reactive_hot_humid_bursty_r1,reactive,hot_humid,bursty,1,38.56,38.26,38.06,35.56,25.0,45.0,0.0,,100.0,2.0,,,,0,cooldown
2026-07-04T20:22:12,reactive_hot_humid_bursty_r1,reactive,hot_humid,bursty,1,38.55,38.25,38.05,35.55,25.0,45.0,0.0,,100.0,2.0,,,,0,cooldown
2026-07-04T20:22:12,reactive_hot_humid_bursty_r1,reactive,hot_humid,bursty,1,38.539,38.239,38.039,35.539,25.0,45.0,0.0,,100.0,2.0,,,,0,cooldown
2026-07-04T20:22:12,reactive_hot_humid_bursty_r1,reactive,hot_humid,bursty,1,38.528,38.228,38.028,35.528,25.0,45.0,0.0,,100.0,2.0,,,,0,cooldown
2026-07-04T20:22:12,reactive_hot_humid_bursty_r1,reactive,hot_humid,bursty,1,38.517,38.217,38.017,35.517,25.0,45.0,0.0,,100.0,2.0,,,,0,cooldown
2026-07-04T20:22:12,reactive_hot_humid_bursty_r1,reactive,hot_humid,bursty,1,38.507,38.207,38.007,35.507,25.0,45.0,0.0,,100.0,2.0,,,,0,cooldown
2026-07-04T20:22:12,reactive_hot_humid_bursty_r1,reactive,hot_humid,bursty,1,38.496,38.196,37.996,35.496,25.0,45.0,0.0,,100.0,2.0,,,,0,cooldown
2026-07-04T20:22:12,reactive_hot_humid_bursty_r1,reactive,hot_humid,bursty,1,38.485,38.185,37.985,35.485,25.0,45.0,0.0,,100.0,2.0,,,,0,cooldown
2026-07-04T20:22:12,reactive_hot_humid_bursty_r1,reactive,hot_humid,bursty,1,38.475,38.175,37.975,35.475,25.0,45.0,0.0,,100.0,2.0,,,,0,cooldown
2026-07-04T20:22:12,reactive_hot_humid_bursty_r1,reactive,hot_humid,bursty,1,38.464,38.164,37.964,35.464,25.0,45.0,0.0,,100.0,2.0,,,,0,cooldown
2026-07-04T20:22:12,reactive_hot_humid_bursty_r1,reactive,hot_humid,bursty,1,38.454,38.154,37.954,35.454,25.0,45.0,0.0,,100.0,2.0,,,,0,cooldown
2026-07-04T20:22:12,reactive_hot_humid_bursty_r1,reactive,hot_humid,bursty,1,38.443,38.143,37.943,35.443,25.0,45.0,0.0,,100.0,2.0,,,,0,cooldown
2026-07-04T20:22:12,reactive_hot_humid_bursty_r1,reactive,hot_humid,bursty,1,38.432,38.132,37.932,35.432,25.0,45.0,0.0,,100.0,2.0,,,,0,cooldown
2026-07-04T20:22:12,reactive_hot_humid_bursty_r1,reactive,hot_humid,bursty,1,38.422,38.122,37.922,35.422,25.0,45.0,0.0,,100.0,2.0,,,,0,cooldown
2026-07-04T20:22:12,reactive_hot_humid_bursty_r1,reactive,hot_humid,bursty,1,38.411,38.111,37.911,35.411,25.0,45.0,0.0,,100.0,2.0,,,,0,cooldown
2026-07-04T20:22:12,reactive_hot_humid_bursty_r1,reactive,hot_humid,bursty,1,38.401,38.101,37.901,35.401,25.0,45.0,0.0,,100.0,2.0,,,,0,cooldown
2026-07-04T20:22:12,reactive_hot_humid_bursty_r1,reactive,hot_humid,bursty,1,38.39,38.09,37.89,35.39,25.0,45.0,0.0,,100.0,2.0,,,,0,cooldown
2026-07-04T20:22:12,reactive_hot_humid_bursty_r1,reactive,hot_humid,bursty,1,38.379,38.079,37.879,35.379,25.0,45.0,0.0,,100.0,2.0,,,,0,cooldown
2026-07-04T20:22:12,reactive_hot_humid_bursty_r1,reactive,hot_humid,bursty,1,38.369,38.069,37.869,35.369,25.0,45.0,0.0,,100.0,2.0,,,,0,cooldown
2026-07-04T20:22:12,reactive_hot_humid_bursty_r1,reactive,hot_humid,bursty,1,38.358,38.058,37.858,35.358,25.0,45.0,0.0,,100.0,2.0,,,,0,cooldown
2026-07-04T20:22:12,reactive_hot_humid_bursty_r1,reactive,hot_humid,bursty,1,38.348,38.048,37.848,35.348,25.0,45.0,0.0,,100.0,2.0,,,,0,cooldown
2026-07-04T20:22:12,reactive_hot_humid_bursty_r1,reactive,hot_humid,bursty,1,38.337,38.037,37.837,35.337,25.0,45.0,0.0,,100.0,2.0,,,,0,cooldown
2026-07-04T20:22:12,reactive_hot_humid_bursty_r1,reactive,hot_humid,bursty,1,38.327,38.027,37.827,35.327,25.0,45.0,0.0,,100.0,2.0,,,,0,cooldown
2026-07-04T20:22:12,reactive_hot_humid_bursty_r1,reactive,hot_humid,bursty,1,38.316,38.016,37.816,35.316,25.0,45.0,0.0,,100.0,2.0,,,,0,cooldown
2026-07-04T20:22:12,reactive_hot_humid_bursty_r1,reactive,hot_humid,bursty,1,38.306,38.006,37.806,35.306,25.0,45.0,0.0,,100.0,2.0,,,,0,cooldown
2026-07-04T20:22:12,reactive_hot_humid_bursty_r1,reactive,hot_humid,bursty,1,38.295,37.995,37.795,35.295,25.0,45.0,0.0,,100.0,2.0,,,,0,cooldown
2026-07-04T20:22:12,reactive_hot_humid_bursty_r1,reactive,hot_humid,bursty,1,38.285,37.985,37.785,35.285,25.0,45.0,0.0,,100.0,2.0,,,,0,cooldown
2026-07-04T20:22:12,reactive_hot_humid_bursty_r1,reactive,hot_humid,bursty,1,38.274,37.974,37.774,35.274,25.0,45.0,0.0,,100.0,2.0,,,,0,cooldown
2026-07-04T20:22:12,reactive_hot_humid_bursty_r1,reactive,hot_humid,bursty,1,38.264,37.964,37.764,35.264,25.0,45.0,0.0,,100.0,2.0,,,,0,cooldown
2026-07-04T20:22:12,reactive_hot_humid_bursty_r1,reactive,hot_humid,bursty,1,38.253,37.953,37.753,35.253,25.0,45.0,0.0,,100.0,2.0,,,,0,cooldown
2026-07-04T20:22:12,reactive_hot_humid_bursty_r1,reactive,hot_humid,bursty,1,38.243,37.943,37.743,35.243,25.0,45.0,0.0,,100.0,2.0,,,,0,cooldown
2026-07-04T20:22:12,reactive_hot_humid_bursty_r1,reactive,hot_humid,bursty,1,38.232,37.932,37.732,35.232,25.0,45.0,0.0,,100.0,2.0,,,,0,cooldown
2026-07-04T20:22:12,reactive_hot_humid_bursty_r1,reactive,hot_humid,bursty,1,38.222,37.922,37.722,35.222,25.0,45.0,0.0,,100.0,2.0,,,,0,cooldown
2026-07-04T20:22:12,reactive_hot_humid_bursty_r1,reactive,hot_humid,bursty,1,38.211,37.911,37.711,35.211,25.0,45.0,0.0,,100.0,2.0,,,,0,cooldown
2026-07-04T20:22:12,reactive_hot_humid_bursty_r1,reactive,hot_humid,bursty,1,38.201,37.901,37.701,35.201,25.0,45.0,0.0,,100.0,2.0,,,,0,cooldown
2026-07-04T20:22:12,reactive_hot_humid_bursty_r1,reactive,hot_humid,bursty,1,38.191,37.891,37.691,35.191,25.0,45.0,0.0,,100.0,2.0,,,,0,cooldown
2026-07-04T20:22:12,reactive_hot_humid_bursty_r1,reactive,hot_humid,bursty,1,38.18,37.88,37.68,35.18,25.0,45.0,0.0,,100.0,2.0,,,,0,cooldown
2026-07-04T20:22:12,reactive_hot_humid_bursty_r1,reactive,hot_humid,bursty,1,38.17,37.87,37.67,35.17,25.0,45.0,0.0,,100.0,2.0,,,,0,cooldown
2026-07-04T20:22:12,reactive_hot_humid_bursty_r1,reactive,hot_humid,bursty,1,38.159,37.859,37.659,35.159,25.0,45.0,0.0,,100.0,2.0,,,,0,cooldown
2026-07-04T20:22:12,reactive_hot_humid_bursty_r1,reactive,hot_humid,bursty,1,38.149,37.849,37.649,35.149,25.0,45.0,0.0,,100.0,2.0,,,,0,cooldown
2026-07-04T20:22:12,reactive_hot_humid_bursty_r1,reactive,hot_humid,bursty,1,38.139,37.839,37.639,35.139,25.0,45.0,0.0,,100.0,2.0,,,,0,cooldown
2026-07-04T20:22:12,reactive_hot_humid_bursty_r1,reactive,hot_humid,bursty,1,38.128,37.828,37.628,35.128,25.0,45.0,0.0,,100.0,2.0,,,,0,cooldown
2026-07-04T20:22:12,reactive_hot_humid_bursty_r1,reactive,hot_humid,bursty,1,38.118,37.818,37.618,35.118,25.0,45.0,0.0,,100.0,2.0,,,,0,cooldown
2026-07-04T20:22:12,reactive_hot_humid_bursty_r1,reactive,hot_humid,bursty,1,38.107,37.807,37.607,35.107,25.0,45.0,0.0,,100.0,2.0,,,,0,cooldown
2026-07-04T20:22:12,reactive_hot_humid_bursty_r1,reactive,hot_humid,bursty,1,38.097,37.797,37.597,35.097,25.0,45.0,0.0,,100.0,2.0,,,,0,cooldown
2026-07-04T20:22:12,reactive_hot_humid_bursty_r1,reactive,hot_humid,bursty,1,38.087,37.787,37.587,35.087,25.0,45.0,0.0,,100.0,2.0,,,,0,cooldown
2026-07-04T20:22:12,reactive_hot_humid_bursty_r1,reactive,hot_humid,bursty,1,38.076,37.776,37.576,35.076,25.0,45.0,0.0,,100.0,2.0,,,,0,cooldown
2026-07-04T20:22:12,reactive_hot_humid_bursty_r1,reactive,hot_humid,bursty,1,38.066,37.766,37.566,35.066,25.0,45.0,0.0,,100.0,2.0,,,,0,cooldown
2026-07-04T20:22:12,reactive_hot_humid_bursty_r1,reactive,hot_humid,bursty,1,38.056,37.756,37.556,35.056,25.0,45.0,0.0,,100.0,2.0,,,,0,cooldown
2026-07-04T20:22:12,reactive_hot_humid_bursty_r1,reactive,hot_humid,bursty,1,38.045,37.745,37.545,35.045,25.0,45.0,0.0,,100.0,2.0,,,,0,cooldown
2026-07-04T20:22:12,reactive_hot_humid_bursty_r1,reactive,hot_humid,bursty,1,38.035,37.735,37.535,35.035,25.0,45.0,0.0,,100.0,2.0,,,,0,cooldown
2026-07-04T20:22:12,reactive_hot_humid_bursty_r1,reactive,hot_humid,bursty,1,38.025,37.725,37.525,35.025,25.0,45.0,0.0,,100.0,2.0,,,,0,cooldown
2026-07-04T20:22:12,reactive_hot_humid_bursty_r1,reactive,hot_humid,bursty,1,38.015,37.715,37.515,35.015,25.0,45.0,0.0,,100.0,2.0,,,,0,cooldown
2026-07-04T20:22:12,reactive_hot_humid_bursty_r1,reactive,hot_humid,bursty,1,38.004,37.704,37.504,35.004,25.0,45.0,0.0,,100.0,2.0,,,,0,cooldown
2026-07-04T20:22:12,reactive_hot_humid_bursty_r1,reactive,hot_humid,bursty,1,37.994,37.694,37.494,34.994,25.0,45.0,0.0,,100.0,2.0,,,,0,cooldown
2026-07-04T20:22:12,reactive_hot_humid_bursty_r1,reactive,hot_humid,bursty,1,37.984,37.684,37.484,34.984,25.0,45.0,0.0,,100.0,2.0,,,,0,cooldown
2026-07-04T20:22:12,reactive_hot_humid_bursty_r1,reactive,hot_humid,bursty,1,37.974,37.674,37.474,34.974,25.0,45.0,0.0,,100.0,2.0,,,,0,cooldown
2026-07-04T20:22:12,reactive_hot_humid_bursty_r1,reactive,hot_humid,bursty,1,37.963,37.663,37.463,34.963,25.0,45.0,0.0,,100.0,2.0,,,,0,cooldown
2026-07-04T20:22:12,reactive_hot_humid_bursty_r1,reactive,hot_humid,bursty,1,37.953,37.653,37.453,34.953,25.0,45.0,0.0,,100.0,2.0,,,,0,cooldown
2026-07-04T20:22:12,reactive_hot_humid_bursty_r1,reactive,hot_humid,bursty,1,37.943,37.643,37.443,34.943,25.0,45.0,0.0,,100.0,2.0,,,,0,cooldown
2026-07-04T20:22:12,reactive_hot_humid_bursty_r1,reactive,hot_humid,bursty,1,37.933,37.633,37.433,34.933,25.0,45.0,0.0,,100.0,2.0,,,,0,cooldown
2026-07-04T20:22:12,reactive_hot_humid_bursty_r1,reactive,hot_humid,bursty,1,37.922,37.622,37.422,34.922,25.0,45.0,0.0,,100.0,2.0,,,,0,cooldown
2026-07-04T20:22:12,reactive_hot_humid_bursty_r1,reactive,hot_humid,bursty,1,37.912,37.612,37.412,34.912,25.0,45.0,0.0,,100.0,2.0,,,,0,cooldown
2026-07-04T20:22:12,reactive_hot_humid_bursty_r1,reactive,hot_humid,bursty,1,37.902,37.602,37.402,34.902,25.0,45.0,0.0,,100.0,2.0,,,,0,cooldown
2026-07-04T20:22:12,reactive_hot_humid_bursty_r1,reactive,hot_humid,bursty,1,37.892,37.592,37.392,34.892,25.0,45.0,0.0,,100.0,2.0,,,,0,cooldown
2026-07-04T20:22:12,reactive_hot_humid_bursty_r1,reactive,hot_humid,bursty,1,37.882,37.582,37.382,34.882,25.0,45.0,0.0,,100.0,2.0,,,,0,cooldown
2026-07-04T20:22:12,reactive_hot_humid_bursty_r1,reactive,hot_humid,bursty,1,37.871,37.571,37.371,34.871,25.0,45.0,0.0,,100.0,2.0,,,,0,cooldown
2026-07-04T20:22:12,reactive_hot_humid_bursty_r1,reactive,hot_humid,bursty,1,37.861,37.561,37.361,34.861,25.0,45.0,0.0,,100.0,2.0,,,,0,cooldown
2026-07-04T20:22:12,reactive_hot_humid_bursty_r1,reactive,hot_humid,bursty,1,37.851,37.551,37.351,34.851,25.0,45.0,0.0,,100.0,2.0,,,,0,cooldown
2026-07-04T20:22:12,reactive_hot_humid_bursty_r1,reactive,hot_humid,bursty,1,37.841,37.541,37.341,34.841,25.0,45.0,0.0,,100.0,2.0,,,,0,cooldown
2026-07-04T20:22:12,reactive_hot_humid_bursty_r1,reactive,hot_humid,bursty,1,37.831,37.531,37.331,34.831,25.0,45.0,0.0,,100.0,2.0,,,,0,cooldown
2026-07-04T20:22:12,reactive_hot_humid_bursty_r1,reactive,hot_humid,bursty,1,37.821,37.521,37.321,34.821,25.0,45.0,0.0,,100.0,2.0,,,,0,cooldown
2026-07-04T20:22:12,reactive_hot_humid_bursty_r1,reactive,hot_humid,bursty,1,37.811,37.511,37.311,34.811,25.0,45.0,0.0,,100.0,2.0,,,,0,cooldown
2026-07-04T20:22:12,reactive_hot_humid_bursty_r1,reactive,hot_humid,bursty,1,37.801,37.501,37.301,34.801,25.0,45.0,0.0,,100.0,2.0,,,,0,cooldown
2026-07-04T20:22:12,reactive_hot_humid_bursty_r1,reactive,hot_humid,bursty,1,37.79,37.49,37.29,34.79,25.0,45.0,0.0,,100.0,2.0,,,,0,cooldown
2026-07-04T20:22:12,reactive_hot_humid_bursty_r1,reactive,hot_humid,bursty,1,37.78,37.48,37.28,34.78,25.0,45.0,0.0,,100.0,2.0,,,,0,cooldown
2026-07-04T20:22:12,reactive_hot_humid_bursty_r1,reactive,hot_humid,bursty,1,37.77,37.47,37.27,34.77,25.0,45.0,0.0,,100.0,2.0,,,,0,cooldown
2026-07-04T20:22:12,reactive_hot_humid_bursty_r1,reactive,hot_humid,bursty,1,37.76,37.46,37.26,34.76,25.0,45.0,0.0,,100.0,2.0,,,,0,cooldown
2026-07-04T20:22:12,reactive_hot_humid_bursty_r1,reactive,hot_humid,bursty,1,37.75,37.45,37.25,34.75,25.0,45.0,0.0,,100.0,2.0,,,,0,cooldown
2026-07-04T20:22:12,reactive_hot_humid_bursty_r1,reactive,hot_humid,bursty,1,37.74,37.44,37.24,34.74,25.0,45.0,0.0,,100.0,2.0,,,,0,cooldown
2026-07-04T20:22:12,reactive_hot_humid_bursty_r1,reactive,hot_humid,bursty,1,37.73,37.43,37.23,34.73,25.0,45.0,0.0,,100.0,2.0,,,,0,cooldown
2026-07-04T20:22:12,reactive_hot_humid_bursty_r1,reactive,hot_humid,bursty,1,37.72,37.42,37.22,34.72,25.0,45.0,0.0,,100.0,2.0,,,,0,cooldown
2026-07-04T20:22:12,reactive_hot_humid_bursty_r1,reactive,hot_humid,bursty,1,37.71,37.41,37.21,34.71,25.0,45.0,0.0,,100.0,2.0,,,,0,cooldown
2026-07-04T20:22:12,reactive_hot_humid_bursty_r1,reactive,hot_humid,bursty,1,37.7,37.4,37.2,34.7,25.0,45.0,0.0,,100.0,2.0,,,,0,cooldown
2026-07-04T20:22:12,reactive_hot_humid_bursty_r1,reactive,hot_humid,bursty,1,37.69,37.39,37.19,34.69,25.0,45.0,0.0,,100.0,2.0,,,,0,cooldown
2026-07-04T20:22:12,reactive_hot_humid_bursty_r1,reactive,hot_humid,bursty,1,37.68,37.38,37.18,34.68,25.0,45.0,0.0,,100.0,2.0,,,,0,cooldown
2026-07-04T20:22:12,reactive_hot_humid_bursty_r1,reactive,hot_humid,bursty,1,37.67,37.37,37.17,34.67,25.0,45.0,0.0,,100.0,2.0,,,,0,cooldown
2026-07-04T20:22:12,reactive_hot_humid_bursty_r1,reactive,hot_humid,bursty,1,37.66,37.36,37.16,34.66,25.0,45.0,0.0,,100.0,2.0,,,,0,cooldown
2026-07-04T20:22:12,reactive_hot_humid_bursty_r1,reactive,hot_humid,bursty,1,37.65,37.35,37.15,34.65,25.0,45.0,0.0,,100.0,2.0,,,,0,cooldown
2026-07-04T20:22:12,reactive_hot_humid_bursty_r1,reactive,hot_humid,bursty,1,37.64,37.34,37.14,34.64,25.0,45.0,0.0,,100.0,2.0,,,,0,cooldown
2026-07-04T20:22:12,reactive_hot_humid_bursty_r1,reactive,hot_humid,bursty,1,37.63,37.33,37.13,34.63,25.0,45.0,0.0,,100.0,2.0,,,,0,cooldown
2026-07-04T20:22:12,reactive_hot_humid_bursty_r1,reactive,hot_humid,bursty,1,37.62,37.32,37.12,34.62,25.0,45.0,0.0,,100.0,2.0,,,,0,cooldown
2026-07-04T20:22:12,reactive_hot_humid_bursty_r1,reactive,hot_humid,bursty,1,37.61,37.31,37.11,34.61,25.0,45.0,0.0,,100.0,2.0,,,,0,cooldown
2026-07-04T20:22:12,reactive_hot_humid_bursty_r1,reactive,hot_humid,bursty,1,37.6,37.3,37.1,34.6,25.0,45.0,0.0,,100.0,2.0,,,,0,cooldown
2026-07-04T20:22:12,reactive_hot_humid_bursty_r1,reactive,hot_humid,bursty,1,37.59,37.29,37.09,34.59,25.0,45.0,0.0,,100.0,2.0,,,,0,cooldown
2026-07-04T20:22:12,reactive_hot_humid_bursty_r1,reactive,hot_humid,bursty,1,37.58,37.28,37.08,34.58,25.0,45.0,0.0,,100.0,2.0,,,,0,cooldown
2026-07-04T20:22:12,reactive_hot_humid_bursty_r1,reactive,hot_humid,bursty,1,37.57,37.27,37.07,34.57,25.0,45.0,0.0,,100.0,2.0,,,,0,cooldown
2026-07-04T20:22:12,reactive_hot_humid_bursty_r1,reactive,hot_humid,bursty,1,37.56,37.26,37.06,34.56,25.0,45.0,0.0,,100.0,2.0,,,,0,cooldown
2026-07-04T20:22:12,reactive_hot_humid_bursty_r1,reactive,hot_humid,bursty,1,37.55,37.25,37.05,34.55,25.0,45.0,0.0,,100.0,2.0,,,,0,cooldown
2026-07-04T20:22:12,reactive_hot_humid_bursty_r1,reactive,hot_humid,bursty,1,37.54,37.24,37.04,34.54,25.0,45.0,0.0,,100.0,2.0,,,,0,cooldown
2026-07-04T20:22:12,reactive_hot_humid_bursty_r1,reactive,hot_humid,bursty,1,37.53,37.23,37.03,34.53,25.0,45.0,0.0,,100.0,2.0,,,,0,cooldown
2026-07-04T20:22:12,reactive_hot_humid_bursty_r1,reactive,hot_humid,bursty,1,37.521,37.221,37.021,34.521,25.0,45.0,0.0,,100.0,2.0,,,,0,cooldown
2026-07-04T20:22:12,reactive_hot_humid_bursty_r1,reactive,hot_humid,bursty,1,37.511,37.211,37.011,34.511,25.0,45.0,0.0,,100.0,2.0,,,,0,cooldown
2026-07-04T20:22:12,reactive_hot_humid_bursty_r1,reactive,hot_humid,bursty,1,37.501,37.201,37.001,34.501,25.0,45.0,0.0,,100.0,2.0,,,,0,cooldown
2026-07-04T20:22:12,reactive_hot_humid_bursty_r1,reactive,hot_humid,bursty,1,37.491,37.191,36.991,34.491,25.0,45.0,0.0,,100.0,2.0,,,,0,cooldown
2026-07-04T20:22:12,reactive_hot_humid_bursty_r1,reactive,hot_humid,bursty,1,37.481,37.181,36.981,34.481,25.0,45.0,0.0,,100.0,2.0,,,,0,cooldown
2026-07-04T20:22:12,reactive_hot_humid_bursty_r1,reactive,hot_humid,bursty,1,37.471,37.171,36.971,34.471,25.0,45.0,0.0,,100.0,2.0,,,,0,cooldown
2026-07-04T20:22:12,reactive_hot_humid_bursty_r1,reactive,hot_humid,bursty,1,37.461,37.161,36.961,34.461,25.0,45.0,0.0,,100.0,2.0,,,,0,cooldown
2026-07-04T20:22:12,reactive_hot_humid_bursty_r1,reactive,hot_humid,bursty,1,37.452,37.152,36.952,34.452,25.0,45.0,0.0,,100.0,2.0,,,,0,cooldown
2026-07-04T20:22:12,reactive_hot_humid_bursty_r1,reactive,hot_humid,bursty,1,37.442,37.142,36.942,34.442,25.0,45.0,0.0,,100.0,2.0,,,,0,cooldown
2026-07-04T20:22:12,reactive_hot_humid_bursty_r1,reactive,hot_humid,bursty,1,37.432,37.132,36.932,34.432,25.0,45.0,0.0,,100.0,2.0,,,,0,cooldown
2026-07-04T20:22:12,reactive_hot_humid_bursty_r1,reactive,hot_humid,bursty,1,37.422,37.122,36.922,34.422,25.0,45.0,0.0,,100.0,2.0,,,,0,cooldown
2026-07-04T20:22:12,reactive_hot_humid_bursty_r1,reactive,hot_humid,bursty,1,37.412,37.112,36.912,34.412,25.0,45.0,0.0,,100.0,2.0,,,,0,cooldown
2026-07-04T20:22:12,reactive_hot_humid_bursty_r1,reactive,hot_humid,bursty,1,37.402,37.102,36.902,34.402,25.0,45.0,0.0,,100.0,2.0,,,,0,cooldown
2026-07-04T20:22:12,reactive_hot_humid_bursty_r1,reactive,hot_humid,bursty,1,37.393,37.093,36.893,34.393,25.0,45.0,0.0,,100.0,2.0,,,,0,cooldown
2026-07-04T20:22:12,reactive_hot_humid_bursty_r1,reactive,hot_humid,bursty,1,37.383,37.083,36.883,34.383,25.0,45.0,0.0,,100.0,2.0,,,,0,cooldown
2026-07-04T20:22:12,reactive_hot_humid_bursty_r1,reactive,hot_humid,bursty,1,37.373,37.073,36.873,34.373,25.0,45.0,0.0,,100.0,2.0,,,,0,cooldown
2026-07-04T20:22:12,reactive_hot_humid_bursty_r1,reactive,hot_humid,bursty,1,37.363,37.063,36.863,34.363,25.0,45.0,0.0,,100.0,2.0,,,,0,cooldown
2026-07-04T20:22:12,reactive_hot_humid_bursty_r1,reactive,hot_humid,bursty,1,37.354,37.054,36.854,34.354,25.0,45.0,0.0,,100.0,2.0,,,,0,cooldown
2026-07-04T20:22:12,reactive_hot_humid_bursty_r1,reactive,hot_humid,bursty,1,37.344,37.044,36.844,34.344,25.0,45.0,0.0,,100.0,2.0,,,,0,cooldown
2026-07-04T20:22:12,reactive_hot_humid_bursty_r1,reactive,hot_humid,bursty,1,37.334,37.034,36.834,34.334,25.0,45.0,0.0,,100.0,2.0,,,,0,cooldown
2026-07-04T20:22:12,reactive_hot_humid_bursty_r1,reactive,hot_humid,bursty,1,37.324,37.024,36.824,34.324,25.0,45.0,0.0,,100.0,2.0,,,,0,cooldown
2026-07-04T20:22:12,reactive_hot_humid_bursty_r1,reactive,hot_humid,bursty,1,37.315,37.015,36.815,34.315,25.0,45.0,0.0,,100.0,2.0,,,,0,cooldown
2026-07-04T20:22:12,reactive_hot_humid_bursty_r1,reactive,hot_humid,bursty,1,37.305,37.005,36.805,34.305,25.0,45.0,0.0,,100.0,2.0,,,,0,cooldown
2026-07-04T20:22:12,reactive_hot_humid_bursty_r1,reactive,hot_humid,bursty,1,37.295,36.995,36.795,34.295,25.0,45.0,0.0,,100.0,2.0,,,,0,cooldown
2026-07-04T20:22:12,reactive_hot_humid_bursty_r1,reactive,hot_humid,bursty,1,37.285,36.985,36.785,34.285,25.0,45.0,0.0,,100.0,2.0,,,,0,cooldown
2026-07-04T20:22:12,reactive_hot_humid_bursty_r1,reactive,hot_humid,bursty,1,37.276,36.976,36.776,34.276,25.0,45.0,0.0,,100.0,2.0,,,,0,cooldown
2026-07-04T20:22:12,reactive_hot_humid_bursty_r1,reactive,hot_humid,bursty,1,37.266,36.966,36.766,34.266,25.0,45.0,0.0,,100.0,2.0,,,,0,cooldown
2026-07-04T20:22:12,reactive_hot_humid_bursty_r1,reactive,hot_humid,bursty,1,37.256,36.956,36.756,34.256,25.0,45.0,0.0,,100.0,2.0,,,,0,cooldown
2026-07-04T20:22:12,reactive_hot_humid_bursty_r1,reactive,hot_humid,bursty,1,37.247,36.947,36.747,34.247,25.0,45.0,0.0,,100.0,2.0,,,,0,cooldown
2026-07-04T20:22:12,reactive_hot_humid_bursty_r1,reactive,hot_humid,bursty,1,37.237,36.937,36.737,34.237,25.0,45.0,0.0,,100.0,2.0,,,,0,cooldown
2026-07-04T20:22:12,reactive_hot_humid_bursty_r1,reactive,hot_humid,bursty,1,37.227,36.927,36.727,34.227,25.0,45.0,0.0,,100.0,2.0,,,,0,cooldown
2026-07-04T20:22:12,reactive_hot_humid_bursty_r1,reactive,hot_humid,bursty,1,37.218,36.918,36.718,34.218,25.0,45.0,0.0,,100.0,2.0,,,,0,cooldown
2026-07-04T20:22:12,reactive_hot_humid_bursty_r1,reactive,hot_humid,bursty,1,37.208,36.908,36.708,34.208,25.0,45.0,0.0,,100.0,2.0,,,,0,cooldown
2026-07-04T20:22:12,reactive_hot_humid_bursty_r1,reactive,hot_humid,bursty,1,37.198,36.898,36.698,34.198,25.0,45.0,0.0,,100.0,2.0,,,,0,cooldown
2026-07-04T20:22:12,reactive_hot_humid_bursty_r1,reactive,hot_humid,bursty,1,37.189,36.889,36.689,34.189,25.0,45.0,0.0,,100.0,2.0,,,,0,cooldown
2026-07-04T20:22:12,reactive_hot_humid_bursty_r1,reactive,hot_humid,bursty,1,37.179,36.879,36.679,34.179,25.0,45.0,0.0,,100.0,2.0,,,,0,cooldown
2026-07-04T20:22:12,reactive_hot_humid_bursty_r1,reactive,hot_humid,bursty,1,37.17,36.87,36.67,34.17,25.0,45.0,0.0,,100.0,2.0,,,,0,cooldown
2026-07-04T20:22:12,reactive_hot_humid_bursty_r1,reactive,hot_humid,bursty,1,37.16,36.86,36.66,34.16,25.0,45.0,0.0,,100.0,2.0,,,,0,cooldown
2026-07-04T20:22:12,reactive_hot_humid_bursty_r1,reactive,hot_humid,bursty,1,37.15,36.85,36.65,34.15,25.0,45.0,0.0,,100.0,2.0,,,,0,cooldown
2026-07-04T20:22:12,reactive_hot_humid_bursty_r1,reactive,hot_humid,bursty,1,37.141,36.841,36.641,34.141,25.0,45.0,0.0,,100.0,2.0,,,,0,cooldown
2026-07-04T20:22:12,reactive_hot_humid_bursty_r1,reactive,hot_humid,bursty,1,37.131,36.831,36.631,34.131,25.0,45.0,0.0,,100.0,2.0,,,,0,cooldown
2026-07-04T20:22:12,reactive_hot_humid_bursty_r1,reactive,hot_humid,bursty,1,37.122,36.822,36.622,34.122,25.0,45.0,0.0,,100.0,2.0,,,,0,cooldown
2026-07-04T20:22:12,reactive_hot_humid_bursty_r1,reactive,hot_humid,bursty,1,37.112,36.812,36.612,34.112,25.0,45.0,0.0,,100.0,2.0,,,,0,cooldown
2026-07-04T20:22:12,reactive_hot_humid_bursty_r1,reactive,hot_humid,bursty,1,37.102,36.802,36.602,34.102,25.0,45.0,0.0,,100.0,2.0,,,,0,cooldown
2026-07-04T20:22:12,reactive_hot_humid_bursty_r1,reactive,hot_humid,bursty,1,37.093,36.793,36.593,34.093,25.0,45.0,0.0,,100.0,2.0,,,,0,cooldown
2026-07-04T20:22:12,reactive_hot_humid_bursty_r1,reactive,hot_humid,bursty,1,37.083,36.783,36.583,34.083,25.0,45.0,0.0,,100.0,2.0,,,,0,cooldown
2026-07-04T20:22:12,reactive_hot_humid_bursty_r1,reactive,hot_humid,bursty,1,37.074,36.774,36.574,34.074,25.0,45.0,0.0,,100.0,2.0,,,,0,cooldown
2026-07-04T20:22:12,reactive_hot_humid_bursty_r1,reactive,hot_humid,bursty,1,37.064,36.764,36.564,34.064,25.0,45.0,0.0,,100.0,2.0,,,,0,cooldown
2026-07-04T20:22:12,reactive_hot_humid_bursty_r1,reactive,hot_humid,bursty,1,37.055,36.755,36.555,34.055,25.0,45.0,0.0,,100.0,2.0,,,,0,cooldown
2026-07-04T20:22:12,reactive_hot_humid_bursty_r1,reactive,hot_humid,bursty,1,37.045,36.745,36.545,34.045,25.0,45.0,0.0,,100.0,2.0,,,,0,cooldown
2026-07-04T20:22:12,reactive_hot_humid_bursty_r1,reactive,hot_humid,bursty,1,37.036,36.736,36.536,34.036,25.0,45.0,0.0,,100.0,2.0,,,,0,cooldown
2026-07-04T20:22:12,reactive_hot_humid_bursty_r1,reactive,hot_humid,bursty,1,37.026,36.726,36.526,34.026,25.0,45.0,0.0,,100.0,2.0,,,,0,cooldown
2026-07-04T20:22:12,reactive_hot_humid_bursty_r1,reactive,hot_humid,bursty,1,37.017,36.717,36.517,34.017,25.0,45.0,0.0,,100.0,2.0,,,,0,cooldown
2026-07-04T20:22:12,reactive_hot_humid_bursty_r1,reactive,hot_humid,bursty,1,37.007,36.707,36.507,34.007,25.0,45.0,0.0,,100.0,2.0,,,,0,cooldown
2026-07-04T20:22:12,reactive_hot_humid_bursty_r1,reactive,hot_humid,bursty,1,36.998,36.698,36.498,33.998,25.0,45.0,0.0,,100.0,2.0,,,,0,cooldown
2026-07-04T20:22:12,reactive_hot_humid_bursty_r1,reactive,hot_humid,bursty,1,36.988,36.688,36.488,33.988,25.0,45.0,0.0,,100.0,2.0,,,,0,cooldown
2026-07-04T20:22:12,reactive_hot_humid_bursty_r1,reactive,hot_humid,bursty,1,36.979,36.679,36.479,33.979,25.0,45.0,0.0,,100.0,2.0,,,,0,cooldown
2026-07-04T20:22:12,reactive_hot_humid_bursty_r1,reactive,hot_humid,bursty,1,36.969,36.669,36.469,33.969,25.0,45.0,0.0,,100.0,2.0,,,,0,cooldown
2026-07-04T20:22:12,reactive_hot_humid_bursty_r1,reactive,hot_humid,bursty,1,36.96,36.66,36.46,33.96,25.0,45.0,0.0,,100.0,2.0,,,,0,cooldown
2026-07-04T20:22:12,reactive_hot_humid_bursty_r1,reactive,hot_humid,bursty,1,36.951,36.651,36.451,33.951,25.0,45.0,0.0,,100.0,2.0,,,,0,cooldown
2026-07-04T20:22:12,reactive_hot_humid_bursty_r1,reactive,hot_humid,bursty,1,36.941,36.641,36.441,33.941,25.0,45.0,0.0,,100.0,2.0,,,,0,cooldown
2026-07-04T20:22:12,reactive_hot_humid_bursty_r1,reactive,hot_humid,bursty,1,36.932,36.632,36.432,33.932,25.0,45.0,0.0,,100.0,2.0,,,,0,cooldown
2026-07-04T20:22:12,reactive_hot_humid_bursty_r1,reactive,hot_humid,bursty,1,36.922,36.622,36.422,33.922,25.0,45.0,0.0,,100.0,2.0,,,,0,cooldown
2026-07-04T20:22:12,reactive_hot_humid_bursty_r1,reactive,hot_humid,bursty,1,36.913,36.613,36.413,33.913,25.0,45.0,0.0,,100.0,2.0,,,,0,cooldown
2026-07-04T20:22:12,reactive_hot_humid_bursty_r1,reactive,hot_humid,bursty,1,36.903,36.603,36.403,33.903,25.0,45.0,0.0,,100.0,2.0,,,,0,cooldown
2026-07-04T20:22:12,reactive_hot_humid_bursty_r1,reactive,hot_humid,bursty,1,36.894,36.594,36.394,33.894,25.0,45.0,0.0,,100.0,2.0,,,,0,cooldown
2026-07-04T20:22:12,reactive_hot_humid_bursty_r1,reactive,hot_humid,bursty,1,36.885,36.585,36.385,33.885,25.0,45.0,0.0,,100.0,2.0,,,,0,cooldown
2026-07-04T20:22:12,reactive_hot_humid_bursty_r1,reactive,hot_humid,bursty,1,36.875,36.575,36.375,33.875,25.0,45.0,0.0,,100.0,2.0,,,,0,cooldown
2026-07-04T20:22:12,reactive_hot_humid_bursty_r1,reactive,hot_humid,bursty,1,36.866,36.566,36.366,33.866,25.0,45.0,0.0,,100.0,2.0,,,,0,cooldown
2026-07-04T20:22:12,reactive_hot_humid_bursty_r1,reactive,hot_humid,bursty,1,36.857,36.557,36.357,33.857,25.0,45.0,0.0,,100.0,2.0,,,,0,cooldown
2026-07-04T20:22:12,reactive_hot_humid_bursty_r1,reactive,hot_humid,bursty,1,36.847,36.547,36.347,33.847,25.0,45.0,0.0,,100.0,2.0,,,,0,cooldown
2026-07-04T20:22:12,reactive_hot_humid_bursty_r1,reactive,hot_humid,bursty,1,36.838,36.538,36.338,33.838,25.0,45.0,0.0,,100.0,2.0,,,,0,cooldown
2026-07-04T20:22:12,reactive_hot_humid_bursty_r1,reactive,hot_humid,bursty,1,36.828,36.528,36.328,33.828,25.0,45.0,0.0,,100.0,2.0,,,,0,cooldown
2026-07-04T20:22:12,reactive_hot_humid_bursty_r1,reactive,hot_humid,bursty,1,36.819,36.519,36.319,33.819,25.0,45.0,0.0,,100.0,2.0,,,,0,cooldown
2026-07-04T20:22:12,reactive_hot_humid_bursty_r1,reactive,hot_humid,bursty,1,36.81,36.51,36.31,33.81,25.0,45.0,0.0,,100.0,2.0,,,,0,cooldown
2026-07-04T20:22:12,reactive_hot_humid_bursty_r1,reactive,hot_humid,bursty,1,36.8,36.5,36.3,33.8,25.0,45.0,0.0,,100.0,2.0,,,,0,cooldown
2026-07-04T20:22:12,reactive_hot_humid_bursty_r1,reactive,hot_humid,bursty,1,36.791,36.491,36.291,33.791,25.0,45.0,0.0,,100.0,2.0,,,,0,cooldown
2026-07-04T20:22:12,reactive_hot_humid_bursty_r1,reactive,hot_humid,bursty,1,36.782,36.482,36.282,33.782,25.0,45.0,0.0,,100.0,2.0,,,,0,cooldown
2026-07-04T20:22:12,reactive_hot_humid_bursty_r1,reactive,hot_humid,bursty,1,36.773,36.473,36.273,33.773,25.0,45.0,0.0,,100.0,2.0,,,,0,cooldown
2026-07-04T20:22:12,reactive_hot_humid_bursty_r1,reactive,hot_humid,bursty,1,36.763,36.463,36.263,33.763,25.0,45.0,0.0,,100.0,2.0,,,,0,cooldown
2026-07-04T20:22:12,reactive_hot_humid_bursty_r1,reactive,hot_humid,bursty,1,36.754,36.454,36.254,33.754,25.0,45.0,0.0,,100.0,2.0,,,,0,cooldown
2026-07-04T20:22:12,reactive_hot_humid_bursty_r1,reactive,hot_humid,bursty,1,36.745,36.445,36.245,33.745,25.0,45.0,0.0,,100.0,2.0,,,,0,cooldown
2026-07-04T20:22:12,reactive_hot_humid_bursty_r1,reactive,hot_humid,bursty,1,36.735,36.435,36.235,33.735,25.0,45.0,0.0,,100.0,2.0,,,,0,cooldown
2026-07-04T20:22:12,reactive_hot_humid_bursty_r1,reactive,hot_humid,bursty,1,36.726,36.426,36.226,33.726,25.0,45.0,0.0,,100.0,2.0,,,,0,cooldown
2026-07-04T20:22:12,reactive_hot_humid_bursty_r1,reactive,hot_humid,bursty,1,36.717,36.417,36.217,33.717,25.0,45.0,0.0,,100.0,2.0,,,,0,cooldown
2026-07-04T20:22:12,reactive_hot_humid_bursty_r1,reactive,hot_humid,bursty,1,36.708,36.408,36.208,33.708,25.0,45.0,0.0,,100.0,2.0,,,,0,cooldown
2026-07-04T20:22:12,reactive_hot_humid_bursty_r1,reactive,hot_humid,bursty,1,36.698,36.398,36.198,33.698,25.0,45.0,0.0,,100.0,2.0,,,,0,cooldown
2026-07-04T20:22:12,reactive_hot_humid_bursty_r1,reactive,hot_humid,bursty,1,36.689,36.389,36.189,33.689,25.0,45.0,0.0,,100.0,2.0,,,,0,cooldown
2026-07-04T20:22:12,reactive_hot_humid_bursty_r1,reactive,hot_humid,bursty,1,36.68,36.38,36.18,33.68,25.0,45.0,0.0,,100.0,2.0,,,,0,cooldown
2026-07-04T20:22:12,reactive_hot_humid_bursty_r1,reactive,hot_humid,bursty,1,36.671,36.371,36.171,33.671,25.0,45.0,0.0,,100.0,2.0,,,,0,cooldown
2026-07-04T20:22:12,reactive_hot_humid_bursty_r1,reactive,hot_humid,bursty,1,36.661,36.361,36.161,33.661,25.0,45.0,0.0,,100.0,2.0,,,,0,cooldown
2026-07-04T20:22:12,reactive_hot_humid_bursty_r1,reactive,hot_humid,bursty,1,36.652,36.352,36.152,33.652,25.0,45.0,0.0,,100.0,2.0,,,,0,cooldown
2026-07-04T20:22:12,reactive_hot_humid_bursty_r1,reactive,hot_humid,bursty,1,36.643,36.343,36.143,33.643,25.0,45.0,0.0,,100.0,2.0,,,,0,cooldown
2026-07-04T20:22:12,reactive_hot_humid_bursty_r1,reactive,hot_humid,bursty,1,36.634,36.334,36.134,33.634,25.0,45.0,0.0,,100.0,2.0,,,,0,cooldown
2026-07-04T20:22:12,reactive_hot_humid_bursty_r1,reactive,hot_humid,bursty,1,36.625,36.325,36.125,33.625,25.0,45.0,0.0,,100.0,2.0,,,,0,cooldown
2026-07-04T20:22:12,reactive_hot_humid_bursty_r1,reactive,hot_humid,bursty,1,36.616,36.316,36.116,33.616,25.0,45.0,0.0,,100.0,2.0,,,,0,cooldown
2026-07-04T20:22:12,reactive_hot_humid_bursty_r1,reactive,hot_humid,bursty,1,36.606,36.306,36.106,33.606,25.0,45.0,0.0,,100.0,2.0,,,,0,cooldown
2026-07-04T20:22:12,reactive_hot_humid_bursty_r1,reactive,hot_humid,bursty,1,36.597,36.297,36.097,33.597,25.0,45.0,0.0,,100.0,2.0,,,,0,cooldown
2026-07-04T20:22:12,reactive_hot_humid_bursty_r1,reactive,hot_humid,bursty,1,36.588,36.288,36.088,33.588,25.0,45.0,0.0,,100.0,2.0,,,,0,cooldown
2026-07-04T20:22:12,reactive_hot_humid_bursty_r1,reactive,hot_humid,bursty,1,36.579,36.279,36.079,33.579,25.0,45.0,0.0,,100.0,2.0,,,,0,cooldown
2026-07-04T20:22:12,reactive_hot_humid_bursty_r1,reactive,hot_humid,bursty,1,36.57,36.27,36.07,33.57,25.0,45.0,0.0,,100.0,2.0,,,,0,cooldown
2026-07-04T20:22:12,reactive_hot_humid_bursty_r1,reactive,hot_humid,bursty,1,36.561,36.261,36.061,33.561,25.0,45.0,0.0,,100.0,2.0,,,,0,cooldown
2026-07-04T20:22:12,reactive_hot_humid_bursty_r1,reactive,hot_humid,bursty,1,36.551,36.251,36.051,33.551,25.0,45.0,0.0,,100.0,2.0,,,,0,cooldown
2026-07-04T20:22:12,reactive_hot_humid_bursty_r1,reactive,hot_humid,bursty,1,36.542,36.242,36.042,33.542,25.0,45.0,0.0,,100.0,2.0,,,,0,cooldown
2026-07-04T20:22:12,reactive_hot_humid_bursty_r1,reactive,hot_humid,bursty,1,36.533,36.233,36.033,33.533,25.0,45.0,0.0,,100.0,2.0,,,,0,cooldown
2026-07-04T20:22:12,reactive_hot_humid_bursty_r1,reactive,hot_humid,bursty,1,36.524,36.224,36.024,33.524,25.0,45.0,0.0,,100.0,2.0,,,,0,cooldown
2026-07-04T20:22:12,reactive_hot_humid_bursty_r1,reactive,hot_humid,bursty,1,36.515,36.215,36.015,33.515,25.0,45.0,0.0,,100.0,2.0,,,,0,cooldown
2026-07-04T20:22:12,reactive_hot_humid_bursty_r1,reactive,hot_humid,bursty,1,36.506,36.206,36.006,33.506,25.0,45.0,0.0,,100.0,2.0,,,,0,cooldown
2026-07-04T20:22:12,reactive_hot_humid_bursty_r1,reactive,hot_humid,bursty,1,36.497,36.197,35.997,33.497,25.0,45.0,0.0,,100.0,2.0,,,,0,cooldown
2026-07-04T20:22:12,reactive_hot_humid_bursty_r1,reactive,hot_humid,bursty,1,36.488,36.188,35.988,33.488,25.0,45.0,0.0,,100.0,2.0,,,,0,cooldown
2026-07-04T20:22:12,reactive_hot_humid_bursty_r1,reactive,hot_humid,bursty,1,36.479,36.179,35.979,33.479,25.0,45.0,0.0,,100.0,2.0,,,,0,cooldown
2026-07-04T20:22:12,reactive_hot_humid_bursty_r1,reactive,hot_humid,bursty,1,36.47,36.17,35.97,33.47,25.0,45.0,0.0,,100.0,2.0,,,,0,cooldown
2026-07-04T20:22:12,reactive_hot_humid_bursty_r1,reactive,hot_humid,bursty,1,36.461,36.161,35.961,33.461,25.0,45.0,0.0,,100.0,2.0,,,,0,cooldown
2026-07-04T20:22:12,reactive_hot_humid_bursty_r1,reactive,hot_humid,bursty,1,36.452,36.152,35.952,33.452,25.0,45.0,0.0,,100.0,2.0,,,,0,cooldown
2026-07-04T20:22:12,reactive_hot_humid_bursty_r1,reactive,hot_humid,bursty,1,36.443,36.143,35.943,33.443,25.0,45.0,0.0,,100.0,2.0,,,,0,cooldown
2026-07-04T20:22:12,reactive_hot_humid_bursty_r1,reactive,hot_humid,bursty,1,36.433,36.133,35.933,33.433,25.0,45.0,0.0,,100.0,2.0,,,,0,cooldown
2026-07-04T20:22:12,reactive_hot_humid_bursty_r1,reactive,hot_humid,bursty,1,36.424,36.124,35.924,33.424,25.0,45.0,0.0,,100.0,2.0,,,,0,cooldown
2026-07-04T20:22:12,reactive_hot_humid_bursty_r1,reactive,hot_humid,bursty,1,36.415,36.115,35.915,33.415,25.0,45.0,0.0,,100.0,2.0,,,,0,cooldown
2026-07-04T20:22:12,reactive_hot_humid_bursty_r1,reactive,hot_humid,bursty,1,36.406,36.106,35.906,33.406,25.0,45.0,0.0,,100.0,2.0,,,,0,cooldown
2026-07-04T20:22:12,reactive_hot_humid_bursty_r1,reactive,hot_humid,bursty,1,36.397,36.097,35.897,33.397,25.0,45.0,0.0,,100.0,2.0,,,,0,cooldown
2026-07-04T20:22:12,reactive_hot_humid_bursty_r1,reactive,hot_humid,bursty,1,36.388,36.088,35.888,33.388,25.0,45.0,0.0,,100.0,2.0,,,,0,cooldown
2026-07-04T20:22:12,reactive_hot_humid_bursty_r1,reactive,hot_humid,bursty,1,36.379,36.079,35.879,33.379,25.0,45.0,0.0,,100.0,2.0,,,,0,cooldown
2026-07-04T20:22:12,reactive_hot_humid_bursty_r1,reactive,hot_humid,bursty,1,36.37,36.07,35.87,33.37,25.0,45.0,0.0,,100.0,2.0,,,,0,cooldown
2026-07-04T20:22:12,reactive_hot_humid_bursty_r1,reactive,hot_humid,bursty,1,36.361,36.061,35.861,33.361,25.0,45.0,0.0,,100.0,2.0,,,,0,cooldown
2026-07-04T20:22:12,reactive_hot_humid_bursty_r1,reactive,hot_humid,bursty,1,36.353,36.053,35.853,33.353,25.0,45.0,0.0,,100.0,2.0,,,,0,cooldown
2026-07-04T20:22:12,reactive_hot_humid_bursty_r1,reactive,hot_humid,bursty,1,36.344,36.044,35.844,33.344,25.0,45.0,0.0,,100.0,2.0,,,,0,cooldown
2026-07-04T20:22:12,reactive_hot_humid_bursty_r1,reactive,hot_humid,bursty,1,36.335,36.035,35.835,33.335,25.0,45.0,0.0,,100.0,2.0,,,,0,cooldown
2026-07-04T20:22:12,reactive_hot_humid_bursty_r1,reactive,hot_humid,bursty,1,36.326,36.026,35.826,33.326,25.0,45.0,0.0,,100.0,2.0,,,,0,cooldown
2026-07-04T20:22:12,reactive_hot_humid_bursty_r1,reactive,hot_humid,bursty,1,36.317,36.017,35.817,33.317,25.0,45.0,0.0,,100.0,2.0,,,,0,cooldown
2026-07-04T20:22:12,reactive_hot_humid_bursty_r1,reactive,hot_humid,bursty,1,36.308,36.008,35.808,33.308,25.0,45.0,0.0,,100.0,2.0,,,,0,cooldown
2026-07-04T20:22:12,reactive_hot_humid_bursty_r1,reactive,hot_humid,bursty,1,36.299,35.999,35.799,33.299,25.0,45.0,0.0,,100.0,2.0,,,,0,cooldown
2026-07-04T20:22:12,reactive_hot_humid_bursty_r1,reactive,hot_humid,bursty,1,36.29,35.99,35.79,33.29,25.0,45.0,0.0,,100.0,2.0,,,,0,cooldown
2026-07-04T20:22:12,reactive_hot_humid_bursty_r1,reactive,hot_humid,bursty,1,36.281,35.981,35.781,33.281,25.0,45.0,0.0,,100.0,2.0,,,,0,cooldown
2026-07-04T20:22:12,reactive_hot_humid_bursty_r1,reactive,hot_humid,bursty,1,36.272,35.972,35.772,33.272,25.0,45.0,0.0,,100.0,2.0,,,,0,cooldown
2026-07-04T20:22:12,reactive_hot_humid_bursty_r1,reactive,hot_humid,bursty,1,36.263,35.963,35.763,33.263,25.0,45.0,0.0,,100.0,2.0,,,,0,cooldown
2026-07-04T20:22:12,reactive_hot_humid_bursty_r1,reactive,hot_humid,bursty,1,36.254,35.954,35.754,33.254,25.0,45.0,0.0,,100.0,2.0,,,,0,cooldown
2026-07-04T20:22:12,reactive_hot_humid_bursty_r1,reactive,hot_humid,bursty,1,36.245,35.945,35.745,33.245,25.0,45.0,0.0,,100.0,2.0,,,,0,cooldown
2026-07-04T20:22:12,reactive_hot_humid_bursty_r1,reactive,hot_humid,bursty,1,36.237,35.937,35.737,33.237,25.0,45.0,0.0,,100.0,2.0,,,,0,cooldown
2026-07-04T20:22:12,reactive_hot_humid_bursty_r1,reactive,hot_humid,bursty,1,36.228,35.928,35.728,33.228,25.0,45.0,0.0,,100.0,2.0,,,,0,cooldown
2026-07-04T20:22:12,reactive_hot_humid_bursty_r1,reactive,hot_humid,bursty,1,36.219,35.919,35.719,33.219,25.0,45.0,0.0,,100.0,2.0,,,,0,cooldown
2026-07-04T20:22:12,reactive_hot_humid_bursty_r1,reactive,hot_humid,bursty,1,36.21,35.91,35.71,33.21,25.0,45.0,0.0,,100.0,2.0,,,,0,cooldown
2026-07-04T20:22:12,reactive_hot_humid_bursty_r1,reactive,hot_humid,bursty,1,36.201,35.901,35.701,33.201,25.0,45.0,0.0,,100.0,2.0,,,,0,cooldown
2026-07-04T20:22:12,reactive_hot_humid_bursty_r1,reactive,hot_humid,bursty,1,36.192,35.892,35.692,33.192,25.0,45.0,0.0,,100.0,2.0,,,,0,cooldown
2026-07-04T20:22:12,reactive_hot_humid_bursty_r1,reactive,hot_humid,bursty,1,36.183,35.883,35.683,33.183,25.0,45.0,0.0,,100.0,2.0,,,,0,cooldown
2026-07-04T20:22:12,reactive_hot_humid_bursty_r1,reactive,hot_humid,bursty,1,36.175,35.875,35.675,33.175,25.0,45.0,0.0,,100.0,2.0,,,,0,cooldown
2026-07-04T20:22:12,reactive_hot_humid_bursty_r1,reactive,hot_humid,bursty,1,36.166,35.866,35.666,33.166,25.0,45.0,0.0,,100.0,2.0,,,,0,cooldown
2026-07-04T20:22:12,reactive_hot_humid_bursty_r1,reactive,hot_humid,bursty,1,36.157,35.857,35.657,33.157,25.0,45.0,0.0,,100.0,2.0,,,,0,cooldown
2026-07-04T20:22:12,reactive_hot_humid_bursty_r1,reactive,hot_humid,bursty,1,36.148,35.848,35.648,33.148,25.0,45.0,0.0,,100.0,2.0,,,,0,cooldown
2026-07-04T20:22:12,reactive_hot_humid_bursty_r1,reactive,hot_humid,bursty,1,36.139,35.839,35.639,33.139,25.0,45.0,0.0,,100.0,2.0,,,,0,cooldown
2026-07-04T20:22:12,reactive_hot_humid_bursty_r1,reactive,hot_humid,bursty,1,36.131,35.831,35.631,33.131,25.0,45.0,0.0,,100.0,2.0,,,,0,cooldown
2026-07-04T20:22:12,reactive_hot_humid_bursty_r1,reactive,hot_humid,bursty,1,36.122,35.822,35.622,33.122,25.0,45.0,0.0,,100.0,2.0,,,,0,cooldown
2026-07-04T20:22:12,reactive_hot_humid_bursty_r1,reactive,hot_humid,bursty,1,36.113,35.813,35.613,33.113,25.0,45.0,0.0,,100.0,2.0,,,,0,cooldown
2026-07-04T20:22:12,reactive_hot_humid_bursty_r1,reactive,hot_humid,bursty,1,36.104,35.804,35.604,33.104,25.0,45.0,0.0,,100.0,2.0,,,,0,cooldown
2026-07-04T20:22:12,reactive_hot_humid_bursty_r1,reactive,hot_humid,bursty,1,36.095,35.795,35.595,33.095,25.0,45.0,0.0,,100.0,2.0,,,,0,cooldown
2026-07-04T20:22:12,reactive_hot_humid_bursty_r1,reactive,hot_humid,bursty,1,36.087,35.787,35.587,33.087,25.0,45.0,0.0,,100.0,2.0,,,,0,cooldown
2026-07-04T20:22:12,reactive_hot_humid_bursty_r1,reactive,hot_humid,bursty,1,36.078,35.778,35.578,33.078,25.0,45.0,0.0,,100.0,2.0,,,,0,cooldown
2026-07-04T20:22:12,reactive_hot_humid_bursty_r1,reactive,hot_humid,bursty,1,36.069,35.769,35.569,33.069,25.0,45.0,0.0,,100.0,2.0,,,,0,cooldown
2026-07-04T20:22:13,reactive_hot_humid_bursty_r1,reactive,hot_humid,bursty,1,36.06,35.76,35.56,33.06,25.0,45.0,0.0,,100.0,2.0,,,,0,cooldown
2026-07-04T20:22:13,reactive_hot_humid_bursty_r1,reactive,hot_humid,bursty,1,36.052,35.752,35.552,33.052,25.0,45.0,0.0,,100.0,2.0,,,,0,cooldown
2026-07-04T20:22:13,reactive_hot_humid_bursty_r1,reactive,hot_humid,bursty,1,36.043,35.743,35.543,33.043,25.0,45.0,0.0,,100.0,2.0,,,,0,cooldown
2026-07-04T20:22:13,reactive_hot_humid_bursty_r1,reactive,hot_humid,bursty,1,36.034,35.734,35.534,33.034,25.0,45.0,0.0,,100.0,2.0,,,,0,cooldown
2026-07-04T20:22:13,reactive_hot_humid_bursty_r1,reactive,hot_humid,bursty,1,36.026,35.726,35.526,33.026,25.0,45.0,0.0,,100.0,2.0,,,,0,cooldown
2026-07-04T20:22:13,reactive_hot_humid_bursty_r1,reactive,hot_humid,bursty,1,36.017,35.717,35.517,33.017,25.0,45.0,0.0,,100.0,2.0,,,,0,cooldown
2026-07-04T20:22:13,reactive_hot_humid_bursty_r1,reactive,hot_humid,bursty,1,36.008,35.708,35.508,33.008,25.0,45.0,0.0,,100.0,2.0,,,,0,cooldown
2026-07-04T20:22:13,reactive_hot_humid_bursty_r1,reactive,hot_humid,bursty,1,35.999,35.699,35.499,32.999,25.0,45.0,0.0,,100.0,2.0,,,,0,cooldown
2026-07-04T20:22:13,reactive_hot_humid_bursty_r1,reactive,hot_humid,bursty,1,35.991,35.691,35.491,32.991,25.0,45.0,0.0,,100.0,2.0,,,,0,cooldown
2026-07-04T20:22:13,reactive_hot_humid_bursty_r1,reactive,hot_humid,bursty,1,35.982,35.682,35.482,32.982,25.0,45.0,0.0,,100.0,2.0,,,,0,cooldown
2026-07-04T20:22:13,reactive_hot_humid_bursty_r1,reactive,hot_humid,bursty,1,35.973,35.673,35.473,32.973,25.0,45.0,0.0,,100.0,2.0,,,,0,cooldown
2026-07-04T20:22:13,reactive_hot_humid_bursty_r1,reactive,hot_humid,bursty,1,35.965,35.665,35.465,32.965,25.0,45.0,0.0,,100.0,2.0,,,,0,cooldown
2026-07-04T20:22:13,reactive_hot_humid_bursty_r1,reactive,hot_humid,bursty,1,35.956,35.656,35.456,32.956,25.0,45.0,0.0,,100.0,2.0,,,,0,cooldown
2026-07-04T20:22:13,reactive_hot_humid_bursty_r1,reactive,hot_humid,bursty,1,35.947,35.647,35.447,32.947,25.0,45.0,0.0,,100.0,2.0,,,,0,cooldown
2026-07-04T20:22:13,reactive_hot_humid_bursty_r1,reactive,hot_humid,bursty,1,35.939,35.639,35.439,32.939,25.0,45.0,0.0,,100.0,2.0,,,,0,cooldown
2026-07-04T20:22:13,reactive_hot_humid_bursty_r1,reactive,hot_humid,bursty,1,35.93,35.63,35.43,32.93,25.0,45.0,0.0,,100.0,2.0,,,,0,cooldown
2026-07-04T20:22:13,reactive_hot_humid_bursty_r1,reactive,hot_humid,bursty,1,35.922,35.622,35.422,32.922,25.0,45.0,0.0,,100.0,2.0,,,,0,cooldown
2026-07-04T20:22:13,reactive_hot_humid_bursty_r1,reactive,hot_humid,bursty,1,35.913,35.613,35.413,32.913,25.0,45.0,0.0,,100.0,2.0,,,,0,cooldown
2026-07-04T20:22:13,reactive_hot_humid_bursty_r1,reactive,hot_humid,bursty,1,35.904,35.604,35.404,32.904,25.0,45.0,0.0,,100.0,2.0,,,,0,cooldown
2026-07-04T20:22:13,reactive_hot_humid_bursty_r1,reactive,hot_humid,bursty,1,35.896,35.596,35.396,32.896,25.0,45.0,0.0,,100.0,2.0,,,,0,cooldown
2026-07-04T20:22:13,reactive_hot_humid_bursty_r1,reactive,hot_humid,bursty,1,35.887,35.587,35.387,32.887,25.0,45.0,0.0,,100.0,2.0,,,,0,cooldown
2026-07-04T20:22:13,reactive_hot_humid_bursty_r1,reactive,hot_humid,bursty,1,35.879,35.579,35.379,32.879,25.0,45.0,0.0,,100.0,2.0,,,,0,cooldown
2026-07-04T20:22:13,reactive_hot_humid_bursty_r1,reactive,hot_humid,bursty,1,35.87,35.57,35.37,32.87,25.0,45.0,0.0,,100.0,2.0,,,,0,cooldown
2026-07-04T20:22:13,reactive_hot_humid_bursty_r1,reactive,hot_humid,bursty,1,35.861,35.561,35.361,32.861,25.0,45.0,0.0,,100.0,2.0,,,,0,cooldown
2026-07-04T20:22:13,reactive_hot_humid_bursty_r1,reactive,hot_humid,bursty,1,35.853,35.553,35.353,32.853,25.0,45.0,0.0,,100.0,2.0,,,,0,cooldown
2026-07-04T20:22:13,reactive_hot_humid_bursty_r1,reactive,hot_humid,bursty,1,35.844,35.544,35.344,32.844,25.0,45.0,0.0,,100.0,2.0,,,,0,cooldown
2026-07-04T20:22:13,reactive_hot_humid_bursty_r1,reactive,hot_humid,bursty,1,35.836,35.536,35.336,32.836,25.0,45.0,0.0,,100.0,2.0,,,,0,cooldown
2026-07-04T20:22:13,reactive_hot_humid_bursty_r1,reactive,hot_humid,bursty,1,35.827,35.527,35.327,32.827,25.0,45.0,0.0,,100.0,2.0,,,,0,cooldown
2026-07-04T20:22:13,reactive_hot_humid_bursty_r1,reactive,hot_humid,bursty,1,35.819,35.519,35.319,32.819,25.0,45.0,0.0,,100.0,2.0,,,,0,cooldown
2026-07-04T20:22:13,reactive_hot_humid_bursty_r1,reactive,hot_humid,bursty,1,35.81,35.51,35.31,32.81,25.0,45.0,0.0,,100.0,2.0,,,,0,cooldown
2026-07-04T20:22:13,reactive_hot_humid_bursty_r1,reactive,hot_humid,bursty,1,35.801,35.501,35.301,32.801,25.0,45.0,0.0,,100.0,2.0,,,,0,cooldown
2026-07-04T20:22:13,reactive_hot_humid_bursty_r1,reactive,hot_humid,bursty,1,35.793,35.493,35.293,32.793,25.0,45.0,0.0,,100.0,2.0,,,,0,cooldown
2026-07-04T20:22:13,reactive_hot_humid_bursty_r1,reactive,hot_humid,bursty,1,35.784,35.484,35.284,32.784,25.0,45.0,0.0,,100.0,2.0,,,,0,cooldown
2026-07-04T20:22:13,reactive_hot_humid_bursty_r1,reactive,hot_humid,bursty,1,35.776,35.476,35.276,32.776,25.0,45.0,0.0,,100.0,2.0,,,,0,cooldown
2026-07-04T20:22:13,reactive_hot_humid_bursty_r1,reactive,hot_humid,bursty,1,35.767,35.467,35.267,32.767,25.0,45.0,0.0,,100.0,2.0,,,,0,cooldown
2026-07-04T20:22:13,reactive_hot_humid_bursty_r1,reactive,hot_humid,bursty,1,35.759,35.459,35.259,32.759,25.0,45.0,0.0,,100.0,2.0,,,,0,cooldown
2026-07-04T20:22:13,reactive_hot_humid_bursty_r1,reactive,hot_humid,bursty,1,35.75,35.45,35.25,32.75,25.0,45.0,0.0,,100.0,2.0,,,,0,cooldown
2026-07-04T20:22:13,reactive_hot_humid_bursty_r1,reactive,hot_humid,bursty,1,35.742,35.442,35.242,32.742,25.0,45.0,0.0,,100.0,2.0,,,,0,cooldown
2026-07-04T20:22:13,reactive_hot_humid_bursty_r1,reactive,hot_humid,bursty,1,35.733,35.433,35.233,32.733,25.0,45.0,0.0,,100.0,2.0,,,,0,cooldown
2026-07-04T20:22:13,reactive_hot_humid_bursty_r1,reactive,hot_humid,bursty,1,35.725,35.425,35.225,32.725,25.0,45.0,0.0,,100.0,2.0,,,,0,cooldown
2026-07-04T20:22:13,reactive_hot_humid_bursty_r1,reactive,hot_humid,bursty,1,35.716,35.416,35.216,32.716,25.0,45.0,0.0,,100.0,2.0,,,,0,cooldown
2026-07-04T20:22:13,reactive_hot_humid_bursty_r1,reactive,hot_humid,bursty,1,35.708,35.408,35.208,32.708,25.0,45.0,0.0,,100.0,2.0,,,,0,cooldown
2026-07-04T20:22:13,reactive_hot_humid_bursty_r1,reactive,hot_humid,bursty,1,35.7,35.4,35.2,32.7,25.0,45.0,0.0,,100.0,2.0,,,,0,cooldown
2026-07-04T20:22:13,reactive_hot_humid_bursty_r1,reactive,hot_humid,bursty,1,35.691,35.391,35.191,32.691,25.0,45.0,0.0,,100.0,2.0,,,,0,cooldown
2026-07-04T20:22:13,reactive_hot_humid_bursty_r1,reactive,hot_humid,bursty,1,35.683,35.383,35.183,32.683,25.0,45.0,0.0,,100.0,2.0,,,,0,cooldown
2026-07-04T20:22:13,reactive_hot_humid_bursty_r1,reactive,hot_humid,bursty,1,35.674,35.374,35.174,32.674,25.0,45.0,0.0,,100.0,2.0,,,,0,cooldown
2026-07-04T20:22:13,reactive_hot_humid_bursty_r1,reactive,hot_humid,bursty,1,35.666,35.366,35.166,32.666,25.0,45.0,0.0,,100.0,2.0,,,,0,cooldown
2026-07-04T20:22:13,reactive_hot_humid_bursty_r1,reactive,hot_humid,bursty,1,35.657,35.357,35.157,32.657,25.0,45.0,0.0,,100.0,2.0,,,,0,cooldown
2026-07-04T20:22:13,reactive_hot_humid_bursty_r1,reactive,hot_humid,bursty,1,35.649,35.349,35.149,32.649,25.0,45.0,0.0,,100.0,2.0,,,,0,cooldown
2026-07-04T20:22:13,reactive_hot_humid_bursty_r1,reactive,hot_humid,bursty,1,35.641,35.341,35.141,32.641,25.0,45.0,0.0,,100.0,2.0,,,,0,cooldown
2026-07-04T20:22:13,reactive_hot_humid_bursty_r1,reactive,hot_humid,bursty,1,35.632,35.332,35.132,32.632,25.0,45.0,0.0,,100.0,2.0,,,,0,cooldown
2026-07-04T20:22:13,reactive_hot_humid_bursty_r1,reactive,hot_humid,bursty,1,35.624,35.324,35.124,32.624,25.0,45.0,0.0,,100.0,2.0,,,,0,cooldown
2026-07-04T20:22:13,reactive_hot_humid_bursty_r1,reactive,hot_humid,bursty,1,35.615,35.315,35.115,32.615,25.0,45.0,0.0,,100.0,2.0,,,,0,cooldown
2026-07-04T20:22:13,reactive_hot_humid_bursty_r1,reactive,hot_humid,bursty,1,35.607,35.307,35.107,32.607,25.0,45.0,0.0,,100.0,2.0,,,,0,cooldown
2026-07-04T20:22:13,reactive_hot_humid_bursty_r1,reactive,hot_humid,bursty,1,35.599,35.299,35.099,32.599,25.0,45.0,0.0,,100.0,2.0,,,,0,cooldown
2026-07-04T20:22:13,reactive_hot_humid_bursty_r1,reactive,hot_humid,bursty,1,35.59,35.29,35.09,32.59,25.0,45.0,0.0,,100.0,2.0,,,,0,cooldown
2026-07-04T20:22:13,reactive_hot_humid_bursty_r1,reactive,hot_humid,bursty,1,35.582,35.282,35.082,32.582,25.0,45.0,0.0,,100.0,2.0,,,,0,cooldown
2026-07-04T20:22:13,reactive_hot_humid_bursty_r1,reactive,hot_humid,bursty,1,35.574,35.274,35.074,32.574,25.0,45.0,0.0,,100.0,2.0,,,,0,cooldown
2026-07-04T20:22:13,reactive_hot_humid_bursty_r1,reactive,hot_humid,bursty,1,35.565,35.265,35.065,32.565,25.0,45.0,0.0,,100.0,2.0,,,,0,cooldown
2026-07-04T20:22:13,reactive_hot_humid_bursty_r1,reactive,hot_humid,bursty,1,35.557,35.257,35.057,32.557,25.0,45.0,0.0,,100.0,2.0,,,,0,cooldown
2026-07-04T20:22:13,reactive_hot_humid_bursty_r1,reactive,hot_humid,bursty,1,35.549,35.249,35.049,32.549,25.0,45.0,0.0,,100.0,2.0,,,,0,cooldown
2026-07-04T20:22:13,reactive_hot_humid_bursty_r1,reactive,hot_humid,bursty,1,35.54,35.24,35.04,32.54,25.0,45.0,0.0,,100.0,2.0,,,,0,cooldown
2026-07-04T20:22:13,reactive_hot_humid_bursty_r1,reactive,hot_humid,bursty,1,35.532,35.232,35.032,32.532,25.0,45.0,0.0,,100.0,2.0,,,,0,cooldown
2026-07-04T20:22:13,reactive_hot_humid_bursty_r1,reactive,hot_humid,bursty,1,35.524,35.224,35.024,32.524,25.0,45.0,0.0,,100.0,2.0,,,,0,cooldown
2026-07-04T20:22:13,reactive_hot_humid_bursty_r1,reactive,hot_humid,bursty,1,35.515,35.215,35.015,32.515,25.0,45.0,0.0,,100.0,2.0,,,,0,cooldown
2026-07-04T20:22:13,reactive_hot_humid_bursty_r1,reactive,hot_humid,bursty,1,35.507,35.207,35.007,32.507,25.0,45.0,0.0,,100.0,2.0,,,,0,cooldown
2026-07-04T20:22:13,reactive_hot_humid_bursty_r1,reactive,hot_humid,bursty,1,35.499,35.199,34.999,32.499,25.0,45.0,0.0,,100.0,2.0,,,,0,cooldown
2026-07-04T20:22:13,reactive_hot_humid_bursty_r1,reactive,hot_humid,bursty,1,35.49,35.19,34.99,32.49,25.0,45.0,0.0,,100.0,2.0,,,,0,cooldown
2026-07-04T20:22:13,reactive_hot_humid_bursty_r1,reactive,hot_humid,bursty,1,35.482,35.182,34.982,32.482,25.0,45.0,0.0,,100.0,2.0,,,,0,cooldown
2026-07-04T20:22:13,reactive_hot_humid_bursty_r1,reactive,hot_humid,bursty,1,35.474,35.174,34.974,32.474,25.0,45.0,0.0,,100.0,2.0,,,,0,cooldown
2026-07-04T20:22:13,reactive_hot_humid_bursty_r1,reactive,hot_humid,bursty,1,35.466,35.166,34.966,32.466,25.0,45.0,0.0,,100.0,2.0,,,,0,cooldown
2026-07-04T20:22:13,reactive_hot_humid_bursty_r1,reactive,hot_humid,bursty,1,35.457,35.157,34.957,32.457,25.0,45.0,0.0,,100.0,2.0,,,,0,cooldown
2026-07-04T20:22:13,reactive_hot_humid_bursty_r1,reactive,hot_humid,bursty,1,35.449,35.149,34.949,32.449,25.0,45.0,0.0,,100.0,2.0,,,,0,cooldown
2026-07-04T20:22:13,reactive_hot_humid_bursty_r1,reactive,hot_humid,bursty,1,35.441,35.141,34.941,32.441,25.0,45.0,0.0,,100.0,2.0,,,,0,cooldown
2026-07-04T20:22:13,reactive_hot_humid_bursty_r1,reactive,hot_humid,bursty,1,35.433,35.133,34.933,32.433,25.0,45.0,0.0,,100.0,2.0,,,,0,cooldown
2026-07-04T20:22:13,reactive_hot_humid_bursty_r1,reactive,hot_humid,bursty,1,35.424,35.124,34.924,32.424,25.0,45.0,0.0,,100.0,2.0,,,,0,cooldown
2026-07-04T20:22:13,reactive_hot_humid_bursty_r1,reactive,hot_humid,bursty,1,35.416,35.116,34.916,32.416,25.0,45.0,0.0,,100.0,2.0,,,,0,cooldown
2026-07-04T20:22:13,reactive_hot_humid_bursty_r1,reactive,hot_humid,bursty,1,35.408,35.108,34.908,32.408,25.0,45.0,0.0,,100.0,2.0,,,,0,cooldown
2026-07-04T20:22:13,reactive_hot_humid_bursty_r1,reactive,hot_humid,bursty,1,35.4,35.1,34.9,32.4,25.0,45.0,0.0,,100.0,2.0,,,,0,cooldown
2026-07-04T20:22:13,reactive_hot_humid_bursty_r1,reactive,hot_humid,bursty,1,35.391,35.091,34.891,32.391,25.0,45.0,0.0,,100.0,2.0,,,,0,cooldown
2026-07-04T20:22:13,reactive_hot_humid_bursty_r1,reactive,hot_humid,bursty,1,35.383,35.083,34.883,32.383,25.0,45.0,0.0,,100.0,2.0,,,,0,cooldown
2026-07-04T20:22:13,reactive_hot_humid_bursty_r1,reactive,hot_humid,bursty,1,35.375,35.075,34.875,32.375,25.0,45.0,0.0,,100.0,2.0,,,,0,cooldown
2026-07-04T20:22:13,reactive_hot_humid_bursty_r1,reactive,hot_humid,bursty,1,35.367,35.067,34.867,32.367,25.0,45.0,0.0,,100.0,2.0,,,,0,cooldown
2026-07-04T20:22:13,reactive_hot_humid_bursty_r1,reactive,hot_humid,bursty,1,35.359,35.059,34.859,32.359,25.0,45.0,0.0,,100.0,2.0,,,,0,cooldown
2026-07-04T20:22:13,reactive_hot_humid_bursty_r1,reactive,hot_humid,bursty,1,35.35,35.05,34.85,32.35,25.0,45.0,0.0,,100.0,2.0,,,,0,cooldown
2026-07-04T20:22:13,reactive_hot_humid_bursty_r1,reactive,hot_humid,bursty,1,35.342,35.042,34.842,32.342,25.0,45.0,0.0,,100.0,2.0,,,,0,cooldown
2026-07-04T20:22:13,reactive_hot_humid_bursty_r1,reactive,hot_humid,bursty,1,35.334,35.034,34.834,32.334,25.0,45.0,0.0,,100.0,2.0,,,,0,cooldown
2026-07-04T20:22:13,reactive_hot_humid_bursty_r1,reactive,hot_humid,bursty,1,35.326,35.026,34.826,32.326,25.0,45.0,0.0,,100.0,2.0,,,,0,cooldown
2026-07-04T20:22:13,reactive_hot_humid_bursty_r1,reactive,hot_humid,bursty,1,35.318,35.018,34.818,32.318,25.0,45.0,0.0,,100.0,2.0,,,,0,cooldown
2026-07-04T20:22:13,reactive_hot_humid_bursty_r1,reactive,hot_humid,bursty,1,35.31,35.01,34.81,32.31,25.0,45.0,0.0,,100.0,2.0,,,,0,cooldown
2026-07-04T20:22:13,reactive_hot_humid_bursty_r1,reactive,hot_humid,bursty,1,35.302,35.002,34.802,32.302,25.0,45.0,0.0,,100.0,2.0,,,,0,cooldown
2026-07-04T20:22:13,reactive_hot_humid_bursty_r1,reactive,hot_humid,bursty,1,35.293,34.993,34.793,32.293,25.0,45.0,0.0,,100.0,2.0,,,,0,cooldown
2026-07-04T20:22:13,reactive_hot_humid_bursty_r1,reactive,hot_humid,bursty,1,35.285,34.985,34.785,32.285,25.0,45.0,0.0,,100.0,2.0,,,,0,cooldown
2026-07-04T20:22:13,reactive_hot_humid_bursty_r1,reactive,hot_humid,bursty,1,35.277,34.977,34.777,32.277,25.0,45.0,0.0,,100.0,2.0,,,,0,cooldown
2026-07-04T20:22:13,reactive_hot_humid_bursty_r1,reactive,hot_humid,bursty,1,35.269,34.969,34.769,32.269,25.0,45.0,0.0,,100.0,2.0,,,,0,cooldown
2026-07-04T20:22:13,reactive_hot_humid_bursty_r1,reactive,hot_humid,bursty,1,35.261,34.961,34.761,32.261,25.0,45.0,0.0,,100.0,2.0,,,,0,cooldown
2026-07-04T20:22:13,reactive_hot_humid_bursty_r1,reactive,hot_humid,bursty,1,35.253,34.953,34.753,32.253,25.0,45.0,0.0,,100.0,2.0,,,,0,cooldown
2026-07-04T20:22:13,reactive_hot_humid_bursty_r1,reactive,hot_humid,bursty,1,35.245,34.945,34.745,32.245,25.0,45.0,0.0,,100.0,2.0,,,,0,cooldown
2026-07-04T20:22:13,reactive_hot_humid_bursty_r1,reactive,hot_humid,bursty,1,35.237,34.937,34.737,32.237,25.0,45.0,0.0,,100.0,2.0,,,,0,cooldown
2026-07-04T20:22:13,reactive_hot_humid_bursty_r1,reactive,hot_humid,bursty,1,35.229,34.929,34.729,32.229,25.0,45.0,0.0,,100.0,2.0,,,,0,cooldown
2026-07-04T20:22:13,reactive_hot_humid_bursty_r1,reactive,hot_humid,bursty,1,35.221,34.921,34.721,32.221,25.0,45.0,0.0,,100.0,2.0,,,,0,cooldown
2026-07-04T20:22:13,reactive_hot_humid_bursty_r1,reactive,hot_humid,bursty,1,35.212,34.912,34.712,32.212,25.0,45.0,0.0,,100.0,2.0,,,,0,cooldown
2026-07-04T20:22:13,reactive_hot_humid_bursty_r1,reactive,hot_humid,bursty,1,35.204,34.904,34.704,32.204,25.0,45.0,0.0,,100.0,2.0,,,,0,cooldown
2026-07-04T20:22:13,reactive_hot_humid_bursty_r1,reactive,hot_humid,bursty,1,35.196,34.896,34.696,32.196,25.0,45.0,0.0,,100.0,2.0,,,,0,cooldown
2026-07-04T20:22:13,reactive_hot_humid_bursty_r1,reactive,hot_humid,bursty,1,35.188,34.888,34.688,32.188,25.0,45.0,0.0,,100.0,2.0,,,,0,cooldown
2026-07-04T20:22:13,reactive_hot_humid_bursty_r1,reactive,hot_humid,bursty,1,35.18,34.88,34.68,32.18,25.0,45.0,0.0,,100.0,2.0,,,,0,cooldown
2026-07-04T20:22:13,reactive_hot_humid_bursty_r1,reactive,hot_humid,bursty,1,35.172,34.872,34.672,32.172,25.0,45.0,0.0,,100.0,2.0,,,,0,cooldown
2026-07-04T20:22:13,reactive_hot_humid_bursty_r1,reactive,hot_humid,bursty,1,35.164,34.864,34.664,32.164,25.0,45.0,0.0,,100.0,2.0,,,,0,cooldown
2026-07-04T20:22:13,reactive_hot_humid_bursty_r1,reactive,hot_humid,bursty,1,35.156,34.856,34.656,32.156,25.0,45.0,0.0,,100.0,2.0,,,,0,cooldown
2026-07-04T20:22:13,reactive_hot_humid_bursty_r1,reactive,hot_humid,bursty,1,35.148,34.848,34.648,32.148,25.0,45.0,0.0,,100.0,2.0,,,,0,cooldown
2026-07-04T20:22:13,reactive_hot_humid_bursty_r1,reactive,hot_humid,bursty,1,35.14,34.84,34.64,32.14,25.0,45.0,0.0,,100.0,2.0,,,,0,cooldown
2026-07-04T20:22:13,reactive_hot_humid_bursty_r1,reactive,hot_humid,bursty,1,35.132,34.832,34.632,32.132,25.0,45.0,0.0,,100.0,2.0,,,,0,cooldown
2026-07-04T20:22:13,reactive_hot_humid_bursty_r1,reactive,hot_humid,bursty,1,35.124,34.824,34.624,32.124,25.0,45.0,0.0,,100.0,2.0,,,,0,cooldown
2026-07-04T20:22:13,reactive_hot_humid_bursty_r1,reactive,hot_humid,bursty,1,35.116,34.816,34.616,32.116,25.0,45.0,0.0,,100.0,2.0,,,,0,cooldown
2026-07-04T20:22:13,reactive_hot_humid_bursty_r1,reactive,hot_humid,bursty,1,35.108,34.808,34.608,32.108,25.0,45.0,0.0,,100.0,2.0,,,,0,cooldown
2026-07-04T20:22:13,reactive_hot_humid_bursty_r1,reactive,hot_humid,bursty,1,35.1,34.8,34.6,32.1,25.0,45.0,0.0,,100.0,2.0,,,,0,cooldown
2026-07-04T20:22:13,reactive_hot_humid_bursty_r1,reactive,hot_humid,bursty,1,35.092,34.792,34.592,32.092,25.0,45.0,0.0,,100.0,2.0,,,,0,cooldown
2026-07-04T20:22:13,reactive_hot_humid_bursty_r1,reactive,hot_humid,bursty,1,35.084,34.784,34.584,32.084,25.0,45.0,0.0,,100.0,2.0,,,,0,cooldown
2026-07-04T20:22:13,reactive_hot_humid_bursty_r1,reactive,hot_humid,bursty,1,35.076,34.776,34.576,32.076,25.0,45.0,0.0,,100.0,2.0,,,,0,cooldown
2026-07-04T20:22:13,reactive_hot_humid_bursty_r1,reactive,hot_humid,bursty,1,35.068,34.768,34.568,32.068,25.0,45.0,0.0,,100.0,2.0,,,,0,cooldown
2026-07-04T20:22:13,reactive_hot_humid_bursty_r1,reactive,hot_humid,bursty,1,35.06,34.76,34.56,32.06,25.0,45.0,0.0,,100.0,2.0,,,,0,cooldown
2026-07-04T20:22:13,reactive_hot_humid_bursty_r1,reactive,hot_humid,bursty,1,35.052,34.752,34.552,32.052,25.0,45.0,0.0,,100.0,2.0,,,,0,cooldown
2026-07-04T20:22:13,reactive_hot_humid_bursty_r1,reactive,hot_humid,bursty,1,35.044,34.744,34.544,32.044,25.0,45.0,0.0,,100.0,2.0,,,,0,cooldown
2026-07-04T20:22:13,reactive_hot_humid_bursty_r1,reactive,hot_humid,bursty,1,35.037,34.737,34.537,32.037,25.0,45.0,0.0,,100.0,2.0,,,,0,cooldown
2026-07-04T20:22:13,reactive_hot_humid_bursty_r1,reactive,hot_humid,bursty,1,35.029,34.729,34.529,32.029,25.0,45.0,0.0,,100.0,2.0,,,,0,cooldown
2026-07-04T20:22:13,reactive_hot_humid_bursty_r1,reactive,hot_humid,bursty,1,35.021,34.721,34.521,32.021,25.0,45.0,0.0,,100.0,2.0,,,,0,cooldown
2026-07-04T20:22:13,reactive_hot_humid_bursty_r1,reactive,hot_humid,bursty,1,35.013,34.713,34.513,32.013,25.0,45.0,0.0,,100.0,2.0,,,,0,cooldown
2026-07-04T20:22:13,reactive_hot_humid_bursty_r1,reactive,hot_humid,bursty,1,35.005,34.705,34.505,32.005,25.0,45.0,0.0,,100.0,2.0,,,,0,cooldown
2026-07-04T20:22:13,reactive_hot_humid_bursty_r1,reactive,hot_humid,bursty,1,34.997,34.697,34.497,31.997,25.0,45.0,0.0,,100.0,2.0,,,,0,cooldown
2026-07-04T20:22:13,reactive_hot_humid_bursty_r1,reactive,hot_humid,bursty,1,34.989,34.689,34.489,31.989,25.0,45.0,0.0,,100.0,2.0,,,,0,cooldown
2026-07-04T20:22:13,reactive_hot_humid_bursty_r1,reactive,hot_humid,bursty,1,34.981,34.681,34.481,31.981,25.0,45.0,0.0,,100.0,2.0,,,,0,cooldown
2026-07-04T20:22:13,reactive_hot_humid_bursty_r1,reactive,hot_humid,bursty,1,34.973,34.673,34.473,31.973,25.0,45.0,0.0,,100.0,2.0,,,,0,cooldown
2026-07-04T20:22:13,reactive_hot_humid_bursty_r1,reactive,hot_humid,bursty,1,34.965,34.665,34.465,31.965,25.0,45.0,0.0,,100.0,2.0,,,,0,cooldown
2026-07-04T20:22:13,reactive_hot_humid_bursty_r1,reactive,hot_humid,bursty,1,34.958,34.658,34.458,31.958,25.0,45.0,0.0,,100.0,2.0,,,,0,cooldown
2026-07-04T20:22:13,reactive_hot_humid_bursty_r1,reactive,hot_humid,bursty,1,34.95,34.65,34.45,31.95,25.0,45.0,0.0,,100.0,2.0,,,,0,cooldown
2026-07-04T20:22:13,reactive_hot_humid_bursty_r1,reactive,hot_humid,bursty,1,34.942,34.642,34.442,31.942,25.0,45.0,0.0,,100.0,2.0,,,,0,cooldown
2026-07-04T20:22:13,reactive_hot_humid_bursty_r1,reactive,hot_humid,bursty,1,34.934,34.634,34.434,31.934,25.0,45.0,0.0,,100.0,2.0,,,,0,cooldown
2026-07-04T20:22:13,reactive_hot_humid_bursty_r1,reactive,hot_humid,bursty,1,34.926,34.626,34.426,31.926,25.0,45.0,0.0,,100.0,2.0,,,,0,cooldown
2026-07-04T20:22:13,reactive_hot_humid_bursty_r1,reactive,hot_humid,bursty,1,34.918,34.618,34.418,31.918,25.0,45.0,0.0,,100.0,2.0,,,,0,cooldown
2026-07-04T20:22:13,reactive_hot_humid_bursty_r1,reactive,hot_humid,bursty,1,34.911,34.611,34.411,31.911,25.0,45.0,0.0,,100.0,2.0,,,,0,cooldown
2026-07-04T20:22:13,reactive_hot_humid_bursty_r1,reactive,hot_humid,bursty,1,34.903,34.603,34.403,31.903,25.0,45.0,0.0,,100.0,2.0,,,,0,cooldown
2026-07-04T20:22:13,reactive_hot_humid_bursty_r1,reactive,hot_humid,bursty,1,34.895,34.595,34.395,31.895,25.0,45.0,0.0,,100.0,2.0,,,,0,cooldown
2026-07-04T20:22:13,reactive_hot_humid_bursty_r1,reactive,hot_humid,bursty,1,34.887,34.587,34.387,31.887,25.0,45.0,0.0,,100.0,2.0,,,,0,cooldown
2026-07-04T20:22:13,reactive_hot_humid_bursty_r1,reactive,hot_humid,bursty,1,34.879,34.579,34.379,31.879,25.0,45.0,0.0,,100.0,2.0,,,,0,cooldown
2026-07-04T20:22:13,reactive_hot_humid_bursty_r1,reactive,hot_humid,bursty,1,34.871,34.571,34.371,31.871,25.0,45.0,0.0,,100.0,2.0,,,,0,cooldown
2026-07-04T20:22:13,reactive_hot_humid_bursty_r1,reactive,hot_humid,bursty,1,34.864,34.564,34.364,31.864,25.0,45.0,0.0,,100.0,2.0,,,,0,cooldown
2026-07-04T20:22:13,reactive_hot_humid_bursty_r1,reactive,hot_humid,bursty,1,34.856,34.556,34.356,31.856,25.0,45.0,0.0,,100.0,2.0,,,,0,cooldown
2026-07-04T20:22:13,reactive_hot_humid_bursty_r1,reactive,hot_humid,bursty,1,34.848,34.548,34.348,31.848,25.0,45.0,0.0,,100.0,2.0,,,,0,cooldown
2026-07-04T20:22:13,reactive_hot_humid_bursty_r1,reactive,hot_humid,bursty,1,34.84,34.54,34.34,31.84,25.0,45.0,0.0,,100.0,2.0,,,,0,cooldown
2026-07-04T20:22:13,reactive_hot_humid_bursty_r1,reactive,hot_humid,bursty,1,34.833,34.533,34.333,31.833,25.0,45.0,0.0,,100.0,2.0,,,,0,cooldown
2026-07-04T20:22:13,reactive_hot_humid_bursty_r1,reactive,hot_humid,bursty,1,34.825,34.525,34.325,31.825,25.0,45.0,0.0,,100.0,2.0,,,,0,cooldown
2026-07-04T20:22:13,reactive_hot_humid_bursty_r1,reactive,hot_humid,bursty,1,34.817,34.517,34.317,31.817,25.0,45.0,0.0,,100.0,2.0,,,,0,cooldown
2026-07-04T20:22:13,reactive_hot_humid_bursty_r1,reactive,hot_humid,bursty,1,34.809,34.509,34.309,31.809,25.0,45.0,0.0,,100.0,2.0,,,,0,cooldown
2026-07-04T20:22:13,reactive_hot_humid_bursty_r1,reactive,hot_humid,bursty,1,34.802,34.502,34.302,31.802,25.0,45.0,0.0,,100.0,2.0,,,,0,cooldown
2026-07-04T20:22:13,reactive_hot_humid_bursty_r1,reactive,hot_humid,bursty,1,34.794,34.494,34.294,31.794,25.0,45.0,0.0,,100.0,2.0,,,,0,cooldown
2026-07-04T20:22:13,reactive_hot_humid_bursty_r1,reactive,hot_humid,bursty,1,34.786,34.486,34.286,31.786,25.0,45.0,0.0,,100.0,2.0,,,,0,cooldown
2026-07-04T20:22:13,reactive_hot_humid_bursty_r1,reactive,hot_humid,bursty,1,34.778,34.478,34.278,31.778,25.0,45.0,0.0,,100.0,2.0,,,,0,cooldown
2026-07-04T20:22:13,reactive_hot_humid_bursty_r1,reactive,hot_humid,bursty,1,34.771,34.471,34.271,31.771,25.0,45.0,0.0,,100.0,2.0,,,,0,cooldown
2026-07-04T20:22:13,reactive_hot_humid_bursty_r1,reactive,hot_humid,bursty,1,34.763,34.463,34.263,31.763,25.0,45.0,0.0,,100.0,2.0,,,,0,cooldown
2026-07-04T20:22:13,reactive_hot_humid_bursty_r1,reactive,hot_humid,bursty,1,34.755,34.455,34.255,31.755,25.0,45.0,0.0,,100.0,2.0,,,,0,cooldown
2026-07-04T20:22:13,reactive_hot_humid_bursty_r1,reactive,hot_humid,bursty,1,34.747,34.447,34.247,31.747,25.0,45.0,0.0,,100.0,2.0,,,,0,cooldown
2026-07-04T20:22:13,reactive_hot_humid_bursty_r1,reactive,hot_humid,bursty,1,34.74,34.44,34.24,31.74,25.0,45.0,0.0,,100.0,2.0,,,,0,cooldown
2026-07-04T20:22:13,reactive_hot_humid_bursty_r1,reactive,hot_humid,bursty,1,34.732,34.432,34.232,31.732,25.0,45.0,0.0,,100.0,2.0,,,,0,cooldown
2026-07-04T20:22:13,reactive_hot_humid_bursty_r1,reactive,hot_humid,bursty,1,34.724,34.424,34.224,31.724,25.0,45.0,0.0,,100.0,2.0,,,,0,cooldown
2026-07-04T20:22:13,reactive_hot_humid_bursty_r1,reactive,hot_humid,bursty,1,34.717,34.417,34.217,31.717,25.0,45.0,0.0,,100.0,2.0,,,,0,cooldown
2026-07-04T20:22:13,reactive_hot_humid_bursty_r1,reactive,hot_humid,bursty,1,34.709,34.409,34.209,31.709,25.0,45.0,0.0,,100.0,2.0,,,,0,cooldown
2026-07-04T20:22:13,reactive_hot_humid_bursty_r1,reactive,hot_humid,bursty,1,34.701,34.401,34.201,31.701,25.0,45.0,0.0,,100.0,2.0,,,,0,cooldown
2026-07-04T20:22:13,reactive_hot_humid_bursty_r1,reactive,hot_humid,bursty,1,34.694,34.394,34.194,31.694,25.0,45.0,0.0,,100.0,2.0,,,,0,cooldown
2026-07-04T20:22:13,reactive_hot_humid_bursty_r1,reactive,hot_humid,bursty,1,34.686,34.386,34.186,31.686,25.0,45.0,0.0,,100.0,2.0,,,,0,cooldown
2026-07-04T20:22:13,reactive_hot_humid_bursty_r1,reactive,hot_humid,bursty,1,34.678,34.378,34.178,31.678,25.0,45.0,0.0,,100.0,2.0,,,,0,cooldown
2026-07-04T20:22:13,reactive_hot_humid_bursty_r1,reactive,hot_humid,bursty,1,34.671,34.371,34.171,31.671,25.0,45.0,0.0,,100.0,2.0,,,,0,cooldown
2026-07-04T20:22:13,reactive_hot_humid_bursty_r1,reactive,hot_humid,bursty,1,34.663,34.363,34.163,31.663,25.0,45.0,0.0,,100.0,2.0,,,,0,cooldown
2026-07-04T20:22:13,reactive_hot_humid_bursty_r1,reactive,hot_humid,bursty,1,34.656,34.356,34.156,31.656,25.0,45.0,0.0,,100.0,2.0,,,,0,cooldown
2026-07-04T20:22:13,reactive_hot_humid_bursty_r1,reactive,hot_humid,bursty,1,34.648,34.348,34.148,31.648,25.0,45.0,0.0,,100.0,2.0,,,,0,cooldown
2026-07-04T20:22:13,reactive_hot_humid_bursty_r1,reactive,hot_humid,bursty,1,34.64,34.34,34.14,31.64,25.0,45.0,0.0,,100.0,2.0,,,,0,cooldown
2026-07-04T20:22:13,reactive_hot_humid_bursty_r1,reactive,hot_humid,bursty,1,34.633,34.333,34.133,31.633,25.0,45.0,0.0,,100.0,2.0,,,,0,cooldown
2026-07-04T20:22:13,reactive_hot_humid_bursty_r1,reactive,hot_humid,bursty,1,34.625,34.325,34.125,31.625,25.0,45.0,0.0,,100.0,2.0,,,,0,cooldown
2026-07-04T20:22:13,reactive_hot_humid_bursty_r1,reactive,hot_humid,bursty,1,34.617,34.317,34.117,31.617,25.0,45.0,0.0,,100.0,2.0,,,,0,cooldown
2026-07-04T20:22:13,reactive_hot_humid_bursty_r1,reactive,hot_humid,bursty,1,34.61,34.31,34.11,31.61,25.0,45.0,0.0,,100.0,2.0,,,,0,cooldown
2026-07-04T20:22:13,reactive_hot_humid_bursty_r1,reactive,hot_humid,bursty,1,34.602,34.302,34.102,31.602,25.0,45.0,0.0,,100.0,2.0,,,,0,cooldown
2026-07-04T20:22:13,reactive_hot_humid_bursty_r1,reactive,hot_humid,bursty,1,34.595,34.295,34.095,31.595,25.0,45.0,0.0,,100.0,2.0,,,,0,cooldown
2026-07-04T20:22:13,reactive_hot_humid_bursty_r1,reactive,hot_humid,bursty,1,34.587,34.287,34.087,31.587,25.0,45.0,0.0,,100.0,2.0,,,,0,cooldown
2026-07-04T20:22:13,reactive_hot_humid_bursty_r1,reactive,hot_humid,bursty,1,34.58,34.28,34.08,31.58,25.0,45.0,0.0,,100.0,2.0,,,,0,cooldown
2026-07-04T20:22:13,reactive_hot_humid_bursty_r1,reactive,hot_humid,bursty,1,34.572,34.272,34.072,31.572,25.0,45.0,0.0,,100.0,2.0,,,,0,cooldown
2026-07-04T20:22:13,reactive_hot_humid_bursty_r1,reactive,hot_humid,bursty,1,34.564,34.264,34.064,31.564,25.0,45.0,0.0,,100.0,2.0,,,,0,cooldown
2026-07-04T20:22:13,reactive_hot_humid_bursty_r1,reactive,hot_humid,bursty,1,34.557,34.257,34.057,31.557,25.0,45.0,0.0,,100.0,2.0,,,,0,cooldown
2026-07-04T20:22:13,reactive_hot_humid_bursty_r1,reactive,hot_humid,bursty,1,34.549,34.249,34.049,31.549,25.0,45.0,0.0,,100.0,2.0,,,,0,cooldown
2026-07-04T20:22:13,reactive_hot_humid_bursty_r1,reactive,hot_humid,bursty,1,34.542,34.242,34.042,31.542,25.0,45.0,0.0,,100.0,2.0,,,,0,cooldown
2026-07-04T20:22:13,reactive_hot_humid_bursty_r1,reactive,hot_humid,bursty,1,34.534,34.234,34.034,31.534,25.0,45.0,0.0,,100.0,2.0,,,,0,cooldown
2026-07-04T20:22:13,reactive_hot_humid_bursty_r1,reactive,hot_humid,bursty,1,34.527,34.227,34.027,31.527,25.0,45.0,0.0,,100.0,2.0,,,,0,cooldown
2026-07-04T20:22:13,reactive_hot_humid_bursty_r1,reactive,hot_humid,bursty,1,34.519,34.219,34.019,31.519,25.0,45.0,0.0,,100.0,2.0,,,,0,cooldown
2026-07-04T20:22:13,reactive_hot_humid_bursty_r1,reactive,hot_humid,bursty,1,34.512,34.212,34.012,31.512,25.0,45.0,0.0,,100.0,2.0,,,,0,cooldown
2026-07-04T20:22:13,reactive_hot_humid_bursty_r1,reactive,hot_humid,bursty,1,34.504,34.204,34.004,31.504,25.0,45.0,0.0,,100.0,2.0,,,,0,cooldown
2026-07-04T20:22:13,reactive_hot_humid_bursty_r1,reactive,hot_humid,bursty,1,34.497,34.197,33.997,31.497,25.0,45.0,0.0,,100.0,2.0,,,,0,cooldown
2026-07-04T20:22:13,reactive_hot_humid_bursty_r1,reactive,hot_humid,bursty,1,34.489,34.189,33.989,31.489,25.0,45.0,0.0,,100.0,2.0,,,,0,cooldown
2026-07-04T20:22:13,reactive_hot_humid_bursty_r1,reactive,hot_humid,bursty,1,34.482,34.182,33.982,31.482,25.0,45.0,0.0,,100.0,2.0,,,,0,cooldown
2026-07-04T20:22:13,reactive_hot_humid_bursty_r1,reactive,hot_humid,bursty,1,34.474,34.174,33.974,31.474,25.0,45.0,0.0,,100.0,2.0,,,,0,cooldown
2026-07-04T20:22:13,reactive_hot_humid_bursty_r1,reactive,hot_humid,bursty,1,34.467,34.167,33.967,31.467,25.0,45.0,0.0,,100.0,2.0,,,,0,cooldown
2026-07-04T20:22:13,reactive_hot_humid_bursty_r1,reactive,hot_humid,bursty,1,34.459,34.159,33.959,31.459,25.0,45.0,0.0,,100.0,2.0,,,,0,cooldown
2026-07-04T20:22:13,reactive_hot_humid_bursty_r1,reactive,hot_humid,bursty,1,34.452,34.152,33.952,31.452,25.0,45.0,0.0,,100.0,2.0,,,,0,cooldown
2026-07-04T20:22:13,reactive_hot_humid_bursty_r1,reactive,hot_humid,bursty,1,34.444,34.144,33.944,31.444,25.0,45.0,0.0,,100.0,2.0,,,,0,cooldown
2026-07-04T20:22:13,reactive_hot_humid_bursty_r1,reactive,hot_humid,bursty,1,34.437,34.137,33.937,31.437,25.0,45.0,0.0,,100.0,2.0,,,,0,cooldown
2026-07-04T20:22:13,reactive_hot_humid_bursty_r1,reactive,hot_humid,bursty,1,34.429,34.129,33.929,31.429,25.0,45.0,0.0,,100.0,2.0,,,,0,cooldown
2026-07-04T20:22:13,reactive_hot_humid_bursty_r1,reactive,hot_humid,bursty,1,34.422,34.122,33.922,31.422,25.0,45.0,0.0,,100.0,2.0,,,,0,cooldown
2026-07-04T20:22:13,reactive_hot_humid_bursty_r1,reactive,hot_humid,bursty,1,34.415,34.115,33.915,31.415,25.0,45.0,0.0,,100.0,2.0,,,,0,cooldown
2026-07-04T20:22:13,reactive_hot_humid_bursty_r1,reactive,hot_humid,bursty,1,34.407,34.107,33.907,31.407,25.0,45.0,0.0,,100.0,2.0,,,,0,cooldown
2026-07-04T20:22:13,reactive_hot_humid_bursty_r1,reactive,hot_humid,bursty,1,34.4,34.1,33.9,31.4,25.0,45.0,0.0,,100.0,2.0,,,,0,cooldown
2026-07-04T20:22:13,reactive_hot_humid_bursty_r1,reactive,hot_humid,bursty,1,34.392,34.092,33.892,31.392,25.0,45.0,0.0,,100.0,2.0,,,,0,cooldown
2026-07-04T20:22:13,reactive_hot_humid_bursty_r1,reactive,hot_humid,bursty,1,34.385,34.085,33.885,31.385,25.0,45.0,0.0,,100.0,2.0,,,,0,cooldown
2026-07-04T20:22:13,reactive_hot_humid_bursty_r1,reactive,hot_humid,bursty,1,34.377,34.077,33.877,31.377,25.0,45.0,0.0,,100.0,2.0,,,,0,cooldown
2026-07-04T20:22:13,reactive_hot_humid_bursty_r1,reactive,hot_humid,bursty,1,34.37,34.07,33.87,31.37,25.0,45.0,0.0,,100.0,2.0,,,,0,cooldown
2026-07-04T20:22:13,reactive_hot_humid_bursty_r1,reactive,hot_humid,bursty,1,34.363,34.063,33.863,31.363,25.0,45.0,0.0,,100.0,2.0,,,,0,cooldown
2026-07-04T20:22:13,reactive_hot_humid_bursty_r1,reactive,hot_humid,bursty,1,34.355,34.055,33.855,31.355,25.0,45.0,0.0,,100.0,2.0,,,,0,cooldown
2026-07-04T20:22:13,reactive_hot_humid_bursty_r1,reactive,hot_humid,bursty,1,34.348,34.048,33.848,31.348,25.0,45.0,0.0,,100.0,2.0,,,,0,cooldown
2026-07-04T20:22:13,reactive_hot_humid_bursty_r1,reactive,hot_humid,bursty,1,34.341,34.041,33.841,31.341,25.0,45.0,0.0,,100.0,2.0,,,,0,cooldown
2026-07-04T20:22:13,reactive_hot_humid_bursty_r1,reactive,hot_humid,bursty,1,34.333,34.033,33.833,31.333,25.0,45.0,0.0,,100.0,2.0,,,,0,cooldown
2026-07-04T20:22:13,reactive_hot_humid_bursty_r1,reactive,hot_humid,bursty,1,34.326,34.026,33.826,31.326,25.0,45.0,0.0,,100.0,2.0,,,,0,cooldown
2026-07-04T20:22:13,reactive_hot_humid_bursty_r1,reactive,hot_humid,bursty,1,34.318,34.018,33.818,31.318,25.0,45.0,0.0,,100.0,2.0,,,,0,cooldown
2026-07-04T20:22:13,reactive_hot_humid_bursty_r1,reactive,hot_humid,bursty,1,34.311,34.011,33.811,31.311,25.0,45.0,0.0,,100.0,2.0,,,,0,cooldown
2026-07-04T20:22:13,reactive_hot_humid_bursty_r1,reactive,hot_humid,bursty,1,34.304,34.004,33.804,31.304,25.0,45.0,0.0,,100.0,2.0,,,,0,cooldown
2026-07-04T20:22:13,reactive_hot_humid_bursty_r1,reactive,hot_humid,bursty,1,34.296,33.996,33.796,31.296,25.0,45.0,0.0,,100.0,2.0,,,,0,cooldown
2026-07-04T20:22:13,reactive_hot_humid_bursty_r1,reactive,hot_humid,bursty,1,34.289,33.989,33.789,31.289,25.0,45.0,0.0,,100.0,2.0,,,,0,cooldown
2026-07-04T20:22:13,reactive_hot_humid_bursty_r1,reactive,hot_humid,bursty,1,34.282,33.982,33.782,31.282,25.0,45.0,0.0,,100.0,2.0,,,,0,cooldown
2026-07-04T20:22:13,reactive_hot_humid_bursty_r1,reactive,hot_humid,bursty,1,34.274,33.974,33.774,31.274,25.0,45.0,0.0,,100.0,2.0,,,,0,cooldown
2026-07-04T20:22:13,reactive_hot_humid_bursty_r1,reactive,hot_humid,bursty,1,34.267,33.967,33.767,31.267,25.0,45.0,0.0,,100.0,2.0,,,,0,cooldown
2026-07-04T20:22:13,reactive_hot_humid_bursty_r1,reactive,hot_humid,bursty,1,34.26,33.96,33.76,31.26,25.0,45.0,0.0,,100.0,2.0,,,,0,cooldown
2026-07-04T20:22:13,reactive_hot_humid_bursty_r1,reactive,hot_humid,bursty,1,34.252,33.952,33.752,31.252,25.0,45.0,0.0,,100.0,2.0,,,,0,cooldown
2026-07-04T20:22:13,reactive_hot_humid_bursty_r1,reactive,hot_humid,bursty,1,34.245,33.945,33.745,31.245,25.0,45.0,0.0,,100.0,2.0,,,,0,cooldown
2026-07-04T20:22:13,reactive_hot_humid_bursty_r1,reactive,hot_humid,bursty,1,34.238,33.938,33.738,31.238,25.0,45.0,0.0,,100.0,2.0,,,,0,cooldown
2026-07-04T20:22:13,reactive_hot_humid_bursty_r1,reactive,hot_humid,bursty,1,34.231,33.931,33.731,31.231,25.0,45.0,0.0,,100.0,2.0,,,,0,cooldown
2026-07-04T20:22:13,reactive_hot_humid_bursty_r1,reactive,hot_humid,bursty,1,34.223,33.923,33.723,31.223,25.0,45.0,0.0,,100.0,2.0,,,,0,cooldown
2026-07-04T20:22:13,reactive_hot_humid_bursty_r1,reactive,hot_humid,bursty,1,34.216,33.916,33.716,31.216,25.0,45.0,0.0,,100.0,2.0,,,,0,cooldown
2026-07-04T20:22:13,reactive_hot_humid_bursty_r1,reactive,hot_humid,bursty,1,34.209,33.909,33.709,31.209,25.0,45.0,0.0,,100.0,2.0,,,,0,cooldown
2026-07-04T20:22:13,reactive_hot_humid_bursty_r1,reactive,hot_humid,bursty,1,34.201,33.901,33.701,31.201,25.0,45.0,0.0,,100.0,2.0,,,,0,cooldown
2026-07-04T20:22:13,reactive_hot_humid_bursty_r1,reactive,hot_humid,bursty,1,34.194,33.894,33.694,31.194,25.0,45.0,0.0,,100.0,2.0,,,,0,cooldown
2026-07-04T20:22:13,reactive_hot_humid_bursty_r1,reactive,hot_humid,bursty,1,34.187,33.887,33.687,31.187,25.0,45.0,0.0,,100.0,2.0,,,,0,cooldown
2026-07-04T20:22:13,reactive_hot_humid_bursty_r1,reactive,hot_humid,bursty,1,34.18,33.88,33.68,31.18,25.0,45.0,0.0,,100.0,2.0,,,,0,cooldown
2026-07-04T20:22:13,reactive_hot_humid_bursty_r1,reactive,hot_humid,bursty,1,34.172,33.872,33.672,31.172,25.0,45.0,0.0,,100.0,2.0,,,,0,cooldown
2026-07-04T20:22:13,reactive_hot_humid_bursty_r1,reactive,hot_humid,bursty,1,34.165,33.865,33.665,31.165,25.0,45.0,0.0,,100.0,2.0,,,,0,cooldown
2026-07-04T20:22:13,reactive_hot_humid_bursty_r1,reactive,hot_humid,bursty,1,34.158,33.858,33.658,31.158,25.0,45.0,0.0,,100.0,2.0,,,,0,cooldown
2026-07-04T20:22:13,reactive_hot_humid_bursty_r1,reactive,hot_humid,bursty,1,34.151,33.851,33.651,31.151,25.0,45.0,0.0,,100.0,2.0,,,,0,cooldown
2026-07-04T20:22:13,reactive_hot_humid_bursty_r1,reactive,hot_humid,bursty,1,34.143,33.843,33.643,31.143,25.0,45.0,0.0,,100.0,2.0,,,,0,cooldown
2026-07-04T20:22:13,reactive_hot_humid_bursty_r1,reactive,hot_humid,bursty,1,34.136,33.836,33.636,31.136,25.0,45.0,0.0,,100.0,2.0,,,,0,cooldown
2026-07-04T20:22:13,reactive_hot_humid_bursty_r1,reactive,hot_humid,bursty,1,34.129,33.829,33.629,31.129,25.0,45.0,0.0,,100.0,2.0,,,,0,cooldown
2026-07-04T20:22:13,reactive_hot_humid_bursty_r1,reactive,hot_humid,bursty,1,34.122,33.822,33.622,31.122,25.0,45.0,0.0,,100.0,2.0,,,,0,cooldown
2026-07-04T20:22:13,reactive_hot_humid_bursty_r1,reactive,hot_humid,bursty,1,34.115,33.815,33.615,31.115,25.0,45.0,0.0,,100.0,2.0,,,,0,cooldown
2026-07-04T20:22:13,reactive_hot_humid_bursty_r1,reactive,hot_humid,bursty,1,34.107,33.807,33.607,31.107,25.0,45.0,0.0,,100.0,2.0,,,,0,cooldown
2026-07-04T20:22:13,reactive_hot_humid_bursty_r1,reactive,hot_humid,bursty,1,34.1,33.8,33.6,31.1,25.0,45.0,0.0,,100.0,2.0,,,,0,cooldown
2026-07-04T20:22:13,reactive_hot_humid_bursty_r1,reactive,hot_humid,bursty,1,34.093,33.793,33.593,31.093,25.0,45.0,0.0,,100.0,2.0,,,,0,cooldown
2026-07-04T20:22:13,reactive_hot_humid_bursty_r1,reactive,hot_humid,bursty,1,34.086,33.786,33.586,31.086,25.0,45.0,0.0,,100.0,2.0,,,,0,cooldown
2026-07-04T20:22:13,reactive_hot_humid_bursty_r1,reactive,hot_humid,bursty,1,34.079,33.779,33.579,31.079,25.0,45.0,0.0,,100.0,2.0,,,,0,cooldown
2026-07-04T20:22:13,reactive_hot_humid_bursty_r1,reactive,hot_humid,bursty,1,34.072,33.772,33.572,31.072,25.0,45.0,0.0,,100.0,2.0,,,,0,cooldown
2026-07-04T20:22:13,reactive_hot_humid_bursty_r1,reactive,hot_humid,bursty,1,34.064,33.764,33.564,31.064,25.0,45.0,0.0,,100.0,2.0,,,,0,cooldown
2026-07-04T20:22:13,reactive_hot_humid_bursty_r1,reactive,hot_humid,bursty,1,34.057,33.757,33.557,31.057,25.0,45.0,0.0,,100.0,2.0,,,,0,cooldown
2026-07-04T20:22:13,reactive_hot_humid_bursty_r1,reactive,hot_humid,bursty,1,34.05,33.75,33.55,31.05,25.0,45.0,0.0,,100.0,2.0,,,,0,cooldown
2026-07-04T20:22:13,reactive_hot_humid_bursty_r1,reactive,hot_humid,bursty,1,34.043,33.743,33.543,31.043,25.0,45.0,0.0,,100.0,2.0,,,,0,cooldown
2026-07-04T20:22:13,reactive_hot_humid_bursty_r1,reactive,hot_humid,bursty,1,34.036,33.736,33.536,31.036,25.0,45.0,0.0,,100.0,2.0,,,,0,cooldown
2026-07-04T20:22:13,reactive_hot_humid_bursty_r1,reactive,hot_humid,bursty,1,34.029,33.729,33.529,31.029,25.0,45.0,0.0,,100.0,2.0,,,,0,cooldown
2026-07-04T20:22:13,reactive_hot_humid_bursty_r1,reactive,hot_humid,bursty,1,34.022,33.722,33.522,31.022,25.0,45.0,0.0,,100.0,2.0,,,,0,cooldown
2026-07-04T20:22:13,reactive_hot_humid_bursty_r1,reactive,hot_humid,bursty,1,34.014,33.714,33.514,31.014,25.0,45.0,0.0,,100.0,2.0,,,,0,cooldown
2026-07-04T20:22:13,reactive_hot_humid_bursty_r1,reactive,hot_humid,bursty,1,34.007,33.707,33.507,31.007,25.0,45.0,0.0,,100.0,2.0,,,,0,cooldown
2026-07-04T20:22:13,reactive_hot_humid_bursty_r1,reactive,hot_humid,bursty,1,34.0,33.7,33.5,31.0,25.0,45.0,0.0,,100.0,2.0,,,,0,cooldown
2026-07-04T20:22:13,reactive_hot_humid_bursty_r1,reactive,hot_humid,bursty,1,33.993,33.693,33.493,30.993,25.0,45.0,0.0,,100.0,2.0,,,,0,cooldown
2026-07-04T20:22:13,reactive_hot_humid_bursty_r1,reactive,hot_humid,bursty,1,33.986,33.686,33.486,30.986,25.0,45.0,0.0,,100.0,2.0,,,,0,cooldown
2026-07-04T20:22:13,reactive_hot_humid_bursty_r1,reactive,hot_humid,bursty,1,33.979,33.679,33.479,30.979,25.0,45.0,0.0,,100.0,2.0,,,,0,cooldown
2026-07-04T20:22:13,reactive_hot_humid_bursty_r1,reactive,hot_humid,bursty,1,33.972,33.672,33.472,30.972,25.0,45.0,0.0,,100.0,2.0,,,,0,cooldown
2026-07-04T20:22:13,reactive_hot_humid_bursty_r1,reactive,hot_humid,bursty,1,33.965,33.665,33.465,30.965,25.0,45.0,0.0,,100.0,2.0,,,,0,cooldown
2026-07-04T20:22:13,reactive_hot_humid_bursty_r1,reactive,hot_humid,bursty,1,33.958,33.658,33.458,30.958,25.0,45.0,0.0,,100.0,2.0,,,,0,cooldown
2026-07-04T20:22:13,reactive_hot_humid_bursty_r1,reactive,hot_humid,bursty,1,33.951,33.651,33.451,30.951,25.0,45.0,0.0,,100.0,2.0,,,,0,cooldown
2026-07-04T20:22:13,reactive_hot_humid_bursty_r1,reactive,hot_humid,bursty,1,33.943,33.643,33.443,30.943,25.0,45.0,0.0,,100.0,2.0,,,,0,cooldown
2026-07-04T20:22:13,reactive_hot_humid_bursty_r1,reactive,hot_humid,bursty,1,33.936,33.636,33.436,30.936,25.0,45.0,0.0,,100.0,2.0,,,,0,cooldown
2026-07-04T20:22:13,reactive_hot_humid_bursty_r1,reactive,hot_humid,bursty,1,33.929,33.629,33.429,30.929,25.0,45.0,0.0,,100.0,2.0,,,,0,cooldown
2026-07-04T20:22:13,reactive_hot_humid_bursty_r1,reactive,hot_humid,bursty,1,33.922,33.622,33.422,30.922,25.0,45.0,0.0,,100.0,2.0,,,,0,cooldown
2026-07-04T20:22:13,reactive_hot_humid_bursty_r1,reactive,hot_humid,bursty,1,33.915,33.615,33.415,30.915,25.0,45.0,0.0,,100.0,2.0,,,,0,cooldown
2026-07-04T20:22:13,reactive_hot_humid_bursty_r1,reactive,hot_humid,bursty,1,33.908,33.608,33.408,30.908,25.0,45.0,0.0,,100.0,2.0,,,,0,cooldown
2026-07-04T20:22:13,reactive_hot_humid_bursty_r1,reactive,hot_humid,bursty,1,33.901,33.601,33.401,30.901,25.0,45.0,0.0,,100.0,2.0,,,,0,cooldown
2026-07-04T20:22:13,reactive_hot_humid_bursty_r1,reactive,hot_humid,bursty,1,33.894,33.594,33.394,30.894,25.0,45.0,0.0,,100.0,2.0,,,,0,cooldown
2026-07-04T20:22:13,reactive_hot_humid_bursty_r1,reactive,hot_humid,bursty,1,33.887,33.587,33.387,30.887,25.0,45.0,0.0,,100.0,2.0,,,,0,cooldown
2026-07-04T20:22:13,reactive_hot_humid_bursty_r1,reactive,hot_humid,bursty,1,33.88,33.58,33.38,30.88,25.0,45.0,0.0,,100.0,2.0,,,,0,cooldown
2026-07-04T20:22:13,reactive_hot_humid_bursty_r1,reactive,hot_humid,bursty,1,33.873,33.573,33.373,30.873,25.0,45.0,0.0,,100.0,2.0,,,,0,cooldown
2026-07-04T20:22:13,reactive_hot_humid_bursty_r1,reactive,hot_humid,bursty,1,33.866,33.566,33.366,30.866,25.0,45.0,0.0,,100.0,2.0,,,,0,cooldown
2026-07-04T20:22:13,reactive_hot_humid_bursty_r1,reactive,hot_humid,bursty,1,33.859,33.559,33.359,30.859,25.0,45.0,0.0,,100.0,2.0,,,,0,cooldown
2026-07-04T20:22:13,reactive_hot_humid_bursty_r1,reactive,hot_humid,bursty,1,33.852,33.552,33.352,30.852,25.0,45.0,0.0,,100.0,2.0,,,,0,cooldown
2026-07-04T20:22:13,reactive_hot_humid_bursty_r1,reactive,hot_humid,bursty,1,33.845,33.545,33.345,30.845,25.0,45.0,0.0,,100.0,2.0,,,,0,cooldown
2026-07-04T20:22:13,reactive_hot_humid_bursty_r1,reactive,hot_humid,bursty,1,33.838,33.538,33.338,30.838,25.0,45.0,0.0,,100.0,2.0,,,,0,cooldown
2026-07-04T20:22:13,reactive_hot_humid_bursty_r1,reactive,hot_humid,bursty,1,33.831,33.531,33.331,30.831,25.0,45.0,0.0,,100.0,2.0,,,,0,cooldown
2026-07-04T20:22:13,reactive_hot_humid_bursty_r1,reactive,hot_humid,bursty,1,33.824,33.524,33.324,30.824,25.0,45.0,0.0,,100.0,2.0,,,,0,cooldown
2026-07-04T20:22:13,reactive_hot_humid_bursty_r1,reactive,hot_humid,bursty,1,33.817,33.517,33.317,30.817,25.0,45.0,0.0,,100.0,2.0,,,,0,cooldown
2026-07-04T20:22:13,reactive_hot_humid_bursty_r1,reactive,hot_humid,bursty,1,33.81,33.51,33.31,30.81,25.0,45.0,0.0,,100.0,2.0,,,,0,cooldown
2026-07-04T20:22:13,reactive_hot_humid_bursty_r1,reactive,hot_humid,bursty,1,33.803,33.503,33.303,30.803,25.0,45.0,0.0,,100.0,2.0,,,,0,cooldown
2026-07-04T20:22:13,reactive_hot_humid_bursty_r1,reactive,hot_humid,bursty,1,33.796,33.496,33.296,30.796,25.0,45.0,0.0,,100.0,2.0,,,,0,cooldown
2026-07-04T20:22:13,reactive_hot_humid_bursty_r1,reactive,hot_humid,bursty,1,33.789,33.489,33.289,30.789,25.0,45.0,0.0,,100.0,2.0,,,,0,cooldown
2026-07-04T20:22:13,reactive_hot_humid_bursty_r1,reactive,hot_humid,bursty,1,33.782,33.482,33.282,30.782,25.0,45.0,0.0,,100.0,2.0,,,,0,cooldown
2026-07-04T20:22:13,reactive_hot_humid_bursty_r1,reactive,hot_humid,bursty,1,33.776,33.476,33.276,30.776,25.0,45.0,0.0,,100.0,2.0,,,,0,cooldown
2026-07-04T20:22:13,reactive_hot_humid_bursty_r1,reactive,hot_humid,bursty,1,33.769,33.469,33.269,30.769,25.0,45.0,0.0,,100.0,2.0,,,,0,cooldown
2026-07-04T20:22:13,reactive_hot_humid_bursty_r1,reactive,hot_humid,bursty,1,33.762,33.462,33.262,30.762,25.0,45.0,0.0,,100.0,2.0,,,,0,cooldown
2026-07-04T20:22:13,reactive_hot_humid_bursty_r1,reactive,hot_humid,bursty,1,33.755,33.455,33.255,30.755,25.0,45.0,0.0,,100.0,2.0,,,,0,cooldown
2026-07-04T20:22:13,reactive_hot_humid_bursty_r1,reactive,hot_humid,bursty,1,33.748,33.448,33.248,30.748,25.0,45.0,0.0,,100.0,2.0,,,,0,cooldown
2026-07-04T20:22:13,reactive_hot_humid_bursty_r1,reactive,hot_humid,bursty,1,33.741,33.441,33.241,30.741,25.0,45.0,0.0,,100.0,2.0,,,,0,cooldown
2026-07-04T20:22:13,reactive_hot_humid_bursty_r1,reactive,hot_humid,bursty,1,33.734,33.434,33.234,30.734,25.0,45.0,0.0,,100.0,2.0,,,,0,cooldown
2026-07-04T20:22:13,reactive_hot_humid_bursty_r1,reactive,hot_humid,bursty,1,33.727,33.427,33.227,30.727,25.0,45.0,0.0,,100.0,2.0,,,,0,cooldown
2026-07-04T20:22:13,reactive_hot_humid_bursty_r1,reactive,hot_humid,bursty,1,33.72,33.42,33.22,30.72,25.0,45.0,0.0,,100.0,2.0,,,,0,cooldown
2026-07-04T20:22:13,reactive_hot_humid_bursty_r1,reactive,hot_humid,bursty,1,33.713,33.413,33.213,30.713,25.0,45.0,0.0,,100.0,2.0,,,,0,cooldown
2026-07-04T20:22:13,reactive_hot_humid_bursty_r1,reactive,hot_humid,bursty,1,33.707,33.407,33.207,30.707,25.0,45.0,0.0,,100.0,2.0,,,,0,cooldown
2026-07-04T20:22:13,reactive_hot_humid_bursty_r1,reactive,hot_humid,bursty,1,33.7,33.4,33.2,30.7,25.0,45.0,0.0,,100.0,2.0,,,,0,cooldown
2026-07-04T20:22:13,reactive_hot_humid_bursty_r1,reactive,hot_humid,bursty,1,33.693,33.393,33.193,30.693,25.0,45.0,0.0,,100.0,2.0,,,,0,cooldown
2026-07-04T20:22:13,reactive_hot_humid_bursty_r1,reactive,hot_humid,bursty,1,33.686,33.386,33.186,30.686,25.0,45.0,0.0,,100.0,2.0,,,,0,cooldown
2026-07-04T20:22:13,reactive_hot_humid_bursty_r1,reactive,hot_humid,bursty,1,33.679,33.379,33.179,30.679,25.0,45.0,0.0,,100.0,2.0,,,,0,cooldown
2026-07-04T20:22:13,reactive_hot_humid_bursty_r1,reactive,hot_humid,bursty,1,33.672,33.372,33.172,30.672,25.0,45.0,0.0,,100.0,2.0,,,,0,cooldown
2026-07-04T20:22:13,reactive_hot_humid_bursty_r1,reactive,hot_humid,bursty,1,33.665,33.365,33.165,30.665,25.0,45.0,0.0,,100.0,2.0,,,,0,cooldown
2026-07-04T20:22:13,reactive_hot_humid_bursty_r1,reactive,hot_humid,bursty,1,33.659,33.359,33.159,30.659,25.0,45.0,0.0,,100.0,2.0,,,,0,cooldown
2026-07-04T20:22:13,reactive_hot_humid_bursty_r1,reactive,hot_humid,bursty,1,33.652,33.352,33.152,30.652,25.0,45.0,0.0,,100.0,2.0,,,,0,cooldown
2026-07-04T20:22:13,reactive_hot_humid_bursty_r1,reactive,hot_humid,bursty,1,33.645,33.345,33.145,30.645,25.0,45.0,0.0,,100.0,2.0,,,,0,cooldown
2026-07-04T20:22:13,reactive_hot_humid_bursty_r1,reactive,hot_humid,bursty,1,33.638,33.338,33.138,30.638,25.0,45.0,0.0,,100.0,2.0,,,,0,cooldown
2026-07-04T20:22:13,reactive_hot_humid_bursty_r1,reactive,hot_humid,bursty,1,33.631,33.331,33.131,30.631,25.0,45.0,0.0,,100.0,2.0,,,,0,cooldown
2026-07-04T20:22:13,reactive_hot_humid_bursty_r1,reactive,hot_humid,bursty,1,33.624,33.324,33.124,30.624,25.0,45.0,0.0,,100.0,2.0,,,,0,cooldown
2026-07-04T20:22:13,reactive_hot_humid_bursty_r1,reactive,hot_humid,bursty,1,33.618,33.318,33.118,30.618,25.0,45.0,0.0,,100.0,2.0,,,,0,cooldown
2026-07-04T20:22:13,reactive_hot_humid_bursty_r1,reactive,hot_humid,bursty,1,33.611,33.311,33.111,30.611,25.0,45.0,0.0,,100.0,2.0,,,,0,cooldown
2026-07-04T20:22:13,reactive_hot_humid_bursty_r1,reactive,hot_humid,bursty,1,33.604,33.304,33.104,30.604,25.0,45.0,0.0,,100.0,2.0,,,,0,cooldown
2026-07-04T20:22:13,reactive_hot_humid_bursty_r1,reactive,hot_humid,bursty,1,33.597,33.297,33.097,30.597,25.0,45.0,0.0,,100.0,2.0,,,,0,cooldown
2026-07-04T20:22:13,reactive_hot_humid_bursty_r1,reactive,hot_humid,bursty,1,33.59,33.29,33.09,30.59,25.0,45.0,0.0,,100.0,2.0,,,,0,cooldown
2026-07-04T20:22:13,reactive_hot_humid_bursty_r1,reactive,hot_humid,bursty,1,33.584,33.284,33.084,30.584,25.0,45.0,0.0,,100.0,2.0,,,,0,cooldown
2026-07-04T20:22:13,reactive_hot_humid_bursty_r1,reactive,hot_humid,bursty,1,33.577,33.277,33.077,30.577,25.0,45.0,0.0,,100.0,2.0,,,,0,cooldown
2026-07-04T20:22:13,reactive_hot_humid_bursty_r1,reactive,hot_humid,bursty,1,33.57,33.27,33.07,30.57,25.0,45.0,0.0,,100.0,2.0,,,,0,cooldown
2026-07-04T20:22:13,reactive_hot_humid_bursty_r1,reactive,hot_humid,bursty,1,33.563,33.263,33.063,30.563,25.0,45.0,0.0,,100.0,2.0,,,,0,cooldown
2026-07-04T20:22:13,reactive_hot_humid_bursty_r1,reactive,hot_humid,bursty,1,33.557,33.257,33.057,30.557,25.0,45.0,0.0,,100.0,2.0,,,,0,cooldown
2026-07-04T20:22:13,reactive_hot_humid_bursty_r1,reactive,hot_humid,bursty,1,33.55,33.25,33.05,30.55,25.0,45.0,0.0,,100.0,2.0,,,,0,cooldown
2026-07-04T20:22:13,reactive_hot_humid_bursty_r1,reactive,hot_humid,bursty,1,33.543,33.243,33.043,30.543,25.0,45.0,0.0,,100.0,2.0,,,,0,cooldown
2026-07-04T20:22:13,reactive_hot_humid_bursty_r1,reactive,hot_humid,bursty,1,33.536,33.236,33.036,30.536,25.0,45.0,0.0,,100.0,2.0,,,,0,cooldown
2026-07-04T20:22:13,reactive_hot_humid_bursty_r1,reactive,hot_humid,bursty,1,33.53,33.23,33.03,30.53,25.0,45.0,0.0,,100.0,2.0,,,,0,cooldown
2026-07-04T20:22:13,reactive_hot_humid_bursty_r1,reactive,hot_humid,bursty,1,33.523,33.223,33.023,30.523,25.0,45.0,0.0,,100.0,2.0,,,,0,cooldown
2026-07-04T20:22:13,reactive_hot_humid_bursty_r1,reactive,hot_humid,bursty,1,33.516,33.216,33.016,30.516,25.0,45.0,0.0,,100.0,2.0,,,,0,cooldown
2026-07-04T20:22:13,reactive_hot_humid_bursty_r1,reactive,hot_humid,bursty,1,33.509,33.209,33.009,30.509,25.0,45.0,0.0,,100.0,2.0,,,,0,cooldown
2026-07-04T20:22:13,reactive_hot_humid_bursty_r1,reactive,hot_humid,bursty,1,33.503,33.203,33.003,30.503,25.0,45.0,0.0,,100.0,2.0,,,,0,cooldown
2026-07-04T20:22:13,reactive_hot_humid_bursty_r1,reactive,hot_humid,bursty,1,33.496,33.196,32.996,30.496,25.0,45.0,0.0,,100.0,2.0,,,,0,cooldown
2026-07-04T20:22:13,reactive_hot_humid_bursty_r1,reactive,hot_humid,bursty,1,33.489,33.189,32.989,30.489,25.0,45.0,0.0,,100.0,2.0,,,,0,cooldown
2026-07-04T20:22:13,reactive_hot_humid_bursty_r1,reactive,hot_humid,bursty,1,33.483,33.183,32.983,30.483,25.0,45.0,0.0,,100.0,2.0,,,,0,cooldown
2026-07-04T20:22:13,reactive_hot_humid_bursty_r1,reactive,hot_humid,bursty,1,33.476,33.176,32.976,30.476,25.0,45.0,0.0,,100.0,2.0,,,,0,cooldown
2026-07-04T20:22:13,reactive_hot_humid_bursty_r1,reactive,hot_humid,bursty,1,33.469,33.169,32.969,30.469,25.0,45.0,0.0,,100.0,2.0,,,,0,cooldown
2026-07-04T20:22:13,reactive_hot_humid_bursty_r1,reactive,hot_humid,bursty,1,33.462,33.162,32.962,30.462,25.0,45.0,0.0,,100.0,2.0,,,,0,cooldown
2026-07-04T20:22:13,reactive_hot_humid_bursty_r1,reactive,hot_humid,bursty,1,33.456,33.156,32.956,30.456,25.0,45.0,0.0,,100.0,2.0,,,,0,cooldown
2026-07-04T20:22:13,reactive_hot_humid_bursty_r1,reactive,hot_humid,bursty,1,33.449,33.149,32.949,30.449,25.0,45.0,0.0,,100.0,2.0,,,,0,cooldown
2026-07-04T20:22:13,reactive_hot_humid_bursty_r1,reactive,hot_humid,bursty,1,33.442,33.142,32.942,30.442,25.0,45.0,0.0,,100.0,2.0,,,,0,cooldown
2026-07-04T20:22:13,reactive_hot_humid_bursty_r1,reactive,hot_humid,bursty,1,33.436,33.136,32.936,30.436,25.0,45.0,0.0,,100.0,2.0,,,,0,cooldown
2026-07-04T20:22:13,reactive_hot_humid_bursty_r1,reactive,hot_humid,bursty,1,33.429,33.129,32.929,30.429,25.0,45.0,0.0,,100.0,2.0,,,,0,cooldown
2026-07-04T20:22:13,reactive_hot_humid_bursty_r1,reactive,hot_humid,bursty,1,33.422,33.122,32.922,30.422,25.0,45.0,0.0,,100.0,2.0,,,,0,cooldown
2026-07-04T20:22:13,reactive_hot_humid_bursty_r1,reactive,hot_humid,bursty,1,33.416,33.116,32.916,30.416,25.0,45.0,0.0,,100.0,2.0,,,,0,cooldown
2026-07-04T20:22:13,reactive_hot_humid_bursty_r1,reactive,hot_humid,bursty,1,33.409,33.109,32.909,30.409,25.0,45.0,0.0,,100.0,2.0,,,,0,cooldown
2026-07-04T20:22:13,reactive_hot_humid_bursty_r1,reactive,hot_humid,bursty,1,33.403,33.103,32.903,30.403,25.0,45.0,0.0,,100.0,2.0,,,,0,cooldown
2026-07-04T20:22:13,reactive_hot_humid_bursty_r1,reactive,hot_humid,bursty,1,33.396,33.096,32.896,30.396,25.0,45.0,0.0,,100.0,2.0,,,,0,cooldown
2026-07-04T20:22:13,reactive_hot_humid_bursty_r1,reactive,hot_humid,bursty,1,33.389,33.089,32.889,30.389,25.0,45.0,0.0,,100.0,2.0,,,,0,cooldown
2026-07-04T20:22:13,reactive_hot_humid_bursty_r1,reactive,hot_humid,bursty,1,33.383,33.083,32.883,30.383,25.0,45.0,0.0,,100.0,2.0,,,,0,cooldown
2026-07-04T20:22:13,reactive_hot_humid_bursty_r1,reactive,hot_humid,bursty,1,33.376,33.076,32.876,30.376,25.0,45.0,0.0,,100.0,2.0,,,,0,cooldown
2026-07-04T20:22:13,reactive_hot_humid_bursty_r1,reactive,hot_humid,bursty,1,33.369,33.069,32.869,30.369,25.0,45.0,0.0,,100.0,2.0,,,,0,cooldown
2026-07-04T20:22:13,reactive_hot_humid_bursty_r1,reactive,hot_humid,bursty,1,33.363,33.063,32.863,30.363,25.0,45.0,0.0,,100.0,2.0,,,,0,cooldown
2026-07-04T20:22:13,reactive_hot_humid_bursty_r1,reactive,hot_humid,bursty,1,33.356,33.056,32.856,30.356,25.0,45.0,0.0,,100.0,2.0,,,,0,cooldown
2026-07-04T20:22:13,reactive_hot_humid_bursty_r1,reactive,hot_humid,bursty,1,33.35,33.05,32.85,30.35,25.0,45.0,0.0,,100.0,2.0,,,,0,cooldown
2026-07-04T20:22:13,reactive_hot_humid_bursty_r1,reactive,hot_humid,bursty,1,33.343,33.043,32.843,30.343,25.0,45.0,0.0,,100.0,2.0,,,,0,cooldown
2026-07-04T20:22:13,reactive_hot_humid_bursty_r1,reactive,hot_humid,bursty,1,33.336,33.036,32.836,30.336,25.0,45.0,0.0,,100.0,2.0,,,,0,cooldown
2026-07-04T20:22:13,reactive_hot_humid_bursty_r1,reactive,hot_humid,bursty,1,33.33,33.03,32.83,30.33,25.0,45.0,0.0,,100.0,2.0,,,,0,cooldown
2026-07-04T20:22:13,reactive_hot_humid_bursty_r1,reactive,hot_humid,bursty,1,33.323,33.023,32.823,30.323,25.0,45.0,0.0,,100.0,2.0,,,,0,cooldown
2026-07-04T20:22:13,reactive_hot_humid_bursty_r1,reactive,hot_humid,bursty,1,33.317,33.017,32.817,30.317,25.0,45.0,0.0,,100.0,2.0,,,,0,cooldown
2026-07-04T20:22:13,reactive_hot_humid_bursty_r1,reactive,hot_humid,bursty,1,33.31,33.01,32.81,30.31,25.0,45.0,0.0,,100.0,2.0,,,,0,cooldown
2026-07-04T20:22:13,reactive_hot_humid_bursty_r1,reactive,hot_humid,bursty,1,33.304,33.004,32.804,30.304,25.0,45.0,0.0,,100.0,2.0,,,,0,cooldown
2026-07-04T20:22:13,reactive_hot_humid_bursty_r1,reactive,hot_humid,bursty,1,33.297,32.997,32.797,30.297,25.0,45.0,0.0,,100.0,2.0,,,,0,cooldown
2026-07-04T20:22:13,reactive_hot_humid_bursty_r1,reactive,hot_humid,bursty,1,33.29,32.99,32.79,30.29,25.0,45.0,0.0,,100.0,2.0,,,,0,cooldown
2026-07-04T20:22:13,reactive_hot_humid_bursty_r1,reactive,hot_humid,bursty,1,33.284,32.984,32.784,30.284,25.0,45.0,0.0,,100.0,2.0,,,,0,cooldown
2026-07-04T20:22:13,reactive_hot_humid_bursty_r1,reactive,hot_humid,bursty,1,33.277,32.977,32.777,30.277,25.0,45.0,0.0,,100.0,2.0,,,,0,cooldown
2026-07-04T20:22:13,reactive_hot_humid_bursty_r1,reactive,hot_humid,bursty,1,33.271,32.971,32.771,30.271,25.0,45.0,0.0,,100.0,2.0,,,,0,cooldown
2026-07-04T20:22:13,reactive_hot_humid_bursty_r1,reactive,hot_humid,bursty,1,33.264,32.964,32.764,30.264,25.0,45.0,0.0,,100.0,2.0,,,,0,cooldown
2026-07-04T20:22:13,reactive_hot_humid_bursty_r1,reactive,hot_humid,bursty,1,33.258,32.958,32.758,30.258,25.0,45.0,0.0,,100.0,2.0,,,,0,cooldown
2026-07-04T20:22:13,reactive_hot_humid_bursty_r1,reactive,hot_humid,bursty,1,33.251,32.951,32.751,30.251,25.0,45.0,0.0,,100.0,2.0,,,,0,cooldown
2026-07-04T20:22:13,reactive_hot_humid_bursty_r1,reactive,hot_humid,bursty,1,33.245,32.945,32.745,30.245,25.0,45.0,0.0,,100.0,2.0,,,,0,cooldown
2026-07-04T20:22:13,reactive_hot_humid_bursty_r1,reactive,hot_humid,bursty,1,33.238,32.938,32.738,30.238,25.0,45.0,0.0,,100.0,2.0,,,,0,cooldown
2026-07-04T20:22:13,reactive_hot_humid_bursty_r1,reactive,hot_humid,bursty,1,33.232,32.932,32.732,30.232,25.0,45.0,0.0,,100.0,2.0,,,,0,cooldown
2026-07-04T20:22:13,reactive_hot_humid_bursty_r1,reactive,hot_humid,bursty,1,33.225,32.925,32.725,30.225,25.0,45.0,0.0,,100.0,2.0,,,,0,cooldown
2026-07-04T20:22:13,reactive_hot_humid_bursty_r1,reactive,hot_humid,bursty,1,33.219,32.919,32.719,30.219,25.0,45.0,0.0,,100.0,2.0,,,,0,cooldown
2026-07-04T20:22:13,reactive_hot_humid_bursty_r1,reactive,hot_humid,bursty,1,33.212,32.912,32.712,30.212,25.0,45.0,0.0,,100.0,2.0,,,,0,cooldown
2026-07-04T20:22:13,reactive_hot_humid_bursty_r1,reactive,hot_humid,bursty,1,33.206,32.906,32.706,30.206,25.0,45.0,0.0,,100.0,2.0,,,,0,cooldown
2026-07-04T20:22:13,reactive_hot_humid_bursty_r1,reactive,hot_humid,bursty,1,33.199,32.899,32.699,30.199,25.0,45.0,0.0,,100.0,2.0,,,,0,cooldown
2026-07-04T20:22:13,reactive_hot_humid_bursty_r1,reactive,hot_humid,bursty,1,33.193,32.893,32.693,30.193,25.0,45.0,0.0,,100.0,2.0,,,,0,cooldown
2026-07-04T20:22:13,reactive_hot_humid_bursty_r1,reactive,hot_humid,bursty,1,33.186,32.886,32.686,30.186,25.0,45.0,0.0,,100.0,2.0,,,,0,cooldown
2026-07-04T20:22:13,reactive_hot_humid_bursty_r1,reactive,hot_humid,bursty,1,33.18,32.88,32.68,30.18,25.0,45.0,0.0,,100.0,2.0,,,,0,cooldown
2026-07-04T20:22:13,reactive_hot_humid_bursty_r1,reactive,hot_humid,bursty,1,33.173,32.873,32.673,30.173,25.0,45.0,0.0,,100.0,2.0,,,,0,cooldown
2026-07-04T20:22:13,reactive_hot_humid_bursty_r1,reactive,hot_humid,bursty,1,33.167,32.867,32.667,30.167,25.0,45.0,0.0,,100.0,2.0,,,,0,cooldown
2026-07-04T20:22:13,reactive_hot_humid_bursty_r1,reactive,hot_humid,bursty,1,33.161,32.861,32.661,30.161,25.0,45.0,0.0,,100.0,2.0,,,,0,cooldown
2026-07-04T20:22:13,reactive_hot_humid_bursty_r1,reactive,hot_humid,bursty,1,33.154,32.854,32.654,30.154,25.0,45.0,0.0,,100.0,2.0,,,,0,cooldown
2026-07-04T20:22:13,reactive_hot_humid_bursty_r1,reactive,hot_humid,bursty,1,33.148,32.848,32.648,30.148,25.0,45.0,0.0,,100.0,2.0,,,,0,cooldown
2026-07-04T20:22:13,reactive_hot_humid_bursty_r1,reactive,hot_humid,bursty,1,33.141,32.841,32.641,30.141,25.0,45.0,0.0,,100.0,2.0,,,,0,cooldown
2026-07-04T20:22:13,reactive_hot_humid_bursty_r1,reactive,hot_humid,bursty,1,33.135,32.835,32.635,30.135,25.0,45.0,0.0,,100.0,2.0,,,,0,cooldown
2026-07-04T20:22:13,reactive_hot_humid_bursty_r1,reactive,hot_humid,bursty,1,33.128,32.828,32.628,30.128,25.0,45.0,0.0,,100.0,2.0,,,,0,cooldown
2026-07-04T20:22:13,reactive_hot_humid_bursty_r1,reactive,hot_humid,bursty,1,33.122,32.822,32.622,30.122,25.0,45.0,0.0,,100.0,2.0,,,,0,cooldown
2026-07-04T20:22:13,reactive_hot_humid_bursty_r1,reactive,hot_humid,bursty,1,33.116,32.816,32.616,30.116,25.0,45.0,0.0,,100.0,2.0,,,,0,cooldown
2026-07-04T20:22:13,reactive_hot_humid_bursty_r1,reactive,hot_humid,bursty,1,33.109,32.809,32.609,30.109,25.0,45.0,0.0,,100.0,2.0,,,,0,cooldown
2026-07-04T20:22:13,reactive_hot_humid_bursty_r1,reactive,hot_humid,bursty,1,33.103,32.803,32.603,30.103,25.0,45.0,0.0,,100.0,2.0,,,,0,cooldown
2026-07-04T20:22:13,reactive_hot_humid_bursty_r1,reactive,hot_humid,bursty,1,33.096,32.796,32.596,30.096,25.0,45.0,0.0,,100.0,2.0,,,,0,cooldown
2026-07-04T20:22:13,reactive_hot_humid_bursty_r1,reactive,hot_humid,bursty,1,33.09,32.79,32.59,30.09,25.0,45.0,0.0,,100.0,2.0,,,,0,cooldown
2026-07-04T20:22:13,reactive_hot_humid_bursty_r1,reactive,hot_humid,bursty,1,33.084,32.784,32.584,30.084,25.0,45.0,0.0,,100.0,2.0,,,,0,cooldown
2026-07-04T20:22:13,reactive_hot_humid_bursty_r1,reactive,hot_humid,bursty,1,33.077,32.777,32.577,30.077,25.0,45.0,0.0,,100.0,2.0,,,,0,cooldown
2026-07-04T20:22:13,reactive_hot_humid_bursty_r1,reactive,hot_humid,bursty,1,33.071,32.771,32.571,30.071,25.0,45.0,0.0,,100.0,2.0,,,,0,cooldown
2026-07-04T20:22:13,reactive_hot_humid_bursty_r1,reactive,hot_humid,bursty,1,33.064,32.764,32.564,30.064,25.0,45.0,0.0,,100.0,2.0,,,,0,cooldown
2026-07-04T20:22:13,reactive_hot_humid_bursty_r1,reactive,hot_humid,bursty,1,33.058,32.758,32.558,30.058,25.0,45.0,0.0,,100.0,2.0,,,,0,cooldown
2026-07-04T20:22:13,reactive_hot_humid_bursty_r1,reactive,hot_humid,bursty,1,33.052,32.752,32.552,30.052,25.0,45.0,0.0,,100.0,2.0,,,,0,cooldown
2026-07-04T20:22:13,reactive_hot_humid_bursty_r1,reactive,hot_humid,bursty,1,33.045,32.745,32.545,30.045,25.0,45.0,0.0,,100.0,2.0,,,,0,cooldown
2026-07-04T20:22:13,reactive_hot_humid_bursty_r1,reactive,hot_humid,bursty,1,33.039,32.739,32.539,30.039,25.0,45.0,0.0,,100.0,2.0,,,,0,cooldown
2026-07-04T20:22:13,reactive_hot_humid_bursty_r1,reactive,hot_humid,bursty,1,33.033,32.733,32.533,30.033,25.0,45.0,0.0,,100.0,2.0,,,,0,cooldown
2026-07-04T20:22:13,reactive_hot_humid_bursty_r1,reactive,hot_humid,bursty,1,33.026,32.726,32.526,30.026,25.0,45.0,0.0,,100.0,2.0,,,,0,cooldown
2026-07-04T20:22:13,reactive_hot_humid_bursty_r1,reactive,hot_humid,bursty,1,33.02,32.72,32.52,30.02,25.0,45.0,0.0,,100.0,2.0,,,,0,cooldown
2026-07-04T20:22:13,reactive_hot_humid_bursty_r1,reactive,hot_humid,bursty,1,33.014,32.714,32.514,30.014,25.0,45.0,0.0,,100.0,2.0,,,,0,cooldown
2026-07-04T20:22:13,reactive_hot_humid_bursty_r1,reactive,hot_humid,bursty,1,33.007,32.707,32.507,30.007,25.0,45.0,0.0,,100.0,2.0,,,,0,cooldown
2026-07-04T20:22:13,reactive_hot_humid_bursty_r1,reactive,hot_humid,bursty,1,33.001,32.701,32.501,30.001,25.0,45.0,0.0,,100.0,2.0,,,,0,cooldown
2026-07-04T20:22:13,reactive_hot_humid_bursty_r1,reactive,hot_humid,bursty,1,32.995,32.695,32.495,29.995,25.0,45.0,0.0,,100.0,2.0,,,,0,cooldown
