timestamp,trial_id,controller,climate,workload,repeat,T_tank_hot,T_tank_mid,T_rad_in,T_rad_out,T_ambient,RH_ambient,heater_w_cmd,heater_w_meas,fan_pwm,fan_w,forecast_T,forecast_RH,bank_depth_cmd,water_event_flag,notes
2026-07-07T20:35:22,pid_hot_humid_bursty_r1,pid,hot_humid,bursty,1,31.005,30.705,30.505,28.005,25.0,45.0,60.0,,40.0,0.8,,,,0,warmup
2026-07-07T20:35:22,pid_hot_humid_bursty_r1,pid,hot_humid,bursty,1,31.01,30.71,30.51,28.01,25.0,45.0,60.0,,40.0,0.8,30.17,,,0,trial
2026-07-07T20:35:22,pid_hot_humid_bursty_r1,pid,hot_humid,bursty,1,31.017,30.717,30.517,28.017,25.0,45.0,60.0,,0.0,0.0,30.17,,,0,trial
2026-07-07T20:35:22,pid_hot_humid_bursty_r1,pid,hot_humid,bursty,1,31.025,30.725,30.525,28.025,25.0,45.0,60.0,,0.0,0.0,30.17,,,0,trial
2026-07-07T20:35:22,pid_hot_humid_bursty_r1,pid,hot_humid,bursty,1,31.032,30.732,30.532,28.032,25.0,45.0,60.0,,0.0,0.0,30.17,,,0,trial
2026-07-07T20:35:22,pid_hot_humid_bursty_r1,pid,hot_humid,bursty,1,31.039,30.739,30.539,28.039,25.0,45.0,60.0,,0.0,0.0,30.17,,,0,trial
2026-07-07T20:35:22,pid_hot_humid_bursty_r1,pid,hot_humid,bursty,1,31.047,30.747,30.547,28.047,25.0,45.0,60.0,,0.0,0.0,30.17,,,0,trial
2026-07-07T20:35:22,pid_hot_humid_bursty_r1,pid,hot_humid,bursty,1,31.054,30.754,30.554,28.054,25.0,45.0,60.0,,0.0,0.0,30.17,,,0,trial
2026-07-07T20:35:22,pid_hot_humid_bursty_r1,pid,hot_humid,bursty,1,31.061,30.761,30.561,28.061,25.0,45.0,60.0,,0.0,0.0,30.17,,,0,trial
2026-07-07T20:35:22,pid_hot_humid_bursty_r1,pid,hot_humid,bursty,1,31.068,30.768,30.568,28.068,25.0,45.0,60.0,,0.0,0.0,30.17,,,0,trial
2026-07-07T20:35:22,pid_hot_humid_bursty_r1,pid,hot_humid,bursty,1,31.076,30.776,30.576,28.076,25.0,45.0,60.0,,0.0,0.0,30.17,,,0,trial
2026-07-07T20:35:22,pid_hot_humid_bursty_r1,pid,hot_humid,bursty,1,31.083,30.783,30.583,28.083,25.0,45.0,60.0,,0.0,0.0,30.17,,,0,trial
2026-07-07T20:35:22,pid_hot_humid_bursty_r1,pid,hot_humid,bursty,1,31.09,30.79,30.59,28.09,25.0,45.0,60.0,,0.0,0.0,30.17,,,0,trial
2026-07-07T20:35:22,pid_hot_humid_bursty_r1,pid,hot_humid,bursty,1,31.097,30.797,30.597,28.097,25.0,45.0,60.0,,0.0,0.0,30.17,,,0,trial
2026-07-07T20:35:22,pid_hot_humid_bursty_r1,pid,hot_humid,bursty,1,31.105,30.805,30.605,28.105,25.0,45.0,60.0,,0.0,0.0,30.17,,,0,trial
2026-07-07T20:35:22,pid_hot_humid_bursty_r1,pid,hot_humid,bursty,1,31.112,30.812,30.612,28.112,25.0,45.0,60.0,,0.0,0.0,30.18,,,0,trial
2026-07-07T20:35:22,pid_hot_humid_bursty_r1,pid,hot_humid,bursty,1,31.119,30.819,30.619,28.119,25.0,45.0,60.0,,0.0,0.0,30.18,,,0,trial
2026-07-07T20:35:22,pid_hot_humid_bursty_r1,pid,hot_humid,bursty,1,31.126,30.826,30.626,28.126,25.0,45.0,60.0,,0.0,0.0,30.18,,,0,trial
2026-07-07T20:35:22,pid_hot_humid_bursty_r1,pid,hot_humid,bursty,1,31.134,30.834,30.634,28.134,25.0,45.0,60.0,,0.0,0.0,30.18,,,0,trial
2026-07-07T20:35:22,pid_hot_humid_bursty_r1,pid,hot_humid,bursty,1,31.141,30.841,30.641,28.141,25.0,45.0,60.0,,0.0,0.0,30.18,,,0,trial
2026-07-07T20:35:22,pid_hot_humid_bursty_r1,pid,hot_humid,bursty,1,31.148,30.848,30.648,28.148,25.0,45.0,60.0,,0.0,0.0,30.18,,,0,trial
2026-07-07T20:35:22,pid_hot_humid_bursty_r1,pid,hot_humid,bursty,1,31.155,30.855,30.655,28.155,25.0,45.0,60.0,,0.0,0.0,30.18,,,0,trial
2026-07-07T20:35:22,pid_hot_humid_bursty_r1,pid,hot_humid,bursty,1,31.163,30.863,30.663,28.163,25.0,45.0,60.0,,0.0,0.0,30.18,,,0,trial
2026-07-07T20:35:22,pid_hot_humid_bursty_r1,pid,hot_humid,bursty,1,31.17,30.87,30.67,28.17,25.0,45.0,60.0,,0.0,0.0,30.18,,,0,trial
2026-07-07T20:35:22,pid_hot_humid_bursty_r1,pid,hot_humid,bursty,1,31.177,30.877,30.677,28.177,25.0,45.0,60.0,,0.0,0.0,30.18,,,0,trial
2026-07-07T20:35:22,pid_hot_humid_bursty_r1,pid,hot_humid,bursty,1,31.184,30.884,30.684,28.184,25.0,45.0,60.0,,0.0,0.0,30.18,,,0,trial
2026-07-07T20:35:22,pid_hot_humid_bursty_r1,pid,hot_humid,bursty,1,31.192,30.892,30.692,28.192,25.0,45.0,60.0,,0.0,0.0,30.18,,,0,trial
2026-07-07T20:35:22,pid_hot_humid_bursty_r1,pid,hot_humid,bursty,1,31.199,30.899,30.699,28.199,25.0,45.0,60.0,,0.0,0.0,30.18,,,0,trial
2026-07-07T20:35:22,pid_hot_humid_bursty_r1,pid,hot_humid,bursty,1,31.206,30.906,30.706,28.206,25.0,45.0,60.0,,0.0,0.0,30.19,,,0,trial
2026-07-07T20:35:22,pid_hot_humid_bursty_r1,pid,hot_humid,bursty,1,31.213,30.913,30.713,28.213,25.0,45.0,60.0,,0.0,0.0,30.19,,,0,trial
2026-07-07T20:35:22,pid_hot_humid_bursty_r1,pid,hot_humid,bursty,1,31.22,30.92,30.72,28.22,25.0,45.0,60.0,,0.0,0.0,30.19,,,0,trial
2026-07-07T20:35:22,pid_hot_humid_bursty_r1,pid,hot_humid,bursty,1,31.228,30.928,30.728,28.228,25.0,45.0,60.0,,0.0,0.0,30.19,,,0,trial
2026-07-07T20:35:22,pid_hot_humid_bursty_r1,pid,hot_humid,bursty,1,31.235,30.935,30.735,28.235,25.0,45.0,60.0,,0.0,0.0,30.19,,,0,trial
2026-07-07T20:35:22,pid_hot_humid_bursty_r1,pid,hot_humid,bursty,1,31.242,30.942,30.742,28.242,25.0,45.0,60.0,,0.0,0.0,30.19,,,0,trial
2026-07-07T20:35:22,pid_hot_humid_bursty_r1,pid,hot_humid,bursty,1,31.249,30.949,30.749,28.249,25.0,45.0,60.0,,0.0,0.0,30.19,,,0,trial
2026-07-07T20:35:22,pid_hot_humid_bursty_r1,pid,hot_humid,bursty,1,31.257,30.957,30.757,28.257,25.0,45.0,60.0,,0.0,0.0,30.19,,,0,trial
2026-07-07T20:35:22,pid_hot_humid_bursty_r1,pid,hot_humid,bursty,1,31.264,30.964,30.764,28.264,25.0,45.0,60.0,,0.0,0.0,30.19,,,0,trial
2026-07-07T20:35:22,pid_hot_humid_bursty_r1,pid,hot_humid,bursty,1,31.271,30.971,30.771,28.271,25.0,45.0,60.0,,0.0,0.0,30.19,,,0,trial
2026-07-07T20:35:22,pid_hot_humid_bursty_r1,pid,hot_humid,bursty,1,31.278,30.978,30.778,28.278,25.0,45.0,60.0,,0.0,0.0,30.19,,,0,trial
2026-07-07T20:35:22,pid_hot_humid_bursty_r1,pid,hot_humid,bursty,1,31.286,30.986,30.786,28.286,25.0,45.0,60.0,,0.0,0.0,30.19,,,0,trial
2026-07-07T20:35:22,pid_hot_humid_bursty_r1,pid,hot_humid,bursty,1,31.293,30.993,30.793,28.293,25.0,45.0,60.0,,0.0,0.0,30.19,,,0,trial
2026-07-07T20:35:22,pid_hot_humid_bursty_r1,pid,hot_humid,bursty,1,31.3,31.0,30.8,28.3,25.0,45.0,60.0,,0.0,0.0,30.2,,,0,trial
2026-07-07T20:35:22,pid_hot_humid_bursty_r1,pid,hot_humid,bursty,1,31.307,31.007,30.807,28.307,25.0,45.0,60.0,,0.0,0.0,30.2,,,0,trial
2026-07-07T20:35:22,pid_hot_humid_bursty_r1,pid,hot_humid,bursty,1,31.315,31.015,30.815,28.315,25.0,45.0,60.0,,0.0,0.0,30.2,,,0,trial
2026-07-07T20:35:22,pid_hot_humid_bursty_r1,pid,hot_humid,bursty,1,31.322,31.022,30.822,28.322,25.0,45.0,60.0,,0.0,0.0,30.2,,,0,trial
2026-07-07T20:35:22,pid_hot_humid_bursty_r1,pid,hot_humid,bursty,1,31.329,31.029,30.829,28.329,25.0,45.0,60.0,,0.0,0.0,30.2,,,0,trial
2026-07-07T20:35:22,pid_hot_humid_bursty_r1,pid,hot_humid,bursty,1,31.336,31.036,30.836,28.336,25.0,45.0,60.0,,0.0,0.0,30.2,,,0,trial
2026-07-07T20:35:22,pid_hot_humid_bursty_r1,pid,hot_humid,bursty,1,31.343,31.043,30.843,28.343,25.0,45.0,60.0,,0.0,0.0,30.2,,,0,trial
2026-07-07T20:35:22,pid_hot_humid_bursty_r1,pid,hot_humid,bursty,1,31.351,31.051,30.851,28.351,25.0,45.0,60.0,,0.0,0.0,30.2,,,0,trial
2026-07-07T20:35:22,pid_hot_humid_bursty_r1,pid,hot_humid,bursty,1,31.358,31.058,30.858,28.358,25.0,45.0,60.0,,0.0,0.0,30.2,,,0,trial
2026-07-07T20:35:22,pid_hot_humid_bursty_r1,pid,hot_humid,bursty,1,31.365,31.065,30.865,28.365,25.0,45.0,60.0,,0.0,0.0,30.2,,,0,trial
2026-07-07T20:35:22,pid_hot_humid_bursty_r1,pid,hot_humid,bursty,1,31.372,31.072,30.872,28.372,25.0,45.0,60.0,,0.0,0.0,30.2,,,0,trial
2026-07-07T20:35:22,pid_hot_humid_bursty_r1,pid,hot_humid,bursty,1,31.38,31.08,30.88,28.38,25.0,45.0,60.0,,0.0,0.0,30.21,,,0,trial
2026-07-07T20:35:22,pid_hot_humid_bursty_r1,pid,hot_humid,bursty,1,31.387,31.087,30.887,28.387,25.0,45.0,60.0,,0.0,0.0,30.21,,,0,trial
2026-07-07T20:35:22,pid_hot_humid_bursty_r1,pid,hot_humid,bursty,1,31.394,31.094,30.894,28.394,25.0,45.0,60.0,,0.0,0.0,30.21,,,0,trial
2026-07-07T20:35:22,pid_hot_humid_bursty_r1,pid,hot_humid,bursty,1,31.401,31.101,30.901,28.401,25.0,45.0,60.0,,0.0,0.0,30.21,,,0,trial
2026-07-07T20:35:22,pid_hot_humid_bursty_r1,pid,hot_humid,bursty,1,31.408,31.108,30.908,28.408,25.0,45.0,60.0,,0.0,0.0,30.21,,,0,trial
2026-07-07T20:35:22,pid_hot_humid_bursty_r1,pid,hot_humid,bursty,1,31.416,31.116,30.916,28.416,25.0,45.0,60.0,,0.0,0.0,30.21,,,0,trial
2026-07-07T20:35:22,pid_hot_humid_bursty_r1,pid,hot_humid,bursty,1,31.423,31.123,30.923,28.423,25.0,45.0,60.0,,0.0,0.0,30.21,,,0,trial
2026-07-07T20:35:22,pid_hot_humid_bursty_r1,pid,hot_humid,bursty,1,31.43,31.13,30.93,28.43,25.0,45.0,60.0,,0.0,0.0,30.21,,,0,trial
2026-07-07T20:35:22,pid_hot_humid_bursty_r1,pid,hot_humid,bursty,1,31.437,31.137,30.937,28.437,25.0,45.0,60.0,,0.0,0.0,30.21,,,0,trial
2026-07-07T20:35:22,pid_hot_humid_bursty_r1,pid,hot_humid,bursty,1,31.445,31.145,30.945,28.445,25.0,45.0,60.0,,0.0,0.0,30.21,,,0,trial
2026-07-07T20:35:22,pid_hot_humid_bursty_r1,pid,hot_humid,bursty,1,31.452,31.152,30.952,28.452,25.0,45.0,60.0,,0.0,0.0,30.22,,,0,trial
2026-07-07T20:35:22,pid_hot_humid_bursty_r1,pid,hot_humid,bursty,1,31.459,31.159,30.959,28.459,25.0,45.0,60.0,,0.0,0.0,30.22,,,0,trial
2026-07-07T20:35:22,pid_hot_humid_bursty_r1,pid,hot_humid,bursty,1,31.466,31.166,30.966,28.466,25.0,45.0,60.0,,0.0,0.0,30.22,,,0,trial
2026-07-07T20:35:22,pid_hot_humid_bursty_r1,pid,hot_humid,bursty,1,31.473,31.173,30.973,28.473,25.0,45.0,60.0,,0.0,0.0,30.22,,,0,trial
2026-07-07T20:35:22,pid_hot_humid_bursty_r1,pid,hot_humid,bursty,1,31.481,31.181,30.981,28.481,25.0,45.0,60.0,,0.0,0.0,30.22,,,0,trial
2026-07-07T20:35:22,pid_hot_humid_bursty_r1,pid,hot_humid,bursty,1,31.488,31.188,30.988,28.488,25.0,45.0,60.0,,0.0,0.0,30.22,,,0,trial
2026-07-07T20:35:22,pid_hot_humid_bursty_r1,pid,hot_humid,bursty,1,31.495,31.195,30.995,28.495,25.0,45.0,60.0,,0.0,0.0,30.22,,,0,trial
2026-07-07T20:35:22,pid_hot_humid_bursty_r1,pid,hot_humid,bursty,1,31.502,31.202,31.002,28.502,25.0,45.0,60.0,,0.0,0.0,30.22,,,0,trial
2026-07-07T20:35:22,pid_hot_humid_bursty_r1,pid,hot_humid,bursty,1,31.509,31.209,31.009,28.509,25.0,45.0,60.0,,0.0,0.0,30.22,,,0,trial
2026-07-07T20:35:22,pid_hot_humid_bursty_r1,pid,hot_humid,bursty,1,31.517,31.217,31.017,28.517,25.0,45.0,60.0,,0.0,0.0,30.23,,,0,trial
2026-07-07T20:35:22,pid_hot_humid_bursty_r1,pid,hot_humid,bursty,1,31.524,31.224,31.024,28.524,25.0,45.0,60.0,,0.0,0.0,30.23,,,0,trial
2026-07-07T20:35:22,pid_hot_humid_bursty_r1,pid,hot_humid,bursty,1,31.531,31.231,31.031,28.531,25.0,45.0,60.0,,0.0,0.0,30.23,,,0,trial
2026-07-07T20:35:22,pid_hot_humid_bursty_r1,pid,hot_humid,bursty,1,31.538,31.238,31.038,28.538,25.0,45.0,60.0,,0.0,0.0,30.23,,,0,trial
2026-07-07T20:35:22,pid_hot_humid_bursty_r1,pid,hot_humid,bursty,1,31.546,31.246,31.046,28.546,25.0,45.0,60.0,,0.0,0.0,30.23,,,0,trial
2026-07-07T20:35:22,pid_hot_humid_bursty_r1,pid,hot_humid,bursty,1,31.553,31.253,31.053,28.553,25.0,45.0,60.0,,0.0,0.0,30.23,,,0,trial
2026-07-07T20:35:22,pid_hot_humid_bursty_r1,pid,hot_humid,bursty,1,31.56,31.26,31.06,28.56,25.0,45.0,60.0,,0.0,0.0,30.23,,,0,trial
2026-07-07T20:35:22,pid_hot_humid_bursty_r1,pid,hot_humid,bursty,1,31.567,31.267,31.067,28.567,25.0,45.0,60.0,,0.0,0.0,30.23,,,0,trial
2026-07-07T20:35:22,pid_hot_humid_bursty_r1,pid,hot_humid,bursty,1,31.574,31.274,31.074,28.574,25.0,45.0,60.0,,0.0,0.0,30.23,,,0,trial
2026-07-07T20:35:22,pid_hot_humid_bursty_r1,pid,hot_humid,bursty,1,31.582,31.282,31.082,28.582,25.0,45.0,60.0,,0.0,0.0,30.24,,,0,trial
2026-07-07T20:35:22,pid_hot_humid_bursty_r1,pid,hot_humid,bursty,1,31.589,31.289,31.089,28.589,25.0,45.0,60.0,,0.0,0.0,30.24,,,0,trial
2026-07-07T20:35:22,pid_hot_humid_bursty_r1,pid,hot_humid,bursty,1,31.596,31.296,31.096,28.596,25.0,45.0,60.0,,0.0,0.0,30.24,,,0,trial
2026-07-07T20:35:22,pid_hot_humid_bursty_r1,pid,hot_humid,bursty,1,31.603,31.303,31.103,28.603,25.0,45.0,60.0,,0.0,0.0,30.24,,,0,trial
2026-07-07T20:35:22,pid_hot_humid_bursty_r1,pid,hot_humid,bursty,1,31.61,31.31,31.11,28.61,25.0,45.0,60.0,,0.0,0.0,30.24,,,0,trial
2026-07-07T20:35:22,pid_hot_humid_bursty_r1,pid,hot_humid,bursty,1,31.618,31.318,31.118,28.618,25.0,45.0,60.0,,0.0,0.0,30.24,,,0,trial
2026-07-07T20:35:22,pid_hot_humid_bursty_r1,pid,hot_humid,bursty,1,31.625,31.325,31.125,28.625,25.0,45.0,60.0,,0.0,0.0,30.24,,,0,trial
2026-07-07T20:35:22,pid_hot_humid_bursty_r1,pid,hot_humid,bursty,1,31.632,31.332,31.132,28.632,25.0,45.0,60.0,,0.0,0.0,30.24,,,0,trial
2026-07-07T20:35:22,pid_hot_humid_bursty_r1,pid,hot_humid,bursty,1,31.639,31.339,31.139,28.639,25.0,45.0,60.0,,0.0,0.0,30.24,,,0,trial
2026-07-07T20:35:22,pid_hot_humid_bursty_r1,pid,hot_humid,bursty,1,31.646,31.346,31.146,28.646,25.0,45.0,60.0,,0.0,0.0,30.25,,,0,trial
2026-07-07T20:35:22,pid_hot_humid_bursty_r1,pid,hot_humid,bursty,1,31.654,31.354,31.154,28.654,25.0,45.0,60.0,,0.0,0.0,30.25,,,0,trial
2026-07-07T20:35:22,pid_hot_humid_bursty_r1,pid,hot_humid,bursty,1,31.661,31.361,31.161,28.661,25.0,45.0,60.0,,0.0,0.0,30.25,,,0,trial
2026-07-07T20:35:22,pid_hot_humid_bursty_r1,pid,hot_humid,bursty,1,31.668,31.368,31.168,28.668,25.0,45.0,60.0,,0.0,0.0,30.25,,,0,trial
2026-07-07T20:35:22,pid_hot_humid_bursty_r1,pid,hot_humid,bursty,1,31.675,31.375,31.175,28.675,25.0,45.0,60.0,,0.0,0.0,30.25,,,0,trial
2026-07-07T20:35:22,pid_hot_humid_bursty_r1,pid,hot_humid,bursty,1,31.682,31.382,31.182,28.682,25.0,45.0,60.0,,0.0,0.0,30.25,,,0,trial
2026-07-07T20:35:22,pid_hot_humid_bursty_r1,pid,hot_humid,bursty,1,31.69,31.39,31.19,28.69,25.0,45.0,60.0,,0.0,0.0,30.25,,,0,trial
2026-07-07T20:35:22,pid_hot_humid_bursty_r1,pid,hot_humid,bursty,1,31.697,31.397,31.197,28.697,25.0,45.0,60.0,,0.0,0.0,30.26,,,0,trial
2026-07-07T20:35:22,pid_hot_humid_bursty_r1,pid,hot_humid,bursty,1,31.704,31.404,31.204,28.704,25.0,45.0,60.0,,0.0,0.0,30.26,,,0,trial
2026-07-07T20:35:22,pid_hot_humid_bursty_r1,pid,hot_humid,bursty,1,31.711,31.411,31.211,28.711,25.0,45.0,60.0,,0.0,0.0,30.26,,,0,trial
2026-07-07T20:35:22,pid_hot_humid_bursty_r1,pid,hot_humid,bursty,1,31.718,31.418,31.218,28.718,25.0,45.0,60.0,,0.0,0.0,30.26,,,0,trial
2026-07-07T20:35:22,pid_hot_humid_bursty_r1,pid,hot_humid,bursty,1,31.725,31.425,31.225,28.725,25.0,45.0,60.0,,0.0,0.0,30.26,,,0,trial
2026-07-07T20:35:22,pid_hot_humid_bursty_r1,pid,hot_humid,bursty,1,31.733,31.433,31.233,28.733,25.0,45.0,60.0,,0.0,0.0,30.26,,,0,trial
2026-07-07T20:35:22,pid_hot_humid_bursty_r1,pid,hot_humid,bursty,1,31.74,31.44,31.24,28.74,25.0,45.0,60.0,,0.0,0.0,30.26,,,0,trial
2026-07-07T20:35:22,pid_hot_humid_bursty_r1,pid,hot_humid,bursty,1,31.747,31.447,31.247,28.747,25.0,45.0,60.0,,0.0,0.0,30.26,,,0,trial
2026-07-07T20:35:22,pid_hot_humid_bursty_r1,pid,hot_humid,bursty,1,31.754,31.454,31.254,28.754,25.0,45.0,60.0,,0.0,0.0,30.27,,,0,trial
2026-07-07T20:35:22,pid_hot_humid_bursty_r1,pid,hot_humid,bursty,1,31.761,31.461,31.261,28.761,25.0,45.0,60.0,,0.0,0.0,30.27,,,0,trial
2026-07-07T20:35:22,pid_hot_humid_bursty_r1,pid,hot_humid,bursty,1,31.769,31.469,31.269,28.769,25.0,45.0,60.0,,0.0,0.0,30.27,,,0,trial
2026-07-07T20:35:22,pid_hot_humid_bursty_r1,pid,hot_humid,bursty,1,31.776,31.476,31.276,28.776,25.0,45.0,60.0,,0.0,0.0,30.27,,,0,trial
2026-07-07T20:35:22,pid_hot_humid_bursty_r1,pid,hot_humid,bursty,1,31.783,31.483,31.283,28.783,25.0,45.0,60.0,,0.0,0.0,30.27,,,0,trial
2026-07-07T20:35:22,pid_hot_humid_bursty_r1,pid,hot_humid,bursty,1,31.79,31.49,31.29,28.79,25.0,45.0,60.0,,0.0,0.0,30.27,,,0,trial
2026-07-07T20:35:22,pid_hot_humid_bursty_r1,pid,hot_humid,bursty,1,31.797,31.497,31.297,28.797,25.0,45.0,60.0,,0.0,0.0,30.27,,,0,trial
2026-07-07T20:35:22,pid_hot_humid_bursty_r1,pid,hot_humid,bursty,1,31.804,31.504,31.304,28.804,25.0,45.0,60.0,,0.0,0.0,30.28,,,0,trial
2026-07-07T20:35:22,pid_hot_humid_bursty_r1,pid,hot_humid,bursty,1,31.812,31.512,31.312,28.812,25.0,45.0,60.0,,0.0,0.0,30.28,,,0,trial
2026-07-07T20:35:22,pid_hot_humid_bursty_r1,pid,hot_humid,bursty,1,31.819,31.519,31.319,28.819,25.0,45.0,60.0,,0.0,0.0,30.28,,,0,trial
2026-07-07T20:35:22,pid_hot_humid_bursty_r1,pid,hot_humid,bursty,1,31.826,31.526,31.326,28.826,25.0,45.0,60.0,,0.0,0.0,30.28,,,0,trial
2026-07-07T20:35:22,pid_hot_humid_bursty_r1,pid,hot_humid,bursty,1,31.833,31.533,31.333,28.833,25.0,45.0,60.0,,0.0,0.0,30.28,,,0,trial
2026-07-07T20:35:22,pid_hot_humid_bursty_r1,pid,hot_humid,bursty,1,31.84,31.54,31.34,28.84,25.0,45.0,60.0,,0.0,0.0,30.28,,,0,trial
2026-07-07T20:35:22,pid_hot_humid_bursty_r1,pid,hot_humid,bursty,1,31.848,31.548,31.348,28.848,25.0,45.0,60.0,,0.0,0.0,30.29,,,0,trial
2026-07-07T20:35:22,pid_hot_humid_bursty_r1,pid,hot_humid,bursty,1,31.855,31.555,31.355,28.855,25.0,45.0,60.0,,0.0,0.0,30.29,,,0,trial
2026-07-07T20:35:22,pid_hot_humid_bursty_r1,pid,hot_humid,bursty,1,31.862,31.562,31.362,28.862,25.0,45.0,60.0,,0.0,0.0,30.29,,,0,trial
2026-07-07T20:35:22,pid_hot_humid_bursty_r1,pid,hot_humid,bursty,1,31.869,31.569,31.369,28.869,25.0,45.0,60.0,,0.0,0.0,30.29,,,0,trial
2026-07-07T20:35:22,pid_hot_humid_bursty_r1,pid,hot_humid,bursty,1,31.887,31.587,31.387,28.887,25.0,45.0,140.0,,0.0,0.0,30.29,,,0,trial
2026-07-07T20:35:22,pid_hot_humid_bursty_r1,pid,hot_humid,bursty,1,31.904,31.604,31.404,28.904,25.0,45.0,140.0,,0.0,0.0,30.29,,,0,trial
2026-07-07T20:35:22,pid_hot_humid_bursty_r1,pid,hot_humid,bursty,1,31.922,31.622,31.422,28.922,25.0,45.0,140.0,,0.0,0.0,30.29,,,0,trial
2026-07-07T20:35:22,pid_hot_humid_bursty_r1,pid,hot_humid,bursty,1,31.94,31.64,31.44,28.94,25.0,45.0,140.0,,0.0,0.0,30.3,,,0,trial
2026-07-07T20:35:22,pid_hot_humid_bursty_r1,pid,hot_humid,bursty,1,31.958,31.658,31.458,28.958,25.0,45.0,140.0,,0.0,0.0,30.3,,,0,trial
2026-07-07T20:35:22,pid_hot_humid_bursty_r1,pid,hot_humid,bursty,1,31.975,31.675,31.475,28.975,25.0,45.0,140.0,,0.0,0.0,30.3,,,0,trial
2026-07-07T20:35:22,pid_hot_humid_bursty_r1,pid,hot_humid,bursty,1,31.993,31.693,31.493,28.993,25.0,45.0,140.0,,0.0,0.0,30.3,,,0,trial
2026-07-07T20:35:22,pid_hot_humid_bursty_r1,pid,hot_humid,bursty,1,32.011,31.711,31.511,29.011,25.0,45.0,140.0,,0.0,0.0,30.3,,,0,trial
2026-07-07T20:35:22,pid_hot_humid_bursty_r1,pid,hot_humid,bursty,1,32.028,31.728,31.528,29.028,25.0,45.0,140.0,,0.0,0.0,30.3,,,0,trial
2026-07-07T20:35:22,pid_hot_humid_bursty_r1,pid,hot_humid,bursty,1,32.046,31.746,31.546,29.046,25.0,45.0,140.0,,0.0,0.0,30.31,,,0,trial
2026-07-07T20:35:22,pid_hot_humid_bursty_r1,pid,hot_humid,bursty,1,32.064,31.764,31.564,29.064,25.0,45.0,140.0,,0.0,0.0,30.31,,,0,trial
2026-07-07T20:35:22,pid_hot_humid_bursty_r1,pid,hot_humid,bursty,1,32.081,31.781,31.581,29.081,25.0,45.0,140.0,,0.0,0.0,30.31,,,0,trial
2026-07-07T20:35:22,pid_hot_humid_bursty_r1,pid,hot_humid,bursty,1,32.099,31.799,31.599,29.099,25.0,45.0,140.0,,0.0,0.0,30.31,,,0,trial
2026-07-07T20:35:22,pid_hot_humid_bursty_r1,pid,hot_humid,bursty,1,32.117,31.817,31.617,29.117,25.0,45.0,140.0,,0.0,0.0,30.31,,,0,trial
2026-07-07T20:35:22,pid_hot_humid_bursty_r1,pid,hot_humid,bursty,1,32.134,31.834,31.634,29.134,25.0,45.0,140.0,,0.0,0.0,30.31,,,0,trial
2026-07-07T20:35:22,pid_hot_humid_bursty_r1,pid,hot_humid,bursty,1,32.152,31.852,31.652,29.152,25.0,45.0,140.0,,0.0,0.0,30.32,,,0,trial
2026-07-07T20:35:22,pid_hot_humid_bursty_r1,pid,hot_humid,bursty,1,32.17,31.87,31.67,29.17,25.0,45.0,140.0,,0.0,0.0,30.32,,,0,trial
2026-07-07T20:35:22,pid_hot_humid_bursty_r1,pid,hot_humid,bursty,1,32.187,31.887,31.687,29.187,25.0,45.0,140.0,,0.0,0.0,30.32,,,0,trial
2026-07-07T20:35:22,pid_hot_humid_bursty_r1,pid,hot_humid,bursty,1,32.205,31.905,31.705,29.205,25.0,45.0,140.0,,0.0,0.0,30.32,,,0,trial
2026-07-07T20:35:22,pid_hot_humid_bursty_r1,pid,hot_humid,bursty,1,32.223,31.923,31.723,29.223,25.0,45.0,140.0,,0.0,0.0,30.32,,,0,trial
2026-07-07T20:35:22,pid_hot_humid_bursty_r1,pid,hot_humid,bursty,1,32.24,31.94,31.74,29.24,25.0,45.0,140.0,,0.0,0.0,30.33,,,0,trial
2026-07-07T20:35:22,pid_hot_humid_bursty_r1,pid,hot_humid,bursty,1,32.258,31.958,31.758,29.258,25.0,45.0,140.0,,0.0,0.0,30.33,,,0,trial
2026-07-07T20:35:22,pid_hot_humid_bursty_r1,pid,hot_humid,bursty,1,32.276,31.976,31.776,29.276,25.0,45.0,140.0,,0.0,0.0,30.33,,,0,trial
2026-07-07T20:35:22,pid_hot_humid_bursty_r1,pid,hot_humid,bursty,1,32.293,31.993,31.793,29.293,25.0,45.0,140.0,,0.0,0.0,30.33,,,0,trial
2026-07-07T20:35:22,pid_hot_humid_bursty_r1,pid,hot_humid,bursty,1,32.311,32.011,31.811,29.311,25.0,45.0,140.0,,0.0,0.0,30.33,,,0,trial
2026-07-07T20:35:22,pid_hot_humid_bursty_r1,pid,hot_humid,bursty,1,32.329,32.029,31.829,29.329,25.0,45.0,140.0,,0.0,0.0,30.33,,,0,trial
2026-07-07T20:35:22,pid_hot_humid_bursty_r1,pid,hot_humid,bursty,1,32.346,32.046,31.846,29.346,25.0,45.0,140.0,,0.0,0.0,30.34,,,0,trial
2026-07-07T20:35:22,pid_hot_humid_bursty_r1,pid,hot_humid,bursty,1,32.364,32.064,31.864,29.364,25.0,45.0,140.0,,0.0,0.0,30.34,,,0,trial
2026-07-07T20:35:22,pid_hot_humid_bursty_r1,pid,hot_humid,bursty,1,32.382,32.082,31.882,29.382,25.0,45.0,140.0,,0.0,0.0,30.34,,,0,trial
2026-07-07T20:35:22,pid_hot_humid_bursty_r1,pid,hot_humid,bursty,1,32.399,32.099,31.899,29.399,25.0,45.0,140.0,,0.0,0.0,30.34,,,0,trial
2026-07-07T20:35:22,pid_hot_humid_bursty_r1,pid,hot_humid,bursty,1,32.417,32.117,31.917,29.417,25.0,45.0,140.0,,0.0,0.0,30.34,,,0,trial
2026-07-07T20:35:22,pid_hot_humid_bursty_r1,pid,hot_humid,bursty,1,32.434,32.134,31.934,29.434,25.0,45.0,140.0,,0.0,0.0,30.35,,,0,trial
2026-07-07T20:35:22,pid_hot_humid_bursty_r1,pid,hot_humid,bursty,1,32.452,32.152,31.952,29.452,25.0,45.0,140.0,,0.0,0.0,30.35,,,0,trial
2026-07-07T20:35:22,pid_hot_humid_bursty_r1,pid,hot_humid,bursty,1,32.47,32.17,31.97,29.47,25.0,45.0,140.0,,0.0,0.0,30.35,,,0,trial
2026-07-07T20:35:22,pid_hot_humid_bursty_r1,pid,hot_humid,bursty,1,32.487,32.187,31.987,29.487,25.0,45.0,140.0,,0.0,0.0,30.35,,,0,trial
2026-07-07T20:35:22,pid_hot_humid_bursty_r1,pid,hot_humid,bursty,1,32.505,32.205,32.005,29.505,25.0,45.0,140.0,,0.0,0.0,30.35,,,0,trial
2026-07-07T20:35:22,pid_hot_humid_bursty_r1,pid,hot_humid,bursty,1,32.523,32.223,32.023,29.523,25.0,45.0,140.0,,0.0,0.0,30.36,,,0,trial
2026-07-07T20:35:22,pid_hot_humid_bursty_r1,pid,hot_humid,bursty,1,32.54,32.24,32.04,29.54,25.0,45.0,140.0,,0.0,0.0,30.36,,,0,trial
2026-07-07T20:35:22,pid_hot_humid_bursty_r1,pid,hot_humid,bursty,1,32.558,32.258,32.058,29.558,25.0,45.0,140.0,,0.0,0.0,30.36,,,0,trial
2026-07-07T20:35:22,pid_hot_humid_bursty_r1,pid,hot_humid,bursty,1,32.576,32.276,32.076,29.576,25.0,45.0,140.0,,0.0,0.0,30.36,,,0,trial
2026-07-07T20:35:22,pid_hot_humid_bursty_r1,pid,hot_humid,bursty,1,32.593,32.293,32.093,29.593,25.0,45.0,140.0,,0.0,0.0,30.36,,,0,trial
2026-07-07T20:35:22,pid_hot_humid_bursty_r1,pid,hot_humid,bursty,1,32.611,32.311,32.111,29.611,25.0,45.0,140.0,,0.0,0.0,30.37,,,0,trial
2026-07-07T20:35:22,pid_hot_humid_bursty_r1,pid,hot_humid,bursty,1,32.628,32.328,32.128,29.628,25.0,45.0,140.0,,0.0,0.0,30.37,,,0,trial
2026-07-07T20:35:22,pid_hot_humid_bursty_r1,pid,hot_humid,bursty,1,32.646,32.346,32.146,29.646,25.0,45.0,140.0,,0.0,0.0,30.37,,,0,trial
2026-07-07T20:35:22,pid_hot_humid_bursty_r1,pid,hot_humid,bursty,1,32.664,32.364,32.164,29.664,25.0,45.0,140.0,,0.0,0.0,30.37,,,0,trial
2026-07-07T20:35:22,pid_hot_humid_bursty_r1,pid,hot_humid,bursty,1,32.681,32.381,32.181,29.681,25.0,45.0,140.0,,0.0,0.0,30.38,,,0,trial
2026-07-07T20:35:22,pid_hot_humid_bursty_r1,pid,hot_humid,bursty,1,32.699,32.399,32.199,29.699,25.0,45.0,140.0,,0.0,0.0,30.38,,,0,trial
2026-07-07T20:35:22,pid_hot_humid_bursty_r1,pid,hot_humid,bursty,1,32.716,32.416,32.216,29.716,25.0,45.0,140.0,,0.0,0.0,30.38,,,0,trial
2026-07-07T20:35:22,pid_hot_humid_bursty_r1,pid,hot_humid,bursty,1,32.734,32.434,32.234,29.734,25.0,45.0,140.0,,0.0,0.0,30.38,,,0,trial
2026-07-07T20:35:22,pid_hot_humid_bursty_r1,pid,hot_humid,bursty,1,32.752,32.452,32.252,29.752,25.0,45.0,140.0,,0.0,0.0,30.38,,,0,trial
2026-07-07T20:35:22,pid_hot_humid_bursty_r1,pid,hot_humid,bursty,1,32.769,32.469,32.269,29.769,25.0,45.0,140.0,,0.0,0.0,30.39,,,0,trial
2026-07-07T20:35:22,pid_hot_humid_bursty_r1,pid,hot_humid,bursty,1,32.787,32.487,32.287,29.787,25.0,45.0,140.0,,0.0,0.0,30.39,,,0,trial
2026-07-07T20:35:22,pid_hot_humid_bursty_r1,pid,hot_humid,bursty,1,32.804,32.504,32.304,29.804,25.0,45.0,140.0,,0.0,0.0,30.39,,,0,trial
2026-07-07T20:35:22,pid_hot_humid_bursty_r1,pid,hot_humid,bursty,1,32.822,32.522,32.322,29.822,25.0,45.0,140.0,,0.0,0.0,30.39,,,0,trial
2026-07-07T20:35:22,pid_hot_humid_bursty_r1,pid,hot_humid,bursty,1,32.84,32.54,32.34,29.84,25.0,45.0,140.0,,0.0,0.0,30.4,,,0,trial
2026-07-07T20:35:22,pid_hot_humid_bursty_r1,pid,hot_humid,bursty,1,32.857,32.557,32.357,29.857,25.0,45.0,140.0,,0.0,0.0,30.4,,,0,trial
2026-07-07T20:35:22,pid_hot_humid_bursty_r1,pid,hot_humid,bursty,1,32.875,32.575,32.375,29.875,25.0,45.0,140.0,,0.0,0.0,30.4,,,0,trial
2026-07-07T20:35:22,pid_hot_humid_bursty_r1,pid,hot_humid,bursty,1,32.892,32.592,32.392,29.892,25.0,45.0,140.0,,0.0,0.0,30.4,,,0,trial
2026-07-07T20:35:22,pid_hot_humid_bursty_r1,pid,hot_humid,bursty,1,32.91,32.61,32.41,29.91,25.0,45.0,140.0,,0.0,0.0,30.4,,,0,trial
2026-07-07T20:35:22,pid_hot_humid_bursty_r1,pid,hot_humid,bursty,1,32.928,32.628,32.428,29.928,25.0,45.0,140.0,,0.0,0.0,30.41,,,0,trial
2026-07-07T20:35:22,pid_hot_humid_bursty_r1,pid,hot_humid,bursty,1,32.945,32.645,32.445,29.945,25.0,45.0,140.0,,0.0,0.0,30.41,,,0,trial
2026-07-07T20:35:22,pid_hot_humid_bursty_r1,pid,hot_humid,bursty,1,32.963,32.663,32.463,29.963,25.0,45.0,140.0,,0.0,0.0,30.41,,,0,trial
2026-07-07T20:35:22,pid_hot_humid_bursty_r1,pid,hot_humid,bursty,1,32.98,32.68,32.48,29.98,25.0,45.0,140.0,,0.0,0.0,30.41,,,0,trial
2026-07-07T20:35:22,pid_hot_humid_bursty_r1,pid,hot_humid,bursty,1,32.998,32.698,32.498,29.998,25.0,45.0,140.0,,0.0,0.0,30.42,,,0,trial
2026-07-07T20:35:22,pid_hot_humid_bursty_r1,pid,hot_humid,bursty,1,33.016,32.716,32.516,30.016,25.0,45.0,140.0,,0.0,0.0,30.42,,,0,trial
2026-07-07T20:35:22,pid_hot_humid_bursty_r1,pid,hot_humid,bursty,1,33.033,32.733,32.533,30.033,25.0,45.0,140.0,,0.0,0.0,30.42,,,0,trial
2026-07-07T20:35:22,pid_hot_humid_bursty_r1,pid,hot_humid,bursty,1,33.051,32.751,32.551,30.051,25.0,45.0,140.0,,0.0,0.0,30.42,,,0,trial
2026-07-07T20:35:22,pid_hot_humid_bursty_r1,pid,hot_humid,bursty,1,33.068,32.768,32.568,30.068,25.0,45.0,140.0,,0.0,0.0,30.43,,,0,trial
2026-07-07T20:35:22,pid_hot_humid_bursty_r1,pid,hot_humid,bursty,1,33.086,32.786,32.586,30.086,25.0,45.0,140.0,,0.0,0.0,30.43,,,0,trial
2026-07-07T20:35:22,pid_hot_humid_bursty_r1,pid,hot_humid,bursty,1,33.103,32.803,32.603,30.103,25.0,45.0,140.0,,0.0,0.0,30.43,,,0,trial
2026-07-07T20:35:22,pid_hot_humid_bursty_r1,pid,hot_humid,bursty,1,33.121,32.821,32.621,30.121,25.0,45.0,140.0,,0.0,0.0,30.43,,,0,trial
2026-07-07T20:35:22,pid_hot_humid_bursty_r1,pid,hot_humid,bursty,1,33.139,32.839,32.639,30.139,25.0,45.0,140.0,,0.0,0.0,30.44,,,0,trial
2026-07-07T20:35:22,pid_hot_humid_bursty_r1,pid,hot_humid,bursty,1,33.156,32.856,32.656,30.156,25.0,45.0,140.0,,0.0,0.0,30.44,,,0,trial
2026-07-07T20:35:22,pid_hot_humid_bursty_r1,pid,hot_humid,bursty,1,33.174,32.874,32.674,30.174,25.0,45.0,140.0,,0.0,0.0,30.44,,,0,trial
2026-07-07T20:35:22,pid_hot_humid_bursty_r1,pid,hot_humid,bursty,1,33.191,32.891,32.691,30.191,25.0,45.0,140.0,,0.0,0.0,30.44,,,0,trial
2026-07-07T20:35:22,pid_hot_humid_bursty_r1,pid,hot_humid,bursty,1,33.209,32.909,32.709,30.209,25.0,45.0,140.0,,0.0,0.0,30.45,,,0,trial
2026-07-07T20:35:22,pid_hot_humid_bursty_r1,pid,hot_humid,bursty,1,33.226,32.926,32.726,30.226,25.0,45.0,140.0,,0.0,0.0,30.45,,,0,trial
2026-07-07T20:35:22,pid_hot_humid_bursty_r1,pid,hot_humid,bursty,1,33.244,32.944,32.744,30.244,25.0,45.0,140.0,,0.0,0.0,30.45,,,0,trial
2026-07-07T20:35:22,pid_hot_humid_bursty_r1,pid,hot_humid,bursty,1,33.261,32.961,32.761,30.261,25.0,45.0,140.0,,0.0,0.0,30.45,,,0,trial
2026-07-07T20:35:22,pid_hot_humid_bursty_r1,pid,hot_humid,bursty,1,33.279,32.979,32.779,30.279,25.0,45.0,140.0,,0.0,0.0,30.46,,,0,trial
2026-07-07T20:35:22,pid_hot_humid_bursty_r1,pid,hot_humid,bursty,1,33.297,32.997,32.797,30.297,25.0,45.0,140.0,,0.0,0.0,30.46,,,0,trial
2026-07-07T20:35:22,pid_hot_humid_bursty_r1,pid,hot_humid,bursty,1,33.314,33.014,32.814,30.314,25.0,45.0,140.0,,0.0,0.0,30.46,,,0,trial
2026-07-07T20:35:22,pid_hot_humid_bursty_r1,pid,hot_humid,bursty,1,33.332,33.032,32.832,30.332,25.0,45.0,140.0,,0.0,0.0,30.47,,,0,trial
2026-07-07T20:35:22,pid_hot_humid_bursty_r1,pid,hot_humid,bursty,1,33.349,33.049,32.849,30.349,25.0,45.0,140.0,,0.0,0.0,30.47,,,0,trial
2026-07-07T20:35:22,pid_hot_humid_bursty_r1,pid,hot_humid,bursty,1,33.367,33.067,32.867,30.367,25.0,45.0,140.0,,0.0,0.0,30.47,,,0,trial
2026-07-07T20:35:22,pid_hot_humid_bursty_r1,pid,hot_humid,bursty,1,33.384,33.084,32.884,30.384,25.0,45.0,140.0,,0.0,0.0,30.47,,,0,trial
2026-07-07T20:35:22,pid_hot_humid_bursty_r1,pid,hot_humid,bursty,1,33.402,33.102,32.902,30.402,25.0,45.0,140.0,,0.0,0.0,30.48,,,0,trial
2026-07-07T20:35:22,pid_hot_humid_bursty_r1,pid,hot_humid,bursty,1,33.419,33.119,32.919,30.419,25.0,45.0,140.0,,0.0,0.0,30.48,,,0,trial
2026-07-07T20:35:22,pid_hot_humid_bursty_r1,pid,hot_humid,bursty,1,33.437,33.137,32.937,30.437,25.0,45.0,140.0,,0.0,0.0,30.48,,,0,trial
2026-07-07T20:35:22,pid_hot_humid_bursty_r1,pid,hot_humid,bursty,1,33.454,33.154,32.954,30.454,25.0,45.0,140.0,,0.0,0.0,30.49,,,0,trial
2026-07-07T20:35:22,pid_hot_humid_bursty_r1,pid,hot_humid,bursty,1,33.472,33.172,32.972,30.472,25.0,45.0,140.0,,0.0,0.0,30.49,,,0,trial
2026-07-07T20:35:22,pid_hot_humid_bursty_r1,pid,hot_humid,bursty,1,33.489,33.189,32.989,30.489,25.0,45.0,140.0,,0.0,0.0,30.49,,,0,trial
2026-07-07T20:35:22,pid_hot_humid_bursty_r1,pid,hot_humid,bursty,1,33.507,33.207,33.007,30.507,25.0,45.0,140.0,,0.0,0.0,30.49,,,0,trial
2026-07-07T20:35:22,pid_hot_humid_bursty_r1,pid,hot_humid,bursty,1,33.525,33.225,33.025,30.525,25.0,45.0,140.0,,0.0,0.0,30.5,,,0,trial
2026-07-07T20:35:22,pid_hot_humid_bursty_r1,pid,hot_humid,bursty,1,33.542,33.242,33.042,30.542,25.0,45.0,140.0,,0.0,0.0,30.5,,,0,trial
2026-07-07T20:35:22,pid_hot_humid_bursty_r1,pid,hot_humid,bursty,1,33.56,33.26,33.06,30.56,25.0,45.0,140.0,,0.0,0.0,30.5,,,0,trial
2026-07-07T20:35:22,pid_hot_humid_bursty_r1,pid,hot_humid,bursty,1,33.577,33.277,33.077,30.577,25.0,45.0,140.0,,0.0,0.0,30.51,,,0,trial
2026-07-07T20:35:22,pid_hot_humid_bursty_r1,pid,hot_humid,bursty,1,33.595,33.295,33.095,30.595,25.0,45.0,140.0,,0.0,0.0,30.51,,,0,trial
2026-07-07T20:35:22,pid_hot_humid_bursty_r1,pid,hot_humid,bursty,1,33.612,33.312,33.112,30.612,25.0,45.0,140.0,,0.0,0.0,30.51,,,0,trial
2026-07-07T20:35:22,pid_hot_humid_bursty_r1,pid,hot_humid,bursty,1,33.63,33.33,33.13,30.63,25.0,45.0,140.0,,0.0,0.0,30.51,,,0,trial
2026-07-07T20:35:22,pid_hot_humid_bursty_r1,pid,hot_humid,bursty,1,33.647,33.347,33.147,30.647,25.0,45.0,140.0,,0.0,0.0,30.52,,,0,trial
2026-07-07T20:35:22,pid_hot_humid_bursty_r1,pid,hot_humid,bursty,1,33.665,33.365,33.165,30.665,25.0,45.0,140.0,,0.0,0.0,30.52,,,0,trial
2026-07-07T20:35:22,pid_hot_humid_bursty_r1,pid,hot_humid,bursty,1,33.682,33.382,33.182,30.682,25.0,45.0,140.0,,0.0,0.0,30.52,,,0,trial
2026-07-07T20:35:22,pid_hot_humid_bursty_r1,pid,hot_humid,bursty,1,33.7,33.4,33.2,30.7,25.0,45.0,140.0,,0.0,0.0,30.53,,,0,trial
2026-07-07T20:35:22,pid_hot_humid_bursty_r1,pid,hot_humid,bursty,1,33.717,33.417,33.217,30.717,25.0,45.0,140.0,,0.0,0.0,30.53,,,0,trial
2026-07-07T20:35:22,pid_hot_humid_bursty_r1,pid,hot_humid,bursty,1,33.735,33.435,33.235,30.735,25.0,45.0,140.0,,0.0,0.0,30.53,,,0,trial
2026-07-07T20:35:22,pid_hot_humid_bursty_r1,pid,hot_humid,bursty,1,33.752,33.452,33.252,30.752,25.0,45.0,140.0,,0.0,0.0,30.54,,,0,trial
2026-07-07T20:35:22,pid_hot_humid_bursty_r1,pid,hot_humid,bursty,1,33.77,33.47,33.27,30.77,25.0,45.0,140.0,,0.0,0.0,30.54,,,0,trial
2026-07-07T20:35:22,pid_hot_humid_bursty_r1,pid,hot_humid,bursty,1,33.787,33.487,33.287,30.787,25.0,45.0,140.0,,0.0,0.0,30.54,,,0,trial
2026-07-07T20:35:22,pid_hot_humid_bursty_r1,pid,hot_humid,bursty,1,33.805,33.505,33.305,30.805,25.0,45.0,140.0,,0.0,0.0,30.55,,,0,trial
2026-07-07T20:35:22,pid_hot_humid_bursty_r1,pid,hot_humid,bursty,1,33.822,33.522,33.322,30.822,25.0,45.0,140.0,,0.0,0.0,30.55,,,0,trial
2026-07-07T20:35:22,pid_hot_humid_bursty_r1,pid,hot_humid,bursty,1,33.84,33.54,33.34,30.84,25.0,45.0,140.0,,0.0,0.0,30.55,,,0,trial
2026-07-07T20:35:22,pid_hot_humid_bursty_r1,pid,hot_humid,bursty,1,33.857,33.557,33.357,30.857,25.0,45.0,140.0,,0.0,0.0,30.56,,,0,trial
2026-07-07T20:35:22,pid_hot_humid_bursty_r1,pid,hot_humid,bursty,1,33.875,33.575,33.375,30.875,25.0,45.0,140.0,,0.0,0.0,30.56,,,0,trial
2026-07-07T20:35:22,pid_hot_humid_bursty_r1,pid,hot_humid,bursty,1,33.892,33.592,33.392,30.892,25.0,45.0,140.0,,0.0,0.0,30.56,,,0,trial
2026-07-07T20:35:22,pid_hot_humid_bursty_r1,pid,hot_humid,bursty,1,33.91,33.61,33.41,30.91,25.0,45.0,140.0,,0.0,0.0,30.57,,,0,trial
2026-07-07T20:35:22,pid_hot_humid_bursty_r1,pid,hot_humid,bursty,1,33.927,33.627,33.427,30.927,25.0,45.0,140.0,,0.0,0.0,30.57,,,0,trial
2026-07-07T20:35:22,pid_hot_humid_bursty_r1,pid,hot_humid,bursty,1,33.945,33.645,33.445,30.945,25.0,45.0,140.0,,0.0,0.0,30.57,,,0,trial
2026-07-07T20:35:22,pid_hot_humid_bursty_r1,pid,hot_humid,bursty,1,33.962,33.662,33.462,30.962,25.0,45.0,140.0,,0.0,0.0,30.58,,,0,trial
2026-07-07T20:35:22,pid_hot_humid_bursty_r1,pid,hot_humid,bursty,1,33.98,33.68,33.48,30.98,25.0,45.0,140.0,,0.0,0.0,30.58,,,0,trial
2026-07-07T20:35:22,pid_hot_humid_bursty_r1,pid,hot_humid,bursty,1,33.997,33.697,33.497,30.997,25.0,45.0,140.0,,0.0,0.0,30.58,,,0,trial
2026-07-07T20:35:22,pid_hot_humid_bursty_r1,pid,hot_humid,bursty,1,34.015,33.715,33.515,31.015,25.0,45.0,140.0,,0.0,0.0,30.59,,,0,trial
2026-07-07T20:35:22,pid_hot_humid_bursty_r1,pid,hot_humid,bursty,1,34.032,33.732,33.532,31.032,25.0,45.0,140.0,,0.0,0.0,30.59,,,0,trial
2026-07-07T20:35:22,pid_hot_humid_bursty_r1,pid,hot_humid,bursty,1,34.049,33.749,33.549,31.049,25.0,45.0,140.0,,0.0,0.0,30.59,,,0,trial
2026-07-07T20:35:22,pid_hot_humid_bursty_r1,pid,hot_humid,bursty,1,34.067,33.767,33.567,31.067,25.0,45.0,140.0,,0.0,0.0,30.6,,,0,trial
2026-07-07T20:35:22,pid_hot_humid_bursty_r1,pid,hot_humid,bursty,1,34.084,33.784,33.584,31.084,25.0,45.0,140.0,,0.0,0.0,30.6,,,0,trial
2026-07-07T20:35:22,pid_hot_humid_bursty_r1,pid,hot_humid,bursty,1,34.102,33.802,33.602,31.102,25.0,45.0,140.0,,0.0,0.0,30.6,,,0,trial
2026-07-07T20:35:22,pid_hot_humid_bursty_r1,pid,hot_humid,bursty,1,34.119,33.819,33.619,31.119,25.0,45.0,140.0,,0.0,0.0,30.61,,,0,trial
2026-07-07T20:35:22,pid_hot_humid_bursty_r1,pid,hot_humid,bursty,1,34.137,33.837,33.637,31.137,25.0,45.0,140.0,,0.0,0.0,30.61,,,0,trial
2026-07-07T20:35:22,pid_hot_humid_bursty_r1,pid,hot_humid,bursty,1,34.154,33.854,33.654,31.154,25.0,45.0,140.0,,0.0,0.0,30.61,,,0,trial
2026-07-07T20:35:22,pid_hot_humid_bursty_r1,pid,hot_humid,bursty,1,34.172,33.872,33.672,31.172,25.0,45.0,140.0,,0.0,0.0,30.62,,,0,trial
2026-07-07T20:35:22,pid_hot_humid_bursty_r1,pid,hot_humid,bursty,1,34.189,33.889,33.689,31.189,25.0,45.0,140.0,,0.0,0.0,30.62,,,0,trial
2026-07-07T20:35:22,pid_hot_humid_bursty_r1,pid,hot_humid,bursty,1,34.207,33.907,33.707,31.207,25.0,45.0,140.0,,0.0,0.0,30.63,,,0,trial
2026-07-07T20:35:22,pid_hot_humid_bursty_r1,pid,hot_humid,bursty,1,34.224,33.924,33.724,31.224,25.0,45.0,140.0,,0.0,0.0,30.63,,,0,trial
2026-07-07T20:35:22,pid_hot_humid_bursty_r1,pid,hot_humid,bursty,1,34.242,33.942,33.742,31.242,25.0,45.0,140.0,,0.0,0.0,30.63,,,0,trial
2026-07-07T20:35:22,pid_hot_humid_bursty_r1,pid,hot_humid,bursty,1,34.259,33.959,33.759,31.259,25.0,45.0,140.0,,0.0,0.0,30.64,,,0,trial
2026-07-07T20:35:22,pid_hot_humid_bursty_r1,pid,hot_humid,bursty,1,34.276,33.976,33.776,31.276,25.0,45.0,140.0,,0.0,0.0,30.64,,,0,trial
2026-07-07T20:35:22,pid_hot_humid_bursty_r1,pid,hot_humid,bursty,1,34.294,33.994,33.794,31.294,25.0,45.0,140.0,,0.0,0.0,30.64,,,0,trial
2026-07-07T20:35:22,pid_hot_humid_bursty_r1,pid,hot_humid,bursty,1,34.311,34.011,33.811,31.311,25.0,45.0,140.0,,0.0,0.0,30.65,,,0,trial
2026-07-07T20:35:22,pid_hot_humid_bursty_r1,pid,hot_humid,bursty,1,34.329,34.029,33.829,31.329,25.0,45.0,140.0,,0.0,0.0,30.65,,,0,trial
2026-07-07T20:35:22,pid_hot_humid_bursty_r1,pid,hot_humid,bursty,1,34.346,34.046,33.846,31.346,25.0,45.0,140.0,,0.0,0.0,30.66,,,0,trial
2026-07-07T20:35:22,pid_hot_humid_bursty_r1,pid,hot_humid,bursty,1,34.364,34.064,33.864,31.364,25.0,45.0,140.0,,0.0,0.0,30.66,,,0,trial
2026-07-07T20:35:22,pid_hot_humid_bursty_r1,pid,hot_humid,bursty,1,34.381,34.081,33.881,31.381,25.0,45.0,140.0,,0.0,0.0,30.66,,,0,trial
2026-07-07T20:35:22,pid_hot_humid_bursty_r1,pid,hot_humid,bursty,1,34.398,34.098,33.898,31.398,25.0,45.0,140.0,,0.0,0.0,30.67,,,0,trial
2026-07-07T20:35:22,pid_hot_humid_bursty_r1,pid,hot_humid,bursty,1,34.416,34.116,33.916,31.416,25.0,45.0,140.0,,0.0,0.0,30.67,,,0,trial
2026-07-07T20:35:22,pid_hot_humid_bursty_r1,pid,hot_humid,bursty,1,34.433,34.133,33.933,31.433,25.0,45.0,140.0,,0.0,0.0,30.68,,,0,trial
2026-07-07T20:35:22,pid_hot_humid_bursty_r1,pid,hot_humid,bursty,1,34.451,34.151,33.951,31.451,25.0,45.0,140.0,,0.0,0.0,30.68,,,0,trial
2026-07-07T20:35:22,pid_hot_humid_bursty_r1,pid,hot_humid,bursty,1,34.468,34.168,33.968,31.468,25.0,45.0,140.0,,0.0,0.0,30.68,,,0,trial
2026-07-07T20:35:22,pid_hot_humid_bursty_r1,pid,hot_humid,bursty,1,34.486,34.186,33.986,31.486,25.0,45.0,140.0,,0.0,0.0,30.69,,,0,trial
2026-07-07T20:35:22,pid_hot_humid_bursty_r1,pid,hot_humid,bursty,1,34.503,34.203,34.003,31.503,25.0,45.0,140.0,,0.0,0.0,30.69,,,0,trial
2026-07-07T20:35:22,pid_hot_humid_bursty_r1,pid,hot_humid,bursty,1,34.52,34.22,34.02,31.52,25.0,45.0,140.0,,0.0,0.0,30.7,,,0,trial
2026-07-07T20:35:22,pid_hot_humid_bursty_r1,pid,hot_humid,bursty,1,34.538,34.238,34.038,31.538,25.0,45.0,140.0,,0.0,0.0,30.7,,,0,trial
2026-07-07T20:35:22,pid_hot_humid_bursty_r1,pid,hot_humid,bursty,1,34.555,34.255,34.055,31.555,25.0,45.0,140.0,,0.0,0.0,30.7,,,0,trial
2026-07-07T20:35:22,pid_hot_humid_bursty_r1,pid,hot_humid,bursty,1,34.573,34.273,34.073,31.573,25.0,45.0,140.0,,0.0,0.0,30.71,,,0,trial
2026-07-07T20:35:22,pid_hot_humid_bursty_r1,pid,hot_humid,bursty,1,34.59,34.29,34.09,31.59,25.0,45.0,140.0,,0.0,0.0,30.71,,,0,trial
2026-07-07T20:35:22,pid_hot_humid_bursty_r1,pid,hot_humid,bursty,1,34.608,34.308,34.108,31.608,25.0,45.0,140.0,,0.0,0.0,30.72,,,0,trial
2026-07-07T20:35:22,pid_hot_humid_bursty_r1,pid,hot_humid,bursty,1,34.625,34.325,34.125,31.625,25.0,45.0,140.0,,0.0,0.0,30.72,,,0,trial
2026-07-07T20:35:22,pid_hot_humid_bursty_r1,pid,hot_humid,bursty,1,34.642,34.342,34.142,31.642,25.0,45.0,140.0,,0.0,0.0,30.72,,,0,trial
2026-07-07T20:35:22,pid_hot_humid_bursty_r1,pid,hot_humid,bursty,1,34.66,34.36,34.16,31.66,25.0,45.0,140.0,,0.0,0.0,30.73,,,0,trial
2026-07-07T20:35:22,pid_hot_humid_bursty_r1,pid,hot_humid,bursty,1,34.677,34.377,34.177,31.677,25.0,45.0,140.0,,0.0,0.0,30.73,,,0,trial
2026-07-07T20:35:22,pid_hot_humid_bursty_r1,pid,hot_humid,bursty,1,34.695,34.395,34.195,31.695,25.0,45.0,140.0,,0.0,0.0,30.74,,,0,trial
2026-07-07T20:35:22,pid_hot_humid_bursty_r1,pid,hot_humid,bursty,1,34.712,34.412,34.212,31.712,25.0,45.0,140.0,,0.0,0.0,30.74,,,0,trial
2026-07-07T20:35:22,pid_hot_humid_bursty_r1,pid,hot_humid,bursty,1,34.729,34.429,34.229,31.729,25.0,45.0,140.0,,0.0,0.0,30.75,,,0,trial
2026-07-07T20:35:22,pid_hot_humid_bursty_r1,pid,hot_humid,bursty,1,34.747,34.447,34.247,31.747,25.0,45.0,140.0,,0.0,0.0,30.75,,,0,trial
2026-07-07T20:35:22,pid_hot_humid_bursty_r1,pid,hot_humid,bursty,1,34.764,34.464,34.264,31.764,25.0,45.0,140.0,,0.0,0.0,30.75,,,0,trial
2026-07-07T20:35:22,pid_hot_humid_bursty_r1,pid,hot_humid,bursty,1,34.782,34.482,34.282,31.782,25.0,45.0,140.0,,0.0,0.0,30.76,,,0,trial
2026-07-07T20:35:22,pid_hot_humid_bursty_r1,pid,hot_humid,bursty,1,34.799,34.499,34.299,31.799,25.0,45.0,140.0,,0.0,0.0,30.76,,,0,trial
2026-07-07T20:35:22,pid_hot_humid_bursty_r1,pid,hot_humid,bursty,1,34.816,34.516,34.316,31.816,25.0,45.0,140.0,,0.0,0.0,30.77,,,0,trial
2026-07-07T20:35:22,pid_hot_humid_bursty_r1,pid,hot_humid,bursty,1,34.834,34.534,34.334,31.834,25.0,45.0,140.0,,0.0,0.0,30.77,,,0,trial
2026-07-07T20:35:22,pid_hot_humid_bursty_r1,pid,hot_humid,bursty,1,34.851,34.551,34.351,31.851,25.0,45.0,140.0,,0.0,0.0,30.78,,,0,trial
2026-07-07T20:35:22,pid_hot_humid_bursty_r1,pid,hot_humid,bursty,1,34.868,34.568,34.368,31.868,25.0,45.0,140.0,,0.0,0.0,30.78,,,0,trial
2026-07-07T20:35:22,pid_hot_humid_bursty_r1,pid,hot_humid,bursty,1,34.886,34.586,34.386,31.886,25.0,45.0,140.0,,0.0,0.0,30.79,,,0,trial
2026-07-07T20:35:22,pid_hot_humid_bursty_r1,pid,hot_humid,bursty,1,34.903,34.603,34.403,31.903,25.0,45.0,140.0,,0.0,0.0,30.79,,,0,trial
2026-07-07T20:35:22,pid_hot_humid_bursty_r1,pid,hot_humid,bursty,1,34.921,34.621,34.421,31.921,25.0,45.0,140.0,,0.0,0.0,30.79,,,0,trial
2026-07-07T20:35:22,pid_hot_humid_bursty_r1,pid,hot_humid,bursty,1,34.938,34.638,34.438,31.938,25.0,45.0,140.0,,0.0,0.0,30.8,,,0,trial
2026-07-07T20:35:22,pid_hot_humid_bursty_r1,pid,hot_humid,bursty,1,34.955,34.655,34.455,31.955,25.0,45.0,140.0,,0.0,0.0,30.8,,,0,trial
2026-07-07T20:35:22,pid_hot_humid_bursty_r1,pid,hot_humid,bursty,1,34.973,34.673,34.473,31.973,25.0,45.0,140.0,,0.0,0.0,30.81,,,0,trial
2026-07-07T20:35:22,pid_hot_humid_bursty_r1,pid,hot_humid,bursty,1,34.99,34.69,34.49,31.99,25.0,45.0,140.0,,0.0,0.0,30.81,,,0,trial
2026-07-07T20:35:22,pid_hot_humid_bursty_r1,pid,hot_humid,bursty,1,35.007,34.707,34.507,32.007,25.0,45.0,140.0,,0.0,0.0,30.82,,,0,trial
2026-07-07T20:35:22,pid_hot_humid_bursty_r1,pid,hot_humid,bursty,1,35.025,34.725,34.525,32.025,25.0,45.0,140.0,,0.0,0.0,30.82,,,0,trial
2026-07-07T20:35:22,pid_hot_humid_bursty_r1,pid,hot_humid,bursty,1,35.032,34.732,34.532,32.032,25.0,45.0,60.0,,0.0,0.0,30.83,,,0,trial
2026-07-07T20:35:22,pid_hot_humid_bursty_r1,pid,hot_humid,bursty,1,35.039,34.739,34.539,32.039,25.0,45.0,60.0,,0.0,0.0,30.83,,,0,trial
2026-07-07T20:35:22,pid_hot_humid_bursty_r1,pid,hot_humid,bursty,1,35.045,34.745,34.545,32.045,25.0,45.0,60.0,,0.0,0.0,30.84,,,0,trial
2026-07-07T20:35:22,pid_hot_humid_bursty_r1,pid,hot_humid,bursty,1,35.052,34.752,34.552,32.052,25.0,45.0,60.0,,0.0,0.0,30.84,,,0,trial
2026-07-07T20:35:22,pid_hot_humid_bursty_r1,pid,hot_humid,bursty,1,35.059,34.759,34.559,32.059,25.0,45.0,60.0,,0.0,0.0,30.85,,,0,trial
2026-07-07T20:35:22,pid_hot_humid_bursty_r1,pid,hot_humid,bursty,1,35.066,34.766,34.566,32.066,25.0,45.0,60.0,,0.0,0.0,30.85,,,0,trial
2026-07-07T20:35:22,pid_hot_humid_bursty_r1,pid,hot_humid,bursty,1,35.073,34.773,34.573,32.073,25.0,45.0,60.0,,0.0,0.0,30.86,,,0,trial
2026-07-07T20:35:22,pid_hot_humid_bursty_r1,pid,hot_humid,bursty,1,35.08,34.78,34.58,32.08,25.0,45.0,60.0,,0.0,0.0,30.86,,,0,trial
2026-07-07T20:35:22,pid_hot_humid_bursty_r1,pid,hot_humid,bursty,1,35.086,34.786,34.586,32.086,25.0,45.0,60.0,,0.0,0.0,30.87,,,0,trial
2026-07-07T20:35:22,pid_hot_humid_bursty_r1,pid,hot_humid,bursty,1,35.093,34.793,34.593,32.093,25.0,45.0,60.0,,0.0,0.0,30.87,,,0,trial
2026-07-07T20:35:22,pid_hot_humid_bursty_r1,pid,hot_humid,bursty,1,35.1,34.8,34.6,32.1,25.0,45.0,60.0,,0.0,0.0,30.88,,,0,trial
2026-07-07T20:35:22,pid_hot_humid_bursty_r1,pid,hot_humid,bursty,1,35.107,34.807,34.607,32.107,25.0,45.0,60.0,,0.0,0.0,30.88,,,0,trial
2026-07-07T20:35:22,pid_hot_humid_bursty_r1,pid,hot_humid,bursty,1,35.114,34.814,34.614,32.114,25.0,45.0,60.0,,0.0,0.0,30.89,,,0,trial
2026-07-07T20:35:22,pid_hot_humid_bursty_r1,pid,hot_humid,bursty,1,35.121,34.821,34.621,32.121,25.0,45.0,60.0,,0.0,0.0,30.89,,,0,trial
2026-07-07T20:35:22,pid_hot_humid_bursty_r1,pid,hot_humid,bursty,1,35.127,34.827,34.627,32.127,25.0,45.0,60.0,,0.0,0.0,30.9,,,0,trial
2026-07-07T20:35:22,pid_hot_humid_bursty_r1,pid,hot_humid,bursty,1,35.134,34.834,34.634,32.134,25.0,45.0,60.0,,0.0,0.0,30.9,,,0,trial
2026-07-07T20:35:22,pid_hot_humid_bursty_r1,pid,hot_humid,bursty,1,35.141,34.841,34.641,32.141,25.0,45.0,60.0,,0.0,0.0,30.91,,,0,trial
2026-07-07T20:35:22,pid_hot_humid_bursty_r1,pid,hot_humid,bursty,1,35.148,34.848,34.648,32.148,25.0,45.0,60.0,,0.0,0.0,30.91,,,0,trial
2026-07-07T20:35:22,pid_hot_humid_bursty_r1,pid,hot_humid,bursty,1,35.155,34.855,34.655,32.155,25.0,45.0,60.0,,0.0,0.0,30.92,,,0,trial
2026-07-07T20:35:22,pid_hot_humid_bursty_r1,pid,hot_humid,bursty,1,35.162,34.862,34.662,32.162,25.0,45.0,60.0,,0.0,0.0,30.92,,,0,trial
2026-07-07T20:35:22,pid_hot_humid_bursty_r1,pid,hot_humid,bursty,1,35.168,34.868,34.668,32.168,25.0,45.0,60.0,,0.0,0.0,30.93,,,0,trial
2026-07-07T20:35:22,pid_hot_humid_bursty_r1,pid,hot_humid,bursty,1,35.175,34.875,34.675,32.175,25.0,45.0,60.0,,0.0,0.0,30.93,,,0,trial
2026-07-07T20:35:22,pid_hot_humid_bursty_r1,pid,hot_humid,bursty,1,35.182,34.882,34.682,32.182,25.0,45.0,60.0,,0.0,0.0,30.94,,,0,trial
2026-07-07T20:35:22,pid_hot_humid_bursty_r1,pid,hot_humid,bursty,1,35.189,34.889,34.689,32.189,25.0,45.0,60.0,,0.0,0.0,30.94,,,0,trial
2026-07-07T20:35:22,pid_hot_humid_bursty_r1,pid,hot_humid,bursty,1,35.196,34.896,34.696,32.196,25.0,45.0,60.0,,0.0,0.0,30.95,,,0,trial
2026-07-07T20:35:22,pid_hot_humid_bursty_r1,pid,hot_humid,bursty,1,35.202,34.902,34.702,32.202,25.0,45.0,60.0,,0.0,0.0,30.95,,,0,trial
2026-07-07T20:35:22,pid_hot_humid_bursty_r1,pid,hot_humid,bursty,1,35.209,34.909,34.709,32.209,25.0,45.0,60.0,,0.0,0.0,30.96,,,0,trial
2026-07-07T20:35:22,pid_hot_humid_bursty_r1,pid,hot_humid,bursty,1,35.216,34.916,34.716,32.216,25.0,45.0,60.0,,0.0,0.0,30.97,,,0,trial
2026-07-07T20:35:22,pid_hot_humid_bursty_r1,pid,hot_humid,bursty,1,35.223,34.923,34.723,32.223,25.0,45.0,60.0,,0.0,0.0,30.97,,,0,trial
2026-07-07T20:35:22,pid_hot_humid_bursty_r1,pid,hot_humid,bursty,1,35.23,34.93,34.73,32.23,25.0,45.0,60.0,,0.0,0.0,30.98,,,0,trial
2026-07-07T20:35:22,pid_hot_humid_bursty_r1,pid,hot_humid,bursty,1,35.237,34.937,34.737,32.237,25.0,45.0,60.0,,0.0,0.0,30.98,,,0,trial
2026-07-07T20:35:22,pid_hot_humid_bursty_r1,pid,hot_humid,bursty,1,35.243,34.943,34.743,32.243,25.0,45.0,60.0,,0.0,0.0,30.99,,,0,trial
2026-07-07T20:35:22,pid_hot_humid_bursty_r1,pid,hot_humid,bursty,1,35.25,34.95,34.75,32.25,25.0,45.0,60.0,,0.0,0.0,30.99,,,0,trial
2026-07-07T20:35:22,pid_hot_humid_bursty_r1,pid,hot_humid,bursty,1,35.257,34.957,34.757,32.257,25.0,45.0,60.0,,0.0,0.0,31.0,,,0,trial
2026-07-07T20:35:22,pid_hot_humid_bursty_r1,pid,hot_humid,bursty,1,35.264,34.964,34.764,32.264,25.0,45.0,60.0,,0.0,0.0,31.0,,,0,trial
2026-07-07T20:35:22,pid_hot_humid_bursty_r1,pid,hot_humid,bursty,1,35.271,34.971,34.771,32.271,25.0,45.0,60.0,,0.0,0.0,31.01,,,0,trial
2026-07-07T20:35:22,pid_hot_humid_bursty_r1,pid,hot_humid,bursty,1,35.277,34.977,34.777,32.277,25.0,45.0,60.0,,0.0,0.0,31.02,,,0,trial
2026-07-07T20:35:22,pid_hot_humid_bursty_r1,pid,hot_humid,bursty,1,35.284,34.984,34.784,32.284,25.0,45.0,60.0,,0.0,0.0,31.02,,,0,trial
2026-07-07T20:35:22,pid_hot_humid_bursty_r1,pid,hot_humid,bursty,1,35.291,34.991,34.791,32.291,25.0,45.0,60.0,,0.0,0.0,31.03,,,0,trial
2026-07-07T20:35:22,pid_hot_humid_bursty_r1,pid,hot_humid,bursty,1,35.298,34.998,34.798,32.298,25.0,45.0,60.0,,0.0,0.0,31.03,,,0,trial
2026-07-07T20:35:22,pid_hot_humid_bursty_r1,pid,hot_humid,bursty,1,35.305,35.005,34.805,32.305,25.0,45.0,60.0,,0.0,0.0,31.04,,,0,trial
2026-07-07T20:35:22,pid_hot_humid_bursty_r1,pid,hot_humid,bursty,1,35.311,35.011,34.811,32.311,25.0,45.0,60.0,,0.0,0.0,31.04,,,0,trial
2026-07-07T20:35:22,pid_hot_humid_bursty_r1,pid,hot_humid,bursty,1,35.318,35.018,34.818,32.318,25.0,45.0,60.0,,0.0,0.0,31.05,,,0,trial
2026-07-07T20:35:22,pid_hot_humid_bursty_r1,pid,hot_humid,bursty,1,35.325,35.025,34.825,32.325,25.0,45.0,60.0,,0.0,0.0,31.06,,,0,trial
2026-07-07T20:35:22,pid_hot_humid_bursty_r1,pid,hot_humid,bursty,1,35.332,35.032,34.832,32.332,25.0,45.0,60.0,,0.0,0.0,31.06,,,0,trial
2026-07-07T20:35:22,pid_hot_humid_bursty_r1,pid,hot_humid,bursty,1,35.339,35.039,34.839,32.339,25.0,45.0,60.0,,0.0,0.0,31.07,,,0,trial
2026-07-07T20:35:22,pid_hot_humid_bursty_r1,pid,hot_humid,bursty,1,35.346,35.046,34.846,32.346,25.0,45.0,60.0,,0.0,0.0,31.07,,,0,trial
2026-07-07T20:35:22,pid_hot_humid_bursty_r1,pid,hot_humid,bursty,1,35.352,35.052,34.852,32.352,25.0,45.0,60.0,,0.0,0.0,31.08,,,0,trial
2026-07-07T20:35:22,pid_hot_humid_bursty_r1,pid,hot_humid,bursty,1,35.359,35.059,34.859,32.359,25.0,45.0,60.0,,0.0,0.0,31.09,,,0,trial
2026-07-07T20:35:22,pid_hot_humid_bursty_r1,pid,hot_humid,bursty,1,35.366,35.066,34.866,32.366,25.0,45.0,60.0,,0.0,0.0,31.09,,,0,trial
2026-07-07T20:35:22,pid_hot_humid_bursty_r1,pid,hot_humid,bursty,1,35.373,35.073,34.873,32.373,25.0,45.0,60.0,,0.0,0.0,31.1,,,0,trial
2026-07-07T20:35:22,pid_hot_humid_bursty_r1,pid,hot_humid,bursty,1,35.38,35.08,34.88,32.38,25.0,45.0,60.0,,0.0,0.0,31.1,,,0,trial
2026-07-07T20:35:22,pid_hot_humid_bursty_r1,pid,hot_humid,bursty,1,35.386,35.086,34.886,32.386,25.0,45.0,60.0,,0.0,0.0,31.11,,,0,trial
2026-07-07T20:35:22,pid_hot_humid_bursty_r1,pid,hot_humid,bursty,1,35.393,35.093,34.893,32.393,25.0,45.0,60.0,,0.0,0.0,31.12,,,0,trial
2026-07-07T20:35:22,pid_hot_humid_bursty_r1,pid,hot_humid,bursty,1,35.4,35.1,34.9,32.4,25.0,45.0,60.0,,0.0,0.0,31.12,,,0,trial
2026-07-07T20:35:22,pid_hot_humid_bursty_r1,pid,hot_humid,bursty,1,35.407,35.107,34.907,32.407,25.0,45.0,60.0,,0.0,0.0,31.13,,,0,trial
2026-07-07T20:35:22,pid_hot_humid_bursty_r1,pid,hot_humid,bursty,1,35.414,35.114,34.914,32.414,25.0,45.0,60.0,,0.0,0.0,31.14,,,0,trial
2026-07-07T20:35:22,pid_hot_humid_bursty_r1,pid,hot_humid,bursty,1,35.42,35.12,34.92,32.42,25.0,45.0,60.0,,0.0,0.0,31.14,,,0,trial
2026-07-07T20:35:22,pid_hot_humid_bursty_r1,pid,hot_humid,bursty,1,35.427,35.127,34.927,32.427,25.0,45.0,60.0,,0.0,0.0,31.15,,,0,trial
2026-07-07T20:35:22,pid_hot_humid_bursty_r1,pid,hot_humid,bursty,1,35.434,35.134,34.934,32.434,25.0,45.0,60.0,,0.0,0.0,31.15,,,0,trial
2026-07-07T20:35:22,pid_hot_humid_bursty_r1,pid,hot_humid,bursty,1,35.441,35.141,34.941,32.441,25.0,45.0,60.0,,0.0,0.0,31.16,,,0,trial
2026-07-07T20:35:22,pid_hot_humid_bursty_r1,pid,hot_humid,bursty,1,35.448,35.148,34.948,32.448,25.0,45.0,60.0,,0.0,0.0,31.17,,,0,trial
2026-07-07T20:35:22,pid_hot_humid_bursty_r1,pid,hot_humid,bursty,1,35.454,35.154,34.954,32.454,25.0,45.0,60.0,,0.0,0.0,31.17,,,0,trial
2026-07-07T20:35:22,pid_hot_humid_bursty_r1,pid,hot_humid,bursty,1,35.461,35.161,34.961,32.461,25.0,45.0,60.0,,0.0,0.0,31.18,,,0,trial
2026-07-07T20:35:22,pid_hot_humid_bursty_r1,pid,hot_humid,bursty,1,35.468,35.168,34.968,32.468,25.0,45.0,60.0,,0.0,0.0,31.19,,,0,trial
2026-07-07T20:35:22,pid_hot_humid_bursty_r1,pid,hot_humid,bursty,1,35.475,35.175,34.975,32.475,25.0,45.0,60.0,,0.0,0.0,31.19,,,0,trial
2026-07-07T20:35:22,pid_hot_humid_bursty_r1,pid,hot_humid,bursty,1,35.482,35.182,34.982,32.482,25.0,45.0,60.0,,0.0,0.0,31.2,,,0,trial
2026-07-07T20:35:22,pid_hot_humid_bursty_r1,pid,hot_humid,bursty,1,35.488,35.188,34.988,32.488,25.0,45.0,60.0,,0.0,0.0,31.21,,,0,trial
2026-07-07T20:35:22,pid_hot_humid_bursty_r1,pid,hot_humid,bursty,1,35.495,35.195,34.995,32.495,25.0,45.0,60.0,,0.0,0.0,31.21,,,0,trial
2026-07-07T20:35:22,pid_hot_humid_bursty_r1,pid,hot_humid,bursty,1,35.502,35.202,35.002,32.502,25.0,45.0,60.0,,0.0,0.0,31.22,,,0,trial
2026-07-07T20:35:22,pid_hot_humid_bursty_r1,pid,hot_humid,bursty,1,35.509,35.209,35.009,32.509,25.0,45.0,60.0,,0.0,0.0,31.23,,,0,trial
2026-07-07T20:35:22,pid_hot_humid_bursty_r1,pid,hot_humid,bursty,1,35.515,35.215,35.015,32.515,25.0,45.0,60.0,,0.0,0.0,31.23,,,0,trial
2026-07-07T20:35:22,pid_hot_humid_bursty_r1,pid,hot_humid,bursty,1,35.522,35.222,35.022,32.522,25.0,45.0,60.0,,0.0,0.0,31.24,,,0,trial
2026-07-07T20:35:22,pid_hot_humid_bursty_r1,pid,hot_humid,bursty,1,35.529,35.229,35.029,32.529,25.0,45.0,60.0,,0.0,0.0,31.25,,,0,trial
2026-07-07T20:35:22,pid_hot_humid_bursty_r1,pid,hot_humid,bursty,1,35.536,35.236,35.036,32.536,25.0,45.0,60.0,,0.0,0.0,31.25,,,0,trial
2026-07-07T20:35:22,pid_hot_humid_bursty_r1,pid,hot_humid,bursty,1,35.543,35.243,35.043,32.543,25.0,45.0,60.0,,0.0,0.0,31.26,,,0,trial
2026-07-07T20:35:22,pid_hot_humid_bursty_r1,pid,hot_humid,bursty,1,35.549,35.249,35.049,32.549,25.0,45.0,60.0,,0.0,0.0,31.27,,,0,trial
2026-07-07T20:35:22,pid_hot_humid_bursty_r1,pid,hot_humid,bursty,1,35.556,35.256,35.056,32.556,25.0,45.0,60.0,,0.0,0.0,31.27,,,0,trial
2026-07-07T20:35:22,pid_hot_humid_bursty_r1,pid,hot_humid,bursty,1,35.563,35.263,35.063,32.563,25.0,45.0,60.0,,0.0,0.0,31.28,,,0,trial
2026-07-07T20:35:22,pid_hot_humid_bursty_r1,pid,hot_humid,bursty,1,35.57,35.27,35.07,32.57,25.0,45.0,60.0,,0.0,0.0,31.29,,,0,trial
2026-07-07T20:35:22,pid_hot_humid_bursty_r1,pid,hot_humid,bursty,1,35.577,35.277,35.077,32.577,25.0,45.0,60.0,,0.0,0.0,31.29,,,0,trial
2026-07-07T20:35:22,pid_hot_humid_bursty_r1,pid,hot_humid,bursty,1,35.583,35.283,35.083,32.583,25.0,45.0,60.0,,0.0,0.0,31.3,,,0,trial
2026-07-07T20:35:22,pid_hot_humid_bursty_r1,pid,hot_humid,bursty,1,35.59,35.29,35.09,32.59,25.0,45.0,60.0,,0.0,0.0,31.31,,,0,trial
2026-07-07T20:35:22,pid_hot_humid_bursty_r1,pid,hot_humid,bursty,1,35.597,35.297,35.097,32.597,25.0,45.0,60.0,,0.0,0.0,31.31,,,0,trial
2026-07-07T20:35:22,pid_hot_humid_bursty_r1,pid,hot_humid,bursty,1,35.604,35.304,35.104,32.604,25.0,45.0,60.0,,0.0,0.0,31.32,,,0,trial
2026-07-07T20:35:22,pid_hot_humid_bursty_r1,pid,hot_humid,bursty,1,35.61,35.31,35.11,32.61,25.0,45.0,60.0,,0.0,0.0,31.33,,,0,trial
2026-07-07T20:35:22,pid_hot_humid_bursty_r1,pid,hot_humid,bursty,1,35.617,35.317,35.117,32.617,25.0,45.0,60.0,,0.0,0.0,31.34,,,0,trial
2026-07-07T20:35:22,pid_hot_humid_bursty_r1,pid,hot_humid,bursty,1,35.624,35.324,35.124,32.624,25.0,45.0,60.0,,0.0,0.0,31.34,,,0,trial
2026-07-07T20:35:22,pid_hot_humid_bursty_r1,pid,hot_humid,bursty,1,35.631,35.331,35.131,32.631,25.0,45.0,60.0,,0.0,0.0,31.35,,,0,trial
2026-07-07T20:35:22,pid_hot_humid_bursty_r1,pid,hot_humid,bursty,1,35.638,35.338,35.138,32.638,25.0,45.0,60.0,,0.0,0.0,31.36,,,0,trial
2026-07-07T20:35:22,pid_hot_humid_bursty_r1,pid,hot_humid,bursty,1,35.644,35.344,35.144,32.644,25.0,45.0,60.0,,0.0,0.0,31.36,,,0,trial
2026-07-07T20:35:22,pid_hot_humid_bursty_r1,pid,hot_humid,bursty,1,35.651,35.351,35.151,32.651,25.0,45.0,60.0,,0.0,0.0,31.37,,,0,trial
2026-07-07T20:35:22,pid_hot_humid_bursty_r1,pid,hot_humid,bursty,1,35.658,35.358,35.158,32.658,25.0,45.0,60.0,,0.0,0.0,31.38,,,0,trial
2026-07-07T20:35:22,pid_hot_humid_bursty_r1,pid,hot_humid,bursty,1,35.665,35.365,35.165,32.665,25.0,45.0,60.0,,0.0,0.0,31.39,,,0,trial
2026-07-07T20:35:22,pid_hot_humid_bursty_r1,pid,hot_humid,bursty,1,35.671,35.371,35.171,32.671,25.0,45.0,60.0,,0.0,0.0,31.39,,,0,trial
2026-07-07T20:35:22,pid_hot_humid_bursty_r1,pid,hot_humid,bursty,1,35.678,35.378,35.178,32.678,25.0,45.0,60.0,,0.0,0.0,31.4,,,0,trial
2026-07-07T20:35:22,pid_hot_humid_bursty_r1,pid,hot_humid,bursty,1,35.685,35.385,35.185,32.685,25.0,45.0,60.0,,0.0,0.0,31.41,,,0,trial
2026-07-07T20:35:22,pid_hot_humid_bursty_r1,pid,hot_humid,bursty,1,35.692,35.392,35.192,32.692,25.0,45.0,60.0,,0.0,0.0,31.42,,,0,trial
2026-07-07T20:35:22,pid_hot_humid_bursty_r1,pid,hot_humid,bursty,1,35.698,35.398,35.198,32.698,25.0,45.0,60.0,,0.0,0.0,31.42,,,0,trial
2026-07-07T20:35:22,pid_hot_humid_bursty_r1,pid,hot_humid,bursty,1,35.705,35.405,35.205,32.705,25.0,45.0,60.0,,0.0,0.0,31.43,,,0,trial
2026-07-07T20:35:22,pid_hot_humid_bursty_r1,pid,hot_humid,bursty,1,35.712,35.412,35.212,32.712,25.0,45.0,60.0,,0.0,0.0,31.44,,,0,trial
2026-07-07T20:35:22,pid_hot_humid_bursty_r1,pid,hot_humid,bursty,1,35.719,35.419,35.219,32.719,25.0,45.0,60.0,,0.0,0.0,31.44,,,0,trial
2026-07-07T20:35:22,pid_hot_humid_bursty_r1,pid,hot_humid,bursty,1,35.726,35.426,35.226,32.726,25.0,45.0,60.0,,0.0,0.0,31.45,,,0,trial
2026-07-07T20:35:22,pid_hot_humid_bursty_r1,pid,hot_humid,bursty,1,35.732,35.432,35.232,32.732,25.0,45.0,60.0,,0.0,0.0,31.46,,,0,trial
2026-07-07T20:35:22,pid_hot_humid_bursty_r1,pid,hot_humid,bursty,1,35.739,35.439,35.239,32.739,25.0,45.0,60.0,,0.0,0.0,31.47,,,0,trial
2026-07-07T20:35:22,pid_hot_humid_bursty_r1,pid,hot_humid,bursty,1,35.746,35.446,35.246,32.746,25.0,45.0,60.0,,0.0,0.0,31.48,,,0,trial
2026-07-07T20:35:22,pid_hot_humid_bursty_r1,pid,hot_humid,bursty,1,35.753,35.453,35.253,32.753,25.0,45.0,60.0,,0.0,0.0,31.48,,,0,trial
2026-07-07T20:35:22,pid_hot_humid_bursty_r1,pid,hot_humid,bursty,1,35.759,35.459,35.259,32.759,25.0,45.0,60.0,,0.0,0.0,31.49,,,0,trial
2026-07-07T20:35:22,pid_hot_humid_bursty_r1,pid,hot_humid,bursty,1,35.766,35.466,35.266,32.766,25.0,45.0,60.0,,0.0,0.0,31.5,,,0,trial
2026-07-07T20:35:22,pid_hot_humid_bursty_r1,pid,hot_humid,bursty,1,35.773,35.473,35.273,32.773,25.0,45.0,60.0,,0.0,0.0,31.51,,,0,trial
2026-07-07T20:35:22,pid_hot_humid_bursty_r1,pid,hot_humid,bursty,1,35.78,35.48,35.28,32.78,25.0,45.0,60.0,,0.0,0.0,31.51,,,0,trial
2026-07-07T20:35:22,pid_hot_humid_bursty_r1,pid,hot_humid,bursty,1,35.786,35.486,35.286,32.786,25.0,45.0,60.0,,0.0,0.0,31.52,,,0,trial
2026-07-07T20:35:22,pid_hot_humid_bursty_r1,pid,hot_humid,bursty,1,35.793,35.493,35.293,32.793,25.0,45.0,60.0,,0.0,0.0,31.53,,,0,trial
2026-07-07T20:35:22,pid_hot_humid_bursty_r1,pid,hot_humid,bursty,1,35.8,35.5,35.3,32.8,25.0,45.0,60.0,,0.0,0.0,31.54,,,0,trial
2026-07-07T20:35:22,pid_hot_humid_bursty_r1,pid,hot_humid,bursty,1,35.807,35.507,35.307,32.807,25.0,45.0,60.0,,0.0,0.0,31.55,,,0,trial
2026-07-07T20:35:22,pid_hot_humid_bursty_r1,pid,hot_humid,bursty,1,35.813,35.513,35.313,32.813,25.0,45.0,60.0,,0.0,0.0,31.55,,,0,trial
2026-07-07T20:35:22,pid_hot_humid_bursty_r1,pid,hot_humid,bursty,1,35.82,35.52,35.32,32.82,25.0,45.0,60.0,,0.0,0.0,31.56,,,0,trial
2026-07-07T20:35:22,pid_hot_humid_bursty_r1,pid,hot_humid,bursty,1,35.827,35.527,35.327,32.827,25.0,45.0,60.0,,0.0,0.0,31.57,,,0,trial
2026-07-07T20:35:22,pid_hot_humid_bursty_r1,pid,hot_humid,bursty,1,35.834,35.534,35.334,32.834,25.0,45.0,60.0,,0.0,0.0,31.58,,,0,trial
2026-07-07T20:35:22,pid_hot_humid_bursty_r1,pid,hot_humid,bursty,1,35.84,35.54,35.34,32.84,25.0,45.0,60.0,,0.0,0.0,31.59,,,0,trial
2026-07-07T20:35:22,pid_hot_humid_bursty_r1,pid,hot_humid,bursty,1,35.847,35.547,35.347,32.847,25.0,45.0,60.0,,0.0,0.0,31.59,,,0,trial
2026-07-07T20:35:22,pid_hot_humid_bursty_r1,pid,hot_humid,bursty,1,35.854,35.554,35.354,32.854,25.0,45.0,60.0,,0.0,0.0,31.6,,,0,trial
2026-07-07T20:35:22,pid_hot_humid_bursty_r1,pid,hot_humid,bursty,1,35.861,35.561,35.361,32.861,25.0,45.0,60.0,,0.0,0.0,31.61,,,0,trial
2026-07-07T20:35:22,pid_hot_humid_bursty_r1,pid,hot_humid,bursty,1,35.867,35.567,35.367,32.867,25.0,45.0,60.0,,0.0,0.0,31.62,,,0,trial
2026-07-07T20:35:22,pid_hot_humid_bursty_r1,pid,hot_humid,bursty,1,35.874,35.574,35.374,32.874,25.0,45.0,60.0,,0.0,0.0,31.63,,,0,trial
2026-07-07T20:35:22,pid_hot_humid_bursty_r1,pid,hot_humid,bursty,1,35.881,35.581,35.381,32.881,25.0,45.0,60.0,,0.0,0.0,31.63,,,0,trial
2026-07-07T20:35:22,pid_hot_humid_bursty_r1,pid,hot_humid,bursty,1,35.888,35.588,35.388,32.888,25.0,45.0,60.0,,0.0,0.0,31.64,,,0,trial
2026-07-07T20:35:22,pid_hot_humid_bursty_r1,pid,hot_humid,bursty,1,35.894,35.594,35.394,32.894,25.0,45.0,60.0,,0.0,0.0,31.65,,,0,trial
2026-07-07T20:35:22,pid_hot_humid_bursty_r1,pid,hot_humid,bursty,1,35.901,35.601,35.401,32.901,25.0,45.0,60.0,,0.0,0.0,31.66,,,0,trial
2026-07-07T20:35:22,pid_hot_humid_bursty_r1,pid,hot_humid,bursty,1,35.908,35.608,35.408,32.908,25.0,45.0,60.0,,0.0,0.0,31.67,,,0,trial
2026-07-07T20:35:22,pid_hot_humid_bursty_r1,pid,hot_humid,bursty,1,35.915,35.615,35.415,32.915,25.0,45.0,60.0,,0.0,0.0,31.68,,,0,trial
2026-07-07T20:35:22,pid_hot_humid_bursty_r1,pid,hot_humid,bursty,1,35.921,35.621,35.421,32.921,25.0,45.0,60.0,,0.0,0.0,31.68,,,0,trial
2026-07-07T20:35:22,pid_hot_humid_bursty_r1,pid,hot_humid,bursty,1,35.928,35.628,35.428,32.928,25.0,45.0,60.0,,0.0,0.0,31.69,,,0,trial
2026-07-07T20:35:22,pid_hot_humid_bursty_r1,pid,hot_humid,bursty,1,35.935,35.635,35.435,32.935,25.0,45.0,60.0,,0.0,0.0,31.7,,,0,trial
2026-07-07T20:35:22,pid_hot_humid_bursty_r1,pid,hot_humid,bursty,1,35.942,35.642,35.442,32.942,25.0,45.0,60.0,,0.0,0.0,31.71,,,0,trial
2026-07-07T20:35:22,pid_hot_humid_bursty_r1,pid,hot_humid,bursty,1,35.948,35.648,35.448,32.948,25.0,45.0,60.0,,0.0,0.0,31.72,,,0,trial
2026-07-07T20:35:22,pid_hot_humid_bursty_r1,pid,hot_humid,bursty,1,35.955,35.655,35.455,32.955,25.0,45.0,60.0,,0.0,0.0,31.73,,,0,trial
2026-07-07T20:35:22,pid_hot_humid_bursty_r1,pid,hot_humid,bursty,1,35.962,35.662,35.462,32.962,25.0,45.0,60.0,,0.0,0.0,31.74,,,0,trial
2026-07-07T20:35:22,pid_hot_humid_bursty_r1,pid,hot_humid,bursty,1,35.969,35.669,35.469,32.969,25.0,45.0,60.0,,0.0,0.0,31.74,,,0,trial
2026-07-07T20:35:22,pid_hot_humid_bursty_r1,pid,hot_humid,bursty,1,35.975,35.675,35.475,32.975,25.0,45.0,60.0,,0.0,0.0,31.75,,,0,trial
2026-07-07T20:35:22,pid_hot_humid_bursty_r1,pid,hot_humid,bursty,1,35.982,35.682,35.482,32.982,25.0,45.0,60.0,,0.0,0.0,31.76,,,0,trial
2026-07-07T20:35:22,pid_hot_humid_bursty_r1,pid,hot_humid,bursty,1,35.989,35.689,35.489,32.989,25.0,45.0,60.0,,0.0,0.0,31.77,,,0,trial
2026-07-07T20:35:22,pid_hot_humid_bursty_r1,pid,hot_humid,bursty,1,35.996,35.696,35.496,32.996,25.0,45.0,60.0,,0.0,0.0,31.78,,,0,trial
2026-07-07T20:35:22,pid_hot_humid_bursty_r1,pid,hot_humid,bursty,1,36.002,35.702,35.502,33.002,25.0,45.0,60.0,,0.0,0.0,31.79,,,0,trial
2026-07-07T20:35:22,pid_hot_humid_bursty_r1,pid,hot_humid,bursty,1,36.009,35.709,35.509,33.009,25.0,45.0,60.0,,0.0,0.0,31.8,,,0,trial
2026-07-07T20:35:22,pid_hot_humid_bursty_r1,pid,hot_humid,bursty,1,36.016,35.716,35.516,33.016,25.0,45.0,60.0,,0.0,0.0,31.81,,,0,trial
2026-07-07T20:35:22,pid_hot_humid_bursty_r1,pid,hot_humid,bursty,1,36.023,35.723,35.523,33.023,25.0,45.0,60.0,,0.0,0.0,31.81,,,0,trial
2026-07-07T20:35:22,pid_hot_humid_bursty_r1,pid,hot_humid,bursty,1,36.029,35.729,35.529,33.029,25.0,45.0,60.0,,0.0,0.0,31.82,,,0,trial
2026-07-07T20:35:22,pid_hot_humid_bursty_r1,pid,hot_humid,bursty,1,36.036,35.736,35.536,33.036,25.0,45.0,60.0,,0.0,0.0,31.83,,,0,trial
2026-07-07T20:35:22,pid_hot_humid_bursty_r1,pid,hot_humid,bursty,1,36.043,35.743,35.543,33.043,25.0,45.0,60.0,,0.0,0.0,31.84,,,0,trial
2026-07-07T20:35:22,pid_hot_humid_bursty_r1,pid,hot_humid,bursty,1,36.05,35.75,35.55,33.05,25.0,45.0,60.0,,0.0,0.0,31.85,,,0,trial
2026-07-07T20:35:22,pid_hot_humid_bursty_r1,pid,hot_humid,bursty,1,36.056,35.756,35.556,33.056,25.0,45.0,60.0,,0.0,0.0,31.86,,,0,trial
2026-07-07T20:35:22,pid_hot_humid_bursty_r1,pid,hot_humid,bursty,1,36.063,35.763,35.563,33.063,25.0,45.0,60.0,,0.0,0.0,31.87,,,0,trial
2026-07-07T20:35:22,pid_hot_humid_bursty_r1,pid,hot_humid,bursty,1,36.07,35.77,35.57,33.07,25.0,45.0,60.0,,0.0,0.0,31.88,,,0,trial
2026-07-07T20:35:22,pid_hot_humid_bursty_r1,pid,hot_humid,bursty,1,36.076,35.776,35.576,33.076,25.0,45.0,60.0,,0.0,0.0,31.89,,,0,trial
2026-07-07T20:35:22,pid_hot_humid_bursty_r1,pid,hot_humid,bursty,1,36.083,35.783,35.583,33.083,25.0,45.0,60.0,,0.0,0.0,31.89,,,0,trial
2026-07-07T20:35:22,pid_hot_humid_bursty_r1,pid,hot_humid,bursty,1,36.09,35.79,35.59,33.09,25.0,45.0,60.0,,0.0,0.0,31.9,,,0,trial
2026-07-07T20:35:22,pid_hot_humid_bursty_r1,pid,hot_humid,bursty,1,36.097,35.797,35.597,33.097,25.0,45.0,60.0,,0.0,0.0,31.91,,,0,trial
2026-07-07T20:35:22,pid_hot_humid_bursty_r1,pid,hot_humid,bursty,1,36.103,35.803,35.603,33.103,25.0,45.0,60.0,,0.0,0.0,31.92,,,0,trial
2026-07-07T20:35:22,pid_hot_humid_bursty_r1,pid,hot_humid,bursty,1,36.11,35.81,35.61,33.11,25.0,45.0,60.0,,0.0,0.0,31.93,,,0,trial
2026-07-07T20:35:22,pid_hot_humid_bursty_r1,pid,hot_humid,bursty,1,36.117,35.817,35.617,33.117,25.0,45.0,60.0,,0.0,0.0,31.94,,,0,trial
2026-07-07T20:35:22,pid_hot_humid_bursty_r1,pid,hot_humid,bursty,1,36.124,35.824,35.624,33.124,25.0,45.0,60.0,,0.0,0.0,31.95,,,0,trial
2026-07-07T20:35:22,pid_hot_humid_bursty_r1,pid,hot_humid,bursty,1,36.13,35.83,35.63,33.13,25.0,45.0,60.0,,0.0,0.0,31.96,,,0,trial
2026-07-07T20:35:22,pid_hot_humid_bursty_r1,pid,hot_humid,bursty,1,36.137,35.837,35.637,33.137,25.0,45.0,60.0,,0.0,0.0,31.97,,,0,trial
2026-07-07T20:35:22,pid_hot_humid_bursty_r1,pid,hot_humid,bursty,1,36.144,35.844,35.644,33.144,25.0,45.0,60.0,,0.0,0.0,31.98,,,0,trial
2026-07-07T20:35:22,pid_hot_humid_bursty_r1,pid,hot_humid,bursty,1,36.15,35.85,35.65,33.15,25.0,45.0,60.0,,0.0,0.0,31.99,,,0,trial
2026-07-07T20:35:22,pid_hot_humid_bursty_r1,pid,hot_humid,bursty,1,36.157,35.857,35.657,33.157,25.0,45.0,60.0,,0.0,0.0,32.0,,,0,trial
2026-07-07T20:35:22,pid_hot_humid_bursty_r1,pid,hot_humid,bursty,1,36.164,35.864,35.664,33.164,25.0,45.0,60.0,,0.0,0.0,32.01,,,0,trial
2026-07-07T20:35:22,pid_hot_humid_bursty_r1,pid,hot_humid,bursty,1,36.171,35.871,35.671,33.171,25.0,45.0,60.0,,0.0,0.0,32.02,,,0,trial
2026-07-07T20:35:22,pid_hot_humid_bursty_r1,pid,hot_humid,bursty,1,36.177,35.877,35.677,33.177,25.0,45.0,60.0,,0.0,0.0,32.03,,,0,trial
2026-07-07T20:35:22,pid_hot_humid_bursty_r1,pid,hot_humid,bursty,1,36.184,35.884,35.684,33.184,25.0,45.0,60.0,,0.0,0.0,32.04,,,0,trial
2026-07-07T20:35:22,pid_hot_humid_bursty_r1,pid,hot_humid,bursty,1,36.191,35.891,35.691,33.191,25.0,45.0,60.0,,0.0,0.0,32.04,,,0,trial
2026-07-07T20:35:22,pid_hot_humid_bursty_r1,pid,hot_humid,bursty,1,36.197,35.897,35.697,33.197,25.0,45.0,60.0,,0.0,0.0,32.05,,,0,trial
2026-07-07T20:35:22,pid_hot_humid_bursty_r1,pid,hot_humid,bursty,1,36.204,35.904,35.704,33.204,25.0,45.0,60.0,,0.0,0.0,32.06,,,0,trial
2026-07-07T20:35:22,pid_hot_humid_bursty_r1,pid,hot_humid,bursty,1,36.211,35.911,35.711,33.211,25.0,45.0,60.0,,0.0,0.0,32.07,,,0,trial
2026-07-07T20:35:22,pid_hot_humid_bursty_r1,pid,hot_humid,bursty,1,36.218,35.918,35.718,33.218,25.0,45.0,60.0,,0.0,0.0,32.08,,,0,trial
2026-07-07T20:35:22,pid_hot_humid_bursty_r1,pid,hot_humid,bursty,1,36.224,35.924,35.724,33.224,25.0,45.0,60.0,,0.0,0.0,32.09,,,0,trial
2026-07-07T20:35:22,pid_hot_humid_bursty_r1,pid,hot_humid,bursty,1,36.231,35.931,35.731,33.231,25.0,45.0,60.0,,0.0,0.0,32.1,,,0,trial
2026-07-07T20:35:22,pid_hot_humid_bursty_r1,pid,hot_humid,bursty,1,36.238,35.938,35.738,33.238,25.0,45.0,60.0,,0.0,0.0,32.11,,,0,trial
2026-07-07T20:35:22,pid_hot_humid_bursty_r1,pid,hot_humid,bursty,1,36.244,35.944,35.744,33.244,25.0,45.0,60.0,,0.0,0.0,32.12,,,0,trial
2026-07-07T20:35:22,pid_hot_humid_bursty_r1,pid,hot_humid,bursty,1,36.251,35.951,35.751,33.251,25.0,45.0,60.0,,0.0,0.0,32.13,,,0,trial
2026-07-07T20:35:22,pid_hot_humid_bursty_r1,pid,hot_humid,bursty,1,36.258,35.958,35.758,33.258,25.0,45.0,60.0,,0.0,0.0,32.14,,,0,trial
2026-07-07T20:35:22,pid_hot_humid_bursty_r1,pid,hot_humid,bursty,1,36.265,35.965,35.765,33.265,25.0,45.0,60.0,,0.0,0.0,32.15,,,0,trial
2026-07-07T20:35:22,pid_hot_humid_bursty_r1,pid,hot_humid,bursty,1,36.271,35.971,35.771,33.271,25.0,45.0,60.0,,0.0,0.0,32.16,,,0,trial
2026-07-07T20:35:22,pid_hot_humid_bursty_r1,pid,hot_humid,bursty,1,36.278,35.978,35.778,33.278,25.0,45.0,60.0,,0.0,0.0,32.17,,,0,trial
2026-07-07T20:35:22,pid_hot_humid_bursty_r1,pid,hot_humid,bursty,1,36.285,35.985,35.785,33.285,25.0,45.0,60.0,,0.0,0.0,32.18,,,0,trial
2026-07-07T20:35:22,pid_hot_humid_bursty_r1,pid,hot_humid,bursty,1,36.291,35.991,35.791,33.291,25.0,45.0,60.0,,0.0,0.0,32.19,,,0,trial
2026-07-07T20:35:22,pid_hot_humid_bursty_r1,pid,hot_humid,bursty,1,36.298,35.998,35.798,33.298,25.0,45.0,60.0,,0.0,0.0,32.2,,,0,trial
2026-07-07T20:35:22,pid_hot_humid_bursty_r1,pid,hot_humid,bursty,1,36.305,36.005,35.805,33.305,25.0,45.0,60.0,,0.0,0.0,32.21,,,0,trial
2026-07-07T20:35:22,pid_hot_humid_bursty_r1,pid,hot_humid,bursty,1,36.312,36.012,35.812,33.312,25.0,45.0,60.0,,0.0,0.0,32.22,,,0,trial
2026-07-07T20:35:22,pid_hot_humid_bursty_r1,pid,hot_humid,bursty,1,36.318,36.018,35.818,33.318,25.0,45.0,60.0,,0.0,0.0,32.23,,,0,trial
2026-07-07T20:35:22,pid_hot_humid_bursty_r1,pid,hot_humid,bursty,1,36.325,36.025,35.825,33.325,25.0,45.0,60.0,,0.0,0.0,32.24,,,0,trial
2026-07-07T20:35:22,pid_hot_humid_bursty_r1,pid,hot_humid,bursty,1,36.332,36.032,35.832,33.332,25.0,45.0,60.0,,0.0,0.0,32.25,,,0,trial
2026-07-07T20:35:22,pid_hot_humid_bursty_r1,pid,hot_humid,bursty,1,36.338,36.038,35.838,33.338,25.0,45.0,60.0,,0.0,0.0,32.26,,,0,trial
2026-07-07T20:35:22,pid_hot_humid_bursty_r1,pid,hot_humid,bursty,1,36.345,36.045,35.845,33.345,25.0,45.0,60.0,,0.0,0.0,32.27,,,0,trial
2026-07-07T20:35:22,pid_hot_humid_bursty_r1,pid,hot_humid,bursty,1,36.352,36.052,35.852,33.352,25.0,45.0,60.0,,0.0,0.0,32.28,,,0,trial
2026-07-07T20:35:22,pid_hot_humid_bursty_r1,pid,hot_humid,bursty,1,36.358,36.058,35.858,33.358,25.0,45.0,60.0,,0.0,0.0,32.29,,,0,trial
2026-07-07T20:35:22,pid_hot_humid_bursty_r1,pid,hot_humid,bursty,1,36.365,36.065,35.865,33.365,25.0,45.0,60.0,,0.0,0.0,32.3,,,0,trial
2026-07-07T20:35:22,pid_hot_humid_bursty_r1,pid,hot_humid,bursty,1,36.372,36.072,35.872,33.372,25.0,45.0,60.0,,0.0,0.0,32.31,,,0,trial
2026-07-07T20:35:22,pid_hot_humid_bursty_r1,pid,hot_humid,bursty,1,36.379,36.079,35.879,33.379,25.0,45.0,60.0,,0.0,0.0,32.32,,,0,trial
2026-07-07T20:35:22,pid_hot_humid_bursty_r1,pid,hot_humid,bursty,1,36.385,36.085,35.885,33.385,25.0,45.0,60.0,,0.0,0.0,32.34,,,0,trial
2026-07-07T20:35:22,pid_hot_humid_bursty_r1,pid,hot_humid,bursty,1,36.392,36.092,35.892,33.392,25.0,45.0,60.0,,0.0,0.0,32.35,,,0,trial
2026-07-07T20:35:22,pid_hot_humid_bursty_r1,pid,hot_humid,bursty,1,36.399,36.099,35.899,33.399,25.0,45.0,60.0,,0.0,0.0,32.36,,,0,trial
2026-07-07T20:35:22,pid_hot_humid_bursty_r1,pid,hot_humid,bursty,1,36.405,36.105,35.905,33.405,25.0,45.0,60.0,,0.0,0.0,32.37,,,0,trial
2026-07-07T20:35:22,pid_hot_humid_bursty_r1,pid,hot_humid,bursty,1,36.412,36.112,35.912,33.412,25.0,45.0,60.0,,0.0,0.0,32.38,,,0,trial
2026-07-07T20:35:22,pid_hot_humid_bursty_r1,pid,hot_humid,bursty,1,36.419,36.119,35.919,33.419,25.0,45.0,60.0,,0.0,0.0,32.39,,,0,trial
2026-07-07T20:35:22,pid_hot_humid_bursty_r1,pid,hot_humid,bursty,1,36.425,36.125,35.925,33.425,25.0,45.0,60.0,,0.0,0.0,32.4,,,0,trial
2026-07-07T20:35:22,pid_hot_humid_bursty_r1,pid,hot_humid,bursty,1,36.432,36.132,35.932,33.432,25.0,45.0,60.0,,0.0,0.0,32.41,,,0,trial
2026-07-07T20:35:22,pid_hot_humid_bursty_r1,pid,hot_humid,bursty,1,36.439,36.139,35.939,33.439,25.0,45.0,60.0,,0.0,0.0,32.42,,,0,trial
2026-07-07T20:35:22,pid_hot_humid_bursty_r1,pid,hot_humid,bursty,1,36.445,36.145,35.945,33.445,25.0,45.0,60.0,,0.0,0.0,32.43,,,0,trial
2026-07-07T20:35:22,pid_hot_humid_bursty_r1,pid,hot_humid,bursty,1,36.452,36.152,35.952,33.452,25.0,45.0,60.0,,0.0,0.0,32.44,,,0,trial
2026-07-07T20:35:22,pid_hot_humid_bursty_r1,pid,hot_humid,bursty,1,36.459,36.159,35.959,33.459,25.0,45.0,60.0,,0.0,0.0,32.45,,,0,trial
2026-07-07T20:35:22,pid_hot_humid_bursty_r1,pid,hot_humid,bursty,1,36.466,36.166,35.966,33.466,25.0,45.0,60.0,,0.0,0.0,32.46,,,0,trial
2026-07-07T20:35:22,pid_hot_humid_bursty_r1,pid,hot_humid,bursty,1,36.472,36.172,35.972,33.472,25.0,45.0,60.0,,0.0,0.0,32.47,,,0,trial
2026-07-07T20:35:22,pid_hot_humid_bursty_r1,pid,hot_humid,bursty,1,36.479,36.179,35.979,33.479,25.0,45.0,60.0,,0.0,0.0,32.48,,,0,trial
2026-07-07T20:35:22,pid_hot_humid_bursty_r1,pid,hot_humid,bursty,1,36.486,36.186,35.986,33.486,25.0,45.0,60.0,,0.0,0.0,32.49,,,0,trial
2026-07-07T20:35:22,pid_hot_humid_bursty_r1,pid,hot_humid,bursty,1,36.492,36.192,35.992,33.492,25.0,45.0,60.0,,0.0,0.0,32.51,,,0,trial
2026-07-07T20:35:22,pid_hot_humid_bursty_r1,pid,hot_humid,bursty,1,36.499,36.199,35.999,33.499,25.0,45.0,60.0,,0.0,0.0,32.52,,,0,trial
2026-07-07T20:35:22,pid_hot_humid_bursty_r1,pid,hot_humid,bursty,1,36.506,36.206,36.006,33.506,25.0,45.0,60.0,,0.0,0.0,32.53,,,0,trial
2026-07-07T20:35:22,pid_hot_humid_bursty_r1,pid,hot_humid,bursty,1,36.512,36.212,36.012,33.512,25.0,45.0,60.0,,0.0,0.0,32.54,,,0,trial
2026-07-07T20:35:22,pid_hot_humid_bursty_r1,pid,hot_humid,bursty,1,36.519,36.219,36.019,33.519,25.0,45.0,60.0,,0.0,0.0,32.55,,,0,trial
2026-07-07T20:35:22,pid_hot_humid_bursty_r1,pid,hot_humid,bursty,1,36.526,36.226,36.026,33.526,25.0,45.0,60.0,,0.0,0.0,32.56,,,0,trial
2026-07-07T20:35:22,pid_hot_humid_bursty_r1,pid,hot_humid,bursty,1,36.532,36.232,36.032,33.532,25.0,45.0,60.0,,0.0,0.0,32.57,,,0,trial
2026-07-07T20:35:22,pid_hot_humid_bursty_r1,pid,hot_humid,bursty,1,36.539,36.239,36.039,33.539,25.0,45.0,60.0,,0.0,0.0,32.58,,,0,trial
2026-07-07T20:35:22,pid_hot_humid_bursty_r1,pid,hot_humid,bursty,1,36.546,36.246,36.046,33.546,25.0,45.0,60.0,,0.0,0.0,32.59,,,0,trial
2026-07-07T20:35:22,pid_hot_humid_bursty_r1,pid,hot_humid,bursty,1,36.552,36.252,36.052,33.552,25.0,45.0,60.0,,0.0,0.0,32.6,,,0,trial
2026-07-07T20:35:22,pid_hot_humid_bursty_r1,pid,hot_humid,bursty,1,36.559,36.259,36.059,33.559,25.0,45.0,60.0,,0.0,0.0,32.61,,,0,trial
2026-07-07T20:35:22,pid_hot_humid_bursty_r1,pid,hot_humid,bursty,1,36.566,36.266,36.066,33.566,25.0,45.0,60.0,,0.0,0.0,32.63,,,0,trial
2026-07-07T20:35:22,pid_hot_humid_bursty_r1,pid,hot_humid,bursty,1,36.572,36.272,36.072,33.572,25.0,45.0,60.0,,0.0,0.0,32.64,,,0,trial
2026-07-07T20:35:22,pid_hot_humid_bursty_r1,pid,hot_humid,bursty,1,36.579,36.279,36.079,33.579,25.0,45.0,60.0,,0.0,0.0,32.65,,,0,trial
2026-07-07T20:35:22,pid_hot_humid_bursty_r1,pid,hot_humid,bursty,1,36.586,36.286,36.086,33.586,25.0,45.0,60.0,,0.0,0.0,32.66,,,0,trial
2026-07-07T20:35:22,pid_hot_humid_bursty_r1,pid,hot_humid,bursty,1,36.592,36.292,36.092,33.592,25.0,45.0,60.0,,0.0,0.0,32.67,,,0,trial
2026-07-07T20:35:22,pid_hot_humid_bursty_r1,pid,hot_humid,bursty,1,36.599,36.299,36.099,33.599,25.0,45.0,60.0,,0.0,0.0,32.68,,,0,trial
2026-07-07T20:35:22,pid_hot_humid_bursty_r1,pid,hot_humid,bursty,1,36.606,36.306,36.106,33.606,25.0,45.0,60.0,,0.0,0.0,32.69,,,0,trial
2026-07-07T20:35:22,pid_hot_humid_bursty_r1,pid,hot_humid,bursty,1,36.613,36.313,36.113,33.613,25.0,45.0,60.0,,0.0,0.0,32.7,,,0,trial
2026-07-07T20:35:22,pid_hot_humid_bursty_r1,pid,hot_humid,bursty,1,36.619,36.319,36.119,33.619,25.0,45.0,60.0,,0.0,0.0,32.72,,,0,trial
2026-07-07T20:35:22,pid_hot_humid_bursty_r1,pid,hot_humid,bursty,1,36.626,36.326,36.126,33.626,25.0,45.0,60.0,,0.0,0.0,32.73,,,0,trial
2026-07-07T20:35:22,pid_hot_humid_bursty_r1,pid,hot_humid,bursty,1,36.633,36.333,36.133,33.633,25.0,45.0,60.0,,0.0,0.0,32.74,,,0,trial
2026-07-07T20:35:22,pid_hot_humid_bursty_r1,pid,hot_humid,bursty,1,36.639,36.339,36.139,33.639,25.0,45.0,60.0,,0.0,0.0,32.75,,,0,trial
2026-07-07T20:35:22,pid_hot_humid_bursty_r1,pid,hot_humid,bursty,1,36.646,36.346,36.146,33.646,25.0,45.0,60.0,,0.0,0.0,32.76,,,0,trial
2026-07-07T20:35:22,pid_hot_humid_bursty_r1,pid,hot_humid,bursty,1,36.653,36.353,36.153,33.653,25.0,45.0,60.0,,0.0,0.0,32.77,,,0,trial
2026-07-07T20:35:22,pid_hot_humid_bursty_r1,pid,hot_humid,bursty,1,36.659,36.359,36.159,33.659,25.0,45.0,60.0,,0.0,0.0,32.78,,,0,trial
2026-07-07T20:35:22,pid_hot_humid_bursty_r1,pid,hot_humid,bursty,1,36.666,36.366,36.166,33.666,25.0,45.0,60.0,,0.0,0.0,32.8,,,0,trial
2026-07-07T20:35:22,pid_hot_humid_bursty_r1,pid,hot_humid,bursty,1,36.673,36.373,36.173,33.673,25.0,45.0,60.0,,0.0,0.0,32.81,,,0,trial
2026-07-07T20:35:22,pid_hot_humid_bursty_r1,pid,hot_humid,bursty,1,36.679,36.379,36.179,33.679,25.0,45.0,60.0,,0.0,0.0,32.82,,,0,trial
2026-07-07T20:35:22,pid_hot_humid_bursty_r1,pid,hot_humid,bursty,1,36.686,36.386,36.186,33.686,25.0,45.0,60.0,,0.0,0.0,32.83,,,0,trial
2026-07-07T20:35:22,pid_hot_humid_bursty_r1,pid,hot_humid,bursty,1,36.693,36.393,36.193,33.693,25.0,45.0,60.0,,0.0,0.0,32.84,,,0,trial
2026-07-07T20:35:22,pid_hot_humid_bursty_r1,pid,hot_humid,bursty,1,36.699,36.399,36.199,33.699,25.0,45.0,60.0,,0.0,0.0,32.85,,,0,trial
2026-07-07T20:35:22,pid_hot_humid_bursty_r1,pid,hot_humid,bursty,1,36.706,36.406,36.206,33.706,25.0,45.0,60.0,,0.0,0.0,32.86,,,0,trial
2026-07-07T20:35:22,pid_hot_humid_bursty_r1,pid,hot_humid,bursty,1,36.713,36.413,36.213,33.713,25.0,45.0,60.0,,0.0,0.0,32.88,,,0,trial
2026-07-07T20:35:22,pid_hot_humid_bursty_r1,pid,hot_humid,bursty,1,36.719,36.419,36.219,33.719,25.0,45.0,60.0,,0.0,0.0,32.89,,,0,trial
2026-07-07T20:35:22,pid_hot_humid_bursty_r1,pid,hot_humid,bursty,1,36.726,36.426,36.226,33.726,25.0,45.0,60.0,,0.0,0.0,32.9,,,0,trial
2026-07-07T20:35:22,pid_hot_humid_bursty_r1,pid,hot_humid,bursty,1,36.732,36.432,36.232,33.732,25.0,45.0,60.0,,0.0,0.0,32.91,,,0,trial
2026-07-07T20:35:22,pid_hot_humid_bursty_r1,pid,hot_humid,bursty,1,36.739,36.439,36.239,33.739,25.0,45.0,60.0,,0.0,0.0,32.92,,,0,trial
2026-07-07T20:35:22,pid_hot_humid_bursty_r1,pid,hot_humid,bursty,1,36.746,36.446,36.246,33.746,25.0,45.0,60.0,,0.0,0.0,32.93,,,0,trial
2026-07-07T20:35:22,pid_hot_humid_bursty_r1,pid,hot_humid,bursty,1,36.752,36.452,36.252,33.752,25.0,45.0,60.0,,0.0,0.0,32.95,,,0,trial
2026-07-07T20:35:22,pid_hot_humid_bursty_r1,pid,hot_humid,bursty,1,36.759,36.459,36.259,33.759,25.0,45.0,60.0,,0.0,0.0,32.96,,,0,trial
2026-07-07T20:35:22,pid_hot_humid_bursty_r1,pid,hot_humid,bursty,1,36.766,36.466,36.266,33.766,25.0,45.0,60.0,,0.0,0.0,32.97,,,0,trial
2026-07-07T20:35:22,pid_hot_humid_bursty_r1,pid,hot_humid,bursty,1,36.772,36.472,36.272,33.772,25.0,45.0,60.0,,0.0,0.0,32.98,,,0,trial
2026-07-07T20:35:22,pid_hot_humid_bursty_r1,pid,hot_humid,bursty,1,36.779,36.479,36.279,33.779,25.0,45.0,60.0,,0.0,0.0,32.99,,,0,trial
2026-07-07T20:35:22,pid_hot_humid_bursty_r1,pid,hot_humid,bursty,1,36.786,36.486,36.286,33.786,25.0,45.0,60.0,,0.0,0.0,33.01,,,0,trial
2026-07-07T20:35:22,pid_hot_humid_bursty_r1,pid,hot_humid,bursty,1,36.792,36.492,36.292,33.792,25.0,45.0,60.0,,0.0,0.0,33.02,,,0,trial
2026-07-07T20:35:22,pid_hot_humid_bursty_r1,pid,hot_humid,bursty,1,36.799,36.499,36.299,33.799,25.0,45.0,60.0,,0.0,0.0,33.03,,,0,trial
2026-07-07T20:35:22,pid_hot_humid_bursty_r1,pid,hot_humid,bursty,1,36.806,36.506,36.306,33.806,25.0,45.0,60.0,,0.0,0.0,33.04,,,0,trial
2026-07-07T20:35:22,pid_hot_humid_bursty_r1,pid,hot_humid,bursty,1,36.812,36.512,36.312,33.812,25.0,45.0,60.0,,0.0,0.0,33.05,,,0,trial
2026-07-07T20:35:22,pid_hot_humid_bursty_r1,pid,hot_humid,bursty,1,36.819,36.519,36.319,33.819,25.0,45.0,60.0,,0.0,0.0,33.07,,,0,trial
2026-07-07T20:35:22,pid_hot_humid_bursty_r1,pid,hot_humid,bursty,1,36.826,36.526,36.326,33.826,25.0,45.0,60.0,,0.0,0.0,33.08,,,0,trial
2026-07-07T20:35:22,pid_hot_humid_bursty_r1,pid,hot_humid,bursty,1,36.832,36.532,36.332,33.832,25.0,45.0,60.0,,0.0,0.0,33.09,,,0,trial
2026-07-07T20:35:22,pid_hot_humid_bursty_r1,pid,hot_humid,bursty,1,36.839,36.539,36.339,33.839,25.0,45.0,60.0,,0.0,0.0,33.1,,,0,trial
2026-07-07T20:35:22,pid_hot_humid_bursty_r1,pid,hot_humid,bursty,1,36.846,36.546,36.346,33.846,25.0,45.0,60.0,,0.0,0.0,33.11,,,0,trial
2026-07-07T20:35:22,pid_hot_humid_bursty_r1,pid,hot_humid,bursty,1,36.852,36.552,36.352,33.852,25.0,45.0,60.0,,0.0,0.0,33.13,,,0,trial
2026-07-07T20:35:22,pid_hot_humid_bursty_r1,pid,hot_humid,bursty,1,36.859,36.559,36.359,33.859,25.0,45.0,60.0,,0.0,0.0,33.14,,,0,trial
2026-07-07T20:35:22,pid_hot_humid_bursty_r1,pid,hot_humid,bursty,1,36.866,36.566,36.366,33.866,25.0,45.0,60.0,,0.0,0.0,33.15,,,0,trial
2026-07-07T20:35:22,pid_hot_humid_bursty_r1,pid,hot_humid,bursty,1,36.872,36.572,36.372,33.872,25.0,45.0,60.0,,0.0,0.0,33.16,,,0,trial
2026-07-07T20:35:22,pid_hot_humid_bursty_r1,pid,hot_humid,bursty,1,36.879,36.579,36.379,33.879,25.0,45.0,60.0,,0.0,0.0,33.17,,,0,trial
2026-07-07T20:35:22,pid_hot_humid_bursty_r1,pid,hot_humid,bursty,1,36.885,36.585,36.385,33.885,25.0,45.0,60.0,,0.0,0.0,33.19,,,0,trial
2026-07-07T20:35:22,pid_hot_humid_bursty_r1,pid,hot_humid,bursty,1,36.892,36.592,36.392,33.892,25.0,45.0,60.0,,0.0,0.0,33.2,,,0,trial
2026-07-07T20:35:22,pid_hot_humid_bursty_r1,pid,hot_humid,bursty,1,36.899,36.599,36.399,33.899,25.0,45.0,60.0,,0.0,0.0,33.21,,,0,trial
2026-07-07T20:35:22,pid_hot_humid_bursty_r1,pid,hot_humid,bursty,1,36.905,36.605,36.405,33.905,25.0,45.0,60.0,,0.0,0.0,33.22,,,0,trial
2026-07-07T20:35:22,pid_hot_humid_bursty_r1,pid,hot_humid,bursty,1,36.912,36.612,36.412,33.912,25.0,45.0,60.0,,0.0,0.0,33.24,,,0,trial
2026-07-07T20:35:22,pid_hot_humid_bursty_r1,pid,hot_humid,bursty,1,36.919,36.619,36.419,33.919,25.0,45.0,60.0,,0.0,0.0,33.25,,,0,trial
2026-07-07T20:35:22,pid_hot_humid_bursty_r1,pid,hot_humid,bursty,1,36.925,36.625,36.425,33.925,25.0,45.0,60.0,,0.0,0.0,33.26,,,0,trial
2026-07-07T20:35:22,pid_hot_humid_bursty_r1,pid,hot_humid,bursty,1,36.932,36.632,36.432,33.932,25.0,45.0,60.0,,0.0,0.0,33.27,,,0,trial
2026-07-07T20:35:22,pid_hot_humid_bursty_r1,pid,hot_humid,bursty,1,36.939,36.639,36.439,33.939,25.0,45.0,60.0,,0.0,0.0,33.28,,,0,trial
2026-07-07T20:35:22,pid_hot_humid_bursty_r1,pid,hot_humid,bursty,1,36.945,36.645,36.445,33.945,25.0,45.0,60.0,,0.0,0.0,33.3,,,0,trial
2026-07-07T20:35:22,pid_hot_humid_bursty_r1,pid,hot_humid,bursty,1,36.952,36.652,36.452,33.952,25.0,45.0,60.0,,0.0,0.0,33.31,,,0,trial
2026-07-07T20:35:22,pid_hot_humid_bursty_r1,pid,hot_humid,bursty,1,36.959,36.659,36.459,33.959,25.0,45.0,60.0,,0.0,0.0,33.32,,,0,trial
2026-07-07T20:35:22,pid_hot_humid_bursty_r1,pid,hot_humid,bursty,1,36.965,36.665,36.465,33.965,25.0,45.0,60.0,,0.0,0.0,33.33,,,0,trial
2026-07-07T20:35:22,pid_hot_humid_bursty_r1,pid,hot_humid,bursty,1,36.972,36.672,36.472,33.972,25.0,45.0,60.0,,0.0,0.0,33.35,,,0,trial
2026-07-07T20:35:22,pid_hot_humid_bursty_r1,pid,hot_humid,bursty,1,36.978,36.678,36.478,33.978,25.0,45.0,60.0,,0.0,0.0,33.36,,,0,trial
2026-07-07T20:35:22,pid_hot_humid_bursty_r1,pid,hot_humid,bursty,1,36.985,36.685,36.485,33.985,25.0,45.0,60.0,,0.0,0.0,33.37,,,0,trial
2026-07-07T20:35:22,pid_hot_humid_bursty_r1,pid,hot_humid,bursty,1,36.992,36.692,36.492,33.992,25.0,45.0,60.0,,0.0,0.0,33.38,,,0,trial
2026-07-07T20:35:22,pid_hot_humid_bursty_r1,pid,hot_humid,bursty,1,36.998,36.698,36.498,33.998,25.0,45.0,60.0,,0.0,0.0,33.4,,,0,trial
2026-07-07T20:35:22,pid_hot_humid_bursty_r1,pid,hot_humid,bursty,1,37.005,36.705,36.505,34.005,25.0,45.0,60.0,,0.0,0.0,33.41,,,0,trial
2026-07-07T20:35:22,pid_hot_humid_bursty_r1,pid,hot_humid,bursty,1,37.012,36.712,36.512,34.012,25.0,45.0,60.0,,0.0,0.0,33.42,,,0,trial
2026-07-07T20:35:22,pid_hot_humid_bursty_r1,pid,hot_humid,bursty,1,37.018,36.718,36.518,34.018,25.0,45.0,60.0,,0.0,0.0,33.43,,,0,trial
2026-07-07T20:35:22,pid_hot_humid_bursty_r1,pid,hot_humid,bursty,1,37.025,36.725,36.525,34.025,25.0,45.0,60.0,,0.0,0.0,33.45,,,0,trial
2026-07-07T20:35:22,pid_hot_humid_bursty_r1,pid,hot_humid,bursty,1,37.031,36.731,36.531,34.031,25.0,45.0,60.0,,0.0,0.0,33.46,,,0,trial
2026-07-07T20:35:22,pid_hot_humid_bursty_r1,pid,hot_humid,bursty,1,37.038,36.738,36.538,34.038,25.0,45.0,60.0,,0.0,0.0,33.47,,,0,trial
2026-07-07T20:35:22,pid_hot_humid_bursty_r1,pid,hot_humid,bursty,1,37.045,36.745,36.545,34.045,25.0,45.0,60.0,,0.0,0.0,33.48,,,0,trial
2026-07-07T20:35:22,pid_hot_humid_bursty_r1,pid,hot_humid,bursty,1,37.062,36.762,36.562,34.062,25.0,45.0,140.0,,0.0,0.0,33.5,,,0,trial
2026-07-07T20:35:22,pid_hot_humid_bursty_r1,pid,hot_humid,bursty,1,37.079,36.779,36.579,34.079,25.0,45.0,140.0,,0.0,0.0,33.51,,,0,trial
2026-07-07T20:35:22,pid_hot_humid_bursty_r1,pid,hot_humid,bursty,1,37.096,36.796,36.596,34.096,25.0,45.0,140.0,,0.0,0.0,33.52,,,0,trial
2026-07-07T20:35:22,pid_hot_humid_bursty_r1,pid,hot_humid,bursty,1,37.113,36.813,36.613,34.113,25.0,45.0,140.0,,0.0,0.0,33.53,,,0,trial
2026-07-07T20:35:22,pid_hot_humid_bursty_r1,pid,hot_humid,bursty,1,37.13,36.83,36.63,34.13,25.0,45.0,140.0,,0.0,0.0,33.55,,,0,trial
2026-07-07T20:35:22,pid_hot_humid_bursty_r1,pid,hot_humid,bursty,1,37.148,36.848,36.648,34.148,25.0,45.0,140.0,,0.0,0.0,33.56,,,0,trial
2026-07-07T20:35:22,pid_hot_humid_bursty_r1,pid,hot_humid,bursty,1,37.165,36.865,36.665,34.165,25.0,45.0,140.0,,0.0,0.0,33.57,,,0,trial
2026-07-07T20:35:22,pid_hot_humid_bursty_r1,pid,hot_humid,bursty,1,37.182,36.882,36.682,34.182,25.0,45.0,140.0,,0.0,0.0,33.58,,,0,trial
2026-07-07T20:35:22,pid_hot_humid_bursty_r1,pid,hot_humid,bursty,1,37.199,36.899,36.699,34.199,25.0,45.0,140.0,,0.0,0.0,33.6,,,0,trial
2026-07-07T20:35:22,pid_hot_humid_bursty_r1,pid,hot_humid,bursty,1,37.216,36.916,36.716,34.216,25.0,45.0,140.0,,0.0,0.0,33.61,,,0,trial
2026-07-07T20:35:22,pid_hot_humid_bursty_r1,pid,hot_humid,bursty,1,37.233,36.933,36.733,34.233,25.0,45.0,140.0,,0.0,0.0,33.62,,,0,trial
2026-07-07T20:35:22,pid_hot_humid_bursty_r1,pid,hot_humid,bursty,1,37.25,36.95,36.75,34.25,25.0,45.0,140.0,,0.0,0.0,33.64,,,0,trial
2026-07-07T20:35:22,pid_hot_humid_bursty_r1,pid,hot_humid,bursty,1,37.268,36.968,36.768,34.268,25.0,45.0,140.0,,0.0,0.0,33.65,,,0,trial
2026-07-07T20:35:22,pid_hot_humid_bursty_r1,pid,hot_humid,bursty,1,37.285,36.985,36.785,34.285,25.0,45.0,140.0,,0.0,0.0,33.66,,,0,trial
2026-07-07T20:35:22,pid_hot_humid_bursty_r1,pid,hot_humid,bursty,1,37.302,37.002,36.802,34.302,25.0,45.0,140.0,,0.0,0.0,33.67,,,0,trial
2026-07-07T20:35:22,pid_hot_humid_bursty_r1,pid,hot_humid,bursty,1,37.319,37.019,36.819,34.319,25.0,45.0,140.0,,0.0,0.0,33.69,,,0,trial
2026-07-07T20:35:22,pid_hot_humid_bursty_r1,pid,hot_humid,bursty,1,37.336,37.036,36.836,34.336,25.0,45.0,140.0,,0.0,0.0,33.7,,,0,trial
2026-07-07T20:35:22,pid_hot_humid_bursty_r1,pid,hot_humid,bursty,1,37.353,37.053,36.853,34.353,25.0,45.0,140.0,,0.0,0.0,33.71,,,0,trial
2026-07-07T20:35:22,pid_hot_humid_bursty_r1,pid,hot_humid,bursty,1,37.37,37.07,36.87,34.37,25.0,45.0,140.0,,0.0,0.0,33.73,,,0,trial
2026-07-07T20:35:22,pid_hot_humid_bursty_r1,pid,hot_humid,bursty,1,37.387,37.087,36.887,34.387,25.0,45.0,140.0,,0.0,0.0,33.74,,,0,trial
2026-07-07T20:35:22,pid_hot_humid_bursty_r1,pid,hot_humid,bursty,1,37.405,37.105,36.905,34.405,25.0,45.0,140.0,,0.0,0.0,33.75,,,0,trial
2026-07-07T20:35:22,pid_hot_humid_bursty_r1,pid,hot_humid,bursty,1,37.422,37.122,36.922,34.422,25.0,45.0,140.0,,0.0,0.0,33.76,,,0,trial
2026-07-07T20:35:22,pid_hot_humid_bursty_r1,pid,hot_humid,bursty,1,37.439,37.139,36.939,34.439,25.0,45.0,140.0,,0.0,0.0,33.78,,,0,trial
2026-07-07T20:35:22,pid_hot_humid_bursty_r1,pid,hot_humid,bursty,1,37.456,37.156,36.956,34.456,25.0,45.0,140.0,,0.0,0.0,33.79,,,0,trial
2026-07-07T20:35:22,pid_hot_humid_bursty_r1,pid,hot_humid,bursty,1,37.473,37.173,36.973,34.473,25.0,45.0,140.0,,0.0,0.0,33.8,,,0,trial
2026-07-07T20:35:22,pid_hot_humid_bursty_r1,pid,hot_humid,bursty,1,37.49,37.19,36.99,34.49,25.0,45.0,140.0,,0.0,0.0,33.82,,,0,trial
2026-07-07T20:35:22,pid_hot_humid_bursty_r1,pid,hot_humid,bursty,1,37.507,37.207,37.007,34.507,25.0,45.0,140.0,,0.0,0.0,33.83,,,0,trial
2026-07-07T20:35:22,pid_hot_humid_bursty_r1,pid,hot_humid,bursty,1,37.524,37.224,37.024,34.524,25.0,45.0,140.0,,0.0,0.0,33.84,,,0,trial
2026-07-07T20:35:22,pid_hot_humid_bursty_r1,pid,hot_humid,bursty,1,37.541,37.241,37.041,34.541,25.0,45.0,140.0,,0.0,0.0,33.85,,,0,trial
2026-07-07T20:35:22,pid_hot_humid_bursty_r1,pid,hot_humid,bursty,1,37.559,37.259,37.059,34.559,25.0,45.0,140.0,,0.0,0.0,33.87,,,0,trial
2026-07-07T20:35:22,pid_hot_humid_bursty_r1,pid,hot_humid,bursty,1,37.576,37.276,37.076,34.576,25.0,45.0,140.0,,0.0,0.0,33.88,,,0,trial
2026-07-07T20:35:22,pid_hot_humid_bursty_r1,pid,hot_humid,bursty,1,37.593,37.293,37.093,34.593,25.0,45.0,140.0,,0.0,0.0,33.89,,,0,trial
2026-07-07T20:35:22,pid_hot_humid_bursty_r1,pid,hot_humid,bursty,1,37.61,37.31,37.11,34.61,25.0,45.0,140.0,,0.0,0.0,33.91,,,0,trial
2026-07-07T20:35:22,pid_hot_humid_bursty_r1,pid,hot_humid,bursty,1,37.627,37.327,37.127,34.627,25.0,45.0,140.0,,0.0,0.0,33.92,,,0,trial
2026-07-07T20:35:22,pid_hot_humid_bursty_r1,pid,hot_humid,bursty,1,37.644,37.344,37.144,34.644,25.0,45.0,140.0,,0.0,0.0,33.93,,,0,trial
2026-07-07T20:35:22,pid_hot_humid_bursty_r1,pid,hot_humid,bursty,1,37.661,37.361,37.161,34.661,25.0,45.0,140.0,,0.0,0.0,33.94,,,0,trial
2026-07-07T20:35:22,pid_hot_humid_bursty_r1,pid,hot_humid,bursty,1,37.678,37.378,37.178,34.678,25.0,45.0,140.0,,0.0,0.0,33.96,,,0,trial
2026-07-07T20:35:22,pid_hot_humid_bursty_r1,pid,hot_humid,bursty,1,37.695,37.395,37.195,34.695,25.0,45.0,140.0,,0.0,0.0,33.97,,,0,trial
2026-07-07T20:35:22,pid_hot_humid_bursty_r1,pid,hot_humid,bursty,1,37.712,37.412,37.212,34.712,25.0,45.0,140.0,,0.0,0.0,33.98,,,0,trial
2026-07-07T20:35:22,pid_hot_humid_bursty_r1,pid,hot_humid,bursty,1,37.729,37.429,37.229,34.729,25.0,45.0,140.0,,0.0,0.0,34.0,,,0,trial
2026-07-07T20:35:22,pid_hot_humid_bursty_r1,pid,hot_humid,bursty,1,37.747,37.447,37.247,34.747,25.0,45.0,140.0,,0.0,0.0,34.01,,,0,trial
2026-07-07T20:35:22,pid_hot_humid_bursty_r1,pid,hot_humid,bursty,1,37.764,37.464,37.264,34.764,25.0,45.0,140.0,,0.0,0.0,34.02,,,0,trial
2026-07-07T20:35:22,pid_hot_humid_bursty_r1,pid,hot_humid,bursty,1,37.781,37.481,37.281,34.781,25.0,45.0,140.0,,0.0,0.0,34.04,,,0,trial
2026-07-07T20:35:22,pid_hot_humid_bursty_r1,pid,hot_humid,bursty,1,37.798,37.498,37.298,34.798,25.0,45.0,140.0,,0.0,0.0,34.05,,,0,trial
2026-07-07T20:35:22,pid_hot_humid_bursty_r1,pid,hot_humid,bursty,1,37.815,37.515,37.315,34.815,25.0,45.0,140.0,,0.0,0.0,34.06,,,0,trial
2026-07-07T20:35:22,pid_hot_humid_bursty_r1,pid,hot_humid,bursty,1,37.832,37.532,37.332,34.832,25.0,45.0,140.0,,0.0,0.0,34.07,,,0,trial
2026-07-07T20:35:22,pid_hot_humid_bursty_r1,pid,hot_humid,bursty,1,37.849,37.549,37.349,34.849,25.0,45.0,140.0,,0.0,0.0,34.09,,,0,trial
2026-07-07T20:35:22,pid_hot_humid_bursty_r1,pid,hot_humid,bursty,1,37.866,37.566,37.366,34.866,25.0,45.0,140.0,,0.0,0.0,34.1,,,0,trial
2026-07-07T20:35:22,pid_hot_humid_bursty_r1,pid,hot_humid,bursty,1,37.883,37.583,37.383,34.883,25.0,45.0,140.0,,0.0,0.0,34.11,,,0,trial
2026-07-07T20:35:22,pid_hot_humid_bursty_r1,pid,hot_humid,bursty,1,37.9,37.6,37.4,34.9,25.0,45.0,140.0,,0.0,0.0,34.13,,,0,trial
2026-07-07T20:35:22,pid_hot_humid_bursty_r1,pid,hot_humid,bursty,1,37.917,37.617,37.417,34.917,25.0,45.0,140.0,,0.0,0.0,34.14,,,0,trial
2026-07-07T20:35:22,pid_hot_humid_bursty_r1,pid,hot_humid,bursty,1,37.934,37.634,37.434,34.934,25.0,45.0,140.0,,0.0,0.0,34.15,,,0,trial
2026-07-07T20:35:22,pid_hot_humid_bursty_r1,pid,hot_humid,bursty,1,37.951,37.651,37.451,34.951,25.0,45.0,140.0,,0.0,0.0,34.17,,,0,trial
2026-07-07T20:35:22,pid_hot_humid_bursty_r1,pid,hot_humid,bursty,1,37.968,37.668,37.468,34.968,25.0,45.0,140.0,,0.0,0.0,34.18,,,0,trial
2026-07-07T20:35:22,pid_hot_humid_bursty_r1,pid,hot_humid,bursty,1,37.985,37.685,37.485,34.985,25.0,45.0,140.0,,0.0,0.0,34.19,,,0,trial
2026-07-07T20:35:22,pid_hot_humid_bursty_r1,pid,hot_humid,bursty,1,38.003,37.703,37.503,35.003,25.0,45.0,140.0,,0.0,0.0,34.21,,,0,trial
2026-07-07T20:35:22,pid_hot_humid_bursty_r1,pid,hot_humid,bursty,1,38.02,37.72,37.52,35.02,25.0,45.0,140.0,,0.0,0.0,34.22,,,0,trial
2026-07-07T20:35:22,pid_hot_humid_bursty_r1,pid,hot_humid,bursty,1,38.037,37.737,37.537,35.037,25.0,45.0,140.0,,0.0,0.0,34.23,,,0,trial
2026-07-07T20:35:22,pid_hot_humid_bursty_r1,pid,hot_humid,bursty,1,38.054,37.754,37.554,35.054,25.0,45.0,140.0,,0.0,0.0,34.24,,,0,trial
2026-07-07T20:35:22,pid_hot_humid_bursty_r1,pid,hot_humid,bursty,1,38.071,37.771,37.571,35.071,25.0,45.0,140.0,,0.0,0.0,34.26,,,0,trial
2026-07-07T20:35:22,pid_hot_humid_bursty_r1,pid,hot_humid,bursty,1,38.088,37.788,37.588,35.088,25.0,45.0,140.0,,0.0,0.0,34.27,,,0,trial
2026-07-07T20:35:22,pid_hot_humid_bursty_r1,pid,hot_humid,bursty,1,38.105,37.805,37.605,35.105,25.0,45.0,140.0,,0.0,0.0,34.28,,,0,trial
2026-07-07T20:35:22,pid_hot_humid_bursty_r1,pid,hot_humid,bursty,1,38.122,37.822,37.622,35.122,25.0,45.0,140.0,,0.0,0.0,34.3,,,0,trial
2026-07-07T20:35:22,pid_hot_humid_bursty_r1,pid,hot_humid,bursty,1,38.139,37.839,37.639,35.139,25.0,45.0,140.0,,0.0,0.0,34.31,,,0,trial
2026-07-07T20:35:22,pid_hot_humid_bursty_r1,pid,hot_humid,bursty,1,38.156,37.856,37.656,35.156,25.0,45.0,140.0,,0.0,0.0,34.32,,,0,trial
2026-07-07T20:35:22,pid_hot_humid_bursty_r1,pid,hot_humid,bursty,1,38.173,37.873,37.673,35.173,25.0,45.0,140.0,,0.0,0.0,34.34,,,0,trial
2026-07-07T20:35:22,pid_hot_humid_bursty_r1,pid,hot_humid,bursty,1,38.19,37.89,37.69,35.19,25.0,45.0,140.0,,0.0,0.0,34.35,,,0,trial
2026-07-07T20:35:22,pid_hot_humid_bursty_r1,pid,hot_humid,bursty,1,38.207,37.907,37.707,35.207,25.0,45.0,140.0,,0.0,0.0,34.36,,,0,trial
2026-07-07T20:35:22,pid_hot_humid_bursty_r1,pid,hot_humid,bursty,1,38.224,37.924,37.724,35.224,25.0,45.0,140.0,,0.0,0.0,34.38,,,0,trial
2026-07-07T20:35:22,pid_hot_humid_bursty_r1,pid,hot_humid,bursty,1,38.241,37.941,37.741,35.241,25.0,45.0,140.0,,0.0,0.0,34.39,,,0,trial
2026-07-07T20:35:22,pid_hot_humid_bursty_r1,pid,hot_humid,bursty,1,38.258,37.958,37.758,35.258,25.0,45.0,140.0,,0.0,0.0,34.4,,,0,trial
2026-07-07T20:35:22,pid_hot_humid_bursty_r1,pid,hot_humid,bursty,1,38.275,37.975,37.775,35.275,25.0,45.0,140.0,,0.0,0.0,34.41,,,0,trial
2026-07-07T20:35:22,pid_hot_humid_bursty_r1,pid,hot_humid,bursty,1,38.292,37.992,37.792,35.292,25.0,45.0,140.0,,0.0,0.0,34.43,,,0,trial
2026-07-07T20:35:22,pid_hot_humid_bursty_r1,pid,hot_humid,bursty,1,38.309,38.009,37.809,35.309,25.0,45.0,140.0,,0.0,0.0,34.44,,,0,trial
2026-07-07T20:35:22,pid_hot_humid_bursty_r1,pid,hot_humid,bursty,1,38.326,38.026,37.826,35.326,25.0,45.0,140.0,,0.0,0.0,34.45,,,0,trial
2026-07-07T20:35:22,pid_hot_humid_bursty_r1,pid,hot_humid,bursty,1,38.343,38.043,37.843,35.343,25.0,45.0,140.0,,0.0,0.0,34.47,,,0,trial
2026-07-07T20:35:22,pid_hot_humid_bursty_r1,pid,hot_humid,bursty,1,38.36,38.06,37.86,35.36,25.0,45.0,140.0,,0.0,0.0,34.48,,,0,trial
2026-07-07T20:35:22,pid_hot_humid_bursty_r1,pid,hot_humid,bursty,1,38.377,38.077,37.877,35.377,25.0,45.0,140.0,,0.0,0.0,34.49,,,0,trial
2026-07-07T20:35:22,pid_hot_humid_bursty_r1,pid,hot_humid,bursty,1,38.394,38.094,37.894,35.394,25.0,45.0,140.0,,0.0,0.0,34.51,,,0,trial
2026-07-07T20:35:22,pid_hot_humid_bursty_r1,pid,hot_humid,bursty,1,38.411,38.111,37.911,35.411,25.0,45.0,140.0,,0.0,0.0,34.52,,,0,trial
2026-07-07T20:35:22,pid_hot_humid_bursty_r1,pid,hot_humid,bursty,1,38.428,38.128,37.928,35.428,25.0,45.0,140.0,,0.0,0.0,34.53,,,0,trial
2026-07-07T20:35:22,pid_hot_humid_bursty_r1,pid,hot_humid,bursty,1,38.445,38.145,37.945,35.445,25.0,45.0,140.0,,0.0,0.0,34.55,,,0,trial
2026-07-07T20:35:22,pid_hot_humid_bursty_r1,pid,hot_humid,bursty,1,38.462,38.162,37.962,35.462,25.0,45.0,140.0,,0.0,0.0,34.56,,,0,trial
2026-07-07T20:35:22,pid_hot_humid_bursty_r1,pid,hot_humid,bursty,1,38.479,38.179,37.979,35.479,25.0,45.0,140.0,,0.0,0.0,34.57,,,0,trial
2026-07-07T20:35:22,pid_hot_humid_bursty_r1,pid,hot_humid,bursty,1,38.496,38.196,37.996,35.496,25.0,45.0,140.0,,0.0,0.0,34.58,,,0,trial
2026-07-07T20:35:22,pid_hot_humid_bursty_r1,pid,hot_humid,bursty,1,38.513,38.213,38.013,35.513,25.0,45.0,140.0,,0.0,0.0,34.6,,,0,trial
2026-07-07T20:35:22,pid_hot_humid_bursty_r1,pid,hot_humid,bursty,1,38.53,38.23,38.03,35.53,25.0,45.0,140.0,,0.0,0.0,34.61,,,0,trial
2026-07-07T20:35:22,pid_hot_humid_bursty_r1,pid,hot_humid,bursty,1,38.547,38.247,38.047,35.547,25.0,45.0,140.0,,0.0,0.0,34.62,,,0,trial
2026-07-07T20:35:22,pid_hot_humid_bursty_r1,pid,hot_humid,bursty,1,38.564,38.264,38.064,35.564,25.0,45.0,140.0,,0.0,0.0,34.64,,,0,trial
2026-07-07T20:35:22,pid_hot_humid_bursty_r1,pid,hot_humid,bursty,1,38.581,38.281,38.081,35.581,25.0,45.0,140.0,,0.0,0.0,34.65,,,0,trial
2026-07-07T20:35:22,pid_hot_humid_bursty_r1,pid,hot_humid,bursty,1,38.598,38.298,38.098,35.598,25.0,45.0,140.0,,0.0,0.0,34.66,,,0,trial
2026-07-07T20:35:22,pid_hot_humid_bursty_r1,pid,hot_humid,bursty,1,38.615,38.315,38.115,35.615,25.0,45.0,140.0,,0.0,0.0,34.68,,,0,trial
2026-07-07T20:35:22,pid_hot_humid_bursty_r1,pid,hot_humid,bursty,1,38.632,38.332,38.132,35.632,25.0,45.0,140.0,,0.0,0.0,34.69,,,0,trial
2026-07-07T20:35:22,pid_hot_humid_bursty_r1,pid,hot_humid,bursty,1,38.649,38.349,38.149,35.649,25.0,45.0,140.0,,0.0,0.0,34.7,,,0,trial
2026-07-07T20:35:22,pid_hot_humid_bursty_r1,pid,hot_humid,bursty,1,38.666,38.366,38.166,35.666,25.0,45.0,140.0,,0.0,0.0,34.71,,,0,trial
2026-07-07T20:35:22,pid_hot_humid_bursty_r1,pid,hot_humid,bursty,1,38.683,38.383,38.183,35.683,25.0,45.0,140.0,,0.0,0.0,34.73,,,0,trial
2026-07-07T20:35:22,pid_hot_humid_bursty_r1,pid,hot_humid,bursty,1,38.7,38.4,38.2,35.7,25.0,45.0,140.0,,0.0,0.0,34.74,,,0,trial
2026-07-07T20:35:22,pid_hot_humid_bursty_r1,pid,hot_humid,bursty,1,38.717,38.417,38.217,35.717,25.0,45.0,140.0,,0.0,0.0,34.75,,,0,trial
2026-07-07T20:35:22,pid_hot_humid_bursty_r1,pid,hot_humid,bursty,1,38.734,38.434,38.234,35.734,25.0,45.0,140.0,,0.0,0.0,34.77,,,0,trial
2026-07-07T20:35:22,pid_hot_humid_bursty_r1,pid,hot_humid,bursty,1,38.751,38.451,38.251,35.751,25.0,45.0,140.0,,0.0,0.0,34.78,,,0,trial
2026-07-07T20:35:22,pid_hot_humid_bursty_r1,pid,hot_humid,bursty,1,38.768,38.468,38.268,35.768,25.0,45.0,140.0,,0.0,0.0,34.79,,,0,trial
2026-07-07T20:35:22,pid_hot_humid_bursty_r1,pid,hot_humid,bursty,1,38.785,38.485,38.285,35.785,25.0,45.0,140.0,,0.0,0.0,34.81,,,0,trial
2026-07-07T20:35:22,pid_hot_humid_bursty_r1,pid,hot_humid,bursty,1,38.802,38.502,38.302,35.802,25.0,45.0,140.0,,0.0,0.0,34.82,,,0,trial
2026-07-07T20:35:22,pid_hot_humid_bursty_r1,pid,hot_humid,bursty,1,38.819,38.519,38.319,35.819,25.0,45.0,140.0,,0.0,0.0,34.83,,,0,trial
2026-07-07T20:35:22,pid_hot_humid_bursty_r1,pid,hot_humid,bursty,1,38.836,38.536,38.336,35.836,25.0,45.0,140.0,,0.0,0.0,34.84,,,0,trial
2026-07-07T20:35:22,pid_hot_humid_bursty_r1,pid,hot_humid,bursty,1,38.853,38.553,38.353,35.853,25.0,45.0,140.0,,0.0,0.0,34.86,,,0,trial
2026-07-07T20:35:22,pid_hot_humid_bursty_r1,pid,hot_humid,bursty,1,38.87,38.57,38.37,35.87,25.0,45.0,140.0,,0.0,0.0,34.87,,,0,trial
2026-07-07T20:35:22,pid_hot_humid_bursty_r1,pid,hot_humid,bursty,1,38.887,38.587,38.387,35.887,25.0,45.0,140.0,,0.0,0.0,34.88,,,0,trial
2026-07-07T20:35:22,pid_hot_humid_bursty_r1,pid,hot_humid,bursty,1,38.904,38.604,38.404,35.904,25.0,45.0,140.0,,0.0,0.0,34.9,,,0,trial
2026-07-07T20:35:22,pid_hot_humid_bursty_r1,pid,hot_humid,bursty,1,38.921,38.621,38.421,35.921,25.0,45.0,140.0,,0.0,0.0,34.91,,,0,trial
2026-07-07T20:35:22,pid_hot_humid_bursty_r1,pid,hot_humid,bursty,1,38.938,38.638,38.438,35.938,25.0,45.0,140.0,,0.0,0.0,34.92,,,0,trial
2026-07-07T20:35:22,pid_hot_humid_bursty_r1,pid,hot_humid,bursty,1,38.955,38.655,38.455,35.955,25.0,45.0,140.0,,0.0,0.0,34.93,,,0,trial
2026-07-07T20:35:22,pid_hot_humid_bursty_r1,pid,hot_humid,bursty,1,38.972,38.672,38.472,35.972,25.0,45.0,140.0,,0.0,0.0,34.95,,,0,trial
2026-07-07T20:35:22,pid_hot_humid_bursty_r1,pid,hot_humid,bursty,1,38.989,38.689,38.489,35.989,25.0,45.0,140.0,,0.0,0.0,34.96,,,0,trial
2026-07-07T20:35:22,pid_hot_humid_bursty_r1,pid,hot_humid,bursty,1,39.006,38.706,38.506,36.006,25.0,45.0,140.0,,0.0,0.0,34.97,,,0,trial
2026-07-07T20:35:22,pid_hot_humid_bursty_r1,pid,hot_humid,bursty,1,39.023,38.723,38.523,36.023,25.0,45.0,140.0,,0.0,0.0,34.99,,,0,trial
2026-07-07T20:35:22,pid_hot_humid_bursty_r1,pid,hot_humid,bursty,1,39.039,38.739,38.539,36.039,25.0,45.0,140.0,,0.0,0.0,35.0,,,0,trial
2026-07-07T20:35:22,pid_hot_humid_bursty_r1,pid,hot_humid,bursty,1,39.056,38.756,38.556,36.056,25.0,45.0,140.0,,0.0,0.0,35.01,,,0,trial
2026-07-07T20:35:22,pid_hot_humid_bursty_r1,pid,hot_humid,bursty,1,39.073,38.773,38.573,36.073,25.0,45.0,140.0,,0.0,0.0,35.02,,,0,trial
2026-07-07T20:35:22,pid_hot_humid_bursty_r1,pid,hot_humid,bursty,1,39.09,38.79,38.59,36.09,25.0,45.0,140.0,,0.0,0.0,35.04,,,0,trial
2026-07-07T20:35:22,pid_hot_humid_bursty_r1,pid,hot_humid,bursty,1,39.107,38.807,38.607,36.107,25.0,45.0,140.0,,0.0,0.0,35.05,,,0,trial
2026-07-07T20:35:22,pid_hot_humid_bursty_r1,pid,hot_humid,bursty,1,39.124,38.824,38.624,36.124,25.0,45.0,140.0,,0.0,0.0,35.06,,,0,trial
2026-07-07T20:35:22,pid_hot_humid_bursty_r1,pid,hot_humid,bursty,1,39.141,38.841,38.641,36.141,25.0,45.0,140.0,,0.0,0.0,35.07,,,0,trial
2026-07-07T20:35:22,pid_hot_humid_bursty_r1,pid,hot_humid,bursty,1,39.158,38.858,38.658,36.158,25.0,45.0,140.0,,0.0,0.0,35.09,,,0,trial
2026-07-07T20:35:22,pid_hot_humid_bursty_r1,pid,hot_humid,bursty,1,39.175,38.875,38.675,36.175,25.0,45.0,140.0,,0.0,0.0,35.1,,,0,trial
2026-07-07T20:35:22,pid_hot_humid_bursty_r1,pid,hot_humid,bursty,1,39.192,38.892,38.692,36.192,25.0,45.0,140.0,,0.0,0.0,35.11,,,0,trial
2026-07-07T20:35:22,pid_hot_humid_bursty_r1,pid,hot_humid,bursty,1,39.209,38.909,38.709,36.209,25.0,45.0,140.0,,0.0,0.0,35.13,,,0,trial
2026-07-07T20:35:22,pid_hot_humid_bursty_r1,pid,hot_humid,bursty,1,39.226,38.926,38.726,36.226,25.0,45.0,140.0,,0.0,0.0,35.14,,,0,trial
2026-07-07T20:35:22,pid_hot_humid_bursty_r1,pid,hot_humid,bursty,1,39.243,38.943,38.743,36.243,25.0,45.0,140.0,,0.0,0.0,35.15,,,0,trial
2026-07-07T20:35:22,pid_hot_humid_bursty_r1,pid,hot_humid,bursty,1,39.26,38.96,38.76,36.26,25.0,45.0,140.0,,0.0,0.0,35.16,,,0,trial
2026-07-07T20:35:22,pid_hot_humid_bursty_r1,pid,hot_humid,bursty,1,39.277,38.977,38.777,36.277,25.0,45.0,140.0,,0.0,0.0,35.18,,,0,trial
2026-07-07T20:35:22,pid_hot_humid_bursty_r1,pid,hot_humid,bursty,1,39.293,38.993,38.793,36.293,25.0,45.0,140.0,,0.0,0.0,35.19,,,0,trial
2026-07-07T20:35:22,pid_hot_humid_bursty_r1,pid,hot_humid,bursty,1,39.31,39.01,38.81,36.31,25.0,45.0,140.0,,0.0,0.0,35.2,,,0,trial
2026-07-07T20:35:22,pid_hot_humid_bursty_r1,pid,hot_humid,bursty,1,39.327,39.027,38.827,36.327,25.0,45.0,140.0,,0.0,0.0,35.21,,,0,trial
2026-07-07T20:35:22,pid_hot_humid_bursty_r1,pid,hot_humid,bursty,1,39.344,39.044,38.844,36.344,25.0,45.0,140.0,,0.0,0.0,35.23,,,0,trial
2026-07-07T20:35:22,pid_hot_humid_bursty_r1,pid,hot_humid,bursty,1,39.361,39.061,38.861,36.361,25.0,45.0,140.0,,0.0,0.0,35.24,,,0,trial
2026-07-07T20:35:22,pid_hot_humid_bursty_r1,pid,hot_humid,bursty,1,39.378,39.078,38.878,36.378,25.0,45.0,140.0,,0.0,0.0,35.25,,,0,trial
2026-07-07T20:35:22,pid_hot_humid_bursty_r1,pid,hot_humid,bursty,1,39.395,39.095,38.895,36.395,25.0,45.0,140.0,,0.0,0.0,35.26,,,0,trial
2026-07-07T20:35:22,pid_hot_humid_bursty_r1,pid,hot_humid,bursty,1,39.412,39.112,38.912,36.412,25.0,45.0,140.0,,0.0,0.0,35.28,,,0,trial
2026-07-07T20:35:22,pid_hot_humid_bursty_r1,pid,hot_humid,bursty,1,39.429,39.129,38.929,36.429,25.0,45.0,140.0,,0.0,0.0,35.29,,,0,trial
2026-07-07T20:35:22,pid_hot_humid_bursty_r1,pid,hot_humid,bursty,1,39.446,39.146,38.946,36.446,25.0,45.0,140.0,,0.0,0.0,35.3,,,0,trial
2026-07-07T20:35:22,pid_hot_humid_bursty_r1,pid,hot_humid,bursty,1,39.463,39.163,38.963,36.463,25.0,45.0,140.0,,0.0,0.0,35.31,,,0,trial
2026-07-07T20:35:22,pid_hot_humid_bursty_r1,pid,hot_humid,bursty,1,39.479,39.179,38.979,36.479,25.0,45.0,140.0,,0.0,0.0,35.33,,,0,trial
2026-07-07T20:35:22,pid_hot_humid_bursty_r1,pid,hot_humid,bursty,1,39.496,39.196,38.996,36.496,25.0,45.0,140.0,,0.0,0.0,35.34,,,0,trial
2026-07-07T20:35:22,pid_hot_humid_bursty_r1,pid,hot_humid,bursty,1,39.513,39.213,39.013,36.513,25.0,45.0,140.0,,0.0,0.0,35.35,,,0,trial
2026-07-07T20:35:22,pid_hot_humid_bursty_r1,pid,hot_humid,bursty,1,39.53,39.23,39.03,36.53,25.0,45.0,140.0,,0.0,0.0,35.36,,,0,trial
2026-07-07T20:35:22,pid_hot_humid_bursty_r1,pid,hot_humid,bursty,1,39.547,39.247,39.047,36.547,25.0,45.0,140.0,,0.0,0.0,35.37,,,0,trial
2026-07-07T20:35:22,pid_hot_humid_bursty_r1,pid,hot_humid,bursty,1,39.564,39.264,39.064,36.564,25.0,45.0,140.0,,0.0,0.0,35.39,,,0,trial
2026-07-07T20:35:22,pid_hot_humid_bursty_r1,pid,hot_humid,bursty,1,39.581,39.281,39.081,36.581,25.0,45.0,140.0,,0.0,0.0,35.4,,,0,trial
2026-07-07T20:35:22,pid_hot_humid_bursty_r1,pid,hot_humid,bursty,1,39.598,39.298,39.098,36.598,25.0,45.0,140.0,,0.0,0.0,35.41,,,0,trial
2026-07-07T20:35:22,pid_hot_humid_bursty_r1,pid,hot_humid,bursty,1,39.615,39.315,39.115,36.615,25.0,45.0,140.0,,0.0,0.0,35.42,,,0,trial
2026-07-07T20:35:22,pid_hot_humid_bursty_r1,pid,hot_humid,bursty,1,39.63,39.33,39.13,36.63,25.0,45.0,140.0,,4.964800000000017,0.1,35.44,,,0,trial
2026-07-07T20:35:22,pid_hot_humid_bursty_r1,pid,hot_humid,bursty,1,39.646,39.346,39.146,36.646,25.0,45.0,140.0,,4.964800000000017,0.1,35.45,,,0,trial
2026-07-07T20:35:22,pid_hot_humid_bursty_r1,pid,hot_humid,bursty,1,39.662,39.362,39.162,36.662,25.0,45.0,140.0,,4.964800000000017,0.1,35.46,,,0,trial
2026-07-07T20:35:22,pid_hot_humid_bursty_r1,pid,hot_humid,bursty,1,39.677,39.377,39.177,36.677,25.0,45.0,140.0,,4.964800000000017,0.1,35.47,,,0,trial
2026-07-07T20:35:22,pid_hot_humid_bursty_r1,pid,hot_humid,bursty,1,39.693,39.393,39.193,36.693,25.0,45.0,140.0,,4.964800000000017,0.1,35.48,,,0,trial
2026-07-07T20:35:22,pid_hot_humid_bursty_r1,pid,hot_humid,bursty,1,39.708,39.408,39.208,36.708,25.0,45.0,140.0,,4.964800000000017,0.1,35.5,,,0,trial
2026-07-07T20:35:22,pid_hot_humid_bursty_r1,pid,hot_humid,bursty,1,39.724,39.424,39.224,36.724,25.0,45.0,140.0,,4.964800000000017,0.1,35.51,,,0,trial
2026-07-07T20:35:22,pid_hot_humid_bursty_r1,pid,hot_humid,bursty,1,39.74,39.44,39.24,36.74,25.0,45.0,140.0,,4.964800000000017,0.1,35.52,,,0,trial
2026-07-07T20:35:22,pid_hot_humid_bursty_r1,pid,hot_humid,bursty,1,39.755,39.455,39.255,36.755,25.0,45.0,140.0,,4.964800000000017,0.1,35.53,,,0,trial
2026-07-07T20:35:22,pid_hot_humid_bursty_r1,pid,hot_humid,bursty,1,39.771,39.471,39.271,36.771,25.0,45.0,140.0,,4.964800000000017,0.1,35.54,,,0,trial
2026-07-07T20:35:22,pid_hot_humid_bursty_r1,pid,hot_humid,bursty,1,39.787,39.487,39.287,36.787,25.0,45.0,140.0,,4.964800000000017,0.1,35.56,,,0,trial
2026-07-07T20:35:22,pid_hot_humid_bursty_r1,pid,hot_humid,bursty,1,39.802,39.502,39.302,36.802,25.0,45.0,140.0,,4.964800000000017,0.1,35.57,,,0,trial
2026-07-07T20:35:22,pid_hot_humid_bursty_r1,pid,hot_humid,bursty,1,39.818,39.518,39.318,36.818,25.0,45.0,140.0,,4.964800000000017,0.1,35.58,,,0,trial
2026-07-07T20:35:22,pid_hot_humid_bursty_r1,pid,hot_humid,bursty,1,39.834,39.534,39.334,36.834,25.0,45.0,140.0,,4.964800000000017,0.1,35.59,,,0,trial
2026-07-07T20:35:22,pid_hot_humid_bursty_r1,pid,hot_humid,bursty,1,39.849,39.549,39.349,36.849,25.0,45.0,140.0,,4.964800000000017,0.1,35.6,,,0,trial
2026-07-07T20:35:22,pid_hot_humid_bursty_r1,pid,hot_humid,bursty,1,39.865,39.565,39.365,36.865,25.0,45.0,140.0,,4.964800000000017,0.1,35.61,,,0,trial
2026-07-07T20:35:22,pid_hot_humid_bursty_r1,pid,hot_humid,bursty,1,39.88,39.58,39.38,36.88,25.0,45.0,140.0,,4.964800000000017,0.1,35.63,,,0,trial
2026-07-07T20:35:22,pid_hot_humid_bursty_r1,pid,hot_humid,bursty,1,39.896,39.596,39.396,36.896,25.0,45.0,140.0,,4.964800000000017,0.1,35.64,,,0,trial
2026-07-07T20:35:22,pid_hot_humid_bursty_r1,pid,hot_humid,bursty,1,39.912,39.612,39.412,36.912,25.0,45.0,140.0,,4.964800000000017,0.1,35.65,,,0,trial
2026-07-07T20:35:22,pid_hot_humid_bursty_r1,pid,hot_humid,bursty,1,39.927,39.627,39.427,36.927,25.0,45.0,140.0,,4.964800000000017,0.1,35.66,,,0,trial
2026-07-07T20:35:22,pid_hot_humid_bursty_r1,pid,hot_humid,bursty,1,39.943,39.643,39.443,36.943,25.0,45.0,140.0,,4.964800000000017,0.1,35.67,,,0,trial
2026-07-07T20:35:22,pid_hot_humid_bursty_r1,pid,hot_humid,bursty,1,39.958,39.658,39.458,36.958,25.0,45.0,140.0,,4.964800000000017,0.1,35.68,,,0,trial
2026-07-07T20:35:22,pid_hot_humid_bursty_r1,pid,hot_humid,bursty,1,39.974,39.674,39.474,36.974,25.0,45.0,140.0,,4.964800000000017,0.1,35.7,,,0,trial
2026-07-07T20:35:22,pid_hot_humid_bursty_r1,pid,hot_humid,bursty,1,39.99,39.69,39.49,36.99,25.0,45.0,140.0,,4.964800000000017,0.1,35.71,,,0,trial
2026-07-07T20:35:22,pid_hot_humid_bursty_r1,pid,hot_humid,bursty,1,40.005,39.705,39.505,37.005,25.0,45.0,140.0,,4.964800000000017,0.1,35.72,,,0,trial
2026-07-07T20:35:22,pid_hot_humid_bursty_r1,pid,hot_humid,bursty,1,40.021,39.721,39.521,37.021,25.0,45.0,140.0,,4.964800000000017,0.1,35.73,,,0,trial
2026-07-07T20:35:22,pid_hot_humid_bursty_r1,pid,hot_humid,bursty,1,40.036,39.736,39.536,37.036,25.0,45.0,140.0,,4.964800000000017,0.1,35.74,,,0,trial
2026-07-07T20:35:22,pid_hot_humid_bursty_r1,pid,hot_humid,bursty,1,40.052,39.752,39.552,37.052,25.0,45.0,140.0,,4.964800000000017,0.1,35.75,,,0,trial
2026-07-07T20:35:22,pid_hot_humid_bursty_r1,pid,hot_humid,bursty,1,40.067,39.767,39.567,37.067,25.0,45.0,140.0,,4.964800000000017,0.1,35.76,,,0,trial
2026-07-07T20:35:22,pid_hot_humid_bursty_r1,pid,hot_humid,bursty,1,40.083,39.783,39.583,37.083,25.0,45.0,140.0,,4.964800000000017,0.1,35.78,,,0,trial
2026-07-07T20:35:22,pid_hot_humid_bursty_r1,pid,hot_humid,bursty,1,40.098,39.798,39.598,37.098,25.0,45.0,140.0,,9.958599999999986,0.2,35.79,,,0,trial
2026-07-07T20:35:22,pid_hot_humid_bursty_r1,pid,hot_humid,bursty,1,40.113,39.813,39.613,37.113,25.0,45.0,140.0,,9.958599999999986,0.2,35.8,,,0,trial
2026-07-07T20:35:22,pid_hot_humid_bursty_r1,pid,hot_humid,bursty,1,40.127,39.827,39.627,37.127,25.0,45.0,140.0,,9.958599999999986,0.2,35.81,,,0,trial
2026-07-07T20:35:22,pid_hot_humid_bursty_r1,pid,hot_humid,bursty,1,40.142,39.842,39.642,37.142,25.0,45.0,140.0,,9.958599999999986,0.2,35.82,,,0,trial
2026-07-07T20:35:22,pid_hot_humid_bursty_r1,pid,hot_humid,bursty,1,40.157,39.857,39.657,37.157,25.0,45.0,140.0,,9.958599999999986,0.2,35.83,,,0,trial
2026-07-07T20:35:22,pid_hot_humid_bursty_r1,pid,hot_humid,bursty,1,40.172,39.872,39.672,37.172,25.0,45.0,140.0,,9.958599999999986,0.2,35.84,,,0,trial
2026-07-07T20:35:22,pid_hot_humid_bursty_r1,pid,hot_humid,bursty,1,40.186,39.886,39.686,37.186,25.0,45.0,140.0,,9.958599999999986,0.2,35.85,,,0,trial
2026-07-07T20:35:22,pid_hot_humid_bursty_r1,pid,hot_humid,bursty,1,40.201,39.901,39.701,37.201,25.0,45.0,140.0,,9.958599999999986,0.2,35.87,,,0,trial
2026-07-07T20:35:22,pid_hot_humid_bursty_r1,pid,hot_humid,bursty,1,40.216,39.916,39.716,37.216,25.0,45.0,140.0,,9.958599999999986,0.2,35.88,,,0,trial
2026-07-07T20:35:22,pid_hot_humid_bursty_r1,pid,hot_humid,bursty,1,40.231,39.931,39.731,37.231,25.0,45.0,140.0,,9.958599999999986,0.2,35.89,,,0,trial
2026-07-07T20:35:22,pid_hot_humid_bursty_r1,pid,hot_humid,bursty,1,40.245,39.945,39.745,37.245,25.0,45.0,140.0,,9.958599999999986,0.2,35.9,,,0,trial
2026-07-07T20:35:22,pid_hot_humid_bursty_r1,pid,hot_humid,bursty,1,40.26,39.96,39.76,37.26,25.0,45.0,140.0,,9.958599999999986,0.2,35.91,,,0,trial
2026-07-07T20:35:22,pid_hot_humid_bursty_r1,pid,hot_humid,bursty,1,40.275,39.975,39.775,37.275,25.0,45.0,140.0,,9.958599999999986,0.2,35.92,,,0,trial
2026-07-07T20:35:22,pid_hot_humid_bursty_r1,pid,hot_humid,bursty,1,40.29,39.99,39.79,37.29,25.0,45.0,140.0,,9.958599999999986,0.2,35.93,,,0,trial
2026-07-07T20:35:22,pid_hot_humid_bursty_r1,pid,hot_humid,bursty,1,40.304,40.004,39.804,37.304,25.0,45.0,140.0,,9.958599999999986,0.2,35.94,,,0,trial
2026-07-07T20:35:22,pid_hot_humid_bursty_r1,pid,hot_humid,bursty,1,40.319,40.019,39.819,37.319,25.0,45.0,140.0,,9.958599999999986,0.2,35.95,,,0,trial
2026-07-07T20:35:22,pid_hot_humid_bursty_r1,pid,hot_humid,bursty,1,40.334,40.034,39.834,37.334,25.0,45.0,140.0,,9.958599999999986,0.2,35.96,,,0,trial
2026-07-07T20:35:22,pid_hot_humid_bursty_r1,pid,hot_humid,bursty,1,40.349,40.049,39.849,37.349,25.0,45.0,140.0,,9.958599999999986,0.2,35.97,,,0,trial
2026-07-07T20:35:22,pid_hot_humid_bursty_r1,pid,hot_humid,bursty,1,40.363,40.063,39.863,37.363,25.0,45.0,140.0,,9.958599999999986,0.2,35.99,,,0,trial
2026-07-07T20:35:22,pid_hot_humid_bursty_r1,pid,hot_humid,bursty,1,40.378,40.078,39.878,37.378,25.0,45.0,140.0,,9.958599999999986,0.2,36.0,,,0,trial
2026-07-07T20:35:22,pid_hot_humid_bursty_r1,pid,hot_humid,bursty,1,40.393,40.093,39.893,37.393,25.0,45.0,140.0,,9.958599999999986,0.2,36.01,,,0,trial
2026-07-07T20:35:22,pid_hot_humid_bursty_r1,pid,hot_humid,bursty,1,40.407,40.107,39.907,37.407,25.0,45.0,140.0,,9.958599999999986,0.2,36.02,,,0,trial
2026-07-07T20:35:22,pid_hot_humid_bursty_r1,pid,hot_humid,bursty,1,40.422,40.122,39.922,37.422,25.0,45.0,140.0,,9.958599999999986,0.2,36.03,,,0,trial
2026-07-07T20:35:22,pid_hot_humid_bursty_r1,pid,hot_humid,bursty,1,40.437,40.137,39.937,37.437,25.0,45.0,140.0,,9.958599999999986,0.2,36.04,,,0,trial
2026-07-07T20:35:22,pid_hot_humid_bursty_r1,pid,hot_humid,bursty,1,40.452,40.152,39.952,37.452,25.0,45.0,140.0,,9.958599999999986,0.2,36.05,,,0,trial
2026-07-07T20:35:22,pid_hot_humid_bursty_r1,pid,hot_humid,bursty,1,40.466,40.166,39.966,37.466,25.0,45.0,140.0,,9.958599999999986,0.2,36.06,,,0,trial
2026-07-07T20:35:22,pid_hot_humid_bursty_r1,pid,hot_humid,bursty,1,40.481,40.181,39.981,37.481,25.0,45.0,140.0,,9.958599999999986,0.2,36.07,,,0,trial
2026-07-07T20:35:22,pid_hot_humid_bursty_r1,pid,hot_humid,bursty,1,40.496,40.196,39.996,37.496,25.0,45.0,140.0,,9.958599999999986,0.2,36.08,,,0,trial
2026-07-07T20:35:22,pid_hot_humid_bursty_r1,pid,hot_humid,bursty,1,40.51,40.21,40.01,37.51,25.0,45.0,140.0,,9.958599999999986,0.2,36.09,,,0,trial
2026-07-07T20:35:22,pid_hot_humid_bursty_r1,pid,hot_humid,bursty,1,40.525,40.225,40.025,37.525,25.0,45.0,140.0,,9.958599999999986,0.2,36.1,,,0,trial
2026-07-07T20:35:22,pid_hot_humid_bursty_r1,pid,hot_humid,bursty,1,40.539,40.239,40.039,37.539,25.0,45.0,140.0,,15.009599999999988,0.3,36.11,,,0,trial
2026-07-07T20:35:22,pid_hot_humid_bursty_r1,pid,hot_humid,bursty,1,40.553,40.253,40.053,37.553,25.0,45.0,140.0,,15.009599999999988,0.3,36.12,,,0,trial
2026-07-07T20:35:22,pid_hot_humid_bursty_r1,pid,hot_humid,bursty,1,40.567,40.267,40.067,37.567,25.0,45.0,140.0,,15.009599999999988,0.3,36.13,,,0,trial
2026-07-07T20:35:22,pid_hot_humid_bursty_r1,pid,hot_humid,bursty,1,40.581,40.281,40.081,37.581,25.0,45.0,140.0,,15.009599999999988,0.3,36.14,,,0,trial
2026-07-07T20:35:22,pid_hot_humid_bursty_r1,pid,hot_humid,bursty,1,40.595,40.295,40.095,37.595,25.0,45.0,140.0,,15.009599999999988,0.3,36.15,,,0,trial
2026-07-07T20:35:22,pid_hot_humid_bursty_r1,pid,hot_humid,bursty,1,40.609,40.309,40.109,37.609,25.0,45.0,140.0,,15.009599999999988,0.3,36.16,,,0,trial
2026-07-07T20:35:22,pid_hot_humid_bursty_r1,pid,hot_humid,bursty,1,40.623,40.323,40.123,37.623,25.0,45.0,140.0,,15.009599999999988,0.3,36.17,,,0,trial
2026-07-07T20:35:22,pid_hot_humid_bursty_r1,pid,hot_humid,bursty,1,40.637,40.337,40.137,37.637,25.0,45.0,140.0,,15.009599999999988,0.3,36.18,,,0,trial
2026-07-07T20:35:22,pid_hot_humid_bursty_r1,pid,hot_humid,bursty,1,40.651,40.351,40.151,37.651,25.0,45.0,140.0,,15.009599999999988,0.3,36.19,,,0,trial
2026-07-07T20:35:22,pid_hot_humid_bursty_r1,pid,hot_humid,bursty,1,40.664,40.364,40.164,37.664,25.0,45.0,140.0,,15.009599999999988,0.3,36.2,,,0,trial
2026-07-07T20:35:22,pid_hot_humid_bursty_r1,pid,hot_humid,bursty,1,40.678,40.378,40.178,37.678,25.0,45.0,140.0,,15.009599999999988,0.3,36.21,,,0,trial
2026-07-07T20:35:22,pid_hot_humid_bursty_r1,pid,hot_humid,bursty,1,40.692,40.392,40.192,37.692,25.0,45.0,140.0,,15.009599999999988,0.3,36.22,,,0,trial
2026-07-07T20:35:22,pid_hot_humid_bursty_r1,pid,hot_humid,bursty,1,40.706,40.406,40.206,37.706,25.0,45.0,140.0,,15.009599999999988,0.3,36.23,,,0,trial
2026-07-07T20:35:22,pid_hot_humid_bursty_r1,pid,hot_humid,bursty,1,40.72,40.42,40.22,37.72,25.0,45.0,140.0,,15.009599999999988,0.3,36.24,,,0,trial
2026-07-07T20:35:22,pid_hot_humid_bursty_r1,pid,hot_humid,bursty,1,40.734,40.434,40.234,37.734,25.0,45.0,140.0,,15.009599999999988,0.3,36.25,,,0,trial
2026-07-07T20:35:22,pid_hot_humid_bursty_r1,pid,hot_humid,bursty,1,40.748,40.448,40.248,37.748,25.0,45.0,140.0,,15.009599999999988,0.3,36.26,,,0,trial
2026-07-07T20:35:22,pid_hot_humid_bursty_r1,pid,hot_humid,bursty,1,40.762,40.462,40.262,37.762,25.0,45.0,140.0,,15.009599999999988,0.3,36.27,,,0,trial
2026-07-07T20:35:22,pid_hot_humid_bursty_r1,pid,hot_humid,bursty,1,40.776,40.476,40.276,37.776,25.0,45.0,140.0,,15.009599999999988,0.3,36.28,,,0,trial
2026-07-07T20:35:22,pid_hot_humid_bursty_r1,pid,hot_humid,bursty,1,40.79,40.49,40.29,37.79,25.0,45.0,140.0,,15.009599999999988,0.3,36.29,,,0,trial
2026-07-07T20:35:22,pid_hot_humid_bursty_r1,pid,hot_humid,bursty,1,40.804,40.504,40.304,37.804,25.0,45.0,140.0,,15.009599999999988,0.3,36.3,,,0,trial
2026-07-07T20:35:22,pid_hot_humid_bursty_r1,pid,hot_humid,bursty,1,40.817,40.517,40.317,37.817,25.0,45.0,140.0,,15.009599999999988,0.3,36.31,,,0,trial
2026-07-07T20:35:22,pid_hot_humid_bursty_r1,pid,hot_humid,bursty,1,40.831,40.531,40.331,37.831,25.0,45.0,140.0,,15.009599999999988,0.3,36.32,,,0,trial
2026-07-07T20:35:22,pid_hot_humid_bursty_r1,pid,hot_humid,bursty,1,40.845,40.545,40.345,37.845,25.0,45.0,140.0,,15.009599999999988,0.3,36.33,,,0,trial
2026-07-07T20:35:22,pid_hot_humid_bursty_r1,pid,hot_humid,bursty,1,40.859,40.559,40.359,37.859,25.0,45.0,140.0,,15.009599999999988,0.3,36.34,,,0,trial
2026-07-07T20:35:22,pid_hot_humid_bursty_r1,pid,hot_humid,bursty,1,40.873,40.573,40.373,37.873,25.0,45.0,140.0,,15.009599999999988,0.3,36.34,,,0,trial
2026-07-07T20:35:22,pid_hot_humid_bursty_r1,pid,hot_humid,bursty,1,40.887,40.587,40.387,37.887,25.0,45.0,140.0,,15.009599999999988,0.3,36.35,,,0,trial
2026-07-07T20:35:22,pid_hot_humid_bursty_r1,pid,hot_humid,bursty,1,40.901,40.601,40.401,37.901,25.0,45.0,140.0,,15.009599999999988,0.3,36.36,,,0,trial
2026-07-07T20:35:22,pid_hot_humid_bursty_r1,pid,hot_humid,bursty,1,40.915,40.615,40.415,37.915,25.0,45.0,140.0,,15.009599999999988,0.3,36.37,,,0,trial
2026-07-07T20:35:22,pid_hot_humid_bursty_r1,pid,hot_humid,bursty,1,40.928,40.628,40.428,37.928,25.0,45.0,140.0,,15.009599999999988,0.3,36.38,,,0,trial
2026-07-07T20:35:22,pid_hot_humid_bursty_r1,pid,hot_humid,bursty,1,40.942,40.642,40.442,37.942,25.0,45.0,140.0,,15.009599999999988,0.3,36.39,,,0,trial
2026-07-07T20:35:22,pid_hot_humid_bursty_r1,pid,hot_humid,bursty,1,40.956,40.656,40.456,37.956,25.0,45.0,140.0,,20.1108,0.4,36.4,,,0,trial
2026-07-07T20:35:22,pid_hot_humid_bursty_r1,pid,hot_humid,bursty,1,40.969,40.669,40.469,37.969,25.0,45.0,140.0,,20.1108,0.4,36.41,,,0,trial
2026-07-07T20:35:22,pid_hot_humid_bursty_r1,pid,hot_humid,bursty,1,40.982,40.682,40.482,37.982,25.0,45.0,140.0,,20.1108,0.4,36.42,,,0,trial
2026-07-07T20:35:22,pid_hot_humid_bursty_r1,pid,hot_humid,bursty,1,40.995,40.695,40.495,37.995,25.0,45.0,140.0,,20.1108,0.4,36.43,,,0,trial
2026-07-07T20:35:22,pid_hot_humid_bursty_r1,pid,hot_humid,bursty,1,41.008,40.708,40.508,38.008,25.0,45.0,140.0,,20.1108,0.4,36.43,,,0,trial
2026-07-07T20:35:22,pid_hot_humid_bursty_r1,pid,hot_humid,bursty,1,41.021,40.721,40.521,38.021,25.0,45.0,140.0,,20.1108,0.4,36.44,,,0,trial
2026-07-07T20:35:22,pid_hot_humid_bursty_r1,pid,hot_humid,bursty,1,41.035,40.735,40.535,38.035,25.0,45.0,140.0,,20.1108,0.4,36.45,,,0,trial
2026-07-07T20:35:22,pid_hot_humid_bursty_r1,pid,hot_humid,bursty,1,41.048,40.748,40.548,38.048,25.0,45.0,140.0,,20.1108,0.4,36.46,,,0,trial
2026-07-07T20:35:22,pid_hot_humid_bursty_r1,pid,hot_humid,bursty,1,41.061,40.761,40.561,38.061,25.0,45.0,140.0,,20.1108,0.4,36.47,,,0,trial
2026-07-07T20:35:22,pid_hot_humid_bursty_r1,pid,hot_humid,bursty,1,41.074,40.774,40.574,38.074,25.0,45.0,140.0,,20.1108,0.4,36.48,,,0,trial
2026-07-07T20:35:22,pid_hot_humid_bursty_r1,pid,hot_humid,bursty,1,41.087,40.787,40.587,38.087,25.0,45.0,140.0,,20.1108,0.4,36.49,,,0,trial
2026-07-07T20:35:22,pid_hot_humid_bursty_r1,pid,hot_humid,bursty,1,41.1,40.8,40.6,38.1,25.0,45.0,140.0,,20.1108,0.4,36.49,,,0,trial
2026-07-07T20:35:22,pid_hot_humid_bursty_r1,pid,hot_humid,bursty,1,41.113,40.813,40.613,38.113,25.0,45.0,140.0,,20.1108,0.4,36.5,,,0,trial
2026-07-07T20:35:22,pid_hot_humid_bursty_r1,pid,hot_humid,bursty,1,41.127,40.827,40.627,38.127,25.0,45.0,140.0,,20.1108,0.4,36.51,,,0,trial
2026-07-07T20:35:22,pid_hot_humid_bursty_r1,pid,hot_humid,bursty,1,41.14,40.84,40.64,38.14,25.0,45.0,140.0,,20.1108,0.4,36.52,,,0,trial
2026-07-07T20:35:22,pid_hot_humid_bursty_r1,pid,hot_humid,bursty,1,41.153,40.853,40.653,38.153,25.0,45.0,140.0,,20.1108,0.4,36.53,,,0,trial
2026-07-07T20:35:22,pid_hot_humid_bursty_r1,pid,hot_humid,bursty,1,41.166,40.866,40.666,38.166,25.0,45.0,140.0,,20.1108,0.4,36.54,,,0,trial
2026-07-07T20:35:22,pid_hot_humid_bursty_r1,pid,hot_humid,bursty,1,41.179,40.879,40.679,38.179,25.0,45.0,140.0,,20.1108,0.4,36.54,,,0,trial
2026-07-07T20:35:22,pid_hot_humid_bursty_r1,pid,hot_humid,bursty,1,41.192,40.892,40.692,38.192,25.0,45.0,140.0,,20.1108,0.4,36.55,,,0,trial
2026-07-07T20:35:22,pid_hot_humid_bursty_r1,pid,hot_humid,bursty,1,41.205,40.905,40.705,38.205,25.0,45.0,140.0,,20.1108,0.4,36.56,,,0,trial
2026-07-07T20:35:22,pid_hot_humid_bursty_r1,pid,hot_humid,bursty,1,41.218,40.918,40.718,38.218,25.0,45.0,140.0,,20.1108,0.4,36.57,,,0,trial
2026-07-07T20:35:22,pid_hot_humid_bursty_r1,pid,hot_humid,bursty,1,41.232,40.932,40.732,38.232,25.0,45.0,140.0,,20.1108,0.4,36.58,,,0,trial
2026-07-07T20:35:22,pid_hot_humid_bursty_r1,pid,hot_humid,bursty,1,41.245,40.945,40.745,38.245,25.0,45.0,140.0,,20.1108,0.4,36.58,,,0,trial
2026-07-07T20:35:22,pid_hot_humid_bursty_r1,pid,hot_humid,bursty,1,41.258,40.958,40.758,38.258,25.0,45.0,140.0,,20.1108,0.4,36.59,,,0,trial
2026-07-07T20:35:22,pid_hot_humid_bursty_r1,pid,hot_humid,bursty,1,41.271,40.971,40.771,38.271,25.0,45.0,140.0,,20.1108,0.4,36.6,,,0,trial
2026-07-07T20:35:22,pid_hot_humid_bursty_r1,pid,hot_humid,bursty,1,41.284,40.984,40.784,38.284,25.0,45.0,140.0,,20.1108,0.4,36.61,,,0,trial
2026-07-07T20:35:22,pid_hot_humid_bursty_r1,pid,hot_humid,bursty,1,41.297,40.997,40.797,38.297,25.0,45.0,140.0,,20.1108,0.4,36.61,,,0,trial
2026-07-07T20:35:22,pid_hot_humid_bursty_r1,pid,hot_humid,bursty,1,41.31,41.01,40.81,38.31,25.0,45.0,140.0,,20.1108,0.4,36.62,,,0,trial
2026-07-07T20:35:22,pid_hot_humid_bursty_r1,pid,hot_humid,bursty,1,41.323,41.023,40.823,38.323,25.0,45.0,140.0,,20.1108,0.4,36.63,,,0,trial
2026-07-07T20:35:22,pid_hot_humid_bursty_r1,pid,hot_humid,bursty,1,41.336,41.036,40.836,38.336,25.0,45.0,140.0,,20.1108,0.4,36.64,,,0,trial
2026-07-07T20:35:22,pid_hot_humid_bursty_r1,pid,hot_humid,bursty,1,41.349,41.049,40.849,38.349,25.0,45.0,140.0,,25.264399999999988,0.51,36.64,,,0,trial
2026-07-07T20:35:22,pid_hot_humid_bursty_r1,pid,hot_humid,bursty,1,41.361,41.061,40.861,38.361,25.0,45.0,140.0,,25.264399999999988,0.51,36.65,,,0,trial
2026-07-07T20:35:22,pid_hot_humid_bursty_r1,pid,hot_humid,bursty,1,41.374,41.074,40.874,38.374,25.0,45.0,140.0,,25.264399999999988,0.51,36.66,,,0,trial
2026-07-07T20:35:22,pid_hot_humid_bursty_r1,pid,hot_humid,bursty,1,41.386,41.086,40.886,38.386,25.0,45.0,140.0,,25.264399999999988,0.51,36.67,,,0,trial
2026-07-07T20:35:22,pid_hot_humid_bursty_r1,pid,hot_humid,bursty,1,41.398,41.098,40.898,38.398,25.0,45.0,140.0,,25.264399999999988,0.51,36.67,,,0,trial
2026-07-07T20:35:22,pid_hot_humid_bursty_r1,pid,hot_humid,bursty,1,41.411,41.111,40.911,38.411,25.0,45.0,140.0,,25.264399999999988,0.51,36.68,,,0,trial
2026-07-07T20:35:22,pid_hot_humid_bursty_r1,pid,hot_humid,bursty,1,41.423,41.123,40.923,38.423,25.0,45.0,140.0,,25.264399999999988,0.51,36.69,,,0,trial
2026-07-07T20:35:22,pid_hot_humid_bursty_r1,pid,hot_humid,bursty,1,41.436,41.136,40.936,38.436,25.0,45.0,140.0,,25.264399999999988,0.51,36.69,,,0,trial
2026-07-07T20:35:22,pid_hot_humid_bursty_r1,pid,hot_humid,bursty,1,41.448,41.148,40.948,38.448,25.0,45.0,140.0,,25.264399999999988,0.51,36.7,,,0,trial
2026-07-07T20:35:22,pid_hot_humid_bursty_r1,pid,hot_humid,bursty,1,41.46,41.16,40.96,38.46,25.0,45.0,140.0,,25.264399999999988,0.51,36.71,,,0,trial
2026-07-07T20:35:22,pid_hot_humid_bursty_r1,pid,hot_humid,bursty,1,41.473,41.173,40.973,38.473,25.0,45.0,140.0,,25.264399999999988,0.51,36.72,,,0,trial
2026-07-07T20:35:22,pid_hot_humid_bursty_r1,pid,hot_humid,bursty,1,41.485,41.185,40.985,38.485,25.0,45.0,140.0,,25.264399999999988,0.51,36.72,,,0,trial
2026-07-07T20:35:22,pid_hot_humid_bursty_r1,pid,hot_humid,bursty,1,41.498,41.198,40.998,38.498,25.0,45.0,140.0,,25.264399999999988,0.51,36.73,,,0,trial
2026-07-07T20:35:22,pid_hot_humid_bursty_r1,pid,hot_humid,bursty,1,41.51,41.21,41.01,38.51,25.0,45.0,140.0,,25.264399999999988,0.51,36.74,,,0,trial
2026-07-07T20:35:22,pid_hot_humid_bursty_r1,pid,hot_humid,bursty,1,41.522,41.222,41.022,38.522,25.0,45.0,140.0,,25.264399999999988,0.51,36.74,,,0,trial
2026-07-07T20:35:22,pid_hot_humid_bursty_r1,pid,hot_humid,bursty,1,41.535,41.235,41.035,38.535,25.0,45.0,140.0,,25.264399999999988,0.51,36.75,,,0,trial
2026-07-07T20:35:22,pid_hot_humid_bursty_r1,pid,hot_humid,bursty,1,41.547,41.247,41.047,38.547,25.0,45.0,140.0,,25.264399999999988,0.51,36.76,,,0,trial
2026-07-07T20:35:22,pid_hot_humid_bursty_r1,pid,hot_humid,bursty,1,41.559,41.259,41.059,38.559,25.0,45.0,140.0,,25.264399999999988,0.51,36.76,,,0,trial
2026-07-07T20:35:22,pid_hot_humid_bursty_r1,pid,hot_humid,bursty,1,41.572,41.272,41.072,38.572,25.0,45.0,140.0,,25.264399999999988,0.51,36.77,,,0,trial
2026-07-07T20:35:22,pid_hot_humid_bursty_r1,pid,hot_humid,bursty,1,41.584,41.284,41.084,38.584,25.0,45.0,140.0,,25.264399999999988,0.51,36.77,,,0,trial
2026-07-07T20:35:22,pid_hot_humid_bursty_r1,pid,hot_humid,bursty,1,41.596,41.296,41.096,38.596,25.0,45.0,140.0,,25.264399999999988,0.51,36.78,,,0,trial
2026-07-07T20:35:22,pid_hot_humid_bursty_r1,pid,hot_humid,bursty,1,41.609,41.309,41.109,38.609,25.0,45.0,140.0,,25.264399999999988,0.51,36.79,,,0,trial
2026-07-07T20:35:22,pid_hot_humid_bursty_r1,pid,hot_humid,bursty,1,41.621,41.321,41.121,38.621,25.0,45.0,140.0,,25.264399999999988,0.51,36.79,,,0,trial
2026-07-07T20:35:22,pid_hot_humid_bursty_r1,pid,hot_humid,bursty,1,41.633,41.333,41.133,38.633,25.0,45.0,140.0,,25.264399999999988,0.51,36.8,,,0,trial
2026-07-07T20:35:22,pid_hot_humid_bursty_r1,pid,hot_humid,bursty,1,41.646,41.346,41.146,38.646,25.0,45.0,140.0,,25.264399999999988,0.51,36.81,,,0,trial
2026-07-07T20:35:22,pid_hot_humid_bursty_r1,pid,hot_humid,bursty,1,41.658,41.358,41.158,38.658,25.0,45.0,140.0,,25.264399999999988,0.51,36.81,,,0,trial
2026-07-07T20:35:22,pid_hot_humid_bursty_r1,pid,hot_humid,bursty,1,41.67,41.37,41.17,38.67,25.0,45.0,140.0,,25.264399999999988,0.51,36.82,,,0,trial
2026-07-07T20:35:22,pid_hot_humid_bursty_r1,pid,hot_humid,bursty,1,41.683,41.383,41.183,38.683,25.0,45.0,140.0,,25.264399999999988,0.51,36.82,,,0,trial
2026-07-07T20:35:22,pid_hot_humid_bursty_r1,pid,hot_humid,bursty,1,41.695,41.395,41.195,38.695,25.0,45.0,140.0,,25.264399999999988,0.51,36.83,,,0,trial
2026-07-07T20:35:22,pid_hot_humid_bursty_r1,pid,hot_humid,bursty,1,41.697,41.397,41.197,38.697,25.0,45.0,60.0,,25.264399999999988,0.51,36.84,,,0,trial
2026-07-07T20:35:22,pid_hot_humid_bursty_r1,pid,hot_humid,bursty,1,41.698,41.398,41.198,38.698,25.0,45.0,60.0,,30.37060000000002,0.61,36.84,,,0,trial
2026-07-07T20:35:22,pid_hot_humid_bursty_r1,pid,hot_humid,bursty,1,41.699,41.399,41.199,38.699,25.0,45.0,60.0,,30.37060000000002,0.61,36.85,,,0,trial
2026-07-07T20:35:22,pid_hot_humid_bursty_r1,pid,hot_humid,bursty,1,41.7,41.4,41.2,38.7,25.0,45.0,60.0,,30.37060000000002,0.61,36.85,,,0,trial
2026-07-07T20:35:22,pid_hot_humid_bursty_r1,pid,hot_humid,bursty,1,41.701,41.401,41.201,38.701,25.0,45.0,60.0,,30.37060000000002,0.61,36.86,,,0,trial
2026-07-07T20:35:22,pid_hot_humid_bursty_r1,pid,hot_humid,bursty,1,41.703,41.403,41.203,38.703,25.0,45.0,60.0,,30.37060000000002,0.61,36.86,,,0,trial
2026-07-07T20:35:22,pid_hot_humid_bursty_r1,pid,hot_humid,bursty,1,41.704,41.404,41.204,38.704,25.0,45.0,60.0,,30.37060000000002,0.61,36.87,,,0,trial
2026-07-07T20:35:22,pid_hot_humid_bursty_r1,pid,hot_humid,bursty,1,41.705,41.405,41.205,38.705,25.0,45.0,60.0,,30.37060000000002,0.61,36.87,,,0,trial
2026-07-07T20:35:22,pid_hot_humid_bursty_r1,pid,hot_humid,bursty,1,41.706,41.406,41.206,38.706,25.0,45.0,60.0,,30.37060000000002,0.61,36.88,,,0,trial
2026-07-07T20:35:22,pid_hot_humid_bursty_r1,pid,hot_humid,bursty,1,41.707,41.407,41.207,38.707,25.0,45.0,60.0,,30.37060000000002,0.61,36.88,,,0,trial
2026-07-07T20:35:22,pid_hot_humid_bursty_r1,pid,hot_humid,bursty,1,41.709,41.409,41.209,38.709,25.0,45.0,60.0,,30.37060000000002,0.61,36.89,,,0,trial
2026-07-07T20:35:22,pid_hot_humid_bursty_r1,pid,hot_humid,bursty,1,41.71,41.41,41.21,38.71,25.0,45.0,60.0,,30.37060000000002,0.61,36.9,,,0,trial
2026-07-07T20:35:22,pid_hot_humid_bursty_r1,pid,hot_humid,bursty,1,41.711,41.411,41.211,38.711,25.0,45.0,60.0,,30.37060000000002,0.61,36.9,,,0,trial
2026-07-07T20:35:22,pid_hot_humid_bursty_r1,pid,hot_humid,bursty,1,41.712,41.412,41.212,38.712,25.0,45.0,60.0,,30.37060000000002,0.61,36.91,,,0,trial
2026-07-07T20:35:22,pid_hot_humid_bursty_r1,pid,hot_humid,bursty,1,41.713,41.413,41.213,38.713,25.0,45.0,60.0,,30.37060000000002,0.61,36.91,,,0,trial
2026-07-07T20:35:22,pid_hot_humid_bursty_r1,pid,hot_humid,bursty,1,41.714,41.414,41.214,38.714,25.0,45.0,60.0,,30.37060000000002,0.61,36.92,,,0,trial
2026-07-07T20:35:22,pid_hot_humid_bursty_r1,pid,hot_humid,bursty,1,41.716,41.416,41.216,38.716,25.0,45.0,60.0,,30.37060000000002,0.61,36.92,,,0,trial
2026-07-07T20:35:22,pid_hot_humid_bursty_r1,pid,hot_humid,bursty,1,41.717,41.417,41.217,38.717,25.0,45.0,60.0,,30.37060000000002,0.61,36.92,,,0,trial
2026-07-07T20:35:22,pid_hot_humid_bursty_r1,pid,hot_humid,bursty,1,41.718,41.418,41.218,38.718,25.0,45.0,60.0,,30.37060000000002,0.61,36.93,,,0,trial
2026-07-07T20:35:22,pid_hot_humid_bursty_r1,pid,hot_humid,bursty,1,41.719,41.419,41.219,38.719,25.0,45.0,60.0,,30.37060000000002,0.61,36.93,,,0,trial
2026-07-07T20:35:22,pid_hot_humid_bursty_r1,pid,hot_humid,bursty,1,41.72,41.42,41.22,38.72,25.0,45.0,60.0,,30.37060000000002,0.61,36.94,,,0,trial
2026-07-07T20:35:22,pid_hot_humid_bursty_r1,pid,hot_humid,bursty,1,41.721,41.421,41.221,38.721,25.0,45.0,60.0,,30.37060000000002,0.61,36.94,,,0,trial
2026-07-07T20:35:22,pid_hot_humid_bursty_r1,pid,hot_humid,bursty,1,41.723,41.423,41.223,38.723,25.0,45.0,60.0,,30.37060000000002,0.61,36.95,,,0,trial
2026-07-07T20:35:22,pid_hot_humid_bursty_r1,pid,hot_humid,bursty,1,41.724,41.424,41.224,38.724,25.0,45.0,60.0,,30.37060000000002,0.61,36.95,,,0,trial
2026-07-07T20:35:22,pid_hot_humid_bursty_r1,pid,hot_humid,bursty,1,41.725,41.425,41.225,38.725,25.0,45.0,60.0,,30.37060000000002,0.61,36.96,,,0,trial
2026-07-07T20:35:22,pid_hot_humid_bursty_r1,pid,hot_humid,bursty,1,41.726,41.426,41.226,38.726,25.0,45.0,60.0,,30.37060000000002,0.61,36.96,,,0,trial
2026-07-07T20:35:22,pid_hot_humid_bursty_r1,pid,hot_humid,bursty,1,41.727,41.427,41.227,38.727,25.0,45.0,60.0,,30.37060000000002,0.61,36.96,,,0,trial
2026-07-07T20:35:22,pid_hot_humid_bursty_r1,pid,hot_humid,bursty,1,41.728,41.428,41.228,38.728,25.0,45.0,60.0,,30.37060000000002,0.61,36.97,,,0,trial
2026-07-07T20:35:22,pid_hot_humid_bursty_r1,pid,hot_humid,bursty,1,41.73,41.43,41.23,38.73,25.0,45.0,60.0,,30.37060000000002,0.61,36.97,,,0,trial
2026-07-07T20:35:22,pid_hot_humid_bursty_r1,pid,hot_humid,bursty,1,41.731,41.431,41.231,38.731,25.0,45.0,60.0,,30.37060000000002,0.61,36.98,,,0,trial
2026-07-07T20:35:22,pid_hot_humid_bursty_r1,pid,hot_humid,bursty,1,41.732,41.432,41.232,38.732,25.0,45.0,60.0,,30.37060000000002,0.61,36.98,,,0,trial
2026-07-07T20:35:22,pid_hot_humid_bursty_r1,pid,hot_humid,bursty,1,41.733,41.433,41.233,38.733,25.0,45.0,60.0,,32.889799999999994,0.66,36.99,,,0,trial
2026-07-07T20:35:22,pid_hot_humid_bursty_r1,pid,hot_humid,bursty,1,41.734,41.434,41.234,38.734,25.0,45.0,60.0,,32.889799999999994,0.66,36.99,,,0,trial
2026-07-07T20:35:22,pid_hot_humid_bursty_r1,pid,hot_humid,bursty,1,41.735,41.435,41.235,38.735,25.0,45.0,60.0,,32.889799999999994,0.66,36.99,,,0,trial
2026-07-07T20:35:22,pid_hot_humid_bursty_r1,pid,hot_humid,bursty,1,41.735,41.435,41.235,38.735,25.0,45.0,60.0,,32.889799999999994,0.66,37.0,,,0,trial
2026-07-07T20:35:22,pid_hot_humid_bursty_r1,pid,hot_humid,bursty,1,41.736,41.436,41.236,38.736,25.0,45.0,60.0,,32.889799999999994,0.66,37.0,,,0,trial
2026-07-07T20:35:22,pid_hot_humid_bursty_r1,pid,hot_humid,bursty,1,41.737,41.437,41.237,38.737,25.0,45.0,60.0,,32.889799999999994,0.66,37.0,,,0,trial
2026-07-07T20:35:22,pid_hot_humid_bursty_r1,pid,hot_humid,bursty,1,41.738,41.438,41.238,38.738,25.0,45.0,60.0,,32.889799999999994,0.66,37.01,,,0,trial
2026-07-07T20:35:22,pid_hot_humid_bursty_r1,pid,hot_humid,bursty,1,41.739,41.439,41.239,38.739,25.0,45.0,60.0,,32.889799999999994,0.66,37.01,,,0,trial
2026-07-07T20:35:22,pid_hot_humid_bursty_r1,pid,hot_humid,bursty,1,41.74,41.44,41.24,38.74,25.0,45.0,60.0,,32.889799999999994,0.66,37.01,,,0,trial
2026-07-07T20:35:22,pid_hot_humid_bursty_r1,pid,hot_humid,bursty,1,41.741,41.441,41.241,38.741,25.0,45.0,60.0,,32.889799999999994,0.66,37.02,,,0,trial
2026-07-07T20:35:22,pid_hot_humid_bursty_r1,pid,hot_humid,bursty,1,41.741,41.441,41.241,38.741,25.0,45.0,60.0,,32.889799999999994,0.66,37.02,,,0,trial
2026-07-07T20:35:22,pid_hot_humid_bursty_r1,pid,hot_humid,bursty,1,41.742,41.442,41.242,38.742,25.0,45.0,60.0,,32.889799999999994,0.66,37.02,,,0,trial
2026-07-07T20:35:22,pid_hot_humid_bursty_r1,pid,hot_humid,bursty,1,41.743,41.443,41.243,38.743,25.0,45.0,60.0,,32.889799999999994,0.66,37.03,,,0,trial
2026-07-07T20:35:22,pid_hot_humid_bursty_r1,pid,hot_humid,bursty,1,41.744,41.444,41.244,38.744,25.0,45.0,60.0,,32.889799999999994,0.66,37.03,,,0,trial
2026-07-07T20:35:22,pid_hot_humid_bursty_r1,pid,hot_humid,bursty,1,41.745,41.445,41.245,38.745,25.0,45.0,60.0,,32.889799999999994,0.66,37.03,,,0,trial
2026-07-07T20:35:22,pid_hot_humid_bursty_r1,pid,hot_humid,bursty,1,41.746,41.446,41.246,38.746,25.0,45.0,60.0,,32.889799999999994,0.66,37.04,,,0,trial
2026-07-07T20:35:22,pid_hot_humid_bursty_r1,pid,hot_humid,bursty,1,41.747,41.447,41.247,38.747,25.0,45.0,60.0,,32.889799999999994,0.66,37.04,,,0,trial
2026-07-07T20:35:22,pid_hot_humid_bursty_r1,pid,hot_humid,bursty,1,41.748,41.448,41.248,38.748,25.0,45.0,60.0,,32.889799999999994,0.66,37.04,,,0,trial
2026-07-07T20:35:22,pid_hot_humid_bursty_r1,pid,hot_humid,bursty,1,41.748,41.448,41.248,38.748,25.0,45.0,60.0,,32.889799999999994,0.66,37.04,,,0,trial
2026-07-07T20:35:22,pid_hot_humid_bursty_r1,pid,hot_humid,bursty,1,41.749,41.449,41.249,38.749,25.0,45.0,60.0,,32.889799999999994,0.66,37.05,,,0,trial
2026-07-07T20:35:22,pid_hot_humid_bursty_r1,pid,hot_humid,bursty,1,41.75,41.45,41.25,38.75,25.0,45.0,60.0,,32.889799999999994,0.66,37.05,,,0,trial
2026-07-07T20:35:22,pid_hot_humid_bursty_r1,pid,hot_humid,bursty,1,41.751,41.451,41.251,38.751,25.0,45.0,60.0,,32.889799999999994,0.66,37.05,,,0,trial
2026-07-07T20:35:22,pid_hot_humid_bursty_r1,pid,hot_humid,bursty,1,41.752,41.452,41.252,38.752,25.0,45.0,60.0,,32.889799999999994,0.66,37.05,,,0,trial
2026-07-07T20:35:22,pid_hot_humid_bursty_r1,pid,hot_humid,bursty,1,41.753,41.453,41.253,38.753,25.0,45.0,60.0,,32.889799999999994,0.66,37.06,,,0,trial
2026-07-07T20:35:22,pid_hot_humid_bursty_r1,pid,hot_humid,bursty,1,41.754,41.454,41.254,38.754,25.0,45.0,60.0,,32.889799999999994,0.66,37.06,,,0,trial
2026-07-07T20:35:22,pid_hot_humid_bursty_r1,pid,hot_humid,bursty,1,41.755,41.455,41.255,38.755,25.0,45.0,60.0,,32.889799999999994,0.66,37.06,,,0,trial
2026-07-07T20:35:22,pid_hot_humid_bursty_r1,pid,hot_humid,bursty,1,41.755,41.455,41.255,38.755,25.0,45.0,60.0,,32.889799999999994,0.66,37.06,,,0,trial
2026-07-07T20:35:22,pid_hot_humid_bursty_r1,pid,hot_humid,bursty,1,41.756,41.456,41.256,38.756,25.0,45.0,60.0,,32.889799999999994,0.66,37.07,,,0,trial
2026-07-07T20:35:22,pid_hot_humid_bursty_r1,pid,hot_humid,bursty,1,41.757,41.457,41.257,38.757,25.0,45.0,60.0,,32.889799999999994,0.66,37.07,,,0,trial
2026-07-07T20:35:22,pid_hot_humid_bursty_r1,pid,hot_humid,bursty,1,41.758,41.458,41.258,38.758,25.0,45.0,60.0,,32.889799999999994,0.66,37.07,,,0,trial
2026-07-07T20:35:22,pid_hot_humid_bursty_r1,pid,hot_humid,bursty,1,41.759,41.459,41.259,38.759,25.0,45.0,60.0,,35.352600000000024,0.71,37.07,,,0,trial
2026-07-07T20:35:22,pid_hot_humid_bursty_r1,pid,hot_humid,bursty,1,41.759,41.459,41.259,38.759,25.0,45.0,60.0,,35.352600000000024,0.71,37.07,,,0,trial
2026-07-07T20:35:22,pid_hot_humid_bursty_r1,pid,hot_humid,bursty,1,41.76,41.46,41.26,38.76,25.0,45.0,60.0,,35.352600000000024,0.71,37.08,,,0,trial
2026-07-07T20:35:22,pid_hot_humid_bursty_r1,pid,hot_humid,bursty,1,41.76,41.46,41.26,38.76,25.0,45.0,60.0,,35.352600000000024,0.71,37.08,,,0,trial
2026-07-07T20:35:22,pid_hot_humid_bursty_r1,pid,hot_humid,bursty,1,41.761,41.461,41.261,38.761,25.0,45.0,60.0,,35.352600000000024,0.71,37.08,,,0,trial
2026-07-07T20:35:22,pid_hot_humid_bursty_r1,pid,hot_humid,bursty,1,41.762,41.462,41.262,38.762,25.0,45.0,60.0,,35.352600000000024,0.71,37.08,,,0,trial
2026-07-07T20:35:22,pid_hot_humid_bursty_r1,pid,hot_humid,bursty,1,41.762,41.462,41.262,38.762,25.0,45.0,60.0,,35.352600000000024,0.71,37.08,,,0,trial
2026-07-07T20:35:22,pid_hot_humid_bursty_r1,pid,hot_humid,bursty,1,41.763,41.463,41.263,38.763,25.0,45.0,60.0,,35.352600000000024,0.71,37.08,,,0,trial
2026-07-07T20:35:22,pid_hot_humid_bursty_r1,pid,hot_humid,bursty,1,41.763,41.463,41.263,38.763,25.0,45.0,60.0,,35.352600000000024,0.71,37.09,,,0,trial
2026-07-07T20:35:22,pid_hot_humid_bursty_r1,pid,hot_humid,bursty,1,41.764,41.464,41.264,38.764,25.0,45.0,60.0,,35.352600000000024,0.71,37.09,,,0,trial
2026-07-07T20:35:22,pid_hot_humid_bursty_r1,pid,hot_humid,bursty,1,41.765,41.465,41.265,38.765,25.0,45.0,60.0,,35.352600000000024,0.71,37.09,,,0,trial
2026-07-07T20:35:22,pid_hot_humid_bursty_r1,pid,hot_humid,bursty,1,41.765,41.465,41.265,38.765,25.0,45.0,60.0,,35.352600000000024,0.71,37.09,,,0,trial
2026-07-07T20:35:22,pid_hot_humid_bursty_r1,pid,hot_humid,bursty,1,41.766,41.466,41.266,38.766,25.0,45.0,60.0,,35.352600000000024,0.71,37.09,,,0,trial
2026-07-07T20:35:22,pid_hot_humid_bursty_r1,pid,hot_humid,bursty,1,41.766,41.466,41.266,38.766,25.0,45.0,60.0,,35.352600000000024,0.71,37.09,,,0,trial
2026-07-07T20:35:22,pid_hot_humid_bursty_r1,pid,hot_humid,bursty,1,41.767,41.467,41.267,38.767,25.0,45.0,60.0,,35.352600000000024,0.71,37.09,,,0,trial
2026-07-07T20:35:22,pid_hot_humid_bursty_r1,pid,hot_humid,bursty,1,41.767,41.467,41.267,38.767,25.0,45.0,60.0,,35.352600000000024,0.71,37.09,,,0,trial
2026-07-07T20:35:22,pid_hot_humid_bursty_r1,pid,hot_humid,bursty,1,41.768,41.468,41.268,38.768,25.0,45.0,60.0,,35.352600000000024,0.71,37.09,,,0,trial
2026-07-07T20:35:22,pid_hot_humid_bursty_r1,pid,hot_humid,bursty,1,41.769,41.469,41.269,38.769,25.0,45.0,60.0,,35.352600000000024,0.71,37.1,,,0,trial
2026-07-07T20:35:22,pid_hot_humid_bursty_r1,pid,hot_humid,bursty,1,41.769,41.469,41.269,38.769,25.0,45.0,60.0,,35.352600000000024,0.71,37.1,,,0,trial
2026-07-07T20:35:22,pid_hot_humid_bursty_r1,pid,hot_humid,bursty,1,41.77,41.47,41.27,38.77,25.0,45.0,60.0,,35.352600000000024,0.71,37.1,,,0,trial
2026-07-07T20:35:22,pid_hot_humid_bursty_r1,pid,hot_humid,bursty,1,41.77,41.47,41.27,38.77,25.0,45.0,60.0,,35.352600000000024,0.71,37.1,,,0,trial
2026-07-07T20:35:22,pid_hot_humid_bursty_r1,pid,hot_humid,bursty,1,41.771,41.471,41.271,38.771,25.0,45.0,60.0,,35.352600000000024,0.71,37.1,,,0,trial
2026-07-07T20:35:22,pid_hot_humid_bursty_r1,pid,hot_humid,bursty,1,41.772,41.472,41.272,38.772,25.0,45.0,60.0,,35.352600000000024,0.71,37.1,,,0,trial
2026-07-07T20:35:22,pid_hot_humid_bursty_r1,pid,hot_humid,bursty,1,41.772,41.472,41.272,38.772,25.0,45.0,60.0,,35.352600000000024,0.71,37.1,,,0,trial
2026-07-07T20:35:22,pid_hot_humid_bursty_r1,pid,hot_humid,bursty,1,41.773,41.473,41.273,38.773,25.0,45.0,60.0,,35.352600000000024,0.71,37.1,,,0,trial
2026-07-07T20:35:22,pid_hot_humid_bursty_r1,pid,hot_humid,bursty,1,41.773,41.473,41.273,38.773,25.0,45.0,60.0,,35.352600000000024,0.71,37.1,,,0,trial
2026-07-07T20:35:22,pid_hot_humid_bursty_r1,pid,hot_humid,bursty,1,41.774,41.474,41.274,38.774,25.0,45.0,60.0,,35.352600000000024,0.71,37.1,,,0,trial
2026-07-07T20:35:22,pid_hot_humid_bursty_r1,pid,hot_humid,bursty,1,41.775,41.475,41.275,38.775,25.0,45.0,60.0,,35.352600000000024,0.71,37.1,,,0,trial
2026-07-07T20:35:22,pid_hot_humid_bursty_r1,pid,hot_humid,bursty,1,41.775,41.475,41.275,38.775,25.0,45.0,60.0,,35.352600000000024,0.71,37.1,,,0,trial
2026-07-07T20:35:22,pid_hot_humid_bursty_r1,pid,hot_humid,bursty,1,41.776,41.476,41.276,38.776,25.0,45.0,60.0,,35.352600000000024,0.71,37.1,,,0,trial
2026-07-07T20:35:22,pid_hot_humid_bursty_r1,pid,hot_humid,bursty,1,41.776,41.476,41.276,38.776,25.0,45.0,60.0,,37.76220000000003,0.76,37.1,,,0,trial
2026-07-07T20:35:22,pid_hot_humid_bursty_r1,pid,hot_humid,bursty,1,41.776,41.476,41.276,38.776,25.0,45.0,60.0,,37.76220000000003,0.76,37.1,,,0,trial
2026-07-07T20:35:22,pid_hot_humid_bursty_r1,pid,hot_humid,bursty,1,41.777,41.477,41.277,38.777,25.0,45.0,60.0,,37.76220000000003,0.76,37.1,,,0,trial
2026-07-07T20:35:22,pid_hot_humid_bursty_r1,pid,hot_humid,bursty,1,41.777,41.477,41.277,38.777,25.0,45.0,60.0,,37.76220000000003,0.76,37.1,,,0,trial
2026-07-07T20:35:22,pid_hot_humid_bursty_r1,pid,hot_humid,bursty,1,41.777,41.477,41.277,38.777,25.0,45.0,60.0,,37.76220000000003,0.76,37.1,,,0,trial
2026-07-07T20:35:22,pid_hot_humid_bursty_r1,pid,hot_humid,bursty,1,41.778,41.478,41.278,38.778,25.0,45.0,60.0,,37.76220000000003,0.76,37.1,,,0,trial
2026-07-07T20:35:22,pid_hot_humid_bursty_r1,pid,hot_humid,bursty,1,41.778,41.478,41.278,38.778,25.0,45.0,60.0,,37.76220000000003,0.76,37.1,,,0,trial
2026-07-07T20:35:22,pid_hot_humid_bursty_r1,pid,hot_humid,bursty,1,41.778,41.478,41.278,38.778,25.0,45.0,60.0,,37.76220000000003,0.76,37.1,,,0,trial
2026-07-07T20:35:22,pid_hot_humid_bursty_r1,pid,hot_humid,bursty,1,41.779,41.479,41.279,38.779,25.0,45.0,60.0,,37.76220000000003,0.76,37.1,,,0,trial
2026-07-07T20:35:22,pid_hot_humid_bursty_r1,pid,hot_humid,bursty,1,41.779,41.479,41.279,38.779,25.0,45.0,60.0,,37.76220000000003,0.76,37.1,,,0,trial
2026-07-07T20:35:22,pid_hot_humid_bursty_r1,pid,hot_humid,bursty,1,41.779,41.479,41.279,38.779,25.0,45.0,60.0,,37.76220000000003,0.76,37.1,,,0,trial
2026-07-07T20:35:22,pid_hot_humid_bursty_r1,pid,hot_humid,bursty,1,41.78,41.48,41.28,38.78,25.0,45.0,60.0,,37.76220000000003,0.76,37.1,,,0,trial
2026-07-07T20:35:22,pid_hot_humid_bursty_r1,pid,hot_humid,bursty,1,41.78,41.48,41.28,38.78,25.0,45.0,60.0,,37.76220000000003,0.76,37.09,,,0,trial
2026-07-07T20:35:22,pid_hot_humid_bursty_r1,pid,hot_humid,bursty,1,41.78,41.48,41.28,38.78,25.0,45.0,60.0,,37.76220000000003,0.76,37.09,,,0,trial
2026-07-07T20:35:22,pid_hot_humid_bursty_r1,pid,hot_humid,bursty,1,41.781,41.481,41.281,38.781,25.0,45.0,60.0,,37.76220000000003,0.76,37.09,,,0,trial
2026-07-07T20:35:22,pid_hot_humid_bursty_r1,pid,hot_humid,bursty,1,41.781,41.481,41.281,38.781,25.0,45.0,60.0,,37.76220000000003,0.76,37.09,,,0,trial
2026-07-07T20:35:22,pid_hot_humid_bursty_r1,pid,hot_humid,bursty,1,41.781,41.481,41.281,38.781,25.0,45.0,60.0,,37.76220000000003,0.76,37.09,,,0,trial
2026-07-07T20:35:22,pid_hot_humid_bursty_r1,pid,hot_humid,bursty,1,41.782,41.482,41.282,38.782,25.0,45.0,60.0,,37.76220000000003,0.76,37.09,,,0,trial
2026-07-07T20:35:22,pid_hot_humid_bursty_r1,pid,hot_humid,bursty,1,41.782,41.482,41.282,38.782,25.0,45.0,60.0,,37.76220000000003,0.76,37.09,,,0,trial
2026-07-07T20:35:22,pid_hot_humid_bursty_r1,pid,hot_humid,bursty,1,41.782,41.482,41.282,38.782,25.0,45.0,60.0,,37.76220000000003,0.76,37.09,,,0,trial
2026-07-07T20:35:22,pid_hot_humid_bursty_r1,pid,hot_humid,bursty,1,41.782,41.482,41.282,38.782,25.0,45.0,60.0,,37.76220000000003,0.76,37.09,,,0,trial
2026-07-07T20:35:22,pid_hot_humid_bursty_r1,pid,hot_humid,bursty,1,41.783,41.483,41.283,38.783,25.0,45.0,60.0,,37.76220000000003,0.76,37.08,,,0,trial
2026-07-07T20:35:22,pid_hot_humid_bursty_r1,pid,hot_humid,bursty,1,41.783,41.483,41.283,38.783,25.0,45.0,60.0,,37.76220000000003,0.76,37.08,,,0,trial
2026-07-07T20:35:22,pid_hot_humid_bursty_r1,pid,hot_humid,bursty,1,41.783,41.483,41.283,38.783,25.0,45.0,60.0,,37.76220000000003,0.76,37.08,,,0,trial
2026-07-07T20:35:22,pid_hot_humid_bursty_r1,pid,hot_humid,bursty,1,41.784,41.484,41.284,38.784,25.0,45.0,60.0,,37.76220000000003,0.76,37.08,,,0,trial
2026-07-07T20:35:22,pid_hot_humid_bursty_r1,pid,hot_humid,bursty,1,41.784,41.484,41.284,38.784,25.0,45.0,60.0,,37.76220000000003,0.76,37.08,,,0,trial
2026-07-07T20:35:22,pid_hot_humid_bursty_r1,pid,hot_humid,bursty,1,41.784,41.484,41.284,38.784,25.0,45.0,60.0,,37.76220000000003,0.76,37.08,,,0,trial
2026-07-07T20:35:22,pid_hot_humid_bursty_r1,pid,hot_humid,bursty,1,41.785,41.485,41.285,38.785,25.0,45.0,60.0,,37.76220000000003,0.76,37.07,,,0,trial
2026-07-07T20:35:22,pid_hot_humid_bursty_r1,pid,hot_humid,bursty,1,41.785,41.485,41.285,38.785,25.0,45.0,60.0,,37.76220000000003,0.76,37.07,,,0,trial
2026-07-07T20:35:22,pid_hot_humid_bursty_r1,pid,hot_humid,bursty,1,41.796,41.496,41.296,38.796,25.0,45.0,140.0,,37.76220000000003,0.76,37.07,,,0,trial
2026-07-07T20:35:22,pid_hot_humid_bursty_r1,pid,hot_humid,bursty,1,41.806,41.506,41.306,38.806,25.0,45.0,140.0,,40.199799999999996,0.8,37.07,,,0,trial
2026-07-07T20:35:22,pid_hot_humid_bursty_r1,pid,hot_humid,bursty,1,41.817,41.517,41.317,38.817,25.0,45.0,140.0,,40.199799999999996,0.8,37.07,,,0,trial
2026-07-07T20:35:22,pid_hot_humid_bursty_r1,pid,hot_humid,bursty,1,41.828,41.528,41.328,38.828,25.0,45.0,140.0,,40.199799999999996,0.8,37.06,,,0,trial
2026-07-07T20:35:22,pid_hot_humid_bursty_r1,pid,hot_humid,bursty,1,41.838,41.538,41.338,38.838,25.0,45.0,140.0,,40.199799999999996,0.8,37.06,,,0,trial
2026-07-07T20:35:22,pid_hot_humid_bursty_r1,pid,hot_humid,bursty,1,41.849,41.549,41.349,38.849,25.0,45.0,140.0,,40.199799999999996,0.8,37.06,,,0,trial
2026-07-07T20:35:22,pid_hot_humid_bursty_r1,pid,hot_humid,bursty,1,41.859,41.559,41.359,38.859,25.0,45.0,140.0,,40.199799999999996,0.8,37.06,,,0,trial
2026-07-07T20:35:22,pid_hot_humid_bursty_r1,pid,hot_humid,bursty,1,41.87,41.57,41.37,38.87,25.0,45.0,140.0,,40.199799999999996,0.8,37.05,,,0,trial
2026-07-07T20:35:22,pid_hot_humid_bursty_r1,pid,hot_humid,bursty,1,41.88,41.58,41.38,38.88,25.0,45.0,140.0,,40.199799999999996,0.8,37.05,,,0,trial
2026-07-07T20:35:22,pid_hot_humid_bursty_r1,pid,hot_humid,bursty,1,41.891,41.591,41.391,38.891,25.0,45.0,140.0,,40.199799999999996,0.8,37.05,,,0,trial
2026-07-07T20:35:22,pid_hot_humid_bursty_r1,pid,hot_humid,bursty,1,41.901,41.601,41.401,38.901,25.0,45.0,140.0,,40.199799999999996,0.8,37.05,,,0,trial
2026-07-07T20:35:22,pid_hot_humid_bursty_r1,pid,hot_humid,bursty,1,41.912,41.612,41.412,38.912,25.0,45.0,140.0,,40.199799999999996,0.8,37.04,,,0,trial
2026-07-07T20:35:22,pid_hot_humid_bursty_r1,pid,hot_humid,bursty,1,41.923,41.623,41.423,38.923,25.0,45.0,140.0,,40.199799999999996,0.8,37.04,,,0,trial
2026-07-07T20:35:22,pid_hot_humid_bursty_r1,pid,hot_humid,bursty,1,41.933,41.633,41.433,38.933,25.0,45.0,140.0,,40.199799999999996,0.8,37.04,,,0,trial
2026-07-07T20:35:22,pid_hot_humid_bursty_r1,pid,hot_humid,bursty,1,41.944,41.644,41.444,38.944,25.0,45.0,140.0,,40.199799999999996,0.8,37.04,,,0,trial
2026-07-07T20:35:22,pid_hot_humid_bursty_r1,pid,hot_humid,bursty,1,41.954,41.654,41.454,38.954,25.0,45.0,140.0,,40.199799999999996,0.8,37.03,,,0,trial
2026-07-07T20:35:22,pid_hot_humid_bursty_r1,pid,hot_humid,bursty,1,41.965,41.665,41.465,38.965,25.0,45.0,140.0,,40.199799999999996,0.8,37.03,,,0,trial
2026-07-07T20:35:22,pid_hot_humid_bursty_r1,pid,hot_humid,bursty,1,41.975,41.675,41.475,38.975,25.0,45.0,140.0,,40.199799999999996,0.8,37.03,,,0,trial
2026-07-07T20:35:22,pid_hot_humid_bursty_r1,pid,hot_humid,bursty,1,41.986,41.686,41.486,38.986,25.0,45.0,140.0,,40.199799999999996,0.8,37.02,,,0,trial
2026-07-07T20:35:22,pid_hot_humid_bursty_r1,pid,hot_humid,bursty,1,41.996,41.696,41.496,38.996,25.0,45.0,140.0,,40.199799999999996,0.8,37.02,,,0,trial
2026-07-07T20:35:22,pid_hot_humid_bursty_r1,pid,hot_humid,bursty,1,42.007,41.707,41.507,39.007,25.0,45.0,140.0,,40.199799999999996,0.8,37.02,,,0,trial
2026-07-07T20:35:22,pid_hot_humid_bursty_r1,pid,hot_humid,bursty,1,42.017,41.717,41.517,39.017,25.0,45.0,140.0,,40.199799999999996,0.8,37.01,,,0,trial
2026-07-07T20:35:22,pid_hot_humid_bursty_r1,pid,hot_humid,bursty,1,42.028,41.728,41.528,39.028,25.0,45.0,140.0,,40.199799999999996,0.8,37.01,,,0,trial
2026-07-07T20:35:22,pid_hot_humid_bursty_r1,pid,hot_humid,bursty,1,42.038,41.738,41.538,39.038,25.0,45.0,140.0,,40.199799999999996,0.8,37.01,,,0,trial
2026-07-07T20:35:22,pid_hot_humid_bursty_r1,pid,hot_humid,bursty,1,42.048,41.748,41.548,39.048,25.0,45.0,140.0,,40.199799999999996,0.8,37.0,,,0,trial
2026-07-07T20:35:22,pid_hot_humid_bursty_r1,pid,hot_humid,bursty,1,42.059,41.759,41.559,39.059,25.0,45.0,140.0,,40.199799999999996,0.8,37.0,,,0,trial
2026-07-07T20:35:22,pid_hot_humid_bursty_r1,pid,hot_humid,bursty,1,42.069,41.769,41.569,39.069,25.0,45.0,140.0,,40.199799999999996,0.8,37.0,,,0,trial
2026-07-07T20:35:22,pid_hot_humid_bursty_r1,pid,hot_humid,bursty,1,42.08,41.78,41.58,39.08,25.0,45.0,140.0,,40.199799999999996,0.8,36.99,,,0,trial
2026-07-07T20:35:22,pid_hot_humid_bursty_r1,pid,hot_humid,bursty,1,42.09,41.79,41.59,39.09,25.0,45.0,140.0,,40.199799999999996,0.8,36.99,,,0,trial
2026-07-07T20:35:22,pid_hot_humid_bursty_r1,pid,hot_humid,bursty,1,42.101,41.801,41.601,39.101,25.0,45.0,140.0,,40.199799999999996,0.8,36.99,,,0,trial
2026-07-07T20:35:22,pid_hot_humid_bursty_r1,pid,hot_humid,bursty,1,42.111,41.811,41.611,39.111,25.0,45.0,140.0,,40.199799999999996,0.8,36.98,,,0,trial
2026-07-07T20:35:22,pid_hot_humid_bursty_r1,pid,hot_humid,bursty,1,42.121,41.821,41.621,39.121,25.0,45.0,140.0,,42.88799999999998,0.86,36.98,,,0,trial
2026-07-07T20:35:22,pid_hot_humid_bursty_r1,pid,hot_humid,bursty,1,42.131,41.831,41.631,39.131,25.0,45.0,140.0,,42.88799999999998,0.86,36.97,,,0,trial
2026-07-07T20:35:22,pid_hot_humid_bursty_r1,pid,hot_humid,bursty,1,42.142,41.842,41.642,39.142,25.0,45.0,140.0,,42.88799999999998,0.86,36.97,,,0,trial
2026-07-07T20:35:22,pid_hot_humid_bursty_r1,pid,hot_humid,bursty,1,42.152,41.852,41.652,39.152,25.0,45.0,140.0,,42.88799999999998,0.86,36.96,,,0,trial
2026-07-07T20:35:22,pid_hot_humid_bursty_r1,pid,hot_humid,bursty,1,42.162,41.862,41.662,39.162,25.0,45.0,140.0,,42.88799999999998,0.86,36.96,,,0,trial
2026-07-07T20:35:22,pid_hot_humid_bursty_r1,pid,hot_humid,bursty,1,42.172,41.872,41.672,39.172,25.0,45.0,140.0,,42.88799999999998,0.86,36.96,,,0,trial
2026-07-07T20:35:22,pid_hot_humid_bursty_r1,pid,hot_humid,bursty,1,42.182,41.882,41.682,39.182,25.0,45.0,140.0,,42.88799999999998,0.86,36.95,,,0,trial
2026-07-07T20:35:22,pid_hot_humid_bursty_r1,pid,hot_humid,bursty,1,42.192,41.892,41.692,39.192,25.0,45.0,140.0,,42.88799999999998,0.86,36.95,,,0,trial
2026-07-07T20:35:22,pid_hot_humid_bursty_r1,pid,hot_humid,bursty,1,42.202,41.902,41.702,39.202,25.0,45.0,140.0,,42.88799999999998,0.86,36.94,,,0,trial
2026-07-07T20:35:22,pid_hot_humid_bursty_r1,pid,hot_humid,bursty,1,42.212,41.912,41.712,39.212,25.0,45.0,140.0,,42.88799999999998,0.86,36.94,,,0,trial
2026-07-07T20:35:22,pid_hot_humid_bursty_r1,pid,hot_humid,bursty,1,42.223,41.923,41.723,39.223,25.0,45.0,140.0,,42.88799999999998,0.86,36.93,,,0,trial
2026-07-07T20:35:22,pid_hot_humid_bursty_r1,pid,hot_humid,bursty,1,42.233,41.933,41.733,39.233,25.0,45.0,140.0,,42.88799999999998,0.86,36.93,,,0,trial
2026-07-07T20:35:22,pid_hot_humid_bursty_r1,pid,hot_humid,bursty,1,42.243,41.943,41.743,39.243,25.0,45.0,140.0,,42.88799999999998,0.86,36.92,,,0,trial
2026-07-07T20:35:22,pid_hot_humid_bursty_r1,pid,hot_humid,bursty,1,42.253,41.953,41.753,39.253,25.0,45.0,140.0,,42.88799999999998,0.86,36.92,,,0,trial
2026-07-07T20:35:22,pid_hot_humid_bursty_r1,pid,hot_humid,bursty,1,42.263,41.963,41.763,39.263,25.0,45.0,140.0,,42.88799999999998,0.86,36.92,,,0,trial
2026-07-07T20:35:22,pid_hot_humid_bursty_r1,pid,hot_humid,bursty,1,42.273,41.973,41.773,39.273,25.0,45.0,140.0,,42.88799999999998,0.86,36.91,,,0,trial
2026-07-07T20:35:22,pid_hot_humid_bursty_r1,pid,hot_humid,bursty,1,42.283,41.983,41.783,39.283,25.0,45.0,140.0,,42.88799999999998,0.86,36.91,,,0,trial
2026-07-07T20:35:22,pid_hot_humid_bursty_r1,pid,hot_humid,bursty,1,42.293,41.993,41.793,39.293,25.0,45.0,140.0,,42.88799999999998,0.86,36.9,,,0,trial
2026-07-07T20:35:22,pid_hot_humid_bursty_r1,pid,hot_humid,bursty,1,42.303,42.003,41.803,39.303,25.0,45.0,140.0,,42.88799999999998,0.86,36.9,,,0,trial
2026-07-07T20:35:22,pid_hot_humid_bursty_r1,pid,hot_humid,bursty,1,42.313,42.013,41.813,39.313,25.0,45.0,140.0,,42.88799999999998,0.86,36.89,,,0,trial
2026-07-07T20:35:22,pid_hot_humid_bursty_r1,pid,hot_humid,bursty,1,42.323,42.023,41.823,39.323,25.0,45.0,140.0,,42.88799999999998,0.86,36.88,,,0,trial
2026-07-07T20:35:22,pid_hot_humid_bursty_r1,pid,hot_humid,bursty,1,42.333,42.033,41.833,39.333,25.0,45.0,140.0,,42.88799999999998,0.86,36.88,,,0,trial
2026-07-07T20:35:22,pid_hot_humid_bursty_r1,pid,hot_humid,bursty,1,42.343,42.043,41.843,39.343,25.0,45.0,140.0,,42.88799999999998,0.86,36.87,,,0,trial
2026-07-07T20:35:22,pid_hot_humid_bursty_r1,pid,hot_humid,bursty,1,42.353,42.053,41.853,39.353,25.0,45.0,140.0,,42.88799999999998,0.86,36.87,,,0,trial
2026-07-07T20:35:22,pid_hot_humid_bursty_r1,pid,hot_humid,bursty,1,42.363,42.063,41.863,39.363,25.0,45.0,140.0,,42.88799999999998,0.86,36.86,,,0,trial
2026-07-07T20:35:22,pid_hot_humid_bursty_r1,pid,hot_humid,bursty,1,42.373,42.073,41.873,39.373,25.0,45.0,140.0,,42.88799999999998,0.86,36.86,,,0,trial
2026-07-07T20:35:22,pid_hot_humid_bursty_r1,pid,hot_humid,bursty,1,42.383,42.083,41.883,39.383,25.0,45.0,140.0,,42.88799999999998,0.86,36.85,,,0,trial
2026-07-07T20:35:22,pid_hot_humid_bursty_r1,pid,hot_humid,bursty,1,42.393,42.093,41.893,39.393,25.0,45.0,140.0,,42.88799999999998,0.86,36.85,,,0,trial
2026-07-07T20:35:22,pid_hot_humid_bursty_r1,pid,hot_humid,bursty,1,42.403,42.103,41.903,39.403,25.0,45.0,140.0,,42.88799999999998,0.86,36.84,,,0,trial
2026-07-07T20:35:22,pid_hot_humid_bursty_r1,pid,hot_humid,bursty,1,42.413,42.113,41.913,39.413,25.0,45.0,140.0,,42.88799999999998,0.86,36.84,,,0,trial
2026-07-07T20:35:22,pid_hot_humid_bursty_r1,pid,hot_humid,bursty,1,42.423,42.123,41.923,39.423,25.0,45.0,140.0,,45.303999999999974,0.91,36.83,,,0,trial
2026-07-07T20:35:22,pid_hot_humid_bursty_r1,pid,hot_humid,bursty,1,42.433,42.133,41.933,39.433,25.0,45.0,140.0,,45.303999999999974,0.91,36.82,,,0,trial
2026-07-07T20:35:22,pid_hot_humid_bursty_r1,pid,hot_humid,bursty,1,42.443,42.143,41.943,39.443,25.0,45.0,140.0,,45.303999999999974,0.91,36.82,,,0,trial
2026-07-07T20:35:22,pid_hot_humid_bursty_r1,pid,hot_humid,bursty,1,42.452,42.152,41.952,39.452,25.0,45.0,140.0,,45.303999999999974,0.91,36.81,,,0,trial
2026-07-07T20:35:22,pid_hot_humid_bursty_r1,pid,hot_humid,bursty,1,42.462,42.162,41.962,39.462,25.0,45.0,140.0,,45.303999999999974,0.91,36.81,,,0,trial
2026-07-07T20:35:22,pid_hot_humid_bursty_r1,pid,hot_humid,bursty,1,42.472,42.172,41.972,39.472,25.0,45.0,140.0,,45.303999999999974,0.91,36.8,,,0,trial
2026-07-07T20:35:22,pid_hot_humid_bursty_r1,pid,hot_humid,bursty,1,42.482,42.182,41.982,39.482,25.0,45.0,140.0,,45.303999999999974,0.91,36.79,,,0,trial
2026-07-07T20:35:22,pid_hot_humid_bursty_r1,pid,hot_humid,bursty,1,42.491,42.191,41.991,39.491,25.0,45.0,140.0,,45.303999999999974,0.91,36.79,,,0,trial
2026-07-07T20:35:22,pid_hot_humid_bursty_r1,pid,hot_humid,bursty,1,42.501,42.201,42.001,39.501,25.0,45.0,140.0,,45.303999999999974,0.91,36.78,,,0,trial
2026-07-07T20:35:22,pid_hot_humid_bursty_r1,pid,hot_humid,bursty,1,42.511,42.211,42.011,39.511,25.0,45.0,140.0,,45.303999999999974,0.91,36.77,,,0,trial
2026-07-07T20:35:22,pid_hot_humid_bursty_r1,pid,hot_humid,bursty,1,42.52,42.22,42.02,39.52,25.0,45.0,140.0,,45.303999999999974,0.91,36.77,,,0,trial
2026-07-07T20:35:22,pid_hot_humid_bursty_r1,pid,hot_humid,bursty,1,42.53,42.23,42.03,39.53,25.0,45.0,140.0,,45.303999999999974,0.91,36.76,,,0,trial
2026-07-07T20:35:22,pid_hot_humid_bursty_r1,pid,hot_humid,bursty,1,42.54,42.24,42.04,39.54,25.0,45.0,140.0,,45.303999999999974,0.91,36.76,,,0,trial
2026-07-07T20:35:22,pid_hot_humid_bursty_r1,pid,hot_humid,bursty,1,42.549,42.249,42.049,39.549,25.0,45.0,140.0,,45.303999999999974,0.91,36.75,,,0,trial
2026-07-07T20:35:22,pid_hot_humid_bursty_r1,pid,hot_humid,bursty,1,42.559,42.259,42.059,39.559,25.0,45.0,140.0,,45.303999999999974,0.91,36.74,,,0,trial
2026-07-07T20:35:22,pid_hot_humid_bursty_r1,pid,hot_humid,bursty,1,42.569,42.269,42.069,39.569,25.0,45.0,140.0,,45.303999999999974,0.91,36.74,,,0,trial
2026-07-07T20:35:22,pid_hot_humid_bursty_r1,pid,hot_humid,bursty,1,42.578,42.278,42.078,39.578,25.0,45.0,140.0,,45.303999999999974,0.91,36.73,,,0,trial
2026-07-07T20:35:22,pid_hot_humid_bursty_r1,pid,hot_humid,bursty,1,42.588,42.288,42.088,39.588,25.0,45.0,140.0,,45.303999999999974,0.91,36.72,,,0,trial
2026-07-07T20:35:22,pid_hot_humid_bursty_r1,pid,hot_humid,bursty,1,42.598,42.298,42.098,39.598,25.0,45.0,140.0,,45.303999999999974,0.91,36.72,,,0,trial
2026-07-07T20:35:22,pid_hot_humid_bursty_r1,pid,hot_humid,bursty,1,42.607,42.307,42.107,39.607,25.0,45.0,140.0,,45.303999999999974,0.91,36.71,,,0,trial
2026-07-07T20:35:22,pid_hot_humid_bursty_r1,pid,hot_humid,bursty,1,42.617,42.317,42.117,39.617,25.0,45.0,140.0,,45.303999999999974,0.91,36.7,,,0,trial
2026-07-07T20:35:22,pid_hot_humid_bursty_r1,pid,hot_humid,bursty,1,42.627,42.327,42.127,39.627,25.0,45.0,140.0,,45.303999999999974,0.91,36.69,,,0,trial
2026-07-07T20:35:22,pid_hot_humid_bursty_r1,pid,hot_humid,bursty,1,42.636,42.336,42.136,39.636,25.0,45.0,140.0,,45.303999999999974,0.91,36.69,,,0,trial
2026-07-07T20:35:22,pid_hot_humid_bursty_r1,pid,hot_humid,bursty,1,42.646,42.346,42.146,39.646,25.0,45.0,140.0,,45.303999999999974,0.91,36.68,,,0,trial
2026-07-07T20:35:22,pid_hot_humid_bursty_r1,pid,hot_humid,bursty,1,42.656,42.356,42.156,39.656,25.0,45.0,140.0,,45.303999999999974,0.91,36.67,,,0,trial
2026-07-07T20:35:22,pid_hot_humid_bursty_r1,pid,hot_humid,bursty,1,42.665,42.365,42.165,39.665,25.0,45.0,140.0,,45.303999999999974,0.91,36.67,,,0,trial
2026-07-07T20:35:22,pid_hot_humid_bursty_r1,pid,hot_humid,bursty,1,42.675,42.375,42.175,39.675,25.0,45.0,140.0,,45.303999999999974,0.91,36.66,,,0,trial
2026-07-07T20:35:22,pid_hot_humid_bursty_r1,pid,hot_humid,bursty,1,42.684,42.384,42.184,39.684,25.0,45.0,140.0,,45.303999999999974,0.91,36.65,,,0,trial
2026-07-07T20:35:22,pid_hot_humid_bursty_r1,pid,hot_humid,bursty,1,42.694,42.394,42.194,39.694,25.0,45.0,140.0,,45.303999999999974,0.91,36.64,,,0,trial
2026-07-07T20:35:22,pid_hot_humid_bursty_r1,pid,hot_humid,bursty,1,42.704,42.404,42.204,39.704,25.0,45.0,140.0,,45.303999999999974,0.91,36.64,,,0,trial
2026-07-07T20:35:22,pid_hot_humid_bursty_r1,pid,hot_humid,bursty,1,42.713,42.413,42.213,39.713,25.0,45.0,140.0,,47.632000000000005,0.95,36.63,,,0,trial
2026-07-07T20:35:22,pid_hot_humid_bursty_r1,pid,hot_humid,bursty,1,42.722,42.422,42.222,39.722,25.0,45.0,140.0,,47.632000000000005,0.95,36.62,,,0,trial
2026-07-07T20:35:22,pid_hot_humid_bursty_r1,pid,hot_humid,bursty,1,42.732,42.432,42.232,39.732,25.0,45.0,140.0,,47.632000000000005,0.95,36.61,,,0,trial
2026-07-07T20:35:22,pid_hot_humid_bursty_r1,pid,hot_humid,bursty,1,42.741,42.441,42.241,39.741,25.0,45.0,140.0,,47.632000000000005,0.95,36.61,,,0,trial
2026-07-07T20:35:22,pid_hot_humid_bursty_r1,pid,hot_humid,bursty,1,42.75,42.45,42.25,39.75,25.0,45.0,140.0,,47.632000000000005,0.95,36.6,,,0,trial
2026-07-07T20:35:22,pid_hot_humid_bursty_r1,pid,hot_humid,bursty,1,42.76,42.46,42.26,39.76,25.0,45.0,140.0,,47.632000000000005,0.95,36.59,,,0,trial
2026-07-07T20:35:22,pid_hot_humid_bursty_r1,pid,hot_humid,bursty,1,42.769,42.469,42.269,39.769,25.0,45.0,140.0,,47.632000000000005,0.95,36.58,,,0,trial
2026-07-07T20:35:22,pid_hot_humid_bursty_r1,pid,hot_humid,bursty,1,42.778,42.478,42.278,39.778,25.0,45.0,140.0,,47.632000000000005,0.95,36.58,,,0,trial
2026-07-07T20:35:22,pid_hot_humid_bursty_r1,pid,hot_humid,bursty,1,42.788,42.488,42.288,39.788,25.0,45.0,140.0,,47.632000000000005,0.95,36.57,,,0,trial
2026-07-07T20:35:22,pid_hot_humid_bursty_r1,pid,hot_humid,bursty,1,42.797,42.497,42.297,39.797,25.0,45.0,140.0,,47.632000000000005,0.95,36.56,,,0,trial
2026-07-07T20:35:22,pid_hot_humid_bursty_r1,pid,hot_humid,bursty,1,42.806,42.506,42.306,39.806,25.0,45.0,140.0,,47.632000000000005,0.95,36.55,,,0,trial
2026-07-07T20:35:22,pid_hot_humid_bursty_r1,pid,hot_humid,bursty,1,42.816,42.516,42.316,39.816,25.0,45.0,140.0,,47.632000000000005,0.95,36.54,,,0,trial
2026-07-07T20:35:22,pid_hot_humid_bursty_r1,pid,hot_humid,bursty,1,42.825,42.525,42.325,39.825,25.0,45.0,140.0,,47.632000000000005,0.95,36.54,,,0,trial
2026-07-07T20:35:22,pid_hot_humid_bursty_r1,pid,hot_humid,bursty,1,42.834,42.534,42.334,39.834,25.0,45.0,140.0,,47.632000000000005,0.95,36.53,,,0,trial
2026-07-07T20:35:22,pid_hot_humid_bursty_r1,pid,hot_humid,bursty,1,42.843,42.543,42.343,39.843,25.0,45.0,140.0,,47.632000000000005,0.95,36.52,,,0,trial
2026-07-07T20:35:22,pid_hot_humid_bursty_r1,pid,hot_humid,bursty,1,42.853,42.553,42.353,39.853,25.0,45.0,140.0,,47.632000000000005,0.95,36.51,,,0,trial
2026-07-07T20:35:22,pid_hot_humid_bursty_r1,pid,hot_humid,bursty,1,42.862,42.562,42.362,39.862,25.0,45.0,140.0,,47.632000000000005,0.95,36.5,,,0,trial
2026-07-07T20:35:22,pid_hot_humid_bursty_r1,pid,hot_humid,bursty,1,42.871,42.571,42.371,39.871,25.0,45.0,140.0,,47.632000000000005,0.95,36.49,,,0,trial
2026-07-07T20:35:22,pid_hot_humid_bursty_r1,pid,hot_humid,bursty,1,42.88,42.58,42.38,39.88,25.0,45.0,140.0,,47.632000000000005,0.95,36.49,,,0,trial
2026-07-07T20:35:22,pid_hot_humid_bursty_r1,pid,hot_humid,bursty,1,42.89,42.59,42.39,39.89,25.0,45.0,140.0,,47.632000000000005,0.95,36.48,,,0,trial
2026-07-07T20:35:22,pid_hot_humid_bursty_r1,pid,hot_humid,bursty,1,42.899,42.599,42.399,39.899,25.0,45.0,140.0,,47.632000000000005,0.95,36.47,,,0,trial
2026-07-07T20:35:22,pid_hot_humid_bursty_r1,pid,hot_humid,bursty,1,42.908,42.608,42.408,39.908,25.0,45.0,140.0,,47.632000000000005,0.95,36.46,,,0,trial
2026-07-07T20:35:22,pid_hot_humid_bursty_r1,pid,hot_humid,bursty,1,42.917,42.617,42.417,39.917,25.0,45.0,140.0,,47.632000000000005,0.95,36.45,,,0,trial
2026-07-07T20:35:22,pid_hot_humid_bursty_r1,pid,hot_humid,bursty,1,42.927,42.627,42.427,39.927,25.0,45.0,140.0,,47.632000000000005,0.95,36.44,,,0,trial
2026-07-07T20:35:22,pid_hot_humid_bursty_r1,pid,hot_humid,bursty,1,42.936,42.636,42.436,39.936,25.0,45.0,140.0,,47.632000000000005,0.95,36.43,,,0,trial
2026-07-07T20:35:22,pid_hot_humid_bursty_r1,pid,hot_humid,bursty,1,42.945,42.645,42.445,39.945,25.0,45.0,140.0,,47.632000000000005,0.95,36.43,,,0,trial
2026-07-07T20:35:22,pid_hot_humid_bursty_r1,pid,hot_humid,bursty,1,42.954,42.654,42.454,39.954,25.0,45.0,140.0,,47.632000000000005,0.95,36.42,,,0,trial
2026-07-07T20:35:22,pid_hot_humid_bursty_r1,pid,hot_humid,bursty,1,42.964,42.664,42.464,39.964,25.0,45.0,140.0,,47.632000000000005,0.95,36.41,,,0,trial
2026-07-07T20:35:22,pid_hot_humid_bursty_r1,pid,hot_humid,bursty,1,42.973,42.673,42.473,39.973,25.0,45.0,140.0,,47.632000000000005,0.95,36.4,,,0,trial
2026-07-07T20:35:22,pid_hot_humid_bursty_r1,pid,hot_humid,bursty,1,42.982,42.682,42.482,39.982,25.0,45.0,140.0,,47.632000000000005,0.95,36.39,,,0,trial
2026-07-07T20:35:22,pid_hot_humid_bursty_r1,pid,hot_humid,bursty,1,42.991,42.691,42.491,39.991,25.0,45.0,140.0,,49.855999999999995,1.0,36.38,,,0,trial
2026-07-07T20:35:22,pid_hot_humid_bursty_r1,pid,hot_humid,bursty,1,43.0,42.7,42.5,40.0,25.0,45.0,140.0,,49.855999999999995,1.0,36.37,,,0,trial
2026-07-07T20:35:22,pid_hot_humid_bursty_r1,pid,hot_humid,bursty,1,43.009,42.709,42.509,40.009,25.0,45.0,140.0,,49.855999999999995,1.0,36.36,,,0,trial
2026-07-07T20:35:22,pid_hot_humid_bursty_r1,pid,hot_humid,bursty,1,43.018,42.718,42.518,40.018,25.0,45.0,140.0,,49.855999999999995,1.0,36.35,,,0,trial
2026-07-07T20:35:22,pid_hot_humid_bursty_r1,pid,hot_humid,bursty,1,43.027,42.727,42.527,40.027,25.0,45.0,140.0,,49.855999999999995,1.0,36.34,,,0,trial
2026-07-07T20:35:22,pid_hot_humid_bursty_r1,pid,hot_humid,bursty,1,43.036,42.736,42.536,40.036,25.0,45.0,140.0,,49.855999999999995,1.0,36.34,,,0,trial
2026-07-07T20:35:22,pid_hot_humid_bursty_r1,pid,hot_humid,bursty,1,43.045,42.745,42.545,40.045,25.0,45.0,140.0,,49.855999999999995,1.0,36.33,,,0,trial
2026-07-07T20:35:22,pid_hot_humid_bursty_r1,pid,hot_humid,bursty,1,43.054,42.754,42.554,40.054,25.0,45.0,140.0,,49.855999999999995,1.0,36.32,,,0,trial
2026-07-07T20:35:22,pid_hot_humid_bursty_r1,pid,hot_humid,bursty,1,43.063,42.763,42.563,40.063,25.0,45.0,140.0,,49.855999999999995,1.0,36.31,,,0,trial
2026-07-07T20:35:22,pid_hot_humid_bursty_r1,pid,hot_humid,bursty,1,43.072,42.772,42.572,40.072,25.0,45.0,140.0,,49.855999999999995,1.0,36.3,,,0,trial
2026-07-07T20:35:22,pid_hot_humid_bursty_r1,pid,hot_humid,bursty,1,43.08,42.78,42.58,40.08,25.0,45.0,140.0,,49.855999999999995,1.0,36.29,,,0,trial
2026-07-07T20:35:22,pid_hot_humid_bursty_r1,pid,hot_humid,bursty,1,43.089,42.789,42.589,40.089,25.0,45.0,140.0,,49.855999999999995,1.0,36.28,,,0,trial
2026-07-07T20:35:22,pid_hot_humid_bursty_r1,pid,hot_humid,bursty,1,43.098,42.798,42.598,40.098,25.0,45.0,140.0,,49.855999999999995,1.0,36.27,,,0,trial
2026-07-07T20:35:22,pid_hot_humid_bursty_r1,pid,hot_humid,bursty,1,43.107,42.807,42.607,40.107,25.0,45.0,140.0,,49.855999999999995,1.0,36.26,,,0,trial
2026-07-07T20:35:22,pid_hot_humid_bursty_r1,pid,hot_humid,bursty,1,43.116,42.816,42.616,40.116,25.0,45.0,140.0,,49.855999999999995,1.0,36.25,,,0,trial
2026-07-07T20:35:22,pid_hot_humid_bursty_r1,pid,hot_humid,bursty,1,43.125,42.825,42.625,40.125,25.0,45.0,140.0,,49.855999999999995,1.0,36.24,,,0,trial
2026-07-07T20:35:22,pid_hot_humid_bursty_r1,pid,hot_humid,bursty,1,43.134,42.834,42.634,40.134,25.0,45.0,140.0,,49.855999999999995,1.0,36.23,,,0,trial
2026-07-07T20:35:22,pid_hot_humid_bursty_r1,pid,hot_humid,bursty,1,43.143,42.843,42.643,40.143,25.0,45.0,140.0,,49.855999999999995,1.0,36.22,,,0,trial
2026-07-07T20:35:22,pid_hot_humid_bursty_r1,pid,hot_humid,bursty,1,43.152,42.852,42.652,40.152,25.0,45.0,140.0,,49.855999999999995,1.0,36.21,,,0,trial
2026-07-07T20:35:22,pid_hot_humid_bursty_r1,pid,hot_humid,bursty,1,43.161,42.861,42.661,40.161,25.0,45.0,140.0,,49.855999999999995,1.0,36.2,,,0,trial
2026-07-07T20:35:22,pid_hot_humid_bursty_r1,pid,hot_humid,bursty,1,43.169,42.869,42.669,40.169,25.0,45.0,140.0,,49.855999999999995,1.0,36.19,,,0,trial
2026-07-07T20:35:22,pid_hot_humid_bursty_r1,pid,hot_humid,bursty,1,43.178,42.878,42.678,40.178,25.0,45.0,140.0,,49.855999999999995,1.0,36.18,,,0,trial
2026-07-07T20:35:22,pid_hot_humid_bursty_r1,pid,hot_humid,bursty,1,43.187,42.887,42.687,40.187,25.0,45.0,140.0,,49.855999999999995,1.0,36.17,,,0,trial
2026-07-07T20:35:22,pid_hot_humid_bursty_r1,pid,hot_humid,bursty,1,43.196,42.896,42.696,40.196,25.0,45.0,140.0,,49.855999999999995,1.0,36.16,,,0,trial
2026-07-07T20:35:22,pid_hot_humid_bursty_r1,pid,hot_humid,bursty,1,43.205,42.905,42.705,40.205,25.0,45.0,140.0,,49.855999999999995,1.0,36.15,,,0,trial
2026-07-07T20:35:22,pid_hot_humid_bursty_r1,pid,hot_humid,bursty,1,43.214,42.914,42.714,40.214,25.0,45.0,140.0,,49.855999999999995,1.0,36.14,,,0,trial
2026-07-07T20:35:22,pid_hot_humid_bursty_r1,pid,hot_humid,bursty,1,43.223,42.923,42.723,40.223,25.0,45.0,140.0,,49.855999999999995,1.0,36.13,,,0,trial
2026-07-07T20:35:22,pid_hot_humid_bursty_r1,pid,hot_humid,bursty,1,43.231,42.931,42.731,40.231,25.0,45.0,140.0,,49.855999999999995,1.0,36.12,,,0,trial
2026-07-07T20:35:22,pid_hot_humid_bursty_r1,pid,hot_humid,bursty,1,43.24,42.94,42.74,40.24,25.0,45.0,140.0,,49.855999999999995,1.0,36.11,,,0,trial
2026-07-07T20:35:22,pid_hot_humid_bursty_r1,pid,hot_humid,bursty,1,43.249,42.949,42.749,40.249,25.0,45.0,140.0,,49.855999999999995,1.0,36.1,,,0,trial
2026-07-07T20:35:22,pid_hot_humid_bursty_r1,pid,hot_humid,bursty,1,43.258,42.958,42.758,40.258,25.0,45.0,140.0,,51.99200000000002,1.04,36.09,,,0,trial
2026-07-07T20:35:22,pid_hot_humid_bursty_r1,pid,hot_humid,bursty,1,43.266,42.966,42.766,40.266,25.0,45.0,140.0,,51.99200000000002,1.04,36.08,,,0,trial
2026-07-07T20:35:22,pid_hot_humid_bursty_r1,pid,hot_humid,bursty,1,43.275,42.975,42.775,40.275,25.0,45.0,140.0,,51.99200000000002,1.04,36.07,,,0,trial
2026-07-07T20:35:22,pid_hot_humid_bursty_r1,pid,hot_humid,bursty,1,43.284,42.984,42.784,40.284,25.0,45.0,140.0,,51.99200000000002,1.04,36.06,,,0,trial
2026-07-07T20:35:22,pid_hot_humid_bursty_r1,pid,hot_humid,bursty,1,43.292,42.992,42.792,40.292,25.0,45.0,140.0,,51.99200000000002,1.04,36.05,,,0,trial
2026-07-07T20:35:22,pid_hot_humid_bursty_r1,pid,hot_humid,bursty,1,43.301,43.001,42.801,40.301,25.0,45.0,140.0,,51.99200000000002,1.04,36.04,,,0,trial
2026-07-07T20:35:22,pid_hot_humid_bursty_r1,pid,hot_humid,bursty,1,43.309,43.009,42.809,40.309,25.0,45.0,140.0,,51.99200000000002,1.04,36.03,,,0,trial
2026-07-07T20:35:22,pid_hot_humid_bursty_r1,pid,hot_humid,bursty,1,43.318,43.018,42.818,40.318,25.0,45.0,140.0,,51.99200000000002,1.04,36.02,,,0,trial
2026-07-07T20:35:22,pid_hot_humid_bursty_r1,pid,hot_humid,bursty,1,43.326,43.026,42.826,40.326,25.0,45.0,140.0,,51.99200000000002,1.04,36.01,,,0,trial
2026-07-07T20:35:22,pid_hot_humid_bursty_r1,pid,hot_humid,bursty,1,43.335,43.035,42.835,40.335,25.0,45.0,140.0,,51.99200000000002,1.04,36.0,,,0,trial
2026-07-07T20:35:22,pid_hot_humid_bursty_r1,pid,hot_humid,bursty,1,43.343,43.043,42.843,40.343,25.0,45.0,140.0,,51.99200000000002,1.04,35.99,,,0,trial
2026-07-07T20:35:22,pid_hot_humid_bursty_r1,pid,hot_humid,bursty,1,43.352,43.052,42.852,40.352,25.0,45.0,140.0,,51.99200000000002,1.04,35.97,,,0,trial
2026-07-07T20:35:22,pid_hot_humid_bursty_r1,pid,hot_humid,bursty,1,43.361,43.061,42.861,40.361,25.0,45.0,140.0,,51.99200000000002,1.04,35.96,,,0,trial
2026-07-07T20:35:22,pid_hot_humid_bursty_r1,pid,hot_humid,bursty,1,43.369,43.069,42.869,40.369,25.0,45.0,140.0,,51.99200000000002,1.04,35.95,,,0,trial
2026-07-07T20:35:22,pid_hot_humid_bursty_r1,pid,hot_humid,bursty,1,43.378,43.078,42.878,40.378,25.0,45.0,140.0,,51.99200000000002,1.04,35.94,,,0,trial
2026-07-07T20:35:22,pid_hot_humid_bursty_r1,pid,hot_humid,bursty,1,43.386,43.086,42.886,40.386,25.0,45.0,140.0,,51.99200000000002,1.04,35.93,,,0,trial
2026-07-07T20:35:22,pid_hot_humid_bursty_r1,pid,hot_humid,bursty,1,43.395,43.095,42.895,40.395,25.0,45.0,140.0,,51.99200000000002,1.04,35.92,,,0,trial
2026-07-07T20:35:22,pid_hot_humid_bursty_r1,pid,hot_humid,bursty,1,43.403,43.103,42.903,40.403,25.0,45.0,140.0,,51.99200000000002,1.04,35.91,,,0,trial
2026-07-07T20:35:22,pid_hot_humid_bursty_r1,pid,hot_humid,bursty,1,43.412,43.112,42.912,40.412,25.0,45.0,140.0,,51.99200000000002,1.04,35.9,,,0,trial
2026-07-07T20:35:22,pid_hot_humid_bursty_r1,pid,hot_humid,bursty,1,43.42,43.12,42.92,40.42,25.0,45.0,140.0,,51.99200000000002,1.04,35.89,,,0,trial
2026-07-07T20:35:22,pid_hot_humid_bursty_r1,pid,hot_humid,bursty,1,43.429,43.129,42.929,40.429,25.0,45.0,140.0,,51.99200000000002,1.04,35.88,,,0,trial
2026-07-07T20:35:22,pid_hot_humid_bursty_r1,pid,hot_humid,bursty,1,43.437,43.137,42.937,40.437,25.0,45.0,140.0,,51.99200000000002,1.04,35.87,,,0,trial
2026-07-07T20:35:22,pid_hot_humid_bursty_r1,pid,hot_humid,bursty,1,43.446,43.146,42.946,40.446,25.0,45.0,140.0,,51.99200000000002,1.04,35.85,,,0,trial
2026-07-07T20:35:22,pid_hot_humid_bursty_r1,pid,hot_humid,bursty,1,43.454,43.154,42.954,40.454,25.0,45.0,140.0,,51.99200000000002,1.04,35.84,,,0,trial
2026-07-07T20:35:22,pid_hot_humid_bursty_r1,pid,hot_humid,bursty,1,43.463,43.163,42.963,40.463,25.0,45.0,140.0,,51.99200000000002,1.04,35.83,,,0,trial
2026-07-07T20:35:22,pid_hot_humid_bursty_r1,pid,hot_humid,bursty,1,43.471,43.171,42.971,40.471,25.0,45.0,140.0,,51.99200000000002,1.04,35.82,,,0,trial
2026-07-07T20:35:22,pid_hot_humid_bursty_r1,pid,hot_humid,bursty,1,43.48,43.18,42.98,40.48,25.0,45.0,140.0,,51.99200000000002,1.04,35.81,,,0,trial
2026-07-07T20:35:22,pid_hot_humid_bursty_r1,pid,hot_humid,bursty,1,43.488,43.188,42.988,40.488,25.0,45.0,140.0,,51.99200000000002,1.04,35.8,,,0,trial
2026-07-07T20:35:22,pid_hot_humid_bursty_r1,pid,hot_humid,bursty,1,43.497,43.197,42.997,40.497,25.0,45.0,140.0,,51.99200000000002,1.04,35.79,,,0,trial
2026-07-07T20:35:22,pid_hot_humid_bursty_r1,pid,hot_humid,bursty,1,43.495,43.195,42.995,40.495,25.0,45.0,60.0,,51.99200000000002,1.04,35.78,,,0,trial
2026-07-07T20:35:22,pid_hot_humid_bursty_r1,pid,hot_humid,bursty,1,43.492,43.192,42.992,40.492,25.0,45.0,60.0,,53.95999999999998,1.08,35.76,,,0,trial
2026-07-07T20:35:22,pid_hot_humid_bursty_r1,pid,hot_humid,bursty,1,43.49,43.19,42.99,40.49,25.0,45.0,60.0,,53.95999999999998,1.08,35.75,,,0,trial
2026-07-07T20:35:22,pid_hot_humid_bursty_r1,pid,hot_humid,bursty,1,43.488,43.188,42.988,40.488,25.0,45.0,60.0,,53.95999999999998,1.08,35.74,,,0,trial
2026-07-07T20:35:22,pid_hot_humid_bursty_r1,pid,hot_humid,bursty,1,43.486,43.186,42.986,40.486,25.0,45.0,60.0,,53.95999999999998,1.08,35.73,,,0,trial
2026-07-07T20:35:22,pid_hot_humid_bursty_r1,pid,hot_humid,bursty,1,43.483,43.183,42.983,40.483,25.0,45.0,60.0,,53.95999999999998,1.08,35.72,,,0,trial
2026-07-07T20:35:22,pid_hot_humid_bursty_r1,pid,hot_humid,bursty,1,43.481,43.181,42.981,40.481,25.0,45.0,60.0,,53.95999999999998,1.08,35.71,,,0,trial
2026-07-07T20:35:22,pid_hot_humid_bursty_r1,pid,hot_humid,bursty,1,43.479,43.179,42.979,40.479,25.0,45.0,60.0,,53.95999999999998,1.08,35.7,,,0,trial
2026-07-07T20:35:22,pid_hot_humid_bursty_r1,pid,hot_humid,bursty,1,43.477,43.177,42.977,40.477,25.0,45.0,60.0,,53.95999999999998,1.08,35.68,,,0,trial
2026-07-07T20:35:22,pid_hot_humid_bursty_r1,pid,hot_humid,bursty,1,43.474,43.174,42.974,40.474,25.0,45.0,60.0,,53.95999999999998,1.08,35.67,,,0,trial
2026-07-07T20:35:22,pid_hot_humid_bursty_r1,pid,hot_humid,bursty,1,43.472,43.172,42.972,40.472,25.0,45.0,60.0,,53.95999999999998,1.08,35.66,,,0,trial
2026-07-07T20:35:22,pid_hot_humid_bursty_r1,pid,hot_humid,bursty,1,43.47,43.17,42.97,40.47,25.0,45.0,60.0,,53.95999999999998,1.08,35.65,,,0,trial
2026-07-07T20:35:22,pid_hot_humid_bursty_r1,pid,hot_humid,bursty,1,43.467,43.167,42.967,40.467,25.0,45.0,60.0,,53.95999999999998,1.08,35.64,,,0,trial
2026-07-07T20:35:22,pid_hot_humid_bursty_r1,pid,hot_humid,bursty,1,43.465,43.165,42.965,40.465,25.0,45.0,60.0,,53.95999999999998,1.08,35.63,,,0,trial
2026-07-07T20:35:22,pid_hot_humid_bursty_r1,pid,hot_humid,bursty,1,43.463,43.163,42.963,40.463,25.0,45.0,60.0,,53.95999999999998,1.08,35.61,,,0,trial
2026-07-07T20:35:22,pid_hot_humid_bursty_r1,pid,hot_humid,bursty,1,43.461,43.161,42.961,40.461,25.0,45.0,60.0,,53.95999999999998,1.08,35.6,,,0,trial
2026-07-07T20:35:22,pid_hot_humid_bursty_r1,pid,hot_humid,bursty,1,43.458,43.158,42.958,40.458,25.0,45.0,60.0,,53.95999999999998,1.08,35.59,,,0,trial
2026-07-07T20:35:22,pid_hot_humid_bursty_r1,pid,hot_humid,bursty,1,43.456,43.156,42.956,40.456,25.0,45.0,60.0,,53.95999999999998,1.08,35.58,,,0,trial
2026-07-07T20:35:22,pid_hot_humid_bursty_r1,pid,hot_humid,bursty,1,43.454,43.154,42.954,40.454,25.0,45.0,60.0,,53.95999999999998,1.08,35.57,,,0,trial
2026-07-07T20:35:22,pid_hot_humid_bursty_r1,pid,hot_humid,bursty,1,43.452,43.152,42.952,40.452,25.0,45.0,60.0,,53.95999999999998,1.08,35.56,,,0,trial
2026-07-07T20:35:22,pid_hot_humid_bursty_r1,pid,hot_humid,bursty,1,43.449,43.149,42.949,40.449,25.0,45.0,60.0,,53.95999999999998,1.08,35.54,,,0,trial
2026-07-07T20:35:22,pid_hot_humid_bursty_r1,pid,hot_humid,bursty,1,43.447,43.147,42.947,40.447,25.0,45.0,60.0,,53.95999999999998,1.08,35.53,,,0,trial
2026-07-07T20:35:22,pid_hot_humid_bursty_r1,pid,hot_humid,bursty,1,43.445,43.145,42.945,40.445,25.0,45.0,60.0,,53.95999999999998,1.08,35.52,,,0,trial
2026-07-07T20:35:22,pid_hot_humid_bursty_r1,pid,hot_humid,bursty,1,43.443,43.143,42.943,40.443,25.0,45.0,60.0,,53.95999999999998,1.08,35.51,,,0,trial
2026-07-07T20:35:22,pid_hot_humid_bursty_r1,pid,hot_humid,bursty,1,43.441,43.141,42.941,40.441,25.0,45.0,60.0,,53.95999999999998,1.08,35.5,,,0,trial
2026-07-07T20:35:22,pid_hot_humid_bursty_r1,pid,hot_humid,bursty,1,43.438,43.138,42.938,40.438,25.0,45.0,60.0,,53.95999999999998,1.08,35.48,,,0,trial
2026-07-07T20:35:22,pid_hot_humid_bursty_r1,pid,hot_humid,bursty,1,43.436,43.136,42.936,40.436,25.0,45.0,60.0,,53.95999999999998,1.08,35.47,,,0,trial
2026-07-07T20:35:22,pid_hot_humid_bursty_r1,pid,hot_humid,bursty,1,43.434,43.134,42.934,40.434,25.0,45.0,60.0,,53.95999999999998,1.08,35.46,,,0,trial
2026-07-07T20:35:22,pid_hot_humid_bursty_r1,pid,hot_humid,bursty,1,43.432,43.132,42.932,40.432,25.0,45.0,60.0,,53.95999999999998,1.08,35.45,,,0,trial
2026-07-07T20:35:22,pid_hot_humid_bursty_r1,pid,hot_humid,bursty,1,43.429,43.129,42.929,40.429,25.0,45.0,60.0,,53.95999999999998,1.08,35.44,,,0,trial
2026-07-07T20:35:22,pid_hot_humid_bursty_r1,pid,hot_humid,bursty,1,43.427,43.127,42.927,40.427,25.0,45.0,60.0,,53.95999999999998,1.08,35.42,,,0,trial
2026-07-07T20:35:22,pid_hot_humid_bursty_r1,pid,hot_humid,bursty,1,43.425,43.125,42.925,40.425,25.0,45.0,60.0,,53.416,1.07,35.41,,,0,trial
2026-07-07T20:35:22,pid_hot_humid_bursty_r1,pid,hot_humid,bursty,1,43.423,43.123,42.923,40.423,25.0,45.0,60.0,,53.416,1.07,35.4,,,0,trial
2026-07-07T20:35:22,pid_hot_humid_bursty_r1,pid,hot_humid,bursty,1,43.421,43.121,42.921,40.421,25.0,45.0,60.0,,53.416,1.07,35.39,,,0,trial
2026-07-07T20:35:22,pid_hot_humid_bursty_r1,pid,hot_humid,bursty,1,43.418,43.118,42.918,40.418,25.0,45.0,60.0,,53.416,1.07,35.37,,,0,trial
2026-07-07T20:35:22,pid_hot_humid_bursty_r1,pid,hot_humid,bursty,1,43.416,43.116,42.916,40.416,25.0,45.0,60.0,,53.416,1.07,35.36,,,0,trial
2026-07-07T20:35:22,pid_hot_humid_bursty_r1,pid,hot_humid,bursty,1,43.414,43.114,42.914,40.414,25.0,45.0,60.0,,53.416,1.07,35.35,,,0,trial
2026-07-07T20:35:22,pid_hot_humid_bursty_r1,pid,hot_humid,bursty,1,43.412,43.112,42.912,40.412,25.0,45.0,60.0,,53.416,1.07,35.34,,,0,trial
2026-07-07T20:35:22,pid_hot_humid_bursty_r1,pid,hot_humid,bursty,1,43.41,43.11,42.91,40.41,25.0,45.0,60.0,,53.416,1.07,35.33,,,0,trial
2026-07-07T20:35:22,pid_hot_humid_bursty_r1,pid,hot_humid,bursty,1,43.408,43.108,42.908,40.408,25.0,45.0,60.0,,53.416,1.07,35.31,,,0,trial
2026-07-07T20:35:22,pid_hot_humid_bursty_r1,pid,hot_humid,bursty,1,43.405,43.105,42.905,40.405,25.0,45.0,60.0,,53.416,1.07,35.3,,,0,trial
2026-07-07T20:35:22,pid_hot_humid_bursty_r1,pid,hot_humid,bursty,1,43.403,43.103,42.903,40.403,25.0,45.0,60.0,,53.416,1.07,35.29,,,0,trial
2026-07-07T20:35:22,pid_hot_humid_bursty_r1,pid,hot_humid,bursty,1,43.401,43.101,42.901,40.401,25.0,45.0,60.0,,53.416,1.07,35.28,,,0,trial
2026-07-07T20:35:22,pid_hot_humid_bursty_r1,pid,hot_humid,bursty,1,43.399,43.099,42.899,40.399,25.0,45.0,60.0,,53.416,1.07,35.26,,,0,trial
2026-07-07T20:35:22,pid_hot_humid_bursty_r1,pid,hot_humid,bursty,1,43.397,43.097,42.897,40.397,25.0,45.0,60.0,,53.416,1.07,35.25,,,0,trial
2026-07-07T20:35:22,pid_hot_humid_bursty_r1,pid,hot_humid,bursty,1,43.395,43.095,42.895,40.395,25.0,45.0,60.0,,53.416,1.07,35.24,,,0,trial
2026-07-07T20:35:22,pid_hot_humid_bursty_r1,pid,hot_humid,bursty,1,43.392,43.092,42.892,40.392,25.0,45.0,60.0,,53.416,1.07,35.23,,,0,trial
2026-07-07T20:35:22,pid_hot_humid_bursty_r1,pid,hot_humid,bursty,1,43.39,43.09,42.89,40.39,25.0,45.0,60.0,,53.416,1.07,35.21,,,0,trial
2026-07-07T20:35:22,pid_hot_humid_bursty_r1,pid,hot_humid,bursty,1,43.388,43.088,42.888,40.388,25.0,45.0,60.0,,53.416,1.07,35.2,,,0,trial
2026-07-07T20:35:22,pid_hot_humid_bursty_r1,pid,hot_humid,bursty,1,43.386,43.086,42.886,40.386,25.0,45.0,60.0,,53.416,1.07,35.19,,,0,trial
2026-07-07T20:35:22,pid_hot_humid_bursty_r1,pid,hot_humid,bursty,1,43.384,43.084,42.884,40.384,25.0,45.0,60.0,,53.416,1.07,35.18,,,0,trial
2026-07-07T20:35:22,pid_hot_humid_bursty_r1,pid,hot_humid,bursty,1,43.382,43.082,42.882,40.382,25.0,45.0,60.0,,53.416,1.07,35.16,,,0,trial
2026-07-07T20:35:22,pid_hot_humid_bursty_r1,pid,hot_humid,bursty,1,43.38,43.08,42.88,40.38,25.0,45.0,60.0,,53.416,1.07,35.15,,,0,trial
2026-07-07T20:35:22,pid_hot_humid_bursty_r1,pid,hot_humid,bursty,1,43.377,43.077,42.877,40.377,25.0,45.0,60.0,,53.416,1.07,35.14,,,0,trial
2026-07-07T20:35:22,pid_hot_humid_bursty_r1,pid,hot_humid,bursty,1,43.375,43.075,42.875,40.375,25.0,45.0,60.0,,53.416,1.07,35.13,,,0,trial
2026-07-07T20:35:22,pid_hot_humid_bursty_r1,pid,hot_humid,bursty,1,43.373,43.073,42.873,40.373,25.0,45.0,60.0,,53.416,1.07,35.11,,,0,trial
2026-07-07T20:35:22,pid_hot_humid_bursty_r1,pid,hot_humid,bursty,1,43.371,43.071,42.871,40.371,25.0,45.0,60.0,,53.416,1.07,35.1,,,0,trial
2026-07-07T20:35:22,pid_hot_humid_bursty_r1,pid,hot_humid,bursty,1,43.369,43.069,42.869,40.369,25.0,45.0,60.0,,53.416,1.07,35.09,,,0,trial
2026-07-07T20:35:22,pid_hot_humid_bursty_r1,pid,hot_humid,bursty,1,43.367,43.067,42.867,40.367,25.0,45.0,60.0,,53.416,1.07,35.07,,,0,trial
2026-07-07T20:35:22,pid_hot_humid_bursty_r1,pid,hot_humid,bursty,1,43.365,43.065,42.865,40.365,25.0,45.0,60.0,,53.416,1.07,35.06,,,0,trial
2026-07-07T20:35:22,pid_hot_humid_bursty_r1,pid,hot_humid,bursty,1,43.362,43.062,42.862,40.362,25.0,45.0,60.0,,53.416,1.07,35.05,,,0,trial
2026-07-07T20:35:22,pid_hot_humid_bursty_r1,pid,hot_humid,bursty,1,43.36,43.06,42.86,40.36,25.0,45.0,60.0,,52.896000000000015,1.06,35.04,,,0,trial
2026-07-07T20:35:22,pid_hot_humid_bursty_r1,pid,hot_humid,bursty,1,43.358,43.058,42.858,40.358,25.0,45.0,60.0,,52.896000000000015,1.06,35.02,,,0,trial
2026-07-07T20:35:22,pid_hot_humid_bursty_r1,pid,hot_humid,bursty,1,43.356,43.056,42.856,40.356,25.0,45.0,60.0,,52.896000000000015,1.06,35.01,,,0,trial
2026-07-07T20:35:22,pid_hot_humid_bursty_r1,pid,hot_humid,bursty,1,43.354,43.054,42.854,40.354,25.0,45.0,60.0,,52.896000000000015,1.06,35.0,,,0,trial
2026-07-07T20:35:22,pid_hot_humid_bursty_r1,pid,hot_humid,bursty,1,43.352,43.052,42.852,40.352,25.0,45.0,60.0,,52.896000000000015,1.06,34.99,,,0,trial
2026-07-07T20:35:22,pid_hot_humid_bursty_r1,pid,hot_humid,bursty,1,43.35,43.05,42.85,40.35,25.0,45.0,60.0,,52.896000000000015,1.06,34.97,,,0,trial
2026-07-07T20:35:22,pid_hot_humid_bursty_r1,pid,hot_humid,bursty,1,43.348,43.048,42.848,40.348,25.0,45.0,60.0,,52.896000000000015,1.06,34.96,,,0,trial
2026-07-07T20:35:22,pid_hot_humid_bursty_r1,pid,hot_humid,bursty,1,43.346,43.046,42.846,40.346,25.0,45.0,60.0,,52.896000000000015,1.06,34.95,,,0,trial
2026-07-07T20:35:22,pid_hot_humid_bursty_r1,pid,hot_humid,bursty,1,43.344,43.044,42.844,40.344,25.0,45.0,60.0,,52.896000000000015,1.06,34.93,,,0,trial
2026-07-07T20:35:22,pid_hot_humid_bursty_r1,pid,hot_humid,bursty,1,43.342,43.042,42.842,40.342,25.0,45.0,60.0,,52.896000000000015,1.06,34.92,,,0,trial
2026-07-07T20:35:22,pid_hot_humid_bursty_r1,pid,hot_humid,bursty,1,43.34,43.04,42.84,40.34,25.0,45.0,60.0,,52.896000000000015,1.06,34.91,,,0,trial
2026-07-07T20:35:22,pid_hot_humid_bursty_r1,pid,hot_humid,bursty,1,43.337,43.037,42.837,40.337,25.0,45.0,60.0,,52.896000000000015,1.06,34.9,,,0,trial
2026-07-07T20:35:22,pid_hot_humid_bursty_r1,pid,hot_humid,bursty,1,43.335,43.035,42.835,40.335,25.0,45.0,60.0,,52.896000000000015,1.06,34.88,,,0,trial
2026-07-07T20:35:22,pid_hot_humid_bursty_r1,pid,hot_humid,bursty,1,43.333,43.033,42.833,40.333,25.0,45.0,60.0,,52.896000000000015,1.06,34.87,,,0,trial
2026-07-07T20:35:22,pid_hot_humid_bursty_r1,pid,hot_humid,bursty,1,43.331,43.031,42.831,40.331,25.0,45.0,60.0,,52.896000000000015,1.06,34.86,,,0,trial
2026-07-07T20:35:22,pid_hot_humid_bursty_r1,pid,hot_humid,bursty,1,43.329,43.029,42.829,40.329,25.0,45.0,60.0,,52.896000000000015,1.06,34.84,,,0,trial
2026-07-07T20:35:22,pid_hot_humid_bursty_r1,pid,hot_humid,bursty,1,43.327,43.027,42.827,40.327,25.0,45.0,60.0,,52.896000000000015,1.06,34.83,,,0,trial
2026-07-07T20:35:22,pid_hot_humid_bursty_r1,pid,hot_humid,bursty,1,43.325,43.025,42.825,40.325,25.0,45.0,60.0,,52.896000000000015,1.06,34.82,,,0,trial
2026-07-07T20:35:22,pid_hot_humid_bursty_r1,pid,hot_humid,bursty,1,43.323,43.023,42.823,40.323,25.0,45.0,60.0,,52.896000000000015,1.06,34.81,,,0,trial
2026-07-07T20:35:22,pid_hot_humid_bursty_r1,pid,hot_humid,bursty,1,43.321,43.021,42.821,40.321,25.0,45.0,60.0,,52.896000000000015,1.06,34.79,,,0,trial
2026-07-07T20:35:22,pid_hot_humid_bursty_r1,pid,hot_humid,bursty,1,43.319,43.019,42.819,40.319,25.0,45.0,60.0,,52.896000000000015,1.06,34.78,,,0,trial
2026-07-07T20:35:22,pid_hot_humid_bursty_r1,pid,hot_humid,bursty,1,43.317,43.017,42.817,40.317,25.0,45.0,60.0,,52.896000000000015,1.06,34.77,,,0,trial
2026-07-07T20:35:22,pid_hot_humid_bursty_r1,pid,hot_humid,bursty,1,43.315,43.015,42.815,40.315,25.0,45.0,60.0,,52.896000000000015,1.06,34.75,,,0,trial
2026-07-07T20:35:22,pid_hot_humid_bursty_r1,pid,hot_humid,bursty,1,43.313,43.013,42.813,40.313,25.0,45.0,60.0,,52.896000000000015,1.06,34.74,,,0,trial
2026-07-07T20:35:22,pid_hot_humid_bursty_r1,pid,hot_humid,bursty,1,43.311,43.011,42.811,40.311,25.0,45.0,60.0,,52.896000000000015,1.06,34.73,,,0,trial
2026-07-07T20:35:22,pid_hot_humid_bursty_r1,pid,hot_humid,bursty,1,43.309,43.009,42.809,40.309,25.0,45.0,60.0,,52.896000000000015,1.06,34.71,,,0,trial
2026-07-07T20:35:22,pid_hot_humid_bursty_r1,pid,hot_humid,bursty,1,43.307,43.007,42.807,40.307,25.0,45.0,60.0,,52.896000000000015,1.06,34.7,,,0,trial
2026-07-07T20:35:22,pid_hot_humid_bursty_r1,pid,hot_humid,bursty,1,43.305,43.005,42.805,40.305,25.0,45.0,60.0,,52.896000000000015,1.06,34.69,,,0,trial
2026-07-07T20:35:22,pid_hot_humid_bursty_r1,pid,hot_humid,bursty,1,43.302,43.002,42.802,40.302,25.0,45.0,60.0,,52.896000000000015,1.06,34.68,,,0,trial
2026-07-07T20:35:22,pid_hot_humid_bursty_r1,pid,hot_humid,bursty,1,43.3,43.0,42.8,40.3,25.0,45.0,60.0,,52.896000000000015,1.06,34.66,,,0,trial
2026-07-07T20:35:22,pid_hot_humid_bursty_r1,pid,hot_humid,bursty,1,43.298,42.998,42.798,40.298,25.0,45.0,60.0,,52.39999999999998,1.05,34.65,,,0,trial
2026-07-07T20:35:22,pid_hot_humid_bursty_r1,pid,hot_humid,bursty,1,43.296,42.996,42.796,40.296,25.0,45.0,60.0,,52.39999999999998,1.05,34.64,,,0,trial
2026-07-07T20:35:22,pid_hot_humid_bursty_r1,pid,hot_humid,bursty,1,43.294,42.994,42.794,40.294,25.0,45.0,60.0,,52.39999999999998,1.05,34.62,,,0,trial
2026-07-07T20:35:22,pid_hot_humid_bursty_r1,pid,hot_humid,bursty,1,43.292,42.992,42.792,40.292,25.0,45.0,60.0,,52.39999999999998,1.05,34.61,,,0,trial
2026-07-07T20:35:22,pid_hot_humid_bursty_r1,pid,hot_humid,bursty,1,43.29,42.99,42.79,40.29,25.0,45.0,60.0,,52.39999999999998,1.05,34.6,,,0,trial
2026-07-07T20:35:22,pid_hot_humid_bursty_r1,pid,hot_humid,bursty,1,43.288,42.988,42.788,40.288,25.0,45.0,60.0,,52.39999999999998,1.05,34.58,,,0,trial
2026-07-07T20:35:22,pid_hot_humid_bursty_r1,pid,hot_humid,bursty,1,43.286,42.986,42.786,40.286,25.0,45.0,60.0,,52.39999999999998,1.05,34.57,,,0,trial
2026-07-07T20:35:22,pid_hot_humid_bursty_r1,pid,hot_humid,bursty,1,43.284,42.984,42.784,40.284,25.0,45.0,60.0,,52.39999999999998,1.05,34.56,,,0,trial
2026-07-07T20:35:22,pid_hot_humid_bursty_r1,pid,hot_humid,bursty,1,43.282,42.982,42.782,40.282,25.0,45.0,60.0,,52.39999999999998,1.05,34.55,,,0,trial
2026-07-07T20:35:22,pid_hot_humid_bursty_r1,pid,hot_humid,bursty,1,43.28,42.98,42.78,40.28,25.0,45.0,60.0,,52.39999999999998,1.05,34.53,,,0,trial
2026-07-07T20:35:22,pid_hot_humid_bursty_r1,pid,hot_humid,bursty,1,43.279,42.979,42.779,40.279,25.0,45.0,60.0,,52.39999999999998,1.05,34.52,,,0,trial
2026-07-07T20:35:22,pid_hot_humid_bursty_r1,pid,hot_humid,bursty,1,43.277,42.977,42.777,40.277,25.0,45.0,60.0,,52.39999999999998,1.05,34.51,,,0,trial
2026-07-07T20:35:22,pid_hot_humid_bursty_r1,pid,hot_humid,bursty,1,43.275,42.975,42.775,40.275,25.0,45.0,60.0,,52.39999999999998,1.05,34.49,,,0,trial
2026-07-07T20:35:22,pid_hot_humid_bursty_r1,pid,hot_humid,bursty,1,43.273,42.973,42.773,40.273,25.0,45.0,60.0,,52.39999999999998,1.05,34.48,,,0,trial
2026-07-07T20:35:22,pid_hot_humid_bursty_r1,pid,hot_humid,bursty,1,43.271,42.971,42.771,40.271,25.0,45.0,60.0,,52.39999999999998,1.05,34.47,,,0,trial
2026-07-07T20:35:22,pid_hot_humid_bursty_r1,pid,hot_humid,bursty,1,43.269,42.969,42.769,40.269,25.0,45.0,60.0,,52.39999999999998,1.05,34.45,,,0,trial
2026-07-07T20:35:22,pid_hot_humid_bursty_r1,pid,hot_humid,bursty,1,43.267,42.967,42.767,40.267,25.0,45.0,60.0,,52.39999999999998,1.05,34.44,,,0,trial
2026-07-07T20:35:22,pid_hot_humid_bursty_r1,pid,hot_humid,bursty,1,43.265,42.965,42.765,40.265,25.0,45.0,60.0,,52.39999999999998,1.05,34.43,,,0,trial
2026-07-07T20:35:22,pid_hot_humid_bursty_r1,pid,hot_humid,bursty,1,43.263,42.963,42.763,40.263,25.0,45.0,60.0,,52.39999999999998,1.05,34.41,,,0,trial
2026-07-07T20:35:22,pid_hot_humid_bursty_r1,pid,hot_humid,bursty,1,43.261,42.961,42.761,40.261,25.0,45.0,60.0,,52.39999999999998,1.05,34.4,,,0,trial
2026-07-07T20:35:22,pid_hot_humid_bursty_r1,pid,hot_humid,bursty,1,43.259,42.959,42.759,40.259,25.0,45.0,60.0,,52.39999999999998,1.05,34.39,,,0,trial
2026-07-07T20:35:22,pid_hot_humid_bursty_r1,pid,hot_humid,bursty,1,43.257,42.957,42.757,40.257,25.0,45.0,60.0,,52.39999999999998,1.05,34.38,,,0,trial
2026-07-07T20:35:22,pid_hot_humid_bursty_r1,pid,hot_humid,bursty,1,43.255,42.955,42.755,40.255,25.0,45.0,60.0,,52.39999999999998,1.05,34.36,,,0,trial
2026-07-07T20:35:22,pid_hot_humid_bursty_r1,pid,hot_humid,bursty,1,43.253,42.953,42.753,40.253,25.0,45.0,60.0,,52.39999999999998,1.05,34.35,,,0,trial
2026-07-07T20:35:22,pid_hot_humid_bursty_r1,pid,hot_humid,bursty,1,43.251,42.951,42.751,40.251,25.0,45.0,60.0,,52.39999999999998,1.05,34.34,,,0,trial
2026-07-07T20:35:22,pid_hot_humid_bursty_r1,pid,hot_humid,bursty,1,43.249,42.949,42.749,40.249,25.0,45.0,60.0,,52.39999999999998,1.05,34.32,,,0,trial
2026-07-07T20:35:22,pid_hot_humid_bursty_r1,pid,hot_humid,bursty,1,43.247,42.947,42.747,40.247,25.0,45.0,60.0,,52.39999999999998,1.05,34.31,,,0,trial
2026-07-07T20:35:22,pid_hot_humid_bursty_r1,pid,hot_humid,bursty,1,43.245,42.945,42.745,40.245,25.0,45.0,60.0,,52.39999999999998,1.05,34.3,,,0,trial
2026-07-07T20:35:22,pid_hot_humid_bursty_r1,pid,hot_humid,bursty,1,43.243,42.943,42.743,40.243,25.0,45.0,60.0,,52.39999999999998,1.05,34.28,,,0,trial
2026-07-07T20:35:22,pid_hot_humid_bursty_r1,pid,hot_humid,bursty,1,43.252,42.952,42.752,40.252,25.0,45.0,140.0,,52.39999999999998,1.05,34.27,,,0,trial
2026-07-07T20:35:22,pid_hot_humid_bursty_r1,pid,hot_humid,bursty,1,43.26,42.96,42.76,40.26,25.0,45.0,140.0,,52.01600000000002,1.04,34.26,,,0,trial
2026-07-07T20:35:22,pid_hot_humid_bursty_r1,pid,hot_humid,bursty,1,43.269,42.969,42.769,40.269,25.0,45.0,140.0,,52.01600000000002,1.04,34.24,,,0,trial
2026-07-07T20:35:22,pid_hot_humid_bursty_r1,pid,hot_humid,bursty,1,43.277,42.977,42.777,40.277,25.0,45.0,140.0,,52.01600000000002,1.04,34.23,,,0,trial
2026-07-07T20:35:22,pid_hot_humid_bursty_r1,pid,hot_humid,bursty,1,43.286,42.986,42.786,40.286,25.0,45.0,140.0,,52.01600000000002,1.04,34.22,,,0,trial
2026-07-07T20:35:22,pid_hot_humid_bursty_r1,pid,hot_humid,bursty,1,43.294,42.994,42.794,40.294,25.0,45.0,140.0,,52.01600000000002,1.04,34.21,,,0,trial
2026-07-07T20:35:22,pid_hot_humid_bursty_r1,pid,hot_humid,bursty,1,43.303,43.003,42.803,40.303,25.0,45.0,140.0,,52.01600000000002,1.04,34.19,,,0,trial
2026-07-07T20:35:22,pid_hot_humid_bursty_r1,pid,hot_humid,bursty,1,43.312,43.012,42.812,40.312,25.0,45.0,140.0,,52.01600000000002,1.04,34.18,,,0,trial
2026-07-07T20:35:22,pid_hot_humid_bursty_r1,pid,hot_humid,bursty,1,43.32,43.02,42.82,40.32,25.0,45.0,140.0,,52.01600000000002,1.04,34.17,,,0,trial
2026-07-07T20:35:22,pid_hot_humid_bursty_r1,pid,hot_humid,bursty,1,43.329,43.029,42.829,40.329,25.0,45.0,140.0,,52.01600000000002,1.04,34.15,,,0,trial
2026-07-07T20:35:22,pid_hot_humid_bursty_r1,pid,hot_humid,bursty,1,43.337,43.037,42.837,40.337,25.0,45.0,140.0,,52.01600000000002,1.04,34.14,,,0,trial
2026-07-07T20:35:22,pid_hot_humid_bursty_r1,pid,hot_humid,bursty,1,43.346,43.046,42.846,40.346,25.0,45.0,140.0,,52.01600000000002,1.04,34.13,,,0,trial
2026-07-07T20:35:22,pid_hot_humid_bursty_r1,pid,hot_humid,bursty,1,43.354,43.054,42.854,40.354,25.0,45.0,140.0,,52.01600000000002,1.04,34.11,,,0,trial
2026-07-07T20:35:22,pid_hot_humid_bursty_r1,pid,hot_humid,bursty,1,43.363,43.063,42.863,40.363,25.0,45.0,140.0,,52.01600000000002,1.04,34.1,,,0,trial
2026-07-07T20:35:22,pid_hot_humid_bursty_r1,pid,hot_humid,bursty,1,43.371,43.071,42.871,40.371,25.0,45.0,140.0,,52.01600000000002,1.04,34.09,,,0,trial
2026-07-07T20:35:22,pid_hot_humid_bursty_r1,pid,hot_humid,bursty,1,43.38,43.08,42.88,40.38,25.0,45.0,140.0,,52.01600000000002,1.04,34.07,,,0,trial
2026-07-07T20:35:22,pid_hot_humid_bursty_r1,pid,hot_humid,bursty,1,43.389,43.089,42.889,40.389,25.0,45.0,140.0,,52.01600000000002,1.04,34.06,,,0,trial
2026-07-07T20:35:22,pid_hot_humid_bursty_r1,pid,hot_humid,bursty,1,43.397,43.097,42.897,40.397,25.0,45.0,140.0,,52.01600000000002,1.04,34.05,,,0,trial
2026-07-07T20:35:22,pid_hot_humid_bursty_r1,pid,hot_humid,bursty,1,43.406,43.106,42.906,40.406,25.0,45.0,140.0,,52.01600000000002,1.04,34.04,,,0,trial
2026-07-07T20:35:22,pid_hot_humid_bursty_r1,pid,hot_humid,bursty,1,43.414,43.114,42.914,40.414,25.0,45.0,140.0,,52.01600000000002,1.04,34.02,,,0,trial
2026-07-07T20:35:22,pid_hot_humid_bursty_r1,pid,hot_humid,bursty,1,43.423,43.123,42.923,40.423,25.0,45.0,140.0,,52.01600000000002,1.04,34.01,,,0,trial
2026-07-07T20:35:22,pid_hot_humid_bursty_r1,pid,hot_humid,bursty,1,43.431,43.131,42.931,40.431,25.0,45.0,140.0,,52.01600000000002,1.04,34.0,,,0,trial
2026-07-07T20:35:22,pid_hot_humid_bursty_r1,pid,hot_humid,bursty,1,43.44,43.14,42.94,40.44,25.0,45.0,140.0,,52.01600000000002,1.04,33.98,,,0,trial
2026-07-07T20:35:22,pid_hot_humid_bursty_r1,pid,hot_humid,bursty,1,43.448,43.148,42.948,40.448,25.0,45.0,140.0,,52.01600000000002,1.04,33.97,,,0,trial
2026-07-07T20:35:22,pid_hot_humid_bursty_r1,pid,hot_humid,bursty,1,43.457,43.157,42.957,40.457,25.0,45.0,140.0,,52.01600000000002,1.04,33.96,,,0,trial
2026-07-07T20:35:22,pid_hot_humid_bursty_r1,pid,hot_humid,bursty,1,43.465,43.165,42.965,40.465,25.0,45.0,140.0,,52.01600000000002,1.04,33.94,,,0,trial
2026-07-07T20:35:22,pid_hot_humid_bursty_r1,pid,hot_humid,bursty,1,43.474,43.174,42.974,40.474,25.0,45.0,140.0,,52.01600000000002,1.04,33.93,,,0,trial
2026-07-07T20:35:22,pid_hot_humid_bursty_r1,pid,hot_humid,bursty,1,43.482,43.182,42.982,40.482,25.0,45.0,140.0,,52.01600000000002,1.04,33.92,,,0,trial
2026-07-07T20:35:22,pid_hot_humid_bursty_r1,pid,hot_humid,bursty,1,43.49,43.19,42.99,40.49,25.0,45.0,140.0,,52.01600000000002,1.04,33.91,,,0,trial
2026-07-07T20:35:22,pid_hot_humid_bursty_r1,pid,hot_humid,bursty,1,43.499,43.199,42.999,40.499,25.0,45.0,140.0,,52.01600000000002,1.04,33.89,,,0,trial
2026-07-07T20:35:22,pid_hot_humid_bursty_r1,pid,hot_humid,bursty,1,43.507,43.207,43.007,40.507,25.0,45.0,140.0,,52.01600000000002,1.04,33.88,,,0,trial
2026-07-07T20:35:22,pid_hot_humid_bursty_r1,pid,hot_humid,bursty,1,43.516,43.216,43.016,40.516,25.0,45.0,140.0,,54.05599999999998,1.08,33.87,,,0,trial
2026-07-07T20:35:22,pid_hot_humid_bursty_r1,pid,hot_humid,bursty,1,43.524,43.224,43.024,40.524,25.0,45.0,140.0,,54.05599999999998,1.08,33.85,,,0,trial
2026-07-07T20:35:22,pid_hot_humid_bursty_r1,pid,hot_humid,bursty,1,43.532,43.232,43.032,40.532,25.0,45.0,140.0,,54.05599999999998,1.08,33.84,,,0,trial
2026-07-07T20:35:22,pid_hot_humid_bursty_r1,pid,hot_humid,bursty,1,43.54,43.24,43.04,40.54,25.0,45.0,140.0,,54.05599999999998,1.08,33.83,,,0,trial
2026-07-07T20:35:22,pid_hot_humid_bursty_r1,pid,hot_humid,bursty,1,43.549,43.249,43.049,40.549,25.0,45.0,140.0,,54.05599999999998,1.08,33.82,,,0,trial
2026-07-07T20:35:22,pid_hot_humid_bursty_r1,pid,hot_humid,bursty,1,43.557,43.257,43.057,40.557,25.0,45.0,140.0,,54.05599999999998,1.08,33.8,,,0,trial
2026-07-07T20:35:22,pid_hot_humid_bursty_r1,pid,hot_humid,bursty,1,43.565,43.265,43.065,40.565,25.0,45.0,140.0,,54.05599999999998,1.08,33.79,,,0,trial
2026-07-07T20:35:22,pid_hot_humid_bursty_r1,pid,hot_humid,bursty,1,43.573,43.273,43.073,40.573,25.0,45.0,140.0,,54.05599999999998,1.08,33.78,,,0,trial
2026-07-07T20:35:22,pid_hot_humid_bursty_r1,pid,hot_humid,bursty,1,43.581,43.281,43.081,40.581,25.0,45.0,140.0,,54.05599999999998,1.08,33.76,,,0,trial
2026-07-07T20:35:22,pid_hot_humid_bursty_r1,pid,hot_humid,bursty,1,43.59,43.29,43.09,40.59,25.0,45.0,140.0,,54.05599999999998,1.08,33.75,,,0,trial
2026-07-07T20:35:22,pid_hot_humid_bursty_r1,pid,hot_humid,bursty,1,43.598,43.298,43.098,40.598,25.0,45.0,140.0,,54.05599999999998,1.08,33.74,,,0,trial
2026-07-07T20:35:22,pid_hot_humid_bursty_r1,pid,hot_humid,bursty,1,43.606,43.306,43.106,40.606,25.0,45.0,140.0,,54.05599999999998,1.08,33.73,,,0,trial
2026-07-07T20:35:22,pid_hot_humid_bursty_r1,pid,hot_humid,bursty,1,43.614,43.314,43.114,40.614,25.0,45.0,140.0,,54.05599999999998,1.08,33.71,,,0,trial
2026-07-07T20:35:22,pid_hot_humid_bursty_r1,pid,hot_humid,bursty,1,43.622,43.322,43.122,40.622,25.0,45.0,140.0,,54.05599999999998,1.08,33.7,,,0,trial
2026-07-07T20:35:22,pid_hot_humid_bursty_r1,pid,hot_humid,bursty,1,43.631,43.331,43.131,40.631,25.0,45.0,140.0,,54.05599999999998,1.08,33.69,,,0,trial
2026-07-07T20:35:22,pid_hot_humid_bursty_r1,pid,hot_humid,bursty,1,43.639,43.339,43.139,40.639,25.0,45.0,140.0,,54.05599999999998,1.08,33.67,,,0,trial
2026-07-07T20:35:22,pid_hot_humid_bursty_r1,pid,hot_humid,bursty,1,43.647,43.347,43.147,40.647,25.0,45.0,140.0,,54.05599999999998,1.08,33.66,,,0,trial
2026-07-07T20:35:22,pid_hot_humid_bursty_r1,pid,hot_humid,bursty,1,43.655,43.355,43.155,40.655,25.0,45.0,140.0,,54.05599999999998,1.08,33.65,,,0,trial
2026-07-07T20:35:22,pid_hot_humid_bursty_r1,pid,hot_humid,bursty,1,43.663,43.363,43.163,40.663,25.0,45.0,140.0,,54.05599999999998,1.08,33.64,,,0,trial
2026-07-07T20:35:22,pid_hot_humid_bursty_r1,pid,hot_humid,bursty,1,43.671,43.371,43.171,40.671,25.0,45.0,140.0,,54.05599999999998,1.08,33.62,,,0,trial
2026-07-07T20:35:22,pid_hot_humid_bursty_r1,pid,hot_humid,bursty,1,43.68,43.38,43.18,40.68,25.0,45.0,140.0,,54.05599999999998,1.08,33.61,,,0,trial
2026-07-07T20:35:22,pid_hot_humid_bursty_r1,pid,hot_humid,bursty,1,43.688,43.388,43.188,40.688,25.0,45.0,140.0,,54.05599999999998,1.08,33.6,,,0,trial
2026-07-07T20:35:22,pid_hot_humid_bursty_r1,pid,hot_humid,bursty,1,43.696,43.396,43.196,40.696,25.0,45.0,140.0,,54.05599999999998,1.08,33.58,,,0,trial
2026-07-07T20:35:22,pid_hot_humid_bursty_r1,pid,hot_humid,bursty,1,43.704,43.404,43.204,40.704,25.0,45.0,140.0,,54.05599999999998,1.08,33.57,,,0,trial
2026-07-07T20:35:22,pid_hot_humid_bursty_r1,pid,hot_humid,bursty,1,43.712,43.412,43.212,40.712,25.0,45.0,140.0,,54.05599999999998,1.08,33.56,,,0,trial
2026-07-07T20:35:22,pid_hot_humid_bursty_r1,pid,hot_humid,bursty,1,43.72,43.42,43.22,40.72,25.0,45.0,140.0,,54.05599999999998,1.08,33.55,,,0,trial
2026-07-07T20:35:22,pid_hot_humid_bursty_r1,pid,hot_humid,bursty,1,43.728,43.428,43.228,40.728,25.0,45.0,140.0,,54.05599999999998,1.08,33.53,,,0,trial
2026-07-07T20:35:22,pid_hot_humid_bursty_r1,pid,hot_humid,bursty,1,43.736,43.436,43.236,40.736,25.0,45.0,140.0,,54.05599999999998,1.08,33.52,,,0,trial
2026-07-07T20:35:22,pid_hot_humid_bursty_r1,pid,hot_humid,bursty,1,43.745,43.445,43.245,40.745,25.0,45.0,140.0,,54.05599999999998,1.08,33.51,,,0,trial
2026-07-07T20:35:22,pid_hot_humid_bursty_r1,pid,hot_humid,bursty,1,43.753,43.453,43.253,40.753,25.0,45.0,140.0,,54.05599999999998,1.08,33.5,,,0,trial
2026-07-07T20:35:22,pid_hot_humid_bursty_r1,pid,hot_humid,bursty,1,43.761,43.461,43.261,40.761,25.0,45.0,140.0,,56.024,1.12,33.48,,,0,trial
2026-07-07T20:35:22,pid_hot_humid_bursty_r1,pid,hot_humid,bursty,1,43.768,43.468,43.268,40.768,25.0,45.0,140.0,,56.024,1.12,33.47,,,0,trial
2026-07-07T20:35:22,pid_hot_humid_bursty_r1,pid,hot_humid,bursty,1,43.776,43.476,43.276,40.776,25.0,45.0,140.0,,56.024,1.12,33.46,,,0,trial
2026-07-07T20:35:22,pid_hot_humid_bursty_r1,pid,hot_humid,bursty,1,43.784,43.484,43.284,40.784,25.0,45.0,140.0,,56.024,1.12,33.45,,,0,trial
2026-07-07T20:35:22,pid_hot_humid_bursty_r1,pid,hot_humid,bursty,1,43.792,43.492,43.292,40.792,25.0,45.0,140.0,,56.024,1.12,33.43,,,0,trial
2026-07-07T20:35:22,pid_hot_humid_bursty_r1,pid,hot_humid,bursty,1,43.8,43.5,43.3,40.8,25.0,45.0,140.0,,56.024,1.12,33.42,,,0,trial
2026-07-07T20:35:22,pid_hot_humid_bursty_r1,pid,hot_humid,bursty,1,43.808,43.508,43.308,40.808,25.0,45.0,140.0,,56.024,1.12,33.41,,,0,trial
2026-07-07T20:35:22,pid_hot_humid_bursty_r1,pid,hot_humid,bursty,1,43.816,43.516,43.316,40.816,25.0,45.0,140.0,,56.024,1.12,33.4,,,0,trial
2026-07-07T20:35:22,pid_hot_humid_bursty_r1,pid,hot_humid,bursty,1,43.824,43.524,43.324,40.824,25.0,45.0,140.0,,56.024,1.12,33.38,,,0,trial
2026-07-07T20:35:22,pid_hot_humid_bursty_r1,pid,hot_humid,bursty,1,43.831,43.531,43.331,40.831,25.0,45.0,140.0,,56.024,1.12,33.37,,,0,trial
2026-07-07T20:35:22,pid_hot_humid_bursty_r1,pid,hot_humid,bursty,1,43.839,43.539,43.339,40.839,25.0,45.0,140.0,,56.024,1.12,33.36,,,0,trial
2026-07-07T20:35:22,pid_hot_humid_bursty_r1,pid,hot_humid,bursty,1,43.847,43.547,43.347,40.847,25.0,45.0,140.0,,56.024,1.12,33.35,,,0,trial
2026-07-07T20:35:22,pid_hot_humid_bursty_r1,pid,hot_humid,bursty,1,43.855,43.555,43.355,40.855,25.0,45.0,140.0,,56.024,1.12,33.33,,,0,trial
2026-07-07T20:35:22,pid_hot_humid_bursty_r1,pid,hot_humid,bursty,1,43.863,43.563,43.363,40.863,25.0,45.0,140.0,,56.024,1.12,33.32,,,0,trial
2026-07-07T20:35:22,pid_hot_humid_bursty_r1,pid,hot_humid,bursty,1,43.871,43.571,43.371,40.871,25.0,45.0,140.0,,56.024,1.12,33.31,,,0,trial
2026-07-07T20:35:22,pid_hot_humid_bursty_r1,pid,hot_humid,bursty,1,43.878,43.578,43.378,40.878,25.0,45.0,140.0,,56.024,1.12,33.3,,,0,trial
2026-07-07T20:35:22,pid_hot_humid_bursty_r1,pid,hot_humid,bursty,1,43.886,43.586,43.386,40.886,25.0,45.0,140.0,,56.024,1.12,33.28,,,0,trial
2026-07-07T20:35:22,pid_hot_humid_bursty_r1,pid,hot_humid,bursty,1,43.894,43.594,43.394,40.894,25.0,45.0,140.0,,56.024,1.12,33.27,,,0,trial
2026-07-07T20:35:22,pid_hot_humid_bursty_r1,pid,hot_humid,bursty,1,43.902,43.602,43.402,40.902,25.0,45.0,140.0,,56.024,1.12,33.26,,,0,trial
2026-07-07T20:35:22,pid_hot_humid_bursty_r1,pid,hot_humid,bursty,1,43.91,43.61,43.41,40.91,25.0,45.0,140.0,,56.024,1.12,33.25,,,0,trial
2026-07-07T20:35:22,pid_hot_humid_bursty_r1,pid,hot_humid,bursty,1,43.918,43.618,43.418,40.918,25.0,45.0,140.0,,56.024,1.12,33.24,,,0,trial
2026-07-07T20:35:22,pid_hot_humid_bursty_r1,pid,hot_humid,bursty,1,43.925,43.625,43.425,40.925,25.0,45.0,140.0,,56.024,1.12,33.22,,,0,trial
2026-07-07T20:35:22,pid_hot_humid_bursty_r1,pid,hot_humid,bursty,1,43.933,43.633,43.433,40.933,25.0,45.0,140.0,,56.024,1.12,33.21,,,0,trial
2026-07-07T20:35:22,pid_hot_humid_bursty_r1,pid,hot_humid,bursty,1,43.941,43.641,43.441,40.941,25.0,45.0,140.0,,56.024,1.12,33.2,,,0,trial
2026-07-07T20:35:22,pid_hot_humid_bursty_r1,pid,hot_humid,bursty,1,43.949,43.649,43.449,40.949,25.0,45.0,140.0,,56.024,1.12,33.19,,,0,trial
2026-07-07T20:35:22,pid_hot_humid_bursty_r1,pid,hot_humid,bursty,1,43.956,43.656,43.456,40.956,25.0,45.0,140.0,,56.024,1.12,33.17,,,0,trial
2026-07-07T20:35:22,pid_hot_humid_bursty_r1,pid,hot_humid,bursty,1,43.964,43.664,43.464,40.964,25.0,45.0,140.0,,56.024,1.12,33.16,,,0,trial
2026-07-07T20:35:22,pid_hot_humid_bursty_r1,pid,hot_humid,bursty,1,43.972,43.672,43.472,40.972,25.0,45.0,140.0,,56.024,1.12,33.15,,,0,trial
2026-07-07T20:35:22,pid_hot_humid_bursty_r1,pid,hot_humid,bursty,1,43.98,43.68,43.48,40.98,25.0,45.0,140.0,,56.024,1.12,33.14,,,0,trial
2026-07-07T20:35:22,pid_hot_humid_bursty_r1,pid,hot_humid,bursty,1,43.988,43.688,43.488,40.988,25.0,45.0,140.0,,56.024,1.12,33.13,,,0,trial
2026-07-07T20:35:22,pid_hot_humid_bursty_r1,pid,hot_humid,bursty,1,43.995,43.695,43.495,40.995,25.0,45.0,140.0,,57.903999999999996,1.16,33.11,,,0,trial
2026-07-07T20:35:22,pid_hot_humid_bursty_r1,pid,hot_humid,bursty,1,44.003,43.703,43.503,41.003,25.0,45.0,140.0,,57.903999999999996,1.16,33.1,,,0,trial
2026-07-07T20:35:22,pid_hot_humid_bursty_r1,pid,hot_humid,bursty,1,44.01,43.71,43.51,41.01,25.0,45.0,140.0,,57.903999999999996,1.16,33.09,,,0,trial
2026-07-07T20:35:22,pid_hot_humid_bursty_r1,pid,hot_humid,bursty,1,44.018,43.718,43.518,41.018,25.0,45.0,140.0,,57.903999999999996,1.16,33.08,,,0,trial
2026-07-07T20:35:22,pid_hot_humid_bursty_r1,pid,hot_humid,bursty,1,44.025,43.725,43.525,41.025,25.0,45.0,140.0,,57.903999999999996,1.16,33.07,,,0,trial
2026-07-07T20:35:22,pid_hot_humid_bursty_r1,pid,hot_humid,bursty,1,44.033,43.733,43.533,41.033,25.0,45.0,140.0,,57.903999999999996,1.16,33.05,,,0,trial
2026-07-07T20:35:22,pid_hot_humid_bursty_r1,pid,hot_humid,bursty,1,44.04,43.74,43.54,41.04,25.0,45.0,140.0,,57.903999999999996,1.16,33.04,,,0,trial
2026-07-07T20:35:22,pid_hot_humid_bursty_r1,pid,hot_humid,bursty,1,44.048,43.748,43.548,41.048,25.0,45.0,140.0,,57.903999999999996,1.16,33.03,,,0,trial
2026-07-07T20:35:22,pid_hot_humid_bursty_r1,pid,hot_humid,bursty,1,44.055,43.755,43.555,41.055,25.0,45.0,140.0,,57.903999999999996,1.16,33.02,,,0,trial
2026-07-07T20:35:22,pid_hot_humid_bursty_r1,pid,hot_humid,bursty,1,44.063,43.763,43.563,41.063,25.0,45.0,140.0,,57.903999999999996,1.16,33.01,,,0,trial
2026-07-07T20:35:22,pid_hot_humid_bursty_r1,pid,hot_humid,bursty,1,44.07,43.77,43.57,41.07,25.0,45.0,140.0,,57.903999999999996,1.16,32.99,,,0,trial
2026-07-07T20:35:22,pid_hot_humid_bursty_r1,pid,hot_humid,bursty,1,44.078,43.778,43.578,41.078,25.0,45.0,140.0,,57.903999999999996,1.16,32.98,,,0,trial
2026-07-07T20:35:22,pid_hot_humid_bursty_r1,pid,hot_humid,bursty,1,44.086,43.786,43.586,41.086,25.0,45.0,140.0,,57.903999999999996,1.16,32.97,,,0,trial
2026-07-07T20:35:22,pid_hot_humid_bursty_r1,pid,hot_humid,bursty,1,44.093,43.793,43.593,41.093,25.0,45.0,140.0,,57.903999999999996,1.16,32.96,,,0,trial
2026-07-07T20:35:22,pid_hot_humid_bursty_r1,pid,hot_humid,bursty,1,44.101,43.801,43.601,41.101,25.0,45.0,140.0,,57.903999999999996,1.16,32.95,,,0,trial
2026-07-07T20:35:22,pid_hot_humid_bursty_r1,pid,hot_humid,bursty,1,44.108,43.808,43.608,41.108,25.0,45.0,140.0,,57.903999999999996,1.16,32.93,,,0,trial
2026-07-07T20:35:22,pid_hot_humid_bursty_r1,pid,hot_humid,bursty,1,44.116,43.816,43.616,41.116,25.0,45.0,140.0,,57.903999999999996,1.16,32.92,,,0,trial
2026-07-07T20:35:22,pid_hot_humid_bursty_r1,pid,hot_humid,bursty,1,44.123,43.823,43.623,41.123,25.0,45.0,140.0,,57.903999999999996,1.16,32.91,,,0,trial
2026-07-07T20:35:22,pid_hot_humid_bursty_r1,pid,hot_humid,bursty,1,44.13,43.83,43.63,41.13,25.0,45.0,140.0,,57.903999999999996,1.16,32.9,,,0,trial
2026-07-07T20:35:22,pid_hot_humid_bursty_r1,pid,hot_humid,bursty,1,44.138,43.838,43.638,41.138,25.0,45.0,140.0,,57.903999999999996,1.16,32.89,,,0,trial
2026-07-07T20:35:22,pid_hot_humid_bursty_r1,pid,hot_humid,bursty,1,44.145,43.845,43.645,41.145,25.0,45.0,140.0,,57.903999999999996,1.16,32.88,,,0,trial
2026-07-07T20:35:22,pid_hot_humid_bursty_r1,pid,hot_humid,bursty,1,44.153,43.853,43.653,41.153,25.0,45.0,140.0,,57.903999999999996,1.16,32.86,,,0,trial
2026-07-07T20:35:22,pid_hot_humid_bursty_r1,pid,hot_humid,bursty,1,44.16,43.86,43.66,41.16,25.0,45.0,140.0,,57.903999999999996,1.16,32.85,,,0,trial
2026-07-07T20:35:22,pid_hot_humid_bursty_r1,pid,hot_humid,bursty,1,44.168,43.868,43.668,41.168,25.0,45.0,140.0,,57.903999999999996,1.16,32.84,,,0,trial
2026-07-07T20:35:22,pid_hot_humid_bursty_r1,pid,hot_humid,bursty,1,44.175,43.875,43.675,41.175,25.0,45.0,140.0,,57.903999999999996,1.16,32.83,,,0,trial
2026-07-07T20:35:22,pid_hot_humid_bursty_r1,pid,hot_humid,bursty,1,44.183,43.883,43.683,41.183,25.0,45.0,140.0,,57.903999999999996,1.16,32.82,,,0,trial
2026-07-07T20:35:22,pid_hot_humid_bursty_r1,pid,hot_humid,bursty,1,44.19,43.89,43.69,41.19,25.0,45.0,140.0,,57.903999999999996,1.16,32.81,,,0,trial
2026-07-07T20:35:22,pid_hot_humid_bursty_r1,pid,hot_humid,bursty,1,44.198,43.898,43.698,41.198,25.0,45.0,140.0,,57.903999999999996,1.16,32.8,,,0,trial
2026-07-07T20:35:22,pid_hot_humid_bursty_r1,pid,hot_humid,bursty,1,44.205,43.905,43.705,41.205,25.0,45.0,140.0,,57.903999999999996,1.16,32.78,,,0,trial
2026-07-07T20:35:22,pid_hot_humid_bursty_r1,pid,hot_humid,bursty,1,44.213,43.913,43.713,41.213,25.0,45.0,140.0,,57.903999999999996,1.16,32.77,,,0,trial
2026-07-07T20:35:22,pid_hot_humid_bursty_r1,pid,hot_humid,bursty,1,44.22,43.92,43.72,41.22,25.0,45.0,140.0,,59.70400000000001,1.19,32.76,,,0,trial
2026-07-07T20:35:22,pid_hot_humid_bursty_r1,pid,hot_humid,bursty,1,44.227,43.927,43.727,41.227,25.0,45.0,140.0,,59.70400000000001,1.19,32.75,,,0,trial
2026-07-07T20:35:22,pid_hot_humid_bursty_r1,pid,hot_humid,bursty,1,44.234,43.934,43.734,41.234,25.0,45.0,140.0,,59.70400000000001,1.19,32.74,,,0,trial
2026-07-07T20:35:22,pid_hot_humid_bursty_r1,pid,hot_humid,bursty,1,44.241,43.941,43.741,41.241,25.0,45.0,140.0,,59.70400000000001,1.19,32.73,,,0,trial
2026-07-07T20:35:22,pid_hot_humid_bursty_r1,pid,hot_humid,bursty,1,44.249,43.949,43.749,41.249,25.0,45.0,140.0,,59.70400000000001,1.19,32.72,,,0,trial
2026-07-07T20:35:22,pid_hot_humid_bursty_r1,pid,hot_humid,bursty,1,44.256,43.956,43.756,41.256,25.0,45.0,140.0,,59.70400000000001,1.19,32.7,,,0,trial
2026-07-07T20:35:22,pid_hot_humid_bursty_r1,pid,hot_humid,bursty,1,44.263,43.963,43.763,41.263,25.0,45.0,140.0,,59.70400000000001,1.19,32.69,,,0,trial
2026-07-07T20:35:22,pid_hot_humid_bursty_r1,pid,hot_humid,bursty,1,44.27,43.97,43.77,41.27,25.0,45.0,140.0,,59.70400000000001,1.19,32.68,,,0,trial
2026-07-07T20:35:22,pid_hot_humid_bursty_r1,pid,hot_humid,bursty,1,44.277,43.977,43.777,41.277,25.0,45.0,140.0,,59.70400000000001,1.19,32.67,,,0,trial
2026-07-07T20:35:22,pid_hot_humid_bursty_r1,pid,hot_humid,bursty,1,44.285,43.985,43.785,41.285,25.0,45.0,140.0,,59.70400000000001,1.19,32.66,,,0,trial
2026-07-07T20:35:22,pid_hot_humid_bursty_r1,pid,hot_humid,bursty,1,44.292,43.992,43.792,41.292,25.0,45.0,140.0,,59.70400000000001,1.19,32.65,,,0,trial
2026-07-07T20:35:22,pid_hot_humid_bursty_r1,pid,hot_humid,bursty,1,44.299,43.999,43.799,41.299,25.0,45.0,140.0,,59.70400000000001,1.19,32.64,,,0,trial
2026-07-07T20:35:22,pid_hot_humid_bursty_r1,pid,hot_humid,bursty,1,44.306,44.006,43.806,41.306,25.0,45.0,140.0,,59.70400000000001,1.19,32.63,,,0,trial
2026-07-07T20:35:22,pid_hot_humid_bursty_r1,pid,hot_humid,bursty,1,44.313,44.013,43.813,41.313,25.0,45.0,140.0,,59.70400000000001,1.19,32.61,,,0,trial
2026-07-07T20:35:22,pid_hot_humid_bursty_r1,pid,hot_humid,bursty,1,44.321,44.021,43.821,41.321,25.0,45.0,140.0,,59.70400000000001,1.19,32.6,,,0,trial
2026-07-07T20:35:22,pid_hot_humid_bursty_r1,pid,hot_humid,bursty,1,44.328,44.028,43.828,41.328,25.0,45.0,140.0,,59.70400000000001,1.19,32.59,,,0,trial
2026-07-07T20:35:22,pid_hot_humid_bursty_r1,pid,hot_humid,bursty,1,44.335,44.035,43.835,41.335,25.0,45.0,140.0,,59.70400000000001,1.19,32.58,,,0,trial
2026-07-07T20:35:22,pid_hot_humid_bursty_r1,pid,hot_humid,bursty,1,44.342,44.042,43.842,41.342,25.0,45.0,140.0,,59.70400000000001,1.19,32.57,,,0,trial
2026-07-07T20:35:22,pid_hot_humid_bursty_r1,pid,hot_humid,bursty,1,44.349,44.049,43.849,41.349,25.0,45.0,140.0,,59.70400000000001,1.19,32.56,,,0,trial
2026-07-07T20:35:22,pid_hot_humid_bursty_r1,pid,hot_humid,bursty,1,44.356,44.056,43.856,41.356,25.0,45.0,140.0,,59.70400000000001,1.19,32.55,,,0,trial
2026-07-07T20:35:22,pid_hot_humid_bursty_r1,pid,hot_humid,bursty,1,44.364,44.064,43.864,41.364,25.0,45.0,140.0,,59.70400000000001,1.19,32.54,,,0,trial
2026-07-07T20:35:22,pid_hot_humid_bursty_r1,pid,hot_humid,bursty,1,44.371,44.071,43.871,41.371,25.0,45.0,140.0,,59.70400000000001,1.19,32.53,,,0,trial
2026-07-07T20:35:22,pid_hot_humid_bursty_r1,pid,hot_humid,bursty,1,44.378,44.078,43.878,41.378,25.0,45.0,140.0,,59.70400000000001,1.19,32.52,,,0,trial
2026-07-07T20:35:22,pid_hot_humid_bursty_r1,pid,hot_humid,bursty,1,44.385,44.085,43.885,41.385,25.0,45.0,140.0,,59.70400000000001,1.19,32.51,,,0,trial
2026-07-07T20:35:22,pid_hot_humid_bursty_r1,pid,hot_humid,bursty,1,44.392,44.092,43.892,41.392,25.0,45.0,140.0,,59.70400000000001,1.19,32.49,,,0,trial
2026-07-07T20:35:22,pid_hot_humid_bursty_r1,pid,hot_humid,bursty,1,44.399,44.099,43.899,41.399,25.0,45.0,140.0,,59.70400000000001,1.19,32.48,,,0,trial
2026-07-07T20:35:22,pid_hot_humid_bursty_r1,pid,hot_humid,bursty,1,44.406,44.106,43.906,41.406,25.0,45.0,140.0,,59.70400000000001,1.19,32.47,,,0,trial
2026-07-07T20:35:22,pid_hot_humid_bursty_r1,pid,hot_humid,bursty,1,44.414,44.114,43.914,41.414,25.0,45.0,140.0,,59.70400000000001,1.19,32.46,,,0,trial
2026-07-07T20:35:22,pid_hot_humid_bursty_r1,pid,hot_humid,bursty,1,44.421,44.121,43.921,41.421,25.0,45.0,140.0,,59.70400000000001,1.19,32.45,,,0,trial
2026-07-07T20:35:22,pid_hot_humid_bursty_r1,pid,hot_humid,bursty,1,44.428,44.128,43.928,41.428,25.0,45.0,140.0,,59.70400000000001,1.19,32.44,,,0,trial
2026-07-07T20:35:22,pid_hot_humid_bursty_r1,pid,hot_humid,bursty,1,44.435,44.135,43.935,41.435,25.0,45.0,140.0,,61.42399999999998,1.23,32.43,,,0,trial
2026-07-07T20:35:22,pid_hot_humid_bursty_r1,pid,hot_humid,bursty,1,44.442,44.142,43.942,41.442,25.0,45.0,140.0,,61.42399999999998,1.23,32.42,,,0,trial
2026-07-07T20:35:22,pid_hot_humid_bursty_r1,pid,hot_humid,bursty,1,44.449,44.149,43.949,41.449,25.0,45.0,140.0,,61.42399999999998,1.23,32.41,,,0,trial
2026-07-07T20:35:22,pid_hot_humid_bursty_r1,pid,hot_humid,bursty,1,44.455,44.155,43.955,41.455,25.0,45.0,140.0,,61.42399999999998,1.23,32.4,,,0,trial
2026-07-07T20:35:22,pid_hot_humid_bursty_r1,pid,hot_humid,bursty,1,44.462,44.162,43.962,41.462,25.0,45.0,140.0,,61.42399999999998,1.23,32.39,,,0,trial
2026-07-07T20:35:22,pid_hot_humid_bursty_r1,pid,hot_humid,bursty,1,44.469,44.169,43.969,41.469,25.0,45.0,140.0,,61.42399999999998,1.23,32.38,,,0,trial
2026-07-07T20:35:22,pid_hot_humid_bursty_r1,pid,hot_humid,bursty,1,44.476,44.176,43.976,41.476,25.0,45.0,140.0,,61.42399999999998,1.23,32.37,,,0,trial
2026-07-07T20:35:22,pid_hot_humid_bursty_r1,pid,hot_humid,bursty,1,44.483,44.183,43.983,41.483,25.0,45.0,140.0,,61.42399999999998,1.23,32.36,,,0,trial
2026-07-07T20:35:22,pid_hot_humid_bursty_r1,pid,hot_humid,bursty,1,44.49,44.19,43.99,41.49,25.0,45.0,140.0,,61.42399999999998,1.23,32.35,,,0,trial
2026-07-07T20:35:22,pid_hot_humid_bursty_r1,pid,hot_humid,bursty,1,44.497,44.197,43.997,41.497,25.0,45.0,140.0,,61.42399999999998,1.23,32.34,,,0,trial
2026-07-07T20:35:22,pid_hot_humid_bursty_r1,pid,hot_humid,bursty,1,44.504,44.204,44.004,41.504,25.0,45.0,140.0,,61.42399999999998,1.23,32.32,,,0,trial
2026-07-07T20:35:22,pid_hot_humid_bursty_r1,pid,hot_humid,bursty,1,44.511,44.211,44.011,41.511,25.0,45.0,140.0,,61.42399999999998,1.23,32.31,,,0,trial
2026-07-07T20:35:22,pid_hot_humid_bursty_r1,pid,hot_humid,bursty,1,44.518,44.218,44.018,41.518,25.0,45.0,140.0,,61.42399999999998,1.23,32.3,,,0,trial
2026-07-07T20:35:22,pid_hot_humid_bursty_r1,pid,hot_humid,bursty,1,44.524,44.224,44.024,41.524,25.0,45.0,140.0,,61.42399999999998,1.23,32.29,,,0,trial
2026-07-07T20:35:22,pid_hot_humid_bursty_r1,pid,hot_humid,bursty,1,44.531,44.231,44.031,41.531,25.0,45.0,140.0,,61.42399999999998,1.23,32.28,,,0,trial
2026-07-07T20:35:22,pid_hot_humid_bursty_r1,pid,hot_humid,bursty,1,44.538,44.238,44.038,41.538,25.0,45.0,140.0,,61.42399999999998,1.23,32.27,,,0,trial
2026-07-07T20:35:22,pid_hot_humid_bursty_r1,pid,hot_humid,bursty,1,44.545,44.245,44.045,41.545,25.0,45.0,140.0,,61.42399999999998,1.23,32.26,,,0,trial
2026-07-07T20:35:22,pid_hot_humid_bursty_r1,pid,hot_humid,bursty,1,44.552,44.252,44.052,41.552,25.0,45.0,140.0,,61.42399999999998,1.23,32.25,,,0,trial
2026-07-07T20:35:22,pid_hot_humid_bursty_r1,pid,hot_humid,bursty,1,44.559,44.259,44.059,41.559,25.0,45.0,140.0,,61.42399999999998,1.23,32.24,,,0,trial
2026-07-07T20:35:22,pid_hot_humid_bursty_r1,pid,hot_humid,bursty,1,44.566,44.266,44.066,41.566,25.0,45.0,140.0,,61.42399999999998,1.23,32.23,,,0,trial
2026-07-07T20:35:22,pid_hot_humid_bursty_r1,pid,hot_humid,bursty,1,44.572,44.272,44.072,41.572,25.0,45.0,140.0,,61.42399999999998,1.23,32.22,,,0,trial
2026-07-07T20:35:22,pid_hot_humid_bursty_r1,pid,hot_humid,bursty,1,44.579,44.279,44.079,41.579,25.0,45.0,140.0,,61.42399999999998,1.23,32.21,,,0,trial
2026-07-07T20:35:22,pid_hot_humid_bursty_r1,pid,hot_humid,bursty,1,44.586,44.286,44.086,41.586,25.0,45.0,140.0,,61.42399999999998,1.23,32.2,,,0,trial
2026-07-07T20:35:22,pid_hot_humid_bursty_r1,pid,hot_humid,bursty,1,44.593,44.293,44.093,41.593,25.0,45.0,140.0,,61.42399999999998,1.23,32.19,,,0,trial
2026-07-07T20:35:22,pid_hot_humid_bursty_r1,pid,hot_humid,bursty,1,44.6,44.3,44.1,41.6,25.0,45.0,140.0,,61.42399999999998,1.23,32.18,,,0,trial
2026-07-07T20:35:22,pid_hot_humid_bursty_r1,pid,hot_humid,bursty,1,44.607,44.307,44.107,41.607,25.0,45.0,140.0,,61.42399999999998,1.23,32.17,,,0,trial
2026-07-07T20:35:22,pid_hot_humid_bursty_r1,pid,hot_humid,bursty,1,44.613,44.313,44.113,41.613,25.0,45.0,140.0,,61.42399999999998,1.23,32.16,,,0,trial
2026-07-07T20:35:22,pid_hot_humid_bursty_r1,pid,hot_humid,bursty,1,44.62,44.32,44.12,41.62,25.0,45.0,140.0,,61.42399999999998,1.23,32.15,,,0,trial
2026-07-07T20:35:22,pid_hot_humid_bursty_r1,pid,hot_humid,bursty,1,44.627,44.327,44.127,41.627,25.0,45.0,140.0,,61.42399999999998,1.23,32.14,,,0,trial
2026-07-07T20:35:22,pid_hot_humid_bursty_r1,pid,hot_humid,bursty,1,44.623,44.323,44.123,41.623,25.0,45.0,60.0,,61.42399999999998,1.23,32.13,,,0,trial
2026-07-07T20:35:22,pid_hot_humid_bursty_r1,pid,hot_humid,bursty,1,44.619,44.319,44.119,41.619,25.0,45.0,60.0,,62.98399999999998,1.26,32.12,,,0,trial
2026-07-07T20:35:22,pid_hot_humid_bursty_r1,pid,hot_humid,bursty,1,44.615,44.315,44.115,41.615,25.0,45.0,60.0,,62.98399999999998,1.26,32.11,,,0,trial
2026-07-07T20:35:22,pid_hot_humid_bursty_r1,pid,hot_humid,bursty,1,44.612,44.312,44.112,41.612,25.0,45.0,60.0,,62.98399999999998,1.26,32.1,,,0,trial
2026-07-07T20:35:22,pid_hot_humid_bursty_r1,pid,hot_humid,bursty,1,44.608,44.308,44.108,41.608,25.0,45.0,60.0,,62.98399999999998,1.26,32.09,,,0,trial
2026-07-07T20:35:22,pid_hot_humid_bursty_r1,pid,hot_humid,bursty,1,44.604,44.304,44.104,41.604,25.0,45.0,60.0,,62.98399999999998,1.26,32.08,,,0,trial
2026-07-07T20:35:22,pid_hot_humid_bursty_r1,pid,hot_humid,bursty,1,44.6,44.3,44.1,41.6,25.0,45.0,60.0,,62.98399999999998,1.26,32.07,,,0,trial
2026-07-07T20:35:22,pid_hot_humid_bursty_r1,pid,hot_humid,bursty,1,44.596,44.296,44.096,41.596,25.0,45.0,60.0,,62.98399999999998,1.26,32.06,,,0,trial
2026-07-07T20:35:22,pid_hot_humid_bursty_r1,pid,hot_humid,bursty,1,44.592,44.292,44.092,41.592,25.0,45.0,60.0,,62.98399999999998,1.26,32.05,,,0,trial
2026-07-07T20:35:22,pid_hot_humid_bursty_r1,pid,hot_humid,bursty,1,44.588,44.288,44.088,41.588,25.0,45.0,60.0,,62.98399999999998,1.26,32.04,,,0,trial
2026-07-07T20:35:22,pid_hot_humid_bursty_r1,pid,hot_humid,bursty,1,44.585,44.285,44.085,41.585,25.0,45.0,60.0,,62.98399999999998,1.26,32.04,,,0,trial
2026-07-07T20:35:22,pid_hot_humid_bursty_r1,pid,hot_humid,bursty,1,44.581,44.281,44.081,41.581,25.0,45.0,60.0,,62.98399999999998,1.26,32.03,,,0,trial
2026-07-07T20:35:22,pid_hot_humid_bursty_r1,pid,hot_humid,bursty,1,44.577,44.277,44.077,41.577,25.0,45.0,60.0,,62.98399999999998,1.26,32.02,,,0,trial
2026-07-07T20:35:22,pid_hot_humid_bursty_r1,pid,hot_humid,bursty,1,44.573,44.273,44.073,41.573,25.0,45.0,60.0,,62.98399999999998,1.26,32.01,,,0,trial
2026-07-07T20:35:22,pid_hot_humid_bursty_r1,pid,hot_humid,bursty,1,44.569,44.269,44.069,41.569,25.0,45.0,60.0,,62.98399999999998,1.26,32.0,,,0,trial
2026-07-07T20:35:22,pid_hot_humid_bursty_r1,pid,hot_humid,bursty,1,44.565,44.265,44.065,41.565,25.0,45.0,60.0,,62.98399999999998,1.26,31.99,,,0,trial
2026-07-07T20:35:22,pid_hot_humid_bursty_r1,pid,hot_humid,bursty,1,44.561,44.261,44.061,41.561,25.0,45.0,60.0,,62.98399999999998,1.26,31.98,,,0,trial
2026-07-07T20:35:22,pid_hot_humid_bursty_r1,pid,hot_humid,bursty,1,44.558,44.258,44.058,41.558,25.0,45.0,60.0,,62.98399999999998,1.26,31.97,,,0,trial
2026-07-07T20:35:22,pid_hot_humid_bursty_r1,pid,hot_humid,bursty,1,44.554,44.254,44.054,41.554,25.0,45.0,60.0,,62.98399999999998,1.26,31.96,,,0,trial
2026-07-07T20:35:22,pid_hot_humid_bursty_r1,pid,hot_humid,bursty,1,44.55,44.25,44.05,41.55,25.0,45.0,60.0,,62.98399999999998,1.26,31.95,,,0,trial
2026-07-07T20:35:22,pid_hot_humid_bursty_r1,pid,hot_humid,bursty,1,44.546,44.246,44.046,41.546,25.0,45.0,60.0,,62.98399999999998,1.26,31.94,,,0,trial
2026-07-07T20:35:22,pid_hot_humid_bursty_r1,pid,hot_humid,bursty,1,44.542,44.242,44.042,41.542,25.0,45.0,60.0,,62.98399999999998,1.26,31.93,,,0,trial
2026-07-07T20:35:22,pid_hot_humid_bursty_r1,pid,hot_humid,bursty,1,44.538,44.238,44.038,41.538,25.0,45.0,60.0,,62.98399999999998,1.26,31.92,,,0,trial
2026-07-07T20:35:22,pid_hot_humid_bursty_r1,pid,hot_humid,bursty,1,44.534,44.234,44.034,41.534,25.0,45.0,60.0,,62.98399999999998,1.26,31.91,,,0,trial
2026-07-07T20:35:22,pid_hot_humid_bursty_r1,pid,hot_humid,bursty,1,44.531,44.231,44.031,41.531,25.0,45.0,60.0,,62.98399999999998,1.26,31.9,,,0,trial
2026-07-07T20:35:22,pid_hot_humid_bursty_r1,pid,hot_humid,bursty,1,44.527,44.227,44.027,41.527,25.0,45.0,60.0,,62.98399999999998,1.26,31.89,,,0,trial
2026-07-07T20:35:22,pid_hot_humid_bursty_r1,pid,hot_humid,bursty,1,44.523,44.223,44.023,41.523,25.0,45.0,60.0,,62.98399999999998,1.26,31.89,,,0,trial
2026-07-07T20:35:22,pid_hot_humid_bursty_r1,pid,hot_humid,bursty,1,44.519,44.219,44.019,41.519,25.0,45.0,60.0,,62.98399999999998,1.26,31.88,,,0,trial
2026-07-07T20:35:22,pid_hot_humid_bursty_r1,pid,hot_humid,bursty,1,44.515,44.215,44.015,41.515,25.0,45.0,60.0,,62.98399999999998,1.26,31.87,,,0,trial
2026-07-07T20:35:22,pid_hot_humid_bursty_r1,pid,hot_humid,bursty,1,44.512,44.212,44.012,41.512,25.0,45.0,60.0,,62.98399999999998,1.26,31.86,,,0,trial
2026-07-07T20:35:22,pid_hot_humid_bursty_r1,pid,hot_humid,bursty,1,44.508,44.208,44.008,41.508,25.0,45.0,60.0,,62.98399999999998,1.26,31.85,,,0,trial
2026-07-07T20:35:22,pid_hot_humid_bursty_r1,pid,hot_humid,bursty,1,44.504,44.204,44.004,41.504,25.0,45.0,60.0,,62.06400000000002,1.24,31.84,,,0,trial
2026-07-07T20:35:22,pid_hot_humid_bursty_r1,pid,hot_humid,bursty,1,44.5,44.2,44.0,41.5,25.0,45.0,60.0,,62.06400000000002,1.24,31.83,,,0,trial
2026-07-07T20:35:22,pid_hot_humid_bursty_r1,pid,hot_humid,bursty,1,44.497,44.197,43.997,41.497,25.0,45.0,60.0,,62.06400000000002,1.24,31.82,,,0,trial
2026-07-07T20:35:22,pid_hot_humid_bursty_r1,pid,hot_humid,bursty,1,44.493,44.193,43.993,41.493,25.0,45.0,60.0,,62.06400000000002,1.24,31.81,,,0,trial
2026-07-07T20:35:22,pid_hot_humid_bursty_r1,pid,hot_humid,bursty,1,44.489,44.189,43.989,41.489,25.0,45.0,60.0,,62.06400000000002,1.24,31.81,,,0,trial
2026-07-07T20:35:22,pid_hot_humid_bursty_r1,pid,hot_humid,bursty,1,44.485,44.185,43.985,41.485,25.0,45.0,60.0,,62.06400000000002,1.24,31.8,,,0,trial
2026-07-07T20:35:22,pid_hot_humid_bursty_r1,pid,hot_humid,bursty,1,44.482,44.182,43.982,41.482,25.0,45.0,60.0,,62.06400000000002,1.24,31.79,,,0,trial
2026-07-07T20:35:22,pid_hot_humid_bursty_r1,pid,hot_humid,bursty,1,44.478,44.178,43.978,41.478,25.0,45.0,60.0,,62.06400000000002,1.24,31.78,,,0,trial
2026-07-07T20:35:22,pid_hot_humid_bursty_r1,pid,hot_humid,bursty,1,44.474,44.174,43.974,41.474,25.0,45.0,60.0,,62.06400000000002,1.24,31.77,,,0,trial
2026-07-07T20:35:22,pid_hot_humid_bursty_r1,pid,hot_humid,bursty,1,44.471,44.171,43.971,41.471,25.0,45.0,60.0,,62.06400000000002,1.24,31.76,,,0,trial
2026-07-07T20:35:22,pid_hot_humid_bursty_r1,pid,hot_humid,bursty,1,44.467,44.167,43.967,41.467,25.0,45.0,60.0,,62.06400000000002,1.24,31.75,,,0,trial
2026-07-07T20:35:22,pid_hot_humid_bursty_r1,pid,hot_humid,bursty,1,44.463,44.163,43.963,41.463,25.0,45.0,60.0,,62.06400000000002,1.24,31.74,,,0,trial
2026-07-07T20:35:22,pid_hot_humid_bursty_r1,pid,hot_humid,bursty,1,44.46,44.16,43.96,41.46,25.0,45.0,60.0,,62.06400000000002,1.24,31.74,,,0,trial
2026-07-07T20:35:22,pid_hot_humid_bursty_r1,pid,hot_humid,bursty,1,44.456,44.156,43.956,41.456,25.0,45.0,60.0,,62.06400000000002,1.24,31.73,,,0,trial
2026-07-07T20:35:22,pid_hot_humid_bursty_r1,pid,hot_humid,bursty,1,44.452,44.152,43.952,41.452,25.0,45.0,60.0,,62.06400000000002,1.24,31.72,,,0,trial
2026-07-07T20:35:22,pid_hot_humid_bursty_r1,pid,hot_humid,bursty,1,44.448,44.148,43.948,41.448,25.0,45.0,60.0,,62.06400000000002,1.24,31.71,,,0,trial
2026-07-07T20:35:22,pid_hot_humid_bursty_r1,pid,hot_humid,bursty,1,44.445,44.145,43.945,41.445,25.0,45.0,60.0,,62.06400000000002,1.24,31.7,,,0,trial
2026-07-07T20:35:22,pid_hot_humid_bursty_r1,pid,hot_humid,bursty,1,44.441,44.141,43.941,41.441,25.0,45.0,60.0,,62.06400000000002,1.24,31.69,,,0,trial
2026-07-07T20:35:22,pid_hot_humid_bursty_r1,pid,hot_humid,bursty,1,44.437,44.137,43.937,41.437,25.0,45.0,60.0,,62.06400000000002,1.24,31.68,,,0,trial
2026-07-07T20:35:22,pid_hot_humid_bursty_r1,pid,hot_humid,bursty,1,44.434,44.134,43.934,41.434,25.0,45.0,60.0,,62.06400000000002,1.24,31.68,,,0,trial
2026-07-07T20:35:22,pid_hot_humid_bursty_r1,pid,hot_humid,bursty,1,44.43,44.13,43.93,41.43,25.0,45.0,60.0,,62.06400000000002,1.24,31.67,,,0,trial
2026-07-07T20:35:22,pid_hot_humid_bursty_r1,pid,hot_humid,bursty,1,44.426,44.126,43.926,41.426,25.0,45.0,60.0,,62.06400000000002,1.24,31.66,,,0,trial
2026-07-07T20:35:22,pid_hot_humid_bursty_r1,pid,hot_humid,bursty,1,44.423,44.123,43.923,41.423,25.0,45.0,60.0,,62.06400000000002,1.24,31.65,,,0,trial
2026-07-07T20:35:22,pid_hot_humid_bursty_r1,pid,hot_humid,bursty,1,44.419,44.119,43.919,41.419,25.0,45.0,60.0,,62.06400000000002,1.24,31.64,,,0,trial
2026-07-07T20:35:22,pid_hot_humid_bursty_r1,pid,hot_humid,bursty,1,44.415,44.115,43.915,41.415,25.0,45.0,60.0,,62.06400000000002,1.24,31.63,,,0,trial
2026-07-07T20:35:22,pid_hot_humid_bursty_r1,pid,hot_humid,bursty,1,44.412,44.112,43.912,41.412,25.0,45.0,60.0,,62.06400000000002,1.24,31.63,,,0,trial
2026-07-07T20:35:22,pid_hot_humid_bursty_r1,pid,hot_humid,bursty,1,44.408,44.108,43.908,41.408,25.0,45.0,60.0,,62.06400000000002,1.24,31.62,,,0,trial
2026-07-07T20:35:22,pid_hot_humid_bursty_r1,pid,hot_humid,bursty,1,44.404,44.104,43.904,41.404,25.0,45.0,60.0,,62.06400000000002,1.24,31.61,,,0,trial
2026-07-07T20:35:22,pid_hot_humid_bursty_r1,pid,hot_humid,bursty,1,44.401,44.101,43.901,41.401,25.0,45.0,60.0,,62.06400000000002,1.24,31.6,,,0,trial
2026-07-07T20:35:22,pid_hot_humid_bursty_r1,pid,hot_humid,bursty,1,44.397,44.097,43.897,41.397,25.0,45.0,60.0,,62.06400000000002,1.24,31.59,,,0,trial
2026-07-07T20:35:22,pid_hot_humid_bursty_r1,pid,hot_humid,bursty,1,44.394,44.094,43.894,41.394,25.0,45.0,60.0,,61.17599999999999,1.22,31.59,,,0,trial
2026-07-07T20:35:22,pid_hot_humid_bursty_r1,pid,hot_humid,bursty,1,44.39,44.09,43.89,41.39,25.0,45.0,60.0,,61.17599999999999,1.22,31.58,,,0,trial
2026-07-07T20:35:22,pid_hot_humid_bursty_r1,pid,hot_humid,bursty,1,44.386,44.086,43.886,41.386,25.0,45.0,60.0,,61.17599999999999,1.22,31.57,,,0,trial
2026-07-07T20:35:22,pid_hot_humid_bursty_r1,pid,hot_humid,bursty,1,44.383,44.083,43.883,41.383,25.0,45.0,60.0,,61.17599999999999,1.22,31.56,,,0,trial
2026-07-07T20:35:22,pid_hot_humid_bursty_r1,pid,hot_humid,bursty,1,44.379,44.079,43.879,41.379,25.0,45.0,60.0,,61.17599999999999,1.22,31.55,,,0,trial
2026-07-07T20:35:22,pid_hot_humid_bursty_r1,pid,hot_humid,bursty,1,44.376,44.076,43.876,41.376,25.0,45.0,60.0,,61.17599999999999,1.22,31.55,,,0,trial
2026-07-07T20:35:22,pid_hot_humid_bursty_r1,pid,hot_humid,bursty,1,44.372,44.072,43.872,41.372,25.0,45.0,60.0,,61.17599999999999,1.22,31.54,,,0,trial
2026-07-07T20:35:22,pid_hot_humid_bursty_r1,pid,hot_humid,bursty,1,44.369,44.069,43.869,41.369,25.0,45.0,60.0,,61.17599999999999,1.22,31.53,,,0,trial
2026-07-07T20:35:22,pid_hot_humid_bursty_r1,pid,hot_humid,bursty,1,44.365,44.065,43.865,41.365,25.0,45.0,60.0,,61.17599999999999,1.22,31.52,,,0,trial
2026-07-07T20:35:22,pid_hot_humid_bursty_r1,pid,hot_humid,bursty,1,44.362,44.062,43.862,41.362,25.0,45.0,60.0,,61.17599999999999,1.22,31.51,,,0,trial
2026-07-07T20:35:22,pid_hot_humid_bursty_r1,pid,hot_humid,bursty,1,44.358,44.058,43.858,41.358,25.0,45.0,60.0,,61.17599999999999,1.22,31.51,,,0,trial
2026-07-07T20:35:22,pid_hot_humid_bursty_r1,pid,hot_humid,bursty,1,44.355,44.055,43.855,41.355,25.0,45.0,60.0,,61.17599999999999,1.22,31.5,,,0,trial
2026-07-07T20:35:22,pid_hot_humid_bursty_r1,pid,hot_humid,bursty,1,44.351,44.051,43.851,41.351,25.0,45.0,60.0,,61.17599999999999,1.22,31.49,,,0,trial
2026-07-07T20:35:22,pid_hot_humid_bursty_r1,pid,hot_humid,bursty,1,44.348,44.048,43.848,41.348,25.0,45.0,60.0,,61.17599999999999,1.22,31.48,,,0,trial
2026-07-07T20:35:22,pid_hot_humid_bursty_r1,pid,hot_humid,bursty,1,44.344,44.044,43.844,41.344,25.0,45.0,60.0,,61.17599999999999,1.22,31.48,,,0,trial
2026-07-07T20:35:22,pid_hot_humid_bursty_r1,pid,hot_humid,bursty,1,44.341,44.041,43.841,41.341,25.0,45.0,60.0,,61.17599999999999,1.22,31.47,,,0,trial
2026-07-07T20:35:22,pid_hot_humid_bursty_r1,pid,hot_humid,bursty,1,44.337,44.037,43.837,41.337,25.0,45.0,60.0,,61.17599999999999,1.22,31.46,,,0,trial
2026-07-07T20:35:22,pid_hot_humid_bursty_r1,pid,hot_humid,bursty,1,44.333,44.033,43.833,41.333,25.0,45.0,60.0,,61.17599999999999,1.22,31.45,,,0,trial
2026-07-07T20:35:22,pid_hot_humid_bursty_r1,pid,hot_humid,bursty,1,44.33,44.03,43.83,41.33,25.0,45.0,60.0,,61.17599999999999,1.22,31.44,,,0,trial
2026-07-07T20:35:22,pid_hot_humid_bursty_r1,pid,hot_humid,bursty,1,44.326,44.026,43.826,41.326,25.0,45.0,60.0,,61.17599999999999,1.22,31.44,,,0,trial
2026-07-07T20:35:22,pid_hot_humid_bursty_r1,pid,hot_humid,bursty,1,44.323,44.023,43.823,41.323,25.0,45.0,60.0,,61.17599999999999,1.22,31.43,,,0,trial
2026-07-07T20:35:22,pid_hot_humid_bursty_r1,pid,hot_humid,bursty,1,44.319,44.019,43.819,41.319,25.0,45.0,60.0,,61.17599999999999,1.22,31.42,,,0,trial
2026-07-07T20:35:22,pid_hot_humid_bursty_r1,pid,hot_humid,bursty,1,44.316,44.016,43.816,41.316,25.0,45.0,60.0,,61.17599999999999,1.22,31.42,,,0,trial
2026-07-07T20:35:22,pid_hot_humid_bursty_r1,pid,hot_humid,bursty,1,44.312,44.012,43.812,41.312,25.0,45.0,60.0,,61.17599999999999,1.22,31.41,,,0,trial
2026-07-07T20:35:22,pid_hot_humid_bursty_r1,pid,hot_humid,bursty,1,44.309,44.009,43.809,41.309,25.0,45.0,60.0,,61.17599999999999,1.22,31.4,,,0,trial
2026-07-07T20:35:22,pid_hot_humid_bursty_r1,pid,hot_humid,bursty,1,44.305,44.005,43.805,41.305,25.0,45.0,60.0,,61.17599999999999,1.22,31.39,,,0,trial
2026-07-07T20:35:22,pid_hot_humid_bursty_r1,pid,hot_humid,bursty,1,44.302,44.002,43.802,41.302,25.0,45.0,60.0,,61.17599999999999,1.22,31.39,,,0,trial
2026-07-07T20:35:22,pid_hot_humid_bursty_r1,pid,hot_humid,bursty,1,44.298,43.998,43.798,41.298,25.0,45.0,60.0,,61.17599999999999,1.22,31.38,,,0,trial
2026-07-07T20:35:22,pid_hot_humid_bursty_r1,pid,hot_humid,bursty,1,44.295,43.995,43.795,41.295,25.0,45.0,60.0,,61.17599999999999,1.22,31.37,,,0,trial
2026-07-07T20:35:22,pid_hot_humid_bursty_r1,pid,hot_humid,bursty,1,44.291,43.991,43.791,41.291,25.0,45.0,60.0,,61.17599999999999,1.22,31.36,,,0,trial
2026-07-07T20:35:22,pid_hot_humid_bursty_r1,pid,hot_humid,bursty,1,44.288,43.988,43.788,41.288,25.0,45.0,60.0,,60.327999999999975,1.21,31.36,,,0,trial
2026-07-07T20:35:22,pid_hot_humid_bursty_r1,pid,hot_humid,bursty,1,44.285,43.985,43.785,41.285,25.0,45.0,60.0,,60.327999999999975,1.21,31.35,,,0,trial
2026-07-07T20:35:22,pid_hot_humid_bursty_r1,pid,hot_humid,bursty,1,44.281,43.981,43.781,41.281,25.0,45.0,60.0,,60.327999999999975,1.21,31.34,,,0,trial
2026-07-07T20:35:22,pid_hot_humid_bursty_r1,pid,hot_humid,bursty,1,44.278,43.978,43.778,41.278,25.0,45.0,60.0,,60.327999999999975,1.21,31.34,,,0,trial
2026-07-07T20:35:22,pid_hot_humid_bursty_r1,pid,hot_humid,bursty,1,44.274,43.974,43.774,41.274,25.0,45.0,60.0,,60.327999999999975,1.21,31.33,,,0,trial
2026-07-07T20:35:22,pid_hot_humid_bursty_r1,pid,hot_humid,bursty,1,44.271,43.971,43.771,41.271,25.0,45.0,60.0,,60.327999999999975,1.21,31.32,,,0,trial
2026-07-07T20:35:22,pid_hot_humid_bursty_r1,pid,hot_humid,bursty,1,44.268,43.968,43.768,41.268,25.0,45.0,60.0,,60.327999999999975,1.21,31.31,,,0,trial
2026-07-07T20:35:22,pid_hot_humid_bursty_r1,pid,hot_humid,bursty,1,44.264,43.964,43.764,41.264,25.0,45.0,60.0,,60.327999999999975,1.21,31.31,,,0,trial
2026-07-07T20:35:22,pid_hot_humid_bursty_r1,pid,hot_humid,bursty,1,44.261,43.961,43.761,41.261,25.0,45.0,60.0,,60.327999999999975,1.21,31.3,,,0,trial
2026-07-07T20:35:22,pid_hot_humid_bursty_r1,pid,hot_humid,bursty,1,44.257,43.957,43.757,41.257,25.0,45.0,60.0,,60.327999999999975,1.21,31.29,,,0,trial
2026-07-07T20:35:22,pid_hot_humid_bursty_r1,pid,hot_humid,bursty,1,44.254,43.954,43.754,41.254,25.0,45.0,60.0,,60.327999999999975,1.21,31.29,,,0,trial
2026-07-07T20:35:22,pid_hot_humid_bursty_r1,pid,hot_humid,bursty,1,44.251,43.951,43.751,41.251,25.0,45.0,60.0,,60.327999999999975,1.21,31.28,,,0,trial
2026-07-07T20:35:22,pid_hot_humid_bursty_r1,pid,hot_humid,bursty,1,44.247,43.947,43.747,41.247,25.0,45.0,60.0,,60.327999999999975,1.21,31.27,,,0,trial
2026-07-07T20:35:22,pid_hot_humid_bursty_r1,pid,hot_humid,bursty,1,44.244,43.944,43.744,41.244,25.0,45.0,60.0,,60.327999999999975,1.21,31.27,,,0,trial
2026-07-07T20:35:22,pid_hot_humid_bursty_r1,pid,hot_humid,bursty,1,44.241,43.941,43.741,41.241,25.0,45.0,60.0,,60.327999999999975,1.21,31.26,,,0,trial
2026-07-07T20:35:22,pid_hot_humid_bursty_r1,pid,hot_humid,bursty,1,44.237,43.937,43.737,41.237,25.0,45.0,60.0,,60.327999999999975,1.21,31.25,,,0,trial
2026-07-07T20:35:22,pid_hot_humid_bursty_r1,pid,hot_humid,bursty,1,44.234,43.934,43.734,41.234,25.0,45.0,60.0,,60.327999999999975,1.21,31.25,,,0,trial
2026-07-07T20:35:22,pid_hot_humid_bursty_r1,pid,hot_humid,bursty,1,44.23,43.93,43.73,41.23,25.0,45.0,60.0,,60.327999999999975,1.21,31.24,,,0,trial
2026-07-07T20:35:22,pid_hot_humid_bursty_r1,pid,hot_humid,bursty,1,44.227,43.927,43.727,41.227,25.0,45.0,60.0,,60.327999999999975,1.21,31.23,,,0,trial
2026-07-07T20:35:22,pid_hot_humid_bursty_r1,pid,hot_humid,bursty,1,44.224,43.924,43.724,41.224,25.0,45.0,60.0,,60.327999999999975,1.21,31.23,,,0,trial
2026-07-07T20:35:22,pid_hot_humid_bursty_r1,pid,hot_humid,bursty,1,44.22,43.92,43.72,41.22,25.0,45.0,60.0,,60.327999999999975,1.21,31.22,,,0,trial
2026-07-07T20:35:22,pid_hot_humid_bursty_r1,pid,hot_humid,bursty,1,44.217,43.917,43.717,41.217,25.0,45.0,60.0,,60.327999999999975,1.21,31.21,,,0,trial
2026-07-07T20:35:22,pid_hot_humid_bursty_r1,pid,hot_humid,bursty,1,44.214,43.914,43.714,41.214,25.0,45.0,60.0,,60.327999999999975,1.21,31.21,,,0,trial
2026-07-07T20:35:22,pid_hot_humid_bursty_r1,pid,hot_humid,bursty,1,44.21,43.91,43.71,41.21,25.0,45.0,60.0,,60.327999999999975,1.21,31.2,,,0,trial
2026-07-07T20:35:22,pid_hot_humid_bursty_r1,pid,hot_humid,bursty,1,44.207,43.907,43.707,41.207,25.0,45.0,60.0,,60.327999999999975,1.21,31.19,,,0,trial
2026-07-07T20:35:22,pid_hot_humid_bursty_r1,pid,hot_humid,bursty,1,44.204,43.904,43.704,41.204,25.0,45.0,60.0,,60.327999999999975,1.21,31.19,,,0,trial
2026-07-07T20:35:22,pid_hot_humid_bursty_r1,pid,hot_humid,bursty,1,44.2,43.9,43.7,41.2,25.0,45.0,60.0,,60.327999999999975,1.21,31.18,,,0,trial
2026-07-07T20:35:22,pid_hot_humid_bursty_r1,pid,hot_humid,bursty,1,44.197,43.897,43.697,41.197,25.0,45.0,60.0,,60.327999999999975,1.21,31.17,,,0,trial
2026-07-07T20:35:22,pid_hot_humid_bursty_r1,pid,hot_humid,bursty,1,44.194,43.894,43.694,41.194,25.0,45.0,60.0,,60.327999999999975,1.21,31.17,,,0,trial
2026-07-07T20:35:22,pid_hot_humid_bursty_r1,pid,hot_humid,bursty,1,44.19,43.89,43.69,41.19,25.0,45.0,60.0,,60.327999999999975,1.21,31.16,,,0,trial
2026-07-07T20:35:22,pid_hot_humid_bursty_r1,pid,hot_humid,bursty,1,44.187,43.887,43.687,41.187,25.0,45.0,60.0,,59.51999999999998,1.19,31.15,,,0,trial
2026-07-07T20:35:22,pid_hot_humid_bursty_r1,pid,hot_humid,bursty,1,44.184,43.884,43.684,41.184,25.0,45.0,60.0,,59.51999999999998,1.19,31.15,,,0,trial
2026-07-07T20:35:22,pid_hot_humid_bursty_r1,pid,hot_humid,bursty,1,44.18,43.88,43.68,41.18,25.0,45.0,60.0,,59.51999999999998,1.19,31.14,,,0,trial
2026-07-07T20:35:22,pid_hot_humid_bursty_r1,pid,hot_humid,bursty,1,44.177,43.877,43.677,41.177,25.0,45.0,60.0,,59.51999999999998,1.19,31.14,,,0,trial
2026-07-07T20:35:22,pid_hot_humid_bursty_r1,pid,hot_humid,bursty,1,44.174,43.874,43.674,41.174,25.0,45.0,60.0,,59.51999999999998,1.19,31.13,,,0,trial
2026-07-07T20:35:22,pid_hot_humid_bursty_r1,pid,hot_humid,bursty,1,44.171,43.871,43.671,41.171,25.0,45.0,60.0,,59.51999999999998,1.19,31.12,,,0,trial
2026-07-07T20:35:22,pid_hot_humid_bursty_r1,pid,hot_humid,bursty,1,44.167,43.867,43.667,41.167,25.0,45.0,60.0,,59.51999999999998,1.19,31.12,,,0,trial
2026-07-07T20:35:22,pid_hot_humid_bursty_r1,pid,hot_humid,bursty,1,44.164,43.864,43.664,41.164,25.0,45.0,60.0,,59.51999999999998,1.19,31.11,,,0,trial
2026-07-07T20:35:22,pid_hot_humid_bursty_r1,pid,hot_humid,bursty,1,44.161,43.861,43.661,41.161,25.0,45.0,60.0,,59.51999999999998,1.19,31.1,,,0,trial
2026-07-07T20:35:22,pid_hot_humid_bursty_r1,pid,hot_humid,bursty,1,44.158,43.858,43.658,41.158,25.0,45.0,60.0,,59.51999999999998,1.19,31.1,,,0,trial
2026-07-07T20:35:22,pid_hot_humid_bursty_r1,pid,hot_humid,bursty,1,44.154,43.854,43.654,41.154,25.0,45.0,60.0,,59.51999999999998,1.19,31.09,,,0,trial
2026-07-07T20:35:22,pid_hot_humid_bursty_r1,pid,hot_humid,bursty,1,44.151,43.851,43.651,41.151,25.0,45.0,60.0,,59.51999999999998,1.19,31.09,,,0,trial
2026-07-07T20:35:22,pid_hot_humid_bursty_r1,pid,hot_humid,bursty,1,44.148,43.848,43.648,41.148,25.0,45.0,60.0,,59.51999999999998,1.19,31.08,,,0,trial
2026-07-07T20:35:22,pid_hot_humid_bursty_r1,pid,hot_humid,bursty,1,44.145,43.845,43.645,41.145,25.0,45.0,60.0,,59.51999999999998,1.19,31.07,,,0,trial
2026-07-07T20:35:22,pid_hot_humid_bursty_r1,pid,hot_humid,bursty,1,44.142,43.842,43.642,41.142,25.0,45.0,60.0,,59.51999999999998,1.19,31.07,,,0,trial
2026-07-07T20:35:22,pid_hot_humid_bursty_r1,pid,hot_humid,bursty,1,44.138,43.838,43.638,41.138,25.0,45.0,60.0,,59.51999999999998,1.19,31.06,,,0,trial
2026-07-07T20:35:22,pid_hot_humid_bursty_r1,pid,hot_humid,bursty,1,44.135,43.835,43.635,41.135,25.0,45.0,60.0,,59.51999999999998,1.19,31.06,,,0,trial
2026-07-07T20:35:22,pid_hot_humid_bursty_r1,pid,hot_humid,bursty,1,44.132,43.832,43.632,41.132,25.0,45.0,60.0,,59.51999999999998,1.19,31.05,,,0,trial
2026-07-07T20:35:22,pid_hot_humid_bursty_r1,pid,hot_humid,bursty,1,44.129,43.829,43.629,41.129,25.0,45.0,60.0,,59.51999999999998,1.19,31.04,,,0,trial
2026-07-07T20:35:22,pid_hot_humid_bursty_r1,pid,hot_humid,bursty,1,44.125,43.825,43.625,41.125,25.0,45.0,60.0,,59.51999999999998,1.19,31.04,,,0,trial
2026-07-07T20:35:22,pid_hot_humid_bursty_r1,pid,hot_humid,bursty,1,44.122,43.822,43.622,41.122,25.0,45.0,60.0,,59.51999999999998,1.19,31.03,,,0,trial
2026-07-07T20:35:22,pid_hot_humid_bursty_r1,pid,hot_humid,bursty,1,44.119,43.819,43.619,41.119,25.0,45.0,60.0,,59.51999999999998,1.19,31.03,,,0,trial
2026-07-07T20:35:22,pid_hot_humid_bursty_r1,pid,hot_humid,bursty,1,44.116,43.816,43.616,41.116,25.0,45.0,60.0,,59.51999999999998,1.19,31.02,,,0,trial
2026-07-07T20:35:22,pid_hot_humid_bursty_r1,pid,hot_humid,bursty,1,44.113,43.813,43.613,41.113,25.0,45.0,60.0,,59.51999999999998,1.19,31.02,,,0,trial
2026-07-07T20:35:22,pid_hot_humid_bursty_r1,pid,hot_humid,bursty,1,44.109,43.809,43.609,41.109,25.0,45.0,60.0,,59.51999999999998,1.19,31.01,,,0,trial
2026-07-07T20:35:22,pid_hot_humid_bursty_r1,pid,hot_humid,bursty,1,44.106,43.806,43.606,41.106,25.0,45.0,60.0,,59.51999999999998,1.19,31.0,,,0,trial
2026-07-07T20:35:22,pid_hot_humid_bursty_r1,pid,hot_humid,bursty,1,44.103,43.803,43.603,41.103,25.0,45.0,60.0,,59.51999999999998,1.19,31.0,,,0,trial
2026-07-07T20:35:22,pid_hot_humid_bursty_r1,pid,hot_humid,bursty,1,44.1,43.8,43.6,41.1,25.0,45.0,60.0,,59.51999999999998,1.19,30.99,,,0,trial
2026-07-07T20:35:22,pid_hot_humid_bursty_r1,pid,hot_humid,bursty,1,44.096,43.796,43.596,41.096,25.0,45.0,60.0,,59.51999999999998,1.19,30.99,,,0,trial
2026-07-07T20:35:22,pid_hot_humid_bursty_r1,pid,hot_humid,bursty,1,44.093,43.793,43.593,41.093,25.0,45.0,60.0,,59.51999999999998,1.19,30.98,,,0,trial
2026-07-07T20:35:22,pid_hot_humid_bursty_r1,pid,hot_humid,bursty,1,44.09,43.79,43.59,41.09,25.0,45.0,60.0,,58.74400000000003,1.17,30.98,,,0,trial
2026-07-07T20:35:22,pid_hot_humid_bursty_r1,pid,hot_humid,bursty,1,44.087,43.787,43.587,41.087,25.0,45.0,60.0,,58.74400000000003,1.17,30.97,,,0,trial
2026-07-07T20:35:22,pid_hot_humid_bursty_r1,pid,hot_humid,bursty,1,44.084,43.784,43.584,41.084,25.0,45.0,60.0,,58.74400000000003,1.17,30.97,,,0,trial
2026-07-07T20:35:22,pid_hot_humid_bursty_r1,pid,hot_humid,bursty,1,44.081,43.781,43.581,41.081,25.0,45.0,60.0,,58.74400000000003,1.17,30.96,,,0,trial
2026-07-07T20:35:22,pid_hot_humid_bursty_r1,pid,hot_humid,bursty,1,44.078,43.778,43.578,41.078,25.0,45.0,60.0,,58.74400000000003,1.17,30.95,,,0,trial
2026-07-07T20:35:22,pid_hot_humid_bursty_r1,pid,hot_humid,bursty,1,44.075,43.775,43.575,41.075,25.0,45.0,60.0,,58.74400000000003,1.17,30.95,,,0,trial
2026-07-07T20:35:22,pid_hot_humid_bursty_r1,pid,hot_humid,bursty,1,44.072,43.772,43.572,41.072,25.0,45.0,60.0,,58.74400000000003,1.17,30.94,,,0,trial
2026-07-07T20:35:22,pid_hot_humid_bursty_r1,pid,hot_humid,bursty,1,44.068,43.768,43.568,41.068,25.0,45.0,60.0,,58.74400000000003,1.17,30.94,,,0,trial
2026-07-07T20:35:22,pid_hot_humid_bursty_r1,pid,hot_humid,bursty,1,44.065,43.765,43.565,41.065,25.0,45.0,60.0,,58.74400000000003,1.17,30.93,,,0,trial
2026-07-07T20:35:22,pid_hot_humid_bursty_r1,pid,hot_humid,bursty,1,44.062,43.762,43.562,41.062,25.0,45.0,60.0,,58.74400000000003,1.17,30.93,,,0,trial
2026-07-07T20:35:22,pid_hot_humid_bursty_r1,pid,hot_humid,bursty,1,44.059,43.759,43.559,41.059,25.0,45.0,60.0,,58.74400000000003,1.17,30.92,,,0,trial
2026-07-07T20:35:22,pid_hot_humid_bursty_r1,pid,hot_humid,bursty,1,44.056,43.756,43.556,41.056,25.0,45.0,60.0,,58.74400000000003,1.17,30.92,,,0,trial
2026-07-07T20:35:22,pid_hot_humid_bursty_r1,pid,hot_humid,bursty,1,44.053,43.753,43.553,41.053,25.0,45.0,60.0,,58.74400000000003,1.17,30.91,,,0,trial
2026-07-07T20:35:22,pid_hot_humid_bursty_r1,pid,hot_humid,bursty,1,44.05,43.75,43.55,41.05,25.0,45.0,60.0,,58.74400000000003,1.17,30.91,,,0,trial
2026-07-07T20:35:22,pid_hot_humid_bursty_r1,pid,hot_humid,bursty,1,44.047,43.747,43.547,41.047,25.0,45.0,60.0,,58.74400000000003,1.17,30.9,,,0,trial
2026-07-07T20:35:22,pid_hot_humid_bursty_r1,pid,hot_humid,bursty,1,44.044,43.744,43.544,41.044,25.0,45.0,60.0,,58.74400000000003,1.17,30.9,,,0,trial
2026-07-07T20:35:22,pid_hot_humid_bursty_r1,pid,hot_humid,bursty,1,44.041,43.741,43.541,41.041,25.0,45.0,60.0,,58.74400000000003,1.17,30.89,,,0,trial
2026-07-07T20:35:22,pid_hot_humid_bursty_r1,pid,hot_humid,bursty,1,44.037,43.737,43.537,41.037,25.0,45.0,60.0,,58.74400000000003,1.17,30.89,,,0,trial
2026-07-07T20:35:22,pid_hot_humid_bursty_r1,pid,hot_humid,bursty,1,44.034,43.734,43.534,41.034,25.0,45.0,60.0,,58.74400000000003,1.17,30.88,,,0,trial
2026-07-07T20:35:22,pid_hot_humid_bursty_r1,pid,hot_humid,bursty,1,44.031,43.731,43.531,41.031,25.0,45.0,60.0,,58.74400000000003,1.17,30.88,,,0,trial
2026-07-07T20:35:22,pid_hot_humid_bursty_r1,pid,hot_humid,bursty,1,44.028,43.728,43.528,41.028,25.0,45.0,60.0,,58.74400000000003,1.17,30.87,,,0,trial
2026-07-07T20:35:22,pid_hot_humid_bursty_r1,pid,hot_humid,bursty,1,44.025,43.725,43.525,41.025,25.0,45.0,60.0,,58.74400000000003,1.17,30.87,,,0,trial
2026-07-07T20:35:22,pid_hot_humid_bursty_r1,pid,hot_humid,bursty,1,44.022,43.722,43.522,41.022,25.0,45.0,60.0,,58.74400000000003,1.17,30.86,,,0,trial
2026-07-07T20:35:22,pid_hot_humid_bursty_r1,pid,hot_humid,bursty,1,44.019,43.719,43.519,41.019,25.0,45.0,60.0,,58.74400000000003,1.17,30.86,,,0,trial
2026-07-07T20:35:22,pid_hot_humid_bursty_r1,pid,hot_humid,bursty,1,44.016,43.716,43.516,41.016,25.0,45.0,60.0,,58.74400000000003,1.17,30.85,,,0,trial
2026-07-07T20:35:22,pid_hot_humid_bursty_r1,pid,hot_humid,bursty,1,44.013,43.713,43.513,41.013,25.0,45.0,60.0,,58.74400000000003,1.17,30.85,,,0,trial
2026-07-07T20:35:22,pid_hot_humid_bursty_r1,pid,hot_humid,bursty,1,44.01,43.71,43.51,41.01,25.0,45.0,60.0,,58.74400000000003,1.17,30.84,,,0,trial
2026-07-07T20:35:22,pid_hot_humid_bursty_r1,pid,hot_humid,bursty,1,44.007,43.707,43.507,41.007,25.0,45.0,60.0,,58.74400000000003,1.17,30.84,,,0,trial
2026-07-07T20:35:22,pid_hot_humid_bursty_r1,pid,hot_humid,bursty,1,44.004,43.704,43.504,41.004,25.0,45.0,60.0,,58.74400000000003,1.17,30.83,,,0,trial
2026-07-07T20:35:22,pid_hot_humid_bursty_r1,pid,hot_humid,bursty,1,44.001,43.701,43.501,41.001,25.0,45.0,60.0,,58.74400000000003,1.17,30.83,,,0,trial
2026-07-07T20:35:22,pid_hot_humid_bursty_r1,pid,hot_humid,bursty,1,43.998,43.698,43.498,40.998,25.0,45.0,60.0,,58.00799999999998,1.16,30.82,,,0,trial
2026-07-07T20:35:22,pid_hot_humid_bursty_r1,pid,hot_humid,bursty,1,43.995,43.695,43.495,40.995,25.0,45.0,60.0,,58.00799999999998,1.16,30.82,,,0,trial
2026-07-07T20:35:22,pid_hot_humid_bursty_r1,pid,hot_humid,bursty,1,43.992,43.692,43.492,40.992,25.0,45.0,60.0,,58.00799999999998,1.16,30.81,,,0,trial
2026-07-07T20:35:22,pid_hot_humid_bursty_r1,pid,hot_humid,bursty,1,43.989,43.689,43.489,40.989,25.0,45.0,60.0,,58.00799999999998,1.16,30.81,,,0,trial
2026-07-07T20:35:22,pid_hot_humid_bursty_r1,pid,hot_humid,bursty,1,43.986,43.686,43.486,40.986,25.0,45.0,60.0,,58.00799999999998,1.16,30.8,,,0,trial
2026-07-07T20:35:22,pid_hot_humid_bursty_r1,pid,hot_humid,bursty,1,43.983,43.683,43.483,40.983,25.0,45.0,60.0,,58.00799999999998,1.16,30.8,,,0,trial
2026-07-07T20:35:22,pid_hot_humid_bursty_r1,pid,hot_humid,bursty,1,43.98,43.68,43.48,40.98,25.0,45.0,60.0,,58.00799999999998,1.16,30.79,,,0,trial
2026-07-07T20:35:22,pid_hot_humid_bursty_r1,pid,hot_humid,bursty,1,43.977,43.677,43.477,40.977,25.0,45.0,60.0,,58.00799999999998,1.16,30.79,,,0,trial
2026-07-07T20:35:22,pid_hot_humid_bursty_r1,pid,hot_humid,bursty,1,43.974,43.674,43.474,40.974,25.0,45.0,60.0,,58.00799999999998,1.16,30.79,,,0,trial
2026-07-07T20:35:22,pid_hot_humid_bursty_r1,pid,hot_humid,bursty,1,43.971,43.671,43.471,40.971,25.0,45.0,60.0,,58.00799999999998,1.16,30.78,,,0,trial
2026-07-07T20:35:22,pid_hot_humid_bursty_r1,pid,hot_humid,bursty,1,43.968,43.668,43.468,40.968,25.0,45.0,60.0,,58.00799999999998,1.16,30.78,,,0,trial
2026-07-07T20:35:22,pid_hot_humid_bursty_r1,pid,hot_humid,bursty,1,43.965,43.665,43.465,40.965,25.0,45.0,60.0,,58.00799999999998,1.16,30.77,,,0,trial
2026-07-07T20:35:22,pid_hot_humid_bursty_r1,pid,hot_humid,bursty,1,43.962,43.662,43.462,40.962,25.0,45.0,60.0,,58.00799999999998,1.16,30.77,,,0,trial
2026-07-07T20:35:22,pid_hot_humid_bursty_r1,pid,hot_humid,bursty,1,43.959,43.659,43.459,40.959,25.0,45.0,60.0,,58.00799999999998,1.16,30.76,,,0,trial
2026-07-07T20:35:22,pid_hot_humid_bursty_r1,pid,hot_humid,bursty,1,43.956,43.656,43.456,40.956,25.0,45.0,60.0,,58.00799999999998,1.16,30.76,,,0,trial
2026-07-07T20:35:22,pid_hot_humid_bursty_r1,pid,hot_humid,bursty,1,43.953,43.653,43.453,40.953,25.0,45.0,60.0,,58.00799999999998,1.16,30.75,,,0,trial
2026-07-07T20:35:22,pid_hot_humid_bursty_r1,pid,hot_humid,bursty,1,43.95,43.65,43.45,40.95,25.0,45.0,60.0,,58.00799999999998,1.16,30.75,,,0,trial
2026-07-07T20:35:22,pid_hot_humid_bursty_r1,pid,hot_humid,bursty,1,43.947,43.647,43.447,40.947,25.0,45.0,60.0,,58.00799999999998,1.16,30.75,,,0,trial
2026-07-07T20:35:22,pid_hot_humid_bursty_r1,pid,hot_humid,bursty,1,43.944,43.644,43.444,40.944,25.0,45.0,60.0,,58.00799999999998,1.16,30.74,,,0,trial
2026-07-07T20:35:22,pid_hot_humid_bursty_r1,pid,hot_humid,bursty,1,43.941,43.641,43.441,40.941,25.0,45.0,60.0,,58.00799999999998,1.16,30.74,,,0,trial
2026-07-07T20:35:22,pid_hot_humid_bursty_r1,pid,hot_humid,bursty,1,43.938,43.638,43.438,40.938,25.0,45.0,60.0,,58.00799999999998,1.16,30.73,,,0,trial
2026-07-07T20:35:22,pid_hot_humid_bursty_r1,pid,hot_humid,bursty,1,43.935,43.635,43.435,40.935,25.0,45.0,60.0,,58.00799999999998,1.16,30.73,,,0,trial
2026-07-07T20:35:22,pid_hot_humid_bursty_r1,pid,hot_humid,bursty,1,43.932,43.632,43.432,40.932,25.0,45.0,60.0,,58.00799999999998,1.16,30.72,,,0,trial
2026-07-07T20:35:22,pid_hot_humid_bursty_r1,pid,hot_humid,bursty,1,43.929,43.629,43.429,40.929,25.0,45.0,60.0,,58.00799999999998,1.16,30.72,,,0,trial
2026-07-07T20:35:22,pid_hot_humid_bursty_r1,pid,hot_humid,bursty,1,43.926,43.626,43.426,40.926,25.0,45.0,60.0,,58.00799999999998,1.16,30.72,,,0,trial
2026-07-07T20:35:22,pid_hot_humid_bursty_r1,pid,hot_humid,bursty,1,43.923,43.623,43.423,40.923,25.0,45.0,60.0,,58.00799999999998,1.16,30.71,,,0,trial
2026-07-07T20:35:22,pid_hot_humid_bursty_r1,pid,hot_humid,bursty,1,43.921,43.621,43.421,40.921,25.0,45.0,60.0,,58.00799999999998,1.16,30.71,,,0,trial
2026-07-07T20:35:22,pid_hot_humid_bursty_r1,pid,hot_humid,bursty,1,43.918,43.618,43.418,40.918,25.0,45.0,60.0,,58.00799999999998,1.16,30.7,,,0,trial
2026-07-07T20:35:22,pid_hot_humid_bursty_r1,pid,hot_humid,bursty,1,43.915,43.615,43.415,40.915,25.0,45.0,60.0,,58.00799999999998,1.16,30.7,,,0,trial
2026-07-07T20:35:22,pid_hot_humid_bursty_r1,pid,hot_humid,bursty,1,43.912,43.612,43.412,40.912,25.0,45.0,60.0,,58.00799999999998,1.16,30.7,,,0,trial
2026-07-07T20:35:22,pid_hot_humid_bursty_r1,pid,hot_humid,bursty,1,43.909,43.609,43.409,40.909,25.0,45.0,60.0,,57.29599999999999,1.15,30.69,,,0,trial
2026-07-07T20:35:22,pid_hot_humid_bursty_r1,pid,hot_humid,bursty,1,43.906,43.606,43.406,40.906,25.0,45.0,60.0,,57.29599999999999,1.15,30.69,,,0,trial
2026-07-07T20:35:22,pid_hot_humid_bursty_r1,pid,hot_humid,bursty,1,43.903,43.603,43.403,40.903,25.0,45.0,60.0,,57.29599999999999,1.15,30.68,,,0,trial
2026-07-07T20:35:22,pid_hot_humid_bursty_r1,pid,hot_humid,bursty,1,43.9,43.6,43.4,40.9,25.0,45.0,60.0,,57.29599999999999,1.15,30.68,,,0,trial
2026-07-07T20:35:22,pid_hot_humid_bursty_r1,pid,hot_humid,bursty,1,43.897,43.597,43.397,40.897,25.0,45.0,60.0,,57.29599999999999,1.15,30.68,,,0,trial
2026-07-07T20:35:22,pid_hot_humid_bursty_r1,pid,hot_humid,bursty,1,43.895,43.595,43.395,40.895,25.0,45.0,60.0,,57.29599999999999,1.15,30.67,,,0,trial
2026-07-07T20:35:22,pid_hot_humid_bursty_r1,pid,hot_humid,bursty,1,43.892,43.592,43.392,40.892,25.0,45.0,60.0,,57.29599999999999,1.15,30.67,,,0,trial
2026-07-07T20:35:22,pid_hot_humid_bursty_r1,pid,hot_humid,bursty,1,43.889,43.589,43.389,40.889,25.0,45.0,60.0,,57.29599999999999,1.15,30.66,,,0,trial
2026-07-07T20:35:22,pid_hot_humid_bursty_r1,pid,hot_humid,bursty,1,43.886,43.586,43.386,40.886,25.0,45.0,60.0,,57.29599999999999,1.15,30.66,,,0,trial
2026-07-07T20:35:22,pid_hot_humid_bursty_r1,pid,hot_humid,bursty,1,43.883,43.583,43.383,40.883,25.0,45.0,60.0,,57.29599999999999,1.15,30.66,,,0,trial
2026-07-07T20:35:22,pid_hot_humid_bursty_r1,pid,hot_humid,bursty,1,43.88,43.58,43.38,40.88,25.0,45.0,60.0,,57.29599999999999,1.15,30.65,,,0,trial
2026-07-07T20:35:22,pid_hot_humid_bursty_r1,pid,hot_humid,bursty,1,43.878,43.578,43.378,40.878,25.0,45.0,60.0,,57.29599999999999,1.15,30.65,,,0,trial
2026-07-07T20:35:22,pid_hot_humid_bursty_r1,pid,hot_humid,bursty,1,43.875,43.575,43.375,40.875,25.0,45.0,60.0,,57.29599999999999,1.15,30.64,,,0,trial
2026-07-07T20:35:22,pid_hot_humid_bursty_r1,pid,hot_humid,bursty,1,43.872,43.572,43.372,40.872,25.0,45.0,60.0,,57.29599999999999,1.15,30.64,,,0,trial
2026-07-07T20:35:22,pid_hot_humid_bursty_r1,pid,hot_humid,bursty,1,43.869,43.569,43.369,40.869,25.0,45.0,60.0,,57.29599999999999,1.15,30.64,,,0,trial
2026-07-07T20:35:22,pid_hot_humid_bursty_r1,pid,hot_humid,bursty,1,43.866,43.566,43.366,40.866,25.0,45.0,60.0,,57.29599999999999,1.15,30.63,,,0,trial
2026-07-07T20:35:22,pid_hot_humid_bursty_r1,pid,hot_humid,bursty,1,43.863,43.563,43.363,40.863,25.0,45.0,60.0,,57.29599999999999,1.15,30.63,,,0,trial
2026-07-07T20:35:22,pid_hot_humid_bursty_r1,pid,hot_humid,bursty,1,43.861,43.561,43.361,40.861,25.0,45.0,60.0,,57.29599999999999,1.15,30.63,,,0,trial
2026-07-07T20:35:22,pid_hot_humid_bursty_r1,pid,hot_humid,bursty,1,43.858,43.558,43.358,40.858,25.0,45.0,60.0,,57.29599999999999,1.15,30.62,,,0,trial
2026-07-07T20:35:22,pid_hot_humid_bursty_r1,pid,hot_humid,bursty,1,43.855,43.555,43.355,40.855,25.0,45.0,60.0,,57.29599999999999,1.15,30.62,,,0,trial
2026-07-07T20:35:22,pid_hot_humid_bursty_r1,pid,hot_humid,bursty,1,43.852,43.552,43.352,40.852,25.0,45.0,60.0,,57.29599999999999,1.15,30.61,,,0,trial
2026-07-07T20:35:22,pid_hot_humid_bursty_r1,pid,hot_humid,bursty,1,43.849,43.549,43.349,40.849,25.0,45.0,60.0,,57.29599999999999,1.15,30.61,,,0,trial
2026-07-07T20:35:22,pid_hot_humid_bursty_r1,pid,hot_humid,bursty,1,43.846,43.546,43.346,40.846,25.0,45.0,60.0,,57.29599999999999,1.15,30.61,,,0,trial
2026-07-07T20:35:22,pid_hot_humid_bursty_r1,pid,hot_humid,bursty,1,43.844,43.544,43.344,40.844,25.0,45.0,60.0,,57.29599999999999,1.15,30.6,,,0,trial
2026-07-07T20:35:22,pid_hot_humid_bursty_r1,pid,hot_humid,bursty,1,43.841,43.541,43.341,40.841,25.0,45.0,60.0,,57.29599999999999,1.15,30.6,,,0,trial
2026-07-07T20:35:22,pid_hot_humid_bursty_r1,pid,hot_humid,bursty,1,43.838,43.538,43.338,40.838,25.0,45.0,60.0,,57.29599999999999,1.15,30.6,,,0,trial
2026-07-07T20:35:22,pid_hot_humid_bursty_r1,pid,hot_humid,bursty,1,43.835,43.535,43.335,40.835,25.0,45.0,60.0,,57.29599999999999,1.15,30.59,,,0,trial
2026-07-07T20:35:22,pid_hot_humid_bursty_r1,pid,hot_humid,bursty,1,43.832,43.532,43.332,40.832,25.0,45.0,60.0,,57.29599999999999,1.15,30.59,,,0,trial
2026-07-07T20:35:22,pid_hot_humid_bursty_r1,pid,hot_humid,bursty,1,43.83,43.53,43.33,40.83,25.0,45.0,60.0,,57.29599999999999,1.15,30.59,,,0,trial
2026-07-07T20:35:22,pid_hot_humid_bursty_r1,pid,hot_humid,bursty,1,43.827,43.527,43.327,40.827,25.0,45.0,60.0,,57.29599999999999,1.15,30.58,,,0,trial
2026-07-07T20:35:22,pid_hot_humid_bursty_r1,pid,hot_humid,bursty,1,43.824,43.524,43.324,40.824,25.0,45.0,60.0,,56.615999999999985,1.13,30.58,,,0,trial
2026-07-07T20:35:22,pid_hot_humid_bursty_r1,pid,hot_humid,bursty,1,43.821,43.521,43.321,40.821,25.0,45.0,60.0,,56.615999999999985,1.13,30.58,,,0,trial
2026-07-07T20:35:22,pid_hot_humid_bursty_r1,pid,hot_humid,bursty,1,43.818,43.518,43.318,40.818,25.0,45.0,60.0,,56.615999999999985,1.13,30.57,,,0,trial
2026-07-07T20:35:22,pid_hot_humid_bursty_r1,pid,hot_humid,bursty,1,43.816,43.516,43.316,40.816,25.0,45.0,60.0,,56.615999999999985,1.13,30.57,,,0,trial
2026-07-07T20:35:22,pid_hot_humid_bursty_r1,pid,hot_humid,bursty,1,43.813,43.513,43.313,40.813,25.0,45.0,60.0,,56.615999999999985,1.13,30.57,,,0,trial
2026-07-07T20:35:22,pid_hot_humid_bursty_r1,pid,hot_humid,bursty,1,43.81,43.51,43.31,40.81,25.0,45.0,60.0,,56.615999999999985,1.13,30.56,,,0,trial
2026-07-07T20:35:22,pid_hot_humid_bursty_r1,pid,hot_humid,bursty,1,43.808,43.508,43.308,40.808,25.0,45.0,60.0,,56.615999999999985,1.13,30.56,,,0,trial
2026-07-07T20:35:22,pid_hot_humid_bursty_r1,pid,hot_humid,bursty,1,43.805,43.505,43.305,40.805,25.0,45.0,60.0,,56.615999999999985,1.13,30.56,,,0,trial
2026-07-07T20:35:22,pid_hot_humid_bursty_r1,pid,hot_humid,bursty,1,43.802,43.502,43.302,40.802,25.0,45.0,60.0,,56.615999999999985,1.13,30.55,,,0,trial
2026-07-07T20:35:22,pid_hot_humid_bursty_r1,pid,hot_humid,bursty,1,43.799,43.499,43.299,40.799,25.0,45.0,60.0,,56.615999999999985,1.13,30.55,,,0,trial
2026-07-07T20:35:22,pid_hot_humid_bursty_r1,pid,hot_humid,bursty,1,43.797,43.497,43.297,40.797,25.0,45.0,60.0,,56.615999999999985,1.13,30.55,,,0,trial
2026-07-07T20:35:22,pid_hot_humid_bursty_r1,pid,hot_humid,bursty,1,43.794,43.494,43.294,40.794,25.0,45.0,60.0,,56.615999999999985,1.13,30.54,,,0,trial
2026-07-07T20:35:22,pid_hot_humid_bursty_r1,pid,hot_humid,bursty,1,43.791,43.491,43.291,40.791,25.0,45.0,60.0,,56.615999999999985,1.13,30.54,,,0,trial
2026-07-07T20:35:22,pid_hot_humid_bursty_r1,pid,hot_humid,bursty,1,43.789,43.489,43.289,40.789,25.0,45.0,60.0,,56.615999999999985,1.13,30.54,,,0,trial
2026-07-07T20:35:22,pid_hot_humid_bursty_r1,pid,hot_humid,bursty,1,43.786,43.486,43.286,40.786,25.0,45.0,60.0,,56.615999999999985,1.13,30.53,,,0,trial
2026-07-07T20:35:22,pid_hot_humid_bursty_r1,pid,hot_humid,bursty,1,43.783,43.483,43.283,40.783,25.0,45.0,60.0,,56.615999999999985,1.13,30.53,,,0,trial
2026-07-07T20:35:22,pid_hot_humid_bursty_r1,pid,hot_humid,bursty,1,43.78,43.48,43.28,40.78,25.0,45.0,60.0,,56.615999999999985,1.13,30.53,,,0,trial
2026-07-07T20:35:22,pid_hot_humid_bursty_r1,pid,hot_humid,bursty,1,43.778,43.478,43.278,40.778,25.0,45.0,60.0,,56.615999999999985,1.13,30.52,,,0,trial
2026-07-07T20:35:22,pid_hot_humid_bursty_r1,pid,hot_humid,bursty,1,43.775,43.475,43.275,40.775,25.0,45.0,60.0,,56.615999999999985,1.13,30.52,,,0,trial
2026-07-07T20:35:22,pid_hot_humid_bursty_r1,pid,hot_humid,bursty,1,43.772,43.472,43.272,40.772,25.0,45.0,60.0,,56.615999999999985,1.13,30.52,,,0,trial
2026-07-07T20:35:22,pid_hot_humid_bursty_r1,pid,hot_humid,bursty,1,43.77,43.47,43.27,40.77,25.0,45.0,60.0,,56.615999999999985,1.13,30.51,,,0,trial
2026-07-07T20:35:22,pid_hot_humid_bursty_r1,pid,hot_humid,bursty,1,43.767,43.467,43.267,40.767,25.0,45.0,60.0,,56.615999999999985,1.13,30.51,,,0,trial
2026-07-07T20:35:22,pid_hot_humid_bursty_r1,pid,hot_humid,bursty,1,43.764,43.464,43.264,40.764,25.0,45.0,60.0,,56.615999999999985,1.13,30.51,,,0,trial
2026-07-07T20:35:22,pid_hot_humid_bursty_r1,pid,hot_humid,bursty,1,43.761,43.461,43.261,40.761,25.0,45.0,60.0,,56.615999999999985,1.13,30.51,,,0,trial
2026-07-07T20:35:22,pid_hot_humid_bursty_r1,pid,hot_humid,bursty,1,43.759,43.459,43.259,40.759,25.0,45.0,60.0,,56.615999999999985,1.13,30.5,,,0,trial
2026-07-07T20:35:22,pid_hot_humid_bursty_r1,pid,hot_humid,bursty,1,43.756,43.456,43.256,40.756,25.0,45.0,60.0,,56.615999999999985,1.13,30.5,,,0,trial
2026-07-07T20:35:22,pid_hot_humid_bursty_r1,pid,hot_humid,bursty,1,43.753,43.453,43.253,40.753,25.0,45.0,60.0,,56.615999999999985,1.13,30.5,,,0,trial
2026-07-07T20:35:22,pid_hot_humid_bursty_r1,pid,hot_humid,bursty,1,43.751,43.451,43.251,40.751,25.0,45.0,60.0,,56.615999999999985,1.13,30.49,,,0,trial
2026-07-07T20:35:22,pid_hot_humid_bursty_r1,pid,hot_humid,bursty,1,43.748,43.448,43.248,40.748,25.0,45.0,60.0,,56.615999999999985,1.13,30.49,,,0,trial
2026-07-07T20:35:22,pid_hot_humid_bursty_r1,pid,hot_humid,bursty,1,43.745,43.445,43.245,40.745,25.0,45.0,60.0,,56.615999999999985,1.13,30.49,,,0,trial
2026-07-07T20:35:22,pid_hot_humid_bursty_r1,pid,hot_humid,bursty,1,43.743,43.443,43.243,40.743,25.0,45.0,60.0,,55.95999999999998,1.12,30.49,,,0,trial
2026-07-07T20:35:22,pid_hot_humid_bursty_r1,pid,hot_humid,bursty,1,43.74,43.44,43.24,40.74,25.0,45.0,60.0,,55.95999999999998,1.12,30.48,,,0,trial
2026-07-07T20:35:22,pid_hot_humid_bursty_r1,pid,hot_humid,bursty,1,43.737,43.437,43.237,40.737,25.0,45.0,60.0,,55.95999999999998,1.12,30.48,,,0,trial
2026-07-07T20:35:22,pid_hot_humid_bursty_r1,pid,hot_humid,bursty,1,43.735,43.435,43.235,40.735,25.0,45.0,60.0,,55.95999999999998,1.12,30.48,,,0,trial
2026-07-07T20:35:22,pid_hot_humid_bursty_r1,pid,hot_humid,bursty,1,43.732,43.432,43.232,40.732,25.0,45.0,60.0,,55.95999999999998,1.12,30.47,,,0,trial
2026-07-07T20:35:22,pid_hot_humid_bursty_r1,pid,hot_humid,bursty,1,43.73,43.43,43.23,40.73,25.0,45.0,60.0,,55.95999999999998,1.12,30.47,,,0,trial
2026-07-07T20:35:22,pid_hot_humid_bursty_r1,pid,hot_humid,bursty,1,43.727,43.427,43.227,40.727,25.0,45.0,60.0,,55.95999999999998,1.12,30.47,,,0,trial
2026-07-07T20:35:22,pid_hot_humid_bursty_r1,pid,hot_humid,bursty,1,43.724,43.424,43.224,40.724,25.0,45.0,60.0,,55.95999999999998,1.12,30.47,,,0,trial
2026-07-07T20:35:22,pid_hot_humid_bursty_r1,pid,hot_humid,bursty,1,43.722,43.422,43.222,40.722,25.0,45.0,60.0,,55.95999999999998,1.12,30.46,,,0,trial
2026-07-07T20:35:22,pid_hot_humid_bursty_r1,pid,hot_humid,bursty,1,43.719,43.419,43.219,40.719,25.0,45.0,60.0,,55.95999999999998,1.12,30.46,,,0,trial
2026-07-07T20:35:22,pid_hot_humid_bursty_r1,pid,hot_humid,bursty,1,43.717,43.417,43.217,40.717,25.0,45.0,60.0,,55.95999999999998,1.12,30.46,,,0,trial
2026-07-07T20:35:22,pid_hot_humid_bursty_r1,pid,hot_humid,bursty,1,43.714,43.414,43.214,40.714,25.0,45.0,60.0,,55.95999999999998,1.12,30.45,,,0,trial
2026-07-07T20:35:22,pid_hot_humid_bursty_r1,pid,hot_humid,bursty,1,43.711,43.411,43.211,40.711,25.0,45.0,60.0,,55.95999999999998,1.12,30.45,,,0,trial
2026-07-07T20:35:22,pid_hot_humid_bursty_r1,pid,hot_humid,bursty,1,43.709,43.409,43.209,40.709,25.0,45.0,60.0,,55.95999999999998,1.12,30.45,,,0,trial
2026-07-07T20:35:22,pid_hot_humid_bursty_r1,pid,hot_humid,bursty,1,43.706,43.406,43.206,40.706,25.0,45.0,60.0,,55.95999999999998,1.12,30.45,,,0,trial
2026-07-07T20:35:22,pid_hot_humid_bursty_r1,pid,hot_humid,bursty,1,43.703,43.403,43.203,40.703,25.0,45.0,60.0,,55.95999999999998,1.12,30.44,,,0,trial
2026-07-07T20:35:22,pid_hot_humid_bursty_r1,pid,hot_humid,bursty,1,43.701,43.401,43.201,40.701,25.0,45.0,60.0,,55.95999999999998,1.12,30.44,,,0,trial
2026-07-07T20:35:22,pid_hot_humid_bursty_r1,pid,hot_humid,bursty,1,43.698,43.398,43.198,40.698,25.0,45.0,60.0,,55.95999999999998,1.12,30.44,,,0,trial
2026-07-07T20:35:22,pid_hot_humid_bursty_r1,pid,hot_humid,bursty,1,43.696,43.396,43.196,40.696,25.0,45.0,60.0,,55.95999999999998,1.12,30.44,,,0,trial
2026-07-07T20:35:22,pid_hot_humid_bursty_r1,pid,hot_humid,bursty,1,43.693,43.393,43.193,40.693,25.0,45.0,60.0,,55.95999999999998,1.12,30.43,,,0,trial
2026-07-07T20:35:22,pid_hot_humid_bursty_r1,pid,hot_humid,bursty,1,43.691,43.391,43.191,40.691,25.0,45.0,60.0,,55.95999999999998,1.12,30.43,,,0,trial
2026-07-07T20:35:22,pid_hot_humid_bursty_r1,pid,hot_humid,bursty,1,43.688,43.388,43.188,40.688,25.0,45.0,60.0,,55.95999999999998,1.12,30.43,,,0,trial
2026-07-07T20:35:22,pid_hot_humid_bursty_r1,pid,hot_humid,bursty,1,43.685,43.385,43.185,40.685,25.0,45.0,60.0,,55.95999999999998,1.12,30.43,,,0,trial
2026-07-07T20:35:22,pid_hot_humid_bursty_r1,pid,hot_humid,bursty,1,43.683,43.383,43.183,40.683,25.0,45.0,60.0,,55.95999999999998,1.12,30.42,,,0,trial
2026-07-07T20:35:22,pid_hot_humid_bursty_r1,pid,hot_humid,bursty,1,43.68,43.38,43.18,40.68,25.0,45.0,60.0,,55.95999999999998,1.12,30.42,,,0,trial
2026-07-07T20:35:22,pid_hot_humid_bursty_r1,pid,hot_humid,bursty,1,43.678,43.378,43.178,40.678,25.0,45.0,60.0,,55.95999999999998,1.12,30.42,,,0,trial
2026-07-07T20:35:22,pid_hot_humid_bursty_r1,pid,hot_humid,bursty,1,43.675,43.375,43.175,40.675,25.0,45.0,60.0,,55.95999999999998,1.12,30.42,,,0,trial
2026-07-07T20:35:22,pid_hot_humid_bursty_r1,pid,hot_humid,bursty,1,43.672,43.372,43.172,40.672,25.0,45.0,60.0,,55.95999999999998,1.12,30.41,,,0,trial
2026-07-07T20:35:22,pid_hot_humid_bursty_r1,pid,hot_humid,bursty,1,43.67,43.37,43.17,40.67,25.0,45.0,60.0,,55.95999999999998,1.12,30.41,,,0,trial
2026-07-07T20:35:22,pid_hot_humid_bursty_r1,pid,hot_humid,bursty,1,43.655,43.355,43.155,40.655,25.0,45.0,0.0,,100.0,2.0,,,,0,cooldown
2026-07-07T20:35:22,pid_hot_humid_bursty_r1,pid,hot_humid,bursty,1,43.64,43.34,43.14,40.64,25.0,45.0,0.0,,100.0,2.0,,,,0,cooldown
2026-07-07T20:35:22,pid_hot_humid_bursty_r1,pid,hot_humid,bursty,1,43.626,43.326,43.126,40.626,25.0,45.0,0.0,,100.0,2.0,,,,0,cooldown
2026-07-07T20:35:22,pid_hot_humid_bursty_r1,pid,hot_humid,bursty,1,43.611,43.311,43.111,40.611,25.0,45.0,0.0,,100.0,2.0,,,,0,cooldown
2026-07-07T20:35:22,pid_hot_humid_bursty_r1,pid,hot_humid,bursty,1,43.596,43.296,43.096,40.596,25.0,45.0,0.0,,100.0,2.0,,,,0,cooldown
2026-07-07T20:35:22,pid_hot_humid_bursty_r1,pid,hot_humid,bursty,1,43.582,43.282,43.082,40.582,25.0,45.0,0.0,,100.0,2.0,,,,0,cooldown
2026-07-07T20:35:22,pid_hot_humid_bursty_r1,pid,hot_humid,bursty,1,43.567,43.267,43.067,40.567,25.0,45.0,0.0,,100.0,2.0,,,,0,cooldown
2026-07-07T20:35:22,pid_hot_humid_bursty_r1,pid,hot_humid,bursty,1,43.552,43.252,43.052,40.552,25.0,45.0,0.0,,100.0,2.0,,,,0,cooldown
2026-07-07T20:35:22,pid_hot_humid_bursty_r1,pid,hot_humid,bursty,1,43.538,43.238,43.038,40.538,25.0,45.0,0.0,,100.0,2.0,,,,0,cooldown
2026-07-07T20:35:22,pid_hot_humid_bursty_r1,pid,hot_humid,bursty,1,43.523,43.223,43.023,40.523,25.0,45.0,0.0,,100.0,2.0,,,,0,cooldown
2026-07-07T20:35:22,pid_hot_humid_bursty_r1,pid,hot_humid,bursty,1,43.508,43.208,43.008,40.508,25.0,45.0,0.0,,100.0,2.0,,,,0,cooldown
2026-07-07T20:35:22,pid_hot_humid_bursty_r1,pid,hot_humid,bursty,1,43.494,43.194,42.994,40.494,25.0,45.0,0.0,,100.0,2.0,,,,0,cooldown
2026-07-07T20:35:22,pid_hot_humid_bursty_r1,pid,hot_humid,bursty,1,43.479,43.179,42.979,40.479,25.0,45.0,0.0,,100.0,2.0,,,,0,cooldown
2026-07-07T20:35:22,pid_hot_humid_bursty_r1,pid,hot_humid,bursty,1,43.465,43.165,42.965,40.465,25.0,45.0,0.0,,100.0,2.0,,,,0,cooldown
2026-07-07T20:35:22,pid_hot_humid_bursty_r1,pid,hot_humid,bursty,1,43.45,43.15,42.95,40.45,25.0,45.0,0.0,,100.0,2.0,,,,0,cooldown
2026-07-07T20:35:22,pid_hot_humid_bursty_r1,pid,hot_humid,bursty,1,43.435,43.135,42.935,40.435,25.0,45.0,0.0,,100.0,2.0,,,,0,cooldown
2026-07-07T20:35:22,pid_hot_humid_bursty_r1,pid,hot_humid,bursty,1,43.421,43.121,42.921,40.421,25.0,45.0,0.0,,100.0,2.0,,,,0,cooldown
2026-07-07T20:35:22,pid_hot_humid_bursty_r1,pid,hot_humid,bursty,1,43.406,43.106,42.906,40.406,25.0,45.0,0.0,,100.0,2.0,,,,0,cooldown
2026-07-07T20:35:22,pid_hot_humid_bursty_r1,pid,hot_humid,bursty,1,43.392,43.092,42.892,40.392,25.0,45.0,0.0,,100.0,2.0,,,,0,cooldown
2026-07-07T20:35:22,pid_hot_humid_bursty_r1,pid,hot_humid,bursty,1,43.377,43.077,42.877,40.377,25.0,45.0,0.0,,100.0,2.0,,,,0,cooldown
2026-07-07T20:35:22,pid_hot_humid_bursty_r1,pid,hot_humid,bursty,1,43.363,43.063,42.863,40.363,25.0,45.0,0.0,,100.0,2.0,,,,0,cooldown
2026-07-07T20:35:22,pid_hot_humid_bursty_r1,pid,hot_humid,bursty,1,43.348,43.048,42.848,40.348,25.0,45.0,0.0,,100.0,2.0,,,,0,cooldown
2026-07-07T20:35:22,pid_hot_humid_bursty_r1,pid,hot_humid,bursty,1,43.334,43.034,42.834,40.334,25.0,45.0,0.0,,100.0,2.0,,,,0,cooldown
2026-07-07T20:35:22,pid_hot_humid_bursty_r1,pid,hot_humid,bursty,1,43.319,43.019,42.819,40.319,25.0,45.0,0.0,,100.0,2.0,,,,0,cooldown
2026-07-07T20:35:22,pid_hot_humid_bursty_r1,pid,hot_humid,bursty,1,43.305,43.005,42.805,40.305,25.0,45.0,0.0,,100.0,2.0,,,,0,cooldown
2026-07-07T20:35:22,pid_hot_humid_bursty_r1,pid,hot_humid,bursty,1,43.29,42.99,42.79,40.29,25.0,45.0,0.0,,100.0,2.0,,,,0,cooldown
2026-07-07T20:35:22,pid_hot_humid_bursty_r1,pid,hot_humid,bursty,1,43.276,42.976,42.776,40.276,25.0,45.0,0.0,,100.0,2.0,,,,0,cooldown
2026-07-07T20:35:22,pid_hot_humid_bursty_r1,pid,hot_humid,bursty,1,43.262,42.962,42.762,40.262,25.0,45.0,0.0,,100.0,2.0,,,,0,cooldown
2026-07-07T20:35:22,pid_hot_humid_bursty_r1,pid,hot_humid,bursty,1,43.247,42.947,42.747,40.247,25.0,45.0,0.0,,100.0,2.0,,,,0,cooldown
2026-07-07T20:35:22,pid_hot_humid_bursty_r1,pid,hot_humid,bursty,1,43.233,42.933,42.733,40.233,25.0,45.0,0.0,,100.0,2.0,,,,0,cooldown
2026-07-07T20:35:22,pid_hot_humid_bursty_r1,pid,hot_humid,bursty,1,43.218,42.918,42.718,40.218,25.0,45.0,0.0,,100.0,2.0,,,,0,cooldown
2026-07-07T20:35:22,pid_hot_humid_bursty_r1,pid,hot_humid,bursty,1,43.204,42.904,42.704,40.204,25.0,45.0,0.0,,100.0,2.0,,,,0,cooldown
2026-07-07T20:35:22,pid_hot_humid_bursty_r1,pid,hot_humid,bursty,1,43.19,42.89,42.69,40.19,25.0,45.0,0.0,,100.0,2.0,,,,0,cooldown
2026-07-07T20:35:22,pid_hot_humid_bursty_r1,pid,hot_humid,bursty,1,43.175,42.875,42.675,40.175,25.0,45.0,0.0,,100.0,2.0,,,,0,cooldown
2026-07-07T20:35:22,pid_hot_humid_bursty_r1,pid,hot_humid,bursty,1,43.161,42.861,42.661,40.161,25.0,45.0,0.0,,100.0,2.0,,,,0,cooldown
2026-07-07T20:35:22,pid_hot_humid_bursty_r1,pid,hot_humid,bursty,1,43.146,42.846,42.646,40.146,25.0,45.0,0.0,,100.0,2.0,,,,0,cooldown
2026-07-07T20:35:22,pid_hot_humid_bursty_r1,pid,hot_humid,bursty,1,43.132,42.832,42.632,40.132,25.0,45.0,0.0,,100.0,2.0,,,,0,cooldown
2026-07-07T20:35:22,pid_hot_humid_bursty_r1,pid,hot_humid,bursty,1,43.118,42.818,42.618,40.118,25.0,45.0,0.0,,100.0,2.0,,,,0,cooldown
2026-07-07T20:35:22,pid_hot_humid_bursty_r1,pid,hot_humid,bursty,1,43.104,42.804,42.604,40.104,25.0,45.0,0.0,,100.0,2.0,,,,0,cooldown
2026-07-07T20:35:22,pid_hot_humid_bursty_r1,pid,hot_humid,bursty,1,43.089,42.789,42.589,40.089,25.0,45.0,0.0,,100.0,2.0,,,,0,cooldown
2026-07-07T20:35:22,pid_hot_humid_bursty_r1,pid,hot_humid,bursty,1,43.075,42.775,42.575,40.075,25.0,45.0,0.0,,100.0,2.0,,,,0,cooldown
2026-07-07T20:35:22,pid_hot_humid_bursty_r1,pid,hot_humid,bursty,1,43.061,42.761,42.561,40.061,25.0,45.0,0.0,,100.0,2.0,,,,0,cooldown
2026-07-07T20:35:22,pid_hot_humid_bursty_r1,pid,hot_humid,bursty,1,43.046,42.746,42.546,40.046,25.0,45.0,0.0,,100.0,2.0,,,,0,cooldown
2026-07-07T20:35:22,pid_hot_humid_bursty_r1,pid,hot_humid,bursty,1,43.032,42.732,42.532,40.032,25.0,45.0,0.0,,100.0,2.0,,,,0,cooldown
2026-07-07T20:35:22,pid_hot_humid_bursty_r1,pid,hot_humid,bursty,1,43.018,42.718,42.518,40.018,25.0,45.0,0.0,,100.0,2.0,,,,0,cooldown
2026-07-07T20:35:22,pid_hot_humid_bursty_r1,pid,hot_humid,bursty,1,43.004,42.704,42.504,40.004,25.0,45.0,0.0,,100.0,2.0,,,,0,cooldown
2026-07-07T20:35:22,pid_hot_humid_bursty_r1,pid,hot_humid,bursty,1,42.99,42.69,42.49,39.99,25.0,45.0,0.0,,100.0,2.0,,,,0,cooldown
2026-07-07T20:35:22,pid_hot_humid_bursty_r1,pid,hot_humid,bursty,1,42.975,42.675,42.475,39.975,25.0,45.0,0.0,,100.0,2.0,,,,0,cooldown
2026-07-07T20:35:22,pid_hot_humid_bursty_r1,pid,hot_humid,bursty,1,42.961,42.661,42.461,39.961,25.0,45.0,0.0,,100.0,2.0,,,,0,cooldown
2026-07-07T20:35:22,pid_hot_humid_bursty_r1,pid,hot_humid,bursty,1,42.947,42.647,42.447,39.947,25.0,45.0,0.0,,100.0,2.0,,,,0,cooldown
2026-07-07T20:35:22,pid_hot_humid_bursty_r1,pid,hot_humid,bursty,1,42.933,42.633,42.433,39.933,25.0,45.0,0.0,,100.0,2.0,,,,0,cooldown
2026-07-07T20:35:22,pid_hot_humid_bursty_r1,pid,hot_humid,bursty,1,42.919,42.619,42.419,39.919,25.0,45.0,0.0,,100.0,2.0,,,,0,cooldown
2026-07-07T20:35:22,pid_hot_humid_bursty_r1,pid,hot_humid,bursty,1,42.904,42.604,42.404,39.904,25.0,45.0,0.0,,100.0,2.0,,,,0,cooldown
2026-07-07T20:35:22,pid_hot_humid_bursty_r1,pid,hot_humid,bursty,1,42.89,42.59,42.39,39.89,25.0,45.0,0.0,,100.0,2.0,,,,0,cooldown
2026-07-07T20:35:22,pid_hot_humid_bursty_r1,pid,hot_humid,bursty,1,42.876,42.576,42.376,39.876,25.0,45.0,0.0,,100.0,2.0,,,,0,cooldown
2026-07-07T20:35:22,pid_hot_humid_bursty_r1,pid,hot_humid,bursty,1,42.862,42.562,42.362,39.862,25.0,45.0,0.0,,100.0,2.0,,,,0,cooldown
2026-07-07T20:35:22,pid_hot_humid_bursty_r1,pid,hot_humid,bursty,1,42.848,42.548,42.348,39.848,25.0,45.0,0.0,,100.0,2.0,,,,0,cooldown
2026-07-07T20:35:22,pid_hot_humid_bursty_r1,pid,hot_humid,bursty,1,42.834,42.534,42.334,39.834,25.0,45.0,0.0,,100.0,2.0,,,,0,cooldown
2026-07-07T20:35:22,pid_hot_humid_bursty_r1,pid,hot_humid,bursty,1,42.82,42.52,42.32,39.82,25.0,45.0,0.0,,100.0,2.0,,,,0,cooldown
2026-07-07T20:35:22,pid_hot_humid_bursty_r1,pid,hot_humid,bursty,1,42.806,42.506,42.306,39.806,25.0,45.0,0.0,,100.0,2.0,,,,0,cooldown
2026-07-07T20:35:22,pid_hot_humid_bursty_r1,pid,hot_humid,bursty,1,42.792,42.492,42.292,39.792,25.0,45.0,0.0,,100.0,2.0,,,,0,cooldown
2026-07-07T20:35:22,pid_hot_humid_bursty_r1,pid,hot_humid,bursty,1,42.778,42.478,42.278,39.778,25.0,45.0,0.0,,100.0,2.0,,,,0,cooldown
2026-07-07T20:35:22,pid_hot_humid_bursty_r1,pid,hot_humid,bursty,1,42.764,42.464,42.264,39.764,25.0,45.0,0.0,,100.0,2.0,,,,0,cooldown
2026-07-07T20:35:22,pid_hot_humid_bursty_r1,pid,hot_humid,bursty,1,42.75,42.45,42.25,39.75,25.0,45.0,0.0,,100.0,2.0,,,,0,cooldown
2026-07-07T20:35:22,pid_hot_humid_bursty_r1,pid,hot_humid,bursty,1,42.736,42.436,42.236,39.736,25.0,45.0,0.0,,100.0,2.0,,,,0,cooldown
2026-07-07T20:35:22,pid_hot_humid_bursty_r1,pid,hot_humid,bursty,1,42.722,42.422,42.222,39.722,25.0,45.0,0.0,,100.0,2.0,,,,0,cooldown
2026-07-07T20:35:22,pid_hot_humid_bursty_r1,pid,hot_humid,bursty,1,42.708,42.408,42.208,39.708,25.0,45.0,0.0,,100.0,2.0,,,,0,cooldown
2026-07-07T20:35:22,pid_hot_humid_bursty_r1,pid,hot_humid,bursty,1,42.694,42.394,42.194,39.694,25.0,45.0,0.0,,100.0,2.0,,,,0,cooldown
2026-07-07T20:35:22,pid_hot_humid_bursty_r1,pid,hot_humid,bursty,1,42.68,42.38,42.18,39.68,25.0,45.0,0.0,,100.0,2.0,,,,0,cooldown
2026-07-07T20:35:22,pid_hot_humid_bursty_r1,pid,hot_humid,bursty,1,42.666,42.366,42.166,39.666,25.0,45.0,0.0,,100.0,2.0,,,,0,cooldown
2026-07-07T20:35:22,pid_hot_humid_bursty_r1,pid,hot_humid,bursty,1,42.652,42.352,42.152,39.652,25.0,45.0,0.0,,100.0,2.0,,,,0,cooldown
2026-07-07T20:35:22,pid_hot_humid_bursty_r1,pid,hot_humid,bursty,1,42.638,42.338,42.138,39.638,25.0,45.0,0.0,,100.0,2.0,,,,0,cooldown
2026-07-07T20:35:22,pid_hot_humid_bursty_r1,pid,hot_humid,bursty,1,42.624,42.324,42.124,39.624,25.0,45.0,0.0,,100.0,2.0,,,,0,cooldown
2026-07-07T20:35:22,pid_hot_humid_bursty_r1,pid,hot_humid,bursty,1,42.61,42.31,42.11,39.61,25.0,45.0,0.0,,100.0,2.0,,,,0,cooldown
2026-07-07T20:35:22,pid_hot_humid_bursty_r1,pid,hot_humid,bursty,1,42.596,42.296,42.096,39.596,25.0,45.0,0.0,,100.0,2.0,,,,0,cooldown
2026-07-07T20:35:22,pid_hot_humid_bursty_r1,pid,hot_humid,bursty,1,42.582,42.282,42.082,39.582,25.0,45.0,0.0,,100.0,2.0,,,,0,cooldown
2026-07-07T20:35:22,pid_hot_humid_bursty_r1,pid,hot_humid,bursty,1,42.568,42.268,42.068,39.568,25.0,45.0,0.0,,100.0,2.0,,,,0,cooldown
2026-07-07T20:35:22,pid_hot_humid_bursty_r1,pid,hot_humid,bursty,1,42.554,42.254,42.054,39.554,25.0,45.0,0.0,,100.0,2.0,,,,0,cooldown
2026-07-07T20:35:22,pid_hot_humid_bursty_r1,pid,hot_humid,bursty,1,42.541,42.241,42.041,39.541,25.0,45.0,0.0,,100.0,2.0,,,,0,cooldown
2026-07-07T20:35:22,pid_hot_humid_bursty_r1,pid,hot_humid,bursty,1,42.527,42.227,42.027,39.527,25.0,45.0,0.0,,100.0,2.0,,,,0,cooldown
2026-07-07T20:35:22,pid_hot_humid_bursty_r1,pid,hot_humid,bursty,1,42.513,42.213,42.013,39.513,25.0,45.0,0.0,,100.0,2.0,,,,0,cooldown
2026-07-07T20:35:22,pid_hot_humid_bursty_r1,pid,hot_humid,bursty,1,42.499,42.199,41.999,39.499,25.0,45.0,0.0,,100.0,2.0,,,,0,cooldown
2026-07-07T20:35:22,pid_hot_humid_bursty_r1,pid,hot_humid,bursty,1,42.485,42.185,41.985,39.485,25.0,45.0,0.0,,100.0,2.0,,,,0,cooldown
2026-07-07T20:35:22,pid_hot_humid_bursty_r1,pid,hot_humid,bursty,1,42.471,42.171,41.971,39.471,25.0,45.0,0.0,,100.0,2.0,,,,0,cooldown
2026-07-07T20:35:22,pid_hot_humid_bursty_r1,pid,hot_humid,bursty,1,42.458,42.158,41.958,39.458,25.0,45.0,0.0,,100.0,2.0,,,,0,cooldown
2026-07-07T20:35:22,pid_hot_humid_bursty_r1,pid,hot_humid,bursty,1,42.444,42.144,41.944,39.444,25.0,45.0,0.0,,100.0,2.0,,,,0,cooldown
2026-07-07T20:35:22,pid_hot_humid_bursty_r1,pid,hot_humid,bursty,1,42.43,42.13,41.93,39.43,25.0,45.0,0.0,,100.0,2.0,,,,0,cooldown
2026-07-07T20:35:22,pid_hot_humid_bursty_r1,pid,hot_humid,bursty,1,42.416,42.116,41.916,39.416,25.0,45.0,0.0,,100.0,2.0,,,,0,cooldown
2026-07-07T20:35:22,pid_hot_humid_bursty_r1,pid,hot_humid,bursty,1,42.403,42.103,41.903,39.403,25.0,45.0,0.0,,100.0,2.0,,,,0,cooldown
2026-07-07T20:35:22,pid_hot_humid_bursty_r1,pid,hot_humid,bursty,1,42.389,42.089,41.889,39.389,25.0,45.0,0.0,,100.0,2.0,,,,0,cooldown
2026-07-07T20:35:22,pid_hot_humid_bursty_r1,pid,hot_humid,bursty,1,42.375,42.075,41.875,39.375,25.0,45.0,0.0,,100.0,2.0,,,,0,cooldown
2026-07-07T20:35:22,pid_hot_humid_bursty_r1,pid,hot_humid,bursty,1,42.361,42.061,41.861,39.361,25.0,45.0,0.0,,100.0,2.0,,,,0,cooldown
2026-07-07T20:35:22,pid_hot_humid_bursty_r1,pid,hot_humid,bursty,1,42.348,42.048,41.848,39.348,25.0,45.0,0.0,,100.0,2.0,,,,0,cooldown
2026-07-07T20:35:22,pid_hot_humid_bursty_r1,pid,hot_humid,bursty,1,42.334,42.034,41.834,39.334,25.0,45.0,0.0,,100.0,2.0,,,,0,cooldown
2026-07-07T20:35:22,pid_hot_humid_bursty_r1,pid,hot_humid,bursty,1,42.32,42.02,41.82,39.32,25.0,45.0,0.0,,100.0,2.0,,,,0,cooldown
2026-07-07T20:35:22,pid_hot_humid_bursty_r1,pid,hot_humid,bursty,1,42.307,42.007,41.807,39.307,25.0,45.0,0.0,,100.0,2.0,,,,0,cooldown
2026-07-07T20:35:22,pid_hot_humid_bursty_r1,pid,hot_humid,bursty,1,42.293,41.993,41.793,39.293,25.0,45.0,0.0,,100.0,2.0,,,,0,cooldown
2026-07-07T20:35:22,pid_hot_humid_bursty_r1,pid,hot_humid,bursty,1,42.279,41.979,41.779,39.279,25.0,45.0,0.0,,100.0,2.0,,,,0,cooldown
2026-07-07T20:35:22,pid_hot_humid_bursty_r1,pid,hot_humid,bursty,1,42.266,41.966,41.766,39.266,25.0,45.0,0.0,,100.0,2.0,,,,0,cooldown
2026-07-07T20:35:22,pid_hot_humid_bursty_r1,pid,hot_humid,bursty,1,42.252,41.952,41.752,39.252,25.0,45.0,0.0,,100.0,2.0,,,,0,cooldown
2026-07-07T20:35:22,pid_hot_humid_bursty_r1,pid,hot_humid,bursty,1,42.238,41.938,41.738,39.238,25.0,45.0,0.0,,100.0,2.0,,,,0,cooldown
2026-07-07T20:35:22,pid_hot_humid_bursty_r1,pid,hot_humid,bursty,1,42.225,41.925,41.725,39.225,25.0,45.0,0.0,,100.0,2.0,,,,0,cooldown
2026-07-07T20:35:22,pid_hot_humid_bursty_r1,pid,hot_humid,bursty,1,42.211,41.911,41.711,39.211,25.0,45.0,0.0,,100.0,2.0,,,,0,cooldown
2026-07-07T20:35:22,pid_hot_humid_bursty_r1,pid,hot_humid,bursty,1,42.198,41.898,41.698,39.198,25.0,45.0,0.0,,100.0,2.0,,,,0,cooldown
2026-07-07T20:35:22,pid_hot_humid_bursty_r1,pid,hot_humid,bursty,1,42.184,41.884,41.684,39.184,25.0,45.0,0.0,,100.0,2.0,,,,0,cooldown
2026-07-07T20:35:22,pid_hot_humid_bursty_r1,pid,hot_humid,bursty,1,42.17,41.87,41.67,39.17,25.0,45.0,0.0,,100.0,2.0,,,,0,cooldown
2026-07-07T20:35:22,pid_hot_humid_bursty_r1,pid,hot_humid,bursty,1,42.157,41.857,41.657,39.157,25.0,45.0,0.0,,100.0,2.0,,,,0,cooldown
2026-07-07T20:35:22,pid_hot_humid_bursty_r1,pid,hot_humid,bursty,1,42.143,41.843,41.643,39.143,25.0,45.0,0.0,,100.0,2.0,,,,0,cooldown
2026-07-07T20:35:22,pid_hot_humid_bursty_r1,pid,hot_humid,bursty,1,42.13,41.83,41.63,39.13,25.0,45.0,0.0,,100.0,2.0,,,,0,cooldown
2026-07-07T20:35:22,pid_hot_humid_bursty_r1,pid,hot_humid,bursty,1,42.116,41.816,41.616,39.116,25.0,45.0,0.0,,100.0,2.0,,,,0,cooldown
2026-07-07T20:35:22,pid_hot_humid_bursty_r1,pid,hot_humid,bursty,1,42.103,41.803,41.603,39.103,25.0,45.0,0.0,,100.0,2.0,,,,0,cooldown
2026-07-07T20:35:22,pid_hot_humid_bursty_r1,pid,hot_humid,bursty,1,42.089,41.789,41.589,39.089,25.0,45.0,0.0,,100.0,2.0,,,,0,cooldown
2026-07-07T20:35:22,pid_hot_humid_bursty_r1,pid,hot_humid,bursty,1,42.076,41.776,41.576,39.076,25.0,45.0,0.0,,100.0,2.0,,,,0,cooldown
2026-07-07T20:35:22,pid_hot_humid_bursty_r1,pid,hot_humid,bursty,1,42.062,41.762,41.562,39.062,25.0,45.0,0.0,,100.0,2.0,,,,0,cooldown
2026-07-07T20:35:22,pid_hot_humid_bursty_r1,pid,hot_humid,bursty,1,42.049,41.749,41.549,39.049,25.0,45.0,0.0,,100.0,2.0,,,,0,cooldown
2026-07-07T20:35:22,pid_hot_humid_bursty_r1,pid,hot_humid,bursty,1,42.035,41.735,41.535,39.035,25.0,45.0,0.0,,100.0,2.0,,,,0,cooldown
2026-07-07T20:35:22,pid_hot_humid_bursty_r1,pid,hot_humid,bursty,1,42.022,41.722,41.522,39.022,25.0,45.0,0.0,,100.0,2.0,,,,0,cooldown
2026-07-07T20:35:22,pid_hot_humid_bursty_r1,pid,hot_humid,bursty,1,42.009,41.709,41.509,39.009,25.0,45.0,0.0,,100.0,2.0,,,,0,cooldown
2026-07-07T20:35:22,pid_hot_humid_bursty_r1,pid,hot_humid,bursty,1,41.995,41.695,41.495,38.995,25.0,45.0,0.0,,100.0,2.0,,,,0,cooldown
2026-07-07T20:35:22,pid_hot_humid_bursty_r1,pid,hot_humid,bursty,1,41.982,41.682,41.482,38.982,25.0,45.0,0.0,,100.0,2.0,,,,0,cooldown
2026-07-07T20:35:22,pid_hot_humid_bursty_r1,pid,hot_humid,bursty,1,41.968,41.668,41.468,38.968,25.0,45.0,0.0,,100.0,2.0,,,,0,cooldown
2026-07-07T20:35:22,pid_hot_humid_bursty_r1,pid,hot_humid,bursty,1,41.955,41.655,41.455,38.955,25.0,45.0,0.0,,100.0,2.0,,,,0,cooldown
2026-07-07T20:35:22,pid_hot_humid_bursty_r1,pid,hot_humid,bursty,1,41.941,41.641,41.441,38.941,25.0,45.0,0.0,,100.0,2.0,,,,0,cooldown
2026-07-07T20:35:22,pid_hot_humid_bursty_r1,pid,hot_humid,bursty,1,41.928,41.628,41.428,38.928,25.0,45.0,0.0,,100.0,2.0,,,,0,cooldown
2026-07-07T20:35:22,pid_hot_humid_bursty_r1,pid,hot_humid,bursty,1,41.915,41.615,41.415,38.915,25.0,45.0,0.0,,100.0,2.0,,,,0,cooldown
2026-07-07T20:35:22,pid_hot_humid_bursty_r1,pid,hot_humid,bursty,1,41.901,41.601,41.401,38.901,25.0,45.0,0.0,,100.0,2.0,,,,0,cooldown
2026-07-07T20:35:22,pid_hot_humid_bursty_r1,pid,hot_humid,bursty,1,41.888,41.588,41.388,38.888,25.0,45.0,0.0,,100.0,2.0,,,,0,cooldown
2026-07-07T20:35:22,pid_hot_humid_bursty_r1,pid,hot_humid,bursty,1,41.875,41.575,41.375,38.875,25.0,45.0,0.0,,100.0,2.0,,,,0,cooldown
2026-07-07T20:35:22,pid_hot_humid_bursty_r1,pid,hot_humid,bursty,1,41.861,41.561,41.361,38.861,25.0,45.0,0.0,,100.0,2.0,,,,0,cooldown
2026-07-07T20:35:22,pid_hot_humid_bursty_r1,pid,hot_humid,bursty,1,41.848,41.548,41.348,38.848,25.0,45.0,0.0,,100.0,2.0,,,,0,cooldown
2026-07-07T20:35:22,pid_hot_humid_bursty_r1,pid,hot_humid,bursty,1,41.835,41.535,41.335,38.835,25.0,45.0,0.0,,100.0,2.0,,,,0,cooldown
2026-07-07T20:35:22,pid_hot_humid_bursty_r1,pid,hot_humid,bursty,1,41.821,41.521,41.321,38.821,25.0,45.0,0.0,,100.0,2.0,,,,0,cooldown
2026-07-07T20:35:22,pid_hot_humid_bursty_r1,pid,hot_humid,bursty,1,41.808,41.508,41.308,38.808,25.0,45.0,0.0,,100.0,2.0,,,,0,cooldown
2026-07-07T20:35:22,pid_hot_humid_bursty_r1,pid,hot_humid,bursty,1,41.795,41.495,41.295,38.795,25.0,45.0,0.0,,100.0,2.0,,,,0,cooldown
2026-07-07T20:35:22,pid_hot_humid_bursty_r1,pid,hot_humid,bursty,1,41.782,41.482,41.282,38.782,25.0,45.0,0.0,,100.0,2.0,,,,0,cooldown
2026-07-07T20:35:22,pid_hot_humid_bursty_r1,pid,hot_humid,bursty,1,41.768,41.468,41.268,38.768,25.0,45.0,0.0,,100.0,2.0,,,,0,cooldown
2026-07-07T20:35:22,pid_hot_humid_bursty_r1,pid,hot_humid,bursty,1,41.755,41.455,41.255,38.755,25.0,45.0,0.0,,100.0,2.0,,,,0,cooldown
2026-07-07T20:35:22,pid_hot_humid_bursty_r1,pid,hot_humid,bursty,1,41.742,41.442,41.242,38.742,25.0,45.0,0.0,,100.0,2.0,,,,0,cooldown
2026-07-07T20:35:22,pid_hot_humid_bursty_r1,pid,hot_humid,bursty,1,41.729,41.429,41.229,38.729,25.0,45.0,0.0,,100.0,2.0,,,,0,cooldown
2026-07-07T20:35:22,pid_hot_humid_bursty_r1,pid,hot_humid,bursty,1,41.716,41.416,41.216,38.716,25.0,45.0,0.0,,100.0,2.0,,,,0,cooldown
2026-07-07T20:35:22,pid_hot_humid_bursty_r1,pid,hot_humid,bursty,1,41.702,41.402,41.202,38.702,25.0,45.0,0.0,,100.0,2.0,,,,0,cooldown
2026-07-07T20:35:22,pid_hot_humid_bursty_r1,pid,hot_humid,bursty,1,41.689,41.389,41.189,38.689,25.0,45.0,0.0,,100.0,2.0,,,,0,cooldown
2026-07-07T20:35:22,pid_hot_humid_bursty_r1,pid,hot_humid,bursty,1,41.676,41.376,41.176,38.676,25.0,45.0,0.0,,100.0,2.0,,,,0,cooldown
2026-07-07T20:35:22,pid_hot_humid_bursty_r1,pid,hot_humid,bursty,1,41.663,41.363,41.163,38.663,25.0,45.0,0.0,,100.0,2.0,,,,0,cooldown
2026-07-07T20:35:22,pid_hot_humid_bursty_r1,pid,hot_humid,bursty,1,41.65,41.35,41.15,38.65,25.0,45.0,0.0,,100.0,2.0,,,,0,cooldown
2026-07-07T20:35:22,pid_hot_humid_bursty_r1,pid,hot_humid,bursty,1,41.637,41.337,41.137,38.637,25.0,45.0,0.0,,100.0,2.0,,,,0,cooldown
2026-07-07T20:35:22,pid_hot_humid_bursty_r1,pid,hot_humid,bursty,1,41.623,41.323,41.123,38.623,25.0,45.0,0.0,,100.0,2.0,,,,0,cooldown
2026-07-07T20:35:22,pid_hot_humid_bursty_r1,pid,hot_humid,bursty,1,41.61,41.31,41.11,38.61,25.0,45.0,0.0,,100.0,2.0,,,,0,cooldown
2026-07-07T20:35:22,pid_hot_humid_bursty_r1,pid,hot_humid,bursty,1,41.597,41.297,41.097,38.597,25.0,45.0,0.0,,100.0,2.0,,,,0,cooldown
2026-07-07T20:35:22,pid_hot_humid_bursty_r1,pid,hot_humid,bursty,1,41.584,41.284,41.084,38.584,25.0,45.0,0.0,,100.0,2.0,,,,0,cooldown
2026-07-07T20:35:22,pid_hot_humid_bursty_r1,pid,hot_humid,bursty,1,41.571,41.271,41.071,38.571,25.0,45.0,0.0,,100.0,2.0,,,,0,cooldown
2026-07-07T20:35:22,pid_hot_humid_bursty_r1,pid,hot_humid,bursty,1,41.558,41.258,41.058,38.558,25.0,45.0,0.0,,100.0,2.0,,,,0,cooldown
2026-07-07T20:35:22,pid_hot_humid_bursty_r1,pid,hot_humid,bursty,1,41.545,41.245,41.045,38.545,25.0,45.0,0.0,,100.0,2.0,,,,0,cooldown
2026-07-07T20:35:22,pid_hot_humid_bursty_r1,pid,hot_humid,bursty,1,41.532,41.232,41.032,38.532,25.0,45.0,0.0,,100.0,2.0,,,,0,cooldown
2026-07-07T20:35:22,pid_hot_humid_bursty_r1,pid,hot_humid,bursty,1,41.519,41.219,41.019,38.519,25.0,45.0,0.0,,100.0,2.0,,,,0,cooldown
2026-07-07T20:35:22,pid_hot_humid_bursty_r1,pid,hot_humid,bursty,1,41.506,41.206,41.006,38.506,25.0,45.0,0.0,,100.0,2.0,,,,0,cooldown
2026-07-07T20:35:22,pid_hot_humid_bursty_r1,pid,hot_humid,bursty,1,41.493,41.193,40.993,38.493,25.0,45.0,0.0,,100.0,2.0,,,,0,cooldown
2026-07-07T20:35:22,pid_hot_humid_bursty_r1,pid,hot_humid,bursty,1,41.48,41.18,40.98,38.48,25.0,45.0,0.0,,100.0,2.0,,,,0,cooldown
2026-07-07T20:35:22,pid_hot_humid_bursty_r1,pid,hot_humid,bursty,1,41.467,41.167,40.967,38.467,25.0,45.0,0.0,,100.0,2.0,,,,0,cooldown
2026-07-07T20:35:22,pid_hot_humid_bursty_r1,pid,hot_humid,bursty,1,41.454,41.154,40.954,38.454,25.0,45.0,0.0,,100.0,2.0,,,,0,cooldown
2026-07-07T20:35:22,pid_hot_humid_bursty_r1,pid,hot_humid,bursty,1,41.441,41.141,40.941,38.441,25.0,45.0,0.0,,100.0,2.0,,,,0,cooldown
2026-07-07T20:35:22,pid_hot_humid_bursty_r1,pid,hot_humid,bursty,1,41.428,41.128,40.928,38.428,25.0,45.0,0.0,,100.0,2.0,,,,0,cooldown
2026-07-07T20:35:22,pid_hot_humid_bursty_r1,pid,hot_humid,bursty,1,41.415,41.115,40.915,38.415,25.0,45.0,0.0,,100.0,2.0,,,,0,cooldown
2026-07-07T20:35:22,pid_hot_humid_bursty_r1,pid,hot_humid,bursty,1,41.402,41.102,40.902,38.402,25.0,45.0,0.0,,100.0,2.0,,,,0,cooldown
2026-07-07T20:35:22,pid_hot_humid_bursty_r1,pid,hot_humid,bursty,1,41.389,41.089,40.889,38.389,25.0,45.0,0.0,,100.0,2.0,,,,0,cooldown
2026-07-07T20:35:22,pid_hot_humid_bursty_r1,pid,hot_humid,bursty,1,41.376,41.076,40.876,38.376,25.0,45.0,0.0,,100.0,2.0,,,,0,cooldown
2026-07-07T20:35:22,pid_hot_humid_bursty_r1,pid,hot_humid,bursty,1,41.363,41.063,40.863,38.363,25.0,45.0,0.0,,100.0,2.0,,,,0,cooldown
2026-07-07T20:35:22,pid_hot_humid_bursty_r1,pid,hot_humid,bursty,1,41.35,41.05,40.85,38.35,25.0,45.0,0.0,,100.0,2.0,,,,0,cooldown
2026-07-07T20:35:22,pid_hot_humid_bursty_r1,pid,hot_humid,bursty,1,41.337,41.037,40.837,38.337,25.0,45.0,0.0,,100.0,2.0,,,,0,cooldown
2026-07-07T20:35:22,pid_hot_humid_bursty_r1,pid,hot_humid,bursty,1,41.324,41.024,40.824,38.324,25.0,45.0,0.0,,100.0,2.0,,,,0,cooldown
2026-07-07T20:35:22,pid_hot_humid_bursty_r1,pid,hot_humid,bursty,1,41.311,41.011,40.811,38.311,25.0,45.0,0.0,,100.0,2.0,,,,0,cooldown
2026-07-07T20:35:22,pid_hot_humid_bursty_r1,pid,hot_humid,bursty,1,41.298,40.998,40.798,38.298,25.0,45.0,0.0,,100.0,2.0,,,,0,cooldown
2026-07-07T20:35:22,pid_hot_humid_bursty_r1,pid,hot_humid,bursty,1,41.286,40.986,40.786,38.286,25.0,45.0,0.0,,100.0,2.0,,,,0,cooldown
2026-07-07T20:35:22,pid_hot_humid_bursty_r1,pid,hot_humid,bursty,1,41.273,40.973,40.773,38.273,25.0,45.0,0.0,,100.0,2.0,,,,0,cooldown
2026-07-07T20:35:22,pid_hot_humid_bursty_r1,pid,hot_humid,bursty,1,41.26,40.96,40.76,38.26,25.0,45.0,0.0,,100.0,2.0,,,,0,cooldown
2026-07-07T20:35:22,pid_hot_humid_bursty_r1,pid,hot_humid,bursty,1,41.247,40.947,40.747,38.247,25.0,45.0,0.0,,100.0,2.0,,,,0,cooldown
2026-07-07T20:35:22,pid_hot_humid_bursty_r1,pid,hot_humid,bursty,1,41.234,40.934,40.734,38.234,25.0,45.0,0.0,,100.0,2.0,,,,0,cooldown
2026-07-07T20:35:22,pid_hot_humid_bursty_r1,pid,hot_humid,bursty,1,41.221,40.921,40.721,38.221,25.0,45.0,0.0,,100.0,2.0,,,,0,cooldown
2026-07-07T20:35:22,pid_hot_humid_bursty_r1,pid,hot_humid,bursty,1,41.209,40.909,40.709,38.209,25.0,45.0,0.0,,100.0,2.0,,,,0,cooldown
2026-07-07T20:35:22,pid_hot_humid_bursty_r1,pid,hot_humid,bursty,1,41.196,40.896,40.696,38.196,25.0,45.0,0.0,,100.0,2.0,,,,0,cooldown
2026-07-07T20:35:22,pid_hot_humid_bursty_r1,pid,hot_humid,bursty,1,41.183,40.883,40.683,38.183,25.0,45.0,0.0,,100.0,2.0,,,,0,cooldown
2026-07-07T20:35:22,pid_hot_humid_bursty_r1,pid,hot_humid,bursty,1,41.17,40.87,40.67,38.17,25.0,45.0,0.0,,100.0,2.0,,,,0,cooldown
2026-07-07T20:35:22,pid_hot_humid_bursty_r1,pid,hot_humid,bursty,1,41.157,40.857,40.657,38.157,25.0,45.0,0.0,,100.0,2.0,,,,0,cooldown
2026-07-07T20:35:22,pid_hot_humid_bursty_r1,pid,hot_humid,bursty,1,41.145,40.845,40.645,38.145,25.0,45.0,0.0,,100.0,2.0,,,,0,cooldown
2026-07-07T20:35:22,pid_hot_humid_bursty_r1,pid,hot_humid,bursty,1,41.132,40.832,40.632,38.132,25.0,45.0,0.0,,100.0,2.0,,,,0,cooldown
2026-07-07T20:35:22,pid_hot_humid_bursty_r1,pid,hot_humid,bursty,1,41.119,40.819,40.619,38.119,25.0,45.0,0.0,,100.0,2.0,,,,0,cooldown
2026-07-07T20:35:22,pid_hot_humid_bursty_r1,pid,hot_humid,bursty,1,41.106,40.806,40.606,38.106,25.0,45.0,0.0,,100.0,2.0,,,,0,cooldown
2026-07-07T20:35:22,pid_hot_humid_bursty_r1,pid,hot_humid,bursty,1,41.094,40.794,40.594,38.094,25.0,45.0,0.0,,100.0,2.0,,,,0,cooldown
2026-07-07T20:35:22,pid_hot_humid_bursty_r1,pid,hot_humid,bursty,1,41.081,40.781,40.581,38.081,25.0,45.0,0.0,,100.0,2.0,,,,0,cooldown
2026-07-07T20:35:22,pid_hot_humid_bursty_r1,pid,hot_humid,bursty,1,41.068,40.768,40.568,38.068,25.0,45.0,0.0,,100.0,2.0,,,,0,cooldown
2026-07-07T20:35:22,pid_hot_humid_bursty_r1,pid,hot_humid,bursty,1,41.056,40.756,40.556,38.056,25.0,45.0,0.0,,100.0,2.0,,,,0,cooldown
2026-07-07T20:35:22,pid_hot_humid_bursty_r1,pid,hot_humid,bursty,1,41.043,40.743,40.543,38.043,25.0,45.0,0.0,,100.0,2.0,,,,0,cooldown
2026-07-07T20:35:22,pid_hot_humid_bursty_r1,pid,hot_humid,bursty,1,41.03,40.73,40.53,38.03,25.0,45.0,0.0,,100.0,2.0,,,,0,cooldown
2026-07-07T20:35:22,pid_hot_humid_bursty_r1,pid,hot_humid,bursty,1,41.018,40.718,40.518,38.018,25.0,45.0,0.0,,100.0,2.0,,,,0,cooldown
2026-07-07T20:35:22,pid_hot_humid_bursty_r1,pid,hot_humid,bursty,1,41.005,40.705,40.505,38.005,25.0,45.0,0.0,,100.0,2.0,,,,0,cooldown
2026-07-07T20:35:22,pid_hot_humid_bursty_r1,pid,hot_humid,bursty,1,40.992,40.692,40.492,37.992,25.0,45.0,0.0,,100.0,2.0,,,,0,cooldown
2026-07-07T20:35:22,pid_hot_humid_bursty_r1,pid,hot_humid,bursty,1,40.98,40.68,40.48,37.98,25.0,45.0,0.0,,100.0,2.0,,,,0,cooldown
2026-07-07T20:35:22,pid_hot_humid_bursty_r1,pid,hot_humid,bursty,1,40.967,40.667,40.467,37.967,25.0,45.0,0.0,,100.0,2.0,,,,0,cooldown
2026-07-07T20:35:22,pid_hot_humid_bursty_r1,pid,hot_humid,bursty,1,40.955,40.655,40.455,37.955,25.0,45.0,0.0,,100.0,2.0,,,,0,cooldown
2026-07-07T20:35:22,pid_hot_humid_bursty_r1,pid,hot_humid,bursty,1,40.942,40.642,40.442,37.942,25.0,45.0,0.0,,100.0,2.0,,,,0,cooldown
2026-07-07T20:35:22,pid_hot_humid_bursty_r1,pid,hot_humid,bursty,1,40.929,40.629,40.429,37.929,25.0,45.0,0.0,,100.0,2.0,,,,0,cooldown
2026-07-07T20:35:22,pid_hot_humid_bursty_r1,pid,hot_humid,bursty,1,40.917,40.617,40.417,37.917,25.0,45.0,0.0,,100.0,2.0,,,,0,cooldown
2026-07-07T20:35:22,pid_hot_humid_bursty_r1,pid,hot_humid,bursty,1,40.904,40.604,40.404,37.904,25.0,45.0,0.0,,100.0,2.0,,,,0,cooldown
2026-07-07T20:35:22,pid_hot_humid_bursty_r1,pid,hot_humid,bursty,1,40.892,40.592,40.392,37.892,25.0,45.0,0.0,,100.0,2.0,,,,0,cooldown
2026-07-07T20:35:22,pid_hot_humid_bursty_r1,pid,hot_humid,bursty,1,40.879,40.579,40.379,37.879,25.0,45.0,0.0,,100.0,2.0,,,,0,cooldown
2026-07-07T20:35:22,pid_hot_humid_bursty_r1,pid,hot_humid,bursty,1,40.867,40.567,40.367,37.867,25.0,45.0,0.0,,100.0,2.0,,,,0,cooldown
2026-07-07T20:35:22,pid_hot_humid_bursty_r1,pid,hot_humid,bursty,1,40.854,40.554,40.354,37.854,25.0,45.0,0.0,,100.0,2.0,,,,0,cooldown
2026-07-07T20:35:22,pid_hot_humid_bursty_r1,pid,hot_humid,bursty,1,40.842,40.542,40.342,37.842,25.0,45.0,0.0,,100.0,2.0,,,,0,cooldown
2026-07-07T20:35:22,pid_hot_humid_bursty_r1,pid,hot_humid,bursty,1,40.829,40.529,40.329,37.829,25.0,45.0,0.0,,100.0,2.0,,,,0,cooldown
2026-07-07T20:35:22,pid_hot_humid_bursty_r1,pid,hot_humid,bursty,1,40.817,40.517,40.317,37.817,25.0,45.0,0.0,,100.0,2.0,,,,0,cooldown
2026-07-07T20:35:22,pid_hot_humid_bursty_r1,pid,hot_humid,bursty,1,40.804,40.504,40.304,37.804,25.0,45.0,0.0,,100.0,2.0,,,,0,cooldown
2026-07-07T20:35:22,pid_hot_humid_bursty_r1,pid,hot_humid,bursty,1,40.792,40.492,40.292,37.792,25.0,45.0,0.0,,100.0,2.0,,,,0,cooldown
2026-07-07T20:35:22,pid_hot_humid_bursty_r1,pid,hot_humid,bursty,1,40.779,40.479,40.279,37.779,25.0,45.0,0.0,,100.0,2.0,,,,0,cooldown
2026-07-07T20:35:22,pid_hot_humid_bursty_r1,pid,hot_humid,bursty,1,40.767,40.467,40.267,37.767,25.0,45.0,0.0,,100.0,2.0,,,,0,cooldown
2026-07-07T20:35:22,pid_hot_humid_bursty_r1,pid,hot_humid,bursty,1,40.754,40.454,40.254,37.754,25.0,45.0,0.0,,100.0,2.0,,,,0,cooldown
2026-07-07T20:35:22,pid_hot_humid_bursty_r1,pid,hot_humid,bursty,1,40.742,40.442,40.242,37.742,25.0,45.0,0.0,,100.0,2.0,,,,0,cooldown
2026-07-07T20:35:22,pid_hot_humid_bursty_r1,pid,hot_humid,bursty,1,40.729,40.429,40.229,37.729,25.0,45.0,0.0,,100.0,2.0,,,,0,cooldown
2026-07-07T20:35:22,pid_hot_humid_bursty_r1,pid,hot_humid,bursty,1,40.717,40.417,40.217,37.717,25.0,45.0,0.0,,100.0,2.0,,,,0,cooldown
2026-07-07T20:35:22,pid_hot_humid_bursty_r1,pid,hot_humid,bursty,1,40.704,40.404,40.204,37.704,25.0,45.0,0.0,,100.0,2.0,,,,0,cooldown
2026-07-07T20:35:22,pid_hot_humid_bursty_r1,pid,hot_humid,bursty,1,40.692,40.392,40.192,37.692,25.0,45.0,0.0,,100.0,2.0,,,,0,cooldown
2026-07-07T20:35:22,pid_hot_humid_bursty_r1,pid,hot_humid,bursty,1,40.68,40.38,40.18,37.68,25.0,45.0,0.0,,100.0,2.0,,,,0,cooldown
2026-07-07T20:35:22,pid_hot_humid_bursty_r1,pid,hot_humid,bursty,1,40.667,40.367,40.167,37.667,25.0,45.0,0.0,,100.0,2.0,,,,0,cooldown
2026-07-07T20:35:22,pid_hot_humid_bursty_r1,pid,hot_humid,bursty,1,40.655,40.355,40.155,37.655,25.0,45.0,0.0,,100.0,2.0,,,,0,cooldown
2026-07-07T20:35:22,pid_hot_humid_bursty_r1,pid,hot_humid,bursty,1,40.643,40.343,40.143,37.643,25.0,45.0,0.0,,100.0,2.0,,,,0,cooldown
2026-07-07T20:35:22,pid_hot_humid_bursty_r1,pid,hot_humid,bursty,1,40.63,40.33,40.13,37.63,25.0,45.0,0.0,,100.0,2.0,,,,0,cooldown
2026-07-07T20:35:22,pid_hot_humid_bursty_r1,pid,hot_humid,bursty,1,40.618,40.318,40.118,37.618,25.0,45.0,0.0,,100.0,2.0,,,,0,cooldown
2026-07-07T20:35:22,pid_hot_humid_bursty_r1,pid,hot_humid,bursty,1,40.606,40.306,40.106,37.606,25.0,45.0,0.0,,100.0,2.0,,,,0,cooldown
2026-07-07T20:35:22,pid_hot_humid_bursty_r1,pid,hot_humid,bursty,1,40.593,40.293,40.093,37.593,25.0,45.0,0.0,,100.0,2.0,,,,0,cooldown
2026-07-07T20:35:22,pid_hot_humid_bursty_r1,pid,hot_humid,bursty,1,40.581,40.281,40.081,37.581,25.0,45.0,0.0,,100.0,2.0,,,,0,cooldown
2026-07-07T20:35:22,pid_hot_humid_bursty_r1,pid,hot_humid,bursty,1,40.569,40.269,40.069,37.569,25.0,45.0,0.0,,100.0,2.0,,,,0,cooldown
2026-07-07T20:35:22,pid_hot_humid_bursty_r1,pid,hot_humid,bursty,1,40.556,40.256,40.056,37.556,25.0,45.0,0.0,,100.0,2.0,,,,0,cooldown
2026-07-07T20:35:22,pid_hot_humid_bursty_r1,pid,hot_humid,bursty,1,40.544,40.244,40.044,37.544,25.0,45.0,0.0,,100.0,2.0,,,,0,cooldown
2026-07-07T20:35:22,pid_hot_humid_bursty_r1,pid,hot_humid,bursty,1,40.532,40.232,40.032,37.532,25.0,45.0,0.0,,100.0,2.0,,,,0,cooldown
2026-07-07T20:35:22,pid_hot_humid_bursty_r1,pid,hot_humid,bursty,1,40.52,40.22,40.02,37.52,25.0,45.0,0.0,,100.0,2.0,,,,0,cooldown
2026-07-07T20:35:22,pid_hot_humid_bursty_r1,pid,hot_humid,bursty,1,40.507,40.207,40.007,37.507,25.0,45.0,0.0,,100.0,2.0,,,,0,cooldown
2026-07-07T20:35:22,pid_hot_humid_bursty_r1,pid,hot_humid,bursty,1,40.495,40.195,39.995,37.495,25.0,45.0,0.0,,100.0,2.0,,,,0,cooldown
2026-07-07T20:35:22,pid_hot_humid_bursty_r1,pid,hot_humid,bursty,1,40.483,40.183,39.983,37.483,25.0,45.0,0.0,,100.0,2.0,,,,0,cooldown
2026-07-07T20:35:22,pid_hot_humid_bursty_r1,pid,hot_humid,bursty,1,40.471,40.171,39.971,37.471,25.0,45.0,0.0,,100.0,2.0,,,,0,cooldown
2026-07-07T20:35:22,pid_hot_humid_bursty_r1,pid,hot_humid,bursty,1,40.458,40.158,39.958,37.458,25.0,45.0,0.0,,100.0,2.0,,,,0,cooldown
2026-07-07T20:35:22,pid_hot_humid_bursty_r1,pid,hot_humid,bursty,1,40.446,40.146,39.946,37.446,25.0,45.0,0.0,,100.0,2.0,,,,0,cooldown
2026-07-07T20:35:22,pid_hot_humid_bursty_r1,pid,hot_humid,bursty,1,40.434,40.134,39.934,37.434,25.0,45.0,0.0,,100.0,2.0,,,,0,cooldown
2026-07-07T20:35:22,pid_hot_humid_bursty_r1,pid,hot_humid,bursty,1,40.422,40.122,39.922,37.422,25.0,45.0,0.0,,100.0,2.0,,,,0,cooldown
2026-07-07T20:35:22,pid_hot_humid_bursty_r1,pid,hot_humid,bursty,1,40.41,40.11,39.91,37.41,25.0,45.0,0.0,,100.0,2.0,,,,0,cooldown
2026-07-07T20:35:22,pid_hot_humid_bursty_r1,pid,hot_humid,bursty,1,40.397,40.097,39.897,37.397,25.0,45.0,0.0,,100.0,2.0,,,,0,cooldown
2026-07-07T20:35:22,pid_hot_humid_bursty_r1,pid,hot_humid,bursty,1,40.385,40.085,39.885,37.385,25.0,45.0,0.0,,100.0,2.0,,,,0,cooldown
2026-07-07T20:35:22,pid_hot_humid_bursty_r1,pid,hot_humid,bursty,1,40.373,40.073,39.873,37.373,25.0,45.0,0.0,,100.0,2.0,,,,0,cooldown
2026-07-07T20:35:22,pid_hot_humid_bursty_r1,pid,hot_humid,bursty,1,40.361,40.061,39.861,37.361,25.0,45.0,0.0,,100.0,2.0,,,,0,cooldown
2026-07-07T20:35:22,pid_hot_humid_bursty_r1,pid,hot_humid,bursty,1,40.349,40.049,39.849,37.349,25.0,45.0,0.0,,100.0,2.0,,,,0,cooldown
2026-07-07T20:35:22,pid_hot_humid_bursty_r1,pid,hot_humid,bursty,1,40.337,40.037,39.837,37.337,25.0,45.0,0.0,,100.0,2.0,,,,0,cooldown
2026-07-07T20:35:22,pid_hot_humid_bursty_r1,pid,hot_humid,bursty,1,40.325,40.025,39.825,37.325,25.0,45.0,0.0,,100.0,2.0,,,,0,cooldown
2026-07-07T20:35:22,pid_hot_humid_bursty_r1,pid,hot_humid,bursty,1,40.313,40.013,39.813,37.313,25.0,45.0,0.0,,100.0,2.0,,,,0,cooldown
2026-07-07T20:35:22,pid_hot_humid_bursty_r1,pid,hot_humid,bursty,1,40.3,40.0,39.8,37.3,25.0,45.0,0.0,,100.0,2.0,,,,0,cooldown
2026-07-07T20:35:22,pid_hot_humid_bursty_r1,pid,hot_humid,bursty,1,40.288,39.988,39.788,37.288,25.0,45.0,0.0,,100.0,2.0,,,,0,cooldown
2026-07-07T20:35:22,pid_hot_humid_bursty_r1,pid,hot_humid,bursty,1,40.276,39.976,39.776,37.276,25.0,45.0,0.0,,100.0,2.0,,,,0,cooldown
2026-07-07T20:35:22,pid_hot_humid_bursty_r1,pid,hot_humid,bursty,1,40.264,39.964,39.764,37.264,25.0,45.0,0.0,,100.0,2.0,,,,0,cooldown
2026-07-07T20:35:22,pid_hot_humid_bursty_r1,pid,hot_humid,bursty,1,40.252,39.952,39.752,37.252,25.0,45.0,0.0,,100.0,2.0,,,,0,cooldown
2026-07-07T20:35:22,pid_hot_humid_bursty_r1,pid,hot_humid,bursty,1,40.24,39.94,39.74,37.24,25.0,45.0,0.0,,100.0,2.0,,,,0,cooldown
2026-07-07T20:35:22,pid_hot_humid_bursty_r1,pid,hot_humid,bursty,1,40.228,39.928,39.728,37.228,25.0,45.0,0.0,,100.0,2.0,,,,0,cooldown
2026-07-07T20:35:22,pid_hot_humid_bursty_r1,pid,hot_humid,bursty,1,40.216,39.916,39.716,37.216,25.0,45.0,0.0,,100.0,2.0,,,,0,cooldown
2026-07-07T20:35:22,pid_hot_humid_bursty_r1,pid,hot_humid,bursty,1,40.204,39.904,39.704,37.204,25.0,45.0,0.0,,100.0,2.0,,,,0,cooldown
2026-07-07T20:35:22,pid_hot_humid_bursty_r1,pid,hot_humid,bursty,1,40.192,39.892,39.692,37.192,25.0,45.0,0.0,,100.0,2.0,,,,0,cooldown
2026-07-07T20:35:22,pid_hot_humid_bursty_r1,pid,hot_humid,bursty,1,40.18,39.88,39.68,37.18,25.0,45.0,0.0,,100.0,2.0,,,,0,cooldown
2026-07-07T20:35:22,pid_hot_humid_bursty_r1,pid,hot_humid,bursty,1,40.168,39.868,39.668,37.168,25.0,45.0,0.0,,100.0,2.0,,,,0,cooldown
2026-07-07T20:35:22,pid_hot_humid_bursty_r1,pid,hot_humid,bursty,1,40.156,39.856,39.656,37.156,25.0,45.0,0.0,,100.0,2.0,,,,0,cooldown
2026-07-07T20:35:22,pid_hot_humid_bursty_r1,pid,hot_humid,bursty,1,40.144,39.844,39.644,37.144,25.0,45.0,0.0,,100.0,2.0,,,,0,cooldown
2026-07-07T20:35:22,pid_hot_humid_bursty_r1,pid,hot_humid,bursty,1,40.132,39.832,39.632,37.132,25.0,45.0,0.0,,100.0,2.0,,,,0,cooldown
2026-07-07T20:35:22,pid_hot_humid_bursty_r1,pid,hot_humid,bursty,1,40.12,39.82,39.62,37.12,25.0,45.0,0.0,,100.0,2.0,,,,0,cooldown
2026-07-07T20:35:22,pid_hot_humid_bursty_r1,pid,hot_humid,bursty,1,40.108,39.808,39.608,37.108,25.0,45.0,0.0,,100.0,2.0,,,,0,cooldown
2026-07-07T20:35:22,pid_hot_humid_bursty_r1,pid,hot_humid,bursty,1,40.096,39.796,39.596,37.096,25.0,45.0,0.0,,100.0,2.0,,,,0,cooldown
2026-07-07T20:35:22,pid_hot_humid_bursty_r1,pid,hot_humid,bursty,1,40.084,39.784,39.584,37.084,25.0,45.0,0.0,,100.0,2.0,,,,0,cooldown
2026-07-07T20:35:22,pid_hot_humid_bursty_r1,pid,hot_humid,bursty,1,40.073,39.773,39.573,37.073,25.0,45.0,0.0,,100.0,2.0,,,,0,cooldown
2026-07-07T20:35:22,pid_hot_humid_bursty_r1,pid,hot_humid,bursty,1,40.061,39.761,39.561,37.061,25.0,45.0,0.0,,100.0,2.0,,,,0,cooldown
2026-07-07T20:35:22,pid_hot_humid_bursty_r1,pid,hot_humid,bursty,1,40.049,39.749,39.549,37.049,25.0,45.0,0.0,,100.0,2.0,,,,0,cooldown
2026-07-07T20:35:22,pid_hot_humid_bursty_r1,pid,hot_humid,bursty,1,40.037,39.737,39.537,37.037,25.0,45.0,0.0,,100.0,2.0,,,,0,cooldown
2026-07-07T20:35:22,pid_hot_humid_bursty_r1,pid,hot_humid,bursty,1,40.025,39.725,39.525,37.025,25.0,45.0,0.0,,100.0,2.0,,,,0,cooldown
2026-07-07T20:35:22,pid_hot_humid_bursty_r1,pid,hot_humid,bursty,1,40.013,39.713,39.513,37.013,25.0,45.0,0.0,,100.0,2.0,,,,0,cooldown
2026-07-07T20:35:22,pid_hot_humid_bursty_r1,pid,hot_humid,bursty,1,40.001,39.701,39.501,37.001,25.0,45.0,0.0,,100.0,2.0,,,,0,cooldown
2026-07-07T20:35:22,pid_hot_humid_bursty_r1,pid,hot_humid,bursty,1,39.989,39.689,39.489,36.989,25.0,45.0,0.0,,100.0,2.0,,,,0,cooldown
2026-07-07T20:35:22,pid_hot_humid_bursty_r1,pid,hot_humid,bursty,1,39.978,39.678,39.478,36.978,25.0,45.0,0.0,,100.0,2.0,,,,0,cooldown
2026-07-07T20:35:22,pid_hot_humid_bursty_r1,pid,hot_humid,bursty,1,39.966,39.666,39.466,36.966,25.0,45.0,0.0,,100.0,2.0,,,,0,cooldown
2026-07-07T20:35:22,pid_hot_humid_bursty_r1,pid,hot_humid,bursty,1,39.954,39.654,39.454,36.954,25.0,45.0,0.0,,100.0,2.0,,,,0,cooldown
2026-07-07T20:35:22,pid_hot_humid_bursty_r1,pid,hot_humid,bursty,1,39.942,39.642,39.442,36.942,25.0,45.0,0.0,,100.0,2.0,,,,0,cooldown
2026-07-07T20:35:22,pid_hot_humid_bursty_r1,pid,hot_humid,bursty,1,39.93,39.63,39.43,36.93,25.0,45.0,0.0,,100.0,2.0,,,,0,cooldown
2026-07-07T20:35:22,pid_hot_humid_bursty_r1,pid,hot_humid,bursty,1,39.919,39.619,39.419,36.919,25.0,45.0,0.0,,100.0,2.0,,,,0,cooldown
2026-07-07T20:35:22,pid_hot_humid_bursty_r1,pid,hot_humid,bursty,1,39.907,39.607,39.407,36.907,25.0,45.0,0.0,,100.0,2.0,,,,0,cooldown
2026-07-07T20:35:22,pid_hot_humid_bursty_r1,pid,hot_humid,bursty,1,39.895,39.595,39.395,36.895,25.0,45.0,0.0,,100.0,2.0,,,,0,cooldown
2026-07-07T20:35:22,pid_hot_humid_bursty_r1,pid,hot_humid,bursty,1,39.883,39.583,39.383,36.883,25.0,45.0,0.0,,100.0,2.0,,,,0,cooldown
2026-07-07T20:35:22,pid_hot_humid_bursty_r1,pid,hot_humid,bursty,1,39.872,39.572,39.372,36.872,25.0,45.0,0.0,,100.0,2.0,,,,0,cooldown
2026-07-07T20:35:22,pid_hot_humid_bursty_r1,pid,hot_humid,bursty,1,39.86,39.56,39.36,36.86,25.0,45.0,0.0,,100.0,2.0,,,,0,cooldown
2026-07-07T20:35:22,pid_hot_humid_bursty_r1,pid,hot_humid,bursty,1,39.848,39.548,39.348,36.848,25.0,45.0,0.0,,100.0,2.0,,,,0,cooldown
2026-07-07T20:35:22,pid_hot_humid_bursty_r1,pid,hot_humid,bursty,1,39.836,39.536,39.336,36.836,25.0,45.0,0.0,,100.0,2.0,,,,0,cooldown
2026-07-07T20:35:22,pid_hot_humid_bursty_r1,pid,hot_humid,bursty,1,39.825,39.525,39.325,36.825,25.0,45.0,0.0,,100.0,2.0,,,,0,cooldown
2026-07-07T20:35:22,pid_hot_humid_bursty_r1,pid,hot_humid,bursty,1,39.813,39.513,39.313,36.813,25.0,45.0,0.0,,100.0,2.0,,,,0,cooldown
2026-07-07T20:35:22,pid_hot_humid_bursty_r1,pid,hot_humid,bursty,1,39.801,39.501,39.301,36.801,25.0,45.0,0.0,,100.0,2.0,,,,0,cooldown
2026-07-07T20:35:22,pid_hot_humid_bursty_r1,pid,hot_humid,bursty,1,39.79,39.49,39.29,36.79,25.0,45.0,0.0,,100.0,2.0,,,,0,cooldown
2026-07-07T20:35:22,pid_hot_humid_bursty_r1,pid,hot_humid,bursty,1,39.778,39.478,39.278,36.778,25.0,45.0,0.0,,100.0,2.0,,,,0,cooldown
2026-07-07T20:35:22,pid_hot_humid_bursty_r1,pid,hot_humid,bursty,1,39.766,39.466,39.266,36.766,25.0,45.0,0.0,,100.0,2.0,,,,0,cooldown
2026-07-07T20:35:22,pid_hot_humid_bursty_r1,pid,hot_humid,bursty,1,39.755,39.455,39.255,36.755,25.0,45.0,0.0,,100.0,2.0,,,,0,cooldown
2026-07-07T20:35:22,pid_hot_humid_bursty_r1,pid,hot_humid,bursty,1,39.743,39.443,39.243,36.743,25.0,45.0,0.0,,100.0,2.0,,,,0,cooldown
2026-07-07T20:35:22,pid_hot_humid_bursty_r1,pid,hot_humid,bursty,1,39.731,39.431,39.231,36.731,25.0,45.0,0.0,,100.0,2.0,,,,0,cooldown
2026-07-07T20:35:22,pid_hot_humid_bursty_r1,pid,hot_humid,bursty,1,39.72,39.42,39.22,36.72,25.0,45.0,0.0,,100.0,2.0,,,,0,cooldown
2026-07-07T20:35:22,pid_hot_humid_bursty_r1,pid,hot_humid,bursty,1,39.708,39.408,39.208,36.708,25.0,45.0,0.0,,100.0,2.0,,,,0,cooldown
2026-07-07T20:35:22,pid_hot_humid_bursty_r1,pid,hot_humid,bursty,1,39.696,39.396,39.196,36.696,25.0,45.0,0.0,,100.0,2.0,,,,0,cooldown
2026-07-07T20:35:22,pid_hot_humid_bursty_r1,pid,hot_humid,bursty,1,39.685,39.385,39.185,36.685,25.0,45.0,0.0,,100.0,2.0,,,,0,cooldown
2026-07-07T20:35:22,pid_hot_humid_bursty_r1,pid,hot_humid,bursty,1,39.673,39.373,39.173,36.673,25.0,45.0,0.0,,100.0,2.0,,,,0,cooldown
2026-07-07T20:35:22,pid_hot_humid_bursty_r1,pid,hot_humid,bursty,1,39.662,39.362,39.162,36.662,25.0,45.0,0.0,,100.0,2.0,,,,0,cooldown
2026-07-07T20:35:22,pid_hot_humid_bursty_r1,pid,hot_humid,bursty,1,39.65,39.35,39.15,36.65,25.0,45.0,0.0,,100.0,2.0,,,,0,cooldown
2026-07-07T20:35:22,pid_hot_humid_bursty_r1,pid,hot_humid,bursty,1,39.639,39.339,39.139,36.639,25.0,45.0,0.0,,100.0,2.0,,,,0,cooldown
2026-07-07T20:35:22,pid_hot_humid_bursty_r1,pid,hot_humid,bursty,1,39.627,39.327,39.127,36.627,25.0,45.0,0.0,,100.0,2.0,,,,0,cooldown
2026-07-07T20:35:22,pid_hot_humid_bursty_r1,pid,hot_humid,bursty,1,39.615,39.315,39.115,36.615,25.0,45.0,0.0,,100.0,2.0,,,,0,cooldown
2026-07-07T20:35:22,pid_hot_humid_bursty_r1,pid,hot_humid,bursty,1,39.604,39.304,39.104,36.604,25.0,45.0,0.0,,100.0,2.0,,,,0,cooldown
2026-07-07T20:35:22,pid_hot_humid_bursty_r1,pid,hot_humid,bursty,1,39.592,39.292,39.092,36.592,25.0,45.0,0.0,,100.0,2.0,,,,0,cooldown
2026-07-07T20:35:22,pid_hot_humid_bursty_r1,pid,hot_humid,bursty,1,39.581,39.281,39.081,36.581,25.0,45.0,0.0,,100.0,2.0,,,,0,cooldown
2026-07-07T20:35:22,pid_hot_humid_bursty_r1,pid,hot_humid,bursty,1,39.569,39.269,39.069,36.569,25.0,45.0,0.0,,100.0,2.0,,,,0,cooldown
2026-07-07T20:35:22,pid_hot_humid_bursty_r1,pid,hot_humid,bursty,1,39.558,39.258,39.058,36.558,25.0,45.0,0.0,,100.0,2.0,,,,0,cooldown
2026-07-07T20:35:22,pid_hot_humid_bursty_r1,pid,hot_humid,bursty,1,39.546,39.246,39.046,36.546,25.0,45.0,0.0,,100.0,2.0,,,,0,cooldown
2026-07-07T20:35:22,pid_hot_humid_bursty_r1,pid,hot_humid,bursty,1,39.535,39.235,39.035,36.535,25.0,45.0,0.0,,100.0,2.0,,,,0,cooldown
2026-07-07T20:35:22,pid_hot_humid_bursty_r1,pid,hot_humid,bursty,1,39.523,39.223,39.023,36.523,25.0,45.0,0.0,,100.0,2.0,,,,0,cooldown
2026-07-07T20:35:22,pid_hot_humid_bursty_r1,pid,hot_humid,bursty,1,39.512,39.212,39.012,36.512,25.0,45.0,0.0,,100.0,2.0,,,,0,cooldown
2026-07-07T20:35:22,pid_hot_humid_bursty_r1,pid,hot_humid,bursty,1,39.5,39.2,39.0,36.5,25.0,45.0,0.0,,100.0,2.0,,,,0,cooldown
2026-07-07T20:35:22,pid_hot_humid_bursty_r1,pid,hot_humid,bursty,1,39.489,39.189,38.989,36.489,25.0,45.0,0.0,,100.0,2.0,,,,0,cooldown
2026-07-07T20:35:22,pid_hot_humid_bursty_r1,pid,hot_humid,bursty,1,39.478,39.178,38.978,36.478,25.0,45.0,0.0,,100.0,2.0,,,,0,cooldown
2026-07-07T20:35:22,pid_hot_humid_bursty_r1,pid,hot_humid,bursty,1,39.466,39.166,38.966,36.466,25.0,45.0,0.0,,100.0,2.0,,,,0,cooldown
2026-07-07T20:35:22,pid_hot_humid_bursty_r1,pid,hot_humid,bursty,1,39.455,39.155,38.955,36.455,25.0,45.0,0.0,,100.0,2.0,,,,0,cooldown
2026-07-07T20:35:22,pid_hot_humid_bursty_r1,pid,hot_humid,bursty,1,39.443,39.143,38.943,36.443,25.0,45.0,0.0,,100.0,2.0,,,,0,cooldown
2026-07-07T20:35:22,pid_hot_humid_bursty_r1,pid,hot_humid,bursty,1,39.432,39.132,38.932,36.432,25.0,45.0,0.0,,100.0,2.0,,,,0,cooldown
2026-07-07T20:35:22,pid_hot_humid_bursty_r1,pid,hot_humid,bursty,1,39.42,39.12,38.92,36.42,25.0,45.0,0.0,,100.0,2.0,,,,0,cooldown
2026-07-07T20:35:22,pid_hot_humid_bursty_r1,pid,hot_humid,bursty,1,39.409,39.109,38.909,36.409,25.0,45.0,0.0,,100.0,2.0,,,,0,cooldown
2026-07-07T20:35:22,pid_hot_humid_bursty_r1,pid,hot_humid,bursty,1,39.398,39.098,38.898,36.398,25.0,45.0,0.0,,100.0,2.0,,,,0,cooldown
2026-07-07T20:35:22,pid_hot_humid_bursty_r1,pid,hot_humid,bursty,1,39.386,39.086,38.886,36.386,25.0,45.0,0.0,,100.0,2.0,,,,0,cooldown
2026-07-07T20:35:22,pid_hot_humid_bursty_r1,pid,hot_humid,bursty,1,39.375,39.075,38.875,36.375,25.0,45.0,0.0,,100.0,2.0,,,,0,cooldown
2026-07-07T20:35:22,pid_hot_humid_bursty_r1,pid,hot_humid,bursty,1,39.364,39.064,38.864,36.364,25.0,45.0,0.0,,100.0,2.0,,,,0,cooldown
2026-07-07T20:35:22,pid_hot_humid_bursty_r1,pid,hot_humid,bursty,1,39.352,39.052,38.852,36.352,25.0,45.0,0.0,,100.0,2.0,,,,0,cooldown
2026-07-07T20:35:22,pid_hot_humid_bursty_r1,pid,hot_humid,bursty,1,39.341,39.041,38.841,36.341,25.0,45.0,0.0,,100.0,2.0,,,,0,cooldown
2026-07-07T20:35:22,pid_hot_humid_bursty_r1,pid,hot_humid,bursty,1,39.33,39.03,38.83,36.33,25.0,45.0,0.0,,100.0,2.0,,,,0,cooldown
2026-07-07T20:35:22,pid_hot_humid_bursty_r1,pid,hot_humid,bursty,1,39.318,39.018,38.818,36.318,25.0,45.0,0.0,,100.0,2.0,,,,0,cooldown
2026-07-07T20:35:22,pid_hot_humid_bursty_r1,pid,hot_humid,bursty,1,39.307,39.007,38.807,36.307,25.0,45.0,0.0,,100.0,2.0,,,,0,cooldown
2026-07-07T20:35:22,pid_hot_humid_bursty_r1,pid,hot_humid,bursty,1,39.296,38.996,38.796,36.296,25.0,45.0,0.0,,100.0,2.0,,,,0,cooldown
2026-07-07T20:35:22,pid_hot_humid_bursty_r1,pid,hot_humid,bursty,1,39.284,38.984,38.784,36.284,25.0,45.0,0.0,,100.0,2.0,,,,0,cooldown
2026-07-07T20:35:22,pid_hot_humid_bursty_r1,pid,hot_humid,bursty,1,39.273,38.973,38.773,36.273,25.0,45.0,0.0,,100.0,2.0,,,,0,cooldown
2026-07-07T20:35:22,pid_hot_humid_bursty_r1,pid,hot_humid,bursty,1,39.262,38.962,38.762,36.262,25.0,45.0,0.0,,100.0,2.0,,,,0,cooldown
2026-07-07T20:35:22,pid_hot_humid_bursty_r1,pid,hot_humid,bursty,1,39.251,38.951,38.751,36.251,25.0,45.0,0.0,,100.0,2.0,,,,0,cooldown
2026-07-07T20:35:22,pid_hot_humid_bursty_r1,pid,hot_humid,bursty,1,39.239,38.939,38.739,36.239,25.0,45.0,0.0,,100.0,2.0,,,,0,cooldown
2026-07-07T20:35:22,pid_hot_humid_bursty_r1,pid,hot_humid,bursty,1,39.228,38.928,38.728,36.228,25.0,45.0,0.0,,100.0,2.0,,,,0,cooldown
2026-07-07T20:35:22,pid_hot_humid_bursty_r1,pid,hot_humid,bursty,1,39.217,38.917,38.717,36.217,25.0,45.0,0.0,,100.0,2.0,,,,0,cooldown
2026-07-07T20:35:22,pid_hot_humid_bursty_r1,pid,hot_humid,bursty,1,39.206,38.906,38.706,36.206,25.0,45.0,0.0,,100.0,2.0,,,,0,cooldown
2026-07-07T20:35:22,pid_hot_humid_bursty_r1,pid,hot_humid,bursty,1,39.194,38.894,38.694,36.194,25.0,45.0,0.0,,100.0,2.0,,,,0,cooldown
2026-07-07T20:35:22,pid_hot_humid_bursty_r1,pid,hot_humid,bursty,1,39.183,38.883,38.683,36.183,25.0,45.0,0.0,,100.0,2.0,,,,0,cooldown
2026-07-07T20:35:22,pid_hot_humid_bursty_r1,pid,hot_humid,bursty,1,39.172,38.872,38.672,36.172,25.0,45.0,0.0,,100.0,2.0,,,,0,cooldown
2026-07-07T20:35:22,pid_hot_humid_bursty_r1,pid,hot_humid,bursty,1,39.161,38.861,38.661,36.161,25.0,45.0,0.0,,100.0,2.0,,,,0,cooldown
2026-07-07T20:35:22,pid_hot_humid_bursty_r1,pid,hot_humid,bursty,1,39.15,38.85,38.65,36.15,25.0,45.0,0.0,,100.0,2.0,,,,0,cooldown
2026-07-07T20:35:22,pid_hot_humid_bursty_r1,pid,hot_humid,bursty,1,39.139,38.839,38.639,36.139,25.0,45.0,0.0,,100.0,2.0,,,,0,cooldown
2026-07-07T20:35:22,pid_hot_humid_bursty_r1,pid,hot_humid,bursty,1,39.127,38.827,38.627,36.127,25.0,45.0,0.0,,100.0,2.0,,,,0,cooldown
2026-07-07T20:35:22,pid_hot_humid_bursty_r1,pid,hot_humid,bursty,1,39.116,38.816,38.616,36.116,25.0,45.0,0.0,,100.0,2.0,,,,0,cooldown
2026-07-07T20:35:22,pid_hot_humid_bursty_r1,pid,hot_humid,bursty,1,39.105,38.805,38.605,36.105,25.0,45.0,0.0,,100.0,2.0,,,,0,cooldown
2026-07-07T20:35:22,pid_hot_humid_bursty_r1,pid,hot_humid,bursty,1,39.094,38.794,38.594,36.094,25.0,45.0,0.0,,100.0,2.0,,,,0,cooldown
2026-07-07T20:35:22,pid_hot_humid_bursty_r1,pid,hot_humid,bursty,1,39.083,38.783,38.583,36.083,25.0,45.0,0.0,,100.0,2.0,,,,0,cooldown
2026-07-07T20:35:22,pid_hot_humid_bursty_r1,pid,hot_humid,bursty,1,39.072,38.772,38.572,36.072,25.0,45.0,0.0,,100.0,2.0,,,,0,cooldown
2026-07-07T20:35:22,pid_hot_humid_bursty_r1,pid,hot_humid,bursty,1,39.061,38.761,38.561,36.061,25.0,45.0,0.0,,100.0,2.0,,,,0,cooldown
2026-07-07T20:35:22,pid_hot_humid_bursty_r1,pid,hot_humid,bursty,1,39.049,38.749,38.549,36.049,25.0,45.0,0.0,,100.0,2.0,,,,0,cooldown
2026-07-07T20:35:22,pid_hot_humid_bursty_r1,pid,hot_humid,bursty,1,39.038,38.738,38.538,36.038,25.0,45.0,0.0,,100.0,2.0,,,,0,cooldown
2026-07-07T20:35:22,pid_hot_humid_bursty_r1,pid,hot_humid,bursty,1,39.027,38.727,38.527,36.027,25.0,45.0,0.0,,100.0,2.0,,,,0,cooldown
2026-07-07T20:35:22,pid_hot_humid_bursty_r1,pid,hot_humid,bursty,1,39.016,38.716,38.516,36.016,25.0,45.0,0.0,,100.0,2.0,,,,0,cooldown
2026-07-07T20:35:22,pid_hot_humid_bursty_r1,pid,hot_humid,bursty,1,39.005,38.705,38.505,36.005,25.0,45.0,0.0,,100.0,2.0,,,,0,cooldown
2026-07-07T20:35:22,pid_hot_humid_bursty_r1,pid,hot_humid,bursty,1,38.994,38.694,38.494,35.994,25.0,45.0,0.0,,100.0,2.0,,,,0,cooldown
2026-07-07T20:35:22,pid_hot_humid_bursty_r1,pid,hot_humid,bursty,1,38.983,38.683,38.483,35.983,25.0,45.0,0.0,,100.0,2.0,,,,0,cooldown
2026-07-07T20:35:22,pid_hot_humid_bursty_r1,pid,hot_humid,bursty,1,38.972,38.672,38.472,35.972,25.0,45.0,0.0,,100.0,2.0,,,,0,cooldown
2026-07-07T20:35:22,pid_hot_humid_bursty_r1,pid,hot_humid,bursty,1,38.961,38.661,38.461,35.961,25.0,45.0,0.0,,100.0,2.0,,,,0,cooldown
2026-07-07T20:35:22,pid_hot_humid_bursty_r1,pid,hot_humid,bursty,1,38.95,38.65,38.45,35.95,25.0,45.0,0.0,,100.0,2.0,,,,0,cooldown
2026-07-07T20:35:22,pid_hot_humid_bursty_r1,pid,hot_humid,bursty,1,38.939,38.639,38.439,35.939,25.0,45.0,0.0,,100.0,2.0,,,,0,cooldown
2026-07-07T20:35:22,pid_hot_humid_bursty_r1,pid,hot_humid,bursty,1,38.928,38.628,38.428,35.928,25.0,45.0,0.0,,100.0,2.0,,,,0,cooldown
2026-07-07T20:35:22,pid_hot_humid_bursty_r1,pid,hot_humid,bursty,1,38.917,38.617,38.417,35.917,25.0,45.0,0.0,,100.0,2.0,,,,0,cooldown
2026-07-07T20:35:22,pid_hot_humid_bursty_r1,pid,hot_humid,bursty,1,38.906,38.606,38.406,35.906,25.0,45.0,0.0,,100.0,2.0,,,,0,cooldown
2026-07-07T20:35:22,pid_hot_humid_bursty_r1,pid,hot_humid,bursty,1,38.895,38.595,38.395,35.895,25.0,45.0,0.0,,100.0,2.0,,,,0,cooldown
2026-07-07T20:35:22,pid_hot_humid_bursty_r1,pid,hot_humid,bursty,1,38.884,38.584,38.384,35.884,25.0,45.0,0.0,,100.0,2.0,,,,0,cooldown
2026-07-07T20:35:22,pid_hot_humid_bursty_r1,pid,hot_humid,bursty,1,38.873,38.573,38.373,35.873,25.0,45.0,0.0,,100.0,2.0,,,,0,cooldown
2026-07-07T20:35:22,pid_hot_humid_bursty_r1,pid,hot_humid,bursty,1,38.862,38.562,38.362,35.862,25.0,45.0,0.0,,100.0,2.0,,,,0,cooldown
2026-07-07T20:35:22,pid_hot_humid_bursty_r1,pid,hot_humid,bursty,1,38.851,38.551,38.351,35.851,25.0,45.0,0.0,,100.0,2.0,,,,0,cooldown
2026-07-07T20:35:22,pid_hot_humid_bursty_r1,pid,hot_humid,bursty,1,38.84,38.54,38.34,35.84,25.0,45.0,0.0,,100.0,2.0,,,,0,cooldown
2026-07-07T20:35:22,pid_hot_humid_bursty_r1,pid,hot_humid,bursty,1,38.829,38.529,38.329,35.829,25.0,45.0,0.0,,100.0,2.0,,,,0,cooldown
2026-07-07T20:35:22,pid_hot_humid_bursty_r1,pid,hot_humid,bursty,1,38.818,38.518,38.318,35.818,25.0,45.0,0.0,,100.0,2.0,,,,0,cooldown
2026-07-07T20:35:22,pid_hot_humid_bursty_r1,pid,hot_humid,bursty,1,38.807,38.507,38.307,35.807,25.0,45.0,0.0,,100.0,2.0,,,,0,cooldown
2026-07-07T20:35:22,pid_hot_humid_bursty_r1,pid,hot_humid,bursty,1,38.797,38.497,38.297,35.797,25.0,45.0,0.0,,100.0,2.0,,,,0,cooldown
2026-07-07T20:35:22,pid_hot_humid_bursty_r1,pid,hot_humid,bursty,1,38.786,38.486,38.286,35.786,25.0,45.0,0.0,,100.0,2.0,,,,0,cooldown
2026-07-07T20:35:22,pid_hot_humid_bursty_r1,pid,hot_humid,bursty,1,38.775,38.475,38.275,35.775,25.0,45.0,0.0,,100.0,2.0,,,,0,cooldown
2026-07-07T20:35:22,pid_hot_humid_bursty_r1,pid,hot_humid,bursty,1,38.764,38.464,38.264,35.764,25.0,45.0,0.0,,100.0,2.0,,,,0,cooldown
2026-07-07T20:35:22,pid_hot_humid_bursty_r1,pid,hot_humid,bursty,1,38.753,38.453,38.253,35.753,25.0,45.0,0.0,,100.0,2.0,,,,0,cooldown
2026-07-07T20:35:22,pid_hot_humid_bursty_r1,pid,hot_humid,bursty,1,38.742,38.442,38.242,35.742,25.0,45.0,0.0,,100.0,2.0,,,,0,cooldown
2026-07-07T20:35:22,pid_hot_humid_bursty_r1,pid,hot_humid,bursty,1,38.731,38.431,38.231,35.731,25.0,45.0,0.0,,100.0,2.0,,,,0,cooldown
2026-07-07T20:35:22,pid_hot_humid_bursty_r1,pid,hot_humid,bursty,1,38.721,38.421,38.221,35.721,25.0,45.0,0.0,,100.0,2.0,,,,0,cooldown
2026-07-07T20:35:22,pid_hot_humid_bursty_r1,pid,hot_humid,bursty,1,38.71,38.41,38.21,35.71,25.0,45.0,0.0,,100.0,2.0,,,,0,cooldown
2026-07-07T20:35:22,pid_hot_humid_bursty_r1,pid,hot_humid,bursty,1,38.699,38.399,38.199,35.699,25.0,45.0,0.0,,100.0,2.0,,,,0,cooldown
2026-07-07T20:35:22,pid_hot_humid_bursty_r1,pid,hot_humid,bursty,1,38.688,38.388,38.188,35.688,25.0,45.0,0.0,,100.0,2.0,,,,0,cooldown
2026-07-07T20:35:22,pid_hot_humid_bursty_r1,pid,hot_humid,bursty,1,38.677,38.377,38.177,35.677,25.0,45.0,0.0,,100.0,2.0,,,,0,cooldown
2026-07-07T20:35:22,pid_hot_humid_bursty_r1,pid,hot_humid,bursty,1,38.666,38.366,38.166,35.666,25.0,45.0,0.0,,100.0,2.0,,,,0,cooldown
2026-07-07T20:35:22,pid_hot_humid_bursty_r1,pid,hot_humid,bursty,1,38.656,38.356,38.156,35.656,25.0,45.0,0.0,,100.0,2.0,,,,0,cooldown
2026-07-07T20:35:22,pid_hot_humid_bursty_r1,pid,hot_humid,bursty,1,38.645,38.345,38.145,35.645,25.0,45.0,0.0,,100.0,2.0,,,,0,cooldown
2026-07-07T20:35:22,pid_hot_humid_bursty_r1,pid,hot_humid,bursty,1,38.634,38.334,38.134,35.634,25.0,45.0,0.0,,100.0,2.0,,,,0,cooldown
2026-07-07T20:35:22,pid_hot_humid_bursty_r1,pid,hot_humid,bursty,1,38.623,38.323,38.123,35.623,25.0,45.0,0.0,,100.0,2.0,,,,0,cooldown
2026-07-07T20:35:22,pid_hot_humid_bursty_r1,pid,hot_humid,bursty,1,38.613,38.313,38.113,35.613,25.0,45.0,0.0,,100.0,2.0,,,,0,cooldown
2026-07-07T20:35:22,pid_hot_humid_bursty_r1,pid,hot_humid,bursty,1,38.602,38.302,38.102,35.602,25.0,45.0,0.0,,100.0,2.0,,,,0,cooldown
2026-07-07T20:35:22,pid_hot_humid_bursty_r1,pid,hot_humid,bursty,1,38.591,38.291,38.091,35.591,25.0,45.0,0.0,,100.0,2.0,,,,0,cooldown
2026-07-07T20:35:22,pid_hot_humid_bursty_r1,pid,hot_humid,bursty,1,38.58,38.28,38.08,35.58,25.0,45.0,0.0,,100.0,2.0,,,,0,cooldown
2026-07-07T20:35:22,pid_hot_humid_bursty_r1,pid,hot_humid,bursty,1,38.57,38.27,38.07,35.57,25.0,45.0,0.0,,100.0,2.0,,,,0,cooldown
2026-07-07T20:35:22,pid_hot_humid_bursty_r1,pid,hot_humid,bursty,1,38.559,38.259,38.059,35.559,25.0,45.0,0.0,,100.0,2.0,,,,0,cooldown
2026-07-07T20:35:22,pid_hot_humid_bursty_r1,pid,hot_humid,bursty,1,38.548,38.248,38.048,35.548,25.0,45.0,0.0,,100.0,2.0,,,,0,cooldown
2026-07-07T20:35:22,pid_hot_humid_bursty_r1,pid,hot_humid,bursty,1,38.538,38.238,38.038,35.538,25.0,45.0,0.0,,100.0,2.0,,,,0,cooldown
2026-07-07T20:35:22,pid_hot_humid_bursty_r1,pid,hot_humid,bursty,1,38.527,38.227,38.027,35.527,25.0,45.0,0.0,,100.0,2.0,,,,0,cooldown
2026-07-07T20:35:22,pid_hot_humid_bursty_r1,pid,hot_humid,bursty,1,38.516,38.216,38.016,35.516,25.0,45.0,0.0,,100.0,2.0,,,,0,cooldown
2026-07-07T20:35:22,pid_hot_humid_bursty_r1,pid,hot_humid,bursty,1,38.506,38.206,38.006,35.506,25.0,45.0,0.0,,100.0,2.0,,,,0,cooldown
2026-07-07T20:35:22,pid_hot_humid_bursty_r1,pid,hot_humid,bursty,1,38.495,38.195,37.995,35.495,25.0,45.0,0.0,,100.0,2.0,,,,0,cooldown
2026-07-07T20:35:22,pid_hot_humid_bursty_r1,pid,hot_humid,bursty,1,38.484,38.184,37.984,35.484,25.0,45.0,0.0,,100.0,2.0,,,,0,cooldown
2026-07-07T20:35:22,pid_hot_humid_bursty_r1,pid,hot_humid,bursty,1,38.474,38.174,37.974,35.474,25.0,45.0,0.0,,100.0,2.0,,,,0,cooldown
2026-07-07T20:35:22,pid_hot_humid_bursty_r1,pid,hot_humid,bursty,1,38.463,38.163,37.963,35.463,25.0,45.0,0.0,,100.0,2.0,,,,0,cooldown
2026-07-07T20:35:22,pid_hot_humid_bursty_r1,pid,hot_humid,bursty,1,38.452,38.152,37.952,35.452,25.0,45.0,0.0,,100.0,2.0,,,,0,cooldown
2026-07-07T20:35:22,pid_hot_humid_bursty_r1,pid,hot_humid,bursty,1,38.442,38.142,37.942,35.442,25.0,45.0,0.0,,100.0,2.0,,,,0,cooldown
2026-07-07T20:35:22,pid_hot_humid_bursty_r1,pid,hot_humid,bursty,1,38.431,38.131,37.931,35.431,25.0,45.0,0.0,,100.0,2.0,,,,0,cooldown
2026-07-07T20:35:22,pid_hot_humid_bursty_r1,pid,hot_humid,bursty,1,38.42,38.12,37.92,35.42,25.0,45.0,0.0,,100.0,2.0,,,,0,cooldown
2026-07-07T20:35:22,pid_hot_humid_bursty_r1,pid,hot_humid,bursty,1,38.41,38.11,37.91,35.41,25.0,45.0,0.0,,100.0,2.0,,,,0,cooldown
2026-07-07T20:35:22,pid_hot_humid_bursty_r1,pid,hot_humid,bursty,1,38.399,38.099,37.899,35.399,25.0,45.0,0.0,,100.0,2.0,,,,0,cooldown
2026-07-07T20:35:22,pid_hot_humid_bursty_r1,pid,hot_humid,bursty,1,38.389,38.089,37.889,35.389,25.0,45.0,0.0,,100.0,2.0,,,,0,cooldown
2026-07-07T20:35:22,pid_hot_humid_bursty_r1,pid,hot_humid,bursty,1,38.378,38.078,37.878,35.378,25.0,45.0,0.0,,100.0,2.0,,,,0,cooldown
2026-07-07T20:35:22,pid_hot_humid_bursty_r1,pid,hot_humid,bursty,1,38.368,38.068,37.868,35.368,25.0,45.0,0.0,,100.0,2.0,,,,0,cooldown
2026-07-07T20:35:22,pid_hot_humid_bursty_r1,pid,hot_humid,bursty,1,38.357,38.057,37.857,35.357,25.0,45.0,0.0,,100.0,2.0,,,,0,cooldown
2026-07-07T20:35:22,pid_hot_humid_bursty_r1,pid,hot_humid,bursty,1,38.346,38.046,37.846,35.346,25.0,45.0,0.0,,100.0,2.0,,,,0,cooldown
2026-07-07T20:35:22,pid_hot_humid_bursty_r1,pid,hot_humid,bursty,1,38.336,38.036,37.836,35.336,25.0,45.0,0.0,,100.0,2.0,,,,0,cooldown
2026-07-07T20:35:22,pid_hot_humid_bursty_r1,pid,hot_humid,bursty,1,38.325,38.025,37.825,35.325,25.0,45.0,0.0,,100.0,2.0,,,,0,cooldown
2026-07-07T20:35:22,pid_hot_humid_bursty_r1,pid,hot_humid,bursty,1,38.315,38.015,37.815,35.315,25.0,45.0,0.0,,100.0,2.0,,,,0,cooldown
2026-07-07T20:35:22,pid_hot_humid_bursty_r1,pid,hot_humid,bursty,1,38.304,38.004,37.804,35.304,25.0,45.0,0.0,,100.0,2.0,,,,0,cooldown
2026-07-07T20:35:22,pid_hot_humid_bursty_r1,pid,hot_humid,bursty,1,38.294,37.994,37.794,35.294,25.0,45.0,0.0,,100.0,2.0,,,,0,cooldown
2026-07-07T20:35:22,pid_hot_humid_bursty_r1,pid,hot_humid,bursty,1,38.283,37.983,37.783,35.283,25.0,45.0,0.0,,100.0,2.0,,,,0,cooldown
2026-07-07T20:35:22,pid_hot_humid_bursty_r1,pid,hot_humid,bursty,1,38.273,37.973,37.773,35.273,25.0,45.0,0.0,,100.0,2.0,,,,0,cooldown
2026-07-07T20:35:22,pid_hot_humid_bursty_r1,pid,hot_humid,bursty,1,38.262,37.962,37.762,35.262,25.0,45.0,0.0,,100.0,2.0,,,,0,cooldown
2026-07-07T20:35:22,pid_hot_humid_bursty_r1,pid,hot_humid,bursty,1,38.252,37.952,37.752,35.252,25.0,45.0,0.0,,100.0,2.0,,,,0,cooldown
2026-07-07T20:35:22,pid_hot_humid_bursty_r1,pid,hot_humid,bursty,1,38.241,37.941,37.741,35.241,25.0,45.0,0.0,,100.0,2.0,,,,0,cooldown
2026-07-07T20:35:22,pid_hot_humid_bursty_r1,pid,hot_humid,bursty,1,38.231,37.931,37.731,35.231,25.0,45.0,0.0,,100.0,2.0,,,,0,cooldown
2026-07-07T20:35:22,pid_hot_humid_bursty_r1,pid,hot_humid,bursty,1,38.221,37.921,37.721,35.221,25.0,45.0,0.0,,100.0,2.0,,,,0,cooldown
2026-07-07T20:35:22,pid_hot_humid_bursty_r1,pid,hot_humid,bursty,1,38.21,37.91,37.71,35.21,25.0,45.0,0.0,,100.0,2.0,,,,0,cooldown
2026-07-07T20:35:22,pid_hot_humid_bursty_r1,pid,hot_humid,bursty,1,38.2,37.9,37.7,35.2,25.0,45.0,0.0,,100.0,2.0,,,,0,cooldown
2026-07-07T20:35:22,pid_hot_humid_bursty_r1,pid,hot_humid,bursty,1,38.189,37.889,37.689,35.189,25.0,45.0,0.0,,100.0,2.0,,,,0,cooldown
2026-07-07T20:35:22,pid_hot_humid_bursty_r1,pid,hot_humid,bursty,1,38.179,37.879,37.679,35.179,25.0,45.0,0.0,,100.0,2.0,,,,0,cooldown
2026-07-07T20:35:22,pid_hot_humid_bursty_r1,pid,hot_humid,bursty,1,38.168,37.868,37.668,35.168,25.0,45.0,0.0,,100.0,2.0,,,,0,cooldown
2026-07-07T20:35:22,pid_hot_humid_bursty_r1,pid,hot_humid,bursty,1,38.158,37.858,37.658,35.158,25.0,45.0,0.0,,100.0,2.0,,,,0,cooldown
2026-07-07T20:35:22,pid_hot_humid_bursty_r1,pid,hot_humid,bursty,1,38.148,37.848,37.648,35.148,25.0,45.0,0.0,,100.0,2.0,,,,0,cooldown
2026-07-07T20:35:22,pid_hot_humid_bursty_r1,pid,hot_humid,bursty,1,38.137,37.837,37.637,35.137,25.0,45.0,0.0,,100.0,2.0,,,,0,cooldown
2026-07-07T20:35:22,pid_hot_humid_bursty_r1,pid,hot_humid,bursty,1,38.127,37.827,37.627,35.127,25.0,45.0,0.0,,100.0,2.0,,,,0,cooldown
2026-07-07T20:35:22,pid_hot_humid_bursty_r1,pid,hot_humid,bursty,1,38.117,37.817,37.617,35.117,25.0,45.0,0.0,,100.0,2.0,,,,0,cooldown
2026-07-07T20:35:22,pid_hot_humid_bursty_r1,pid,hot_humid,bursty,1,38.106,37.806,37.606,35.106,25.0,45.0,0.0,,100.0,2.0,,,,0,cooldown
2026-07-07T20:35:22,pid_hot_humid_bursty_r1,pid,hot_humid,bursty,1,38.096,37.796,37.596,35.096,25.0,45.0,0.0,,100.0,2.0,,,,0,cooldown
2026-07-07T20:35:22,pid_hot_humid_bursty_r1,pid,hot_humid,bursty,1,38.086,37.786,37.586,35.086,25.0,45.0,0.0,,100.0,2.0,,,,0,cooldown
2026-07-07T20:35:22,pid_hot_humid_bursty_r1,pid,hot_humid,bursty,1,38.075,37.775,37.575,35.075,25.0,45.0,0.0,,100.0,2.0,,,,0,cooldown
2026-07-07T20:35:22,pid_hot_humid_bursty_r1,pid,hot_humid,bursty,1,38.065,37.765,37.565,35.065,25.0,45.0,0.0,,100.0,2.0,,,,0,cooldown
2026-07-07T20:35:22,pid_hot_humid_bursty_r1,pid,hot_humid,bursty,1,38.055,37.755,37.555,35.055,25.0,45.0,0.0,,100.0,2.0,,,,0,cooldown
2026-07-07T20:35:22,pid_hot_humid_bursty_r1,pid,hot_humid,bursty,1,38.044,37.744,37.544,35.044,25.0,45.0,0.0,,100.0,2.0,,,,0,cooldown
2026-07-07T20:35:22,pid_hot_humid_bursty_r1,pid,hot_humid,bursty,1,38.034,37.734,37.534,35.034,25.0,45.0,0.0,,100.0,2.0,,,,0,cooldown
2026-07-07T20:35:22,pid_hot_humid_bursty_r1,pid,hot_humid,bursty,1,38.024,37.724,37.524,35.024,25.0,45.0,0.0,,100.0,2.0,,,,0,cooldown
2026-07-07T20:35:22,pid_hot_humid_bursty_r1,pid,hot_humid,bursty,1,38.013,37.713,37.513,35.013,25.0,45.0,0.0,,100.0,2.0,,,,0,cooldown
2026-07-07T20:35:22,pid_hot_humid_bursty_r1,pid,hot_humid,bursty,1,38.003,37.703,37.503,35.003,25.0,45.0,0.0,,100.0,2.0,,,,0,cooldown
2026-07-07T20:35:22,pid_hot_humid_bursty_r1,pid,hot_humid,bursty,1,37.993,37.693,37.493,34.993,25.0,45.0,0.0,,100.0,2.0,,,,0,cooldown
2026-07-07T20:35:22,pid_hot_humid_bursty_r1,pid,hot_humid,bursty,1,37.983,37.683,37.483,34.983,25.0,45.0,0.0,,100.0,2.0,,,,0,cooldown
2026-07-07T20:35:22,pid_hot_humid_bursty_r1,pid,hot_humid,bursty,1,37.972,37.672,37.472,34.972,25.0,45.0,0.0,,100.0,2.0,,,,0,cooldown
2026-07-07T20:35:22,pid_hot_humid_bursty_r1,pid,hot_humid,bursty,1,37.962,37.662,37.462,34.962,25.0,45.0,0.0,,100.0,2.0,,,,0,cooldown
2026-07-07T20:35:22,pid_hot_humid_bursty_r1,pid,hot_humid,bursty,1,37.952,37.652,37.452,34.952,25.0,45.0,0.0,,100.0,2.0,,,,0,cooldown
2026-07-07T20:35:22,pid_hot_humid_bursty_r1,pid,hot_humid,bursty,1,37.942,37.642,37.442,34.942,25.0,45.0,0.0,,100.0,2.0,,,,0,cooldown
2026-07-07T20:35:22,pid_hot_humid_bursty_r1,pid,hot_humid,bursty,1,37.931,37.631,37.431,34.931,25.0,45.0,0.0,,100.0,2.0,,,,0,cooldown
2026-07-07T20:35:22,pid_hot_humid_bursty_r1,pid,hot_humid,bursty,1,37.921,37.621,37.421,34.921,25.0,45.0,0.0,,100.0,2.0,,,,0,cooldown
2026-07-07T20:35:22,pid_hot_humid_bursty_r1,pid,hot_humid,bursty,1,37.911,37.611,37.411,34.911,25.0,45.0,0.0,,100.0,2.0,,,,0,cooldown
2026-07-07T20:35:22,pid_hot_humid_bursty_r1,pid,hot_humid,bursty,1,37.901,37.601,37.401,34.901,25.0,45.0,0.0,,100.0,2.0,,,,0,cooldown
2026-07-07T20:35:22,pid_hot_humid_bursty_r1,pid,hot_humid,bursty,1,37.891,37.591,37.391,34.891,25.0,45.0,0.0,,100.0,2.0,,,,0,cooldown
2026-07-07T20:35:22,pid_hot_humid_bursty_r1,pid,hot_humid,bursty,1,37.88,37.58,37.38,34.88,25.0,45.0,0.0,,100.0,2.0,,,,0,cooldown
2026-07-07T20:35:22,pid_hot_humid_bursty_r1,pid,hot_humid,bursty,1,37.87,37.57,37.37,34.87,25.0,45.0,0.0,,100.0,2.0,,,,0,cooldown
2026-07-07T20:35:22,pid_hot_humid_bursty_r1,pid,hot_humid,bursty,1,37.86,37.56,37.36,34.86,25.0,45.0,0.0,,100.0,2.0,,,,0,cooldown
2026-07-07T20:35:22,pid_hot_humid_bursty_r1,pid,hot_humid,bursty,1,37.85,37.55,37.35,34.85,25.0,45.0,0.0,,100.0,2.0,,,,0,cooldown
2026-07-07T20:35:22,pid_hot_humid_bursty_r1,pid,hot_humid,bursty,1,37.84,37.54,37.34,34.84,25.0,45.0,0.0,,100.0,2.0,,,,0,cooldown
2026-07-07T20:35:22,pid_hot_humid_bursty_r1,pid,hot_humid,bursty,1,37.83,37.53,37.33,34.83,25.0,45.0,0.0,,100.0,2.0,,,,0,cooldown
2026-07-07T20:35:22,pid_hot_humid_bursty_r1,pid,hot_humid,bursty,1,37.82,37.52,37.32,34.82,25.0,45.0,0.0,,100.0,2.0,,,,0,cooldown
2026-07-07T20:35:22,pid_hot_humid_bursty_r1,pid,hot_humid,bursty,1,37.809,37.509,37.309,34.809,25.0,45.0,0.0,,100.0,2.0,,,,0,cooldown
2026-07-07T20:35:22,pid_hot_humid_bursty_r1,pid,hot_humid,bursty,1,37.799,37.499,37.299,34.799,25.0,45.0,0.0,,100.0,2.0,,,,0,cooldown
2026-07-07T20:35:22,pid_hot_humid_bursty_r1,pid,hot_humid,bursty,1,37.789,37.489,37.289,34.789,25.0,45.0,0.0,,100.0,2.0,,,,0,cooldown
2026-07-07T20:35:22,pid_hot_humid_bursty_r1,pid,hot_humid,bursty,1,37.779,37.479,37.279,34.779,25.0,45.0,0.0,,100.0,2.0,,,,0,cooldown
2026-07-07T20:35:22,pid_hot_humid_bursty_r1,pid,hot_humid,bursty,1,37.769,37.469,37.269,34.769,25.0,45.0,0.0,,100.0,2.0,,,,0,cooldown
2026-07-07T20:35:22,pid_hot_humid_bursty_r1,pid,hot_humid,bursty,1,37.759,37.459,37.259,34.759,25.0,45.0,0.0,,100.0,2.0,,,,0,cooldown
2026-07-07T20:35:22,pid_hot_humid_bursty_r1,pid,hot_humid,bursty,1,37.749,37.449,37.249,34.749,25.0,45.0,0.0,,100.0,2.0,,,,0,cooldown
2026-07-07T20:35:22,pid_hot_humid_bursty_r1,pid,hot_humid,bursty,1,37.739,37.439,37.239,34.739,25.0,45.0,0.0,,100.0,2.0,,,,0,cooldown
2026-07-07T20:35:22,pid_hot_humid_bursty_r1,pid,hot_humid,bursty,1,37.729,37.429,37.229,34.729,25.0,45.0,0.0,,100.0,2.0,,,,0,cooldown
2026-07-07T20:35:22,pid_hot_humid_bursty_r1,pid,hot_humid,bursty,1,37.719,37.419,37.219,34.719,25.0,45.0,0.0,,100.0,2.0,,,,0,cooldown
2026-07-07T20:35:22,pid_hot_humid_bursty_r1,pid,hot_humid,bursty,1,37.709,37.409,37.209,34.709,25.0,45.0,0.0,,100.0,2.0,,,,0,cooldown
2026-07-07T20:35:22,pid_hot_humid_bursty_r1,pid,hot_humid,bursty,1,37.699,37.399,37.199,34.699,25.0,45.0,0.0,,100.0,2.0,,,,0,cooldown
2026-07-07T20:35:22,pid_hot_humid_bursty_r1,pid,hot_humid,bursty,1,37.689,37.389,37.189,34.689,25.0,45.0,0.0,,100.0,2.0,,,,0,cooldown
2026-07-07T20:35:22,pid_hot_humid_bursty_r1,pid,hot_humid,bursty,1,37.679,37.379,37.179,34.679,25.0,45.0,0.0,,100.0,2.0,,,,0,cooldown
2026-07-07T20:35:22,pid_hot_humid_bursty_r1,pid,hot_humid,bursty,1,37.669,37.369,37.169,34.669,25.0,45.0,0.0,,100.0,2.0,,,,0,cooldown
2026-07-07T20:35:22,pid_hot_humid_bursty_r1,pid,hot_humid,bursty,1,37.659,37.359,37.159,34.659,25.0,45.0,0.0,,100.0,2.0,,,,0,cooldown
2026-07-07T20:35:22,pid_hot_humid_bursty_r1,pid,hot_humid,bursty,1,37.649,37.349,37.149,34.649,25.0,45.0,0.0,,100.0,2.0,,,,0,cooldown
2026-07-07T20:35:22,pid_hot_humid_bursty_r1,pid,hot_humid,bursty,1,37.639,37.339,37.139,34.639,25.0,45.0,0.0,,100.0,2.0,,,,0,cooldown
2026-07-07T20:35:22,pid_hot_humid_bursty_r1,pid,hot_humid,bursty,1,37.629,37.329,37.129,34.629,25.0,45.0,0.0,,100.0,2.0,,,,0,cooldown
2026-07-07T20:35:22,pid_hot_humid_bursty_r1,pid,hot_humid,bursty,1,37.619,37.319,37.119,34.619,25.0,45.0,0.0,,100.0,2.0,,,,0,cooldown
2026-07-07T20:35:22,pid_hot_humid_bursty_r1,pid,hot_humid,bursty,1,37.609,37.309,37.109,34.609,25.0,45.0,0.0,,100.0,2.0,,,,0,cooldown
2026-07-07T20:35:22,pid_hot_humid_bursty_r1,pid,hot_humid,bursty,1,37.599,37.299,37.099,34.599,25.0,45.0,0.0,,100.0,2.0,,,,0,cooldown
2026-07-07T20:35:22,pid_hot_humid_bursty_r1,pid,hot_humid,bursty,1,37.589,37.289,37.089,34.589,25.0,45.0,0.0,,100.0,2.0,,,,0,cooldown
2026-07-07T20:35:22,pid_hot_humid_bursty_r1,pid,hot_humid,bursty,1,37.579,37.279,37.079,34.579,25.0,45.0,0.0,,100.0,2.0,,,,0,cooldown
2026-07-07T20:35:22,pid_hot_humid_bursty_r1,pid,hot_humid,bursty,1,37.569,37.269,37.069,34.569,25.0,45.0,0.0,,100.0,2.0,,,,0,cooldown
2026-07-07T20:35:22,pid_hot_humid_bursty_r1,pid,hot_humid,bursty,1,37.559,37.259,37.059,34.559,25.0,45.0,0.0,,100.0,2.0,,,,0,cooldown
2026-07-07T20:35:22,pid_hot_humid_bursty_r1,pid,hot_humid,bursty,1,37.549,37.249,37.049,34.549,25.0,45.0,0.0,,100.0,2.0,,,,0,cooldown
2026-07-07T20:35:22,pid_hot_humid_bursty_r1,pid,hot_humid,bursty,1,37.539,37.239,37.039,34.539,25.0,45.0,0.0,,100.0,2.0,,,,0,cooldown
2026-07-07T20:35:22,pid_hot_humid_bursty_r1,pid,hot_humid,bursty,1,37.529,37.229,37.029,34.529,25.0,45.0,0.0,,100.0,2.0,,,,0,cooldown
2026-07-07T20:35:22,pid_hot_humid_bursty_r1,pid,hot_humid,bursty,1,37.519,37.219,37.019,34.519,25.0,45.0,0.0,,100.0,2.0,,,,0,cooldown
2026-07-07T20:35:22,pid_hot_humid_bursty_r1,pid,hot_humid,bursty,1,37.509,37.209,37.009,34.509,25.0,45.0,0.0,,100.0,2.0,,,,0,cooldown
2026-07-07T20:35:22,pid_hot_humid_bursty_r1,pid,hot_humid,bursty,1,37.5,37.2,37.0,34.5,25.0,45.0,0.0,,100.0,2.0,,,,0,cooldown
2026-07-07T20:35:22,pid_hot_humid_bursty_r1,pid,hot_humid,bursty,1,37.49,37.19,36.99,34.49,25.0,45.0,0.0,,100.0,2.0,,,,0,cooldown
2026-07-07T20:35:22,pid_hot_humid_bursty_r1,pid,hot_humid,bursty,1,37.48,37.18,36.98,34.48,25.0,45.0,0.0,,100.0,2.0,,,,0,cooldown
2026-07-07T20:35:22,pid_hot_humid_bursty_r1,pid,hot_humid,bursty,1,37.47,37.17,36.97,34.47,25.0,45.0,0.0,,100.0,2.0,,,,0,cooldown
2026-07-07T20:35:22,pid_hot_humid_bursty_r1,pid,hot_humid,bursty,1,37.46,37.16,36.96,34.46,25.0,45.0,0.0,,100.0,2.0,,,,0,cooldown
2026-07-07T20:35:22,pid_hot_humid_bursty_r1,pid,hot_humid,bursty,1,37.45,37.15,36.95,34.45,25.0,45.0,0.0,,100.0,2.0,,,,0,cooldown
2026-07-07T20:35:22,pid_hot_humid_bursty_r1,pid,hot_humid,bursty,1,37.441,37.141,36.941,34.441,25.0,45.0,0.0,,100.0,2.0,,,,0,cooldown
2026-07-07T20:35:22,pid_hot_humid_bursty_r1,pid,hot_humid,bursty,1,37.431,37.131,36.931,34.431,25.0,45.0,0.0,,100.0,2.0,,,,0,cooldown
2026-07-07T20:35:22,pid_hot_humid_bursty_r1,pid,hot_humid,bursty,1,37.421,37.121,36.921,34.421,25.0,45.0,0.0,,100.0,2.0,,,,0,cooldown
2026-07-07T20:35:22,pid_hot_humid_bursty_r1,pid,hot_humid,bursty,1,37.411,37.111,36.911,34.411,25.0,45.0,0.0,,100.0,2.0,,,,0,cooldown
2026-07-07T20:35:22,pid_hot_humid_bursty_r1,pid,hot_humid,bursty,1,37.401,37.101,36.901,34.401,25.0,45.0,0.0,,100.0,2.0,,,,0,cooldown
2026-07-07T20:35:22,pid_hot_humid_bursty_r1,pid,hot_humid,bursty,1,37.392,37.092,36.892,34.392,25.0,45.0,0.0,,100.0,2.0,,,,0,cooldown
2026-07-07T20:35:22,pid_hot_humid_bursty_r1,pid,hot_humid,bursty,1,37.382,37.082,36.882,34.382,25.0,45.0,0.0,,100.0,2.0,,,,0,cooldown
2026-07-07T20:35:22,pid_hot_humid_bursty_r1,pid,hot_humid,bursty,1,37.372,37.072,36.872,34.372,25.0,45.0,0.0,,100.0,2.0,,,,0,cooldown
2026-07-07T20:35:22,pid_hot_humid_bursty_r1,pid,hot_humid,bursty,1,37.362,37.062,36.862,34.362,25.0,45.0,0.0,,100.0,2.0,,,,0,cooldown
2026-07-07T20:35:22,pid_hot_humid_bursty_r1,pid,hot_humid,bursty,1,37.352,37.052,36.852,34.352,25.0,45.0,0.0,,100.0,2.0,,,,0,cooldown
2026-07-07T20:35:22,pid_hot_humid_bursty_r1,pid,hot_humid,bursty,1,37.343,37.043,36.843,34.343,25.0,45.0,0.0,,100.0,2.0,,,,0,cooldown
2026-07-07T20:35:22,pid_hot_humid_bursty_r1,pid,hot_humid,bursty,1,37.333,37.033,36.833,34.333,25.0,45.0,0.0,,100.0,2.0,,,,0,cooldown
2026-07-07T20:35:22,pid_hot_humid_bursty_r1,pid,hot_humid,bursty,1,37.323,37.023,36.823,34.323,25.0,45.0,0.0,,100.0,2.0,,,,0,cooldown
2026-07-07T20:35:22,pid_hot_humid_bursty_r1,pid,hot_humid,bursty,1,37.313,37.013,36.813,34.313,25.0,45.0,0.0,,100.0,2.0,,,,0,cooldown
2026-07-07T20:35:22,pid_hot_humid_bursty_r1,pid,hot_humid,bursty,1,37.304,37.004,36.804,34.304,25.0,45.0,0.0,,100.0,2.0,,,,0,cooldown
2026-07-07T20:35:22,pid_hot_humid_bursty_r1,pid,hot_humid,bursty,1,37.294,36.994,36.794,34.294,25.0,45.0,0.0,,100.0,2.0,,,,0,cooldown
2026-07-07T20:35:22,pid_hot_humid_bursty_r1,pid,hot_humid,bursty,1,37.284,36.984,36.784,34.284,25.0,45.0,0.0,,100.0,2.0,,,,0,cooldown
2026-07-07T20:35:22,pid_hot_humid_bursty_r1,pid,hot_humid,bursty,1,37.275,36.975,36.775,34.275,25.0,45.0,0.0,,100.0,2.0,,,,0,cooldown
2026-07-07T20:35:22,pid_hot_humid_bursty_r1,pid,hot_humid,bursty,1,37.265,36.965,36.765,34.265,25.0,45.0,0.0,,100.0,2.0,,,,0,cooldown
2026-07-07T20:35:22,pid_hot_humid_bursty_r1,pid,hot_humid,bursty,1,37.255,36.955,36.755,34.255,25.0,45.0,0.0,,100.0,2.0,,,,0,cooldown
2026-07-07T20:35:22,pid_hot_humid_bursty_r1,pid,hot_humid,bursty,1,37.246,36.946,36.746,34.246,25.0,45.0,0.0,,100.0,2.0,,,,0,cooldown
2026-07-07T20:35:22,pid_hot_humid_bursty_r1,pid,hot_humid,bursty,1,37.236,36.936,36.736,34.236,25.0,45.0,0.0,,100.0,2.0,,,,0,cooldown
2026-07-07T20:35:22,pid_hot_humid_bursty_r1,pid,hot_humid,bursty,1,37.226,36.926,36.726,34.226,25.0,45.0,0.0,,100.0,2.0,,,,0,cooldown
2026-07-07T20:35:22,pid_hot_humid_bursty_r1,pid,hot_humid,bursty,1,37.217,36.917,36.717,34.217,25.0,45.0,0.0,,100.0,2.0,,,,0,cooldown
2026-07-07T20:35:22,pid_hot_humid_bursty_r1,pid,hot_humid,bursty,1,37.207,36.907,36.707,34.207,25.0,45.0,0.0,,100.0,2.0,,,,0,cooldown
2026-07-07T20:35:22,pid_hot_humid_bursty_r1,pid,hot_humid,bursty,1,37.197,36.897,36.697,34.197,25.0,45.0,0.0,,100.0,2.0,,,,0,cooldown
2026-07-07T20:35:22,pid_hot_humid_bursty_r1,pid,hot_humid,bursty,1,37.188,36.888,36.688,34.188,25.0,45.0,0.0,,100.0,2.0,,,,0,cooldown
2026-07-07T20:35:22,pid_hot_humid_bursty_r1,pid,hot_humid,bursty,1,37.178,36.878,36.678,34.178,25.0,45.0,0.0,,100.0,2.0,,,,0,cooldown
2026-07-07T20:35:22,pid_hot_humid_bursty_r1,pid,hot_humid,bursty,1,37.168,36.868,36.668,34.168,25.0,45.0,0.0,,100.0,2.0,,,,0,cooldown
2026-07-07T20:35:22,pid_hot_humid_bursty_r1,pid,hot_humid,bursty,1,37.159,36.859,36.659,34.159,25.0,45.0,0.0,,100.0,2.0,,,,0,cooldown
2026-07-07T20:35:22,pid_hot_humid_bursty_r1,pid,hot_humid,bursty,1,37.149,36.849,36.649,34.149,25.0,45.0,0.0,,100.0,2.0,,,,0,cooldown
2026-07-07T20:35:22,pid_hot_humid_bursty_r1,pid,hot_humid,bursty,1,37.14,36.84,36.64,34.14,25.0,45.0,0.0,,100.0,2.0,,,,0,cooldown
2026-07-07T20:35:22,pid_hot_humid_bursty_r1,pid,hot_humid,bursty,1,37.13,36.83,36.63,34.13,25.0,45.0,0.0,,100.0,2.0,,,,0,cooldown
2026-07-07T20:35:22,pid_hot_humid_bursty_r1,pid,hot_humid,bursty,1,37.12,36.82,36.62,34.12,25.0,45.0,0.0,,100.0,2.0,,,,0,cooldown
2026-07-07T20:35:22,pid_hot_humid_bursty_r1,pid,hot_humid,bursty,1,37.111,36.811,36.611,34.111,25.0,45.0,0.0,,100.0,2.0,,,,0,cooldown
2026-07-07T20:35:22,pid_hot_humid_bursty_r1,pid,hot_humid,bursty,1,37.101,36.801,36.601,34.101,25.0,45.0,0.0,,100.0,2.0,,,,0,cooldown
2026-07-07T20:35:22,pid_hot_humid_bursty_r1,pid,hot_humid,bursty,1,37.092,36.792,36.592,34.092,25.0,45.0,0.0,,100.0,2.0,,,,0,cooldown
2026-07-07T20:35:22,pid_hot_humid_bursty_r1,pid,hot_humid,bursty,1,37.082,36.782,36.582,34.082,25.0,45.0,0.0,,100.0,2.0,,,,0,cooldown
2026-07-07T20:35:22,pid_hot_humid_bursty_r1,pid,hot_humid,bursty,1,37.073,36.773,36.573,34.073,25.0,45.0,0.0,,100.0,2.0,,,,0,cooldown
2026-07-07T20:35:22,pid_hot_humid_bursty_r1,pid,hot_humid,bursty,1,37.063,36.763,36.563,34.063,25.0,45.0,0.0,,100.0,2.0,,,,0,cooldown
2026-07-07T20:35:22,pid_hot_humid_bursty_r1,pid,hot_humid,bursty,1,37.054,36.754,36.554,34.054,25.0,45.0,0.0,,100.0,2.0,,,,0,cooldown
2026-07-07T20:35:22,pid_hot_humid_bursty_r1,pid,hot_humid,bursty,1,37.044,36.744,36.544,34.044,25.0,45.0,0.0,,100.0,2.0,,,,0,cooldown
2026-07-07T20:35:22,pid_hot_humid_bursty_r1,pid,hot_humid,bursty,1,37.035,36.735,36.535,34.035,25.0,45.0,0.0,,100.0,2.0,,,,0,cooldown
2026-07-07T20:35:22,pid_hot_humid_bursty_r1,pid,hot_humid,bursty,1,37.025,36.725,36.525,34.025,25.0,45.0,0.0,,100.0,2.0,,,,0,cooldown
2026-07-07T20:35:22,pid_hot_humid_bursty_r1,pid,hot_humid,bursty,1,37.016,36.716,36.516,34.016,25.0,45.0,0.0,,100.0,2.0,,,,0,cooldown
2026-07-07T20:35:22,pid_hot_humid_bursty_r1,pid,hot_humid,bursty,1,37.006,36.706,36.506,34.006,25.0,45.0,0.0,,100.0,2.0,,,,0,cooldown
2026-07-07T20:35:22,pid_hot_humid_bursty_r1,pid,hot_humid,bursty,1,36.997,36.697,36.497,33.997,25.0,45.0,0.0,,100.0,2.0,,,,0,cooldown
2026-07-07T20:35:22,pid_hot_humid_bursty_r1,pid,hot_humid,bursty,1,36.987,36.687,36.487,33.987,25.0,45.0,0.0,,100.0,2.0,,,,0,cooldown
2026-07-07T20:35:22,pid_hot_humid_bursty_r1,pid,hot_humid,bursty,1,36.978,36.678,36.478,33.978,25.0,45.0,0.0,,100.0,2.0,,,,0,cooldown
2026-07-07T20:35:22,pid_hot_humid_bursty_r1,pid,hot_humid,bursty,1,36.968,36.668,36.468,33.968,25.0,45.0,0.0,,100.0,2.0,,,,0,cooldown
2026-07-07T20:35:22,pid_hot_humid_bursty_r1,pid,hot_humid,bursty,1,36.959,36.659,36.459,33.959,25.0,45.0,0.0,,100.0,2.0,,,,0,cooldown
2026-07-07T20:35:22,pid_hot_humid_bursty_r1,pid,hot_humid,bursty,1,36.949,36.649,36.449,33.949,25.0,45.0,0.0,,100.0,2.0,,,,0,cooldown
2026-07-07T20:35:22,pid_hot_humid_bursty_r1,pid,hot_humid,bursty,1,36.94,36.64,36.44,33.94,25.0,45.0,0.0,,100.0,2.0,,,,0,cooldown
2026-07-07T20:35:22,pid_hot_humid_bursty_r1,pid,hot_humid,bursty,1,36.931,36.631,36.431,33.931,25.0,45.0,0.0,,100.0,2.0,,,,0,cooldown
2026-07-07T20:35:22,pid_hot_humid_bursty_r1,pid,hot_humid,bursty,1,36.921,36.621,36.421,33.921,25.0,45.0,0.0,,100.0,2.0,,,,0,cooldown
2026-07-07T20:35:22,pid_hot_humid_bursty_r1,pid,hot_humid,bursty,1,36.912,36.612,36.412,33.912,25.0,45.0,0.0,,100.0,2.0,,,,0,cooldown
2026-07-07T20:35:22,pid_hot_humid_bursty_r1,pid,hot_humid,bursty,1,36.902,36.602,36.402,33.902,25.0,45.0,0.0,,100.0,2.0,,,,0,cooldown
2026-07-07T20:35:22,pid_hot_humid_bursty_r1,pid,hot_humid,bursty,1,36.893,36.593,36.393,33.893,25.0,45.0,0.0,,100.0,2.0,,,,0,cooldown
2026-07-07T20:35:22,pid_hot_humid_bursty_r1,pid,hot_humid,bursty,1,36.884,36.584,36.384,33.884,25.0,45.0,0.0,,100.0,2.0,,,,0,cooldown
2026-07-07T20:35:22,pid_hot_humid_bursty_r1,pid,hot_humid,bursty,1,36.874,36.574,36.374,33.874,25.0,45.0,0.0,,100.0,2.0,,,,0,cooldown
2026-07-07T20:35:22,pid_hot_humid_bursty_r1,pid,hot_humid,bursty,1,36.865,36.565,36.365,33.865,25.0,45.0,0.0,,100.0,2.0,,,,0,cooldown
2026-07-07T20:35:22,pid_hot_humid_bursty_r1,pid,hot_humid,bursty,1,36.855,36.555,36.355,33.855,25.0,45.0,0.0,,100.0,2.0,,,,0,cooldown
2026-07-07T20:35:22,pid_hot_humid_bursty_r1,pid,hot_humid,bursty,1,36.846,36.546,36.346,33.846,25.0,45.0,0.0,,100.0,2.0,,,,0,cooldown
2026-07-07T20:35:22,pid_hot_humid_bursty_r1,pid,hot_humid,bursty,1,36.837,36.537,36.337,33.837,25.0,45.0,0.0,,100.0,2.0,,,,0,cooldown
2026-07-07T20:35:22,pid_hot_humid_bursty_r1,pid,hot_humid,bursty,1,36.827,36.527,36.327,33.827,25.0,45.0,0.0,,100.0,2.0,,,,0,cooldown
2026-07-07T20:35:22,pid_hot_humid_bursty_r1,pid,hot_humid,bursty,1,36.818,36.518,36.318,33.818,25.0,45.0,0.0,,100.0,2.0,,,,0,cooldown
2026-07-07T20:35:22,pid_hot_humid_bursty_r1,pid,hot_humid,bursty,1,36.809,36.509,36.309,33.809,25.0,45.0,0.0,,100.0,2.0,,,,0,cooldown
2026-07-07T20:35:22,pid_hot_humid_bursty_r1,pid,hot_humid,bursty,1,36.799,36.499,36.299,33.799,25.0,45.0,0.0,,100.0,2.0,,,,0,cooldown
2026-07-07T20:35:22,pid_hot_humid_bursty_r1,pid,hot_humid,bursty,1,36.79,36.49,36.29,33.79,25.0,45.0,0.0,,100.0,2.0,,,,0,cooldown
2026-07-07T20:35:22,pid_hot_humid_bursty_r1,pid,hot_humid,bursty,1,36.781,36.481,36.281,33.781,25.0,45.0,0.0,,100.0,2.0,,,,0,cooldown
2026-07-07T20:35:22,pid_hot_humid_bursty_r1,pid,hot_humid,bursty,1,36.771,36.471,36.271,33.771,25.0,45.0,0.0,,100.0,2.0,,,,0,cooldown
2026-07-07T20:35:22,pid_hot_humid_bursty_r1,pid,hot_humid,bursty,1,36.762,36.462,36.262,33.762,25.0,45.0,0.0,,100.0,2.0,,,,0,cooldown
2026-07-07T20:35:22,pid_hot_humid_bursty_r1,pid,hot_humid,bursty,1,36.753,36.453,36.253,33.753,25.0,45.0,0.0,,100.0,2.0,,,,0,cooldown
2026-07-07T20:35:22,pid_hot_humid_bursty_r1,pid,hot_humid,bursty,1,36.744,36.444,36.244,33.744,25.0,45.0,0.0,,100.0,2.0,,,,0,cooldown
2026-07-07T20:35:22,pid_hot_humid_bursty_r1,pid,hot_humid,bursty,1,36.734,36.434,36.234,33.734,25.0,45.0,0.0,,100.0,2.0,,,,0,cooldown
2026-07-07T20:35:22,pid_hot_humid_bursty_r1,pid,hot_humid,bursty,1,36.725,36.425,36.225,33.725,25.0,45.0,0.0,,100.0,2.0,,,,0,cooldown
2026-07-07T20:35:22,pid_hot_humid_bursty_r1,pid,hot_humid,bursty,1,36.716,36.416,36.216,33.716,25.0,45.0,0.0,,100.0,2.0,,,,0,cooldown
2026-07-07T20:35:22,pid_hot_humid_bursty_r1,pid,hot_humid,bursty,1,36.707,36.407,36.207,33.707,25.0,45.0,0.0,,100.0,2.0,,,,0,cooldown
2026-07-07T20:35:22,pid_hot_humid_bursty_r1,pid,hot_humid,bursty,1,36.697,36.397,36.197,33.697,25.0,45.0,0.0,,100.0,2.0,,,,0,cooldown
2026-07-07T20:35:22,pid_hot_humid_bursty_r1,pid,hot_humid,bursty,1,36.688,36.388,36.188,33.688,25.0,45.0,0.0,,100.0,2.0,,,,0,cooldown
2026-07-07T20:35:22,pid_hot_humid_bursty_r1,pid,hot_humid,bursty,1,36.679,36.379,36.179,33.679,25.0,45.0,0.0,,100.0,2.0,,,,0,cooldown
2026-07-07T20:35:22,pid_hot_humid_bursty_r1,pid,hot_humid,bursty,1,36.67,36.37,36.17,33.67,25.0,45.0,0.0,,100.0,2.0,,,,0,cooldown
2026-07-07T20:35:22,pid_hot_humid_bursty_r1,pid,hot_humid,bursty,1,36.66,36.36,36.16,33.66,25.0,45.0,0.0,,100.0,2.0,,,,0,cooldown
2026-07-07T20:35:22,pid_hot_humid_bursty_r1,pid,hot_humid,bursty,1,36.651,36.351,36.151,33.651,25.0,45.0,0.0,,100.0,2.0,,,,0,cooldown
2026-07-07T20:35:22,pid_hot_humid_bursty_r1,pid,hot_humid,bursty,1,36.642,36.342,36.142,33.642,25.0,45.0,0.0,,100.0,2.0,,,,0,cooldown
2026-07-07T20:35:22,pid_hot_humid_bursty_r1,pid,hot_humid,bursty,1,36.633,36.333,36.133,33.633,25.0,45.0,0.0,,100.0,2.0,,,,0,cooldown
2026-07-07T20:35:22,pid_hot_humid_bursty_r1,pid,hot_humid,bursty,1,36.624,36.324,36.124,33.624,25.0,45.0,0.0,,100.0,2.0,,,,0,cooldown
2026-07-07T20:35:22,pid_hot_humid_bursty_r1,pid,hot_humid,bursty,1,36.614,36.314,36.114,33.614,25.0,45.0,0.0,,100.0,2.0,,,,0,cooldown
2026-07-07T20:35:22,pid_hot_humid_bursty_r1,pid,hot_humid,bursty,1,36.605,36.305,36.105,33.605,25.0,45.0,0.0,,100.0,2.0,,,,0,cooldown
2026-07-07T20:35:22,pid_hot_humid_bursty_r1,pid,hot_humid,bursty,1,36.596,36.296,36.096,33.596,25.0,45.0,0.0,,100.0,2.0,,,,0,cooldown
2026-07-07T20:35:22,pid_hot_humid_bursty_r1,pid,hot_humid,bursty,1,36.587,36.287,36.087,33.587,25.0,45.0,0.0,,100.0,2.0,,,,0,cooldown
2026-07-07T20:35:22,pid_hot_humid_bursty_r1,pid,hot_humid,bursty,1,36.578,36.278,36.078,33.578,25.0,45.0,0.0,,100.0,2.0,,,,0,cooldown
2026-07-07T20:35:22,pid_hot_humid_bursty_r1,pid,hot_humid,bursty,1,36.569,36.269,36.069,33.569,25.0,45.0,0.0,,100.0,2.0,,,,0,cooldown
2026-07-07T20:35:22,pid_hot_humid_bursty_r1,pid,hot_humid,bursty,1,36.56,36.26,36.06,33.56,25.0,45.0,0.0,,100.0,2.0,,,,0,cooldown
2026-07-07T20:35:22,pid_hot_humid_bursty_r1,pid,hot_humid,bursty,1,36.55,36.25,36.05,33.55,25.0,45.0,0.0,,100.0,2.0,,,,0,cooldown
2026-07-07T20:35:22,pid_hot_humid_bursty_r1,pid,hot_humid,bursty,1,36.541,36.241,36.041,33.541,25.0,45.0,0.0,,100.0,2.0,,,,0,cooldown
2026-07-07T20:35:22,pid_hot_humid_bursty_r1,pid,hot_humid,bursty,1,36.532,36.232,36.032,33.532,25.0,45.0,0.0,,100.0,2.0,,,,0,cooldown
2026-07-07T20:35:22,pid_hot_humid_bursty_r1,pid,hot_humid,bursty,1,36.523,36.223,36.023,33.523,25.0,45.0,0.0,,100.0,2.0,,,,0,cooldown
2026-07-07T20:35:22,pid_hot_humid_bursty_r1,pid,hot_humid,bursty,1,36.514,36.214,36.014,33.514,25.0,45.0,0.0,,100.0,2.0,,,,0,cooldown
2026-07-07T20:35:22,pid_hot_humid_bursty_r1,pid,hot_humid,bursty,1,36.505,36.205,36.005,33.505,25.0,45.0,0.0,,100.0,2.0,,,,0,cooldown
2026-07-07T20:35:22,pid_hot_humid_bursty_r1,pid,hot_humid,bursty,1,36.496,36.196,35.996,33.496,25.0,45.0,0.0,,100.0,2.0,,,,0,cooldown
2026-07-07T20:35:22,pid_hot_humid_bursty_r1,pid,hot_humid,bursty,1,36.487,36.187,35.987,33.487,25.0,45.0,0.0,,100.0,2.0,,,,0,cooldown
2026-07-07T20:35:22,pid_hot_humid_bursty_r1,pid,hot_humid,bursty,1,36.478,36.178,35.978,33.478,25.0,45.0,0.0,,100.0,2.0,,,,0,cooldown
2026-07-07T20:35:22,pid_hot_humid_bursty_r1,pid,hot_humid,bursty,1,36.469,36.169,35.969,33.469,25.0,45.0,0.0,,100.0,2.0,,,,0,cooldown
2026-07-07T20:35:22,pid_hot_humid_bursty_r1,pid,hot_humid,bursty,1,36.46,36.16,35.96,33.46,25.0,45.0,0.0,,100.0,2.0,,,,0,cooldown
2026-07-07T20:35:22,pid_hot_humid_bursty_r1,pid,hot_humid,bursty,1,36.45,36.15,35.95,33.45,25.0,45.0,0.0,,100.0,2.0,,,,0,cooldown
2026-07-07T20:35:22,pid_hot_humid_bursty_r1,pid,hot_humid,bursty,1,36.441,36.141,35.941,33.441,25.0,45.0,0.0,,100.0,2.0,,,,0,cooldown
2026-07-07T20:35:22,pid_hot_humid_bursty_r1,pid,hot_humid,bursty,1,36.432,36.132,35.932,33.432,25.0,45.0,0.0,,100.0,2.0,,,,0,cooldown
2026-07-07T20:35:22,pid_hot_humid_bursty_r1,pid,hot_humid,bursty,1,36.423,36.123,35.923,33.423,25.0,45.0,0.0,,100.0,2.0,,,,0,cooldown
2026-07-07T20:35:22,pid_hot_humid_bursty_r1,pid,hot_humid,bursty,1,36.414,36.114,35.914,33.414,25.0,45.0,0.0,,100.0,2.0,,,,0,cooldown
2026-07-07T20:35:22,pid_hot_humid_bursty_r1,pid,hot_humid,bursty,1,36.405,36.105,35.905,33.405,25.0,45.0,0.0,,100.0,2.0,,,,0,cooldown
2026-07-07T20:35:22,pid_hot_humid_bursty_r1,pid,hot_humid,bursty,1,36.396,36.096,35.896,33.396,25.0,45.0,0.0,,100.0,2.0,,,,0,cooldown
2026-07-07T20:35:22,pid_hot_humid_bursty_r1,pid,hot_humid,bursty,1,36.387,36.087,35.887,33.387,25.0,45.0,0.0,,100.0,2.0,,,,0,cooldown
2026-07-07T20:35:22,pid_hot_humid_bursty_r1,pid,hot_humid,bursty,1,36.378,36.078,35.878,33.378,25.0,45.0,0.0,,100.0,2.0,,,,0,cooldown
2026-07-07T20:35:22,pid_hot_humid_bursty_r1,pid,hot_humid,bursty,1,36.369,36.069,35.869,33.369,25.0,45.0,0.0,,100.0,2.0,,,,0,cooldown
2026-07-07T20:35:22,pid_hot_humid_bursty_r1,pid,hot_humid,bursty,1,36.36,36.06,35.86,33.36,25.0,45.0,0.0,,100.0,2.0,,,,0,cooldown
2026-07-07T20:35:22,pid_hot_humid_bursty_r1,pid,hot_humid,bursty,1,36.351,36.051,35.851,33.351,25.0,45.0,0.0,,100.0,2.0,,,,0,cooldown
2026-07-07T20:35:22,pid_hot_humid_bursty_r1,pid,hot_humid,bursty,1,36.342,36.042,35.842,33.342,25.0,45.0,0.0,,100.0,2.0,,,,0,cooldown
2026-07-07T20:35:22,pid_hot_humid_bursty_r1,pid,hot_humid,bursty,1,36.334,36.034,35.834,33.334,25.0,45.0,0.0,,100.0,2.0,,,,0,cooldown
2026-07-07T20:35:22,pid_hot_humid_bursty_r1,pid,hot_humid,bursty,1,36.325,36.025,35.825,33.325,25.0,45.0,0.0,,100.0,2.0,,,,0,cooldown
2026-07-07T20:35:22,pid_hot_humid_bursty_r1,pid,hot_humid,bursty,1,36.316,36.016,35.816,33.316,25.0,45.0,0.0,,100.0,2.0,,,,0,cooldown
2026-07-07T20:35:22,pid_hot_humid_bursty_r1,pid,hot_humid,bursty,1,36.307,36.007,35.807,33.307,25.0,45.0,0.0,,100.0,2.0,,,,0,cooldown
2026-07-07T20:35:22,pid_hot_humid_bursty_r1,pid,hot_humid,bursty,1,36.298,35.998,35.798,33.298,25.0,45.0,0.0,,100.0,2.0,,,,0,cooldown
2026-07-07T20:35:22,pid_hot_humid_bursty_r1,pid,hot_humid,bursty,1,36.289,35.989,35.789,33.289,25.0,45.0,0.0,,100.0,2.0,,,,0,cooldown
2026-07-07T20:35:22,pid_hot_humid_bursty_r1,pid,hot_humid,bursty,1,36.28,35.98,35.78,33.28,25.0,45.0,0.0,,100.0,2.0,,,,0,cooldown
2026-07-07T20:35:22,pid_hot_humid_bursty_r1,pid,hot_humid,bursty,1,36.271,35.971,35.771,33.271,25.0,45.0,0.0,,100.0,2.0,,,,0,cooldown
2026-07-07T20:35:22,pid_hot_humid_bursty_r1,pid,hot_humid,bursty,1,36.262,35.962,35.762,33.262,25.0,45.0,0.0,,100.0,2.0,,,,0,cooldown
2026-07-07T20:35:22,pid_hot_humid_bursty_r1,pid,hot_humid,bursty,1,36.253,35.953,35.753,33.253,25.0,45.0,0.0,,100.0,2.0,,,,0,cooldown
2026-07-07T20:35:22,pid_hot_humid_bursty_r1,pid,hot_humid,bursty,1,36.244,35.944,35.744,33.244,25.0,45.0,0.0,,100.0,2.0,,,,0,cooldown
2026-07-07T20:35:22,pid_hot_humid_bursty_r1,pid,hot_humid,bursty,1,36.235,35.935,35.735,33.235,25.0,45.0,0.0,,100.0,2.0,,,,0,cooldown
2026-07-07T20:35:22,pid_hot_humid_bursty_r1,pid,hot_humid,bursty,1,36.227,35.927,35.727,33.227,25.0,45.0,0.0,,100.0,2.0,,,,0,cooldown
2026-07-07T20:35:22,pid_hot_humid_bursty_r1,pid,hot_humid,bursty,1,36.218,35.918,35.718,33.218,25.0,45.0,0.0,,100.0,2.0,,,,0,cooldown
2026-07-07T20:35:22,pid_hot_humid_bursty_r1,pid,hot_humid,bursty,1,36.209,35.909,35.709,33.209,25.0,45.0,0.0,,100.0,2.0,,,,0,cooldown
2026-07-07T20:35:22,pid_hot_humid_bursty_r1,pid,hot_humid,bursty,1,36.2,35.9,35.7,33.2,25.0,45.0,0.0,,100.0,2.0,,,,0,cooldown
2026-07-07T20:35:22,pid_hot_humid_bursty_r1,pid,hot_humid,bursty,1,36.191,35.891,35.691,33.191,25.0,45.0,0.0,,100.0,2.0,,,,0,cooldown
2026-07-07T20:35:22,pid_hot_humid_bursty_r1,pid,hot_humid,bursty,1,36.182,35.882,35.682,33.182,25.0,45.0,0.0,,100.0,2.0,,,,0,cooldown
2026-07-07T20:35:22,pid_hot_humid_bursty_r1,pid,hot_humid,bursty,1,36.174,35.874,35.674,33.174,25.0,45.0,0.0,,100.0,2.0,,,,0,cooldown
2026-07-07T20:35:22,pid_hot_humid_bursty_r1,pid,hot_humid,bursty,1,36.165,35.865,35.665,33.165,25.0,45.0,0.0,,100.0,2.0,,,,0,cooldown
2026-07-07T20:35:22,pid_hot_humid_bursty_r1,pid,hot_humid,bursty,1,36.156,35.856,35.656,33.156,25.0,45.0,0.0,,100.0,2.0,,,,0,cooldown
2026-07-07T20:35:22,pid_hot_humid_bursty_r1,pid,hot_humid,bursty,1,36.147,35.847,35.647,33.147,25.0,45.0,0.0,,100.0,2.0,,,,0,cooldown
2026-07-07T20:35:22,pid_hot_humid_bursty_r1,pid,hot_humid,bursty,1,36.138,35.838,35.638,33.138,25.0,45.0,0.0,,100.0,2.0,,,,0,cooldown
2026-07-07T20:35:22,pid_hot_humid_bursty_r1,pid,hot_humid,bursty,1,36.13,35.83,35.63,33.13,25.0,45.0,0.0,,100.0,2.0,,,,0,cooldown
2026-07-07T20:35:22,pid_hot_humid_bursty_r1,pid,hot_humid,bursty,1,36.121,35.821,35.621,33.121,25.0,45.0,0.0,,100.0,2.0,,,,0,cooldown
2026-07-07T20:35:22,pid_hot_humid_bursty_r1,pid,hot_humid,bursty,1,36.112,35.812,35.612,33.112,25.0,45.0,0.0,,100.0,2.0,,,,0,cooldown
2026-07-07T20:35:22,pid_hot_humid_bursty_r1,pid,hot_humid,bursty,1,36.103,35.803,35.603,33.103,25.0,45.0,0.0,,100.0,2.0,,,,0,cooldown
2026-07-07T20:35:22,pid_hot_humid_bursty_r1,pid,hot_humid,bursty,1,36.094,35.794,35.594,33.094,25.0,45.0,0.0,,100.0,2.0,,,,0,cooldown
2026-07-07T20:35:22,pid_hot_humid_bursty_r1,pid,hot_humid,bursty,1,36.086,35.786,35.586,33.086,25.0,45.0,0.0,,100.0,2.0,,,,0,cooldown
2026-07-07T20:35:22,pid_hot_humid_bursty_r1,pid,hot_humid,bursty,1,36.077,35.777,35.577,33.077,25.0,45.0,0.0,,100.0,2.0,,,,0,cooldown
2026-07-07T20:35:22,pid_hot_humid_bursty_r1,pid,hot_humid,bursty,1,36.068,35.768,35.568,33.068,25.0,45.0,0.0,,100.0,2.0,,,,0,cooldown
2026-07-07T20:35:22,pid_hot_humid_bursty_r1,pid,hot_humid,bursty,1,36.059,35.759,35.559,33.059,25.0,45.0,0.0,,100.0,2.0,,,,0,cooldown
2026-07-07T20:35:22,pid_hot_humid_bursty_r1,pid,hot_humid,bursty,1,36.051,35.751,35.551,33.051,25.0,45.0,0.0,,100.0,2.0,,,,0,cooldown
2026-07-07T20:35:22,pid_hot_humid_bursty_r1,pid,hot_humid,bursty,1,36.042,35.742,35.542,33.042,25.0,45.0,0.0,,100.0,2.0,,,,0,cooldown
2026-07-07T20:35:22,pid_hot_humid_bursty_r1,pid,hot_humid,bursty,1,36.033,35.733,35.533,33.033,25.0,45.0,0.0,,100.0,2.0,,,,0,cooldown
2026-07-07T20:35:22,pid_hot_humid_bursty_r1,pid,hot_humid,bursty,1,36.025,35.725,35.525,33.025,25.0,45.0,0.0,,100.0,2.0,,,,0,cooldown
2026-07-07T20:35:22,pid_hot_humid_bursty_r1,pid,hot_humid,bursty,1,36.016,35.716,35.516,33.016,25.0,45.0,0.0,,100.0,2.0,,,,0,cooldown
2026-07-07T20:35:22,pid_hot_humid_bursty_r1,pid,hot_humid,bursty,1,36.007,35.707,35.507,33.007,25.0,45.0,0.0,,100.0,2.0,,,,0,cooldown
2026-07-07T20:35:22,pid_hot_humid_bursty_r1,pid,hot_humid,bursty,1,35.998,35.698,35.498,32.998,25.0,45.0,0.0,,100.0,2.0,,,,0,cooldown
2026-07-07T20:35:22,pid_hot_humid_bursty_r1,pid,hot_humid,bursty,1,35.99,35.69,35.49,32.99,25.0,45.0,0.0,,100.0,2.0,,,,0,cooldown
2026-07-07T20:35:22,pid_hot_humid_bursty_r1,pid,hot_humid,bursty,1,35.981,35.681,35.481,32.981,25.0,45.0,0.0,,100.0,2.0,,,,0,cooldown
2026-07-07T20:35:22,pid_hot_humid_bursty_r1,pid,hot_humid,bursty,1,35.972,35.672,35.472,32.972,25.0,45.0,0.0,,100.0,2.0,,,,0,cooldown
2026-07-07T20:35:22,pid_hot_humid_bursty_r1,pid,hot_humid,bursty,1,35.964,35.664,35.464,32.964,25.0,45.0,0.0,,100.0,2.0,,,,0,cooldown
2026-07-07T20:35:22,pid_hot_humid_bursty_r1,pid,hot_humid,bursty,1,35.955,35.655,35.455,32.955,25.0,45.0,0.0,,100.0,2.0,,,,0,cooldown
2026-07-07T20:35:22,pid_hot_humid_bursty_r1,pid,hot_humid,bursty,1,35.946,35.646,35.446,32.946,25.0,45.0,0.0,,100.0,2.0,,,,0,cooldown
2026-07-07T20:35:22,pid_hot_humid_bursty_r1,pid,hot_humid,bursty,1,35.938,35.638,35.438,32.938,25.0,45.0,0.0,,100.0,2.0,,,,0,cooldown
2026-07-07T20:35:22,pid_hot_humid_bursty_r1,pid,hot_humid,bursty,1,35.929,35.629,35.429,32.929,25.0,45.0,0.0,,100.0,2.0,,,,0,cooldown
2026-07-07T20:35:22,pid_hot_humid_bursty_r1,pid,hot_humid,bursty,1,35.921,35.621,35.421,32.921,25.0,45.0,0.0,,100.0,2.0,,,,0,cooldown
2026-07-07T20:35:22,pid_hot_humid_bursty_r1,pid,hot_humid,bursty,1,35.912,35.612,35.412,32.912,25.0,45.0,0.0,,100.0,2.0,,,,0,cooldown
2026-07-07T20:35:22,pid_hot_humid_bursty_r1,pid,hot_humid,bursty,1,35.903,35.603,35.403,32.903,25.0,45.0,0.0,,100.0,2.0,,,,0,cooldown
2026-07-07T20:35:22,pid_hot_humid_bursty_r1,pid,hot_humid,bursty,1,35.895,35.595,35.395,32.895,25.0,45.0,0.0,,100.0,2.0,,,,0,cooldown
2026-07-07T20:35:22,pid_hot_humid_bursty_r1,pid,hot_humid,bursty,1,35.886,35.586,35.386,32.886,25.0,45.0,0.0,,100.0,2.0,,,,0,cooldown
2026-07-07T20:35:22,pid_hot_humid_bursty_r1,pid,hot_humid,bursty,1,35.877,35.577,35.377,32.877,25.0,45.0,0.0,,100.0,2.0,,,,0,cooldown
2026-07-07T20:35:22,pid_hot_humid_bursty_r1,pid,hot_humid,bursty,1,35.869,35.569,35.369,32.869,25.0,45.0,0.0,,100.0,2.0,,,,0,cooldown
2026-07-07T20:35:22,pid_hot_humid_bursty_r1,pid,hot_humid,bursty,1,35.86,35.56,35.36,32.86,25.0,45.0,0.0,,100.0,2.0,,,,0,cooldown
2026-07-07T20:35:22,pid_hot_humid_bursty_r1,pid,hot_humid,bursty,1,35.852,35.552,35.352,32.852,25.0,45.0,0.0,,100.0,2.0,,,,0,cooldown
2026-07-07T20:35:22,pid_hot_humid_bursty_r1,pid,hot_humid,bursty,1,35.843,35.543,35.343,32.843,25.0,45.0,0.0,,100.0,2.0,,,,0,cooldown
2026-07-07T20:35:22,pid_hot_humid_bursty_r1,pid,hot_humid,bursty,1,35.835,35.535,35.335,32.835,25.0,45.0,0.0,,100.0,2.0,,,,0,cooldown
2026-07-07T20:35:22,pid_hot_humid_bursty_r1,pid,hot_humid,bursty,1,35.826,35.526,35.326,32.826,25.0,45.0,0.0,,100.0,2.0,,,,0,cooldown
2026-07-07T20:35:22,pid_hot_humid_bursty_r1,pid,hot_humid,bursty,1,35.818,35.518,35.318,32.818,25.0,45.0,0.0,,100.0,2.0,,,,0,cooldown
2026-07-07T20:35:22,pid_hot_humid_bursty_r1,pid,hot_humid,bursty,1,35.809,35.509,35.309,32.809,25.0,45.0,0.0,,100.0,2.0,,,,0,cooldown
2026-07-07T20:35:22,pid_hot_humid_bursty_r1,pid,hot_humid,bursty,1,35.8,35.5,35.3,32.8,25.0,45.0,0.0,,100.0,2.0,,,,0,cooldown
2026-07-07T20:35:22,pid_hot_humid_bursty_r1,pid,hot_humid,bursty,1,35.792,35.492,35.292,32.792,25.0,45.0,0.0,,100.0,2.0,,,,0,cooldown
2026-07-07T20:35:22,pid_hot_humid_bursty_r1,pid,hot_humid,bursty,1,35.783,35.483,35.283,32.783,25.0,45.0,0.0,,100.0,2.0,,,,0,cooldown
2026-07-07T20:35:22,pid_hot_humid_bursty_r1,pid,hot_humid,bursty,1,35.775,35.475,35.275,32.775,25.0,45.0,0.0,,100.0,2.0,,,,0,cooldown
2026-07-07T20:35:22,pid_hot_humid_bursty_r1,pid,hot_humid,bursty,1,35.766,35.466,35.266,32.766,25.0,45.0,0.0,,100.0,2.0,,,,0,cooldown
2026-07-07T20:35:22,pid_hot_humid_bursty_r1,pid,hot_humid,bursty,1,35.758,35.458,35.258,32.758,25.0,45.0,0.0,,100.0,2.0,,,,0,cooldown
2026-07-07T20:35:22,pid_hot_humid_bursty_r1,pid,hot_humid,bursty,1,35.749,35.449,35.249,32.749,25.0,45.0,0.0,,100.0,2.0,,,,0,cooldown
2026-07-07T20:35:22,pid_hot_humid_bursty_r1,pid,hot_humid,bursty,1,35.741,35.441,35.241,32.741,25.0,45.0,0.0,,100.0,2.0,,,,0,cooldown
2026-07-07T20:35:22,pid_hot_humid_bursty_r1,pid,hot_humid,bursty,1,35.732,35.432,35.232,32.732,25.0,45.0,0.0,,100.0,2.0,,,,0,cooldown
2026-07-07T20:35:22,pid_hot_humid_bursty_r1,pid,hot_humid,bursty,1,35.724,35.424,35.224,32.724,25.0,45.0,0.0,,100.0,2.0,,,,0,cooldown
2026-07-07T20:35:22,pid_hot_humid_bursty_r1,pid,hot_humid,bursty,1,35.715,35.415,35.215,32.715,25.0,45.0,0.0,,100.0,2.0,,,,0,cooldown
2026-07-07T20:35:22,pid_hot_humid_bursty_r1,pid,hot_humid,bursty,1,35.707,35.407,35.207,32.707,25.0,45.0,0.0,,100.0,2.0,,,,0,cooldown
2026-07-07T20:35:22,pid_hot_humid_bursty_r1,pid,hot_humid,bursty,1,35.699,35.399,35.199,32.699,25.0,45.0,0.0,,100.0,2.0,,,,0,cooldown
2026-07-07T20:35:22,pid_hot_humid_bursty_r1,pid,hot_humid,bursty,1,35.69,35.39,35.19,32.69,25.0,45.0,0.0,,100.0,2.0,,,,0,cooldown
2026-07-07T20:35:22,pid_hot_humid_bursty_r1,pid,hot_humid,bursty,1,35.682,35.382,35.182,32.682,25.0,45.0,0.0,,100.0,2.0,,,,0,cooldown
2026-07-07T20:35:22,pid_hot_humid_bursty_r1,pid,hot_humid,bursty,1,35.673,35.373,35.173,32.673,25.0,45.0,0.0,,100.0,2.0,,,,0,cooldown
2026-07-07T20:35:22,pid_hot_humid_bursty_r1,pid,hot_humid,bursty,1,35.665,35.365,35.165,32.665,25.0,45.0,0.0,,100.0,2.0,,,,0,cooldown
2026-07-07T20:35:22,pid_hot_humid_bursty_r1,pid,hot_humid,bursty,1,35.656,35.356,35.156,32.656,25.0,45.0,0.0,,100.0,2.0,,,,0,cooldown
2026-07-07T20:35:22,pid_hot_humid_bursty_r1,pid,hot_humid,bursty,1,35.648,35.348,35.148,32.648,25.0,45.0,0.0,,100.0,2.0,,,,0,cooldown
2026-07-07T20:35:22,pid_hot_humid_bursty_r1,pid,hot_humid,bursty,1,35.64,35.34,35.14,32.64,25.0,45.0,0.0,,100.0,2.0,,,,0,cooldown
2026-07-07T20:35:22,pid_hot_humid_bursty_r1,pid,hot_humid,bursty,1,35.631,35.331,35.131,32.631,25.0,45.0,0.0,,100.0,2.0,,,,0,cooldown
2026-07-07T20:35:22,pid_hot_humid_bursty_r1,pid,hot_humid,bursty,1,35.623,35.323,35.123,32.623,25.0,45.0,0.0,,100.0,2.0,,,,0,cooldown
2026-07-07T20:35:22,pid_hot_humid_bursty_r1,pid,hot_humid,bursty,1,35.614,35.314,35.114,32.614,25.0,45.0,0.0,,100.0,2.0,,,,0,cooldown
2026-07-07T20:35:22,pid_hot_humid_bursty_r1,pid,hot_humid,bursty,1,35.606,35.306,35.106,32.606,25.0,45.0,0.0,,100.0,2.0,,,,0,cooldown
2026-07-07T20:35:22,pid_hot_humid_bursty_r1,pid,hot_humid,bursty,1,35.598,35.298,35.098,32.598,25.0,45.0,0.0,,100.0,2.0,,,,0,cooldown
2026-07-07T20:35:22,pid_hot_humid_bursty_r1,pid,hot_humid,bursty,1,35.589,35.289,35.089,32.589,25.0,45.0,0.0,,100.0,2.0,,,,0,cooldown
2026-07-07T20:35:22,pid_hot_humid_bursty_r1,pid,hot_humid,bursty,1,35.581,35.281,35.081,32.581,25.0,45.0,0.0,,100.0,2.0,,,,0,cooldown
2026-07-07T20:35:22,pid_hot_humid_bursty_r1,pid,hot_humid,bursty,1,35.573,35.273,35.073,32.573,25.0,45.0,0.0,,100.0,2.0,,,,0,cooldown
2026-07-07T20:35:22,pid_hot_humid_bursty_r1,pid,hot_humid,bursty,1,35.564,35.264,35.064,32.564,25.0,45.0,0.0,,100.0,2.0,,,,0,cooldown
2026-07-07T20:35:22,pid_hot_humid_bursty_r1,pid,hot_humid,bursty,1,35.556,35.256,35.056,32.556,25.0,45.0,0.0,,100.0,2.0,,,,0,cooldown
2026-07-07T20:35:22,pid_hot_humid_bursty_r1,pid,hot_humid,bursty,1,35.548,35.248,35.048,32.548,25.0,45.0,0.0,,100.0,2.0,,,,0,cooldown
2026-07-07T20:35:22,pid_hot_humid_bursty_r1,pid,hot_humid,bursty,1,35.539,35.239,35.039,32.539,25.0,45.0,0.0,,100.0,2.0,,,,0,cooldown
2026-07-07T20:35:22,pid_hot_humid_bursty_r1,pid,hot_humid,bursty,1,35.531,35.231,35.031,32.531,25.0,45.0,0.0,,100.0,2.0,,,,0,cooldown
2026-07-07T20:35:22,pid_hot_humid_bursty_r1,pid,hot_humid,bursty,1,35.523,35.223,35.023,32.523,25.0,45.0,0.0,,100.0,2.0,,,,0,cooldown
2026-07-07T20:35:22,pid_hot_humid_bursty_r1,pid,hot_humid,bursty,1,35.514,35.214,35.014,32.514,25.0,45.0,0.0,,100.0,2.0,,,,0,cooldown
2026-07-07T20:35:22,pid_hot_humid_bursty_r1,pid,hot_humid,bursty,1,35.506,35.206,35.006,32.506,25.0,45.0,0.0,,100.0,2.0,,,,0,cooldown
2026-07-07T20:35:22,pid_hot_humid_bursty_r1,pid,hot_humid,bursty,1,35.498,35.198,34.998,32.498,25.0,45.0,0.0,,100.0,2.0,,,,0,cooldown
2026-07-07T20:35:22,pid_hot_humid_bursty_r1,pid,hot_humid,bursty,1,35.489,35.189,34.989,32.489,25.0,45.0,0.0,,100.0,2.0,,,,0,cooldown
2026-07-07T20:35:22,pid_hot_humid_bursty_r1,pid,hot_humid,bursty,1,35.481,35.181,34.981,32.481,25.0,45.0,0.0,,100.0,2.0,,,,0,cooldown
2026-07-07T20:35:22,pid_hot_humid_bursty_r1,pid,hot_humid,bursty,1,35.473,35.173,34.973,32.473,25.0,45.0,0.0,,100.0,2.0,,,,0,cooldown
2026-07-07T20:35:22,pid_hot_humid_bursty_r1,pid,hot_humid,bursty,1,35.465,35.165,34.965,32.465,25.0,45.0,0.0,,100.0,2.0,,,,0,cooldown
2026-07-07T20:35:22,pid_hot_humid_bursty_r1,pid,hot_humid,bursty,1,35.456,35.156,34.956,32.456,25.0,45.0,0.0,,100.0,2.0,,,,0,cooldown
2026-07-07T20:35:22,pid_hot_humid_bursty_r1,pid,hot_humid,bursty,1,35.448,35.148,34.948,32.448,25.0,45.0,0.0,,100.0,2.0,,,,0,cooldown
2026-07-07T20:35:22,pid_hot_humid_bursty_r1,pid,hot_humid,bursty,1,35.44,35.14,34.94,32.44,25.0,45.0,0.0,,100.0,2.0,,,,0,cooldown
2026-07-07T20:35:22,pid_hot_humid_bursty_r1,pid,hot_humid,bursty,1,35.432,35.132,34.932,32.432,25.0,45.0,0.0,,100.0,2.0,,,,0,cooldown
2026-07-07T20:35:22,pid_hot_humid_bursty_r1,pid,hot_humid,bursty,1,35.423,35.123,34.923,32.423,25.0,45.0,0.0,,100.0,2.0,,,,0,cooldown
2026-07-07T20:35:22,pid_hot_humid_bursty_r1,pid,hot_humid,bursty,1,35.415,35.115,34.915,32.415,25.0,45.0,0.0,,100.0,2.0,,,,0,cooldown
2026-07-07T20:35:22,pid_hot_humid_bursty_r1,pid,hot_humid,bursty,1,35.407,35.107,34.907,32.407,25.0,45.0,0.0,,100.0,2.0,,,,0,cooldown
2026-07-07T20:35:22,pid_hot_humid_bursty_r1,pid,hot_humid,bursty,1,35.399,35.099,34.899,32.399,25.0,45.0,0.0,,100.0,2.0,,,,0,cooldown
2026-07-07T20:35:22,pid_hot_humid_bursty_r1,pid,hot_humid,bursty,1,35.39,35.09,34.89,32.39,25.0,45.0,0.0,,100.0,2.0,,,,0,cooldown
2026-07-07T20:35:22,pid_hot_humid_bursty_r1,pid,hot_humid,bursty,1,35.382,35.082,34.882,32.382,25.0,45.0,0.0,,100.0,2.0,,,,0,cooldown
2026-07-07T20:35:22,pid_hot_humid_bursty_r1,pid,hot_humid,bursty,1,35.374,35.074,34.874,32.374,25.0,45.0,0.0,,100.0,2.0,,,,0,cooldown
2026-07-07T20:35:22,pid_hot_humid_bursty_r1,pid,hot_humid,bursty,1,35.366,35.066,34.866,32.366,25.0,45.0,0.0,,100.0,2.0,,,,0,cooldown
2026-07-07T20:35:22,pid_hot_humid_bursty_r1,pid,hot_humid,bursty,1,35.358,35.058,34.858,32.358,25.0,45.0,0.0,,100.0,2.0,,,,0,cooldown
2026-07-07T20:35:22,pid_hot_humid_bursty_r1,pid,hot_humid,bursty,1,35.35,35.05,34.85,32.35,25.0,45.0,0.0,,100.0,2.0,,,,0,cooldown
2026-07-07T20:35:22,pid_hot_humid_bursty_r1,pid,hot_humid,bursty,1,35.341,35.041,34.841,32.341,25.0,45.0,0.0,,100.0,2.0,,,,0,cooldown
2026-07-07T20:35:22,pid_hot_humid_bursty_r1,pid,hot_humid,bursty,1,35.333,35.033,34.833,32.333,25.0,45.0,0.0,,100.0,2.0,,,,0,cooldown
2026-07-07T20:35:22,pid_hot_humid_bursty_r1,pid,hot_humid,bursty,1,35.325,35.025,34.825,32.325,25.0,45.0,0.0,,100.0,2.0,,,,0,cooldown
2026-07-07T20:35:22,pid_hot_humid_bursty_r1,pid,hot_humid,bursty,1,35.317,35.017,34.817,32.317,25.0,45.0,0.0,,100.0,2.0,,,,0,cooldown
2026-07-07T20:35:22,pid_hot_humid_bursty_r1,pid,hot_humid,bursty,1,35.309,35.009,34.809,32.309,25.0,45.0,0.0,,100.0,2.0,,,,0,cooldown
2026-07-07T20:35:22,pid_hot_humid_bursty_r1,pid,hot_humid,bursty,1,35.301,35.001,34.801,32.301,25.0,45.0,0.0,,100.0,2.0,,,,0,cooldown
2026-07-07T20:35:22,pid_hot_humid_bursty_r1,pid,hot_humid,bursty,1,35.292,34.992,34.792,32.292,25.0,45.0,0.0,,100.0,2.0,,,,0,cooldown
2026-07-07T20:35:22,pid_hot_humid_bursty_r1,pid,hot_humid,bursty,1,35.284,34.984,34.784,32.284,25.0,45.0,0.0,,100.0,2.0,,,,0,cooldown
2026-07-07T20:35:22,pid_hot_humid_bursty_r1,pid,hot_humid,bursty,1,35.276,34.976,34.776,32.276,25.0,45.0,0.0,,100.0,2.0,,,,0,cooldown
2026-07-07T20:35:22,pid_hot_humid_bursty_r1,pid,hot_humid,bursty,1,35.268,34.968,34.768,32.268,25.0,45.0,0.0,,100.0,2.0,,,,0,cooldown
2026-07-07T20:35:22,pid_hot_humid_bursty_r1,pid,hot_humid,bursty,1,35.26,34.96,34.76,32.26,25.0,45.0,0.0,,100.0,2.0,,,,0,cooldown
2026-07-07T20:35:22,pid_hot_humid_bursty_r1,pid,hot_humid,bursty,1,35.252,34.952,34.752,32.252,25.0,45.0,0.0,,100.0,2.0,,,,0,cooldown
2026-07-07T20:35:22,pid_hot_humid_bursty_r1,pid,hot_humid,bursty,1,35.244,34.944,34.744,32.244,25.0,45.0,0.0,,100.0,2.0,,,,0,cooldown
2026-07-07T20:35:22,pid_hot_humid_bursty_r1,pid,hot_humid,bursty,1,35.236,34.936,34.736,32.236,25.0,45.0,0.0,,100.0,2.0,,,,0,cooldown
2026-07-07T20:35:22,pid_hot_humid_bursty_r1,pid,hot_humid,bursty,1,35.228,34.928,34.728,32.228,25.0,45.0,0.0,,100.0,2.0,,,,0,cooldown
2026-07-07T20:35:22,pid_hot_humid_bursty_r1,pid,hot_humid,bursty,1,35.22,34.92,34.72,32.22,25.0,45.0,0.0,,100.0,2.0,,,,0,cooldown
2026-07-07T20:35:22,pid_hot_humid_bursty_r1,pid,hot_humid,bursty,1,35.211,34.911,34.711,32.211,25.0,45.0,0.0,,100.0,2.0,,,,0,cooldown
2026-07-07T20:35:22,pid_hot_humid_bursty_r1,pid,hot_humid,bursty,1,35.203,34.903,34.703,32.203,25.0,45.0,0.0,,100.0,2.0,,,,0,cooldown
2026-07-07T20:35:22,pid_hot_humid_bursty_r1,pid,hot_humid,bursty,1,35.195,34.895,34.695,32.195,25.0,45.0,0.0,,100.0,2.0,,,,0,cooldown
2026-07-07T20:35:22,pid_hot_humid_bursty_r1,pid,hot_humid,bursty,1,35.187,34.887,34.687,32.187,25.0,45.0,0.0,,100.0,2.0,,,,0,cooldown
2026-07-07T20:35:22,pid_hot_humid_bursty_r1,pid,hot_humid,bursty,1,35.179,34.879,34.679,32.179,25.0,45.0,0.0,,100.0,2.0,,,,0,cooldown
2026-07-07T20:35:22,pid_hot_humid_bursty_r1,pid,hot_humid,bursty,1,35.171,34.871,34.671,32.171,25.0,45.0,0.0,,100.0,2.0,,,,0,cooldown
2026-07-07T20:35:22,pid_hot_humid_bursty_r1,pid,hot_humid,bursty,1,35.163,34.863,34.663,32.163,25.0,45.0,0.0,,100.0,2.0,,,,0,cooldown
2026-07-07T20:35:22,pid_hot_humid_bursty_r1,pid,hot_humid,bursty,1,35.155,34.855,34.655,32.155,25.0,45.0,0.0,,100.0,2.0,,,,0,cooldown
2026-07-07T20:35:22,pid_hot_humid_bursty_r1,pid,hot_humid,bursty,1,35.147,34.847,34.647,32.147,25.0,45.0,0.0,,100.0,2.0,,,,0,cooldown
2026-07-07T20:35:22,pid_hot_humid_bursty_r1,pid,hot_humid,bursty,1,35.139,34.839,34.639,32.139,25.0,45.0,0.0,,100.0,2.0,,,,0,cooldown
2026-07-07T20:35:22,pid_hot_humid_bursty_r1,pid,hot_humid,bursty,1,35.131,34.831,34.631,32.131,25.0,45.0,0.0,,100.0,2.0,,,,0,cooldown
2026-07-07T20:35:22,pid_hot_humid_bursty_r1,pid,hot_humid,bursty,1,35.123,34.823,34.623,32.123,25.0,45.0,0.0,,100.0,2.0,,,,0,cooldown
2026-07-07T20:35:22,pid_hot_humid_bursty_r1,pid,hot_humid,bursty,1,35.115,34.815,34.615,32.115,25.0,45.0,0.0,,100.0,2.0,,,,0,cooldown
2026-07-07T20:35:22,pid_hot_humid_bursty_r1,pid,hot_humid,bursty,1,35.107,34.807,34.607,32.107,25.0,45.0,0.0,,100.0,2.0,,,,0,cooldown
2026-07-07T20:35:22,pid_hot_humid_bursty_r1,pid,hot_humid,bursty,1,35.099,34.799,34.599,32.099,25.0,45.0,0.0,,100.0,2.0,,,,0,cooldown
2026-07-07T20:35:22,pid_hot_humid_bursty_r1,pid,hot_humid,bursty,1,35.091,34.791,34.591,32.091,25.0,45.0,0.0,,100.0,2.0,,,,0,cooldown
2026-07-07T20:35:22,pid_hot_humid_bursty_r1,pid,hot_humid,bursty,1,35.083,34.783,34.583,32.083,25.0,45.0,0.0,,100.0,2.0,,,,0,cooldown
2026-07-07T20:35:22,pid_hot_humid_bursty_r1,pid,hot_humid,bursty,1,35.075,34.775,34.575,32.075,25.0,45.0,0.0,,100.0,2.0,,,,0,cooldown
2026-07-07T20:35:22,pid_hot_humid_bursty_r1,pid,hot_humid,bursty,1,35.067,34.767,34.567,32.067,25.0,45.0,0.0,,100.0,2.0,,,,0,cooldown
2026-07-07T20:35:22,pid_hot_humid_bursty_r1,pid,hot_humid,bursty,1,35.059,34.759,34.559,32.059,25.0,45.0,0.0,,100.0,2.0,,,,0,cooldown
2026-07-07T20:35:22,pid_hot_humid_bursty_r1,pid,hot_humid,bursty,1,35.051,34.751,34.551,32.051,25.0,45.0,0.0,,100.0,2.0,,,,0,cooldown
2026-07-07T20:35:22,pid_hot_humid_bursty_r1,pid,hot_humid,bursty,1,35.044,34.744,34.544,32.044,25.0,45.0,0.0,,100.0,2.0,,,,0,cooldown
2026-07-07T20:35:22,pid_hot_humid_bursty_r1,pid,hot_humid,bursty,1,35.036,34.736,34.536,32.036,25.0,45.0,0.0,,100.0,2.0,,,,0,cooldown
2026-07-07T20:35:22,pid_hot_humid_bursty_r1,pid,hot_humid,bursty,1,35.028,34.728,34.528,32.028,25.0,45.0,0.0,,100.0,2.0,,,,0,cooldown
2026-07-07T20:35:22,pid_hot_humid_bursty_r1,pid,hot_humid,bursty,1,35.02,34.72,34.52,32.02,25.0,45.0,0.0,,100.0,2.0,,,,0,cooldown
2026-07-07T20:35:22,pid_hot_humid_bursty_r1,pid,hot_humid,bursty,1,35.012,34.712,34.512,32.012,25.0,45.0,0.0,,100.0,2.0,,,,0,cooldown
2026-07-07T20:35:22,pid_hot_humid_bursty_r1,pid,hot_humid,bursty,1,35.004,34.704,34.504,32.004,25.0,45.0,0.0,,100.0,2.0,,,,0,cooldown
2026-07-07T20:35:22,pid_hot_humid_bursty_r1,pid,hot_humid,bursty,1,34.996,34.696,34.496,31.996,25.0,45.0,0.0,,100.0,2.0,,,,0,cooldown
2026-07-07T20:35:22,pid_hot_humid_bursty_r1,pid,hot_humid,bursty,1,34.988,34.688,34.488,31.988,25.0,45.0,0.0,,100.0,2.0,,,,0,cooldown
2026-07-07T20:35:22,pid_hot_humid_bursty_r1,pid,hot_humid,bursty,1,34.98,34.68,34.48,31.98,25.0,45.0,0.0,,100.0,2.0,,,,0,cooldown
2026-07-07T20:35:22,pid_hot_humid_bursty_r1,pid,hot_humid,bursty,1,34.972,34.672,34.472,31.972,25.0,45.0,0.0,,100.0,2.0,,,,0,cooldown
2026-07-07T20:35:22,pid_hot_humid_bursty_r1,pid,hot_humid,bursty,1,34.965,34.665,34.465,31.965,25.0,45.0,0.0,,100.0,2.0,,,,0,cooldown
2026-07-07T20:35:22,pid_hot_humid_bursty_r1,pid,hot_humid,bursty,1,34.957,34.657,34.457,31.957,25.0,45.0,0.0,,100.0,2.0,,,,0,cooldown
2026-07-07T20:35:22,pid_hot_humid_bursty_r1,pid,hot_humid,bursty,1,34.949,34.649,34.449,31.949,25.0,45.0,0.0,,100.0,2.0,,,,0,cooldown
2026-07-07T20:35:22,pid_hot_humid_bursty_r1,pid,hot_humid,bursty,1,34.941,34.641,34.441,31.941,25.0,45.0,0.0,,100.0,2.0,,,,0,cooldown
2026-07-07T20:35:22,pid_hot_humid_bursty_r1,pid,hot_humid,bursty,1,34.933,34.633,34.433,31.933,25.0,45.0,0.0,,100.0,2.0,,,,0,cooldown
2026-07-07T20:35:22,pid_hot_humid_bursty_r1,pid,hot_humid,bursty,1,34.925,34.625,34.425,31.925,25.0,45.0,0.0,,100.0,2.0,,,,0,cooldown
2026-07-07T20:35:22,pid_hot_humid_bursty_r1,pid,hot_humid,bursty,1,34.917,34.617,34.417,31.917,25.0,45.0,0.0,,100.0,2.0,,,,0,cooldown
2026-07-07T20:35:22,pid_hot_humid_bursty_r1,pid,hot_humid,bursty,1,34.91,34.61,34.41,31.91,25.0,45.0,0.0,,100.0,2.0,,,,0,cooldown
2026-07-07T20:35:22,pid_hot_humid_bursty_r1,pid,hot_humid,bursty,1,34.902,34.602,34.402,31.902,25.0,45.0,0.0,,100.0,2.0,,,,0,cooldown
2026-07-07T20:35:22,pid_hot_humid_bursty_r1,pid,hot_humid,bursty,1,34.894,34.594,34.394,31.894,25.0,45.0,0.0,,100.0,2.0,,,,0,cooldown
2026-07-07T20:35:22,pid_hot_humid_bursty_r1,pid,hot_humid,bursty,1,34.886,34.586,34.386,31.886,25.0,45.0,0.0,,100.0,2.0,,,,0,cooldown
2026-07-07T20:35:22,pid_hot_humid_bursty_r1,pid,hot_humid,bursty,1,34.878,34.578,34.378,31.878,25.0,45.0,0.0,,100.0,2.0,,,,0,cooldown
2026-07-07T20:35:22,pid_hot_humid_bursty_r1,pid,hot_humid,bursty,1,34.871,34.571,34.371,31.871,25.0,45.0,0.0,,100.0,2.0,,,,0,cooldown
2026-07-07T20:35:22,pid_hot_humid_bursty_r1,pid,hot_humid,bursty,1,34.863,34.563,34.363,31.863,25.0,45.0,0.0,,100.0,2.0,,,,0,cooldown
2026-07-07T20:35:22,pid_hot_humid_bursty_r1,pid,hot_humid,bursty,1,34.855,34.555,34.355,31.855,25.0,45.0,0.0,,100.0,2.0,,,,0,cooldown
2026-07-07T20:35:22,pid_hot_humid_bursty_r1,pid,hot_humid,bursty,1,34.847,34.547,34.347,31.847,25.0,45.0,0.0,,100.0,2.0,,,,0,cooldown
2026-07-07T20:35:22,pid_hot_humid_bursty_r1,pid,hot_humid,bursty,1,34.839,34.539,34.339,31.839,25.0,45.0,0.0,,100.0,2.0,,,,0,cooldown
2026-07-07T20:35:22,pid_hot_humid_bursty_r1,pid,hot_humid,bursty,1,34.832,34.532,34.332,31.832,25.0,45.0,0.0,,100.0,2.0,,,,0,cooldown
2026-07-07T20:35:22,pid_hot_humid_bursty_r1,pid,hot_humid,bursty,1,34.824,34.524,34.324,31.824,25.0,45.0,0.0,,100.0,2.0,,,,0,cooldown
2026-07-07T20:35:22,pid_hot_humid_bursty_r1,pid,hot_humid,bursty,1,34.816,34.516,34.316,31.816,25.0,45.0,0.0,,100.0,2.0,,,,0,cooldown
2026-07-07T20:35:22,pid_hot_humid_bursty_r1,pid,hot_humid,bursty,1,34.808,34.508,34.308,31.808,25.0,45.0,0.0,,100.0,2.0,,,,0,cooldown
2026-07-07T20:35:22,pid_hot_humid_bursty_r1,pid,hot_humid,bursty,1,34.801,34.501,34.301,31.801,25.0,45.0,0.0,,100.0,2.0,,,,0,cooldown
2026-07-07T20:35:22,pid_hot_humid_bursty_r1,pid,hot_humid,bursty,1,34.793,34.493,34.293,31.793,25.0,45.0,0.0,,100.0,2.0,,,,0,cooldown
2026-07-07T20:35:22,pid_hot_humid_bursty_r1,pid,hot_humid,bursty,1,34.785,34.485,34.285,31.785,25.0,45.0,0.0,,100.0,2.0,,,,0,cooldown
2026-07-07T20:35:22,pid_hot_humid_bursty_r1,pid,hot_humid,bursty,1,34.777,34.477,34.277,31.777,25.0,45.0,0.0,,100.0,2.0,,,,0,cooldown
2026-07-07T20:35:22,pid_hot_humid_bursty_r1,pid,hot_humid,bursty,1,34.77,34.47,34.27,31.77,25.0,45.0,0.0,,100.0,2.0,,,,0,cooldown
2026-07-07T20:35:22,pid_hot_humid_bursty_r1,pid,hot_humid,bursty,1,34.762,34.462,34.262,31.762,25.0,45.0,0.0,,100.0,2.0,,,,0,cooldown
2026-07-07T20:35:22,pid_hot_humid_bursty_r1,pid,hot_humid,bursty,1,34.754,34.454,34.254,31.754,25.0,45.0,0.0,,100.0,2.0,,,,0,cooldown
2026-07-07T20:35:22,pid_hot_humid_bursty_r1,pid,hot_humid,bursty,1,34.747,34.447,34.247,31.747,25.0,45.0,0.0,,100.0,2.0,,,,0,cooldown
2026-07-07T20:35:22,pid_hot_humid_bursty_r1,pid,hot_humid,bursty,1,34.739,34.439,34.239,31.739,25.0,45.0,0.0,,100.0,2.0,,,,0,cooldown
2026-07-07T20:35:22,pid_hot_humid_bursty_r1,pid,hot_humid,bursty,1,34.731,34.431,34.231,31.731,25.0,45.0,0.0,,100.0,2.0,,,,0,cooldown
2026-07-07T20:35:22,pid_hot_humid_bursty_r1,pid,hot_humid,bursty,1,34.724,34.424,34.224,31.724,25.0,45.0,0.0,,100.0,2.0,,,,0,cooldown
2026-07-07T20:35:22,pid_hot_humid_bursty_r1,pid,hot_humid,bursty,1,34.716,34.416,34.216,31.716,25.0,45.0,0.0,,100.0,2.0,,,,0,cooldown
2026-07-07T20:35:22,pid_hot_humid_bursty_r1,pid,hot_humid,bursty,1,34.708,34.408,34.208,31.708,25.0,45.0,0.0,,100.0,2.0,,,,0,cooldown
2026-07-07T20:35:22,pid_hot_humid_bursty_r1,pid,hot_humid,bursty,1,34.7,34.4,34.2,31.7,25.0,45.0,0.0,,100.0,2.0,,,,0,cooldown
2026-07-07T20:35:22,pid_hot_humid_bursty_r1,pid,hot_humid,bursty,1,34.693,34.393,34.193,31.693,25.0,45.0,0.0,,100.0,2.0,,,,0,cooldown
2026-07-07T20:35:22,pid_hot_humid_bursty_r1,pid,hot_humid,bursty,1,34.685,34.385,34.185,31.685,25.0,45.0,0.0,,100.0,2.0,,,,0,cooldown
2026-07-07T20:35:22,pid_hot_humid_bursty_r1,pid,hot_humid,bursty,1,34.678,34.378,34.178,31.678,25.0,45.0,0.0,,100.0,2.0,,,,0,cooldown
2026-07-07T20:35:22,pid_hot_humid_bursty_r1,pid,hot_humid,bursty,1,34.67,34.37,34.17,31.67,25.0,45.0,0.0,,100.0,2.0,,,,0,cooldown
2026-07-07T20:35:22,pid_hot_humid_bursty_r1,pid,hot_humid,bursty,1,34.662,34.362,34.162,31.662,25.0,45.0,0.0,,100.0,2.0,,,,0,cooldown
2026-07-07T20:35:22,pid_hot_humid_bursty_r1,pid,hot_humid,bursty,1,34.655,34.355,34.155,31.655,25.0,45.0,0.0,,100.0,2.0,,,,0,cooldown
2026-07-07T20:35:22,pid_hot_humid_bursty_r1,pid,hot_humid,bursty,1,34.647,34.347,34.147,31.647,25.0,45.0,0.0,,100.0,2.0,,,,0,cooldown
2026-07-07T20:35:22,pid_hot_humid_bursty_r1,pid,hot_humid,bursty,1,34.639,34.339,34.139,31.639,25.0,45.0,0.0,,100.0,2.0,,,,0,cooldown
2026-07-07T20:35:22,pid_hot_humid_bursty_r1,pid,hot_humid,bursty,1,34.632,34.332,34.132,31.632,25.0,45.0,0.0,,100.0,2.0,,,,0,cooldown
2026-07-07T20:35:22,pid_hot_humid_bursty_r1,pid,hot_humid,bursty,1,34.624,34.324,34.124,31.624,25.0,45.0,0.0,,100.0,2.0,,,,0,cooldown
2026-07-07T20:35:22,pid_hot_humid_bursty_r1,pid,hot_humid,bursty,1,34.617,34.317,34.117,31.617,25.0,45.0,0.0,,100.0,2.0,,,,0,cooldown
2026-07-07T20:35:22,pid_hot_humid_bursty_r1,pid,hot_humid,bursty,1,34.609,34.309,34.109,31.609,25.0,45.0,0.0,,100.0,2.0,,,,0,cooldown
2026-07-07T20:35:22,pid_hot_humid_bursty_r1,pid,hot_humid,bursty,1,34.601,34.301,34.101,31.601,25.0,45.0,0.0,,100.0,2.0,,,,0,cooldown
2026-07-07T20:35:22,pid_hot_humid_bursty_r1,pid,hot_humid,bursty,1,34.594,34.294,34.094,31.594,25.0,45.0,0.0,,100.0,2.0,,,,0,cooldown
2026-07-07T20:35:22,pid_hot_humid_bursty_r1,pid,hot_humid,bursty,1,34.586,34.286,34.086,31.586,25.0,45.0,0.0,,100.0,2.0,,,,0,cooldown
2026-07-07T20:35:22,pid_hot_humid_bursty_r1,pid,hot_humid,bursty,1,34.579,34.279,34.079,31.579,25.0,45.0,0.0,,100.0,2.0,,,,0,cooldown
2026-07-07T20:35:22,pid_hot_humid_bursty_r1,pid,hot_humid,bursty,1,34.571,34.271,34.071,31.571,25.0,45.0,0.0,,100.0,2.0,,,,0,cooldown
2026-07-07T20:35:22,pid_hot_humid_bursty_r1,pid,hot_humid,bursty,1,34.564,34.264,34.064,31.564,25.0,45.0,0.0,,100.0,2.0,,,,0,cooldown
2026-07-07T20:35:22,pid_hot_humid_bursty_r1,pid,hot_humid,bursty,1,34.556,34.256,34.056,31.556,25.0,45.0,0.0,,100.0,2.0,,,,0,cooldown
2026-07-07T20:35:22,pid_hot_humid_bursty_r1,pid,hot_humid,bursty,1,34.548,34.248,34.048,31.548,25.0,45.0,0.0,,100.0,2.0,,,,0,cooldown
2026-07-07T20:35:22,pid_hot_humid_bursty_r1,pid,hot_humid,bursty,1,34.541,34.241,34.041,31.541,25.0,45.0,0.0,,100.0,2.0,,,,0,cooldown
2026-07-07T20:35:22,pid_hot_humid_bursty_r1,pid,hot_humid,bursty,1,34.533,34.233,34.033,31.533,25.0,45.0,0.0,,100.0,2.0,,,,0,cooldown
2026-07-07T20:35:22,pid_hot_humid_bursty_r1,pid,hot_humid,bursty,1,34.526,34.226,34.026,31.526,25.0,45.0,0.0,,100.0,2.0,,,,0,cooldown
2026-07-07T20:35:22,pid_hot_humid_bursty_r1,pid,hot_humid,bursty,1,34.518,34.218,34.018,31.518,25.0,45.0,0.0,,100.0,2.0,,,,0,cooldown
2026-07-07T20:35:22,pid_hot_humid_bursty_r1,pid,hot_humid,bursty,1,34.511,34.211,34.011,31.511,25.0,45.0,0.0,,100.0,2.0,,,,0,cooldown
2026-07-07T20:35:22,pid_hot_humid_bursty_r1,pid,hot_humid,bursty,1,34.503,34.203,34.003,31.503,25.0,45.0,0.0,,100.0,2.0,,,,0,cooldown
2026-07-07T20:35:22,pid_hot_humid_bursty_r1,pid,hot_humid,bursty,1,34.496,34.196,33.996,31.496,25.0,45.0,0.0,,100.0,2.0,,,,0,cooldown
2026-07-07T20:35:22,pid_hot_humid_bursty_r1,pid,hot_humid,bursty,1,34.488,34.188,33.988,31.488,25.0,45.0,0.0,,100.0,2.0,,,,0,cooldown
2026-07-07T20:35:22,pid_hot_humid_bursty_r1,pid,hot_humid,bursty,1,34.481,34.181,33.981,31.481,25.0,45.0,0.0,,100.0,2.0,,,,0,cooldown
2026-07-07T20:35:22,pid_hot_humid_bursty_r1,pid,hot_humid,bursty,1,34.473,34.173,33.973,31.473,25.0,45.0,0.0,,100.0,2.0,,,,0,cooldown
2026-07-07T20:35:22,pid_hot_humid_bursty_r1,pid,hot_humid,bursty,1,34.466,34.166,33.966,31.466,25.0,45.0,0.0,,100.0,2.0,,,,0,cooldown
2026-07-07T20:35:22,pid_hot_humid_bursty_r1,pid,hot_humid,bursty,1,34.458,34.158,33.958,31.458,25.0,45.0,0.0,,100.0,2.0,,,,0,cooldown
2026-07-07T20:35:22,pid_hot_humid_bursty_r1,pid,hot_humid,bursty,1,34.451,34.151,33.951,31.451,25.0,45.0,0.0,,100.0,2.0,,,,0,cooldown
2026-07-07T20:35:22,pid_hot_humid_bursty_r1,pid,hot_humid,bursty,1,34.443,34.143,33.943,31.443,25.0,45.0,0.0,,100.0,2.0,,,,0,cooldown
2026-07-07T20:35:22,pid_hot_humid_bursty_r1,pid,hot_humid,bursty,1,34.436,34.136,33.936,31.436,25.0,45.0,0.0,,100.0,2.0,,,,0,cooldown
2026-07-07T20:35:22,pid_hot_humid_bursty_r1,pid,hot_humid,bursty,1,34.429,34.129,33.929,31.429,25.0,45.0,0.0,,100.0,2.0,,,,0,cooldown
2026-07-07T20:35:22,pid_hot_humid_bursty_r1,pid,hot_humid,bursty,1,34.421,34.121,33.921,31.421,25.0,45.0,0.0,,100.0,2.0,,,,0,cooldown
2026-07-07T20:35:22,pid_hot_humid_bursty_r1,pid,hot_humid,bursty,1,34.414,34.114,33.914,31.414,25.0,45.0,0.0,,100.0,2.0,,,,0,cooldown
2026-07-07T20:35:22,pid_hot_humid_bursty_r1,pid,hot_humid,bursty,1,34.406,34.106,33.906,31.406,25.0,45.0,0.0,,100.0,2.0,,,,0,cooldown
2026-07-07T20:35:22,pid_hot_humid_bursty_r1,pid,hot_humid,bursty,1,34.399,34.099,33.899,31.399,25.0,45.0,0.0,,100.0,2.0,,,,0,cooldown
2026-07-07T20:35:22,pid_hot_humid_bursty_r1,pid,hot_humid,bursty,1,34.391,34.091,33.891,31.391,25.0,45.0,0.0,,100.0,2.0,,,,0,cooldown
2026-07-07T20:35:22,pid_hot_humid_bursty_r1,pid,hot_humid,bursty,1,34.384,34.084,33.884,31.384,25.0,45.0,0.0,,100.0,2.0,,,,0,cooldown
2026-07-07T20:35:22,pid_hot_humid_bursty_r1,pid,hot_humid,bursty,1,34.377,34.077,33.877,31.377,25.0,45.0,0.0,,100.0,2.0,,,,0,cooldown
2026-07-07T20:35:22,pid_hot_humid_bursty_r1,pid,hot_humid,bursty,1,34.369,34.069,33.869,31.369,25.0,45.0,0.0,,100.0,2.0,,,,0,cooldown
2026-07-07T20:35:22,pid_hot_humid_bursty_r1,pid,hot_humid,bursty,1,34.362,34.062,33.862,31.362,25.0,45.0,0.0,,100.0,2.0,,,,0,cooldown
2026-07-07T20:35:22,pid_hot_humid_bursty_r1,pid,hot_humid,bursty,1,34.354,34.054,33.854,31.354,25.0,45.0,0.0,,100.0,2.0,,,,0,cooldown
2026-07-07T20:35:22,pid_hot_humid_bursty_r1,pid,hot_humid,bursty,1,34.347,34.047,33.847,31.347,25.0,45.0,0.0,,100.0,2.0,,,,0,cooldown
2026-07-07T20:35:22,pid_hot_humid_bursty_r1,pid,hot_humid,bursty,1,34.34,34.04,33.84,31.34,25.0,45.0,0.0,,100.0,2.0,,,,0,cooldown
2026-07-07T20:35:22,pid_hot_humid_bursty_r1,pid,hot_humid,bursty,1,34.332,34.032,33.832,31.332,25.0,45.0,0.0,,100.0,2.0,,,,0,cooldown
2026-07-07T20:35:22,pid_hot_humid_bursty_r1,pid,hot_humid,bursty,1,34.325,34.025,33.825,31.325,25.0,45.0,0.0,,100.0,2.0,,,,0,cooldown
2026-07-07T20:35:22,pid_hot_humid_bursty_r1,pid,hot_humid,bursty,1,34.318,34.018,33.818,31.318,25.0,45.0,0.0,,100.0,2.0,,,,0,cooldown
2026-07-07T20:35:22,pid_hot_humid_bursty_r1,pid,hot_humid,bursty,1,34.31,34.01,33.81,31.31,25.0,45.0,0.0,,100.0,2.0,,,,0,cooldown
2026-07-07T20:35:22,pid_hot_humid_bursty_r1,pid,hot_humid,bursty,1,34.303,34.003,33.803,31.303,25.0,45.0,0.0,,100.0,2.0,,,,0,cooldown
2026-07-07T20:35:22,pid_hot_humid_bursty_r1,pid,hot_humid,bursty,1,34.295,33.995,33.795,31.295,25.0,45.0,0.0,,100.0,2.0,,,,0,cooldown
2026-07-07T20:35:22,pid_hot_humid_bursty_r1,pid,hot_humid,bursty,1,34.288,33.988,33.788,31.288,25.0,45.0,0.0,,100.0,2.0,,,,0,cooldown
2026-07-07T20:35:22,pid_hot_humid_bursty_r1,pid,hot_humid,bursty,1,34.281,33.981,33.781,31.281,25.0,45.0,0.0,,100.0,2.0,,,,0,cooldown
2026-07-07T20:35:22,pid_hot_humid_bursty_r1,pid,hot_humid,bursty,1,34.273,33.973,33.773,31.273,25.0,45.0,0.0,,100.0,2.0,,,,0,cooldown
2026-07-07T20:35:22,pid_hot_humid_bursty_r1,pid,hot_humid,bursty,1,34.266,33.966,33.766,31.266,25.0,45.0,0.0,,100.0,2.0,,,,0,cooldown
2026-07-07T20:35:22,pid_hot_humid_bursty_r1,pid,hot_humid,bursty,1,34.259,33.959,33.759,31.259,25.0,45.0,0.0,,100.0,2.0,,,,0,cooldown
2026-07-07T20:35:22,pid_hot_humid_bursty_r1,pid,hot_humid,bursty,1,34.252,33.952,33.752,31.252,25.0,45.0,0.0,,100.0,2.0,,,,0,cooldown
2026-07-07T20:35:22,pid_hot_humid_bursty_r1,pid,hot_humid,bursty,1,34.244,33.944,33.744,31.244,25.0,45.0,0.0,,100.0,2.0,,,,0,cooldown
2026-07-07T20:35:22,pid_hot_humid_bursty_r1,pid,hot_humid,bursty,1,34.237,33.937,33.737,31.237,25.0,45.0,0.0,,100.0,2.0,,,,0,cooldown
2026-07-07T20:35:22,pid_hot_humid_bursty_r1,pid,hot_humid,bursty,1,34.23,33.93,33.73,31.23,25.0,45.0,0.0,,100.0,2.0,,,,0,cooldown
2026-07-07T20:35:22,pid_hot_humid_bursty_r1,pid,hot_humid,bursty,1,34.222,33.922,33.722,31.222,25.0,45.0,0.0,,100.0,2.0,,,,0,cooldown
2026-07-07T20:35:22,pid_hot_humid_bursty_r1,pid,hot_humid,bursty,1,34.215,33.915,33.715,31.215,25.0,45.0,0.0,,100.0,2.0,,,,0,cooldown
2026-07-07T20:35:22,pid_hot_humid_bursty_r1,pid,hot_humid,bursty,1,34.208,33.908,33.708,31.208,25.0,45.0,0.0,,100.0,2.0,,,,0,cooldown
2026-07-07T20:35:22,pid_hot_humid_bursty_r1,pid,hot_humid,bursty,1,34.201,33.901,33.701,31.201,25.0,45.0,0.0,,100.0,2.0,,,,0,cooldown
2026-07-07T20:35:22,pid_hot_humid_bursty_r1,pid,hot_humid,bursty,1,34.193,33.893,33.693,31.193,25.0,45.0,0.0,,100.0,2.0,,,,0,cooldown
2026-07-07T20:35:22,pid_hot_humid_bursty_r1,pid,hot_humid,bursty,1,34.186,33.886,33.686,31.186,25.0,45.0,0.0,,100.0,2.0,,,,0,cooldown
2026-07-07T20:35:22,pid_hot_humid_bursty_r1,pid,hot_humid,bursty,1,34.179,33.879,33.679,31.179,25.0,45.0,0.0,,100.0,2.0,,,,0,cooldown
2026-07-07T20:35:22,pid_hot_humid_bursty_r1,pid,hot_humid,bursty,1,34.172,33.872,33.672,31.172,25.0,45.0,0.0,,100.0,2.0,,,,0,cooldown
2026-07-07T20:35:22,pid_hot_humid_bursty_r1,pid,hot_humid,bursty,1,34.164,33.864,33.664,31.164,25.0,45.0,0.0,,100.0,2.0,,,,0,cooldown
2026-07-07T20:35:22,pid_hot_humid_bursty_r1,pid,hot_humid,bursty,1,34.157,33.857,33.657,31.157,25.0,45.0,0.0,,100.0,2.0,,,,0,cooldown
2026-07-07T20:35:22,pid_hot_humid_bursty_r1,pid,hot_humid,bursty,1,34.15,33.85,33.65,31.15,25.0,45.0,0.0,,100.0,2.0,,,,0,cooldown
2026-07-07T20:35:22,pid_hot_humid_bursty_r1,pid,hot_humid,bursty,1,34.143,33.843,33.643,31.143,25.0,45.0,0.0,,100.0,2.0,,,,0,cooldown
2026-07-07T20:35:22,pid_hot_humid_bursty_r1,pid,hot_humid,bursty,1,34.135,33.835,33.635,31.135,25.0,45.0,0.0,,100.0,2.0,,,,0,cooldown
2026-07-07T20:35:22,pid_hot_humid_bursty_r1,pid,hot_humid,bursty,1,34.128,33.828,33.628,31.128,25.0,45.0,0.0,,100.0,2.0,,,,0,cooldown
2026-07-07T20:35:22,pid_hot_humid_bursty_r1,pid,hot_humid,bursty,1,34.121,33.821,33.621,31.121,25.0,45.0,0.0,,100.0,2.0,,,,0,cooldown
2026-07-07T20:35:22,pid_hot_humid_bursty_r1,pid,hot_humid,bursty,1,34.114,33.814,33.614,31.114,25.0,45.0,0.0,,100.0,2.0,,,,0,cooldown
2026-07-07T20:35:22,pid_hot_humid_bursty_r1,pid,hot_humid,bursty,1,34.107,33.807,33.607,31.107,25.0,45.0,0.0,,100.0,2.0,,,,0,cooldown
2026-07-07T20:35:22,pid_hot_humid_bursty_r1,pid,hot_humid,bursty,1,34.099,33.799,33.599,31.099,25.0,45.0,0.0,,100.0,2.0,,,,0,cooldown
2026-07-07T20:35:22,pid_hot_humid_bursty_r1,pid,hot_humid,bursty,1,34.092,33.792,33.592,31.092,25.0,45.0,0.0,,100.0,2.0,,,,0,cooldown
2026-07-07T20:35:22,pid_hot_humid_bursty_r1,pid,hot_humid,bursty,1,34.085,33.785,33.585,31.085,25.0,45.0,0.0,,100.0,2.0,,,,0,cooldown
2026-07-07T20:35:22,pid_hot_humid_bursty_r1,pid,hot_humid,bursty,1,34.078,33.778,33.578,31.078,25.0,45.0,0.0,,100.0,2.0,,,,0,cooldown
2026-07-07T20:35:22,pid_hot_humid_bursty_r1,pid,hot_humid,bursty,1,34.071,33.771,33.571,31.071,25.0,45.0,0.0,,100.0,2.0,,,,0,cooldown
2026-07-07T20:35:22,pid_hot_humid_bursty_r1,pid,hot_humid,bursty,1,34.064,33.764,33.564,31.064,25.0,45.0,0.0,,100.0,2.0,,,,0,cooldown
2026-07-07T20:35:22,pid_hot_humid_bursty_r1,pid,hot_humid,bursty,1,34.056,33.756,33.556,31.056,25.0,45.0,0.0,,100.0,2.0,,,,0,cooldown
2026-07-07T20:35:22,pid_hot_humid_bursty_r1,pid,hot_humid,bursty,1,34.049,33.749,33.549,31.049,25.0,45.0,0.0,,100.0,2.0,,,,0,cooldown
2026-07-07T20:35:22,pid_hot_humid_bursty_r1,pid,hot_humid,bursty,1,34.042,33.742,33.542,31.042,25.0,45.0,0.0,,100.0,2.0,,,,0,cooldown
2026-07-07T20:35:22,pid_hot_humid_bursty_r1,pid,hot_humid,bursty,1,34.035,33.735,33.535,31.035,25.0,45.0,0.0,,100.0,2.0,,,,0,cooldown
2026-07-07T20:35:22,pid_hot_humid_bursty_r1,pid,hot_humid,bursty,1,34.028,33.728,33.528,31.028,25.0,45.0,0.0,,100.0,2.0,,,,0,cooldown
2026-07-07T20:35:22,pid_hot_humid_bursty_r1,pid,hot_humid,bursty,1,34.021,33.721,33.521,31.021,25.0,45.0,0.0,,100.0,2.0,,,,0,cooldown
2026-07-07T20:35:22,pid_hot_humid_bursty_r1,pid,hot_humid,bursty,1,34.014,33.714,33.514,31.014,25.0,45.0,0.0,,100.0,2.0,,,,0,cooldown
2026-07-07T20:35:22,pid_hot_humid_bursty_r1,pid,hot_humid,bursty,1,34.006,33.706,33.506,31.006,25.0,45.0,0.0,,100.0,2.0,,,,0,cooldown
2026-07-07T20:35:22,pid_hot_humid_bursty_r1,pid,hot_humid,bursty,1,33.999,33.699,33.499,30.999,25.0,45.0,0.0,,100.0,2.0,,,,0,cooldown
2026-07-07T20:35:22,pid_hot_humid_bursty_r1,pid,hot_humid,bursty,1,33.992,33.692,33.492,30.992,25.0,45.0,0.0,,100.0,2.0,,,,0,cooldown
2026-07-07T20:35:22,pid_hot_humid_bursty_r1,pid,hot_humid,bursty,1,33.985,33.685,33.485,30.985,25.0,45.0,0.0,,100.0,2.0,,,,0,cooldown
2026-07-07T20:35:22,pid_hot_humid_bursty_r1,pid,hot_humid,bursty,1,33.978,33.678,33.478,30.978,25.0,45.0,0.0,,100.0,2.0,,,,0,cooldown
2026-07-07T20:35:22,pid_hot_humid_bursty_r1,pid,hot_humid,bursty,1,33.971,33.671,33.471,30.971,25.0,45.0,0.0,,100.0,2.0,,,,0,cooldown
2026-07-07T20:35:22,pid_hot_humid_bursty_r1,pid,hot_humid,bursty,1,33.964,33.664,33.464,30.964,25.0,45.0,0.0,,100.0,2.0,,,,0,cooldown
2026-07-07T20:35:22,pid_hot_humid_bursty_r1,pid,hot_humid,bursty,1,33.957,33.657,33.457,30.957,25.0,45.0,0.0,,100.0,2.0,,,,0,cooldown
2026-07-07T20:35:22,pid_hot_humid_bursty_r1,pid,hot_humid,bursty,1,33.95,33.65,33.45,30.95,25.0,45.0,0.0,,100.0,2.0,,,,0,cooldown
2026-07-07T20:35:22,pid_hot_humid_bursty_r1,pid,hot_humid,bursty,1,33.943,33.643,33.443,30.943,25.0,45.0,0.0,,100.0,2.0,,,,0,cooldown
2026-07-07T20:35:22,pid_hot_humid_bursty_r1,pid,hot_humid,bursty,1,33.936,33.636,33.436,30.936,25.0,45.0,0.0,,100.0,2.0,,,,0,cooldown
2026-07-07T20:35:22,pid_hot_humid_bursty_r1,pid,hot_humid,bursty,1,33.929,33.629,33.429,30.929,25.0,45.0,0.0,,100.0,2.0,,,,0,cooldown
2026-07-07T20:35:22,pid_hot_humid_bursty_r1,pid,hot_humid,bursty,1,33.921,33.621,33.421,30.921,25.0,45.0,0.0,,100.0,2.0,,,,0,cooldown
2026-07-07T20:35:22,pid_hot_humid_bursty_r1,pid,hot_humid,bursty,1,33.914,33.614,33.414,30.914,25.0,45.0,0.0,,100.0,2.0,,,,0,cooldown
2026-07-07T20:35:22,pid_hot_humid_bursty_r1,pid,hot_humid,bursty,1,33.907,33.607,33.407,30.907,25.0,45.0,0.0,,100.0,2.0,,,,0,cooldown
2026-07-07T20:35:22,pid_hot_humid_bursty_r1,pid,hot_humid,bursty,1,33.9,33.6,33.4,30.9,25.0,45.0,0.0,,100.0,2.0,,,,0,cooldown
2026-07-07T20:35:22,pid_hot_humid_bursty_r1,pid,hot_humid,bursty,1,33.893,33.593,33.393,30.893,25.0,45.0,0.0,,100.0,2.0,,,,0,cooldown
2026-07-07T20:35:22,pid_hot_humid_bursty_r1,pid,hot_humid,bursty,1,33.886,33.586,33.386,30.886,25.0,45.0,0.0,,100.0,2.0,,,,0,cooldown
2026-07-07T20:35:22,pid_hot_humid_bursty_r1,pid,hot_humid,bursty,1,33.879,33.579,33.379,30.879,25.0,45.0,0.0,,100.0,2.0,,,,0,cooldown
2026-07-07T20:35:22,pid_hot_humid_bursty_r1,pid,hot_humid,bursty,1,33.872,33.572,33.372,30.872,25.0,45.0,0.0,,100.0,2.0,,,,0,cooldown
2026-07-07T20:35:22,pid_hot_humid_bursty_r1,pid,hot_humid,bursty,1,33.865,33.565,33.365,30.865,25.0,45.0,0.0,,100.0,2.0,,,,0,cooldown
2026-07-07T20:35:22,pid_hot_humid_bursty_r1,pid,hot_humid,bursty,1,33.858,33.558,33.358,30.858,25.0,45.0,0.0,,100.0,2.0,,,,0,cooldown
2026-07-07T20:35:22,pid_hot_humid_bursty_r1,pid,hot_humid,bursty,1,33.851,33.551,33.351,30.851,25.0,45.0,0.0,,100.0,2.0,,,,0,cooldown
2026-07-07T20:35:22,pid_hot_humid_bursty_r1,pid,hot_humid,bursty,1,33.844,33.544,33.344,30.844,25.0,45.0,0.0,,100.0,2.0,,,,0,cooldown
2026-07-07T20:35:22,pid_hot_humid_bursty_r1,pid,hot_humid,bursty,1,33.837,33.537,33.337,30.837,25.0,45.0,0.0,,100.0,2.0,,,,0,cooldown
2026-07-07T20:35:22,pid_hot_humid_bursty_r1,pid,hot_humid,bursty,1,33.83,33.53,33.33,30.83,25.0,45.0,0.0,,100.0,2.0,,,,0,cooldown
2026-07-07T20:35:22,pid_hot_humid_bursty_r1,pid,hot_humid,bursty,1,33.823,33.523,33.323,30.823,25.0,45.0,0.0,,100.0,2.0,,,,0,cooldown
2026-07-07T20:35:22,pid_hot_humid_bursty_r1,pid,hot_humid,bursty,1,33.816,33.516,33.316,30.816,25.0,45.0,0.0,,100.0,2.0,,,,0,cooldown
2026-07-07T20:35:22,pid_hot_humid_bursty_r1,pid,hot_humid,bursty,1,33.809,33.509,33.309,30.809,25.0,45.0,0.0,,100.0,2.0,,,,0,cooldown
2026-07-07T20:35:22,pid_hot_humid_bursty_r1,pid,hot_humid,bursty,1,33.802,33.502,33.302,30.802,25.0,45.0,0.0,,100.0,2.0,,,,0,cooldown
2026-07-07T20:35:22,pid_hot_humid_bursty_r1,pid,hot_humid,bursty,1,33.796,33.496,33.296,30.796,25.0,45.0,0.0,,100.0,2.0,,,,0,cooldown
2026-07-07T20:35:22,pid_hot_humid_bursty_r1,pid,hot_humid,bursty,1,33.789,33.489,33.289,30.789,25.0,45.0,0.0,,100.0,2.0,,,,0,cooldown
2026-07-07T20:35:22,pid_hot_humid_bursty_r1,pid,hot_humid,bursty,1,33.782,33.482,33.282,30.782,25.0,45.0,0.0,,100.0,2.0,,,,0,cooldown
2026-07-07T20:35:22,pid_hot_humid_bursty_r1,pid,hot_humid,bursty,1,33.775,33.475,33.275,30.775,25.0,45.0,0.0,,100.0,2.0,,,,0,cooldown
2026-07-07T20:35:22,pid_hot_humid_bursty_r1,pid,hot_humid,bursty,1,33.768,33.468,33.268,30.768,25.0,45.0,0.0,,100.0,2.0,,,,0,cooldown
2026-07-07T20:35:22,pid_hot_humid_bursty_r1,pid,hot_humid,bursty,1,33.761,33.461,33.261,30.761,25.0,45.0,0.0,,100.0,2.0,,,,0,cooldown
2026-07-07T20:35:22,pid_hot_humid_bursty_r1,pid,hot_humid,bursty,1,33.754,33.454,33.254,30.754,25.0,45.0,0.0,,100.0,2.0,,,,0,cooldown
2026-07-07T20:35:22,pid_hot_humid_bursty_r1,pid,hot_humid,bursty,1,33.747,33.447,33.247,30.747,25.0,45.0,0.0,,100.0,2.0,,,,0,cooldown
2026-07-07T20:35:22,pid_hot_humid_bursty_r1,pid,hot_humid,bursty,1,33.74,33.44,33.24,30.74,25.0,45.0,0.0,,100.0,2.0,,,,0,cooldown
2026-07-07T20:35:22,pid_hot_humid_bursty_r1,pid,hot_humid,bursty,1,33.733,33.433,33.233,30.733,25.0,45.0,0.0,,100.0,2.0,,,,0,cooldown
2026-07-07T20:35:22,pid_hot_humid_bursty_r1,pid,hot_humid,bursty,1,33.726,33.426,33.226,30.726,25.0,45.0,0.0,,100.0,2.0,,,,0,cooldown
2026-07-07T20:35:22,pid_hot_humid_bursty_r1,pid,hot_humid,bursty,1,33.719,33.419,33.219,30.719,25.0,45.0,0.0,,100.0,2.0,,,,0,cooldown
2026-07-07T20:35:22,pid_hot_humid_bursty_r1,pid,hot_humid,bursty,1,33.713,33.413,33.213,30.713,25.0,45.0,0.0,,100.0,2.0,,,,0,cooldown
2026-07-07T20:35:22,pid_hot_humid_bursty_r1,pid,hot_humid,bursty,1,33.706,33.406,33.206,30.706,25.0,45.0,0.0,,100.0,2.0,,,,0,cooldown
2026-07-07T20:35:22,pid_hot_humid_bursty_r1,pid,hot_humid,bursty,1,33.699,33.399,33.199,30.699,25.0,45.0,0.0,,100.0,2.0,,,,0,cooldown
2026-07-07T20:35:22,pid_hot_humid_bursty_r1,pid,hot_humid,bursty,1,33.692,33.392,33.192,30.692,25.0,45.0,0.0,,100.0,2.0,,,,0,cooldown
2026-07-07T20:35:22,pid_hot_humid_bursty_r1,pid,hot_humid,bursty,1,33.685,33.385,33.185,30.685,25.0,45.0,0.0,,100.0,2.0,,,,0,cooldown
2026-07-07T20:35:22,pid_hot_humid_bursty_r1,pid,hot_humid,bursty,1,33.678,33.378,33.178,30.678,25.0,45.0,0.0,,100.0,2.0,,,,0,cooldown
2026-07-07T20:35:22,pid_hot_humid_bursty_r1,pid,hot_humid,bursty,1,33.671,33.371,33.171,30.671,25.0,45.0,0.0,,100.0,2.0,,,,0,cooldown
2026-07-07T20:35:22,pid_hot_humid_bursty_r1,pid,hot_humid,bursty,1,33.665,33.365,33.165,30.665,25.0,45.0,0.0,,100.0,2.0,,,,0,cooldown
2026-07-07T20:35:22,pid_hot_humid_bursty_r1,pid,hot_humid,bursty,1,33.658,33.358,33.158,30.658,25.0,45.0,0.0,,100.0,2.0,,,,0,cooldown
2026-07-07T20:35:22,pid_hot_humid_bursty_r1,pid,hot_humid,bursty,1,33.651,33.351,33.151,30.651,25.0,45.0,0.0,,100.0,2.0,,,,0,cooldown
2026-07-07T20:35:22,pid_hot_humid_bursty_r1,pid,hot_humid,bursty,1,33.644,33.344,33.144,30.644,25.0,45.0,0.0,,100.0,2.0,,,,0,cooldown
2026-07-07T20:35:22,pid_hot_humid_bursty_r1,pid,hot_humid,bursty,1,33.637,33.337,33.137,30.637,25.0,45.0,0.0,,100.0,2.0,,,,0,cooldown
2026-07-07T20:35:22,pid_hot_humid_bursty_r1,pid,hot_humid,bursty,1,33.63,33.33,33.13,30.63,25.0,45.0,0.0,,100.0,2.0,,,,0,cooldown
2026-07-07T20:35:22,pid_hot_humid_bursty_r1,pid,hot_humid,bursty,1,33.624,33.324,33.124,30.624,25.0,45.0,0.0,,100.0,2.0,,,,0,cooldown
2026-07-07T20:35:22,pid_hot_humid_bursty_r1,pid,hot_humid,bursty,1,33.617,33.317,33.117,30.617,25.0,45.0,0.0,,100.0,2.0,,,,0,cooldown
2026-07-07T20:35:22,pid_hot_humid_bursty_r1,pid,hot_humid,bursty,1,33.61,33.31,33.11,30.61,25.0,45.0,0.0,,100.0,2.0,,,,0,cooldown
2026-07-07T20:35:22,pid_hot_humid_bursty_r1,pid,hot_humid,bursty,1,33.603,33.303,33.103,30.603,25.0,45.0,0.0,,100.0,2.0,,,,0,cooldown
2026-07-07T20:35:22,pid_hot_humid_bursty_r1,pid,hot_humid,bursty,1,33.596,33.296,33.096,30.596,25.0,45.0,0.0,,100.0,2.0,,,,0,cooldown
2026-07-07T20:35:22,pid_hot_humid_bursty_r1,pid,hot_humid,bursty,1,33.59,33.29,33.09,30.59,25.0,45.0,0.0,,100.0,2.0,,,,0,cooldown
2026-07-07T20:35:22,pid_hot_humid_bursty_r1,pid,hot_humid,bursty,1,33.583,33.283,33.083,30.583,25.0,45.0,0.0,,100.0,2.0,,,,0,cooldown
2026-07-07T20:35:22,pid_hot_humid_bursty_r1,pid,hot_humid,bursty,1,33.576,33.276,33.076,30.576,25.0,45.0,0.0,,100.0,2.0,,,,0,cooldown
2026-07-07T20:35:22,pid_hot_humid_bursty_r1,pid,hot_humid,bursty,1,33.569,33.269,33.069,30.569,25.0,45.0,0.0,,100.0,2.0,,,,0,cooldown
2026-07-07T20:35:22,pid_hot_humid_bursty_r1,pid,hot_humid,bursty,1,33.562,33.262,33.062,30.562,25.0,45.0,0.0,,100.0,2.0,,,,0,cooldown
2026-07-07T20:35:22,pid_hot_humid_bursty_r1,pid,hot_humid,bursty,1,33.556,33.256,33.056,30.556,25.0,45.0,0.0,,100.0,2.0,,,,0,cooldown
2026-07-07T20:35:22,pid_hot_humid_bursty_r1,pid,hot_humid,bursty,1,33.549,33.249,33.049,30.549,25.0,45.0,0.0,,100.0,2.0,,,,0,cooldown
2026-07-07T20:35:22,pid_hot_humid_bursty_r1,pid,hot_humid,bursty,1,33.542,33.242,33.042,30.542,25.0,45.0,0.0,,100.0,2.0,,,,0,cooldown
2026-07-07T20:35:22,pid_hot_humid_bursty_r1,pid,hot_humid,bursty,1,33.535,33.235,33.035,30.535,25.0,45.0,0.0,,100.0,2.0,,,,0,cooldown
2026-07-07T20:35:22,pid_hot_humid_bursty_r1,pid,hot_humid,bursty,1,33.529,33.229,33.029,30.529,25.0,45.0,0.0,,100.0,2.0,,,,0,cooldown
2026-07-07T20:35:22,pid_hot_humid_bursty_r1,pid,hot_humid,bursty,1,33.522,33.222,33.022,30.522,25.0,45.0,0.0,,100.0,2.0,,,,0,cooldown
2026-07-07T20:35:22,pid_hot_humid_bursty_r1,pid,hot_humid,bursty,1,33.515,33.215,33.015,30.515,25.0,45.0,0.0,,100.0,2.0,,,,0,cooldown
2026-07-07T20:35:22,pid_hot_humid_bursty_r1,pid,hot_humid,bursty,1,33.509,33.209,33.009,30.509,25.0,45.0,0.0,,100.0,2.0,,,,0,cooldown
2026-07-07T20:35:22,pid_hot_humid_bursty_r1,pid,hot_humid,bursty,1,33.502,33.202,33.002,30.502,25.0,45.0,0.0,,100.0,2.0,,,,0,cooldown
2026-07-07T20:35:22,pid_hot_humid_bursty_r1,pid,hot_humid,bursty,1,33.495,33.195,32.995,30.495,25.0,45.0,0.0,,100.0,2.0,,,,0,cooldown
2026-07-07T20:35:22,pid_hot_humid_bursty_r1,pid,hot_humid,bursty,1,33.488,33.188,32.988,30.488,25.0,45.0,0.0,,100.0,2.0,,,,0,cooldown
2026-07-07T20:35:22,pid_hot_humid_bursty_r1,pid,hot_humid,bursty,1,33.482,33.182,32.982,30.482,25.0,45.0,0.0,,100.0,2.0,,,,0,cooldown
2026-07-07T20:35:22,pid_hot_humid_bursty_r1,pid,hot_humid,bursty,1,33.475,33.175,32.975,30.475,25.0,45.0,0.0,,100.0,2.0,,,,0,cooldown
2026-07-07T20:35:22,pid_hot_humid_bursty_r1,pid,hot_humid,bursty,1,33.468,33.168,32.968,30.468,25.0,45.0,0.0,,100.0,2.0,,,,0,cooldown
2026-07-07T20:35:22,pid_hot_humid_bursty_r1,pid,hot_humid,bursty,1,33.462,33.162,32.962,30.462,25.0,45.0,0.0,,100.0,2.0,,,,0,cooldown
2026-07-07T20:35:22,pid_hot_humid_bursty_r1,pid,hot_humid,bursty,1,33.455,33.155,32.955,30.455,25.0,45.0,0.0,,100.0,2.0,,,,0,cooldown
2026-07-07T20:35:22,pid_hot_humid_bursty_r1,pid,hot_humid,bursty,1,33.448,33.148,32.948,30.448,25.0,45.0,0.0,,100.0,2.0,,,,0,cooldown
2026-07-07T20:35:22,pid_hot_humid_bursty_r1,pid,hot_humid,bursty,1,33.442,33.142,32.942,30.442,25.0,45.0,0.0,,100.0,2.0,,,,0,cooldown
2026-07-07T20:35:22,pid_hot_humid_bursty_r1,pid,hot_humid,bursty,1,33.435,33.135,32.935,30.435,25.0,45.0,0.0,,100.0,2.0,,,,0,cooldown
2026-07-07T20:35:22,pid_hot_humid_bursty_r1,pid,hot_humid,bursty,1,33.428,33.128,32.928,30.428,25.0,45.0,0.0,,100.0,2.0,,,,0,cooldown
2026-07-07T20:35:22,pid_hot_humid_bursty_r1,pid,hot_humid,bursty,1,33.422,33.122,32.922,30.422,25.0,45.0,0.0,,100.0,2.0,,,,0,cooldown
2026-07-07T20:35:22,pid_hot_humid_bursty_r1,pid,hot_humid,bursty,1,33.415,33.115,32.915,30.415,25.0,45.0,0.0,,100.0,2.0,,,,0,cooldown
2026-07-07T20:35:22,pid_hot_humid_bursty_r1,pid,hot_humid,bursty,1,33.408,33.108,32.908,30.408,25.0,45.0,0.0,,100.0,2.0,,,,0,cooldown
2026-07-07T20:35:22,pid_hot_humid_bursty_r1,pid,hot_humid,bursty,1,33.402,33.102,32.902,30.402,25.0,45.0,0.0,,100.0,2.0,,,,0,cooldown
2026-07-07T20:35:22,pid_hot_humid_bursty_r1,pid,hot_humid,bursty,1,33.395,33.095,32.895,30.395,25.0,45.0,0.0,,100.0,2.0,,,,0,cooldown
2026-07-07T20:35:22,pid_hot_humid_bursty_r1,pid,hot_humid,bursty,1,33.388,33.088,32.888,30.388,25.0,45.0,0.0,,100.0,2.0,,,,0,cooldown
2026-07-07T20:35:22,pid_hot_humid_bursty_r1,pid,hot_humid,bursty,1,33.382,33.082,32.882,30.382,25.0,45.0,0.0,,100.0,2.0,,,,0,cooldown
2026-07-07T20:35:22,pid_hot_humid_bursty_r1,pid,hot_humid,bursty,1,33.375,33.075,32.875,30.375,25.0,45.0,0.0,,100.0,2.0,,,,0,cooldown
2026-07-07T20:35:22,pid_hot_humid_bursty_r1,pid,hot_humid,bursty,1,33.369,33.069,32.869,30.369,25.0,45.0,0.0,,100.0,2.0,,,,0,cooldown
2026-07-07T20:35:22,pid_hot_humid_bursty_r1,pid,hot_humid,bursty,1,33.362,33.062,32.862,30.362,25.0,45.0,0.0,,100.0,2.0,,,,0,cooldown
2026-07-07T20:35:22,pid_hot_humid_bursty_r1,pid,hot_humid,bursty,1,33.355,33.055,32.855,30.355,25.0,45.0,0.0,,100.0,2.0,,,,0,cooldown
2026-07-07T20:35:22,pid_hot_humid_bursty_r1,pid,hot_humid,bursty,1,33.349,33.049,32.849,30.349,25.0,45.0,0.0,,100.0,2.0,,,,0,cooldown
2026-07-07T20:35:22,pid_hot_humid_bursty_r1,pid,hot_humid,bursty,1,33.342,33.042,32.842,30.342,25.0,45.0,0.0,,100.0,2.0,,,,0,cooldown
2026-07-07T20:35:22,pid_hot_humid_bursty_r1,pid,hot_humid,bursty,1,33.336,33.036,32.836,30.336,25.0,45.0,0.0,,100.0,2.0,,,,0,cooldown
2026-07-07T20:35:22,pid_hot_humid_bursty_r1,pid,hot_humid,bursty,1,33.329,33.029,32.829,30.329,25.0,45.0,0.0,,100.0,2.0,,,,0,cooldown
2026-07-07T20:35:22,pid_hot_humid_bursty_r1,pid,hot_humid,bursty,1,33.322,33.022,32.822,30.322,25.0,45.0,0.0,,100.0,2.0,,,,0,cooldown
2026-07-07T20:35:22,pid_hot_humid_bursty_r1,pid,hot_humid,bursty,1,33.316,33.016,32.816,30.316,25.0,45.0,0.0,,100.0,2.0,,,,0,cooldown
2026-07-07T20:35:22,pid_hot_humid_bursty_r1,pid,hot_humid,bursty,1,33.309,33.009,32.809,30.309,25.0,45.0,0.0,,100.0,2.0,,,,0,cooldown
2026-07-07T20:35:22,pid_hot_humid_bursty_r1,pid,hot_humid,bursty,1,33.303,33.003,32.803,30.303,25.0,45.0,0.0,,100.0,2.0,,,,0,cooldown
2026-07-07T20:35:22,pid_hot_humid_bursty_r1,pid,hot_humid,bursty,1,33.296,32.996,32.796,30.296,25.0,45.0,0.0,,100.0,2.0,,,,0,cooldown
2026-07-07T20:35:22,pid_hot_humid_bursty_r1,pid,hot_humid,bursty,1,33.29,32.99,32.79,30.29,25.0,45.0,0.0,,100.0,2.0,,,,0,cooldown
2026-07-07T20:35:22,pid_hot_humid_bursty_r1,pid,hot_humid,bursty,1,33.283,32.983,32.783,30.283,25.0,45.0,0.0,,100.0,2.0,,,,0,cooldown
2026-07-07T20:35:22,pid_hot_humid_bursty_r1,pid,hot_humid,bursty,1,33.277,32.977,32.777,30.277,25.0,45.0,0.0,,100.0,2.0,,,,0,cooldown
2026-07-07T20:35:22,pid_hot_humid_bursty_r1,pid,hot_humid,bursty,1,33.27,32.97,32.77,30.27,25.0,45.0,0.0,,100.0,2.0,,,,0,cooldown
2026-07-07T20:35:22,pid_hot_humid_bursty_r1,pid,hot_humid,bursty,1,33.264,32.964,32.764,30.264,25.0,45.0,0.0,,100.0,2.0,,,,0,cooldown
2026-07-07T20:35:22,pid_hot_humid_bursty_r1,pid,hot_humid,bursty,1,33.257,32.957,32.757,30.257,25.0,45.0,0.0,,100.0,2.0,,,,0,cooldown
2026-07-07T20:35:22,pid_hot_humid_bursty_r1,pid,hot_humid,bursty,1,33.25,32.95,32.75,30.25,25.0,45.0,0.0,,100.0,2.0,,,,0,cooldown
2026-07-07T20:35:22,pid_hot_humid_bursty_r1,pid,hot_humid,bursty,1,33.244,32.944,32.744,30.244,25.0,45.0,0.0,,100.0,2.0,,,,0,cooldown
2026-07-07T20:35:22,pid_hot_humid_bursty_r1,pid,hot_humid,bursty,1,33.237,32.937,32.737,30.237,25.0,45.0,0.0,,100.0,2.0,,,,0,cooldown
2026-07-07T20:35:22,pid_hot_humid_bursty_r1,pid,hot_humid,bursty,1,33.231,32.931,32.731,30.231,25.0,45.0,0.0,,100.0,2.0,,,,0,cooldown
2026-07-07T20:35:22,pid_hot_humid_bursty_r1,pid,hot_humid,bursty,1,33.224,32.924,32.724,30.224,25.0,45.0,0.0,,100.0,2.0,,,,0,cooldown
2026-07-07T20:35:22,pid_hot_humid_bursty_r1,pid,hot_humid,bursty,1,33.218,32.918,32.718,30.218,25.0,45.0,0.0,,100.0,2.0,,,,0,cooldown
2026-07-07T20:35:22,pid_hot_humid_bursty_r1,pid,hot_humid,bursty,1,33.211,32.911,32.711,30.211,25.0,45.0,0.0,,100.0,2.0,,,,0,cooldown
2026-07-07T20:35:22,pid_hot_humid_bursty_r1,pid,hot_humid,bursty,1,33.205,32.905,32.705,30.205,25.0,45.0,0.0,,100.0,2.0,,,,0,cooldown
2026-07-07T20:35:22,pid_hot_humid_bursty_r1,pid,hot_humid,bursty,1,33.199,32.899,32.699,30.199,25.0,45.0,0.0,,100.0,2.0,,,,0,cooldown
2026-07-07T20:35:22,pid_hot_humid_bursty_r1,pid,hot_humid,bursty,1,33.192,32.892,32.692,30.192,25.0,45.0,0.0,,100.0,2.0,,,,0,cooldown
2026-07-07T20:35:22,pid_hot_humid_bursty_r1,pid,hot_humid,bursty,1,33.186,32.886,32.686,30.186,25.0,45.0,0.0,,100.0,2.0,,,,0,cooldown
2026-07-07T20:35:22,pid_hot_humid_bursty_r1,pid,hot_humid,bursty,1,33.179,32.879,32.679,30.179,25.0,45.0,0.0,,100.0,2.0,,,,0,cooldown
2026-07-07T20:35:22,pid_hot_humid_bursty_r1,pid,hot_humid,bursty,1,33.173,32.873,32.673,30.173,25.0,45.0,0.0,,100.0,2.0,,,,0,cooldown
2026-07-07T20:35:22,pid_hot_humid_bursty_r1,pid,hot_humid,bursty,1,33.166,32.866,32.666,30.166,25.0,45.0,0.0,,100.0,2.0,,,,0,cooldown
2026-07-07T20:35:22,pid_hot_humid_bursty_r1,pid,hot_humid,bursty,1,33.16,32.86,32.66,30.16,25.0,45.0,0.0,,100.0,2.0,,,,0,cooldown
2026-07-07T20:35:22,pid_hot_humid_bursty_r1,pid,hot_humid,bursty,1,33.153,32.853,32.653,30.153,25.0,45.0,0.0,,100.0,2.0,,,,0,cooldown
2026-07-07T20:35:22,pid_hot_humid_bursty_r1,pid,hot_humid,bursty,1,33.147,32.847,32.647,30.147,25.0,45.0,0.0,,100.0,2.0,,,,0,cooldown
2026-07-07T20:35:22,pid_hot_humid_bursty_r1,pid,hot_humid,bursty,1,33.14,32.84,32.64,30.14,25.0,45.0,0.0,,100.0,2.0,,,,0,cooldown
2026-07-07T20:35:22,pid_hot_humid_bursty_r1,pid,hot_humid,bursty,1,33.134,32.834,32.634,30.134,25.0,45.0,0.0,,100.0,2.0,,,,0,cooldown
2026-07-07T20:35:22,pid_hot_humid_bursty_r1,pid,hot_humid,bursty,1,33.128,32.828,32.628,30.128,25.0,45.0,0.0,,100.0,2.0,,,,0,cooldown
2026-07-07T20:35:22,pid_hot_humid_bursty_r1,pid,hot_humid,bursty,1,33.121,32.821,32.621,30.121,25.0,45.0,0.0,,100.0,2.0,,,,0,cooldown
2026-07-07T20:35:22,pid_hot_humid_bursty_r1,pid,hot_humid,bursty,1,33.115,32.815,32.615,30.115,25.0,45.0,0.0,,100.0,2.0,,,,0,cooldown
2026-07-07T20:35:22,pid_hot_humid_bursty_r1,pid,hot_humid,bursty,1,33.108,32.808,32.608,30.108,25.0,45.0,0.0,,100.0,2.0,,,,0,cooldown
2026-07-07T20:35:22,pid_hot_humid_bursty_r1,pid,hot_humid,bursty,1,33.102,32.802,32.602,30.102,25.0,45.0,0.0,,100.0,2.0,,,,0,cooldown
2026-07-07T20:35:22,pid_hot_humid_bursty_r1,pid,hot_humid,bursty,1,33.096,32.796,32.596,30.096,25.0,45.0,0.0,,100.0,2.0,,,,0,cooldown
2026-07-07T20:35:22,pid_hot_humid_bursty_r1,pid,hot_humid,bursty,1,33.089,32.789,32.589,30.089,25.0,45.0,0.0,,100.0,2.0,,,,0,cooldown
2026-07-07T20:35:22,pid_hot_humid_bursty_r1,pid,hot_humid,bursty,1,33.083,32.783,32.583,30.083,25.0,45.0,0.0,,100.0,2.0,,,,0,cooldown
2026-07-07T20:35:22,pid_hot_humid_bursty_r1,pid,hot_humid,bursty,1,33.076,32.776,32.576,30.076,25.0,45.0,0.0,,100.0,2.0,,,,0,cooldown
2026-07-07T20:35:22,pid_hot_humid_bursty_r1,pid,hot_humid,bursty,1,33.07,32.77,32.57,30.07,25.0,45.0,0.0,,100.0,2.0,,,,0,cooldown
2026-07-07T20:35:22,pid_hot_humid_bursty_r1,pid,hot_humid,bursty,1,33.064,32.764,32.564,30.064,25.0,45.0,0.0,,100.0,2.0,,,,0,cooldown
2026-07-07T20:35:22,pid_hot_humid_bursty_r1,pid,hot_humid,bursty,1,33.057,32.757,32.557,30.057,25.0,45.0,0.0,,100.0,2.0,,,,0,cooldown
2026-07-07T20:35:22,pid_hot_humid_bursty_r1,pid,hot_humid,bursty,1,33.051,32.751,32.551,30.051,25.0,45.0,0.0,,100.0,2.0,,,,0,cooldown
2026-07-07T20:35:22,pid_hot_humid_bursty_r1,pid,hot_humid,bursty,1,33.045,32.745,32.545,30.045,25.0,45.0,0.0,,100.0,2.0,,,,0,cooldown
2026-07-07T20:35:22,pid_hot_humid_bursty_r1,pid,hot_humid,bursty,1,33.038,32.738,32.538,30.038,25.0,45.0,0.0,,100.0,2.0,,,,0,cooldown
2026-07-07T20:35:22,pid_hot_humid_bursty_r1,pid,hot_humid,bursty,1,33.032,32.732,32.532,30.032,25.0,45.0,0.0,,100.0,2.0,,,,0,cooldown
2026-07-07T20:35:22,pid_hot_humid_bursty_r1,pid,hot_humid,bursty,1,33.026,32.726,32.526,30.026,25.0,45.0,0.0,,100.0,2.0,,,,0,cooldown
2026-07-07T20:35:22,pid_hot_humid_bursty_r1,pid,hot_humid,bursty,1,33.019,32.719,32.519,30.019,25.0,45.0,0.0,,100.0,2.0,,,,0,cooldown
2026-07-07T20:35:22,pid_hot_humid_bursty_r1,pid,hot_humid,bursty,1,33.013,32.713,32.513,30.013,25.0,45.0,0.0,,100.0,2.0,,,,0,cooldown
2026-07-07T20:35:22,pid_hot_humid_bursty_r1,pid,hot_humid,bursty,1,33.007,32.707,32.507,30.007,25.0,45.0,0.0,,100.0,2.0,,,,0,cooldown
2026-07-07T20:35:22,pid_hot_humid_bursty_r1,pid,hot_humid,bursty,1,33.0,32.7,32.5,30.0,25.0,45.0,0.0,,100.0,2.0,,,,0,cooldown
2026-07-07T20:35:22,pid_hot_humid_bursty_r1,pid,hot_humid,bursty,1,32.994,32.694,32.494,29.994,25.0,45.0,0.0,,100.0,2.0,,,,0,cooldown
