timestamp,trial_id,controller,climate,workload,repeat,T_tank_hot,T_tank_mid,T_rad_in,T_rad_out,T_ambient,RH_ambient,heater_w_cmd,heater_w_meas,fan_pwm,fan_w,forecast_T,forecast_RH,bank_depth_cmd,water_event_flag,notes
2026-07-07T20:35:30,forecast_hot_humid_bursty_r2,forecast,hot_humid,bursty,2,31.005,30.705,30.505,28.005,25.0,45.0,60.0,,40.0,0.8,,,,0,warmup
2026-07-07T20:35:30,forecast_hot_humid_bursty_r2,forecast,hot_humid,bursty,2,31.01,30.71,30.51,28.01,25.0,45.0,60.0,,40.0,0.8,30.17,,,0,trial
2026-07-07T20:35:30,forecast_hot_humid_bursty_r2,forecast,hot_humid,bursty,2,31.013,30.713,30.513,28.013,25.0,45.0,60.0,,100.0,2.0,30.17,,,0,trial
2026-07-07T20:35:30,forecast_hot_humid_bursty_r2,forecast,hot_humid,bursty,2,31.016,30.716,30.516,28.016,25.0,45.0,60.0,,100.0,2.0,30.17,,,0,trial
2026-07-07T20:35:30,forecast_hot_humid_bursty_r2,forecast,hot_humid,bursty,2,31.02,30.72,30.52,28.02,25.0,45.0,60.0,,100.0,2.0,30.17,,,0,trial
2026-07-07T20:35:30,forecast_hot_humid_bursty_r2,forecast,hot_humid,bursty,2,31.023,30.723,30.523,28.023,25.0,45.0,60.0,,100.0,2.0,30.17,,,0,trial
2026-07-07T20:35:30,forecast_hot_humid_bursty_r2,forecast,hot_humid,bursty,2,31.026,30.726,30.526,28.026,25.0,45.0,60.0,,100.0,2.0,30.17,,,0,trial
2026-07-07T20:35:30,forecast_hot_humid_bursty_r2,forecast,hot_humid,bursty,2,31.029,30.729,30.529,28.029,25.0,45.0,60.0,,100.0,2.0,30.17,,,0,trial
2026-07-07T20:35:30,forecast_hot_humid_bursty_r2,forecast,hot_humid,bursty,2,31.032,30.732,30.532,28.032,25.0,45.0,60.0,,100.0,2.0,30.17,,,0,trial
2026-07-07T20:35:30,forecast_hot_humid_bursty_r2,forecast,hot_humid,bursty,2,31.035,30.735,30.535,28.035,25.0,45.0,60.0,,100.0,2.0,30.17,,,0,trial
2026-07-07T20:35:30,forecast_hot_humid_bursty_r2,forecast,hot_humid,bursty,2,31.038,30.738,30.538,28.038,25.0,45.0,60.0,,100.0,2.0,30.17,,,0,trial
2026-07-07T20:35:30,forecast_hot_humid_bursty_r2,forecast,hot_humid,bursty,2,31.042,30.742,30.542,28.042,25.0,45.0,60.0,,100.0,2.0,30.17,,,0,trial
2026-07-07T20:35:30,forecast_hot_humid_bursty_r2,forecast,hot_humid,bursty,2,31.045,30.745,30.545,28.045,25.0,45.0,60.0,,100.0,2.0,30.17,,,0,trial
2026-07-07T20:35:30,forecast_hot_humid_bursty_r2,forecast,hot_humid,bursty,2,31.048,30.748,30.548,28.048,25.0,45.0,60.0,,100.0,2.0,30.17,,,0,trial
2026-07-07T20:35:30,forecast_hot_humid_bursty_r2,forecast,hot_humid,bursty,2,31.051,30.751,30.551,28.051,25.0,45.0,60.0,,100.0,2.0,30.17,,,0,trial
2026-07-07T20:35:30,forecast_hot_humid_bursty_r2,forecast,hot_humid,bursty,2,31.054,30.754,30.554,28.054,25.0,45.0,60.0,,100.0,2.0,30.18,,,0,trial
2026-07-07T20:35:30,forecast_hot_humid_bursty_r2,forecast,hot_humid,bursty,2,31.057,30.757,30.557,28.057,25.0,45.0,60.0,,100.0,2.0,30.18,,,0,trial
2026-07-07T20:35:30,forecast_hot_humid_bursty_r2,forecast,hot_humid,bursty,2,31.06,30.76,30.56,28.06,25.0,45.0,60.0,,100.0,2.0,30.18,,,0,trial
2026-07-07T20:35:30,forecast_hot_humid_bursty_r2,forecast,hot_humid,bursty,2,31.063,30.763,30.563,28.063,25.0,45.0,60.0,,100.0,2.0,30.18,,,0,trial
2026-07-07T20:35:30,forecast_hot_humid_bursty_r2,forecast,hot_humid,bursty,2,31.067,30.767,30.567,28.067,25.0,45.0,60.0,,100.0,2.0,30.18,,,0,trial
2026-07-07T20:35:30,forecast_hot_humid_bursty_r2,forecast,hot_humid,bursty,2,31.07,30.77,30.57,28.07,25.0,45.0,60.0,,100.0,2.0,30.18,,,0,trial
2026-07-07T20:35:30,forecast_hot_humid_bursty_r2,forecast,hot_humid,bursty,2,31.073,30.773,30.573,28.073,25.0,45.0,60.0,,100.0,2.0,30.18,,,0,trial
2026-07-07T20:35:30,forecast_hot_humid_bursty_r2,forecast,hot_humid,bursty,2,31.076,30.776,30.576,28.076,25.0,45.0,60.0,,100.0,2.0,30.18,,,0,trial
2026-07-07T20:35:30,forecast_hot_humid_bursty_r2,forecast,hot_humid,bursty,2,31.079,30.779,30.579,28.079,25.0,45.0,60.0,,100.0,2.0,30.18,,,0,trial
2026-07-07T20:35:30,forecast_hot_humid_bursty_r2,forecast,hot_humid,bursty,2,31.082,30.782,30.582,28.082,25.0,45.0,60.0,,100.0,2.0,30.18,,,0,trial
2026-07-07T20:35:30,forecast_hot_humid_bursty_r2,forecast,hot_humid,bursty,2,31.085,30.785,30.585,28.085,25.0,45.0,60.0,,100.0,2.0,30.18,,,0,trial
2026-07-07T20:35:30,forecast_hot_humid_bursty_r2,forecast,hot_humid,bursty,2,31.088,30.788,30.588,28.088,25.0,45.0,60.0,,100.0,2.0,30.18,,,0,trial
2026-07-07T20:35:30,forecast_hot_humid_bursty_r2,forecast,hot_humid,bursty,2,31.091,30.791,30.591,28.091,25.0,45.0,60.0,,100.0,2.0,30.18,,,0,trial
2026-07-07T20:35:30,forecast_hot_humid_bursty_r2,forecast,hot_humid,bursty,2,31.094,30.794,30.594,28.094,25.0,45.0,60.0,,100.0,2.0,30.19,,,0,trial
2026-07-07T20:35:30,forecast_hot_humid_bursty_r2,forecast,hot_humid,bursty,2,31.097,30.797,30.597,28.097,25.0,45.0,60.0,,100.0,2.0,30.19,,,0,trial
2026-07-07T20:35:30,forecast_hot_humid_bursty_r2,forecast,hot_humid,bursty,2,31.101,30.801,30.601,28.101,25.0,45.0,60.0,,100.0,2.0,30.19,,,0,trial
2026-07-07T20:35:30,forecast_hot_humid_bursty_r2,forecast,hot_humid,bursty,2,31.104,30.804,30.604,28.104,25.0,45.0,60.0,,100.0,2.0,30.19,,,0,trial
2026-07-07T20:35:30,forecast_hot_humid_bursty_r2,forecast,hot_humid,bursty,2,31.107,30.807,30.607,28.107,25.0,45.0,60.0,,100.0,2.0,30.19,,,0,trial
2026-07-07T20:35:30,forecast_hot_humid_bursty_r2,forecast,hot_humid,bursty,2,31.11,30.81,30.61,28.11,25.0,45.0,60.0,,100.0,2.0,30.19,,,0,trial
2026-07-07T20:35:30,forecast_hot_humid_bursty_r2,forecast,hot_humid,bursty,2,31.113,30.813,30.613,28.113,25.0,45.0,60.0,,100.0,2.0,30.19,,,0,trial
2026-07-07T20:35:30,forecast_hot_humid_bursty_r2,forecast,hot_humid,bursty,2,31.116,30.816,30.616,28.116,25.0,45.0,60.0,,100.0,2.0,30.19,,,0,trial
2026-07-07T20:35:30,forecast_hot_humid_bursty_r2,forecast,hot_humid,bursty,2,31.119,30.819,30.619,28.119,25.0,45.0,60.0,,100.0,2.0,30.19,,,0,trial
2026-07-07T20:35:30,forecast_hot_humid_bursty_r2,forecast,hot_humid,bursty,2,31.122,30.822,30.622,28.122,25.0,45.0,60.0,,100.0,2.0,30.19,,,0,trial
2026-07-07T20:35:30,forecast_hot_humid_bursty_r2,forecast,hot_humid,bursty,2,31.125,30.825,30.625,28.125,25.0,45.0,60.0,,100.0,2.0,30.19,,,0,trial
2026-07-07T20:35:30,forecast_hot_humid_bursty_r2,forecast,hot_humid,bursty,2,31.128,30.828,30.628,28.128,25.0,45.0,60.0,,100.0,2.0,30.19,,,0,trial
2026-07-07T20:35:30,forecast_hot_humid_bursty_r2,forecast,hot_humid,bursty,2,31.131,30.831,30.631,28.131,25.0,45.0,60.0,,100.0,2.0,30.19,,,0,trial
2026-07-07T20:35:30,forecast_hot_humid_bursty_r2,forecast,hot_humid,bursty,2,31.134,30.834,30.634,28.134,25.0,45.0,60.0,,100.0,2.0,30.2,,,0,trial
2026-07-07T20:35:30,forecast_hot_humid_bursty_r2,forecast,hot_humid,bursty,2,31.137,30.837,30.637,28.137,25.0,45.0,60.0,,100.0,2.0,30.2,,,0,trial
2026-07-07T20:35:30,forecast_hot_humid_bursty_r2,forecast,hot_humid,bursty,2,31.14,30.84,30.64,28.14,25.0,45.0,60.0,,100.0,2.0,30.2,,,0,trial
2026-07-07T20:35:30,forecast_hot_humid_bursty_r2,forecast,hot_humid,bursty,2,31.143,30.843,30.643,28.143,25.0,45.0,60.0,,100.0,2.0,30.2,,,0,trial
2026-07-07T20:35:30,forecast_hot_humid_bursty_r2,forecast,hot_humid,bursty,2,31.146,30.846,30.646,28.146,25.0,45.0,60.0,,100.0,2.0,30.2,,,0,trial
2026-07-07T20:35:30,forecast_hot_humid_bursty_r2,forecast,hot_humid,bursty,2,31.15,30.85,30.65,28.15,25.0,45.0,60.0,,100.0,2.0,30.2,,,0,trial
2026-07-07T20:35:30,forecast_hot_humid_bursty_r2,forecast,hot_humid,bursty,2,31.153,30.853,30.653,28.153,25.0,45.0,60.0,,100.0,2.0,30.2,,,0,trial
2026-07-07T20:35:30,forecast_hot_humid_bursty_r2,forecast,hot_humid,bursty,2,31.156,30.856,30.656,28.156,25.0,45.0,60.0,,100.0,2.0,30.2,,,0,trial
2026-07-07T20:35:30,forecast_hot_humid_bursty_r2,forecast,hot_humid,bursty,2,31.159,30.859,30.659,28.159,25.0,45.0,60.0,,100.0,2.0,30.2,,,0,trial
2026-07-07T20:35:30,forecast_hot_humid_bursty_r2,forecast,hot_humid,bursty,2,31.162,30.862,30.662,28.162,25.0,45.0,60.0,,100.0,2.0,30.2,,,0,trial
2026-07-07T20:35:30,forecast_hot_humid_bursty_r2,forecast,hot_humid,bursty,2,31.165,30.865,30.665,28.165,25.0,45.0,60.0,,100.0,2.0,30.2,,,0,trial
2026-07-07T20:35:30,forecast_hot_humid_bursty_r2,forecast,hot_humid,bursty,2,31.168,30.868,30.668,28.168,25.0,45.0,60.0,,100.0,2.0,30.21,,,0,trial
2026-07-07T20:35:30,forecast_hot_humid_bursty_r2,forecast,hot_humid,bursty,2,31.171,30.871,30.671,28.171,25.0,45.0,60.0,,100.0,2.0,30.21,,,0,trial
2026-07-07T20:35:30,forecast_hot_humid_bursty_r2,forecast,hot_humid,bursty,2,31.174,30.874,30.674,28.174,25.0,45.0,60.0,,100.0,2.0,30.21,,,0,trial
2026-07-07T20:35:30,forecast_hot_humid_bursty_r2,forecast,hot_humid,bursty,2,31.177,30.877,30.677,28.177,25.0,45.0,60.0,,100.0,2.0,30.21,,,0,trial
2026-07-07T20:35:30,forecast_hot_humid_bursty_r2,forecast,hot_humid,bursty,2,31.18,30.88,30.68,28.18,25.0,45.0,60.0,,100.0,2.0,30.21,,,0,trial
2026-07-07T20:35:30,forecast_hot_humid_bursty_r2,forecast,hot_humid,bursty,2,31.183,30.883,30.683,28.183,25.0,45.0,60.0,,100.0,2.0,30.21,,,0,trial
2026-07-07T20:35:30,forecast_hot_humid_bursty_r2,forecast,hot_humid,bursty,2,31.186,30.886,30.686,28.186,25.0,45.0,60.0,,100.0,2.0,30.21,,,0,trial
2026-07-07T20:35:30,forecast_hot_humid_bursty_r2,forecast,hot_humid,bursty,2,31.189,30.889,30.689,28.189,25.0,45.0,60.0,,100.0,2.0,30.21,,,0,trial
2026-07-07T20:35:30,forecast_hot_humid_bursty_r2,forecast,hot_humid,bursty,2,31.192,30.892,30.692,28.192,25.0,45.0,60.0,,100.0,2.0,30.21,,,0,trial
2026-07-07T20:35:30,forecast_hot_humid_bursty_r2,forecast,hot_humid,bursty,2,31.195,30.895,30.695,28.195,25.0,45.0,60.0,,100.0,2.0,30.21,,,0,trial
2026-07-07T20:35:30,forecast_hot_humid_bursty_r2,forecast,hot_humid,bursty,2,31.198,30.898,30.698,28.198,25.0,45.0,60.0,,100.0,2.0,30.22,,,0,trial
2026-07-07T20:35:30,forecast_hot_humid_bursty_r2,forecast,hot_humid,bursty,2,31.201,30.901,30.701,28.201,25.0,45.0,60.0,,100.0,2.0,30.22,,,0,trial
2026-07-07T20:35:30,forecast_hot_humid_bursty_r2,forecast,hot_humid,bursty,2,31.204,30.904,30.704,28.204,25.0,45.0,60.0,,100.0,2.0,30.22,,,0,trial
2026-07-07T20:35:30,forecast_hot_humid_bursty_r2,forecast,hot_humid,bursty,2,31.207,30.907,30.707,28.207,25.0,45.0,60.0,,100.0,2.0,30.22,,,0,trial
2026-07-07T20:35:30,forecast_hot_humid_bursty_r2,forecast,hot_humid,bursty,2,31.21,30.91,30.71,28.21,25.0,45.0,60.0,,100.0,2.0,30.22,,,0,trial
2026-07-07T20:35:30,forecast_hot_humid_bursty_r2,forecast,hot_humid,bursty,2,31.213,30.913,30.713,28.213,25.0,45.0,60.0,,100.0,2.0,30.22,,,0,trial
2026-07-07T20:35:30,forecast_hot_humid_bursty_r2,forecast,hot_humid,bursty,2,31.216,30.916,30.716,28.216,25.0,45.0,60.0,,100.0,2.0,30.22,,,0,trial
2026-07-07T20:35:30,forecast_hot_humid_bursty_r2,forecast,hot_humid,bursty,2,31.219,30.919,30.719,28.219,25.0,45.0,60.0,,100.0,2.0,30.22,,,0,trial
2026-07-07T20:35:30,forecast_hot_humid_bursty_r2,forecast,hot_humid,bursty,2,31.222,30.922,30.722,28.222,25.0,45.0,60.0,,100.0,2.0,30.22,,,0,trial
2026-07-07T20:35:30,forecast_hot_humid_bursty_r2,forecast,hot_humid,bursty,2,31.225,30.925,30.725,28.225,25.0,45.0,60.0,,100.0,2.0,30.23,,,0,trial
2026-07-07T20:35:30,forecast_hot_humid_bursty_r2,forecast,hot_humid,bursty,2,31.228,30.928,30.728,28.228,25.0,45.0,60.0,,100.0,2.0,30.23,,,0,trial
2026-07-07T20:35:30,forecast_hot_humid_bursty_r2,forecast,hot_humid,bursty,2,31.231,30.931,30.731,28.231,25.0,45.0,60.0,,100.0,2.0,30.23,,,0,trial
2026-07-07T20:35:30,forecast_hot_humid_bursty_r2,forecast,hot_humid,bursty,2,31.234,30.934,30.734,28.234,25.0,45.0,60.0,,100.0,2.0,30.23,,,0,trial
2026-07-07T20:35:30,forecast_hot_humid_bursty_r2,forecast,hot_humid,bursty,2,31.237,30.937,30.737,28.237,25.0,45.0,60.0,,100.0,2.0,30.23,,,0,trial
2026-07-07T20:35:30,forecast_hot_humid_bursty_r2,forecast,hot_humid,bursty,2,31.24,30.94,30.74,28.24,25.0,45.0,60.0,,100.0,2.0,30.23,,,0,trial
2026-07-07T20:35:30,forecast_hot_humid_bursty_r2,forecast,hot_humid,bursty,2,31.243,30.943,30.743,28.243,25.0,45.0,60.0,,100.0,2.0,30.23,,,0,trial
2026-07-07T20:35:30,forecast_hot_humid_bursty_r2,forecast,hot_humid,bursty,2,31.246,30.946,30.746,28.246,25.0,45.0,60.0,,100.0,2.0,30.23,,,0,trial
2026-07-07T20:35:30,forecast_hot_humid_bursty_r2,forecast,hot_humid,bursty,2,31.249,30.949,30.749,28.249,25.0,45.0,60.0,,100.0,2.0,30.23,,,0,trial
2026-07-07T20:35:30,forecast_hot_humid_bursty_r2,forecast,hot_humid,bursty,2,31.252,30.952,30.752,28.252,25.0,45.0,60.0,,100.0,2.0,30.24,,,0,trial
2026-07-07T20:35:30,forecast_hot_humid_bursty_r2,forecast,hot_humid,bursty,2,31.254,30.954,30.754,28.254,25.0,45.0,60.0,,100.0,2.0,30.24,,,0,trial
2026-07-07T20:35:30,forecast_hot_humid_bursty_r2,forecast,hot_humid,bursty,2,31.257,30.957,30.757,28.257,25.0,45.0,60.0,,100.0,2.0,30.24,,,0,trial
2026-07-07T20:35:30,forecast_hot_humid_bursty_r2,forecast,hot_humid,bursty,2,31.26,30.96,30.76,28.26,25.0,45.0,60.0,,100.0,2.0,30.24,,,0,trial
2026-07-07T20:35:30,forecast_hot_humid_bursty_r2,forecast,hot_humid,bursty,2,31.263,30.963,30.763,28.263,25.0,45.0,60.0,,100.0,2.0,30.24,,,0,trial
2026-07-07T20:35:30,forecast_hot_humid_bursty_r2,forecast,hot_humid,bursty,2,31.266,30.966,30.766,28.266,25.0,45.0,60.0,,100.0,2.0,30.24,,,0,trial
2026-07-07T20:35:30,forecast_hot_humid_bursty_r2,forecast,hot_humid,bursty,2,31.269,30.969,30.769,28.269,25.0,45.0,60.0,,100.0,2.0,30.24,,,0,trial
2026-07-07T20:35:30,forecast_hot_humid_bursty_r2,forecast,hot_humid,bursty,2,31.272,30.972,30.772,28.272,25.0,45.0,60.0,,100.0,2.0,30.24,,,0,trial
2026-07-07T20:35:30,forecast_hot_humid_bursty_r2,forecast,hot_humid,bursty,2,31.275,30.975,30.775,28.275,25.0,45.0,60.0,,100.0,2.0,30.24,,,0,trial
2026-07-07T20:35:30,forecast_hot_humid_bursty_r2,forecast,hot_humid,bursty,2,31.278,30.978,30.778,28.278,25.0,45.0,60.0,,100.0,2.0,30.25,,,0,trial
2026-07-07T20:35:30,forecast_hot_humid_bursty_r2,forecast,hot_humid,bursty,2,31.281,30.981,30.781,28.281,25.0,45.0,60.0,,100.0,2.0,30.25,,,0,trial
2026-07-07T20:35:30,forecast_hot_humid_bursty_r2,forecast,hot_humid,bursty,2,31.284,30.984,30.784,28.284,25.0,45.0,60.0,,100.0,2.0,30.25,,,0,trial
2026-07-07T20:35:30,forecast_hot_humid_bursty_r2,forecast,hot_humid,bursty,2,31.287,30.987,30.787,28.287,25.0,45.0,60.0,,100.0,2.0,30.25,,,0,trial
2026-07-07T20:35:30,forecast_hot_humid_bursty_r2,forecast,hot_humid,bursty,2,31.29,30.99,30.79,28.29,25.0,45.0,60.0,,100.0,2.0,30.25,,,0,trial
2026-07-07T20:35:30,forecast_hot_humid_bursty_r2,forecast,hot_humid,bursty,2,31.293,30.993,30.793,28.293,25.0,45.0,60.0,,100.0,2.0,30.25,,,0,trial
2026-07-07T20:35:30,forecast_hot_humid_bursty_r2,forecast,hot_humid,bursty,2,31.296,30.996,30.796,28.296,25.0,45.0,60.0,,100.0,2.0,30.25,,,0,trial
2026-07-07T20:35:30,forecast_hot_humid_bursty_r2,forecast,hot_humid,bursty,2,31.299,30.999,30.799,28.299,25.0,45.0,60.0,,100.0,2.0,30.26,,,0,trial
2026-07-07T20:35:30,forecast_hot_humid_bursty_r2,forecast,hot_humid,bursty,2,31.302,31.002,30.802,28.302,25.0,45.0,60.0,,100.0,2.0,30.26,,,0,trial
2026-07-07T20:35:30,forecast_hot_humid_bursty_r2,forecast,hot_humid,bursty,2,31.304,31.004,30.804,28.304,25.0,45.0,60.0,,100.0,2.0,30.26,,,0,trial
2026-07-07T20:35:30,forecast_hot_humid_bursty_r2,forecast,hot_humid,bursty,2,31.307,31.007,30.807,28.307,25.0,45.0,60.0,,100.0,2.0,30.26,,,0,trial
2026-07-07T20:35:30,forecast_hot_humid_bursty_r2,forecast,hot_humid,bursty,2,31.31,31.01,30.81,28.31,25.0,45.0,60.0,,100.0,2.0,30.26,,,0,trial
2026-07-07T20:35:30,forecast_hot_humid_bursty_r2,forecast,hot_humid,bursty,2,31.313,31.013,30.813,28.313,25.0,45.0,60.0,,100.0,2.0,30.26,,,0,trial
2026-07-07T20:35:30,forecast_hot_humid_bursty_r2,forecast,hot_humid,bursty,2,31.316,31.016,30.816,28.316,25.0,45.0,60.0,,100.0,2.0,30.26,,,0,trial
2026-07-07T20:35:30,forecast_hot_humid_bursty_r2,forecast,hot_humid,bursty,2,31.319,31.019,30.819,28.319,25.0,45.0,60.0,,100.0,2.0,30.26,,,0,trial
2026-07-07T20:35:30,forecast_hot_humid_bursty_r2,forecast,hot_humid,bursty,2,31.322,31.022,30.822,28.322,25.0,45.0,60.0,,100.0,2.0,30.27,,,0,trial
2026-07-07T20:35:30,forecast_hot_humid_bursty_r2,forecast,hot_humid,bursty,2,31.325,31.025,30.825,28.325,25.0,45.0,60.0,,100.0,2.0,30.27,,,0,trial
2026-07-07T20:35:30,forecast_hot_humid_bursty_r2,forecast,hot_humid,bursty,2,31.328,31.028,30.828,28.328,25.0,45.0,60.0,,100.0,2.0,30.27,,,0,trial
2026-07-07T20:35:30,forecast_hot_humid_bursty_r2,forecast,hot_humid,bursty,2,31.331,31.031,30.831,28.331,25.0,45.0,60.0,,100.0,2.0,30.27,,,0,trial
2026-07-07T20:35:30,forecast_hot_humid_bursty_r2,forecast,hot_humid,bursty,2,31.334,31.034,30.834,28.334,25.0,45.0,60.0,,100.0,2.0,30.27,,,0,trial
2026-07-07T20:35:30,forecast_hot_humid_bursty_r2,forecast,hot_humid,bursty,2,31.336,31.036,30.836,28.336,25.0,45.0,60.0,,100.0,2.0,30.27,,,0,trial
2026-07-07T20:35:30,forecast_hot_humid_bursty_r2,forecast,hot_humid,bursty,2,31.339,31.039,30.839,28.339,25.0,45.0,60.0,,100.0,2.0,30.27,,,0,trial
2026-07-07T20:35:30,forecast_hot_humid_bursty_r2,forecast,hot_humid,bursty,2,31.342,31.042,30.842,28.342,25.0,45.0,60.0,,100.0,2.0,30.28,,,0,trial
2026-07-07T20:35:30,forecast_hot_humid_bursty_r2,forecast,hot_humid,bursty,2,31.345,31.045,30.845,28.345,25.0,45.0,60.0,,100.0,2.0,30.28,,,0,trial
2026-07-07T20:35:30,forecast_hot_humid_bursty_r2,forecast,hot_humid,bursty,2,31.348,31.048,30.848,28.348,25.0,45.0,60.0,,100.0,2.0,30.28,,,0,trial
2026-07-07T20:35:30,forecast_hot_humid_bursty_r2,forecast,hot_humid,bursty,2,31.351,31.051,30.851,28.351,25.0,45.0,60.0,,100.0,2.0,30.28,,,0,trial
2026-07-07T20:35:30,forecast_hot_humid_bursty_r2,forecast,hot_humid,bursty,2,31.354,31.054,30.854,28.354,25.0,45.0,60.0,,100.0,2.0,30.28,,,0,trial
2026-07-07T20:35:30,forecast_hot_humid_bursty_r2,forecast,hot_humid,bursty,2,31.357,31.057,30.857,28.357,25.0,45.0,60.0,,100.0,2.0,30.28,,,0,trial
2026-07-07T20:35:30,forecast_hot_humid_bursty_r2,forecast,hot_humid,bursty,2,31.359,31.059,30.859,28.359,25.0,45.0,60.0,,100.0,2.0,30.29,,,0,trial
2026-07-07T20:35:30,forecast_hot_humid_bursty_r2,forecast,hot_humid,bursty,2,31.362,31.062,30.862,28.362,25.0,45.0,60.0,,100.0,2.0,30.29,,,0,trial
2026-07-07T20:35:30,forecast_hot_humid_bursty_r2,forecast,hot_humid,bursty,2,31.365,31.065,30.865,28.365,25.0,45.0,60.0,,100.0,2.0,30.29,,,0,trial
2026-07-07T20:35:30,forecast_hot_humid_bursty_r2,forecast,hot_humid,bursty,2,31.368,31.068,30.868,28.368,25.0,45.0,60.0,,100.0,2.0,30.29,,,0,trial
2026-07-07T20:35:30,forecast_hot_humid_bursty_r2,forecast,hot_humid,bursty,2,31.371,31.071,30.871,28.371,25.0,45.0,60.0,,100.0,2.0,30.29,,,0,trial
2026-07-07T20:35:30,forecast_hot_humid_bursty_r2,forecast,hot_humid,bursty,2,31.374,31.074,30.874,28.374,25.0,45.0,60.0,,100.0,2.0,30.29,,,0,trial
2026-07-07T20:35:30,forecast_hot_humid_bursty_r2,forecast,hot_humid,bursty,2,31.377,31.077,30.877,28.377,25.0,45.0,60.0,,100.0,2.0,30.29,,,0,trial
2026-07-07T20:35:30,forecast_hot_humid_bursty_r2,forecast,hot_humid,bursty,2,31.38,31.08,30.88,28.38,25.0,45.0,60.0,,100.0,2.0,30.3,,,0,trial
2026-07-07T20:35:30,forecast_hot_humid_bursty_r2,forecast,hot_humid,bursty,2,31.382,31.082,30.882,28.382,25.0,45.0,60.0,,100.0,2.0,30.3,,,0,trial
2026-07-07T20:35:30,forecast_hot_humid_bursty_r2,forecast,hot_humid,bursty,2,31.385,31.085,30.885,28.385,25.0,45.0,60.0,,100.0,2.0,30.3,,,0,trial
2026-07-07T20:35:30,forecast_hot_humid_bursty_r2,forecast,hot_humid,bursty,2,31.388,31.088,30.888,28.388,25.0,45.0,60.0,,100.0,2.0,30.3,,,0,trial
2026-07-07T20:35:30,forecast_hot_humid_bursty_r2,forecast,hot_humid,bursty,2,31.391,31.091,30.891,28.391,25.0,45.0,60.0,,100.0,2.0,30.3,,,0,trial
2026-07-07T20:35:30,forecast_hot_humid_bursty_r2,forecast,hot_humid,bursty,2,31.394,31.094,30.894,28.394,25.0,45.0,60.0,,100.0,2.0,30.3,,,0,trial
2026-07-07T20:35:30,forecast_hot_humid_bursty_r2,forecast,hot_humid,bursty,2,31.397,31.097,30.897,28.397,25.0,45.0,60.0,,100.0,2.0,30.31,,,0,trial
2026-07-07T20:35:30,forecast_hot_humid_bursty_r2,forecast,hot_humid,bursty,2,31.4,31.1,30.9,28.4,25.0,45.0,60.0,,100.0,2.0,30.31,,,0,trial
2026-07-07T20:35:30,forecast_hot_humid_bursty_r2,forecast,hot_humid,bursty,2,31.402,31.102,30.902,28.402,25.0,45.0,60.0,,100.0,2.0,30.31,,,0,trial
2026-07-07T20:35:30,forecast_hot_humid_bursty_r2,forecast,hot_humid,bursty,2,31.405,31.105,30.905,28.405,25.0,45.0,60.0,,100.0,2.0,30.31,,,0,trial
2026-07-07T20:35:30,forecast_hot_humid_bursty_r2,forecast,hot_humid,bursty,2,31.408,31.108,30.908,28.408,25.0,45.0,60.0,,100.0,2.0,30.31,,,0,trial
2026-07-07T20:35:30,forecast_hot_humid_bursty_r2,forecast,hot_humid,bursty,2,31.411,31.111,30.911,28.411,25.0,45.0,60.0,,100.0,2.0,30.31,,,0,trial
2026-07-07T20:35:30,forecast_hot_humid_bursty_r2,forecast,hot_humid,bursty,2,31.414,31.114,30.914,28.414,25.0,45.0,60.0,,100.0,2.0,30.32,,,0,trial
2026-07-07T20:35:30,forecast_hot_humid_bursty_r2,forecast,hot_humid,bursty,2,31.417,31.117,30.917,28.417,25.0,45.0,60.0,,100.0,2.0,30.32,,,0,trial
2026-07-07T20:35:30,forecast_hot_humid_bursty_r2,forecast,hot_humid,bursty,2,31.419,31.119,30.919,28.419,25.0,45.0,60.0,,100.0,2.0,30.32,,,0,trial
2026-07-07T20:35:30,forecast_hot_humid_bursty_r2,forecast,hot_humid,bursty,2,31.422,31.122,30.922,28.422,25.0,45.0,60.0,,100.0,2.0,30.32,,,0,trial
2026-07-07T20:35:30,forecast_hot_humid_bursty_r2,forecast,hot_humid,bursty,2,31.425,31.125,30.925,28.425,25.0,45.0,60.0,,100.0,2.0,30.32,,,0,trial
2026-07-07T20:35:30,forecast_hot_humid_bursty_r2,forecast,hot_humid,bursty,2,31.428,31.128,30.928,28.428,25.0,45.0,60.0,,100.0,2.0,30.33,,,0,trial
2026-07-07T20:35:30,forecast_hot_humid_bursty_r2,forecast,hot_humid,bursty,2,31.431,31.131,30.931,28.431,25.0,45.0,60.0,,100.0,2.0,30.33,,,0,trial
2026-07-07T20:35:30,forecast_hot_humid_bursty_r2,forecast,hot_humid,bursty,2,31.433,31.133,30.933,28.433,25.0,45.0,60.0,,100.0,2.0,30.33,,,0,trial
2026-07-07T20:35:30,forecast_hot_humid_bursty_r2,forecast,hot_humid,bursty,2,31.436,31.136,30.936,28.436,25.0,45.0,60.0,,100.0,2.0,30.33,,,0,trial
2026-07-07T20:35:30,forecast_hot_humid_bursty_r2,forecast,hot_humid,bursty,2,31.439,31.139,30.939,28.439,25.0,45.0,60.0,,100.0,2.0,30.33,,,0,trial
2026-07-07T20:35:30,forecast_hot_humid_bursty_r2,forecast,hot_humid,bursty,2,31.442,31.142,30.942,28.442,25.0,45.0,60.0,,100.0,2.0,30.33,,,0,trial
2026-07-07T20:35:30,forecast_hot_humid_bursty_r2,forecast,hot_humid,bursty,2,31.445,31.145,30.945,28.445,25.0,45.0,60.0,,100.0,2.0,30.34,,,0,trial
2026-07-07T20:35:30,forecast_hot_humid_bursty_r2,forecast,hot_humid,bursty,2,31.448,31.148,30.948,28.448,25.0,45.0,60.0,,100.0,2.0,30.34,,,0,trial
2026-07-07T20:35:30,forecast_hot_humid_bursty_r2,forecast,hot_humid,bursty,2,31.45,31.15,30.95,28.45,25.0,45.0,60.0,,100.0,2.0,30.34,,,0,trial
2026-07-07T20:35:30,forecast_hot_humid_bursty_r2,forecast,hot_humid,bursty,2,31.453,31.153,30.953,28.453,25.0,45.0,60.0,,100.0,2.0,30.34,,,0,trial
2026-07-07T20:35:30,forecast_hot_humid_bursty_r2,forecast,hot_humid,bursty,2,31.456,31.156,30.956,28.456,25.0,45.0,60.0,,100.0,2.0,30.34,,,0,trial
2026-07-07T20:35:30,forecast_hot_humid_bursty_r2,forecast,hot_humid,bursty,2,31.459,31.159,30.959,28.459,25.0,45.0,60.0,,100.0,2.0,30.35,,,0,trial
2026-07-07T20:35:30,forecast_hot_humid_bursty_r2,forecast,hot_humid,bursty,2,31.462,31.162,30.962,28.462,25.0,45.0,60.0,,100.0,2.0,30.35,,,0,trial
2026-07-07T20:35:30,forecast_hot_humid_bursty_r2,forecast,hot_humid,bursty,2,31.464,31.164,30.964,28.464,25.0,45.0,60.0,,100.0,2.0,30.35,,,0,trial
2026-07-07T20:35:30,forecast_hot_humid_bursty_r2,forecast,hot_humid,bursty,2,31.467,31.167,30.967,28.467,25.0,45.0,60.0,,100.0,2.0,30.35,,,0,trial
2026-07-07T20:35:30,forecast_hot_humid_bursty_r2,forecast,hot_humid,bursty,2,31.47,31.17,30.97,28.47,25.0,45.0,60.0,,100.0,2.0,30.35,,,0,trial
2026-07-07T20:35:30,forecast_hot_humid_bursty_r2,forecast,hot_humid,bursty,2,31.473,31.173,30.973,28.473,25.0,45.0,60.0,,100.0,2.0,30.36,,,0,trial
2026-07-07T20:35:30,forecast_hot_humid_bursty_r2,forecast,hot_humid,bursty,2,31.475,31.175,30.975,28.475,25.0,45.0,60.0,,100.0,2.0,30.36,,,0,trial
2026-07-07T20:35:30,forecast_hot_humid_bursty_r2,forecast,hot_humid,bursty,2,31.478,31.178,30.978,28.478,25.0,45.0,60.0,,100.0,2.0,30.36,,,0,trial
2026-07-07T20:35:30,forecast_hot_humid_bursty_r2,forecast,hot_humid,bursty,2,31.481,31.181,30.981,28.481,25.0,45.0,60.0,,100.0,2.0,30.36,,,0,trial
2026-07-07T20:35:30,forecast_hot_humid_bursty_r2,forecast,hot_humid,bursty,2,31.484,31.184,30.984,28.484,25.0,45.0,60.0,,100.0,2.0,30.36,,,0,trial
2026-07-07T20:35:30,forecast_hot_humid_bursty_r2,forecast,hot_humid,bursty,2,31.487,31.187,30.987,28.487,25.0,45.0,60.0,,100.0,2.0,30.37,,,0,trial
2026-07-07T20:35:30,forecast_hot_humid_bursty_r2,forecast,hot_humid,bursty,2,31.489,31.189,30.989,28.489,25.0,45.0,60.0,,100.0,2.0,30.37,,,0,trial
2026-07-07T20:35:30,forecast_hot_humid_bursty_r2,forecast,hot_humid,bursty,2,31.492,31.192,30.992,28.492,25.0,45.0,60.0,,100.0,2.0,30.37,,,0,trial
2026-07-07T20:35:30,forecast_hot_humid_bursty_r2,forecast,hot_humid,bursty,2,31.495,31.195,30.995,28.495,25.0,45.0,60.0,,100.0,2.0,30.37,,,0,trial
2026-07-07T20:35:30,forecast_hot_humid_bursty_r2,forecast,hot_humid,bursty,2,31.498,31.198,30.998,28.498,25.0,45.0,60.0,,100.0,2.0,30.38,,,0,trial
2026-07-07T20:35:30,forecast_hot_humid_bursty_r2,forecast,hot_humid,bursty,2,31.5,31.2,31.0,28.5,25.0,45.0,60.0,,100.0,2.0,30.38,,,0,trial
2026-07-07T20:35:30,forecast_hot_humid_bursty_r2,forecast,hot_humid,bursty,2,31.503,31.203,31.003,28.503,25.0,45.0,60.0,,100.0,2.0,30.38,,,0,trial
2026-07-07T20:35:30,forecast_hot_humid_bursty_r2,forecast,hot_humid,bursty,2,31.506,31.206,31.006,28.506,25.0,45.0,60.0,,100.0,2.0,30.38,,,0,trial
2026-07-07T20:35:30,forecast_hot_humid_bursty_r2,forecast,hot_humid,bursty,2,31.509,31.209,31.009,28.509,25.0,45.0,60.0,,100.0,2.0,30.38,,,0,trial
2026-07-07T20:35:30,forecast_hot_humid_bursty_r2,forecast,hot_humid,bursty,2,31.511,31.211,31.011,28.511,25.0,45.0,60.0,,100.0,2.0,30.39,,,0,trial
2026-07-07T20:35:30,forecast_hot_humid_bursty_r2,forecast,hot_humid,bursty,2,31.514,31.214,31.014,28.514,25.0,45.0,60.0,,100.0,2.0,30.39,,,0,trial
2026-07-07T20:35:30,forecast_hot_humid_bursty_r2,forecast,hot_humid,bursty,2,31.517,31.217,31.017,28.517,25.0,45.0,60.0,,100.0,2.0,30.39,,,0,trial
2026-07-07T20:35:30,forecast_hot_humid_bursty_r2,forecast,hot_humid,bursty,2,31.52,31.22,31.02,28.52,25.0,45.0,60.0,,100.0,2.0,30.39,,,0,trial
2026-07-07T20:35:30,forecast_hot_humid_bursty_r2,forecast,hot_humid,bursty,2,31.522,31.222,31.022,28.522,25.0,45.0,60.0,,100.0,2.0,30.4,,,0,trial
2026-07-07T20:35:30,forecast_hot_humid_bursty_r2,forecast,hot_humid,bursty,2,31.525,31.225,31.025,28.525,25.0,45.0,60.0,,100.0,2.0,30.4,,,0,trial
2026-07-07T20:35:30,forecast_hot_humid_bursty_r2,forecast,hot_humid,bursty,2,31.528,31.228,31.028,28.528,25.0,45.0,60.0,,100.0,2.0,30.4,,,0,trial
2026-07-07T20:35:30,forecast_hot_humid_bursty_r2,forecast,hot_humid,bursty,2,31.531,31.231,31.031,28.531,25.0,45.0,60.0,,100.0,2.0,30.4,,,0,trial
2026-07-07T20:35:30,forecast_hot_humid_bursty_r2,forecast,hot_humid,bursty,2,31.533,31.233,31.033,28.533,25.0,45.0,60.0,,100.0,2.0,30.4,,,0,trial
2026-07-07T20:35:30,forecast_hot_humid_bursty_r2,forecast,hot_humid,bursty,2,31.536,31.236,31.036,28.536,25.0,45.0,60.0,,100.0,2.0,30.41,,,0,trial
2026-07-07T20:35:30,forecast_hot_humid_bursty_r2,forecast,hot_humid,bursty,2,31.539,31.239,31.039,28.539,25.0,45.0,60.0,,100.0,2.0,30.41,,,0,trial
2026-07-07T20:35:30,forecast_hot_humid_bursty_r2,forecast,hot_humid,bursty,2,31.542,31.242,31.042,28.542,25.0,45.0,60.0,,100.0,2.0,30.41,,,0,trial
2026-07-07T20:35:30,forecast_hot_humid_bursty_r2,forecast,hot_humid,bursty,2,31.544,31.244,31.044,28.544,25.0,45.0,60.0,,100.0,2.0,30.41,,,0,trial
2026-07-07T20:35:30,forecast_hot_humid_bursty_r2,forecast,hot_humid,bursty,2,31.547,31.247,31.047,28.547,25.0,45.0,60.0,,100.0,2.0,30.42,,,0,trial
2026-07-07T20:35:30,forecast_hot_humid_bursty_r2,forecast,hot_humid,bursty,2,31.55,31.25,31.05,28.55,25.0,45.0,60.0,,100.0,2.0,30.42,,,0,trial
2026-07-07T20:35:30,forecast_hot_humid_bursty_r2,forecast,hot_humid,bursty,2,31.553,31.253,31.053,28.553,25.0,45.0,60.0,,100.0,2.0,30.42,,,0,trial
2026-07-07T20:35:30,forecast_hot_humid_bursty_r2,forecast,hot_humid,bursty,2,31.555,31.255,31.055,28.555,25.0,45.0,60.0,,100.0,2.0,30.42,,,0,trial
2026-07-07T20:35:30,forecast_hot_humid_bursty_r2,forecast,hot_humid,bursty,2,31.558,31.258,31.058,28.558,25.0,45.0,60.0,,100.0,2.0,30.43,,,0,trial
2026-07-07T20:35:30,forecast_hot_humid_bursty_r2,forecast,hot_humid,bursty,2,31.561,31.261,31.061,28.561,25.0,45.0,60.0,,100.0,2.0,30.43,,,0,trial
2026-07-07T20:35:30,forecast_hot_humid_bursty_r2,forecast,hot_humid,bursty,2,31.563,31.263,31.063,28.563,25.0,45.0,60.0,,100.0,2.0,30.43,,,0,trial
2026-07-07T20:35:30,forecast_hot_humid_bursty_r2,forecast,hot_humid,bursty,2,31.566,31.266,31.066,28.566,25.0,45.0,60.0,,100.0,2.0,30.43,,,0,trial
2026-07-07T20:35:30,forecast_hot_humid_bursty_r2,forecast,hot_humid,bursty,2,31.569,31.269,31.069,28.569,25.0,45.0,60.0,,100.0,2.0,30.44,,,0,trial
2026-07-07T20:35:30,forecast_hot_humid_bursty_r2,forecast,hot_humid,bursty,2,31.572,31.272,31.072,28.572,25.0,45.0,60.0,,100.0,2.0,30.44,,,0,trial
2026-07-07T20:35:30,forecast_hot_humid_bursty_r2,forecast,hot_humid,bursty,2,31.574,31.274,31.074,28.574,25.0,45.0,60.0,,100.0,2.0,30.44,,,0,trial
2026-07-07T20:35:30,forecast_hot_humid_bursty_r2,forecast,hot_humid,bursty,2,31.577,31.277,31.077,28.577,25.0,45.0,60.0,,100.0,2.0,30.44,,,0,trial
2026-07-07T20:35:30,forecast_hot_humid_bursty_r2,forecast,hot_humid,bursty,2,31.58,31.28,31.08,28.58,25.0,45.0,60.0,,100.0,2.0,30.45,,,0,trial
2026-07-07T20:35:30,forecast_hot_humid_bursty_r2,forecast,hot_humid,bursty,2,31.582,31.282,31.082,28.582,25.0,45.0,60.0,,100.0,2.0,30.45,,,0,trial
2026-07-07T20:35:30,forecast_hot_humid_bursty_r2,forecast,hot_humid,bursty,2,31.585,31.285,31.085,28.585,25.0,45.0,60.0,,100.0,2.0,30.45,,,0,trial
2026-07-07T20:35:30,forecast_hot_humid_bursty_r2,forecast,hot_humid,bursty,2,31.588,31.288,31.088,28.588,25.0,45.0,60.0,,100.0,2.0,30.45,,,0,trial
2026-07-07T20:35:30,forecast_hot_humid_bursty_r2,forecast,hot_humid,bursty,2,31.59,31.29,31.09,28.59,25.0,45.0,60.0,,100.0,2.0,30.46,,,0,trial
2026-07-07T20:35:30,forecast_hot_humid_bursty_r2,forecast,hot_humid,bursty,2,31.593,31.293,31.093,28.593,25.0,45.0,60.0,,100.0,2.0,30.46,,,0,trial
2026-07-07T20:35:30,forecast_hot_humid_bursty_r2,forecast,hot_humid,bursty,2,31.596,31.296,31.096,28.596,25.0,45.0,60.0,,100.0,2.0,30.46,,,0,trial
2026-07-07T20:35:30,forecast_hot_humid_bursty_r2,forecast,hot_humid,bursty,2,31.599,31.299,31.099,28.599,25.0,45.0,60.0,,100.0,2.0,30.47,,,0,trial
2026-07-07T20:35:30,forecast_hot_humid_bursty_r2,forecast,hot_humid,bursty,2,31.601,31.301,31.101,28.601,25.0,45.0,60.0,,100.0,2.0,30.47,,,0,trial
2026-07-07T20:35:30,forecast_hot_humid_bursty_r2,forecast,hot_humid,bursty,2,31.604,31.304,31.104,28.604,25.0,45.0,60.0,,100.0,2.0,30.47,,,0,trial
2026-07-07T20:35:30,forecast_hot_humid_bursty_r2,forecast,hot_humid,bursty,2,31.607,31.307,31.107,28.607,25.0,45.0,60.0,,100.0,2.0,30.47,,,0,trial
2026-07-07T20:35:30,forecast_hot_humid_bursty_r2,forecast,hot_humid,bursty,2,31.609,31.309,31.109,28.609,25.0,45.0,60.0,,100.0,2.0,30.48,,,0,trial
2026-07-07T20:35:30,forecast_hot_humid_bursty_r2,forecast,hot_humid,bursty,2,31.612,31.312,31.112,28.612,25.0,45.0,60.0,,100.0,2.0,30.48,,,0,trial
2026-07-07T20:35:30,forecast_hot_humid_bursty_r2,forecast,hot_humid,bursty,2,31.615,31.315,31.115,28.615,25.0,45.0,60.0,,100.0,2.0,30.48,,,0,trial
2026-07-07T20:35:30,forecast_hot_humid_bursty_r2,forecast,hot_humid,bursty,2,31.617,31.317,31.117,28.617,25.0,45.0,60.0,,100.0,2.0,30.49,,,0,trial
2026-07-07T20:35:30,forecast_hot_humid_bursty_r2,forecast,hot_humid,bursty,2,31.62,31.32,31.12,28.62,25.0,45.0,60.0,,100.0,2.0,30.49,,,0,trial
2026-07-07T20:35:30,forecast_hot_humid_bursty_r2,forecast,hot_humid,bursty,2,31.623,31.323,31.123,28.623,25.0,45.0,60.0,,100.0,2.0,30.49,,,0,trial
2026-07-07T20:35:30,forecast_hot_humid_bursty_r2,forecast,hot_humid,bursty,2,31.625,31.325,31.125,28.625,25.0,45.0,60.0,,100.0,2.0,30.49,,,0,trial
2026-07-07T20:35:30,forecast_hot_humid_bursty_r2,forecast,hot_humid,bursty,2,31.628,31.328,31.128,28.628,25.0,45.0,60.0,,100.0,2.0,30.5,,,0,trial
2026-07-07T20:35:30,forecast_hot_humid_bursty_r2,forecast,hot_humid,bursty,2,31.631,31.331,31.131,28.631,25.0,45.0,60.0,,100.0,2.0,30.5,,,0,trial
2026-07-07T20:35:30,forecast_hot_humid_bursty_r2,forecast,hot_humid,bursty,2,31.633,31.333,31.133,28.633,25.0,45.0,60.0,,100.0,2.0,30.5,,,0,trial
2026-07-07T20:35:30,forecast_hot_humid_bursty_r2,forecast,hot_humid,bursty,2,31.636,31.336,31.136,28.636,25.0,45.0,60.0,,100.0,2.0,30.51,,,0,trial
2026-07-07T20:35:30,forecast_hot_humid_bursty_r2,forecast,hot_humid,bursty,2,31.639,31.339,31.139,28.639,25.0,45.0,60.0,,100.0,2.0,30.51,,,0,trial
2026-07-07T20:35:30,forecast_hot_humid_bursty_r2,forecast,hot_humid,bursty,2,31.641,31.341,31.141,28.641,25.0,45.0,60.0,,100.0,2.0,30.51,,,0,trial
2026-07-07T20:35:30,forecast_hot_humid_bursty_r2,forecast,hot_humid,bursty,2,31.644,31.344,31.144,28.644,25.0,45.0,60.0,,100.0,2.0,30.51,,,0,trial
2026-07-07T20:35:30,forecast_hot_humid_bursty_r2,forecast,hot_humid,bursty,2,31.647,31.347,31.147,28.647,25.0,45.0,60.0,,100.0,2.0,30.52,,,0,trial
2026-07-07T20:35:30,forecast_hot_humid_bursty_r2,forecast,hot_humid,bursty,2,31.649,31.349,31.149,28.649,25.0,45.0,60.0,,100.0,2.0,30.52,,,0,trial
2026-07-07T20:35:30,forecast_hot_humid_bursty_r2,forecast,hot_humid,bursty,2,31.652,31.352,31.152,28.652,25.0,45.0,60.0,,100.0,2.0,30.52,,,0,trial
2026-07-07T20:35:30,forecast_hot_humid_bursty_r2,forecast,hot_humid,bursty,2,31.654,31.354,31.154,28.654,25.0,45.0,60.0,,100.0,2.0,30.53,,,0,trial
2026-07-07T20:35:30,forecast_hot_humid_bursty_r2,forecast,hot_humid,bursty,2,31.657,31.357,31.157,28.657,25.0,45.0,60.0,,100.0,2.0,30.53,,,0,trial
2026-07-07T20:35:30,forecast_hot_humid_bursty_r2,forecast,hot_humid,bursty,2,31.66,31.36,31.16,28.66,25.0,45.0,60.0,,100.0,2.0,30.53,,,0,trial
2026-07-07T20:35:30,forecast_hot_humid_bursty_r2,forecast,hot_humid,bursty,2,31.662,31.362,31.162,28.662,25.0,45.0,60.0,,100.0,2.0,30.54,,,0,trial
2026-07-07T20:35:30,forecast_hot_humid_bursty_r2,forecast,hot_humid,bursty,2,31.665,31.365,31.165,28.665,25.0,45.0,60.0,,100.0,2.0,30.54,,,0,trial
2026-07-07T20:35:30,forecast_hot_humid_bursty_r2,forecast,hot_humid,bursty,2,31.668,31.368,31.168,28.668,25.0,45.0,60.0,,100.0,2.0,30.54,,,0,trial
2026-07-07T20:35:30,forecast_hot_humid_bursty_r2,forecast,hot_humid,bursty,2,31.67,31.37,31.17,28.67,25.0,45.0,60.0,,100.0,2.0,30.55,,,0,trial
2026-07-07T20:35:30,forecast_hot_humid_bursty_r2,forecast,hot_humid,bursty,2,31.673,31.373,31.173,28.673,25.0,45.0,60.0,,100.0,2.0,30.55,,,0,trial
2026-07-07T20:35:30,forecast_hot_humid_bursty_r2,forecast,hot_humid,bursty,2,31.676,31.376,31.176,28.676,25.0,45.0,60.0,,100.0,2.0,30.55,,,0,trial
2026-07-07T20:35:30,forecast_hot_humid_bursty_r2,forecast,hot_humid,bursty,2,31.678,31.378,31.178,28.678,25.0,45.0,60.0,,100.0,2.0,30.56,,,0,trial
2026-07-07T20:35:30,forecast_hot_humid_bursty_r2,forecast,hot_humid,bursty,2,31.681,31.381,31.181,28.681,25.0,45.0,60.0,,100.0,2.0,30.56,,,0,trial
2026-07-07T20:35:30,forecast_hot_humid_bursty_r2,forecast,hot_humid,bursty,2,31.683,31.383,31.183,28.683,25.0,45.0,60.0,,100.0,2.0,30.56,,,0,trial
2026-07-07T20:35:30,forecast_hot_humid_bursty_r2,forecast,hot_humid,bursty,2,31.686,31.386,31.186,28.686,25.0,45.0,60.0,,100.0,2.0,30.57,,,0,trial
2026-07-07T20:35:30,forecast_hot_humid_bursty_r2,forecast,hot_humid,bursty,2,31.689,31.389,31.189,28.689,25.0,45.0,60.0,,100.0,2.0,30.57,,,0,trial
2026-07-07T20:35:30,forecast_hot_humid_bursty_r2,forecast,hot_humid,bursty,2,31.691,31.391,31.191,28.691,25.0,45.0,60.0,,100.0,2.0,30.57,,,0,trial
2026-07-07T20:35:30,forecast_hot_humid_bursty_r2,forecast,hot_humid,bursty,2,31.694,31.394,31.194,28.694,25.0,45.0,60.0,,100.0,2.0,30.58,,,0,trial
2026-07-07T20:35:30,forecast_hot_humid_bursty_r2,forecast,hot_humid,bursty,2,31.697,31.397,31.197,28.697,25.0,45.0,60.0,,100.0,2.0,30.58,,,0,trial
2026-07-07T20:35:30,forecast_hot_humid_bursty_r2,forecast,hot_humid,bursty,2,31.71,31.41,31.21,28.71,25.0,45.0,140.0,,100.0,2.0,30.58,,,0,trial
2026-07-07T20:35:30,forecast_hot_humid_bursty_r2,forecast,hot_humid,bursty,2,31.723,31.423,31.223,28.723,25.0,45.0,140.0,,100.0,2.0,30.59,,,0,trial
2026-07-07T20:35:30,forecast_hot_humid_bursty_r2,forecast,hot_humid,bursty,2,31.736,31.436,31.236,28.736,25.0,45.0,140.0,,100.0,2.0,30.59,,,0,trial
2026-07-07T20:35:30,forecast_hot_humid_bursty_r2,forecast,hot_humid,bursty,2,31.749,31.449,31.249,28.749,25.0,45.0,140.0,,100.0,2.0,30.59,,,0,trial
2026-07-07T20:35:30,forecast_hot_humid_bursty_r2,forecast,hot_humid,bursty,2,31.762,31.462,31.262,28.762,25.0,45.0,140.0,,100.0,2.0,30.6,,,0,trial
2026-07-07T20:35:30,forecast_hot_humid_bursty_r2,forecast,hot_humid,bursty,2,31.775,31.475,31.275,28.775,25.0,45.0,140.0,,100.0,2.0,30.6,,,0,trial
2026-07-07T20:35:30,forecast_hot_humid_bursty_r2,forecast,hot_humid,bursty,2,31.788,31.488,31.288,28.788,25.0,45.0,140.0,,100.0,2.0,30.6,,,0,trial
2026-07-07T20:35:30,forecast_hot_humid_bursty_r2,forecast,hot_humid,bursty,2,31.801,31.501,31.301,28.801,25.0,45.0,140.0,,100.0,2.0,30.61,,,0,trial
2026-07-07T20:35:30,forecast_hot_humid_bursty_r2,forecast,hot_humid,bursty,2,31.814,31.514,31.314,28.814,25.0,45.0,140.0,,100.0,2.0,30.61,,,0,trial
2026-07-07T20:35:30,forecast_hot_humid_bursty_r2,forecast,hot_humid,bursty,2,31.827,31.527,31.327,28.827,25.0,45.0,140.0,,100.0,2.0,30.61,,,0,trial
2026-07-07T20:35:30,forecast_hot_humid_bursty_r2,forecast,hot_humid,bursty,2,31.84,31.54,31.34,28.84,25.0,45.0,140.0,,100.0,2.0,30.62,,,0,trial
2026-07-07T20:35:30,forecast_hot_humid_bursty_r2,forecast,hot_humid,bursty,2,31.853,31.553,31.353,28.853,25.0,45.0,140.0,,100.0,2.0,30.62,,,0,trial
2026-07-07T20:35:30,forecast_hot_humid_bursty_r2,forecast,hot_humid,bursty,2,31.866,31.566,31.366,28.866,25.0,45.0,140.0,,100.0,2.0,30.63,,,0,trial
2026-07-07T20:35:30,forecast_hot_humid_bursty_r2,forecast,hot_humid,bursty,2,31.879,31.579,31.379,28.879,25.0,45.0,140.0,,100.0,2.0,30.63,,,0,trial
2026-07-07T20:35:30,forecast_hot_humid_bursty_r2,forecast,hot_humid,bursty,2,31.892,31.592,31.392,28.892,25.0,45.0,140.0,,100.0,2.0,30.63,,,0,trial
2026-07-07T20:35:30,forecast_hot_humid_bursty_r2,forecast,hot_humid,bursty,2,31.905,31.605,31.405,28.905,25.0,45.0,140.0,,100.0,2.0,30.64,,,0,trial
2026-07-07T20:35:30,forecast_hot_humid_bursty_r2,forecast,hot_humid,bursty,2,31.918,31.618,31.418,28.918,25.0,45.0,140.0,,100.0,2.0,30.64,,,0,trial
2026-07-07T20:35:30,forecast_hot_humid_bursty_r2,forecast,hot_humid,bursty,2,31.931,31.631,31.431,28.931,25.0,45.0,140.0,,100.0,2.0,30.64,,,0,trial
2026-07-07T20:35:30,forecast_hot_humid_bursty_r2,forecast,hot_humid,bursty,2,31.944,31.644,31.444,28.944,25.0,45.0,140.0,,100.0,2.0,30.65,,,0,trial
2026-07-07T20:35:30,forecast_hot_humid_bursty_r2,forecast,hot_humid,bursty,2,31.957,31.657,31.457,28.957,25.0,45.0,140.0,,100.0,2.0,30.65,,,0,trial
2026-07-07T20:35:30,forecast_hot_humid_bursty_r2,forecast,hot_humid,bursty,2,31.97,31.67,31.47,28.97,25.0,45.0,140.0,,100.0,2.0,30.66,,,0,trial
2026-07-07T20:35:30,forecast_hot_humid_bursty_r2,forecast,hot_humid,bursty,2,31.983,31.683,31.483,28.983,25.0,45.0,140.0,,100.0,2.0,30.66,,,0,trial
2026-07-07T20:35:30,forecast_hot_humid_bursty_r2,forecast,hot_humid,bursty,2,31.996,31.696,31.496,28.996,25.0,45.0,140.0,,100.0,2.0,30.66,,,0,trial
2026-07-07T20:35:30,forecast_hot_humid_bursty_r2,forecast,hot_humid,bursty,2,32.009,31.709,31.509,29.009,25.0,45.0,140.0,,100.0,2.0,30.67,,,0,trial
2026-07-07T20:35:30,forecast_hot_humid_bursty_r2,forecast,hot_humid,bursty,2,32.022,31.722,31.522,29.022,25.0,45.0,140.0,,100.0,2.0,30.67,,,0,trial
2026-07-07T20:35:30,forecast_hot_humid_bursty_r2,forecast,hot_humid,bursty,2,32.035,31.735,31.535,29.035,25.0,45.0,140.0,,100.0,2.0,30.68,,,0,trial
2026-07-07T20:35:30,forecast_hot_humid_bursty_r2,forecast,hot_humid,bursty,2,32.048,31.748,31.548,29.048,25.0,45.0,140.0,,100.0,2.0,30.68,,,0,trial
2026-07-07T20:35:30,forecast_hot_humid_bursty_r2,forecast,hot_humid,bursty,2,32.06,31.76,31.56,29.06,25.0,45.0,140.0,,100.0,2.0,30.68,,,0,trial
2026-07-07T20:35:30,forecast_hot_humid_bursty_r2,forecast,hot_humid,bursty,2,32.073,31.773,31.573,29.073,25.0,45.0,140.0,,100.0,2.0,30.69,,,0,trial
2026-07-07T20:35:30,forecast_hot_humid_bursty_r2,forecast,hot_humid,bursty,2,32.086,31.786,31.586,29.086,25.0,45.0,140.0,,100.0,2.0,30.69,,,0,trial
2026-07-07T20:35:30,forecast_hot_humid_bursty_r2,forecast,hot_humid,bursty,2,32.099,31.799,31.599,29.099,25.0,45.0,140.0,,100.0,2.0,30.7,,,0,trial
2026-07-07T20:35:30,forecast_hot_humid_bursty_r2,forecast,hot_humid,bursty,2,32.112,31.812,31.612,29.112,25.0,45.0,140.0,,100.0,2.0,30.7,,,0,trial
2026-07-07T20:35:30,forecast_hot_humid_bursty_r2,forecast,hot_humid,bursty,2,32.125,31.825,31.625,29.125,25.0,45.0,140.0,,100.0,2.0,30.7,,,0,trial
2026-07-07T20:35:30,forecast_hot_humid_bursty_r2,forecast,hot_humid,bursty,2,32.137,31.837,31.637,29.137,25.0,45.0,140.0,,100.0,2.0,30.71,,,0,trial
2026-07-07T20:35:30,forecast_hot_humid_bursty_r2,forecast,hot_humid,bursty,2,32.15,31.85,31.65,29.15,25.0,45.0,140.0,,100.0,2.0,30.71,,,0,trial
2026-07-07T20:35:30,forecast_hot_humid_bursty_r2,forecast,hot_humid,bursty,2,32.163,31.863,31.663,29.163,25.0,45.0,140.0,,100.0,2.0,30.72,,,0,trial
2026-07-07T20:35:30,forecast_hot_humid_bursty_r2,forecast,hot_humid,bursty,2,32.176,31.876,31.676,29.176,25.0,45.0,140.0,,100.0,2.0,30.72,,,0,trial
2026-07-07T20:35:30,forecast_hot_humid_bursty_r2,forecast,hot_humid,bursty,2,32.188,31.888,31.688,29.188,25.0,45.0,140.0,,100.0,2.0,30.72,,,0,trial
2026-07-07T20:35:30,forecast_hot_humid_bursty_r2,forecast,hot_humid,bursty,2,32.201,31.901,31.701,29.201,25.0,45.0,140.0,,100.0,2.0,30.73,,,0,trial
2026-07-07T20:35:30,forecast_hot_humid_bursty_r2,forecast,hot_humid,bursty,2,32.214,31.914,31.714,29.214,25.0,45.0,140.0,,100.0,2.0,30.73,,,0,trial
2026-07-07T20:35:30,forecast_hot_humid_bursty_r2,forecast,hot_humid,bursty,2,32.227,31.927,31.727,29.227,25.0,45.0,140.0,,100.0,2.0,30.74,,,0,trial
2026-07-07T20:35:30,forecast_hot_humid_bursty_r2,forecast,hot_humid,bursty,2,32.239,31.939,31.739,29.239,25.0,45.0,140.0,,100.0,2.0,30.74,,,0,trial
2026-07-07T20:35:30,forecast_hot_humid_bursty_r2,forecast,hot_humid,bursty,2,32.252,31.952,31.752,29.252,25.0,45.0,140.0,,100.0,2.0,30.75,,,0,trial
2026-07-07T20:35:30,forecast_hot_humid_bursty_r2,forecast,hot_humid,bursty,2,32.265,31.965,31.765,29.265,25.0,45.0,140.0,,100.0,2.0,30.75,,,0,trial
2026-07-07T20:35:30,forecast_hot_humid_bursty_r2,forecast,hot_humid,bursty,2,32.277,31.977,31.777,29.277,25.0,45.0,140.0,,100.0,2.0,30.75,,,0,trial
2026-07-07T20:35:30,forecast_hot_humid_bursty_r2,forecast,hot_humid,bursty,2,32.29,31.99,31.79,29.29,25.0,45.0,140.0,,100.0,2.0,30.76,,,0,trial
2026-07-07T20:35:30,forecast_hot_humid_bursty_r2,forecast,hot_humid,bursty,2,32.303,32.003,31.803,29.303,25.0,45.0,140.0,,100.0,2.0,30.76,,,0,trial
2026-07-07T20:35:30,forecast_hot_humid_bursty_r2,forecast,hot_humid,bursty,2,32.315,32.015,31.815,29.315,25.0,45.0,140.0,,100.0,2.0,30.77,,,0,trial
2026-07-07T20:35:30,forecast_hot_humid_bursty_r2,forecast,hot_humid,bursty,2,32.328,32.028,31.828,29.328,25.0,45.0,140.0,,100.0,2.0,30.77,,,0,trial
2026-07-07T20:35:30,forecast_hot_humid_bursty_r2,forecast,hot_humid,bursty,2,32.341,32.041,31.841,29.341,25.0,45.0,140.0,,100.0,2.0,30.78,,,0,trial
2026-07-07T20:35:30,forecast_hot_humid_bursty_r2,forecast,hot_humid,bursty,2,32.353,32.053,31.853,29.353,25.0,45.0,140.0,,100.0,2.0,30.78,,,0,trial
2026-07-07T20:35:30,forecast_hot_humid_bursty_r2,forecast,hot_humid,bursty,2,32.366,32.066,31.866,29.366,25.0,45.0,140.0,,100.0,2.0,30.79,,,0,trial
2026-07-07T20:35:30,forecast_hot_humid_bursty_r2,forecast,hot_humid,bursty,2,32.379,32.079,31.879,29.379,25.0,45.0,140.0,,100.0,2.0,30.79,,,0,trial
2026-07-07T20:35:30,forecast_hot_humid_bursty_r2,forecast,hot_humid,bursty,2,32.391,32.091,31.891,29.391,25.0,45.0,140.0,,100.0,2.0,30.79,,,0,trial
2026-07-07T20:35:30,forecast_hot_humid_bursty_r2,forecast,hot_humid,bursty,2,32.404,32.104,31.904,29.404,25.0,45.0,140.0,,100.0,2.0,30.8,,,0,trial
2026-07-07T20:35:30,forecast_hot_humid_bursty_r2,forecast,hot_humid,bursty,2,32.416,32.116,31.916,29.416,25.0,45.0,140.0,,100.0,2.0,30.8,,,0,trial
2026-07-07T20:35:30,forecast_hot_humid_bursty_r2,forecast,hot_humid,bursty,2,32.429,32.129,31.929,29.429,25.0,45.0,140.0,,100.0,2.0,30.81,,,0,trial
2026-07-07T20:35:30,forecast_hot_humid_bursty_r2,forecast,hot_humid,bursty,2,32.441,32.141,31.941,29.441,25.0,45.0,140.0,,100.0,2.0,30.81,,,0,trial
2026-07-07T20:35:30,forecast_hot_humid_bursty_r2,forecast,hot_humid,bursty,2,32.454,32.154,31.954,29.454,25.0,45.0,140.0,,100.0,2.0,30.82,,,0,trial
2026-07-07T20:35:30,forecast_hot_humid_bursty_r2,forecast,hot_humid,bursty,2,32.466,32.166,31.966,29.466,25.0,45.0,140.0,,100.0,2.0,30.82,,,0,trial
2026-07-07T20:35:30,forecast_hot_humid_bursty_r2,forecast,hot_humid,bursty,2,32.479,32.179,31.979,29.479,25.0,45.0,140.0,,100.0,2.0,30.83,,,0,trial
2026-07-07T20:35:30,forecast_hot_humid_bursty_r2,forecast,hot_humid,bursty,2,32.492,32.192,31.992,29.492,25.0,45.0,140.0,,100.0,2.0,30.83,,,0,trial
2026-07-07T20:35:30,forecast_hot_humid_bursty_r2,forecast,hot_humid,bursty,2,32.504,32.204,32.004,29.504,25.0,45.0,140.0,,100.0,2.0,30.84,,,0,trial
2026-07-07T20:35:30,forecast_hot_humid_bursty_r2,forecast,hot_humid,bursty,2,32.517,32.217,32.017,29.517,25.0,45.0,140.0,,100.0,2.0,30.84,,,0,trial
2026-07-07T20:35:30,forecast_hot_humid_bursty_r2,forecast,hot_humid,bursty,2,32.529,32.229,32.029,29.529,25.0,45.0,140.0,,100.0,2.0,30.85,,,0,trial
2026-07-07T20:35:30,forecast_hot_humid_bursty_r2,forecast,hot_humid,bursty,2,32.541,32.241,32.041,29.541,25.0,45.0,140.0,,100.0,2.0,30.85,,,0,trial
2026-07-07T20:35:30,forecast_hot_humid_bursty_r2,forecast,hot_humid,bursty,2,32.554,32.254,32.054,29.554,25.0,45.0,140.0,,100.0,2.0,30.86,,,0,trial
2026-07-07T20:35:30,forecast_hot_humid_bursty_r2,forecast,hot_humid,bursty,2,32.566,32.266,32.066,29.566,25.0,45.0,140.0,,100.0,2.0,30.86,,,0,trial
2026-07-07T20:35:30,forecast_hot_humid_bursty_r2,forecast,hot_humid,bursty,2,32.579,32.279,32.079,29.579,25.0,45.0,140.0,,100.0,2.0,30.87,,,0,trial
2026-07-07T20:35:30,forecast_hot_humid_bursty_r2,forecast,hot_humid,bursty,2,32.591,32.291,32.091,29.591,25.0,45.0,140.0,,100.0,2.0,30.87,,,0,trial
2026-07-07T20:35:30,forecast_hot_humid_bursty_r2,forecast,hot_humid,bursty,2,32.604,32.304,32.104,29.604,25.0,45.0,140.0,,100.0,2.0,30.88,,,0,trial
2026-07-07T20:35:30,forecast_hot_humid_bursty_r2,forecast,hot_humid,bursty,2,32.616,32.316,32.116,29.616,25.0,45.0,140.0,,100.0,2.0,30.88,,,0,trial
2026-07-07T20:35:30,forecast_hot_humid_bursty_r2,forecast,hot_humid,bursty,2,32.629,32.329,32.129,29.629,25.0,45.0,140.0,,100.0,2.0,30.89,,,0,trial
2026-07-07T20:35:30,forecast_hot_humid_bursty_r2,forecast,hot_humid,bursty,2,32.641,32.341,32.141,29.641,25.0,45.0,140.0,,100.0,2.0,30.89,,,0,trial
2026-07-07T20:35:30,forecast_hot_humid_bursty_r2,forecast,hot_humid,bursty,2,32.653,32.353,32.153,29.653,25.0,45.0,140.0,,100.0,2.0,30.9,,,0,trial
2026-07-07T20:35:30,forecast_hot_humid_bursty_r2,forecast,hot_humid,bursty,2,32.666,32.366,32.166,29.666,25.0,45.0,140.0,,100.0,2.0,30.9,,,0,trial
2026-07-07T20:35:30,forecast_hot_humid_bursty_r2,forecast,hot_humid,bursty,2,32.678,32.378,32.178,29.678,25.0,45.0,140.0,,100.0,2.0,30.91,,,0,trial
2026-07-07T20:35:30,forecast_hot_humid_bursty_r2,forecast,hot_humid,bursty,2,32.69,32.39,32.19,29.69,25.0,45.0,140.0,,100.0,2.0,30.91,,,0,trial
2026-07-07T20:35:30,forecast_hot_humid_bursty_r2,forecast,hot_humid,bursty,2,32.703,32.403,32.203,29.703,25.0,45.0,140.0,,100.0,2.0,30.92,,,0,trial
2026-07-07T20:35:30,forecast_hot_humid_bursty_r2,forecast,hot_humid,bursty,2,32.715,32.415,32.215,29.715,25.0,45.0,140.0,,100.0,2.0,30.92,,,0,trial
2026-07-07T20:35:30,forecast_hot_humid_bursty_r2,forecast,hot_humid,bursty,2,32.727,32.427,32.227,29.727,25.0,45.0,140.0,,100.0,2.0,30.93,,,0,trial
2026-07-07T20:35:30,forecast_hot_humid_bursty_r2,forecast,hot_humid,bursty,2,32.74,32.44,32.24,29.74,25.0,45.0,140.0,,100.0,2.0,30.93,,,0,trial
2026-07-07T20:35:30,forecast_hot_humid_bursty_r2,forecast,hot_humid,bursty,2,32.752,32.452,32.252,29.752,25.0,45.0,140.0,,100.0,2.0,30.94,,,0,trial
2026-07-07T20:35:30,forecast_hot_humid_bursty_r2,forecast,hot_humid,bursty,2,32.764,32.464,32.264,29.764,25.0,45.0,140.0,,100.0,2.0,30.94,,,0,trial
2026-07-07T20:35:30,forecast_hot_humid_bursty_r2,forecast,hot_humid,bursty,2,32.777,32.477,32.277,29.777,25.0,45.0,140.0,,100.0,2.0,30.95,,,0,trial
2026-07-07T20:35:30,forecast_hot_humid_bursty_r2,forecast,hot_humid,bursty,2,32.789,32.489,32.289,29.789,25.0,45.0,140.0,,100.0,2.0,30.95,,,0,trial
2026-07-07T20:35:30,forecast_hot_humid_bursty_r2,forecast,hot_humid,bursty,2,32.801,32.501,32.301,29.801,25.0,45.0,140.0,,100.0,2.0,30.96,,,0,trial
2026-07-07T20:35:30,forecast_hot_humid_bursty_r2,forecast,hot_humid,bursty,2,32.814,32.514,32.314,29.814,25.0,45.0,140.0,,100.0,2.0,30.97,,,0,trial
2026-07-07T20:35:30,forecast_hot_humid_bursty_r2,forecast,hot_humid,bursty,2,32.826,32.526,32.326,29.826,25.0,45.0,140.0,,100.0,2.0,30.97,,,0,trial
2026-07-07T20:35:30,forecast_hot_humid_bursty_r2,forecast,hot_humid,bursty,2,32.838,32.538,32.338,29.838,25.0,45.0,140.0,,100.0,2.0,30.98,,,0,trial
2026-07-07T20:35:30,forecast_hot_humid_bursty_r2,forecast,hot_humid,bursty,2,32.85,32.55,32.35,29.85,25.0,45.0,140.0,,100.0,2.0,30.98,,,0,trial
2026-07-07T20:35:30,forecast_hot_humid_bursty_r2,forecast,hot_humid,bursty,2,32.863,32.563,32.363,29.863,25.0,45.0,140.0,,75.0,1.5,30.99,,,0,trial
2026-07-07T20:35:30,forecast_hot_humid_bursty_r2,forecast,hot_humid,bursty,2,32.877,32.577,32.377,29.877,25.0,45.0,140.0,,75.0,1.5,30.99,,,0,trial
2026-07-07T20:35:30,forecast_hot_humid_bursty_r2,forecast,hot_humid,bursty,2,32.89,32.59,32.39,29.89,25.0,45.0,140.0,,75.0,1.5,31.0,,,0,trial
2026-07-07T20:35:30,forecast_hot_humid_bursty_r2,forecast,hot_humid,bursty,2,32.903,32.603,32.403,29.903,25.0,45.0,140.0,,75.0,1.5,31.0,,,0,trial
2026-07-07T20:35:30,forecast_hot_humid_bursty_r2,forecast,hot_humid,bursty,2,32.916,32.616,32.416,29.916,25.0,45.0,140.0,,75.0,1.5,31.01,,,0,trial
2026-07-07T20:35:30,forecast_hot_humid_bursty_r2,forecast,hot_humid,bursty,2,32.929,32.629,32.429,29.929,25.0,45.0,140.0,,75.0,1.5,31.02,,,0,trial
2026-07-07T20:35:30,forecast_hot_humid_bursty_r2,forecast,hot_humid,bursty,2,32.942,32.642,32.442,29.942,25.0,45.0,140.0,,75.0,1.5,31.02,,,0,trial
2026-07-07T20:35:30,forecast_hot_humid_bursty_r2,forecast,hot_humid,bursty,2,32.956,32.656,32.456,29.956,25.0,45.0,140.0,,75.0,1.5,31.03,,,0,trial
2026-07-07T20:35:30,forecast_hot_humid_bursty_r2,forecast,hot_humid,bursty,2,32.969,32.669,32.469,29.969,25.0,45.0,140.0,,75.0,1.5,31.03,,,0,trial
2026-07-07T20:35:30,forecast_hot_humid_bursty_r2,forecast,hot_humid,bursty,2,32.982,32.682,32.482,29.982,25.0,45.0,140.0,,75.0,1.5,31.04,,,0,trial
2026-07-07T20:35:30,forecast_hot_humid_bursty_r2,forecast,hot_humid,bursty,2,32.995,32.695,32.495,29.995,25.0,45.0,140.0,,75.0,1.5,31.04,,,0,trial
2026-07-07T20:35:30,forecast_hot_humid_bursty_r2,forecast,hot_humid,bursty,2,33.008,32.708,32.508,30.008,25.0,45.0,140.0,,75.0,1.5,31.05,,,0,trial
2026-07-07T20:35:30,forecast_hot_humid_bursty_r2,forecast,hot_humid,bursty,2,33.021,32.721,32.521,30.021,25.0,45.0,140.0,,75.0,1.5,31.06,,,0,trial
2026-07-07T20:35:30,forecast_hot_humid_bursty_r2,forecast,hot_humid,bursty,2,33.034,32.734,32.534,30.034,25.0,45.0,140.0,,75.0,1.5,31.06,,,0,trial
2026-07-07T20:35:30,forecast_hot_humid_bursty_r2,forecast,hot_humid,bursty,2,33.047,32.747,32.547,30.047,25.0,45.0,140.0,,75.0,1.5,31.07,,,0,trial
2026-07-07T20:35:30,forecast_hot_humid_bursty_r2,forecast,hot_humid,bursty,2,33.06,32.76,32.56,30.06,25.0,45.0,140.0,,75.0,1.5,31.07,,,0,trial
2026-07-07T20:35:30,forecast_hot_humid_bursty_r2,forecast,hot_humid,bursty,2,33.074,32.774,32.574,30.074,25.0,45.0,140.0,,75.0,1.5,31.08,,,0,trial
2026-07-07T20:35:30,forecast_hot_humid_bursty_r2,forecast,hot_humid,bursty,2,33.087,32.787,32.587,30.087,25.0,45.0,140.0,,75.0,1.5,31.09,,,0,trial
2026-07-07T20:35:30,forecast_hot_humid_bursty_r2,forecast,hot_humid,bursty,2,33.1,32.8,32.6,30.1,25.0,45.0,140.0,,75.0,1.5,31.09,,,0,trial
2026-07-07T20:35:30,forecast_hot_humid_bursty_r2,forecast,hot_humid,bursty,2,33.113,32.813,32.613,30.113,25.0,45.0,140.0,,75.0,1.5,31.1,,,0,trial
2026-07-07T20:35:30,forecast_hot_humid_bursty_r2,forecast,hot_humid,bursty,2,33.126,32.826,32.626,30.126,25.0,45.0,140.0,,75.0,1.5,31.1,,,0,trial
2026-07-07T20:35:30,forecast_hot_humid_bursty_r2,forecast,hot_humid,bursty,2,33.139,32.839,32.639,30.139,25.0,45.0,140.0,,75.0,1.5,31.11,,,0,trial
2026-07-07T20:35:30,forecast_hot_humid_bursty_r2,forecast,hot_humid,bursty,2,33.152,32.852,32.652,30.152,25.0,45.0,140.0,,75.0,1.5,31.12,,,0,trial
2026-07-07T20:35:30,forecast_hot_humid_bursty_r2,forecast,hot_humid,bursty,2,33.165,32.865,32.665,30.165,25.0,45.0,140.0,,75.0,1.5,31.12,,,0,trial
2026-07-07T20:35:30,forecast_hot_humid_bursty_r2,forecast,hot_humid,bursty,2,33.178,32.878,32.678,30.178,25.0,45.0,140.0,,75.0,1.5,31.13,,,0,trial
2026-07-07T20:35:30,forecast_hot_humid_bursty_r2,forecast,hot_humid,bursty,2,33.191,32.891,32.691,30.191,25.0,45.0,140.0,,75.0,1.5,31.14,,,0,trial
2026-07-07T20:35:30,forecast_hot_humid_bursty_r2,forecast,hot_humid,bursty,2,33.204,32.904,32.704,30.204,25.0,45.0,140.0,,75.0,1.5,31.14,,,0,trial
2026-07-07T20:35:30,forecast_hot_humid_bursty_r2,forecast,hot_humid,bursty,2,33.217,32.917,32.717,30.217,25.0,45.0,140.0,,75.0,1.5,31.15,,,0,trial
2026-07-07T20:35:30,forecast_hot_humid_bursty_r2,forecast,hot_humid,bursty,2,33.23,32.93,32.73,30.23,25.0,45.0,140.0,,75.0,1.5,31.15,,,0,trial
2026-07-07T20:35:30,forecast_hot_humid_bursty_r2,forecast,hot_humid,bursty,2,33.243,32.943,32.743,30.243,25.0,45.0,140.0,,75.0,1.5,31.16,,,0,trial
2026-07-07T20:35:30,forecast_hot_humid_bursty_r2,forecast,hot_humid,bursty,2,33.254,32.954,32.754,30.254,25.0,45.0,140.0,,100.0,2.0,31.17,,,0,trial
2026-07-07T20:35:30,forecast_hot_humid_bursty_r2,forecast,hot_humid,bursty,2,33.266,32.966,32.766,30.266,25.0,45.0,140.0,,100.0,2.0,31.17,,,0,trial
2026-07-07T20:35:30,forecast_hot_humid_bursty_r2,forecast,hot_humid,bursty,2,33.278,32.978,32.778,30.278,25.0,45.0,140.0,,100.0,2.0,31.18,,,0,trial
2026-07-07T20:35:30,forecast_hot_humid_bursty_r2,forecast,hot_humid,bursty,2,33.29,32.99,32.79,30.29,25.0,45.0,140.0,,100.0,2.0,31.19,,,0,trial
2026-07-07T20:35:30,forecast_hot_humid_bursty_r2,forecast,hot_humid,bursty,2,33.302,33.002,32.802,30.302,25.0,45.0,140.0,,100.0,2.0,31.19,,,0,trial
2026-07-07T20:35:30,forecast_hot_humid_bursty_r2,forecast,hot_humid,bursty,2,33.314,33.014,32.814,30.314,25.0,45.0,140.0,,100.0,2.0,31.2,,,0,trial
2026-07-07T20:35:30,forecast_hot_humid_bursty_r2,forecast,hot_humid,bursty,2,33.326,33.026,32.826,30.326,25.0,45.0,140.0,,100.0,2.0,31.21,,,0,trial
2026-07-07T20:35:30,forecast_hot_humid_bursty_r2,forecast,hot_humid,bursty,2,33.338,33.038,32.838,30.338,25.0,45.0,140.0,,100.0,2.0,31.21,,,0,trial
2026-07-07T20:35:30,forecast_hot_humid_bursty_r2,forecast,hot_humid,bursty,2,33.349,33.049,32.849,30.349,25.0,45.0,140.0,,100.0,2.0,31.22,,,0,trial
2026-07-07T20:35:30,forecast_hot_humid_bursty_r2,forecast,hot_humid,bursty,2,33.361,33.061,32.861,30.361,25.0,45.0,140.0,,100.0,2.0,31.23,,,0,trial
2026-07-07T20:35:30,forecast_hot_humid_bursty_r2,forecast,hot_humid,bursty,2,33.373,33.073,32.873,30.373,25.0,45.0,140.0,,100.0,2.0,31.23,,,0,trial
2026-07-07T20:35:30,forecast_hot_humid_bursty_r2,forecast,hot_humid,bursty,2,33.385,33.085,32.885,30.385,25.0,45.0,140.0,,100.0,2.0,31.24,,,0,trial
2026-07-07T20:35:30,forecast_hot_humid_bursty_r2,forecast,hot_humid,bursty,2,33.397,33.097,32.897,30.397,25.0,45.0,140.0,,100.0,2.0,31.25,,,0,trial
2026-07-07T20:35:30,forecast_hot_humid_bursty_r2,forecast,hot_humid,bursty,2,33.408,33.108,32.908,30.408,25.0,45.0,140.0,,100.0,2.0,31.25,,,0,trial
2026-07-07T20:35:30,forecast_hot_humid_bursty_r2,forecast,hot_humid,bursty,2,33.42,33.12,32.92,30.42,25.0,45.0,140.0,,100.0,2.0,31.26,,,0,trial
2026-07-07T20:35:30,forecast_hot_humid_bursty_r2,forecast,hot_humid,bursty,2,33.432,33.132,32.932,30.432,25.0,45.0,140.0,,100.0,2.0,31.27,,,0,trial
2026-07-07T20:35:30,forecast_hot_humid_bursty_r2,forecast,hot_humid,bursty,2,33.444,33.144,32.944,30.444,25.0,45.0,140.0,,100.0,2.0,31.27,,,0,trial
2026-07-07T20:35:30,forecast_hot_humid_bursty_r2,forecast,hot_humid,bursty,2,33.456,33.156,32.956,30.456,25.0,45.0,140.0,,100.0,2.0,31.28,,,0,trial
2026-07-07T20:35:30,forecast_hot_humid_bursty_r2,forecast,hot_humid,bursty,2,33.467,33.167,32.967,30.467,25.0,45.0,140.0,,100.0,2.0,31.29,,,0,trial
2026-07-07T20:35:30,forecast_hot_humid_bursty_r2,forecast,hot_humid,bursty,2,33.479,33.179,32.979,30.479,25.0,45.0,140.0,,100.0,2.0,31.29,,,0,trial
2026-07-07T20:35:30,forecast_hot_humid_bursty_r2,forecast,hot_humid,bursty,2,33.491,33.191,32.991,30.491,25.0,45.0,140.0,,100.0,2.0,31.3,,,0,trial
2026-07-07T20:35:30,forecast_hot_humid_bursty_r2,forecast,hot_humid,bursty,2,33.502,33.202,33.002,30.502,25.0,45.0,140.0,,100.0,2.0,31.31,,,0,trial
2026-07-07T20:35:30,forecast_hot_humid_bursty_r2,forecast,hot_humid,bursty,2,33.514,33.214,33.014,30.514,25.0,45.0,140.0,,100.0,2.0,31.31,,,0,trial
2026-07-07T20:35:30,forecast_hot_humid_bursty_r2,forecast,hot_humid,bursty,2,33.526,33.226,33.026,30.526,25.0,45.0,140.0,,100.0,2.0,31.32,,,0,trial
2026-07-07T20:35:30,forecast_hot_humid_bursty_r2,forecast,hot_humid,bursty,2,33.538,33.238,33.038,30.538,25.0,45.0,140.0,,100.0,2.0,31.33,,,0,trial
2026-07-07T20:35:30,forecast_hot_humid_bursty_r2,forecast,hot_humid,bursty,2,33.549,33.249,33.049,30.549,25.0,45.0,140.0,,100.0,2.0,31.34,,,0,trial
2026-07-07T20:35:30,forecast_hot_humid_bursty_r2,forecast,hot_humid,bursty,2,33.561,33.261,33.061,30.561,25.0,45.0,140.0,,100.0,2.0,31.34,,,0,trial
2026-07-07T20:35:30,forecast_hot_humid_bursty_r2,forecast,hot_humid,bursty,2,33.573,33.273,33.073,30.573,25.0,45.0,140.0,,100.0,2.0,31.35,,,0,trial
2026-07-07T20:35:30,forecast_hot_humid_bursty_r2,forecast,hot_humid,bursty,2,33.584,33.284,33.084,30.584,25.0,45.0,140.0,,100.0,2.0,31.36,,,0,trial
2026-07-07T20:35:30,forecast_hot_humid_bursty_r2,forecast,hot_humid,bursty,2,33.596,33.296,33.096,30.596,25.0,45.0,140.0,,100.0,2.0,31.36,,,0,trial
2026-07-07T20:35:30,forecast_hot_humid_bursty_r2,forecast,hot_humid,bursty,2,33.608,33.308,33.108,30.608,25.0,45.0,140.0,,100.0,2.0,31.37,,,0,trial
2026-07-07T20:35:30,forecast_hot_humid_bursty_r2,forecast,hot_humid,bursty,2,33.619,33.319,33.119,30.619,25.0,45.0,140.0,,100.0,2.0,31.38,,,0,trial
2026-07-07T20:35:30,forecast_hot_humid_bursty_r2,forecast,hot_humid,bursty,2,33.631,33.331,33.131,30.631,25.0,45.0,140.0,,100.0,2.0,31.39,,,0,trial
2026-07-07T20:35:30,forecast_hot_humid_bursty_r2,forecast,hot_humid,bursty,2,33.642,33.342,33.142,30.642,25.0,45.0,140.0,,100.0,2.0,31.39,,,0,trial
2026-07-07T20:35:30,forecast_hot_humid_bursty_r2,forecast,hot_humid,bursty,2,33.654,33.354,33.154,30.654,25.0,45.0,140.0,,100.0,2.0,31.4,,,0,trial
2026-07-07T20:35:30,forecast_hot_humid_bursty_r2,forecast,hot_humid,bursty,2,33.666,33.366,33.166,30.666,25.0,45.0,140.0,,100.0,2.0,31.41,,,0,trial
2026-07-07T20:35:30,forecast_hot_humid_bursty_r2,forecast,hot_humid,bursty,2,33.677,33.377,33.177,30.677,25.0,45.0,140.0,,100.0,2.0,31.42,,,0,trial
2026-07-07T20:35:30,forecast_hot_humid_bursty_r2,forecast,hot_humid,bursty,2,33.689,33.389,33.189,30.689,25.0,45.0,140.0,,100.0,2.0,31.42,,,0,trial
2026-07-07T20:35:30,forecast_hot_humid_bursty_r2,forecast,hot_humid,bursty,2,33.7,33.4,33.2,30.7,25.0,45.0,140.0,,100.0,2.0,31.43,,,0,trial
2026-07-07T20:35:30,forecast_hot_humid_bursty_r2,forecast,hot_humid,bursty,2,33.712,33.412,33.212,30.712,25.0,45.0,140.0,,100.0,2.0,31.44,,,0,trial
2026-07-07T20:35:30,forecast_hot_humid_bursty_r2,forecast,hot_humid,bursty,2,33.723,33.423,33.223,30.723,25.0,45.0,140.0,,100.0,2.0,31.44,,,0,trial
2026-07-07T20:35:30,forecast_hot_humid_bursty_r2,forecast,hot_humid,bursty,2,33.735,33.435,33.235,30.735,25.0,45.0,140.0,,100.0,2.0,31.45,,,0,trial
2026-07-07T20:35:30,forecast_hot_humid_bursty_r2,forecast,hot_humid,bursty,2,33.746,33.446,33.246,30.746,25.0,45.0,140.0,,100.0,2.0,31.46,,,0,trial
2026-07-07T20:35:30,forecast_hot_humid_bursty_r2,forecast,hot_humid,bursty,2,33.758,33.458,33.258,30.758,25.0,45.0,140.0,,100.0,2.0,31.47,,,0,trial
2026-07-07T20:35:30,forecast_hot_humid_bursty_r2,forecast,hot_humid,bursty,2,33.769,33.469,33.269,30.769,25.0,45.0,140.0,,100.0,2.0,31.48,,,0,trial
2026-07-07T20:35:30,forecast_hot_humid_bursty_r2,forecast,hot_humid,bursty,2,33.781,33.481,33.281,30.781,25.0,45.0,140.0,,100.0,2.0,31.48,,,0,trial
2026-07-07T20:35:30,forecast_hot_humid_bursty_r2,forecast,hot_humid,bursty,2,33.792,33.492,33.292,30.792,25.0,45.0,140.0,,100.0,2.0,31.49,,,0,trial
2026-07-07T20:35:30,forecast_hot_humid_bursty_r2,forecast,hot_humid,bursty,2,33.804,33.504,33.304,30.804,25.0,45.0,140.0,,100.0,2.0,31.5,,,0,trial
2026-07-07T20:35:30,forecast_hot_humid_bursty_r2,forecast,hot_humid,bursty,2,33.815,33.515,33.315,30.815,25.0,45.0,140.0,,100.0,2.0,31.51,,,0,trial
2026-07-07T20:35:30,forecast_hot_humid_bursty_r2,forecast,hot_humid,bursty,2,33.827,33.527,33.327,30.827,25.0,45.0,140.0,,100.0,2.0,31.51,,,0,trial
2026-07-07T20:35:30,forecast_hot_humid_bursty_r2,forecast,hot_humid,bursty,2,33.838,33.538,33.338,30.838,25.0,45.0,140.0,,100.0,2.0,31.52,,,0,trial
2026-07-07T20:35:30,forecast_hot_humid_bursty_r2,forecast,hot_humid,bursty,2,33.85,33.55,33.35,30.85,25.0,45.0,140.0,,100.0,2.0,31.53,,,0,trial
2026-07-07T20:35:30,forecast_hot_humid_bursty_r2,forecast,hot_humid,bursty,2,33.861,33.561,33.361,30.861,25.0,45.0,140.0,,100.0,2.0,31.54,,,0,trial
2026-07-07T20:35:30,forecast_hot_humid_bursty_r2,forecast,hot_humid,bursty,2,33.873,33.573,33.373,30.873,25.0,45.0,140.0,,100.0,2.0,31.55,,,0,trial
2026-07-07T20:35:30,forecast_hot_humid_bursty_r2,forecast,hot_humid,bursty,2,33.884,33.584,33.384,30.884,25.0,45.0,140.0,,100.0,2.0,31.55,,,0,trial
2026-07-07T20:35:30,forecast_hot_humid_bursty_r2,forecast,hot_humid,bursty,2,33.895,33.595,33.395,30.895,25.0,45.0,140.0,,100.0,2.0,31.56,,,0,trial
2026-07-07T20:35:30,forecast_hot_humid_bursty_r2,forecast,hot_humid,bursty,2,33.907,33.607,33.407,30.907,25.0,45.0,140.0,,100.0,2.0,31.57,,,0,trial
2026-07-07T20:35:30,forecast_hot_humid_bursty_r2,forecast,hot_humid,bursty,2,33.918,33.618,33.418,30.918,25.0,45.0,140.0,,100.0,2.0,31.58,,,0,trial
2026-07-07T20:35:30,forecast_hot_humid_bursty_r2,forecast,hot_humid,bursty,2,33.93,33.63,33.43,30.93,25.0,45.0,140.0,,100.0,2.0,31.59,,,0,trial
2026-07-07T20:35:30,forecast_hot_humid_bursty_r2,forecast,hot_humid,bursty,2,33.941,33.641,33.441,30.941,25.0,45.0,140.0,,100.0,2.0,31.59,,,0,trial
2026-07-07T20:35:30,forecast_hot_humid_bursty_r2,forecast,hot_humid,bursty,2,33.952,33.652,33.452,30.952,25.0,45.0,140.0,,100.0,2.0,31.6,,,0,trial
2026-07-07T20:35:30,forecast_hot_humid_bursty_r2,forecast,hot_humid,bursty,2,33.964,33.664,33.464,30.964,25.0,45.0,140.0,,100.0,2.0,31.61,,,0,trial
2026-07-07T20:35:30,forecast_hot_humid_bursty_r2,forecast,hot_humid,bursty,2,33.975,33.675,33.475,30.975,25.0,45.0,140.0,,100.0,2.0,31.62,,,0,trial
2026-07-07T20:35:30,forecast_hot_humid_bursty_r2,forecast,hot_humid,bursty,2,33.986,33.686,33.486,30.986,25.0,45.0,140.0,,100.0,2.0,31.63,,,0,trial
2026-07-07T20:35:30,forecast_hot_humid_bursty_r2,forecast,hot_humid,bursty,2,33.998,33.698,33.498,30.998,25.0,45.0,140.0,,100.0,2.0,31.63,,,0,trial
2026-07-07T20:35:30,forecast_hot_humid_bursty_r2,forecast,hot_humid,bursty,2,34.009,33.709,33.509,31.009,25.0,45.0,140.0,,100.0,2.0,31.64,,,0,trial
2026-07-07T20:35:30,forecast_hot_humid_bursty_r2,forecast,hot_humid,bursty,2,34.02,33.72,33.52,31.02,25.0,45.0,140.0,,100.0,2.0,31.65,,,0,trial
2026-07-07T20:35:30,forecast_hot_humid_bursty_r2,forecast,hot_humid,bursty,2,34.032,33.732,33.532,31.032,25.0,45.0,140.0,,100.0,2.0,31.66,,,0,trial
2026-07-07T20:35:30,forecast_hot_humid_bursty_r2,forecast,hot_humid,bursty,2,34.043,33.743,33.543,31.043,25.0,45.0,140.0,,100.0,2.0,31.67,,,0,trial
2026-07-07T20:35:30,forecast_hot_humid_bursty_r2,forecast,hot_humid,bursty,2,34.054,33.754,33.554,31.054,25.0,45.0,140.0,,100.0,2.0,31.68,,,0,trial
2026-07-07T20:35:30,forecast_hot_humid_bursty_r2,forecast,hot_humid,bursty,2,34.065,33.765,33.565,31.065,25.0,45.0,140.0,,100.0,2.0,31.68,,,0,trial
2026-07-07T20:35:30,forecast_hot_humid_bursty_r2,forecast,hot_humid,bursty,2,34.077,33.777,33.577,31.077,25.0,45.0,140.0,,100.0,2.0,31.69,,,0,trial
2026-07-07T20:35:30,forecast_hot_humid_bursty_r2,forecast,hot_humid,bursty,2,34.088,33.788,33.588,31.088,25.0,45.0,140.0,,100.0,2.0,31.7,,,0,trial
2026-07-07T20:35:30,forecast_hot_humid_bursty_r2,forecast,hot_humid,bursty,2,34.099,33.799,33.599,31.099,25.0,45.0,140.0,,100.0,2.0,31.71,,,0,trial
2026-07-07T20:35:30,forecast_hot_humid_bursty_r2,forecast,hot_humid,bursty,2,34.11,33.81,33.61,31.11,25.0,45.0,140.0,,100.0,2.0,31.72,,,0,trial
2026-07-07T20:35:30,forecast_hot_humid_bursty_r2,forecast,hot_humid,bursty,2,34.122,33.822,33.622,31.122,25.0,45.0,140.0,,100.0,2.0,31.73,,,0,trial
2026-07-07T20:35:30,forecast_hot_humid_bursty_r2,forecast,hot_humid,bursty,2,34.133,33.833,33.633,31.133,25.0,45.0,140.0,,100.0,2.0,31.74,,,0,trial
2026-07-07T20:35:30,forecast_hot_humid_bursty_r2,forecast,hot_humid,bursty,2,34.144,33.844,33.644,31.144,25.0,45.0,140.0,,100.0,2.0,31.74,,,0,trial
2026-07-07T20:35:30,forecast_hot_humid_bursty_r2,forecast,hot_humid,bursty,2,34.155,33.855,33.655,31.155,25.0,45.0,140.0,,100.0,2.0,31.75,,,0,trial
2026-07-07T20:35:30,forecast_hot_humid_bursty_r2,forecast,hot_humid,bursty,2,34.167,33.867,33.667,31.167,25.0,45.0,140.0,,100.0,2.0,31.76,,,0,trial
2026-07-07T20:35:30,forecast_hot_humid_bursty_r2,forecast,hot_humid,bursty,2,34.178,33.878,33.678,31.178,25.0,45.0,140.0,,100.0,2.0,31.77,,,0,trial
2026-07-07T20:35:30,forecast_hot_humid_bursty_r2,forecast,hot_humid,bursty,2,34.189,33.889,33.689,31.189,25.0,45.0,140.0,,100.0,2.0,31.78,,,0,trial
2026-07-07T20:35:30,forecast_hot_humid_bursty_r2,forecast,hot_humid,bursty,2,34.2,33.9,33.7,31.2,25.0,45.0,140.0,,100.0,2.0,31.79,,,0,trial
2026-07-07T20:35:30,forecast_hot_humid_bursty_r2,forecast,hot_humid,bursty,2,34.211,33.911,33.711,31.211,25.0,45.0,140.0,,100.0,2.0,31.8,,,0,trial
2026-07-07T20:35:30,forecast_hot_humid_bursty_r2,forecast,hot_humid,bursty,2,34.222,33.922,33.722,31.222,25.0,45.0,140.0,,100.0,2.0,31.81,,,0,trial
2026-07-07T20:35:30,forecast_hot_humid_bursty_r2,forecast,hot_humid,bursty,2,34.233,33.933,33.733,31.233,25.0,45.0,140.0,,100.0,2.0,31.81,,,0,trial
2026-07-07T20:35:30,forecast_hot_humid_bursty_r2,forecast,hot_humid,bursty,2,34.245,33.945,33.745,31.245,25.0,45.0,140.0,,100.0,2.0,31.82,,,0,trial
2026-07-07T20:35:30,forecast_hot_humid_bursty_r2,forecast,hot_humid,bursty,2,34.256,33.956,33.756,31.256,25.0,45.0,140.0,,100.0,2.0,31.83,,,0,trial
2026-07-07T20:35:30,forecast_hot_humid_bursty_r2,forecast,hot_humid,bursty,2,34.267,33.967,33.767,31.267,25.0,45.0,140.0,,100.0,2.0,31.84,,,0,trial
2026-07-07T20:35:30,forecast_hot_humid_bursty_r2,forecast,hot_humid,bursty,2,34.278,33.978,33.778,31.278,25.0,45.0,140.0,,100.0,2.0,31.85,,,0,trial
2026-07-07T20:35:30,forecast_hot_humid_bursty_r2,forecast,hot_humid,bursty,2,34.289,33.989,33.789,31.289,25.0,45.0,140.0,,100.0,2.0,31.86,,,0,trial
2026-07-07T20:35:30,forecast_hot_humid_bursty_r2,forecast,hot_humid,bursty,2,34.3,34.0,33.8,31.3,25.0,45.0,140.0,,100.0,2.0,31.87,,,0,trial
2026-07-07T20:35:30,forecast_hot_humid_bursty_r2,forecast,hot_humid,bursty,2,34.311,34.011,33.811,31.311,25.0,45.0,140.0,,100.0,2.0,31.88,,,0,trial
2026-07-07T20:35:30,forecast_hot_humid_bursty_r2,forecast,hot_humid,bursty,2,34.322,34.022,33.822,31.322,25.0,45.0,140.0,,100.0,2.0,31.89,,,0,trial
2026-07-07T20:35:30,forecast_hot_humid_bursty_r2,forecast,hot_humid,bursty,2,34.333,34.033,33.833,31.333,25.0,45.0,140.0,,100.0,2.0,31.89,,,0,trial
2026-07-07T20:35:30,forecast_hot_humid_bursty_r2,forecast,hot_humid,bursty,2,34.344,34.044,33.844,31.344,25.0,45.0,140.0,,100.0,2.0,31.9,,,0,trial
2026-07-07T20:35:30,forecast_hot_humid_bursty_r2,forecast,hot_humid,bursty,2,34.355,34.055,33.855,31.355,25.0,45.0,140.0,,100.0,2.0,31.91,,,0,trial
2026-07-07T20:35:30,forecast_hot_humid_bursty_r2,forecast,hot_humid,bursty,2,34.366,34.066,33.866,31.366,25.0,45.0,140.0,,100.0,2.0,31.92,,,0,trial
2026-07-07T20:35:30,forecast_hot_humid_bursty_r2,forecast,hot_humid,bursty,2,34.378,34.078,33.878,31.378,25.0,45.0,140.0,,100.0,2.0,31.93,,,0,trial
2026-07-07T20:35:30,forecast_hot_humid_bursty_r2,forecast,hot_humid,bursty,2,34.389,34.089,33.889,31.389,25.0,45.0,140.0,,100.0,2.0,31.94,,,0,trial
2026-07-07T20:35:30,forecast_hot_humid_bursty_r2,forecast,hot_humid,bursty,2,34.4,34.1,33.9,31.4,25.0,45.0,140.0,,100.0,2.0,31.95,,,0,trial
2026-07-07T20:35:30,forecast_hot_humid_bursty_r2,forecast,hot_humid,bursty,2,34.411,34.111,33.911,31.411,25.0,45.0,140.0,,100.0,2.0,31.96,,,0,trial
2026-07-07T20:35:30,forecast_hot_humid_bursty_r2,forecast,hot_humid,bursty,2,34.422,34.122,33.922,31.422,25.0,45.0,140.0,,100.0,2.0,31.97,,,0,trial
2026-07-07T20:35:30,forecast_hot_humid_bursty_r2,forecast,hot_humid,bursty,2,34.433,34.133,33.933,31.433,25.0,45.0,140.0,,100.0,2.0,31.98,,,0,trial
2026-07-07T20:35:30,forecast_hot_humid_bursty_r2,forecast,hot_humid,bursty,2,34.443,34.143,33.943,31.443,25.0,45.0,140.0,,100.0,2.0,31.99,,,0,trial
2026-07-07T20:35:30,forecast_hot_humid_bursty_r2,forecast,hot_humid,bursty,2,34.454,34.154,33.954,31.454,25.0,45.0,140.0,,100.0,2.0,32.0,,,0,trial
2026-07-07T20:35:30,forecast_hot_humid_bursty_r2,forecast,hot_humid,bursty,2,34.465,34.165,33.965,31.465,25.0,45.0,140.0,,100.0,2.0,32.01,,,0,trial
2026-07-07T20:35:30,forecast_hot_humid_bursty_r2,forecast,hot_humid,bursty,2,34.476,34.176,33.976,31.476,25.0,45.0,140.0,,100.0,2.0,32.02,,,0,trial
2026-07-07T20:35:30,forecast_hot_humid_bursty_r2,forecast,hot_humid,bursty,2,34.487,34.187,33.987,31.487,25.0,45.0,140.0,,100.0,2.0,32.03,,,0,trial
2026-07-07T20:35:30,forecast_hot_humid_bursty_r2,forecast,hot_humid,bursty,2,34.498,34.198,33.998,31.498,25.0,45.0,140.0,,100.0,2.0,32.04,,,0,trial
2026-07-07T20:35:30,forecast_hot_humid_bursty_r2,forecast,hot_humid,bursty,2,34.509,34.209,34.009,31.509,25.0,45.0,140.0,,100.0,2.0,32.04,,,0,trial
2026-07-07T20:35:30,forecast_hot_humid_bursty_r2,forecast,hot_humid,bursty,2,34.52,34.22,34.02,31.52,25.0,45.0,140.0,,100.0,2.0,32.05,,,0,trial
2026-07-07T20:35:30,forecast_hot_humid_bursty_r2,forecast,hot_humid,bursty,2,34.531,34.231,34.031,31.531,25.0,45.0,140.0,,100.0,2.0,32.06,,,0,trial
2026-07-07T20:35:30,forecast_hot_humid_bursty_r2,forecast,hot_humid,bursty,2,34.542,34.242,34.042,31.542,25.0,45.0,140.0,,100.0,2.0,32.07,,,0,trial
2026-07-07T20:35:30,forecast_hot_humid_bursty_r2,forecast,hot_humid,bursty,2,34.553,34.253,34.053,31.553,25.0,45.0,140.0,,100.0,2.0,32.08,,,0,trial
2026-07-07T20:35:30,forecast_hot_humid_bursty_r2,forecast,hot_humid,bursty,2,34.564,34.264,34.064,31.564,25.0,45.0,140.0,,100.0,2.0,32.09,,,0,trial
2026-07-07T20:35:30,forecast_hot_humid_bursty_r2,forecast,hot_humid,bursty,2,34.575,34.275,34.075,31.575,25.0,45.0,140.0,,100.0,2.0,32.1,,,0,trial
2026-07-07T20:35:30,forecast_hot_humid_bursty_r2,forecast,hot_humid,bursty,2,34.585,34.285,34.085,31.585,25.0,45.0,140.0,,100.0,2.0,32.11,,,0,trial
2026-07-07T20:35:30,forecast_hot_humid_bursty_r2,forecast,hot_humid,bursty,2,34.596,34.296,34.096,31.596,25.0,45.0,140.0,,100.0,2.0,32.12,,,0,trial
2026-07-07T20:35:30,forecast_hot_humid_bursty_r2,forecast,hot_humid,bursty,2,34.607,34.307,34.107,31.607,25.0,45.0,140.0,,100.0,2.0,32.13,,,0,trial
2026-07-07T20:35:30,forecast_hot_humid_bursty_r2,forecast,hot_humid,bursty,2,34.618,34.318,34.118,31.618,25.0,45.0,140.0,,100.0,2.0,32.14,,,0,trial
2026-07-07T20:35:30,forecast_hot_humid_bursty_r2,forecast,hot_humid,bursty,2,34.629,34.329,34.129,31.629,25.0,45.0,140.0,,100.0,2.0,32.15,,,0,trial
2026-07-07T20:35:30,forecast_hot_humid_bursty_r2,forecast,hot_humid,bursty,2,34.64,34.34,34.14,31.64,25.0,45.0,140.0,,100.0,2.0,32.16,,,0,trial
2026-07-07T20:35:30,forecast_hot_humid_bursty_r2,forecast,hot_humid,bursty,2,34.65,34.35,34.15,31.65,25.0,45.0,140.0,,100.0,2.0,32.17,,,0,trial
2026-07-07T20:35:30,forecast_hot_humid_bursty_r2,forecast,hot_humid,bursty,2,34.661,34.361,34.161,31.661,25.0,45.0,140.0,,100.0,2.0,32.18,,,0,trial
2026-07-07T20:35:30,forecast_hot_humid_bursty_r2,forecast,hot_humid,bursty,2,34.672,34.372,34.172,31.672,25.0,45.0,140.0,,100.0,2.0,32.19,,,0,trial
2026-07-07T20:35:30,forecast_hot_humid_bursty_r2,forecast,hot_humid,bursty,2,34.683,34.383,34.183,31.683,25.0,45.0,140.0,,100.0,2.0,32.2,,,0,trial
2026-07-07T20:35:30,forecast_hot_humid_bursty_r2,forecast,hot_humid,bursty,2,34.694,34.394,34.194,31.694,25.0,45.0,140.0,,100.0,2.0,32.21,,,0,trial
2026-07-07T20:35:30,forecast_hot_humid_bursty_r2,forecast,hot_humid,bursty,2,34.704,34.404,34.204,31.704,25.0,45.0,140.0,,100.0,2.0,32.22,,,0,trial
2026-07-07T20:35:30,forecast_hot_humid_bursty_r2,forecast,hot_humid,bursty,2,34.715,34.415,34.215,31.715,25.0,45.0,140.0,,100.0,2.0,32.23,,,0,trial
2026-07-07T20:35:30,forecast_hot_humid_bursty_r2,forecast,hot_humid,bursty,2,34.726,34.426,34.226,31.726,25.0,45.0,140.0,,100.0,2.0,32.24,,,0,trial
2026-07-07T20:35:30,forecast_hot_humid_bursty_r2,forecast,hot_humid,bursty,2,34.737,34.437,34.237,31.737,25.0,45.0,140.0,,100.0,2.0,32.25,,,0,trial
2026-07-07T20:35:30,forecast_hot_humid_bursty_r2,forecast,hot_humid,bursty,2,34.747,34.447,34.247,31.747,25.0,45.0,140.0,,100.0,2.0,32.26,,,0,trial
2026-07-07T20:35:30,forecast_hot_humid_bursty_r2,forecast,hot_humid,bursty,2,34.758,34.458,34.258,31.758,25.0,45.0,140.0,,100.0,2.0,32.27,,,0,trial
2026-07-07T20:35:30,forecast_hot_humid_bursty_r2,forecast,hot_humid,bursty,2,34.769,34.469,34.269,31.769,25.0,45.0,140.0,,100.0,2.0,32.28,,,0,trial
2026-07-07T20:35:30,forecast_hot_humid_bursty_r2,forecast,hot_humid,bursty,2,34.779,34.479,34.279,31.779,25.0,45.0,140.0,,100.0,2.0,32.29,,,0,trial
2026-07-07T20:35:30,forecast_hot_humid_bursty_r2,forecast,hot_humid,bursty,2,34.79,34.49,34.29,31.79,25.0,45.0,140.0,,100.0,2.0,32.3,,,0,trial
2026-07-07T20:35:30,forecast_hot_humid_bursty_r2,forecast,hot_humid,bursty,2,34.801,34.501,34.301,31.801,25.0,45.0,140.0,,100.0,2.0,32.31,,,0,trial
2026-07-07T20:35:30,forecast_hot_humid_bursty_r2,forecast,hot_humid,bursty,2,34.812,34.512,34.312,31.812,25.0,45.0,140.0,,100.0,2.0,32.32,,,0,trial
2026-07-07T20:35:30,forecast_hot_humid_bursty_r2,forecast,hot_humid,bursty,2,34.822,34.522,34.322,31.822,25.0,45.0,140.0,,100.0,2.0,32.34,,,0,trial
2026-07-07T20:35:30,forecast_hot_humid_bursty_r2,forecast,hot_humid,bursty,2,34.833,34.533,34.333,31.833,25.0,45.0,140.0,,100.0,2.0,32.35,,,0,trial
2026-07-07T20:35:30,forecast_hot_humid_bursty_r2,forecast,hot_humid,bursty,2,34.844,34.544,34.344,31.844,25.0,45.0,140.0,,100.0,2.0,32.36,,,0,trial
2026-07-07T20:35:30,forecast_hot_humid_bursty_r2,forecast,hot_humid,bursty,2,34.854,34.554,34.354,31.854,25.0,45.0,140.0,,100.0,2.0,32.37,,,0,trial
2026-07-07T20:35:30,forecast_hot_humid_bursty_r2,forecast,hot_humid,bursty,2,34.865,34.565,34.365,31.865,25.0,45.0,140.0,,100.0,2.0,32.38,,,0,trial
2026-07-07T20:35:30,forecast_hot_humid_bursty_r2,forecast,hot_humid,bursty,2,34.875,34.575,34.375,31.875,25.0,45.0,140.0,,100.0,2.0,32.39,,,0,trial
2026-07-07T20:35:30,forecast_hot_humid_bursty_r2,forecast,hot_humid,bursty,2,34.886,34.586,34.386,31.886,25.0,45.0,140.0,,100.0,2.0,32.4,,,0,trial
2026-07-07T20:35:30,forecast_hot_humid_bursty_r2,forecast,hot_humid,bursty,2,34.897,34.597,34.397,31.897,25.0,45.0,140.0,,100.0,2.0,32.41,,,0,trial
2026-07-07T20:35:30,forecast_hot_humid_bursty_r2,forecast,hot_humid,bursty,2,34.907,34.607,34.407,31.907,25.0,45.0,140.0,,100.0,2.0,32.42,,,0,trial
2026-07-07T20:35:30,forecast_hot_humid_bursty_r2,forecast,hot_humid,bursty,2,34.918,34.618,34.418,31.918,25.0,45.0,140.0,,100.0,2.0,32.43,,,0,trial
2026-07-07T20:35:30,forecast_hot_humid_bursty_r2,forecast,hot_humid,bursty,2,34.928,34.628,34.428,31.928,25.0,45.0,140.0,,100.0,2.0,32.44,,,0,trial
2026-07-07T20:35:30,forecast_hot_humid_bursty_r2,forecast,hot_humid,bursty,2,34.939,34.639,34.439,31.939,25.0,45.0,140.0,,100.0,2.0,32.45,,,0,trial
2026-07-07T20:35:30,forecast_hot_humid_bursty_r2,forecast,hot_humid,bursty,2,34.95,34.65,34.45,31.95,25.0,45.0,140.0,,100.0,2.0,32.46,,,0,trial
2026-07-07T20:35:30,forecast_hot_humid_bursty_r2,forecast,hot_humid,bursty,2,34.96,34.66,34.46,31.96,25.0,45.0,140.0,,100.0,2.0,32.47,,,0,trial
2026-07-07T20:35:30,forecast_hot_humid_bursty_r2,forecast,hot_humid,bursty,2,34.971,34.671,34.471,31.971,25.0,45.0,140.0,,100.0,2.0,32.48,,,0,trial
2026-07-07T20:35:30,forecast_hot_humid_bursty_r2,forecast,hot_humid,bursty,2,34.981,34.681,34.481,31.981,25.0,45.0,140.0,,100.0,2.0,32.49,,,0,trial
2026-07-07T20:35:30,forecast_hot_humid_bursty_r2,forecast,hot_humid,bursty,2,34.992,34.692,34.492,31.992,25.0,45.0,140.0,,100.0,2.0,32.51,,,0,trial
2026-07-07T20:35:30,forecast_hot_humid_bursty_r2,forecast,hot_humid,bursty,2,35.002,34.702,34.502,32.002,25.0,45.0,140.0,,100.0,2.0,32.52,,,0,trial
2026-07-07T20:35:30,forecast_hot_humid_bursty_r2,forecast,hot_humid,bursty,2,35.013,34.713,34.513,32.013,25.0,45.0,140.0,,100.0,2.0,32.53,,,0,trial
2026-07-07T20:35:30,forecast_hot_humid_bursty_r2,forecast,hot_humid,bursty,2,35.023,34.723,34.523,32.023,25.0,45.0,140.0,,100.0,2.0,32.54,,,0,trial
2026-07-07T20:35:30,forecast_hot_humid_bursty_r2,forecast,hot_humid,bursty,2,35.034,34.734,34.534,32.034,25.0,45.0,140.0,,100.0,2.0,32.55,,,0,trial
2026-07-07T20:35:30,forecast_hot_humid_bursty_r2,forecast,hot_humid,bursty,2,35.044,34.744,34.544,32.044,25.0,45.0,140.0,,100.0,2.0,32.56,,,0,trial
2026-07-07T20:35:30,forecast_hot_humid_bursty_r2,forecast,hot_humid,bursty,2,35.055,34.755,34.555,32.055,25.0,45.0,140.0,,100.0,2.0,32.57,,,0,trial
2026-07-07T20:35:30,forecast_hot_humid_bursty_r2,forecast,hot_humid,bursty,2,35.065,34.765,34.565,32.065,25.0,45.0,140.0,,100.0,2.0,32.58,,,0,trial
2026-07-07T20:35:30,forecast_hot_humid_bursty_r2,forecast,hot_humid,bursty,2,35.076,34.776,34.576,32.076,25.0,45.0,140.0,,100.0,2.0,32.59,,,0,trial
2026-07-07T20:35:30,forecast_hot_humid_bursty_r2,forecast,hot_humid,bursty,2,35.086,34.786,34.586,32.086,25.0,45.0,140.0,,100.0,2.0,32.6,,,0,trial
2026-07-07T20:35:30,forecast_hot_humid_bursty_r2,forecast,hot_humid,bursty,2,35.097,34.797,34.597,32.097,25.0,45.0,140.0,,100.0,2.0,32.61,,,0,trial
2026-07-07T20:35:30,forecast_hot_humid_bursty_r2,forecast,hot_humid,bursty,2,35.107,34.807,34.607,32.107,25.0,45.0,140.0,,100.0,2.0,32.63,,,0,trial
2026-07-07T20:35:30,forecast_hot_humid_bursty_r2,forecast,hot_humid,bursty,2,35.118,34.818,34.618,32.118,25.0,45.0,140.0,,100.0,2.0,32.64,,,0,trial
2026-07-07T20:35:30,forecast_hot_humid_bursty_r2,forecast,hot_humid,bursty,2,35.128,34.828,34.628,32.128,25.0,45.0,140.0,,100.0,2.0,32.65,,,0,trial
2026-07-07T20:35:30,forecast_hot_humid_bursty_r2,forecast,hot_humid,bursty,2,35.139,34.839,34.639,32.139,25.0,45.0,140.0,,100.0,2.0,32.66,,,0,trial
2026-07-07T20:35:30,forecast_hot_humid_bursty_r2,forecast,hot_humid,bursty,2,35.149,34.849,34.649,32.149,25.0,45.0,140.0,,100.0,2.0,32.67,,,0,trial
2026-07-07T20:35:30,forecast_hot_humid_bursty_r2,forecast,hot_humid,bursty,2,35.159,34.859,34.659,32.159,25.0,45.0,140.0,,100.0,2.0,32.68,,,0,trial
2026-07-07T20:35:30,forecast_hot_humid_bursty_r2,forecast,hot_humid,bursty,2,35.17,34.87,34.67,32.17,25.0,45.0,140.0,,100.0,2.0,32.69,,,0,trial
2026-07-07T20:35:30,forecast_hot_humid_bursty_r2,forecast,hot_humid,bursty,2,35.18,34.88,34.68,32.18,25.0,45.0,140.0,,100.0,2.0,32.7,,,0,trial
2026-07-07T20:35:30,forecast_hot_humid_bursty_r2,forecast,hot_humid,bursty,2,35.191,34.891,34.691,32.191,25.0,45.0,140.0,,100.0,2.0,32.72,,,0,trial
2026-07-07T20:35:30,forecast_hot_humid_bursty_r2,forecast,hot_humid,bursty,2,35.201,34.901,34.701,32.201,25.0,45.0,140.0,,100.0,2.0,32.73,,,0,trial
2026-07-07T20:35:30,forecast_hot_humid_bursty_r2,forecast,hot_humid,bursty,2,35.211,34.911,34.711,32.211,25.0,45.0,140.0,,100.0,2.0,32.74,,,0,trial
2026-07-07T20:35:30,forecast_hot_humid_bursty_r2,forecast,hot_humid,bursty,2,35.222,34.922,34.722,32.222,25.0,45.0,140.0,,100.0,2.0,32.75,,,0,trial
2026-07-07T20:35:30,forecast_hot_humid_bursty_r2,forecast,hot_humid,bursty,2,35.232,34.932,34.732,32.232,25.0,45.0,140.0,,100.0,2.0,32.76,,,0,trial
2026-07-07T20:35:30,forecast_hot_humid_bursty_r2,forecast,hot_humid,bursty,2,35.242,34.942,34.742,32.242,25.0,45.0,140.0,,100.0,2.0,32.77,,,0,trial
2026-07-07T20:35:30,forecast_hot_humid_bursty_r2,forecast,hot_humid,bursty,2,35.253,34.953,34.753,32.253,25.0,45.0,140.0,,100.0,2.0,32.78,,,0,trial
2026-07-07T20:35:30,forecast_hot_humid_bursty_r2,forecast,hot_humid,bursty,2,35.263,34.963,34.763,32.263,25.0,45.0,140.0,,100.0,2.0,32.8,,,0,trial
2026-07-07T20:35:30,forecast_hot_humid_bursty_r2,forecast,hot_humid,bursty,2,35.273,34.973,34.773,32.273,25.0,45.0,140.0,,100.0,2.0,32.81,,,0,trial
2026-07-07T20:35:30,forecast_hot_humid_bursty_r2,forecast,hot_humid,bursty,2,35.284,34.984,34.784,32.284,25.0,45.0,140.0,,100.0,2.0,32.82,,,0,trial
2026-07-07T20:35:30,forecast_hot_humid_bursty_r2,forecast,hot_humid,bursty,2,35.294,34.994,34.794,32.294,25.0,45.0,140.0,,100.0,2.0,32.83,,,0,trial
2026-07-07T20:35:30,forecast_hot_humid_bursty_r2,forecast,hot_humid,bursty,2,35.304,35.004,34.804,32.304,25.0,45.0,140.0,,100.0,2.0,32.84,,,0,trial
2026-07-07T20:35:30,forecast_hot_humid_bursty_r2,forecast,hot_humid,bursty,2,35.315,35.015,34.815,32.315,25.0,45.0,140.0,,100.0,2.0,32.85,,,0,trial
2026-07-07T20:35:30,forecast_hot_humid_bursty_r2,forecast,hot_humid,bursty,2,35.325,35.025,34.825,32.325,25.0,45.0,140.0,,100.0,2.0,32.86,,,0,trial
2026-07-07T20:35:30,forecast_hot_humid_bursty_r2,forecast,hot_humid,bursty,2,35.335,35.035,34.835,32.335,25.0,45.0,140.0,,100.0,2.0,32.88,,,0,trial
2026-07-07T20:35:30,forecast_hot_humid_bursty_r2,forecast,hot_humid,bursty,2,35.345,35.045,34.845,32.345,25.0,45.0,140.0,,100.0,2.0,32.89,,,0,trial
2026-07-07T20:35:30,forecast_hot_humid_bursty_r2,forecast,hot_humid,bursty,2,35.356,35.056,34.856,32.356,25.0,45.0,140.0,,100.0,2.0,32.9,,,0,trial
2026-07-07T20:35:30,forecast_hot_humid_bursty_r2,forecast,hot_humid,bursty,2,35.366,35.066,34.866,32.366,25.0,45.0,140.0,,100.0,2.0,32.91,,,0,trial
2026-07-07T20:35:30,forecast_hot_humid_bursty_r2,forecast,hot_humid,bursty,2,35.376,35.076,34.876,32.376,25.0,45.0,140.0,,100.0,2.0,32.92,,,0,trial
2026-07-07T20:35:30,forecast_hot_humid_bursty_r2,forecast,hot_humid,bursty,2,35.386,35.086,34.886,32.386,25.0,45.0,140.0,,100.0,2.0,32.93,,,0,trial
2026-07-07T20:35:30,forecast_hot_humid_bursty_r2,forecast,hot_humid,bursty,2,35.397,35.097,34.897,32.397,25.0,45.0,140.0,,100.0,2.0,32.95,,,0,trial
2026-07-07T20:35:30,forecast_hot_humid_bursty_r2,forecast,hot_humid,bursty,2,35.407,35.107,34.907,32.407,25.0,45.0,140.0,,100.0,2.0,32.96,,,0,trial
2026-07-07T20:35:30,forecast_hot_humid_bursty_r2,forecast,hot_humid,bursty,2,35.417,35.117,34.917,32.417,25.0,45.0,140.0,,100.0,2.0,32.97,,,0,trial
2026-07-07T20:35:30,forecast_hot_humid_bursty_r2,forecast,hot_humid,bursty,2,35.427,35.127,34.927,32.427,25.0,45.0,140.0,,100.0,2.0,32.98,,,0,trial
2026-07-07T20:35:30,forecast_hot_humid_bursty_r2,forecast,hot_humid,bursty,2,35.437,35.137,34.937,32.437,25.0,45.0,140.0,,100.0,2.0,32.99,,,0,trial
2026-07-07T20:35:30,forecast_hot_humid_bursty_r2,forecast,hot_humid,bursty,2,35.448,35.148,34.948,32.448,25.0,45.0,140.0,,100.0,2.0,33.01,,,0,trial
2026-07-07T20:35:30,forecast_hot_humid_bursty_r2,forecast,hot_humid,bursty,2,35.458,35.158,34.958,32.458,25.0,45.0,140.0,,100.0,2.0,33.02,,,0,trial
2026-07-07T20:35:30,forecast_hot_humid_bursty_r2,forecast,hot_humid,bursty,2,35.468,35.168,34.968,32.468,25.0,45.0,140.0,,100.0,2.0,33.03,,,0,trial
2026-07-07T20:35:30,forecast_hot_humid_bursty_r2,forecast,hot_humid,bursty,2,35.478,35.178,34.978,32.478,25.0,45.0,140.0,,100.0,2.0,33.04,,,0,trial
2026-07-07T20:35:30,forecast_hot_humid_bursty_r2,forecast,hot_humid,bursty,2,35.488,35.188,34.988,32.488,25.0,45.0,140.0,,100.0,2.0,33.05,,,0,trial
2026-07-07T20:35:30,forecast_hot_humid_bursty_r2,forecast,hot_humid,bursty,2,35.498,35.198,34.998,32.498,25.0,45.0,140.0,,100.0,2.0,33.07,,,0,trial
2026-07-07T20:35:30,forecast_hot_humid_bursty_r2,forecast,hot_humid,bursty,2,35.508,35.208,35.008,32.508,25.0,45.0,140.0,,100.0,2.0,33.08,,,0,trial
2026-07-07T20:35:30,forecast_hot_humid_bursty_r2,forecast,hot_humid,bursty,2,35.519,35.219,35.019,32.519,25.0,45.0,140.0,,100.0,2.0,33.09,,,0,trial
2026-07-07T20:35:30,forecast_hot_humid_bursty_r2,forecast,hot_humid,bursty,2,35.529,35.229,35.029,32.529,25.0,45.0,140.0,,100.0,2.0,33.1,,,0,trial
2026-07-07T20:35:30,forecast_hot_humid_bursty_r2,forecast,hot_humid,bursty,2,35.539,35.239,35.039,32.539,25.0,45.0,140.0,,100.0,2.0,33.11,,,0,trial
2026-07-07T20:35:30,forecast_hot_humid_bursty_r2,forecast,hot_humid,bursty,2,35.549,35.249,35.049,32.549,25.0,45.0,140.0,,100.0,2.0,33.13,,,0,trial
2026-07-07T20:35:30,forecast_hot_humid_bursty_r2,forecast,hot_humid,bursty,2,35.56,35.26,35.06,32.56,25.0,45.0,140.0,,75.0,1.5,33.14,,,0,trial
2026-07-07T20:35:30,forecast_hot_humid_bursty_r2,forecast,hot_humid,bursty,2,35.572,35.272,35.072,32.572,25.0,45.0,140.0,,75.0,1.5,33.15,,,0,trial
2026-07-07T20:35:30,forecast_hot_humid_bursty_r2,forecast,hot_humid,bursty,2,35.583,35.283,35.083,32.583,25.0,45.0,140.0,,75.0,1.5,33.16,,,0,trial
2026-07-07T20:35:30,forecast_hot_humid_bursty_r2,forecast,hot_humid,bursty,2,35.594,35.294,35.094,32.594,25.0,45.0,140.0,,75.0,1.5,33.17,,,0,trial
2026-07-07T20:35:30,forecast_hot_humid_bursty_r2,forecast,hot_humid,bursty,2,35.606,35.306,35.106,32.606,25.0,45.0,140.0,,75.0,1.5,33.19,,,0,trial
2026-07-07T20:35:30,forecast_hot_humid_bursty_r2,forecast,hot_humid,bursty,2,35.617,35.317,35.117,32.617,25.0,45.0,140.0,,75.0,1.5,33.2,,,0,trial
2026-07-07T20:35:30,forecast_hot_humid_bursty_r2,forecast,hot_humid,bursty,2,35.629,35.329,35.129,32.629,25.0,45.0,140.0,,75.0,1.5,33.21,,,0,trial
2026-07-07T20:35:30,forecast_hot_humid_bursty_r2,forecast,hot_humid,bursty,2,35.64,35.34,35.14,32.64,25.0,45.0,140.0,,75.0,1.5,33.22,,,0,trial
2026-07-07T20:35:30,forecast_hot_humid_bursty_r2,forecast,hot_humid,bursty,2,35.651,35.351,35.151,32.651,25.0,45.0,140.0,,75.0,1.5,33.24,,,0,trial
2026-07-07T20:35:30,forecast_hot_humid_bursty_r2,forecast,hot_humid,bursty,2,35.663,35.363,35.163,32.663,25.0,45.0,140.0,,75.0,1.5,33.25,,,0,trial
2026-07-07T20:35:30,forecast_hot_humid_bursty_r2,forecast,hot_humid,bursty,2,35.674,35.374,35.174,32.674,25.0,45.0,140.0,,75.0,1.5,33.26,,,0,trial
2026-07-07T20:35:30,forecast_hot_humid_bursty_r2,forecast,hot_humid,bursty,2,35.685,35.385,35.185,32.685,25.0,45.0,140.0,,75.0,1.5,33.27,,,0,trial
2026-07-07T20:35:30,forecast_hot_humid_bursty_r2,forecast,hot_humid,bursty,2,35.697,35.397,35.197,32.697,25.0,45.0,140.0,,75.0,1.5,33.28,,,0,trial
2026-07-07T20:35:30,forecast_hot_humid_bursty_r2,forecast,hot_humid,bursty,2,35.708,35.408,35.208,32.708,25.0,45.0,140.0,,75.0,1.5,33.3,,,0,trial
2026-07-07T20:35:30,forecast_hot_humid_bursty_r2,forecast,hot_humid,bursty,2,35.719,35.419,35.219,32.719,25.0,45.0,140.0,,75.0,1.5,33.31,,,0,trial
2026-07-07T20:35:30,forecast_hot_humid_bursty_r2,forecast,hot_humid,bursty,2,35.731,35.431,35.231,32.731,25.0,45.0,140.0,,75.0,1.5,33.32,,,0,trial
2026-07-07T20:35:30,forecast_hot_humid_bursty_r2,forecast,hot_humid,bursty,2,35.742,35.442,35.242,32.742,25.0,45.0,140.0,,75.0,1.5,33.33,,,0,trial
2026-07-07T20:35:30,forecast_hot_humid_bursty_r2,forecast,hot_humid,bursty,2,35.753,35.453,35.253,32.753,25.0,45.0,140.0,,75.0,1.5,33.35,,,0,trial
2026-07-07T20:35:30,forecast_hot_humid_bursty_r2,forecast,hot_humid,bursty,2,35.764,35.464,35.264,32.764,25.0,45.0,140.0,,75.0,1.5,33.36,,,0,trial
2026-07-07T20:35:30,forecast_hot_humid_bursty_r2,forecast,hot_humid,bursty,2,35.776,35.476,35.276,32.776,25.0,45.0,140.0,,75.0,1.5,33.37,,,0,trial
2026-07-07T20:35:30,forecast_hot_humid_bursty_r2,forecast,hot_humid,bursty,2,35.787,35.487,35.287,32.787,25.0,45.0,140.0,,75.0,1.5,33.38,,,0,trial
2026-07-07T20:35:30,forecast_hot_humid_bursty_r2,forecast,hot_humid,bursty,2,35.798,35.498,35.298,32.798,25.0,45.0,140.0,,75.0,1.5,33.4,,,0,trial
2026-07-07T20:35:30,forecast_hot_humid_bursty_r2,forecast,hot_humid,bursty,2,35.809,35.509,35.309,32.809,25.0,45.0,140.0,,75.0,1.5,33.41,,,0,trial
2026-07-07T20:35:30,forecast_hot_humid_bursty_r2,forecast,hot_humid,bursty,2,35.821,35.521,35.321,32.821,25.0,45.0,140.0,,75.0,1.5,33.42,,,0,trial
2026-07-07T20:35:30,forecast_hot_humid_bursty_r2,forecast,hot_humid,bursty,2,35.832,35.532,35.332,32.832,25.0,45.0,140.0,,75.0,1.5,33.43,,,0,trial
2026-07-07T20:35:30,forecast_hot_humid_bursty_r2,forecast,hot_humid,bursty,2,35.843,35.543,35.343,32.843,25.0,45.0,140.0,,75.0,1.5,33.45,,,0,trial
2026-07-07T20:35:30,forecast_hot_humid_bursty_r2,forecast,hot_humid,bursty,2,35.854,35.554,35.354,32.854,25.0,45.0,140.0,,75.0,1.5,33.46,,,0,trial
2026-07-07T20:35:30,forecast_hot_humid_bursty_r2,forecast,hot_humid,bursty,2,35.865,35.565,35.365,32.865,25.0,45.0,140.0,,75.0,1.5,33.47,,,0,trial
2026-07-07T20:35:30,forecast_hot_humid_bursty_r2,forecast,hot_humid,bursty,2,35.877,35.577,35.377,32.877,25.0,45.0,140.0,,75.0,1.5,33.48,,,0,trial
2026-07-07T20:35:30,forecast_hot_humid_bursty_r2,forecast,hot_humid,bursty,2,35.888,35.588,35.388,32.888,25.0,45.0,140.0,,75.0,1.5,33.5,,,0,trial
2026-07-07T20:35:30,forecast_hot_humid_bursty_r2,forecast,hot_humid,bursty,2,35.899,35.599,35.399,32.899,25.0,45.0,140.0,,75.0,1.5,33.51,,,0,trial
2026-07-07T20:35:30,forecast_hot_humid_bursty_r2,forecast,hot_humid,bursty,2,35.91,35.61,35.41,32.91,25.0,45.0,140.0,,75.0,1.5,33.52,,,0,trial
2026-07-07T20:35:30,forecast_hot_humid_bursty_r2,forecast,hot_humid,bursty,2,35.921,35.621,35.421,32.921,25.0,45.0,140.0,,75.0,1.5,33.53,,,0,trial
2026-07-07T20:35:30,forecast_hot_humid_bursty_r2,forecast,hot_humid,bursty,2,35.933,35.633,35.433,32.933,25.0,45.0,140.0,,75.0,1.5,33.55,,,0,trial
2026-07-07T20:35:30,forecast_hot_humid_bursty_r2,forecast,hot_humid,bursty,2,35.944,35.644,35.444,32.944,25.0,45.0,140.0,,75.0,1.5,33.56,,,0,trial
2026-07-07T20:35:30,forecast_hot_humid_bursty_r2,forecast,hot_humid,bursty,2,35.955,35.655,35.455,32.955,25.0,45.0,140.0,,75.0,1.5,33.57,,,0,trial
2026-07-07T20:35:30,forecast_hot_humid_bursty_r2,forecast,hot_humid,bursty,2,35.966,35.666,35.466,32.966,25.0,45.0,140.0,,75.0,1.5,33.58,,,0,trial
2026-07-07T20:35:30,forecast_hot_humid_bursty_r2,forecast,hot_humid,bursty,2,35.977,35.677,35.477,32.977,25.0,45.0,140.0,,75.0,1.5,33.6,,,0,trial
2026-07-07T20:35:30,forecast_hot_humid_bursty_r2,forecast,hot_humid,bursty,2,35.988,35.688,35.488,32.988,25.0,45.0,140.0,,75.0,1.5,33.61,,,0,trial
2026-07-07T20:35:30,forecast_hot_humid_bursty_r2,forecast,hot_humid,bursty,2,35.999,35.699,35.499,32.999,25.0,45.0,140.0,,75.0,1.5,33.62,,,0,trial
2026-07-07T20:35:30,forecast_hot_humid_bursty_r2,forecast,hot_humid,bursty,2,36.011,35.711,35.511,33.011,25.0,45.0,140.0,,75.0,1.5,33.64,,,0,trial
2026-07-07T20:35:30,forecast_hot_humid_bursty_r2,forecast,hot_humid,bursty,2,36.022,35.722,35.522,33.022,25.0,45.0,140.0,,75.0,1.5,33.65,,,0,trial
2026-07-07T20:35:30,forecast_hot_humid_bursty_r2,forecast,hot_humid,bursty,2,36.033,35.733,35.533,33.033,25.0,45.0,140.0,,75.0,1.5,33.66,,,0,trial
2026-07-07T20:35:30,forecast_hot_humid_bursty_r2,forecast,hot_humid,bursty,2,36.044,35.744,35.544,33.044,25.0,45.0,140.0,,75.0,1.5,33.67,,,0,trial
2026-07-07T20:35:30,forecast_hot_humid_bursty_r2,forecast,hot_humid,bursty,2,36.055,35.755,35.555,33.055,25.0,45.0,140.0,,75.0,1.5,33.69,,,0,trial
2026-07-07T20:35:30,forecast_hot_humid_bursty_r2,forecast,hot_humid,bursty,2,36.066,35.766,35.566,33.066,25.0,45.0,140.0,,75.0,1.5,33.7,,,0,trial
2026-07-07T20:35:30,forecast_hot_humid_bursty_r2,forecast,hot_humid,bursty,2,36.077,35.777,35.577,33.077,25.0,45.0,140.0,,75.0,1.5,33.71,,,0,trial
2026-07-07T20:35:30,forecast_hot_humid_bursty_r2,forecast,hot_humid,bursty,2,36.088,35.788,35.588,33.088,25.0,45.0,140.0,,75.0,1.5,33.73,,,0,trial
2026-07-07T20:35:30,forecast_hot_humid_bursty_r2,forecast,hot_humid,bursty,2,36.099,35.799,35.599,33.099,25.0,45.0,140.0,,75.0,1.5,33.74,,,0,trial
2026-07-07T20:35:30,forecast_hot_humid_bursty_r2,forecast,hot_humid,bursty,2,36.11,35.81,35.61,33.11,25.0,45.0,140.0,,75.0,1.5,33.75,,,0,trial
2026-07-07T20:35:30,forecast_hot_humid_bursty_r2,forecast,hot_humid,bursty,2,36.121,35.821,35.621,33.121,25.0,45.0,140.0,,75.0,1.5,33.76,,,0,trial
2026-07-07T20:35:30,forecast_hot_humid_bursty_r2,forecast,hot_humid,bursty,2,36.132,35.832,35.632,33.132,25.0,45.0,140.0,,75.0,1.5,33.78,,,0,trial
2026-07-07T20:35:30,forecast_hot_humid_bursty_r2,forecast,hot_humid,bursty,2,36.143,35.843,35.643,33.143,25.0,45.0,140.0,,75.0,1.5,33.79,,,0,trial
2026-07-07T20:35:30,forecast_hot_humid_bursty_r2,forecast,hot_humid,bursty,2,36.154,35.854,35.654,33.154,25.0,45.0,140.0,,75.0,1.5,33.8,,,0,trial
2026-07-07T20:35:30,forecast_hot_humid_bursty_r2,forecast,hot_humid,bursty,2,36.165,35.865,35.665,33.165,25.0,45.0,140.0,,75.0,1.5,33.82,,,0,trial
2026-07-07T20:35:30,forecast_hot_humid_bursty_r2,forecast,hot_humid,bursty,2,36.176,35.876,35.676,33.176,25.0,45.0,140.0,,75.0,1.5,33.83,,,0,trial
2026-07-07T20:35:30,forecast_hot_humid_bursty_r2,forecast,hot_humid,bursty,2,36.187,35.887,35.687,33.187,25.0,45.0,140.0,,75.0,1.5,33.84,,,0,trial
2026-07-07T20:35:30,forecast_hot_humid_bursty_r2,forecast,hot_humid,bursty,2,36.198,35.898,35.698,33.198,25.0,45.0,140.0,,75.0,1.5,33.85,,,0,trial
2026-07-07T20:35:30,forecast_hot_humid_bursty_r2,forecast,hot_humid,bursty,2,36.209,35.909,35.709,33.209,25.0,45.0,140.0,,75.0,1.5,33.87,,,0,trial
2026-07-07T20:35:30,forecast_hot_humid_bursty_r2,forecast,hot_humid,bursty,2,36.22,35.92,35.72,33.22,25.0,45.0,140.0,,75.0,1.5,33.88,,,0,trial
2026-07-07T20:35:30,forecast_hot_humid_bursty_r2,forecast,hot_humid,bursty,2,36.23,35.93,35.73,33.23,25.0,45.0,140.0,,100.0,2.0,33.89,,,0,trial
2026-07-07T20:35:30,forecast_hot_humid_bursty_r2,forecast,hot_humid,bursty,2,36.239,35.939,35.739,33.239,25.0,45.0,140.0,,100.0,2.0,33.91,,,0,trial
2026-07-07T20:35:30,forecast_hot_humid_bursty_r2,forecast,hot_humid,bursty,2,36.249,35.949,35.749,33.249,25.0,45.0,140.0,,100.0,2.0,33.92,,,0,trial
2026-07-07T20:35:30,forecast_hot_humid_bursty_r2,forecast,hot_humid,bursty,2,36.258,35.958,35.758,33.258,25.0,45.0,140.0,,100.0,2.0,33.93,,,0,trial
2026-07-07T20:35:30,forecast_hot_humid_bursty_r2,forecast,hot_humid,bursty,2,36.268,35.968,35.768,33.268,25.0,45.0,140.0,,100.0,2.0,33.94,,,0,trial
2026-07-07T20:35:30,forecast_hot_humid_bursty_r2,forecast,hot_humid,bursty,2,36.277,35.977,35.777,33.277,25.0,45.0,140.0,,100.0,2.0,33.96,,,0,trial
2026-07-07T20:35:30,forecast_hot_humid_bursty_r2,forecast,hot_humid,bursty,2,36.287,35.987,35.787,33.287,25.0,45.0,140.0,,100.0,2.0,33.97,,,0,trial
2026-07-07T20:35:30,forecast_hot_humid_bursty_r2,forecast,hot_humid,bursty,2,36.296,35.996,35.796,33.296,25.0,45.0,140.0,,100.0,2.0,33.98,,,0,trial
2026-07-07T20:35:30,forecast_hot_humid_bursty_r2,forecast,hot_humid,bursty,2,36.306,36.006,35.806,33.306,25.0,45.0,140.0,,100.0,2.0,34.0,,,0,trial
2026-07-07T20:35:30,forecast_hot_humid_bursty_r2,forecast,hot_humid,bursty,2,36.315,36.015,35.815,33.315,25.0,45.0,140.0,,100.0,2.0,34.01,,,0,trial
2026-07-07T20:35:30,forecast_hot_humid_bursty_r2,forecast,hot_humid,bursty,2,36.325,36.025,35.825,33.325,25.0,45.0,140.0,,100.0,2.0,34.02,,,0,trial
2026-07-07T20:35:30,forecast_hot_humid_bursty_r2,forecast,hot_humid,bursty,2,36.334,36.034,35.834,33.334,25.0,45.0,140.0,,100.0,2.0,34.04,,,0,trial
2026-07-07T20:35:30,forecast_hot_humid_bursty_r2,forecast,hot_humid,bursty,2,36.344,36.044,35.844,33.344,25.0,45.0,140.0,,100.0,2.0,34.05,,,0,trial
2026-07-07T20:35:30,forecast_hot_humid_bursty_r2,forecast,hot_humid,bursty,2,36.353,36.053,35.853,33.353,25.0,45.0,140.0,,100.0,2.0,34.06,,,0,trial
2026-07-07T20:35:30,forecast_hot_humid_bursty_r2,forecast,hot_humid,bursty,2,36.363,36.063,35.863,33.363,25.0,45.0,140.0,,100.0,2.0,34.07,,,0,trial
2026-07-07T20:35:30,forecast_hot_humid_bursty_r2,forecast,hot_humid,bursty,2,36.372,36.072,35.872,33.372,25.0,45.0,140.0,,100.0,2.0,34.09,,,0,trial
2026-07-07T20:35:30,forecast_hot_humid_bursty_r2,forecast,hot_humid,bursty,2,36.382,36.082,35.882,33.382,25.0,45.0,140.0,,100.0,2.0,34.1,,,0,trial
2026-07-07T20:35:30,forecast_hot_humid_bursty_r2,forecast,hot_humid,bursty,2,36.391,36.091,35.891,33.391,25.0,45.0,140.0,,100.0,2.0,34.11,,,0,trial
2026-07-07T20:35:30,forecast_hot_humid_bursty_r2,forecast,hot_humid,bursty,2,36.401,36.101,35.901,33.401,25.0,45.0,140.0,,100.0,2.0,34.13,,,0,trial
2026-07-07T20:35:30,forecast_hot_humid_bursty_r2,forecast,hot_humid,bursty,2,36.41,36.11,35.91,33.41,25.0,45.0,140.0,,100.0,2.0,34.14,,,0,trial
2026-07-07T20:35:30,forecast_hot_humid_bursty_r2,forecast,hot_humid,bursty,2,36.419,36.119,35.919,33.419,25.0,45.0,140.0,,100.0,2.0,34.15,,,0,trial
2026-07-07T20:35:30,forecast_hot_humid_bursty_r2,forecast,hot_humid,bursty,2,36.429,36.129,35.929,33.429,25.0,45.0,140.0,,100.0,2.0,34.17,,,0,trial
2026-07-07T20:35:30,forecast_hot_humid_bursty_r2,forecast,hot_humid,bursty,2,36.438,36.138,35.938,33.438,25.0,45.0,140.0,,100.0,2.0,34.18,,,0,trial
2026-07-07T20:35:30,forecast_hot_humid_bursty_r2,forecast,hot_humid,bursty,2,36.448,36.148,35.948,33.448,25.0,45.0,140.0,,100.0,2.0,34.19,,,0,trial
2026-07-07T20:35:30,forecast_hot_humid_bursty_r2,forecast,hot_humid,bursty,2,36.457,36.157,35.957,33.457,25.0,45.0,140.0,,100.0,2.0,34.21,,,0,trial
2026-07-07T20:35:30,forecast_hot_humid_bursty_r2,forecast,hot_humid,bursty,2,36.466,36.166,35.966,33.466,25.0,45.0,140.0,,100.0,2.0,34.22,,,0,trial
2026-07-07T20:35:30,forecast_hot_humid_bursty_r2,forecast,hot_humid,bursty,2,36.476,36.176,35.976,33.476,25.0,45.0,140.0,,100.0,2.0,34.23,,,0,trial
2026-07-07T20:35:30,forecast_hot_humid_bursty_r2,forecast,hot_humid,bursty,2,36.485,36.185,35.985,33.485,25.0,45.0,140.0,,100.0,2.0,34.24,,,0,trial
2026-07-07T20:35:30,forecast_hot_humid_bursty_r2,forecast,hot_humid,bursty,2,36.494,36.194,35.994,33.494,25.0,45.0,140.0,,100.0,2.0,34.26,,,0,trial
2026-07-07T20:35:30,forecast_hot_humid_bursty_r2,forecast,hot_humid,bursty,2,36.504,36.204,36.004,33.504,25.0,45.0,140.0,,100.0,2.0,34.27,,,0,trial
2026-07-07T20:35:30,forecast_hot_humid_bursty_r2,forecast,hot_humid,bursty,2,36.515,36.215,36.015,33.515,25.0,45.0,140.0,,75.0,1.5,34.28,,,0,trial
2026-07-07T20:35:30,forecast_hot_humid_bursty_r2,forecast,hot_humid,bursty,2,36.525,36.225,36.025,33.525,25.0,45.0,140.0,,75.0,1.5,34.3,,,0,trial
2026-07-07T20:35:30,forecast_hot_humid_bursty_r2,forecast,hot_humid,bursty,2,36.536,36.236,36.036,33.536,25.0,45.0,140.0,,75.0,1.5,34.31,,,0,trial
2026-07-07T20:35:30,forecast_hot_humid_bursty_r2,forecast,hot_humid,bursty,2,36.547,36.247,36.047,33.547,25.0,45.0,140.0,,75.0,1.5,34.32,,,0,trial
2026-07-07T20:35:30,forecast_hot_humid_bursty_r2,forecast,hot_humid,bursty,2,36.558,36.258,36.058,33.558,25.0,45.0,140.0,,75.0,1.5,34.34,,,0,trial
2026-07-07T20:35:30,forecast_hot_humid_bursty_r2,forecast,hot_humid,bursty,2,36.568,36.268,36.068,33.568,25.0,45.0,140.0,,75.0,1.5,34.35,,,0,trial
2026-07-07T20:35:30,forecast_hot_humid_bursty_r2,forecast,hot_humid,bursty,2,36.579,36.279,36.079,33.579,25.0,45.0,140.0,,75.0,1.5,34.36,,,0,trial
2026-07-07T20:35:30,forecast_hot_humid_bursty_r2,forecast,hot_humid,bursty,2,36.59,36.29,36.09,33.59,25.0,45.0,140.0,,75.0,1.5,34.38,,,0,trial
2026-07-07T20:35:30,forecast_hot_humid_bursty_r2,forecast,hot_humid,bursty,2,36.601,36.301,36.101,33.601,25.0,45.0,140.0,,75.0,1.5,34.39,,,0,trial
2026-07-07T20:35:30,forecast_hot_humid_bursty_r2,forecast,hot_humid,bursty,2,36.611,36.311,36.111,33.611,25.0,45.0,140.0,,75.0,1.5,34.4,,,0,trial
2026-07-07T20:35:30,forecast_hot_humid_bursty_r2,forecast,hot_humid,bursty,2,36.622,36.322,36.122,33.622,25.0,45.0,140.0,,75.0,1.5,34.41,,,0,trial
2026-07-07T20:35:30,forecast_hot_humid_bursty_r2,forecast,hot_humid,bursty,2,36.633,36.333,36.133,33.633,25.0,45.0,140.0,,75.0,1.5,34.43,,,0,trial
2026-07-07T20:35:30,forecast_hot_humid_bursty_r2,forecast,hot_humid,bursty,2,36.643,36.343,36.143,33.643,25.0,45.0,140.0,,75.0,1.5,34.44,,,0,trial
2026-07-07T20:35:30,forecast_hot_humid_bursty_r2,forecast,hot_humid,bursty,2,36.654,36.354,36.154,33.654,25.0,45.0,140.0,,75.0,1.5,34.45,,,0,trial
2026-07-07T20:35:30,forecast_hot_humid_bursty_r2,forecast,hot_humid,bursty,2,36.665,36.365,36.165,33.665,25.0,45.0,140.0,,75.0,1.5,34.47,,,0,trial
2026-07-07T20:35:30,forecast_hot_humid_bursty_r2,forecast,hot_humid,bursty,2,36.675,36.375,36.175,33.675,25.0,45.0,140.0,,75.0,1.5,34.48,,,0,trial
2026-07-07T20:35:30,forecast_hot_humid_bursty_r2,forecast,hot_humid,bursty,2,36.686,36.386,36.186,33.686,25.0,45.0,140.0,,75.0,1.5,34.49,,,0,trial
2026-07-07T20:35:30,forecast_hot_humid_bursty_r2,forecast,hot_humid,bursty,2,36.697,36.397,36.197,33.697,25.0,45.0,140.0,,75.0,1.5,34.51,,,0,trial
2026-07-07T20:35:30,forecast_hot_humid_bursty_r2,forecast,hot_humid,bursty,2,36.707,36.407,36.207,33.707,25.0,45.0,140.0,,75.0,1.5,34.52,,,0,trial
2026-07-07T20:35:30,forecast_hot_humid_bursty_r2,forecast,hot_humid,bursty,2,36.718,36.418,36.218,33.718,25.0,45.0,140.0,,75.0,1.5,34.53,,,0,trial
2026-07-07T20:35:30,forecast_hot_humid_bursty_r2,forecast,hot_humid,bursty,2,36.729,36.429,36.229,33.729,25.0,45.0,140.0,,75.0,1.5,34.55,,,0,trial
2026-07-07T20:35:30,forecast_hot_humid_bursty_r2,forecast,hot_humid,bursty,2,36.739,36.439,36.239,33.739,25.0,45.0,140.0,,75.0,1.5,34.56,,,0,trial
2026-07-07T20:35:30,forecast_hot_humid_bursty_r2,forecast,hot_humid,bursty,2,36.75,36.45,36.25,33.75,25.0,45.0,140.0,,75.0,1.5,34.57,,,0,trial
2026-07-07T20:35:30,forecast_hot_humid_bursty_r2,forecast,hot_humid,bursty,2,36.76,36.46,36.26,33.76,25.0,45.0,140.0,,75.0,1.5,34.58,,,0,trial
2026-07-07T20:35:30,forecast_hot_humid_bursty_r2,forecast,hot_humid,bursty,2,36.771,36.471,36.271,33.771,25.0,45.0,140.0,,75.0,1.5,34.6,,,0,trial
2026-07-07T20:35:30,forecast_hot_humid_bursty_r2,forecast,hot_humid,bursty,2,36.782,36.482,36.282,33.782,25.0,45.0,140.0,,75.0,1.5,34.61,,,0,trial
2026-07-07T20:35:30,forecast_hot_humid_bursty_r2,forecast,hot_humid,bursty,2,36.792,36.492,36.292,33.792,25.0,45.0,140.0,,75.0,1.5,34.62,,,0,trial
2026-07-07T20:35:30,forecast_hot_humid_bursty_r2,forecast,hot_humid,bursty,2,36.803,36.503,36.303,33.803,25.0,45.0,140.0,,75.0,1.5,34.64,,,0,trial
2026-07-07T20:35:30,forecast_hot_humid_bursty_r2,forecast,hot_humid,bursty,2,36.813,36.513,36.313,33.813,25.0,45.0,140.0,,75.0,1.5,34.65,,,0,trial
2026-07-07T20:35:30,forecast_hot_humid_bursty_r2,forecast,hot_humid,bursty,2,36.824,36.524,36.324,33.824,25.0,45.0,140.0,,75.0,1.5,34.66,,,0,trial
2026-07-07T20:35:30,forecast_hot_humid_bursty_r2,forecast,hot_humid,bursty,2,36.836,36.536,36.336,33.836,25.0,45.0,140.0,,50.0,1.0,34.68,,,0,trial
2026-07-07T20:35:30,forecast_hot_humid_bursty_r2,forecast,hot_humid,bursty,2,36.848,36.548,36.348,33.848,25.0,45.0,140.0,,50.0,1.0,34.69,,,0,trial
2026-07-07T20:35:30,forecast_hot_humid_bursty_r2,forecast,hot_humid,bursty,2,36.861,36.561,36.361,33.861,25.0,45.0,140.0,,50.0,1.0,34.7,,,0,trial
2026-07-07T20:35:30,forecast_hot_humid_bursty_r2,forecast,hot_humid,bursty,2,36.873,36.573,36.373,33.873,25.0,45.0,140.0,,50.0,1.0,34.71,,,0,trial
2026-07-07T20:35:30,forecast_hot_humid_bursty_r2,forecast,hot_humid,bursty,2,36.885,36.585,36.385,33.885,25.0,45.0,140.0,,50.0,1.0,34.73,,,0,trial
2026-07-07T20:35:30,forecast_hot_humid_bursty_r2,forecast,hot_humid,bursty,2,36.897,36.597,36.397,33.897,25.0,45.0,140.0,,50.0,1.0,34.74,,,0,trial
2026-07-07T20:35:30,forecast_hot_humid_bursty_r2,forecast,hot_humid,bursty,2,36.909,36.609,36.409,33.909,25.0,45.0,140.0,,50.0,1.0,34.75,,,0,trial
2026-07-07T20:35:30,forecast_hot_humid_bursty_r2,forecast,hot_humid,bursty,2,36.921,36.621,36.421,33.921,25.0,45.0,140.0,,50.0,1.0,34.77,,,0,trial
2026-07-07T20:35:30,forecast_hot_humid_bursty_r2,forecast,hot_humid,bursty,2,36.934,36.634,36.434,33.934,25.0,45.0,140.0,,50.0,1.0,34.78,,,0,trial
2026-07-07T20:35:30,forecast_hot_humid_bursty_r2,forecast,hot_humid,bursty,2,36.946,36.646,36.446,33.946,25.0,45.0,140.0,,50.0,1.0,34.79,,,0,trial
2026-07-07T20:35:30,forecast_hot_humid_bursty_r2,forecast,hot_humid,bursty,2,36.958,36.658,36.458,33.958,25.0,45.0,140.0,,50.0,1.0,34.81,,,0,trial
2026-07-07T20:35:30,forecast_hot_humid_bursty_r2,forecast,hot_humid,bursty,2,36.97,36.67,36.47,33.97,25.0,45.0,140.0,,50.0,1.0,34.82,,,0,trial
2026-07-07T20:35:30,forecast_hot_humid_bursty_r2,forecast,hot_humid,bursty,2,36.982,36.682,36.482,33.982,25.0,45.0,140.0,,50.0,1.0,34.83,,,0,trial
2026-07-07T20:35:30,forecast_hot_humid_bursty_r2,forecast,hot_humid,bursty,2,36.994,36.694,36.494,33.994,25.0,45.0,140.0,,50.0,1.0,34.84,,,0,trial
2026-07-07T20:35:30,forecast_hot_humid_bursty_r2,forecast,hot_humid,bursty,2,37.006,36.706,36.506,34.006,25.0,45.0,140.0,,50.0,1.0,34.86,,,0,trial
2026-07-07T20:35:30,forecast_hot_humid_bursty_r2,forecast,hot_humid,bursty,2,37.018,36.718,36.518,34.018,25.0,45.0,140.0,,50.0,1.0,34.87,,,0,trial
2026-07-07T20:35:30,forecast_hot_humid_bursty_r2,forecast,hot_humid,bursty,2,37.03,36.73,36.53,34.03,25.0,45.0,140.0,,50.0,1.0,34.88,,,0,trial
2026-07-07T20:35:30,forecast_hot_humid_bursty_r2,forecast,hot_humid,bursty,2,37.043,36.743,36.543,34.043,25.0,45.0,140.0,,50.0,1.0,34.9,,,0,trial
2026-07-07T20:35:30,forecast_hot_humid_bursty_r2,forecast,hot_humid,bursty,2,37.055,36.755,36.555,34.055,25.0,45.0,140.0,,50.0,1.0,34.91,,,0,trial
2026-07-07T20:35:30,forecast_hot_humid_bursty_r2,forecast,hot_humid,bursty,2,37.067,36.767,36.567,34.067,25.0,45.0,140.0,,50.0,1.0,34.92,,,0,trial
2026-07-07T20:35:30,forecast_hot_humid_bursty_r2,forecast,hot_humid,bursty,2,37.079,36.779,36.579,34.079,25.0,45.0,140.0,,50.0,1.0,34.93,,,0,trial
2026-07-07T20:35:30,forecast_hot_humid_bursty_r2,forecast,hot_humid,bursty,2,37.091,36.791,36.591,34.091,25.0,45.0,140.0,,50.0,1.0,34.95,,,0,trial
2026-07-07T20:35:30,forecast_hot_humid_bursty_r2,forecast,hot_humid,bursty,2,37.103,36.803,36.603,34.103,25.0,45.0,140.0,,50.0,1.0,34.96,,,0,trial
2026-07-07T20:35:30,forecast_hot_humid_bursty_r2,forecast,hot_humid,bursty,2,37.115,36.815,36.615,34.115,25.0,45.0,140.0,,50.0,1.0,34.97,,,0,trial
2026-07-07T20:35:30,forecast_hot_humid_bursty_r2,forecast,hot_humid,bursty,2,37.127,36.827,36.627,34.127,25.0,45.0,140.0,,50.0,1.0,34.99,,,0,trial
2026-07-07T20:35:30,forecast_hot_humid_bursty_r2,forecast,hot_humid,bursty,2,37.139,36.839,36.639,34.139,25.0,45.0,140.0,,50.0,1.0,35.0,,,0,trial
2026-07-07T20:35:30,forecast_hot_humid_bursty_r2,forecast,hot_humid,bursty,2,37.151,36.851,36.651,34.151,25.0,45.0,140.0,,50.0,1.0,35.01,,,0,trial
2026-07-07T20:35:30,forecast_hot_humid_bursty_r2,forecast,hot_humid,bursty,2,37.163,36.863,36.663,34.163,25.0,45.0,140.0,,50.0,1.0,35.02,,,0,trial
2026-07-07T20:35:30,forecast_hot_humid_bursty_r2,forecast,hot_humid,bursty,2,37.175,36.875,36.675,34.175,25.0,45.0,140.0,,50.0,1.0,35.04,,,0,trial
2026-07-07T20:35:30,forecast_hot_humid_bursty_r2,forecast,hot_humid,bursty,2,37.187,36.887,36.687,34.187,25.0,45.0,140.0,,50.0,1.0,35.05,,,0,trial
2026-07-07T20:35:30,forecast_hot_humid_bursty_r2,forecast,hot_humid,bursty,2,37.199,36.899,36.699,34.199,25.0,45.0,140.0,,50.0,1.0,35.06,,,0,trial
2026-07-07T20:35:30,forecast_hot_humid_bursty_r2,forecast,hot_humid,bursty,2,37.211,36.911,36.711,34.211,25.0,45.0,140.0,,50.0,1.0,35.07,,,0,trial
2026-07-07T20:35:30,forecast_hot_humid_bursty_r2,forecast,hot_humid,bursty,2,37.223,36.923,36.723,34.223,25.0,45.0,140.0,,50.0,1.0,35.09,,,0,trial
2026-07-07T20:35:30,forecast_hot_humid_bursty_r2,forecast,hot_humid,bursty,2,37.235,36.935,36.735,34.235,25.0,45.0,140.0,,50.0,1.0,35.1,,,0,trial
2026-07-07T20:35:30,forecast_hot_humid_bursty_r2,forecast,hot_humid,bursty,2,37.247,36.947,36.747,34.247,25.0,45.0,140.0,,50.0,1.0,35.11,,,0,trial
2026-07-07T20:35:30,forecast_hot_humid_bursty_r2,forecast,hot_humid,bursty,2,37.259,36.959,36.759,34.259,25.0,45.0,140.0,,50.0,1.0,35.13,,,0,trial
2026-07-07T20:35:30,forecast_hot_humid_bursty_r2,forecast,hot_humid,bursty,2,37.271,36.971,36.771,34.271,25.0,45.0,140.0,,50.0,1.0,35.14,,,0,trial
2026-07-07T20:35:30,forecast_hot_humid_bursty_r2,forecast,hot_humid,bursty,2,37.283,36.983,36.783,34.283,25.0,45.0,140.0,,50.0,1.0,35.15,,,0,trial
2026-07-07T20:35:30,forecast_hot_humid_bursty_r2,forecast,hot_humid,bursty,2,37.295,36.995,36.795,34.295,25.0,45.0,140.0,,50.0,1.0,35.16,,,0,trial
2026-07-07T20:35:30,forecast_hot_humid_bursty_r2,forecast,hot_humid,bursty,2,37.307,37.007,36.807,34.307,25.0,45.0,140.0,,50.0,1.0,35.18,,,0,trial
2026-07-07T20:35:30,forecast_hot_humid_bursty_r2,forecast,hot_humid,bursty,2,37.319,37.019,36.819,34.319,25.0,45.0,140.0,,50.0,1.0,35.19,,,0,trial
2026-07-07T20:35:30,forecast_hot_humid_bursty_r2,forecast,hot_humid,bursty,2,37.331,37.031,36.831,34.331,25.0,45.0,140.0,,50.0,1.0,35.2,,,0,trial
2026-07-07T20:35:30,forecast_hot_humid_bursty_r2,forecast,hot_humid,bursty,2,37.343,37.043,36.843,34.343,25.0,45.0,140.0,,50.0,1.0,35.21,,,0,trial
2026-07-07T20:35:30,forecast_hot_humid_bursty_r2,forecast,hot_humid,bursty,2,37.355,37.055,36.855,34.355,25.0,45.0,140.0,,50.0,1.0,35.23,,,0,trial
2026-07-07T20:35:30,forecast_hot_humid_bursty_r2,forecast,hot_humid,bursty,2,37.367,37.067,36.867,34.367,25.0,45.0,140.0,,50.0,1.0,35.24,,,0,trial
2026-07-07T20:35:30,forecast_hot_humid_bursty_r2,forecast,hot_humid,bursty,2,37.378,37.078,36.878,34.378,25.0,45.0,140.0,,50.0,1.0,35.25,,,0,trial
2026-07-07T20:35:30,forecast_hot_humid_bursty_r2,forecast,hot_humid,bursty,2,37.39,37.09,36.89,34.39,25.0,45.0,140.0,,50.0,1.0,35.26,,,0,trial
2026-07-07T20:35:30,forecast_hot_humid_bursty_r2,forecast,hot_humid,bursty,2,37.402,37.102,36.902,34.402,25.0,45.0,140.0,,50.0,1.0,35.28,,,0,trial
2026-07-07T20:35:30,forecast_hot_humid_bursty_r2,forecast,hot_humid,bursty,2,37.414,37.114,36.914,34.414,25.0,45.0,140.0,,50.0,1.0,35.29,,,0,trial
2026-07-07T20:35:30,forecast_hot_humid_bursty_r2,forecast,hot_humid,bursty,2,37.426,37.126,36.926,34.426,25.0,45.0,140.0,,50.0,1.0,35.3,,,0,trial
2026-07-07T20:35:30,forecast_hot_humid_bursty_r2,forecast,hot_humid,bursty,2,37.438,37.138,36.938,34.438,25.0,45.0,140.0,,50.0,1.0,35.31,,,0,trial
2026-07-07T20:35:30,forecast_hot_humid_bursty_r2,forecast,hot_humid,bursty,2,37.45,37.15,36.95,34.45,25.0,45.0,140.0,,50.0,1.0,35.33,,,0,trial
2026-07-07T20:35:30,forecast_hot_humid_bursty_r2,forecast,hot_humid,bursty,2,37.462,37.162,36.962,34.462,25.0,45.0,140.0,,50.0,1.0,35.34,,,0,trial
2026-07-07T20:35:30,forecast_hot_humid_bursty_r2,forecast,hot_humid,bursty,2,37.473,37.173,36.973,34.473,25.0,45.0,140.0,,50.0,1.0,35.35,,,0,trial
2026-07-07T20:35:30,forecast_hot_humid_bursty_r2,forecast,hot_humid,bursty,2,37.485,37.185,36.985,34.485,25.0,45.0,140.0,,50.0,1.0,35.36,,,0,trial
2026-07-07T20:35:30,forecast_hot_humid_bursty_r2,forecast,hot_humid,bursty,2,37.497,37.197,36.997,34.497,25.0,45.0,140.0,,50.0,1.0,35.37,,,0,trial
2026-07-07T20:35:30,forecast_hot_humid_bursty_r2,forecast,hot_humid,bursty,2,37.509,37.209,37.009,34.509,25.0,45.0,140.0,,50.0,1.0,35.39,,,0,trial
2026-07-07T20:35:30,forecast_hot_humid_bursty_r2,forecast,hot_humid,bursty,2,37.521,37.221,37.021,34.521,25.0,45.0,140.0,,50.0,1.0,35.4,,,0,trial
2026-07-07T20:35:30,forecast_hot_humid_bursty_r2,forecast,hot_humid,bursty,2,37.533,37.233,37.033,34.533,25.0,45.0,140.0,,50.0,1.0,35.41,,,0,trial
2026-07-07T20:35:30,forecast_hot_humid_bursty_r2,forecast,hot_humid,bursty,2,37.545,37.245,37.045,34.545,25.0,45.0,140.0,,50.0,1.0,35.42,,,0,trial
2026-07-07T20:35:30,forecast_hot_humid_bursty_r2,forecast,hot_humid,bursty,2,37.553,37.253,37.053,34.553,25.0,45.0,140.0,,100.0,2.0,35.44,,,0,trial
2026-07-07T20:35:30,forecast_hot_humid_bursty_r2,forecast,hot_humid,bursty,2,37.562,37.262,37.062,34.562,25.0,45.0,140.0,,100.0,2.0,35.45,,,0,trial
2026-07-07T20:35:30,forecast_hot_humid_bursty_r2,forecast,hot_humid,bursty,2,37.57,37.27,37.07,34.57,25.0,45.0,140.0,,100.0,2.0,35.46,,,0,trial
2026-07-07T20:35:30,forecast_hot_humid_bursty_r2,forecast,hot_humid,bursty,2,37.579,37.279,37.079,34.579,25.0,45.0,140.0,,100.0,2.0,35.47,,,0,trial
2026-07-07T20:35:30,forecast_hot_humid_bursty_r2,forecast,hot_humid,bursty,2,37.587,37.287,37.087,34.587,25.0,45.0,140.0,,100.0,2.0,35.48,,,0,trial
2026-07-07T20:35:30,forecast_hot_humid_bursty_r2,forecast,hot_humid,bursty,2,37.596,37.296,37.096,34.596,25.0,45.0,140.0,,100.0,2.0,35.5,,,0,trial
2026-07-07T20:35:30,forecast_hot_humid_bursty_r2,forecast,hot_humid,bursty,2,37.604,37.304,37.104,34.604,25.0,45.0,140.0,,100.0,2.0,35.51,,,0,trial
2026-07-07T20:35:30,forecast_hot_humid_bursty_r2,forecast,hot_humid,bursty,2,37.612,37.312,37.112,34.612,25.0,45.0,140.0,,100.0,2.0,35.52,,,0,trial
2026-07-07T20:35:30,forecast_hot_humid_bursty_r2,forecast,hot_humid,bursty,2,37.621,37.321,37.121,34.621,25.0,45.0,140.0,,100.0,2.0,35.53,,,0,trial
2026-07-07T20:35:30,forecast_hot_humid_bursty_r2,forecast,hot_humid,bursty,2,37.629,37.329,37.129,34.629,25.0,45.0,140.0,,100.0,2.0,35.54,,,0,trial
2026-07-07T20:35:30,forecast_hot_humid_bursty_r2,forecast,hot_humid,bursty,2,37.638,37.338,37.138,34.638,25.0,45.0,140.0,,100.0,2.0,35.56,,,0,trial
2026-07-07T20:35:30,forecast_hot_humid_bursty_r2,forecast,hot_humid,bursty,2,37.646,37.346,37.146,34.646,25.0,45.0,140.0,,100.0,2.0,35.57,,,0,trial
2026-07-07T20:35:30,forecast_hot_humid_bursty_r2,forecast,hot_humid,bursty,2,37.655,37.355,37.155,34.655,25.0,45.0,140.0,,100.0,2.0,35.58,,,0,trial
2026-07-07T20:35:30,forecast_hot_humid_bursty_r2,forecast,hot_humid,bursty,2,37.663,37.363,37.163,34.663,25.0,45.0,140.0,,100.0,2.0,35.59,,,0,trial
2026-07-07T20:35:30,forecast_hot_humid_bursty_r2,forecast,hot_humid,bursty,2,37.672,37.372,37.172,34.672,25.0,45.0,140.0,,100.0,2.0,35.6,,,0,trial
2026-07-07T20:35:30,forecast_hot_humid_bursty_r2,forecast,hot_humid,bursty,2,37.68,37.38,37.18,34.68,25.0,45.0,140.0,,100.0,2.0,35.61,,,0,trial
2026-07-07T20:35:30,forecast_hot_humid_bursty_r2,forecast,hot_humid,bursty,2,37.688,37.388,37.188,34.688,25.0,45.0,140.0,,100.0,2.0,35.63,,,0,trial
2026-07-07T20:35:30,forecast_hot_humid_bursty_r2,forecast,hot_humid,bursty,2,37.697,37.397,37.197,34.697,25.0,45.0,140.0,,100.0,2.0,35.64,,,0,trial
2026-07-07T20:35:30,forecast_hot_humid_bursty_r2,forecast,hot_humid,bursty,2,37.705,37.405,37.205,34.705,25.0,45.0,140.0,,100.0,2.0,35.65,,,0,trial
2026-07-07T20:35:30,forecast_hot_humid_bursty_r2,forecast,hot_humid,bursty,2,37.714,37.414,37.214,34.714,25.0,45.0,140.0,,100.0,2.0,35.66,,,0,trial
2026-07-07T20:35:30,forecast_hot_humid_bursty_r2,forecast,hot_humid,bursty,2,37.722,37.422,37.222,34.722,25.0,45.0,140.0,,100.0,2.0,35.67,,,0,trial
2026-07-07T20:35:30,forecast_hot_humid_bursty_r2,forecast,hot_humid,bursty,2,37.73,37.43,37.23,34.73,25.0,45.0,140.0,,100.0,2.0,35.68,,,0,trial
2026-07-07T20:35:30,forecast_hot_humid_bursty_r2,forecast,hot_humid,bursty,2,37.739,37.439,37.239,34.739,25.0,45.0,140.0,,100.0,2.0,35.7,,,0,trial
2026-07-07T20:35:30,forecast_hot_humid_bursty_r2,forecast,hot_humid,bursty,2,37.747,37.447,37.247,34.747,25.0,45.0,140.0,,100.0,2.0,35.71,,,0,trial
2026-07-07T20:35:30,forecast_hot_humid_bursty_r2,forecast,hot_humid,bursty,2,37.755,37.455,37.255,34.755,25.0,45.0,140.0,,100.0,2.0,35.72,,,0,trial
2026-07-07T20:35:30,forecast_hot_humid_bursty_r2,forecast,hot_humid,bursty,2,37.764,37.464,37.264,34.764,25.0,45.0,140.0,,100.0,2.0,35.73,,,0,trial
2026-07-07T20:35:30,forecast_hot_humid_bursty_r2,forecast,hot_humid,bursty,2,37.772,37.472,37.272,34.772,25.0,45.0,140.0,,100.0,2.0,35.74,,,0,trial
2026-07-07T20:35:30,forecast_hot_humid_bursty_r2,forecast,hot_humid,bursty,2,37.78,37.48,37.28,34.78,25.0,45.0,140.0,,100.0,2.0,35.75,,,0,trial
2026-07-07T20:35:30,forecast_hot_humid_bursty_r2,forecast,hot_humid,bursty,2,37.789,37.489,37.289,34.789,25.0,45.0,140.0,,100.0,2.0,35.76,,,0,trial
2026-07-07T20:35:30,forecast_hot_humid_bursty_r2,forecast,hot_humid,bursty,2,37.797,37.497,37.297,34.797,25.0,45.0,140.0,,100.0,2.0,35.78,,,0,trial
2026-07-07T20:35:30,forecast_hot_humid_bursty_r2,forecast,hot_humid,bursty,2,37.809,37.509,37.309,34.809,25.0,45.0,140.0,,50.0,1.0,35.79,,,0,trial
2026-07-07T20:35:30,forecast_hot_humid_bursty_r2,forecast,hot_humid,bursty,2,37.82,37.52,37.32,34.82,25.0,45.0,140.0,,50.0,1.0,35.8,,,0,trial
2026-07-07T20:35:30,forecast_hot_humid_bursty_r2,forecast,hot_humid,bursty,2,37.832,37.532,37.332,34.832,25.0,45.0,140.0,,50.0,1.0,35.81,,,0,trial
2026-07-07T20:35:30,forecast_hot_humid_bursty_r2,forecast,hot_humid,bursty,2,37.844,37.544,37.344,34.844,25.0,45.0,140.0,,50.0,1.0,35.82,,,0,trial
2026-07-07T20:35:30,forecast_hot_humid_bursty_r2,forecast,hot_humid,bursty,2,37.855,37.555,37.355,34.855,25.0,45.0,140.0,,50.0,1.0,35.83,,,0,trial
2026-07-07T20:35:30,forecast_hot_humid_bursty_r2,forecast,hot_humid,bursty,2,37.867,37.567,37.367,34.867,25.0,45.0,140.0,,50.0,1.0,35.84,,,0,trial
2026-07-07T20:35:30,forecast_hot_humid_bursty_r2,forecast,hot_humid,bursty,2,37.879,37.579,37.379,34.879,25.0,45.0,140.0,,50.0,1.0,35.85,,,0,trial
2026-07-07T20:35:30,forecast_hot_humid_bursty_r2,forecast,hot_humid,bursty,2,37.89,37.59,37.39,34.89,25.0,45.0,140.0,,50.0,1.0,35.87,,,0,trial
2026-07-07T20:35:30,forecast_hot_humid_bursty_r2,forecast,hot_humid,bursty,2,37.902,37.602,37.402,34.902,25.0,45.0,140.0,,50.0,1.0,35.88,,,0,trial
2026-07-07T20:35:30,forecast_hot_humid_bursty_r2,forecast,hot_humid,bursty,2,37.914,37.614,37.414,34.914,25.0,45.0,140.0,,50.0,1.0,35.89,,,0,trial
2026-07-07T20:35:30,forecast_hot_humid_bursty_r2,forecast,hot_humid,bursty,2,37.925,37.625,37.425,34.925,25.0,45.0,140.0,,50.0,1.0,35.9,,,0,trial
2026-07-07T20:35:30,forecast_hot_humid_bursty_r2,forecast,hot_humid,bursty,2,37.937,37.637,37.437,34.937,25.0,45.0,140.0,,50.0,1.0,35.91,,,0,trial
2026-07-07T20:35:30,forecast_hot_humid_bursty_r2,forecast,hot_humid,bursty,2,37.949,37.649,37.449,34.949,25.0,45.0,140.0,,50.0,1.0,35.92,,,0,trial
2026-07-07T20:35:30,forecast_hot_humid_bursty_r2,forecast,hot_humid,bursty,2,37.96,37.66,37.46,34.96,25.0,45.0,140.0,,50.0,1.0,35.93,,,0,trial
2026-07-07T20:35:30,forecast_hot_humid_bursty_r2,forecast,hot_humid,bursty,2,37.972,37.672,37.472,34.972,25.0,45.0,140.0,,50.0,1.0,35.94,,,0,trial
2026-07-07T20:35:30,forecast_hot_humid_bursty_r2,forecast,hot_humid,bursty,2,37.983,37.683,37.483,34.983,25.0,45.0,140.0,,50.0,1.0,35.95,,,0,trial
2026-07-07T20:35:30,forecast_hot_humid_bursty_r2,forecast,hot_humid,bursty,2,37.995,37.695,37.495,34.995,25.0,45.0,140.0,,50.0,1.0,35.96,,,0,trial
2026-07-07T20:35:30,forecast_hot_humid_bursty_r2,forecast,hot_humid,bursty,2,38.007,37.707,37.507,35.007,25.0,45.0,140.0,,50.0,1.0,35.97,,,0,trial
2026-07-07T20:35:30,forecast_hot_humid_bursty_r2,forecast,hot_humid,bursty,2,38.018,37.718,37.518,35.018,25.0,45.0,140.0,,50.0,1.0,35.99,,,0,trial
2026-07-07T20:35:30,forecast_hot_humid_bursty_r2,forecast,hot_humid,bursty,2,38.03,37.73,37.53,35.03,25.0,45.0,140.0,,50.0,1.0,36.0,,,0,trial
2026-07-07T20:35:30,forecast_hot_humid_bursty_r2,forecast,hot_humid,bursty,2,38.041,37.741,37.541,35.041,25.0,45.0,140.0,,50.0,1.0,36.01,,,0,trial
2026-07-07T20:35:30,forecast_hot_humid_bursty_r2,forecast,hot_humid,bursty,2,38.053,37.753,37.553,35.053,25.0,45.0,140.0,,50.0,1.0,36.02,,,0,trial
2026-07-07T20:35:30,forecast_hot_humid_bursty_r2,forecast,hot_humid,bursty,2,38.064,37.764,37.564,35.064,25.0,45.0,140.0,,50.0,1.0,36.03,,,0,trial
2026-07-07T20:35:30,forecast_hot_humid_bursty_r2,forecast,hot_humid,bursty,2,38.076,37.776,37.576,35.076,25.0,45.0,140.0,,50.0,1.0,36.04,,,0,trial
2026-07-07T20:35:30,forecast_hot_humid_bursty_r2,forecast,hot_humid,bursty,2,38.087,37.787,37.587,35.087,25.0,45.0,140.0,,50.0,1.0,36.05,,,0,trial
2026-07-07T20:35:30,forecast_hot_humid_bursty_r2,forecast,hot_humid,bursty,2,38.099,37.799,37.599,35.099,25.0,45.0,140.0,,50.0,1.0,36.06,,,0,trial
2026-07-07T20:35:30,forecast_hot_humid_bursty_r2,forecast,hot_humid,bursty,2,38.11,37.81,37.61,35.11,25.0,45.0,140.0,,50.0,1.0,36.07,,,0,trial
2026-07-07T20:35:30,forecast_hot_humid_bursty_r2,forecast,hot_humid,bursty,2,38.122,37.822,37.622,35.122,25.0,45.0,140.0,,50.0,1.0,36.08,,,0,trial
2026-07-07T20:35:30,forecast_hot_humid_bursty_r2,forecast,hot_humid,bursty,2,38.133,37.833,37.633,35.133,25.0,45.0,140.0,,50.0,1.0,36.09,,,0,trial
2026-07-07T20:35:30,forecast_hot_humid_bursty_r2,forecast,hot_humid,bursty,2,38.145,37.845,37.645,35.145,25.0,45.0,140.0,,50.0,1.0,36.1,,,0,trial
2026-07-07T20:35:30,forecast_hot_humid_bursty_r2,forecast,hot_humid,bursty,2,38.159,37.859,37.659,35.159,25.0,45.0,140.0,,25.0,0.5,36.11,,,0,trial
2026-07-07T20:35:30,forecast_hot_humid_bursty_r2,forecast,hot_humid,bursty,2,38.172,37.872,37.672,35.172,25.0,45.0,140.0,,25.0,0.5,36.12,,,0,trial
2026-07-07T20:35:30,forecast_hot_humid_bursty_r2,forecast,hot_humid,bursty,2,38.186,37.886,37.686,35.186,25.0,45.0,140.0,,25.0,0.5,36.13,,,0,trial
2026-07-07T20:35:30,forecast_hot_humid_bursty_r2,forecast,hot_humid,bursty,2,38.199,37.899,37.699,35.199,25.0,45.0,140.0,,25.0,0.5,36.14,,,0,trial
2026-07-07T20:35:30,forecast_hot_humid_bursty_r2,forecast,hot_humid,bursty,2,38.213,37.913,37.713,35.213,25.0,45.0,140.0,,25.0,0.5,36.15,,,0,trial
2026-07-07T20:35:30,forecast_hot_humid_bursty_r2,forecast,hot_humid,bursty,2,38.227,37.927,37.727,35.227,25.0,45.0,140.0,,25.0,0.5,36.16,,,0,trial
2026-07-07T20:35:30,forecast_hot_humid_bursty_r2,forecast,hot_humid,bursty,2,38.24,37.94,37.74,35.24,25.0,45.0,140.0,,25.0,0.5,36.17,,,0,trial
2026-07-07T20:35:30,forecast_hot_humid_bursty_r2,forecast,hot_humid,bursty,2,38.254,37.954,37.754,35.254,25.0,45.0,140.0,,25.0,0.5,36.18,,,0,trial
2026-07-07T20:35:30,forecast_hot_humid_bursty_r2,forecast,hot_humid,bursty,2,38.267,37.967,37.767,35.267,25.0,45.0,140.0,,25.0,0.5,36.19,,,0,trial
2026-07-07T20:35:30,forecast_hot_humid_bursty_r2,forecast,hot_humid,bursty,2,38.281,37.981,37.781,35.281,25.0,45.0,140.0,,25.0,0.5,36.2,,,0,trial
2026-07-07T20:35:30,forecast_hot_humid_bursty_r2,forecast,hot_humid,bursty,2,38.295,37.995,37.795,35.295,25.0,45.0,140.0,,25.0,0.5,36.21,,,0,trial
2026-07-07T20:35:30,forecast_hot_humid_bursty_r2,forecast,hot_humid,bursty,2,38.308,38.008,37.808,35.308,25.0,45.0,140.0,,25.0,0.5,36.22,,,0,trial
2026-07-07T20:35:30,forecast_hot_humid_bursty_r2,forecast,hot_humid,bursty,2,38.322,38.022,37.822,35.322,25.0,45.0,140.0,,25.0,0.5,36.23,,,0,trial
2026-07-07T20:35:30,forecast_hot_humid_bursty_r2,forecast,hot_humid,bursty,2,38.335,38.035,37.835,35.335,25.0,45.0,140.0,,25.0,0.5,36.24,,,0,trial
2026-07-07T20:35:30,forecast_hot_humid_bursty_r2,forecast,hot_humid,bursty,2,38.349,38.049,37.849,35.349,25.0,45.0,140.0,,25.0,0.5,36.25,,,0,trial
2026-07-07T20:35:30,forecast_hot_humid_bursty_r2,forecast,hot_humid,bursty,2,38.362,38.062,37.862,35.362,25.0,45.0,140.0,,25.0,0.5,36.26,,,0,trial
2026-07-07T20:35:30,forecast_hot_humid_bursty_r2,forecast,hot_humid,bursty,2,38.376,38.076,37.876,35.376,25.0,45.0,140.0,,25.0,0.5,36.27,,,0,trial
2026-07-07T20:35:30,forecast_hot_humid_bursty_r2,forecast,hot_humid,bursty,2,38.39,38.09,37.89,35.39,25.0,45.0,140.0,,25.0,0.5,36.28,,,0,trial
2026-07-07T20:35:30,forecast_hot_humid_bursty_r2,forecast,hot_humid,bursty,2,38.403,38.103,37.903,35.403,25.0,45.0,140.0,,25.0,0.5,36.29,,,0,trial
2026-07-07T20:35:30,forecast_hot_humid_bursty_r2,forecast,hot_humid,bursty,2,38.417,38.117,37.917,35.417,25.0,45.0,140.0,,25.0,0.5,36.3,,,0,trial
2026-07-07T20:35:30,forecast_hot_humid_bursty_r2,forecast,hot_humid,bursty,2,38.43,38.13,37.93,35.43,25.0,45.0,140.0,,25.0,0.5,36.31,,,0,trial
2026-07-07T20:35:30,forecast_hot_humid_bursty_r2,forecast,hot_humid,bursty,2,38.444,38.144,37.944,35.444,25.0,45.0,140.0,,25.0,0.5,36.32,,,0,trial
2026-07-07T20:35:30,forecast_hot_humid_bursty_r2,forecast,hot_humid,bursty,2,38.457,38.157,37.957,35.457,25.0,45.0,140.0,,25.0,0.5,36.33,,,0,trial
2026-07-07T20:35:30,forecast_hot_humid_bursty_r2,forecast,hot_humid,bursty,2,38.471,38.171,37.971,35.471,25.0,45.0,140.0,,25.0,0.5,36.34,,,0,trial
2026-07-07T20:35:30,forecast_hot_humid_bursty_r2,forecast,hot_humid,bursty,2,38.484,38.184,37.984,35.484,25.0,45.0,140.0,,25.0,0.5,36.34,,,0,trial
2026-07-07T20:35:30,forecast_hot_humid_bursty_r2,forecast,hot_humid,bursty,2,38.498,38.198,37.998,35.498,25.0,45.0,140.0,,25.0,0.5,36.35,,,0,trial
2026-07-07T20:35:30,forecast_hot_humid_bursty_r2,forecast,hot_humid,bursty,2,38.511,38.211,38.011,35.511,25.0,45.0,140.0,,25.0,0.5,36.36,,,0,trial
2026-07-07T20:35:30,forecast_hot_humid_bursty_r2,forecast,hot_humid,bursty,2,38.525,38.225,38.025,35.525,25.0,45.0,140.0,,25.0,0.5,36.37,,,0,trial
2026-07-07T20:35:30,forecast_hot_humid_bursty_r2,forecast,hot_humid,bursty,2,38.538,38.238,38.038,35.538,25.0,45.0,140.0,,25.0,0.5,36.38,,,0,trial
2026-07-07T20:35:30,forecast_hot_humid_bursty_r2,forecast,hot_humid,bursty,2,38.541,38.241,38.041,35.541,25.0,45.0,60.0,,25.0,0.5,36.39,,,0,trial
2026-07-07T20:35:30,forecast_hot_humid_bursty_r2,forecast,hot_humid,bursty,2,38.538,38.238,38.038,35.538,25.0,45.0,60.0,,100.0,2.0,36.4,,,0,trial
2026-07-07T20:35:30,forecast_hot_humid_bursty_r2,forecast,hot_humid,bursty,2,38.536,38.236,38.036,35.536,25.0,45.0,60.0,,100.0,2.0,36.41,,,0,trial
2026-07-07T20:35:30,forecast_hot_humid_bursty_r2,forecast,hot_humid,bursty,2,38.533,38.233,38.033,35.533,25.0,45.0,60.0,,100.0,2.0,36.42,,,0,trial
2026-07-07T20:35:30,forecast_hot_humid_bursty_r2,forecast,hot_humid,bursty,2,38.53,38.23,38.03,35.53,25.0,45.0,60.0,,100.0,2.0,36.43,,,0,trial
2026-07-07T20:35:30,forecast_hot_humid_bursty_r2,forecast,hot_humid,bursty,2,38.527,38.227,38.027,35.527,25.0,45.0,60.0,,100.0,2.0,36.43,,,0,trial
2026-07-07T20:35:30,forecast_hot_humid_bursty_r2,forecast,hot_humid,bursty,2,38.524,38.224,38.024,35.524,25.0,45.0,60.0,,100.0,2.0,36.44,,,0,trial
2026-07-07T20:35:30,forecast_hot_humid_bursty_r2,forecast,hot_humid,bursty,2,38.522,38.222,38.022,35.522,25.0,45.0,60.0,,100.0,2.0,36.45,,,0,trial
2026-07-07T20:35:30,forecast_hot_humid_bursty_r2,forecast,hot_humid,bursty,2,38.519,38.219,38.019,35.519,25.0,45.0,60.0,,100.0,2.0,36.46,,,0,trial
2026-07-07T20:35:30,forecast_hot_humid_bursty_r2,forecast,hot_humid,bursty,2,38.516,38.216,38.016,35.516,25.0,45.0,60.0,,100.0,2.0,36.47,,,0,trial
2026-07-07T20:35:30,forecast_hot_humid_bursty_r2,forecast,hot_humid,bursty,2,38.513,38.213,38.013,35.513,25.0,45.0,60.0,,100.0,2.0,36.48,,,0,trial
2026-07-07T20:35:30,forecast_hot_humid_bursty_r2,forecast,hot_humid,bursty,2,38.511,38.211,38.011,35.511,25.0,45.0,60.0,,100.0,2.0,36.49,,,0,trial
2026-07-07T20:35:30,forecast_hot_humid_bursty_r2,forecast,hot_humid,bursty,2,38.508,38.208,38.008,35.508,25.0,45.0,60.0,,100.0,2.0,36.49,,,0,trial
2026-07-07T20:35:30,forecast_hot_humid_bursty_r2,forecast,hot_humid,bursty,2,38.505,38.205,38.005,35.505,25.0,45.0,60.0,,100.0,2.0,36.5,,,0,trial
2026-07-07T20:35:30,forecast_hot_humid_bursty_r2,forecast,hot_humid,bursty,2,38.502,38.202,38.002,35.502,25.0,45.0,60.0,,100.0,2.0,36.51,,,0,trial
2026-07-07T20:35:30,forecast_hot_humid_bursty_r2,forecast,hot_humid,bursty,2,38.499,38.199,37.999,35.499,25.0,45.0,60.0,,100.0,2.0,36.52,,,0,trial
2026-07-07T20:35:30,forecast_hot_humid_bursty_r2,forecast,hot_humid,bursty,2,38.497,38.197,37.997,35.497,25.0,45.0,60.0,,100.0,2.0,36.53,,,0,trial
2026-07-07T20:35:30,forecast_hot_humid_bursty_r2,forecast,hot_humid,bursty,2,38.494,38.194,37.994,35.494,25.0,45.0,60.0,,100.0,2.0,36.54,,,0,trial
2026-07-07T20:35:30,forecast_hot_humid_bursty_r2,forecast,hot_humid,bursty,2,38.491,38.191,37.991,35.491,25.0,45.0,60.0,,100.0,2.0,36.54,,,0,trial
2026-07-07T20:35:30,forecast_hot_humid_bursty_r2,forecast,hot_humid,bursty,2,38.488,38.188,37.988,35.488,25.0,45.0,60.0,,100.0,2.0,36.55,,,0,trial
2026-07-07T20:35:30,forecast_hot_humid_bursty_r2,forecast,hot_humid,bursty,2,38.486,38.186,37.986,35.486,25.0,45.0,60.0,,100.0,2.0,36.56,,,0,trial
2026-07-07T20:35:30,forecast_hot_humid_bursty_r2,forecast,hot_humid,bursty,2,38.483,38.183,37.983,35.483,25.0,45.0,60.0,,100.0,2.0,36.57,,,0,trial
2026-07-07T20:35:30,forecast_hot_humid_bursty_r2,forecast,hot_humid,bursty,2,38.48,38.18,37.98,35.48,25.0,45.0,60.0,,100.0,2.0,36.58,,,0,trial
2026-07-07T20:35:30,forecast_hot_humid_bursty_r2,forecast,hot_humid,bursty,2,38.477,38.177,37.977,35.477,25.0,45.0,60.0,,100.0,2.0,36.58,,,0,trial
2026-07-07T20:35:30,forecast_hot_humid_bursty_r2,forecast,hot_humid,bursty,2,38.475,38.175,37.975,35.475,25.0,45.0,60.0,,100.0,2.0,36.59,,,0,trial
2026-07-07T20:35:30,forecast_hot_humid_bursty_r2,forecast,hot_humid,bursty,2,38.472,38.172,37.972,35.472,25.0,45.0,60.0,,100.0,2.0,36.6,,,0,trial
2026-07-07T20:35:30,forecast_hot_humid_bursty_r2,forecast,hot_humid,bursty,2,38.469,38.169,37.969,35.469,25.0,45.0,60.0,,100.0,2.0,36.61,,,0,trial
2026-07-07T20:35:30,forecast_hot_humid_bursty_r2,forecast,hot_humid,bursty,2,38.466,38.166,37.966,35.466,25.0,45.0,60.0,,100.0,2.0,36.61,,,0,trial
2026-07-07T20:35:30,forecast_hot_humid_bursty_r2,forecast,hot_humid,bursty,2,38.464,38.164,37.964,35.464,25.0,45.0,60.0,,100.0,2.0,36.62,,,0,trial
2026-07-07T20:35:30,forecast_hot_humid_bursty_r2,forecast,hot_humid,bursty,2,38.461,38.161,37.961,35.461,25.0,45.0,60.0,,100.0,2.0,36.63,,,0,trial
2026-07-07T20:35:30,forecast_hot_humid_bursty_r2,forecast,hot_humid,bursty,2,38.458,38.158,37.958,35.458,25.0,45.0,60.0,,100.0,2.0,36.64,,,0,trial
2026-07-07T20:35:30,forecast_hot_humid_bursty_r2,forecast,hot_humid,bursty,2,38.456,38.156,37.956,35.456,25.0,45.0,60.0,,100.0,2.0,36.64,,,0,trial
2026-07-07T20:35:30,forecast_hot_humid_bursty_r2,forecast,hot_humid,bursty,2,38.453,38.153,37.953,35.453,25.0,45.0,60.0,,100.0,2.0,36.65,,,0,trial
2026-07-07T20:35:30,forecast_hot_humid_bursty_r2,forecast,hot_humid,bursty,2,38.45,38.15,37.95,35.45,25.0,45.0,60.0,,100.0,2.0,36.66,,,0,trial
2026-07-07T20:35:30,forecast_hot_humid_bursty_r2,forecast,hot_humid,bursty,2,38.447,38.147,37.947,35.447,25.0,45.0,60.0,,100.0,2.0,36.67,,,0,trial
2026-07-07T20:35:30,forecast_hot_humid_bursty_r2,forecast,hot_humid,bursty,2,38.445,38.145,37.945,35.445,25.0,45.0,60.0,,100.0,2.0,36.67,,,0,trial
2026-07-07T20:35:30,forecast_hot_humid_bursty_r2,forecast,hot_humid,bursty,2,38.442,38.142,37.942,35.442,25.0,45.0,60.0,,100.0,2.0,36.68,,,0,trial
2026-07-07T20:35:30,forecast_hot_humid_bursty_r2,forecast,hot_humid,bursty,2,38.439,38.139,37.939,35.439,25.0,45.0,60.0,,100.0,2.0,36.69,,,0,trial
2026-07-07T20:35:30,forecast_hot_humid_bursty_r2,forecast,hot_humid,bursty,2,38.436,38.136,37.936,35.436,25.0,45.0,60.0,,100.0,2.0,36.69,,,0,trial
2026-07-07T20:35:30,forecast_hot_humid_bursty_r2,forecast,hot_humid,bursty,2,38.434,38.134,37.934,35.434,25.0,45.0,60.0,,100.0,2.0,36.7,,,0,trial
2026-07-07T20:35:30,forecast_hot_humid_bursty_r2,forecast,hot_humid,bursty,2,38.431,38.131,37.931,35.431,25.0,45.0,60.0,,100.0,2.0,36.71,,,0,trial
2026-07-07T20:35:30,forecast_hot_humid_bursty_r2,forecast,hot_humid,bursty,2,38.428,38.128,37.928,35.428,25.0,45.0,60.0,,100.0,2.0,36.72,,,0,trial
2026-07-07T20:35:30,forecast_hot_humid_bursty_r2,forecast,hot_humid,bursty,2,38.426,38.126,37.926,35.426,25.0,45.0,60.0,,100.0,2.0,36.72,,,0,trial
2026-07-07T20:35:30,forecast_hot_humid_bursty_r2,forecast,hot_humid,bursty,2,38.423,38.123,37.923,35.423,25.0,45.0,60.0,,100.0,2.0,36.73,,,0,trial
2026-07-07T20:35:30,forecast_hot_humid_bursty_r2,forecast,hot_humid,bursty,2,38.42,38.12,37.92,35.42,25.0,45.0,60.0,,100.0,2.0,36.74,,,0,trial
2026-07-07T20:35:30,forecast_hot_humid_bursty_r2,forecast,hot_humid,bursty,2,38.418,38.118,37.918,35.418,25.0,45.0,60.0,,100.0,2.0,36.74,,,0,trial
2026-07-07T20:35:30,forecast_hot_humid_bursty_r2,forecast,hot_humid,bursty,2,38.415,38.115,37.915,35.415,25.0,45.0,60.0,,100.0,2.0,36.75,,,0,trial
2026-07-07T20:35:30,forecast_hot_humid_bursty_r2,forecast,hot_humid,bursty,2,38.412,38.112,37.912,35.412,25.0,45.0,60.0,,100.0,2.0,36.76,,,0,trial
2026-07-07T20:35:30,forecast_hot_humid_bursty_r2,forecast,hot_humid,bursty,2,38.409,38.109,37.909,35.409,25.0,45.0,60.0,,100.0,2.0,36.76,,,0,trial
2026-07-07T20:35:30,forecast_hot_humid_bursty_r2,forecast,hot_humid,bursty,2,38.407,38.107,37.907,35.407,25.0,45.0,60.0,,100.0,2.0,36.77,,,0,trial
2026-07-07T20:35:30,forecast_hot_humid_bursty_r2,forecast,hot_humid,bursty,2,38.404,38.104,37.904,35.404,25.0,45.0,60.0,,100.0,2.0,36.77,,,0,trial
2026-07-07T20:35:30,forecast_hot_humid_bursty_r2,forecast,hot_humid,bursty,2,38.401,38.101,37.901,35.401,25.0,45.0,60.0,,100.0,2.0,36.78,,,0,trial
2026-07-07T20:35:30,forecast_hot_humid_bursty_r2,forecast,hot_humid,bursty,2,38.399,38.099,37.899,35.399,25.0,45.0,60.0,,100.0,2.0,36.79,,,0,trial
2026-07-07T20:35:30,forecast_hot_humid_bursty_r2,forecast,hot_humid,bursty,2,38.396,38.096,37.896,35.396,25.0,45.0,60.0,,100.0,2.0,36.79,,,0,trial
2026-07-07T20:35:30,forecast_hot_humid_bursty_r2,forecast,hot_humid,bursty,2,38.393,38.093,37.893,35.393,25.0,45.0,60.0,,100.0,2.0,36.8,,,0,trial
2026-07-07T20:35:30,forecast_hot_humid_bursty_r2,forecast,hot_humid,bursty,2,38.391,38.091,37.891,35.391,25.0,45.0,60.0,,100.0,2.0,36.81,,,0,trial
2026-07-07T20:35:30,forecast_hot_humid_bursty_r2,forecast,hot_humid,bursty,2,38.388,38.088,37.888,35.388,25.0,45.0,60.0,,100.0,2.0,36.81,,,0,trial
2026-07-07T20:35:30,forecast_hot_humid_bursty_r2,forecast,hot_humid,bursty,2,38.385,38.085,37.885,35.385,25.0,45.0,60.0,,100.0,2.0,36.82,,,0,trial
2026-07-07T20:35:30,forecast_hot_humid_bursty_r2,forecast,hot_humid,bursty,2,38.383,38.083,37.883,35.383,25.0,45.0,60.0,,100.0,2.0,36.82,,,0,trial
2026-07-07T20:35:30,forecast_hot_humid_bursty_r2,forecast,hot_humid,bursty,2,38.38,38.08,37.88,35.38,25.0,45.0,60.0,,100.0,2.0,36.83,,,0,trial
2026-07-07T20:35:30,forecast_hot_humid_bursty_r2,forecast,hot_humid,bursty,2,38.377,38.077,37.877,35.377,25.0,45.0,60.0,,100.0,2.0,36.84,,,0,trial
2026-07-07T20:35:30,forecast_hot_humid_bursty_r2,forecast,hot_humid,bursty,2,38.375,38.075,37.875,35.375,25.0,45.0,60.0,,100.0,2.0,36.84,,,0,trial
2026-07-07T20:35:30,forecast_hot_humid_bursty_r2,forecast,hot_humid,bursty,2,38.372,38.072,37.872,35.372,25.0,45.0,60.0,,100.0,2.0,36.85,,,0,trial
2026-07-07T20:35:30,forecast_hot_humid_bursty_r2,forecast,hot_humid,bursty,2,38.369,38.069,37.869,35.369,25.0,45.0,60.0,,100.0,2.0,36.85,,,0,trial
2026-07-07T20:35:30,forecast_hot_humid_bursty_r2,forecast,hot_humid,bursty,2,38.367,38.067,37.867,35.367,25.0,45.0,60.0,,100.0,2.0,36.86,,,0,trial
2026-07-07T20:35:30,forecast_hot_humid_bursty_r2,forecast,hot_humid,bursty,2,38.364,38.064,37.864,35.364,25.0,45.0,60.0,,100.0,2.0,36.86,,,0,trial
2026-07-07T20:35:30,forecast_hot_humid_bursty_r2,forecast,hot_humid,bursty,2,38.361,38.061,37.861,35.361,25.0,45.0,60.0,,100.0,2.0,36.87,,,0,trial
2026-07-07T20:35:30,forecast_hot_humid_bursty_r2,forecast,hot_humid,bursty,2,38.359,38.059,37.859,35.359,25.0,45.0,60.0,,100.0,2.0,36.87,,,0,trial
2026-07-07T20:35:30,forecast_hot_humid_bursty_r2,forecast,hot_humid,bursty,2,38.356,38.056,37.856,35.356,25.0,45.0,60.0,,100.0,2.0,36.88,,,0,trial
2026-07-07T20:35:30,forecast_hot_humid_bursty_r2,forecast,hot_humid,bursty,2,38.353,38.053,37.853,35.353,25.0,45.0,60.0,,100.0,2.0,36.88,,,0,trial
2026-07-07T20:35:30,forecast_hot_humid_bursty_r2,forecast,hot_humid,bursty,2,38.351,38.051,37.851,35.351,25.0,45.0,60.0,,100.0,2.0,36.89,,,0,trial
2026-07-07T20:35:30,forecast_hot_humid_bursty_r2,forecast,hot_humid,bursty,2,38.348,38.048,37.848,35.348,25.0,45.0,60.0,,100.0,2.0,36.9,,,0,trial
2026-07-07T20:35:30,forecast_hot_humid_bursty_r2,forecast,hot_humid,bursty,2,38.345,38.045,37.845,35.345,25.0,45.0,60.0,,100.0,2.0,36.9,,,0,trial
2026-07-07T20:35:30,forecast_hot_humid_bursty_r2,forecast,hot_humid,bursty,2,38.343,38.043,37.843,35.343,25.0,45.0,60.0,,100.0,2.0,36.91,,,0,trial
2026-07-07T20:35:30,forecast_hot_humid_bursty_r2,forecast,hot_humid,bursty,2,38.34,38.04,37.84,35.34,25.0,45.0,60.0,,100.0,2.0,36.91,,,0,trial
2026-07-07T20:35:30,forecast_hot_humid_bursty_r2,forecast,hot_humid,bursty,2,38.338,38.038,37.838,35.338,25.0,45.0,60.0,,100.0,2.0,36.92,,,0,trial
2026-07-07T20:35:30,forecast_hot_humid_bursty_r2,forecast,hot_humid,bursty,2,38.335,38.035,37.835,35.335,25.0,45.0,60.0,,100.0,2.0,36.92,,,0,trial
2026-07-07T20:35:30,forecast_hot_humid_bursty_r2,forecast,hot_humid,bursty,2,38.332,38.032,37.832,35.332,25.0,45.0,60.0,,100.0,2.0,36.92,,,0,trial
2026-07-07T20:35:30,forecast_hot_humid_bursty_r2,forecast,hot_humid,bursty,2,38.33,38.03,37.83,35.33,25.0,45.0,60.0,,100.0,2.0,36.93,,,0,trial
2026-07-07T20:35:30,forecast_hot_humid_bursty_r2,forecast,hot_humid,bursty,2,38.327,38.027,37.827,35.327,25.0,45.0,60.0,,100.0,2.0,36.93,,,0,trial
2026-07-07T20:35:30,forecast_hot_humid_bursty_r2,forecast,hot_humid,bursty,2,38.324,38.024,37.824,35.324,25.0,45.0,60.0,,100.0,2.0,36.94,,,0,trial
2026-07-07T20:35:30,forecast_hot_humid_bursty_r2,forecast,hot_humid,bursty,2,38.322,38.022,37.822,35.322,25.0,45.0,60.0,,100.0,2.0,36.94,,,0,trial
2026-07-07T20:35:30,forecast_hot_humid_bursty_r2,forecast,hot_humid,bursty,2,38.319,38.019,37.819,35.319,25.0,45.0,60.0,,100.0,2.0,36.95,,,0,trial
2026-07-07T20:35:30,forecast_hot_humid_bursty_r2,forecast,hot_humid,bursty,2,38.316,38.016,37.816,35.316,25.0,45.0,60.0,,100.0,2.0,36.95,,,0,trial
2026-07-07T20:35:30,forecast_hot_humid_bursty_r2,forecast,hot_humid,bursty,2,38.314,38.014,37.814,35.314,25.0,45.0,60.0,,100.0,2.0,36.96,,,0,trial
2026-07-07T20:35:30,forecast_hot_humid_bursty_r2,forecast,hot_humid,bursty,2,38.311,38.011,37.811,35.311,25.0,45.0,60.0,,100.0,2.0,36.96,,,0,trial
2026-07-07T20:35:30,forecast_hot_humid_bursty_r2,forecast,hot_humid,bursty,2,38.309,38.009,37.809,35.309,25.0,45.0,60.0,,100.0,2.0,36.96,,,0,trial
2026-07-07T20:35:30,forecast_hot_humid_bursty_r2,forecast,hot_humid,bursty,2,38.306,38.006,37.806,35.306,25.0,45.0,60.0,,100.0,2.0,36.97,,,0,trial
2026-07-07T20:35:30,forecast_hot_humid_bursty_r2,forecast,hot_humid,bursty,2,38.303,38.003,37.803,35.303,25.0,45.0,60.0,,100.0,2.0,36.97,,,0,trial
2026-07-07T20:35:30,forecast_hot_humid_bursty_r2,forecast,hot_humid,bursty,2,38.301,38.001,37.801,35.301,25.0,45.0,60.0,,100.0,2.0,36.98,,,0,trial
2026-07-07T20:35:30,forecast_hot_humid_bursty_r2,forecast,hot_humid,bursty,2,38.298,37.998,37.798,35.298,25.0,45.0,60.0,,100.0,2.0,36.98,,,0,trial
2026-07-07T20:35:30,forecast_hot_humid_bursty_r2,forecast,hot_humid,bursty,2,38.296,37.996,37.796,35.296,25.0,45.0,60.0,,100.0,2.0,36.99,,,0,trial
2026-07-07T20:35:30,forecast_hot_humid_bursty_r2,forecast,hot_humid,bursty,2,38.293,37.993,37.793,35.293,25.0,45.0,60.0,,100.0,2.0,36.99,,,0,trial
2026-07-07T20:35:30,forecast_hot_humid_bursty_r2,forecast,hot_humid,bursty,2,38.29,37.99,37.79,35.29,25.0,45.0,60.0,,100.0,2.0,36.99,,,0,trial
2026-07-07T20:35:30,forecast_hot_humid_bursty_r2,forecast,hot_humid,bursty,2,38.288,37.988,37.788,35.288,25.0,45.0,60.0,,100.0,2.0,37.0,,,0,trial
2026-07-07T20:35:30,forecast_hot_humid_bursty_r2,forecast,hot_humid,bursty,2,38.285,37.985,37.785,35.285,25.0,45.0,60.0,,100.0,2.0,37.0,,,0,trial
2026-07-07T20:35:30,forecast_hot_humid_bursty_r2,forecast,hot_humid,bursty,2,38.283,37.983,37.783,35.283,25.0,45.0,60.0,,100.0,2.0,37.0,,,0,trial
2026-07-07T20:35:30,forecast_hot_humid_bursty_r2,forecast,hot_humid,bursty,2,38.28,37.98,37.78,35.28,25.0,45.0,60.0,,100.0,2.0,37.01,,,0,trial
2026-07-07T20:35:30,forecast_hot_humid_bursty_r2,forecast,hot_humid,bursty,2,38.277,37.977,37.777,35.277,25.0,45.0,60.0,,100.0,2.0,37.01,,,0,trial
2026-07-07T20:35:30,forecast_hot_humid_bursty_r2,forecast,hot_humid,bursty,2,38.275,37.975,37.775,35.275,25.0,45.0,60.0,,100.0,2.0,37.01,,,0,trial
2026-07-07T20:35:30,forecast_hot_humid_bursty_r2,forecast,hot_humid,bursty,2,38.272,37.972,37.772,35.272,25.0,45.0,60.0,,100.0,2.0,37.02,,,0,trial
2026-07-07T20:35:30,forecast_hot_humid_bursty_r2,forecast,hot_humid,bursty,2,38.27,37.97,37.77,35.27,25.0,45.0,60.0,,100.0,2.0,37.02,,,0,trial
2026-07-07T20:35:30,forecast_hot_humid_bursty_r2,forecast,hot_humid,bursty,2,38.267,37.967,37.767,35.267,25.0,45.0,60.0,,100.0,2.0,37.02,,,0,trial
2026-07-07T20:35:30,forecast_hot_humid_bursty_r2,forecast,hot_humid,bursty,2,38.265,37.965,37.765,35.265,25.0,45.0,60.0,,100.0,2.0,37.03,,,0,trial
2026-07-07T20:35:30,forecast_hot_humid_bursty_r2,forecast,hot_humid,bursty,2,38.262,37.962,37.762,35.262,25.0,45.0,60.0,,100.0,2.0,37.03,,,0,trial
2026-07-07T20:35:30,forecast_hot_humid_bursty_r2,forecast,hot_humid,bursty,2,38.259,37.959,37.759,35.259,25.0,45.0,60.0,,100.0,2.0,37.03,,,0,trial
2026-07-07T20:35:30,forecast_hot_humid_bursty_r2,forecast,hot_humid,bursty,2,38.257,37.957,37.757,35.257,25.0,45.0,60.0,,100.0,2.0,37.04,,,0,trial
2026-07-07T20:35:30,forecast_hot_humid_bursty_r2,forecast,hot_humid,bursty,2,38.254,37.954,37.754,35.254,25.0,45.0,60.0,,100.0,2.0,37.04,,,0,trial
2026-07-07T20:35:30,forecast_hot_humid_bursty_r2,forecast,hot_humid,bursty,2,38.252,37.952,37.752,35.252,25.0,45.0,60.0,,100.0,2.0,37.04,,,0,trial
2026-07-07T20:35:30,forecast_hot_humid_bursty_r2,forecast,hot_humid,bursty,2,38.249,37.949,37.749,35.249,25.0,45.0,60.0,,100.0,2.0,37.04,,,0,trial
2026-07-07T20:35:30,forecast_hot_humid_bursty_r2,forecast,hot_humid,bursty,2,38.247,37.947,37.747,35.247,25.0,45.0,60.0,,100.0,2.0,37.05,,,0,trial
2026-07-07T20:35:30,forecast_hot_humid_bursty_r2,forecast,hot_humid,bursty,2,38.244,37.944,37.744,35.244,25.0,45.0,60.0,,100.0,2.0,37.05,,,0,trial
2026-07-07T20:35:30,forecast_hot_humid_bursty_r2,forecast,hot_humid,bursty,2,38.241,37.941,37.741,35.241,25.0,45.0,60.0,,100.0,2.0,37.05,,,0,trial
2026-07-07T20:35:30,forecast_hot_humid_bursty_r2,forecast,hot_humid,bursty,2,38.239,37.939,37.739,35.239,25.0,45.0,60.0,,100.0,2.0,37.05,,,0,trial
2026-07-07T20:35:30,forecast_hot_humid_bursty_r2,forecast,hot_humid,bursty,2,38.236,37.936,37.736,35.236,25.0,45.0,60.0,,100.0,2.0,37.06,,,0,trial
2026-07-07T20:35:30,forecast_hot_humid_bursty_r2,forecast,hot_humid,bursty,2,38.234,37.934,37.734,35.234,25.0,45.0,60.0,,100.0,2.0,37.06,,,0,trial
2026-07-07T20:35:30,forecast_hot_humid_bursty_r2,forecast,hot_humid,bursty,2,38.231,37.931,37.731,35.231,25.0,45.0,60.0,,100.0,2.0,37.06,,,0,trial
2026-07-07T20:35:30,forecast_hot_humid_bursty_r2,forecast,hot_humid,bursty,2,38.229,37.929,37.729,35.229,25.0,45.0,60.0,,100.0,2.0,37.06,,,0,trial
2026-07-07T20:35:30,forecast_hot_humid_bursty_r2,forecast,hot_humid,bursty,2,38.226,37.926,37.726,35.226,25.0,45.0,60.0,,100.0,2.0,37.07,,,0,trial
2026-07-07T20:35:30,forecast_hot_humid_bursty_r2,forecast,hot_humid,bursty,2,38.224,37.924,37.724,35.224,25.0,45.0,60.0,,100.0,2.0,37.07,,,0,trial
2026-07-07T20:35:30,forecast_hot_humid_bursty_r2,forecast,hot_humid,bursty,2,38.221,37.921,37.721,35.221,25.0,45.0,60.0,,100.0,2.0,37.07,,,0,trial
2026-07-07T20:35:30,forecast_hot_humid_bursty_r2,forecast,hot_humid,bursty,2,38.218,37.918,37.718,35.218,25.0,45.0,60.0,,100.0,2.0,37.07,,,0,trial
2026-07-07T20:35:30,forecast_hot_humid_bursty_r2,forecast,hot_humid,bursty,2,38.216,37.916,37.716,35.216,25.0,45.0,60.0,,100.0,2.0,37.07,,,0,trial
2026-07-07T20:35:30,forecast_hot_humid_bursty_r2,forecast,hot_humid,bursty,2,38.213,37.913,37.713,35.213,25.0,45.0,60.0,,100.0,2.0,37.08,,,0,trial
2026-07-07T20:35:30,forecast_hot_humid_bursty_r2,forecast,hot_humid,bursty,2,38.211,37.911,37.711,35.211,25.0,45.0,60.0,,100.0,2.0,37.08,,,0,trial
2026-07-07T20:35:30,forecast_hot_humid_bursty_r2,forecast,hot_humid,bursty,2,38.208,37.908,37.708,35.208,25.0,45.0,60.0,,100.0,2.0,37.08,,,0,trial
2026-07-07T20:35:30,forecast_hot_humid_bursty_r2,forecast,hot_humid,bursty,2,38.206,37.906,37.706,35.206,25.0,45.0,60.0,,100.0,2.0,37.08,,,0,trial
2026-07-07T20:35:30,forecast_hot_humid_bursty_r2,forecast,hot_humid,bursty,2,38.203,37.903,37.703,35.203,25.0,45.0,60.0,,100.0,2.0,37.08,,,0,trial
2026-07-07T20:35:30,forecast_hot_humid_bursty_r2,forecast,hot_humid,bursty,2,38.201,37.901,37.701,35.201,25.0,45.0,60.0,,100.0,2.0,37.08,,,0,trial
2026-07-07T20:35:30,forecast_hot_humid_bursty_r2,forecast,hot_humid,bursty,2,38.198,37.898,37.698,35.198,25.0,45.0,60.0,,100.0,2.0,37.09,,,0,trial
2026-07-07T20:35:30,forecast_hot_humid_bursty_r2,forecast,hot_humid,bursty,2,38.196,37.896,37.696,35.196,25.0,45.0,60.0,,100.0,2.0,37.09,,,0,trial
2026-07-07T20:35:30,forecast_hot_humid_bursty_r2,forecast,hot_humid,bursty,2,38.193,37.893,37.693,35.193,25.0,45.0,60.0,,100.0,2.0,37.09,,,0,trial
2026-07-07T20:35:30,forecast_hot_humid_bursty_r2,forecast,hot_humid,bursty,2,38.191,37.891,37.691,35.191,25.0,45.0,60.0,,100.0,2.0,37.09,,,0,trial
2026-07-07T20:35:30,forecast_hot_humid_bursty_r2,forecast,hot_humid,bursty,2,38.188,37.888,37.688,35.188,25.0,45.0,60.0,,100.0,2.0,37.09,,,0,trial
2026-07-07T20:35:30,forecast_hot_humid_bursty_r2,forecast,hot_humid,bursty,2,38.186,37.886,37.686,35.186,25.0,45.0,60.0,,100.0,2.0,37.09,,,0,trial
2026-07-07T20:35:30,forecast_hot_humid_bursty_r2,forecast,hot_humid,bursty,2,38.183,37.883,37.683,35.183,25.0,45.0,60.0,,100.0,2.0,37.09,,,0,trial
2026-07-07T20:35:30,forecast_hot_humid_bursty_r2,forecast,hot_humid,bursty,2,38.181,37.881,37.681,35.181,25.0,45.0,60.0,,100.0,2.0,37.09,,,0,trial
2026-07-07T20:35:30,forecast_hot_humid_bursty_r2,forecast,hot_humid,bursty,2,38.178,37.878,37.678,35.178,25.0,45.0,60.0,,100.0,2.0,37.09,,,0,trial
2026-07-07T20:35:30,forecast_hot_humid_bursty_r2,forecast,hot_humid,bursty,2,38.176,37.876,37.676,35.176,25.0,45.0,60.0,,100.0,2.0,37.1,,,0,trial
2026-07-07T20:35:30,forecast_hot_humid_bursty_r2,forecast,hot_humid,bursty,2,38.173,37.873,37.673,35.173,25.0,45.0,60.0,,100.0,2.0,37.1,,,0,trial
2026-07-07T20:35:30,forecast_hot_humid_bursty_r2,forecast,hot_humid,bursty,2,38.171,37.871,37.671,35.171,25.0,45.0,60.0,,100.0,2.0,37.1,,,0,trial
2026-07-07T20:35:30,forecast_hot_humid_bursty_r2,forecast,hot_humid,bursty,2,38.168,37.868,37.668,35.168,25.0,45.0,60.0,,100.0,2.0,37.1,,,0,trial
2026-07-07T20:35:30,forecast_hot_humid_bursty_r2,forecast,hot_humid,bursty,2,38.166,37.866,37.666,35.166,25.0,45.0,60.0,,100.0,2.0,37.1,,,0,trial
2026-07-07T20:35:30,forecast_hot_humid_bursty_r2,forecast,hot_humid,bursty,2,38.163,37.863,37.663,35.163,25.0,45.0,60.0,,100.0,2.0,37.1,,,0,trial
2026-07-07T20:35:30,forecast_hot_humid_bursty_r2,forecast,hot_humid,bursty,2,38.161,37.861,37.661,35.161,25.0,45.0,60.0,,100.0,2.0,37.1,,,0,trial
2026-07-07T20:35:30,forecast_hot_humid_bursty_r2,forecast,hot_humid,bursty,2,38.158,37.858,37.658,35.158,25.0,45.0,60.0,,100.0,2.0,37.1,,,0,trial
2026-07-07T20:35:30,forecast_hot_humid_bursty_r2,forecast,hot_humid,bursty,2,38.156,37.856,37.656,35.156,25.0,45.0,60.0,,100.0,2.0,37.1,,,0,trial
2026-07-07T20:35:30,forecast_hot_humid_bursty_r2,forecast,hot_humid,bursty,2,38.153,37.853,37.653,35.153,25.0,45.0,60.0,,100.0,2.0,37.1,,,0,trial
2026-07-07T20:35:30,forecast_hot_humid_bursty_r2,forecast,hot_humid,bursty,2,38.151,37.851,37.651,35.151,25.0,45.0,60.0,,100.0,2.0,37.1,,,0,trial
2026-07-07T20:35:30,forecast_hot_humid_bursty_r2,forecast,hot_humid,bursty,2,38.148,37.848,37.648,35.148,25.0,45.0,60.0,,100.0,2.0,37.1,,,0,trial
2026-07-07T20:35:30,forecast_hot_humid_bursty_r2,forecast,hot_humid,bursty,2,38.146,37.846,37.646,35.146,25.0,45.0,60.0,,100.0,2.0,37.1,,,0,trial
2026-07-07T20:35:30,forecast_hot_humid_bursty_r2,forecast,hot_humid,bursty,2,38.143,37.843,37.643,35.143,25.0,45.0,60.0,,100.0,2.0,37.1,,,0,trial
2026-07-07T20:35:30,forecast_hot_humid_bursty_r2,forecast,hot_humid,bursty,2,38.141,37.841,37.641,35.141,25.0,45.0,60.0,,100.0,2.0,37.1,,,0,trial
2026-07-07T20:35:30,forecast_hot_humid_bursty_r2,forecast,hot_humid,bursty,2,38.138,37.838,37.638,35.138,25.0,45.0,60.0,,100.0,2.0,37.1,,,0,trial
2026-07-07T20:35:30,forecast_hot_humid_bursty_r2,forecast,hot_humid,bursty,2,38.136,37.836,37.636,35.136,25.0,45.0,60.0,,100.0,2.0,37.1,,,0,trial
2026-07-07T20:35:30,forecast_hot_humid_bursty_r2,forecast,hot_humid,bursty,2,38.133,37.833,37.633,35.133,25.0,45.0,60.0,,100.0,2.0,37.1,,,0,trial
2026-07-07T20:35:30,forecast_hot_humid_bursty_r2,forecast,hot_humid,bursty,2,38.131,37.831,37.631,35.131,25.0,45.0,60.0,,100.0,2.0,37.1,,,0,trial
2026-07-07T20:35:30,forecast_hot_humid_bursty_r2,forecast,hot_humid,bursty,2,38.128,37.828,37.628,35.128,25.0,45.0,60.0,,100.0,2.0,37.1,,,0,trial
2026-07-07T20:35:30,forecast_hot_humid_bursty_r2,forecast,hot_humid,bursty,2,38.126,37.826,37.626,35.126,25.0,45.0,60.0,,100.0,2.0,37.1,,,0,trial
2026-07-07T20:35:30,forecast_hot_humid_bursty_r2,forecast,hot_humid,bursty,2,38.123,37.823,37.623,35.123,25.0,45.0,60.0,,100.0,2.0,37.1,,,0,trial
2026-07-07T20:35:30,forecast_hot_humid_bursty_r2,forecast,hot_humid,bursty,2,38.121,37.821,37.621,35.121,25.0,45.0,60.0,,100.0,2.0,37.1,,,0,trial
2026-07-07T20:35:30,forecast_hot_humid_bursty_r2,forecast,hot_humid,bursty,2,38.118,37.818,37.618,35.118,25.0,45.0,60.0,,100.0,2.0,37.1,,,0,trial
2026-07-07T20:35:30,forecast_hot_humid_bursty_r2,forecast,hot_humid,bursty,2,38.116,37.816,37.616,35.116,25.0,45.0,60.0,,100.0,2.0,37.1,,,0,trial
2026-07-07T20:35:30,forecast_hot_humid_bursty_r2,forecast,hot_humid,bursty,2,38.113,37.813,37.613,35.113,25.0,45.0,60.0,,100.0,2.0,37.09,,,0,trial
2026-07-07T20:35:30,forecast_hot_humid_bursty_r2,forecast,hot_humid,bursty,2,38.111,37.811,37.611,35.111,25.0,45.0,60.0,,100.0,2.0,37.09,,,0,trial
2026-07-07T20:35:30,forecast_hot_humid_bursty_r2,forecast,hot_humid,bursty,2,38.109,37.809,37.609,35.109,25.0,45.0,60.0,,100.0,2.0,37.09,,,0,trial
2026-07-07T20:35:30,forecast_hot_humid_bursty_r2,forecast,hot_humid,bursty,2,38.106,37.806,37.606,35.106,25.0,45.0,60.0,,100.0,2.0,37.09,,,0,trial
2026-07-07T20:35:30,forecast_hot_humid_bursty_r2,forecast,hot_humid,bursty,2,38.104,37.804,37.604,35.104,25.0,45.0,60.0,,100.0,2.0,37.09,,,0,trial
2026-07-07T20:35:30,forecast_hot_humid_bursty_r2,forecast,hot_humid,bursty,2,38.101,37.801,37.601,35.101,25.0,45.0,60.0,,100.0,2.0,37.09,,,0,trial
2026-07-07T20:35:30,forecast_hot_humid_bursty_r2,forecast,hot_humid,bursty,2,38.099,37.799,37.599,35.099,25.0,45.0,60.0,,100.0,2.0,37.09,,,0,trial
2026-07-07T20:35:30,forecast_hot_humid_bursty_r2,forecast,hot_humid,bursty,2,38.096,37.796,37.596,35.096,25.0,45.0,60.0,,100.0,2.0,37.09,,,0,trial
2026-07-07T20:35:30,forecast_hot_humid_bursty_r2,forecast,hot_humid,bursty,2,38.094,37.794,37.594,35.094,25.0,45.0,60.0,,100.0,2.0,37.09,,,0,trial
2026-07-07T20:35:30,forecast_hot_humid_bursty_r2,forecast,hot_humid,bursty,2,38.091,37.791,37.591,35.091,25.0,45.0,60.0,,100.0,2.0,37.08,,,0,trial
2026-07-07T20:35:30,forecast_hot_humid_bursty_r2,forecast,hot_humid,bursty,2,38.089,37.789,37.589,35.089,25.0,45.0,60.0,,100.0,2.0,37.08,,,0,trial
2026-07-07T20:35:30,forecast_hot_humid_bursty_r2,forecast,hot_humid,bursty,2,38.087,37.787,37.587,35.087,25.0,45.0,60.0,,100.0,2.0,37.08,,,0,trial
2026-07-07T20:35:30,forecast_hot_humid_bursty_r2,forecast,hot_humid,bursty,2,38.084,37.784,37.584,35.084,25.0,45.0,60.0,,100.0,2.0,37.08,,,0,trial
2026-07-07T20:35:30,forecast_hot_humid_bursty_r2,forecast,hot_humid,bursty,2,38.082,37.782,37.582,35.082,25.0,45.0,60.0,,100.0,2.0,37.08,,,0,trial
2026-07-07T20:35:30,forecast_hot_humid_bursty_r2,forecast,hot_humid,bursty,2,38.079,37.779,37.579,35.079,25.0,45.0,60.0,,100.0,2.0,37.08,,,0,trial
2026-07-07T20:35:30,forecast_hot_humid_bursty_r2,forecast,hot_humid,bursty,2,38.077,37.777,37.577,35.077,25.0,45.0,60.0,,100.0,2.0,37.07,,,0,trial
2026-07-07T20:35:30,forecast_hot_humid_bursty_r2,forecast,hot_humid,bursty,2,38.074,37.774,37.574,35.074,25.0,45.0,60.0,,100.0,2.0,37.07,,,0,trial
2026-07-07T20:35:30,forecast_hot_humid_bursty_r2,forecast,hot_humid,bursty,2,38.082,37.782,37.582,35.082,25.0,45.0,140.0,,100.0,2.0,37.07,,,0,trial
2026-07-07T20:35:30,forecast_hot_humid_bursty_r2,forecast,hot_humid,bursty,2,38.091,37.791,37.591,35.091,25.0,45.0,140.0,,100.0,2.0,37.07,,,0,trial
2026-07-07T20:35:30,forecast_hot_humid_bursty_r2,forecast,hot_humid,bursty,2,38.099,37.799,37.599,35.099,25.0,45.0,140.0,,100.0,2.0,37.07,,,0,trial
2026-07-07T20:35:30,forecast_hot_humid_bursty_r2,forecast,hot_humid,bursty,2,38.107,37.807,37.607,35.107,25.0,45.0,140.0,,100.0,2.0,37.06,,,0,trial
2026-07-07T20:35:30,forecast_hot_humid_bursty_r2,forecast,hot_humid,bursty,2,38.115,37.815,37.615,35.115,25.0,45.0,140.0,,100.0,2.0,37.06,,,0,trial
2026-07-07T20:35:30,forecast_hot_humid_bursty_r2,forecast,hot_humid,bursty,2,38.123,37.823,37.623,35.123,25.0,45.0,140.0,,100.0,2.0,37.06,,,0,trial
2026-07-07T20:35:30,forecast_hot_humid_bursty_r2,forecast,hot_humid,bursty,2,38.131,37.831,37.631,35.131,25.0,45.0,140.0,,100.0,2.0,37.06,,,0,trial
2026-07-07T20:35:30,forecast_hot_humid_bursty_r2,forecast,hot_humid,bursty,2,38.139,37.839,37.639,35.139,25.0,45.0,140.0,,100.0,2.0,37.05,,,0,trial
2026-07-07T20:35:30,forecast_hot_humid_bursty_r2,forecast,hot_humid,bursty,2,38.147,37.847,37.647,35.147,25.0,45.0,140.0,,100.0,2.0,37.05,,,0,trial
2026-07-07T20:35:30,forecast_hot_humid_bursty_r2,forecast,hot_humid,bursty,2,38.155,37.855,37.655,35.155,25.0,45.0,140.0,,100.0,2.0,37.05,,,0,trial
2026-07-07T20:35:30,forecast_hot_humid_bursty_r2,forecast,hot_humid,bursty,2,38.163,37.863,37.663,35.163,25.0,45.0,140.0,,100.0,2.0,37.05,,,0,trial
2026-07-07T20:35:30,forecast_hot_humid_bursty_r2,forecast,hot_humid,bursty,2,38.171,37.871,37.671,35.171,25.0,45.0,140.0,,100.0,2.0,37.04,,,0,trial
2026-07-07T20:35:30,forecast_hot_humid_bursty_r2,forecast,hot_humid,bursty,2,38.179,37.879,37.679,35.179,25.0,45.0,140.0,,100.0,2.0,37.04,,,0,trial
2026-07-07T20:35:30,forecast_hot_humid_bursty_r2,forecast,hot_humid,bursty,2,38.187,37.887,37.687,35.187,25.0,45.0,140.0,,100.0,2.0,37.04,,,0,trial
2026-07-07T20:35:30,forecast_hot_humid_bursty_r2,forecast,hot_humid,bursty,2,38.195,37.895,37.695,35.195,25.0,45.0,140.0,,100.0,2.0,37.04,,,0,trial
2026-07-07T20:35:30,forecast_hot_humid_bursty_r2,forecast,hot_humid,bursty,2,38.203,37.903,37.703,35.203,25.0,45.0,140.0,,100.0,2.0,37.03,,,0,trial
2026-07-07T20:35:30,forecast_hot_humid_bursty_r2,forecast,hot_humid,bursty,2,38.211,37.911,37.711,35.211,25.0,45.0,140.0,,100.0,2.0,37.03,,,0,trial
2026-07-07T20:35:30,forecast_hot_humid_bursty_r2,forecast,hot_humid,bursty,2,38.219,37.919,37.719,35.219,25.0,45.0,140.0,,100.0,2.0,37.03,,,0,trial
2026-07-07T20:35:30,forecast_hot_humid_bursty_r2,forecast,hot_humid,bursty,2,38.227,37.927,37.727,35.227,25.0,45.0,140.0,,100.0,2.0,37.02,,,0,trial
2026-07-07T20:35:30,forecast_hot_humid_bursty_r2,forecast,hot_humid,bursty,2,38.235,37.935,37.735,35.235,25.0,45.0,140.0,,100.0,2.0,37.02,,,0,trial
2026-07-07T20:35:30,forecast_hot_humid_bursty_r2,forecast,hot_humid,bursty,2,38.243,37.943,37.743,35.243,25.0,45.0,140.0,,100.0,2.0,37.02,,,0,trial
2026-07-07T20:35:30,forecast_hot_humid_bursty_r2,forecast,hot_humid,bursty,2,38.251,37.951,37.751,35.251,25.0,45.0,140.0,,100.0,2.0,37.01,,,0,trial
2026-07-07T20:35:30,forecast_hot_humid_bursty_r2,forecast,hot_humid,bursty,2,38.259,37.959,37.759,35.259,25.0,45.0,140.0,,100.0,2.0,37.01,,,0,trial
2026-07-07T20:35:30,forecast_hot_humid_bursty_r2,forecast,hot_humid,bursty,2,38.267,37.967,37.767,35.267,25.0,45.0,140.0,,100.0,2.0,37.01,,,0,trial
2026-07-07T20:35:30,forecast_hot_humid_bursty_r2,forecast,hot_humid,bursty,2,38.275,37.975,37.775,35.275,25.0,45.0,140.0,,100.0,2.0,37.0,,,0,trial
2026-07-07T20:35:30,forecast_hot_humid_bursty_r2,forecast,hot_humid,bursty,2,38.283,37.983,37.783,35.283,25.0,45.0,140.0,,100.0,2.0,37.0,,,0,trial
2026-07-07T20:35:30,forecast_hot_humid_bursty_r2,forecast,hot_humid,bursty,2,38.291,37.991,37.791,35.291,25.0,45.0,140.0,,100.0,2.0,37.0,,,0,trial
2026-07-07T20:35:30,forecast_hot_humid_bursty_r2,forecast,hot_humid,bursty,2,38.299,37.999,37.799,35.299,25.0,45.0,140.0,,100.0,2.0,36.99,,,0,trial
2026-07-07T20:35:30,forecast_hot_humid_bursty_r2,forecast,hot_humid,bursty,2,38.307,38.007,37.807,35.307,25.0,45.0,140.0,,100.0,2.0,36.99,,,0,trial
2026-07-07T20:35:30,forecast_hot_humid_bursty_r2,forecast,hot_humid,bursty,2,38.315,38.015,37.815,35.315,25.0,45.0,140.0,,100.0,2.0,36.99,,,0,trial
2026-07-07T20:35:30,forecast_hot_humid_bursty_r2,forecast,hot_humid,bursty,2,38.322,38.022,37.822,35.322,25.0,45.0,140.0,,100.0,2.0,36.98,,,0,trial
2026-07-07T20:35:30,forecast_hot_humid_bursty_r2,forecast,hot_humid,bursty,2,38.332,38.032,37.832,35.332,25.0,45.0,140.0,,75.0,1.5,36.98,,,0,trial
2026-07-07T20:35:30,forecast_hot_humid_bursty_r2,forecast,hot_humid,bursty,2,38.342,38.042,37.842,35.342,25.0,45.0,140.0,,75.0,1.5,36.97,,,0,trial
2026-07-07T20:35:30,forecast_hot_humid_bursty_r2,forecast,hot_humid,bursty,2,38.351,38.051,37.851,35.351,25.0,45.0,140.0,,75.0,1.5,36.97,,,0,trial
2026-07-07T20:35:30,forecast_hot_humid_bursty_r2,forecast,hot_humid,bursty,2,38.361,38.061,37.861,35.361,25.0,45.0,140.0,,75.0,1.5,36.96,,,0,trial
2026-07-07T20:35:30,forecast_hot_humid_bursty_r2,forecast,hot_humid,bursty,2,38.37,38.07,37.87,35.37,25.0,45.0,140.0,,75.0,1.5,36.96,,,0,trial
2026-07-07T20:35:30,forecast_hot_humid_bursty_r2,forecast,hot_humid,bursty,2,38.38,38.08,37.88,35.38,25.0,45.0,140.0,,75.0,1.5,36.96,,,0,trial
2026-07-07T20:35:30,forecast_hot_humid_bursty_r2,forecast,hot_humid,bursty,2,38.389,38.089,37.889,35.389,25.0,45.0,140.0,,75.0,1.5,36.95,,,0,trial
2026-07-07T20:35:30,forecast_hot_humid_bursty_r2,forecast,hot_humid,bursty,2,38.399,38.099,37.899,35.399,25.0,45.0,140.0,,75.0,1.5,36.95,,,0,trial
2026-07-07T20:35:30,forecast_hot_humid_bursty_r2,forecast,hot_humid,bursty,2,38.408,38.108,37.908,35.408,25.0,45.0,140.0,,75.0,1.5,36.94,,,0,trial
2026-07-07T20:35:30,forecast_hot_humid_bursty_r2,forecast,hot_humid,bursty,2,38.418,38.118,37.918,35.418,25.0,45.0,140.0,,75.0,1.5,36.94,,,0,trial
2026-07-07T20:35:30,forecast_hot_humid_bursty_r2,forecast,hot_humid,bursty,2,38.427,38.127,37.927,35.427,25.0,45.0,140.0,,75.0,1.5,36.93,,,0,trial
2026-07-07T20:35:30,forecast_hot_humid_bursty_r2,forecast,hot_humid,bursty,2,38.437,38.137,37.937,35.437,25.0,45.0,140.0,,75.0,1.5,36.93,,,0,trial
2026-07-07T20:35:30,forecast_hot_humid_bursty_r2,forecast,hot_humid,bursty,2,38.446,38.146,37.946,35.446,25.0,45.0,140.0,,75.0,1.5,36.92,,,0,trial
2026-07-07T20:35:30,forecast_hot_humid_bursty_r2,forecast,hot_humid,bursty,2,38.456,38.156,37.956,35.456,25.0,45.0,140.0,,75.0,1.5,36.92,,,0,trial
2026-07-07T20:35:30,forecast_hot_humid_bursty_r2,forecast,hot_humid,bursty,2,38.465,38.165,37.965,35.465,25.0,45.0,140.0,,75.0,1.5,36.92,,,0,trial
2026-07-07T20:35:30,forecast_hot_humid_bursty_r2,forecast,hot_humid,bursty,2,38.475,38.175,37.975,35.475,25.0,45.0,140.0,,75.0,1.5,36.91,,,0,trial
2026-07-07T20:35:30,forecast_hot_humid_bursty_r2,forecast,hot_humid,bursty,2,38.484,38.184,37.984,35.484,25.0,45.0,140.0,,75.0,1.5,36.91,,,0,trial
2026-07-07T20:35:30,forecast_hot_humid_bursty_r2,forecast,hot_humid,bursty,2,38.494,38.194,37.994,35.494,25.0,45.0,140.0,,75.0,1.5,36.9,,,0,trial
2026-07-07T20:35:30,forecast_hot_humid_bursty_r2,forecast,hot_humid,bursty,2,38.503,38.203,38.003,35.503,25.0,45.0,140.0,,75.0,1.5,36.9,,,0,trial
2026-07-07T20:35:30,forecast_hot_humid_bursty_r2,forecast,hot_humid,bursty,2,38.513,38.213,38.013,35.513,25.0,45.0,140.0,,75.0,1.5,36.89,,,0,trial
2026-07-07T20:35:30,forecast_hot_humid_bursty_r2,forecast,hot_humid,bursty,2,38.522,38.222,38.022,35.522,25.0,45.0,140.0,,75.0,1.5,36.88,,,0,trial
2026-07-07T20:35:30,forecast_hot_humid_bursty_r2,forecast,hot_humid,bursty,2,38.531,38.231,38.031,35.531,25.0,45.0,140.0,,75.0,1.5,36.88,,,0,trial
2026-07-07T20:35:30,forecast_hot_humid_bursty_r2,forecast,hot_humid,bursty,2,38.541,38.241,38.041,35.541,25.0,45.0,140.0,,75.0,1.5,36.87,,,0,trial
2026-07-07T20:35:30,forecast_hot_humid_bursty_r2,forecast,hot_humid,bursty,2,38.55,38.25,38.05,35.55,25.0,45.0,140.0,,75.0,1.5,36.87,,,0,trial
2026-07-07T20:35:30,forecast_hot_humid_bursty_r2,forecast,hot_humid,bursty,2,38.56,38.26,38.06,35.56,25.0,45.0,140.0,,75.0,1.5,36.86,,,0,trial
2026-07-07T20:35:30,forecast_hot_humid_bursty_r2,forecast,hot_humid,bursty,2,38.569,38.269,38.069,35.569,25.0,45.0,140.0,,75.0,1.5,36.86,,,0,trial
2026-07-07T20:35:30,forecast_hot_humid_bursty_r2,forecast,hot_humid,bursty,2,38.579,38.279,38.079,35.579,25.0,45.0,140.0,,75.0,1.5,36.85,,,0,trial
2026-07-07T20:35:30,forecast_hot_humid_bursty_r2,forecast,hot_humid,bursty,2,38.588,38.288,38.088,35.588,25.0,45.0,140.0,,75.0,1.5,36.85,,,0,trial
2026-07-07T20:35:30,forecast_hot_humid_bursty_r2,forecast,hot_humid,bursty,2,38.597,38.297,38.097,35.597,25.0,45.0,140.0,,75.0,1.5,36.84,,,0,trial
2026-07-07T20:35:30,forecast_hot_humid_bursty_r2,forecast,hot_humid,bursty,2,38.607,38.307,38.107,35.607,25.0,45.0,140.0,,75.0,1.5,36.84,,,0,trial
2026-07-07T20:35:30,forecast_hot_humid_bursty_r2,forecast,hot_humid,bursty,2,38.616,38.316,38.116,35.616,25.0,45.0,140.0,,75.0,1.5,36.83,,,0,trial
2026-07-07T20:35:30,forecast_hot_humid_bursty_r2,forecast,hot_humid,bursty,2,38.625,38.325,38.125,35.625,25.0,45.0,140.0,,75.0,1.5,36.82,,,0,trial
2026-07-07T20:35:30,forecast_hot_humid_bursty_r2,forecast,hot_humid,bursty,2,38.635,38.335,38.135,35.635,25.0,45.0,140.0,,75.0,1.5,36.82,,,0,trial
2026-07-07T20:35:30,forecast_hot_humid_bursty_r2,forecast,hot_humid,bursty,2,38.644,38.344,38.144,35.644,25.0,45.0,140.0,,75.0,1.5,36.81,,,0,trial
2026-07-07T20:35:30,forecast_hot_humid_bursty_r2,forecast,hot_humid,bursty,2,38.654,38.354,38.154,35.654,25.0,45.0,140.0,,75.0,1.5,36.81,,,0,trial
2026-07-07T20:35:30,forecast_hot_humid_bursty_r2,forecast,hot_humid,bursty,2,38.663,38.363,38.163,35.663,25.0,45.0,140.0,,75.0,1.5,36.8,,,0,trial
2026-07-07T20:35:30,forecast_hot_humid_bursty_r2,forecast,hot_humid,bursty,2,38.672,38.372,38.172,35.672,25.0,45.0,140.0,,75.0,1.5,36.79,,,0,trial
2026-07-07T20:35:30,forecast_hot_humid_bursty_r2,forecast,hot_humid,bursty,2,38.682,38.382,38.182,35.682,25.0,45.0,140.0,,75.0,1.5,36.79,,,0,trial
2026-07-07T20:35:30,forecast_hot_humid_bursty_r2,forecast,hot_humid,bursty,2,38.691,38.391,38.191,35.691,25.0,45.0,140.0,,75.0,1.5,36.78,,,0,trial
2026-07-07T20:35:30,forecast_hot_humid_bursty_r2,forecast,hot_humid,bursty,2,38.7,38.4,38.2,35.7,25.0,45.0,140.0,,75.0,1.5,36.77,,,0,trial
2026-07-07T20:35:30,forecast_hot_humid_bursty_r2,forecast,hot_humid,bursty,2,38.709,38.409,38.209,35.709,25.0,45.0,140.0,,75.0,1.5,36.77,,,0,trial
2026-07-07T20:35:30,forecast_hot_humid_bursty_r2,forecast,hot_humid,bursty,2,38.719,38.419,38.219,35.719,25.0,45.0,140.0,,75.0,1.5,36.76,,,0,trial
2026-07-07T20:35:30,forecast_hot_humid_bursty_r2,forecast,hot_humid,bursty,2,38.728,38.428,38.228,35.728,25.0,45.0,140.0,,75.0,1.5,36.76,,,0,trial
2026-07-07T20:35:30,forecast_hot_humid_bursty_r2,forecast,hot_humid,bursty,2,38.737,38.437,38.237,35.737,25.0,45.0,140.0,,75.0,1.5,36.75,,,0,trial
2026-07-07T20:35:30,forecast_hot_humid_bursty_r2,forecast,hot_humid,bursty,2,38.747,38.447,38.247,35.747,25.0,45.0,140.0,,75.0,1.5,36.74,,,0,trial
2026-07-07T20:35:30,forecast_hot_humid_bursty_r2,forecast,hot_humid,bursty,2,38.756,38.456,38.256,35.756,25.0,45.0,140.0,,75.0,1.5,36.74,,,0,trial
2026-07-07T20:35:30,forecast_hot_humid_bursty_r2,forecast,hot_humid,bursty,2,38.765,38.465,38.265,35.765,25.0,45.0,140.0,,75.0,1.5,36.73,,,0,trial
2026-07-07T20:35:30,forecast_hot_humid_bursty_r2,forecast,hot_humid,bursty,2,38.775,38.475,38.275,35.775,25.0,45.0,140.0,,75.0,1.5,36.72,,,0,trial
2026-07-07T20:35:30,forecast_hot_humid_bursty_r2,forecast,hot_humid,bursty,2,38.784,38.484,38.284,35.784,25.0,45.0,140.0,,75.0,1.5,36.72,,,0,trial
2026-07-07T20:35:30,forecast_hot_humid_bursty_r2,forecast,hot_humid,bursty,2,38.793,38.493,38.293,35.793,25.0,45.0,140.0,,75.0,1.5,36.71,,,0,trial
2026-07-07T20:35:30,forecast_hot_humid_bursty_r2,forecast,hot_humid,bursty,2,38.802,38.502,38.302,35.802,25.0,45.0,140.0,,75.0,1.5,36.7,,,0,trial
2026-07-07T20:35:30,forecast_hot_humid_bursty_r2,forecast,hot_humid,bursty,2,38.812,38.512,38.312,35.812,25.0,45.0,140.0,,75.0,1.5,36.69,,,0,trial
2026-07-07T20:35:30,forecast_hot_humid_bursty_r2,forecast,hot_humid,bursty,2,38.821,38.521,38.321,35.821,25.0,45.0,140.0,,75.0,1.5,36.69,,,0,trial
2026-07-07T20:35:30,forecast_hot_humid_bursty_r2,forecast,hot_humid,bursty,2,38.83,38.53,38.33,35.83,25.0,45.0,140.0,,75.0,1.5,36.68,,,0,trial
2026-07-07T20:35:30,forecast_hot_humid_bursty_r2,forecast,hot_humid,bursty,2,38.839,38.539,38.339,35.839,25.0,45.0,140.0,,75.0,1.5,36.67,,,0,trial
2026-07-07T20:35:30,forecast_hot_humid_bursty_r2,forecast,hot_humid,bursty,2,38.848,38.548,38.348,35.848,25.0,45.0,140.0,,75.0,1.5,36.67,,,0,trial
2026-07-07T20:35:30,forecast_hot_humid_bursty_r2,forecast,hot_humid,bursty,2,38.858,38.558,38.358,35.858,25.0,45.0,140.0,,75.0,1.5,36.66,,,0,trial
2026-07-07T20:35:30,forecast_hot_humid_bursty_r2,forecast,hot_humid,bursty,2,38.867,38.567,38.367,35.867,25.0,45.0,140.0,,75.0,1.5,36.65,,,0,trial
2026-07-07T20:35:30,forecast_hot_humid_bursty_r2,forecast,hot_humid,bursty,2,38.876,38.576,38.376,35.876,25.0,45.0,140.0,,75.0,1.5,36.64,,,0,trial
2026-07-07T20:35:30,forecast_hot_humid_bursty_r2,forecast,hot_humid,bursty,2,38.885,38.585,38.385,35.885,25.0,45.0,140.0,,75.0,1.5,36.64,,,0,trial
2026-07-07T20:35:30,forecast_hot_humid_bursty_r2,forecast,hot_humid,bursty,2,38.895,38.595,38.395,35.895,25.0,45.0,140.0,,75.0,1.5,36.63,,,0,trial
2026-07-07T20:35:30,forecast_hot_humid_bursty_r2,forecast,hot_humid,bursty,2,38.904,38.604,38.404,35.904,25.0,45.0,140.0,,75.0,1.5,36.62,,,0,trial
2026-07-07T20:35:30,forecast_hot_humid_bursty_r2,forecast,hot_humid,bursty,2,38.913,38.613,38.413,35.913,25.0,45.0,140.0,,75.0,1.5,36.61,,,0,trial
2026-07-07T20:35:30,forecast_hot_humid_bursty_r2,forecast,hot_humid,bursty,2,38.922,38.622,38.422,35.922,25.0,45.0,140.0,,75.0,1.5,36.61,,,0,trial
2026-07-07T20:35:30,forecast_hot_humid_bursty_r2,forecast,hot_humid,bursty,2,38.931,38.631,38.431,35.931,25.0,45.0,140.0,,75.0,1.5,36.6,,,0,trial
2026-07-07T20:35:30,forecast_hot_humid_bursty_r2,forecast,hot_humid,bursty,2,38.94,38.64,38.44,35.94,25.0,45.0,140.0,,75.0,1.5,36.59,,,0,trial
2026-07-07T20:35:30,forecast_hot_humid_bursty_r2,forecast,hot_humid,bursty,2,38.95,38.65,38.45,35.95,25.0,45.0,140.0,,75.0,1.5,36.58,,,0,trial
2026-07-07T20:35:30,forecast_hot_humid_bursty_r2,forecast,hot_humid,bursty,2,38.959,38.659,38.459,35.959,25.0,45.0,140.0,,75.0,1.5,36.58,,,0,trial
2026-07-07T20:35:30,forecast_hot_humid_bursty_r2,forecast,hot_humid,bursty,2,38.968,38.668,38.468,35.968,25.0,45.0,140.0,,75.0,1.5,36.57,,,0,trial
2026-07-07T20:35:30,forecast_hot_humid_bursty_r2,forecast,hot_humid,bursty,2,38.977,38.677,38.477,35.977,25.0,45.0,140.0,,75.0,1.5,36.56,,,0,trial
2026-07-07T20:35:30,forecast_hot_humid_bursty_r2,forecast,hot_humid,bursty,2,38.986,38.686,38.486,35.986,25.0,45.0,140.0,,75.0,1.5,36.55,,,0,trial
2026-07-07T20:35:30,forecast_hot_humid_bursty_r2,forecast,hot_humid,bursty,2,38.995,38.695,38.495,35.995,25.0,45.0,140.0,,75.0,1.5,36.54,,,0,trial
2026-07-07T20:35:30,forecast_hot_humid_bursty_r2,forecast,hot_humid,bursty,2,39.004,38.704,38.504,36.004,25.0,45.0,140.0,,75.0,1.5,36.54,,,0,trial
2026-07-07T20:35:30,forecast_hot_humid_bursty_r2,forecast,hot_humid,bursty,2,39.013,38.713,38.513,36.013,25.0,45.0,140.0,,75.0,1.5,36.53,,,0,trial
2026-07-07T20:35:30,forecast_hot_humid_bursty_r2,forecast,hot_humid,bursty,2,39.023,38.723,38.523,36.023,25.0,45.0,140.0,,75.0,1.5,36.52,,,0,trial
2026-07-07T20:35:30,forecast_hot_humid_bursty_r2,forecast,hot_humid,bursty,2,39.032,38.732,38.532,36.032,25.0,45.0,140.0,,75.0,1.5,36.51,,,0,trial
2026-07-07T20:35:30,forecast_hot_humid_bursty_r2,forecast,hot_humid,bursty,2,39.041,38.741,38.541,36.041,25.0,45.0,140.0,,75.0,1.5,36.5,,,0,trial
2026-07-07T20:35:30,forecast_hot_humid_bursty_r2,forecast,hot_humid,bursty,2,39.05,38.75,38.55,36.05,25.0,45.0,140.0,,75.0,1.5,36.49,,,0,trial
2026-07-07T20:35:30,forecast_hot_humid_bursty_r2,forecast,hot_humid,bursty,2,39.059,38.759,38.559,36.059,25.0,45.0,140.0,,75.0,1.5,36.49,,,0,trial
2026-07-07T20:35:30,forecast_hot_humid_bursty_r2,forecast,hot_humid,bursty,2,39.068,38.768,38.568,36.068,25.0,45.0,140.0,,75.0,1.5,36.48,,,0,trial
2026-07-07T20:35:30,forecast_hot_humid_bursty_r2,forecast,hot_humid,bursty,2,39.077,38.777,38.577,36.077,25.0,45.0,140.0,,75.0,1.5,36.47,,,0,trial
2026-07-07T20:35:30,forecast_hot_humid_bursty_r2,forecast,hot_humid,bursty,2,39.086,38.786,38.586,36.086,25.0,45.0,140.0,,75.0,1.5,36.46,,,0,trial
2026-07-07T20:35:30,forecast_hot_humid_bursty_r2,forecast,hot_humid,bursty,2,39.095,38.795,38.595,36.095,25.0,45.0,140.0,,75.0,1.5,36.45,,,0,trial
2026-07-07T20:35:30,forecast_hot_humid_bursty_r2,forecast,hot_humid,bursty,2,39.104,38.804,38.604,36.104,25.0,45.0,140.0,,75.0,1.5,36.44,,,0,trial
2026-07-07T20:35:30,forecast_hot_humid_bursty_r2,forecast,hot_humid,bursty,2,39.113,38.813,38.613,36.113,25.0,45.0,140.0,,75.0,1.5,36.43,,,0,trial
2026-07-07T20:35:30,forecast_hot_humid_bursty_r2,forecast,hot_humid,bursty,2,39.122,38.822,38.622,36.122,25.0,45.0,140.0,,75.0,1.5,36.43,,,0,trial
2026-07-07T20:35:30,forecast_hot_humid_bursty_r2,forecast,hot_humid,bursty,2,39.131,38.831,38.631,36.131,25.0,45.0,140.0,,75.0,1.5,36.42,,,0,trial
2026-07-07T20:35:30,forecast_hot_humid_bursty_r2,forecast,hot_humid,bursty,2,39.14,38.84,38.64,36.14,25.0,45.0,140.0,,75.0,1.5,36.41,,,0,trial
2026-07-07T20:35:30,forecast_hot_humid_bursty_r2,forecast,hot_humid,bursty,2,39.149,38.849,38.649,36.149,25.0,45.0,140.0,,75.0,1.5,36.4,,,0,trial
2026-07-07T20:35:30,forecast_hot_humid_bursty_r2,forecast,hot_humid,bursty,2,39.158,38.858,38.658,36.158,25.0,45.0,140.0,,75.0,1.5,36.39,,,0,trial
2026-07-07T20:35:30,forecast_hot_humid_bursty_r2,forecast,hot_humid,bursty,2,39.167,38.867,38.667,36.167,25.0,45.0,140.0,,75.0,1.5,36.38,,,0,trial
2026-07-07T20:35:30,forecast_hot_humid_bursty_r2,forecast,hot_humid,bursty,2,39.176,38.876,38.676,36.176,25.0,45.0,140.0,,75.0,1.5,36.37,,,0,trial
2026-07-07T20:35:30,forecast_hot_humid_bursty_r2,forecast,hot_humid,bursty,2,39.185,38.885,38.685,36.185,25.0,45.0,140.0,,75.0,1.5,36.36,,,0,trial
2026-07-07T20:35:30,forecast_hot_humid_bursty_r2,forecast,hot_humid,bursty,2,39.194,38.894,38.694,36.194,25.0,45.0,140.0,,75.0,1.5,36.35,,,0,trial
2026-07-07T20:35:30,forecast_hot_humid_bursty_r2,forecast,hot_humid,bursty,2,39.203,38.903,38.703,36.203,25.0,45.0,140.0,,75.0,1.5,36.34,,,0,trial
2026-07-07T20:35:30,forecast_hot_humid_bursty_r2,forecast,hot_humid,bursty,2,39.212,38.912,38.712,36.212,25.0,45.0,140.0,,75.0,1.5,36.34,,,0,trial
2026-07-07T20:35:30,forecast_hot_humid_bursty_r2,forecast,hot_humid,bursty,2,39.221,38.921,38.721,36.221,25.0,45.0,140.0,,75.0,1.5,36.33,,,0,trial
2026-07-07T20:35:30,forecast_hot_humid_bursty_r2,forecast,hot_humid,bursty,2,39.23,38.93,38.73,36.23,25.0,45.0,140.0,,75.0,1.5,36.32,,,0,trial
2026-07-07T20:35:30,forecast_hot_humid_bursty_r2,forecast,hot_humid,bursty,2,39.239,38.939,38.739,36.239,25.0,45.0,140.0,,75.0,1.5,36.31,,,0,trial
2026-07-07T20:35:30,forecast_hot_humid_bursty_r2,forecast,hot_humid,bursty,2,39.248,38.948,38.748,36.248,25.0,45.0,140.0,,75.0,1.5,36.3,,,0,trial
2026-07-07T20:35:30,forecast_hot_humid_bursty_r2,forecast,hot_humid,bursty,2,39.257,38.957,38.757,36.257,25.0,45.0,140.0,,75.0,1.5,36.29,,,0,trial
2026-07-07T20:35:30,forecast_hot_humid_bursty_r2,forecast,hot_humid,bursty,2,39.266,38.966,38.766,36.266,25.0,45.0,140.0,,75.0,1.5,36.28,,,0,trial
2026-07-07T20:35:30,forecast_hot_humid_bursty_r2,forecast,hot_humid,bursty,2,39.275,38.975,38.775,36.275,25.0,45.0,140.0,,75.0,1.5,36.27,,,0,trial
2026-07-07T20:35:30,forecast_hot_humid_bursty_r2,forecast,hot_humid,bursty,2,39.284,38.984,38.784,36.284,25.0,45.0,140.0,,75.0,1.5,36.26,,,0,trial
2026-07-07T20:35:30,forecast_hot_humid_bursty_r2,forecast,hot_humid,bursty,2,39.293,38.993,38.793,36.293,25.0,45.0,140.0,,75.0,1.5,36.25,,,0,trial
2026-07-07T20:35:30,forecast_hot_humid_bursty_r2,forecast,hot_humid,bursty,2,39.302,39.002,38.802,36.302,25.0,45.0,140.0,,75.0,1.5,36.24,,,0,trial
2026-07-07T20:35:30,forecast_hot_humid_bursty_r2,forecast,hot_humid,bursty,2,39.311,39.011,38.811,36.311,25.0,45.0,140.0,,75.0,1.5,36.23,,,0,trial
2026-07-07T20:35:30,forecast_hot_humid_bursty_r2,forecast,hot_humid,bursty,2,39.32,39.02,38.82,36.32,25.0,45.0,140.0,,75.0,1.5,36.22,,,0,trial
2026-07-07T20:35:30,forecast_hot_humid_bursty_r2,forecast,hot_humid,bursty,2,39.329,39.029,38.829,36.329,25.0,45.0,140.0,,75.0,1.5,36.21,,,0,trial
2026-07-07T20:35:30,forecast_hot_humid_bursty_r2,forecast,hot_humid,bursty,2,39.337,39.037,38.837,36.337,25.0,45.0,140.0,,75.0,1.5,36.2,,,0,trial
2026-07-07T20:35:30,forecast_hot_humid_bursty_r2,forecast,hot_humid,bursty,2,39.346,39.046,38.846,36.346,25.0,45.0,140.0,,75.0,1.5,36.19,,,0,trial
2026-07-07T20:35:30,forecast_hot_humid_bursty_r2,forecast,hot_humid,bursty,2,39.355,39.055,38.855,36.355,25.0,45.0,140.0,,75.0,1.5,36.18,,,0,trial
2026-07-07T20:35:30,forecast_hot_humid_bursty_r2,forecast,hot_humid,bursty,2,39.364,39.064,38.864,36.364,25.0,45.0,140.0,,75.0,1.5,36.17,,,0,trial
2026-07-07T20:35:30,forecast_hot_humid_bursty_r2,forecast,hot_humid,bursty,2,39.373,39.073,38.873,36.373,25.0,45.0,140.0,,75.0,1.5,36.16,,,0,trial
2026-07-07T20:35:30,forecast_hot_humid_bursty_r2,forecast,hot_humid,bursty,2,39.382,39.082,38.882,36.382,25.0,45.0,140.0,,75.0,1.5,36.15,,,0,trial
2026-07-07T20:35:30,forecast_hot_humid_bursty_r2,forecast,hot_humid,bursty,2,39.391,39.091,38.891,36.391,25.0,45.0,140.0,,75.0,1.5,36.14,,,0,trial
2026-07-07T20:35:30,forecast_hot_humid_bursty_r2,forecast,hot_humid,bursty,2,39.4,39.1,38.9,36.4,25.0,45.0,140.0,,75.0,1.5,36.13,,,0,trial
2026-07-07T20:35:30,forecast_hot_humid_bursty_r2,forecast,hot_humid,bursty,2,39.408,39.108,38.908,36.408,25.0,45.0,140.0,,75.0,1.5,36.12,,,0,trial
2026-07-07T20:35:30,forecast_hot_humid_bursty_r2,forecast,hot_humid,bursty,2,39.417,39.117,38.917,36.417,25.0,45.0,140.0,,75.0,1.5,36.11,,,0,trial
2026-07-07T20:35:30,forecast_hot_humid_bursty_r2,forecast,hot_humid,bursty,2,39.426,39.126,38.926,36.426,25.0,45.0,140.0,,75.0,1.5,36.1,,,0,trial
2026-07-07T20:35:30,forecast_hot_humid_bursty_r2,forecast,hot_humid,bursty,2,39.435,39.135,38.935,36.435,25.0,45.0,140.0,,75.0,1.5,36.09,,,0,trial
2026-07-07T20:35:30,forecast_hot_humid_bursty_r2,forecast,hot_humid,bursty,2,39.444,39.144,38.944,36.444,25.0,45.0,140.0,,75.0,1.5,36.08,,,0,trial
2026-07-07T20:35:30,forecast_hot_humid_bursty_r2,forecast,hot_humid,bursty,2,39.453,39.153,38.953,36.453,25.0,45.0,140.0,,75.0,1.5,36.07,,,0,trial
2026-07-07T20:35:30,forecast_hot_humid_bursty_r2,forecast,hot_humid,bursty,2,39.461,39.161,38.961,36.461,25.0,45.0,140.0,,75.0,1.5,36.06,,,0,trial
2026-07-07T20:35:30,forecast_hot_humid_bursty_r2,forecast,hot_humid,bursty,2,39.47,39.17,38.97,36.47,25.0,45.0,140.0,,75.0,1.5,36.05,,,0,trial
2026-07-07T20:35:30,forecast_hot_humid_bursty_r2,forecast,hot_humid,bursty,2,39.479,39.179,38.979,36.479,25.0,45.0,140.0,,75.0,1.5,36.04,,,0,trial
2026-07-07T20:35:30,forecast_hot_humid_bursty_r2,forecast,hot_humid,bursty,2,39.488,39.188,38.988,36.488,25.0,45.0,140.0,,75.0,1.5,36.03,,,0,trial
2026-07-07T20:35:30,forecast_hot_humid_bursty_r2,forecast,hot_humid,bursty,2,39.497,39.197,38.997,36.497,25.0,45.0,140.0,,75.0,1.5,36.02,,,0,trial
2026-07-07T20:35:30,forecast_hot_humid_bursty_r2,forecast,hot_humid,bursty,2,39.505,39.205,39.005,36.505,25.0,45.0,140.0,,75.0,1.5,36.01,,,0,trial
2026-07-07T20:35:30,forecast_hot_humid_bursty_r2,forecast,hot_humid,bursty,2,39.514,39.214,39.014,36.514,25.0,45.0,140.0,,75.0,1.5,36.0,,,0,trial
2026-07-07T20:35:30,forecast_hot_humid_bursty_r2,forecast,hot_humid,bursty,2,39.523,39.223,39.023,36.523,25.0,45.0,140.0,,75.0,1.5,35.99,,,0,trial
2026-07-07T20:35:30,forecast_hot_humid_bursty_r2,forecast,hot_humid,bursty,2,39.532,39.232,39.032,36.532,25.0,45.0,140.0,,75.0,1.5,35.97,,,0,trial
2026-07-07T20:35:30,forecast_hot_humid_bursty_r2,forecast,hot_humid,bursty,2,39.541,39.241,39.041,36.541,25.0,45.0,140.0,,75.0,1.5,35.96,,,0,trial
2026-07-07T20:35:30,forecast_hot_humid_bursty_r2,forecast,hot_humid,bursty,2,39.549,39.249,39.049,36.549,25.0,45.0,140.0,,75.0,1.5,35.95,,,0,trial
2026-07-07T20:35:30,forecast_hot_humid_bursty_r2,forecast,hot_humid,bursty,2,39.558,39.258,39.058,36.558,25.0,45.0,140.0,,75.0,1.5,35.94,,,0,trial
2026-07-07T20:35:30,forecast_hot_humid_bursty_r2,forecast,hot_humid,bursty,2,39.567,39.267,39.067,36.567,25.0,45.0,140.0,,75.0,1.5,35.93,,,0,trial
2026-07-07T20:35:30,forecast_hot_humid_bursty_r2,forecast,hot_humid,bursty,2,39.575,39.275,39.075,36.575,25.0,45.0,140.0,,75.0,1.5,35.92,,,0,trial
2026-07-07T20:35:30,forecast_hot_humid_bursty_r2,forecast,hot_humid,bursty,2,39.584,39.284,39.084,36.584,25.0,45.0,140.0,,75.0,1.5,35.91,,,0,trial
2026-07-07T20:35:30,forecast_hot_humid_bursty_r2,forecast,hot_humid,bursty,2,39.593,39.293,39.093,36.593,25.0,45.0,140.0,,75.0,1.5,35.9,,,0,trial
2026-07-07T20:35:30,forecast_hot_humid_bursty_r2,forecast,hot_humid,bursty,2,39.602,39.302,39.102,36.602,25.0,45.0,140.0,,75.0,1.5,35.89,,,0,trial
2026-07-07T20:35:30,forecast_hot_humid_bursty_r2,forecast,hot_humid,bursty,2,39.61,39.31,39.11,36.61,25.0,45.0,140.0,,75.0,1.5,35.88,,,0,trial
2026-07-07T20:35:30,forecast_hot_humid_bursty_r2,forecast,hot_humid,bursty,2,39.619,39.319,39.119,36.619,25.0,45.0,140.0,,75.0,1.5,35.87,,,0,trial
2026-07-07T20:35:30,forecast_hot_humid_bursty_r2,forecast,hot_humid,bursty,2,39.628,39.328,39.128,36.628,25.0,45.0,140.0,,75.0,1.5,35.85,,,0,trial
2026-07-07T20:35:30,forecast_hot_humid_bursty_r2,forecast,hot_humid,bursty,2,39.637,39.337,39.137,36.637,25.0,45.0,140.0,,75.0,1.5,35.84,,,0,trial
2026-07-07T20:35:30,forecast_hot_humid_bursty_r2,forecast,hot_humid,bursty,2,39.645,39.345,39.145,36.645,25.0,45.0,140.0,,75.0,1.5,35.83,,,0,trial
2026-07-07T20:35:30,forecast_hot_humid_bursty_r2,forecast,hot_humid,bursty,2,39.654,39.354,39.154,36.654,25.0,45.0,140.0,,75.0,1.5,35.82,,,0,trial
2026-07-07T20:35:30,forecast_hot_humid_bursty_r2,forecast,hot_humid,bursty,2,39.663,39.363,39.163,36.663,25.0,45.0,140.0,,75.0,1.5,35.81,,,0,trial
2026-07-07T20:35:30,forecast_hot_humid_bursty_r2,forecast,hot_humid,bursty,2,39.671,39.371,39.171,36.671,25.0,45.0,140.0,,75.0,1.5,35.8,,,0,trial
2026-07-07T20:35:30,forecast_hot_humid_bursty_r2,forecast,hot_humid,bursty,2,39.68,39.38,39.18,36.68,25.0,45.0,140.0,,75.0,1.5,35.79,,,0,trial
2026-07-07T20:35:30,forecast_hot_humid_bursty_r2,forecast,hot_humid,bursty,2,39.678,39.378,39.178,36.678,25.0,45.0,60.0,,75.0,1.5,35.78,,,0,trial
2026-07-07T20:35:30,forecast_hot_humid_bursty_r2,forecast,hot_humid,bursty,2,39.678,39.378,39.178,36.678,25.0,45.0,60.0,,50.0,1.0,35.76,,,0,trial
2026-07-07T20:35:30,forecast_hot_humid_bursty_r2,forecast,hot_humid,bursty,2,39.678,39.378,39.178,36.678,25.0,45.0,60.0,,50.0,1.0,35.75,,,0,trial
2026-07-07T20:35:30,forecast_hot_humid_bursty_r2,forecast,hot_humid,bursty,2,39.679,39.379,39.179,36.679,25.0,45.0,60.0,,50.0,1.0,35.74,,,0,trial
2026-07-07T20:35:30,forecast_hot_humid_bursty_r2,forecast,hot_humid,bursty,2,39.679,39.379,39.179,36.679,25.0,45.0,60.0,,50.0,1.0,35.73,,,0,trial
2026-07-07T20:35:30,forecast_hot_humid_bursty_r2,forecast,hot_humid,bursty,2,39.679,39.379,39.179,36.679,25.0,45.0,60.0,,50.0,1.0,35.72,,,0,trial
2026-07-07T20:35:30,forecast_hot_humid_bursty_r2,forecast,hot_humid,bursty,2,39.679,39.379,39.179,36.679,25.0,45.0,60.0,,50.0,1.0,35.71,,,0,trial
2026-07-07T20:35:30,forecast_hot_humid_bursty_r2,forecast,hot_humid,bursty,2,39.679,39.379,39.179,36.679,25.0,45.0,60.0,,50.0,1.0,35.7,,,0,trial
2026-07-07T20:35:30,forecast_hot_humid_bursty_r2,forecast,hot_humid,bursty,2,39.679,39.379,39.179,36.679,25.0,45.0,60.0,,50.0,1.0,35.68,,,0,trial
2026-07-07T20:35:30,forecast_hot_humid_bursty_r2,forecast,hot_humid,bursty,2,39.68,39.38,39.18,36.68,25.0,45.0,60.0,,50.0,1.0,35.67,,,0,trial
2026-07-07T20:35:30,forecast_hot_humid_bursty_r2,forecast,hot_humid,bursty,2,39.68,39.38,39.18,36.68,25.0,45.0,60.0,,50.0,1.0,35.66,,,0,trial
2026-07-07T20:35:30,forecast_hot_humid_bursty_r2,forecast,hot_humid,bursty,2,39.68,39.38,39.18,36.68,25.0,45.0,60.0,,50.0,1.0,35.65,,,0,trial
2026-07-07T20:35:30,forecast_hot_humid_bursty_r2,forecast,hot_humid,bursty,2,39.68,39.38,39.18,36.68,25.0,45.0,60.0,,50.0,1.0,35.64,,,0,trial
2026-07-07T20:35:30,forecast_hot_humid_bursty_r2,forecast,hot_humid,bursty,2,39.68,39.38,39.18,36.68,25.0,45.0,60.0,,50.0,1.0,35.63,,,0,trial
2026-07-07T20:35:30,forecast_hot_humid_bursty_r2,forecast,hot_humid,bursty,2,39.68,39.38,39.18,36.68,25.0,45.0,60.0,,50.0,1.0,35.61,,,0,trial
2026-07-07T20:35:30,forecast_hot_humid_bursty_r2,forecast,hot_humid,bursty,2,39.681,39.381,39.181,36.681,25.0,45.0,60.0,,50.0,1.0,35.6,,,0,trial
2026-07-07T20:35:30,forecast_hot_humid_bursty_r2,forecast,hot_humid,bursty,2,39.681,39.381,39.181,36.681,25.0,45.0,60.0,,50.0,1.0,35.59,,,0,trial
2026-07-07T20:35:30,forecast_hot_humid_bursty_r2,forecast,hot_humid,bursty,2,39.681,39.381,39.181,36.681,25.0,45.0,60.0,,50.0,1.0,35.58,,,0,trial
2026-07-07T20:35:30,forecast_hot_humid_bursty_r2,forecast,hot_humid,bursty,2,39.681,39.381,39.181,36.681,25.0,45.0,60.0,,50.0,1.0,35.57,,,0,trial
2026-07-07T20:35:30,forecast_hot_humid_bursty_r2,forecast,hot_humid,bursty,2,39.681,39.381,39.181,36.681,25.0,45.0,60.0,,50.0,1.0,35.56,,,0,trial
2026-07-07T20:35:30,forecast_hot_humid_bursty_r2,forecast,hot_humid,bursty,2,39.681,39.381,39.181,36.681,25.0,45.0,60.0,,50.0,1.0,35.54,,,0,trial
2026-07-07T20:35:30,forecast_hot_humid_bursty_r2,forecast,hot_humid,bursty,2,39.682,39.382,39.182,36.682,25.0,45.0,60.0,,50.0,1.0,35.53,,,0,trial
2026-07-07T20:35:30,forecast_hot_humid_bursty_r2,forecast,hot_humid,bursty,2,39.682,39.382,39.182,36.682,25.0,45.0,60.0,,50.0,1.0,35.52,,,0,trial
2026-07-07T20:35:30,forecast_hot_humid_bursty_r2,forecast,hot_humid,bursty,2,39.682,39.382,39.182,36.682,25.0,45.0,60.0,,50.0,1.0,35.51,,,0,trial
2026-07-07T20:35:30,forecast_hot_humid_bursty_r2,forecast,hot_humid,bursty,2,39.682,39.382,39.182,36.682,25.0,45.0,60.0,,50.0,1.0,35.5,,,0,trial
2026-07-07T20:35:30,forecast_hot_humid_bursty_r2,forecast,hot_humid,bursty,2,39.682,39.382,39.182,36.682,25.0,45.0,60.0,,50.0,1.0,35.48,,,0,trial
2026-07-07T20:35:30,forecast_hot_humid_bursty_r2,forecast,hot_humid,bursty,2,39.682,39.382,39.182,36.682,25.0,45.0,60.0,,50.0,1.0,35.47,,,0,trial
2026-07-07T20:35:30,forecast_hot_humid_bursty_r2,forecast,hot_humid,bursty,2,39.683,39.383,39.183,36.683,25.0,45.0,60.0,,50.0,1.0,35.46,,,0,trial
2026-07-07T20:35:30,forecast_hot_humid_bursty_r2,forecast,hot_humid,bursty,2,39.683,39.383,39.183,36.683,25.0,45.0,60.0,,50.0,1.0,35.45,,,0,trial
2026-07-07T20:35:30,forecast_hot_humid_bursty_r2,forecast,hot_humid,bursty,2,39.683,39.383,39.183,36.683,25.0,45.0,60.0,,50.0,1.0,35.44,,,0,trial
2026-07-07T20:35:30,forecast_hot_humid_bursty_r2,forecast,hot_humid,bursty,2,39.683,39.383,39.183,36.683,25.0,45.0,60.0,,50.0,1.0,35.42,,,0,trial
2026-07-07T20:35:30,forecast_hot_humid_bursty_r2,forecast,hot_humid,bursty,2,39.683,39.383,39.183,36.683,25.0,45.0,60.0,,50.0,1.0,35.41,,,0,trial
2026-07-07T20:35:30,forecast_hot_humid_bursty_r2,forecast,hot_humid,bursty,2,39.683,39.383,39.183,36.683,25.0,45.0,60.0,,50.0,1.0,35.4,,,0,trial
2026-07-07T20:35:30,forecast_hot_humid_bursty_r2,forecast,hot_humid,bursty,2,39.684,39.384,39.184,36.684,25.0,45.0,60.0,,50.0,1.0,35.39,,,0,trial
2026-07-07T20:35:30,forecast_hot_humid_bursty_r2,forecast,hot_humid,bursty,2,39.684,39.384,39.184,36.684,25.0,45.0,60.0,,50.0,1.0,35.37,,,0,trial
2026-07-07T20:35:30,forecast_hot_humid_bursty_r2,forecast,hot_humid,bursty,2,39.684,39.384,39.184,36.684,25.0,45.0,60.0,,50.0,1.0,35.36,,,0,trial
2026-07-07T20:35:30,forecast_hot_humid_bursty_r2,forecast,hot_humid,bursty,2,39.684,39.384,39.184,36.684,25.0,45.0,60.0,,50.0,1.0,35.35,,,0,trial
2026-07-07T20:35:30,forecast_hot_humid_bursty_r2,forecast,hot_humid,bursty,2,39.684,39.384,39.184,36.684,25.0,45.0,60.0,,50.0,1.0,35.34,,,0,trial
2026-07-07T20:35:30,forecast_hot_humid_bursty_r2,forecast,hot_humid,bursty,2,39.684,39.384,39.184,36.684,25.0,45.0,60.0,,50.0,1.0,35.33,,,0,trial
2026-07-07T20:35:30,forecast_hot_humid_bursty_r2,forecast,hot_humid,bursty,2,39.685,39.385,39.185,36.685,25.0,45.0,60.0,,50.0,1.0,35.31,,,0,trial
2026-07-07T20:35:30,forecast_hot_humid_bursty_r2,forecast,hot_humid,bursty,2,39.685,39.385,39.185,36.685,25.0,45.0,60.0,,50.0,1.0,35.3,,,0,trial
2026-07-07T20:35:30,forecast_hot_humid_bursty_r2,forecast,hot_humid,bursty,2,39.685,39.385,39.185,36.685,25.0,45.0,60.0,,50.0,1.0,35.29,,,0,trial
2026-07-07T20:35:30,forecast_hot_humid_bursty_r2,forecast,hot_humid,bursty,2,39.685,39.385,39.185,36.685,25.0,45.0,60.0,,50.0,1.0,35.28,,,0,trial
2026-07-07T20:35:30,forecast_hot_humid_bursty_r2,forecast,hot_humid,bursty,2,39.685,39.385,39.185,36.685,25.0,45.0,60.0,,50.0,1.0,35.26,,,0,trial
2026-07-07T20:35:30,forecast_hot_humid_bursty_r2,forecast,hot_humid,bursty,2,39.685,39.385,39.185,36.685,25.0,45.0,60.0,,50.0,1.0,35.25,,,0,trial
2026-07-07T20:35:30,forecast_hot_humid_bursty_r2,forecast,hot_humid,bursty,2,39.686,39.386,39.186,36.686,25.0,45.0,60.0,,50.0,1.0,35.24,,,0,trial
2026-07-07T20:35:30,forecast_hot_humid_bursty_r2,forecast,hot_humid,bursty,2,39.686,39.386,39.186,36.686,25.0,45.0,60.0,,50.0,1.0,35.23,,,0,trial
2026-07-07T20:35:30,forecast_hot_humid_bursty_r2,forecast,hot_humid,bursty,2,39.686,39.386,39.186,36.686,25.0,45.0,60.0,,50.0,1.0,35.21,,,0,trial
2026-07-07T20:35:30,forecast_hot_humid_bursty_r2,forecast,hot_humid,bursty,2,39.686,39.386,39.186,36.686,25.0,45.0,60.0,,50.0,1.0,35.2,,,0,trial
2026-07-07T20:35:30,forecast_hot_humid_bursty_r2,forecast,hot_humid,bursty,2,39.686,39.386,39.186,36.686,25.0,45.0,60.0,,50.0,1.0,35.19,,,0,trial
2026-07-07T20:35:30,forecast_hot_humid_bursty_r2,forecast,hot_humid,bursty,2,39.686,39.386,39.186,36.686,25.0,45.0,60.0,,50.0,1.0,35.18,,,0,trial
2026-07-07T20:35:30,forecast_hot_humid_bursty_r2,forecast,hot_humid,bursty,2,39.686,39.386,39.186,36.686,25.0,45.0,60.0,,50.0,1.0,35.16,,,0,trial
2026-07-07T20:35:30,forecast_hot_humid_bursty_r2,forecast,hot_humid,bursty,2,39.687,39.387,39.187,36.687,25.0,45.0,60.0,,50.0,1.0,35.15,,,0,trial
2026-07-07T20:35:30,forecast_hot_humid_bursty_r2,forecast,hot_humid,bursty,2,39.687,39.387,39.187,36.687,25.0,45.0,60.0,,50.0,1.0,35.14,,,0,trial
2026-07-07T20:35:30,forecast_hot_humid_bursty_r2,forecast,hot_humid,bursty,2,39.687,39.387,39.187,36.687,25.0,45.0,60.0,,50.0,1.0,35.13,,,0,trial
2026-07-07T20:35:30,forecast_hot_humid_bursty_r2,forecast,hot_humid,bursty,2,39.687,39.387,39.187,36.687,25.0,45.0,60.0,,50.0,1.0,35.11,,,0,trial
2026-07-07T20:35:30,forecast_hot_humid_bursty_r2,forecast,hot_humid,bursty,2,39.687,39.387,39.187,36.687,25.0,45.0,60.0,,50.0,1.0,35.1,,,0,trial
2026-07-07T20:35:30,forecast_hot_humid_bursty_r2,forecast,hot_humid,bursty,2,39.687,39.387,39.187,36.687,25.0,45.0,60.0,,50.0,1.0,35.09,,,0,trial
2026-07-07T20:35:30,forecast_hot_humid_bursty_r2,forecast,hot_humid,bursty,2,39.688,39.388,39.188,36.688,25.0,45.0,60.0,,50.0,1.0,35.07,,,0,trial
2026-07-07T20:35:30,forecast_hot_humid_bursty_r2,forecast,hot_humid,bursty,2,39.688,39.388,39.188,36.688,25.0,45.0,60.0,,50.0,1.0,35.06,,,0,trial
2026-07-07T20:35:30,forecast_hot_humid_bursty_r2,forecast,hot_humid,bursty,2,39.688,39.388,39.188,36.688,25.0,45.0,60.0,,50.0,1.0,35.05,,,0,trial
2026-07-07T20:35:30,forecast_hot_humid_bursty_r2,forecast,hot_humid,bursty,2,39.688,39.388,39.188,36.688,25.0,45.0,60.0,,50.0,1.0,35.04,,,0,trial
2026-07-07T20:35:30,forecast_hot_humid_bursty_r2,forecast,hot_humid,bursty,2,39.688,39.388,39.188,36.688,25.0,45.0,60.0,,50.0,1.0,35.02,,,0,trial
2026-07-07T20:35:30,forecast_hot_humid_bursty_r2,forecast,hot_humid,bursty,2,39.688,39.388,39.188,36.688,25.0,45.0,60.0,,50.0,1.0,35.01,,,0,trial
2026-07-07T20:35:30,forecast_hot_humid_bursty_r2,forecast,hot_humid,bursty,2,39.689,39.389,39.189,36.689,25.0,45.0,60.0,,50.0,1.0,35.0,,,0,trial
2026-07-07T20:35:30,forecast_hot_humid_bursty_r2,forecast,hot_humid,bursty,2,39.689,39.389,39.189,36.689,25.0,45.0,60.0,,50.0,1.0,34.99,,,0,trial
2026-07-07T20:35:30,forecast_hot_humid_bursty_r2,forecast,hot_humid,bursty,2,39.689,39.389,39.189,36.689,25.0,45.0,60.0,,50.0,1.0,34.97,,,0,trial
2026-07-07T20:35:30,forecast_hot_humid_bursty_r2,forecast,hot_humid,bursty,2,39.689,39.389,39.189,36.689,25.0,45.0,60.0,,50.0,1.0,34.96,,,0,trial
2026-07-07T20:35:30,forecast_hot_humid_bursty_r2,forecast,hot_humid,bursty,2,39.689,39.389,39.189,36.689,25.0,45.0,60.0,,50.0,1.0,34.95,,,0,trial
2026-07-07T20:35:30,forecast_hot_humid_bursty_r2,forecast,hot_humid,bursty,2,39.689,39.389,39.189,36.689,25.0,45.0,60.0,,50.0,1.0,34.93,,,0,trial
2026-07-07T20:35:30,forecast_hot_humid_bursty_r2,forecast,hot_humid,bursty,2,39.69,39.39,39.19,36.69,25.0,45.0,60.0,,50.0,1.0,34.92,,,0,trial
2026-07-07T20:35:30,forecast_hot_humid_bursty_r2,forecast,hot_humid,bursty,2,39.69,39.39,39.19,36.69,25.0,45.0,60.0,,50.0,1.0,34.91,,,0,trial
2026-07-07T20:35:30,forecast_hot_humid_bursty_r2,forecast,hot_humid,bursty,2,39.69,39.39,39.19,36.69,25.0,45.0,60.0,,50.0,1.0,34.9,,,0,trial
2026-07-07T20:35:30,forecast_hot_humid_bursty_r2,forecast,hot_humid,bursty,2,39.69,39.39,39.19,36.69,25.0,45.0,60.0,,50.0,1.0,34.88,,,0,trial
2026-07-07T20:35:30,forecast_hot_humid_bursty_r2,forecast,hot_humid,bursty,2,39.69,39.39,39.19,36.69,25.0,45.0,60.0,,50.0,1.0,34.87,,,0,trial
2026-07-07T20:35:30,forecast_hot_humid_bursty_r2,forecast,hot_humid,bursty,2,39.69,39.39,39.19,36.69,25.0,45.0,60.0,,50.0,1.0,34.86,,,0,trial
2026-07-07T20:35:30,forecast_hot_humid_bursty_r2,forecast,hot_humid,bursty,2,39.691,39.391,39.191,36.691,25.0,45.0,60.0,,50.0,1.0,34.84,,,0,trial
2026-07-07T20:35:30,forecast_hot_humid_bursty_r2,forecast,hot_humid,bursty,2,39.691,39.391,39.191,36.691,25.0,45.0,60.0,,50.0,1.0,34.83,,,0,trial
2026-07-07T20:35:30,forecast_hot_humid_bursty_r2,forecast,hot_humid,bursty,2,39.691,39.391,39.191,36.691,25.0,45.0,60.0,,50.0,1.0,34.82,,,0,trial
2026-07-07T20:35:30,forecast_hot_humid_bursty_r2,forecast,hot_humid,bursty,2,39.691,39.391,39.191,36.691,25.0,45.0,60.0,,50.0,1.0,34.81,,,0,trial
2026-07-07T20:35:30,forecast_hot_humid_bursty_r2,forecast,hot_humid,bursty,2,39.691,39.391,39.191,36.691,25.0,45.0,60.0,,50.0,1.0,34.79,,,0,trial
2026-07-07T20:35:30,forecast_hot_humid_bursty_r2,forecast,hot_humid,bursty,2,39.691,39.391,39.191,36.691,25.0,45.0,60.0,,50.0,1.0,34.78,,,0,trial
2026-07-07T20:35:30,forecast_hot_humid_bursty_r2,forecast,hot_humid,bursty,2,39.691,39.391,39.191,36.691,25.0,45.0,60.0,,50.0,1.0,34.77,,,0,trial
2026-07-07T20:35:30,forecast_hot_humid_bursty_r2,forecast,hot_humid,bursty,2,39.692,39.392,39.192,36.692,25.0,45.0,60.0,,50.0,1.0,34.75,,,0,trial
2026-07-07T20:35:30,forecast_hot_humid_bursty_r2,forecast,hot_humid,bursty,2,39.692,39.392,39.192,36.692,25.0,45.0,60.0,,50.0,1.0,34.74,,,0,trial
2026-07-07T20:35:30,forecast_hot_humid_bursty_r2,forecast,hot_humid,bursty,2,39.692,39.392,39.192,36.692,25.0,45.0,60.0,,50.0,1.0,34.73,,,0,trial
2026-07-07T20:35:30,forecast_hot_humid_bursty_r2,forecast,hot_humid,bursty,2,39.692,39.392,39.192,36.692,25.0,45.0,60.0,,50.0,1.0,34.71,,,0,trial
2026-07-07T20:35:30,forecast_hot_humid_bursty_r2,forecast,hot_humid,bursty,2,39.692,39.392,39.192,36.692,25.0,45.0,60.0,,50.0,1.0,34.7,,,0,trial
2026-07-07T20:35:30,forecast_hot_humid_bursty_r2,forecast,hot_humid,bursty,2,39.692,39.392,39.192,36.692,25.0,45.0,60.0,,50.0,1.0,34.69,,,0,trial
2026-07-07T20:35:30,forecast_hot_humid_bursty_r2,forecast,hot_humid,bursty,2,39.693,39.393,39.193,36.693,25.0,45.0,60.0,,50.0,1.0,34.68,,,0,trial
2026-07-07T20:35:30,forecast_hot_humid_bursty_r2,forecast,hot_humid,bursty,2,39.693,39.393,39.193,36.693,25.0,45.0,60.0,,50.0,1.0,34.66,,,0,trial
2026-07-07T20:35:30,forecast_hot_humid_bursty_r2,forecast,hot_humid,bursty,2,39.693,39.393,39.193,36.693,25.0,45.0,60.0,,50.0,1.0,34.65,,,0,trial
2026-07-07T20:35:30,forecast_hot_humid_bursty_r2,forecast,hot_humid,bursty,2,39.693,39.393,39.193,36.693,25.0,45.0,60.0,,50.0,1.0,34.64,,,0,trial
2026-07-07T20:35:30,forecast_hot_humid_bursty_r2,forecast,hot_humid,bursty,2,39.693,39.393,39.193,36.693,25.0,45.0,60.0,,50.0,1.0,34.62,,,0,trial
2026-07-07T20:35:30,forecast_hot_humid_bursty_r2,forecast,hot_humid,bursty,2,39.693,39.393,39.193,36.693,25.0,45.0,60.0,,50.0,1.0,34.61,,,0,trial
2026-07-07T20:35:30,forecast_hot_humid_bursty_r2,forecast,hot_humid,bursty,2,39.694,39.394,39.194,36.694,25.0,45.0,60.0,,50.0,1.0,34.6,,,0,trial
2026-07-07T20:35:30,forecast_hot_humid_bursty_r2,forecast,hot_humid,bursty,2,39.694,39.394,39.194,36.694,25.0,45.0,60.0,,50.0,1.0,34.58,,,0,trial
2026-07-07T20:35:30,forecast_hot_humid_bursty_r2,forecast,hot_humid,bursty,2,39.694,39.394,39.194,36.694,25.0,45.0,60.0,,50.0,1.0,34.57,,,0,trial
2026-07-07T20:35:30,forecast_hot_humid_bursty_r2,forecast,hot_humid,bursty,2,39.694,39.394,39.194,36.694,25.0,45.0,60.0,,50.0,1.0,34.56,,,0,trial
2026-07-07T20:35:30,forecast_hot_humid_bursty_r2,forecast,hot_humid,bursty,2,39.694,39.394,39.194,36.694,25.0,45.0,60.0,,50.0,1.0,34.55,,,0,trial
2026-07-07T20:35:30,forecast_hot_humid_bursty_r2,forecast,hot_humid,bursty,2,39.694,39.394,39.194,36.694,25.0,45.0,60.0,,50.0,1.0,34.53,,,0,trial
2026-07-07T20:35:30,forecast_hot_humid_bursty_r2,forecast,hot_humid,bursty,2,39.695,39.395,39.195,36.695,25.0,45.0,60.0,,50.0,1.0,34.52,,,0,trial
2026-07-07T20:35:30,forecast_hot_humid_bursty_r2,forecast,hot_humid,bursty,2,39.695,39.395,39.195,36.695,25.0,45.0,60.0,,50.0,1.0,34.51,,,0,trial
2026-07-07T20:35:30,forecast_hot_humid_bursty_r2,forecast,hot_humid,bursty,2,39.695,39.395,39.195,36.695,25.0,45.0,60.0,,50.0,1.0,34.49,,,0,trial
2026-07-07T20:35:30,forecast_hot_humid_bursty_r2,forecast,hot_humid,bursty,2,39.695,39.395,39.195,36.695,25.0,45.0,60.0,,50.0,1.0,34.48,,,0,trial
2026-07-07T20:35:30,forecast_hot_humid_bursty_r2,forecast,hot_humid,bursty,2,39.695,39.395,39.195,36.695,25.0,45.0,60.0,,50.0,1.0,34.47,,,0,trial
2026-07-07T20:35:30,forecast_hot_humid_bursty_r2,forecast,hot_humid,bursty,2,39.695,39.395,39.195,36.695,25.0,45.0,60.0,,50.0,1.0,34.45,,,0,trial
2026-07-07T20:35:30,forecast_hot_humid_bursty_r2,forecast,hot_humid,bursty,2,39.695,39.395,39.195,36.695,25.0,45.0,60.0,,50.0,1.0,34.44,,,0,trial
2026-07-07T20:35:30,forecast_hot_humid_bursty_r2,forecast,hot_humid,bursty,2,39.696,39.396,39.196,36.696,25.0,45.0,60.0,,50.0,1.0,34.43,,,0,trial
2026-07-07T20:35:30,forecast_hot_humid_bursty_r2,forecast,hot_humid,bursty,2,39.696,39.396,39.196,36.696,25.0,45.0,60.0,,50.0,1.0,34.41,,,0,trial
2026-07-07T20:35:30,forecast_hot_humid_bursty_r2,forecast,hot_humid,bursty,2,39.696,39.396,39.196,36.696,25.0,45.0,60.0,,50.0,1.0,34.4,,,0,trial
2026-07-07T20:35:30,forecast_hot_humid_bursty_r2,forecast,hot_humid,bursty,2,39.696,39.396,39.196,36.696,25.0,45.0,60.0,,50.0,1.0,34.39,,,0,trial
2026-07-07T20:35:30,forecast_hot_humid_bursty_r2,forecast,hot_humid,bursty,2,39.696,39.396,39.196,36.696,25.0,45.0,60.0,,50.0,1.0,34.38,,,0,trial
2026-07-07T20:35:30,forecast_hot_humid_bursty_r2,forecast,hot_humid,bursty,2,39.696,39.396,39.196,36.696,25.0,45.0,60.0,,50.0,1.0,34.36,,,0,trial
2026-07-07T20:35:30,forecast_hot_humid_bursty_r2,forecast,hot_humid,bursty,2,39.697,39.397,39.197,36.697,25.0,45.0,60.0,,50.0,1.0,34.35,,,0,trial
2026-07-07T20:35:30,forecast_hot_humid_bursty_r2,forecast,hot_humid,bursty,2,39.697,39.397,39.197,36.697,25.0,45.0,60.0,,50.0,1.0,34.34,,,0,trial
2026-07-07T20:35:30,forecast_hot_humid_bursty_r2,forecast,hot_humid,bursty,2,39.697,39.397,39.197,36.697,25.0,45.0,60.0,,50.0,1.0,34.32,,,0,trial
2026-07-07T20:35:30,forecast_hot_humid_bursty_r2,forecast,hot_humid,bursty,2,39.697,39.397,39.197,36.697,25.0,45.0,60.0,,50.0,1.0,34.31,,,0,trial
2026-07-07T20:35:30,forecast_hot_humid_bursty_r2,forecast,hot_humid,bursty,2,39.697,39.397,39.197,36.697,25.0,45.0,60.0,,50.0,1.0,34.3,,,0,trial
2026-07-07T20:35:30,forecast_hot_humid_bursty_r2,forecast,hot_humid,bursty,2,39.697,39.397,39.197,36.697,25.0,45.0,60.0,,50.0,1.0,34.28,,,0,trial
2026-07-07T20:35:30,forecast_hot_humid_bursty_r2,forecast,hot_humid,bursty,2,39.698,39.398,39.198,36.698,25.0,45.0,60.0,,50.0,1.0,34.27,,,0,trial
2026-07-07T20:35:30,forecast_hot_humid_bursty_r2,forecast,hot_humid,bursty,2,39.698,39.398,39.198,36.698,25.0,45.0,60.0,,50.0,1.0,34.26,,,0,trial
2026-07-07T20:35:30,forecast_hot_humid_bursty_r2,forecast,hot_humid,bursty,2,39.698,39.398,39.198,36.698,25.0,45.0,60.0,,50.0,1.0,34.24,,,0,trial
2026-07-07T20:35:30,forecast_hot_humid_bursty_r2,forecast,hot_humid,bursty,2,39.698,39.398,39.198,36.698,25.0,45.0,60.0,,50.0,1.0,34.23,,,0,trial
2026-07-07T20:35:30,forecast_hot_humid_bursty_r2,forecast,hot_humid,bursty,2,39.698,39.398,39.198,36.698,25.0,45.0,60.0,,50.0,1.0,34.22,,,0,trial
2026-07-07T20:35:30,forecast_hot_humid_bursty_r2,forecast,hot_humid,bursty,2,39.698,39.398,39.198,36.698,25.0,45.0,60.0,,50.0,1.0,34.21,,,0,trial
2026-07-07T20:35:30,forecast_hot_humid_bursty_r2,forecast,hot_humid,bursty,2,39.698,39.398,39.198,36.698,25.0,45.0,60.0,,50.0,1.0,34.19,,,0,trial
2026-07-07T20:35:30,forecast_hot_humid_bursty_r2,forecast,hot_humid,bursty,2,39.699,39.399,39.199,36.699,25.0,45.0,60.0,,50.0,1.0,34.18,,,0,trial
2026-07-07T20:35:30,forecast_hot_humid_bursty_r2,forecast,hot_humid,bursty,2,39.699,39.399,39.199,36.699,25.0,45.0,60.0,,50.0,1.0,34.17,,,0,trial
2026-07-07T20:35:30,forecast_hot_humid_bursty_r2,forecast,hot_humid,bursty,2,39.699,39.399,39.199,36.699,25.0,45.0,60.0,,50.0,1.0,34.15,,,0,trial
2026-07-07T20:35:30,forecast_hot_humid_bursty_r2,forecast,hot_humid,bursty,2,39.699,39.399,39.199,36.699,25.0,45.0,60.0,,50.0,1.0,34.14,,,0,trial
2026-07-07T20:35:30,forecast_hot_humid_bursty_r2,forecast,hot_humid,bursty,2,39.699,39.399,39.199,36.699,25.0,45.0,60.0,,50.0,1.0,34.13,,,0,trial
2026-07-07T20:35:30,forecast_hot_humid_bursty_r2,forecast,hot_humid,bursty,2,39.699,39.399,39.199,36.699,25.0,45.0,60.0,,50.0,1.0,34.11,,,0,trial
2026-07-07T20:35:30,forecast_hot_humid_bursty_r2,forecast,hot_humid,bursty,2,39.7,39.4,39.2,36.7,25.0,45.0,60.0,,50.0,1.0,34.1,,,0,trial
2026-07-07T20:35:30,forecast_hot_humid_bursty_r2,forecast,hot_humid,bursty,2,39.7,39.4,39.2,36.7,25.0,45.0,60.0,,50.0,1.0,34.09,,,0,trial
2026-07-07T20:35:30,forecast_hot_humid_bursty_r2,forecast,hot_humid,bursty,2,39.7,39.4,39.2,36.7,25.0,45.0,60.0,,50.0,1.0,34.07,,,0,trial
2026-07-07T20:35:30,forecast_hot_humid_bursty_r2,forecast,hot_humid,bursty,2,39.7,39.4,39.2,36.7,25.0,45.0,60.0,,50.0,1.0,34.06,,,0,trial
2026-07-07T20:35:30,forecast_hot_humid_bursty_r2,forecast,hot_humid,bursty,2,39.7,39.4,39.2,36.7,25.0,45.0,60.0,,50.0,1.0,34.05,,,0,trial
2026-07-07T20:35:30,forecast_hot_humid_bursty_r2,forecast,hot_humid,bursty,2,39.7,39.4,39.2,36.7,25.0,45.0,60.0,,50.0,1.0,34.04,,,0,trial
2026-07-07T20:35:30,forecast_hot_humid_bursty_r2,forecast,hot_humid,bursty,2,39.701,39.401,39.201,36.701,25.0,45.0,60.0,,50.0,1.0,34.02,,,0,trial
2026-07-07T20:35:30,forecast_hot_humid_bursty_r2,forecast,hot_humid,bursty,2,39.701,39.401,39.201,36.701,25.0,45.0,60.0,,50.0,1.0,34.01,,,0,trial
2026-07-07T20:35:30,forecast_hot_humid_bursty_r2,forecast,hot_humid,bursty,2,39.701,39.401,39.201,36.701,25.0,45.0,60.0,,50.0,1.0,34.0,,,0,trial
2026-07-07T20:35:30,forecast_hot_humid_bursty_r2,forecast,hot_humid,bursty,2,39.701,39.401,39.201,36.701,25.0,45.0,60.0,,50.0,1.0,33.98,,,0,trial
2026-07-07T20:35:30,forecast_hot_humid_bursty_r2,forecast,hot_humid,bursty,2,39.701,39.401,39.201,36.701,25.0,45.0,60.0,,50.0,1.0,33.97,,,0,trial
2026-07-07T20:35:30,forecast_hot_humid_bursty_r2,forecast,hot_humid,bursty,2,39.701,39.401,39.201,36.701,25.0,45.0,60.0,,50.0,1.0,33.96,,,0,trial
2026-07-07T20:35:30,forecast_hot_humid_bursty_r2,forecast,hot_humid,bursty,2,39.701,39.401,39.201,36.701,25.0,45.0,60.0,,50.0,1.0,33.94,,,0,trial
2026-07-07T20:35:30,forecast_hot_humid_bursty_r2,forecast,hot_humid,bursty,2,39.702,39.402,39.202,36.702,25.0,45.0,60.0,,50.0,1.0,33.93,,,0,trial
2026-07-07T20:35:30,forecast_hot_humid_bursty_r2,forecast,hot_humid,bursty,2,39.702,39.402,39.202,36.702,25.0,45.0,60.0,,50.0,1.0,33.92,,,0,trial
2026-07-07T20:35:30,forecast_hot_humid_bursty_r2,forecast,hot_humid,bursty,2,39.702,39.402,39.202,36.702,25.0,45.0,60.0,,50.0,1.0,33.91,,,0,trial
2026-07-07T20:35:30,forecast_hot_humid_bursty_r2,forecast,hot_humid,bursty,2,39.702,39.402,39.202,36.702,25.0,45.0,60.0,,50.0,1.0,33.89,,,0,trial
2026-07-07T20:35:30,forecast_hot_humid_bursty_r2,forecast,hot_humid,bursty,2,39.702,39.402,39.202,36.702,25.0,45.0,60.0,,50.0,1.0,33.88,,,0,trial
2026-07-07T20:35:30,forecast_hot_humid_bursty_r2,forecast,hot_humid,bursty,2,39.702,39.402,39.202,36.702,25.0,45.0,60.0,,50.0,1.0,33.87,,,0,trial
2026-07-07T20:35:30,forecast_hot_humid_bursty_r2,forecast,hot_humid,bursty,2,39.703,39.403,39.203,36.703,25.0,45.0,60.0,,50.0,1.0,33.85,,,0,trial
2026-07-07T20:35:30,forecast_hot_humid_bursty_r2,forecast,hot_humid,bursty,2,39.703,39.403,39.203,36.703,25.0,45.0,60.0,,50.0,1.0,33.84,,,0,trial
2026-07-07T20:35:30,forecast_hot_humid_bursty_r2,forecast,hot_humid,bursty,2,39.703,39.403,39.203,36.703,25.0,45.0,60.0,,50.0,1.0,33.83,,,0,trial
2026-07-07T20:35:30,forecast_hot_humid_bursty_r2,forecast,hot_humid,bursty,2,39.703,39.403,39.203,36.703,25.0,45.0,60.0,,50.0,1.0,33.82,,,0,trial
2026-07-07T20:35:30,forecast_hot_humid_bursty_r2,forecast,hot_humid,bursty,2,39.703,39.403,39.203,36.703,25.0,45.0,60.0,,50.0,1.0,33.8,,,0,trial
2026-07-07T20:35:30,forecast_hot_humid_bursty_r2,forecast,hot_humid,bursty,2,39.703,39.403,39.203,36.703,25.0,45.0,60.0,,50.0,1.0,33.79,,,0,trial
2026-07-07T20:35:30,forecast_hot_humid_bursty_r2,forecast,hot_humid,bursty,2,39.703,39.403,39.203,36.703,25.0,45.0,60.0,,50.0,1.0,33.78,,,0,trial
2026-07-07T20:35:30,forecast_hot_humid_bursty_r2,forecast,hot_humid,bursty,2,39.704,39.404,39.204,36.704,25.0,45.0,60.0,,50.0,1.0,33.76,,,0,trial
2026-07-07T20:35:30,forecast_hot_humid_bursty_r2,forecast,hot_humid,bursty,2,39.704,39.404,39.204,36.704,25.0,45.0,60.0,,50.0,1.0,33.75,,,0,trial
2026-07-07T20:35:30,forecast_hot_humid_bursty_r2,forecast,hot_humid,bursty,2,39.704,39.404,39.204,36.704,25.0,45.0,60.0,,50.0,1.0,33.74,,,0,trial
2026-07-07T20:35:30,forecast_hot_humid_bursty_r2,forecast,hot_humid,bursty,2,39.704,39.404,39.204,36.704,25.0,45.0,60.0,,50.0,1.0,33.73,,,0,trial
2026-07-07T20:35:30,forecast_hot_humid_bursty_r2,forecast,hot_humid,bursty,2,39.704,39.404,39.204,36.704,25.0,45.0,60.0,,50.0,1.0,33.71,,,0,trial
2026-07-07T20:35:30,forecast_hot_humid_bursty_r2,forecast,hot_humid,bursty,2,39.704,39.404,39.204,36.704,25.0,45.0,60.0,,50.0,1.0,33.7,,,0,trial
2026-07-07T20:35:30,forecast_hot_humid_bursty_r2,forecast,hot_humid,bursty,2,39.705,39.405,39.205,36.705,25.0,45.0,60.0,,50.0,1.0,33.69,,,0,trial
2026-07-07T20:35:30,forecast_hot_humid_bursty_r2,forecast,hot_humid,bursty,2,39.705,39.405,39.205,36.705,25.0,45.0,60.0,,50.0,1.0,33.67,,,0,trial
2026-07-07T20:35:30,forecast_hot_humid_bursty_r2,forecast,hot_humid,bursty,2,39.705,39.405,39.205,36.705,25.0,45.0,60.0,,50.0,1.0,33.66,,,0,trial
2026-07-07T20:35:30,forecast_hot_humid_bursty_r2,forecast,hot_humid,bursty,2,39.705,39.405,39.205,36.705,25.0,45.0,60.0,,50.0,1.0,33.65,,,0,trial
2026-07-07T20:35:30,forecast_hot_humid_bursty_r2,forecast,hot_humid,bursty,2,39.705,39.405,39.205,36.705,25.0,45.0,60.0,,50.0,1.0,33.64,,,0,trial
2026-07-07T20:35:30,forecast_hot_humid_bursty_r2,forecast,hot_humid,bursty,2,39.705,39.405,39.205,36.705,25.0,45.0,60.0,,50.0,1.0,33.62,,,0,trial
2026-07-07T20:35:30,forecast_hot_humid_bursty_r2,forecast,hot_humid,bursty,2,39.705,39.405,39.205,36.705,25.0,45.0,60.0,,50.0,1.0,33.61,,,0,trial
2026-07-07T20:35:30,forecast_hot_humid_bursty_r2,forecast,hot_humid,bursty,2,39.706,39.406,39.206,36.706,25.0,45.0,60.0,,50.0,1.0,33.6,,,0,trial
2026-07-07T20:35:30,forecast_hot_humid_bursty_r2,forecast,hot_humid,bursty,2,39.706,39.406,39.206,36.706,25.0,45.0,60.0,,50.0,1.0,33.58,,,0,trial
2026-07-07T20:35:30,forecast_hot_humid_bursty_r2,forecast,hot_humid,bursty,2,39.706,39.406,39.206,36.706,25.0,45.0,60.0,,50.0,1.0,33.57,,,0,trial
2026-07-07T20:35:30,forecast_hot_humid_bursty_r2,forecast,hot_humid,bursty,2,39.706,39.406,39.206,36.706,25.0,45.0,60.0,,50.0,1.0,33.56,,,0,trial
2026-07-07T20:35:30,forecast_hot_humid_bursty_r2,forecast,hot_humid,bursty,2,39.706,39.406,39.206,36.706,25.0,45.0,60.0,,50.0,1.0,33.55,,,0,trial
2026-07-07T20:35:30,forecast_hot_humid_bursty_r2,forecast,hot_humid,bursty,2,39.706,39.406,39.206,36.706,25.0,45.0,60.0,,50.0,1.0,33.53,,,0,trial
2026-07-07T20:35:30,forecast_hot_humid_bursty_r2,forecast,hot_humid,bursty,2,39.707,39.407,39.207,36.707,25.0,45.0,60.0,,50.0,1.0,33.52,,,0,trial
2026-07-07T20:35:30,forecast_hot_humid_bursty_r2,forecast,hot_humid,bursty,2,39.707,39.407,39.207,36.707,25.0,45.0,60.0,,50.0,1.0,33.51,,,0,trial
2026-07-07T20:35:30,forecast_hot_humid_bursty_r2,forecast,hot_humid,bursty,2,39.707,39.407,39.207,36.707,25.0,45.0,60.0,,50.0,1.0,33.5,,,0,trial
2026-07-07T20:35:30,forecast_hot_humid_bursty_r2,forecast,hot_humid,bursty,2,39.707,39.407,39.207,36.707,25.0,45.0,60.0,,50.0,1.0,33.48,,,0,trial
2026-07-07T20:35:30,forecast_hot_humid_bursty_r2,forecast,hot_humid,bursty,2,39.707,39.407,39.207,36.707,25.0,45.0,60.0,,50.0,1.0,33.47,,,0,trial
2026-07-07T20:35:30,forecast_hot_humid_bursty_r2,forecast,hot_humid,bursty,2,39.707,39.407,39.207,36.707,25.0,45.0,60.0,,50.0,1.0,33.46,,,0,trial
2026-07-07T20:35:30,forecast_hot_humid_bursty_r2,forecast,hot_humid,bursty,2,39.707,39.407,39.207,36.707,25.0,45.0,60.0,,50.0,1.0,33.45,,,0,trial
2026-07-07T20:35:30,forecast_hot_humid_bursty_r2,forecast,hot_humid,bursty,2,39.708,39.408,39.208,36.708,25.0,45.0,60.0,,50.0,1.0,33.43,,,0,trial
2026-07-07T20:35:30,forecast_hot_humid_bursty_r2,forecast,hot_humid,bursty,2,39.708,39.408,39.208,36.708,25.0,45.0,60.0,,50.0,1.0,33.42,,,0,trial
2026-07-07T20:35:30,forecast_hot_humid_bursty_r2,forecast,hot_humid,bursty,2,39.708,39.408,39.208,36.708,25.0,45.0,60.0,,50.0,1.0,33.41,,,0,trial
2026-07-07T20:35:30,forecast_hot_humid_bursty_r2,forecast,hot_humid,bursty,2,39.708,39.408,39.208,36.708,25.0,45.0,60.0,,50.0,1.0,33.4,,,0,trial
2026-07-07T20:35:30,forecast_hot_humid_bursty_r2,forecast,hot_humid,bursty,2,39.708,39.408,39.208,36.708,25.0,45.0,60.0,,50.0,1.0,33.38,,,0,trial
2026-07-07T20:35:30,forecast_hot_humid_bursty_r2,forecast,hot_humid,bursty,2,39.708,39.408,39.208,36.708,25.0,45.0,60.0,,50.0,1.0,33.37,,,0,trial
2026-07-07T20:35:30,forecast_hot_humid_bursty_r2,forecast,hot_humid,bursty,2,39.709,39.409,39.209,36.709,25.0,45.0,60.0,,50.0,1.0,33.36,,,0,trial
2026-07-07T20:35:30,forecast_hot_humid_bursty_r2,forecast,hot_humid,bursty,2,39.709,39.409,39.209,36.709,25.0,45.0,60.0,,50.0,1.0,33.35,,,0,trial
2026-07-07T20:35:30,forecast_hot_humid_bursty_r2,forecast,hot_humid,bursty,2,39.709,39.409,39.209,36.709,25.0,45.0,60.0,,50.0,1.0,33.33,,,0,trial
2026-07-07T20:35:30,forecast_hot_humid_bursty_r2,forecast,hot_humid,bursty,2,39.709,39.409,39.209,36.709,25.0,45.0,60.0,,50.0,1.0,33.32,,,0,trial
2026-07-07T20:35:30,forecast_hot_humid_bursty_r2,forecast,hot_humid,bursty,2,39.709,39.409,39.209,36.709,25.0,45.0,60.0,,50.0,1.0,33.31,,,0,trial
2026-07-07T20:35:30,forecast_hot_humid_bursty_r2,forecast,hot_humid,bursty,2,39.709,39.409,39.209,36.709,25.0,45.0,60.0,,50.0,1.0,33.3,,,0,trial
2026-07-07T20:35:30,forecast_hot_humid_bursty_r2,forecast,hot_humid,bursty,2,39.709,39.409,39.209,36.709,25.0,45.0,60.0,,50.0,1.0,33.28,,,0,trial
2026-07-07T20:35:30,forecast_hot_humid_bursty_r2,forecast,hot_humid,bursty,2,39.71,39.41,39.21,36.71,25.0,45.0,60.0,,50.0,1.0,33.27,,,0,trial
2026-07-07T20:35:30,forecast_hot_humid_bursty_r2,forecast,hot_humid,bursty,2,39.71,39.41,39.21,36.71,25.0,45.0,60.0,,50.0,1.0,33.26,,,0,trial
2026-07-07T20:35:30,forecast_hot_humid_bursty_r2,forecast,hot_humid,bursty,2,39.71,39.41,39.21,36.71,25.0,45.0,60.0,,50.0,1.0,33.25,,,0,trial
2026-07-07T20:35:30,forecast_hot_humid_bursty_r2,forecast,hot_humid,bursty,2,39.71,39.41,39.21,36.71,25.0,45.0,60.0,,50.0,1.0,33.24,,,0,trial
2026-07-07T20:35:30,forecast_hot_humid_bursty_r2,forecast,hot_humid,bursty,2,39.71,39.41,39.21,36.71,25.0,45.0,60.0,,50.0,1.0,33.22,,,0,trial
2026-07-07T20:35:30,forecast_hot_humid_bursty_r2,forecast,hot_humid,bursty,2,39.71,39.41,39.21,36.71,25.0,45.0,60.0,,50.0,1.0,33.21,,,0,trial
2026-07-07T20:35:30,forecast_hot_humid_bursty_r2,forecast,hot_humid,bursty,2,39.71,39.41,39.21,36.71,25.0,45.0,60.0,,50.0,1.0,33.2,,,0,trial
2026-07-07T20:35:30,forecast_hot_humid_bursty_r2,forecast,hot_humid,bursty,2,39.711,39.411,39.211,36.711,25.0,45.0,60.0,,50.0,1.0,33.19,,,0,trial
2026-07-07T20:35:30,forecast_hot_humid_bursty_r2,forecast,hot_humid,bursty,2,39.711,39.411,39.211,36.711,25.0,45.0,60.0,,50.0,1.0,33.17,,,0,trial
2026-07-07T20:35:30,forecast_hot_humid_bursty_r2,forecast,hot_humid,bursty,2,39.711,39.411,39.211,36.711,25.0,45.0,60.0,,50.0,1.0,33.16,,,0,trial
2026-07-07T20:35:30,forecast_hot_humid_bursty_r2,forecast,hot_humid,bursty,2,39.711,39.411,39.211,36.711,25.0,45.0,60.0,,50.0,1.0,33.15,,,0,trial
2026-07-07T20:35:30,forecast_hot_humid_bursty_r2,forecast,hot_humid,bursty,2,39.711,39.411,39.211,36.711,25.0,45.0,60.0,,50.0,1.0,33.14,,,0,trial
2026-07-07T20:35:30,forecast_hot_humid_bursty_r2,forecast,hot_humid,bursty,2,39.711,39.411,39.211,36.711,25.0,45.0,60.0,,50.0,1.0,33.13,,,0,trial
2026-07-07T20:35:30,forecast_hot_humid_bursty_r2,forecast,hot_humid,bursty,2,39.712,39.412,39.212,36.712,25.0,45.0,60.0,,50.0,1.0,33.11,,,0,trial
2026-07-07T20:35:30,forecast_hot_humid_bursty_r2,forecast,hot_humid,bursty,2,39.712,39.412,39.212,36.712,25.0,45.0,60.0,,50.0,1.0,33.1,,,0,trial
2026-07-07T20:35:30,forecast_hot_humid_bursty_r2,forecast,hot_humid,bursty,2,39.712,39.412,39.212,36.712,25.0,45.0,60.0,,50.0,1.0,33.09,,,0,trial
2026-07-07T20:35:30,forecast_hot_humid_bursty_r2,forecast,hot_humid,bursty,2,39.712,39.412,39.212,36.712,25.0,45.0,60.0,,50.0,1.0,33.08,,,0,trial
2026-07-07T20:35:30,forecast_hot_humid_bursty_r2,forecast,hot_humid,bursty,2,39.712,39.412,39.212,36.712,25.0,45.0,60.0,,50.0,1.0,33.07,,,0,trial
2026-07-07T20:35:30,forecast_hot_humid_bursty_r2,forecast,hot_humid,bursty,2,39.712,39.412,39.212,36.712,25.0,45.0,60.0,,50.0,1.0,33.05,,,0,trial
2026-07-07T20:35:30,forecast_hot_humid_bursty_r2,forecast,hot_humid,bursty,2,39.712,39.412,39.212,36.712,25.0,45.0,60.0,,50.0,1.0,33.04,,,0,trial
2026-07-07T20:35:30,forecast_hot_humid_bursty_r2,forecast,hot_humid,bursty,2,39.713,39.413,39.213,36.713,25.0,45.0,60.0,,50.0,1.0,33.03,,,0,trial
2026-07-07T20:35:30,forecast_hot_humid_bursty_r2,forecast,hot_humid,bursty,2,39.713,39.413,39.213,36.713,25.0,45.0,60.0,,50.0,1.0,33.02,,,0,trial
2026-07-07T20:35:30,forecast_hot_humid_bursty_r2,forecast,hot_humid,bursty,2,39.713,39.413,39.213,36.713,25.0,45.0,60.0,,50.0,1.0,33.01,,,0,trial
2026-07-07T20:35:30,forecast_hot_humid_bursty_r2,forecast,hot_humid,bursty,2,39.713,39.413,39.213,36.713,25.0,45.0,60.0,,50.0,1.0,32.99,,,0,trial
2026-07-07T20:35:30,forecast_hot_humid_bursty_r2,forecast,hot_humid,bursty,2,39.713,39.413,39.213,36.713,25.0,45.0,60.0,,50.0,1.0,32.98,,,0,trial
2026-07-07T20:35:30,forecast_hot_humid_bursty_r2,forecast,hot_humid,bursty,2,39.713,39.413,39.213,36.713,25.0,45.0,60.0,,50.0,1.0,32.97,,,0,trial
2026-07-07T20:35:30,forecast_hot_humid_bursty_r2,forecast,hot_humid,bursty,2,39.713,39.413,39.213,36.713,25.0,45.0,60.0,,50.0,1.0,32.96,,,0,trial
2026-07-07T20:35:30,forecast_hot_humid_bursty_r2,forecast,hot_humid,bursty,2,39.714,39.414,39.214,36.714,25.0,45.0,60.0,,50.0,1.0,32.95,,,0,trial
2026-07-07T20:35:30,forecast_hot_humid_bursty_r2,forecast,hot_humid,bursty,2,39.714,39.414,39.214,36.714,25.0,45.0,60.0,,50.0,1.0,32.93,,,0,trial
2026-07-07T20:35:30,forecast_hot_humid_bursty_r2,forecast,hot_humid,bursty,2,39.714,39.414,39.214,36.714,25.0,45.0,60.0,,50.0,1.0,32.92,,,0,trial
2026-07-07T20:35:30,forecast_hot_humid_bursty_r2,forecast,hot_humid,bursty,2,39.714,39.414,39.214,36.714,25.0,45.0,60.0,,50.0,1.0,32.91,,,0,trial
2026-07-07T20:35:30,forecast_hot_humid_bursty_r2,forecast,hot_humid,bursty,2,39.714,39.414,39.214,36.714,25.0,45.0,60.0,,50.0,1.0,32.9,,,0,trial
2026-07-07T20:35:30,forecast_hot_humid_bursty_r2,forecast,hot_humid,bursty,2,39.714,39.414,39.214,36.714,25.0,45.0,60.0,,50.0,1.0,32.89,,,0,trial
2026-07-07T20:35:30,forecast_hot_humid_bursty_r2,forecast,hot_humid,bursty,2,39.715,39.415,39.215,36.715,25.0,45.0,60.0,,50.0,1.0,32.88,,,0,trial
2026-07-07T20:35:30,forecast_hot_humid_bursty_r2,forecast,hot_humid,bursty,2,39.715,39.415,39.215,36.715,25.0,45.0,60.0,,50.0,1.0,32.86,,,0,trial
2026-07-07T20:35:30,forecast_hot_humid_bursty_r2,forecast,hot_humid,bursty,2,39.715,39.415,39.215,36.715,25.0,45.0,60.0,,50.0,1.0,32.85,,,0,trial
2026-07-07T20:35:30,forecast_hot_humid_bursty_r2,forecast,hot_humid,bursty,2,39.715,39.415,39.215,36.715,25.0,45.0,60.0,,50.0,1.0,32.84,,,0,trial
2026-07-07T20:35:30,forecast_hot_humid_bursty_r2,forecast,hot_humid,bursty,2,39.715,39.415,39.215,36.715,25.0,45.0,60.0,,50.0,1.0,32.83,,,0,trial
2026-07-07T20:35:30,forecast_hot_humid_bursty_r2,forecast,hot_humid,bursty,2,39.715,39.415,39.215,36.715,25.0,45.0,60.0,,50.0,1.0,32.82,,,0,trial
2026-07-07T20:35:30,forecast_hot_humid_bursty_r2,forecast,hot_humid,bursty,2,39.715,39.415,39.215,36.715,25.0,45.0,60.0,,50.0,1.0,32.81,,,0,trial
2026-07-07T20:35:30,forecast_hot_humid_bursty_r2,forecast,hot_humid,bursty,2,39.716,39.416,39.216,36.716,25.0,45.0,60.0,,50.0,1.0,32.8,,,0,trial
2026-07-07T20:35:30,forecast_hot_humid_bursty_r2,forecast,hot_humid,bursty,2,39.716,39.416,39.216,36.716,25.0,45.0,60.0,,50.0,1.0,32.78,,,0,trial
2026-07-07T20:35:30,forecast_hot_humid_bursty_r2,forecast,hot_humid,bursty,2,39.716,39.416,39.216,36.716,25.0,45.0,60.0,,50.0,1.0,32.77,,,0,trial
2026-07-07T20:35:30,forecast_hot_humid_bursty_r2,forecast,hot_humid,bursty,2,39.716,39.416,39.216,36.716,25.0,45.0,60.0,,50.0,1.0,32.76,,,0,trial
2026-07-07T20:35:30,forecast_hot_humid_bursty_r2,forecast,hot_humid,bursty,2,39.716,39.416,39.216,36.716,25.0,45.0,60.0,,50.0,1.0,32.75,,,0,trial
2026-07-07T20:35:30,forecast_hot_humid_bursty_r2,forecast,hot_humid,bursty,2,39.716,39.416,39.216,36.716,25.0,45.0,60.0,,50.0,1.0,32.74,,,0,trial
2026-07-07T20:35:30,forecast_hot_humid_bursty_r2,forecast,hot_humid,bursty,2,39.716,39.416,39.216,36.716,25.0,45.0,60.0,,50.0,1.0,32.73,,,0,trial
2026-07-07T20:35:30,forecast_hot_humid_bursty_r2,forecast,hot_humid,bursty,2,39.717,39.417,39.217,36.717,25.0,45.0,60.0,,50.0,1.0,32.72,,,0,trial
2026-07-07T20:35:30,forecast_hot_humid_bursty_r2,forecast,hot_humid,bursty,2,39.717,39.417,39.217,36.717,25.0,45.0,60.0,,50.0,1.0,32.7,,,0,trial
2026-07-07T20:35:30,forecast_hot_humid_bursty_r2,forecast,hot_humid,bursty,2,39.717,39.417,39.217,36.717,25.0,45.0,60.0,,50.0,1.0,32.69,,,0,trial
2026-07-07T20:35:30,forecast_hot_humid_bursty_r2,forecast,hot_humid,bursty,2,39.717,39.417,39.217,36.717,25.0,45.0,60.0,,50.0,1.0,32.68,,,0,trial
2026-07-07T20:35:30,forecast_hot_humid_bursty_r2,forecast,hot_humid,bursty,2,39.717,39.417,39.217,36.717,25.0,45.0,60.0,,50.0,1.0,32.67,,,0,trial
2026-07-07T20:35:30,forecast_hot_humid_bursty_r2,forecast,hot_humid,bursty,2,39.717,39.417,39.217,36.717,25.0,45.0,60.0,,50.0,1.0,32.66,,,0,trial
2026-07-07T20:35:30,forecast_hot_humid_bursty_r2,forecast,hot_humid,bursty,2,39.717,39.417,39.217,36.717,25.0,45.0,60.0,,50.0,1.0,32.65,,,0,trial
2026-07-07T20:35:30,forecast_hot_humid_bursty_r2,forecast,hot_humid,bursty,2,39.718,39.418,39.218,36.718,25.0,45.0,60.0,,50.0,1.0,32.64,,,0,trial
2026-07-07T20:35:30,forecast_hot_humid_bursty_r2,forecast,hot_humid,bursty,2,39.718,39.418,39.218,36.718,25.0,45.0,60.0,,50.0,1.0,32.63,,,0,trial
2026-07-07T20:35:30,forecast_hot_humid_bursty_r2,forecast,hot_humid,bursty,2,39.718,39.418,39.218,36.718,25.0,45.0,60.0,,50.0,1.0,32.61,,,0,trial
2026-07-07T20:35:30,forecast_hot_humid_bursty_r2,forecast,hot_humid,bursty,2,39.718,39.418,39.218,36.718,25.0,45.0,60.0,,50.0,1.0,32.6,,,0,trial
2026-07-07T20:35:30,forecast_hot_humid_bursty_r2,forecast,hot_humid,bursty,2,39.718,39.418,39.218,36.718,25.0,45.0,60.0,,50.0,1.0,32.59,,,0,trial
2026-07-07T20:35:30,forecast_hot_humid_bursty_r2,forecast,hot_humid,bursty,2,39.718,39.418,39.218,36.718,25.0,45.0,60.0,,50.0,1.0,32.58,,,0,trial
2026-07-07T20:35:30,forecast_hot_humid_bursty_r2,forecast,hot_humid,bursty,2,39.718,39.418,39.218,36.718,25.0,45.0,60.0,,50.0,1.0,32.57,,,0,trial
2026-07-07T20:35:30,forecast_hot_humid_bursty_r2,forecast,hot_humid,bursty,2,39.719,39.419,39.219,36.719,25.0,45.0,60.0,,50.0,1.0,32.56,,,0,trial
2026-07-07T20:35:30,forecast_hot_humid_bursty_r2,forecast,hot_humid,bursty,2,39.719,39.419,39.219,36.719,25.0,45.0,60.0,,50.0,1.0,32.55,,,0,trial
2026-07-07T20:35:30,forecast_hot_humid_bursty_r2,forecast,hot_humid,bursty,2,39.719,39.419,39.219,36.719,25.0,45.0,60.0,,50.0,1.0,32.54,,,0,trial
2026-07-07T20:35:30,forecast_hot_humid_bursty_r2,forecast,hot_humid,bursty,2,39.719,39.419,39.219,36.719,25.0,45.0,60.0,,50.0,1.0,32.53,,,0,trial
2026-07-07T20:35:30,forecast_hot_humid_bursty_r2,forecast,hot_humid,bursty,2,39.719,39.419,39.219,36.719,25.0,45.0,60.0,,50.0,1.0,32.52,,,0,trial
2026-07-07T20:35:30,forecast_hot_humid_bursty_r2,forecast,hot_humid,bursty,2,39.719,39.419,39.219,36.719,25.0,45.0,60.0,,50.0,1.0,32.51,,,0,trial
2026-07-07T20:35:30,forecast_hot_humid_bursty_r2,forecast,hot_humid,bursty,2,39.72,39.42,39.22,36.72,25.0,45.0,60.0,,50.0,1.0,32.49,,,0,trial
2026-07-07T20:35:30,forecast_hot_humid_bursty_r2,forecast,hot_humid,bursty,2,39.72,39.42,39.22,36.72,25.0,45.0,60.0,,50.0,1.0,32.48,,,0,trial
2026-07-07T20:35:30,forecast_hot_humid_bursty_r2,forecast,hot_humid,bursty,2,39.72,39.42,39.22,36.72,25.0,45.0,60.0,,50.0,1.0,32.47,,,0,trial
2026-07-07T20:35:30,forecast_hot_humid_bursty_r2,forecast,hot_humid,bursty,2,39.72,39.42,39.22,36.72,25.0,45.0,60.0,,50.0,1.0,32.46,,,0,trial
2026-07-07T20:35:30,forecast_hot_humid_bursty_r2,forecast,hot_humid,bursty,2,39.72,39.42,39.22,36.72,25.0,45.0,60.0,,50.0,1.0,32.45,,,0,trial
2026-07-07T20:35:30,forecast_hot_humid_bursty_r2,forecast,hot_humid,bursty,2,39.72,39.42,39.22,36.72,25.0,45.0,60.0,,50.0,1.0,32.44,,,0,trial
2026-07-07T20:35:30,forecast_hot_humid_bursty_r2,forecast,hot_humid,bursty,2,39.72,39.42,39.22,36.72,25.0,45.0,60.0,,50.0,1.0,32.43,,,0,trial
2026-07-07T20:35:30,forecast_hot_humid_bursty_r2,forecast,hot_humid,bursty,2,39.721,39.421,39.221,36.721,25.0,45.0,60.0,,50.0,1.0,32.42,,,0,trial
2026-07-07T20:35:30,forecast_hot_humid_bursty_r2,forecast,hot_humid,bursty,2,39.721,39.421,39.221,36.721,25.0,45.0,60.0,,50.0,1.0,32.41,,,0,trial
2026-07-07T20:35:30,forecast_hot_humid_bursty_r2,forecast,hot_humid,bursty,2,39.721,39.421,39.221,36.721,25.0,45.0,60.0,,50.0,1.0,32.4,,,0,trial
2026-07-07T20:35:30,forecast_hot_humid_bursty_r2,forecast,hot_humid,bursty,2,39.721,39.421,39.221,36.721,25.0,45.0,60.0,,50.0,1.0,32.39,,,0,trial
2026-07-07T20:35:30,forecast_hot_humid_bursty_r2,forecast,hot_humid,bursty,2,39.721,39.421,39.221,36.721,25.0,45.0,60.0,,50.0,1.0,32.38,,,0,trial
2026-07-07T20:35:30,forecast_hot_humid_bursty_r2,forecast,hot_humid,bursty,2,39.721,39.421,39.221,36.721,25.0,45.0,60.0,,50.0,1.0,32.37,,,0,trial
2026-07-07T20:35:30,forecast_hot_humid_bursty_r2,forecast,hot_humid,bursty,2,39.721,39.421,39.221,36.721,25.0,45.0,60.0,,50.0,1.0,32.36,,,0,trial
2026-07-07T20:35:30,forecast_hot_humid_bursty_r2,forecast,hot_humid,bursty,2,39.722,39.422,39.222,36.722,25.0,45.0,60.0,,50.0,1.0,32.35,,,0,trial
2026-07-07T20:35:30,forecast_hot_humid_bursty_r2,forecast,hot_humid,bursty,2,39.722,39.422,39.222,36.722,25.0,45.0,60.0,,50.0,1.0,32.34,,,0,trial
2026-07-07T20:35:30,forecast_hot_humid_bursty_r2,forecast,hot_humid,bursty,2,39.722,39.422,39.222,36.722,25.0,45.0,60.0,,50.0,1.0,32.32,,,0,trial
2026-07-07T20:35:30,forecast_hot_humid_bursty_r2,forecast,hot_humid,bursty,2,39.722,39.422,39.222,36.722,25.0,45.0,60.0,,50.0,1.0,32.31,,,0,trial
2026-07-07T20:35:30,forecast_hot_humid_bursty_r2,forecast,hot_humid,bursty,2,39.722,39.422,39.222,36.722,25.0,45.0,60.0,,50.0,1.0,32.3,,,0,trial
2026-07-07T20:35:30,forecast_hot_humid_bursty_r2,forecast,hot_humid,bursty,2,39.722,39.422,39.222,36.722,25.0,45.0,60.0,,50.0,1.0,32.29,,,0,trial
2026-07-07T20:35:30,forecast_hot_humid_bursty_r2,forecast,hot_humid,bursty,2,39.722,39.422,39.222,36.722,25.0,45.0,60.0,,50.0,1.0,32.28,,,0,trial
2026-07-07T20:35:30,forecast_hot_humid_bursty_r2,forecast,hot_humid,bursty,2,39.723,39.423,39.223,36.723,25.0,45.0,60.0,,50.0,1.0,32.27,,,0,trial
2026-07-07T20:35:30,forecast_hot_humid_bursty_r2,forecast,hot_humid,bursty,2,39.723,39.423,39.223,36.723,25.0,45.0,60.0,,50.0,1.0,32.26,,,0,trial
2026-07-07T20:35:30,forecast_hot_humid_bursty_r2,forecast,hot_humid,bursty,2,39.723,39.423,39.223,36.723,25.0,45.0,60.0,,50.0,1.0,32.25,,,0,trial
2026-07-07T20:35:30,forecast_hot_humid_bursty_r2,forecast,hot_humid,bursty,2,39.723,39.423,39.223,36.723,25.0,45.0,60.0,,50.0,1.0,32.24,,,0,trial
2026-07-07T20:35:30,forecast_hot_humid_bursty_r2,forecast,hot_humid,bursty,2,39.723,39.423,39.223,36.723,25.0,45.0,60.0,,50.0,1.0,32.23,,,0,trial
2026-07-07T20:35:30,forecast_hot_humid_bursty_r2,forecast,hot_humid,bursty,2,39.723,39.423,39.223,36.723,25.0,45.0,60.0,,50.0,1.0,32.22,,,0,trial
2026-07-07T20:35:30,forecast_hot_humid_bursty_r2,forecast,hot_humid,bursty,2,39.723,39.423,39.223,36.723,25.0,45.0,60.0,,50.0,1.0,32.21,,,0,trial
2026-07-07T20:35:30,forecast_hot_humid_bursty_r2,forecast,hot_humid,bursty,2,39.724,39.424,39.224,36.724,25.0,45.0,60.0,,50.0,1.0,32.2,,,0,trial
2026-07-07T20:35:30,forecast_hot_humid_bursty_r2,forecast,hot_humid,bursty,2,39.724,39.424,39.224,36.724,25.0,45.0,60.0,,50.0,1.0,32.19,,,0,trial
2026-07-07T20:35:30,forecast_hot_humid_bursty_r2,forecast,hot_humid,bursty,2,39.724,39.424,39.224,36.724,25.0,45.0,60.0,,50.0,1.0,32.18,,,0,trial
2026-07-07T20:35:30,forecast_hot_humid_bursty_r2,forecast,hot_humid,bursty,2,39.724,39.424,39.224,36.724,25.0,45.0,60.0,,50.0,1.0,32.17,,,0,trial
2026-07-07T20:35:30,forecast_hot_humid_bursty_r2,forecast,hot_humid,bursty,2,39.724,39.424,39.224,36.724,25.0,45.0,60.0,,50.0,1.0,32.16,,,0,trial
2026-07-07T20:35:30,forecast_hot_humid_bursty_r2,forecast,hot_humid,bursty,2,39.724,39.424,39.224,36.724,25.0,45.0,60.0,,50.0,1.0,32.15,,,0,trial
2026-07-07T20:35:30,forecast_hot_humid_bursty_r2,forecast,hot_humid,bursty,2,39.724,39.424,39.224,36.724,25.0,45.0,60.0,,50.0,1.0,32.14,,,0,trial
2026-07-07T20:35:30,forecast_hot_humid_bursty_r2,forecast,hot_humid,bursty,2,39.725,39.425,39.225,36.725,25.0,45.0,60.0,,50.0,1.0,32.13,,,0,trial
2026-07-07T20:35:30,forecast_hot_humid_bursty_r2,forecast,hot_humid,bursty,2,39.725,39.425,39.225,36.725,25.0,45.0,60.0,,50.0,1.0,32.12,,,0,trial
2026-07-07T20:35:30,forecast_hot_humid_bursty_r2,forecast,hot_humid,bursty,2,39.725,39.425,39.225,36.725,25.0,45.0,60.0,,50.0,1.0,32.11,,,0,trial
2026-07-07T20:35:30,forecast_hot_humid_bursty_r2,forecast,hot_humid,bursty,2,39.725,39.425,39.225,36.725,25.0,45.0,60.0,,50.0,1.0,32.1,,,0,trial
2026-07-07T20:35:30,forecast_hot_humid_bursty_r2,forecast,hot_humid,bursty,2,39.725,39.425,39.225,36.725,25.0,45.0,60.0,,50.0,1.0,32.09,,,0,trial
2026-07-07T20:35:30,forecast_hot_humid_bursty_r2,forecast,hot_humid,bursty,2,39.725,39.425,39.225,36.725,25.0,45.0,60.0,,50.0,1.0,32.08,,,0,trial
2026-07-07T20:35:30,forecast_hot_humid_bursty_r2,forecast,hot_humid,bursty,2,39.725,39.425,39.225,36.725,25.0,45.0,60.0,,50.0,1.0,32.07,,,0,trial
2026-07-07T20:35:30,forecast_hot_humid_bursty_r2,forecast,hot_humid,bursty,2,39.726,39.426,39.226,36.726,25.0,45.0,60.0,,50.0,1.0,32.06,,,0,trial
2026-07-07T20:35:30,forecast_hot_humid_bursty_r2,forecast,hot_humid,bursty,2,39.726,39.426,39.226,36.726,25.0,45.0,60.0,,50.0,1.0,32.05,,,0,trial
2026-07-07T20:35:30,forecast_hot_humid_bursty_r2,forecast,hot_humid,bursty,2,39.726,39.426,39.226,36.726,25.0,45.0,60.0,,50.0,1.0,32.04,,,0,trial
2026-07-07T20:35:30,forecast_hot_humid_bursty_r2,forecast,hot_humid,bursty,2,39.726,39.426,39.226,36.726,25.0,45.0,60.0,,50.0,1.0,32.04,,,0,trial
2026-07-07T20:35:30,forecast_hot_humid_bursty_r2,forecast,hot_humid,bursty,2,39.726,39.426,39.226,36.726,25.0,45.0,60.0,,50.0,1.0,32.03,,,0,trial
2026-07-07T20:35:30,forecast_hot_humid_bursty_r2,forecast,hot_humid,bursty,2,39.726,39.426,39.226,36.726,25.0,45.0,60.0,,50.0,1.0,32.02,,,0,trial
2026-07-07T20:35:30,forecast_hot_humid_bursty_r2,forecast,hot_humid,bursty,2,39.726,39.426,39.226,36.726,25.0,45.0,60.0,,50.0,1.0,32.01,,,0,trial
2026-07-07T20:35:30,forecast_hot_humid_bursty_r2,forecast,hot_humid,bursty,2,39.727,39.427,39.227,36.727,25.0,45.0,60.0,,50.0,1.0,32.0,,,0,trial
2026-07-07T20:35:30,forecast_hot_humid_bursty_r2,forecast,hot_humid,bursty,2,39.727,39.427,39.227,36.727,25.0,45.0,60.0,,50.0,1.0,31.99,,,0,trial
2026-07-07T20:35:30,forecast_hot_humid_bursty_r2,forecast,hot_humid,bursty,2,39.727,39.427,39.227,36.727,25.0,45.0,60.0,,50.0,1.0,31.98,,,0,trial
2026-07-07T20:35:30,forecast_hot_humid_bursty_r2,forecast,hot_humid,bursty,2,39.727,39.427,39.227,36.727,25.0,45.0,60.0,,50.0,1.0,31.97,,,0,trial
2026-07-07T20:35:30,forecast_hot_humid_bursty_r2,forecast,hot_humid,bursty,2,39.727,39.427,39.227,36.727,25.0,45.0,60.0,,50.0,1.0,31.96,,,0,trial
2026-07-07T20:35:30,forecast_hot_humid_bursty_r2,forecast,hot_humid,bursty,2,39.727,39.427,39.227,36.727,25.0,45.0,60.0,,50.0,1.0,31.95,,,0,trial
2026-07-07T20:35:30,forecast_hot_humid_bursty_r2,forecast,hot_humid,bursty,2,39.727,39.427,39.227,36.727,25.0,45.0,60.0,,50.0,1.0,31.94,,,0,trial
2026-07-07T20:35:30,forecast_hot_humid_bursty_r2,forecast,hot_humid,bursty,2,39.728,39.428,39.228,36.728,25.0,45.0,60.0,,50.0,1.0,31.93,,,0,trial
2026-07-07T20:35:30,forecast_hot_humid_bursty_r2,forecast,hot_humid,bursty,2,39.728,39.428,39.228,36.728,25.0,45.0,60.0,,50.0,1.0,31.92,,,0,trial
2026-07-07T20:35:30,forecast_hot_humid_bursty_r2,forecast,hot_humid,bursty,2,39.728,39.428,39.228,36.728,25.0,45.0,60.0,,50.0,1.0,31.91,,,0,trial
2026-07-07T20:35:30,forecast_hot_humid_bursty_r2,forecast,hot_humid,bursty,2,39.728,39.428,39.228,36.728,25.0,45.0,60.0,,50.0,1.0,31.9,,,0,trial
2026-07-07T20:35:30,forecast_hot_humid_bursty_r2,forecast,hot_humid,bursty,2,39.728,39.428,39.228,36.728,25.0,45.0,60.0,,50.0,1.0,31.89,,,0,trial
2026-07-07T20:35:30,forecast_hot_humid_bursty_r2,forecast,hot_humid,bursty,2,39.728,39.428,39.228,36.728,25.0,45.0,60.0,,50.0,1.0,31.89,,,0,trial
2026-07-07T20:35:30,forecast_hot_humid_bursty_r2,forecast,hot_humid,bursty,2,39.728,39.428,39.228,36.728,25.0,45.0,60.0,,50.0,1.0,31.88,,,0,trial
2026-07-07T20:35:30,forecast_hot_humid_bursty_r2,forecast,hot_humid,bursty,2,39.729,39.429,39.229,36.729,25.0,45.0,60.0,,50.0,1.0,31.87,,,0,trial
2026-07-07T20:35:30,forecast_hot_humid_bursty_r2,forecast,hot_humid,bursty,2,39.729,39.429,39.229,36.729,25.0,45.0,60.0,,50.0,1.0,31.86,,,0,trial
2026-07-07T20:35:30,forecast_hot_humid_bursty_r2,forecast,hot_humid,bursty,2,39.729,39.429,39.229,36.729,25.0,45.0,60.0,,50.0,1.0,31.85,,,0,trial
2026-07-07T20:35:30,forecast_hot_humid_bursty_r2,forecast,hot_humid,bursty,2,39.729,39.429,39.229,36.729,25.0,45.0,60.0,,50.0,1.0,31.84,,,0,trial
2026-07-07T20:35:30,forecast_hot_humid_bursty_r2,forecast,hot_humid,bursty,2,39.729,39.429,39.229,36.729,25.0,45.0,60.0,,50.0,1.0,31.83,,,0,trial
2026-07-07T20:35:30,forecast_hot_humid_bursty_r2,forecast,hot_humid,bursty,2,39.729,39.429,39.229,36.729,25.0,45.0,60.0,,50.0,1.0,31.82,,,0,trial
2026-07-07T20:35:30,forecast_hot_humid_bursty_r2,forecast,hot_humid,bursty,2,39.729,39.429,39.229,36.729,25.0,45.0,60.0,,50.0,1.0,31.81,,,0,trial
2026-07-07T20:35:30,forecast_hot_humid_bursty_r2,forecast,hot_humid,bursty,2,39.73,39.43,39.23,36.73,25.0,45.0,60.0,,50.0,1.0,31.81,,,0,trial
2026-07-07T20:35:30,forecast_hot_humid_bursty_r2,forecast,hot_humid,bursty,2,39.73,39.43,39.23,36.73,25.0,45.0,60.0,,50.0,1.0,31.8,,,0,trial
2026-07-07T20:35:30,forecast_hot_humid_bursty_r2,forecast,hot_humid,bursty,2,39.73,39.43,39.23,36.73,25.0,45.0,60.0,,50.0,1.0,31.79,,,0,trial
2026-07-07T20:35:30,forecast_hot_humid_bursty_r2,forecast,hot_humid,bursty,2,39.73,39.43,39.23,36.73,25.0,45.0,60.0,,50.0,1.0,31.78,,,0,trial
2026-07-07T20:35:30,forecast_hot_humid_bursty_r2,forecast,hot_humid,bursty,2,39.73,39.43,39.23,36.73,25.0,45.0,60.0,,50.0,1.0,31.77,,,0,trial
2026-07-07T20:35:30,forecast_hot_humid_bursty_r2,forecast,hot_humid,bursty,2,39.73,39.43,39.23,36.73,25.0,45.0,60.0,,50.0,1.0,31.76,,,0,trial
2026-07-07T20:35:30,forecast_hot_humid_bursty_r2,forecast,hot_humid,bursty,2,39.73,39.43,39.23,36.73,25.0,45.0,60.0,,50.0,1.0,31.75,,,0,trial
2026-07-07T20:35:30,forecast_hot_humid_bursty_r2,forecast,hot_humid,bursty,2,39.731,39.431,39.231,36.731,25.0,45.0,60.0,,50.0,1.0,31.74,,,0,trial
2026-07-07T20:35:30,forecast_hot_humid_bursty_r2,forecast,hot_humid,bursty,2,39.731,39.431,39.231,36.731,25.0,45.0,60.0,,50.0,1.0,31.74,,,0,trial
2026-07-07T20:35:30,forecast_hot_humid_bursty_r2,forecast,hot_humid,bursty,2,39.731,39.431,39.231,36.731,25.0,45.0,60.0,,50.0,1.0,31.73,,,0,trial
2026-07-07T20:35:30,forecast_hot_humid_bursty_r2,forecast,hot_humid,bursty,2,39.731,39.431,39.231,36.731,25.0,45.0,60.0,,50.0,1.0,31.72,,,0,trial
2026-07-07T20:35:30,forecast_hot_humid_bursty_r2,forecast,hot_humid,bursty,2,39.731,39.431,39.231,36.731,25.0,45.0,60.0,,50.0,1.0,31.71,,,0,trial
2026-07-07T20:35:30,forecast_hot_humid_bursty_r2,forecast,hot_humid,bursty,2,39.731,39.431,39.231,36.731,25.0,45.0,60.0,,50.0,1.0,31.7,,,0,trial
2026-07-07T20:35:30,forecast_hot_humid_bursty_r2,forecast,hot_humid,bursty,2,39.731,39.431,39.231,36.731,25.0,45.0,60.0,,50.0,1.0,31.69,,,0,trial
2026-07-07T20:35:30,forecast_hot_humid_bursty_r2,forecast,hot_humid,bursty,2,39.731,39.431,39.231,36.731,25.0,45.0,60.0,,50.0,1.0,31.68,,,0,trial
2026-07-07T20:35:30,forecast_hot_humid_bursty_r2,forecast,hot_humid,bursty,2,39.732,39.432,39.232,36.732,25.0,45.0,60.0,,50.0,1.0,31.68,,,0,trial
2026-07-07T20:35:30,forecast_hot_humid_bursty_r2,forecast,hot_humid,bursty,2,39.732,39.432,39.232,36.732,25.0,45.0,60.0,,50.0,1.0,31.67,,,0,trial
2026-07-07T20:35:30,forecast_hot_humid_bursty_r2,forecast,hot_humid,bursty,2,39.732,39.432,39.232,36.732,25.0,45.0,60.0,,50.0,1.0,31.66,,,0,trial
2026-07-07T20:35:30,forecast_hot_humid_bursty_r2,forecast,hot_humid,bursty,2,39.732,39.432,39.232,36.732,25.0,45.0,60.0,,50.0,1.0,31.65,,,0,trial
2026-07-07T20:35:30,forecast_hot_humid_bursty_r2,forecast,hot_humid,bursty,2,39.732,39.432,39.232,36.732,25.0,45.0,60.0,,50.0,1.0,31.64,,,0,trial
2026-07-07T20:35:30,forecast_hot_humid_bursty_r2,forecast,hot_humid,bursty,2,39.732,39.432,39.232,36.732,25.0,45.0,60.0,,50.0,1.0,31.63,,,0,trial
2026-07-07T20:35:30,forecast_hot_humid_bursty_r2,forecast,hot_humid,bursty,2,39.732,39.432,39.232,36.732,25.0,45.0,60.0,,50.0,1.0,31.63,,,0,trial
2026-07-07T20:35:30,forecast_hot_humid_bursty_r2,forecast,hot_humid,bursty,2,39.733,39.433,39.233,36.733,25.0,45.0,60.0,,50.0,1.0,31.62,,,0,trial
2026-07-07T20:35:30,forecast_hot_humid_bursty_r2,forecast,hot_humid,bursty,2,39.733,39.433,39.233,36.733,25.0,45.0,60.0,,50.0,1.0,31.61,,,0,trial
2026-07-07T20:35:30,forecast_hot_humid_bursty_r2,forecast,hot_humid,bursty,2,39.733,39.433,39.233,36.733,25.0,45.0,60.0,,50.0,1.0,31.6,,,0,trial
2026-07-07T20:35:30,forecast_hot_humid_bursty_r2,forecast,hot_humid,bursty,2,39.733,39.433,39.233,36.733,25.0,45.0,60.0,,50.0,1.0,31.59,,,0,trial
2026-07-07T20:35:30,forecast_hot_humid_bursty_r2,forecast,hot_humid,bursty,2,39.733,39.433,39.233,36.733,25.0,45.0,60.0,,50.0,1.0,31.59,,,0,trial
2026-07-07T20:35:30,forecast_hot_humid_bursty_r2,forecast,hot_humid,bursty,2,39.733,39.433,39.233,36.733,25.0,45.0,60.0,,50.0,1.0,31.58,,,0,trial
2026-07-07T20:35:30,forecast_hot_humid_bursty_r2,forecast,hot_humid,bursty,2,39.733,39.433,39.233,36.733,25.0,45.0,60.0,,50.0,1.0,31.57,,,0,trial
2026-07-07T20:35:30,forecast_hot_humid_bursty_r2,forecast,hot_humid,bursty,2,39.734,39.434,39.234,36.734,25.0,45.0,60.0,,50.0,1.0,31.56,,,0,trial
2026-07-07T20:35:30,forecast_hot_humid_bursty_r2,forecast,hot_humid,bursty,2,39.734,39.434,39.234,36.734,25.0,45.0,60.0,,50.0,1.0,31.55,,,0,trial
2026-07-07T20:35:30,forecast_hot_humid_bursty_r2,forecast,hot_humid,bursty,2,39.734,39.434,39.234,36.734,25.0,45.0,60.0,,50.0,1.0,31.55,,,0,trial
2026-07-07T20:35:30,forecast_hot_humid_bursty_r2,forecast,hot_humid,bursty,2,39.734,39.434,39.234,36.734,25.0,45.0,60.0,,50.0,1.0,31.54,,,0,trial
2026-07-07T20:35:30,forecast_hot_humid_bursty_r2,forecast,hot_humid,bursty,2,39.734,39.434,39.234,36.734,25.0,45.0,60.0,,50.0,1.0,31.53,,,0,trial
2026-07-07T20:35:30,forecast_hot_humid_bursty_r2,forecast,hot_humid,bursty,2,39.734,39.434,39.234,36.734,25.0,45.0,60.0,,50.0,1.0,31.52,,,0,trial
2026-07-07T20:35:30,forecast_hot_humid_bursty_r2,forecast,hot_humid,bursty,2,39.734,39.434,39.234,36.734,25.0,45.0,60.0,,50.0,1.0,31.51,,,0,trial
2026-07-07T20:35:30,forecast_hot_humid_bursty_r2,forecast,hot_humid,bursty,2,39.735,39.435,39.235,36.735,25.0,45.0,60.0,,50.0,1.0,31.51,,,0,trial
2026-07-07T20:35:30,forecast_hot_humid_bursty_r2,forecast,hot_humid,bursty,2,39.735,39.435,39.235,36.735,25.0,45.0,60.0,,50.0,1.0,31.5,,,0,trial
2026-07-07T20:35:30,forecast_hot_humid_bursty_r2,forecast,hot_humid,bursty,2,39.735,39.435,39.235,36.735,25.0,45.0,60.0,,50.0,1.0,31.49,,,0,trial
2026-07-07T20:35:30,forecast_hot_humid_bursty_r2,forecast,hot_humid,bursty,2,39.735,39.435,39.235,36.735,25.0,45.0,60.0,,50.0,1.0,31.48,,,0,trial
2026-07-07T20:35:30,forecast_hot_humid_bursty_r2,forecast,hot_humid,bursty,2,39.735,39.435,39.235,36.735,25.0,45.0,60.0,,50.0,1.0,31.48,,,0,trial
2026-07-07T20:35:30,forecast_hot_humid_bursty_r2,forecast,hot_humid,bursty,2,39.735,39.435,39.235,36.735,25.0,45.0,60.0,,50.0,1.0,31.47,,,0,trial
2026-07-07T20:35:30,forecast_hot_humid_bursty_r2,forecast,hot_humid,bursty,2,39.735,39.435,39.235,36.735,25.0,45.0,60.0,,50.0,1.0,31.46,,,0,trial
2026-07-07T20:35:30,forecast_hot_humid_bursty_r2,forecast,hot_humid,bursty,2,39.735,39.435,39.235,36.735,25.0,45.0,60.0,,50.0,1.0,31.45,,,0,trial
2026-07-07T20:35:30,forecast_hot_humid_bursty_r2,forecast,hot_humid,bursty,2,39.736,39.436,39.236,36.736,25.0,45.0,60.0,,50.0,1.0,31.44,,,0,trial
2026-07-07T20:35:30,forecast_hot_humid_bursty_r2,forecast,hot_humid,bursty,2,39.736,39.436,39.236,36.736,25.0,45.0,60.0,,50.0,1.0,31.44,,,0,trial
2026-07-07T20:35:30,forecast_hot_humid_bursty_r2,forecast,hot_humid,bursty,2,39.736,39.436,39.236,36.736,25.0,45.0,60.0,,50.0,1.0,31.43,,,0,trial
2026-07-07T20:35:30,forecast_hot_humid_bursty_r2,forecast,hot_humid,bursty,2,39.736,39.436,39.236,36.736,25.0,45.0,60.0,,50.0,1.0,31.42,,,0,trial
2026-07-07T20:35:30,forecast_hot_humid_bursty_r2,forecast,hot_humid,bursty,2,39.736,39.436,39.236,36.736,25.0,45.0,60.0,,50.0,1.0,31.42,,,0,trial
2026-07-07T20:35:30,forecast_hot_humid_bursty_r2,forecast,hot_humid,bursty,2,39.736,39.436,39.236,36.736,25.0,45.0,60.0,,50.0,1.0,31.41,,,0,trial
2026-07-07T20:35:30,forecast_hot_humid_bursty_r2,forecast,hot_humid,bursty,2,39.736,39.436,39.236,36.736,25.0,45.0,60.0,,50.0,1.0,31.4,,,0,trial
2026-07-07T20:35:30,forecast_hot_humid_bursty_r2,forecast,hot_humid,bursty,2,39.737,39.437,39.237,36.737,25.0,45.0,60.0,,50.0,1.0,31.39,,,0,trial
2026-07-07T20:35:30,forecast_hot_humid_bursty_r2,forecast,hot_humid,bursty,2,39.737,39.437,39.237,36.737,25.0,45.0,60.0,,50.0,1.0,31.39,,,0,trial
2026-07-07T20:35:30,forecast_hot_humid_bursty_r2,forecast,hot_humid,bursty,2,39.737,39.437,39.237,36.737,25.0,45.0,60.0,,50.0,1.0,31.38,,,0,trial
2026-07-07T20:35:30,forecast_hot_humid_bursty_r2,forecast,hot_humid,bursty,2,39.737,39.437,39.237,36.737,25.0,45.0,60.0,,50.0,1.0,31.37,,,0,trial
2026-07-07T20:35:30,forecast_hot_humid_bursty_r2,forecast,hot_humid,bursty,2,39.737,39.437,39.237,36.737,25.0,45.0,60.0,,50.0,1.0,31.36,,,0,trial
2026-07-07T20:35:30,forecast_hot_humid_bursty_r2,forecast,hot_humid,bursty,2,39.737,39.437,39.237,36.737,25.0,45.0,60.0,,50.0,1.0,31.36,,,0,trial
2026-07-07T20:35:30,forecast_hot_humid_bursty_r2,forecast,hot_humid,bursty,2,39.737,39.437,39.237,36.737,25.0,45.0,60.0,,50.0,1.0,31.35,,,0,trial
2026-07-07T20:35:30,forecast_hot_humid_bursty_r2,forecast,hot_humid,bursty,2,39.738,39.438,39.238,36.738,25.0,45.0,60.0,,50.0,1.0,31.34,,,0,trial
2026-07-07T20:35:30,forecast_hot_humid_bursty_r2,forecast,hot_humid,bursty,2,39.738,39.438,39.238,36.738,25.0,45.0,60.0,,50.0,1.0,31.34,,,0,trial
2026-07-07T20:35:30,forecast_hot_humid_bursty_r2,forecast,hot_humid,bursty,2,39.738,39.438,39.238,36.738,25.0,45.0,60.0,,50.0,1.0,31.33,,,0,trial
2026-07-07T20:35:30,forecast_hot_humid_bursty_r2,forecast,hot_humid,bursty,2,39.738,39.438,39.238,36.738,25.0,45.0,60.0,,50.0,1.0,31.32,,,0,trial
2026-07-07T20:35:30,forecast_hot_humid_bursty_r2,forecast,hot_humid,bursty,2,39.738,39.438,39.238,36.738,25.0,45.0,60.0,,50.0,1.0,31.31,,,0,trial
2026-07-07T20:35:30,forecast_hot_humid_bursty_r2,forecast,hot_humid,bursty,2,39.738,39.438,39.238,36.738,25.0,45.0,60.0,,50.0,1.0,31.31,,,0,trial
2026-07-07T20:35:30,forecast_hot_humid_bursty_r2,forecast,hot_humid,bursty,2,39.738,39.438,39.238,36.738,25.0,45.0,60.0,,50.0,1.0,31.3,,,0,trial
2026-07-07T20:35:30,forecast_hot_humid_bursty_r2,forecast,hot_humid,bursty,2,39.739,39.439,39.239,36.739,25.0,45.0,60.0,,50.0,1.0,31.29,,,0,trial
2026-07-07T20:35:30,forecast_hot_humid_bursty_r2,forecast,hot_humid,bursty,2,39.739,39.439,39.239,36.739,25.0,45.0,60.0,,50.0,1.0,31.29,,,0,trial
2026-07-07T20:35:30,forecast_hot_humid_bursty_r2,forecast,hot_humid,bursty,2,39.739,39.439,39.239,36.739,25.0,45.0,60.0,,50.0,1.0,31.28,,,0,trial
2026-07-07T20:35:30,forecast_hot_humid_bursty_r2,forecast,hot_humid,bursty,2,39.739,39.439,39.239,36.739,25.0,45.0,60.0,,50.0,1.0,31.27,,,0,trial
2026-07-07T20:35:30,forecast_hot_humid_bursty_r2,forecast,hot_humid,bursty,2,39.739,39.439,39.239,36.739,25.0,45.0,60.0,,50.0,1.0,31.27,,,0,trial
2026-07-07T20:35:30,forecast_hot_humid_bursty_r2,forecast,hot_humid,bursty,2,39.739,39.439,39.239,36.739,25.0,45.0,60.0,,50.0,1.0,31.26,,,0,trial
2026-07-07T20:35:30,forecast_hot_humid_bursty_r2,forecast,hot_humid,bursty,2,39.739,39.439,39.239,36.739,25.0,45.0,60.0,,50.0,1.0,31.25,,,0,trial
2026-07-07T20:35:30,forecast_hot_humid_bursty_r2,forecast,hot_humid,bursty,2,39.739,39.439,39.239,36.739,25.0,45.0,60.0,,50.0,1.0,31.25,,,0,trial
2026-07-07T20:35:30,forecast_hot_humid_bursty_r2,forecast,hot_humid,bursty,2,39.74,39.44,39.24,36.74,25.0,45.0,60.0,,50.0,1.0,31.24,,,0,trial
2026-07-07T20:35:30,forecast_hot_humid_bursty_r2,forecast,hot_humid,bursty,2,39.74,39.44,39.24,36.74,25.0,45.0,60.0,,50.0,1.0,31.23,,,0,trial
2026-07-07T20:35:30,forecast_hot_humid_bursty_r2,forecast,hot_humid,bursty,2,39.74,39.44,39.24,36.74,25.0,45.0,60.0,,50.0,1.0,31.23,,,0,trial
2026-07-07T20:35:30,forecast_hot_humid_bursty_r2,forecast,hot_humid,bursty,2,39.74,39.44,39.24,36.74,25.0,45.0,60.0,,50.0,1.0,31.22,,,0,trial
2026-07-07T20:35:30,forecast_hot_humid_bursty_r2,forecast,hot_humid,bursty,2,39.74,39.44,39.24,36.74,25.0,45.0,60.0,,50.0,1.0,31.21,,,0,trial
2026-07-07T20:35:30,forecast_hot_humid_bursty_r2,forecast,hot_humid,bursty,2,39.74,39.44,39.24,36.74,25.0,45.0,60.0,,50.0,1.0,31.21,,,0,trial
2026-07-07T20:35:30,forecast_hot_humid_bursty_r2,forecast,hot_humid,bursty,2,39.74,39.44,39.24,36.74,25.0,45.0,60.0,,50.0,1.0,31.2,,,0,trial
2026-07-07T20:35:30,forecast_hot_humid_bursty_r2,forecast,hot_humid,bursty,2,39.741,39.441,39.241,36.741,25.0,45.0,60.0,,50.0,1.0,31.19,,,0,trial
2026-07-07T20:35:30,forecast_hot_humid_bursty_r2,forecast,hot_humid,bursty,2,39.741,39.441,39.241,36.741,25.0,45.0,60.0,,50.0,1.0,31.19,,,0,trial
2026-07-07T20:35:30,forecast_hot_humid_bursty_r2,forecast,hot_humid,bursty,2,39.741,39.441,39.241,36.741,25.0,45.0,60.0,,50.0,1.0,31.18,,,0,trial
2026-07-07T20:35:30,forecast_hot_humid_bursty_r2,forecast,hot_humid,bursty,2,39.741,39.441,39.241,36.741,25.0,45.0,60.0,,50.0,1.0,31.17,,,0,trial
2026-07-07T20:35:30,forecast_hot_humid_bursty_r2,forecast,hot_humid,bursty,2,39.741,39.441,39.241,36.741,25.0,45.0,60.0,,50.0,1.0,31.17,,,0,trial
2026-07-07T20:35:30,forecast_hot_humid_bursty_r2,forecast,hot_humid,bursty,2,39.741,39.441,39.241,36.741,25.0,45.0,60.0,,50.0,1.0,31.16,,,0,trial
2026-07-07T20:35:30,forecast_hot_humid_bursty_r2,forecast,hot_humid,bursty,2,39.741,39.441,39.241,36.741,25.0,45.0,60.0,,50.0,1.0,31.15,,,0,trial
2026-07-07T20:35:30,forecast_hot_humid_bursty_r2,forecast,hot_humid,bursty,2,39.741,39.441,39.241,36.741,25.0,45.0,60.0,,50.0,1.0,31.15,,,0,trial
2026-07-07T20:35:30,forecast_hot_humid_bursty_r2,forecast,hot_humid,bursty,2,39.742,39.442,39.242,36.742,25.0,45.0,60.0,,50.0,1.0,31.14,,,0,trial
2026-07-07T20:35:30,forecast_hot_humid_bursty_r2,forecast,hot_humid,bursty,2,39.742,39.442,39.242,36.742,25.0,45.0,60.0,,50.0,1.0,31.14,,,0,trial
2026-07-07T20:35:30,forecast_hot_humid_bursty_r2,forecast,hot_humid,bursty,2,39.742,39.442,39.242,36.742,25.0,45.0,60.0,,50.0,1.0,31.13,,,0,trial
2026-07-07T20:35:30,forecast_hot_humid_bursty_r2,forecast,hot_humid,bursty,2,39.742,39.442,39.242,36.742,25.0,45.0,60.0,,50.0,1.0,31.12,,,0,trial
2026-07-07T20:35:30,forecast_hot_humid_bursty_r2,forecast,hot_humid,bursty,2,39.742,39.442,39.242,36.742,25.0,45.0,60.0,,50.0,1.0,31.12,,,0,trial
2026-07-07T20:35:30,forecast_hot_humid_bursty_r2,forecast,hot_humid,bursty,2,39.742,39.442,39.242,36.742,25.0,45.0,60.0,,50.0,1.0,31.11,,,0,trial
2026-07-07T20:35:30,forecast_hot_humid_bursty_r2,forecast,hot_humid,bursty,2,39.742,39.442,39.242,36.742,25.0,45.0,60.0,,50.0,1.0,31.1,,,0,trial
2026-07-07T20:35:30,forecast_hot_humid_bursty_r2,forecast,hot_humid,bursty,2,39.743,39.443,39.243,36.743,25.0,45.0,60.0,,50.0,1.0,31.1,,,0,trial
2026-07-07T20:35:30,forecast_hot_humid_bursty_r2,forecast,hot_humid,bursty,2,39.743,39.443,39.243,36.743,25.0,45.0,60.0,,50.0,1.0,31.09,,,0,trial
2026-07-07T20:35:30,forecast_hot_humid_bursty_r2,forecast,hot_humid,bursty,2,39.743,39.443,39.243,36.743,25.0,45.0,60.0,,50.0,1.0,31.09,,,0,trial
2026-07-07T20:35:30,forecast_hot_humid_bursty_r2,forecast,hot_humid,bursty,2,39.743,39.443,39.243,36.743,25.0,45.0,60.0,,50.0,1.0,31.08,,,0,trial
2026-07-07T20:35:30,forecast_hot_humid_bursty_r2,forecast,hot_humid,bursty,2,39.743,39.443,39.243,36.743,25.0,45.0,60.0,,50.0,1.0,31.07,,,0,trial
2026-07-07T20:35:30,forecast_hot_humid_bursty_r2,forecast,hot_humid,bursty,2,39.743,39.443,39.243,36.743,25.0,45.0,60.0,,50.0,1.0,31.07,,,0,trial
2026-07-07T20:35:30,forecast_hot_humid_bursty_r2,forecast,hot_humid,bursty,2,39.743,39.443,39.243,36.743,25.0,45.0,60.0,,50.0,1.0,31.06,,,0,trial
2026-07-07T20:35:30,forecast_hot_humid_bursty_r2,forecast,hot_humid,bursty,2,39.743,39.443,39.243,36.743,25.0,45.0,60.0,,50.0,1.0,31.06,,,0,trial
2026-07-07T20:35:30,forecast_hot_humid_bursty_r2,forecast,hot_humid,bursty,2,39.744,39.444,39.244,36.744,25.0,45.0,60.0,,50.0,1.0,31.05,,,0,trial
2026-07-07T20:35:30,forecast_hot_humid_bursty_r2,forecast,hot_humid,bursty,2,39.744,39.444,39.244,36.744,25.0,45.0,60.0,,50.0,1.0,31.04,,,0,trial
2026-07-07T20:35:30,forecast_hot_humid_bursty_r2,forecast,hot_humid,bursty,2,39.744,39.444,39.244,36.744,25.0,45.0,60.0,,50.0,1.0,31.04,,,0,trial
2026-07-07T20:35:30,forecast_hot_humid_bursty_r2,forecast,hot_humid,bursty,2,39.744,39.444,39.244,36.744,25.0,45.0,60.0,,50.0,1.0,31.03,,,0,trial
2026-07-07T20:35:30,forecast_hot_humid_bursty_r2,forecast,hot_humid,bursty,2,39.744,39.444,39.244,36.744,25.0,45.0,60.0,,50.0,1.0,31.03,,,0,trial
2026-07-07T20:35:30,forecast_hot_humid_bursty_r2,forecast,hot_humid,bursty,2,39.744,39.444,39.244,36.744,25.0,45.0,60.0,,50.0,1.0,31.02,,,0,trial
2026-07-07T20:35:30,forecast_hot_humid_bursty_r2,forecast,hot_humid,bursty,2,39.744,39.444,39.244,36.744,25.0,45.0,60.0,,50.0,1.0,31.02,,,0,trial
2026-07-07T20:35:30,forecast_hot_humid_bursty_r2,forecast,hot_humid,bursty,2,39.745,39.445,39.245,36.745,25.0,45.0,60.0,,50.0,1.0,31.01,,,0,trial
2026-07-07T20:35:30,forecast_hot_humid_bursty_r2,forecast,hot_humid,bursty,2,39.745,39.445,39.245,36.745,25.0,45.0,60.0,,50.0,1.0,31.0,,,0,trial
2026-07-07T20:35:30,forecast_hot_humid_bursty_r2,forecast,hot_humid,bursty,2,39.745,39.445,39.245,36.745,25.0,45.0,60.0,,50.0,1.0,31.0,,,0,trial
2026-07-07T20:35:30,forecast_hot_humid_bursty_r2,forecast,hot_humid,bursty,2,39.745,39.445,39.245,36.745,25.0,45.0,60.0,,50.0,1.0,30.99,,,0,trial
2026-07-07T20:35:30,forecast_hot_humid_bursty_r2,forecast,hot_humid,bursty,2,39.745,39.445,39.245,36.745,25.0,45.0,60.0,,50.0,1.0,30.99,,,0,trial
2026-07-07T20:35:30,forecast_hot_humid_bursty_r2,forecast,hot_humid,bursty,2,39.745,39.445,39.245,36.745,25.0,45.0,60.0,,50.0,1.0,30.98,,,0,trial
2026-07-07T20:35:30,forecast_hot_humid_bursty_r2,forecast,hot_humid,bursty,2,39.745,39.445,39.245,36.745,25.0,45.0,60.0,,50.0,1.0,30.98,,,0,trial
2026-07-07T20:35:30,forecast_hot_humid_bursty_r2,forecast,hot_humid,bursty,2,39.745,39.445,39.245,36.745,25.0,45.0,60.0,,50.0,1.0,30.97,,,0,trial
2026-07-07T20:35:30,forecast_hot_humid_bursty_r2,forecast,hot_humid,bursty,2,39.746,39.446,39.246,36.746,25.0,45.0,60.0,,50.0,1.0,30.97,,,0,trial
2026-07-07T20:35:30,forecast_hot_humid_bursty_r2,forecast,hot_humid,bursty,2,39.746,39.446,39.246,36.746,25.0,45.0,60.0,,50.0,1.0,30.96,,,0,trial
2026-07-07T20:35:30,forecast_hot_humid_bursty_r2,forecast,hot_humid,bursty,2,39.746,39.446,39.246,36.746,25.0,45.0,60.0,,50.0,1.0,30.95,,,0,trial
2026-07-07T20:35:30,forecast_hot_humid_bursty_r2,forecast,hot_humid,bursty,2,39.746,39.446,39.246,36.746,25.0,45.0,60.0,,50.0,1.0,30.95,,,0,trial
2026-07-07T20:35:30,forecast_hot_humid_bursty_r2,forecast,hot_humid,bursty,2,39.746,39.446,39.246,36.746,25.0,45.0,60.0,,50.0,1.0,30.94,,,0,trial
2026-07-07T20:35:30,forecast_hot_humid_bursty_r2,forecast,hot_humid,bursty,2,39.746,39.446,39.246,36.746,25.0,45.0,60.0,,50.0,1.0,30.94,,,0,trial
2026-07-07T20:35:30,forecast_hot_humid_bursty_r2,forecast,hot_humid,bursty,2,39.746,39.446,39.246,36.746,25.0,45.0,60.0,,50.0,1.0,30.93,,,0,trial
2026-07-07T20:35:30,forecast_hot_humid_bursty_r2,forecast,hot_humid,bursty,2,39.747,39.447,39.247,36.747,25.0,45.0,60.0,,50.0,1.0,30.93,,,0,trial
2026-07-07T20:35:30,forecast_hot_humid_bursty_r2,forecast,hot_humid,bursty,2,39.747,39.447,39.247,36.747,25.0,45.0,60.0,,50.0,1.0,30.92,,,0,trial
2026-07-07T20:35:30,forecast_hot_humid_bursty_r2,forecast,hot_humid,bursty,2,39.747,39.447,39.247,36.747,25.0,45.0,60.0,,50.0,1.0,30.92,,,0,trial
2026-07-07T20:35:30,forecast_hot_humid_bursty_r2,forecast,hot_humid,bursty,2,39.747,39.447,39.247,36.747,25.0,45.0,60.0,,50.0,1.0,30.91,,,0,trial
2026-07-07T20:35:30,forecast_hot_humid_bursty_r2,forecast,hot_humid,bursty,2,39.747,39.447,39.247,36.747,25.0,45.0,60.0,,50.0,1.0,30.91,,,0,trial
2026-07-07T20:35:30,forecast_hot_humid_bursty_r2,forecast,hot_humid,bursty,2,39.747,39.447,39.247,36.747,25.0,45.0,60.0,,50.0,1.0,30.9,,,0,trial
2026-07-07T20:35:30,forecast_hot_humid_bursty_r2,forecast,hot_humid,bursty,2,39.747,39.447,39.247,36.747,25.0,45.0,60.0,,50.0,1.0,30.9,,,0,trial
2026-07-07T20:35:30,forecast_hot_humid_bursty_r2,forecast,hot_humid,bursty,2,39.747,39.447,39.247,36.747,25.0,45.0,60.0,,50.0,1.0,30.89,,,0,trial
2026-07-07T20:35:30,forecast_hot_humid_bursty_r2,forecast,hot_humid,bursty,2,39.748,39.448,39.248,36.748,25.0,45.0,60.0,,50.0,1.0,30.89,,,0,trial
2026-07-07T20:35:30,forecast_hot_humid_bursty_r2,forecast,hot_humid,bursty,2,39.748,39.448,39.248,36.748,25.0,45.0,60.0,,50.0,1.0,30.88,,,0,trial
2026-07-07T20:35:30,forecast_hot_humid_bursty_r2,forecast,hot_humid,bursty,2,39.748,39.448,39.248,36.748,25.0,45.0,60.0,,50.0,1.0,30.88,,,0,trial
2026-07-07T20:35:30,forecast_hot_humid_bursty_r2,forecast,hot_humid,bursty,2,39.748,39.448,39.248,36.748,25.0,45.0,60.0,,50.0,1.0,30.87,,,0,trial
2026-07-07T20:35:30,forecast_hot_humid_bursty_r2,forecast,hot_humid,bursty,2,39.748,39.448,39.248,36.748,25.0,45.0,60.0,,50.0,1.0,30.87,,,0,trial
2026-07-07T20:35:30,forecast_hot_humid_bursty_r2,forecast,hot_humid,bursty,2,39.748,39.448,39.248,36.748,25.0,45.0,60.0,,50.0,1.0,30.86,,,0,trial
2026-07-07T20:35:30,forecast_hot_humid_bursty_r2,forecast,hot_humid,bursty,2,39.748,39.448,39.248,36.748,25.0,45.0,60.0,,50.0,1.0,30.86,,,0,trial
2026-07-07T20:35:30,forecast_hot_humid_bursty_r2,forecast,hot_humid,bursty,2,39.748,39.448,39.248,36.748,25.0,45.0,60.0,,50.0,1.0,30.85,,,0,trial
2026-07-07T20:35:30,forecast_hot_humid_bursty_r2,forecast,hot_humid,bursty,2,39.749,39.449,39.249,36.749,25.0,45.0,60.0,,50.0,1.0,30.85,,,0,trial
2026-07-07T20:35:30,forecast_hot_humid_bursty_r2,forecast,hot_humid,bursty,2,39.749,39.449,39.249,36.749,25.0,45.0,60.0,,50.0,1.0,30.84,,,0,trial
2026-07-07T20:35:30,forecast_hot_humid_bursty_r2,forecast,hot_humid,bursty,2,39.749,39.449,39.249,36.749,25.0,45.0,60.0,,50.0,1.0,30.84,,,0,trial
2026-07-07T20:35:30,forecast_hot_humid_bursty_r2,forecast,hot_humid,bursty,2,39.749,39.449,39.249,36.749,25.0,45.0,60.0,,50.0,1.0,30.83,,,0,trial
2026-07-07T20:35:30,forecast_hot_humid_bursty_r2,forecast,hot_humid,bursty,2,39.749,39.449,39.249,36.749,25.0,45.0,60.0,,50.0,1.0,30.83,,,0,trial
2026-07-07T20:35:30,forecast_hot_humid_bursty_r2,forecast,hot_humid,bursty,2,39.749,39.449,39.249,36.749,25.0,45.0,60.0,,50.0,1.0,30.82,,,0,trial
2026-07-07T20:35:30,forecast_hot_humid_bursty_r2,forecast,hot_humid,bursty,2,39.749,39.449,39.249,36.749,25.0,45.0,60.0,,50.0,1.0,30.82,,,0,trial
2026-07-07T20:35:30,forecast_hot_humid_bursty_r2,forecast,hot_humid,bursty,2,39.75,39.45,39.25,36.75,25.0,45.0,60.0,,50.0,1.0,30.81,,,0,trial
2026-07-07T20:35:30,forecast_hot_humid_bursty_r2,forecast,hot_humid,bursty,2,39.75,39.45,39.25,36.75,25.0,45.0,60.0,,50.0,1.0,30.81,,,0,trial
2026-07-07T20:35:30,forecast_hot_humid_bursty_r2,forecast,hot_humid,bursty,2,39.75,39.45,39.25,36.75,25.0,45.0,60.0,,50.0,1.0,30.8,,,0,trial
2026-07-07T20:35:30,forecast_hot_humid_bursty_r2,forecast,hot_humid,bursty,2,39.75,39.45,39.25,36.75,25.0,45.0,60.0,,50.0,1.0,30.8,,,0,trial
2026-07-07T20:35:30,forecast_hot_humid_bursty_r2,forecast,hot_humid,bursty,2,39.75,39.45,39.25,36.75,25.0,45.0,60.0,,50.0,1.0,30.79,,,0,trial
2026-07-07T20:35:30,forecast_hot_humid_bursty_r2,forecast,hot_humid,bursty,2,39.75,39.45,39.25,36.75,25.0,45.0,60.0,,50.0,1.0,30.79,,,0,trial
2026-07-07T20:35:30,forecast_hot_humid_bursty_r2,forecast,hot_humid,bursty,2,39.75,39.45,39.25,36.75,25.0,45.0,60.0,,50.0,1.0,30.79,,,0,trial
2026-07-07T20:35:30,forecast_hot_humid_bursty_r2,forecast,hot_humid,bursty,2,39.75,39.45,39.25,36.75,25.0,45.0,60.0,,50.0,1.0,30.78,,,0,trial
2026-07-07T20:35:30,forecast_hot_humid_bursty_r2,forecast,hot_humid,bursty,2,39.751,39.451,39.251,36.751,25.0,45.0,60.0,,50.0,1.0,30.78,,,0,trial
2026-07-07T20:35:30,forecast_hot_humid_bursty_r2,forecast,hot_humid,bursty,2,39.751,39.451,39.251,36.751,25.0,45.0,60.0,,50.0,1.0,30.77,,,0,trial
2026-07-07T20:35:30,forecast_hot_humid_bursty_r2,forecast,hot_humid,bursty,2,39.751,39.451,39.251,36.751,25.0,45.0,60.0,,50.0,1.0,30.77,,,0,trial
2026-07-07T20:35:30,forecast_hot_humid_bursty_r2,forecast,hot_humid,bursty,2,39.751,39.451,39.251,36.751,25.0,45.0,60.0,,50.0,1.0,30.76,,,0,trial
2026-07-07T20:35:30,forecast_hot_humid_bursty_r2,forecast,hot_humid,bursty,2,39.751,39.451,39.251,36.751,25.0,45.0,60.0,,50.0,1.0,30.76,,,0,trial
2026-07-07T20:35:30,forecast_hot_humid_bursty_r2,forecast,hot_humid,bursty,2,39.751,39.451,39.251,36.751,25.0,45.0,60.0,,50.0,1.0,30.75,,,0,trial
2026-07-07T20:35:30,forecast_hot_humid_bursty_r2,forecast,hot_humid,bursty,2,39.751,39.451,39.251,36.751,25.0,45.0,60.0,,50.0,1.0,30.75,,,0,trial
2026-07-07T20:35:30,forecast_hot_humid_bursty_r2,forecast,hot_humid,bursty,2,39.751,39.451,39.251,36.751,25.0,45.0,60.0,,50.0,1.0,30.75,,,0,trial
2026-07-07T20:35:30,forecast_hot_humid_bursty_r2,forecast,hot_humid,bursty,2,39.752,39.452,39.252,36.752,25.0,45.0,60.0,,50.0,1.0,30.74,,,0,trial
2026-07-07T20:35:30,forecast_hot_humid_bursty_r2,forecast,hot_humid,bursty,2,39.752,39.452,39.252,36.752,25.0,45.0,60.0,,50.0,1.0,30.74,,,0,trial
2026-07-07T20:35:30,forecast_hot_humid_bursty_r2,forecast,hot_humid,bursty,2,39.752,39.452,39.252,36.752,25.0,45.0,60.0,,50.0,1.0,30.73,,,0,trial
2026-07-07T20:35:30,forecast_hot_humid_bursty_r2,forecast,hot_humid,bursty,2,39.752,39.452,39.252,36.752,25.0,45.0,60.0,,50.0,1.0,30.73,,,0,trial
2026-07-07T20:35:30,forecast_hot_humid_bursty_r2,forecast,hot_humid,bursty,2,39.752,39.452,39.252,36.752,25.0,45.0,60.0,,50.0,1.0,30.72,,,0,trial
2026-07-07T20:35:30,forecast_hot_humid_bursty_r2,forecast,hot_humid,bursty,2,39.752,39.452,39.252,36.752,25.0,45.0,60.0,,50.0,1.0,30.72,,,0,trial
2026-07-07T20:35:30,forecast_hot_humid_bursty_r2,forecast,hot_humid,bursty,2,39.752,39.452,39.252,36.752,25.0,45.0,60.0,,50.0,1.0,30.72,,,0,trial
2026-07-07T20:35:30,forecast_hot_humid_bursty_r2,forecast,hot_humid,bursty,2,39.752,39.452,39.252,36.752,25.0,45.0,60.0,,50.0,1.0,30.71,,,0,trial
2026-07-07T20:35:30,forecast_hot_humid_bursty_r2,forecast,hot_humid,bursty,2,39.753,39.453,39.253,36.753,25.0,45.0,60.0,,50.0,1.0,30.71,,,0,trial
2026-07-07T20:35:30,forecast_hot_humid_bursty_r2,forecast,hot_humid,bursty,2,39.753,39.453,39.253,36.753,25.0,45.0,60.0,,50.0,1.0,30.7,,,0,trial
2026-07-07T20:35:30,forecast_hot_humid_bursty_r2,forecast,hot_humid,bursty,2,39.753,39.453,39.253,36.753,25.0,45.0,60.0,,50.0,1.0,30.7,,,0,trial
2026-07-07T20:35:30,forecast_hot_humid_bursty_r2,forecast,hot_humid,bursty,2,39.753,39.453,39.253,36.753,25.0,45.0,60.0,,50.0,1.0,30.7,,,0,trial
2026-07-07T20:35:30,forecast_hot_humid_bursty_r2,forecast,hot_humid,bursty,2,39.753,39.453,39.253,36.753,25.0,45.0,60.0,,50.0,1.0,30.69,,,0,trial
2026-07-07T20:35:30,forecast_hot_humid_bursty_r2,forecast,hot_humid,bursty,2,39.753,39.453,39.253,36.753,25.0,45.0,60.0,,50.0,1.0,30.69,,,0,trial
2026-07-07T20:35:30,forecast_hot_humid_bursty_r2,forecast,hot_humid,bursty,2,39.753,39.453,39.253,36.753,25.0,45.0,60.0,,50.0,1.0,30.68,,,0,trial
2026-07-07T20:35:30,forecast_hot_humid_bursty_r2,forecast,hot_humid,bursty,2,39.754,39.454,39.254,36.754,25.0,45.0,60.0,,50.0,1.0,30.68,,,0,trial
2026-07-07T20:35:30,forecast_hot_humid_bursty_r2,forecast,hot_humid,bursty,2,39.754,39.454,39.254,36.754,25.0,45.0,60.0,,50.0,1.0,30.68,,,0,trial
2026-07-07T20:35:30,forecast_hot_humid_bursty_r2,forecast,hot_humid,bursty,2,39.754,39.454,39.254,36.754,25.0,45.0,60.0,,50.0,1.0,30.67,,,0,trial
2026-07-07T20:35:30,forecast_hot_humid_bursty_r2,forecast,hot_humid,bursty,2,39.754,39.454,39.254,36.754,25.0,45.0,60.0,,50.0,1.0,30.67,,,0,trial
2026-07-07T20:35:30,forecast_hot_humid_bursty_r2,forecast,hot_humid,bursty,2,39.754,39.454,39.254,36.754,25.0,45.0,60.0,,50.0,1.0,30.66,,,0,trial
2026-07-07T20:35:30,forecast_hot_humid_bursty_r2,forecast,hot_humid,bursty,2,39.754,39.454,39.254,36.754,25.0,45.0,60.0,,50.0,1.0,30.66,,,0,trial
2026-07-07T20:35:30,forecast_hot_humid_bursty_r2,forecast,hot_humid,bursty,2,39.754,39.454,39.254,36.754,25.0,45.0,60.0,,50.0,1.0,30.66,,,0,trial
2026-07-07T20:35:30,forecast_hot_humid_bursty_r2,forecast,hot_humid,bursty,2,39.754,39.454,39.254,36.754,25.0,45.0,60.0,,50.0,1.0,30.65,,,0,trial
2026-07-07T20:35:30,forecast_hot_humid_bursty_r2,forecast,hot_humid,bursty,2,39.755,39.455,39.255,36.755,25.0,45.0,60.0,,50.0,1.0,30.65,,,0,trial
2026-07-07T20:35:30,forecast_hot_humid_bursty_r2,forecast,hot_humid,bursty,2,39.755,39.455,39.255,36.755,25.0,45.0,60.0,,50.0,1.0,30.64,,,0,trial
2026-07-07T20:35:30,forecast_hot_humid_bursty_r2,forecast,hot_humid,bursty,2,39.755,39.455,39.255,36.755,25.0,45.0,60.0,,50.0,1.0,30.64,,,0,trial
2026-07-07T20:35:30,forecast_hot_humid_bursty_r2,forecast,hot_humid,bursty,2,39.755,39.455,39.255,36.755,25.0,45.0,60.0,,50.0,1.0,30.64,,,0,trial
2026-07-07T20:35:30,forecast_hot_humid_bursty_r2,forecast,hot_humid,bursty,2,39.755,39.455,39.255,36.755,25.0,45.0,60.0,,50.0,1.0,30.63,,,0,trial
2026-07-07T20:35:30,forecast_hot_humid_bursty_r2,forecast,hot_humid,bursty,2,39.755,39.455,39.255,36.755,25.0,45.0,60.0,,50.0,1.0,30.63,,,0,trial
2026-07-07T20:35:30,forecast_hot_humid_bursty_r2,forecast,hot_humid,bursty,2,39.755,39.455,39.255,36.755,25.0,45.0,60.0,,50.0,1.0,30.63,,,0,trial
2026-07-07T20:35:30,forecast_hot_humid_bursty_r2,forecast,hot_humid,bursty,2,39.755,39.455,39.255,36.755,25.0,45.0,60.0,,50.0,1.0,30.62,,,0,trial
2026-07-07T20:35:30,forecast_hot_humid_bursty_r2,forecast,hot_humid,bursty,2,39.756,39.456,39.256,36.756,25.0,45.0,60.0,,50.0,1.0,30.62,,,0,trial
2026-07-07T20:35:30,forecast_hot_humid_bursty_r2,forecast,hot_humid,bursty,2,39.756,39.456,39.256,36.756,25.0,45.0,60.0,,50.0,1.0,30.61,,,0,trial
2026-07-07T20:35:30,forecast_hot_humid_bursty_r2,forecast,hot_humid,bursty,2,39.756,39.456,39.256,36.756,25.0,45.0,60.0,,50.0,1.0,30.61,,,0,trial
2026-07-07T20:35:30,forecast_hot_humid_bursty_r2,forecast,hot_humid,bursty,2,39.756,39.456,39.256,36.756,25.0,45.0,60.0,,50.0,1.0,30.61,,,0,trial
2026-07-07T20:35:30,forecast_hot_humid_bursty_r2,forecast,hot_humid,bursty,2,39.756,39.456,39.256,36.756,25.0,45.0,60.0,,50.0,1.0,30.6,,,0,trial
2026-07-07T20:35:30,forecast_hot_humid_bursty_r2,forecast,hot_humid,bursty,2,39.756,39.456,39.256,36.756,25.0,45.0,60.0,,50.0,1.0,30.6,,,0,trial
2026-07-07T20:35:30,forecast_hot_humid_bursty_r2,forecast,hot_humid,bursty,2,39.756,39.456,39.256,36.756,25.0,45.0,60.0,,50.0,1.0,30.6,,,0,trial
2026-07-07T20:35:30,forecast_hot_humid_bursty_r2,forecast,hot_humid,bursty,2,39.756,39.456,39.256,36.756,25.0,45.0,60.0,,50.0,1.0,30.59,,,0,trial
2026-07-07T20:35:30,forecast_hot_humid_bursty_r2,forecast,hot_humid,bursty,2,39.757,39.457,39.257,36.757,25.0,45.0,60.0,,50.0,1.0,30.59,,,0,trial
2026-07-07T20:35:30,forecast_hot_humid_bursty_r2,forecast,hot_humid,bursty,2,39.757,39.457,39.257,36.757,25.0,45.0,60.0,,50.0,1.0,30.59,,,0,trial
2026-07-07T20:35:30,forecast_hot_humid_bursty_r2,forecast,hot_humid,bursty,2,39.757,39.457,39.257,36.757,25.0,45.0,60.0,,50.0,1.0,30.58,,,0,trial
2026-07-07T20:35:30,forecast_hot_humid_bursty_r2,forecast,hot_humid,bursty,2,39.757,39.457,39.257,36.757,25.0,45.0,60.0,,50.0,1.0,30.58,,,0,trial
2026-07-07T20:35:30,forecast_hot_humid_bursty_r2,forecast,hot_humid,bursty,2,39.757,39.457,39.257,36.757,25.0,45.0,60.0,,50.0,1.0,30.58,,,0,trial
2026-07-07T20:35:30,forecast_hot_humid_bursty_r2,forecast,hot_humid,bursty,2,39.757,39.457,39.257,36.757,25.0,45.0,60.0,,50.0,1.0,30.57,,,0,trial
2026-07-07T20:35:30,forecast_hot_humid_bursty_r2,forecast,hot_humid,bursty,2,39.757,39.457,39.257,36.757,25.0,45.0,60.0,,50.0,1.0,30.57,,,0,trial
2026-07-07T20:35:30,forecast_hot_humid_bursty_r2,forecast,hot_humid,bursty,2,39.757,39.457,39.257,36.757,25.0,45.0,60.0,,50.0,1.0,30.57,,,0,trial
2026-07-07T20:35:30,forecast_hot_humid_bursty_r2,forecast,hot_humid,bursty,2,39.758,39.458,39.258,36.758,25.0,45.0,60.0,,50.0,1.0,30.56,,,0,trial
2026-07-07T20:35:30,forecast_hot_humid_bursty_r2,forecast,hot_humid,bursty,2,39.758,39.458,39.258,36.758,25.0,45.0,60.0,,50.0,1.0,30.56,,,0,trial
2026-07-07T20:35:30,forecast_hot_humid_bursty_r2,forecast,hot_humid,bursty,2,39.758,39.458,39.258,36.758,25.0,45.0,60.0,,50.0,1.0,30.56,,,0,trial
2026-07-07T20:35:30,forecast_hot_humid_bursty_r2,forecast,hot_humid,bursty,2,39.758,39.458,39.258,36.758,25.0,45.0,60.0,,50.0,1.0,30.55,,,0,trial
2026-07-07T20:35:30,forecast_hot_humid_bursty_r2,forecast,hot_humid,bursty,2,39.758,39.458,39.258,36.758,25.0,45.0,60.0,,50.0,1.0,30.55,,,0,trial
2026-07-07T20:35:30,forecast_hot_humid_bursty_r2,forecast,hot_humid,bursty,2,39.758,39.458,39.258,36.758,25.0,45.0,60.0,,50.0,1.0,30.55,,,0,trial
2026-07-07T20:35:30,forecast_hot_humid_bursty_r2,forecast,hot_humid,bursty,2,39.758,39.458,39.258,36.758,25.0,45.0,60.0,,50.0,1.0,30.54,,,0,trial
2026-07-07T20:35:30,forecast_hot_humid_bursty_r2,forecast,hot_humid,bursty,2,39.758,39.458,39.258,36.758,25.0,45.0,60.0,,50.0,1.0,30.54,,,0,trial
2026-07-07T20:35:30,forecast_hot_humid_bursty_r2,forecast,hot_humid,bursty,2,39.759,39.459,39.259,36.759,25.0,45.0,60.0,,50.0,1.0,30.54,,,0,trial
2026-07-07T20:35:30,forecast_hot_humid_bursty_r2,forecast,hot_humid,bursty,2,39.759,39.459,39.259,36.759,25.0,45.0,60.0,,50.0,1.0,30.53,,,0,trial
2026-07-07T20:35:30,forecast_hot_humid_bursty_r2,forecast,hot_humid,bursty,2,39.759,39.459,39.259,36.759,25.0,45.0,60.0,,50.0,1.0,30.53,,,0,trial
2026-07-07T20:35:30,forecast_hot_humid_bursty_r2,forecast,hot_humid,bursty,2,39.759,39.459,39.259,36.759,25.0,45.0,60.0,,50.0,1.0,30.53,,,0,trial
2026-07-07T20:35:30,forecast_hot_humid_bursty_r2,forecast,hot_humid,bursty,2,39.759,39.459,39.259,36.759,25.0,45.0,60.0,,50.0,1.0,30.52,,,0,trial
2026-07-07T20:35:30,forecast_hot_humid_bursty_r2,forecast,hot_humid,bursty,2,39.759,39.459,39.259,36.759,25.0,45.0,60.0,,50.0,1.0,30.52,,,0,trial
2026-07-07T20:35:30,forecast_hot_humid_bursty_r2,forecast,hot_humid,bursty,2,39.759,39.459,39.259,36.759,25.0,45.0,60.0,,50.0,1.0,30.52,,,0,trial
2026-07-07T20:35:30,forecast_hot_humid_bursty_r2,forecast,hot_humid,bursty,2,39.759,39.459,39.259,36.759,25.0,45.0,60.0,,50.0,1.0,30.51,,,0,trial
2026-07-07T20:35:30,forecast_hot_humid_bursty_r2,forecast,hot_humid,bursty,2,39.76,39.46,39.26,36.76,25.0,45.0,60.0,,50.0,1.0,30.51,,,0,trial
2026-07-07T20:35:30,forecast_hot_humid_bursty_r2,forecast,hot_humid,bursty,2,39.76,39.46,39.26,36.76,25.0,45.0,60.0,,50.0,1.0,30.51,,,0,trial
2026-07-07T20:35:30,forecast_hot_humid_bursty_r2,forecast,hot_humid,bursty,2,39.76,39.46,39.26,36.76,25.0,45.0,60.0,,50.0,1.0,30.51,,,0,trial
2026-07-07T20:35:30,forecast_hot_humid_bursty_r2,forecast,hot_humid,bursty,2,39.76,39.46,39.26,36.76,25.0,45.0,60.0,,50.0,1.0,30.5,,,0,trial
2026-07-07T20:35:30,forecast_hot_humid_bursty_r2,forecast,hot_humid,bursty,2,39.76,39.46,39.26,36.76,25.0,45.0,60.0,,50.0,1.0,30.5,,,0,trial
2026-07-07T20:35:30,forecast_hot_humid_bursty_r2,forecast,hot_humid,bursty,2,39.76,39.46,39.26,36.76,25.0,45.0,60.0,,50.0,1.0,30.5,,,0,trial
2026-07-07T20:35:30,forecast_hot_humid_bursty_r2,forecast,hot_humid,bursty,2,39.76,39.46,39.26,36.76,25.0,45.0,60.0,,50.0,1.0,30.49,,,0,trial
2026-07-07T20:35:30,forecast_hot_humid_bursty_r2,forecast,hot_humid,bursty,2,39.76,39.46,39.26,36.76,25.0,45.0,60.0,,50.0,1.0,30.49,,,0,trial
2026-07-07T20:35:30,forecast_hot_humid_bursty_r2,forecast,hot_humid,bursty,2,39.761,39.461,39.261,36.761,25.0,45.0,60.0,,50.0,1.0,30.49,,,0,trial
2026-07-07T20:35:30,forecast_hot_humid_bursty_r2,forecast,hot_humid,bursty,2,39.761,39.461,39.261,36.761,25.0,45.0,60.0,,50.0,1.0,30.49,,,0,trial
2026-07-07T20:35:30,forecast_hot_humid_bursty_r2,forecast,hot_humid,bursty,2,39.761,39.461,39.261,36.761,25.0,45.0,60.0,,50.0,1.0,30.48,,,0,trial
2026-07-07T20:35:30,forecast_hot_humid_bursty_r2,forecast,hot_humid,bursty,2,39.761,39.461,39.261,36.761,25.0,45.0,60.0,,50.0,1.0,30.48,,,0,trial
2026-07-07T20:35:30,forecast_hot_humid_bursty_r2,forecast,hot_humid,bursty,2,39.761,39.461,39.261,36.761,25.0,45.0,60.0,,50.0,1.0,30.48,,,0,trial
2026-07-07T20:35:30,forecast_hot_humid_bursty_r2,forecast,hot_humid,bursty,2,39.761,39.461,39.261,36.761,25.0,45.0,60.0,,50.0,1.0,30.47,,,0,trial
2026-07-07T20:35:30,forecast_hot_humid_bursty_r2,forecast,hot_humid,bursty,2,39.761,39.461,39.261,36.761,25.0,45.0,60.0,,50.0,1.0,30.47,,,0,trial
2026-07-07T20:35:30,forecast_hot_humid_bursty_r2,forecast,hot_humid,bursty,2,39.761,39.461,39.261,36.761,25.0,45.0,60.0,,50.0,1.0,30.47,,,0,trial
2026-07-07T20:35:30,forecast_hot_humid_bursty_r2,forecast,hot_humid,bursty,2,39.762,39.462,39.262,36.762,25.0,45.0,60.0,,50.0,1.0,30.47,,,0,trial
2026-07-07T20:35:30,forecast_hot_humid_bursty_r2,forecast,hot_humid,bursty,2,39.762,39.462,39.262,36.762,25.0,45.0,60.0,,50.0,1.0,30.46,,,0,trial
2026-07-07T20:35:30,forecast_hot_humid_bursty_r2,forecast,hot_humid,bursty,2,39.762,39.462,39.262,36.762,25.0,45.0,60.0,,50.0,1.0,30.46,,,0,trial
2026-07-07T20:35:30,forecast_hot_humid_bursty_r2,forecast,hot_humid,bursty,2,39.762,39.462,39.262,36.762,25.0,45.0,60.0,,50.0,1.0,30.46,,,0,trial
2026-07-07T20:35:30,forecast_hot_humid_bursty_r2,forecast,hot_humid,bursty,2,39.762,39.462,39.262,36.762,25.0,45.0,60.0,,50.0,1.0,30.45,,,0,trial
2026-07-07T20:35:30,forecast_hot_humid_bursty_r2,forecast,hot_humid,bursty,2,39.762,39.462,39.262,36.762,25.0,45.0,60.0,,50.0,1.0,30.45,,,0,trial
2026-07-07T20:35:30,forecast_hot_humid_bursty_r2,forecast,hot_humid,bursty,2,39.762,39.462,39.262,36.762,25.0,45.0,60.0,,50.0,1.0,30.45,,,0,trial
2026-07-07T20:35:30,forecast_hot_humid_bursty_r2,forecast,hot_humid,bursty,2,39.762,39.462,39.262,36.762,25.0,45.0,60.0,,50.0,1.0,30.45,,,0,trial
2026-07-07T20:35:30,forecast_hot_humid_bursty_r2,forecast,hot_humid,bursty,2,39.763,39.463,39.263,36.763,25.0,45.0,60.0,,50.0,1.0,30.44,,,0,trial
2026-07-07T20:35:30,forecast_hot_humid_bursty_r2,forecast,hot_humid,bursty,2,39.763,39.463,39.263,36.763,25.0,45.0,60.0,,50.0,1.0,30.44,,,0,trial
2026-07-07T20:35:30,forecast_hot_humid_bursty_r2,forecast,hot_humid,bursty,2,39.763,39.463,39.263,36.763,25.0,45.0,60.0,,50.0,1.0,30.44,,,0,trial
2026-07-07T20:35:30,forecast_hot_humid_bursty_r2,forecast,hot_humid,bursty,2,39.763,39.463,39.263,36.763,25.0,45.0,60.0,,50.0,1.0,30.44,,,0,trial
2026-07-07T20:35:30,forecast_hot_humid_bursty_r2,forecast,hot_humid,bursty,2,39.763,39.463,39.263,36.763,25.0,45.0,60.0,,50.0,1.0,30.43,,,0,trial
2026-07-07T20:35:30,forecast_hot_humid_bursty_r2,forecast,hot_humid,bursty,2,39.763,39.463,39.263,36.763,25.0,45.0,60.0,,50.0,1.0,30.43,,,0,trial
2026-07-07T20:35:30,forecast_hot_humid_bursty_r2,forecast,hot_humid,bursty,2,39.763,39.463,39.263,36.763,25.0,45.0,60.0,,50.0,1.0,30.43,,,0,trial
2026-07-07T20:35:30,forecast_hot_humid_bursty_r2,forecast,hot_humid,bursty,2,39.763,39.463,39.263,36.763,25.0,45.0,60.0,,50.0,1.0,30.43,,,0,trial
2026-07-07T20:35:30,forecast_hot_humid_bursty_r2,forecast,hot_humid,bursty,2,39.764,39.464,39.264,36.764,25.0,45.0,60.0,,50.0,1.0,30.42,,,0,trial
2026-07-07T20:35:30,forecast_hot_humid_bursty_r2,forecast,hot_humid,bursty,2,39.764,39.464,39.264,36.764,25.0,45.0,60.0,,50.0,1.0,30.42,,,0,trial
2026-07-07T20:35:30,forecast_hot_humid_bursty_r2,forecast,hot_humid,bursty,2,39.764,39.464,39.264,36.764,25.0,45.0,60.0,,50.0,1.0,30.42,,,0,trial
2026-07-07T20:35:30,forecast_hot_humid_bursty_r2,forecast,hot_humid,bursty,2,39.764,39.464,39.264,36.764,25.0,45.0,60.0,,50.0,1.0,30.42,,,0,trial
2026-07-07T20:35:30,forecast_hot_humid_bursty_r2,forecast,hot_humid,bursty,2,39.764,39.464,39.264,36.764,25.0,45.0,60.0,,50.0,1.0,30.41,,,0,trial
2026-07-07T20:35:30,forecast_hot_humid_bursty_r2,forecast,hot_humid,bursty,2,39.764,39.464,39.264,36.764,25.0,45.0,60.0,,50.0,1.0,30.41,,,0,trial
2026-07-07T20:35:30,forecast_hot_humid_bursty_r2,forecast,hot_humid,bursty,2,39.752,39.452,39.252,36.752,25.0,45.0,0.0,,100.0,2.0,,,,0,cooldown
2026-07-07T20:35:30,forecast_hot_humid_bursty_r2,forecast,hot_humid,bursty,2,39.741,39.441,39.241,36.741,25.0,45.0,0.0,,100.0,2.0,,,,0,cooldown
2026-07-07T20:35:30,forecast_hot_humid_bursty_r2,forecast,hot_humid,bursty,2,39.729,39.429,39.229,36.729,25.0,45.0,0.0,,100.0,2.0,,,,0,cooldown
2026-07-07T20:35:30,forecast_hot_humid_bursty_r2,forecast,hot_humid,bursty,2,39.718,39.418,39.218,36.718,25.0,45.0,0.0,,100.0,2.0,,,,0,cooldown
2026-07-07T20:35:30,forecast_hot_humid_bursty_r2,forecast,hot_humid,bursty,2,39.706,39.406,39.206,36.706,25.0,45.0,0.0,,100.0,2.0,,,,0,cooldown
2026-07-07T20:35:30,forecast_hot_humid_bursty_r2,forecast,hot_humid,bursty,2,39.694,39.394,39.194,36.694,25.0,45.0,0.0,,100.0,2.0,,,,0,cooldown
2026-07-07T20:35:30,forecast_hot_humid_bursty_r2,forecast,hot_humid,bursty,2,39.683,39.383,39.183,36.683,25.0,45.0,0.0,,100.0,2.0,,,,0,cooldown
2026-07-07T20:35:30,forecast_hot_humid_bursty_r2,forecast,hot_humid,bursty,2,39.671,39.371,39.171,36.671,25.0,45.0,0.0,,100.0,2.0,,,,0,cooldown
2026-07-07T20:35:30,forecast_hot_humid_bursty_r2,forecast,hot_humid,bursty,2,39.66,39.36,39.16,36.66,25.0,45.0,0.0,,100.0,2.0,,,,0,cooldown
2026-07-07T20:35:30,forecast_hot_humid_bursty_r2,forecast,hot_humid,bursty,2,39.648,39.348,39.148,36.648,25.0,45.0,0.0,,100.0,2.0,,,,0,cooldown
2026-07-07T20:35:30,forecast_hot_humid_bursty_r2,forecast,hot_humid,bursty,2,39.636,39.336,39.136,36.636,25.0,45.0,0.0,,100.0,2.0,,,,0,cooldown
2026-07-07T20:35:30,forecast_hot_humid_bursty_r2,forecast,hot_humid,bursty,2,39.625,39.325,39.125,36.625,25.0,45.0,0.0,,100.0,2.0,,,,0,cooldown
2026-07-07T20:35:30,forecast_hot_humid_bursty_r2,forecast,hot_humid,bursty,2,39.613,39.313,39.113,36.613,25.0,45.0,0.0,,100.0,2.0,,,,0,cooldown
2026-07-07T20:35:30,forecast_hot_humid_bursty_r2,forecast,hot_humid,bursty,2,39.602,39.302,39.102,36.602,25.0,45.0,0.0,,100.0,2.0,,,,0,cooldown
2026-07-07T20:35:30,forecast_hot_humid_bursty_r2,forecast,hot_humid,bursty,2,39.59,39.29,39.09,36.59,25.0,45.0,0.0,,100.0,2.0,,,,0,cooldown
2026-07-07T20:35:30,forecast_hot_humid_bursty_r2,forecast,hot_humid,bursty,2,39.579,39.279,39.079,36.579,25.0,45.0,0.0,,100.0,2.0,,,,0,cooldown
2026-07-07T20:35:30,forecast_hot_humid_bursty_r2,forecast,hot_humid,bursty,2,39.567,39.267,39.067,36.567,25.0,45.0,0.0,,100.0,2.0,,,,0,cooldown
2026-07-07T20:35:30,forecast_hot_humid_bursty_r2,forecast,hot_humid,bursty,2,39.556,39.256,39.056,36.556,25.0,45.0,0.0,,100.0,2.0,,,,0,cooldown
2026-07-07T20:35:30,forecast_hot_humid_bursty_r2,forecast,hot_humid,bursty,2,39.544,39.244,39.044,36.544,25.0,45.0,0.0,,100.0,2.0,,,,0,cooldown
2026-07-07T20:35:30,forecast_hot_humid_bursty_r2,forecast,hot_humid,bursty,2,39.533,39.233,39.033,36.533,25.0,45.0,0.0,,100.0,2.0,,,,0,cooldown
2026-07-07T20:35:30,forecast_hot_humid_bursty_r2,forecast,hot_humid,bursty,2,39.521,39.221,39.021,36.521,25.0,45.0,0.0,,100.0,2.0,,,,0,cooldown
2026-07-07T20:35:30,forecast_hot_humid_bursty_r2,forecast,hot_humid,bursty,2,39.51,39.21,39.01,36.51,25.0,45.0,0.0,,100.0,2.0,,,,0,cooldown
2026-07-07T20:35:30,forecast_hot_humid_bursty_r2,forecast,hot_humid,bursty,2,39.498,39.198,38.998,36.498,25.0,45.0,0.0,,100.0,2.0,,,,0,cooldown
2026-07-07T20:35:30,forecast_hot_humid_bursty_r2,forecast,hot_humid,bursty,2,39.487,39.187,38.987,36.487,25.0,45.0,0.0,,100.0,2.0,,,,0,cooldown
2026-07-07T20:35:30,forecast_hot_humid_bursty_r2,forecast,hot_humid,bursty,2,39.475,39.175,38.975,36.475,25.0,45.0,0.0,,100.0,2.0,,,,0,cooldown
2026-07-07T20:35:30,forecast_hot_humid_bursty_r2,forecast,hot_humid,bursty,2,39.464,39.164,38.964,36.464,25.0,45.0,0.0,,100.0,2.0,,,,0,cooldown
2026-07-07T20:35:30,forecast_hot_humid_bursty_r2,forecast,hot_humid,bursty,2,39.453,39.153,38.953,36.453,25.0,45.0,0.0,,100.0,2.0,,,,0,cooldown
2026-07-07T20:35:30,forecast_hot_humid_bursty_r2,forecast,hot_humid,bursty,2,39.441,39.141,38.941,36.441,25.0,45.0,0.0,,100.0,2.0,,,,0,cooldown
2026-07-07T20:35:30,forecast_hot_humid_bursty_r2,forecast,hot_humid,bursty,2,39.43,39.13,38.93,36.43,25.0,45.0,0.0,,100.0,2.0,,,,0,cooldown
2026-07-07T20:35:30,forecast_hot_humid_bursty_r2,forecast,hot_humid,bursty,2,39.418,39.118,38.918,36.418,25.0,45.0,0.0,,100.0,2.0,,,,0,cooldown
2026-07-07T20:35:30,forecast_hot_humid_bursty_r2,forecast,hot_humid,bursty,2,39.407,39.107,38.907,36.407,25.0,45.0,0.0,,100.0,2.0,,,,0,cooldown
2026-07-07T20:35:30,forecast_hot_humid_bursty_r2,forecast,hot_humid,bursty,2,39.396,39.096,38.896,36.396,25.0,45.0,0.0,,100.0,2.0,,,,0,cooldown
2026-07-07T20:35:30,forecast_hot_humid_bursty_r2,forecast,hot_humid,bursty,2,39.384,39.084,38.884,36.384,25.0,45.0,0.0,,100.0,2.0,,,,0,cooldown
2026-07-07T20:35:30,forecast_hot_humid_bursty_r2,forecast,hot_humid,bursty,2,39.373,39.073,38.873,36.373,25.0,45.0,0.0,,100.0,2.0,,,,0,cooldown
2026-07-07T20:35:30,forecast_hot_humid_bursty_r2,forecast,hot_humid,bursty,2,39.362,39.062,38.862,36.362,25.0,45.0,0.0,,100.0,2.0,,,,0,cooldown
2026-07-07T20:35:30,forecast_hot_humid_bursty_r2,forecast,hot_humid,bursty,2,39.35,39.05,38.85,36.35,25.0,45.0,0.0,,100.0,2.0,,,,0,cooldown
2026-07-07T20:35:30,forecast_hot_humid_bursty_r2,forecast,hot_humid,bursty,2,39.339,39.039,38.839,36.339,25.0,45.0,0.0,,100.0,2.0,,,,0,cooldown
2026-07-07T20:35:30,forecast_hot_humid_bursty_r2,forecast,hot_humid,bursty,2,39.328,39.028,38.828,36.328,25.0,45.0,0.0,,100.0,2.0,,,,0,cooldown
2026-07-07T20:35:30,forecast_hot_humid_bursty_r2,forecast,hot_humid,bursty,2,39.316,39.016,38.816,36.316,25.0,45.0,0.0,,100.0,2.0,,,,0,cooldown
2026-07-07T20:35:30,forecast_hot_humid_bursty_r2,forecast,hot_humid,bursty,2,39.305,39.005,38.805,36.305,25.0,45.0,0.0,,100.0,2.0,,,,0,cooldown
2026-07-07T20:35:30,forecast_hot_humid_bursty_r2,forecast,hot_humid,bursty,2,39.294,38.994,38.794,36.294,25.0,45.0,0.0,,100.0,2.0,,,,0,cooldown
2026-07-07T20:35:30,forecast_hot_humid_bursty_r2,forecast,hot_humid,bursty,2,39.282,38.982,38.782,36.282,25.0,45.0,0.0,,100.0,2.0,,,,0,cooldown
2026-07-07T20:35:30,forecast_hot_humid_bursty_r2,forecast,hot_humid,bursty,2,39.271,38.971,38.771,36.271,25.0,45.0,0.0,,100.0,2.0,,,,0,cooldown
2026-07-07T20:35:30,forecast_hot_humid_bursty_r2,forecast,hot_humid,bursty,2,39.26,38.96,38.76,36.26,25.0,45.0,0.0,,100.0,2.0,,,,0,cooldown
2026-07-07T20:35:30,forecast_hot_humid_bursty_r2,forecast,hot_humid,bursty,2,39.249,38.949,38.749,36.249,25.0,45.0,0.0,,100.0,2.0,,,,0,cooldown
2026-07-07T20:35:30,forecast_hot_humid_bursty_r2,forecast,hot_humid,bursty,2,39.237,38.937,38.737,36.237,25.0,45.0,0.0,,100.0,2.0,,,,0,cooldown
2026-07-07T20:35:30,forecast_hot_humid_bursty_r2,forecast,hot_humid,bursty,2,39.226,38.926,38.726,36.226,25.0,45.0,0.0,,100.0,2.0,,,,0,cooldown
2026-07-07T20:35:30,forecast_hot_humid_bursty_r2,forecast,hot_humid,bursty,2,39.215,38.915,38.715,36.215,25.0,45.0,0.0,,100.0,2.0,,,,0,cooldown
2026-07-07T20:35:30,forecast_hot_humid_bursty_r2,forecast,hot_humid,bursty,2,39.204,38.904,38.704,36.204,25.0,45.0,0.0,,100.0,2.0,,,,0,cooldown
2026-07-07T20:35:30,forecast_hot_humid_bursty_r2,forecast,hot_humid,bursty,2,39.192,38.892,38.692,36.192,25.0,45.0,0.0,,100.0,2.0,,,,0,cooldown
2026-07-07T20:35:30,forecast_hot_humid_bursty_r2,forecast,hot_humid,bursty,2,39.181,38.881,38.681,36.181,25.0,45.0,0.0,,100.0,2.0,,,,0,cooldown
2026-07-07T20:35:30,forecast_hot_humid_bursty_r2,forecast,hot_humid,bursty,2,39.17,38.87,38.67,36.17,25.0,45.0,0.0,,100.0,2.0,,,,0,cooldown
2026-07-07T20:35:30,forecast_hot_humid_bursty_r2,forecast,hot_humid,bursty,2,39.159,38.859,38.659,36.159,25.0,45.0,0.0,,100.0,2.0,,,,0,cooldown
2026-07-07T20:35:30,forecast_hot_humid_bursty_r2,forecast,hot_humid,bursty,2,39.148,38.848,38.648,36.148,25.0,45.0,0.0,,100.0,2.0,,,,0,cooldown
2026-07-07T20:35:30,forecast_hot_humid_bursty_r2,forecast,hot_humid,bursty,2,39.137,38.837,38.637,36.137,25.0,45.0,0.0,,100.0,2.0,,,,0,cooldown
2026-07-07T20:35:30,forecast_hot_humid_bursty_r2,forecast,hot_humid,bursty,2,39.125,38.825,38.625,36.125,25.0,45.0,0.0,,100.0,2.0,,,,0,cooldown
2026-07-07T20:35:30,forecast_hot_humid_bursty_r2,forecast,hot_humid,bursty,2,39.114,38.814,38.614,36.114,25.0,45.0,0.0,,100.0,2.0,,,,0,cooldown
2026-07-07T20:35:30,forecast_hot_humid_bursty_r2,forecast,hot_humid,bursty,2,39.103,38.803,38.603,36.103,25.0,45.0,0.0,,100.0,2.0,,,,0,cooldown
2026-07-07T20:35:30,forecast_hot_humid_bursty_r2,forecast,hot_humid,bursty,2,39.092,38.792,38.592,36.092,25.0,45.0,0.0,,100.0,2.0,,,,0,cooldown
2026-07-07T20:35:30,forecast_hot_humid_bursty_r2,forecast,hot_humid,bursty,2,39.081,38.781,38.581,36.081,25.0,45.0,0.0,,100.0,2.0,,,,0,cooldown
2026-07-07T20:35:30,forecast_hot_humid_bursty_r2,forecast,hot_humid,bursty,2,39.07,38.77,38.57,36.07,25.0,45.0,0.0,,100.0,2.0,,,,0,cooldown
2026-07-07T20:35:30,forecast_hot_humid_bursty_r2,forecast,hot_humid,bursty,2,39.059,38.759,38.559,36.059,25.0,45.0,0.0,,100.0,2.0,,,,0,cooldown
2026-07-07T20:35:30,forecast_hot_humid_bursty_r2,forecast,hot_humid,bursty,2,39.048,38.748,38.548,36.048,25.0,45.0,0.0,,100.0,2.0,,,,0,cooldown
2026-07-07T20:35:30,forecast_hot_humid_bursty_r2,forecast,hot_humid,bursty,2,39.036,38.736,38.536,36.036,25.0,45.0,0.0,,100.0,2.0,,,,0,cooldown
2026-07-07T20:35:30,forecast_hot_humid_bursty_r2,forecast,hot_humid,bursty,2,39.025,38.725,38.525,36.025,25.0,45.0,0.0,,100.0,2.0,,,,0,cooldown
2026-07-07T20:35:30,forecast_hot_humid_bursty_r2,forecast,hot_humid,bursty,2,39.014,38.714,38.514,36.014,25.0,45.0,0.0,,100.0,2.0,,,,0,cooldown
2026-07-07T20:35:30,forecast_hot_humid_bursty_r2,forecast,hot_humid,bursty,2,39.003,38.703,38.503,36.003,25.0,45.0,0.0,,100.0,2.0,,,,0,cooldown
2026-07-07T20:35:30,forecast_hot_humid_bursty_r2,forecast,hot_humid,bursty,2,38.992,38.692,38.492,35.992,25.0,45.0,0.0,,100.0,2.0,,,,0,cooldown
2026-07-07T20:35:30,forecast_hot_humid_bursty_r2,forecast,hot_humid,bursty,2,38.981,38.681,38.481,35.981,25.0,45.0,0.0,,100.0,2.0,,,,0,cooldown
2026-07-07T20:35:30,forecast_hot_humid_bursty_r2,forecast,hot_humid,bursty,2,38.97,38.67,38.47,35.97,25.0,45.0,0.0,,100.0,2.0,,,,0,cooldown
2026-07-07T20:35:30,forecast_hot_humid_bursty_r2,forecast,hot_humid,bursty,2,38.959,38.659,38.459,35.959,25.0,45.0,0.0,,100.0,2.0,,,,0,cooldown
2026-07-07T20:35:30,forecast_hot_humid_bursty_r2,forecast,hot_humid,bursty,2,38.948,38.648,38.448,35.948,25.0,45.0,0.0,,100.0,2.0,,,,0,cooldown
2026-07-07T20:35:30,forecast_hot_humid_bursty_r2,forecast,hot_humid,bursty,2,38.937,38.637,38.437,35.937,25.0,45.0,0.0,,100.0,2.0,,,,0,cooldown
2026-07-07T20:35:30,forecast_hot_humid_bursty_r2,forecast,hot_humid,bursty,2,38.926,38.626,38.426,35.926,25.0,45.0,0.0,,100.0,2.0,,,,0,cooldown
2026-07-07T20:35:30,forecast_hot_humid_bursty_r2,forecast,hot_humid,bursty,2,38.915,38.615,38.415,35.915,25.0,45.0,0.0,,100.0,2.0,,,,0,cooldown
2026-07-07T20:35:30,forecast_hot_humid_bursty_r2,forecast,hot_humid,bursty,2,38.904,38.604,38.404,35.904,25.0,45.0,0.0,,100.0,2.0,,,,0,cooldown
2026-07-07T20:35:30,forecast_hot_humid_bursty_r2,forecast,hot_humid,bursty,2,38.893,38.593,38.393,35.893,25.0,45.0,0.0,,100.0,2.0,,,,0,cooldown
2026-07-07T20:35:30,forecast_hot_humid_bursty_r2,forecast,hot_humid,bursty,2,38.882,38.582,38.382,35.882,25.0,45.0,0.0,,100.0,2.0,,,,0,cooldown
2026-07-07T20:35:30,forecast_hot_humid_bursty_r2,forecast,hot_humid,bursty,2,38.871,38.571,38.371,35.871,25.0,45.0,0.0,,100.0,2.0,,,,0,cooldown
2026-07-07T20:35:30,forecast_hot_humid_bursty_r2,forecast,hot_humid,bursty,2,38.86,38.56,38.36,35.86,25.0,45.0,0.0,,100.0,2.0,,,,0,cooldown
2026-07-07T20:35:30,forecast_hot_humid_bursty_r2,forecast,hot_humid,bursty,2,38.849,38.549,38.349,35.849,25.0,45.0,0.0,,100.0,2.0,,,,0,cooldown
2026-07-07T20:35:30,forecast_hot_humid_bursty_r2,forecast,hot_humid,bursty,2,38.838,38.538,38.338,35.838,25.0,45.0,0.0,,100.0,2.0,,,,0,cooldown
2026-07-07T20:35:30,forecast_hot_humid_bursty_r2,forecast,hot_humid,bursty,2,38.827,38.527,38.327,35.827,25.0,45.0,0.0,,100.0,2.0,,,,0,cooldown
2026-07-07T20:35:30,forecast_hot_humid_bursty_r2,forecast,hot_humid,bursty,2,38.816,38.516,38.316,35.816,25.0,45.0,0.0,,100.0,2.0,,,,0,cooldown
2026-07-07T20:35:30,forecast_hot_humid_bursty_r2,forecast,hot_humid,bursty,2,38.806,38.506,38.306,35.806,25.0,45.0,0.0,,100.0,2.0,,,,0,cooldown
2026-07-07T20:35:30,forecast_hot_humid_bursty_r2,forecast,hot_humid,bursty,2,38.795,38.495,38.295,35.795,25.0,45.0,0.0,,100.0,2.0,,,,0,cooldown
2026-07-07T20:35:30,forecast_hot_humid_bursty_r2,forecast,hot_humid,bursty,2,38.784,38.484,38.284,35.784,25.0,45.0,0.0,,100.0,2.0,,,,0,cooldown
2026-07-07T20:35:30,forecast_hot_humid_bursty_r2,forecast,hot_humid,bursty,2,38.773,38.473,38.273,35.773,25.0,45.0,0.0,,100.0,2.0,,,,0,cooldown
2026-07-07T20:35:30,forecast_hot_humid_bursty_r2,forecast,hot_humid,bursty,2,38.762,38.462,38.262,35.762,25.0,45.0,0.0,,100.0,2.0,,,,0,cooldown
2026-07-07T20:35:30,forecast_hot_humid_bursty_r2,forecast,hot_humid,bursty,2,38.751,38.451,38.251,35.751,25.0,45.0,0.0,,100.0,2.0,,,,0,cooldown
2026-07-07T20:35:30,forecast_hot_humid_bursty_r2,forecast,hot_humid,bursty,2,38.74,38.44,38.24,35.74,25.0,45.0,0.0,,100.0,2.0,,,,0,cooldown
2026-07-07T20:35:30,forecast_hot_humid_bursty_r2,forecast,hot_humid,bursty,2,38.729,38.429,38.229,35.729,25.0,45.0,0.0,,100.0,2.0,,,,0,cooldown
2026-07-07T20:35:30,forecast_hot_humid_bursty_r2,forecast,hot_humid,bursty,2,38.719,38.419,38.219,35.719,25.0,45.0,0.0,,100.0,2.0,,,,0,cooldown
2026-07-07T20:35:30,forecast_hot_humid_bursty_r2,forecast,hot_humid,bursty,2,38.708,38.408,38.208,35.708,25.0,45.0,0.0,,100.0,2.0,,,,0,cooldown
2026-07-07T20:35:30,forecast_hot_humid_bursty_r2,forecast,hot_humid,bursty,2,38.697,38.397,38.197,35.697,25.0,45.0,0.0,,100.0,2.0,,,,0,cooldown
2026-07-07T20:35:30,forecast_hot_humid_bursty_r2,forecast,hot_humid,bursty,2,38.686,38.386,38.186,35.686,25.0,45.0,0.0,,100.0,2.0,,,,0,cooldown
2026-07-07T20:35:30,forecast_hot_humid_bursty_r2,forecast,hot_humid,bursty,2,38.675,38.375,38.175,35.675,25.0,45.0,0.0,,100.0,2.0,,,,0,cooldown
2026-07-07T20:35:30,forecast_hot_humid_bursty_r2,forecast,hot_humid,bursty,2,38.665,38.365,38.165,35.665,25.0,45.0,0.0,,100.0,2.0,,,,0,cooldown
2026-07-07T20:35:30,forecast_hot_humid_bursty_r2,forecast,hot_humid,bursty,2,38.654,38.354,38.154,35.654,25.0,45.0,0.0,,100.0,2.0,,,,0,cooldown
2026-07-07T20:35:30,forecast_hot_humid_bursty_r2,forecast,hot_humid,bursty,2,38.643,38.343,38.143,35.643,25.0,45.0,0.0,,100.0,2.0,,,,0,cooldown
2026-07-07T20:35:30,forecast_hot_humid_bursty_r2,forecast,hot_humid,bursty,2,38.632,38.332,38.132,35.632,25.0,45.0,0.0,,100.0,2.0,,,,0,cooldown
2026-07-07T20:35:30,forecast_hot_humid_bursty_r2,forecast,hot_humid,bursty,2,38.621,38.321,38.121,35.621,25.0,45.0,0.0,,100.0,2.0,,,,0,cooldown
2026-07-07T20:35:30,forecast_hot_humid_bursty_r2,forecast,hot_humid,bursty,2,38.611,38.311,38.111,35.611,25.0,45.0,0.0,,100.0,2.0,,,,0,cooldown
2026-07-07T20:35:30,forecast_hot_humid_bursty_r2,forecast,hot_humid,bursty,2,38.6,38.3,38.1,35.6,25.0,45.0,0.0,,100.0,2.0,,,,0,cooldown
2026-07-07T20:35:30,forecast_hot_humid_bursty_r2,forecast,hot_humid,bursty,2,38.589,38.289,38.089,35.589,25.0,45.0,0.0,,100.0,2.0,,,,0,cooldown
2026-07-07T20:35:30,forecast_hot_humid_bursty_r2,forecast,hot_humid,bursty,2,38.578,38.278,38.078,35.578,25.0,45.0,0.0,,100.0,2.0,,,,0,cooldown
2026-07-07T20:35:30,forecast_hot_humid_bursty_r2,forecast,hot_humid,bursty,2,38.568,38.268,38.068,35.568,25.0,45.0,0.0,,100.0,2.0,,,,0,cooldown
2026-07-07T20:35:30,forecast_hot_humid_bursty_r2,forecast,hot_humid,bursty,2,38.557,38.257,38.057,35.557,25.0,45.0,0.0,,100.0,2.0,,,,0,cooldown
2026-07-07T20:35:30,forecast_hot_humid_bursty_r2,forecast,hot_humid,bursty,2,38.546,38.246,38.046,35.546,25.0,45.0,0.0,,100.0,2.0,,,,0,cooldown
2026-07-07T20:35:30,forecast_hot_humid_bursty_r2,forecast,hot_humid,bursty,2,38.536,38.236,38.036,35.536,25.0,45.0,0.0,,100.0,2.0,,,,0,cooldown
2026-07-07T20:35:30,forecast_hot_humid_bursty_r2,forecast,hot_humid,bursty,2,38.525,38.225,38.025,35.525,25.0,45.0,0.0,,100.0,2.0,,,,0,cooldown
2026-07-07T20:35:30,forecast_hot_humid_bursty_r2,forecast,hot_humid,bursty,2,38.514,38.214,38.014,35.514,25.0,45.0,0.0,,100.0,2.0,,,,0,cooldown
2026-07-07T20:35:30,forecast_hot_humid_bursty_r2,forecast,hot_humid,bursty,2,38.504,38.204,38.004,35.504,25.0,45.0,0.0,,100.0,2.0,,,,0,cooldown
2026-07-07T20:35:30,forecast_hot_humid_bursty_r2,forecast,hot_humid,bursty,2,38.493,38.193,37.993,35.493,25.0,45.0,0.0,,100.0,2.0,,,,0,cooldown
2026-07-07T20:35:30,forecast_hot_humid_bursty_r2,forecast,hot_humid,bursty,2,38.482,38.182,37.982,35.482,25.0,45.0,0.0,,100.0,2.0,,,,0,cooldown
2026-07-07T20:35:30,forecast_hot_humid_bursty_r2,forecast,hot_humid,bursty,2,38.472,38.172,37.972,35.472,25.0,45.0,0.0,,100.0,2.0,,,,0,cooldown
2026-07-07T20:35:30,forecast_hot_humid_bursty_r2,forecast,hot_humid,bursty,2,38.461,38.161,37.961,35.461,25.0,45.0,0.0,,100.0,2.0,,,,0,cooldown
2026-07-07T20:35:30,forecast_hot_humid_bursty_r2,forecast,hot_humid,bursty,2,38.45,38.15,37.95,35.45,25.0,45.0,0.0,,100.0,2.0,,,,0,cooldown
2026-07-07T20:35:30,forecast_hot_humid_bursty_r2,forecast,hot_humid,bursty,2,38.44,38.14,37.94,35.44,25.0,45.0,0.0,,100.0,2.0,,,,0,cooldown
2026-07-07T20:35:30,forecast_hot_humid_bursty_r2,forecast,hot_humid,bursty,2,38.429,38.129,37.929,35.429,25.0,45.0,0.0,,100.0,2.0,,,,0,cooldown
2026-07-07T20:35:30,forecast_hot_humid_bursty_r2,forecast,hot_humid,bursty,2,38.419,38.119,37.919,35.419,25.0,45.0,0.0,,100.0,2.0,,,,0,cooldown
2026-07-07T20:35:30,forecast_hot_humid_bursty_r2,forecast,hot_humid,bursty,2,38.408,38.108,37.908,35.408,25.0,45.0,0.0,,100.0,2.0,,,,0,cooldown
2026-07-07T20:35:30,forecast_hot_humid_bursty_r2,forecast,hot_humid,bursty,2,38.397,38.097,37.897,35.397,25.0,45.0,0.0,,100.0,2.0,,,,0,cooldown
2026-07-07T20:35:30,forecast_hot_humid_bursty_r2,forecast,hot_humid,bursty,2,38.387,38.087,37.887,35.387,25.0,45.0,0.0,,100.0,2.0,,,,0,cooldown
2026-07-07T20:35:30,forecast_hot_humid_bursty_r2,forecast,hot_humid,bursty,2,38.376,38.076,37.876,35.376,25.0,45.0,0.0,,100.0,2.0,,,,0,cooldown
2026-07-07T20:35:30,forecast_hot_humid_bursty_r2,forecast,hot_humid,bursty,2,38.366,38.066,37.866,35.366,25.0,45.0,0.0,,100.0,2.0,,,,0,cooldown
2026-07-07T20:35:30,forecast_hot_humid_bursty_r2,forecast,hot_humid,bursty,2,38.355,38.055,37.855,35.355,25.0,45.0,0.0,,100.0,2.0,,,,0,cooldown
2026-07-07T20:35:30,forecast_hot_humid_bursty_r2,forecast,hot_humid,bursty,2,38.345,38.045,37.845,35.345,25.0,45.0,0.0,,100.0,2.0,,,,0,cooldown
2026-07-07T20:35:30,forecast_hot_humid_bursty_r2,forecast,hot_humid,bursty,2,38.334,38.034,37.834,35.334,25.0,45.0,0.0,,100.0,2.0,,,,0,cooldown
2026-07-07T20:35:30,forecast_hot_humid_bursty_r2,forecast,hot_humid,bursty,2,38.324,38.024,37.824,35.324,25.0,45.0,0.0,,100.0,2.0,,,,0,cooldown
2026-07-07T20:35:30,forecast_hot_humid_bursty_r2,forecast,hot_humid,bursty,2,38.313,38.013,37.813,35.313,25.0,45.0,0.0,,100.0,2.0,,,,0,cooldown
2026-07-07T20:35:30,forecast_hot_humid_bursty_r2,forecast,hot_humid,bursty,2,38.302,38.002,37.802,35.302,25.0,45.0,0.0,,100.0,2.0,,,,0,cooldown
2026-07-07T20:35:30,forecast_hot_humid_bursty_r2,forecast,hot_humid,bursty,2,38.292,37.992,37.792,35.292,25.0,45.0,0.0,,100.0,2.0,,,,0,cooldown
2026-07-07T20:35:30,forecast_hot_humid_bursty_r2,forecast,hot_humid,bursty,2,38.281,37.981,37.781,35.281,25.0,45.0,0.0,,100.0,2.0,,,,0,cooldown
2026-07-07T20:35:30,forecast_hot_humid_bursty_r2,forecast,hot_humid,bursty,2,38.271,37.971,37.771,35.271,25.0,45.0,0.0,,100.0,2.0,,,,0,cooldown
2026-07-07T20:35:30,forecast_hot_humid_bursty_r2,forecast,hot_humid,bursty,2,38.261,37.961,37.761,35.261,25.0,45.0,0.0,,100.0,2.0,,,,0,cooldown
2026-07-07T20:35:30,forecast_hot_humid_bursty_r2,forecast,hot_humid,bursty,2,38.25,37.95,37.75,35.25,25.0,45.0,0.0,,100.0,2.0,,,,0,cooldown
2026-07-07T20:35:30,forecast_hot_humid_bursty_r2,forecast,hot_humid,bursty,2,38.24,37.94,37.74,35.24,25.0,45.0,0.0,,100.0,2.0,,,,0,cooldown
2026-07-07T20:35:30,forecast_hot_humid_bursty_r2,forecast,hot_humid,bursty,2,38.229,37.929,37.729,35.229,25.0,45.0,0.0,,100.0,2.0,,,,0,cooldown
2026-07-07T20:35:30,forecast_hot_humid_bursty_r2,forecast,hot_humid,bursty,2,38.219,37.919,37.719,35.219,25.0,45.0,0.0,,100.0,2.0,,,,0,cooldown
2026-07-07T20:35:30,forecast_hot_humid_bursty_r2,forecast,hot_humid,bursty,2,38.208,37.908,37.708,35.208,25.0,45.0,0.0,,100.0,2.0,,,,0,cooldown
2026-07-07T20:35:30,forecast_hot_humid_bursty_r2,forecast,hot_humid,bursty,2,38.198,37.898,37.698,35.198,25.0,45.0,0.0,,100.0,2.0,,,,0,cooldown
2026-07-07T20:35:30,forecast_hot_humid_bursty_r2,forecast,hot_humid,bursty,2,38.187,37.887,37.687,35.187,25.0,45.0,0.0,,100.0,2.0,,,,0,cooldown
2026-07-07T20:35:30,forecast_hot_humid_bursty_r2,forecast,hot_humid,bursty,2,38.177,37.877,37.677,35.177,25.0,45.0,0.0,,100.0,2.0,,,,0,cooldown
2026-07-07T20:35:30,forecast_hot_humid_bursty_r2,forecast,hot_humid,bursty,2,38.167,37.867,37.667,35.167,25.0,45.0,0.0,,100.0,2.0,,,,0,cooldown
2026-07-07T20:35:30,forecast_hot_humid_bursty_r2,forecast,hot_humid,bursty,2,38.156,37.856,37.656,35.156,25.0,45.0,0.0,,100.0,2.0,,,,0,cooldown
2026-07-07T20:35:30,forecast_hot_humid_bursty_r2,forecast,hot_humid,bursty,2,38.146,37.846,37.646,35.146,25.0,45.0,0.0,,100.0,2.0,,,,0,cooldown
2026-07-07T20:35:30,forecast_hot_humid_bursty_r2,forecast,hot_humid,bursty,2,38.135,37.835,37.635,35.135,25.0,45.0,0.0,,100.0,2.0,,,,0,cooldown
2026-07-07T20:35:30,forecast_hot_humid_bursty_r2,forecast,hot_humid,bursty,2,38.125,37.825,37.625,35.125,25.0,45.0,0.0,,100.0,2.0,,,,0,cooldown
2026-07-07T20:35:30,forecast_hot_humid_bursty_r2,forecast,hot_humid,bursty,2,38.115,37.815,37.615,35.115,25.0,45.0,0.0,,100.0,2.0,,,,0,cooldown
2026-07-07T20:35:30,forecast_hot_humid_bursty_r2,forecast,hot_humid,bursty,2,38.104,37.804,37.604,35.104,25.0,45.0,0.0,,100.0,2.0,,,,0,cooldown
2026-07-07T20:35:30,forecast_hot_humid_bursty_r2,forecast,hot_humid,bursty,2,38.094,37.794,37.594,35.094,25.0,45.0,0.0,,100.0,2.0,,,,0,cooldown
2026-07-07T20:35:30,forecast_hot_humid_bursty_r2,forecast,hot_humid,bursty,2,38.084,37.784,37.584,35.084,25.0,45.0,0.0,,100.0,2.0,,,,0,cooldown
2026-07-07T20:35:30,forecast_hot_humid_bursty_r2,forecast,hot_humid,bursty,2,38.073,37.773,37.573,35.073,25.0,45.0,0.0,,100.0,2.0,,,,0,cooldown
2026-07-07T20:35:30,forecast_hot_humid_bursty_r2,forecast,hot_humid,bursty,2,38.063,37.763,37.563,35.063,25.0,45.0,0.0,,100.0,2.0,,,,0,cooldown
2026-07-07T20:35:30,forecast_hot_humid_bursty_r2,forecast,hot_humid,bursty,2,38.053,37.753,37.553,35.053,25.0,45.0,0.0,,100.0,2.0,,,,0,cooldown
2026-07-07T20:35:30,forecast_hot_humid_bursty_r2,forecast,hot_humid,bursty,2,38.042,37.742,37.542,35.042,25.0,45.0,0.0,,100.0,2.0,,,,0,cooldown
2026-07-07T20:35:30,forecast_hot_humid_bursty_r2,forecast,hot_humid,bursty,2,38.032,37.732,37.532,35.032,25.0,45.0,0.0,,100.0,2.0,,,,0,cooldown
2026-07-07T20:35:30,forecast_hot_humid_bursty_r2,forecast,hot_humid,bursty,2,38.022,37.722,37.522,35.022,25.0,45.0,0.0,,100.0,2.0,,,,0,cooldown
2026-07-07T20:35:30,forecast_hot_humid_bursty_r2,forecast,hot_humid,bursty,2,38.012,37.712,37.512,35.012,25.0,45.0,0.0,,100.0,2.0,,,,0,cooldown
2026-07-07T20:35:30,forecast_hot_humid_bursty_r2,forecast,hot_humid,bursty,2,38.001,37.701,37.501,35.001,25.0,45.0,0.0,,100.0,2.0,,,,0,cooldown
2026-07-07T20:35:30,forecast_hot_humid_bursty_r2,forecast,hot_humid,bursty,2,37.991,37.691,37.491,34.991,25.0,45.0,0.0,,100.0,2.0,,,,0,cooldown
2026-07-07T20:35:30,forecast_hot_humid_bursty_r2,forecast,hot_humid,bursty,2,37.981,37.681,37.481,34.981,25.0,45.0,0.0,,100.0,2.0,,,,0,cooldown
2026-07-07T20:35:30,forecast_hot_humid_bursty_r2,forecast,hot_humid,bursty,2,37.97,37.67,37.47,34.97,25.0,45.0,0.0,,100.0,2.0,,,,0,cooldown
2026-07-07T20:35:30,forecast_hot_humid_bursty_r2,forecast,hot_humid,bursty,2,37.96,37.66,37.46,34.96,25.0,45.0,0.0,,100.0,2.0,,,,0,cooldown
2026-07-07T20:35:30,forecast_hot_humid_bursty_r2,forecast,hot_humid,bursty,2,37.95,37.65,37.45,34.95,25.0,45.0,0.0,,100.0,2.0,,,,0,cooldown
2026-07-07T20:35:30,forecast_hot_humid_bursty_r2,forecast,hot_humid,bursty,2,37.94,37.64,37.44,34.94,25.0,45.0,0.0,,100.0,2.0,,,,0,cooldown
2026-07-07T20:35:30,forecast_hot_humid_bursty_r2,forecast,hot_humid,bursty,2,37.93,37.63,37.43,34.93,25.0,45.0,0.0,,100.0,2.0,,,,0,cooldown
2026-07-07T20:35:30,forecast_hot_humid_bursty_r2,forecast,hot_humid,bursty,2,37.919,37.619,37.419,34.919,25.0,45.0,0.0,,100.0,2.0,,,,0,cooldown
2026-07-07T20:35:30,forecast_hot_humid_bursty_r2,forecast,hot_humid,bursty,2,37.909,37.609,37.409,34.909,25.0,45.0,0.0,,100.0,2.0,,,,0,cooldown
2026-07-07T20:35:30,forecast_hot_humid_bursty_r2,forecast,hot_humid,bursty,2,37.899,37.599,37.399,34.899,25.0,45.0,0.0,,100.0,2.0,,,,0,cooldown
2026-07-07T20:35:30,forecast_hot_humid_bursty_r2,forecast,hot_humid,bursty,2,37.889,37.589,37.389,34.889,25.0,45.0,0.0,,100.0,2.0,,,,0,cooldown
2026-07-07T20:35:30,forecast_hot_humid_bursty_r2,forecast,hot_humid,bursty,2,37.879,37.579,37.379,34.879,25.0,45.0,0.0,,100.0,2.0,,,,0,cooldown
2026-07-07T20:35:30,forecast_hot_humid_bursty_r2,forecast,hot_humid,bursty,2,37.868,37.568,37.368,34.868,25.0,45.0,0.0,,100.0,2.0,,,,0,cooldown
2026-07-07T20:35:30,forecast_hot_humid_bursty_r2,forecast,hot_humid,bursty,2,37.858,37.558,37.358,34.858,25.0,45.0,0.0,,100.0,2.0,,,,0,cooldown
2026-07-07T20:35:30,forecast_hot_humid_bursty_r2,forecast,hot_humid,bursty,2,37.848,37.548,37.348,34.848,25.0,45.0,0.0,,100.0,2.0,,,,0,cooldown
2026-07-07T20:35:30,forecast_hot_humid_bursty_r2,forecast,hot_humid,bursty,2,37.838,37.538,37.338,34.838,25.0,45.0,0.0,,100.0,2.0,,,,0,cooldown
2026-07-07T20:35:30,forecast_hot_humid_bursty_r2,forecast,hot_humid,bursty,2,37.828,37.528,37.328,34.828,25.0,45.0,0.0,,100.0,2.0,,,,0,cooldown
2026-07-07T20:35:30,forecast_hot_humid_bursty_r2,forecast,hot_humid,bursty,2,37.818,37.518,37.318,34.818,25.0,45.0,0.0,,100.0,2.0,,,,0,cooldown
2026-07-07T20:35:30,forecast_hot_humid_bursty_r2,forecast,hot_humid,bursty,2,37.808,37.508,37.308,34.808,25.0,45.0,0.0,,100.0,2.0,,,,0,cooldown
2026-07-07T20:35:30,forecast_hot_humid_bursty_r2,forecast,hot_humid,bursty,2,37.798,37.498,37.298,34.798,25.0,45.0,0.0,,100.0,2.0,,,,0,cooldown
2026-07-07T20:35:30,forecast_hot_humid_bursty_r2,forecast,hot_humid,bursty,2,37.787,37.487,37.287,34.787,25.0,45.0,0.0,,100.0,2.0,,,,0,cooldown
2026-07-07T20:35:30,forecast_hot_humid_bursty_r2,forecast,hot_humid,bursty,2,37.777,37.477,37.277,34.777,25.0,45.0,0.0,,100.0,2.0,,,,0,cooldown
2026-07-07T20:35:30,forecast_hot_humid_bursty_r2,forecast,hot_humid,bursty,2,37.767,37.467,37.267,34.767,25.0,45.0,0.0,,100.0,2.0,,,,0,cooldown
2026-07-07T20:35:30,forecast_hot_humid_bursty_r2,forecast,hot_humid,bursty,2,37.757,37.457,37.257,34.757,25.0,45.0,0.0,,100.0,2.0,,,,0,cooldown
2026-07-07T20:35:30,forecast_hot_humid_bursty_r2,forecast,hot_humid,bursty,2,37.747,37.447,37.247,34.747,25.0,45.0,0.0,,100.0,2.0,,,,0,cooldown
2026-07-07T20:35:30,forecast_hot_humid_bursty_r2,forecast,hot_humid,bursty,2,37.737,37.437,37.237,34.737,25.0,45.0,0.0,,100.0,2.0,,,,0,cooldown
2026-07-07T20:35:30,forecast_hot_humid_bursty_r2,forecast,hot_humid,bursty,2,37.727,37.427,37.227,34.727,25.0,45.0,0.0,,100.0,2.0,,,,0,cooldown
2026-07-07T20:35:30,forecast_hot_humid_bursty_r2,forecast,hot_humid,bursty,2,37.717,37.417,37.217,34.717,25.0,45.0,0.0,,100.0,2.0,,,,0,cooldown
2026-07-07T20:35:30,forecast_hot_humid_bursty_r2,forecast,hot_humid,bursty,2,37.707,37.407,37.207,34.707,25.0,45.0,0.0,,100.0,2.0,,,,0,cooldown
2026-07-07T20:35:30,forecast_hot_humid_bursty_r2,forecast,hot_humid,bursty,2,37.697,37.397,37.197,34.697,25.0,45.0,0.0,,100.0,2.0,,,,0,cooldown
2026-07-07T20:35:30,forecast_hot_humid_bursty_r2,forecast,hot_humid,bursty,2,37.687,37.387,37.187,34.687,25.0,45.0,0.0,,100.0,2.0,,,,0,cooldown
2026-07-07T20:35:30,forecast_hot_humid_bursty_r2,forecast,hot_humid,bursty,2,37.677,37.377,37.177,34.677,25.0,45.0,0.0,,100.0,2.0,,,,0,cooldown
2026-07-07T20:35:30,forecast_hot_humid_bursty_r2,forecast,hot_humid,bursty,2,37.667,37.367,37.167,34.667,25.0,45.0,0.0,,100.0,2.0,,,,0,cooldown
2026-07-07T20:35:30,forecast_hot_humid_bursty_r2,forecast,hot_humid,bursty,2,37.657,37.357,37.157,34.657,25.0,45.0,0.0,,100.0,2.0,,,,0,cooldown
2026-07-07T20:35:30,forecast_hot_humid_bursty_r2,forecast,hot_humid,bursty,2,37.647,37.347,37.147,34.647,25.0,45.0,0.0,,100.0,2.0,,,,0,cooldown
2026-07-07T20:35:30,forecast_hot_humid_bursty_r2,forecast,hot_humid,bursty,2,37.637,37.337,37.137,34.637,25.0,45.0,0.0,,100.0,2.0,,,,0,cooldown
2026-07-07T20:35:30,forecast_hot_humid_bursty_r2,forecast,hot_humid,bursty,2,37.627,37.327,37.127,34.627,25.0,45.0,0.0,,100.0,2.0,,,,0,cooldown
2026-07-07T20:35:30,forecast_hot_humid_bursty_r2,forecast,hot_humid,bursty,2,37.617,37.317,37.117,34.617,25.0,45.0,0.0,,100.0,2.0,,,,0,cooldown
2026-07-07T20:35:30,forecast_hot_humid_bursty_r2,forecast,hot_humid,bursty,2,37.607,37.307,37.107,34.607,25.0,45.0,0.0,,100.0,2.0,,,,0,cooldown
2026-07-07T20:35:30,forecast_hot_humid_bursty_r2,forecast,hot_humid,bursty,2,37.597,37.297,37.097,34.597,25.0,45.0,0.0,,100.0,2.0,,,,0,cooldown
2026-07-07T20:35:30,forecast_hot_humid_bursty_r2,forecast,hot_humid,bursty,2,37.587,37.287,37.087,34.587,25.0,45.0,0.0,,100.0,2.0,,,,0,cooldown
2026-07-07T20:35:30,forecast_hot_humid_bursty_r2,forecast,hot_humid,bursty,2,37.577,37.277,37.077,34.577,25.0,45.0,0.0,,100.0,2.0,,,,0,cooldown
2026-07-07T20:35:30,forecast_hot_humid_bursty_r2,forecast,hot_humid,bursty,2,37.567,37.267,37.067,34.567,25.0,45.0,0.0,,100.0,2.0,,,,0,cooldown
2026-07-07T20:35:30,forecast_hot_humid_bursty_r2,forecast,hot_humid,bursty,2,37.557,37.257,37.057,34.557,25.0,45.0,0.0,,100.0,2.0,,,,0,cooldown
2026-07-07T20:35:30,forecast_hot_humid_bursty_r2,forecast,hot_humid,bursty,2,37.547,37.247,37.047,34.547,25.0,45.0,0.0,,100.0,2.0,,,,0,cooldown
2026-07-07T20:35:30,forecast_hot_humid_bursty_r2,forecast,hot_humid,bursty,2,37.537,37.237,37.037,34.537,25.0,45.0,0.0,,100.0,2.0,,,,0,cooldown
2026-07-07T20:35:30,forecast_hot_humid_bursty_r2,forecast,hot_humid,bursty,2,37.528,37.228,37.028,34.528,25.0,45.0,0.0,,100.0,2.0,,,,0,cooldown
2026-07-07T20:35:30,forecast_hot_humid_bursty_r2,forecast,hot_humid,bursty,2,37.518,37.218,37.018,34.518,25.0,45.0,0.0,,100.0,2.0,,,,0,cooldown
2026-07-07T20:35:30,forecast_hot_humid_bursty_r2,forecast,hot_humid,bursty,2,37.508,37.208,37.008,34.508,25.0,45.0,0.0,,100.0,2.0,,,,0,cooldown
2026-07-07T20:35:30,forecast_hot_humid_bursty_r2,forecast,hot_humid,bursty,2,37.498,37.198,36.998,34.498,25.0,45.0,0.0,,100.0,2.0,,,,0,cooldown
2026-07-07T20:35:30,forecast_hot_humid_bursty_r2,forecast,hot_humid,bursty,2,37.488,37.188,36.988,34.488,25.0,45.0,0.0,,100.0,2.0,,,,0,cooldown
2026-07-07T20:35:30,forecast_hot_humid_bursty_r2,forecast,hot_humid,bursty,2,37.478,37.178,36.978,34.478,25.0,45.0,0.0,,100.0,2.0,,,,0,cooldown
2026-07-07T20:35:30,forecast_hot_humid_bursty_r2,forecast,hot_humid,bursty,2,37.468,37.168,36.968,34.468,25.0,45.0,0.0,,100.0,2.0,,,,0,cooldown
2026-07-07T20:35:30,forecast_hot_humid_bursty_r2,forecast,hot_humid,bursty,2,37.458,37.158,36.958,34.458,25.0,45.0,0.0,,100.0,2.0,,,,0,cooldown
2026-07-07T20:35:30,forecast_hot_humid_bursty_r2,forecast,hot_humid,bursty,2,37.449,37.149,36.949,34.449,25.0,45.0,0.0,,100.0,2.0,,,,0,cooldown
2026-07-07T20:35:30,forecast_hot_humid_bursty_r2,forecast,hot_humid,bursty,2,37.439,37.139,36.939,34.439,25.0,45.0,0.0,,100.0,2.0,,,,0,cooldown
2026-07-07T20:35:30,forecast_hot_humid_bursty_r2,forecast,hot_humid,bursty,2,37.429,37.129,36.929,34.429,25.0,45.0,0.0,,100.0,2.0,,,,0,cooldown
2026-07-07T20:35:30,forecast_hot_humid_bursty_r2,forecast,hot_humid,bursty,2,37.419,37.119,36.919,34.419,25.0,45.0,0.0,,100.0,2.0,,,,0,cooldown
2026-07-07T20:35:30,forecast_hot_humid_bursty_r2,forecast,hot_humid,bursty,2,37.409,37.109,36.909,34.409,25.0,45.0,0.0,,100.0,2.0,,,,0,cooldown
2026-07-07T20:35:30,forecast_hot_humid_bursty_r2,forecast,hot_humid,bursty,2,37.4,37.1,36.9,34.4,25.0,45.0,0.0,,100.0,2.0,,,,0,cooldown
2026-07-07T20:35:30,forecast_hot_humid_bursty_r2,forecast,hot_humid,bursty,2,37.39,37.09,36.89,34.39,25.0,45.0,0.0,,100.0,2.0,,,,0,cooldown
2026-07-07T20:35:30,forecast_hot_humid_bursty_r2,forecast,hot_humid,bursty,2,37.38,37.08,36.88,34.38,25.0,45.0,0.0,,100.0,2.0,,,,0,cooldown
2026-07-07T20:35:30,forecast_hot_humid_bursty_r2,forecast,hot_humid,bursty,2,37.37,37.07,36.87,34.37,25.0,45.0,0.0,,100.0,2.0,,,,0,cooldown
2026-07-07T20:35:30,forecast_hot_humid_bursty_r2,forecast,hot_humid,bursty,2,37.36,37.06,36.86,34.36,25.0,45.0,0.0,,100.0,2.0,,,,0,cooldown
2026-07-07T20:35:30,forecast_hot_humid_bursty_r2,forecast,hot_humid,bursty,2,37.351,37.051,36.851,34.351,25.0,45.0,0.0,,100.0,2.0,,,,0,cooldown
2026-07-07T20:35:30,forecast_hot_humid_bursty_r2,forecast,hot_humid,bursty,2,37.341,37.041,36.841,34.341,25.0,45.0,0.0,,100.0,2.0,,,,0,cooldown
2026-07-07T20:35:30,forecast_hot_humid_bursty_r2,forecast,hot_humid,bursty,2,37.331,37.031,36.831,34.331,25.0,45.0,0.0,,100.0,2.0,,,,0,cooldown
2026-07-07T20:35:30,forecast_hot_humid_bursty_r2,forecast,hot_humid,bursty,2,37.321,37.021,36.821,34.321,25.0,45.0,0.0,,100.0,2.0,,,,0,cooldown
2026-07-07T20:35:30,forecast_hot_humid_bursty_r2,forecast,hot_humid,bursty,2,37.312,37.012,36.812,34.312,25.0,45.0,0.0,,100.0,2.0,,,,0,cooldown
2026-07-07T20:35:30,forecast_hot_humid_bursty_r2,forecast,hot_humid,bursty,2,37.302,37.002,36.802,34.302,25.0,45.0,0.0,,100.0,2.0,,,,0,cooldown
2026-07-07T20:35:30,forecast_hot_humid_bursty_r2,forecast,hot_humid,bursty,2,37.292,36.992,36.792,34.292,25.0,45.0,0.0,,100.0,2.0,,,,0,cooldown
2026-07-07T20:35:30,forecast_hot_humid_bursty_r2,forecast,hot_humid,bursty,2,37.283,36.983,36.783,34.283,25.0,45.0,0.0,,100.0,2.0,,,,0,cooldown
2026-07-07T20:35:30,forecast_hot_humid_bursty_r2,forecast,hot_humid,bursty,2,37.273,36.973,36.773,34.273,25.0,45.0,0.0,,100.0,2.0,,,,0,cooldown
2026-07-07T20:35:30,forecast_hot_humid_bursty_r2,forecast,hot_humid,bursty,2,37.263,36.963,36.763,34.263,25.0,45.0,0.0,,100.0,2.0,,,,0,cooldown
2026-07-07T20:35:30,forecast_hot_humid_bursty_r2,forecast,hot_humid,bursty,2,37.254,36.954,36.754,34.254,25.0,45.0,0.0,,100.0,2.0,,,,0,cooldown
2026-07-07T20:35:30,forecast_hot_humid_bursty_r2,forecast,hot_humid,bursty,2,37.244,36.944,36.744,34.244,25.0,45.0,0.0,,100.0,2.0,,,,0,cooldown
2026-07-07T20:35:30,forecast_hot_humid_bursty_r2,forecast,hot_humid,bursty,2,37.234,36.934,36.734,34.234,25.0,45.0,0.0,,100.0,2.0,,,,0,cooldown
2026-07-07T20:35:30,forecast_hot_humid_bursty_r2,forecast,hot_humid,bursty,2,37.225,36.925,36.725,34.225,25.0,45.0,0.0,,100.0,2.0,,,,0,cooldown
2026-07-07T20:35:30,forecast_hot_humid_bursty_r2,forecast,hot_humid,bursty,2,37.215,36.915,36.715,34.215,25.0,45.0,0.0,,100.0,2.0,,,,0,cooldown
2026-07-07T20:35:30,forecast_hot_humid_bursty_r2,forecast,hot_humid,bursty,2,37.205,36.905,36.705,34.205,25.0,45.0,0.0,,100.0,2.0,,,,0,cooldown
2026-07-07T20:35:30,forecast_hot_humid_bursty_r2,forecast,hot_humid,bursty,2,37.196,36.896,36.696,34.196,25.0,45.0,0.0,,100.0,2.0,,,,0,cooldown
2026-07-07T20:35:30,forecast_hot_humid_bursty_r2,forecast,hot_humid,bursty,2,37.186,36.886,36.686,34.186,25.0,45.0,0.0,,100.0,2.0,,,,0,cooldown
2026-07-07T20:35:30,forecast_hot_humid_bursty_r2,forecast,hot_humid,bursty,2,37.176,36.876,36.676,34.176,25.0,45.0,0.0,,100.0,2.0,,,,0,cooldown
2026-07-07T20:35:30,forecast_hot_humid_bursty_r2,forecast,hot_humid,bursty,2,37.167,36.867,36.667,34.167,25.0,45.0,0.0,,100.0,2.0,,,,0,cooldown
2026-07-07T20:35:30,forecast_hot_humid_bursty_r2,forecast,hot_humid,bursty,2,37.157,36.857,36.657,34.157,25.0,45.0,0.0,,100.0,2.0,,,,0,cooldown
2026-07-07T20:35:30,forecast_hot_humid_bursty_r2,forecast,hot_humid,bursty,2,37.148,36.848,36.648,34.148,25.0,45.0,0.0,,100.0,2.0,,,,0,cooldown
2026-07-07T20:35:30,forecast_hot_humid_bursty_r2,forecast,hot_humid,bursty,2,37.138,36.838,36.638,34.138,25.0,45.0,0.0,,100.0,2.0,,,,0,cooldown
2026-07-07T20:35:30,forecast_hot_humid_bursty_r2,forecast,hot_humid,bursty,2,37.128,36.828,36.628,34.128,25.0,45.0,0.0,,100.0,2.0,,,,0,cooldown
2026-07-07T20:35:30,forecast_hot_humid_bursty_r2,forecast,hot_humid,bursty,2,37.119,36.819,36.619,34.119,25.0,45.0,0.0,,100.0,2.0,,,,0,cooldown
2026-07-07T20:35:30,forecast_hot_humid_bursty_r2,forecast,hot_humid,bursty,2,37.109,36.809,36.609,34.109,25.0,45.0,0.0,,100.0,2.0,,,,0,cooldown
2026-07-07T20:35:30,forecast_hot_humid_bursty_r2,forecast,hot_humid,bursty,2,37.1,36.8,36.6,34.1,25.0,45.0,0.0,,100.0,2.0,,,,0,cooldown
2026-07-07T20:35:30,forecast_hot_humid_bursty_r2,forecast,hot_humid,bursty,2,37.09,36.79,36.59,34.09,25.0,45.0,0.0,,100.0,2.0,,,,0,cooldown
2026-07-07T20:35:30,forecast_hot_humid_bursty_r2,forecast,hot_humid,bursty,2,37.081,36.781,36.581,34.081,25.0,45.0,0.0,,100.0,2.0,,,,0,cooldown
2026-07-07T20:35:30,forecast_hot_humid_bursty_r2,forecast,hot_humid,bursty,2,37.071,36.771,36.571,34.071,25.0,45.0,0.0,,100.0,2.0,,,,0,cooldown
2026-07-07T20:35:30,forecast_hot_humid_bursty_r2,forecast,hot_humid,bursty,2,37.061,36.761,36.561,34.061,25.0,45.0,0.0,,100.0,2.0,,,,0,cooldown
2026-07-07T20:35:30,forecast_hot_humid_bursty_r2,forecast,hot_humid,bursty,2,37.052,36.752,36.552,34.052,25.0,45.0,0.0,,100.0,2.0,,,,0,cooldown
2026-07-07T20:35:30,forecast_hot_humid_bursty_r2,forecast,hot_humid,bursty,2,37.042,36.742,36.542,34.042,25.0,45.0,0.0,,100.0,2.0,,,,0,cooldown
2026-07-07T20:35:30,forecast_hot_humid_bursty_r2,forecast,hot_humid,bursty,2,37.033,36.733,36.533,34.033,25.0,45.0,0.0,,100.0,2.0,,,,0,cooldown
2026-07-07T20:35:30,forecast_hot_humid_bursty_r2,forecast,hot_humid,bursty,2,37.023,36.723,36.523,34.023,25.0,45.0,0.0,,100.0,2.0,,,,0,cooldown
2026-07-07T20:35:30,forecast_hot_humid_bursty_r2,forecast,hot_humid,bursty,2,37.014,36.714,36.514,34.014,25.0,45.0,0.0,,100.0,2.0,,,,0,cooldown
2026-07-07T20:35:30,forecast_hot_humid_bursty_r2,forecast,hot_humid,bursty,2,37.004,36.704,36.504,34.004,25.0,45.0,0.0,,100.0,2.0,,,,0,cooldown
2026-07-07T20:35:30,forecast_hot_humid_bursty_r2,forecast,hot_humid,bursty,2,36.995,36.695,36.495,33.995,25.0,45.0,0.0,,100.0,2.0,,,,0,cooldown
2026-07-07T20:35:30,forecast_hot_humid_bursty_r2,forecast,hot_humid,bursty,2,36.986,36.686,36.486,33.986,25.0,45.0,0.0,,100.0,2.0,,,,0,cooldown
2026-07-07T20:35:30,forecast_hot_humid_bursty_r2,forecast,hot_humid,bursty,2,36.976,36.676,36.476,33.976,25.0,45.0,0.0,,100.0,2.0,,,,0,cooldown
2026-07-07T20:35:30,forecast_hot_humid_bursty_r2,forecast,hot_humid,bursty,2,36.967,36.667,36.467,33.967,25.0,45.0,0.0,,100.0,2.0,,,,0,cooldown
2026-07-07T20:35:30,forecast_hot_humid_bursty_r2,forecast,hot_humid,bursty,2,36.957,36.657,36.457,33.957,25.0,45.0,0.0,,100.0,2.0,,,,0,cooldown
2026-07-07T20:35:30,forecast_hot_humid_bursty_r2,forecast,hot_humid,bursty,2,36.948,36.648,36.448,33.948,25.0,45.0,0.0,,100.0,2.0,,,,0,cooldown
2026-07-07T20:35:30,forecast_hot_humid_bursty_r2,forecast,hot_humid,bursty,2,36.938,36.638,36.438,33.938,25.0,45.0,0.0,,100.0,2.0,,,,0,cooldown
2026-07-07T20:35:30,forecast_hot_humid_bursty_r2,forecast,hot_humid,bursty,2,36.929,36.629,36.429,33.929,25.0,45.0,0.0,,100.0,2.0,,,,0,cooldown
2026-07-07T20:35:30,forecast_hot_humid_bursty_r2,forecast,hot_humid,bursty,2,36.919,36.619,36.419,33.919,25.0,45.0,0.0,,100.0,2.0,,,,0,cooldown
2026-07-07T20:35:30,forecast_hot_humid_bursty_r2,forecast,hot_humid,bursty,2,36.91,36.61,36.41,33.91,25.0,45.0,0.0,,100.0,2.0,,,,0,cooldown
2026-07-07T20:35:30,forecast_hot_humid_bursty_r2,forecast,hot_humid,bursty,2,36.901,36.601,36.401,33.901,25.0,45.0,0.0,,100.0,2.0,,,,0,cooldown
2026-07-07T20:35:30,forecast_hot_humid_bursty_r2,forecast,hot_humid,bursty,2,36.891,36.591,36.391,33.891,25.0,45.0,0.0,,100.0,2.0,,,,0,cooldown
2026-07-07T20:35:30,forecast_hot_humid_bursty_r2,forecast,hot_humid,bursty,2,36.882,36.582,36.382,33.882,25.0,45.0,0.0,,100.0,2.0,,,,0,cooldown
2026-07-07T20:35:30,forecast_hot_humid_bursty_r2,forecast,hot_humid,bursty,2,36.872,36.572,36.372,33.872,25.0,45.0,0.0,,100.0,2.0,,,,0,cooldown
2026-07-07T20:35:30,forecast_hot_humid_bursty_r2,forecast,hot_humid,bursty,2,36.863,36.563,36.363,33.863,25.0,45.0,0.0,,100.0,2.0,,,,0,cooldown
2026-07-07T20:35:30,forecast_hot_humid_bursty_r2,forecast,hot_humid,bursty,2,36.854,36.554,36.354,33.854,25.0,45.0,0.0,,100.0,2.0,,,,0,cooldown
2026-07-07T20:35:30,forecast_hot_humid_bursty_r2,forecast,hot_humid,bursty,2,36.844,36.544,36.344,33.844,25.0,45.0,0.0,,100.0,2.0,,,,0,cooldown
2026-07-07T20:35:30,forecast_hot_humid_bursty_r2,forecast,hot_humid,bursty,2,36.835,36.535,36.335,33.835,25.0,45.0,0.0,,100.0,2.0,,,,0,cooldown
2026-07-07T20:35:30,forecast_hot_humid_bursty_r2,forecast,hot_humid,bursty,2,36.826,36.526,36.326,33.826,25.0,45.0,0.0,,100.0,2.0,,,,0,cooldown
2026-07-07T20:35:30,forecast_hot_humid_bursty_r2,forecast,hot_humid,bursty,2,36.816,36.516,36.316,33.816,25.0,45.0,0.0,,100.0,2.0,,,,0,cooldown
2026-07-07T20:35:30,forecast_hot_humid_bursty_r2,forecast,hot_humid,bursty,2,36.807,36.507,36.307,33.807,25.0,45.0,0.0,,100.0,2.0,,,,0,cooldown
2026-07-07T20:35:30,forecast_hot_humid_bursty_r2,forecast,hot_humid,bursty,2,36.798,36.498,36.298,33.798,25.0,45.0,0.0,,100.0,2.0,,,,0,cooldown
2026-07-07T20:35:30,forecast_hot_humid_bursty_r2,forecast,hot_humid,bursty,2,36.788,36.488,36.288,33.788,25.0,45.0,0.0,,100.0,2.0,,,,0,cooldown
2026-07-07T20:35:30,forecast_hot_humid_bursty_r2,forecast,hot_humid,bursty,2,36.779,36.479,36.279,33.779,25.0,45.0,0.0,,100.0,2.0,,,,0,cooldown
2026-07-07T20:35:30,forecast_hot_humid_bursty_r2,forecast,hot_humid,bursty,2,36.77,36.47,36.27,33.77,25.0,45.0,0.0,,100.0,2.0,,,,0,cooldown
2026-07-07T20:35:30,forecast_hot_humid_bursty_r2,forecast,hot_humid,bursty,2,36.76,36.46,36.26,33.76,25.0,45.0,0.0,,100.0,2.0,,,,0,cooldown
2026-07-07T20:35:30,forecast_hot_humid_bursty_r2,forecast,hot_humid,bursty,2,36.751,36.451,36.251,33.751,25.0,45.0,0.0,,100.0,2.0,,,,0,cooldown
2026-07-07T20:35:30,forecast_hot_humid_bursty_r2,forecast,hot_humid,bursty,2,36.742,36.442,36.242,33.742,25.0,45.0,0.0,,100.0,2.0,,,,0,cooldown
2026-07-07T20:35:30,forecast_hot_humid_bursty_r2,forecast,hot_humid,bursty,2,36.733,36.433,36.233,33.733,25.0,45.0,0.0,,100.0,2.0,,,,0,cooldown
2026-07-07T20:35:30,forecast_hot_humid_bursty_r2,forecast,hot_humid,bursty,2,36.723,36.423,36.223,33.723,25.0,45.0,0.0,,100.0,2.0,,,,0,cooldown
2026-07-07T20:35:30,forecast_hot_humid_bursty_r2,forecast,hot_humid,bursty,2,36.714,36.414,36.214,33.714,25.0,45.0,0.0,,100.0,2.0,,,,0,cooldown
2026-07-07T20:35:30,forecast_hot_humid_bursty_r2,forecast,hot_humid,bursty,2,36.705,36.405,36.205,33.705,25.0,45.0,0.0,,100.0,2.0,,,,0,cooldown
2026-07-07T20:35:30,forecast_hot_humid_bursty_r2,forecast,hot_humid,bursty,2,36.696,36.396,36.196,33.696,25.0,45.0,0.0,,100.0,2.0,,,,0,cooldown
2026-07-07T20:35:30,forecast_hot_humid_bursty_r2,forecast,hot_humid,bursty,2,36.686,36.386,36.186,33.686,25.0,45.0,0.0,,100.0,2.0,,,,0,cooldown
2026-07-07T20:35:30,forecast_hot_humid_bursty_r2,forecast,hot_humid,bursty,2,36.677,36.377,36.177,33.677,25.0,45.0,0.0,,100.0,2.0,,,,0,cooldown
2026-07-07T20:35:30,forecast_hot_humid_bursty_r2,forecast,hot_humid,bursty,2,36.668,36.368,36.168,33.668,25.0,45.0,0.0,,100.0,2.0,,,,0,cooldown
2026-07-07T20:35:30,forecast_hot_humid_bursty_r2,forecast,hot_humid,bursty,2,36.659,36.359,36.159,33.659,25.0,45.0,0.0,,100.0,2.0,,,,0,cooldown
2026-07-07T20:35:30,forecast_hot_humid_bursty_r2,forecast,hot_humid,bursty,2,36.65,36.35,36.15,33.65,25.0,45.0,0.0,,100.0,2.0,,,,0,cooldown
2026-07-07T20:35:30,forecast_hot_humid_bursty_r2,forecast,hot_humid,bursty,2,36.64,36.34,36.14,33.64,25.0,45.0,0.0,,100.0,2.0,,,,0,cooldown
2026-07-07T20:35:30,forecast_hot_humid_bursty_r2,forecast,hot_humid,bursty,2,36.631,36.331,36.131,33.631,25.0,45.0,0.0,,100.0,2.0,,,,0,cooldown
2026-07-07T20:35:30,forecast_hot_humid_bursty_r2,forecast,hot_humid,bursty,2,36.622,36.322,36.122,33.622,25.0,45.0,0.0,,100.0,2.0,,,,0,cooldown
2026-07-07T20:35:30,forecast_hot_humid_bursty_r2,forecast,hot_humid,bursty,2,36.613,36.313,36.113,33.613,25.0,45.0,0.0,,100.0,2.0,,,,0,cooldown
2026-07-07T20:35:30,forecast_hot_humid_bursty_r2,forecast,hot_humid,bursty,2,36.604,36.304,36.104,33.604,25.0,45.0,0.0,,100.0,2.0,,,,0,cooldown
2026-07-07T20:35:30,forecast_hot_humid_bursty_r2,forecast,hot_humid,bursty,2,36.594,36.294,36.094,33.594,25.0,45.0,0.0,,100.0,2.0,,,,0,cooldown
2026-07-07T20:35:30,forecast_hot_humid_bursty_r2,forecast,hot_humid,bursty,2,36.585,36.285,36.085,33.585,25.0,45.0,0.0,,100.0,2.0,,,,0,cooldown
2026-07-07T20:35:30,forecast_hot_humid_bursty_r2,forecast,hot_humid,bursty,2,36.576,36.276,36.076,33.576,25.0,45.0,0.0,,100.0,2.0,,,,0,cooldown
2026-07-07T20:35:30,forecast_hot_humid_bursty_r2,forecast,hot_humid,bursty,2,36.567,36.267,36.067,33.567,25.0,45.0,0.0,,100.0,2.0,,,,0,cooldown
2026-07-07T20:35:30,forecast_hot_humid_bursty_r2,forecast,hot_humid,bursty,2,36.558,36.258,36.058,33.558,25.0,45.0,0.0,,100.0,2.0,,,,0,cooldown
2026-07-07T20:35:30,forecast_hot_humid_bursty_r2,forecast,hot_humid,bursty,2,36.549,36.249,36.049,33.549,25.0,45.0,0.0,,100.0,2.0,,,,0,cooldown
2026-07-07T20:35:30,forecast_hot_humid_bursty_r2,forecast,hot_humid,bursty,2,36.54,36.24,36.04,33.54,25.0,45.0,0.0,,100.0,2.0,,,,0,cooldown
2026-07-07T20:35:30,forecast_hot_humid_bursty_r2,forecast,hot_humid,bursty,2,36.531,36.231,36.031,33.531,25.0,45.0,0.0,,100.0,2.0,,,,0,cooldown
2026-07-07T20:35:30,forecast_hot_humid_bursty_r2,forecast,hot_humid,bursty,2,36.521,36.221,36.021,33.521,25.0,45.0,0.0,,100.0,2.0,,,,0,cooldown
2026-07-07T20:35:30,forecast_hot_humid_bursty_r2,forecast,hot_humid,bursty,2,36.512,36.212,36.012,33.512,25.0,45.0,0.0,,100.0,2.0,,,,0,cooldown
2026-07-07T20:35:30,forecast_hot_humid_bursty_r2,forecast,hot_humid,bursty,2,36.503,36.203,36.003,33.503,25.0,45.0,0.0,,100.0,2.0,,,,0,cooldown
2026-07-07T20:35:30,forecast_hot_humid_bursty_r2,forecast,hot_humid,bursty,2,36.494,36.194,35.994,33.494,25.0,45.0,0.0,,100.0,2.0,,,,0,cooldown
2026-07-07T20:35:30,forecast_hot_humid_bursty_r2,forecast,hot_humid,bursty,2,36.485,36.185,35.985,33.485,25.0,45.0,0.0,,100.0,2.0,,,,0,cooldown
2026-07-07T20:35:30,forecast_hot_humid_bursty_r2,forecast,hot_humid,bursty,2,36.476,36.176,35.976,33.476,25.0,45.0,0.0,,100.0,2.0,,,,0,cooldown
2026-07-07T20:35:30,forecast_hot_humid_bursty_r2,forecast,hot_humid,bursty,2,36.467,36.167,35.967,33.467,25.0,45.0,0.0,,100.0,2.0,,,,0,cooldown
2026-07-07T20:35:30,forecast_hot_humid_bursty_r2,forecast,hot_humid,bursty,2,36.458,36.158,35.958,33.458,25.0,45.0,0.0,,100.0,2.0,,,,0,cooldown
2026-07-07T20:35:30,forecast_hot_humid_bursty_r2,forecast,hot_humid,bursty,2,36.449,36.149,35.949,33.449,25.0,45.0,0.0,,100.0,2.0,,,,0,cooldown
2026-07-07T20:35:30,forecast_hot_humid_bursty_r2,forecast,hot_humid,bursty,2,36.44,36.14,35.94,33.44,25.0,45.0,0.0,,100.0,2.0,,,,0,cooldown
2026-07-07T20:35:30,forecast_hot_humid_bursty_r2,forecast,hot_humid,bursty,2,36.431,36.131,35.931,33.431,25.0,45.0,0.0,,100.0,2.0,,,,0,cooldown
2026-07-07T20:35:30,forecast_hot_humid_bursty_r2,forecast,hot_humid,bursty,2,36.422,36.122,35.922,33.422,25.0,45.0,0.0,,100.0,2.0,,,,0,cooldown
2026-07-07T20:35:30,forecast_hot_humid_bursty_r2,forecast,hot_humid,bursty,2,36.413,36.113,35.913,33.413,25.0,45.0,0.0,,100.0,2.0,,,,0,cooldown
2026-07-07T20:35:30,forecast_hot_humid_bursty_r2,forecast,hot_humid,bursty,2,36.404,36.104,35.904,33.404,25.0,45.0,0.0,,100.0,2.0,,,,0,cooldown
2026-07-07T20:35:30,forecast_hot_humid_bursty_r2,forecast,hot_humid,bursty,2,36.395,36.095,35.895,33.395,25.0,45.0,0.0,,100.0,2.0,,,,0,cooldown
2026-07-07T20:35:30,forecast_hot_humid_bursty_r2,forecast,hot_humid,bursty,2,36.386,36.086,35.886,33.386,25.0,45.0,0.0,,100.0,2.0,,,,0,cooldown
2026-07-07T20:35:30,forecast_hot_humid_bursty_r2,forecast,hot_humid,bursty,2,36.377,36.077,35.877,33.377,25.0,45.0,0.0,,100.0,2.0,,,,0,cooldown
2026-07-07T20:35:30,forecast_hot_humid_bursty_r2,forecast,hot_humid,bursty,2,36.368,36.068,35.868,33.368,25.0,45.0,0.0,,100.0,2.0,,,,0,cooldown
2026-07-07T20:35:30,forecast_hot_humid_bursty_r2,forecast,hot_humid,bursty,2,36.359,36.059,35.859,33.359,25.0,45.0,0.0,,100.0,2.0,,,,0,cooldown
2026-07-07T20:35:30,forecast_hot_humid_bursty_r2,forecast,hot_humid,bursty,2,36.35,36.05,35.85,33.35,25.0,45.0,0.0,,100.0,2.0,,,,0,cooldown
2026-07-07T20:35:30,forecast_hot_humid_bursty_r2,forecast,hot_humid,bursty,2,36.341,36.041,35.841,33.341,25.0,45.0,0.0,,100.0,2.0,,,,0,cooldown
2026-07-07T20:35:30,forecast_hot_humid_bursty_r2,forecast,hot_humid,bursty,2,36.332,36.032,35.832,33.332,25.0,45.0,0.0,,100.0,2.0,,,,0,cooldown
2026-07-07T20:35:30,forecast_hot_humid_bursty_r2,forecast,hot_humid,bursty,2,36.323,36.023,35.823,33.323,25.0,45.0,0.0,,100.0,2.0,,,,0,cooldown
2026-07-07T20:35:30,forecast_hot_humid_bursty_r2,forecast,hot_humid,bursty,2,36.314,36.014,35.814,33.314,25.0,45.0,0.0,,100.0,2.0,,,,0,cooldown
2026-07-07T20:35:30,forecast_hot_humid_bursty_r2,forecast,hot_humid,bursty,2,36.305,36.005,35.805,33.305,25.0,45.0,0.0,,100.0,2.0,,,,0,cooldown
2026-07-07T20:35:30,forecast_hot_humid_bursty_r2,forecast,hot_humid,bursty,2,36.296,35.996,35.796,33.296,25.0,45.0,0.0,,100.0,2.0,,,,0,cooldown
2026-07-07T20:35:30,forecast_hot_humid_bursty_r2,forecast,hot_humid,bursty,2,36.287,35.987,35.787,33.287,25.0,45.0,0.0,,100.0,2.0,,,,0,cooldown
2026-07-07T20:35:30,forecast_hot_humid_bursty_r2,forecast,hot_humid,bursty,2,36.278,35.978,35.778,33.278,25.0,45.0,0.0,,100.0,2.0,,,,0,cooldown
2026-07-07T20:35:30,forecast_hot_humid_bursty_r2,forecast,hot_humid,bursty,2,36.269,35.969,35.769,33.269,25.0,45.0,0.0,,100.0,2.0,,,,0,cooldown
2026-07-07T20:35:30,forecast_hot_humid_bursty_r2,forecast,hot_humid,bursty,2,36.261,35.961,35.761,33.261,25.0,45.0,0.0,,100.0,2.0,,,,0,cooldown
2026-07-07T20:35:30,forecast_hot_humid_bursty_r2,forecast,hot_humid,bursty,2,36.252,35.952,35.752,33.252,25.0,45.0,0.0,,100.0,2.0,,,,0,cooldown
2026-07-07T20:35:30,forecast_hot_humid_bursty_r2,forecast,hot_humid,bursty,2,36.243,35.943,35.743,33.243,25.0,45.0,0.0,,100.0,2.0,,,,0,cooldown
2026-07-07T20:35:30,forecast_hot_humid_bursty_r2,forecast,hot_humid,bursty,2,36.234,35.934,35.734,33.234,25.0,45.0,0.0,,100.0,2.0,,,,0,cooldown
2026-07-07T20:35:30,forecast_hot_humid_bursty_r2,forecast,hot_humid,bursty,2,36.225,35.925,35.725,33.225,25.0,45.0,0.0,,100.0,2.0,,,,0,cooldown
2026-07-07T20:35:30,forecast_hot_humid_bursty_r2,forecast,hot_humid,bursty,2,36.216,35.916,35.716,33.216,25.0,45.0,0.0,,100.0,2.0,,,,0,cooldown
2026-07-07T20:35:30,forecast_hot_humid_bursty_r2,forecast,hot_humid,bursty,2,36.207,35.907,35.707,33.207,25.0,45.0,0.0,,100.0,2.0,,,,0,cooldown
2026-07-07T20:35:30,forecast_hot_humid_bursty_r2,forecast,hot_humid,bursty,2,36.198,35.898,35.698,33.198,25.0,45.0,0.0,,100.0,2.0,,,,0,cooldown
2026-07-07T20:35:30,forecast_hot_humid_bursty_r2,forecast,hot_humid,bursty,2,36.19,35.89,35.69,33.19,25.0,45.0,0.0,,100.0,2.0,,,,0,cooldown
2026-07-07T20:35:30,forecast_hot_humid_bursty_r2,forecast,hot_humid,bursty,2,36.181,35.881,35.681,33.181,25.0,45.0,0.0,,100.0,2.0,,,,0,cooldown
2026-07-07T20:35:30,forecast_hot_humid_bursty_r2,forecast,hot_humid,bursty,2,36.172,35.872,35.672,33.172,25.0,45.0,0.0,,100.0,2.0,,,,0,cooldown
2026-07-07T20:35:30,forecast_hot_humid_bursty_r2,forecast,hot_humid,bursty,2,36.163,35.863,35.663,33.163,25.0,45.0,0.0,,100.0,2.0,,,,0,cooldown
2026-07-07T20:35:30,forecast_hot_humid_bursty_r2,forecast,hot_humid,bursty,2,36.154,35.854,35.654,33.154,25.0,45.0,0.0,,100.0,2.0,,,,0,cooldown
2026-07-07T20:35:30,forecast_hot_humid_bursty_r2,forecast,hot_humid,bursty,2,36.146,35.846,35.646,33.146,25.0,45.0,0.0,,100.0,2.0,,,,0,cooldown
2026-07-07T20:35:30,forecast_hot_humid_bursty_r2,forecast,hot_humid,bursty,2,36.137,35.837,35.637,33.137,25.0,45.0,0.0,,100.0,2.0,,,,0,cooldown
2026-07-07T20:35:30,forecast_hot_humid_bursty_r2,forecast,hot_humid,bursty,2,36.128,35.828,35.628,33.128,25.0,45.0,0.0,,100.0,2.0,,,,0,cooldown
2026-07-07T20:35:30,forecast_hot_humid_bursty_r2,forecast,hot_humid,bursty,2,36.119,35.819,35.619,33.119,25.0,45.0,0.0,,100.0,2.0,,,,0,cooldown
2026-07-07T20:35:30,forecast_hot_humid_bursty_r2,forecast,hot_humid,bursty,2,36.11,35.81,35.61,33.11,25.0,45.0,0.0,,100.0,2.0,,,,0,cooldown
2026-07-07T20:35:30,forecast_hot_humid_bursty_r2,forecast,hot_humid,bursty,2,36.102,35.802,35.602,33.102,25.0,45.0,0.0,,100.0,2.0,,,,0,cooldown
2026-07-07T20:35:30,forecast_hot_humid_bursty_r2,forecast,hot_humid,bursty,2,36.093,35.793,35.593,33.093,25.0,45.0,0.0,,100.0,2.0,,,,0,cooldown
2026-07-07T20:35:30,forecast_hot_humid_bursty_r2,forecast,hot_humid,bursty,2,36.084,35.784,35.584,33.084,25.0,45.0,0.0,,100.0,2.0,,,,0,cooldown
2026-07-07T20:35:30,forecast_hot_humid_bursty_r2,forecast,hot_humid,bursty,2,36.075,35.775,35.575,33.075,25.0,45.0,0.0,,100.0,2.0,,,,0,cooldown
2026-07-07T20:35:30,forecast_hot_humid_bursty_r2,forecast,hot_humid,bursty,2,36.067,35.767,35.567,33.067,25.0,45.0,0.0,,100.0,2.0,,,,0,cooldown
2026-07-07T20:35:30,forecast_hot_humid_bursty_r2,forecast,hot_humid,bursty,2,36.058,35.758,35.558,33.058,25.0,45.0,0.0,,100.0,2.0,,,,0,cooldown
2026-07-07T20:35:30,forecast_hot_humid_bursty_r2,forecast,hot_humid,bursty,2,36.049,35.749,35.549,33.049,25.0,45.0,0.0,,100.0,2.0,,,,0,cooldown
2026-07-07T20:35:30,forecast_hot_humid_bursty_r2,forecast,hot_humid,bursty,2,36.04,35.74,35.54,33.04,25.0,45.0,0.0,,100.0,2.0,,,,0,cooldown
2026-07-07T20:35:30,forecast_hot_humid_bursty_r2,forecast,hot_humid,bursty,2,36.032,35.732,35.532,33.032,25.0,45.0,0.0,,100.0,2.0,,,,0,cooldown
2026-07-07T20:35:30,forecast_hot_humid_bursty_r2,forecast,hot_humid,bursty,2,36.023,35.723,35.523,33.023,25.0,45.0,0.0,,100.0,2.0,,,,0,cooldown
2026-07-07T20:35:30,forecast_hot_humid_bursty_r2,forecast,hot_humid,bursty,2,36.014,35.714,35.514,33.014,25.0,45.0,0.0,,100.0,2.0,,,,0,cooldown
2026-07-07T20:35:30,forecast_hot_humid_bursty_r2,forecast,hot_humid,bursty,2,36.006,35.706,35.506,33.006,25.0,45.0,0.0,,100.0,2.0,,,,0,cooldown
2026-07-07T20:35:30,forecast_hot_humid_bursty_r2,forecast,hot_humid,bursty,2,35.997,35.697,35.497,32.997,25.0,45.0,0.0,,100.0,2.0,,,,0,cooldown
2026-07-07T20:35:30,forecast_hot_humid_bursty_r2,forecast,hot_humid,bursty,2,35.988,35.688,35.488,32.988,25.0,45.0,0.0,,100.0,2.0,,,,0,cooldown
2026-07-07T20:35:30,forecast_hot_humid_bursty_r2,forecast,hot_humid,bursty,2,35.98,35.68,35.48,32.98,25.0,45.0,0.0,,100.0,2.0,,,,0,cooldown
2026-07-07T20:35:30,forecast_hot_humid_bursty_r2,forecast,hot_humid,bursty,2,35.971,35.671,35.471,32.971,25.0,45.0,0.0,,100.0,2.0,,,,0,cooldown
2026-07-07T20:35:30,forecast_hot_humid_bursty_r2,forecast,hot_humid,bursty,2,35.962,35.662,35.462,32.962,25.0,45.0,0.0,,100.0,2.0,,,,0,cooldown
2026-07-07T20:35:30,forecast_hot_humid_bursty_r2,forecast,hot_humid,bursty,2,35.954,35.654,35.454,32.954,25.0,45.0,0.0,,100.0,2.0,,,,0,cooldown
2026-07-07T20:35:30,forecast_hot_humid_bursty_r2,forecast,hot_humid,bursty,2,35.945,35.645,35.445,32.945,25.0,45.0,0.0,,100.0,2.0,,,,0,cooldown
2026-07-07T20:35:30,forecast_hot_humid_bursty_r2,forecast,hot_humid,bursty,2,35.936,35.636,35.436,32.936,25.0,45.0,0.0,,100.0,2.0,,,,0,cooldown
2026-07-07T20:35:30,forecast_hot_humid_bursty_r2,forecast,hot_humid,bursty,2,35.928,35.628,35.428,32.928,25.0,45.0,0.0,,100.0,2.0,,,,0,cooldown
2026-07-07T20:35:30,forecast_hot_humid_bursty_r2,forecast,hot_humid,bursty,2,35.919,35.619,35.419,32.919,25.0,45.0,0.0,,100.0,2.0,,,,0,cooldown
2026-07-07T20:35:30,forecast_hot_humid_bursty_r2,forecast,hot_humid,bursty,2,35.91,35.61,35.41,32.91,25.0,45.0,0.0,,100.0,2.0,,,,0,cooldown
2026-07-07T20:35:30,forecast_hot_humid_bursty_r2,forecast,hot_humid,bursty,2,35.902,35.602,35.402,32.902,25.0,45.0,0.0,,100.0,2.0,,,,0,cooldown
2026-07-07T20:35:30,forecast_hot_humid_bursty_r2,forecast,hot_humid,bursty,2,35.893,35.593,35.393,32.893,25.0,45.0,0.0,,100.0,2.0,,,,0,cooldown
2026-07-07T20:35:30,forecast_hot_humid_bursty_r2,forecast,hot_humid,bursty,2,35.885,35.585,35.385,32.885,25.0,45.0,0.0,,100.0,2.0,,,,0,cooldown
2026-07-07T20:35:30,forecast_hot_humid_bursty_r2,forecast,hot_humid,bursty,2,35.876,35.576,35.376,32.876,25.0,45.0,0.0,,100.0,2.0,,,,0,cooldown
2026-07-07T20:35:30,forecast_hot_humid_bursty_r2,forecast,hot_humid,bursty,2,35.867,35.567,35.367,32.867,25.0,45.0,0.0,,100.0,2.0,,,,0,cooldown
2026-07-07T20:35:30,forecast_hot_humid_bursty_r2,forecast,hot_humid,bursty,2,35.859,35.559,35.359,32.859,25.0,45.0,0.0,,100.0,2.0,,,,0,cooldown
2026-07-07T20:35:30,forecast_hot_humid_bursty_r2,forecast,hot_humid,bursty,2,35.85,35.55,35.35,32.85,25.0,45.0,0.0,,100.0,2.0,,,,0,cooldown
2026-07-07T20:35:30,forecast_hot_humid_bursty_r2,forecast,hot_humid,bursty,2,35.842,35.542,35.342,32.842,25.0,45.0,0.0,,100.0,2.0,,,,0,cooldown
2026-07-07T20:35:30,forecast_hot_humid_bursty_r2,forecast,hot_humid,bursty,2,35.833,35.533,35.333,32.833,25.0,45.0,0.0,,100.0,2.0,,,,0,cooldown
2026-07-07T20:35:30,forecast_hot_humid_bursty_r2,forecast,hot_humid,bursty,2,35.825,35.525,35.325,32.825,25.0,45.0,0.0,,100.0,2.0,,,,0,cooldown
2026-07-07T20:35:30,forecast_hot_humid_bursty_r2,forecast,hot_humid,bursty,2,35.816,35.516,35.316,32.816,25.0,45.0,0.0,,100.0,2.0,,,,0,cooldown
2026-07-07T20:35:30,forecast_hot_humid_bursty_r2,forecast,hot_humid,bursty,2,35.807,35.507,35.307,32.807,25.0,45.0,0.0,,100.0,2.0,,,,0,cooldown
2026-07-07T20:35:30,forecast_hot_humid_bursty_r2,forecast,hot_humid,bursty,2,35.799,35.499,35.299,32.799,25.0,45.0,0.0,,100.0,2.0,,,,0,cooldown
2026-07-07T20:35:30,forecast_hot_humid_bursty_r2,forecast,hot_humid,bursty,2,35.79,35.49,35.29,32.79,25.0,45.0,0.0,,100.0,2.0,,,,0,cooldown
2026-07-07T20:35:30,forecast_hot_humid_bursty_r2,forecast,hot_humid,bursty,2,35.782,35.482,35.282,32.782,25.0,45.0,0.0,,100.0,2.0,,,,0,cooldown
2026-07-07T20:35:30,forecast_hot_humid_bursty_r2,forecast,hot_humid,bursty,2,35.773,35.473,35.273,32.773,25.0,45.0,0.0,,100.0,2.0,,,,0,cooldown
2026-07-07T20:35:30,forecast_hot_humid_bursty_r2,forecast,hot_humid,bursty,2,35.765,35.465,35.265,32.765,25.0,45.0,0.0,,100.0,2.0,,,,0,cooldown
2026-07-07T20:35:30,forecast_hot_humid_bursty_r2,forecast,hot_humid,bursty,2,35.756,35.456,35.256,32.756,25.0,45.0,0.0,,100.0,2.0,,,,0,cooldown
2026-07-07T20:35:30,forecast_hot_humid_bursty_r2,forecast,hot_humid,bursty,2,35.748,35.448,35.248,32.748,25.0,45.0,0.0,,100.0,2.0,,,,0,cooldown
2026-07-07T20:35:30,forecast_hot_humid_bursty_r2,forecast,hot_humid,bursty,2,35.739,35.439,35.239,32.739,25.0,45.0,0.0,,100.0,2.0,,,,0,cooldown
2026-07-07T20:35:30,forecast_hot_humid_bursty_r2,forecast,hot_humid,bursty,2,35.731,35.431,35.231,32.731,25.0,45.0,0.0,,100.0,2.0,,,,0,cooldown
2026-07-07T20:35:30,forecast_hot_humid_bursty_r2,forecast,hot_humid,bursty,2,35.722,35.422,35.222,32.722,25.0,45.0,0.0,,100.0,2.0,,,,0,cooldown
2026-07-07T20:35:30,forecast_hot_humid_bursty_r2,forecast,hot_humid,bursty,2,35.714,35.414,35.214,32.714,25.0,45.0,0.0,,100.0,2.0,,,,0,cooldown
2026-07-07T20:35:30,forecast_hot_humid_bursty_r2,forecast,hot_humid,bursty,2,35.706,35.406,35.206,32.706,25.0,45.0,0.0,,100.0,2.0,,,,0,cooldown
2026-07-07T20:35:30,forecast_hot_humid_bursty_r2,forecast,hot_humid,bursty,2,35.697,35.397,35.197,32.697,25.0,45.0,0.0,,100.0,2.0,,,,0,cooldown
2026-07-07T20:35:30,forecast_hot_humid_bursty_r2,forecast,hot_humid,bursty,2,35.689,35.389,35.189,32.689,25.0,45.0,0.0,,100.0,2.0,,,,0,cooldown
2026-07-07T20:35:30,forecast_hot_humid_bursty_r2,forecast,hot_humid,bursty,2,35.68,35.38,35.18,32.68,25.0,45.0,0.0,,100.0,2.0,,,,0,cooldown
2026-07-07T20:35:30,forecast_hot_humid_bursty_r2,forecast,hot_humid,bursty,2,35.672,35.372,35.172,32.672,25.0,45.0,0.0,,100.0,2.0,,,,0,cooldown
2026-07-07T20:35:30,forecast_hot_humid_bursty_r2,forecast,hot_humid,bursty,2,35.663,35.363,35.163,32.663,25.0,45.0,0.0,,100.0,2.0,,,,0,cooldown
2026-07-07T20:35:30,forecast_hot_humid_bursty_r2,forecast,hot_humid,bursty,2,35.655,35.355,35.155,32.655,25.0,45.0,0.0,,100.0,2.0,,,,0,cooldown
2026-07-07T20:35:30,forecast_hot_humid_bursty_r2,forecast,hot_humid,bursty,2,35.646,35.346,35.146,32.646,25.0,45.0,0.0,,100.0,2.0,,,,0,cooldown
2026-07-07T20:35:30,forecast_hot_humid_bursty_r2,forecast,hot_humid,bursty,2,35.638,35.338,35.138,32.638,25.0,45.0,0.0,,100.0,2.0,,,,0,cooldown
2026-07-07T20:35:30,forecast_hot_humid_bursty_r2,forecast,hot_humid,bursty,2,35.63,35.33,35.13,32.63,25.0,45.0,0.0,,100.0,2.0,,,,0,cooldown
2026-07-07T20:35:30,forecast_hot_humid_bursty_r2,forecast,hot_humid,bursty,2,35.621,35.321,35.121,32.621,25.0,45.0,0.0,,100.0,2.0,,,,0,cooldown
2026-07-07T20:35:30,forecast_hot_humid_bursty_r2,forecast,hot_humid,bursty,2,35.613,35.313,35.113,32.613,25.0,45.0,0.0,,100.0,2.0,,,,0,cooldown
2026-07-07T20:35:30,forecast_hot_humid_bursty_r2,forecast,hot_humid,bursty,2,35.605,35.305,35.105,32.605,25.0,45.0,0.0,,100.0,2.0,,,,0,cooldown
2026-07-07T20:35:30,forecast_hot_humid_bursty_r2,forecast,hot_humid,bursty,2,35.596,35.296,35.096,32.596,25.0,45.0,0.0,,100.0,2.0,,,,0,cooldown
2026-07-07T20:35:30,forecast_hot_humid_bursty_r2,forecast,hot_humid,bursty,2,35.588,35.288,35.088,32.588,25.0,45.0,0.0,,100.0,2.0,,,,0,cooldown
2026-07-07T20:35:30,forecast_hot_humid_bursty_r2,forecast,hot_humid,bursty,2,35.579,35.279,35.079,32.579,25.0,45.0,0.0,,100.0,2.0,,,,0,cooldown
2026-07-07T20:35:30,forecast_hot_humid_bursty_r2,forecast,hot_humid,bursty,2,35.571,35.271,35.071,32.571,25.0,45.0,0.0,,100.0,2.0,,,,0,cooldown
2026-07-07T20:35:30,forecast_hot_humid_bursty_r2,forecast,hot_humid,bursty,2,35.563,35.263,35.063,32.563,25.0,45.0,0.0,,100.0,2.0,,,,0,cooldown
2026-07-07T20:35:30,forecast_hot_humid_bursty_r2,forecast,hot_humid,bursty,2,35.554,35.254,35.054,32.554,25.0,45.0,0.0,,100.0,2.0,,,,0,cooldown
2026-07-07T20:35:30,forecast_hot_humid_bursty_r2,forecast,hot_humid,bursty,2,35.546,35.246,35.046,32.546,25.0,45.0,0.0,,100.0,2.0,,,,0,cooldown
2026-07-07T20:35:30,forecast_hot_humid_bursty_r2,forecast,hot_humid,bursty,2,35.538,35.238,35.038,32.538,25.0,45.0,0.0,,100.0,2.0,,,,0,cooldown
2026-07-07T20:35:30,forecast_hot_humid_bursty_r2,forecast,hot_humid,bursty,2,35.529,35.229,35.029,32.529,25.0,45.0,0.0,,100.0,2.0,,,,0,cooldown
2026-07-07T20:35:30,forecast_hot_humid_bursty_r2,forecast,hot_humid,bursty,2,35.521,35.221,35.021,32.521,25.0,45.0,0.0,,100.0,2.0,,,,0,cooldown
2026-07-07T20:35:30,forecast_hot_humid_bursty_r2,forecast,hot_humid,bursty,2,35.513,35.213,35.013,32.513,25.0,45.0,0.0,,100.0,2.0,,,,0,cooldown
2026-07-07T20:35:30,forecast_hot_humid_bursty_r2,forecast,hot_humid,bursty,2,35.505,35.205,35.005,32.505,25.0,45.0,0.0,,100.0,2.0,,,,0,cooldown
2026-07-07T20:35:30,forecast_hot_humid_bursty_r2,forecast,hot_humid,bursty,2,35.496,35.196,34.996,32.496,25.0,45.0,0.0,,100.0,2.0,,,,0,cooldown
2026-07-07T20:35:30,forecast_hot_humid_bursty_r2,forecast,hot_humid,bursty,2,35.488,35.188,34.988,32.488,25.0,45.0,0.0,,100.0,2.0,,,,0,cooldown
2026-07-07T20:35:30,forecast_hot_humid_bursty_r2,forecast,hot_humid,bursty,2,35.48,35.18,34.98,32.48,25.0,45.0,0.0,,100.0,2.0,,,,0,cooldown
2026-07-07T20:35:30,forecast_hot_humid_bursty_r2,forecast,hot_humid,bursty,2,35.471,35.171,34.971,32.471,25.0,45.0,0.0,,100.0,2.0,,,,0,cooldown
2026-07-07T20:35:30,forecast_hot_humid_bursty_r2,forecast,hot_humid,bursty,2,35.463,35.163,34.963,32.463,25.0,45.0,0.0,,100.0,2.0,,,,0,cooldown
2026-07-07T20:35:30,forecast_hot_humid_bursty_r2,forecast,hot_humid,bursty,2,35.455,35.155,34.955,32.455,25.0,45.0,0.0,,100.0,2.0,,,,0,cooldown
2026-07-07T20:35:30,forecast_hot_humid_bursty_r2,forecast,hot_humid,bursty,2,35.447,35.147,34.947,32.447,25.0,45.0,0.0,,100.0,2.0,,,,0,cooldown
2026-07-07T20:35:30,forecast_hot_humid_bursty_r2,forecast,hot_humid,bursty,2,35.438,35.138,34.938,32.438,25.0,45.0,0.0,,100.0,2.0,,,,0,cooldown
2026-07-07T20:35:30,forecast_hot_humid_bursty_r2,forecast,hot_humid,bursty,2,35.43,35.13,34.93,32.43,25.0,45.0,0.0,,100.0,2.0,,,,0,cooldown
2026-07-07T20:35:30,forecast_hot_humid_bursty_r2,forecast,hot_humid,bursty,2,35.422,35.122,34.922,32.422,25.0,45.0,0.0,,100.0,2.0,,,,0,cooldown
2026-07-07T20:35:30,forecast_hot_humid_bursty_r2,forecast,hot_humid,bursty,2,35.414,35.114,34.914,32.414,25.0,45.0,0.0,,100.0,2.0,,,,0,cooldown
2026-07-07T20:35:30,forecast_hot_humid_bursty_r2,forecast,hot_humid,bursty,2,35.405,35.105,34.905,32.405,25.0,45.0,0.0,,100.0,2.0,,,,0,cooldown
2026-07-07T20:35:30,forecast_hot_humid_bursty_r2,forecast,hot_humid,bursty,2,35.397,35.097,34.897,32.397,25.0,45.0,0.0,,100.0,2.0,,,,0,cooldown
2026-07-07T20:35:30,forecast_hot_humid_bursty_r2,forecast,hot_humid,bursty,2,35.389,35.089,34.889,32.389,25.0,45.0,0.0,,100.0,2.0,,,,0,cooldown
2026-07-07T20:35:30,forecast_hot_humid_bursty_r2,forecast,hot_humid,bursty,2,35.381,35.081,34.881,32.381,25.0,45.0,0.0,,100.0,2.0,,,,0,cooldown
2026-07-07T20:35:30,forecast_hot_humid_bursty_r2,forecast,hot_humid,bursty,2,35.373,35.073,34.873,32.373,25.0,45.0,0.0,,100.0,2.0,,,,0,cooldown
2026-07-07T20:35:30,forecast_hot_humid_bursty_r2,forecast,hot_humid,bursty,2,35.364,35.064,34.864,32.364,25.0,45.0,0.0,,100.0,2.0,,,,0,cooldown
2026-07-07T20:35:30,forecast_hot_humid_bursty_r2,forecast,hot_humid,bursty,2,35.356,35.056,34.856,32.356,25.0,45.0,0.0,,100.0,2.0,,,,0,cooldown
2026-07-07T20:35:30,forecast_hot_humid_bursty_r2,forecast,hot_humid,bursty,2,35.348,35.048,34.848,32.348,25.0,45.0,0.0,,100.0,2.0,,,,0,cooldown
2026-07-07T20:35:30,forecast_hot_humid_bursty_r2,forecast,hot_humid,bursty,2,35.34,35.04,34.84,32.34,25.0,45.0,0.0,,100.0,2.0,,,,0,cooldown
2026-07-07T20:35:30,forecast_hot_humid_bursty_r2,forecast,hot_humid,bursty,2,35.332,35.032,34.832,32.332,25.0,45.0,0.0,,100.0,2.0,,,,0,cooldown
2026-07-07T20:35:30,forecast_hot_humid_bursty_r2,forecast,hot_humid,bursty,2,35.324,35.024,34.824,32.324,25.0,45.0,0.0,,100.0,2.0,,,,0,cooldown
2026-07-07T20:35:30,forecast_hot_humid_bursty_r2,forecast,hot_humid,bursty,2,35.315,35.015,34.815,32.315,25.0,45.0,0.0,,100.0,2.0,,,,0,cooldown
2026-07-07T20:35:30,forecast_hot_humid_bursty_r2,forecast,hot_humid,bursty,2,35.307,35.007,34.807,32.307,25.0,45.0,0.0,,100.0,2.0,,,,0,cooldown
2026-07-07T20:35:30,forecast_hot_humid_bursty_r2,forecast,hot_humid,bursty,2,35.299,34.999,34.799,32.299,25.0,45.0,0.0,,100.0,2.0,,,,0,cooldown
2026-07-07T20:35:30,forecast_hot_humid_bursty_r2,forecast,hot_humid,bursty,2,35.291,34.991,34.791,32.291,25.0,45.0,0.0,,100.0,2.0,,,,0,cooldown
2026-07-07T20:35:30,forecast_hot_humid_bursty_r2,forecast,hot_humid,bursty,2,35.283,34.983,34.783,32.283,25.0,45.0,0.0,,100.0,2.0,,,,0,cooldown
2026-07-07T20:35:30,forecast_hot_humid_bursty_r2,forecast,hot_humid,bursty,2,35.275,34.975,34.775,32.275,25.0,45.0,0.0,,100.0,2.0,,,,0,cooldown
2026-07-07T20:35:30,forecast_hot_humid_bursty_r2,forecast,hot_humid,bursty,2,35.267,34.967,34.767,32.267,25.0,45.0,0.0,,100.0,2.0,,,,0,cooldown
2026-07-07T20:35:30,forecast_hot_humid_bursty_r2,forecast,hot_humid,bursty,2,35.259,34.959,34.759,32.259,25.0,45.0,0.0,,100.0,2.0,,,,0,cooldown
2026-07-07T20:35:30,forecast_hot_humid_bursty_r2,forecast,hot_humid,bursty,2,35.25,34.95,34.75,32.25,25.0,45.0,0.0,,100.0,2.0,,,,0,cooldown
2026-07-07T20:35:30,forecast_hot_humid_bursty_r2,forecast,hot_humid,bursty,2,35.242,34.942,34.742,32.242,25.0,45.0,0.0,,100.0,2.0,,,,0,cooldown
2026-07-07T20:35:30,forecast_hot_humid_bursty_r2,forecast,hot_humid,bursty,2,35.234,34.934,34.734,32.234,25.0,45.0,0.0,,100.0,2.0,,,,0,cooldown
2026-07-07T20:35:30,forecast_hot_humid_bursty_r2,forecast,hot_humid,bursty,2,35.226,34.926,34.726,32.226,25.0,45.0,0.0,,100.0,2.0,,,,0,cooldown
2026-07-07T20:35:30,forecast_hot_humid_bursty_r2,forecast,hot_humid,bursty,2,35.218,34.918,34.718,32.218,25.0,45.0,0.0,,100.0,2.0,,,,0,cooldown
2026-07-07T20:35:30,forecast_hot_humid_bursty_r2,forecast,hot_humid,bursty,2,35.21,34.91,34.71,32.21,25.0,45.0,0.0,,100.0,2.0,,,,0,cooldown
2026-07-07T20:35:30,forecast_hot_humid_bursty_r2,forecast,hot_humid,bursty,2,35.202,34.902,34.702,32.202,25.0,45.0,0.0,,100.0,2.0,,,,0,cooldown
2026-07-07T20:35:30,forecast_hot_humid_bursty_r2,forecast,hot_humid,bursty,2,35.194,34.894,34.694,32.194,25.0,45.0,0.0,,100.0,2.0,,,,0,cooldown
2026-07-07T20:35:30,forecast_hot_humid_bursty_r2,forecast,hot_humid,bursty,2,35.186,34.886,34.686,32.186,25.0,45.0,0.0,,100.0,2.0,,,,0,cooldown
2026-07-07T20:35:30,forecast_hot_humid_bursty_r2,forecast,hot_humid,bursty,2,35.178,34.878,34.678,32.178,25.0,45.0,0.0,,100.0,2.0,,,,0,cooldown
2026-07-07T20:35:30,forecast_hot_humid_bursty_r2,forecast,hot_humid,bursty,2,35.17,34.87,34.67,32.17,25.0,45.0,0.0,,100.0,2.0,,,,0,cooldown
2026-07-07T20:35:30,forecast_hot_humid_bursty_r2,forecast,hot_humid,bursty,2,35.162,34.862,34.662,32.162,25.0,45.0,0.0,,100.0,2.0,,,,0,cooldown
2026-07-07T20:35:30,forecast_hot_humid_bursty_r2,forecast,hot_humid,bursty,2,35.154,34.854,34.654,32.154,25.0,45.0,0.0,,100.0,2.0,,,,0,cooldown
2026-07-07T20:35:30,forecast_hot_humid_bursty_r2,forecast,hot_humid,bursty,2,35.146,34.846,34.646,32.146,25.0,45.0,0.0,,100.0,2.0,,,,0,cooldown
2026-07-07T20:35:30,forecast_hot_humid_bursty_r2,forecast,hot_humid,bursty,2,35.138,34.838,34.638,32.138,25.0,45.0,0.0,,100.0,2.0,,,,0,cooldown
2026-07-07T20:35:30,forecast_hot_humid_bursty_r2,forecast,hot_humid,bursty,2,35.13,34.83,34.63,32.13,25.0,45.0,0.0,,100.0,2.0,,,,0,cooldown
2026-07-07T20:35:30,forecast_hot_humid_bursty_r2,forecast,hot_humid,bursty,2,35.122,34.822,34.622,32.122,25.0,45.0,0.0,,100.0,2.0,,,,0,cooldown
2026-07-07T20:35:30,forecast_hot_humid_bursty_r2,forecast,hot_humid,bursty,2,35.114,34.814,34.614,32.114,25.0,45.0,0.0,,100.0,2.0,,,,0,cooldown
2026-07-07T20:35:30,forecast_hot_humid_bursty_r2,forecast,hot_humid,bursty,2,35.106,34.806,34.606,32.106,25.0,45.0,0.0,,100.0,2.0,,,,0,cooldown
2026-07-07T20:35:30,forecast_hot_humid_bursty_r2,forecast,hot_humid,bursty,2,35.098,34.798,34.598,32.098,25.0,45.0,0.0,,100.0,2.0,,,,0,cooldown
2026-07-07T20:35:30,forecast_hot_humid_bursty_r2,forecast,hot_humid,bursty,2,35.09,34.79,34.59,32.09,25.0,45.0,0.0,,100.0,2.0,,,,0,cooldown
2026-07-07T20:35:30,forecast_hot_humid_bursty_r2,forecast,hot_humid,bursty,2,35.082,34.782,34.582,32.082,25.0,45.0,0.0,,100.0,2.0,,,,0,cooldown
2026-07-07T20:35:30,forecast_hot_humid_bursty_r2,forecast,hot_humid,bursty,2,35.074,34.774,34.574,32.074,25.0,45.0,0.0,,100.0,2.0,,,,0,cooldown
2026-07-07T20:35:30,forecast_hot_humid_bursty_r2,forecast,hot_humid,bursty,2,35.066,34.766,34.566,32.066,25.0,45.0,0.0,,100.0,2.0,,,,0,cooldown
2026-07-07T20:35:30,forecast_hot_humid_bursty_r2,forecast,hot_humid,bursty,2,35.058,34.758,34.558,32.058,25.0,45.0,0.0,,100.0,2.0,,,,0,cooldown
2026-07-07T20:35:30,forecast_hot_humid_bursty_r2,forecast,hot_humid,bursty,2,35.05,34.75,34.55,32.05,25.0,45.0,0.0,,100.0,2.0,,,,0,cooldown
2026-07-07T20:35:30,forecast_hot_humid_bursty_r2,forecast,hot_humid,bursty,2,35.042,34.742,34.542,32.042,25.0,45.0,0.0,,100.0,2.0,,,,0,cooldown
2026-07-07T20:35:30,forecast_hot_humid_bursty_r2,forecast,hot_humid,bursty,2,35.034,34.734,34.534,32.034,25.0,45.0,0.0,,100.0,2.0,,,,0,cooldown
2026-07-07T20:35:30,forecast_hot_humid_bursty_r2,forecast,hot_humid,bursty,2,35.026,34.726,34.526,32.026,25.0,45.0,0.0,,100.0,2.0,,,,0,cooldown
2026-07-07T20:35:30,forecast_hot_humid_bursty_r2,forecast,hot_humid,bursty,2,35.018,34.718,34.518,32.018,25.0,45.0,0.0,,100.0,2.0,,,,0,cooldown
2026-07-07T20:35:30,forecast_hot_humid_bursty_r2,forecast,hot_humid,bursty,2,35.01,34.71,34.51,32.01,25.0,45.0,0.0,,100.0,2.0,,,,0,cooldown
2026-07-07T20:35:30,forecast_hot_humid_bursty_r2,forecast,hot_humid,bursty,2,35.003,34.703,34.503,32.003,25.0,45.0,0.0,,100.0,2.0,,,,0,cooldown
2026-07-07T20:35:30,forecast_hot_humid_bursty_r2,forecast,hot_humid,bursty,2,34.995,34.695,34.495,31.995,25.0,45.0,0.0,,100.0,2.0,,,,0,cooldown
2026-07-07T20:35:30,forecast_hot_humid_bursty_r2,forecast,hot_humid,bursty,2,34.987,34.687,34.487,31.987,25.0,45.0,0.0,,100.0,2.0,,,,0,cooldown
2026-07-07T20:35:30,forecast_hot_humid_bursty_r2,forecast,hot_humid,bursty,2,34.979,34.679,34.479,31.979,25.0,45.0,0.0,,100.0,2.0,,,,0,cooldown
2026-07-07T20:35:30,forecast_hot_humid_bursty_r2,forecast,hot_humid,bursty,2,34.971,34.671,34.471,31.971,25.0,45.0,0.0,,100.0,2.0,,,,0,cooldown
2026-07-07T20:35:30,forecast_hot_humid_bursty_r2,forecast,hot_humid,bursty,2,34.963,34.663,34.463,31.963,25.0,45.0,0.0,,100.0,2.0,,,,0,cooldown
2026-07-07T20:35:30,forecast_hot_humid_bursty_r2,forecast,hot_humid,bursty,2,34.955,34.655,34.455,31.955,25.0,45.0,0.0,,100.0,2.0,,,,0,cooldown
2026-07-07T20:35:30,forecast_hot_humid_bursty_r2,forecast,hot_humid,bursty,2,34.947,34.647,34.447,31.947,25.0,45.0,0.0,,100.0,2.0,,,,0,cooldown
2026-07-07T20:35:30,forecast_hot_humid_bursty_r2,forecast,hot_humid,bursty,2,34.94,34.64,34.44,31.94,25.0,45.0,0.0,,100.0,2.0,,,,0,cooldown
2026-07-07T20:35:30,forecast_hot_humid_bursty_r2,forecast,hot_humid,bursty,2,34.932,34.632,34.432,31.932,25.0,45.0,0.0,,100.0,2.0,,,,0,cooldown
2026-07-07T20:35:30,forecast_hot_humid_bursty_r2,forecast,hot_humid,bursty,2,34.924,34.624,34.424,31.924,25.0,45.0,0.0,,100.0,2.0,,,,0,cooldown
2026-07-07T20:35:30,forecast_hot_humid_bursty_r2,forecast,hot_humid,bursty,2,34.916,34.616,34.416,31.916,25.0,45.0,0.0,,100.0,2.0,,,,0,cooldown
2026-07-07T20:35:30,forecast_hot_humid_bursty_r2,forecast,hot_humid,bursty,2,34.908,34.608,34.408,31.908,25.0,45.0,0.0,,100.0,2.0,,,,0,cooldown
2026-07-07T20:35:30,forecast_hot_humid_bursty_r2,forecast,hot_humid,bursty,2,34.9,34.6,34.4,31.9,25.0,45.0,0.0,,100.0,2.0,,,,0,cooldown
2026-07-07T20:35:30,forecast_hot_humid_bursty_r2,forecast,hot_humid,bursty,2,34.893,34.593,34.393,31.893,25.0,45.0,0.0,,100.0,2.0,,,,0,cooldown
2026-07-07T20:35:30,forecast_hot_humid_bursty_r2,forecast,hot_humid,bursty,2,34.885,34.585,34.385,31.885,25.0,45.0,0.0,,100.0,2.0,,,,0,cooldown
2026-07-07T20:35:30,forecast_hot_humid_bursty_r2,forecast,hot_humid,bursty,2,34.877,34.577,34.377,31.877,25.0,45.0,0.0,,100.0,2.0,,,,0,cooldown
2026-07-07T20:35:30,forecast_hot_humid_bursty_r2,forecast,hot_humid,bursty,2,34.869,34.569,34.369,31.869,25.0,45.0,0.0,,100.0,2.0,,,,0,cooldown
2026-07-07T20:35:30,forecast_hot_humid_bursty_r2,forecast,hot_humid,bursty,2,34.861,34.561,34.361,31.861,25.0,45.0,0.0,,100.0,2.0,,,,0,cooldown
2026-07-07T20:35:30,forecast_hot_humid_bursty_r2,forecast,hot_humid,bursty,2,34.854,34.554,34.354,31.854,25.0,45.0,0.0,,100.0,2.0,,,,0,cooldown
2026-07-07T20:35:30,forecast_hot_humid_bursty_r2,forecast,hot_humid,bursty,2,34.846,34.546,34.346,31.846,25.0,45.0,0.0,,100.0,2.0,,,,0,cooldown
2026-07-07T20:35:30,forecast_hot_humid_bursty_r2,forecast,hot_humid,bursty,2,34.838,34.538,34.338,31.838,25.0,45.0,0.0,,100.0,2.0,,,,0,cooldown
2026-07-07T20:35:30,forecast_hot_humid_bursty_r2,forecast,hot_humid,bursty,2,34.83,34.53,34.33,31.83,25.0,45.0,0.0,,100.0,2.0,,,,0,cooldown
2026-07-07T20:35:30,forecast_hot_humid_bursty_r2,forecast,hot_humid,bursty,2,34.822,34.522,34.322,31.822,25.0,45.0,0.0,,100.0,2.0,,,,0,cooldown
2026-07-07T20:35:30,forecast_hot_humid_bursty_r2,forecast,hot_humid,bursty,2,34.815,34.515,34.315,31.815,25.0,45.0,0.0,,100.0,2.0,,,,0,cooldown
2026-07-07T20:35:30,forecast_hot_humid_bursty_r2,forecast,hot_humid,bursty,2,34.807,34.507,34.307,31.807,25.0,45.0,0.0,,100.0,2.0,,,,0,cooldown
2026-07-07T20:35:30,forecast_hot_humid_bursty_r2,forecast,hot_humid,bursty,2,34.799,34.499,34.299,31.799,25.0,45.0,0.0,,100.0,2.0,,,,0,cooldown
2026-07-07T20:35:30,forecast_hot_humid_bursty_r2,forecast,hot_humid,bursty,2,34.791,34.491,34.291,31.791,25.0,45.0,0.0,,100.0,2.0,,,,0,cooldown
2026-07-07T20:35:30,forecast_hot_humid_bursty_r2,forecast,hot_humid,bursty,2,34.784,34.484,34.284,31.784,25.0,45.0,0.0,,100.0,2.0,,,,0,cooldown
2026-07-07T20:35:30,forecast_hot_humid_bursty_r2,forecast,hot_humid,bursty,2,34.776,34.476,34.276,31.776,25.0,45.0,0.0,,100.0,2.0,,,,0,cooldown
2026-07-07T20:35:30,forecast_hot_humid_bursty_r2,forecast,hot_humid,bursty,2,34.768,34.468,34.268,31.768,25.0,45.0,0.0,,100.0,2.0,,,,0,cooldown
2026-07-07T20:35:30,forecast_hot_humid_bursty_r2,forecast,hot_humid,bursty,2,34.761,34.461,34.261,31.761,25.0,45.0,0.0,,100.0,2.0,,,,0,cooldown
2026-07-07T20:35:30,forecast_hot_humid_bursty_r2,forecast,hot_humid,bursty,2,34.753,34.453,34.253,31.753,25.0,45.0,0.0,,100.0,2.0,,,,0,cooldown
2026-07-07T20:35:30,forecast_hot_humid_bursty_r2,forecast,hot_humid,bursty,2,34.745,34.445,34.245,31.745,25.0,45.0,0.0,,100.0,2.0,,,,0,cooldown
2026-07-07T20:35:30,forecast_hot_humid_bursty_r2,forecast,hot_humid,bursty,2,34.738,34.438,34.238,31.738,25.0,45.0,0.0,,100.0,2.0,,,,0,cooldown
2026-07-07T20:35:30,forecast_hot_humid_bursty_r2,forecast,hot_humid,bursty,2,34.73,34.43,34.23,31.73,25.0,45.0,0.0,,100.0,2.0,,,,0,cooldown
2026-07-07T20:35:30,forecast_hot_humid_bursty_r2,forecast,hot_humid,bursty,2,34.722,34.422,34.222,31.722,25.0,45.0,0.0,,100.0,2.0,,,,0,cooldown
2026-07-07T20:35:30,forecast_hot_humid_bursty_r2,forecast,hot_humid,bursty,2,34.714,34.414,34.214,31.714,25.0,45.0,0.0,,100.0,2.0,,,,0,cooldown
2026-07-07T20:35:30,forecast_hot_humid_bursty_r2,forecast,hot_humid,bursty,2,34.707,34.407,34.207,31.707,25.0,45.0,0.0,,100.0,2.0,,,,0,cooldown
2026-07-07T20:35:30,forecast_hot_humid_bursty_r2,forecast,hot_humid,bursty,2,34.699,34.399,34.199,31.699,25.0,45.0,0.0,,100.0,2.0,,,,0,cooldown
2026-07-07T20:35:30,forecast_hot_humid_bursty_r2,forecast,hot_humid,bursty,2,34.691,34.391,34.191,31.691,25.0,45.0,0.0,,100.0,2.0,,,,0,cooldown
2026-07-07T20:35:30,forecast_hot_humid_bursty_r2,forecast,hot_humid,bursty,2,34.684,34.384,34.184,31.684,25.0,45.0,0.0,,100.0,2.0,,,,0,cooldown
2026-07-07T20:35:30,forecast_hot_humid_bursty_r2,forecast,hot_humid,bursty,2,34.676,34.376,34.176,31.676,25.0,45.0,0.0,,100.0,2.0,,,,0,cooldown
2026-07-07T20:35:30,forecast_hot_humid_bursty_r2,forecast,hot_humid,bursty,2,34.669,34.369,34.169,31.669,25.0,45.0,0.0,,100.0,2.0,,,,0,cooldown
2026-07-07T20:35:30,forecast_hot_humid_bursty_r2,forecast,hot_humid,bursty,2,34.661,34.361,34.161,31.661,25.0,45.0,0.0,,100.0,2.0,,,,0,cooldown
2026-07-07T20:35:30,forecast_hot_humid_bursty_r2,forecast,hot_humid,bursty,2,34.653,34.353,34.153,31.653,25.0,45.0,0.0,,100.0,2.0,,,,0,cooldown
2026-07-07T20:35:30,forecast_hot_humid_bursty_r2,forecast,hot_humid,bursty,2,34.646,34.346,34.146,31.646,25.0,45.0,0.0,,100.0,2.0,,,,0,cooldown
2026-07-07T20:35:30,forecast_hot_humid_bursty_r2,forecast,hot_humid,bursty,2,34.638,34.338,34.138,31.638,25.0,45.0,0.0,,100.0,2.0,,,,0,cooldown
2026-07-07T20:35:30,forecast_hot_humid_bursty_r2,forecast,hot_humid,bursty,2,34.63,34.33,34.13,31.63,25.0,45.0,0.0,,100.0,2.0,,,,0,cooldown
2026-07-07T20:35:30,forecast_hot_humid_bursty_r2,forecast,hot_humid,bursty,2,34.623,34.323,34.123,31.623,25.0,45.0,0.0,,100.0,2.0,,,,0,cooldown
2026-07-07T20:35:30,forecast_hot_humid_bursty_r2,forecast,hot_humid,bursty,2,34.615,34.315,34.115,31.615,25.0,45.0,0.0,,100.0,2.0,,,,0,cooldown
2026-07-07T20:35:30,forecast_hot_humid_bursty_r2,forecast,hot_humid,bursty,2,34.608,34.308,34.108,31.608,25.0,45.0,0.0,,100.0,2.0,,,,0,cooldown
2026-07-07T20:35:30,forecast_hot_humid_bursty_r2,forecast,hot_humid,bursty,2,34.6,34.3,34.1,31.6,25.0,45.0,0.0,,100.0,2.0,,,,0,cooldown
2026-07-07T20:35:30,forecast_hot_humid_bursty_r2,forecast,hot_humid,bursty,2,34.592,34.292,34.092,31.592,25.0,45.0,0.0,,100.0,2.0,,,,0,cooldown
2026-07-07T20:35:30,forecast_hot_humid_bursty_r2,forecast,hot_humid,bursty,2,34.585,34.285,34.085,31.585,25.0,45.0,0.0,,100.0,2.0,,,,0,cooldown
2026-07-07T20:35:30,forecast_hot_humid_bursty_r2,forecast,hot_humid,bursty,2,34.577,34.277,34.077,31.577,25.0,45.0,0.0,,100.0,2.0,,,,0,cooldown
2026-07-07T20:35:30,forecast_hot_humid_bursty_r2,forecast,hot_humid,bursty,2,34.57,34.27,34.07,31.57,25.0,45.0,0.0,,100.0,2.0,,,,0,cooldown
2026-07-07T20:35:30,forecast_hot_humid_bursty_r2,forecast,hot_humid,bursty,2,34.562,34.262,34.062,31.562,25.0,45.0,0.0,,100.0,2.0,,,,0,cooldown
2026-07-07T20:35:30,forecast_hot_humid_bursty_r2,forecast,hot_humid,bursty,2,34.555,34.255,34.055,31.555,25.0,45.0,0.0,,100.0,2.0,,,,0,cooldown
2026-07-07T20:35:30,forecast_hot_humid_bursty_r2,forecast,hot_humid,bursty,2,34.547,34.247,34.047,31.547,25.0,45.0,0.0,,100.0,2.0,,,,0,cooldown
2026-07-07T20:35:30,forecast_hot_humid_bursty_r2,forecast,hot_humid,bursty,2,34.54,34.24,34.04,31.54,25.0,45.0,0.0,,100.0,2.0,,,,0,cooldown
2026-07-07T20:35:30,forecast_hot_humid_bursty_r2,forecast,hot_humid,bursty,2,34.532,34.232,34.032,31.532,25.0,45.0,0.0,,100.0,2.0,,,,0,cooldown
2026-07-07T20:35:30,forecast_hot_humid_bursty_r2,forecast,hot_humid,bursty,2,34.525,34.225,34.025,31.525,25.0,45.0,0.0,,100.0,2.0,,,,0,cooldown
2026-07-07T20:35:30,forecast_hot_humid_bursty_r2,forecast,hot_humid,bursty,2,34.517,34.217,34.017,31.517,25.0,45.0,0.0,,100.0,2.0,,,,0,cooldown
2026-07-07T20:35:30,forecast_hot_humid_bursty_r2,forecast,hot_humid,bursty,2,34.51,34.21,34.01,31.51,25.0,45.0,0.0,,100.0,2.0,,,,0,cooldown
2026-07-07T20:35:30,forecast_hot_humid_bursty_r2,forecast,hot_humid,bursty,2,34.502,34.202,34.002,31.502,25.0,45.0,0.0,,100.0,2.0,,,,0,cooldown
2026-07-07T20:35:30,forecast_hot_humid_bursty_r2,forecast,hot_humid,bursty,2,34.494,34.194,33.994,31.494,25.0,45.0,0.0,,100.0,2.0,,,,0,cooldown
2026-07-07T20:35:30,forecast_hot_humid_bursty_r2,forecast,hot_humid,bursty,2,34.487,34.187,33.987,31.487,25.0,45.0,0.0,,100.0,2.0,,,,0,cooldown
2026-07-07T20:35:30,forecast_hot_humid_bursty_r2,forecast,hot_humid,bursty,2,34.48,34.18,33.98,31.48,25.0,45.0,0.0,,100.0,2.0,,,,0,cooldown
2026-07-07T20:35:30,forecast_hot_humid_bursty_r2,forecast,hot_humid,bursty,2,34.472,34.172,33.972,31.472,25.0,45.0,0.0,,100.0,2.0,,,,0,cooldown
2026-07-07T20:35:30,forecast_hot_humid_bursty_r2,forecast,hot_humid,bursty,2,34.465,34.165,33.965,31.465,25.0,45.0,0.0,,100.0,2.0,,,,0,cooldown
2026-07-07T20:35:30,forecast_hot_humid_bursty_r2,forecast,hot_humid,bursty,2,34.457,34.157,33.957,31.457,25.0,45.0,0.0,,100.0,2.0,,,,0,cooldown
2026-07-07T20:35:30,forecast_hot_humid_bursty_r2,forecast,hot_humid,bursty,2,34.45,34.15,33.95,31.45,25.0,45.0,0.0,,100.0,2.0,,,,0,cooldown
2026-07-07T20:35:30,forecast_hot_humid_bursty_r2,forecast,hot_humid,bursty,2,34.442,34.142,33.942,31.442,25.0,45.0,0.0,,100.0,2.0,,,,0,cooldown
2026-07-07T20:35:30,forecast_hot_humid_bursty_r2,forecast,hot_humid,bursty,2,34.435,34.135,33.935,31.435,25.0,45.0,0.0,,100.0,2.0,,,,0,cooldown
2026-07-07T20:35:30,forecast_hot_humid_bursty_r2,forecast,hot_humid,bursty,2,34.427,34.127,33.927,31.427,25.0,45.0,0.0,,100.0,2.0,,,,0,cooldown
2026-07-07T20:35:30,forecast_hot_humid_bursty_r2,forecast,hot_humid,bursty,2,34.42,34.12,33.92,31.42,25.0,45.0,0.0,,100.0,2.0,,,,0,cooldown
2026-07-07T20:35:30,forecast_hot_humid_bursty_r2,forecast,hot_humid,bursty,2,34.412,34.112,33.912,31.412,25.0,45.0,0.0,,100.0,2.0,,,,0,cooldown
2026-07-07T20:35:30,forecast_hot_humid_bursty_r2,forecast,hot_humid,bursty,2,34.405,34.105,33.905,31.405,25.0,45.0,0.0,,100.0,2.0,,,,0,cooldown
2026-07-07T20:35:30,forecast_hot_humid_bursty_r2,forecast,hot_humid,bursty,2,34.398,34.098,33.898,31.398,25.0,45.0,0.0,,100.0,2.0,,,,0,cooldown
2026-07-07T20:35:30,forecast_hot_humid_bursty_r2,forecast,hot_humid,bursty,2,34.39,34.09,33.89,31.39,25.0,45.0,0.0,,100.0,2.0,,,,0,cooldown
2026-07-07T20:35:30,forecast_hot_humid_bursty_r2,forecast,hot_humid,bursty,2,34.383,34.083,33.883,31.383,25.0,45.0,0.0,,100.0,2.0,,,,0,cooldown
2026-07-07T20:35:30,forecast_hot_humid_bursty_r2,forecast,hot_humid,bursty,2,34.375,34.075,33.875,31.375,25.0,45.0,0.0,,100.0,2.0,,,,0,cooldown
2026-07-07T20:35:30,forecast_hot_humid_bursty_r2,forecast,hot_humid,bursty,2,34.368,34.068,33.868,31.368,25.0,45.0,0.0,,100.0,2.0,,,,0,cooldown
2026-07-07T20:35:30,forecast_hot_humid_bursty_r2,forecast,hot_humid,bursty,2,34.36,34.06,33.86,31.36,25.0,45.0,0.0,,100.0,2.0,,,,0,cooldown
2026-07-07T20:35:30,forecast_hot_humid_bursty_r2,forecast,hot_humid,bursty,2,34.353,34.053,33.853,31.353,25.0,45.0,0.0,,100.0,2.0,,,,0,cooldown
2026-07-07T20:35:30,forecast_hot_humid_bursty_r2,forecast,hot_humid,bursty,2,34.346,34.046,33.846,31.346,25.0,45.0,0.0,,100.0,2.0,,,,0,cooldown
2026-07-07T20:35:30,forecast_hot_humid_bursty_r2,forecast,hot_humid,bursty,2,34.338,34.038,33.838,31.338,25.0,45.0,0.0,,100.0,2.0,,,,0,cooldown
2026-07-07T20:35:30,forecast_hot_humid_bursty_r2,forecast,hot_humid,bursty,2,34.331,34.031,33.831,31.331,25.0,45.0,0.0,,100.0,2.0,,,,0,cooldown
2026-07-07T20:35:30,forecast_hot_humid_bursty_r2,forecast,hot_humid,bursty,2,34.324,34.024,33.824,31.324,25.0,45.0,0.0,,100.0,2.0,,,,0,cooldown
2026-07-07T20:35:30,forecast_hot_humid_bursty_r2,forecast,hot_humid,bursty,2,34.316,34.016,33.816,31.316,25.0,45.0,0.0,,100.0,2.0,,,,0,cooldown
2026-07-07T20:35:30,forecast_hot_humid_bursty_r2,forecast,hot_humid,bursty,2,34.309,34.009,33.809,31.309,25.0,45.0,0.0,,100.0,2.0,,,,0,cooldown
2026-07-07T20:35:30,forecast_hot_humid_bursty_r2,forecast,hot_humid,bursty,2,34.302,34.002,33.802,31.302,25.0,45.0,0.0,,100.0,2.0,,,,0,cooldown
2026-07-07T20:35:30,forecast_hot_humid_bursty_r2,forecast,hot_humid,bursty,2,34.294,33.994,33.794,31.294,25.0,45.0,0.0,,100.0,2.0,,,,0,cooldown
2026-07-07T20:35:30,forecast_hot_humid_bursty_r2,forecast,hot_humid,bursty,2,34.287,33.987,33.787,31.287,25.0,45.0,0.0,,100.0,2.0,,,,0,cooldown
2026-07-07T20:35:30,forecast_hot_humid_bursty_r2,forecast,hot_humid,bursty,2,34.28,33.98,33.78,31.28,25.0,45.0,0.0,,100.0,2.0,,,,0,cooldown
2026-07-07T20:35:30,forecast_hot_humid_bursty_r2,forecast,hot_humid,bursty,2,34.272,33.972,33.772,31.272,25.0,45.0,0.0,,100.0,2.0,,,,0,cooldown
2026-07-07T20:35:30,forecast_hot_humid_bursty_r2,forecast,hot_humid,bursty,2,34.265,33.965,33.765,31.265,25.0,45.0,0.0,,100.0,2.0,,,,0,cooldown
2026-07-07T20:35:30,forecast_hot_humid_bursty_r2,forecast,hot_humid,bursty,2,34.258,33.958,33.758,31.258,25.0,45.0,0.0,,100.0,2.0,,,,0,cooldown
2026-07-07T20:35:30,forecast_hot_humid_bursty_r2,forecast,hot_humid,bursty,2,34.25,33.95,33.75,31.25,25.0,45.0,0.0,,100.0,2.0,,,,0,cooldown
2026-07-07T20:35:30,forecast_hot_humid_bursty_r2,forecast,hot_humid,bursty,2,34.243,33.943,33.743,31.243,25.0,45.0,0.0,,100.0,2.0,,,,0,cooldown
2026-07-07T20:35:30,forecast_hot_humid_bursty_r2,forecast,hot_humid,bursty,2,34.236,33.936,33.736,31.236,25.0,45.0,0.0,,100.0,2.0,,,,0,cooldown
2026-07-07T20:35:30,forecast_hot_humid_bursty_r2,forecast,hot_humid,bursty,2,34.228,33.928,33.728,31.228,25.0,45.0,0.0,,100.0,2.0,,,,0,cooldown
2026-07-07T20:35:30,forecast_hot_humid_bursty_r2,forecast,hot_humid,bursty,2,34.221,33.921,33.721,31.221,25.0,45.0,0.0,,100.0,2.0,,,,0,cooldown
2026-07-07T20:35:30,forecast_hot_humid_bursty_r2,forecast,hot_humid,bursty,2,34.214,33.914,33.714,31.214,25.0,45.0,0.0,,100.0,2.0,,,,0,cooldown
2026-07-07T20:35:30,forecast_hot_humid_bursty_r2,forecast,hot_humid,bursty,2,34.207,33.907,33.707,31.207,25.0,45.0,0.0,,100.0,2.0,,,,0,cooldown
2026-07-07T20:35:30,forecast_hot_humid_bursty_r2,forecast,hot_humid,bursty,2,34.199,33.899,33.699,31.199,25.0,45.0,0.0,,100.0,2.0,,,,0,cooldown
2026-07-07T20:35:30,forecast_hot_humid_bursty_r2,forecast,hot_humid,bursty,2,34.192,33.892,33.692,31.192,25.0,45.0,0.0,,100.0,2.0,,,,0,cooldown
2026-07-07T20:35:30,forecast_hot_humid_bursty_r2,forecast,hot_humid,bursty,2,34.185,33.885,33.685,31.185,25.0,45.0,0.0,,100.0,2.0,,,,0,cooldown
2026-07-07T20:35:30,forecast_hot_humid_bursty_r2,forecast,hot_humid,bursty,2,34.177,33.877,33.677,31.177,25.0,45.0,0.0,,100.0,2.0,,,,0,cooldown
2026-07-07T20:35:30,forecast_hot_humid_bursty_r2,forecast,hot_humid,bursty,2,34.17,33.87,33.67,31.17,25.0,45.0,0.0,,100.0,2.0,,,,0,cooldown
2026-07-07T20:35:30,forecast_hot_humid_bursty_r2,forecast,hot_humid,bursty,2,34.163,33.863,33.663,31.163,25.0,45.0,0.0,,100.0,2.0,,,,0,cooldown
2026-07-07T20:35:30,forecast_hot_humid_bursty_r2,forecast,hot_humid,bursty,2,34.156,33.856,33.656,31.156,25.0,45.0,0.0,,100.0,2.0,,,,0,cooldown
2026-07-07T20:35:30,forecast_hot_humid_bursty_r2,forecast,hot_humid,bursty,2,34.149,33.849,33.649,31.149,25.0,45.0,0.0,,100.0,2.0,,,,0,cooldown
2026-07-07T20:35:30,forecast_hot_humid_bursty_r2,forecast,hot_humid,bursty,2,34.141,33.841,33.641,31.141,25.0,45.0,0.0,,100.0,2.0,,,,0,cooldown
2026-07-07T20:35:30,forecast_hot_humid_bursty_r2,forecast,hot_humid,bursty,2,34.134,33.834,33.634,31.134,25.0,45.0,0.0,,100.0,2.0,,,,0,cooldown
2026-07-07T20:35:30,forecast_hot_humid_bursty_r2,forecast,hot_humid,bursty,2,34.127,33.827,33.627,31.127,25.0,45.0,0.0,,100.0,2.0,,,,0,cooldown
2026-07-07T20:35:30,forecast_hot_humid_bursty_r2,forecast,hot_humid,bursty,2,34.12,33.82,33.62,31.12,25.0,45.0,0.0,,100.0,2.0,,,,0,cooldown
2026-07-07T20:35:30,forecast_hot_humid_bursty_r2,forecast,hot_humid,bursty,2,34.112,33.812,33.612,31.112,25.0,45.0,0.0,,100.0,2.0,,,,0,cooldown
2026-07-07T20:35:30,forecast_hot_humid_bursty_r2,forecast,hot_humid,bursty,2,34.105,33.805,33.605,31.105,25.0,45.0,0.0,,100.0,2.0,,,,0,cooldown
2026-07-07T20:35:30,forecast_hot_humid_bursty_r2,forecast,hot_humid,bursty,2,34.098,33.798,33.598,31.098,25.0,45.0,0.0,,100.0,2.0,,,,0,cooldown
2026-07-07T20:35:30,forecast_hot_humid_bursty_r2,forecast,hot_humid,bursty,2,34.091,33.791,33.591,31.091,25.0,45.0,0.0,,100.0,2.0,,,,0,cooldown
2026-07-07T20:35:30,forecast_hot_humid_bursty_r2,forecast,hot_humid,bursty,2,34.084,33.784,33.584,31.084,25.0,45.0,0.0,,100.0,2.0,,,,0,cooldown
2026-07-07T20:35:30,forecast_hot_humid_bursty_r2,forecast,hot_humid,bursty,2,34.077,33.777,33.577,31.077,25.0,45.0,0.0,,100.0,2.0,,,,0,cooldown
2026-07-07T20:35:30,forecast_hot_humid_bursty_r2,forecast,hot_humid,bursty,2,34.069,33.769,33.569,31.069,25.0,45.0,0.0,,100.0,2.0,,,,0,cooldown
2026-07-07T20:35:30,forecast_hot_humid_bursty_r2,forecast,hot_humid,bursty,2,34.062,33.762,33.562,31.062,25.0,45.0,0.0,,100.0,2.0,,,,0,cooldown
2026-07-07T20:35:30,forecast_hot_humid_bursty_r2,forecast,hot_humid,bursty,2,34.055,33.755,33.555,31.055,25.0,45.0,0.0,,100.0,2.0,,,,0,cooldown
2026-07-07T20:35:30,forecast_hot_humid_bursty_r2,forecast,hot_humid,bursty,2,34.048,33.748,33.548,31.048,25.0,45.0,0.0,,100.0,2.0,,,,0,cooldown
2026-07-07T20:35:30,forecast_hot_humid_bursty_r2,forecast,hot_humid,bursty,2,34.041,33.741,33.541,31.041,25.0,45.0,0.0,,100.0,2.0,,,,0,cooldown
2026-07-07T20:35:30,forecast_hot_humid_bursty_r2,forecast,hot_humid,bursty,2,34.034,33.734,33.534,31.034,25.0,45.0,0.0,,100.0,2.0,,,,0,cooldown
2026-07-07T20:35:30,forecast_hot_humid_bursty_r2,forecast,hot_humid,bursty,2,34.027,33.727,33.527,31.027,25.0,45.0,0.0,,100.0,2.0,,,,0,cooldown
2026-07-07T20:35:30,forecast_hot_humid_bursty_r2,forecast,hot_humid,bursty,2,34.019,33.719,33.519,31.019,25.0,45.0,0.0,,100.0,2.0,,,,0,cooldown
2026-07-07T20:35:30,forecast_hot_humid_bursty_r2,forecast,hot_humid,bursty,2,34.012,33.712,33.512,31.012,25.0,45.0,0.0,,100.0,2.0,,,,0,cooldown
2026-07-07T20:35:30,forecast_hot_humid_bursty_r2,forecast,hot_humid,bursty,2,34.005,33.705,33.505,31.005,25.0,45.0,0.0,,100.0,2.0,,,,0,cooldown
2026-07-07T20:35:30,forecast_hot_humid_bursty_r2,forecast,hot_humid,bursty,2,33.998,33.698,33.498,30.998,25.0,45.0,0.0,,100.0,2.0,,,,0,cooldown
2026-07-07T20:35:30,forecast_hot_humid_bursty_r2,forecast,hot_humid,bursty,2,33.991,33.691,33.491,30.991,25.0,45.0,0.0,,100.0,2.0,,,,0,cooldown
2026-07-07T20:35:30,forecast_hot_humid_bursty_r2,forecast,hot_humid,bursty,2,33.984,33.684,33.484,30.984,25.0,45.0,0.0,,100.0,2.0,,,,0,cooldown
2026-07-07T20:35:30,forecast_hot_humid_bursty_r2,forecast,hot_humid,bursty,2,33.977,33.677,33.477,30.977,25.0,45.0,0.0,,100.0,2.0,,,,0,cooldown
2026-07-07T20:35:30,forecast_hot_humid_bursty_r2,forecast,hot_humid,bursty,2,33.97,33.67,33.47,30.97,25.0,45.0,0.0,,100.0,2.0,,,,0,cooldown
2026-07-07T20:35:30,forecast_hot_humid_bursty_r2,forecast,hot_humid,bursty,2,33.963,33.663,33.463,30.963,25.0,45.0,0.0,,100.0,2.0,,,,0,cooldown
2026-07-07T20:35:30,forecast_hot_humid_bursty_r2,forecast,hot_humid,bursty,2,33.956,33.656,33.456,30.956,25.0,45.0,0.0,,100.0,2.0,,,,0,cooldown
2026-07-07T20:35:30,forecast_hot_humid_bursty_r2,forecast,hot_humid,bursty,2,33.948,33.648,33.448,30.948,25.0,45.0,0.0,,100.0,2.0,,,,0,cooldown
2026-07-07T20:35:30,forecast_hot_humid_bursty_r2,forecast,hot_humid,bursty,2,33.941,33.641,33.441,30.941,25.0,45.0,0.0,,100.0,2.0,,,,0,cooldown
2026-07-07T20:35:30,forecast_hot_humid_bursty_r2,forecast,hot_humid,bursty,2,33.934,33.634,33.434,30.934,25.0,45.0,0.0,,100.0,2.0,,,,0,cooldown
2026-07-07T20:35:30,forecast_hot_humid_bursty_r2,forecast,hot_humid,bursty,2,33.927,33.627,33.427,30.927,25.0,45.0,0.0,,100.0,2.0,,,,0,cooldown
2026-07-07T20:35:30,forecast_hot_humid_bursty_r2,forecast,hot_humid,bursty,2,33.92,33.62,33.42,30.92,25.0,45.0,0.0,,100.0,2.0,,,,0,cooldown
2026-07-07T20:35:30,forecast_hot_humid_bursty_r2,forecast,hot_humid,bursty,2,33.913,33.613,33.413,30.913,25.0,45.0,0.0,,100.0,2.0,,,,0,cooldown
2026-07-07T20:35:30,forecast_hot_humid_bursty_r2,forecast,hot_humid,bursty,2,33.906,33.606,33.406,30.906,25.0,45.0,0.0,,100.0,2.0,,,,0,cooldown
2026-07-07T20:35:30,forecast_hot_humid_bursty_r2,forecast,hot_humid,bursty,2,33.899,33.599,33.399,30.899,25.0,45.0,0.0,,100.0,2.0,,,,0,cooldown
2026-07-07T20:35:30,forecast_hot_humid_bursty_r2,forecast,hot_humid,bursty,2,33.892,33.592,33.392,30.892,25.0,45.0,0.0,,100.0,2.0,,,,0,cooldown
2026-07-07T20:35:30,forecast_hot_humid_bursty_r2,forecast,hot_humid,bursty,2,33.885,33.585,33.385,30.885,25.0,45.0,0.0,,100.0,2.0,,,,0,cooldown
2026-07-07T20:35:30,forecast_hot_humid_bursty_r2,forecast,hot_humid,bursty,2,33.878,33.578,33.378,30.878,25.0,45.0,0.0,,100.0,2.0,,,,0,cooldown
2026-07-07T20:35:30,forecast_hot_humid_bursty_r2,forecast,hot_humid,bursty,2,33.871,33.571,33.371,30.871,25.0,45.0,0.0,,100.0,2.0,,,,0,cooldown
2026-07-07T20:35:30,forecast_hot_humid_bursty_r2,forecast,hot_humid,bursty,2,33.864,33.564,33.364,30.864,25.0,45.0,0.0,,100.0,2.0,,,,0,cooldown
2026-07-07T20:35:30,forecast_hot_humid_bursty_r2,forecast,hot_humid,bursty,2,33.857,33.557,33.357,30.857,25.0,45.0,0.0,,100.0,2.0,,,,0,cooldown
2026-07-07T20:35:30,forecast_hot_humid_bursty_r2,forecast,hot_humid,bursty,2,33.85,33.55,33.35,30.85,25.0,45.0,0.0,,100.0,2.0,,,,0,cooldown
2026-07-07T20:35:30,forecast_hot_humid_bursty_r2,forecast,hot_humid,bursty,2,33.843,33.543,33.343,30.843,25.0,45.0,0.0,,100.0,2.0,,,,0,cooldown
2026-07-07T20:35:30,forecast_hot_humid_bursty_r2,forecast,hot_humid,bursty,2,33.836,33.536,33.336,30.836,25.0,45.0,0.0,,100.0,2.0,,,,0,cooldown
2026-07-07T20:35:30,forecast_hot_humid_bursty_r2,forecast,hot_humid,bursty,2,33.829,33.529,33.329,30.829,25.0,45.0,0.0,,100.0,2.0,,,,0,cooldown
2026-07-07T20:35:30,forecast_hot_humid_bursty_r2,forecast,hot_humid,bursty,2,33.822,33.522,33.322,30.822,25.0,45.0,0.0,,100.0,2.0,,,,0,cooldown
2026-07-07T20:35:30,forecast_hot_humid_bursty_r2,forecast,hot_humid,bursty,2,33.815,33.515,33.315,30.815,25.0,45.0,0.0,,100.0,2.0,,,,0,cooldown
2026-07-07T20:35:30,forecast_hot_humid_bursty_r2,forecast,hot_humid,bursty,2,33.808,33.508,33.308,30.808,25.0,45.0,0.0,,100.0,2.0,,,,0,cooldown
2026-07-07T20:35:30,forecast_hot_humid_bursty_r2,forecast,hot_humid,bursty,2,33.801,33.501,33.301,30.801,25.0,45.0,0.0,,100.0,2.0,,,,0,cooldown
2026-07-07T20:35:30,forecast_hot_humid_bursty_r2,forecast,hot_humid,bursty,2,33.794,33.494,33.294,30.794,25.0,45.0,0.0,,100.0,2.0,,,,0,cooldown
2026-07-07T20:35:30,forecast_hot_humid_bursty_r2,forecast,hot_humid,bursty,2,33.787,33.487,33.287,30.787,25.0,45.0,0.0,,100.0,2.0,,,,0,cooldown
2026-07-07T20:35:30,forecast_hot_humid_bursty_r2,forecast,hot_humid,bursty,2,33.78,33.48,33.28,30.78,25.0,45.0,0.0,,100.0,2.0,,,,0,cooldown
2026-07-07T20:35:30,forecast_hot_humid_bursty_r2,forecast,hot_humid,bursty,2,33.773,33.473,33.273,30.773,25.0,45.0,0.0,,100.0,2.0,,,,0,cooldown
2026-07-07T20:35:30,forecast_hot_humid_bursty_r2,forecast,hot_humid,bursty,2,33.767,33.467,33.267,30.767,25.0,45.0,0.0,,100.0,2.0,,,,0,cooldown
2026-07-07T20:35:30,forecast_hot_humid_bursty_r2,forecast,hot_humid,bursty,2,33.76,33.46,33.26,30.76,25.0,45.0,0.0,,100.0,2.0,,,,0,cooldown
2026-07-07T20:35:30,forecast_hot_humid_bursty_r2,forecast,hot_humid,bursty,2,33.753,33.453,33.253,30.753,25.0,45.0,0.0,,100.0,2.0,,,,0,cooldown
2026-07-07T20:35:30,forecast_hot_humid_bursty_r2,forecast,hot_humid,bursty,2,33.746,33.446,33.246,30.746,25.0,45.0,0.0,,100.0,2.0,,,,0,cooldown
2026-07-07T20:35:30,forecast_hot_humid_bursty_r2,forecast,hot_humid,bursty,2,33.739,33.439,33.239,30.739,25.0,45.0,0.0,,100.0,2.0,,,,0,cooldown
2026-07-07T20:35:30,forecast_hot_humid_bursty_r2,forecast,hot_humid,bursty,2,33.732,33.432,33.232,30.732,25.0,45.0,0.0,,100.0,2.0,,,,0,cooldown
2026-07-07T20:35:30,forecast_hot_humid_bursty_r2,forecast,hot_humid,bursty,2,33.725,33.425,33.225,30.725,25.0,45.0,0.0,,100.0,2.0,,,,0,cooldown
2026-07-07T20:35:30,forecast_hot_humid_bursty_r2,forecast,hot_humid,bursty,2,33.718,33.418,33.218,30.718,25.0,45.0,0.0,,100.0,2.0,,,,0,cooldown
2026-07-07T20:35:30,forecast_hot_humid_bursty_r2,forecast,hot_humid,bursty,2,33.711,33.411,33.211,30.711,25.0,45.0,0.0,,100.0,2.0,,,,0,cooldown
2026-07-07T20:35:30,forecast_hot_humid_bursty_r2,forecast,hot_humid,bursty,2,33.704,33.404,33.204,30.704,25.0,45.0,0.0,,100.0,2.0,,,,0,cooldown
2026-07-07T20:35:30,forecast_hot_humid_bursty_r2,forecast,hot_humid,bursty,2,33.698,33.398,33.198,30.698,25.0,45.0,0.0,,100.0,2.0,,,,0,cooldown
2026-07-07T20:35:30,forecast_hot_humid_bursty_r2,forecast,hot_humid,bursty,2,33.691,33.391,33.191,30.691,25.0,45.0,0.0,,100.0,2.0,,,,0,cooldown
2026-07-07T20:35:30,forecast_hot_humid_bursty_r2,forecast,hot_humid,bursty,2,33.684,33.384,33.184,30.684,25.0,45.0,0.0,,100.0,2.0,,,,0,cooldown
2026-07-07T20:35:30,forecast_hot_humid_bursty_r2,forecast,hot_humid,bursty,2,33.677,33.377,33.177,30.677,25.0,45.0,0.0,,100.0,2.0,,,,0,cooldown
2026-07-07T20:35:30,forecast_hot_humid_bursty_r2,forecast,hot_humid,bursty,2,33.67,33.37,33.17,30.67,25.0,45.0,0.0,,100.0,2.0,,,,0,cooldown
2026-07-07T20:35:30,forecast_hot_humid_bursty_r2,forecast,hot_humid,bursty,2,33.663,33.363,33.163,30.663,25.0,45.0,0.0,,100.0,2.0,,,,0,cooldown
2026-07-07T20:35:30,forecast_hot_humid_bursty_r2,forecast,hot_humid,bursty,2,33.656,33.356,33.156,30.656,25.0,45.0,0.0,,100.0,2.0,,,,0,cooldown
2026-07-07T20:35:30,forecast_hot_humid_bursty_r2,forecast,hot_humid,bursty,2,33.65,33.35,33.15,30.65,25.0,45.0,0.0,,100.0,2.0,,,,0,cooldown
2026-07-07T20:35:30,forecast_hot_humid_bursty_r2,forecast,hot_humid,bursty,2,33.643,33.343,33.143,30.643,25.0,45.0,0.0,,100.0,2.0,,,,0,cooldown
2026-07-07T20:35:30,forecast_hot_humid_bursty_r2,forecast,hot_humid,bursty,2,33.636,33.336,33.136,30.636,25.0,45.0,0.0,,100.0,2.0,,,,0,cooldown
2026-07-07T20:35:30,forecast_hot_humid_bursty_r2,forecast,hot_humid,bursty,2,33.629,33.329,33.129,30.629,25.0,45.0,0.0,,100.0,2.0,,,,0,cooldown
2026-07-07T20:35:30,forecast_hot_humid_bursty_r2,forecast,hot_humid,bursty,2,33.622,33.322,33.122,30.622,25.0,45.0,0.0,,100.0,2.0,,,,0,cooldown
2026-07-07T20:35:30,forecast_hot_humid_bursty_r2,forecast,hot_humid,bursty,2,33.616,33.316,33.116,30.616,25.0,45.0,0.0,,100.0,2.0,,,,0,cooldown
2026-07-07T20:35:30,forecast_hot_humid_bursty_r2,forecast,hot_humid,bursty,2,33.609,33.309,33.109,30.609,25.0,45.0,0.0,,100.0,2.0,,,,0,cooldown
2026-07-07T20:35:30,forecast_hot_humid_bursty_r2,forecast,hot_humid,bursty,2,33.602,33.302,33.102,30.602,25.0,45.0,0.0,,100.0,2.0,,,,0,cooldown
2026-07-07T20:35:30,forecast_hot_humid_bursty_r2,forecast,hot_humid,bursty,2,33.595,33.295,33.095,30.595,25.0,45.0,0.0,,100.0,2.0,,,,0,cooldown
2026-07-07T20:35:30,forecast_hot_humid_bursty_r2,forecast,hot_humid,bursty,2,33.588,33.288,33.088,30.588,25.0,45.0,0.0,,100.0,2.0,,,,0,cooldown
2026-07-07T20:35:30,forecast_hot_humid_bursty_r2,forecast,hot_humid,bursty,2,33.582,33.282,33.082,30.582,25.0,45.0,0.0,,100.0,2.0,,,,0,cooldown
2026-07-07T20:35:30,forecast_hot_humid_bursty_r2,forecast,hot_humid,bursty,2,33.575,33.275,33.075,30.575,25.0,45.0,0.0,,100.0,2.0,,,,0,cooldown
2026-07-07T20:35:30,forecast_hot_humid_bursty_r2,forecast,hot_humid,bursty,2,33.568,33.268,33.068,30.568,25.0,45.0,0.0,,100.0,2.0,,,,0,cooldown
2026-07-07T20:35:30,forecast_hot_humid_bursty_r2,forecast,hot_humid,bursty,2,33.561,33.261,33.061,30.561,25.0,45.0,0.0,,100.0,2.0,,,,0,cooldown
2026-07-07T20:35:30,forecast_hot_humid_bursty_r2,forecast,hot_humid,bursty,2,33.555,33.255,33.055,30.555,25.0,45.0,0.0,,100.0,2.0,,,,0,cooldown
2026-07-07T20:35:30,forecast_hot_humid_bursty_r2,forecast,hot_humid,bursty,2,33.548,33.248,33.048,30.548,25.0,45.0,0.0,,100.0,2.0,,,,0,cooldown
2026-07-07T20:35:30,forecast_hot_humid_bursty_r2,forecast,hot_humid,bursty,2,33.541,33.241,33.041,30.541,25.0,45.0,0.0,,100.0,2.0,,,,0,cooldown
2026-07-07T20:35:30,forecast_hot_humid_bursty_r2,forecast,hot_humid,bursty,2,33.534,33.234,33.034,30.534,25.0,45.0,0.0,,100.0,2.0,,,,0,cooldown
2026-07-07T20:35:30,forecast_hot_humid_bursty_r2,forecast,hot_humid,bursty,2,33.528,33.228,33.028,30.528,25.0,45.0,0.0,,100.0,2.0,,,,0,cooldown
2026-07-07T20:35:30,forecast_hot_humid_bursty_r2,forecast,hot_humid,bursty,2,33.521,33.221,33.021,30.521,25.0,45.0,0.0,,100.0,2.0,,,,0,cooldown
2026-07-07T20:35:30,forecast_hot_humid_bursty_r2,forecast,hot_humid,bursty,2,33.514,33.214,33.014,30.514,25.0,45.0,0.0,,100.0,2.0,,,,0,cooldown
2026-07-07T20:35:30,forecast_hot_humid_bursty_r2,forecast,hot_humid,bursty,2,33.507,33.207,33.007,30.507,25.0,45.0,0.0,,100.0,2.0,,,,0,cooldown
2026-07-07T20:35:30,forecast_hot_humid_bursty_r2,forecast,hot_humid,bursty,2,33.501,33.201,33.001,30.501,25.0,45.0,0.0,,100.0,2.0,,,,0,cooldown
2026-07-07T20:35:30,forecast_hot_humid_bursty_r2,forecast,hot_humid,bursty,2,33.494,33.194,32.994,30.494,25.0,45.0,0.0,,100.0,2.0,,,,0,cooldown
2026-07-07T20:35:30,forecast_hot_humid_bursty_r2,forecast,hot_humid,bursty,2,33.487,33.187,32.987,30.487,25.0,45.0,0.0,,100.0,2.0,,,,0,cooldown
2026-07-07T20:35:30,forecast_hot_humid_bursty_r2,forecast,hot_humid,bursty,2,33.481,33.181,32.981,30.481,25.0,45.0,0.0,,100.0,2.0,,,,0,cooldown
2026-07-07T20:35:30,forecast_hot_humid_bursty_r2,forecast,hot_humid,bursty,2,33.474,33.174,32.974,30.474,25.0,45.0,0.0,,100.0,2.0,,,,0,cooldown
2026-07-07T20:35:30,forecast_hot_humid_bursty_r2,forecast,hot_humid,bursty,2,33.467,33.167,32.967,30.467,25.0,45.0,0.0,,100.0,2.0,,,,0,cooldown
2026-07-07T20:35:30,forecast_hot_humid_bursty_r2,forecast,hot_humid,bursty,2,33.46,33.16,32.96,30.46,25.0,45.0,0.0,,100.0,2.0,,,,0,cooldown
2026-07-07T20:35:30,forecast_hot_humid_bursty_r2,forecast,hot_humid,bursty,2,33.454,33.154,32.954,30.454,25.0,45.0,0.0,,100.0,2.0,,,,0,cooldown
2026-07-07T20:35:30,forecast_hot_humid_bursty_r2,forecast,hot_humid,bursty,2,33.447,33.147,32.947,30.447,25.0,45.0,0.0,,100.0,2.0,,,,0,cooldown
2026-07-07T20:35:30,forecast_hot_humid_bursty_r2,forecast,hot_humid,bursty,2,33.44,33.14,32.94,30.44,25.0,45.0,0.0,,100.0,2.0,,,,0,cooldown
2026-07-07T20:35:30,forecast_hot_humid_bursty_r2,forecast,hot_humid,bursty,2,33.434,33.134,32.934,30.434,25.0,45.0,0.0,,100.0,2.0,,,,0,cooldown
2026-07-07T20:35:30,forecast_hot_humid_bursty_r2,forecast,hot_humid,bursty,2,33.427,33.127,32.927,30.427,25.0,45.0,0.0,,100.0,2.0,,,,0,cooldown
2026-07-07T20:35:30,forecast_hot_humid_bursty_r2,forecast,hot_humid,bursty,2,33.42,33.12,32.92,30.42,25.0,45.0,0.0,,100.0,2.0,,,,0,cooldown
2026-07-07T20:35:30,forecast_hot_humid_bursty_r2,forecast,hot_humid,bursty,2,33.414,33.114,32.914,30.414,25.0,45.0,0.0,,100.0,2.0,,,,0,cooldown
2026-07-07T20:35:30,forecast_hot_humid_bursty_r2,forecast,hot_humid,bursty,2,33.407,33.107,32.907,30.407,25.0,45.0,0.0,,100.0,2.0,,,,0,cooldown
2026-07-07T20:35:30,forecast_hot_humid_bursty_r2,forecast,hot_humid,bursty,2,33.401,33.101,32.901,30.401,25.0,45.0,0.0,,100.0,2.0,,,,0,cooldown
2026-07-07T20:35:30,forecast_hot_humid_bursty_r2,forecast,hot_humid,bursty,2,33.394,33.094,32.894,30.394,25.0,45.0,0.0,,100.0,2.0,,,,0,cooldown
2026-07-07T20:35:30,forecast_hot_humid_bursty_r2,forecast,hot_humid,bursty,2,33.387,33.087,32.887,30.387,25.0,45.0,0.0,,100.0,2.0,,,,0,cooldown
2026-07-07T20:35:30,forecast_hot_humid_bursty_r2,forecast,hot_humid,bursty,2,33.381,33.081,32.881,30.381,25.0,45.0,0.0,,100.0,2.0,,,,0,cooldown
2026-07-07T20:35:30,forecast_hot_humid_bursty_r2,forecast,hot_humid,bursty,2,33.374,33.074,32.874,30.374,25.0,45.0,0.0,,100.0,2.0,,,,0,cooldown
2026-07-07T20:35:30,forecast_hot_humid_bursty_r2,forecast,hot_humid,bursty,2,33.367,33.067,32.867,30.367,25.0,45.0,0.0,,100.0,2.0,,,,0,cooldown
2026-07-07T20:35:30,forecast_hot_humid_bursty_r2,forecast,hot_humid,bursty,2,33.361,33.061,32.861,30.361,25.0,45.0,0.0,,100.0,2.0,,,,0,cooldown
2026-07-07T20:35:30,forecast_hot_humid_bursty_r2,forecast,hot_humid,bursty,2,33.354,33.054,32.854,30.354,25.0,45.0,0.0,,100.0,2.0,,,,0,cooldown
2026-07-07T20:35:30,forecast_hot_humid_bursty_r2,forecast,hot_humid,bursty,2,33.348,33.048,32.848,30.348,25.0,45.0,0.0,,100.0,2.0,,,,0,cooldown
2026-07-07T20:35:30,forecast_hot_humid_bursty_r2,forecast,hot_humid,bursty,2,33.341,33.041,32.841,30.341,25.0,45.0,0.0,,100.0,2.0,,,,0,cooldown
2026-07-07T20:35:30,forecast_hot_humid_bursty_r2,forecast,hot_humid,bursty,2,33.334,33.034,32.834,30.334,25.0,45.0,0.0,,100.0,2.0,,,,0,cooldown
2026-07-07T20:35:30,forecast_hot_humid_bursty_r2,forecast,hot_humid,bursty,2,33.328,33.028,32.828,30.328,25.0,45.0,0.0,,100.0,2.0,,,,0,cooldown
2026-07-07T20:35:30,forecast_hot_humid_bursty_r2,forecast,hot_humid,bursty,2,33.321,33.021,32.821,30.321,25.0,45.0,0.0,,100.0,2.0,,,,0,cooldown
2026-07-07T20:35:30,forecast_hot_humid_bursty_r2,forecast,hot_humid,bursty,2,33.315,33.015,32.815,30.315,25.0,45.0,0.0,,100.0,2.0,,,,0,cooldown
2026-07-07T20:35:30,forecast_hot_humid_bursty_r2,forecast,hot_humid,bursty,2,33.308,33.008,32.808,30.308,25.0,45.0,0.0,,100.0,2.0,,,,0,cooldown
2026-07-07T20:35:30,forecast_hot_humid_bursty_r2,forecast,hot_humid,bursty,2,33.302,33.002,32.802,30.302,25.0,45.0,0.0,,100.0,2.0,,,,0,cooldown
2026-07-07T20:35:30,forecast_hot_humid_bursty_r2,forecast,hot_humid,bursty,2,33.295,32.995,32.795,30.295,25.0,45.0,0.0,,100.0,2.0,,,,0,cooldown
2026-07-07T20:35:30,forecast_hot_humid_bursty_r2,forecast,hot_humid,bursty,2,33.288,32.988,32.788,30.288,25.0,45.0,0.0,,100.0,2.0,,,,0,cooldown
2026-07-07T20:35:30,forecast_hot_humid_bursty_r2,forecast,hot_humid,bursty,2,33.282,32.982,32.782,30.282,25.0,45.0,0.0,,100.0,2.0,,,,0,cooldown
2026-07-07T20:35:30,forecast_hot_humid_bursty_r2,forecast,hot_humid,bursty,2,33.275,32.975,32.775,30.275,25.0,45.0,0.0,,100.0,2.0,,,,0,cooldown
2026-07-07T20:35:30,forecast_hot_humid_bursty_r2,forecast,hot_humid,bursty,2,33.269,32.969,32.769,30.269,25.0,45.0,0.0,,100.0,2.0,,,,0,cooldown
2026-07-07T20:35:30,forecast_hot_humid_bursty_r2,forecast,hot_humid,bursty,2,33.262,32.962,32.762,30.262,25.0,45.0,0.0,,100.0,2.0,,,,0,cooldown
2026-07-07T20:35:30,forecast_hot_humid_bursty_r2,forecast,hot_humid,bursty,2,33.256,32.956,32.756,30.256,25.0,45.0,0.0,,100.0,2.0,,,,0,cooldown
2026-07-07T20:35:30,forecast_hot_humid_bursty_r2,forecast,hot_humid,bursty,2,33.249,32.949,32.749,30.249,25.0,45.0,0.0,,100.0,2.0,,,,0,cooldown
2026-07-07T20:35:30,forecast_hot_humid_bursty_r2,forecast,hot_humid,bursty,2,33.243,32.943,32.743,30.243,25.0,45.0,0.0,,100.0,2.0,,,,0,cooldown
2026-07-07T20:35:30,forecast_hot_humid_bursty_r2,forecast,hot_humid,bursty,2,33.236,32.936,32.736,30.236,25.0,45.0,0.0,,100.0,2.0,,,,0,cooldown
2026-07-07T20:35:30,forecast_hot_humid_bursty_r2,forecast,hot_humid,bursty,2,33.23,32.93,32.73,30.23,25.0,45.0,0.0,,100.0,2.0,,,,0,cooldown
2026-07-07T20:35:30,forecast_hot_humid_bursty_r2,forecast,hot_humid,bursty,2,33.223,32.923,32.723,30.223,25.0,45.0,0.0,,100.0,2.0,,,,0,cooldown
2026-07-07T20:35:30,forecast_hot_humid_bursty_r2,forecast,hot_humid,bursty,2,33.217,32.917,32.717,30.217,25.0,45.0,0.0,,100.0,2.0,,,,0,cooldown
2026-07-07T20:35:30,forecast_hot_humid_bursty_r2,forecast,hot_humid,bursty,2,33.21,32.91,32.71,30.21,25.0,45.0,0.0,,100.0,2.0,,,,0,cooldown
2026-07-07T20:35:30,forecast_hot_humid_bursty_r2,forecast,hot_humid,bursty,2,33.204,32.904,32.704,30.204,25.0,45.0,0.0,,100.0,2.0,,,,0,cooldown
2026-07-07T20:35:30,forecast_hot_humid_bursty_r2,forecast,hot_humid,bursty,2,33.197,32.897,32.697,30.197,25.0,45.0,0.0,,100.0,2.0,,,,0,cooldown
2026-07-07T20:35:30,forecast_hot_humid_bursty_r2,forecast,hot_humid,bursty,2,33.191,32.891,32.691,30.191,25.0,45.0,0.0,,100.0,2.0,,,,0,cooldown
2026-07-07T20:35:30,forecast_hot_humid_bursty_r2,forecast,hot_humid,bursty,2,33.184,32.884,32.684,30.184,25.0,45.0,0.0,,100.0,2.0,,,,0,cooldown
2026-07-07T20:35:30,forecast_hot_humid_bursty_r2,forecast,hot_humid,bursty,2,33.178,32.878,32.678,30.178,25.0,45.0,0.0,,100.0,2.0,,,,0,cooldown
2026-07-07T20:35:30,forecast_hot_humid_bursty_r2,forecast,hot_humid,bursty,2,33.172,32.872,32.672,30.172,25.0,45.0,0.0,,100.0,2.0,,,,0,cooldown
2026-07-07T20:35:30,forecast_hot_humid_bursty_r2,forecast,hot_humid,bursty,2,33.165,32.865,32.665,30.165,25.0,45.0,0.0,,100.0,2.0,,,,0,cooldown
2026-07-07T20:35:30,forecast_hot_humid_bursty_r2,forecast,hot_humid,bursty,2,33.159,32.859,32.659,30.159,25.0,45.0,0.0,,100.0,2.0,,,,0,cooldown
2026-07-07T20:35:30,forecast_hot_humid_bursty_r2,forecast,hot_humid,bursty,2,33.152,32.852,32.652,30.152,25.0,45.0,0.0,,100.0,2.0,,,,0,cooldown
2026-07-07T20:35:30,forecast_hot_humid_bursty_r2,forecast,hot_humid,bursty,2,33.146,32.846,32.646,30.146,25.0,45.0,0.0,,100.0,2.0,,,,0,cooldown
2026-07-07T20:35:30,forecast_hot_humid_bursty_r2,forecast,hot_humid,bursty,2,33.139,32.839,32.639,30.139,25.0,45.0,0.0,,100.0,2.0,,,,0,cooldown
2026-07-07T20:35:30,forecast_hot_humid_bursty_r2,forecast,hot_humid,bursty,2,33.133,32.833,32.633,30.133,25.0,45.0,0.0,,100.0,2.0,,,,0,cooldown
2026-07-07T20:35:30,forecast_hot_humid_bursty_r2,forecast,hot_humid,bursty,2,33.126,32.826,32.626,30.126,25.0,45.0,0.0,,100.0,2.0,,,,0,cooldown
2026-07-07T20:35:30,forecast_hot_humid_bursty_r2,forecast,hot_humid,bursty,2,33.12,32.82,32.62,30.12,25.0,45.0,0.0,,100.0,2.0,,,,0,cooldown
2026-07-07T20:35:30,forecast_hot_humid_bursty_r2,forecast,hot_humid,bursty,2,33.114,32.814,32.614,30.114,25.0,45.0,0.0,,100.0,2.0,,,,0,cooldown
2026-07-07T20:35:30,forecast_hot_humid_bursty_r2,forecast,hot_humid,bursty,2,33.107,32.807,32.607,30.107,25.0,45.0,0.0,,100.0,2.0,,,,0,cooldown
2026-07-07T20:35:30,forecast_hot_humid_bursty_r2,forecast,hot_humid,bursty,2,33.101,32.801,32.601,30.101,25.0,45.0,0.0,,100.0,2.0,,,,0,cooldown
2026-07-07T20:35:30,forecast_hot_humid_bursty_r2,forecast,hot_humid,bursty,2,33.094,32.794,32.594,30.094,25.0,45.0,0.0,,100.0,2.0,,,,0,cooldown
2026-07-07T20:35:30,forecast_hot_humid_bursty_r2,forecast,hot_humid,bursty,2,33.088,32.788,32.588,30.088,25.0,45.0,0.0,,100.0,2.0,,,,0,cooldown
2026-07-07T20:35:30,forecast_hot_humid_bursty_r2,forecast,hot_humid,bursty,2,33.082,32.782,32.582,30.082,25.0,45.0,0.0,,100.0,2.0,,,,0,cooldown
2026-07-07T20:35:30,forecast_hot_humid_bursty_r2,forecast,hot_humid,bursty,2,33.075,32.775,32.575,30.075,25.0,45.0,0.0,,100.0,2.0,,,,0,cooldown
2026-07-07T20:35:30,forecast_hot_humid_bursty_r2,forecast,hot_humid,bursty,2,33.069,32.769,32.569,30.069,25.0,45.0,0.0,,100.0,2.0,,,,0,cooldown
2026-07-07T20:35:30,forecast_hot_humid_bursty_r2,forecast,hot_humid,bursty,2,33.063,32.763,32.563,30.063,25.0,45.0,0.0,,100.0,2.0,,,,0,cooldown
2026-07-07T20:35:30,forecast_hot_humid_bursty_r2,forecast,hot_humid,bursty,2,33.056,32.756,32.556,30.056,25.0,45.0,0.0,,100.0,2.0,,,,0,cooldown
2026-07-07T20:35:30,forecast_hot_humid_bursty_r2,forecast,hot_humid,bursty,2,33.05,32.75,32.55,30.05,25.0,45.0,0.0,,100.0,2.0,,,,0,cooldown
2026-07-07T20:35:30,forecast_hot_humid_bursty_r2,forecast,hot_humid,bursty,2,33.043,32.743,32.543,30.043,25.0,45.0,0.0,,100.0,2.0,,,,0,cooldown
2026-07-07T20:35:30,forecast_hot_humid_bursty_r2,forecast,hot_humid,bursty,2,33.037,32.737,32.537,30.037,25.0,45.0,0.0,,100.0,2.0,,,,0,cooldown
2026-07-07T20:35:30,forecast_hot_humid_bursty_r2,forecast,hot_humid,bursty,2,33.031,32.731,32.531,30.031,25.0,45.0,0.0,,100.0,2.0,,,,0,cooldown
2026-07-07T20:35:30,forecast_hot_humid_bursty_r2,forecast,hot_humid,bursty,2,33.024,32.724,32.524,30.024,25.0,45.0,0.0,,100.0,2.0,,,,0,cooldown
2026-07-07T20:35:30,forecast_hot_humid_bursty_r2,forecast,hot_humid,bursty,2,33.018,32.718,32.518,30.018,25.0,45.0,0.0,,100.0,2.0,,,,0,cooldown
2026-07-07T20:35:30,forecast_hot_humid_bursty_r2,forecast,hot_humid,bursty,2,33.012,32.712,32.512,30.012,25.0,45.0,0.0,,100.0,2.0,,,,0,cooldown
2026-07-07T20:35:30,forecast_hot_humid_bursty_r2,forecast,hot_humid,bursty,2,33.005,32.705,32.505,30.005,25.0,45.0,0.0,,100.0,2.0,,,,0,cooldown
2026-07-07T20:35:30,forecast_hot_humid_bursty_r2,forecast,hot_humid,bursty,2,32.999,32.699,32.499,29.999,25.0,45.0,0.0,,100.0,2.0,,,,0,cooldown
