timestamp,trial_id,controller,climate,workload,repeat,T_tank_hot,T_tank_mid,T_rad_in,T_rad_out,T_ambient,RH_ambient,heater_w_cmd,heater_w_meas,fan_pwm,fan_w,forecast_T,forecast_RH,bank_depth_cmd,water_event_flag,notes
2026-07-07T20:35:28,forecast_hot_humid_bursty_r1,forecast,hot_humid,bursty,1,31.005,30.705,30.505,28.005,25.0,45.0,60.0,,40.0,0.8,,,,0,warmup
2026-07-07T20:35:28,forecast_hot_humid_bursty_r1,forecast,hot_humid,bursty,1,31.01,30.71,30.51,28.01,25.0,45.0,60.0,,40.0,0.8,30.17,,,0,trial
2026-07-07T20:35:28,forecast_hot_humid_bursty_r1,forecast,hot_humid,bursty,1,31.015,30.715,30.515,28.015,25.0,45.0,60.0,,50.0,1.0,30.17,,,0,trial
2026-07-07T20:35:28,forecast_hot_humid_bursty_r1,forecast,hot_humid,bursty,1,31.02,30.72,30.52,28.02,25.0,45.0,60.0,,50.0,1.0,30.17,,,0,trial
2026-07-07T20:35:28,forecast_hot_humid_bursty_r1,forecast,hot_humid,bursty,1,31.024,30.724,30.524,28.024,25.0,45.0,60.0,,50.0,1.0,30.17,,,0,trial
2026-07-07T20:35:28,forecast_hot_humid_bursty_r1,forecast,hot_humid,bursty,1,31.029,30.729,30.529,28.029,25.0,45.0,60.0,,50.0,1.0,30.17,,,0,trial
2026-07-07T20:35:28,forecast_hot_humid_bursty_r1,forecast,hot_humid,bursty,1,31.034,30.734,30.534,28.034,25.0,45.0,60.0,,50.0,1.0,30.17,,,0,trial
2026-07-07T20:35:28,forecast_hot_humid_bursty_r1,forecast,hot_humid,bursty,1,31.039,30.739,30.539,28.039,25.0,45.0,60.0,,50.0,1.0,30.17,,,0,trial
2026-07-07T20:35:28,forecast_hot_humid_bursty_r1,forecast,hot_humid,bursty,1,31.043,30.743,30.543,28.043,25.0,45.0,60.0,,50.0,1.0,30.17,,,0,trial
2026-07-07T20:35:28,forecast_hot_humid_bursty_r1,forecast,hot_humid,bursty,1,31.048,30.748,30.548,28.048,25.0,45.0,60.0,,50.0,1.0,30.17,,,0,trial
2026-07-07T20:35:28,forecast_hot_humid_bursty_r1,forecast,hot_humid,bursty,1,31.053,30.753,30.553,28.053,25.0,45.0,60.0,,50.0,1.0,30.17,,,0,trial
2026-07-07T20:35:28,forecast_hot_humid_bursty_r1,forecast,hot_humid,bursty,1,31.057,30.757,30.557,28.057,25.0,45.0,60.0,,50.0,1.0,30.17,,,0,trial
2026-07-07T20:35:28,forecast_hot_humid_bursty_r1,forecast,hot_humid,bursty,1,31.062,30.762,30.562,28.062,25.0,45.0,60.0,,50.0,1.0,30.17,,,0,trial
2026-07-07T20:35:28,forecast_hot_humid_bursty_r1,forecast,hot_humid,bursty,1,31.067,30.767,30.567,28.067,25.0,45.0,60.0,,50.0,1.0,30.17,,,0,trial
2026-07-07T20:35:28,forecast_hot_humid_bursty_r1,forecast,hot_humid,bursty,1,31.072,30.772,30.572,28.072,25.0,45.0,60.0,,50.0,1.0,30.17,,,0,trial
2026-07-07T20:35:28,forecast_hot_humid_bursty_r1,forecast,hot_humid,bursty,1,31.076,30.776,30.576,28.076,25.0,45.0,60.0,,50.0,1.0,30.18,,,0,trial
2026-07-07T20:35:28,forecast_hot_humid_bursty_r1,forecast,hot_humid,bursty,1,31.081,30.781,30.581,28.081,25.0,45.0,60.0,,50.0,1.0,30.18,,,0,trial
2026-07-07T20:35:28,forecast_hot_humid_bursty_r1,forecast,hot_humid,bursty,1,31.086,30.786,30.586,28.086,25.0,45.0,60.0,,50.0,1.0,30.18,,,0,trial
2026-07-07T20:35:28,forecast_hot_humid_bursty_r1,forecast,hot_humid,bursty,1,31.09,30.79,30.59,28.09,25.0,45.0,60.0,,50.0,1.0,30.18,,,0,trial
2026-07-07T20:35:28,forecast_hot_humid_bursty_r1,forecast,hot_humid,bursty,1,31.095,30.795,30.595,28.095,25.0,45.0,60.0,,50.0,1.0,30.18,,,0,trial
2026-07-07T20:35:28,forecast_hot_humid_bursty_r1,forecast,hot_humid,bursty,1,31.1,30.8,30.6,28.1,25.0,45.0,60.0,,50.0,1.0,30.18,,,0,trial
2026-07-07T20:35:28,forecast_hot_humid_bursty_r1,forecast,hot_humid,bursty,1,31.104,30.804,30.604,28.104,25.0,45.0,60.0,,50.0,1.0,30.18,,,0,trial
2026-07-07T20:35:28,forecast_hot_humid_bursty_r1,forecast,hot_humid,bursty,1,31.109,30.809,30.609,28.109,25.0,45.0,60.0,,50.0,1.0,30.18,,,0,trial
2026-07-07T20:35:28,forecast_hot_humid_bursty_r1,forecast,hot_humid,bursty,1,31.114,30.814,30.614,28.114,25.0,45.0,60.0,,50.0,1.0,30.18,,,0,trial
2026-07-07T20:35:28,forecast_hot_humid_bursty_r1,forecast,hot_humid,bursty,1,31.118,30.818,30.618,28.118,25.0,45.0,60.0,,50.0,1.0,30.18,,,0,trial
2026-07-07T20:35:28,forecast_hot_humid_bursty_r1,forecast,hot_humid,bursty,1,31.123,30.823,30.623,28.123,25.0,45.0,60.0,,50.0,1.0,30.18,,,0,trial
2026-07-07T20:35:28,forecast_hot_humid_bursty_r1,forecast,hot_humid,bursty,1,31.128,30.828,30.628,28.128,25.0,45.0,60.0,,50.0,1.0,30.18,,,0,trial
2026-07-07T20:35:28,forecast_hot_humid_bursty_r1,forecast,hot_humid,bursty,1,31.132,30.832,30.632,28.132,25.0,45.0,60.0,,50.0,1.0,30.18,,,0,trial
2026-07-07T20:35:28,forecast_hot_humid_bursty_r1,forecast,hot_humid,bursty,1,31.137,30.837,30.637,28.137,25.0,45.0,60.0,,50.0,1.0,30.19,,,0,trial
2026-07-07T20:35:28,forecast_hot_humid_bursty_r1,forecast,hot_humid,bursty,1,31.142,30.842,30.642,28.142,25.0,45.0,60.0,,50.0,1.0,30.19,,,0,trial
2026-07-07T20:35:28,forecast_hot_humid_bursty_r1,forecast,hot_humid,bursty,1,31.146,30.846,30.646,28.146,25.0,45.0,60.0,,50.0,1.0,30.19,,,0,trial
2026-07-07T20:35:28,forecast_hot_humid_bursty_r1,forecast,hot_humid,bursty,1,31.151,30.851,30.651,28.151,25.0,45.0,60.0,,50.0,1.0,30.19,,,0,trial
2026-07-07T20:35:28,forecast_hot_humid_bursty_r1,forecast,hot_humid,bursty,1,31.156,30.856,30.656,28.156,25.0,45.0,60.0,,50.0,1.0,30.19,,,0,trial
2026-07-07T20:35:28,forecast_hot_humid_bursty_r1,forecast,hot_humid,bursty,1,31.16,30.86,30.66,28.16,25.0,45.0,60.0,,50.0,1.0,30.19,,,0,trial
2026-07-07T20:35:28,forecast_hot_humid_bursty_r1,forecast,hot_humid,bursty,1,31.165,30.865,30.665,28.165,25.0,45.0,60.0,,50.0,1.0,30.19,,,0,trial
2026-07-07T20:35:28,forecast_hot_humid_bursty_r1,forecast,hot_humid,bursty,1,31.17,30.87,30.67,28.17,25.0,45.0,60.0,,50.0,1.0,30.19,,,0,trial
2026-07-07T20:35:28,forecast_hot_humid_bursty_r1,forecast,hot_humid,bursty,1,31.174,30.874,30.674,28.174,25.0,45.0,60.0,,50.0,1.0,30.19,,,0,trial
2026-07-07T20:35:28,forecast_hot_humid_bursty_r1,forecast,hot_humid,bursty,1,31.179,30.879,30.679,28.179,25.0,45.0,60.0,,50.0,1.0,30.19,,,0,trial
2026-07-07T20:35:28,forecast_hot_humid_bursty_r1,forecast,hot_humid,bursty,1,31.184,30.884,30.684,28.184,25.0,45.0,60.0,,50.0,1.0,30.19,,,0,trial
2026-07-07T20:35:28,forecast_hot_humid_bursty_r1,forecast,hot_humid,bursty,1,31.188,30.888,30.688,28.188,25.0,45.0,60.0,,50.0,1.0,30.19,,,0,trial
2026-07-07T20:35:28,forecast_hot_humid_bursty_r1,forecast,hot_humid,bursty,1,31.193,30.893,30.693,28.193,25.0,45.0,60.0,,50.0,1.0,30.19,,,0,trial
2026-07-07T20:35:28,forecast_hot_humid_bursty_r1,forecast,hot_humid,bursty,1,31.197,30.897,30.697,28.197,25.0,45.0,60.0,,50.0,1.0,30.2,,,0,trial
2026-07-07T20:35:28,forecast_hot_humid_bursty_r1,forecast,hot_humid,bursty,1,31.202,30.902,30.702,28.202,25.0,45.0,60.0,,50.0,1.0,30.2,,,0,trial
2026-07-07T20:35:28,forecast_hot_humid_bursty_r1,forecast,hot_humid,bursty,1,31.207,30.907,30.707,28.207,25.0,45.0,60.0,,50.0,1.0,30.2,,,0,trial
2026-07-07T20:35:28,forecast_hot_humid_bursty_r1,forecast,hot_humid,bursty,1,31.211,30.911,30.711,28.211,25.0,45.0,60.0,,50.0,1.0,30.2,,,0,trial
2026-07-07T20:35:28,forecast_hot_humid_bursty_r1,forecast,hot_humid,bursty,1,31.216,30.916,30.716,28.216,25.0,45.0,60.0,,50.0,1.0,30.2,,,0,trial
2026-07-07T20:35:28,forecast_hot_humid_bursty_r1,forecast,hot_humid,bursty,1,31.221,30.921,30.721,28.221,25.0,45.0,60.0,,50.0,1.0,30.2,,,0,trial
2026-07-07T20:35:28,forecast_hot_humid_bursty_r1,forecast,hot_humid,bursty,1,31.225,30.925,30.725,28.225,25.0,45.0,60.0,,50.0,1.0,30.2,,,0,trial
2026-07-07T20:35:28,forecast_hot_humid_bursty_r1,forecast,hot_humid,bursty,1,31.23,30.93,30.73,28.23,25.0,45.0,60.0,,50.0,1.0,30.2,,,0,trial
2026-07-07T20:35:28,forecast_hot_humid_bursty_r1,forecast,hot_humid,bursty,1,31.234,30.934,30.734,28.234,25.0,45.0,60.0,,50.0,1.0,30.2,,,0,trial
2026-07-07T20:35:28,forecast_hot_humid_bursty_r1,forecast,hot_humid,bursty,1,31.239,30.939,30.739,28.239,25.0,45.0,60.0,,50.0,1.0,30.2,,,0,trial
2026-07-07T20:35:28,forecast_hot_humid_bursty_r1,forecast,hot_humid,bursty,1,31.244,30.944,30.744,28.244,25.0,45.0,60.0,,50.0,1.0,30.2,,,0,trial
2026-07-07T20:35:28,forecast_hot_humid_bursty_r1,forecast,hot_humid,bursty,1,31.248,30.948,30.748,28.248,25.0,45.0,60.0,,50.0,1.0,30.21,,,0,trial
2026-07-07T20:35:28,forecast_hot_humid_bursty_r1,forecast,hot_humid,bursty,1,31.253,30.953,30.753,28.253,25.0,45.0,60.0,,50.0,1.0,30.21,,,0,trial
2026-07-07T20:35:28,forecast_hot_humid_bursty_r1,forecast,hot_humid,bursty,1,31.258,30.958,30.758,28.258,25.0,45.0,60.0,,50.0,1.0,30.21,,,0,trial
2026-07-07T20:35:28,forecast_hot_humid_bursty_r1,forecast,hot_humid,bursty,1,31.262,30.962,30.762,28.262,25.0,45.0,60.0,,50.0,1.0,30.21,,,0,trial
2026-07-07T20:35:28,forecast_hot_humid_bursty_r1,forecast,hot_humid,bursty,1,31.267,30.967,30.767,28.267,25.0,45.0,60.0,,50.0,1.0,30.21,,,0,trial
2026-07-07T20:35:28,forecast_hot_humid_bursty_r1,forecast,hot_humid,bursty,1,31.271,30.971,30.771,28.271,25.0,45.0,60.0,,50.0,1.0,30.21,,,0,trial
2026-07-07T20:35:28,forecast_hot_humid_bursty_r1,forecast,hot_humid,bursty,1,31.276,30.976,30.776,28.276,25.0,45.0,60.0,,50.0,1.0,30.21,,,0,trial
2026-07-07T20:35:28,forecast_hot_humid_bursty_r1,forecast,hot_humid,bursty,1,31.281,30.981,30.781,28.281,25.0,45.0,60.0,,50.0,1.0,30.21,,,0,trial
2026-07-07T20:35:28,forecast_hot_humid_bursty_r1,forecast,hot_humid,bursty,1,31.285,30.985,30.785,28.285,25.0,45.0,60.0,,50.0,1.0,30.21,,,0,trial
2026-07-07T20:35:28,forecast_hot_humid_bursty_r1,forecast,hot_humid,bursty,1,31.29,30.99,30.79,28.29,25.0,45.0,60.0,,50.0,1.0,30.21,,,0,trial
2026-07-07T20:35:28,forecast_hot_humid_bursty_r1,forecast,hot_humid,bursty,1,31.293,30.993,30.793,28.293,25.0,45.0,60.0,,100.0,2.0,30.22,,,0,trial
2026-07-07T20:35:28,forecast_hot_humid_bursty_r1,forecast,hot_humid,bursty,1,31.296,30.996,30.796,28.296,25.0,45.0,60.0,,100.0,2.0,30.22,,,0,trial
2026-07-07T20:35:28,forecast_hot_humid_bursty_r1,forecast,hot_humid,bursty,1,31.298,30.998,30.798,28.298,25.0,45.0,60.0,,100.0,2.0,30.22,,,0,trial
2026-07-07T20:35:28,forecast_hot_humid_bursty_r1,forecast,hot_humid,bursty,1,31.301,31.001,30.801,28.301,25.0,45.0,60.0,,100.0,2.0,30.22,,,0,trial
2026-07-07T20:35:28,forecast_hot_humid_bursty_r1,forecast,hot_humid,bursty,1,31.304,31.004,30.804,28.304,25.0,45.0,60.0,,100.0,2.0,30.22,,,0,trial
2026-07-07T20:35:28,forecast_hot_humid_bursty_r1,forecast,hot_humid,bursty,1,31.307,31.007,30.807,28.307,25.0,45.0,60.0,,100.0,2.0,30.22,,,0,trial
2026-07-07T20:35:28,forecast_hot_humid_bursty_r1,forecast,hot_humid,bursty,1,31.31,31.01,30.81,28.31,25.0,45.0,60.0,,100.0,2.0,30.22,,,0,trial
2026-07-07T20:35:28,forecast_hot_humid_bursty_r1,forecast,hot_humid,bursty,1,31.313,31.013,30.813,28.313,25.0,45.0,60.0,,100.0,2.0,30.22,,,0,trial
2026-07-07T20:35:28,forecast_hot_humid_bursty_r1,forecast,hot_humid,bursty,1,31.316,31.016,30.816,28.316,25.0,45.0,60.0,,100.0,2.0,30.22,,,0,trial
2026-07-07T20:35:28,forecast_hot_humid_bursty_r1,forecast,hot_humid,bursty,1,31.319,31.019,30.819,28.319,25.0,45.0,60.0,,100.0,2.0,30.23,,,0,trial
2026-07-07T20:35:28,forecast_hot_humid_bursty_r1,forecast,hot_humid,bursty,1,31.322,31.022,30.822,28.322,25.0,45.0,60.0,,100.0,2.0,30.23,,,0,trial
2026-07-07T20:35:28,forecast_hot_humid_bursty_r1,forecast,hot_humid,bursty,1,31.325,31.025,30.825,28.325,25.0,45.0,60.0,,100.0,2.0,30.23,,,0,trial
2026-07-07T20:35:28,forecast_hot_humid_bursty_r1,forecast,hot_humid,bursty,1,31.328,31.028,30.828,28.328,25.0,45.0,60.0,,100.0,2.0,30.23,,,0,trial
2026-07-07T20:35:28,forecast_hot_humid_bursty_r1,forecast,hot_humid,bursty,1,31.33,31.03,30.83,28.33,25.0,45.0,60.0,,100.0,2.0,30.23,,,0,trial
2026-07-07T20:35:28,forecast_hot_humid_bursty_r1,forecast,hot_humid,bursty,1,31.333,31.033,30.833,28.333,25.0,45.0,60.0,,100.0,2.0,30.23,,,0,trial
2026-07-07T20:35:28,forecast_hot_humid_bursty_r1,forecast,hot_humid,bursty,1,31.336,31.036,30.836,28.336,25.0,45.0,60.0,,100.0,2.0,30.23,,,0,trial
2026-07-07T20:35:28,forecast_hot_humid_bursty_r1,forecast,hot_humid,bursty,1,31.339,31.039,30.839,28.339,25.0,45.0,60.0,,100.0,2.0,30.23,,,0,trial
2026-07-07T20:35:28,forecast_hot_humid_bursty_r1,forecast,hot_humid,bursty,1,31.342,31.042,30.842,28.342,25.0,45.0,60.0,,100.0,2.0,30.23,,,0,trial
2026-07-07T20:35:28,forecast_hot_humid_bursty_r1,forecast,hot_humid,bursty,1,31.345,31.045,30.845,28.345,25.0,45.0,60.0,,100.0,2.0,30.24,,,0,trial
2026-07-07T20:35:28,forecast_hot_humid_bursty_r1,forecast,hot_humid,bursty,1,31.348,31.048,30.848,28.348,25.0,45.0,60.0,,100.0,2.0,30.24,,,0,trial
2026-07-07T20:35:28,forecast_hot_humid_bursty_r1,forecast,hot_humid,bursty,1,31.351,31.051,30.851,28.351,25.0,45.0,60.0,,100.0,2.0,30.24,,,0,trial
2026-07-07T20:35:28,forecast_hot_humid_bursty_r1,forecast,hot_humid,bursty,1,31.354,31.054,30.854,28.354,25.0,45.0,60.0,,100.0,2.0,30.24,,,0,trial
2026-07-07T20:35:28,forecast_hot_humid_bursty_r1,forecast,hot_humid,bursty,1,31.356,31.056,30.856,28.356,25.0,45.0,60.0,,100.0,2.0,30.24,,,0,trial
2026-07-07T20:35:28,forecast_hot_humid_bursty_r1,forecast,hot_humid,bursty,1,31.359,31.059,30.859,28.359,25.0,45.0,60.0,,100.0,2.0,30.24,,,0,trial
2026-07-07T20:35:28,forecast_hot_humid_bursty_r1,forecast,hot_humid,bursty,1,31.362,31.062,30.862,28.362,25.0,45.0,60.0,,100.0,2.0,30.24,,,0,trial
2026-07-07T20:35:28,forecast_hot_humid_bursty_r1,forecast,hot_humid,bursty,1,31.365,31.065,30.865,28.365,25.0,45.0,60.0,,100.0,2.0,30.24,,,0,trial
2026-07-07T20:35:28,forecast_hot_humid_bursty_r1,forecast,hot_humid,bursty,1,31.368,31.068,30.868,28.368,25.0,45.0,60.0,,100.0,2.0,30.24,,,0,trial
2026-07-07T20:35:28,forecast_hot_humid_bursty_r1,forecast,hot_humid,bursty,1,31.371,31.071,30.871,28.371,25.0,45.0,60.0,,100.0,2.0,30.25,,,0,trial
2026-07-07T20:35:28,forecast_hot_humid_bursty_r1,forecast,hot_humid,bursty,1,31.374,31.074,30.874,28.374,25.0,45.0,60.0,,100.0,2.0,30.25,,,0,trial
2026-07-07T20:35:28,forecast_hot_humid_bursty_r1,forecast,hot_humid,bursty,1,31.377,31.077,30.877,28.377,25.0,45.0,60.0,,100.0,2.0,30.25,,,0,trial
2026-07-07T20:35:28,forecast_hot_humid_bursty_r1,forecast,hot_humid,bursty,1,31.379,31.079,30.879,28.379,25.0,45.0,60.0,,100.0,2.0,30.25,,,0,trial
2026-07-07T20:35:28,forecast_hot_humid_bursty_r1,forecast,hot_humid,bursty,1,31.382,31.082,30.882,28.382,25.0,45.0,60.0,,100.0,2.0,30.25,,,0,trial
2026-07-07T20:35:28,forecast_hot_humid_bursty_r1,forecast,hot_humid,bursty,1,31.385,31.085,30.885,28.385,25.0,45.0,60.0,,100.0,2.0,30.25,,,0,trial
2026-07-07T20:35:28,forecast_hot_humid_bursty_r1,forecast,hot_humid,bursty,1,31.388,31.088,30.888,28.388,25.0,45.0,60.0,,100.0,2.0,30.25,,,0,trial
2026-07-07T20:35:28,forecast_hot_humid_bursty_r1,forecast,hot_humid,bursty,1,31.391,31.091,30.891,28.391,25.0,45.0,60.0,,100.0,2.0,30.26,,,0,trial
2026-07-07T20:35:28,forecast_hot_humid_bursty_r1,forecast,hot_humid,bursty,1,31.394,31.094,30.894,28.394,25.0,45.0,60.0,,100.0,2.0,30.26,,,0,trial
2026-07-07T20:35:28,forecast_hot_humid_bursty_r1,forecast,hot_humid,bursty,1,31.397,31.097,30.897,28.397,25.0,45.0,60.0,,100.0,2.0,30.26,,,0,trial
2026-07-07T20:35:28,forecast_hot_humid_bursty_r1,forecast,hot_humid,bursty,1,31.399,31.099,30.899,28.399,25.0,45.0,60.0,,100.0,2.0,30.26,,,0,trial
2026-07-07T20:35:28,forecast_hot_humid_bursty_r1,forecast,hot_humid,bursty,1,31.402,31.102,30.902,28.402,25.0,45.0,60.0,,100.0,2.0,30.26,,,0,trial
2026-07-07T20:35:28,forecast_hot_humid_bursty_r1,forecast,hot_humid,bursty,1,31.405,31.105,30.905,28.405,25.0,45.0,60.0,,100.0,2.0,30.26,,,0,trial
2026-07-07T20:35:28,forecast_hot_humid_bursty_r1,forecast,hot_humid,bursty,1,31.408,31.108,30.908,28.408,25.0,45.0,60.0,,100.0,2.0,30.26,,,0,trial
2026-07-07T20:35:28,forecast_hot_humid_bursty_r1,forecast,hot_humid,bursty,1,31.411,31.111,30.911,28.411,25.0,45.0,60.0,,100.0,2.0,30.26,,,0,trial
2026-07-07T20:35:28,forecast_hot_humid_bursty_r1,forecast,hot_humid,bursty,1,31.414,31.114,30.914,28.414,25.0,45.0,60.0,,100.0,2.0,30.27,,,0,trial
2026-07-07T20:35:28,forecast_hot_humid_bursty_r1,forecast,hot_humid,bursty,1,31.416,31.116,30.916,28.416,25.0,45.0,60.0,,100.0,2.0,30.27,,,0,trial
2026-07-07T20:35:28,forecast_hot_humid_bursty_r1,forecast,hot_humid,bursty,1,31.419,31.119,30.919,28.419,25.0,45.0,60.0,,100.0,2.0,30.27,,,0,trial
2026-07-07T20:35:28,forecast_hot_humid_bursty_r1,forecast,hot_humid,bursty,1,31.422,31.122,30.922,28.422,25.0,45.0,60.0,,100.0,2.0,30.27,,,0,trial
2026-07-07T20:35:28,forecast_hot_humid_bursty_r1,forecast,hot_humid,bursty,1,31.425,31.125,30.925,28.425,25.0,45.0,60.0,,100.0,2.0,30.27,,,0,trial
2026-07-07T20:35:28,forecast_hot_humid_bursty_r1,forecast,hot_humid,bursty,1,31.428,31.128,30.928,28.428,25.0,45.0,60.0,,100.0,2.0,30.27,,,0,trial
2026-07-07T20:35:28,forecast_hot_humid_bursty_r1,forecast,hot_humid,bursty,1,31.431,31.131,30.931,28.431,25.0,45.0,60.0,,100.0,2.0,30.27,,,0,trial
2026-07-07T20:35:28,forecast_hot_humid_bursty_r1,forecast,hot_humid,bursty,1,31.433,31.133,30.933,28.433,25.0,45.0,60.0,,100.0,2.0,30.28,,,0,trial
2026-07-07T20:35:28,forecast_hot_humid_bursty_r1,forecast,hot_humid,bursty,1,31.436,31.136,30.936,28.436,25.0,45.0,60.0,,100.0,2.0,30.28,,,0,trial
2026-07-07T20:35:28,forecast_hot_humid_bursty_r1,forecast,hot_humid,bursty,1,31.439,31.139,30.939,28.439,25.0,45.0,60.0,,100.0,2.0,30.28,,,0,trial
2026-07-07T20:35:28,forecast_hot_humid_bursty_r1,forecast,hot_humid,bursty,1,31.442,31.142,30.942,28.442,25.0,45.0,60.0,,100.0,2.0,30.28,,,0,trial
2026-07-07T20:35:28,forecast_hot_humid_bursty_r1,forecast,hot_humid,bursty,1,31.445,31.145,30.945,28.445,25.0,45.0,60.0,,100.0,2.0,30.28,,,0,trial
2026-07-07T20:35:28,forecast_hot_humid_bursty_r1,forecast,hot_humid,bursty,1,31.447,31.147,30.947,28.447,25.0,45.0,60.0,,100.0,2.0,30.28,,,0,trial
2026-07-07T20:35:28,forecast_hot_humid_bursty_r1,forecast,hot_humid,bursty,1,31.45,31.15,30.95,28.45,25.0,45.0,60.0,,100.0,2.0,30.29,,,0,trial
2026-07-07T20:35:28,forecast_hot_humid_bursty_r1,forecast,hot_humid,bursty,1,31.453,31.153,30.953,28.453,25.0,45.0,60.0,,100.0,2.0,30.29,,,0,trial
2026-07-07T20:35:28,forecast_hot_humid_bursty_r1,forecast,hot_humid,bursty,1,31.456,31.156,30.956,28.456,25.0,45.0,60.0,,100.0,2.0,30.29,,,0,trial
2026-07-07T20:35:28,forecast_hot_humid_bursty_r1,forecast,hot_humid,bursty,1,31.459,31.159,30.959,28.459,25.0,45.0,60.0,,100.0,2.0,30.29,,,0,trial
2026-07-07T20:35:28,forecast_hot_humid_bursty_r1,forecast,hot_humid,bursty,1,31.472,31.172,30.972,28.472,25.0,45.0,140.0,,100.0,2.0,30.29,,,0,trial
2026-07-07T20:35:28,forecast_hot_humid_bursty_r1,forecast,hot_humid,bursty,1,31.485,31.185,30.985,28.485,25.0,45.0,140.0,,100.0,2.0,30.29,,,0,trial
2026-07-07T20:35:28,forecast_hot_humid_bursty_r1,forecast,hot_humid,bursty,1,31.499,31.199,30.999,28.499,25.0,45.0,140.0,,100.0,2.0,30.29,,,0,trial
2026-07-07T20:35:28,forecast_hot_humid_bursty_r1,forecast,hot_humid,bursty,1,31.512,31.212,31.012,28.512,25.0,45.0,140.0,,100.0,2.0,30.3,,,0,trial
2026-07-07T20:35:28,forecast_hot_humid_bursty_r1,forecast,hot_humid,bursty,1,31.525,31.225,31.025,28.525,25.0,45.0,140.0,,100.0,2.0,30.3,,,0,trial
2026-07-07T20:35:28,forecast_hot_humid_bursty_r1,forecast,hot_humid,bursty,1,31.538,31.238,31.038,28.538,25.0,45.0,140.0,,100.0,2.0,30.3,,,0,trial
2026-07-07T20:35:28,forecast_hot_humid_bursty_r1,forecast,hot_humid,bursty,1,31.552,31.252,31.052,28.552,25.0,45.0,140.0,,100.0,2.0,30.3,,,0,trial
2026-07-07T20:35:28,forecast_hot_humid_bursty_r1,forecast,hot_humid,bursty,1,31.565,31.265,31.065,28.565,25.0,45.0,140.0,,100.0,2.0,30.3,,,0,trial
2026-07-07T20:35:28,forecast_hot_humid_bursty_r1,forecast,hot_humid,bursty,1,31.578,31.278,31.078,28.578,25.0,45.0,140.0,,100.0,2.0,30.3,,,0,trial
2026-07-07T20:35:28,forecast_hot_humid_bursty_r1,forecast,hot_humid,bursty,1,31.591,31.291,31.091,28.591,25.0,45.0,140.0,,100.0,2.0,30.31,,,0,trial
2026-07-07T20:35:28,forecast_hot_humid_bursty_r1,forecast,hot_humid,bursty,1,31.605,31.305,31.105,28.605,25.0,45.0,140.0,,100.0,2.0,30.31,,,0,trial
2026-07-07T20:35:28,forecast_hot_humid_bursty_r1,forecast,hot_humid,bursty,1,31.618,31.318,31.118,28.618,25.0,45.0,140.0,,100.0,2.0,30.31,,,0,trial
2026-07-07T20:35:28,forecast_hot_humid_bursty_r1,forecast,hot_humid,bursty,1,31.631,31.331,31.131,28.631,25.0,45.0,140.0,,100.0,2.0,30.31,,,0,trial
2026-07-07T20:35:28,forecast_hot_humid_bursty_r1,forecast,hot_humid,bursty,1,31.644,31.344,31.144,28.644,25.0,45.0,140.0,,100.0,2.0,30.31,,,0,trial
2026-07-07T20:35:28,forecast_hot_humid_bursty_r1,forecast,hot_humid,bursty,1,31.657,31.357,31.157,28.657,25.0,45.0,140.0,,100.0,2.0,30.31,,,0,trial
2026-07-07T20:35:28,forecast_hot_humid_bursty_r1,forecast,hot_humid,bursty,1,31.671,31.371,31.171,28.671,25.0,45.0,140.0,,100.0,2.0,30.32,,,0,trial
2026-07-07T20:35:28,forecast_hot_humid_bursty_r1,forecast,hot_humid,bursty,1,31.684,31.384,31.184,28.684,25.0,45.0,140.0,,100.0,2.0,30.32,,,0,trial
2026-07-07T20:35:28,forecast_hot_humid_bursty_r1,forecast,hot_humid,bursty,1,31.697,31.397,31.197,28.697,25.0,45.0,140.0,,100.0,2.0,30.32,,,0,trial
2026-07-07T20:35:28,forecast_hot_humid_bursty_r1,forecast,hot_humid,bursty,1,31.71,31.41,31.21,28.71,25.0,45.0,140.0,,100.0,2.0,30.32,,,0,trial
2026-07-07T20:35:28,forecast_hot_humid_bursty_r1,forecast,hot_humid,bursty,1,31.723,31.423,31.223,28.723,25.0,45.0,140.0,,100.0,2.0,30.32,,,0,trial
2026-07-07T20:35:28,forecast_hot_humid_bursty_r1,forecast,hot_humid,bursty,1,31.736,31.436,31.236,28.736,25.0,45.0,140.0,,100.0,2.0,30.33,,,0,trial
2026-07-07T20:35:28,forecast_hot_humid_bursty_r1,forecast,hot_humid,bursty,1,31.749,31.449,31.249,28.749,25.0,45.0,140.0,,100.0,2.0,30.33,,,0,trial
2026-07-07T20:35:28,forecast_hot_humid_bursty_r1,forecast,hot_humid,bursty,1,31.762,31.462,31.262,28.762,25.0,45.0,140.0,,100.0,2.0,30.33,,,0,trial
2026-07-07T20:35:28,forecast_hot_humid_bursty_r1,forecast,hot_humid,bursty,1,31.775,31.475,31.275,28.775,25.0,45.0,140.0,,100.0,2.0,30.33,,,0,trial
2026-07-07T20:35:28,forecast_hot_humid_bursty_r1,forecast,hot_humid,bursty,1,31.789,31.489,31.289,28.789,25.0,45.0,140.0,,100.0,2.0,30.33,,,0,trial
2026-07-07T20:35:28,forecast_hot_humid_bursty_r1,forecast,hot_humid,bursty,1,31.802,31.502,31.302,28.802,25.0,45.0,140.0,,100.0,2.0,30.33,,,0,trial
2026-07-07T20:35:28,forecast_hot_humid_bursty_r1,forecast,hot_humid,bursty,1,31.815,31.515,31.315,28.815,25.0,45.0,140.0,,100.0,2.0,30.34,,,0,trial
2026-07-07T20:35:28,forecast_hot_humid_bursty_r1,forecast,hot_humid,bursty,1,31.828,31.528,31.328,28.828,25.0,45.0,140.0,,100.0,2.0,30.34,,,0,trial
2026-07-07T20:35:28,forecast_hot_humid_bursty_r1,forecast,hot_humid,bursty,1,31.841,31.541,31.341,28.841,25.0,45.0,140.0,,100.0,2.0,30.34,,,0,trial
2026-07-07T20:35:28,forecast_hot_humid_bursty_r1,forecast,hot_humid,bursty,1,31.854,31.554,31.354,28.854,25.0,45.0,140.0,,100.0,2.0,30.34,,,0,trial
2026-07-07T20:35:28,forecast_hot_humid_bursty_r1,forecast,hot_humid,bursty,1,31.867,31.567,31.367,28.867,25.0,45.0,140.0,,100.0,2.0,30.34,,,0,trial
2026-07-07T20:35:28,forecast_hot_humid_bursty_r1,forecast,hot_humid,bursty,1,31.88,31.58,31.38,28.88,25.0,45.0,140.0,,100.0,2.0,30.35,,,0,trial
2026-07-07T20:35:28,forecast_hot_humid_bursty_r1,forecast,hot_humid,bursty,1,31.893,31.593,31.393,28.893,25.0,45.0,140.0,,100.0,2.0,30.35,,,0,trial
2026-07-07T20:35:28,forecast_hot_humid_bursty_r1,forecast,hot_humid,bursty,1,31.906,31.606,31.406,28.906,25.0,45.0,140.0,,100.0,2.0,30.35,,,0,trial
2026-07-07T20:35:28,forecast_hot_humid_bursty_r1,forecast,hot_humid,bursty,1,31.919,31.619,31.419,28.919,25.0,45.0,140.0,,100.0,2.0,30.35,,,0,trial
2026-07-07T20:35:28,forecast_hot_humid_bursty_r1,forecast,hot_humid,bursty,1,31.932,31.632,31.432,28.932,25.0,45.0,140.0,,100.0,2.0,30.35,,,0,trial
2026-07-07T20:35:28,forecast_hot_humid_bursty_r1,forecast,hot_humid,bursty,1,31.945,31.645,31.445,28.945,25.0,45.0,140.0,,100.0,2.0,30.36,,,0,trial
2026-07-07T20:35:28,forecast_hot_humid_bursty_r1,forecast,hot_humid,bursty,1,31.958,31.658,31.458,28.958,25.0,45.0,140.0,,100.0,2.0,30.36,,,0,trial
2026-07-07T20:35:28,forecast_hot_humid_bursty_r1,forecast,hot_humid,bursty,1,31.97,31.67,31.47,28.97,25.0,45.0,140.0,,100.0,2.0,30.36,,,0,trial
2026-07-07T20:35:28,forecast_hot_humid_bursty_r1,forecast,hot_humid,bursty,1,31.983,31.683,31.483,28.983,25.0,45.0,140.0,,100.0,2.0,30.36,,,0,trial
2026-07-07T20:35:28,forecast_hot_humid_bursty_r1,forecast,hot_humid,bursty,1,31.996,31.696,31.496,28.996,25.0,45.0,140.0,,100.0,2.0,30.36,,,0,trial
2026-07-07T20:35:28,forecast_hot_humid_bursty_r1,forecast,hot_humid,bursty,1,32.009,31.709,31.509,29.009,25.0,45.0,140.0,,100.0,2.0,30.37,,,0,trial
2026-07-07T20:35:28,forecast_hot_humid_bursty_r1,forecast,hot_humid,bursty,1,32.022,31.722,31.522,29.022,25.0,45.0,140.0,,100.0,2.0,30.37,,,0,trial
2026-07-07T20:35:28,forecast_hot_humid_bursty_r1,forecast,hot_humid,bursty,1,32.035,31.735,31.535,29.035,25.0,45.0,140.0,,100.0,2.0,30.37,,,0,trial
2026-07-07T20:35:28,forecast_hot_humid_bursty_r1,forecast,hot_humid,bursty,1,32.048,31.748,31.548,29.048,25.0,45.0,140.0,,100.0,2.0,30.37,,,0,trial
2026-07-07T20:35:28,forecast_hot_humid_bursty_r1,forecast,hot_humid,bursty,1,32.061,31.761,31.561,29.061,25.0,45.0,140.0,,100.0,2.0,30.38,,,0,trial
2026-07-07T20:35:28,forecast_hot_humid_bursty_r1,forecast,hot_humid,bursty,1,32.074,31.774,31.574,29.074,25.0,45.0,140.0,,100.0,2.0,30.38,,,0,trial
2026-07-07T20:35:28,forecast_hot_humid_bursty_r1,forecast,hot_humid,bursty,1,32.086,31.786,31.586,29.086,25.0,45.0,140.0,,100.0,2.0,30.38,,,0,trial
2026-07-07T20:35:28,forecast_hot_humid_bursty_r1,forecast,hot_humid,bursty,1,32.099,31.799,31.599,29.099,25.0,45.0,140.0,,100.0,2.0,30.38,,,0,trial
2026-07-07T20:35:28,forecast_hot_humid_bursty_r1,forecast,hot_humid,bursty,1,32.112,31.812,31.612,29.112,25.0,45.0,140.0,,100.0,2.0,30.38,,,0,trial
2026-07-07T20:35:28,forecast_hot_humid_bursty_r1,forecast,hot_humid,bursty,1,32.125,31.825,31.625,29.125,25.0,45.0,140.0,,100.0,2.0,30.39,,,0,trial
2026-07-07T20:35:28,forecast_hot_humid_bursty_r1,forecast,hot_humid,bursty,1,32.138,31.838,31.638,29.138,25.0,45.0,140.0,,100.0,2.0,30.39,,,0,trial
2026-07-07T20:35:28,forecast_hot_humid_bursty_r1,forecast,hot_humid,bursty,1,32.15,31.85,31.65,29.15,25.0,45.0,140.0,,100.0,2.0,30.39,,,0,trial
2026-07-07T20:35:28,forecast_hot_humid_bursty_r1,forecast,hot_humid,bursty,1,32.163,31.863,31.663,29.163,25.0,45.0,140.0,,100.0,2.0,30.39,,,0,trial
2026-07-07T20:35:28,forecast_hot_humid_bursty_r1,forecast,hot_humid,bursty,1,32.176,31.876,31.676,29.176,25.0,45.0,140.0,,100.0,2.0,30.4,,,0,trial
2026-07-07T20:35:28,forecast_hot_humid_bursty_r1,forecast,hot_humid,bursty,1,32.189,31.889,31.689,29.189,25.0,45.0,140.0,,100.0,2.0,30.4,,,0,trial
2026-07-07T20:35:28,forecast_hot_humid_bursty_r1,forecast,hot_humid,bursty,1,32.201,31.901,31.701,29.201,25.0,45.0,140.0,,100.0,2.0,30.4,,,0,trial
2026-07-07T20:35:28,forecast_hot_humid_bursty_r1,forecast,hot_humid,bursty,1,32.214,31.914,31.714,29.214,25.0,45.0,140.0,,100.0,2.0,30.4,,,0,trial
2026-07-07T20:35:28,forecast_hot_humid_bursty_r1,forecast,hot_humid,bursty,1,32.227,31.927,31.727,29.227,25.0,45.0,140.0,,100.0,2.0,30.4,,,0,trial
2026-07-07T20:35:28,forecast_hot_humid_bursty_r1,forecast,hot_humid,bursty,1,32.24,31.94,31.74,29.24,25.0,45.0,140.0,,100.0,2.0,30.41,,,0,trial
2026-07-07T20:35:28,forecast_hot_humid_bursty_r1,forecast,hot_humid,bursty,1,32.252,31.952,31.752,29.252,25.0,45.0,140.0,,100.0,2.0,30.41,,,0,trial
2026-07-07T20:35:28,forecast_hot_humid_bursty_r1,forecast,hot_humid,bursty,1,32.265,31.965,31.765,29.265,25.0,45.0,140.0,,100.0,2.0,30.41,,,0,trial
2026-07-07T20:35:28,forecast_hot_humid_bursty_r1,forecast,hot_humid,bursty,1,32.278,31.978,31.778,29.278,25.0,45.0,140.0,,100.0,2.0,30.41,,,0,trial
2026-07-07T20:35:28,forecast_hot_humid_bursty_r1,forecast,hot_humid,bursty,1,32.29,31.99,31.79,29.29,25.0,45.0,140.0,,100.0,2.0,30.42,,,0,trial
2026-07-07T20:35:28,forecast_hot_humid_bursty_r1,forecast,hot_humid,bursty,1,32.303,32.003,31.803,29.303,25.0,45.0,140.0,,100.0,2.0,30.42,,,0,trial
2026-07-07T20:35:28,forecast_hot_humid_bursty_r1,forecast,hot_humid,bursty,1,32.316,32.016,31.816,29.316,25.0,45.0,140.0,,100.0,2.0,30.42,,,0,trial
2026-07-07T20:35:28,forecast_hot_humid_bursty_r1,forecast,hot_humid,bursty,1,32.328,32.028,31.828,29.328,25.0,45.0,140.0,,100.0,2.0,30.42,,,0,trial
2026-07-07T20:35:28,forecast_hot_humid_bursty_r1,forecast,hot_humid,bursty,1,32.341,32.041,31.841,29.341,25.0,45.0,140.0,,100.0,2.0,30.43,,,0,trial
2026-07-07T20:35:28,forecast_hot_humid_bursty_r1,forecast,hot_humid,bursty,1,32.354,32.054,31.854,29.354,25.0,45.0,140.0,,100.0,2.0,30.43,,,0,trial
2026-07-07T20:35:28,forecast_hot_humid_bursty_r1,forecast,hot_humid,bursty,1,32.366,32.066,31.866,29.366,25.0,45.0,140.0,,100.0,2.0,30.43,,,0,trial
2026-07-07T20:35:28,forecast_hot_humid_bursty_r1,forecast,hot_humid,bursty,1,32.379,32.079,31.879,29.379,25.0,45.0,140.0,,100.0,2.0,30.43,,,0,trial
2026-07-07T20:35:28,forecast_hot_humid_bursty_r1,forecast,hot_humid,bursty,1,32.391,32.091,31.891,29.391,25.0,45.0,140.0,,100.0,2.0,30.44,,,0,trial
2026-07-07T20:35:28,forecast_hot_humid_bursty_r1,forecast,hot_humid,bursty,1,32.404,32.104,31.904,29.404,25.0,45.0,140.0,,100.0,2.0,30.44,,,0,trial
2026-07-07T20:35:28,forecast_hot_humid_bursty_r1,forecast,hot_humid,bursty,1,32.417,32.117,31.917,29.417,25.0,45.0,140.0,,100.0,2.0,30.44,,,0,trial
2026-07-07T20:35:28,forecast_hot_humid_bursty_r1,forecast,hot_humid,bursty,1,32.429,32.129,31.929,29.429,25.0,45.0,140.0,,100.0,2.0,30.44,,,0,trial
2026-07-07T20:35:28,forecast_hot_humid_bursty_r1,forecast,hot_humid,bursty,1,32.442,32.142,31.942,29.442,25.0,45.0,140.0,,100.0,2.0,30.45,,,0,trial
2026-07-07T20:35:28,forecast_hot_humid_bursty_r1,forecast,hot_humid,bursty,1,32.454,32.154,31.954,29.454,25.0,45.0,140.0,,100.0,2.0,30.45,,,0,trial
2026-07-07T20:35:28,forecast_hot_humid_bursty_r1,forecast,hot_humid,bursty,1,32.467,32.167,31.967,29.467,25.0,45.0,140.0,,100.0,2.0,30.45,,,0,trial
2026-07-07T20:35:28,forecast_hot_humid_bursty_r1,forecast,hot_humid,bursty,1,32.479,32.179,31.979,29.479,25.0,45.0,140.0,,100.0,2.0,30.45,,,0,trial
2026-07-07T20:35:28,forecast_hot_humid_bursty_r1,forecast,hot_humid,bursty,1,32.492,32.192,31.992,29.492,25.0,45.0,140.0,,100.0,2.0,30.46,,,0,trial
2026-07-07T20:35:28,forecast_hot_humid_bursty_r1,forecast,hot_humid,bursty,1,32.504,32.204,32.004,29.504,25.0,45.0,140.0,,100.0,2.0,30.46,,,0,trial
2026-07-07T20:35:28,forecast_hot_humid_bursty_r1,forecast,hot_humid,bursty,1,32.517,32.217,32.017,29.517,25.0,45.0,140.0,,100.0,2.0,30.46,,,0,trial
2026-07-07T20:35:28,forecast_hot_humid_bursty_r1,forecast,hot_humid,bursty,1,32.529,32.229,32.029,29.529,25.0,45.0,140.0,,100.0,2.0,30.47,,,0,trial
2026-07-07T20:35:28,forecast_hot_humid_bursty_r1,forecast,hot_humid,bursty,1,32.542,32.242,32.042,29.542,25.0,45.0,140.0,,100.0,2.0,30.47,,,0,trial
2026-07-07T20:35:28,forecast_hot_humid_bursty_r1,forecast,hot_humid,bursty,1,32.554,32.254,32.054,29.554,25.0,45.0,140.0,,100.0,2.0,30.47,,,0,trial
2026-07-07T20:35:28,forecast_hot_humid_bursty_r1,forecast,hot_humid,bursty,1,32.567,32.267,32.067,29.567,25.0,45.0,140.0,,100.0,2.0,30.47,,,0,trial
2026-07-07T20:35:28,forecast_hot_humid_bursty_r1,forecast,hot_humid,bursty,1,32.579,32.279,32.079,29.579,25.0,45.0,140.0,,100.0,2.0,30.48,,,0,trial
2026-07-07T20:35:28,forecast_hot_humid_bursty_r1,forecast,hot_humid,bursty,1,32.592,32.292,32.092,29.592,25.0,45.0,140.0,,100.0,2.0,30.48,,,0,trial
2026-07-07T20:35:28,forecast_hot_humid_bursty_r1,forecast,hot_humid,bursty,1,32.604,32.304,32.104,29.604,25.0,45.0,140.0,,100.0,2.0,30.48,,,0,trial
2026-07-07T20:35:28,forecast_hot_humid_bursty_r1,forecast,hot_humid,bursty,1,32.616,32.316,32.116,29.616,25.0,45.0,140.0,,100.0,2.0,30.49,,,0,trial
2026-07-07T20:35:28,forecast_hot_humid_bursty_r1,forecast,hot_humid,bursty,1,32.629,32.329,32.129,29.629,25.0,45.0,140.0,,100.0,2.0,30.49,,,0,trial
2026-07-07T20:35:28,forecast_hot_humid_bursty_r1,forecast,hot_humid,bursty,1,32.642,32.342,32.142,29.642,25.0,45.0,140.0,,75.0,1.5,30.49,,,0,trial
2026-07-07T20:35:28,forecast_hot_humid_bursty_r1,forecast,hot_humid,bursty,1,32.656,32.356,32.156,29.656,25.0,45.0,140.0,,75.0,1.5,30.49,,,0,trial
2026-07-07T20:35:28,forecast_hot_humid_bursty_r1,forecast,hot_humid,bursty,1,32.669,32.369,32.169,29.669,25.0,45.0,140.0,,75.0,1.5,30.5,,,0,trial
2026-07-07T20:35:28,forecast_hot_humid_bursty_r1,forecast,hot_humid,bursty,1,32.682,32.382,32.182,29.682,25.0,45.0,140.0,,75.0,1.5,30.5,,,0,trial
2026-07-07T20:35:28,forecast_hot_humid_bursty_r1,forecast,hot_humid,bursty,1,32.696,32.396,32.196,29.696,25.0,45.0,140.0,,75.0,1.5,30.5,,,0,trial
2026-07-07T20:35:28,forecast_hot_humid_bursty_r1,forecast,hot_humid,bursty,1,32.709,32.409,32.209,29.709,25.0,45.0,140.0,,75.0,1.5,30.51,,,0,trial
2026-07-07T20:35:28,forecast_hot_humid_bursty_r1,forecast,hot_humid,bursty,1,32.722,32.422,32.222,29.722,25.0,45.0,140.0,,75.0,1.5,30.51,,,0,trial
2026-07-07T20:35:28,forecast_hot_humid_bursty_r1,forecast,hot_humid,bursty,1,32.735,32.435,32.235,29.735,25.0,45.0,140.0,,75.0,1.5,30.51,,,0,trial
2026-07-07T20:35:28,forecast_hot_humid_bursty_r1,forecast,hot_humid,bursty,1,32.749,32.449,32.249,29.749,25.0,45.0,140.0,,75.0,1.5,30.51,,,0,trial
2026-07-07T20:35:28,forecast_hot_humid_bursty_r1,forecast,hot_humid,bursty,1,32.762,32.462,32.262,29.762,25.0,45.0,140.0,,75.0,1.5,30.52,,,0,trial
2026-07-07T20:35:28,forecast_hot_humid_bursty_r1,forecast,hot_humid,bursty,1,32.775,32.475,32.275,29.775,25.0,45.0,140.0,,75.0,1.5,30.52,,,0,trial
2026-07-07T20:35:28,forecast_hot_humid_bursty_r1,forecast,hot_humid,bursty,1,32.788,32.488,32.288,29.788,25.0,45.0,140.0,,75.0,1.5,30.52,,,0,trial
2026-07-07T20:35:28,forecast_hot_humid_bursty_r1,forecast,hot_humid,bursty,1,32.802,32.502,32.302,29.802,25.0,45.0,140.0,,75.0,1.5,30.53,,,0,trial
2026-07-07T20:35:28,forecast_hot_humid_bursty_r1,forecast,hot_humid,bursty,1,32.815,32.515,32.315,29.815,25.0,45.0,140.0,,75.0,1.5,30.53,,,0,trial
2026-07-07T20:35:28,forecast_hot_humid_bursty_r1,forecast,hot_humid,bursty,1,32.828,32.528,32.328,29.828,25.0,45.0,140.0,,75.0,1.5,30.53,,,0,trial
2026-07-07T20:35:28,forecast_hot_humid_bursty_r1,forecast,hot_humid,bursty,1,32.841,32.541,32.341,29.841,25.0,45.0,140.0,,75.0,1.5,30.54,,,0,trial
2026-07-07T20:35:28,forecast_hot_humid_bursty_r1,forecast,hot_humid,bursty,1,32.855,32.555,32.355,29.855,25.0,45.0,140.0,,75.0,1.5,30.54,,,0,trial
2026-07-07T20:35:28,forecast_hot_humid_bursty_r1,forecast,hot_humid,bursty,1,32.868,32.568,32.368,29.868,25.0,45.0,140.0,,75.0,1.5,30.54,,,0,trial
2026-07-07T20:35:28,forecast_hot_humid_bursty_r1,forecast,hot_humid,bursty,1,32.881,32.581,32.381,29.881,25.0,45.0,140.0,,75.0,1.5,30.55,,,0,trial
2026-07-07T20:35:28,forecast_hot_humid_bursty_r1,forecast,hot_humid,bursty,1,32.894,32.594,32.394,29.894,25.0,45.0,140.0,,75.0,1.5,30.55,,,0,trial
2026-07-07T20:35:28,forecast_hot_humid_bursty_r1,forecast,hot_humid,bursty,1,32.907,32.607,32.407,29.907,25.0,45.0,140.0,,75.0,1.5,30.55,,,0,trial
2026-07-07T20:35:28,forecast_hot_humid_bursty_r1,forecast,hot_humid,bursty,1,32.921,32.621,32.421,29.921,25.0,45.0,140.0,,75.0,1.5,30.56,,,0,trial
2026-07-07T20:35:28,forecast_hot_humid_bursty_r1,forecast,hot_humid,bursty,1,32.934,32.634,32.434,29.934,25.0,45.0,140.0,,75.0,1.5,30.56,,,0,trial
2026-07-07T20:35:28,forecast_hot_humid_bursty_r1,forecast,hot_humid,bursty,1,32.947,32.647,32.447,29.947,25.0,45.0,140.0,,75.0,1.5,30.56,,,0,trial
2026-07-07T20:35:28,forecast_hot_humid_bursty_r1,forecast,hot_humid,bursty,1,32.96,32.66,32.46,29.96,25.0,45.0,140.0,,75.0,1.5,30.57,,,0,trial
2026-07-07T20:35:28,forecast_hot_humid_bursty_r1,forecast,hot_humid,bursty,1,32.973,32.673,32.473,29.973,25.0,45.0,140.0,,75.0,1.5,30.57,,,0,trial
2026-07-07T20:35:28,forecast_hot_humid_bursty_r1,forecast,hot_humid,bursty,1,32.986,32.686,32.486,29.986,25.0,45.0,140.0,,75.0,1.5,30.57,,,0,trial
2026-07-07T20:35:28,forecast_hot_humid_bursty_r1,forecast,hot_humid,bursty,1,32.999,32.699,32.499,29.999,25.0,45.0,140.0,,75.0,1.5,30.58,,,0,trial
2026-07-07T20:35:28,forecast_hot_humid_bursty_r1,forecast,hot_humid,bursty,1,33.012,32.712,32.512,30.012,25.0,45.0,140.0,,75.0,1.5,30.58,,,0,trial
2026-07-07T20:35:28,forecast_hot_humid_bursty_r1,forecast,hot_humid,bursty,1,33.026,32.726,32.526,30.026,25.0,45.0,140.0,,75.0,1.5,30.58,,,0,trial
2026-07-07T20:35:28,forecast_hot_humid_bursty_r1,forecast,hot_humid,bursty,1,33.039,32.739,32.539,30.039,25.0,45.0,140.0,,75.0,1.5,30.59,,,0,trial
2026-07-07T20:35:28,forecast_hot_humid_bursty_r1,forecast,hot_humid,bursty,1,33.052,32.752,32.552,30.052,25.0,45.0,140.0,,75.0,1.5,30.59,,,0,trial
2026-07-07T20:35:28,forecast_hot_humid_bursty_r1,forecast,hot_humid,bursty,1,33.065,32.765,32.565,30.065,25.0,45.0,140.0,,75.0,1.5,30.59,,,0,trial
2026-07-07T20:35:28,forecast_hot_humid_bursty_r1,forecast,hot_humid,bursty,1,33.078,32.778,32.578,30.078,25.0,45.0,140.0,,75.0,1.5,30.6,,,0,trial
2026-07-07T20:35:28,forecast_hot_humid_bursty_r1,forecast,hot_humid,bursty,1,33.091,32.791,32.591,30.091,25.0,45.0,140.0,,75.0,1.5,30.6,,,0,trial
2026-07-07T20:35:28,forecast_hot_humid_bursty_r1,forecast,hot_humid,bursty,1,33.104,32.804,32.604,30.104,25.0,45.0,140.0,,75.0,1.5,30.6,,,0,trial
2026-07-07T20:35:28,forecast_hot_humid_bursty_r1,forecast,hot_humid,bursty,1,33.117,32.817,32.617,30.117,25.0,45.0,140.0,,75.0,1.5,30.61,,,0,trial
2026-07-07T20:35:28,forecast_hot_humid_bursty_r1,forecast,hot_humid,bursty,1,33.13,32.83,32.63,30.13,25.0,45.0,140.0,,75.0,1.5,30.61,,,0,trial
2026-07-07T20:35:28,forecast_hot_humid_bursty_r1,forecast,hot_humid,bursty,1,33.143,32.843,32.643,30.143,25.0,45.0,140.0,,75.0,1.5,30.61,,,0,trial
2026-07-07T20:35:28,forecast_hot_humid_bursty_r1,forecast,hot_humid,bursty,1,33.156,32.856,32.656,30.156,25.0,45.0,140.0,,75.0,1.5,30.62,,,0,trial
2026-07-07T20:35:28,forecast_hot_humid_bursty_r1,forecast,hot_humid,bursty,1,33.169,32.869,32.669,30.169,25.0,45.0,140.0,,75.0,1.5,30.62,,,0,trial
2026-07-07T20:35:28,forecast_hot_humid_bursty_r1,forecast,hot_humid,bursty,1,33.182,32.882,32.682,30.182,25.0,45.0,140.0,,75.0,1.5,30.63,,,0,trial
2026-07-07T20:35:28,forecast_hot_humid_bursty_r1,forecast,hot_humid,bursty,1,33.195,32.895,32.695,30.195,25.0,45.0,140.0,,75.0,1.5,30.63,,,0,trial
2026-07-07T20:35:28,forecast_hot_humid_bursty_r1,forecast,hot_humid,bursty,1,33.208,32.908,32.708,30.208,25.0,45.0,140.0,,75.0,1.5,30.63,,,0,trial
2026-07-07T20:35:28,forecast_hot_humid_bursty_r1,forecast,hot_humid,bursty,1,33.221,32.921,32.721,30.221,25.0,45.0,140.0,,75.0,1.5,30.64,,,0,trial
2026-07-07T20:35:28,forecast_hot_humid_bursty_r1,forecast,hot_humid,bursty,1,33.234,32.934,32.734,30.234,25.0,45.0,140.0,,75.0,1.5,30.64,,,0,trial
2026-07-07T20:35:28,forecast_hot_humid_bursty_r1,forecast,hot_humid,bursty,1,33.247,32.947,32.747,30.247,25.0,45.0,140.0,,75.0,1.5,30.64,,,0,trial
2026-07-07T20:35:28,forecast_hot_humid_bursty_r1,forecast,hot_humid,bursty,1,33.26,32.96,32.76,30.26,25.0,45.0,140.0,,75.0,1.5,30.65,,,0,trial
2026-07-07T20:35:28,forecast_hot_humid_bursty_r1,forecast,hot_humid,bursty,1,33.273,32.973,32.773,30.273,25.0,45.0,140.0,,75.0,1.5,30.65,,,0,trial
2026-07-07T20:35:28,forecast_hot_humid_bursty_r1,forecast,hot_humid,bursty,1,33.286,32.986,32.786,30.286,25.0,45.0,140.0,,75.0,1.5,30.66,,,0,trial
2026-07-07T20:35:28,forecast_hot_humid_bursty_r1,forecast,hot_humid,bursty,1,33.299,32.999,32.799,30.299,25.0,45.0,140.0,,75.0,1.5,30.66,,,0,trial
2026-07-07T20:35:28,forecast_hot_humid_bursty_r1,forecast,hot_humid,bursty,1,33.311,33.011,32.811,30.311,25.0,45.0,140.0,,75.0,1.5,30.66,,,0,trial
2026-07-07T20:35:28,forecast_hot_humid_bursty_r1,forecast,hot_humid,bursty,1,33.324,33.024,32.824,30.324,25.0,45.0,140.0,,75.0,1.5,30.67,,,0,trial
2026-07-07T20:35:28,forecast_hot_humid_bursty_r1,forecast,hot_humid,bursty,1,33.337,33.037,32.837,30.337,25.0,45.0,140.0,,75.0,1.5,30.67,,,0,trial
2026-07-07T20:35:28,forecast_hot_humid_bursty_r1,forecast,hot_humid,bursty,1,33.35,33.05,32.85,30.35,25.0,45.0,140.0,,75.0,1.5,30.68,,,0,trial
2026-07-07T20:35:28,forecast_hot_humid_bursty_r1,forecast,hot_humid,bursty,1,33.363,33.063,32.863,30.363,25.0,45.0,140.0,,75.0,1.5,30.68,,,0,trial
2026-07-07T20:35:28,forecast_hot_humid_bursty_r1,forecast,hot_humid,bursty,1,33.376,33.076,32.876,30.376,25.0,45.0,140.0,,75.0,1.5,30.68,,,0,trial
2026-07-07T20:35:28,forecast_hot_humid_bursty_r1,forecast,hot_humid,bursty,1,33.389,33.089,32.889,30.389,25.0,45.0,140.0,,75.0,1.5,30.69,,,0,trial
2026-07-07T20:35:28,forecast_hot_humid_bursty_r1,forecast,hot_humid,bursty,1,33.402,33.102,32.902,30.402,25.0,45.0,140.0,,75.0,1.5,30.69,,,0,trial
2026-07-07T20:35:28,forecast_hot_humid_bursty_r1,forecast,hot_humid,bursty,1,33.414,33.114,32.914,30.414,25.0,45.0,140.0,,75.0,1.5,30.7,,,0,trial
2026-07-07T20:35:28,forecast_hot_humid_bursty_r1,forecast,hot_humid,bursty,1,33.426,33.126,32.926,30.426,25.0,45.0,140.0,,100.0,2.0,30.7,,,0,trial
2026-07-07T20:35:28,forecast_hot_humid_bursty_r1,forecast,hot_humid,bursty,1,33.438,33.138,32.938,30.438,25.0,45.0,140.0,,100.0,2.0,30.7,,,0,trial
2026-07-07T20:35:28,forecast_hot_humid_bursty_r1,forecast,hot_humid,bursty,1,33.45,33.15,32.95,30.45,25.0,45.0,140.0,,100.0,2.0,30.71,,,0,trial
2026-07-07T20:35:28,forecast_hot_humid_bursty_r1,forecast,hot_humid,bursty,1,33.461,33.161,32.961,30.461,25.0,45.0,140.0,,100.0,2.0,30.71,,,0,trial
2026-07-07T20:35:28,forecast_hot_humid_bursty_r1,forecast,hot_humid,bursty,1,33.473,33.173,32.973,30.473,25.0,45.0,140.0,,100.0,2.0,30.72,,,0,trial
2026-07-07T20:35:28,forecast_hot_humid_bursty_r1,forecast,hot_humid,bursty,1,33.485,33.185,32.985,30.485,25.0,45.0,140.0,,100.0,2.0,30.72,,,0,trial
2026-07-07T20:35:28,forecast_hot_humid_bursty_r1,forecast,hot_humid,bursty,1,33.497,33.197,32.997,30.497,25.0,45.0,140.0,,100.0,2.0,30.72,,,0,trial
2026-07-07T20:35:28,forecast_hot_humid_bursty_r1,forecast,hot_humid,bursty,1,33.508,33.208,33.008,30.508,25.0,45.0,140.0,,100.0,2.0,30.73,,,0,trial
2026-07-07T20:35:28,forecast_hot_humid_bursty_r1,forecast,hot_humid,bursty,1,33.52,33.22,33.02,30.52,25.0,45.0,140.0,,100.0,2.0,30.73,,,0,trial
2026-07-07T20:35:28,forecast_hot_humid_bursty_r1,forecast,hot_humid,bursty,1,33.532,33.232,33.032,30.532,25.0,45.0,140.0,,100.0,2.0,30.74,,,0,trial
2026-07-07T20:35:28,forecast_hot_humid_bursty_r1,forecast,hot_humid,bursty,1,33.543,33.243,33.043,30.543,25.0,45.0,140.0,,100.0,2.0,30.74,,,0,trial
2026-07-07T20:35:28,forecast_hot_humid_bursty_r1,forecast,hot_humid,bursty,1,33.555,33.255,33.055,30.555,25.0,45.0,140.0,,100.0,2.0,30.75,,,0,trial
2026-07-07T20:35:28,forecast_hot_humid_bursty_r1,forecast,hot_humid,bursty,1,33.567,33.267,33.067,30.567,25.0,45.0,140.0,,100.0,2.0,30.75,,,0,trial
2026-07-07T20:35:28,forecast_hot_humid_bursty_r1,forecast,hot_humid,bursty,1,33.578,33.278,33.078,30.578,25.0,45.0,140.0,,100.0,2.0,30.75,,,0,trial
2026-07-07T20:35:28,forecast_hot_humid_bursty_r1,forecast,hot_humid,bursty,1,33.59,33.29,33.09,30.59,25.0,45.0,140.0,,100.0,2.0,30.76,,,0,trial
2026-07-07T20:35:28,forecast_hot_humid_bursty_r1,forecast,hot_humid,bursty,1,33.602,33.302,33.102,30.602,25.0,45.0,140.0,,100.0,2.0,30.76,,,0,trial
2026-07-07T20:35:28,forecast_hot_humid_bursty_r1,forecast,hot_humid,bursty,1,33.613,33.313,33.113,30.613,25.0,45.0,140.0,,100.0,2.0,30.77,,,0,trial
2026-07-07T20:35:28,forecast_hot_humid_bursty_r1,forecast,hot_humid,bursty,1,33.625,33.325,33.125,30.625,25.0,45.0,140.0,,100.0,2.0,30.77,,,0,trial
2026-07-07T20:35:28,forecast_hot_humid_bursty_r1,forecast,hot_humid,bursty,1,33.637,33.337,33.137,30.637,25.0,45.0,140.0,,100.0,2.0,30.78,,,0,trial
2026-07-07T20:35:28,forecast_hot_humid_bursty_r1,forecast,hot_humid,bursty,1,33.648,33.348,33.148,30.648,25.0,45.0,140.0,,100.0,2.0,30.78,,,0,trial
2026-07-07T20:35:28,forecast_hot_humid_bursty_r1,forecast,hot_humid,bursty,1,33.66,33.36,33.16,30.66,25.0,45.0,140.0,,100.0,2.0,30.79,,,0,trial
2026-07-07T20:35:28,forecast_hot_humid_bursty_r1,forecast,hot_humid,bursty,1,33.671,33.371,33.171,30.671,25.0,45.0,140.0,,100.0,2.0,30.79,,,0,trial
2026-07-07T20:35:28,forecast_hot_humid_bursty_r1,forecast,hot_humid,bursty,1,33.683,33.383,33.183,30.683,25.0,45.0,140.0,,100.0,2.0,30.79,,,0,trial
2026-07-07T20:35:28,forecast_hot_humid_bursty_r1,forecast,hot_humid,bursty,1,33.694,33.394,33.194,30.694,25.0,45.0,140.0,,100.0,2.0,30.8,,,0,trial
2026-07-07T20:35:28,forecast_hot_humid_bursty_r1,forecast,hot_humid,bursty,1,33.706,33.406,33.206,30.706,25.0,45.0,140.0,,100.0,2.0,30.8,,,0,trial
2026-07-07T20:35:28,forecast_hot_humid_bursty_r1,forecast,hot_humid,bursty,1,33.718,33.418,33.218,30.718,25.0,45.0,140.0,,100.0,2.0,30.81,,,0,trial
2026-07-07T20:35:28,forecast_hot_humid_bursty_r1,forecast,hot_humid,bursty,1,33.729,33.429,33.229,30.729,25.0,45.0,140.0,,100.0,2.0,30.81,,,0,trial
2026-07-07T20:35:28,forecast_hot_humid_bursty_r1,forecast,hot_humid,bursty,1,33.741,33.441,33.241,30.741,25.0,45.0,140.0,,100.0,2.0,30.82,,,0,trial
2026-07-07T20:35:28,forecast_hot_humid_bursty_r1,forecast,hot_humid,bursty,1,33.752,33.452,33.252,30.752,25.0,45.0,140.0,,100.0,2.0,30.82,,,0,trial
2026-07-07T20:35:28,forecast_hot_humid_bursty_r1,forecast,hot_humid,bursty,1,33.753,33.453,33.253,30.753,25.0,45.0,60.0,,100.0,2.0,30.83,,,0,trial
2026-07-07T20:35:28,forecast_hot_humid_bursty_r1,forecast,hot_humid,bursty,1,33.754,33.454,33.254,30.754,25.0,45.0,60.0,,100.0,2.0,30.83,,,0,trial
2026-07-07T20:35:28,forecast_hot_humid_bursty_r1,forecast,hot_humid,bursty,1,33.755,33.455,33.255,30.755,25.0,45.0,60.0,,100.0,2.0,30.84,,,0,trial
2026-07-07T20:35:28,forecast_hot_humid_bursty_r1,forecast,hot_humid,bursty,1,33.756,33.456,33.256,30.756,25.0,45.0,60.0,,100.0,2.0,30.84,,,0,trial
2026-07-07T20:35:28,forecast_hot_humid_bursty_r1,forecast,hot_humid,bursty,1,33.757,33.457,33.257,30.757,25.0,45.0,60.0,,100.0,2.0,30.85,,,0,trial
2026-07-07T20:35:28,forecast_hot_humid_bursty_r1,forecast,hot_humid,bursty,1,33.758,33.458,33.258,30.758,25.0,45.0,60.0,,100.0,2.0,30.85,,,0,trial
2026-07-07T20:35:28,forecast_hot_humid_bursty_r1,forecast,hot_humid,bursty,1,33.759,33.459,33.259,30.759,25.0,45.0,60.0,,100.0,2.0,30.86,,,0,trial
2026-07-07T20:35:28,forecast_hot_humid_bursty_r1,forecast,hot_humid,bursty,1,33.76,33.46,33.26,30.76,25.0,45.0,60.0,,100.0,2.0,30.86,,,0,trial
2026-07-07T20:35:28,forecast_hot_humid_bursty_r1,forecast,hot_humid,bursty,1,33.761,33.461,33.261,30.761,25.0,45.0,60.0,,100.0,2.0,30.87,,,0,trial
2026-07-07T20:35:28,forecast_hot_humid_bursty_r1,forecast,hot_humid,bursty,1,33.762,33.462,33.262,30.762,25.0,45.0,60.0,,100.0,2.0,30.87,,,0,trial
2026-07-07T20:35:28,forecast_hot_humid_bursty_r1,forecast,hot_humid,bursty,1,33.763,33.463,33.263,30.763,25.0,45.0,60.0,,100.0,2.0,30.88,,,0,trial
2026-07-07T20:35:28,forecast_hot_humid_bursty_r1,forecast,hot_humid,bursty,1,33.764,33.464,33.264,30.764,25.0,45.0,60.0,,100.0,2.0,30.88,,,0,trial
2026-07-07T20:35:28,forecast_hot_humid_bursty_r1,forecast,hot_humid,bursty,1,33.765,33.465,33.265,30.765,25.0,45.0,60.0,,100.0,2.0,30.89,,,0,trial
2026-07-07T20:35:28,forecast_hot_humid_bursty_r1,forecast,hot_humid,bursty,1,33.766,33.466,33.266,30.766,25.0,45.0,60.0,,100.0,2.0,30.89,,,0,trial
2026-07-07T20:35:28,forecast_hot_humid_bursty_r1,forecast,hot_humid,bursty,1,33.767,33.467,33.267,30.767,25.0,45.0,60.0,,100.0,2.0,30.9,,,0,trial
2026-07-07T20:35:28,forecast_hot_humid_bursty_r1,forecast,hot_humid,bursty,1,33.768,33.468,33.268,30.768,25.0,45.0,60.0,,100.0,2.0,30.9,,,0,trial
2026-07-07T20:35:28,forecast_hot_humid_bursty_r1,forecast,hot_humid,bursty,1,33.769,33.469,33.269,30.769,25.0,45.0,60.0,,100.0,2.0,30.91,,,0,trial
2026-07-07T20:35:28,forecast_hot_humid_bursty_r1,forecast,hot_humid,bursty,1,33.77,33.47,33.27,30.77,25.0,45.0,60.0,,100.0,2.0,30.91,,,0,trial
2026-07-07T20:35:28,forecast_hot_humid_bursty_r1,forecast,hot_humid,bursty,1,33.771,33.471,33.271,30.771,25.0,45.0,60.0,,100.0,2.0,30.92,,,0,trial
2026-07-07T20:35:28,forecast_hot_humid_bursty_r1,forecast,hot_humid,bursty,1,33.772,33.472,33.272,30.772,25.0,45.0,60.0,,100.0,2.0,30.92,,,0,trial
2026-07-07T20:35:28,forecast_hot_humid_bursty_r1,forecast,hot_humid,bursty,1,33.773,33.473,33.273,30.773,25.0,45.0,60.0,,100.0,2.0,30.93,,,0,trial
2026-07-07T20:35:28,forecast_hot_humid_bursty_r1,forecast,hot_humid,bursty,1,33.774,33.474,33.274,30.774,25.0,45.0,60.0,,100.0,2.0,30.93,,,0,trial
2026-07-07T20:35:28,forecast_hot_humid_bursty_r1,forecast,hot_humid,bursty,1,33.775,33.475,33.275,30.775,25.0,45.0,60.0,,100.0,2.0,30.94,,,0,trial
2026-07-07T20:35:28,forecast_hot_humid_bursty_r1,forecast,hot_humid,bursty,1,33.776,33.476,33.276,30.776,25.0,45.0,60.0,,100.0,2.0,30.94,,,0,trial
2026-07-07T20:35:28,forecast_hot_humid_bursty_r1,forecast,hot_humid,bursty,1,33.777,33.477,33.277,30.777,25.0,45.0,60.0,,100.0,2.0,30.95,,,0,trial
2026-07-07T20:35:28,forecast_hot_humid_bursty_r1,forecast,hot_humid,bursty,1,33.778,33.478,33.278,30.778,25.0,45.0,60.0,,100.0,2.0,30.95,,,0,trial
2026-07-07T20:35:28,forecast_hot_humid_bursty_r1,forecast,hot_humid,bursty,1,33.779,33.479,33.279,30.779,25.0,45.0,60.0,,100.0,2.0,30.96,,,0,trial
2026-07-07T20:35:28,forecast_hot_humid_bursty_r1,forecast,hot_humid,bursty,1,33.779,33.479,33.279,30.779,25.0,45.0,60.0,,100.0,2.0,30.97,,,0,trial
2026-07-07T20:35:28,forecast_hot_humid_bursty_r1,forecast,hot_humid,bursty,1,33.78,33.48,33.28,30.78,25.0,45.0,60.0,,100.0,2.0,30.97,,,0,trial
2026-07-07T20:35:28,forecast_hot_humid_bursty_r1,forecast,hot_humid,bursty,1,33.781,33.481,33.281,30.781,25.0,45.0,60.0,,100.0,2.0,30.98,,,0,trial
2026-07-07T20:35:28,forecast_hot_humid_bursty_r1,forecast,hot_humid,bursty,1,33.782,33.482,33.282,30.782,25.0,45.0,60.0,,100.0,2.0,30.98,,,0,trial
2026-07-07T20:35:28,forecast_hot_humid_bursty_r1,forecast,hot_humid,bursty,1,33.783,33.483,33.283,30.783,25.0,45.0,60.0,,100.0,2.0,30.99,,,0,trial
2026-07-07T20:35:28,forecast_hot_humid_bursty_r1,forecast,hot_humid,bursty,1,33.784,33.484,33.284,30.784,25.0,45.0,60.0,,100.0,2.0,30.99,,,0,trial
2026-07-07T20:35:28,forecast_hot_humid_bursty_r1,forecast,hot_humid,bursty,1,33.785,33.485,33.285,30.785,25.0,45.0,60.0,,100.0,2.0,31.0,,,0,trial
2026-07-07T20:35:28,forecast_hot_humid_bursty_r1,forecast,hot_humid,bursty,1,33.786,33.486,33.286,30.786,25.0,45.0,60.0,,100.0,2.0,31.0,,,0,trial
2026-07-07T20:35:28,forecast_hot_humid_bursty_r1,forecast,hot_humid,bursty,1,33.787,33.487,33.287,30.787,25.0,45.0,60.0,,100.0,2.0,31.01,,,0,trial
2026-07-07T20:35:28,forecast_hot_humid_bursty_r1,forecast,hot_humid,bursty,1,33.788,33.488,33.288,30.788,25.0,45.0,60.0,,100.0,2.0,31.02,,,0,trial
2026-07-07T20:35:28,forecast_hot_humid_bursty_r1,forecast,hot_humid,bursty,1,33.789,33.489,33.289,30.789,25.0,45.0,60.0,,100.0,2.0,31.02,,,0,trial
2026-07-07T20:35:28,forecast_hot_humid_bursty_r1,forecast,hot_humid,bursty,1,33.79,33.49,33.29,30.79,25.0,45.0,60.0,,100.0,2.0,31.03,,,0,trial
2026-07-07T20:35:28,forecast_hot_humid_bursty_r1,forecast,hot_humid,bursty,1,33.791,33.491,33.291,30.791,25.0,45.0,60.0,,100.0,2.0,31.03,,,0,trial
2026-07-07T20:35:28,forecast_hot_humid_bursty_r1,forecast,hot_humid,bursty,1,33.792,33.492,33.292,30.792,25.0,45.0,60.0,,100.0,2.0,31.04,,,0,trial
2026-07-07T20:35:28,forecast_hot_humid_bursty_r1,forecast,hot_humid,bursty,1,33.793,33.493,33.293,30.793,25.0,45.0,60.0,,100.0,2.0,31.04,,,0,trial
2026-07-07T20:35:28,forecast_hot_humid_bursty_r1,forecast,hot_humid,bursty,1,33.794,33.494,33.294,30.794,25.0,45.0,60.0,,100.0,2.0,31.05,,,0,trial
2026-07-07T20:35:28,forecast_hot_humid_bursty_r1,forecast,hot_humid,bursty,1,33.795,33.495,33.295,30.795,25.0,45.0,60.0,,100.0,2.0,31.06,,,0,trial
2026-07-07T20:35:28,forecast_hot_humid_bursty_r1,forecast,hot_humid,bursty,1,33.796,33.496,33.296,30.796,25.0,45.0,60.0,,100.0,2.0,31.06,,,0,trial
2026-07-07T20:35:28,forecast_hot_humid_bursty_r1,forecast,hot_humid,bursty,1,33.797,33.497,33.297,30.797,25.0,45.0,60.0,,100.0,2.0,31.07,,,0,trial
2026-07-07T20:35:28,forecast_hot_humid_bursty_r1,forecast,hot_humid,bursty,1,33.798,33.498,33.298,30.798,25.0,45.0,60.0,,100.0,2.0,31.07,,,0,trial
2026-07-07T20:35:28,forecast_hot_humid_bursty_r1,forecast,hot_humid,bursty,1,33.799,33.499,33.299,30.799,25.0,45.0,60.0,,100.0,2.0,31.08,,,0,trial
2026-07-07T20:35:28,forecast_hot_humid_bursty_r1,forecast,hot_humid,bursty,1,33.8,33.5,33.3,30.8,25.0,45.0,60.0,,100.0,2.0,31.09,,,0,trial
2026-07-07T20:35:28,forecast_hot_humid_bursty_r1,forecast,hot_humid,bursty,1,33.8,33.5,33.3,30.8,25.0,45.0,60.0,,100.0,2.0,31.09,,,0,trial
2026-07-07T20:35:28,forecast_hot_humid_bursty_r1,forecast,hot_humid,bursty,1,33.801,33.501,33.301,30.801,25.0,45.0,60.0,,100.0,2.0,31.1,,,0,trial
2026-07-07T20:35:28,forecast_hot_humid_bursty_r1,forecast,hot_humid,bursty,1,33.802,33.502,33.302,30.802,25.0,45.0,60.0,,100.0,2.0,31.1,,,0,trial
2026-07-07T20:35:28,forecast_hot_humid_bursty_r1,forecast,hot_humid,bursty,1,33.803,33.503,33.303,30.803,25.0,45.0,60.0,,100.0,2.0,31.11,,,0,trial
2026-07-07T20:35:28,forecast_hot_humid_bursty_r1,forecast,hot_humid,bursty,1,33.804,33.504,33.304,30.804,25.0,45.0,60.0,,100.0,2.0,31.12,,,0,trial
2026-07-07T20:35:28,forecast_hot_humid_bursty_r1,forecast,hot_humid,bursty,1,33.805,33.505,33.305,30.805,25.0,45.0,60.0,,100.0,2.0,31.12,,,0,trial
2026-07-07T20:35:28,forecast_hot_humid_bursty_r1,forecast,hot_humid,bursty,1,33.806,33.506,33.306,30.806,25.0,45.0,60.0,,100.0,2.0,31.13,,,0,trial
2026-07-07T20:35:28,forecast_hot_humid_bursty_r1,forecast,hot_humid,bursty,1,33.807,33.507,33.307,30.807,25.0,45.0,60.0,,100.0,2.0,31.14,,,0,trial
2026-07-07T20:35:28,forecast_hot_humid_bursty_r1,forecast,hot_humid,bursty,1,33.808,33.508,33.308,30.808,25.0,45.0,60.0,,100.0,2.0,31.14,,,0,trial
2026-07-07T20:35:28,forecast_hot_humid_bursty_r1,forecast,hot_humid,bursty,1,33.809,33.509,33.309,30.809,25.0,45.0,60.0,,100.0,2.0,31.15,,,0,trial
2026-07-07T20:35:28,forecast_hot_humid_bursty_r1,forecast,hot_humid,bursty,1,33.81,33.51,33.31,30.81,25.0,45.0,60.0,,100.0,2.0,31.15,,,0,trial
2026-07-07T20:35:28,forecast_hot_humid_bursty_r1,forecast,hot_humid,bursty,1,33.811,33.511,33.311,30.811,25.0,45.0,60.0,,100.0,2.0,31.16,,,0,trial
2026-07-07T20:35:28,forecast_hot_humid_bursty_r1,forecast,hot_humid,bursty,1,33.812,33.512,33.312,30.812,25.0,45.0,60.0,,100.0,2.0,31.17,,,0,trial
2026-07-07T20:35:28,forecast_hot_humid_bursty_r1,forecast,hot_humid,bursty,1,33.813,33.513,33.313,30.813,25.0,45.0,60.0,,100.0,2.0,31.17,,,0,trial
2026-07-07T20:35:28,forecast_hot_humid_bursty_r1,forecast,hot_humid,bursty,1,33.814,33.514,33.314,30.814,25.0,45.0,60.0,,100.0,2.0,31.18,,,0,trial
2026-07-07T20:35:28,forecast_hot_humid_bursty_r1,forecast,hot_humid,bursty,1,33.815,33.515,33.315,30.815,25.0,45.0,60.0,,100.0,2.0,31.19,,,0,trial
2026-07-07T20:35:28,forecast_hot_humid_bursty_r1,forecast,hot_humid,bursty,1,33.816,33.516,33.316,30.816,25.0,45.0,60.0,,100.0,2.0,31.19,,,0,trial
2026-07-07T20:35:28,forecast_hot_humid_bursty_r1,forecast,hot_humid,bursty,1,33.816,33.516,33.316,30.816,25.0,45.0,60.0,,100.0,2.0,31.2,,,0,trial
2026-07-07T20:35:28,forecast_hot_humid_bursty_r1,forecast,hot_humid,bursty,1,33.817,33.517,33.317,30.817,25.0,45.0,60.0,,100.0,2.0,31.21,,,0,trial
2026-07-07T20:35:28,forecast_hot_humid_bursty_r1,forecast,hot_humid,bursty,1,33.818,33.518,33.318,30.818,25.0,45.0,60.0,,100.0,2.0,31.21,,,0,trial
2026-07-07T20:35:28,forecast_hot_humid_bursty_r1,forecast,hot_humid,bursty,1,33.819,33.519,33.319,30.819,25.0,45.0,60.0,,100.0,2.0,31.22,,,0,trial
2026-07-07T20:35:28,forecast_hot_humid_bursty_r1,forecast,hot_humid,bursty,1,33.82,33.52,33.32,30.82,25.0,45.0,60.0,,100.0,2.0,31.23,,,0,trial
2026-07-07T20:35:28,forecast_hot_humid_bursty_r1,forecast,hot_humid,bursty,1,33.821,33.521,33.321,30.821,25.0,45.0,60.0,,100.0,2.0,31.23,,,0,trial
2026-07-07T20:35:28,forecast_hot_humid_bursty_r1,forecast,hot_humid,bursty,1,33.822,33.522,33.322,30.822,25.0,45.0,60.0,,100.0,2.0,31.24,,,0,trial
2026-07-07T20:35:28,forecast_hot_humid_bursty_r1,forecast,hot_humid,bursty,1,33.823,33.523,33.323,30.823,25.0,45.0,60.0,,100.0,2.0,31.25,,,0,trial
2026-07-07T20:35:28,forecast_hot_humid_bursty_r1,forecast,hot_humid,bursty,1,33.824,33.524,33.324,30.824,25.0,45.0,60.0,,100.0,2.0,31.25,,,0,trial
2026-07-07T20:35:28,forecast_hot_humid_bursty_r1,forecast,hot_humid,bursty,1,33.825,33.525,33.325,30.825,25.0,45.0,60.0,,100.0,2.0,31.26,,,0,trial
2026-07-07T20:35:28,forecast_hot_humid_bursty_r1,forecast,hot_humid,bursty,1,33.826,33.526,33.326,30.826,25.0,45.0,60.0,,100.0,2.0,31.27,,,0,trial
2026-07-07T20:35:28,forecast_hot_humid_bursty_r1,forecast,hot_humid,bursty,1,33.827,33.527,33.327,30.827,25.0,45.0,60.0,,100.0,2.0,31.27,,,0,trial
2026-07-07T20:35:28,forecast_hot_humid_bursty_r1,forecast,hot_humid,bursty,1,33.828,33.528,33.328,30.828,25.0,45.0,60.0,,100.0,2.0,31.28,,,0,trial
2026-07-07T20:35:28,forecast_hot_humid_bursty_r1,forecast,hot_humid,bursty,1,33.829,33.529,33.329,30.829,25.0,45.0,60.0,,100.0,2.0,31.29,,,0,trial
2026-07-07T20:35:28,forecast_hot_humid_bursty_r1,forecast,hot_humid,bursty,1,33.83,33.53,33.33,30.83,25.0,45.0,60.0,,100.0,2.0,31.29,,,0,trial
2026-07-07T20:35:28,forecast_hot_humid_bursty_r1,forecast,hot_humid,bursty,1,33.83,33.53,33.33,30.83,25.0,45.0,60.0,,100.0,2.0,31.3,,,0,trial
2026-07-07T20:35:28,forecast_hot_humid_bursty_r1,forecast,hot_humid,bursty,1,33.831,33.531,33.331,30.831,25.0,45.0,60.0,,100.0,2.0,31.31,,,0,trial
2026-07-07T20:35:28,forecast_hot_humid_bursty_r1,forecast,hot_humid,bursty,1,33.832,33.532,33.332,30.832,25.0,45.0,60.0,,100.0,2.0,31.31,,,0,trial
2026-07-07T20:35:28,forecast_hot_humid_bursty_r1,forecast,hot_humid,bursty,1,33.833,33.533,33.333,30.833,25.0,45.0,60.0,,100.0,2.0,31.32,,,0,trial
2026-07-07T20:35:28,forecast_hot_humid_bursty_r1,forecast,hot_humid,bursty,1,33.834,33.534,33.334,30.834,25.0,45.0,60.0,,100.0,2.0,31.33,,,0,trial
2026-07-07T20:35:28,forecast_hot_humid_bursty_r1,forecast,hot_humid,bursty,1,33.835,33.535,33.335,30.835,25.0,45.0,60.0,,100.0,2.0,31.34,,,0,trial
2026-07-07T20:35:28,forecast_hot_humid_bursty_r1,forecast,hot_humid,bursty,1,33.836,33.536,33.336,30.836,25.0,45.0,60.0,,100.0,2.0,31.34,,,0,trial
2026-07-07T20:35:28,forecast_hot_humid_bursty_r1,forecast,hot_humid,bursty,1,33.837,33.537,33.337,30.837,25.0,45.0,60.0,,100.0,2.0,31.35,,,0,trial
2026-07-07T20:35:28,forecast_hot_humid_bursty_r1,forecast,hot_humid,bursty,1,33.838,33.538,33.338,30.838,25.0,45.0,60.0,,100.0,2.0,31.36,,,0,trial
2026-07-07T20:35:28,forecast_hot_humid_bursty_r1,forecast,hot_humid,bursty,1,33.839,33.539,33.339,30.839,25.0,45.0,60.0,,100.0,2.0,31.36,,,0,trial
2026-07-07T20:35:28,forecast_hot_humid_bursty_r1,forecast,hot_humid,bursty,1,33.841,33.541,33.341,30.841,25.0,45.0,60.0,,75.0,1.5,31.37,,,0,trial
2026-07-07T20:35:28,forecast_hot_humid_bursty_r1,forecast,hot_humid,bursty,1,33.843,33.543,33.343,30.843,25.0,45.0,60.0,,75.0,1.5,31.38,,,0,trial
2026-07-07T20:35:28,forecast_hot_humid_bursty_r1,forecast,hot_humid,bursty,1,33.845,33.545,33.345,30.845,25.0,45.0,60.0,,75.0,1.5,31.39,,,0,trial
2026-07-07T20:35:28,forecast_hot_humid_bursty_r1,forecast,hot_humid,bursty,1,33.847,33.547,33.347,30.847,25.0,45.0,60.0,,75.0,1.5,31.39,,,0,trial
2026-07-07T20:35:28,forecast_hot_humid_bursty_r1,forecast,hot_humid,bursty,1,33.849,33.549,33.349,30.849,25.0,45.0,60.0,,75.0,1.5,31.4,,,0,trial
2026-07-07T20:35:28,forecast_hot_humid_bursty_r1,forecast,hot_humid,bursty,1,33.851,33.551,33.351,30.851,25.0,45.0,60.0,,75.0,1.5,31.41,,,0,trial
2026-07-07T20:35:28,forecast_hot_humid_bursty_r1,forecast,hot_humid,bursty,1,33.853,33.553,33.353,30.853,25.0,45.0,60.0,,75.0,1.5,31.42,,,0,trial
2026-07-07T20:35:28,forecast_hot_humid_bursty_r1,forecast,hot_humid,bursty,1,33.855,33.555,33.355,30.855,25.0,45.0,60.0,,75.0,1.5,31.42,,,0,trial
2026-07-07T20:35:28,forecast_hot_humid_bursty_r1,forecast,hot_humid,bursty,1,33.857,33.557,33.357,30.857,25.0,45.0,60.0,,75.0,1.5,31.43,,,0,trial
2026-07-07T20:35:28,forecast_hot_humid_bursty_r1,forecast,hot_humid,bursty,1,33.859,33.559,33.359,30.859,25.0,45.0,60.0,,75.0,1.5,31.44,,,0,trial
2026-07-07T20:35:28,forecast_hot_humid_bursty_r1,forecast,hot_humid,bursty,1,33.861,33.561,33.361,30.861,25.0,45.0,60.0,,75.0,1.5,31.44,,,0,trial
2026-07-07T20:35:28,forecast_hot_humid_bursty_r1,forecast,hot_humid,bursty,1,33.863,33.563,33.363,30.863,25.0,45.0,60.0,,75.0,1.5,31.45,,,0,trial
2026-07-07T20:35:28,forecast_hot_humid_bursty_r1,forecast,hot_humid,bursty,1,33.865,33.565,33.365,30.865,25.0,45.0,60.0,,75.0,1.5,31.46,,,0,trial
2026-07-07T20:35:28,forecast_hot_humid_bursty_r1,forecast,hot_humid,bursty,1,33.867,33.567,33.367,30.867,25.0,45.0,60.0,,75.0,1.5,31.47,,,0,trial
2026-07-07T20:35:28,forecast_hot_humid_bursty_r1,forecast,hot_humid,bursty,1,33.869,33.569,33.369,30.869,25.0,45.0,60.0,,75.0,1.5,31.48,,,0,trial
2026-07-07T20:35:28,forecast_hot_humid_bursty_r1,forecast,hot_humid,bursty,1,33.871,33.571,33.371,30.871,25.0,45.0,60.0,,75.0,1.5,31.48,,,0,trial
2026-07-07T20:35:28,forecast_hot_humid_bursty_r1,forecast,hot_humid,bursty,1,33.873,33.573,33.373,30.873,25.0,45.0,60.0,,75.0,1.5,31.49,,,0,trial
2026-07-07T20:35:28,forecast_hot_humid_bursty_r1,forecast,hot_humid,bursty,1,33.875,33.575,33.375,30.875,25.0,45.0,60.0,,75.0,1.5,31.5,,,0,trial
2026-07-07T20:35:28,forecast_hot_humid_bursty_r1,forecast,hot_humid,bursty,1,33.877,33.577,33.377,30.877,25.0,45.0,60.0,,75.0,1.5,31.51,,,0,trial
2026-07-07T20:35:28,forecast_hot_humid_bursty_r1,forecast,hot_humid,bursty,1,33.879,33.579,33.379,30.879,25.0,45.0,60.0,,75.0,1.5,31.51,,,0,trial
2026-07-07T20:35:28,forecast_hot_humid_bursty_r1,forecast,hot_humid,bursty,1,33.881,33.581,33.381,30.881,25.0,45.0,60.0,,75.0,1.5,31.52,,,0,trial
2026-07-07T20:35:28,forecast_hot_humid_bursty_r1,forecast,hot_humid,bursty,1,33.883,33.583,33.383,30.883,25.0,45.0,60.0,,75.0,1.5,31.53,,,0,trial
2026-07-07T20:35:28,forecast_hot_humid_bursty_r1,forecast,hot_humid,bursty,1,33.885,33.585,33.385,30.885,25.0,45.0,60.0,,75.0,1.5,31.54,,,0,trial
2026-07-07T20:35:28,forecast_hot_humid_bursty_r1,forecast,hot_humid,bursty,1,33.887,33.587,33.387,30.887,25.0,45.0,60.0,,75.0,1.5,31.55,,,0,trial
2026-07-07T20:35:28,forecast_hot_humid_bursty_r1,forecast,hot_humid,bursty,1,33.889,33.589,33.389,30.889,25.0,45.0,60.0,,75.0,1.5,31.55,,,0,trial
2026-07-07T20:35:28,forecast_hot_humid_bursty_r1,forecast,hot_humid,bursty,1,33.891,33.591,33.391,30.891,25.0,45.0,60.0,,75.0,1.5,31.56,,,0,trial
2026-07-07T20:35:28,forecast_hot_humid_bursty_r1,forecast,hot_humid,bursty,1,33.893,33.593,33.393,30.893,25.0,45.0,60.0,,75.0,1.5,31.57,,,0,trial
2026-07-07T20:35:28,forecast_hot_humid_bursty_r1,forecast,hot_humid,bursty,1,33.895,33.595,33.395,30.895,25.0,45.0,60.0,,75.0,1.5,31.58,,,0,trial
2026-07-07T20:35:28,forecast_hot_humid_bursty_r1,forecast,hot_humid,bursty,1,33.897,33.597,33.397,30.897,25.0,45.0,60.0,,75.0,1.5,31.59,,,0,trial
2026-07-07T20:35:28,forecast_hot_humid_bursty_r1,forecast,hot_humid,bursty,1,33.899,33.599,33.399,30.899,25.0,45.0,60.0,,75.0,1.5,31.59,,,0,trial
2026-07-07T20:35:28,forecast_hot_humid_bursty_r1,forecast,hot_humid,bursty,1,33.901,33.601,33.401,30.901,25.0,45.0,60.0,,75.0,1.5,31.6,,,0,trial
2026-07-07T20:35:28,forecast_hot_humid_bursty_r1,forecast,hot_humid,bursty,1,33.903,33.603,33.403,30.903,25.0,45.0,60.0,,75.0,1.5,31.61,,,0,trial
2026-07-07T20:35:28,forecast_hot_humid_bursty_r1,forecast,hot_humid,bursty,1,33.905,33.605,33.405,30.905,25.0,45.0,60.0,,75.0,1.5,31.62,,,0,trial
2026-07-07T20:35:28,forecast_hot_humid_bursty_r1,forecast,hot_humid,bursty,1,33.907,33.607,33.407,30.907,25.0,45.0,60.0,,75.0,1.5,31.63,,,0,trial
2026-07-07T20:35:28,forecast_hot_humid_bursty_r1,forecast,hot_humid,bursty,1,33.909,33.609,33.409,30.909,25.0,45.0,60.0,,75.0,1.5,31.63,,,0,trial
2026-07-07T20:35:28,forecast_hot_humid_bursty_r1,forecast,hot_humid,bursty,1,33.911,33.611,33.411,30.911,25.0,45.0,60.0,,75.0,1.5,31.64,,,0,trial
2026-07-07T20:35:28,forecast_hot_humid_bursty_r1,forecast,hot_humid,bursty,1,33.913,33.613,33.413,30.913,25.0,45.0,60.0,,75.0,1.5,31.65,,,0,trial
2026-07-07T20:35:28,forecast_hot_humid_bursty_r1,forecast,hot_humid,bursty,1,33.915,33.615,33.415,30.915,25.0,45.0,60.0,,75.0,1.5,31.66,,,0,trial
2026-07-07T20:35:28,forecast_hot_humid_bursty_r1,forecast,hot_humid,bursty,1,33.916,33.616,33.416,30.916,25.0,45.0,60.0,,75.0,1.5,31.67,,,0,trial
2026-07-07T20:35:28,forecast_hot_humid_bursty_r1,forecast,hot_humid,bursty,1,33.918,33.618,33.418,30.918,25.0,45.0,60.0,,75.0,1.5,31.68,,,0,trial
2026-07-07T20:35:28,forecast_hot_humid_bursty_r1,forecast,hot_humid,bursty,1,33.92,33.62,33.42,30.92,25.0,45.0,60.0,,75.0,1.5,31.68,,,0,trial
2026-07-07T20:35:28,forecast_hot_humid_bursty_r1,forecast,hot_humid,bursty,1,33.922,33.622,33.422,30.922,25.0,45.0,60.0,,75.0,1.5,31.69,,,0,trial
2026-07-07T20:35:28,forecast_hot_humid_bursty_r1,forecast,hot_humid,bursty,1,33.924,33.624,33.424,30.924,25.0,45.0,60.0,,75.0,1.5,31.7,,,0,trial
2026-07-07T20:35:28,forecast_hot_humid_bursty_r1,forecast,hot_humid,bursty,1,33.926,33.626,33.426,30.926,25.0,45.0,60.0,,75.0,1.5,31.71,,,0,trial
2026-07-07T20:35:28,forecast_hot_humid_bursty_r1,forecast,hot_humid,bursty,1,33.928,33.628,33.428,30.928,25.0,45.0,60.0,,75.0,1.5,31.72,,,0,trial
2026-07-07T20:35:28,forecast_hot_humid_bursty_r1,forecast,hot_humid,bursty,1,33.93,33.63,33.43,30.93,25.0,45.0,60.0,,75.0,1.5,31.73,,,0,trial
2026-07-07T20:35:28,forecast_hot_humid_bursty_r1,forecast,hot_humid,bursty,1,33.932,33.632,33.432,30.932,25.0,45.0,60.0,,75.0,1.5,31.74,,,0,trial
2026-07-07T20:35:28,forecast_hot_humid_bursty_r1,forecast,hot_humid,bursty,1,33.934,33.634,33.434,30.934,25.0,45.0,60.0,,75.0,1.5,31.74,,,0,trial
2026-07-07T20:35:28,forecast_hot_humid_bursty_r1,forecast,hot_humid,bursty,1,33.936,33.636,33.436,30.936,25.0,45.0,60.0,,75.0,1.5,31.75,,,0,trial
2026-07-07T20:35:28,forecast_hot_humid_bursty_r1,forecast,hot_humid,bursty,1,33.938,33.638,33.438,30.938,25.0,45.0,60.0,,75.0,1.5,31.76,,,0,trial
2026-07-07T20:35:28,forecast_hot_humid_bursty_r1,forecast,hot_humid,bursty,1,33.94,33.64,33.44,30.94,25.0,45.0,60.0,,75.0,1.5,31.77,,,0,trial
2026-07-07T20:35:28,forecast_hot_humid_bursty_r1,forecast,hot_humid,bursty,1,33.942,33.642,33.442,30.942,25.0,45.0,60.0,,75.0,1.5,31.78,,,0,trial
2026-07-07T20:35:28,forecast_hot_humid_bursty_r1,forecast,hot_humid,bursty,1,33.944,33.644,33.444,30.944,25.0,45.0,60.0,,75.0,1.5,31.79,,,0,trial
2026-07-07T20:35:28,forecast_hot_humid_bursty_r1,forecast,hot_humid,bursty,1,33.946,33.646,33.446,30.946,25.0,45.0,60.0,,75.0,1.5,31.8,,,0,trial
2026-07-07T20:35:28,forecast_hot_humid_bursty_r1,forecast,hot_humid,bursty,1,33.948,33.648,33.448,30.948,25.0,45.0,60.0,,75.0,1.5,31.81,,,0,trial
2026-07-07T20:35:28,forecast_hot_humid_bursty_r1,forecast,hot_humid,bursty,1,33.95,33.65,33.45,30.95,25.0,45.0,60.0,,75.0,1.5,31.81,,,0,trial
2026-07-07T20:35:28,forecast_hot_humid_bursty_r1,forecast,hot_humid,bursty,1,33.952,33.652,33.452,30.952,25.0,45.0,60.0,,75.0,1.5,31.82,,,0,trial
2026-07-07T20:35:28,forecast_hot_humid_bursty_r1,forecast,hot_humid,bursty,1,33.954,33.654,33.454,30.954,25.0,45.0,60.0,,75.0,1.5,31.83,,,0,trial
2026-07-07T20:35:28,forecast_hot_humid_bursty_r1,forecast,hot_humid,bursty,1,33.956,33.656,33.456,30.956,25.0,45.0,60.0,,75.0,1.5,31.84,,,0,trial
2026-07-07T20:35:28,forecast_hot_humid_bursty_r1,forecast,hot_humid,bursty,1,33.958,33.658,33.458,30.958,25.0,45.0,60.0,,75.0,1.5,31.85,,,0,trial
2026-07-07T20:35:28,forecast_hot_humid_bursty_r1,forecast,hot_humid,bursty,1,33.958,33.658,33.458,30.958,25.0,45.0,60.0,,100.0,2.0,31.86,,,0,trial
2026-07-07T20:35:28,forecast_hot_humid_bursty_r1,forecast,hot_humid,bursty,1,33.959,33.659,33.459,30.959,25.0,45.0,60.0,,100.0,2.0,31.87,,,0,trial
2026-07-07T20:35:28,forecast_hot_humid_bursty_r1,forecast,hot_humid,bursty,1,33.96,33.66,33.46,30.96,25.0,45.0,60.0,,100.0,2.0,31.88,,,0,trial
2026-07-07T20:35:28,forecast_hot_humid_bursty_r1,forecast,hot_humid,bursty,1,33.961,33.661,33.461,30.961,25.0,45.0,60.0,,100.0,2.0,31.89,,,0,trial
2026-07-07T20:35:28,forecast_hot_humid_bursty_r1,forecast,hot_humid,bursty,1,33.962,33.662,33.462,30.962,25.0,45.0,60.0,,100.0,2.0,31.89,,,0,trial
2026-07-07T20:35:28,forecast_hot_humid_bursty_r1,forecast,hot_humid,bursty,1,33.962,33.662,33.462,30.962,25.0,45.0,60.0,,100.0,2.0,31.9,,,0,trial
2026-07-07T20:35:28,forecast_hot_humid_bursty_r1,forecast,hot_humid,bursty,1,33.963,33.663,33.463,30.963,25.0,45.0,60.0,,100.0,2.0,31.91,,,0,trial
2026-07-07T20:35:28,forecast_hot_humid_bursty_r1,forecast,hot_humid,bursty,1,33.964,33.664,33.464,30.964,25.0,45.0,60.0,,100.0,2.0,31.92,,,0,trial
2026-07-07T20:35:28,forecast_hot_humid_bursty_r1,forecast,hot_humid,bursty,1,33.965,33.665,33.465,30.965,25.0,45.0,60.0,,100.0,2.0,31.93,,,0,trial
2026-07-07T20:35:28,forecast_hot_humid_bursty_r1,forecast,hot_humid,bursty,1,33.966,33.666,33.466,30.966,25.0,45.0,60.0,,100.0,2.0,31.94,,,0,trial
2026-07-07T20:35:28,forecast_hot_humid_bursty_r1,forecast,hot_humid,bursty,1,33.967,33.667,33.467,30.967,25.0,45.0,60.0,,100.0,2.0,31.95,,,0,trial
2026-07-07T20:35:28,forecast_hot_humid_bursty_r1,forecast,hot_humid,bursty,1,33.967,33.667,33.467,30.967,25.0,45.0,60.0,,100.0,2.0,31.96,,,0,trial
2026-07-07T20:35:28,forecast_hot_humid_bursty_r1,forecast,hot_humid,bursty,1,33.968,33.668,33.468,30.968,25.0,45.0,60.0,,100.0,2.0,31.97,,,0,trial
2026-07-07T20:35:28,forecast_hot_humid_bursty_r1,forecast,hot_humid,bursty,1,33.969,33.669,33.469,30.969,25.0,45.0,60.0,,100.0,2.0,31.98,,,0,trial
2026-07-07T20:35:28,forecast_hot_humid_bursty_r1,forecast,hot_humid,bursty,1,33.97,33.67,33.47,30.97,25.0,45.0,60.0,,100.0,2.0,31.99,,,0,trial
2026-07-07T20:35:28,forecast_hot_humid_bursty_r1,forecast,hot_humid,bursty,1,33.971,33.671,33.471,30.971,25.0,45.0,60.0,,100.0,2.0,32.0,,,0,trial
2026-07-07T20:35:28,forecast_hot_humid_bursty_r1,forecast,hot_humid,bursty,1,33.971,33.671,33.471,30.971,25.0,45.0,60.0,,100.0,2.0,32.01,,,0,trial
2026-07-07T20:35:28,forecast_hot_humid_bursty_r1,forecast,hot_humid,bursty,1,33.972,33.672,33.472,30.972,25.0,45.0,60.0,,100.0,2.0,32.02,,,0,trial
2026-07-07T20:35:28,forecast_hot_humid_bursty_r1,forecast,hot_humid,bursty,1,33.973,33.673,33.473,30.973,25.0,45.0,60.0,,100.0,2.0,32.03,,,0,trial
2026-07-07T20:35:28,forecast_hot_humid_bursty_r1,forecast,hot_humid,bursty,1,33.974,33.674,33.474,30.974,25.0,45.0,60.0,,100.0,2.0,32.04,,,0,trial
2026-07-07T20:35:28,forecast_hot_humid_bursty_r1,forecast,hot_humid,bursty,1,33.975,33.675,33.475,30.975,25.0,45.0,60.0,,100.0,2.0,32.04,,,0,trial
2026-07-07T20:35:28,forecast_hot_humid_bursty_r1,forecast,hot_humid,bursty,1,33.976,33.676,33.476,30.976,25.0,45.0,60.0,,100.0,2.0,32.05,,,0,trial
2026-07-07T20:35:28,forecast_hot_humid_bursty_r1,forecast,hot_humid,bursty,1,33.976,33.676,33.476,30.976,25.0,45.0,60.0,,100.0,2.0,32.06,,,0,trial
2026-07-07T20:35:28,forecast_hot_humid_bursty_r1,forecast,hot_humid,bursty,1,33.977,33.677,33.477,30.977,25.0,45.0,60.0,,100.0,2.0,32.07,,,0,trial
2026-07-07T20:35:28,forecast_hot_humid_bursty_r1,forecast,hot_humid,bursty,1,33.978,33.678,33.478,30.978,25.0,45.0,60.0,,100.0,2.0,32.08,,,0,trial
2026-07-07T20:35:28,forecast_hot_humid_bursty_r1,forecast,hot_humid,bursty,1,33.979,33.679,33.479,30.979,25.0,45.0,60.0,,100.0,2.0,32.09,,,0,trial
2026-07-07T20:35:28,forecast_hot_humid_bursty_r1,forecast,hot_humid,bursty,1,33.98,33.68,33.48,30.98,25.0,45.0,60.0,,100.0,2.0,32.1,,,0,trial
2026-07-07T20:35:28,forecast_hot_humid_bursty_r1,forecast,hot_humid,bursty,1,33.98,33.68,33.48,30.98,25.0,45.0,60.0,,100.0,2.0,32.11,,,0,trial
2026-07-07T20:35:28,forecast_hot_humid_bursty_r1,forecast,hot_humid,bursty,1,33.981,33.681,33.481,30.981,25.0,45.0,60.0,,100.0,2.0,32.12,,,0,trial
2026-07-07T20:35:28,forecast_hot_humid_bursty_r1,forecast,hot_humid,bursty,1,33.982,33.682,33.482,30.982,25.0,45.0,60.0,,100.0,2.0,32.13,,,0,trial
2026-07-07T20:35:28,forecast_hot_humid_bursty_r1,forecast,hot_humid,bursty,1,33.983,33.683,33.483,30.983,25.0,45.0,60.0,,100.0,2.0,32.14,,,0,trial
2026-07-07T20:35:28,forecast_hot_humid_bursty_r1,forecast,hot_humid,bursty,1,33.984,33.684,33.484,30.984,25.0,45.0,60.0,,100.0,2.0,32.15,,,0,trial
2026-07-07T20:35:28,forecast_hot_humid_bursty_r1,forecast,hot_humid,bursty,1,33.984,33.684,33.484,30.984,25.0,45.0,60.0,,100.0,2.0,32.16,,,0,trial
2026-07-07T20:35:28,forecast_hot_humid_bursty_r1,forecast,hot_humid,bursty,1,33.985,33.685,33.485,30.985,25.0,45.0,60.0,,100.0,2.0,32.17,,,0,trial
2026-07-07T20:35:28,forecast_hot_humid_bursty_r1,forecast,hot_humid,bursty,1,33.986,33.686,33.486,30.986,25.0,45.0,60.0,,100.0,2.0,32.18,,,0,trial
2026-07-07T20:35:28,forecast_hot_humid_bursty_r1,forecast,hot_humid,bursty,1,33.987,33.687,33.487,30.987,25.0,45.0,60.0,,100.0,2.0,32.19,,,0,trial
2026-07-07T20:35:28,forecast_hot_humid_bursty_r1,forecast,hot_humid,bursty,1,33.988,33.688,33.488,30.988,25.0,45.0,60.0,,100.0,2.0,32.2,,,0,trial
2026-07-07T20:35:28,forecast_hot_humid_bursty_r1,forecast,hot_humid,bursty,1,33.988,33.688,33.488,30.988,25.0,45.0,60.0,,100.0,2.0,32.21,,,0,trial
2026-07-07T20:35:28,forecast_hot_humid_bursty_r1,forecast,hot_humid,bursty,1,33.989,33.689,33.489,30.989,25.0,45.0,60.0,,100.0,2.0,32.22,,,0,trial
2026-07-07T20:35:28,forecast_hot_humid_bursty_r1,forecast,hot_humid,bursty,1,33.99,33.69,33.49,30.99,25.0,45.0,60.0,,100.0,2.0,32.23,,,0,trial
2026-07-07T20:35:28,forecast_hot_humid_bursty_r1,forecast,hot_humid,bursty,1,33.991,33.691,33.491,30.991,25.0,45.0,60.0,,100.0,2.0,32.24,,,0,trial
2026-07-07T20:35:28,forecast_hot_humid_bursty_r1,forecast,hot_humid,bursty,1,33.992,33.692,33.492,30.992,25.0,45.0,60.0,,100.0,2.0,32.25,,,0,trial
2026-07-07T20:35:28,forecast_hot_humid_bursty_r1,forecast,hot_humid,bursty,1,33.992,33.692,33.492,30.992,25.0,45.0,60.0,,100.0,2.0,32.26,,,0,trial
2026-07-07T20:35:28,forecast_hot_humid_bursty_r1,forecast,hot_humid,bursty,1,33.993,33.693,33.493,30.993,25.0,45.0,60.0,,100.0,2.0,32.27,,,0,trial
2026-07-07T20:35:28,forecast_hot_humid_bursty_r1,forecast,hot_humid,bursty,1,33.994,33.694,33.494,30.994,25.0,45.0,60.0,,100.0,2.0,32.28,,,0,trial
2026-07-07T20:35:28,forecast_hot_humid_bursty_r1,forecast,hot_humid,bursty,1,33.995,33.695,33.495,30.995,25.0,45.0,60.0,,100.0,2.0,32.29,,,0,trial
2026-07-07T20:35:28,forecast_hot_humid_bursty_r1,forecast,hot_humid,bursty,1,33.996,33.696,33.496,30.996,25.0,45.0,60.0,,100.0,2.0,32.3,,,0,trial
2026-07-07T20:35:28,forecast_hot_humid_bursty_r1,forecast,hot_humid,bursty,1,33.996,33.696,33.496,30.996,25.0,45.0,60.0,,100.0,2.0,32.31,,,0,trial
2026-07-07T20:35:28,forecast_hot_humid_bursty_r1,forecast,hot_humid,bursty,1,33.997,33.697,33.497,30.997,25.0,45.0,60.0,,100.0,2.0,32.32,,,0,trial
2026-07-07T20:35:28,forecast_hot_humid_bursty_r1,forecast,hot_humid,bursty,1,33.998,33.698,33.498,30.998,25.0,45.0,60.0,,100.0,2.0,32.34,,,0,trial
2026-07-07T20:35:28,forecast_hot_humid_bursty_r1,forecast,hot_humid,bursty,1,33.999,33.699,33.499,30.999,25.0,45.0,60.0,,100.0,2.0,32.35,,,0,trial
2026-07-07T20:35:28,forecast_hot_humid_bursty_r1,forecast,hot_humid,bursty,1,33.999,33.699,33.499,30.999,25.0,45.0,60.0,,100.0,2.0,32.36,,,0,trial
2026-07-07T20:35:28,forecast_hot_humid_bursty_r1,forecast,hot_humid,bursty,1,34.0,33.7,33.5,31.0,25.0,45.0,60.0,,100.0,2.0,32.37,,,0,trial
2026-07-07T20:35:28,forecast_hot_humid_bursty_r1,forecast,hot_humid,bursty,1,34.001,33.701,33.501,31.001,25.0,45.0,60.0,,100.0,2.0,32.38,,,0,trial
2026-07-07T20:35:28,forecast_hot_humid_bursty_r1,forecast,hot_humid,bursty,1,34.002,33.702,33.502,31.002,25.0,45.0,60.0,,100.0,2.0,32.39,,,0,trial
2026-07-07T20:35:28,forecast_hot_humid_bursty_r1,forecast,hot_humid,bursty,1,34.003,33.703,33.503,31.003,25.0,45.0,60.0,,100.0,2.0,32.4,,,0,trial
2026-07-07T20:35:28,forecast_hot_humid_bursty_r1,forecast,hot_humid,bursty,1,34.003,33.703,33.503,31.003,25.0,45.0,60.0,,100.0,2.0,32.41,,,0,trial
2026-07-07T20:35:28,forecast_hot_humid_bursty_r1,forecast,hot_humid,bursty,1,34.004,33.704,33.504,31.004,25.0,45.0,60.0,,100.0,2.0,32.42,,,0,trial
2026-07-07T20:35:28,forecast_hot_humid_bursty_r1,forecast,hot_humid,bursty,1,34.005,33.705,33.505,31.005,25.0,45.0,60.0,,100.0,2.0,32.43,,,0,trial
2026-07-07T20:35:28,forecast_hot_humid_bursty_r1,forecast,hot_humid,bursty,1,34.006,33.706,33.506,31.006,25.0,45.0,60.0,,100.0,2.0,32.44,,,0,trial
2026-07-07T20:35:28,forecast_hot_humid_bursty_r1,forecast,hot_humid,bursty,1,34.008,33.708,33.508,31.008,25.0,45.0,60.0,,75.0,1.5,32.45,,,0,trial
2026-07-07T20:35:28,forecast_hot_humid_bursty_r1,forecast,hot_humid,bursty,1,34.01,33.71,33.51,31.01,25.0,45.0,60.0,,75.0,1.5,32.46,,,0,trial
2026-07-07T20:35:28,forecast_hot_humid_bursty_r1,forecast,hot_humid,bursty,1,34.012,33.712,33.512,31.012,25.0,45.0,60.0,,75.0,1.5,32.47,,,0,trial
2026-07-07T20:35:28,forecast_hot_humid_bursty_r1,forecast,hot_humid,bursty,1,34.013,33.713,33.513,31.013,25.0,45.0,60.0,,75.0,1.5,32.48,,,0,trial
2026-07-07T20:35:28,forecast_hot_humid_bursty_r1,forecast,hot_humid,bursty,1,34.015,33.715,33.515,31.015,25.0,45.0,60.0,,75.0,1.5,32.49,,,0,trial
2026-07-07T20:35:28,forecast_hot_humid_bursty_r1,forecast,hot_humid,bursty,1,34.017,33.717,33.517,31.017,25.0,45.0,60.0,,75.0,1.5,32.51,,,0,trial
2026-07-07T20:35:28,forecast_hot_humid_bursty_r1,forecast,hot_humid,bursty,1,34.019,33.719,33.519,31.019,25.0,45.0,60.0,,75.0,1.5,32.52,,,0,trial
2026-07-07T20:35:28,forecast_hot_humid_bursty_r1,forecast,hot_humid,bursty,1,34.021,33.721,33.521,31.021,25.0,45.0,60.0,,75.0,1.5,32.53,,,0,trial
2026-07-07T20:35:28,forecast_hot_humid_bursty_r1,forecast,hot_humid,bursty,1,34.023,33.723,33.523,31.023,25.0,45.0,60.0,,75.0,1.5,32.54,,,0,trial
2026-07-07T20:35:28,forecast_hot_humid_bursty_r1,forecast,hot_humid,bursty,1,34.025,33.725,33.525,31.025,25.0,45.0,60.0,,75.0,1.5,32.55,,,0,trial
2026-07-07T20:35:28,forecast_hot_humid_bursty_r1,forecast,hot_humid,bursty,1,34.027,33.727,33.527,31.027,25.0,45.0,60.0,,75.0,1.5,32.56,,,0,trial
2026-07-07T20:35:28,forecast_hot_humid_bursty_r1,forecast,hot_humid,bursty,1,34.029,33.729,33.529,31.029,25.0,45.0,60.0,,75.0,1.5,32.57,,,0,trial
2026-07-07T20:35:28,forecast_hot_humid_bursty_r1,forecast,hot_humid,bursty,1,34.031,33.731,33.531,31.031,25.0,45.0,60.0,,75.0,1.5,32.58,,,0,trial
2026-07-07T20:35:28,forecast_hot_humid_bursty_r1,forecast,hot_humid,bursty,1,34.032,33.732,33.532,31.032,25.0,45.0,60.0,,75.0,1.5,32.59,,,0,trial
2026-07-07T20:35:28,forecast_hot_humid_bursty_r1,forecast,hot_humid,bursty,1,34.034,33.734,33.534,31.034,25.0,45.0,60.0,,75.0,1.5,32.6,,,0,trial
2026-07-07T20:35:28,forecast_hot_humid_bursty_r1,forecast,hot_humid,bursty,1,34.036,33.736,33.536,31.036,25.0,45.0,60.0,,75.0,1.5,32.61,,,0,trial
2026-07-07T20:35:28,forecast_hot_humid_bursty_r1,forecast,hot_humid,bursty,1,34.038,33.738,33.538,31.038,25.0,45.0,60.0,,75.0,1.5,32.63,,,0,trial
2026-07-07T20:35:28,forecast_hot_humid_bursty_r1,forecast,hot_humid,bursty,1,34.04,33.74,33.54,31.04,25.0,45.0,60.0,,75.0,1.5,32.64,,,0,trial
2026-07-07T20:35:28,forecast_hot_humid_bursty_r1,forecast,hot_humid,bursty,1,34.042,33.742,33.542,31.042,25.0,45.0,60.0,,75.0,1.5,32.65,,,0,trial
2026-07-07T20:35:28,forecast_hot_humid_bursty_r1,forecast,hot_humid,bursty,1,34.044,33.744,33.544,31.044,25.0,45.0,60.0,,75.0,1.5,32.66,,,0,trial
2026-07-07T20:35:28,forecast_hot_humid_bursty_r1,forecast,hot_humid,bursty,1,34.046,33.746,33.546,31.046,25.0,45.0,60.0,,75.0,1.5,32.67,,,0,trial
2026-07-07T20:35:28,forecast_hot_humid_bursty_r1,forecast,hot_humid,bursty,1,34.048,33.748,33.548,31.048,25.0,45.0,60.0,,75.0,1.5,32.68,,,0,trial
2026-07-07T20:35:28,forecast_hot_humid_bursty_r1,forecast,hot_humid,bursty,1,34.049,33.749,33.549,31.049,25.0,45.0,60.0,,75.0,1.5,32.69,,,0,trial
2026-07-07T20:35:28,forecast_hot_humid_bursty_r1,forecast,hot_humid,bursty,1,34.051,33.751,33.551,31.051,25.0,45.0,60.0,,75.0,1.5,32.7,,,0,trial
2026-07-07T20:35:28,forecast_hot_humid_bursty_r1,forecast,hot_humid,bursty,1,34.053,33.753,33.553,31.053,25.0,45.0,60.0,,75.0,1.5,32.72,,,0,trial
2026-07-07T20:35:28,forecast_hot_humid_bursty_r1,forecast,hot_humid,bursty,1,34.055,33.755,33.555,31.055,25.0,45.0,60.0,,75.0,1.5,32.73,,,0,trial
2026-07-07T20:35:28,forecast_hot_humid_bursty_r1,forecast,hot_humid,bursty,1,34.057,33.757,33.557,31.057,25.0,45.0,60.0,,75.0,1.5,32.74,,,0,trial
2026-07-07T20:35:28,forecast_hot_humid_bursty_r1,forecast,hot_humid,bursty,1,34.059,33.759,33.559,31.059,25.0,45.0,60.0,,75.0,1.5,32.75,,,0,trial
2026-07-07T20:35:28,forecast_hot_humid_bursty_r1,forecast,hot_humid,bursty,1,34.061,33.761,33.561,31.061,25.0,45.0,60.0,,75.0,1.5,32.76,,,0,trial
2026-07-07T20:35:28,forecast_hot_humid_bursty_r1,forecast,hot_humid,bursty,1,34.063,33.763,33.563,31.063,25.0,45.0,60.0,,75.0,1.5,32.77,,,0,trial
2026-07-07T20:35:28,forecast_hot_humid_bursty_r1,forecast,hot_humid,bursty,1,34.064,33.764,33.564,31.064,25.0,45.0,60.0,,75.0,1.5,32.78,,,0,trial
2026-07-07T20:35:28,forecast_hot_humid_bursty_r1,forecast,hot_humid,bursty,1,34.066,33.766,33.566,31.066,25.0,45.0,60.0,,75.0,1.5,32.8,,,0,trial
2026-07-07T20:35:28,forecast_hot_humid_bursty_r1,forecast,hot_humid,bursty,1,34.068,33.768,33.568,31.068,25.0,45.0,60.0,,75.0,1.5,32.81,,,0,trial
2026-07-07T20:35:28,forecast_hot_humid_bursty_r1,forecast,hot_humid,bursty,1,34.07,33.77,33.57,31.07,25.0,45.0,60.0,,75.0,1.5,32.82,,,0,trial
2026-07-07T20:35:28,forecast_hot_humid_bursty_r1,forecast,hot_humid,bursty,1,34.072,33.772,33.572,31.072,25.0,45.0,60.0,,75.0,1.5,32.83,,,0,trial
2026-07-07T20:35:28,forecast_hot_humid_bursty_r1,forecast,hot_humid,bursty,1,34.074,33.774,33.574,31.074,25.0,45.0,60.0,,75.0,1.5,32.84,,,0,trial
2026-07-07T20:35:28,forecast_hot_humid_bursty_r1,forecast,hot_humid,bursty,1,34.076,33.776,33.576,31.076,25.0,45.0,60.0,,75.0,1.5,32.85,,,0,trial
2026-07-07T20:35:28,forecast_hot_humid_bursty_r1,forecast,hot_humid,bursty,1,34.077,33.777,33.577,31.077,25.0,45.0,60.0,,75.0,1.5,32.86,,,0,trial
2026-07-07T20:35:28,forecast_hot_humid_bursty_r1,forecast,hot_humid,bursty,1,34.079,33.779,33.579,31.079,25.0,45.0,60.0,,75.0,1.5,32.88,,,0,trial
2026-07-07T20:35:28,forecast_hot_humid_bursty_r1,forecast,hot_humid,bursty,1,34.081,33.781,33.581,31.081,25.0,45.0,60.0,,75.0,1.5,32.89,,,0,trial
2026-07-07T20:35:28,forecast_hot_humid_bursty_r1,forecast,hot_humid,bursty,1,34.083,33.783,33.583,31.083,25.0,45.0,60.0,,75.0,1.5,32.9,,,0,trial
2026-07-07T20:35:28,forecast_hot_humid_bursty_r1,forecast,hot_humid,bursty,1,34.085,33.785,33.585,31.085,25.0,45.0,60.0,,75.0,1.5,32.91,,,0,trial
2026-07-07T20:35:28,forecast_hot_humid_bursty_r1,forecast,hot_humid,bursty,1,34.087,33.787,33.587,31.087,25.0,45.0,60.0,,75.0,1.5,32.92,,,0,trial
2026-07-07T20:35:28,forecast_hot_humid_bursty_r1,forecast,hot_humid,bursty,1,34.089,33.789,33.589,31.089,25.0,45.0,60.0,,75.0,1.5,32.93,,,0,trial
2026-07-07T20:35:28,forecast_hot_humid_bursty_r1,forecast,hot_humid,bursty,1,34.09,33.79,33.59,31.09,25.0,45.0,60.0,,75.0,1.5,32.95,,,0,trial
2026-07-07T20:35:28,forecast_hot_humid_bursty_r1,forecast,hot_humid,bursty,1,34.092,33.792,33.592,31.092,25.0,45.0,60.0,,75.0,1.5,32.96,,,0,trial
2026-07-07T20:35:28,forecast_hot_humid_bursty_r1,forecast,hot_humid,bursty,1,34.094,33.794,33.594,31.094,25.0,45.0,60.0,,75.0,1.5,32.97,,,0,trial
2026-07-07T20:35:28,forecast_hot_humid_bursty_r1,forecast,hot_humid,bursty,1,34.096,33.796,33.596,31.096,25.0,45.0,60.0,,75.0,1.5,32.98,,,0,trial
2026-07-07T20:35:28,forecast_hot_humid_bursty_r1,forecast,hot_humid,bursty,1,34.098,33.798,33.598,31.098,25.0,45.0,60.0,,75.0,1.5,32.99,,,0,trial
2026-07-07T20:35:28,forecast_hot_humid_bursty_r1,forecast,hot_humid,bursty,1,34.1,33.8,33.6,31.1,25.0,45.0,60.0,,75.0,1.5,33.01,,,0,trial
2026-07-07T20:35:28,forecast_hot_humid_bursty_r1,forecast,hot_humid,bursty,1,34.102,33.802,33.602,31.102,25.0,45.0,60.0,,75.0,1.5,33.02,,,0,trial
2026-07-07T20:35:28,forecast_hot_humid_bursty_r1,forecast,hot_humid,bursty,1,34.103,33.803,33.603,31.103,25.0,45.0,60.0,,75.0,1.5,33.03,,,0,trial
2026-07-07T20:35:28,forecast_hot_humid_bursty_r1,forecast,hot_humid,bursty,1,34.105,33.805,33.605,31.105,25.0,45.0,60.0,,75.0,1.5,33.04,,,0,trial
2026-07-07T20:35:28,forecast_hot_humid_bursty_r1,forecast,hot_humid,bursty,1,34.107,33.807,33.607,31.107,25.0,45.0,60.0,,75.0,1.5,33.05,,,0,trial
2026-07-07T20:35:28,forecast_hot_humid_bursty_r1,forecast,hot_humid,bursty,1,34.109,33.809,33.609,31.109,25.0,45.0,60.0,,75.0,1.5,33.07,,,0,trial
2026-07-07T20:35:28,forecast_hot_humid_bursty_r1,forecast,hot_humid,bursty,1,34.111,33.811,33.611,31.111,25.0,45.0,60.0,,75.0,1.5,33.08,,,0,trial
2026-07-07T20:35:28,forecast_hot_humid_bursty_r1,forecast,hot_humid,bursty,1,34.113,33.813,33.613,31.113,25.0,45.0,60.0,,75.0,1.5,33.09,,,0,trial
2026-07-07T20:35:28,forecast_hot_humid_bursty_r1,forecast,hot_humid,bursty,1,34.114,33.814,33.614,31.114,25.0,45.0,60.0,,75.0,1.5,33.1,,,0,trial
2026-07-07T20:35:28,forecast_hot_humid_bursty_r1,forecast,hot_humid,bursty,1,34.116,33.816,33.616,31.116,25.0,45.0,60.0,,75.0,1.5,33.11,,,0,trial
2026-07-07T20:35:28,forecast_hot_humid_bursty_r1,forecast,hot_humid,bursty,1,34.118,33.818,33.618,31.118,25.0,45.0,60.0,,75.0,1.5,33.13,,,0,trial
2026-07-07T20:35:28,forecast_hot_humid_bursty_r1,forecast,hot_humid,bursty,1,34.12,33.82,33.62,31.12,25.0,45.0,60.0,,75.0,1.5,33.14,,,0,trial
2026-07-07T20:35:28,forecast_hot_humid_bursty_r1,forecast,hot_humid,bursty,1,34.122,33.822,33.622,31.122,25.0,45.0,60.0,,75.0,1.5,33.15,,,0,trial
2026-07-07T20:35:28,forecast_hot_humid_bursty_r1,forecast,hot_humid,bursty,1,34.124,33.824,33.624,31.124,25.0,45.0,60.0,,75.0,1.5,33.16,,,0,trial
2026-07-07T20:35:28,forecast_hot_humid_bursty_r1,forecast,hot_humid,bursty,1,34.125,33.825,33.625,31.125,25.0,45.0,60.0,,75.0,1.5,33.17,,,0,trial
2026-07-07T20:35:28,forecast_hot_humid_bursty_r1,forecast,hot_humid,bursty,1,34.127,33.827,33.627,31.127,25.0,45.0,60.0,,75.0,1.5,33.19,,,0,trial
2026-07-07T20:35:28,forecast_hot_humid_bursty_r1,forecast,hot_humid,bursty,1,34.129,33.829,33.629,31.129,25.0,45.0,60.0,,75.0,1.5,33.2,,,0,trial
2026-07-07T20:35:28,forecast_hot_humid_bursty_r1,forecast,hot_humid,bursty,1,34.131,33.831,33.631,31.131,25.0,45.0,60.0,,75.0,1.5,33.21,,,0,trial
2026-07-07T20:35:28,forecast_hot_humid_bursty_r1,forecast,hot_humid,bursty,1,34.133,33.833,33.633,31.133,25.0,45.0,60.0,,75.0,1.5,33.22,,,0,trial
2026-07-07T20:35:28,forecast_hot_humid_bursty_r1,forecast,hot_humid,bursty,1,34.135,33.835,33.635,31.135,25.0,45.0,60.0,,75.0,1.5,33.24,,,0,trial
2026-07-07T20:35:28,forecast_hot_humid_bursty_r1,forecast,hot_humid,bursty,1,34.136,33.836,33.636,31.136,25.0,45.0,60.0,,75.0,1.5,33.25,,,0,trial
2026-07-07T20:35:28,forecast_hot_humid_bursty_r1,forecast,hot_humid,bursty,1,34.138,33.838,33.638,31.138,25.0,45.0,60.0,,75.0,1.5,33.26,,,0,trial
2026-07-07T20:35:28,forecast_hot_humid_bursty_r1,forecast,hot_humid,bursty,1,34.14,33.84,33.64,31.14,25.0,45.0,60.0,,75.0,1.5,33.27,,,0,trial
2026-07-07T20:35:28,forecast_hot_humid_bursty_r1,forecast,hot_humid,bursty,1,34.142,33.842,33.642,31.142,25.0,45.0,60.0,,75.0,1.5,33.28,,,0,trial
2026-07-07T20:35:28,forecast_hot_humid_bursty_r1,forecast,hot_humid,bursty,1,34.144,33.844,33.644,31.144,25.0,45.0,60.0,,75.0,1.5,33.3,,,0,trial
2026-07-07T20:35:28,forecast_hot_humid_bursty_r1,forecast,hot_humid,bursty,1,34.145,33.845,33.645,31.145,25.0,45.0,60.0,,75.0,1.5,33.31,,,0,trial
2026-07-07T20:35:28,forecast_hot_humid_bursty_r1,forecast,hot_humid,bursty,1,34.147,33.847,33.647,31.147,25.0,45.0,60.0,,75.0,1.5,33.32,,,0,trial
2026-07-07T20:35:28,forecast_hot_humid_bursty_r1,forecast,hot_humid,bursty,1,34.149,33.849,33.649,31.149,25.0,45.0,60.0,,75.0,1.5,33.33,,,0,trial
2026-07-07T20:35:28,forecast_hot_humid_bursty_r1,forecast,hot_humid,bursty,1,34.151,33.851,33.651,31.151,25.0,45.0,60.0,,75.0,1.5,33.35,,,0,trial
2026-07-07T20:35:28,forecast_hot_humid_bursty_r1,forecast,hot_humid,bursty,1,34.153,33.853,33.653,31.153,25.0,45.0,60.0,,75.0,1.5,33.36,,,0,trial
2026-07-07T20:35:28,forecast_hot_humid_bursty_r1,forecast,hot_humid,bursty,1,34.155,33.855,33.655,31.155,25.0,45.0,60.0,,75.0,1.5,33.37,,,0,trial
2026-07-07T20:35:28,forecast_hot_humid_bursty_r1,forecast,hot_humid,bursty,1,34.156,33.856,33.656,31.156,25.0,45.0,60.0,,75.0,1.5,33.38,,,0,trial
2026-07-07T20:35:28,forecast_hot_humid_bursty_r1,forecast,hot_humid,bursty,1,34.158,33.858,33.658,31.158,25.0,45.0,60.0,,75.0,1.5,33.4,,,0,trial
2026-07-07T20:35:28,forecast_hot_humid_bursty_r1,forecast,hot_humid,bursty,1,34.16,33.86,33.66,31.16,25.0,45.0,60.0,,75.0,1.5,33.41,,,0,trial
2026-07-07T20:35:28,forecast_hot_humid_bursty_r1,forecast,hot_humid,bursty,1,34.162,33.862,33.662,31.162,25.0,45.0,60.0,,75.0,1.5,33.42,,,0,trial
2026-07-07T20:35:28,forecast_hot_humid_bursty_r1,forecast,hot_humid,bursty,1,34.164,33.864,33.664,31.164,25.0,45.0,60.0,,75.0,1.5,33.43,,,0,trial
2026-07-07T20:35:28,forecast_hot_humid_bursty_r1,forecast,hot_humid,bursty,1,34.165,33.865,33.665,31.165,25.0,45.0,60.0,,75.0,1.5,33.45,,,0,trial
2026-07-07T20:35:28,forecast_hot_humid_bursty_r1,forecast,hot_humid,bursty,1,34.167,33.867,33.667,31.167,25.0,45.0,60.0,,75.0,1.5,33.46,,,0,trial
2026-07-07T20:35:28,forecast_hot_humid_bursty_r1,forecast,hot_humid,bursty,1,34.169,33.869,33.669,31.169,25.0,45.0,60.0,,75.0,1.5,33.47,,,0,trial
2026-07-07T20:35:28,forecast_hot_humid_bursty_r1,forecast,hot_humid,bursty,1,34.171,33.871,33.671,31.171,25.0,45.0,60.0,,75.0,1.5,33.48,,,0,trial
2026-07-07T20:35:28,forecast_hot_humid_bursty_r1,forecast,hot_humid,bursty,1,34.183,33.883,33.683,31.183,25.0,45.0,140.0,,75.0,1.5,33.5,,,0,trial
2026-07-07T20:35:28,forecast_hot_humid_bursty_r1,forecast,hot_humid,bursty,1,34.194,33.894,33.694,31.194,25.0,45.0,140.0,,100.0,2.0,33.51,,,0,trial
2026-07-07T20:35:28,forecast_hot_humid_bursty_r1,forecast,hot_humid,bursty,1,34.205,33.905,33.705,31.205,25.0,45.0,140.0,,100.0,2.0,33.52,,,0,trial
2026-07-07T20:35:28,forecast_hot_humid_bursty_r1,forecast,hot_humid,bursty,1,34.217,33.917,33.717,31.217,25.0,45.0,140.0,,100.0,2.0,33.53,,,0,trial
2026-07-07T20:35:28,forecast_hot_humid_bursty_r1,forecast,hot_humid,bursty,1,34.228,33.928,33.728,31.228,25.0,45.0,140.0,,100.0,2.0,33.55,,,0,trial
2026-07-07T20:35:28,forecast_hot_humid_bursty_r1,forecast,hot_humid,bursty,1,34.239,33.939,33.739,31.239,25.0,45.0,140.0,,100.0,2.0,33.56,,,0,trial
2026-07-07T20:35:28,forecast_hot_humid_bursty_r1,forecast,hot_humid,bursty,1,34.25,33.95,33.75,31.25,25.0,45.0,140.0,,100.0,2.0,33.57,,,0,trial
2026-07-07T20:35:28,forecast_hot_humid_bursty_r1,forecast,hot_humid,bursty,1,34.261,33.961,33.761,31.261,25.0,45.0,140.0,,100.0,2.0,33.58,,,0,trial
2026-07-07T20:35:28,forecast_hot_humid_bursty_r1,forecast,hot_humid,bursty,1,34.272,33.972,33.772,31.272,25.0,45.0,140.0,,100.0,2.0,33.6,,,0,trial
2026-07-07T20:35:28,forecast_hot_humid_bursty_r1,forecast,hot_humid,bursty,1,34.283,33.983,33.783,31.283,25.0,45.0,140.0,,100.0,2.0,33.61,,,0,trial
2026-07-07T20:35:28,forecast_hot_humid_bursty_r1,forecast,hot_humid,bursty,1,34.294,33.994,33.794,31.294,25.0,45.0,140.0,,100.0,2.0,33.62,,,0,trial
2026-07-07T20:35:28,forecast_hot_humid_bursty_r1,forecast,hot_humid,bursty,1,34.306,34.006,33.806,31.306,25.0,45.0,140.0,,100.0,2.0,33.64,,,0,trial
2026-07-07T20:35:28,forecast_hot_humid_bursty_r1,forecast,hot_humid,bursty,1,34.317,34.017,33.817,31.317,25.0,45.0,140.0,,100.0,2.0,33.65,,,0,trial
2026-07-07T20:35:28,forecast_hot_humid_bursty_r1,forecast,hot_humid,bursty,1,34.328,34.028,33.828,31.328,25.0,45.0,140.0,,100.0,2.0,33.66,,,0,trial
2026-07-07T20:35:28,forecast_hot_humid_bursty_r1,forecast,hot_humid,bursty,1,34.339,34.039,33.839,31.339,25.0,45.0,140.0,,100.0,2.0,33.67,,,0,trial
2026-07-07T20:35:28,forecast_hot_humid_bursty_r1,forecast,hot_humid,bursty,1,34.35,34.05,33.85,31.35,25.0,45.0,140.0,,100.0,2.0,33.69,,,0,trial
2026-07-07T20:35:28,forecast_hot_humid_bursty_r1,forecast,hot_humid,bursty,1,34.361,34.061,33.861,31.361,25.0,45.0,140.0,,100.0,2.0,33.7,,,0,trial
2026-07-07T20:35:28,forecast_hot_humid_bursty_r1,forecast,hot_humid,bursty,1,34.372,34.072,33.872,31.372,25.0,45.0,140.0,,100.0,2.0,33.71,,,0,trial
2026-07-07T20:35:28,forecast_hot_humid_bursty_r1,forecast,hot_humid,bursty,1,34.383,34.083,33.883,31.383,25.0,45.0,140.0,,100.0,2.0,33.73,,,0,trial
2026-07-07T20:35:28,forecast_hot_humid_bursty_r1,forecast,hot_humid,bursty,1,34.394,34.094,33.894,31.394,25.0,45.0,140.0,,100.0,2.0,33.74,,,0,trial
2026-07-07T20:35:28,forecast_hot_humid_bursty_r1,forecast,hot_humid,bursty,1,34.405,34.105,33.905,31.405,25.0,45.0,140.0,,100.0,2.0,33.75,,,0,trial
2026-07-07T20:35:28,forecast_hot_humid_bursty_r1,forecast,hot_humid,bursty,1,34.416,34.116,33.916,31.416,25.0,45.0,140.0,,100.0,2.0,33.76,,,0,trial
2026-07-07T20:35:28,forecast_hot_humid_bursty_r1,forecast,hot_humid,bursty,1,34.427,34.127,33.927,31.427,25.0,45.0,140.0,,100.0,2.0,33.78,,,0,trial
2026-07-07T20:35:28,forecast_hot_humid_bursty_r1,forecast,hot_humid,bursty,1,34.438,34.138,33.938,31.438,25.0,45.0,140.0,,100.0,2.0,33.79,,,0,trial
2026-07-07T20:35:28,forecast_hot_humid_bursty_r1,forecast,hot_humid,bursty,1,34.449,34.149,33.949,31.449,25.0,45.0,140.0,,100.0,2.0,33.8,,,0,trial
2026-07-07T20:35:28,forecast_hot_humid_bursty_r1,forecast,hot_humid,bursty,1,34.46,34.16,33.96,31.46,25.0,45.0,140.0,,100.0,2.0,33.82,,,0,trial
2026-07-07T20:35:28,forecast_hot_humid_bursty_r1,forecast,hot_humid,bursty,1,34.471,34.171,33.971,31.471,25.0,45.0,140.0,,100.0,2.0,33.83,,,0,trial
2026-07-07T20:35:28,forecast_hot_humid_bursty_r1,forecast,hot_humid,bursty,1,34.482,34.182,33.982,31.482,25.0,45.0,140.0,,100.0,2.0,33.84,,,0,trial
2026-07-07T20:35:28,forecast_hot_humid_bursty_r1,forecast,hot_humid,bursty,1,34.493,34.193,33.993,31.493,25.0,45.0,140.0,,100.0,2.0,33.85,,,0,trial
2026-07-07T20:35:28,forecast_hot_humid_bursty_r1,forecast,hot_humid,bursty,1,34.504,34.204,34.004,31.504,25.0,45.0,140.0,,100.0,2.0,33.87,,,0,trial
2026-07-07T20:35:28,forecast_hot_humid_bursty_r1,forecast,hot_humid,bursty,1,34.514,34.214,34.014,31.514,25.0,45.0,140.0,,100.0,2.0,33.88,,,0,trial
2026-07-07T20:35:28,forecast_hot_humid_bursty_r1,forecast,hot_humid,bursty,1,34.525,34.225,34.025,31.525,25.0,45.0,140.0,,100.0,2.0,33.89,,,0,trial
2026-07-07T20:35:28,forecast_hot_humid_bursty_r1,forecast,hot_humid,bursty,1,34.536,34.236,34.036,31.536,25.0,45.0,140.0,,100.0,2.0,33.91,,,0,trial
2026-07-07T20:35:28,forecast_hot_humid_bursty_r1,forecast,hot_humid,bursty,1,34.547,34.247,34.047,31.547,25.0,45.0,140.0,,100.0,2.0,33.92,,,0,trial
2026-07-07T20:35:28,forecast_hot_humid_bursty_r1,forecast,hot_humid,bursty,1,34.558,34.258,34.058,31.558,25.0,45.0,140.0,,100.0,2.0,33.93,,,0,trial
2026-07-07T20:35:28,forecast_hot_humid_bursty_r1,forecast,hot_humid,bursty,1,34.569,34.269,34.069,31.569,25.0,45.0,140.0,,100.0,2.0,33.94,,,0,trial
2026-07-07T20:35:28,forecast_hot_humid_bursty_r1,forecast,hot_humid,bursty,1,34.58,34.28,34.08,31.58,25.0,45.0,140.0,,100.0,2.0,33.96,,,0,trial
2026-07-07T20:35:28,forecast_hot_humid_bursty_r1,forecast,hot_humid,bursty,1,34.591,34.291,34.091,31.591,25.0,45.0,140.0,,100.0,2.0,33.97,,,0,trial
2026-07-07T20:35:28,forecast_hot_humid_bursty_r1,forecast,hot_humid,bursty,1,34.601,34.301,34.101,31.601,25.0,45.0,140.0,,100.0,2.0,33.98,,,0,trial
2026-07-07T20:35:28,forecast_hot_humid_bursty_r1,forecast,hot_humid,bursty,1,34.612,34.312,34.112,31.612,25.0,45.0,140.0,,100.0,2.0,34.0,,,0,trial
2026-07-07T20:35:28,forecast_hot_humid_bursty_r1,forecast,hot_humid,bursty,1,34.623,34.323,34.123,31.623,25.0,45.0,140.0,,100.0,2.0,34.01,,,0,trial
2026-07-07T20:35:28,forecast_hot_humid_bursty_r1,forecast,hot_humid,bursty,1,34.634,34.334,34.134,31.634,25.0,45.0,140.0,,100.0,2.0,34.02,,,0,trial
2026-07-07T20:35:28,forecast_hot_humid_bursty_r1,forecast,hot_humid,bursty,1,34.645,34.345,34.145,31.645,25.0,45.0,140.0,,100.0,2.0,34.04,,,0,trial
2026-07-07T20:35:28,forecast_hot_humid_bursty_r1,forecast,hot_humid,bursty,1,34.656,34.356,34.156,31.656,25.0,45.0,140.0,,100.0,2.0,34.05,,,0,trial
2026-07-07T20:35:28,forecast_hot_humid_bursty_r1,forecast,hot_humid,bursty,1,34.666,34.366,34.166,31.666,25.0,45.0,140.0,,100.0,2.0,34.06,,,0,trial
2026-07-07T20:35:28,forecast_hot_humid_bursty_r1,forecast,hot_humid,bursty,1,34.677,34.377,34.177,31.677,25.0,45.0,140.0,,100.0,2.0,34.07,,,0,trial
2026-07-07T20:35:28,forecast_hot_humid_bursty_r1,forecast,hot_humid,bursty,1,34.688,34.388,34.188,31.688,25.0,45.0,140.0,,100.0,2.0,34.09,,,0,trial
2026-07-07T20:35:28,forecast_hot_humid_bursty_r1,forecast,hot_humid,bursty,1,34.699,34.399,34.199,31.699,25.0,45.0,140.0,,100.0,2.0,34.1,,,0,trial
2026-07-07T20:35:28,forecast_hot_humid_bursty_r1,forecast,hot_humid,bursty,1,34.71,34.41,34.21,31.71,25.0,45.0,140.0,,100.0,2.0,34.11,,,0,trial
2026-07-07T20:35:28,forecast_hot_humid_bursty_r1,forecast,hot_humid,bursty,1,34.72,34.42,34.22,31.72,25.0,45.0,140.0,,100.0,2.0,34.13,,,0,trial
2026-07-07T20:35:28,forecast_hot_humid_bursty_r1,forecast,hot_humid,bursty,1,34.731,34.431,34.231,31.731,25.0,45.0,140.0,,100.0,2.0,34.14,,,0,trial
2026-07-07T20:35:28,forecast_hot_humid_bursty_r1,forecast,hot_humid,bursty,1,34.742,34.442,34.242,31.742,25.0,45.0,140.0,,100.0,2.0,34.15,,,0,trial
2026-07-07T20:35:28,forecast_hot_humid_bursty_r1,forecast,hot_humid,bursty,1,34.752,34.452,34.252,31.752,25.0,45.0,140.0,,100.0,2.0,34.17,,,0,trial
2026-07-07T20:35:28,forecast_hot_humid_bursty_r1,forecast,hot_humid,bursty,1,34.763,34.463,34.263,31.763,25.0,45.0,140.0,,100.0,2.0,34.18,,,0,trial
2026-07-07T20:35:28,forecast_hot_humid_bursty_r1,forecast,hot_humid,bursty,1,34.774,34.474,34.274,31.774,25.0,45.0,140.0,,100.0,2.0,34.19,,,0,trial
2026-07-07T20:35:28,forecast_hot_humid_bursty_r1,forecast,hot_humid,bursty,1,34.785,34.485,34.285,31.785,25.0,45.0,140.0,,100.0,2.0,34.21,,,0,trial
2026-07-07T20:35:28,forecast_hot_humid_bursty_r1,forecast,hot_humid,bursty,1,34.795,34.495,34.295,31.795,25.0,45.0,140.0,,100.0,2.0,34.22,,,0,trial
2026-07-07T20:35:28,forecast_hot_humid_bursty_r1,forecast,hot_humid,bursty,1,34.806,34.506,34.306,31.806,25.0,45.0,140.0,,100.0,2.0,34.23,,,0,trial
2026-07-07T20:35:28,forecast_hot_humid_bursty_r1,forecast,hot_humid,bursty,1,34.817,34.517,34.317,31.817,25.0,45.0,140.0,,100.0,2.0,34.24,,,0,trial
2026-07-07T20:35:28,forecast_hot_humid_bursty_r1,forecast,hot_humid,bursty,1,34.827,34.527,34.327,31.827,25.0,45.0,140.0,,100.0,2.0,34.26,,,0,trial
2026-07-07T20:35:28,forecast_hot_humid_bursty_r1,forecast,hot_humid,bursty,1,34.838,34.538,34.338,31.838,25.0,45.0,140.0,,100.0,2.0,34.27,,,0,trial
2026-07-07T20:35:28,forecast_hot_humid_bursty_r1,forecast,hot_humid,bursty,1,34.849,34.549,34.349,31.849,25.0,45.0,140.0,,100.0,2.0,34.28,,,0,trial
2026-07-07T20:35:28,forecast_hot_humid_bursty_r1,forecast,hot_humid,bursty,1,34.859,34.559,34.359,31.859,25.0,45.0,140.0,,100.0,2.0,34.3,,,0,trial
2026-07-07T20:35:28,forecast_hot_humid_bursty_r1,forecast,hot_humid,bursty,1,34.87,34.57,34.37,31.87,25.0,45.0,140.0,,100.0,2.0,34.31,,,0,trial
2026-07-07T20:35:28,forecast_hot_humid_bursty_r1,forecast,hot_humid,bursty,1,34.881,34.581,34.381,31.881,25.0,45.0,140.0,,100.0,2.0,34.32,,,0,trial
2026-07-07T20:35:28,forecast_hot_humid_bursty_r1,forecast,hot_humid,bursty,1,34.891,34.591,34.391,31.891,25.0,45.0,140.0,,100.0,2.0,34.34,,,0,trial
2026-07-07T20:35:28,forecast_hot_humid_bursty_r1,forecast,hot_humid,bursty,1,34.902,34.602,34.402,31.902,25.0,45.0,140.0,,100.0,2.0,34.35,,,0,trial
2026-07-07T20:35:28,forecast_hot_humid_bursty_r1,forecast,hot_humid,bursty,1,34.912,34.612,34.412,31.912,25.0,45.0,140.0,,100.0,2.0,34.36,,,0,trial
2026-07-07T20:35:28,forecast_hot_humid_bursty_r1,forecast,hot_humid,bursty,1,34.923,34.623,34.423,31.923,25.0,45.0,140.0,,100.0,2.0,34.38,,,0,trial
2026-07-07T20:35:28,forecast_hot_humid_bursty_r1,forecast,hot_humid,bursty,1,34.934,34.634,34.434,31.934,25.0,45.0,140.0,,100.0,2.0,34.39,,,0,trial
2026-07-07T20:35:28,forecast_hot_humid_bursty_r1,forecast,hot_humid,bursty,1,34.944,34.644,34.444,31.944,25.0,45.0,140.0,,100.0,2.0,34.4,,,0,trial
2026-07-07T20:35:28,forecast_hot_humid_bursty_r1,forecast,hot_humid,bursty,1,34.955,34.655,34.455,31.955,25.0,45.0,140.0,,100.0,2.0,34.41,,,0,trial
2026-07-07T20:35:28,forecast_hot_humid_bursty_r1,forecast,hot_humid,bursty,1,34.965,34.665,34.465,31.965,25.0,45.0,140.0,,100.0,2.0,34.43,,,0,trial
2026-07-07T20:35:28,forecast_hot_humid_bursty_r1,forecast,hot_humid,bursty,1,34.976,34.676,34.476,31.976,25.0,45.0,140.0,,100.0,2.0,34.44,,,0,trial
2026-07-07T20:35:28,forecast_hot_humid_bursty_r1,forecast,hot_humid,bursty,1,34.986,34.686,34.486,31.986,25.0,45.0,140.0,,100.0,2.0,34.45,,,0,trial
2026-07-07T20:35:28,forecast_hot_humid_bursty_r1,forecast,hot_humid,bursty,1,34.997,34.697,34.497,31.997,25.0,45.0,140.0,,100.0,2.0,34.47,,,0,trial
2026-07-07T20:35:28,forecast_hot_humid_bursty_r1,forecast,hot_humid,bursty,1,35.007,34.707,34.507,32.007,25.0,45.0,140.0,,100.0,2.0,34.48,,,0,trial
2026-07-07T20:35:28,forecast_hot_humid_bursty_r1,forecast,hot_humid,bursty,1,35.018,34.718,34.518,32.018,25.0,45.0,140.0,,100.0,2.0,34.49,,,0,trial
2026-07-07T20:35:28,forecast_hot_humid_bursty_r1,forecast,hot_humid,bursty,1,35.029,34.729,34.529,32.029,25.0,45.0,140.0,,100.0,2.0,34.51,,,0,trial
2026-07-07T20:35:28,forecast_hot_humid_bursty_r1,forecast,hot_humid,bursty,1,35.039,34.739,34.539,32.039,25.0,45.0,140.0,,100.0,2.0,34.52,,,0,trial
2026-07-07T20:35:28,forecast_hot_humid_bursty_r1,forecast,hot_humid,bursty,1,35.05,34.75,34.55,32.05,25.0,45.0,140.0,,100.0,2.0,34.53,,,0,trial
2026-07-07T20:35:28,forecast_hot_humid_bursty_r1,forecast,hot_humid,bursty,1,35.06,34.76,34.56,32.06,25.0,45.0,140.0,,100.0,2.0,34.55,,,0,trial
2026-07-07T20:35:28,forecast_hot_humid_bursty_r1,forecast,hot_humid,bursty,1,35.07,34.77,34.57,32.07,25.0,45.0,140.0,,100.0,2.0,34.56,,,0,trial
2026-07-07T20:35:28,forecast_hot_humid_bursty_r1,forecast,hot_humid,bursty,1,35.081,34.781,34.581,32.081,25.0,45.0,140.0,,100.0,2.0,34.57,,,0,trial
2026-07-07T20:35:28,forecast_hot_humid_bursty_r1,forecast,hot_humid,bursty,1,35.091,34.791,34.591,32.091,25.0,45.0,140.0,,100.0,2.0,34.58,,,0,trial
2026-07-07T20:35:28,forecast_hot_humid_bursty_r1,forecast,hot_humid,bursty,1,35.102,34.802,34.602,32.102,25.0,45.0,140.0,,100.0,2.0,34.6,,,0,trial
2026-07-07T20:35:28,forecast_hot_humid_bursty_r1,forecast,hot_humid,bursty,1,35.112,34.812,34.612,32.112,25.0,45.0,140.0,,100.0,2.0,34.61,,,0,trial
2026-07-07T20:35:28,forecast_hot_humid_bursty_r1,forecast,hot_humid,bursty,1,35.123,34.823,34.623,32.123,25.0,45.0,140.0,,100.0,2.0,34.62,,,0,trial
2026-07-07T20:35:28,forecast_hot_humid_bursty_r1,forecast,hot_humid,bursty,1,35.133,34.833,34.633,32.133,25.0,45.0,140.0,,100.0,2.0,34.64,,,0,trial
2026-07-07T20:35:28,forecast_hot_humid_bursty_r1,forecast,hot_humid,bursty,1,35.144,34.844,34.644,32.144,25.0,45.0,140.0,,100.0,2.0,34.65,,,0,trial
2026-07-07T20:35:28,forecast_hot_humid_bursty_r1,forecast,hot_humid,bursty,1,35.154,34.854,34.654,32.154,25.0,45.0,140.0,,100.0,2.0,34.66,,,0,trial
2026-07-07T20:35:28,forecast_hot_humid_bursty_r1,forecast,hot_humid,bursty,1,35.164,34.864,34.664,32.164,25.0,45.0,140.0,,100.0,2.0,34.68,,,0,trial
2026-07-07T20:35:28,forecast_hot_humid_bursty_r1,forecast,hot_humid,bursty,1,35.175,34.875,34.675,32.175,25.0,45.0,140.0,,100.0,2.0,34.69,,,0,trial
2026-07-07T20:35:28,forecast_hot_humid_bursty_r1,forecast,hot_humid,bursty,1,35.185,34.885,34.685,32.185,25.0,45.0,140.0,,100.0,2.0,34.7,,,0,trial
2026-07-07T20:35:28,forecast_hot_humid_bursty_r1,forecast,hot_humid,bursty,1,35.196,34.896,34.696,32.196,25.0,45.0,140.0,,100.0,2.0,34.71,,,0,trial
2026-07-07T20:35:28,forecast_hot_humid_bursty_r1,forecast,hot_humid,bursty,1,35.206,34.906,34.706,32.206,25.0,45.0,140.0,,100.0,2.0,34.73,,,0,trial
2026-07-07T20:35:28,forecast_hot_humid_bursty_r1,forecast,hot_humid,bursty,1,35.216,34.916,34.716,32.216,25.0,45.0,140.0,,100.0,2.0,34.74,,,0,trial
2026-07-07T20:35:28,forecast_hot_humid_bursty_r1,forecast,hot_humid,bursty,1,35.227,34.927,34.727,32.227,25.0,45.0,140.0,,100.0,2.0,34.75,,,0,trial
2026-07-07T20:35:28,forecast_hot_humid_bursty_r1,forecast,hot_humid,bursty,1,35.237,34.937,34.737,32.237,25.0,45.0,140.0,,100.0,2.0,34.77,,,0,trial
2026-07-07T20:35:28,forecast_hot_humid_bursty_r1,forecast,hot_humid,bursty,1,35.247,34.947,34.747,32.247,25.0,45.0,140.0,,100.0,2.0,34.78,,,0,trial
2026-07-07T20:35:28,forecast_hot_humid_bursty_r1,forecast,hot_humid,bursty,1,35.258,34.958,34.758,32.258,25.0,45.0,140.0,,100.0,2.0,34.79,,,0,trial
2026-07-07T20:35:28,forecast_hot_humid_bursty_r1,forecast,hot_humid,bursty,1,35.268,34.968,34.768,32.268,25.0,45.0,140.0,,100.0,2.0,34.81,,,0,trial
2026-07-07T20:35:28,forecast_hot_humid_bursty_r1,forecast,hot_humid,bursty,1,35.278,34.978,34.778,32.278,25.0,45.0,140.0,,100.0,2.0,34.82,,,0,trial
2026-07-07T20:35:28,forecast_hot_humid_bursty_r1,forecast,hot_humid,bursty,1,35.289,34.989,34.789,32.289,25.0,45.0,140.0,,100.0,2.0,34.83,,,0,trial
2026-07-07T20:35:28,forecast_hot_humid_bursty_r1,forecast,hot_humid,bursty,1,35.299,34.999,34.799,32.299,25.0,45.0,140.0,,100.0,2.0,34.84,,,0,trial
2026-07-07T20:35:28,forecast_hot_humid_bursty_r1,forecast,hot_humid,bursty,1,35.309,35.009,34.809,32.309,25.0,45.0,140.0,,100.0,2.0,34.86,,,0,trial
2026-07-07T20:35:28,forecast_hot_humid_bursty_r1,forecast,hot_humid,bursty,1,35.32,35.02,34.82,32.32,25.0,45.0,140.0,,100.0,2.0,34.87,,,0,trial
2026-07-07T20:35:28,forecast_hot_humid_bursty_r1,forecast,hot_humid,bursty,1,35.33,35.03,34.83,32.33,25.0,45.0,140.0,,100.0,2.0,34.88,,,0,trial
2026-07-07T20:35:28,forecast_hot_humid_bursty_r1,forecast,hot_humid,bursty,1,35.34,35.04,34.84,32.34,25.0,45.0,140.0,,100.0,2.0,34.9,,,0,trial
2026-07-07T20:35:28,forecast_hot_humid_bursty_r1,forecast,hot_humid,bursty,1,35.35,35.05,34.85,32.35,25.0,45.0,140.0,,100.0,2.0,34.91,,,0,trial
2026-07-07T20:35:28,forecast_hot_humid_bursty_r1,forecast,hot_humid,bursty,1,35.361,35.061,34.861,32.361,25.0,45.0,140.0,,100.0,2.0,34.92,,,0,trial
2026-07-07T20:35:28,forecast_hot_humid_bursty_r1,forecast,hot_humid,bursty,1,35.371,35.071,34.871,32.371,25.0,45.0,140.0,,100.0,2.0,34.93,,,0,trial
2026-07-07T20:35:28,forecast_hot_humid_bursty_r1,forecast,hot_humid,bursty,1,35.381,35.081,34.881,32.381,25.0,45.0,140.0,,100.0,2.0,34.95,,,0,trial
2026-07-07T20:35:28,forecast_hot_humid_bursty_r1,forecast,hot_humid,bursty,1,35.391,35.091,34.891,32.391,25.0,45.0,140.0,,100.0,2.0,34.96,,,0,trial
2026-07-07T20:35:28,forecast_hot_humid_bursty_r1,forecast,hot_humid,bursty,1,35.401,35.101,34.901,32.401,25.0,45.0,140.0,,100.0,2.0,34.97,,,0,trial
2026-07-07T20:35:28,forecast_hot_humid_bursty_r1,forecast,hot_humid,bursty,1,35.412,35.112,34.912,32.412,25.0,45.0,140.0,,100.0,2.0,34.99,,,0,trial
2026-07-07T20:35:28,forecast_hot_humid_bursty_r1,forecast,hot_humid,bursty,1,35.422,35.122,34.922,32.422,25.0,45.0,140.0,,100.0,2.0,35.0,,,0,trial
2026-07-07T20:35:28,forecast_hot_humid_bursty_r1,forecast,hot_humid,bursty,1,35.432,35.132,34.932,32.432,25.0,45.0,140.0,,100.0,2.0,35.01,,,0,trial
2026-07-07T20:35:28,forecast_hot_humid_bursty_r1,forecast,hot_humid,bursty,1,35.442,35.142,34.942,32.442,25.0,45.0,140.0,,100.0,2.0,35.02,,,0,trial
2026-07-07T20:35:28,forecast_hot_humid_bursty_r1,forecast,hot_humid,bursty,1,35.452,35.152,34.952,32.452,25.0,45.0,140.0,,100.0,2.0,35.04,,,0,trial
2026-07-07T20:35:28,forecast_hot_humid_bursty_r1,forecast,hot_humid,bursty,1,35.463,35.163,34.963,32.463,25.0,45.0,140.0,,100.0,2.0,35.05,,,0,trial
2026-07-07T20:35:28,forecast_hot_humid_bursty_r1,forecast,hot_humid,bursty,1,35.473,35.173,34.973,32.473,25.0,45.0,140.0,,100.0,2.0,35.06,,,0,trial
2026-07-07T20:35:28,forecast_hot_humid_bursty_r1,forecast,hot_humid,bursty,1,35.483,35.183,34.983,32.483,25.0,45.0,140.0,,100.0,2.0,35.07,,,0,trial
2026-07-07T20:35:28,forecast_hot_humid_bursty_r1,forecast,hot_humid,bursty,1,35.493,35.193,34.993,32.493,25.0,45.0,140.0,,100.0,2.0,35.09,,,0,trial
2026-07-07T20:35:28,forecast_hot_humid_bursty_r1,forecast,hot_humid,bursty,1,35.503,35.203,35.003,32.503,25.0,45.0,140.0,,100.0,2.0,35.1,,,0,trial
2026-07-07T20:35:28,forecast_hot_humid_bursty_r1,forecast,hot_humid,bursty,1,35.513,35.213,35.013,32.513,25.0,45.0,140.0,,100.0,2.0,35.11,,,0,trial
2026-07-07T20:35:28,forecast_hot_humid_bursty_r1,forecast,hot_humid,bursty,1,35.523,35.223,35.023,32.523,25.0,45.0,140.0,,100.0,2.0,35.13,,,0,trial
2026-07-07T20:35:28,forecast_hot_humid_bursty_r1,forecast,hot_humid,bursty,1,35.534,35.234,35.034,32.534,25.0,45.0,140.0,,100.0,2.0,35.14,,,0,trial
2026-07-07T20:35:28,forecast_hot_humid_bursty_r1,forecast,hot_humid,bursty,1,35.544,35.244,35.044,32.544,25.0,45.0,140.0,,100.0,2.0,35.15,,,0,trial
2026-07-07T20:35:28,forecast_hot_humid_bursty_r1,forecast,hot_humid,bursty,1,35.554,35.254,35.054,32.554,25.0,45.0,140.0,,100.0,2.0,35.16,,,0,trial
2026-07-07T20:35:28,forecast_hot_humid_bursty_r1,forecast,hot_humid,bursty,1,35.564,35.264,35.064,32.564,25.0,45.0,140.0,,100.0,2.0,35.18,,,0,trial
2026-07-07T20:35:28,forecast_hot_humid_bursty_r1,forecast,hot_humid,bursty,1,35.574,35.274,35.074,32.574,25.0,45.0,140.0,,100.0,2.0,35.19,,,0,trial
2026-07-07T20:35:28,forecast_hot_humid_bursty_r1,forecast,hot_humid,bursty,1,35.584,35.284,35.084,32.584,25.0,45.0,140.0,,100.0,2.0,35.2,,,0,trial
2026-07-07T20:35:28,forecast_hot_humid_bursty_r1,forecast,hot_humid,bursty,1,35.594,35.294,35.094,32.594,25.0,45.0,140.0,,100.0,2.0,35.21,,,0,trial
2026-07-07T20:35:28,forecast_hot_humid_bursty_r1,forecast,hot_humid,bursty,1,35.604,35.304,35.104,32.604,25.0,45.0,140.0,,100.0,2.0,35.23,,,0,trial
2026-07-07T20:35:28,forecast_hot_humid_bursty_r1,forecast,hot_humid,bursty,1,35.614,35.314,35.114,32.614,25.0,45.0,140.0,,100.0,2.0,35.24,,,0,trial
2026-07-07T20:35:28,forecast_hot_humid_bursty_r1,forecast,hot_humid,bursty,1,35.624,35.324,35.124,32.624,25.0,45.0,140.0,,100.0,2.0,35.25,,,0,trial
2026-07-07T20:35:28,forecast_hot_humid_bursty_r1,forecast,hot_humid,bursty,1,35.634,35.334,35.134,32.634,25.0,45.0,140.0,,100.0,2.0,35.26,,,0,trial
2026-07-07T20:35:28,forecast_hot_humid_bursty_r1,forecast,hot_humid,bursty,1,35.644,35.344,35.144,32.644,25.0,45.0,140.0,,100.0,2.0,35.28,,,0,trial
2026-07-07T20:35:28,forecast_hot_humid_bursty_r1,forecast,hot_humid,bursty,1,35.654,35.354,35.154,32.654,25.0,45.0,140.0,,100.0,2.0,35.29,,,0,trial
2026-07-07T20:35:28,forecast_hot_humid_bursty_r1,forecast,hot_humid,bursty,1,35.664,35.364,35.164,32.664,25.0,45.0,140.0,,100.0,2.0,35.3,,,0,trial
2026-07-07T20:35:28,forecast_hot_humid_bursty_r1,forecast,hot_humid,bursty,1,35.674,35.374,35.174,32.674,25.0,45.0,140.0,,100.0,2.0,35.31,,,0,trial
2026-07-07T20:35:28,forecast_hot_humid_bursty_r1,forecast,hot_humid,bursty,1,35.684,35.384,35.184,32.684,25.0,45.0,140.0,,100.0,2.0,35.33,,,0,trial
2026-07-07T20:35:28,forecast_hot_humid_bursty_r1,forecast,hot_humid,bursty,1,35.694,35.394,35.194,32.694,25.0,45.0,140.0,,100.0,2.0,35.34,,,0,trial
2026-07-07T20:35:28,forecast_hot_humid_bursty_r1,forecast,hot_humid,bursty,1,35.704,35.404,35.204,32.704,25.0,45.0,140.0,,100.0,2.0,35.35,,,0,trial
2026-07-07T20:35:28,forecast_hot_humid_bursty_r1,forecast,hot_humid,bursty,1,35.714,35.414,35.214,32.714,25.0,45.0,140.0,,100.0,2.0,35.36,,,0,trial
2026-07-07T20:35:28,forecast_hot_humid_bursty_r1,forecast,hot_humid,bursty,1,35.724,35.424,35.224,32.724,25.0,45.0,140.0,,100.0,2.0,35.37,,,0,trial
2026-07-07T20:35:28,forecast_hot_humid_bursty_r1,forecast,hot_humid,bursty,1,35.734,35.434,35.234,32.734,25.0,45.0,140.0,,100.0,2.0,35.39,,,0,trial
2026-07-07T20:35:28,forecast_hot_humid_bursty_r1,forecast,hot_humid,bursty,1,35.744,35.444,35.244,32.744,25.0,45.0,140.0,,100.0,2.0,35.4,,,0,trial
2026-07-07T20:35:28,forecast_hot_humid_bursty_r1,forecast,hot_humid,bursty,1,35.754,35.454,35.254,32.754,25.0,45.0,140.0,,100.0,2.0,35.41,,,0,trial
2026-07-07T20:35:28,forecast_hot_humid_bursty_r1,forecast,hot_humid,bursty,1,35.764,35.464,35.264,32.764,25.0,45.0,140.0,,100.0,2.0,35.42,,,0,trial
2026-07-07T20:35:28,forecast_hot_humid_bursty_r1,forecast,hot_humid,bursty,1,35.774,35.474,35.274,32.774,25.0,45.0,140.0,,100.0,2.0,35.44,,,0,trial
2026-07-07T20:35:28,forecast_hot_humid_bursty_r1,forecast,hot_humid,bursty,1,35.784,35.484,35.284,32.784,25.0,45.0,140.0,,100.0,2.0,35.45,,,0,trial
2026-07-07T20:35:28,forecast_hot_humid_bursty_r1,forecast,hot_humid,bursty,1,35.794,35.494,35.294,32.794,25.0,45.0,140.0,,100.0,2.0,35.46,,,0,trial
2026-07-07T20:35:28,forecast_hot_humid_bursty_r1,forecast,hot_humid,bursty,1,35.804,35.504,35.304,32.804,25.0,45.0,140.0,,100.0,2.0,35.47,,,0,trial
2026-07-07T20:35:28,forecast_hot_humid_bursty_r1,forecast,hot_humid,bursty,1,35.814,35.514,35.314,32.814,25.0,45.0,140.0,,100.0,2.0,35.48,,,0,trial
2026-07-07T20:35:28,forecast_hot_humid_bursty_r1,forecast,hot_humid,bursty,1,35.823,35.523,35.323,32.823,25.0,45.0,140.0,,100.0,2.0,35.5,,,0,trial
2026-07-07T20:35:28,forecast_hot_humid_bursty_r1,forecast,hot_humid,bursty,1,35.833,35.533,35.333,32.833,25.0,45.0,140.0,,100.0,2.0,35.51,,,0,trial
2026-07-07T20:35:28,forecast_hot_humid_bursty_r1,forecast,hot_humid,bursty,1,35.843,35.543,35.343,32.843,25.0,45.0,140.0,,100.0,2.0,35.52,,,0,trial
2026-07-07T20:35:28,forecast_hot_humid_bursty_r1,forecast,hot_humid,bursty,1,35.853,35.553,35.353,32.853,25.0,45.0,140.0,,100.0,2.0,35.53,,,0,trial
2026-07-07T20:35:28,forecast_hot_humid_bursty_r1,forecast,hot_humid,bursty,1,35.863,35.563,35.363,32.863,25.0,45.0,140.0,,100.0,2.0,35.54,,,0,trial
2026-07-07T20:35:28,forecast_hot_humid_bursty_r1,forecast,hot_humid,bursty,1,35.873,35.573,35.373,32.873,25.0,45.0,140.0,,100.0,2.0,35.56,,,0,trial
2026-07-07T20:35:28,forecast_hot_humid_bursty_r1,forecast,hot_humid,bursty,1,35.883,35.583,35.383,32.883,25.0,45.0,140.0,,100.0,2.0,35.57,,,0,trial
2026-07-07T20:35:28,forecast_hot_humid_bursty_r1,forecast,hot_humid,bursty,1,35.892,35.592,35.392,32.892,25.0,45.0,140.0,,100.0,2.0,35.58,,,0,trial
2026-07-07T20:35:28,forecast_hot_humid_bursty_r1,forecast,hot_humid,bursty,1,35.902,35.602,35.402,32.902,25.0,45.0,140.0,,100.0,2.0,35.59,,,0,trial
2026-07-07T20:35:28,forecast_hot_humid_bursty_r1,forecast,hot_humid,bursty,1,35.912,35.612,35.412,32.912,25.0,45.0,140.0,,100.0,2.0,35.6,,,0,trial
2026-07-07T20:35:28,forecast_hot_humid_bursty_r1,forecast,hot_humid,bursty,1,35.922,35.622,35.422,32.922,25.0,45.0,140.0,,100.0,2.0,35.61,,,0,trial
2026-07-07T20:35:28,forecast_hot_humid_bursty_r1,forecast,hot_humid,bursty,1,35.932,35.632,35.432,32.932,25.0,45.0,140.0,,100.0,2.0,35.63,,,0,trial
2026-07-07T20:35:28,forecast_hot_humid_bursty_r1,forecast,hot_humid,bursty,1,35.941,35.641,35.441,32.941,25.0,45.0,140.0,,100.0,2.0,35.64,,,0,trial
2026-07-07T20:35:28,forecast_hot_humid_bursty_r1,forecast,hot_humid,bursty,1,35.951,35.651,35.451,32.951,25.0,45.0,140.0,,100.0,2.0,35.65,,,0,trial
2026-07-07T20:35:28,forecast_hot_humid_bursty_r1,forecast,hot_humid,bursty,1,35.961,35.661,35.461,32.961,25.0,45.0,140.0,,100.0,2.0,35.66,,,0,trial
2026-07-07T20:35:28,forecast_hot_humid_bursty_r1,forecast,hot_humid,bursty,1,35.971,35.671,35.471,32.971,25.0,45.0,140.0,,100.0,2.0,35.67,,,0,trial
2026-07-07T20:35:28,forecast_hot_humid_bursty_r1,forecast,hot_humid,bursty,1,35.98,35.68,35.48,32.98,25.0,45.0,140.0,,100.0,2.0,35.68,,,0,trial
2026-07-07T20:35:28,forecast_hot_humid_bursty_r1,forecast,hot_humid,bursty,1,35.99,35.69,35.49,32.99,25.0,45.0,140.0,,100.0,2.0,35.7,,,0,trial
2026-07-07T20:35:28,forecast_hot_humid_bursty_r1,forecast,hot_humid,bursty,1,36.0,35.7,35.5,33.0,25.0,45.0,140.0,,100.0,2.0,35.71,,,0,trial
2026-07-07T20:35:28,forecast_hot_humid_bursty_r1,forecast,hot_humid,bursty,1,36.01,35.71,35.51,33.01,25.0,45.0,140.0,,100.0,2.0,35.72,,,0,trial
2026-07-07T20:35:28,forecast_hot_humid_bursty_r1,forecast,hot_humid,bursty,1,36.019,35.719,35.519,33.019,25.0,45.0,140.0,,100.0,2.0,35.73,,,0,trial
2026-07-07T20:35:28,forecast_hot_humid_bursty_r1,forecast,hot_humid,bursty,1,36.029,35.729,35.529,33.029,25.0,45.0,140.0,,100.0,2.0,35.74,,,0,trial
2026-07-07T20:35:28,forecast_hot_humid_bursty_r1,forecast,hot_humid,bursty,1,36.039,35.739,35.539,33.039,25.0,45.0,140.0,,100.0,2.0,35.75,,,0,trial
2026-07-07T20:35:28,forecast_hot_humid_bursty_r1,forecast,hot_humid,bursty,1,36.049,35.749,35.549,33.049,25.0,45.0,140.0,,100.0,2.0,35.76,,,0,trial
2026-07-07T20:35:28,forecast_hot_humid_bursty_r1,forecast,hot_humid,bursty,1,36.058,35.758,35.558,33.058,25.0,45.0,140.0,,100.0,2.0,35.78,,,0,trial
2026-07-07T20:35:28,forecast_hot_humid_bursty_r1,forecast,hot_humid,bursty,1,36.068,35.768,35.568,33.068,25.0,45.0,140.0,,100.0,2.0,35.79,,,0,trial
2026-07-07T20:35:28,forecast_hot_humid_bursty_r1,forecast,hot_humid,bursty,1,36.078,35.778,35.578,33.078,25.0,45.0,140.0,,100.0,2.0,35.8,,,0,trial
2026-07-07T20:35:28,forecast_hot_humid_bursty_r1,forecast,hot_humid,bursty,1,36.087,35.787,35.587,33.087,25.0,45.0,140.0,,100.0,2.0,35.81,,,0,trial
2026-07-07T20:35:28,forecast_hot_humid_bursty_r1,forecast,hot_humid,bursty,1,36.097,35.797,35.597,33.097,25.0,45.0,140.0,,100.0,2.0,35.82,,,0,trial
2026-07-07T20:35:28,forecast_hot_humid_bursty_r1,forecast,hot_humid,bursty,1,36.107,35.807,35.607,33.107,25.0,45.0,140.0,,100.0,2.0,35.83,,,0,trial
2026-07-07T20:35:28,forecast_hot_humid_bursty_r1,forecast,hot_humid,bursty,1,36.116,35.816,35.616,33.116,25.0,45.0,140.0,,100.0,2.0,35.84,,,0,trial
2026-07-07T20:35:28,forecast_hot_humid_bursty_r1,forecast,hot_humid,bursty,1,36.126,35.826,35.626,33.126,25.0,45.0,140.0,,100.0,2.0,35.85,,,0,trial
2026-07-07T20:35:28,forecast_hot_humid_bursty_r1,forecast,hot_humid,bursty,1,36.136,35.836,35.636,33.136,25.0,45.0,140.0,,100.0,2.0,35.87,,,0,trial
2026-07-07T20:35:28,forecast_hot_humid_bursty_r1,forecast,hot_humid,bursty,1,36.145,35.845,35.645,33.145,25.0,45.0,140.0,,100.0,2.0,35.88,,,0,trial
2026-07-07T20:35:28,forecast_hot_humid_bursty_r1,forecast,hot_humid,bursty,1,36.155,35.855,35.655,33.155,25.0,45.0,140.0,,100.0,2.0,35.89,,,0,trial
2026-07-07T20:35:28,forecast_hot_humid_bursty_r1,forecast,hot_humid,bursty,1,36.164,35.864,35.664,33.164,25.0,45.0,140.0,,100.0,2.0,35.9,,,0,trial
2026-07-07T20:35:28,forecast_hot_humid_bursty_r1,forecast,hot_humid,bursty,1,36.174,35.874,35.674,33.174,25.0,45.0,140.0,,100.0,2.0,35.91,,,0,trial
2026-07-07T20:35:28,forecast_hot_humid_bursty_r1,forecast,hot_humid,bursty,1,36.184,35.884,35.684,33.184,25.0,45.0,140.0,,100.0,2.0,35.92,,,0,trial
2026-07-07T20:35:28,forecast_hot_humid_bursty_r1,forecast,hot_humid,bursty,1,36.193,35.893,35.693,33.193,25.0,45.0,140.0,,100.0,2.0,35.93,,,0,trial
2026-07-07T20:35:28,forecast_hot_humid_bursty_r1,forecast,hot_humid,bursty,1,36.203,35.903,35.703,33.203,25.0,45.0,140.0,,100.0,2.0,35.94,,,0,trial
2026-07-07T20:35:28,forecast_hot_humid_bursty_r1,forecast,hot_humid,bursty,1,36.212,35.912,35.712,33.212,25.0,45.0,140.0,,100.0,2.0,35.95,,,0,trial
2026-07-07T20:35:28,forecast_hot_humid_bursty_r1,forecast,hot_humid,bursty,1,36.222,35.922,35.722,33.222,25.0,45.0,140.0,,100.0,2.0,35.96,,,0,trial
2026-07-07T20:35:28,forecast_hot_humid_bursty_r1,forecast,hot_humid,bursty,1,36.232,35.932,35.732,33.232,25.0,45.0,140.0,,100.0,2.0,35.97,,,0,trial
2026-07-07T20:35:28,forecast_hot_humid_bursty_r1,forecast,hot_humid,bursty,1,36.241,35.941,35.741,33.241,25.0,45.0,140.0,,100.0,2.0,35.99,,,0,trial
2026-07-07T20:35:28,forecast_hot_humid_bursty_r1,forecast,hot_humid,bursty,1,36.251,35.951,35.751,33.251,25.0,45.0,140.0,,100.0,2.0,36.0,,,0,trial
2026-07-07T20:35:28,forecast_hot_humid_bursty_r1,forecast,hot_humid,bursty,1,36.26,35.96,35.76,33.26,25.0,45.0,140.0,,100.0,2.0,36.01,,,0,trial
2026-07-07T20:35:28,forecast_hot_humid_bursty_r1,forecast,hot_humid,bursty,1,36.27,35.97,35.77,33.27,25.0,45.0,140.0,,100.0,2.0,36.02,,,0,trial
2026-07-07T20:35:28,forecast_hot_humid_bursty_r1,forecast,hot_humid,bursty,1,36.279,35.979,35.779,33.279,25.0,45.0,140.0,,100.0,2.0,36.03,,,0,trial
2026-07-07T20:35:28,forecast_hot_humid_bursty_r1,forecast,hot_humid,bursty,1,36.289,35.989,35.789,33.289,25.0,45.0,140.0,,100.0,2.0,36.04,,,0,trial
2026-07-07T20:35:28,forecast_hot_humid_bursty_r1,forecast,hot_humid,bursty,1,36.298,35.998,35.798,33.298,25.0,45.0,140.0,,100.0,2.0,36.05,,,0,trial
2026-07-07T20:35:28,forecast_hot_humid_bursty_r1,forecast,hot_humid,bursty,1,36.308,36.008,35.808,33.308,25.0,45.0,140.0,,100.0,2.0,36.06,,,0,trial
2026-07-07T20:35:28,forecast_hot_humid_bursty_r1,forecast,hot_humid,bursty,1,36.317,36.017,35.817,33.317,25.0,45.0,140.0,,100.0,2.0,36.07,,,0,trial
2026-07-07T20:35:28,forecast_hot_humid_bursty_r1,forecast,hot_humid,bursty,1,36.327,36.027,35.827,33.327,25.0,45.0,140.0,,100.0,2.0,36.08,,,0,trial
2026-07-07T20:35:28,forecast_hot_humid_bursty_r1,forecast,hot_humid,bursty,1,36.336,36.036,35.836,33.336,25.0,45.0,140.0,,100.0,2.0,36.09,,,0,trial
2026-07-07T20:35:28,forecast_hot_humid_bursty_r1,forecast,hot_humid,bursty,1,36.346,36.046,35.846,33.346,25.0,45.0,140.0,,100.0,2.0,36.1,,,0,trial
2026-07-07T20:35:28,forecast_hot_humid_bursty_r1,forecast,hot_humid,bursty,1,36.355,36.055,35.855,33.355,25.0,45.0,140.0,,100.0,2.0,36.11,,,0,trial
2026-07-07T20:35:28,forecast_hot_humid_bursty_r1,forecast,hot_humid,bursty,1,36.365,36.065,35.865,33.365,25.0,45.0,140.0,,100.0,2.0,36.12,,,0,trial
2026-07-07T20:35:28,forecast_hot_humid_bursty_r1,forecast,hot_humid,bursty,1,36.374,36.074,35.874,33.374,25.0,45.0,140.0,,100.0,2.0,36.13,,,0,trial
2026-07-07T20:35:28,forecast_hot_humid_bursty_r1,forecast,hot_humid,bursty,1,36.384,36.084,35.884,33.384,25.0,45.0,140.0,,100.0,2.0,36.14,,,0,trial
2026-07-07T20:35:28,forecast_hot_humid_bursty_r1,forecast,hot_humid,bursty,1,36.393,36.093,35.893,33.393,25.0,45.0,140.0,,100.0,2.0,36.15,,,0,trial
2026-07-07T20:35:28,forecast_hot_humid_bursty_r1,forecast,hot_humid,bursty,1,36.402,36.102,35.902,33.402,25.0,45.0,140.0,,100.0,2.0,36.16,,,0,trial
2026-07-07T20:35:28,forecast_hot_humid_bursty_r1,forecast,hot_humid,bursty,1,36.412,36.112,35.912,33.412,25.0,45.0,140.0,,100.0,2.0,36.17,,,0,trial
2026-07-07T20:35:28,forecast_hot_humid_bursty_r1,forecast,hot_humid,bursty,1,36.421,36.121,35.921,33.421,25.0,45.0,140.0,,100.0,2.0,36.18,,,0,trial
2026-07-07T20:35:28,forecast_hot_humid_bursty_r1,forecast,hot_humid,bursty,1,36.431,36.131,35.931,33.431,25.0,45.0,140.0,,100.0,2.0,36.19,,,0,trial
2026-07-07T20:35:28,forecast_hot_humid_bursty_r1,forecast,hot_humid,bursty,1,36.44,36.14,35.94,33.44,25.0,45.0,140.0,,100.0,2.0,36.2,,,0,trial
2026-07-07T20:35:28,forecast_hot_humid_bursty_r1,forecast,hot_humid,bursty,1,36.449,36.149,35.949,33.449,25.0,45.0,140.0,,100.0,2.0,36.21,,,0,trial
2026-07-07T20:35:28,forecast_hot_humid_bursty_r1,forecast,hot_humid,bursty,1,36.459,36.159,35.959,33.459,25.0,45.0,140.0,,100.0,2.0,36.22,,,0,trial
2026-07-07T20:35:28,forecast_hot_humid_bursty_r1,forecast,hot_humid,bursty,1,36.468,36.168,35.968,33.468,25.0,45.0,140.0,,100.0,2.0,36.23,,,0,trial
2026-07-07T20:35:28,forecast_hot_humid_bursty_r1,forecast,hot_humid,bursty,1,36.478,36.178,35.978,33.478,25.0,45.0,140.0,,100.0,2.0,36.24,,,0,trial
2026-07-07T20:35:28,forecast_hot_humid_bursty_r1,forecast,hot_humid,bursty,1,36.487,36.187,35.987,33.487,25.0,45.0,140.0,,100.0,2.0,36.25,,,0,trial
2026-07-07T20:35:28,forecast_hot_humid_bursty_r1,forecast,hot_humid,bursty,1,36.496,36.196,35.996,33.496,25.0,45.0,140.0,,100.0,2.0,36.26,,,0,trial
2026-07-07T20:35:28,forecast_hot_humid_bursty_r1,forecast,hot_humid,bursty,1,36.506,36.206,36.006,33.506,25.0,45.0,140.0,,100.0,2.0,36.27,,,0,trial
2026-07-07T20:35:28,forecast_hot_humid_bursty_r1,forecast,hot_humid,bursty,1,36.515,36.215,36.015,33.515,25.0,45.0,140.0,,100.0,2.0,36.28,,,0,trial
2026-07-07T20:35:28,forecast_hot_humid_bursty_r1,forecast,hot_humid,bursty,1,36.524,36.224,36.024,33.524,25.0,45.0,140.0,,100.0,2.0,36.29,,,0,trial
2026-07-07T20:35:28,forecast_hot_humid_bursty_r1,forecast,hot_humid,bursty,1,36.534,36.234,36.034,33.534,25.0,45.0,140.0,,100.0,2.0,36.3,,,0,trial
2026-07-07T20:35:28,forecast_hot_humid_bursty_r1,forecast,hot_humid,bursty,1,36.543,36.243,36.043,33.543,25.0,45.0,140.0,,100.0,2.0,36.31,,,0,trial
2026-07-07T20:35:28,forecast_hot_humid_bursty_r1,forecast,hot_humid,bursty,1,36.552,36.252,36.052,33.552,25.0,45.0,140.0,,100.0,2.0,36.32,,,0,trial
2026-07-07T20:35:28,forecast_hot_humid_bursty_r1,forecast,hot_humid,bursty,1,36.562,36.262,36.062,33.562,25.0,45.0,140.0,,100.0,2.0,36.33,,,0,trial
2026-07-07T20:35:28,forecast_hot_humid_bursty_r1,forecast,hot_humid,bursty,1,36.571,36.271,36.071,33.571,25.0,45.0,140.0,,100.0,2.0,36.34,,,0,trial
2026-07-07T20:35:28,forecast_hot_humid_bursty_r1,forecast,hot_humid,bursty,1,36.58,36.28,36.08,33.58,25.0,45.0,140.0,,100.0,2.0,36.34,,,0,trial
2026-07-07T20:35:28,forecast_hot_humid_bursty_r1,forecast,hot_humid,bursty,1,36.589,36.289,36.089,33.589,25.0,45.0,140.0,,100.0,2.0,36.35,,,0,trial
2026-07-07T20:35:28,forecast_hot_humid_bursty_r1,forecast,hot_humid,bursty,1,36.599,36.299,36.099,33.599,25.0,45.0,140.0,,100.0,2.0,36.36,,,0,trial
2026-07-07T20:35:28,forecast_hot_humid_bursty_r1,forecast,hot_humid,bursty,1,36.608,36.308,36.108,33.608,25.0,45.0,140.0,,100.0,2.0,36.37,,,0,trial
2026-07-07T20:35:28,forecast_hot_humid_bursty_r1,forecast,hot_humid,bursty,1,36.617,36.317,36.117,33.617,25.0,45.0,140.0,,100.0,2.0,36.38,,,0,trial
2026-07-07T20:35:28,forecast_hot_humid_bursty_r1,forecast,hot_humid,bursty,1,36.626,36.326,36.126,33.626,25.0,45.0,140.0,,100.0,2.0,36.39,,,0,trial
2026-07-07T20:35:28,forecast_hot_humid_bursty_r1,forecast,hot_humid,bursty,1,36.636,36.336,36.136,33.636,25.0,45.0,140.0,,100.0,2.0,36.4,,,0,trial
2026-07-07T20:35:28,forecast_hot_humid_bursty_r1,forecast,hot_humid,bursty,1,36.645,36.345,36.145,33.645,25.0,45.0,140.0,,100.0,2.0,36.41,,,0,trial
2026-07-07T20:35:28,forecast_hot_humid_bursty_r1,forecast,hot_humid,bursty,1,36.654,36.354,36.154,33.654,25.0,45.0,140.0,,100.0,2.0,36.42,,,0,trial
2026-07-07T20:35:28,forecast_hot_humid_bursty_r1,forecast,hot_humid,bursty,1,36.663,36.363,36.163,33.663,25.0,45.0,140.0,,100.0,2.0,36.43,,,0,trial
2026-07-07T20:35:28,forecast_hot_humid_bursty_r1,forecast,hot_humid,bursty,1,36.673,36.373,36.173,33.673,25.0,45.0,140.0,,100.0,2.0,36.43,,,0,trial
2026-07-07T20:35:28,forecast_hot_humid_bursty_r1,forecast,hot_humid,bursty,1,36.682,36.382,36.182,33.682,25.0,45.0,140.0,,100.0,2.0,36.44,,,0,trial
2026-07-07T20:35:28,forecast_hot_humid_bursty_r1,forecast,hot_humid,bursty,1,36.691,36.391,36.191,33.691,25.0,45.0,140.0,,100.0,2.0,36.45,,,0,trial
2026-07-07T20:35:28,forecast_hot_humid_bursty_r1,forecast,hot_humid,bursty,1,36.7,36.4,36.2,33.7,25.0,45.0,140.0,,100.0,2.0,36.46,,,0,trial
2026-07-07T20:35:28,forecast_hot_humid_bursty_r1,forecast,hot_humid,bursty,1,36.709,36.409,36.209,33.709,25.0,45.0,140.0,,100.0,2.0,36.47,,,0,trial
2026-07-07T20:35:28,forecast_hot_humid_bursty_r1,forecast,hot_humid,bursty,1,36.719,36.419,36.219,33.719,25.0,45.0,140.0,,100.0,2.0,36.48,,,0,trial
2026-07-07T20:35:28,forecast_hot_humid_bursty_r1,forecast,hot_humid,bursty,1,36.728,36.428,36.228,33.728,25.0,45.0,140.0,,100.0,2.0,36.49,,,0,trial
2026-07-07T20:35:28,forecast_hot_humid_bursty_r1,forecast,hot_humid,bursty,1,36.737,36.437,36.237,33.737,25.0,45.0,140.0,,100.0,2.0,36.49,,,0,trial
2026-07-07T20:35:28,forecast_hot_humid_bursty_r1,forecast,hot_humid,bursty,1,36.746,36.446,36.246,33.746,25.0,45.0,140.0,,100.0,2.0,36.5,,,0,trial
2026-07-07T20:35:28,forecast_hot_humid_bursty_r1,forecast,hot_humid,bursty,1,36.755,36.455,36.255,33.755,25.0,45.0,140.0,,100.0,2.0,36.51,,,0,trial
2026-07-07T20:35:28,forecast_hot_humid_bursty_r1,forecast,hot_humid,bursty,1,36.764,36.464,36.264,33.764,25.0,45.0,140.0,,100.0,2.0,36.52,,,0,trial
2026-07-07T20:35:28,forecast_hot_humid_bursty_r1,forecast,hot_humid,bursty,1,36.773,36.473,36.273,33.773,25.0,45.0,140.0,,100.0,2.0,36.53,,,0,trial
2026-07-07T20:35:28,forecast_hot_humid_bursty_r1,forecast,hot_humid,bursty,1,36.783,36.483,36.283,33.783,25.0,45.0,140.0,,100.0,2.0,36.54,,,0,trial
2026-07-07T20:35:28,forecast_hot_humid_bursty_r1,forecast,hot_humid,bursty,1,36.792,36.492,36.292,33.792,25.0,45.0,140.0,,100.0,2.0,36.54,,,0,trial
2026-07-07T20:35:28,forecast_hot_humid_bursty_r1,forecast,hot_humid,bursty,1,36.801,36.501,36.301,33.801,25.0,45.0,140.0,,100.0,2.0,36.55,,,0,trial
2026-07-07T20:35:28,forecast_hot_humid_bursty_r1,forecast,hot_humid,bursty,1,36.81,36.51,36.31,33.81,25.0,45.0,140.0,,100.0,2.0,36.56,,,0,trial
2026-07-07T20:35:28,forecast_hot_humid_bursty_r1,forecast,hot_humid,bursty,1,36.819,36.519,36.319,33.819,25.0,45.0,140.0,,100.0,2.0,36.57,,,0,trial
2026-07-07T20:35:28,forecast_hot_humid_bursty_r1,forecast,hot_humid,bursty,1,36.828,36.528,36.328,33.828,25.0,45.0,140.0,,100.0,2.0,36.58,,,0,trial
2026-07-07T20:35:28,forecast_hot_humid_bursty_r1,forecast,hot_humid,bursty,1,36.837,36.537,36.337,33.837,25.0,45.0,140.0,,100.0,2.0,36.58,,,0,trial
2026-07-07T20:35:28,forecast_hot_humid_bursty_r1,forecast,hot_humid,bursty,1,36.846,36.546,36.346,33.846,25.0,45.0,140.0,,100.0,2.0,36.59,,,0,trial
2026-07-07T20:35:28,forecast_hot_humid_bursty_r1,forecast,hot_humid,bursty,1,36.855,36.555,36.355,33.855,25.0,45.0,140.0,,100.0,2.0,36.6,,,0,trial
2026-07-07T20:35:28,forecast_hot_humid_bursty_r1,forecast,hot_humid,bursty,1,36.864,36.564,36.364,33.864,25.0,45.0,140.0,,100.0,2.0,36.61,,,0,trial
2026-07-07T20:35:28,forecast_hot_humid_bursty_r1,forecast,hot_humid,bursty,1,36.873,36.573,36.373,33.873,25.0,45.0,140.0,,100.0,2.0,36.61,,,0,trial
2026-07-07T20:35:28,forecast_hot_humid_bursty_r1,forecast,hot_humid,bursty,1,36.882,36.582,36.382,33.882,25.0,45.0,140.0,,100.0,2.0,36.62,,,0,trial
2026-07-07T20:35:28,forecast_hot_humid_bursty_r1,forecast,hot_humid,bursty,1,36.891,36.591,36.391,33.891,25.0,45.0,140.0,,100.0,2.0,36.63,,,0,trial
2026-07-07T20:35:28,forecast_hot_humid_bursty_r1,forecast,hot_humid,bursty,1,36.901,36.601,36.401,33.901,25.0,45.0,140.0,,100.0,2.0,36.64,,,0,trial
2026-07-07T20:35:28,forecast_hot_humid_bursty_r1,forecast,hot_humid,bursty,1,36.91,36.61,36.41,33.91,25.0,45.0,140.0,,100.0,2.0,36.64,,,0,trial
2026-07-07T20:35:28,forecast_hot_humid_bursty_r1,forecast,hot_humid,bursty,1,36.919,36.619,36.419,33.919,25.0,45.0,140.0,,100.0,2.0,36.65,,,0,trial
2026-07-07T20:35:28,forecast_hot_humid_bursty_r1,forecast,hot_humid,bursty,1,36.928,36.628,36.428,33.928,25.0,45.0,140.0,,100.0,2.0,36.66,,,0,trial
2026-07-07T20:35:28,forecast_hot_humid_bursty_r1,forecast,hot_humid,bursty,1,36.937,36.637,36.437,33.937,25.0,45.0,140.0,,100.0,2.0,36.67,,,0,trial
2026-07-07T20:35:28,forecast_hot_humid_bursty_r1,forecast,hot_humid,bursty,1,36.946,36.646,36.446,33.946,25.0,45.0,140.0,,100.0,2.0,36.67,,,0,trial
2026-07-07T20:35:28,forecast_hot_humid_bursty_r1,forecast,hot_humid,bursty,1,36.955,36.655,36.455,33.955,25.0,45.0,140.0,,100.0,2.0,36.68,,,0,trial
2026-07-07T20:35:28,forecast_hot_humid_bursty_r1,forecast,hot_humid,bursty,1,36.964,36.664,36.464,33.964,25.0,45.0,140.0,,100.0,2.0,36.69,,,0,trial
2026-07-07T20:35:28,forecast_hot_humid_bursty_r1,forecast,hot_humid,bursty,1,36.973,36.673,36.473,33.973,25.0,45.0,140.0,,100.0,2.0,36.69,,,0,trial
2026-07-07T20:35:28,forecast_hot_humid_bursty_r1,forecast,hot_humid,bursty,1,36.982,36.682,36.482,33.982,25.0,45.0,140.0,,100.0,2.0,36.7,,,0,trial
2026-07-07T20:35:28,forecast_hot_humid_bursty_r1,forecast,hot_humid,bursty,1,36.99,36.69,36.49,33.99,25.0,45.0,140.0,,100.0,2.0,36.71,,,0,trial
2026-07-07T20:35:28,forecast_hot_humid_bursty_r1,forecast,hot_humid,bursty,1,36.999,36.699,36.499,33.999,25.0,45.0,140.0,,100.0,2.0,36.72,,,0,trial
2026-07-07T20:35:28,forecast_hot_humid_bursty_r1,forecast,hot_humid,bursty,1,37.008,36.708,36.508,34.008,25.0,45.0,140.0,,100.0,2.0,36.72,,,0,trial
2026-07-07T20:35:28,forecast_hot_humid_bursty_r1,forecast,hot_humid,bursty,1,37.017,36.717,36.517,34.017,25.0,45.0,140.0,,100.0,2.0,36.73,,,0,trial
2026-07-07T20:35:28,forecast_hot_humid_bursty_r1,forecast,hot_humid,bursty,1,37.026,36.726,36.526,34.026,25.0,45.0,140.0,,100.0,2.0,36.74,,,0,trial
2026-07-07T20:35:28,forecast_hot_humid_bursty_r1,forecast,hot_humid,bursty,1,37.035,36.735,36.535,34.035,25.0,45.0,140.0,,100.0,2.0,36.74,,,0,trial
2026-07-07T20:35:28,forecast_hot_humid_bursty_r1,forecast,hot_humid,bursty,1,37.044,36.744,36.544,34.044,25.0,45.0,140.0,,100.0,2.0,36.75,,,0,trial
2026-07-07T20:35:28,forecast_hot_humid_bursty_r1,forecast,hot_humid,bursty,1,37.053,36.753,36.553,34.053,25.0,45.0,140.0,,100.0,2.0,36.76,,,0,trial
2026-07-07T20:35:28,forecast_hot_humid_bursty_r1,forecast,hot_humid,bursty,1,37.062,36.762,36.562,34.062,25.0,45.0,140.0,,100.0,2.0,36.76,,,0,trial
2026-07-07T20:35:28,forecast_hot_humid_bursty_r1,forecast,hot_humid,bursty,1,37.071,36.771,36.571,34.071,25.0,45.0,140.0,,100.0,2.0,36.77,,,0,trial
2026-07-07T20:35:28,forecast_hot_humid_bursty_r1,forecast,hot_humid,bursty,1,37.08,36.78,36.58,34.08,25.0,45.0,140.0,,100.0,2.0,36.77,,,0,trial
2026-07-07T20:35:28,forecast_hot_humid_bursty_r1,forecast,hot_humid,bursty,1,37.089,36.789,36.589,34.089,25.0,45.0,140.0,,100.0,2.0,36.78,,,0,trial
2026-07-07T20:35:28,forecast_hot_humid_bursty_r1,forecast,hot_humid,bursty,1,37.097,36.797,36.597,34.097,25.0,45.0,140.0,,100.0,2.0,36.79,,,0,trial
2026-07-07T20:35:28,forecast_hot_humid_bursty_r1,forecast,hot_humid,bursty,1,37.106,36.806,36.606,34.106,25.0,45.0,140.0,,100.0,2.0,36.79,,,0,trial
2026-07-07T20:35:28,forecast_hot_humid_bursty_r1,forecast,hot_humid,bursty,1,37.115,36.815,36.615,34.115,25.0,45.0,140.0,,100.0,2.0,36.8,,,0,trial
2026-07-07T20:35:28,forecast_hot_humid_bursty_r1,forecast,hot_humid,bursty,1,37.124,36.824,36.624,34.124,25.0,45.0,140.0,,100.0,2.0,36.81,,,0,trial
2026-07-07T20:35:28,forecast_hot_humid_bursty_r1,forecast,hot_humid,bursty,1,37.133,36.833,36.633,34.133,25.0,45.0,140.0,,100.0,2.0,36.81,,,0,trial
2026-07-07T20:35:28,forecast_hot_humid_bursty_r1,forecast,hot_humid,bursty,1,37.142,36.842,36.642,34.142,25.0,45.0,140.0,,100.0,2.0,36.82,,,0,trial
2026-07-07T20:35:28,forecast_hot_humid_bursty_r1,forecast,hot_humid,bursty,1,37.151,36.851,36.651,34.151,25.0,45.0,140.0,,100.0,2.0,36.82,,,0,trial
2026-07-07T20:35:28,forecast_hot_humid_bursty_r1,forecast,hot_humid,bursty,1,37.159,36.859,36.659,34.159,25.0,45.0,140.0,,100.0,2.0,36.83,,,0,trial
2026-07-07T20:35:28,forecast_hot_humid_bursty_r1,forecast,hot_humid,bursty,1,37.158,36.858,36.658,34.158,25.0,45.0,60.0,,100.0,2.0,36.84,,,0,trial
2026-07-07T20:35:28,forecast_hot_humid_bursty_r1,forecast,hot_humid,bursty,1,37.158,36.858,36.658,34.158,25.0,45.0,60.0,,75.0,1.5,36.84,,,0,trial
2026-07-07T20:35:28,forecast_hot_humid_bursty_r1,forecast,hot_humid,bursty,1,37.157,36.857,36.657,34.157,25.0,45.0,60.0,,75.0,1.5,36.85,,,0,trial
2026-07-07T20:35:28,forecast_hot_humid_bursty_r1,forecast,hot_humid,bursty,1,37.157,36.857,36.657,34.157,25.0,45.0,60.0,,75.0,1.5,36.85,,,0,trial
2026-07-07T20:35:28,forecast_hot_humid_bursty_r1,forecast,hot_humid,bursty,1,37.157,36.857,36.657,34.157,25.0,45.0,60.0,,75.0,1.5,36.86,,,0,trial
2026-07-07T20:35:28,forecast_hot_humid_bursty_r1,forecast,hot_humid,bursty,1,37.157,36.857,36.657,34.157,25.0,45.0,60.0,,75.0,1.5,36.86,,,0,trial
2026-07-07T20:35:28,forecast_hot_humid_bursty_r1,forecast,hot_humid,bursty,1,37.157,36.857,36.657,34.157,25.0,45.0,60.0,,75.0,1.5,36.87,,,0,trial
2026-07-07T20:35:28,forecast_hot_humid_bursty_r1,forecast,hot_humid,bursty,1,37.156,36.856,36.656,34.156,25.0,45.0,60.0,,75.0,1.5,36.87,,,0,trial
2026-07-07T20:35:28,forecast_hot_humid_bursty_r1,forecast,hot_humid,bursty,1,37.156,36.856,36.656,34.156,25.0,45.0,60.0,,75.0,1.5,36.88,,,0,trial
2026-07-07T20:35:28,forecast_hot_humid_bursty_r1,forecast,hot_humid,bursty,1,37.156,36.856,36.656,34.156,25.0,45.0,60.0,,75.0,1.5,36.88,,,0,trial
2026-07-07T20:35:28,forecast_hot_humid_bursty_r1,forecast,hot_humid,bursty,1,37.156,36.856,36.656,34.156,25.0,45.0,60.0,,75.0,1.5,36.89,,,0,trial
2026-07-07T20:35:28,forecast_hot_humid_bursty_r1,forecast,hot_humid,bursty,1,37.156,36.856,36.656,34.156,25.0,45.0,60.0,,75.0,1.5,36.9,,,0,trial
2026-07-07T20:35:28,forecast_hot_humid_bursty_r1,forecast,hot_humid,bursty,1,37.155,36.855,36.655,34.155,25.0,45.0,60.0,,75.0,1.5,36.9,,,0,trial
2026-07-07T20:35:28,forecast_hot_humid_bursty_r1,forecast,hot_humid,bursty,1,37.155,36.855,36.655,34.155,25.0,45.0,60.0,,75.0,1.5,36.91,,,0,trial
2026-07-07T20:35:28,forecast_hot_humid_bursty_r1,forecast,hot_humid,bursty,1,37.155,36.855,36.655,34.155,25.0,45.0,60.0,,75.0,1.5,36.91,,,0,trial
2026-07-07T20:35:28,forecast_hot_humid_bursty_r1,forecast,hot_humid,bursty,1,37.155,36.855,36.655,34.155,25.0,45.0,60.0,,75.0,1.5,36.92,,,0,trial
2026-07-07T20:35:28,forecast_hot_humid_bursty_r1,forecast,hot_humid,bursty,1,37.155,36.855,36.655,34.155,25.0,45.0,60.0,,75.0,1.5,36.92,,,0,trial
2026-07-07T20:35:28,forecast_hot_humid_bursty_r1,forecast,hot_humid,bursty,1,37.155,36.855,36.655,34.155,25.0,45.0,60.0,,75.0,1.5,36.92,,,0,trial
2026-07-07T20:35:28,forecast_hot_humid_bursty_r1,forecast,hot_humid,bursty,1,37.154,36.854,36.654,34.154,25.0,45.0,60.0,,75.0,1.5,36.93,,,0,trial
2026-07-07T20:35:28,forecast_hot_humid_bursty_r1,forecast,hot_humid,bursty,1,37.154,36.854,36.654,34.154,25.0,45.0,60.0,,75.0,1.5,36.93,,,0,trial
2026-07-07T20:35:28,forecast_hot_humid_bursty_r1,forecast,hot_humid,bursty,1,37.154,36.854,36.654,34.154,25.0,45.0,60.0,,75.0,1.5,36.94,,,0,trial
2026-07-07T20:35:28,forecast_hot_humid_bursty_r1,forecast,hot_humid,bursty,1,37.154,36.854,36.654,34.154,25.0,45.0,60.0,,75.0,1.5,36.94,,,0,trial
2026-07-07T20:35:28,forecast_hot_humid_bursty_r1,forecast,hot_humid,bursty,1,37.154,36.854,36.654,34.154,25.0,45.0,60.0,,75.0,1.5,36.95,,,0,trial
2026-07-07T20:35:28,forecast_hot_humid_bursty_r1,forecast,hot_humid,bursty,1,37.153,36.853,36.653,34.153,25.0,45.0,60.0,,75.0,1.5,36.95,,,0,trial
2026-07-07T20:35:28,forecast_hot_humid_bursty_r1,forecast,hot_humid,bursty,1,37.153,36.853,36.653,34.153,25.0,45.0,60.0,,75.0,1.5,36.96,,,0,trial
2026-07-07T20:35:28,forecast_hot_humid_bursty_r1,forecast,hot_humid,bursty,1,37.153,36.853,36.653,34.153,25.0,45.0,60.0,,75.0,1.5,36.96,,,0,trial
2026-07-07T20:35:28,forecast_hot_humid_bursty_r1,forecast,hot_humid,bursty,1,37.153,36.853,36.653,34.153,25.0,45.0,60.0,,75.0,1.5,36.96,,,0,trial
2026-07-07T20:35:28,forecast_hot_humid_bursty_r1,forecast,hot_humid,bursty,1,37.153,36.853,36.653,34.153,25.0,45.0,60.0,,75.0,1.5,36.97,,,0,trial
2026-07-07T20:35:28,forecast_hot_humid_bursty_r1,forecast,hot_humid,bursty,1,37.153,36.853,36.653,34.153,25.0,45.0,60.0,,75.0,1.5,36.97,,,0,trial
2026-07-07T20:35:28,forecast_hot_humid_bursty_r1,forecast,hot_humid,bursty,1,37.152,36.852,36.652,34.152,25.0,45.0,60.0,,75.0,1.5,36.98,,,0,trial
2026-07-07T20:35:28,forecast_hot_humid_bursty_r1,forecast,hot_humid,bursty,1,37.152,36.852,36.652,34.152,25.0,45.0,60.0,,75.0,1.5,36.98,,,0,trial
2026-07-07T20:35:28,forecast_hot_humid_bursty_r1,forecast,hot_humid,bursty,1,37.15,36.85,36.65,34.15,25.0,45.0,60.0,,100.0,2.0,36.99,,,0,trial
2026-07-07T20:35:28,forecast_hot_humid_bursty_r1,forecast,hot_humid,bursty,1,37.149,36.849,36.649,34.149,25.0,45.0,60.0,,100.0,2.0,36.99,,,0,trial
2026-07-07T20:35:28,forecast_hot_humid_bursty_r1,forecast,hot_humid,bursty,1,37.147,36.847,36.647,34.147,25.0,45.0,60.0,,100.0,2.0,36.99,,,0,trial
2026-07-07T20:35:28,forecast_hot_humid_bursty_r1,forecast,hot_humid,bursty,1,37.145,36.845,36.645,34.145,25.0,45.0,60.0,,100.0,2.0,37.0,,,0,trial
2026-07-07T20:35:28,forecast_hot_humid_bursty_r1,forecast,hot_humid,bursty,1,37.144,36.844,36.644,34.144,25.0,45.0,60.0,,100.0,2.0,37.0,,,0,trial
2026-07-07T20:35:28,forecast_hot_humid_bursty_r1,forecast,hot_humid,bursty,1,37.142,36.842,36.642,34.142,25.0,45.0,60.0,,100.0,2.0,37.0,,,0,trial
2026-07-07T20:35:28,forecast_hot_humid_bursty_r1,forecast,hot_humid,bursty,1,37.14,36.84,36.64,34.14,25.0,45.0,60.0,,100.0,2.0,37.01,,,0,trial
2026-07-07T20:35:28,forecast_hot_humid_bursty_r1,forecast,hot_humid,bursty,1,37.139,36.839,36.639,34.139,25.0,45.0,60.0,,100.0,2.0,37.01,,,0,trial
2026-07-07T20:35:28,forecast_hot_humid_bursty_r1,forecast,hot_humid,bursty,1,37.137,36.837,36.637,34.137,25.0,45.0,60.0,,100.0,2.0,37.01,,,0,trial
2026-07-07T20:35:28,forecast_hot_humid_bursty_r1,forecast,hot_humid,bursty,1,37.135,36.835,36.635,34.135,25.0,45.0,60.0,,100.0,2.0,37.02,,,0,trial
2026-07-07T20:35:28,forecast_hot_humid_bursty_r1,forecast,hot_humid,bursty,1,37.134,36.834,36.634,34.134,25.0,45.0,60.0,,100.0,2.0,37.02,,,0,trial
2026-07-07T20:35:28,forecast_hot_humid_bursty_r1,forecast,hot_humid,bursty,1,37.132,36.832,36.632,34.132,25.0,45.0,60.0,,100.0,2.0,37.02,,,0,trial
2026-07-07T20:35:28,forecast_hot_humid_bursty_r1,forecast,hot_humid,bursty,1,37.13,36.83,36.63,34.13,25.0,45.0,60.0,,100.0,2.0,37.03,,,0,trial
2026-07-07T20:35:28,forecast_hot_humid_bursty_r1,forecast,hot_humid,bursty,1,37.129,36.829,36.629,34.129,25.0,45.0,60.0,,100.0,2.0,37.03,,,0,trial
2026-07-07T20:35:28,forecast_hot_humid_bursty_r1,forecast,hot_humid,bursty,1,37.127,36.827,36.627,34.127,25.0,45.0,60.0,,100.0,2.0,37.03,,,0,trial
2026-07-07T20:35:28,forecast_hot_humid_bursty_r1,forecast,hot_humid,bursty,1,37.125,36.825,36.625,34.125,25.0,45.0,60.0,,100.0,2.0,37.04,,,0,trial
2026-07-07T20:35:28,forecast_hot_humid_bursty_r1,forecast,hot_humid,bursty,1,37.123,36.823,36.623,34.123,25.0,45.0,60.0,,100.0,2.0,37.04,,,0,trial
2026-07-07T20:35:28,forecast_hot_humid_bursty_r1,forecast,hot_humid,bursty,1,37.122,36.822,36.622,34.122,25.0,45.0,60.0,,100.0,2.0,37.04,,,0,trial
2026-07-07T20:35:28,forecast_hot_humid_bursty_r1,forecast,hot_humid,bursty,1,37.12,36.82,36.62,34.12,25.0,45.0,60.0,,100.0,2.0,37.04,,,0,trial
2026-07-07T20:35:28,forecast_hot_humid_bursty_r1,forecast,hot_humid,bursty,1,37.118,36.818,36.618,34.118,25.0,45.0,60.0,,100.0,2.0,37.05,,,0,trial
2026-07-07T20:35:28,forecast_hot_humid_bursty_r1,forecast,hot_humid,bursty,1,37.117,36.817,36.617,34.117,25.0,45.0,60.0,,100.0,2.0,37.05,,,0,trial
2026-07-07T20:35:28,forecast_hot_humid_bursty_r1,forecast,hot_humid,bursty,1,37.115,36.815,36.615,34.115,25.0,45.0,60.0,,100.0,2.0,37.05,,,0,trial
2026-07-07T20:35:28,forecast_hot_humid_bursty_r1,forecast,hot_humid,bursty,1,37.113,36.813,36.613,34.113,25.0,45.0,60.0,,100.0,2.0,37.05,,,0,trial
2026-07-07T20:35:28,forecast_hot_humid_bursty_r1,forecast,hot_humid,bursty,1,37.112,36.812,36.612,34.112,25.0,45.0,60.0,,100.0,2.0,37.06,,,0,trial
2026-07-07T20:35:28,forecast_hot_humid_bursty_r1,forecast,hot_humid,bursty,1,37.11,36.81,36.61,34.11,25.0,45.0,60.0,,100.0,2.0,37.06,,,0,trial
2026-07-07T20:35:28,forecast_hot_humid_bursty_r1,forecast,hot_humid,bursty,1,37.108,36.808,36.608,34.108,25.0,45.0,60.0,,100.0,2.0,37.06,,,0,trial
2026-07-07T20:35:28,forecast_hot_humid_bursty_r1,forecast,hot_humid,bursty,1,37.107,36.807,36.607,34.107,25.0,45.0,60.0,,100.0,2.0,37.06,,,0,trial
2026-07-07T20:35:28,forecast_hot_humid_bursty_r1,forecast,hot_humid,bursty,1,37.105,36.805,36.605,34.105,25.0,45.0,60.0,,100.0,2.0,37.07,,,0,trial
2026-07-07T20:35:28,forecast_hot_humid_bursty_r1,forecast,hot_humid,bursty,1,37.103,36.803,36.603,34.103,25.0,45.0,60.0,,100.0,2.0,37.07,,,0,trial
2026-07-07T20:35:28,forecast_hot_humid_bursty_r1,forecast,hot_humid,bursty,1,37.102,36.802,36.602,34.102,25.0,45.0,60.0,,100.0,2.0,37.07,,,0,trial
2026-07-07T20:35:28,forecast_hot_humid_bursty_r1,forecast,hot_humid,bursty,1,37.102,36.802,36.602,34.102,25.0,45.0,60.0,,75.0,1.5,37.07,,,0,trial
2026-07-07T20:35:28,forecast_hot_humid_bursty_r1,forecast,hot_humid,bursty,1,37.101,36.801,36.601,34.101,25.0,45.0,60.0,,75.0,1.5,37.07,,,0,trial
2026-07-07T20:35:28,forecast_hot_humid_bursty_r1,forecast,hot_humid,bursty,1,37.101,36.801,36.601,34.101,25.0,45.0,60.0,,75.0,1.5,37.08,,,0,trial
2026-07-07T20:35:28,forecast_hot_humid_bursty_r1,forecast,hot_humid,bursty,1,37.101,36.801,36.601,34.101,25.0,45.0,60.0,,75.0,1.5,37.08,,,0,trial
2026-07-07T20:35:28,forecast_hot_humid_bursty_r1,forecast,hot_humid,bursty,1,37.101,36.801,36.601,34.101,25.0,45.0,60.0,,75.0,1.5,37.08,,,0,trial
2026-07-07T20:35:28,forecast_hot_humid_bursty_r1,forecast,hot_humid,bursty,1,37.101,36.801,36.601,34.101,25.0,45.0,60.0,,75.0,1.5,37.08,,,0,trial
2026-07-07T20:35:28,forecast_hot_humid_bursty_r1,forecast,hot_humid,bursty,1,37.101,36.801,36.601,34.101,25.0,45.0,60.0,,75.0,1.5,37.08,,,0,trial
2026-07-07T20:35:28,forecast_hot_humid_bursty_r1,forecast,hot_humid,bursty,1,37.101,36.801,36.601,34.101,25.0,45.0,60.0,,75.0,1.5,37.08,,,0,trial
2026-07-07T20:35:28,forecast_hot_humid_bursty_r1,forecast,hot_humid,bursty,1,37.1,36.8,36.6,34.1,25.0,45.0,60.0,,75.0,1.5,37.09,,,0,trial
2026-07-07T20:35:28,forecast_hot_humid_bursty_r1,forecast,hot_humid,bursty,1,37.1,36.8,36.6,34.1,25.0,45.0,60.0,,75.0,1.5,37.09,,,0,trial
2026-07-07T20:35:28,forecast_hot_humid_bursty_r1,forecast,hot_humid,bursty,1,37.1,36.8,36.6,34.1,25.0,45.0,60.0,,75.0,1.5,37.09,,,0,trial
2026-07-07T20:35:28,forecast_hot_humid_bursty_r1,forecast,hot_humid,bursty,1,37.1,36.8,36.6,34.1,25.0,45.0,60.0,,75.0,1.5,37.09,,,0,trial
2026-07-07T20:35:28,forecast_hot_humid_bursty_r1,forecast,hot_humid,bursty,1,37.1,36.8,36.6,34.1,25.0,45.0,60.0,,75.0,1.5,37.09,,,0,trial
2026-07-07T20:35:28,forecast_hot_humid_bursty_r1,forecast,hot_humid,bursty,1,37.1,36.8,36.6,34.1,25.0,45.0,60.0,,75.0,1.5,37.09,,,0,trial
2026-07-07T20:35:28,forecast_hot_humid_bursty_r1,forecast,hot_humid,bursty,1,37.1,36.8,36.6,34.1,25.0,45.0,60.0,,75.0,1.5,37.09,,,0,trial
2026-07-07T20:35:28,forecast_hot_humid_bursty_r1,forecast,hot_humid,bursty,1,37.099,36.799,36.599,34.099,25.0,45.0,60.0,,75.0,1.5,37.09,,,0,trial
2026-07-07T20:35:28,forecast_hot_humid_bursty_r1,forecast,hot_humid,bursty,1,37.099,36.799,36.599,34.099,25.0,45.0,60.0,,75.0,1.5,37.09,,,0,trial
2026-07-07T20:35:28,forecast_hot_humid_bursty_r1,forecast,hot_humid,bursty,1,37.099,36.799,36.599,34.099,25.0,45.0,60.0,,75.0,1.5,37.1,,,0,trial
2026-07-07T20:35:28,forecast_hot_humid_bursty_r1,forecast,hot_humid,bursty,1,37.099,36.799,36.599,34.099,25.0,45.0,60.0,,75.0,1.5,37.1,,,0,trial
2026-07-07T20:35:28,forecast_hot_humid_bursty_r1,forecast,hot_humid,bursty,1,37.099,36.799,36.599,34.099,25.0,45.0,60.0,,75.0,1.5,37.1,,,0,trial
2026-07-07T20:35:28,forecast_hot_humid_bursty_r1,forecast,hot_humid,bursty,1,37.099,36.799,36.599,34.099,25.0,45.0,60.0,,75.0,1.5,37.1,,,0,trial
2026-07-07T20:35:28,forecast_hot_humid_bursty_r1,forecast,hot_humid,bursty,1,37.099,36.799,36.599,34.099,25.0,45.0,60.0,,75.0,1.5,37.1,,,0,trial
2026-07-07T20:35:28,forecast_hot_humid_bursty_r1,forecast,hot_humid,bursty,1,37.098,36.798,36.598,34.098,25.0,45.0,60.0,,75.0,1.5,37.1,,,0,trial
2026-07-07T20:35:28,forecast_hot_humid_bursty_r1,forecast,hot_humid,bursty,1,37.098,36.798,36.598,34.098,25.0,45.0,60.0,,75.0,1.5,37.1,,,0,trial
2026-07-07T20:35:28,forecast_hot_humid_bursty_r1,forecast,hot_humid,bursty,1,37.098,36.798,36.598,34.098,25.0,45.0,60.0,,75.0,1.5,37.1,,,0,trial
2026-07-07T20:35:28,forecast_hot_humid_bursty_r1,forecast,hot_humid,bursty,1,37.098,36.798,36.598,34.098,25.0,45.0,60.0,,75.0,1.5,37.1,,,0,trial
2026-07-07T20:35:28,forecast_hot_humid_bursty_r1,forecast,hot_humid,bursty,1,37.098,36.798,36.598,34.098,25.0,45.0,60.0,,75.0,1.5,37.1,,,0,trial
2026-07-07T20:35:28,forecast_hot_humid_bursty_r1,forecast,hot_humid,bursty,1,37.098,36.798,36.598,34.098,25.0,45.0,60.0,,75.0,1.5,37.1,,,0,trial
2026-07-07T20:35:28,forecast_hot_humid_bursty_r1,forecast,hot_humid,bursty,1,37.097,36.797,36.597,34.097,25.0,45.0,60.0,,75.0,1.5,37.1,,,0,trial
2026-07-07T20:35:28,forecast_hot_humid_bursty_r1,forecast,hot_humid,bursty,1,37.097,36.797,36.597,34.097,25.0,45.0,60.0,,75.0,1.5,37.1,,,0,trial
2026-07-07T20:35:28,forecast_hot_humid_bursty_r1,forecast,hot_humid,bursty,1,37.096,36.796,36.596,34.096,25.0,45.0,60.0,,100.0,2.0,37.1,,,0,trial
2026-07-07T20:35:28,forecast_hot_humid_bursty_r1,forecast,hot_humid,bursty,1,37.094,36.794,36.594,34.094,25.0,45.0,60.0,,100.0,2.0,37.1,,,0,trial
2026-07-07T20:35:28,forecast_hot_humid_bursty_r1,forecast,hot_humid,bursty,1,37.092,36.792,36.592,34.092,25.0,45.0,60.0,,100.0,2.0,37.1,,,0,trial
2026-07-07T20:35:28,forecast_hot_humid_bursty_r1,forecast,hot_humid,bursty,1,37.091,36.791,36.591,34.091,25.0,45.0,60.0,,100.0,2.0,37.1,,,0,trial
2026-07-07T20:35:28,forecast_hot_humid_bursty_r1,forecast,hot_humid,bursty,1,37.089,36.789,36.589,34.089,25.0,45.0,60.0,,100.0,2.0,37.1,,,0,trial
2026-07-07T20:35:28,forecast_hot_humid_bursty_r1,forecast,hot_humid,bursty,1,37.087,36.787,36.587,34.087,25.0,45.0,60.0,,100.0,2.0,37.1,,,0,trial
2026-07-07T20:35:28,forecast_hot_humid_bursty_r1,forecast,hot_humid,bursty,1,37.086,36.786,36.586,34.086,25.0,45.0,60.0,,100.0,2.0,37.1,,,0,trial
2026-07-07T20:35:28,forecast_hot_humid_bursty_r1,forecast,hot_humid,bursty,1,37.084,36.784,36.584,34.084,25.0,45.0,60.0,,100.0,2.0,37.1,,,0,trial
2026-07-07T20:35:28,forecast_hot_humid_bursty_r1,forecast,hot_humid,bursty,1,37.082,36.782,36.582,34.082,25.0,45.0,60.0,,100.0,2.0,37.1,,,0,trial
2026-07-07T20:35:28,forecast_hot_humid_bursty_r1,forecast,hot_humid,bursty,1,37.081,36.781,36.581,34.081,25.0,45.0,60.0,,100.0,2.0,37.1,,,0,trial
2026-07-07T20:35:28,forecast_hot_humid_bursty_r1,forecast,hot_humid,bursty,1,37.079,36.779,36.579,34.079,25.0,45.0,60.0,,100.0,2.0,37.1,,,0,trial
2026-07-07T20:35:28,forecast_hot_humid_bursty_r1,forecast,hot_humid,bursty,1,37.078,36.778,36.578,34.078,25.0,45.0,60.0,,100.0,2.0,37.1,,,0,trial
2026-07-07T20:35:28,forecast_hot_humid_bursty_r1,forecast,hot_humid,bursty,1,37.076,36.776,36.576,34.076,25.0,45.0,60.0,,100.0,2.0,37.09,,,0,trial
2026-07-07T20:35:28,forecast_hot_humid_bursty_r1,forecast,hot_humid,bursty,1,37.074,36.774,36.574,34.074,25.0,45.0,60.0,,100.0,2.0,37.09,,,0,trial
2026-07-07T20:35:28,forecast_hot_humid_bursty_r1,forecast,hot_humid,bursty,1,37.073,36.773,36.573,34.073,25.0,45.0,60.0,,100.0,2.0,37.09,,,0,trial
2026-07-07T20:35:28,forecast_hot_humid_bursty_r1,forecast,hot_humid,bursty,1,37.071,36.771,36.571,34.071,25.0,45.0,60.0,,100.0,2.0,37.09,,,0,trial
2026-07-07T20:35:28,forecast_hot_humid_bursty_r1,forecast,hot_humid,bursty,1,37.069,36.769,36.569,34.069,25.0,45.0,60.0,,100.0,2.0,37.09,,,0,trial
2026-07-07T20:35:28,forecast_hot_humid_bursty_r1,forecast,hot_humid,bursty,1,37.068,36.768,36.568,34.068,25.0,45.0,60.0,,100.0,2.0,37.09,,,0,trial
2026-07-07T20:35:28,forecast_hot_humid_bursty_r1,forecast,hot_humid,bursty,1,37.066,36.766,36.566,34.066,25.0,45.0,60.0,,100.0,2.0,37.09,,,0,trial
2026-07-07T20:35:28,forecast_hot_humid_bursty_r1,forecast,hot_humid,bursty,1,37.064,36.764,36.564,34.064,25.0,45.0,60.0,,100.0,2.0,37.09,,,0,trial
2026-07-07T20:35:28,forecast_hot_humid_bursty_r1,forecast,hot_humid,bursty,1,37.063,36.763,36.563,34.063,25.0,45.0,60.0,,100.0,2.0,37.09,,,0,trial
2026-07-07T20:35:28,forecast_hot_humid_bursty_r1,forecast,hot_humid,bursty,1,37.061,36.761,36.561,34.061,25.0,45.0,60.0,,100.0,2.0,37.08,,,0,trial
2026-07-07T20:35:28,forecast_hot_humid_bursty_r1,forecast,hot_humid,bursty,1,37.06,36.76,36.56,34.06,25.0,45.0,60.0,,100.0,2.0,37.08,,,0,trial
2026-07-07T20:35:28,forecast_hot_humid_bursty_r1,forecast,hot_humid,bursty,1,37.058,36.758,36.558,34.058,25.0,45.0,60.0,,100.0,2.0,37.08,,,0,trial
2026-07-07T20:35:28,forecast_hot_humid_bursty_r1,forecast,hot_humid,bursty,1,37.056,36.756,36.556,34.056,25.0,45.0,60.0,,100.0,2.0,37.08,,,0,trial
2026-07-07T20:35:28,forecast_hot_humid_bursty_r1,forecast,hot_humid,bursty,1,37.055,36.755,36.555,34.055,25.0,45.0,60.0,,100.0,2.0,37.08,,,0,trial
2026-07-07T20:35:28,forecast_hot_humid_bursty_r1,forecast,hot_humid,bursty,1,37.053,36.753,36.553,34.053,25.0,45.0,60.0,,100.0,2.0,37.08,,,0,trial
2026-07-07T20:35:28,forecast_hot_humid_bursty_r1,forecast,hot_humid,bursty,1,37.051,36.751,36.551,34.051,25.0,45.0,60.0,,100.0,2.0,37.07,,,0,trial
2026-07-07T20:35:28,forecast_hot_humid_bursty_r1,forecast,hot_humid,bursty,1,37.05,36.75,36.55,34.05,25.0,45.0,60.0,,100.0,2.0,37.07,,,0,trial
2026-07-07T20:35:28,forecast_hot_humid_bursty_r1,forecast,hot_humid,bursty,1,37.059,36.759,36.559,34.059,25.0,45.0,140.0,,100.0,2.0,37.07,,,0,trial
2026-07-07T20:35:28,forecast_hot_humid_bursty_r1,forecast,hot_humid,bursty,1,37.068,36.768,36.568,34.068,25.0,45.0,140.0,,100.0,2.0,37.07,,,0,trial
2026-07-07T20:35:28,forecast_hot_humid_bursty_r1,forecast,hot_humid,bursty,1,37.077,36.777,36.577,34.077,25.0,45.0,140.0,,100.0,2.0,37.07,,,0,trial
2026-07-07T20:35:28,forecast_hot_humid_bursty_r1,forecast,hot_humid,bursty,1,37.085,36.785,36.585,34.085,25.0,45.0,140.0,,100.0,2.0,37.06,,,0,trial
2026-07-07T20:35:28,forecast_hot_humid_bursty_r1,forecast,hot_humid,bursty,1,37.094,36.794,36.594,34.094,25.0,45.0,140.0,,100.0,2.0,37.06,,,0,trial
2026-07-07T20:35:28,forecast_hot_humid_bursty_r1,forecast,hot_humid,bursty,1,37.103,36.803,36.603,34.103,25.0,45.0,140.0,,100.0,2.0,37.06,,,0,trial
2026-07-07T20:35:28,forecast_hot_humid_bursty_r1,forecast,hot_humid,bursty,1,37.112,36.812,36.612,34.112,25.0,45.0,140.0,,100.0,2.0,37.06,,,0,trial
2026-07-07T20:35:28,forecast_hot_humid_bursty_r1,forecast,hot_humid,bursty,1,37.121,36.821,36.621,34.121,25.0,45.0,140.0,,100.0,2.0,37.05,,,0,trial
2026-07-07T20:35:28,forecast_hot_humid_bursty_r1,forecast,hot_humid,bursty,1,37.13,36.83,36.63,34.13,25.0,45.0,140.0,,100.0,2.0,37.05,,,0,trial
2026-07-07T20:35:28,forecast_hot_humid_bursty_r1,forecast,hot_humid,bursty,1,37.139,36.839,36.639,34.139,25.0,45.0,140.0,,100.0,2.0,37.05,,,0,trial
2026-07-07T20:35:28,forecast_hot_humid_bursty_r1,forecast,hot_humid,bursty,1,37.147,36.847,36.647,34.147,25.0,45.0,140.0,,100.0,2.0,37.05,,,0,trial
2026-07-07T20:35:28,forecast_hot_humid_bursty_r1,forecast,hot_humid,bursty,1,37.156,36.856,36.656,34.156,25.0,45.0,140.0,,100.0,2.0,37.04,,,0,trial
2026-07-07T20:35:28,forecast_hot_humid_bursty_r1,forecast,hot_humid,bursty,1,37.165,36.865,36.665,34.165,25.0,45.0,140.0,,100.0,2.0,37.04,,,0,trial
2026-07-07T20:35:28,forecast_hot_humid_bursty_r1,forecast,hot_humid,bursty,1,37.174,36.874,36.674,34.174,25.0,45.0,140.0,,100.0,2.0,37.04,,,0,trial
2026-07-07T20:35:28,forecast_hot_humid_bursty_r1,forecast,hot_humid,bursty,1,37.183,36.883,36.683,34.183,25.0,45.0,140.0,,100.0,2.0,37.04,,,0,trial
2026-07-07T20:35:28,forecast_hot_humid_bursty_r1,forecast,hot_humid,bursty,1,37.192,36.892,36.692,34.192,25.0,45.0,140.0,,100.0,2.0,37.03,,,0,trial
2026-07-07T20:35:28,forecast_hot_humid_bursty_r1,forecast,hot_humid,bursty,1,37.2,36.9,36.7,34.2,25.0,45.0,140.0,,100.0,2.0,37.03,,,0,trial
2026-07-07T20:35:28,forecast_hot_humid_bursty_r1,forecast,hot_humid,bursty,1,37.209,36.909,36.709,34.209,25.0,45.0,140.0,,100.0,2.0,37.03,,,0,trial
2026-07-07T20:35:28,forecast_hot_humid_bursty_r1,forecast,hot_humid,bursty,1,37.218,36.918,36.718,34.218,25.0,45.0,140.0,,100.0,2.0,37.02,,,0,trial
2026-07-07T20:35:28,forecast_hot_humid_bursty_r1,forecast,hot_humid,bursty,1,37.227,36.927,36.727,34.227,25.0,45.0,140.0,,100.0,2.0,37.02,,,0,trial
2026-07-07T20:35:28,forecast_hot_humid_bursty_r1,forecast,hot_humid,bursty,1,37.235,36.935,36.735,34.235,25.0,45.0,140.0,,100.0,2.0,37.02,,,0,trial
2026-07-07T20:35:28,forecast_hot_humid_bursty_r1,forecast,hot_humid,bursty,1,37.244,36.944,36.744,34.244,25.0,45.0,140.0,,100.0,2.0,37.01,,,0,trial
2026-07-07T20:35:28,forecast_hot_humid_bursty_r1,forecast,hot_humid,bursty,1,37.253,36.953,36.753,34.253,25.0,45.0,140.0,,100.0,2.0,37.01,,,0,trial
2026-07-07T20:35:28,forecast_hot_humid_bursty_r1,forecast,hot_humid,bursty,1,37.262,36.962,36.762,34.262,25.0,45.0,140.0,,100.0,2.0,37.01,,,0,trial
2026-07-07T20:35:28,forecast_hot_humid_bursty_r1,forecast,hot_humid,bursty,1,37.27,36.97,36.77,34.27,25.0,45.0,140.0,,100.0,2.0,37.0,,,0,trial
2026-07-07T20:35:28,forecast_hot_humid_bursty_r1,forecast,hot_humid,bursty,1,37.279,36.979,36.779,34.279,25.0,45.0,140.0,,100.0,2.0,37.0,,,0,trial
2026-07-07T20:35:28,forecast_hot_humid_bursty_r1,forecast,hot_humid,bursty,1,37.288,36.988,36.788,34.288,25.0,45.0,140.0,,100.0,2.0,37.0,,,0,trial
2026-07-07T20:35:28,forecast_hot_humid_bursty_r1,forecast,hot_humid,bursty,1,37.297,36.997,36.797,34.297,25.0,45.0,140.0,,100.0,2.0,36.99,,,0,trial
2026-07-07T20:35:28,forecast_hot_humid_bursty_r1,forecast,hot_humid,bursty,1,37.305,37.005,36.805,34.305,25.0,45.0,140.0,,100.0,2.0,36.99,,,0,trial
2026-07-07T20:35:28,forecast_hot_humid_bursty_r1,forecast,hot_humid,bursty,1,37.314,37.014,36.814,34.314,25.0,45.0,140.0,,100.0,2.0,36.99,,,0,trial
2026-07-07T20:35:28,forecast_hot_humid_bursty_r1,forecast,hot_humid,bursty,1,37.323,37.023,36.823,34.323,25.0,45.0,140.0,,100.0,2.0,36.98,,,0,trial
2026-07-07T20:35:28,forecast_hot_humid_bursty_r1,forecast,hot_humid,bursty,1,37.331,37.031,36.831,34.331,25.0,45.0,140.0,,100.0,2.0,36.98,,,0,trial
2026-07-07T20:35:28,forecast_hot_humid_bursty_r1,forecast,hot_humid,bursty,1,37.34,37.04,36.84,34.34,25.0,45.0,140.0,,100.0,2.0,36.97,,,0,trial
2026-07-07T20:35:28,forecast_hot_humid_bursty_r1,forecast,hot_humid,bursty,1,37.349,37.049,36.849,34.349,25.0,45.0,140.0,,100.0,2.0,36.97,,,0,trial
2026-07-07T20:35:28,forecast_hot_humid_bursty_r1,forecast,hot_humid,bursty,1,37.357,37.057,36.857,34.357,25.0,45.0,140.0,,100.0,2.0,36.96,,,0,trial
2026-07-07T20:35:28,forecast_hot_humid_bursty_r1,forecast,hot_humid,bursty,1,37.366,37.066,36.866,34.366,25.0,45.0,140.0,,100.0,2.0,36.96,,,0,trial
2026-07-07T20:35:28,forecast_hot_humid_bursty_r1,forecast,hot_humid,bursty,1,37.375,37.075,36.875,34.375,25.0,45.0,140.0,,100.0,2.0,36.96,,,0,trial
2026-07-07T20:35:28,forecast_hot_humid_bursty_r1,forecast,hot_humid,bursty,1,37.383,37.083,36.883,34.383,25.0,45.0,140.0,,100.0,2.0,36.95,,,0,trial
2026-07-07T20:35:28,forecast_hot_humid_bursty_r1,forecast,hot_humid,bursty,1,37.392,37.092,36.892,34.392,25.0,45.0,140.0,,100.0,2.0,36.95,,,0,trial
2026-07-07T20:35:28,forecast_hot_humid_bursty_r1,forecast,hot_humid,bursty,1,37.401,37.101,36.901,34.401,25.0,45.0,140.0,,100.0,2.0,36.94,,,0,trial
2026-07-07T20:35:28,forecast_hot_humid_bursty_r1,forecast,hot_humid,bursty,1,37.409,37.109,36.909,34.409,25.0,45.0,140.0,,100.0,2.0,36.94,,,0,trial
2026-07-07T20:35:28,forecast_hot_humid_bursty_r1,forecast,hot_humid,bursty,1,37.418,37.118,36.918,34.418,25.0,45.0,140.0,,100.0,2.0,36.93,,,0,trial
2026-07-07T20:35:28,forecast_hot_humid_bursty_r1,forecast,hot_humid,bursty,1,37.427,37.127,36.927,34.427,25.0,45.0,140.0,,100.0,2.0,36.93,,,0,trial
2026-07-07T20:35:28,forecast_hot_humid_bursty_r1,forecast,hot_humid,bursty,1,37.435,37.135,36.935,34.435,25.0,45.0,140.0,,100.0,2.0,36.92,,,0,trial
2026-07-07T20:35:28,forecast_hot_humid_bursty_r1,forecast,hot_humid,bursty,1,37.444,37.144,36.944,34.444,25.0,45.0,140.0,,100.0,2.0,36.92,,,0,trial
2026-07-07T20:35:28,forecast_hot_humid_bursty_r1,forecast,hot_humid,bursty,1,37.452,37.152,36.952,34.452,25.0,45.0,140.0,,100.0,2.0,36.92,,,0,trial
2026-07-07T20:35:28,forecast_hot_humid_bursty_r1,forecast,hot_humid,bursty,1,37.461,37.161,36.961,34.461,25.0,45.0,140.0,,100.0,2.0,36.91,,,0,trial
2026-07-07T20:35:28,forecast_hot_humid_bursty_r1,forecast,hot_humid,bursty,1,37.47,37.17,36.97,34.47,25.0,45.0,140.0,,100.0,2.0,36.91,,,0,trial
2026-07-07T20:35:28,forecast_hot_humid_bursty_r1,forecast,hot_humid,bursty,1,37.478,37.178,36.978,34.478,25.0,45.0,140.0,,100.0,2.0,36.9,,,0,trial
2026-07-07T20:35:28,forecast_hot_humid_bursty_r1,forecast,hot_humid,bursty,1,37.487,37.187,36.987,34.487,25.0,45.0,140.0,,100.0,2.0,36.9,,,0,trial
2026-07-07T20:35:28,forecast_hot_humid_bursty_r1,forecast,hot_humid,bursty,1,37.495,37.195,36.995,34.495,25.0,45.0,140.0,,100.0,2.0,36.89,,,0,trial
2026-07-07T20:35:28,forecast_hot_humid_bursty_r1,forecast,hot_humid,bursty,1,37.504,37.204,37.004,34.504,25.0,45.0,140.0,,100.0,2.0,36.88,,,0,trial
2026-07-07T20:35:28,forecast_hot_humid_bursty_r1,forecast,hot_humid,bursty,1,37.512,37.212,37.012,34.512,25.0,45.0,140.0,,100.0,2.0,36.88,,,0,trial
2026-07-07T20:35:28,forecast_hot_humid_bursty_r1,forecast,hot_humid,bursty,1,37.521,37.221,37.021,34.521,25.0,45.0,140.0,,100.0,2.0,36.87,,,0,trial
2026-07-07T20:35:28,forecast_hot_humid_bursty_r1,forecast,hot_humid,bursty,1,37.53,37.23,37.03,34.53,25.0,45.0,140.0,,100.0,2.0,36.87,,,0,trial
2026-07-07T20:35:28,forecast_hot_humid_bursty_r1,forecast,hot_humid,bursty,1,37.538,37.238,37.038,34.538,25.0,45.0,140.0,,100.0,2.0,36.86,,,0,trial
2026-07-07T20:35:28,forecast_hot_humid_bursty_r1,forecast,hot_humid,bursty,1,37.547,37.247,37.047,34.547,25.0,45.0,140.0,,100.0,2.0,36.86,,,0,trial
2026-07-07T20:35:28,forecast_hot_humid_bursty_r1,forecast,hot_humid,bursty,1,37.555,37.255,37.055,34.555,25.0,45.0,140.0,,100.0,2.0,36.85,,,0,trial
2026-07-07T20:35:28,forecast_hot_humid_bursty_r1,forecast,hot_humid,bursty,1,37.564,37.264,37.064,34.564,25.0,45.0,140.0,,100.0,2.0,36.85,,,0,trial
2026-07-07T20:35:28,forecast_hot_humid_bursty_r1,forecast,hot_humid,bursty,1,37.572,37.272,37.072,34.572,25.0,45.0,140.0,,100.0,2.0,36.84,,,0,trial
2026-07-07T20:35:28,forecast_hot_humid_bursty_r1,forecast,hot_humid,bursty,1,37.581,37.281,37.081,34.581,25.0,45.0,140.0,,100.0,2.0,36.84,,,0,trial
2026-07-07T20:35:28,forecast_hot_humid_bursty_r1,forecast,hot_humid,bursty,1,37.589,37.289,37.089,34.589,25.0,45.0,140.0,,100.0,2.0,36.83,,,0,trial
2026-07-07T20:35:28,forecast_hot_humid_bursty_r1,forecast,hot_humid,bursty,1,37.598,37.298,37.098,34.598,25.0,45.0,140.0,,100.0,2.0,36.82,,,0,trial
2026-07-07T20:35:28,forecast_hot_humid_bursty_r1,forecast,hot_humid,bursty,1,37.606,37.306,37.106,34.606,25.0,45.0,140.0,,100.0,2.0,36.82,,,0,trial
2026-07-07T20:35:28,forecast_hot_humid_bursty_r1,forecast,hot_humid,bursty,1,37.614,37.314,37.114,34.614,25.0,45.0,140.0,,100.0,2.0,36.81,,,0,trial
2026-07-07T20:35:28,forecast_hot_humid_bursty_r1,forecast,hot_humid,bursty,1,37.623,37.323,37.123,34.623,25.0,45.0,140.0,,100.0,2.0,36.81,,,0,trial
2026-07-07T20:35:28,forecast_hot_humid_bursty_r1,forecast,hot_humid,bursty,1,37.631,37.331,37.131,34.631,25.0,45.0,140.0,,100.0,2.0,36.8,,,0,trial
2026-07-07T20:35:28,forecast_hot_humid_bursty_r1,forecast,hot_humid,bursty,1,37.64,37.34,37.14,34.64,25.0,45.0,140.0,,100.0,2.0,36.79,,,0,trial
2026-07-07T20:35:28,forecast_hot_humid_bursty_r1,forecast,hot_humid,bursty,1,37.648,37.348,37.148,34.648,25.0,45.0,140.0,,100.0,2.0,36.79,,,0,trial
2026-07-07T20:35:28,forecast_hot_humid_bursty_r1,forecast,hot_humid,bursty,1,37.657,37.357,37.157,34.657,25.0,45.0,140.0,,100.0,2.0,36.78,,,0,trial
2026-07-07T20:35:28,forecast_hot_humid_bursty_r1,forecast,hot_humid,bursty,1,37.665,37.365,37.165,34.665,25.0,45.0,140.0,,100.0,2.0,36.77,,,0,trial
2026-07-07T20:35:28,forecast_hot_humid_bursty_r1,forecast,hot_humid,bursty,1,37.674,37.374,37.174,34.674,25.0,45.0,140.0,,100.0,2.0,36.77,,,0,trial
2026-07-07T20:35:28,forecast_hot_humid_bursty_r1,forecast,hot_humid,bursty,1,37.682,37.382,37.182,34.682,25.0,45.0,140.0,,100.0,2.0,36.76,,,0,trial
2026-07-07T20:35:28,forecast_hot_humid_bursty_r1,forecast,hot_humid,bursty,1,37.69,37.39,37.19,34.69,25.0,45.0,140.0,,100.0,2.0,36.76,,,0,trial
2026-07-07T20:35:28,forecast_hot_humid_bursty_r1,forecast,hot_humid,bursty,1,37.699,37.399,37.199,34.699,25.0,45.0,140.0,,100.0,2.0,36.75,,,0,trial
2026-07-07T20:35:28,forecast_hot_humid_bursty_r1,forecast,hot_humid,bursty,1,37.707,37.407,37.207,34.707,25.0,45.0,140.0,,100.0,2.0,36.74,,,0,trial
2026-07-07T20:35:28,forecast_hot_humid_bursty_r1,forecast,hot_humid,bursty,1,37.716,37.416,37.216,34.716,25.0,45.0,140.0,,100.0,2.0,36.74,,,0,trial
2026-07-07T20:35:28,forecast_hot_humid_bursty_r1,forecast,hot_humid,bursty,1,37.724,37.424,37.224,34.724,25.0,45.0,140.0,,100.0,2.0,36.73,,,0,trial
2026-07-07T20:35:28,forecast_hot_humid_bursty_r1,forecast,hot_humid,bursty,1,37.732,37.432,37.232,34.732,25.0,45.0,140.0,,100.0,2.0,36.72,,,0,trial
2026-07-07T20:35:28,forecast_hot_humid_bursty_r1,forecast,hot_humid,bursty,1,37.741,37.441,37.241,34.741,25.0,45.0,140.0,,100.0,2.0,36.72,,,0,trial
2026-07-07T20:35:28,forecast_hot_humid_bursty_r1,forecast,hot_humid,bursty,1,37.749,37.449,37.249,34.749,25.0,45.0,140.0,,100.0,2.0,36.71,,,0,trial
2026-07-07T20:35:28,forecast_hot_humid_bursty_r1,forecast,hot_humid,bursty,1,37.757,37.457,37.257,34.757,25.0,45.0,140.0,,100.0,2.0,36.7,,,0,trial
2026-07-07T20:35:28,forecast_hot_humid_bursty_r1,forecast,hot_humid,bursty,1,37.766,37.466,37.266,34.766,25.0,45.0,140.0,,100.0,2.0,36.69,,,0,trial
2026-07-07T20:35:28,forecast_hot_humid_bursty_r1,forecast,hot_humid,bursty,1,37.774,37.474,37.274,34.774,25.0,45.0,140.0,,100.0,2.0,36.69,,,0,trial
2026-07-07T20:35:28,forecast_hot_humid_bursty_r1,forecast,hot_humid,bursty,1,37.782,37.482,37.282,34.782,25.0,45.0,140.0,,100.0,2.0,36.68,,,0,trial
2026-07-07T20:35:28,forecast_hot_humid_bursty_r1,forecast,hot_humid,bursty,1,37.791,37.491,37.291,34.791,25.0,45.0,140.0,,100.0,2.0,36.67,,,0,trial
2026-07-07T20:35:28,forecast_hot_humid_bursty_r1,forecast,hot_humid,bursty,1,37.799,37.499,37.299,34.799,25.0,45.0,140.0,,100.0,2.0,36.67,,,0,trial
2026-07-07T20:35:28,forecast_hot_humid_bursty_r1,forecast,hot_humid,bursty,1,37.807,37.507,37.307,34.807,25.0,45.0,140.0,,100.0,2.0,36.66,,,0,trial
2026-07-07T20:35:28,forecast_hot_humid_bursty_r1,forecast,hot_humid,bursty,1,37.816,37.516,37.316,34.816,25.0,45.0,140.0,,100.0,2.0,36.65,,,0,trial
2026-07-07T20:35:28,forecast_hot_humid_bursty_r1,forecast,hot_humid,bursty,1,37.824,37.524,37.324,34.824,25.0,45.0,140.0,,100.0,2.0,36.64,,,0,trial
2026-07-07T20:35:28,forecast_hot_humid_bursty_r1,forecast,hot_humid,bursty,1,37.832,37.532,37.332,34.832,25.0,45.0,140.0,,100.0,2.0,36.64,,,0,trial
2026-07-07T20:35:28,forecast_hot_humid_bursty_r1,forecast,hot_humid,bursty,1,37.841,37.541,37.341,34.841,25.0,45.0,140.0,,100.0,2.0,36.63,,,0,trial
2026-07-07T20:35:28,forecast_hot_humid_bursty_r1,forecast,hot_humid,bursty,1,37.849,37.549,37.349,34.849,25.0,45.0,140.0,,100.0,2.0,36.62,,,0,trial
2026-07-07T20:35:28,forecast_hot_humid_bursty_r1,forecast,hot_humid,bursty,1,37.857,37.557,37.357,34.857,25.0,45.0,140.0,,100.0,2.0,36.61,,,0,trial
2026-07-07T20:35:28,forecast_hot_humid_bursty_r1,forecast,hot_humid,bursty,1,37.865,37.565,37.365,34.865,25.0,45.0,140.0,,100.0,2.0,36.61,,,0,trial
2026-07-07T20:35:28,forecast_hot_humid_bursty_r1,forecast,hot_humid,bursty,1,37.874,37.574,37.374,34.874,25.0,45.0,140.0,,100.0,2.0,36.6,,,0,trial
2026-07-07T20:35:28,forecast_hot_humid_bursty_r1,forecast,hot_humid,bursty,1,37.882,37.582,37.382,34.882,25.0,45.0,140.0,,100.0,2.0,36.59,,,0,trial
2026-07-07T20:35:28,forecast_hot_humid_bursty_r1,forecast,hot_humid,bursty,1,37.89,37.59,37.39,34.89,25.0,45.0,140.0,,100.0,2.0,36.58,,,0,trial
2026-07-07T20:35:28,forecast_hot_humid_bursty_r1,forecast,hot_humid,bursty,1,37.898,37.598,37.398,34.898,25.0,45.0,140.0,,100.0,2.0,36.58,,,0,trial
2026-07-07T20:35:28,forecast_hot_humid_bursty_r1,forecast,hot_humid,bursty,1,37.907,37.607,37.407,34.907,25.0,45.0,140.0,,100.0,2.0,36.57,,,0,trial
2026-07-07T20:35:28,forecast_hot_humid_bursty_r1,forecast,hot_humid,bursty,1,37.915,37.615,37.415,34.915,25.0,45.0,140.0,,100.0,2.0,36.56,,,0,trial
2026-07-07T20:35:28,forecast_hot_humid_bursty_r1,forecast,hot_humid,bursty,1,37.923,37.623,37.423,34.923,25.0,45.0,140.0,,100.0,2.0,36.55,,,0,trial
2026-07-07T20:35:28,forecast_hot_humid_bursty_r1,forecast,hot_humid,bursty,1,37.931,37.631,37.431,34.931,25.0,45.0,140.0,,100.0,2.0,36.54,,,0,trial
2026-07-07T20:35:28,forecast_hot_humid_bursty_r1,forecast,hot_humid,bursty,1,37.94,37.64,37.44,34.94,25.0,45.0,140.0,,100.0,2.0,36.54,,,0,trial
2026-07-07T20:35:28,forecast_hot_humid_bursty_r1,forecast,hot_humid,bursty,1,37.948,37.648,37.448,34.948,25.0,45.0,140.0,,100.0,2.0,36.53,,,0,trial
2026-07-07T20:35:28,forecast_hot_humid_bursty_r1,forecast,hot_humid,bursty,1,37.956,37.656,37.456,34.956,25.0,45.0,140.0,,100.0,2.0,36.52,,,0,trial
2026-07-07T20:35:28,forecast_hot_humid_bursty_r1,forecast,hot_humid,bursty,1,37.964,37.664,37.464,34.964,25.0,45.0,140.0,,100.0,2.0,36.51,,,0,trial
2026-07-07T20:35:28,forecast_hot_humid_bursty_r1,forecast,hot_humid,bursty,1,37.972,37.672,37.472,34.972,25.0,45.0,140.0,,100.0,2.0,36.5,,,0,trial
2026-07-07T20:35:28,forecast_hot_humid_bursty_r1,forecast,hot_humid,bursty,1,37.981,37.681,37.481,34.981,25.0,45.0,140.0,,100.0,2.0,36.49,,,0,trial
2026-07-07T20:35:28,forecast_hot_humid_bursty_r1,forecast,hot_humid,bursty,1,37.989,37.689,37.489,34.989,25.0,45.0,140.0,,100.0,2.0,36.49,,,0,trial
2026-07-07T20:35:28,forecast_hot_humid_bursty_r1,forecast,hot_humid,bursty,1,37.997,37.697,37.497,34.997,25.0,45.0,140.0,,100.0,2.0,36.48,,,0,trial
2026-07-07T20:35:28,forecast_hot_humid_bursty_r1,forecast,hot_humid,bursty,1,38.005,37.705,37.505,35.005,25.0,45.0,140.0,,100.0,2.0,36.47,,,0,trial
2026-07-07T20:35:28,forecast_hot_humid_bursty_r1,forecast,hot_humid,bursty,1,38.013,37.713,37.513,35.013,25.0,45.0,140.0,,100.0,2.0,36.46,,,0,trial
2026-07-07T20:35:28,forecast_hot_humid_bursty_r1,forecast,hot_humid,bursty,1,38.021,37.721,37.521,35.021,25.0,45.0,140.0,,100.0,2.0,36.45,,,0,trial
2026-07-07T20:35:28,forecast_hot_humid_bursty_r1,forecast,hot_humid,bursty,1,38.03,37.73,37.53,35.03,25.0,45.0,140.0,,100.0,2.0,36.44,,,0,trial
2026-07-07T20:35:28,forecast_hot_humid_bursty_r1,forecast,hot_humid,bursty,1,38.038,37.738,37.538,35.038,25.0,45.0,140.0,,100.0,2.0,36.43,,,0,trial
2026-07-07T20:35:28,forecast_hot_humid_bursty_r1,forecast,hot_humid,bursty,1,38.046,37.746,37.546,35.046,25.0,45.0,140.0,,100.0,2.0,36.43,,,0,trial
2026-07-07T20:35:28,forecast_hot_humid_bursty_r1,forecast,hot_humid,bursty,1,38.054,37.754,37.554,35.054,25.0,45.0,140.0,,100.0,2.0,36.42,,,0,trial
2026-07-07T20:35:28,forecast_hot_humid_bursty_r1,forecast,hot_humid,bursty,1,38.062,37.762,37.562,35.062,25.0,45.0,140.0,,100.0,2.0,36.41,,,0,trial
2026-07-07T20:35:28,forecast_hot_humid_bursty_r1,forecast,hot_humid,bursty,1,38.07,37.77,37.57,35.07,25.0,45.0,140.0,,100.0,2.0,36.4,,,0,trial
2026-07-07T20:35:28,forecast_hot_humid_bursty_r1,forecast,hot_humid,bursty,1,38.078,37.778,37.578,35.078,25.0,45.0,140.0,,100.0,2.0,36.39,,,0,trial
2026-07-07T20:35:28,forecast_hot_humid_bursty_r1,forecast,hot_humid,bursty,1,38.086,37.786,37.586,35.086,25.0,45.0,140.0,,100.0,2.0,36.38,,,0,trial
2026-07-07T20:35:28,forecast_hot_humid_bursty_r1,forecast,hot_humid,bursty,1,38.094,37.794,37.594,35.094,25.0,45.0,140.0,,100.0,2.0,36.37,,,0,trial
2026-07-07T20:35:28,forecast_hot_humid_bursty_r1,forecast,hot_humid,bursty,1,38.103,37.803,37.603,35.103,25.0,45.0,140.0,,100.0,2.0,36.36,,,0,trial
2026-07-07T20:35:28,forecast_hot_humid_bursty_r1,forecast,hot_humid,bursty,1,38.111,37.811,37.611,35.111,25.0,45.0,140.0,,100.0,2.0,36.35,,,0,trial
2026-07-07T20:35:28,forecast_hot_humid_bursty_r1,forecast,hot_humid,bursty,1,38.119,37.819,37.619,35.119,25.0,45.0,140.0,,100.0,2.0,36.34,,,0,trial
2026-07-07T20:35:28,forecast_hot_humid_bursty_r1,forecast,hot_humid,bursty,1,38.127,37.827,37.627,35.127,25.0,45.0,140.0,,100.0,2.0,36.34,,,0,trial
2026-07-07T20:35:28,forecast_hot_humid_bursty_r1,forecast,hot_humid,bursty,1,38.135,37.835,37.635,35.135,25.0,45.0,140.0,,100.0,2.0,36.33,,,0,trial
2026-07-07T20:35:28,forecast_hot_humid_bursty_r1,forecast,hot_humid,bursty,1,38.143,37.843,37.643,35.143,25.0,45.0,140.0,,100.0,2.0,36.32,,,0,trial
2026-07-07T20:35:28,forecast_hot_humid_bursty_r1,forecast,hot_humid,bursty,1,38.151,37.851,37.651,35.151,25.0,45.0,140.0,,100.0,2.0,36.31,,,0,trial
2026-07-07T20:35:28,forecast_hot_humid_bursty_r1,forecast,hot_humid,bursty,1,38.159,37.859,37.659,35.159,25.0,45.0,140.0,,100.0,2.0,36.3,,,0,trial
2026-07-07T20:35:28,forecast_hot_humid_bursty_r1,forecast,hot_humid,bursty,1,38.167,37.867,37.667,35.167,25.0,45.0,140.0,,100.0,2.0,36.29,,,0,trial
2026-07-07T20:35:28,forecast_hot_humid_bursty_r1,forecast,hot_humid,bursty,1,38.175,37.875,37.675,35.175,25.0,45.0,140.0,,100.0,2.0,36.28,,,0,trial
2026-07-07T20:35:28,forecast_hot_humid_bursty_r1,forecast,hot_humid,bursty,1,38.183,37.883,37.683,35.183,25.0,45.0,140.0,,100.0,2.0,36.27,,,0,trial
2026-07-07T20:35:28,forecast_hot_humid_bursty_r1,forecast,hot_humid,bursty,1,38.191,37.891,37.691,35.191,25.0,45.0,140.0,,100.0,2.0,36.26,,,0,trial
2026-07-07T20:35:28,forecast_hot_humid_bursty_r1,forecast,hot_humid,bursty,1,38.199,37.899,37.699,35.199,25.0,45.0,140.0,,100.0,2.0,36.25,,,0,trial
2026-07-07T20:35:28,forecast_hot_humid_bursty_r1,forecast,hot_humid,bursty,1,38.207,37.907,37.707,35.207,25.0,45.0,140.0,,100.0,2.0,36.24,,,0,trial
2026-07-07T20:35:28,forecast_hot_humid_bursty_r1,forecast,hot_humid,bursty,1,38.215,37.915,37.715,35.215,25.0,45.0,140.0,,100.0,2.0,36.23,,,0,trial
2026-07-07T20:35:28,forecast_hot_humid_bursty_r1,forecast,hot_humid,bursty,1,38.223,37.923,37.723,35.223,25.0,45.0,140.0,,100.0,2.0,36.22,,,0,trial
2026-07-07T20:35:28,forecast_hot_humid_bursty_r1,forecast,hot_humid,bursty,1,38.231,37.931,37.731,35.231,25.0,45.0,140.0,,100.0,2.0,36.21,,,0,trial
2026-07-07T20:35:28,forecast_hot_humid_bursty_r1,forecast,hot_humid,bursty,1,38.239,37.939,37.739,35.239,25.0,45.0,140.0,,100.0,2.0,36.2,,,0,trial
2026-07-07T20:35:28,forecast_hot_humid_bursty_r1,forecast,hot_humid,bursty,1,38.247,37.947,37.747,35.247,25.0,45.0,140.0,,100.0,2.0,36.19,,,0,trial
2026-07-07T20:35:28,forecast_hot_humid_bursty_r1,forecast,hot_humid,bursty,1,38.255,37.955,37.755,35.255,25.0,45.0,140.0,,100.0,2.0,36.18,,,0,trial
2026-07-07T20:35:28,forecast_hot_humid_bursty_r1,forecast,hot_humid,bursty,1,38.263,37.963,37.763,35.263,25.0,45.0,140.0,,100.0,2.0,36.17,,,0,trial
2026-07-07T20:35:28,forecast_hot_humid_bursty_r1,forecast,hot_humid,bursty,1,38.271,37.971,37.771,35.271,25.0,45.0,140.0,,100.0,2.0,36.16,,,0,trial
2026-07-07T20:35:28,forecast_hot_humid_bursty_r1,forecast,hot_humid,bursty,1,38.279,37.979,37.779,35.279,25.0,45.0,140.0,,100.0,2.0,36.15,,,0,trial
2026-07-07T20:35:28,forecast_hot_humid_bursty_r1,forecast,hot_humid,bursty,1,38.287,37.987,37.787,35.287,25.0,45.0,140.0,,100.0,2.0,36.14,,,0,trial
2026-07-07T20:35:28,forecast_hot_humid_bursty_r1,forecast,hot_humid,bursty,1,38.295,37.995,37.795,35.295,25.0,45.0,140.0,,100.0,2.0,36.13,,,0,trial
2026-07-07T20:35:28,forecast_hot_humid_bursty_r1,forecast,hot_humid,bursty,1,38.303,38.003,37.803,35.303,25.0,45.0,140.0,,100.0,2.0,36.12,,,0,trial
2026-07-07T20:35:28,forecast_hot_humid_bursty_r1,forecast,hot_humid,bursty,1,38.31,38.01,37.81,35.31,25.0,45.0,140.0,,100.0,2.0,36.11,,,0,trial
2026-07-07T20:35:28,forecast_hot_humid_bursty_r1,forecast,hot_humid,bursty,1,38.318,38.018,37.818,35.318,25.0,45.0,140.0,,100.0,2.0,36.1,,,0,trial
2026-07-07T20:35:28,forecast_hot_humid_bursty_r1,forecast,hot_humid,bursty,1,38.326,38.026,37.826,35.326,25.0,45.0,140.0,,100.0,2.0,36.09,,,0,trial
2026-07-07T20:35:28,forecast_hot_humid_bursty_r1,forecast,hot_humid,bursty,1,38.334,38.034,37.834,35.334,25.0,45.0,140.0,,100.0,2.0,36.08,,,0,trial
2026-07-07T20:35:28,forecast_hot_humid_bursty_r1,forecast,hot_humid,bursty,1,38.342,38.042,37.842,35.342,25.0,45.0,140.0,,100.0,2.0,36.07,,,0,trial
2026-07-07T20:35:28,forecast_hot_humid_bursty_r1,forecast,hot_humid,bursty,1,38.35,38.05,37.85,35.35,25.0,45.0,140.0,,100.0,2.0,36.06,,,0,trial
2026-07-07T20:35:28,forecast_hot_humid_bursty_r1,forecast,hot_humid,bursty,1,38.358,38.058,37.858,35.358,25.0,45.0,140.0,,100.0,2.0,36.05,,,0,trial
2026-07-07T20:35:28,forecast_hot_humid_bursty_r1,forecast,hot_humid,bursty,1,38.366,38.066,37.866,35.366,25.0,45.0,140.0,,100.0,2.0,36.04,,,0,trial
2026-07-07T20:35:28,forecast_hot_humid_bursty_r1,forecast,hot_humid,bursty,1,38.374,38.074,37.874,35.374,25.0,45.0,140.0,,100.0,2.0,36.03,,,0,trial
2026-07-07T20:35:28,forecast_hot_humid_bursty_r1,forecast,hot_humid,bursty,1,38.381,38.081,37.881,35.381,25.0,45.0,140.0,,100.0,2.0,36.02,,,0,trial
2026-07-07T20:35:28,forecast_hot_humid_bursty_r1,forecast,hot_humid,bursty,1,38.389,38.089,37.889,35.389,25.0,45.0,140.0,,100.0,2.0,36.01,,,0,trial
2026-07-07T20:35:28,forecast_hot_humid_bursty_r1,forecast,hot_humid,bursty,1,38.397,38.097,37.897,35.397,25.0,45.0,140.0,,100.0,2.0,36.0,,,0,trial
2026-07-07T20:35:28,forecast_hot_humid_bursty_r1,forecast,hot_humid,bursty,1,38.405,38.105,37.905,35.405,25.0,45.0,140.0,,100.0,2.0,35.99,,,0,trial
2026-07-07T20:35:28,forecast_hot_humid_bursty_r1,forecast,hot_humid,bursty,1,38.413,38.113,37.913,35.413,25.0,45.0,140.0,,100.0,2.0,35.97,,,0,trial
2026-07-07T20:35:28,forecast_hot_humid_bursty_r1,forecast,hot_humid,bursty,1,38.421,38.121,37.921,35.421,25.0,45.0,140.0,,100.0,2.0,35.96,,,0,trial
2026-07-07T20:35:28,forecast_hot_humid_bursty_r1,forecast,hot_humid,bursty,1,38.428,38.128,37.928,35.428,25.0,45.0,140.0,,100.0,2.0,35.95,,,0,trial
2026-07-07T20:35:28,forecast_hot_humid_bursty_r1,forecast,hot_humid,bursty,1,38.436,38.136,37.936,35.436,25.0,45.0,140.0,,100.0,2.0,35.94,,,0,trial
2026-07-07T20:35:28,forecast_hot_humid_bursty_r1,forecast,hot_humid,bursty,1,38.444,38.144,37.944,35.444,25.0,45.0,140.0,,100.0,2.0,35.93,,,0,trial
2026-07-07T20:35:28,forecast_hot_humid_bursty_r1,forecast,hot_humid,bursty,1,38.452,38.152,37.952,35.452,25.0,45.0,140.0,,100.0,2.0,35.92,,,0,trial
2026-07-07T20:35:28,forecast_hot_humid_bursty_r1,forecast,hot_humid,bursty,1,38.46,38.16,37.96,35.46,25.0,45.0,140.0,,100.0,2.0,35.91,,,0,trial
2026-07-07T20:35:28,forecast_hot_humid_bursty_r1,forecast,hot_humid,bursty,1,38.468,38.168,37.968,35.468,25.0,45.0,140.0,,100.0,2.0,35.9,,,0,trial
2026-07-07T20:35:28,forecast_hot_humid_bursty_r1,forecast,hot_humid,bursty,1,38.475,38.175,37.975,35.475,25.0,45.0,140.0,,100.0,2.0,35.89,,,0,trial
2026-07-07T20:35:28,forecast_hot_humid_bursty_r1,forecast,hot_humid,bursty,1,38.483,38.183,37.983,35.483,25.0,45.0,140.0,,100.0,2.0,35.88,,,0,trial
2026-07-07T20:35:28,forecast_hot_humid_bursty_r1,forecast,hot_humid,bursty,1,38.491,38.191,37.991,35.491,25.0,45.0,140.0,,100.0,2.0,35.87,,,0,trial
2026-07-07T20:35:28,forecast_hot_humid_bursty_r1,forecast,hot_humid,bursty,1,38.499,38.199,37.999,35.499,25.0,45.0,140.0,,100.0,2.0,35.85,,,0,trial
2026-07-07T20:35:28,forecast_hot_humid_bursty_r1,forecast,hot_humid,bursty,1,38.506,38.206,38.006,35.506,25.0,45.0,140.0,,100.0,2.0,35.84,,,0,trial
2026-07-07T20:35:28,forecast_hot_humid_bursty_r1,forecast,hot_humid,bursty,1,38.514,38.214,38.014,35.514,25.0,45.0,140.0,,100.0,2.0,35.83,,,0,trial
2026-07-07T20:35:28,forecast_hot_humid_bursty_r1,forecast,hot_humid,bursty,1,38.522,38.222,38.022,35.522,25.0,45.0,140.0,,100.0,2.0,35.82,,,0,trial
2026-07-07T20:35:28,forecast_hot_humid_bursty_r1,forecast,hot_humid,bursty,1,38.53,38.23,38.03,35.53,25.0,45.0,140.0,,100.0,2.0,35.81,,,0,trial
2026-07-07T20:35:28,forecast_hot_humid_bursty_r1,forecast,hot_humid,bursty,1,38.537,38.237,38.037,35.537,25.0,45.0,140.0,,100.0,2.0,35.8,,,0,trial
2026-07-07T20:35:28,forecast_hot_humid_bursty_r1,forecast,hot_humid,bursty,1,38.545,38.245,38.045,35.545,25.0,45.0,140.0,,100.0,2.0,35.79,,,0,trial
2026-07-07T20:35:28,forecast_hot_humid_bursty_r1,forecast,hot_humid,bursty,1,38.542,38.242,38.042,35.542,25.0,45.0,60.0,,100.0,2.0,35.78,,,0,trial
2026-07-07T20:35:28,forecast_hot_humid_bursty_r1,forecast,hot_humid,bursty,1,38.541,38.241,38.041,35.541,25.0,45.0,60.0,,75.0,1.5,35.76,,,0,trial
2026-07-07T20:35:28,forecast_hot_humid_bursty_r1,forecast,hot_humid,bursty,1,38.54,38.24,38.04,35.54,25.0,45.0,60.0,,75.0,1.5,35.75,,,0,trial
2026-07-07T20:35:28,forecast_hot_humid_bursty_r1,forecast,hot_humid,bursty,1,38.539,38.239,38.039,35.539,25.0,45.0,60.0,,75.0,1.5,35.74,,,0,trial
2026-07-07T20:35:28,forecast_hot_humid_bursty_r1,forecast,hot_humid,bursty,1,38.538,38.238,38.038,35.538,25.0,45.0,60.0,,75.0,1.5,35.73,,,0,trial
2026-07-07T20:35:28,forecast_hot_humid_bursty_r1,forecast,hot_humid,bursty,1,38.537,38.237,38.037,35.537,25.0,45.0,60.0,,75.0,1.5,35.72,,,0,trial
2026-07-07T20:35:28,forecast_hot_humid_bursty_r1,forecast,hot_humid,bursty,1,38.536,38.236,38.036,35.536,25.0,45.0,60.0,,75.0,1.5,35.71,,,0,trial
2026-07-07T20:35:28,forecast_hot_humid_bursty_r1,forecast,hot_humid,bursty,1,38.535,38.235,38.035,35.535,25.0,45.0,60.0,,75.0,1.5,35.7,,,0,trial
2026-07-07T20:35:28,forecast_hot_humid_bursty_r1,forecast,hot_humid,bursty,1,38.534,38.234,38.034,35.534,25.0,45.0,60.0,,75.0,1.5,35.68,,,0,trial
2026-07-07T20:35:28,forecast_hot_humid_bursty_r1,forecast,hot_humid,bursty,1,38.532,38.232,38.032,35.532,25.0,45.0,60.0,,75.0,1.5,35.67,,,0,trial
2026-07-07T20:35:28,forecast_hot_humid_bursty_r1,forecast,hot_humid,bursty,1,38.531,38.231,38.031,35.531,25.0,45.0,60.0,,75.0,1.5,35.66,,,0,trial
2026-07-07T20:35:28,forecast_hot_humid_bursty_r1,forecast,hot_humid,bursty,1,38.53,38.23,38.03,35.53,25.0,45.0,60.0,,75.0,1.5,35.65,,,0,trial
2026-07-07T20:35:28,forecast_hot_humid_bursty_r1,forecast,hot_humid,bursty,1,38.529,38.229,38.029,35.529,25.0,45.0,60.0,,75.0,1.5,35.64,,,0,trial
2026-07-07T20:35:28,forecast_hot_humid_bursty_r1,forecast,hot_humid,bursty,1,38.528,38.228,38.028,35.528,25.0,45.0,60.0,,75.0,1.5,35.63,,,0,trial
2026-07-07T20:35:28,forecast_hot_humid_bursty_r1,forecast,hot_humid,bursty,1,38.527,38.227,38.027,35.527,25.0,45.0,60.0,,75.0,1.5,35.61,,,0,trial
2026-07-07T20:35:28,forecast_hot_humid_bursty_r1,forecast,hot_humid,bursty,1,38.526,38.226,38.026,35.526,25.0,45.0,60.0,,75.0,1.5,35.6,,,0,trial
2026-07-07T20:35:28,forecast_hot_humid_bursty_r1,forecast,hot_humid,bursty,1,38.525,38.225,38.025,35.525,25.0,45.0,60.0,,75.0,1.5,35.59,,,0,trial
2026-07-07T20:35:28,forecast_hot_humid_bursty_r1,forecast,hot_humid,bursty,1,38.524,38.224,38.024,35.524,25.0,45.0,60.0,,75.0,1.5,35.58,,,0,trial
2026-07-07T20:35:28,forecast_hot_humid_bursty_r1,forecast,hot_humid,bursty,1,38.523,38.223,38.023,35.523,25.0,45.0,60.0,,75.0,1.5,35.57,,,0,trial
2026-07-07T20:35:28,forecast_hot_humid_bursty_r1,forecast,hot_humid,bursty,1,38.521,38.221,38.021,35.521,25.0,45.0,60.0,,75.0,1.5,35.56,,,0,trial
2026-07-07T20:35:28,forecast_hot_humid_bursty_r1,forecast,hot_humid,bursty,1,38.52,38.22,38.02,35.52,25.0,45.0,60.0,,75.0,1.5,35.54,,,0,trial
2026-07-07T20:35:28,forecast_hot_humid_bursty_r1,forecast,hot_humid,bursty,1,38.519,38.219,38.019,35.519,25.0,45.0,60.0,,75.0,1.5,35.53,,,0,trial
2026-07-07T20:35:28,forecast_hot_humid_bursty_r1,forecast,hot_humid,bursty,1,38.518,38.218,38.018,35.518,25.0,45.0,60.0,,75.0,1.5,35.52,,,0,trial
2026-07-07T20:35:28,forecast_hot_humid_bursty_r1,forecast,hot_humid,bursty,1,38.517,38.217,38.017,35.517,25.0,45.0,60.0,,75.0,1.5,35.51,,,0,trial
2026-07-07T20:35:28,forecast_hot_humid_bursty_r1,forecast,hot_humid,bursty,1,38.516,38.216,38.016,35.516,25.0,45.0,60.0,,75.0,1.5,35.5,,,0,trial
2026-07-07T20:35:28,forecast_hot_humid_bursty_r1,forecast,hot_humid,bursty,1,38.515,38.215,38.015,35.515,25.0,45.0,60.0,,75.0,1.5,35.48,,,0,trial
2026-07-07T20:35:28,forecast_hot_humid_bursty_r1,forecast,hot_humid,bursty,1,38.514,38.214,38.014,35.514,25.0,45.0,60.0,,75.0,1.5,35.47,,,0,trial
2026-07-07T20:35:28,forecast_hot_humid_bursty_r1,forecast,hot_humid,bursty,1,38.513,38.213,38.013,35.513,25.0,45.0,60.0,,75.0,1.5,35.46,,,0,trial
2026-07-07T20:35:28,forecast_hot_humid_bursty_r1,forecast,hot_humid,bursty,1,38.512,38.212,38.012,35.512,25.0,45.0,60.0,,75.0,1.5,35.45,,,0,trial
2026-07-07T20:35:28,forecast_hot_humid_bursty_r1,forecast,hot_humid,bursty,1,38.511,38.211,38.011,35.511,25.0,45.0,60.0,,75.0,1.5,35.44,,,0,trial
2026-07-07T20:35:28,forecast_hot_humid_bursty_r1,forecast,hot_humid,bursty,1,38.509,38.209,38.009,35.509,25.0,45.0,60.0,,75.0,1.5,35.42,,,0,trial
2026-07-07T20:35:28,forecast_hot_humid_bursty_r1,forecast,hot_humid,bursty,1,38.508,38.208,38.008,35.508,25.0,45.0,60.0,,75.0,1.5,35.41,,,0,trial
2026-07-07T20:35:28,forecast_hot_humid_bursty_r1,forecast,hot_humid,bursty,1,38.507,38.207,38.007,35.507,25.0,45.0,60.0,,75.0,1.5,35.4,,,0,trial
2026-07-07T20:35:28,forecast_hot_humid_bursty_r1,forecast,hot_humid,bursty,1,38.506,38.206,38.006,35.506,25.0,45.0,60.0,,75.0,1.5,35.39,,,0,trial
2026-07-07T20:35:28,forecast_hot_humid_bursty_r1,forecast,hot_humid,bursty,1,38.505,38.205,38.005,35.505,25.0,45.0,60.0,,75.0,1.5,35.37,,,0,trial
2026-07-07T20:35:28,forecast_hot_humid_bursty_r1,forecast,hot_humid,bursty,1,38.504,38.204,38.004,35.504,25.0,45.0,60.0,,75.0,1.5,35.36,,,0,trial
2026-07-07T20:35:28,forecast_hot_humid_bursty_r1,forecast,hot_humid,bursty,1,38.503,38.203,38.003,35.503,25.0,45.0,60.0,,75.0,1.5,35.35,,,0,trial
2026-07-07T20:35:28,forecast_hot_humid_bursty_r1,forecast,hot_humid,bursty,1,38.502,38.202,38.002,35.502,25.0,45.0,60.0,,75.0,1.5,35.34,,,0,trial
2026-07-07T20:35:28,forecast_hot_humid_bursty_r1,forecast,hot_humid,bursty,1,38.501,38.201,38.001,35.501,25.0,45.0,60.0,,75.0,1.5,35.33,,,0,trial
2026-07-07T20:35:28,forecast_hot_humid_bursty_r1,forecast,hot_humid,bursty,1,38.5,38.2,38.0,35.5,25.0,45.0,60.0,,75.0,1.5,35.31,,,0,trial
2026-07-07T20:35:28,forecast_hot_humid_bursty_r1,forecast,hot_humid,bursty,1,38.499,38.199,37.999,35.499,25.0,45.0,60.0,,75.0,1.5,35.3,,,0,trial
2026-07-07T20:35:28,forecast_hot_humid_bursty_r1,forecast,hot_humid,bursty,1,38.498,38.198,37.998,35.498,25.0,45.0,60.0,,75.0,1.5,35.29,,,0,trial
2026-07-07T20:35:28,forecast_hot_humid_bursty_r1,forecast,hot_humid,bursty,1,38.496,38.196,37.996,35.496,25.0,45.0,60.0,,75.0,1.5,35.28,,,0,trial
2026-07-07T20:35:28,forecast_hot_humid_bursty_r1,forecast,hot_humid,bursty,1,38.495,38.195,37.995,35.495,25.0,45.0,60.0,,75.0,1.5,35.26,,,0,trial
2026-07-07T20:35:28,forecast_hot_humid_bursty_r1,forecast,hot_humid,bursty,1,38.494,38.194,37.994,35.494,25.0,45.0,60.0,,75.0,1.5,35.25,,,0,trial
2026-07-07T20:35:28,forecast_hot_humid_bursty_r1,forecast,hot_humid,bursty,1,38.493,38.193,37.993,35.493,25.0,45.0,60.0,,75.0,1.5,35.24,,,0,trial
2026-07-07T20:35:28,forecast_hot_humid_bursty_r1,forecast,hot_humid,bursty,1,38.492,38.192,37.992,35.492,25.0,45.0,60.0,,75.0,1.5,35.23,,,0,trial
2026-07-07T20:35:28,forecast_hot_humid_bursty_r1,forecast,hot_humid,bursty,1,38.491,38.191,37.991,35.491,25.0,45.0,60.0,,75.0,1.5,35.21,,,0,trial
2026-07-07T20:35:28,forecast_hot_humid_bursty_r1,forecast,hot_humid,bursty,1,38.49,38.19,37.99,35.49,25.0,45.0,60.0,,75.0,1.5,35.2,,,0,trial
2026-07-07T20:35:28,forecast_hot_humid_bursty_r1,forecast,hot_humid,bursty,1,38.489,38.189,37.989,35.489,25.0,45.0,60.0,,75.0,1.5,35.19,,,0,trial
2026-07-07T20:35:28,forecast_hot_humid_bursty_r1,forecast,hot_humid,bursty,1,38.488,38.188,37.988,35.488,25.0,45.0,60.0,,75.0,1.5,35.18,,,0,trial
2026-07-07T20:35:28,forecast_hot_humid_bursty_r1,forecast,hot_humid,bursty,1,38.487,38.187,37.987,35.487,25.0,45.0,60.0,,75.0,1.5,35.16,,,0,trial
2026-07-07T20:35:28,forecast_hot_humid_bursty_r1,forecast,hot_humid,bursty,1,38.486,38.186,37.986,35.486,25.0,45.0,60.0,,75.0,1.5,35.15,,,0,trial
2026-07-07T20:35:28,forecast_hot_humid_bursty_r1,forecast,hot_humid,bursty,1,38.485,38.185,37.985,35.485,25.0,45.0,60.0,,75.0,1.5,35.14,,,0,trial
2026-07-07T20:35:28,forecast_hot_humid_bursty_r1,forecast,hot_humid,bursty,1,38.484,38.184,37.984,35.484,25.0,45.0,60.0,,75.0,1.5,35.13,,,0,trial
2026-07-07T20:35:28,forecast_hot_humid_bursty_r1,forecast,hot_humid,bursty,1,38.483,38.183,37.983,35.483,25.0,45.0,60.0,,75.0,1.5,35.11,,,0,trial
2026-07-07T20:35:28,forecast_hot_humid_bursty_r1,forecast,hot_humid,bursty,1,38.481,38.181,37.981,35.481,25.0,45.0,60.0,,75.0,1.5,35.1,,,0,trial
2026-07-07T20:35:28,forecast_hot_humid_bursty_r1,forecast,hot_humid,bursty,1,38.48,38.18,37.98,35.48,25.0,45.0,60.0,,75.0,1.5,35.09,,,0,trial
2026-07-07T20:35:28,forecast_hot_humid_bursty_r1,forecast,hot_humid,bursty,1,38.479,38.179,37.979,35.479,25.0,45.0,60.0,,75.0,1.5,35.07,,,0,trial
2026-07-07T20:35:28,forecast_hot_humid_bursty_r1,forecast,hot_humid,bursty,1,38.478,38.178,37.978,35.478,25.0,45.0,60.0,,75.0,1.5,35.06,,,0,trial
2026-07-07T20:35:28,forecast_hot_humid_bursty_r1,forecast,hot_humid,bursty,1,38.477,38.177,37.977,35.477,25.0,45.0,60.0,,75.0,1.5,35.05,,,0,trial
2026-07-07T20:35:28,forecast_hot_humid_bursty_r1,forecast,hot_humid,bursty,1,38.476,38.176,37.976,35.476,25.0,45.0,60.0,,75.0,1.5,35.04,,,0,trial
2026-07-07T20:35:28,forecast_hot_humid_bursty_r1,forecast,hot_humid,bursty,1,38.475,38.175,37.975,35.475,25.0,45.0,60.0,,75.0,1.5,35.02,,,0,trial
2026-07-07T20:35:28,forecast_hot_humid_bursty_r1,forecast,hot_humid,bursty,1,38.474,38.174,37.974,35.474,25.0,45.0,60.0,,75.0,1.5,35.01,,,0,trial
2026-07-07T20:35:28,forecast_hot_humid_bursty_r1,forecast,hot_humid,bursty,1,38.473,38.173,37.973,35.473,25.0,45.0,60.0,,75.0,1.5,35.0,,,0,trial
2026-07-07T20:35:28,forecast_hot_humid_bursty_r1,forecast,hot_humid,bursty,1,38.472,38.172,37.972,35.472,25.0,45.0,60.0,,75.0,1.5,34.99,,,0,trial
2026-07-07T20:35:28,forecast_hot_humid_bursty_r1,forecast,hot_humid,bursty,1,38.471,38.171,37.971,35.471,25.0,45.0,60.0,,75.0,1.5,34.97,,,0,trial
2026-07-07T20:35:28,forecast_hot_humid_bursty_r1,forecast,hot_humid,bursty,1,38.47,38.17,37.97,35.47,25.0,45.0,60.0,,75.0,1.5,34.96,,,0,trial
2026-07-07T20:35:28,forecast_hot_humid_bursty_r1,forecast,hot_humid,bursty,1,38.469,38.169,37.969,35.469,25.0,45.0,60.0,,75.0,1.5,34.95,,,0,trial
2026-07-07T20:35:28,forecast_hot_humid_bursty_r1,forecast,hot_humid,bursty,1,38.468,38.168,37.968,35.468,25.0,45.0,60.0,,75.0,1.5,34.93,,,0,trial
2026-07-07T20:35:28,forecast_hot_humid_bursty_r1,forecast,hot_humid,bursty,1,38.467,38.167,37.967,35.467,25.0,45.0,60.0,,75.0,1.5,34.92,,,0,trial
2026-07-07T20:35:28,forecast_hot_humid_bursty_r1,forecast,hot_humid,bursty,1,38.466,38.166,37.966,35.466,25.0,45.0,60.0,,75.0,1.5,34.91,,,0,trial
2026-07-07T20:35:28,forecast_hot_humid_bursty_r1,forecast,hot_humid,bursty,1,38.465,38.165,37.965,35.465,25.0,45.0,60.0,,75.0,1.5,34.9,,,0,trial
2026-07-07T20:35:28,forecast_hot_humid_bursty_r1,forecast,hot_humid,bursty,1,38.463,38.163,37.963,35.463,25.0,45.0,60.0,,75.0,1.5,34.88,,,0,trial
2026-07-07T20:35:28,forecast_hot_humid_bursty_r1,forecast,hot_humid,bursty,1,38.462,38.162,37.962,35.462,25.0,45.0,60.0,,75.0,1.5,34.87,,,0,trial
2026-07-07T20:35:28,forecast_hot_humid_bursty_r1,forecast,hot_humid,bursty,1,38.461,38.161,37.961,35.461,25.0,45.0,60.0,,75.0,1.5,34.86,,,0,trial
2026-07-07T20:35:28,forecast_hot_humid_bursty_r1,forecast,hot_humid,bursty,1,38.46,38.16,37.96,35.46,25.0,45.0,60.0,,75.0,1.5,34.84,,,0,trial
2026-07-07T20:35:28,forecast_hot_humid_bursty_r1,forecast,hot_humid,bursty,1,38.459,38.159,37.959,35.459,25.0,45.0,60.0,,75.0,1.5,34.83,,,0,trial
2026-07-07T20:35:28,forecast_hot_humid_bursty_r1,forecast,hot_humid,bursty,1,38.458,38.158,37.958,35.458,25.0,45.0,60.0,,75.0,1.5,34.82,,,0,trial
2026-07-07T20:35:28,forecast_hot_humid_bursty_r1,forecast,hot_humid,bursty,1,38.457,38.157,37.957,35.457,25.0,45.0,60.0,,75.0,1.5,34.81,,,0,trial
2026-07-07T20:35:28,forecast_hot_humid_bursty_r1,forecast,hot_humid,bursty,1,38.456,38.156,37.956,35.456,25.0,45.0,60.0,,75.0,1.5,34.79,,,0,trial
2026-07-07T20:35:28,forecast_hot_humid_bursty_r1,forecast,hot_humid,bursty,1,38.455,38.155,37.955,35.455,25.0,45.0,60.0,,75.0,1.5,34.78,,,0,trial
2026-07-07T20:35:28,forecast_hot_humid_bursty_r1,forecast,hot_humid,bursty,1,38.454,38.154,37.954,35.454,25.0,45.0,60.0,,75.0,1.5,34.77,,,0,trial
2026-07-07T20:35:28,forecast_hot_humid_bursty_r1,forecast,hot_humid,bursty,1,38.453,38.153,37.953,35.453,25.0,45.0,60.0,,75.0,1.5,34.75,,,0,trial
2026-07-07T20:35:28,forecast_hot_humid_bursty_r1,forecast,hot_humid,bursty,1,38.452,38.152,37.952,35.452,25.0,45.0,60.0,,75.0,1.5,34.74,,,0,trial
2026-07-07T20:35:28,forecast_hot_humid_bursty_r1,forecast,hot_humid,bursty,1,38.451,38.151,37.951,35.451,25.0,45.0,60.0,,75.0,1.5,34.73,,,0,trial
2026-07-07T20:35:28,forecast_hot_humid_bursty_r1,forecast,hot_humid,bursty,1,38.45,38.15,37.95,35.45,25.0,45.0,60.0,,75.0,1.5,34.71,,,0,trial
2026-07-07T20:35:28,forecast_hot_humid_bursty_r1,forecast,hot_humid,bursty,1,38.449,38.149,37.949,35.449,25.0,45.0,60.0,,75.0,1.5,34.7,,,0,trial
2026-07-07T20:35:28,forecast_hot_humid_bursty_r1,forecast,hot_humid,bursty,1,38.448,38.148,37.948,35.448,25.0,45.0,60.0,,75.0,1.5,34.69,,,0,trial
2026-07-07T20:35:28,forecast_hot_humid_bursty_r1,forecast,hot_humid,bursty,1,38.447,38.147,37.947,35.447,25.0,45.0,60.0,,75.0,1.5,34.68,,,0,trial
2026-07-07T20:35:28,forecast_hot_humid_bursty_r1,forecast,hot_humid,bursty,1,38.446,38.146,37.946,35.446,25.0,45.0,60.0,,75.0,1.5,34.66,,,0,trial
2026-07-07T20:35:28,forecast_hot_humid_bursty_r1,forecast,hot_humid,bursty,1,38.445,38.145,37.945,35.445,25.0,45.0,60.0,,75.0,1.5,34.65,,,0,trial
2026-07-07T20:35:28,forecast_hot_humid_bursty_r1,forecast,hot_humid,bursty,1,38.444,38.144,37.944,35.444,25.0,45.0,60.0,,75.0,1.5,34.64,,,0,trial
2026-07-07T20:35:28,forecast_hot_humid_bursty_r1,forecast,hot_humid,bursty,1,38.443,38.143,37.943,35.443,25.0,45.0,60.0,,75.0,1.5,34.62,,,0,trial
2026-07-07T20:35:28,forecast_hot_humid_bursty_r1,forecast,hot_humid,bursty,1,38.441,38.141,37.941,35.441,25.0,45.0,60.0,,75.0,1.5,34.61,,,0,trial
2026-07-07T20:35:28,forecast_hot_humid_bursty_r1,forecast,hot_humid,bursty,1,38.44,38.14,37.94,35.44,25.0,45.0,60.0,,75.0,1.5,34.6,,,0,trial
2026-07-07T20:35:28,forecast_hot_humid_bursty_r1,forecast,hot_humid,bursty,1,38.439,38.139,37.939,35.439,25.0,45.0,60.0,,75.0,1.5,34.58,,,0,trial
2026-07-07T20:35:28,forecast_hot_humid_bursty_r1,forecast,hot_humid,bursty,1,38.438,38.138,37.938,35.438,25.0,45.0,60.0,,75.0,1.5,34.57,,,0,trial
2026-07-07T20:35:28,forecast_hot_humid_bursty_r1,forecast,hot_humid,bursty,1,38.437,38.137,37.937,35.437,25.0,45.0,60.0,,75.0,1.5,34.56,,,0,trial
2026-07-07T20:35:28,forecast_hot_humid_bursty_r1,forecast,hot_humid,bursty,1,38.436,38.136,37.936,35.436,25.0,45.0,60.0,,75.0,1.5,34.55,,,0,trial
2026-07-07T20:35:28,forecast_hot_humid_bursty_r1,forecast,hot_humid,bursty,1,38.435,38.135,37.935,35.435,25.0,45.0,60.0,,75.0,1.5,34.53,,,0,trial
2026-07-07T20:35:28,forecast_hot_humid_bursty_r1,forecast,hot_humid,bursty,1,38.434,38.134,37.934,35.434,25.0,45.0,60.0,,75.0,1.5,34.52,,,0,trial
2026-07-07T20:35:28,forecast_hot_humid_bursty_r1,forecast,hot_humid,bursty,1,38.433,38.133,37.933,35.433,25.0,45.0,60.0,,75.0,1.5,34.51,,,0,trial
2026-07-07T20:35:28,forecast_hot_humid_bursty_r1,forecast,hot_humid,bursty,1,38.432,38.132,37.932,35.432,25.0,45.0,60.0,,75.0,1.5,34.49,,,0,trial
2026-07-07T20:35:28,forecast_hot_humid_bursty_r1,forecast,hot_humid,bursty,1,38.431,38.131,37.931,35.431,25.0,45.0,60.0,,75.0,1.5,34.48,,,0,trial
2026-07-07T20:35:28,forecast_hot_humid_bursty_r1,forecast,hot_humid,bursty,1,38.43,38.13,37.93,35.43,25.0,45.0,60.0,,75.0,1.5,34.47,,,0,trial
2026-07-07T20:35:28,forecast_hot_humid_bursty_r1,forecast,hot_humid,bursty,1,38.429,38.129,37.929,35.429,25.0,45.0,60.0,,75.0,1.5,34.45,,,0,trial
2026-07-07T20:35:28,forecast_hot_humid_bursty_r1,forecast,hot_humid,bursty,1,38.428,38.128,37.928,35.428,25.0,45.0,60.0,,75.0,1.5,34.44,,,0,trial
2026-07-07T20:35:28,forecast_hot_humid_bursty_r1,forecast,hot_humid,bursty,1,38.427,38.127,37.927,35.427,25.0,45.0,60.0,,75.0,1.5,34.43,,,0,trial
2026-07-07T20:35:28,forecast_hot_humid_bursty_r1,forecast,hot_humid,bursty,1,38.426,38.126,37.926,35.426,25.0,45.0,60.0,,75.0,1.5,34.41,,,0,trial
2026-07-07T20:35:28,forecast_hot_humid_bursty_r1,forecast,hot_humid,bursty,1,38.425,38.125,37.925,35.425,25.0,45.0,60.0,,75.0,1.5,34.4,,,0,trial
2026-07-07T20:35:28,forecast_hot_humid_bursty_r1,forecast,hot_humid,bursty,1,38.424,38.124,37.924,35.424,25.0,45.0,60.0,,75.0,1.5,34.39,,,0,trial
2026-07-07T20:35:28,forecast_hot_humid_bursty_r1,forecast,hot_humid,bursty,1,38.423,38.123,37.923,35.423,25.0,45.0,60.0,,75.0,1.5,34.38,,,0,trial
2026-07-07T20:35:28,forecast_hot_humid_bursty_r1,forecast,hot_humid,bursty,1,38.422,38.122,37.922,35.422,25.0,45.0,60.0,,75.0,1.5,34.36,,,0,trial
2026-07-07T20:35:28,forecast_hot_humid_bursty_r1,forecast,hot_humid,bursty,1,38.421,38.121,37.921,35.421,25.0,45.0,60.0,,75.0,1.5,34.35,,,0,trial
2026-07-07T20:35:28,forecast_hot_humid_bursty_r1,forecast,hot_humid,bursty,1,38.42,38.12,37.92,35.42,25.0,45.0,60.0,,75.0,1.5,34.34,,,0,trial
2026-07-07T20:35:28,forecast_hot_humid_bursty_r1,forecast,hot_humid,bursty,1,38.419,38.119,37.919,35.419,25.0,45.0,60.0,,75.0,1.5,34.32,,,0,trial
2026-07-07T20:35:28,forecast_hot_humid_bursty_r1,forecast,hot_humid,bursty,1,38.418,38.118,37.918,35.418,25.0,45.0,60.0,,75.0,1.5,34.31,,,0,trial
2026-07-07T20:35:28,forecast_hot_humid_bursty_r1,forecast,hot_humid,bursty,1,38.417,38.117,37.917,35.417,25.0,45.0,60.0,,75.0,1.5,34.3,,,0,trial
2026-07-07T20:35:28,forecast_hot_humid_bursty_r1,forecast,hot_humid,bursty,1,38.416,38.116,37.916,35.416,25.0,45.0,60.0,,75.0,1.5,34.28,,,0,trial
2026-07-07T20:35:28,forecast_hot_humid_bursty_r1,forecast,hot_humid,bursty,1,38.425,38.125,37.925,35.425,25.0,45.0,140.0,,75.0,1.5,34.27,,,0,trial
2026-07-07T20:35:28,forecast_hot_humid_bursty_r1,forecast,hot_humid,bursty,1,38.435,38.135,37.935,35.435,25.0,45.0,140.0,,75.0,1.5,34.26,,,0,trial
2026-07-07T20:35:28,forecast_hot_humid_bursty_r1,forecast,hot_humid,bursty,1,38.444,38.144,37.944,35.444,25.0,45.0,140.0,,75.0,1.5,34.24,,,0,trial
2026-07-07T20:35:28,forecast_hot_humid_bursty_r1,forecast,hot_humid,bursty,1,38.454,38.154,37.954,35.454,25.0,45.0,140.0,,75.0,1.5,34.23,,,0,trial
2026-07-07T20:35:28,forecast_hot_humid_bursty_r1,forecast,hot_humid,bursty,1,38.463,38.163,37.963,35.463,25.0,45.0,140.0,,75.0,1.5,34.22,,,0,trial
2026-07-07T20:35:28,forecast_hot_humid_bursty_r1,forecast,hot_humid,bursty,1,38.473,38.173,37.973,35.473,25.0,45.0,140.0,,75.0,1.5,34.21,,,0,trial
2026-07-07T20:35:28,forecast_hot_humid_bursty_r1,forecast,hot_humid,bursty,1,38.482,38.182,37.982,35.482,25.0,45.0,140.0,,75.0,1.5,34.19,,,0,trial
2026-07-07T20:35:28,forecast_hot_humid_bursty_r1,forecast,hot_humid,bursty,1,38.492,38.192,37.992,35.492,25.0,45.0,140.0,,75.0,1.5,34.18,,,0,trial
2026-07-07T20:35:28,forecast_hot_humid_bursty_r1,forecast,hot_humid,bursty,1,38.501,38.201,38.001,35.501,25.0,45.0,140.0,,75.0,1.5,34.17,,,0,trial
2026-07-07T20:35:28,forecast_hot_humid_bursty_r1,forecast,hot_humid,bursty,1,38.51,38.21,38.01,35.51,25.0,45.0,140.0,,75.0,1.5,34.15,,,0,trial
2026-07-07T20:35:28,forecast_hot_humid_bursty_r1,forecast,hot_humid,bursty,1,38.52,38.22,38.02,35.52,25.0,45.0,140.0,,75.0,1.5,34.14,,,0,trial
2026-07-07T20:35:28,forecast_hot_humid_bursty_r1,forecast,hot_humid,bursty,1,38.529,38.229,38.029,35.529,25.0,45.0,140.0,,75.0,1.5,34.13,,,0,trial
2026-07-07T20:35:28,forecast_hot_humid_bursty_r1,forecast,hot_humid,bursty,1,38.539,38.239,38.039,35.539,25.0,45.0,140.0,,75.0,1.5,34.11,,,0,trial
2026-07-07T20:35:28,forecast_hot_humid_bursty_r1,forecast,hot_humid,bursty,1,38.548,38.248,38.048,35.548,25.0,45.0,140.0,,75.0,1.5,34.1,,,0,trial
2026-07-07T20:35:28,forecast_hot_humid_bursty_r1,forecast,hot_humid,bursty,1,38.558,38.258,38.058,35.558,25.0,45.0,140.0,,75.0,1.5,34.09,,,0,trial
2026-07-07T20:35:28,forecast_hot_humid_bursty_r1,forecast,hot_humid,bursty,1,38.567,38.267,38.067,35.567,25.0,45.0,140.0,,75.0,1.5,34.07,,,0,trial
2026-07-07T20:35:28,forecast_hot_humid_bursty_r1,forecast,hot_humid,bursty,1,38.576,38.276,38.076,35.576,25.0,45.0,140.0,,75.0,1.5,34.06,,,0,trial
2026-07-07T20:35:28,forecast_hot_humid_bursty_r1,forecast,hot_humid,bursty,1,38.586,38.286,38.086,35.586,25.0,45.0,140.0,,75.0,1.5,34.05,,,0,trial
2026-07-07T20:35:28,forecast_hot_humid_bursty_r1,forecast,hot_humid,bursty,1,38.595,38.295,38.095,35.595,25.0,45.0,140.0,,75.0,1.5,34.04,,,0,trial
2026-07-07T20:35:28,forecast_hot_humid_bursty_r1,forecast,hot_humid,bursty,1,38.605,38.305,38.105,35.605,25.0,45.0,140.0,,75.0,1.5,34.02,,,0,trial
2026-07-07T20:35:28,forecast_hot_humid_bursty_r1,forecast,hot_humid,bursty,1,38.614,38.314,38.114,35.614,25.0,45.0,140.0,,75.0,1.5,34.01,,,0,trial
2026-07-07T20:35:28,forecast_hot_humid_bursty_r1,forecast,hot_humid,bursty,1,38.623,38.323,38.123,35.623,25.0,45.0,140.0,,75.0,1.5,34.0,,,0,trial
2026-07-07T20:35:28,forecast_hot_humid_bursty_r1,forecast,hot_humid,bursty,1,38.633,38.333,38.133,35.633,25.0,45.0,140.0,,75.0,1.5,33.98,,,0,trial
2026-07-07T20:35:28,forecast_hot_humid_bursty_r1,forecast,hot_humid,bursty,1,38.642,38.342,38.142,35.642,25.0,45.0,140.0,,75.0,1.5,33.97,,,0,trial
2026-07-07T20:35:28,forecast_hot_humid_bursty_r1,forecast,hot_humid,bursty,1,38.651,38.351,38.151,35.651,25.0,45.0,140.0,,75.0,1.5,33.96,,,0,trial
2026-07-07T20:35:28,forecast_hot_humid_bursty_r1,forecast,hot_humid,bursty,1,38.661,38.361,38.161,35.661,25.0,45.0,140.0,,75.0,1.5,33.94,,,0,trial
2026-07-07T20:35:28,forecast_hot_humid_bursty_r1,forecast,hot_humid,bursty,1,38.67,38.37,38.17,35.67,25.0,45.0,140.0,,75.0,1.5,33.93,,,0,trial
2026-07-07T20:35:28,forecast_hot_humid_bursty_r1,forecast,hot_humid,bursty,1,38.679,38.379,38.179,35.679,25.0,45.0,140.0,,75.0,1.5,33.92,,,0,trial
2026-07-07T20:35:28,forecast_hot_humid_bursty_r1,forecast,hot_humid,bursty,1,38.689,38.389,38.189,35.689,25.0,45.0,140.0,,75.0,1.5,33.91,,,0,trial
2026-07-07T20:35:28,forecast_hot_humid_bursty_r1,forecast,hot_humid,bursty,1,38.698,38.398,38.198,35.698,25.0,45.0,140.0,,75.0,1.5,33.89,,,0,trial
2026-07-07T20:35:28,forecast_hot_humid_bursty_r1,forecast,hot_humid,bursty,1,38.707,38.407,38.207,35.707,25.0,45.0,140.0,,75.0,1.5,33.88,,,0,trial
2026-07-07T20:35:28,forecast_hot_humid_bursty_r1,forecast,hot_humid,bursty,1,38.717,38.417,38.217,35.717,25.0,45.0,140.0,,75.0,1.5,33.87,,,0,trial
2026-07-07T20:35:28,forecast_hot_humid_bursty_r1,forecast,hot_humid,bursty,1,38.726,38.426,38.226,35.726,25.0,45.0,140.0,,75.0,1.5,33.85,,,0,trial
2026-07-07T20:35:28,forecast_hot_humid_bursty_r1,forecast,hot_humid,bursty,1,38.735,38.435,38.235,35.735,25.0,45.0,140.0,,75.0,1.5,33.84,,,0,trial
2026-07-07T20:35:28,forecast_hot_humid_bursty_r1,forecast,hot_humid,bursty,1,38.745,38.445,38.245,35.745,25.0,45.0,140.0,,75.0,1.5,33.83,,,0,trial
2026-07-07T20:35:28,forecast_hot_humid_bursty_r1,forecast,hot_humid,bursty,1,38.754,38.454,38.254,35.754,25.0,45.0,140.0,,75.0,1.5,33.82,,,0,trial
2026-07-07T20:35:28,forecast_hot_humid_bursty_r1,forecast,hot_humid,bursty,1,38.763,38.463,38.263,35.763,25.0,45.0,140.0,,75.0,1.5,33.8,,,0,trial
2026-07-07T20:35:28,forecast_hot_humid_bursty_r1,forecast,hot_humid,bursty,1,38.772,38.472,38.272,35.772,25.0,45.0,140.0,,75.0,1.5,33.79,,,0,trial
2026-07-07T20:35:28,forecast_hot_humid_bursty_r1,forecast,hot_humid,bursty,1,38.782,38.482,38.282,35.782,25.0,45.0,140.0,,75.0,1.5,33.78,,,0,trial
2026-07-07T20:35:28,forecast_hot_humid_bursty_r1,forecast,hot_humid,bursty,1,38.791,38.491,38.291,35.791,25.0,45.0,140.0,,75.0,1.5,33.76,,,0,trial
2026-07-07T20:35:28,forecast_hot_humid_bursty_r1,forecast,hot_humid,bursty,1,38.8,38.5,38.3,35.8,25.0,45.0,140.0,,75.0,1.5,33.75,,,0,trial
2026-07-07T20:35:28,forecast_hot_humid_bursty_r1,forecast,hot_humid,bursty,1,38.809,38.509,38.309,35.809,25.0,45.0,140.0,,75.0,1.5,33.74,,,0,trial
2026-07-07T20:35:28,forecast_hot_humid_bursty_r1,forecast,hot_humid,bursty,1,38.819,38.519,38.319,35.819,25.0,45.0,140.0,,75.0,1.5,33.73,,,0,trial
2026-07-07T20:35:28,forecast_hot_humid_bursty_r1,forecast,hot_humid,bursty,1,38.828,38.528,38.328,35.828,25.0,45.0,140.0,,75.0,1.5,33.71,,,0,trial
2026-07-07T20:35:28,forecast_hot_humid_bursty_r1,forecast,hot_humid,bursty,1,38.837,38.537,38.337,35.837,25.0,45.0,140.0,,75.0,1.5,33.7,,,0,trial
2026-07-07T20:35:28,forecast_hot_humid_bursty_r1,forecast,hot_humid,bursty,1,38.846,38.546,38.346,35.846,25.0,45.0,140.0,,75.0,1.5,33.69,,,0,trial
2026-07-07T20:35:28,forecast_hot_humid_bursty_r1,forecast,hot_humid,bursty,1,38.856,38.556,38.356,35.856,25.0,45.0,140.0,,75.0,1.5,33.67,,,0,trial
2026-07-07T20:35:28,forecast_hot_humid_bursty_r1,forecast,hot_humid,bursty,1,38.865,38.565,38.365,35.865,25.0,45.0,140.0,,75.0,1.5,33.66,,,0,trial
2026-07-07T20:35:28,forecast_hot_humid_bursty_r1,forecast,hot_humid,bursty,1,38.874,38.574,38.374,35.874,25.0,45.0,140.0,,75.0,1.5,33.65,,,0,trial
2026-07-07T20:35:28,forecast_hot_humid_bursty_r1,forecast,hot_humid,bursty,1,38.883,38.583,38.383,35.883,25.0,45.0,140.0,,75.0,1.5,33.64,,,0,trial
2026-07-07T20:35:28,forecast_hot_humid_bursty_r1,forecast,hot_humid,bursty,1,38.892,38.592,38.392,35.892,25.0,45.0,140.0,,75.0,1.5,33.62,,,0,trial
2026-07-07T20:35:28,forecast_hot_humid_bursty_r1,forecast,hot_humid,bursty,1,38.902,38.602,38.402,35.902,25.0,45.0,140.0,,75.0,1.5,33.61,,,0,trial
2026-07-07T20:35:28,forecast_hot_humid_bursty_r1,forecast,hot_humid,bursty,1,38.911,38.611,38.411,35.911,25.0,45.0,140.0,,75.0,1.5,33.6,,,0,trial
2026-07-07T20:35:28,forecast_hot_humid_bursty_r1,forecast,hot_humid,bursty,1,38.92,38.62,38.42,35.92,25.0,45.0,140.0,,75.0,1.5,33.58,,,0,trial
2026-07-07T20:35:28,forecast_hot_humid_bursty_r1,forecast,hot_humid,bursty,1,38.929,38.629,38.429,35.929,25.0,45.0,140.0,,75.0,1.5,33.57,,,0,trial
2026-07-07T20:35:28,forecast_hot_humid_bursty_r1,forecast,hot_humid,bursty,1,38.938,38.638,38.438,35.938,25.0,45.0,140.0,,75.0,1.5,33.56,,,0,trial
2026-07-07T20:35:28,forecast_hot_humid_bursty_r1,forecast,hot_humid,bursty,1,38.947,38.647,38.447,35.947,25.0,45.0,140.0,,75.0,1.5,33.55,,,0,trial
2026-07-07T20:35:28,forecast_hot_humid_bursty_r1,forecast,hot_humid,bursty,1,38.957,38.657,38.457,35.957,25.0,45.0,140.0,,75.0,1.5,33.53,,,0,trial
2026-07-07T20:35:28,forecast_hot_humid_bursty_r1,forecast,hot_humid,bursty,1,38.966,38.666,38.466,35.966,25.0,45.0,140.0,,75.0,1.5,33.52,,,0,trial
2026-07-07T20:35:28,forecast_hot_humid_bursty_r1,forecast,hot_humid,bursty,1,38.975,38.675,38.475,35.975,25.0,45.0,140.0,,75.0,1.5,33.51,,,0,trial
2026-07-07T20:35:28,forecast_hot_humid_bursty_r1,forecast,hot_humid,bursty,1,38.984,38.684,38.484,35.984,25.0,45.0,140.0,,75.0,1.5,33.5,,,0,trial
2026-07-07T20:35:28,forecast_hot_humid_bursty_r1,forecast,hot_humid,bursty,1,38.993,38.693,38.493,35.993,25.0,45.0,140.0,,75.0,1.5,33.48,,,0,trial
2026-07-07T20:35:28,forecast_hot_humid_bursty_r1,forecast,hot_humid,bursty,1,39.002,38.702,38.502,36.002,25.0,45.0,140.0,,75.0,1.5,33.47,,,0,trial
2026-07-07T20:35:28,forecast_hot_humid_bursty_r1,forecast,hot_humid,bursty,1,39.011,38.711,38.511,36.011,25.0,45.0,140.0,,75.0,1.5,33.46,,,0,trial
2026-07-07T20:35:28,forecast_hot_humid_bursty_r1,forecast,hot_humid,bursty,1,39.02,38.72,38.52,36.02,25.0,45.0,140.0,,75.0,1.5,33.45,,,0,trial
2026-07-07T20:35:28,forecast_hot_humid_bursty_r1,forecast,hot_humid,bursty,1,39.03,38.73,38.53,36.03,25.0,45.0,140.0,,75.0,1.5,33.43,,,0,trial
2026-07-07T20:35:28,forecast_hot_humid_bursty_r1,forecast,hot_humid,bursty,1,39.039,38.739,38.539,36.039,25.0,45.0,140.0,,75.0,1.5,33.42,,,0,trial
2026-07-07T20:35:28,forecast_hot_humid_bursty_r1,forecast,hot_humid,bursty,1,39.048,38.748,38.548,36.048,25.0,45.0,140.0,,75.0,1.5,33.41,,,0,trial
2026-07-07T20:35:28,forecast_hot_humid_bursty_r1,forecast,hot_humid,bursty,1,39.057,38.757,38.557,36.057,25.0,45.0,140.0,,75.0,1.5,33.4,,,0,trial
2026-07-07T20:35:28,forecast_hot_humid_bursty_r1,forecast,hot_humid,bursty,1,39.066,38.766,38.566,36.066,25.0,45.0,140.0,,75.0,1.5,33.38,,,0,trial
2026-07-07T20:35:28,forecast_hot_humid_bursty_r1,forecast,hot_humid,bursty,1,39.075,38.775,38.575,36.075,25.0,45.0,140.0,,75.0,1.5,33.37,,,0,trial
2026-07-07T20:35:28,forecast_hot_humid_bursty_r1,forecast,hot_humid,bursty,1,39.084,38.784,38.584,36.084,25.0,45.0,140.0,,75.0,1.5,33.36,,,0,trial
2026-07-07T20:35:28,forecast_hot_humid_bursty_r1,forecast,hot_humid,bursty,1,39.093,38.793,38.593,36.093,25.0,45.0,140.0,,75.0,1.5,33.35,,,0,trial
2026-07-07T20:35:28,forecast_hot_humid_bursty_r1,forecast,hot_humid,bursty,1,39.102,38.802,38.602,36.102,25.0,45.0,140.0,,75.0,1.5,33.33,,,0,trial
2026-07-07T20:35:28,forecast_hot_humid_bursty_r1,forecast,hot_humid,bursty,1,39.111,38.811,38.611,36.111,25.0,45.0,140.0,,75.0,1.5,33.32,,,0,trial
2026-07-07T20:35:28,forecast_hot_humid_bursty_r1,forecast,hot_humid,bursty,1,39.12,38.82,38.62,36.12,25.0,45.0,140.0,,75.0,1.5,33.31,,,0,trial
2026-07-07T20:35:28,forecast_hot_humid_bursty_r1,forecast,hot_humid,bursty,1,39.129,38.829,38.629,36.129,25.0,45.0,140.0,,75.0,1.5,33.3,,,0,trial
2026-07-07T20:35:28,forecast_hot_humid_bursty_r1,forecast,hot_humid,bursty,1,39.138,38.838,38.638,36.138,25.0,45.0,140.0,,75.0,1.5,33.28,,,0,trial
2026-07-07T20:35:28,forecast_hot_humid_bursty_r1,forecast,hot_humid,bursty,1,39.147,38.847,38.647,36.147,25.0,45.0,140.0,,75.0,1.5,33.27,,,0,trial
2026-07-07T20:35:28,forecast_hot_humid_bursty_r1,forecast,hot_humid,bursty,1,39.156,38.856,38.656,36.156,25.0,45.0,140.0,,75.0,1.5,33.26,,,0,trial
2026-07-07T20:35:28,forecast_hot_humid_bursty_r1,forecast,hot_humid,bursty,1,39.165,38.865,38.665,36.165,25.0,45.0,140.0,,75.0,1.5,33.25,,,0,trial
2026-07-07T20:35:28,forecast_hot_humid_bursty_r1,forecast,hot_humid,bursty,1,39.174,38.874,38.674,36.174,25.0,45.0,140.0,,75.0,1.5,33.24,,,0,trial
2026-07-07T20:35:28,forecast_hot_humid_bursty_r1,forecast,hot_humid,bursty,1,39.183,38.883,38.683,36.183,25.0,45.0,140.0,,75.0,1.5,33.22,,,0,trial
2026-07-07T20:35:28,forecast_hot_humid_bursty_r1,forecast,hot_humid,bursty,1,39.192,38.892,38.692,36.192,25.0,45.0,140.0,,75.0,1.5,33.21,,,0,trial
2026-07-07T20:35:28,forecast_hot_humid_bursty_r1,forecast,hot_humid,bursty,1,39.201,38.901,38.701,36.201,25.0,45.0,140.0,,75.0,1.5,33.2,,,0,trial
2026-07-07T20:35:28,forecast_hot_humid_bursty_r1,forecast,hot_humid,bursty,1,39.21,38.91,38.71,36.21,25.0,45.0,140.0,,75.0,1.5,33.19,,,0,trial
2026-07-07T20:35:28,forecast_hot_humid_bursty_r1,forecast,hot_humid,bursty,1,39.219,38.919,38.719,36.219,25.0,45.0,140.0,,75.0,1.5,33.17,,,0,trial
2026-07-07T20:35:28,forecast_hot_humid_bursty_r1,forecast,hot_humid,bursty,1,39.228,38.928,38.728,36.228,25.0,45.0,140.0,,75.0,1.5,33.16,,,0,trial
2026-07-07T20:35:28,forecast_hot_humid_bursty_r1,forecast,hot_humid,bursty,1,39.237,38.937,38.737,36.237,25.0,45.0,140.0,,75.0,1.5,33.15,,,0,trial
2026-07-07T20:35:28,forecast_hot_humid_bursty_r1,forecast,hot_humid,bursty,1,39.246,38.946,38.746,36.246,25.0,45.0,140.0,,75.0,1.5,33.14,,,0,trial
2026-07-07T20:35:28,forecast_hot_humid_bursty_r1,forecast,hot_humid,bursty,1,39.255,38.955,38.755,36.255,25.0,45.0,140.0,,75.0,1.5,33.13,,,0,trial
2026-07-07T20:35:28,forecast_hot_humid_bursty_r1,forecast,hot_humid,bursty,1,39.264,38.964,38.764,36.264,25.0,45.0,140.0,,75.0,1.5,33.11,,,0,trial
2026-07-07T20:35:28,forecast_hot_humid_bursty_r1,forecast,hot_humid,bursty,1,39.273,38.973,38.773,36.273,25.0,45.0,140.0,,75.0,1.5,33.1,,,0,trial
2026-07-07T20:35:28,forecast_hot_humid_bursty_r1,forecast,hot_humid,bursty,1,39.282,38.982,38.782,36.282,25.0,45.0,140.0,,75.0,1.5,33.09,,,0,trial
2026-07-07T20:35:28,forecast_hot_humid_bursty_r1,forecast,hot_humid,bursty,1,39.291,38.991,38.791,36.291,25.0,45.0,140.0,,75.0,1.5,33.08,,,0,trial
2026-07-07T20:35:28,forecast_hot_humid_bursty_r1,forecast,hot_humid,bursty,1,39.3,39.0,38.8,36.3,25.0,45.0,140.0,,75.0,1.5,33.07,,,0,trial
2026-07-07T20:35:28,forecast_hot_humid_bursty_r1,forecast,hot_humid,bursty,1,39.309,39.009,38.809,36.309,25.0,45.0,140.0,,75.0,1.5,33.05,,,0,trial
2026-07-07T20:35:28,forecast_hot_humid_bursty_r1,forecast,hot_humid,bursty,1,39.318,39.018,38.818,36.318,25.0,45.0,140.0,,75.0,1.5,33.04,,,0,trial
2026-07-07T20:35:28,forecast_hot_humid_bursty_r1,forecast,hot_humid,bursty,1,39.327,39.027,38.827,36.327,25.0,45.0,140.0,,75.0,1.5,33.03,,,0,trial
2026-07-07T20:35:28,forecast_hot_humid_bursty_r1,forecast,hot_humid,bursty,1,39.335,39.035,38.835,36.335,25.0,45.0,140.0,,75.0,1.5,33.02,,,0,trial
2026-07-07T20:35:28,forecast_hot_humid_bursty_r1,forecast,hot_humid,bursty,1,39.344,39.044,38.844,36.344,25.0,45.0,140.0,,75.0,1.5,33.01,,,0,trial
2026-07-07T20:35:28,forecast_hot_humid_bursty_r1,forecast,hot_humid,bursty,1,39.353,39.053,38.853,36.353,25.0,45.0,140.0,,75.0,1.5,32.99,,,0,trial
2026-07-07T20:35:28,forecast_hot_humid_bursty_r1,forecast,hot_humid,bursty,1,39.362,39.062,38.862,36.362,25.0,45.0,140.0,,75.0,1.5,32.98,,,0,trial
2026-07-07T20:35:28,forecast_hot_humid_bursty_r1,forecast,hot_humid,bursty,1,39.371,39.071,38.871,36.371,25.0,45.0,140.0,,75.0,1.5,32.97,,,0,trial
2026-07-07T20:35:28,forecast_hot_humid_bursty_r1,forecast,hot_humid,bursty,1,39.38,39.08,38.88,36.38,25.0,45.0,140.0,,75.0,1.5,32.96,,,0,trial
2026-07-07T20:35:28,forecast_hot_humid_bursty_r1,forecast,hot_humid,bursty,1,39.389,39.089,38.889,36.389,25.0,45.0,140.0,,75.0,1.5,32.95,,,0,trial
2026-07-07T20:35:28,forecast_hot_humid_bursty_r1,forecast,hot_humid,bursty,1,39.398,39.098,38.898,36.398,25.0,45.0,140.0,,75.0,1.5,32.93,,,0,trial
2026-07-07T20:35:28,forecast_hot_humid_bursty_r1,forecast,hot_humid,bursty,1,39.406,39.106,38.906,36.406,25.0,45.0,140.0,,75.0,1.5,32.92,,,0,trial
2026-07-07T20:35:28,forecast_hot_humid_bursty_r1,forecast,hot_humid,bursty,1,39.415,39.115,38.915,36.415,25.0,45.0,140.0,,75.0,1.5,32.91,,,0,trial
2026-07-07T20:35:28,forecast_hot_humid_bursty_r1,forecast,hot_humid,bursty,1,39.424,39.124,38.924,36.424,25.0,45.0,140.0,,75.0,1.5,32.9,,,0,trial
2026-07-07T20:35:28,forecast_hot_humid_bursty_r1,forecast,hot_humid,bursty,1,39.433,39.133,38.933,36.433,25.0,45.0,140.0,,75.0,1.5,32.89,,,0,trial
2026-07-07T20:35:28,forecast_hot_humid_bursty_r1,forecast,hot_humid,bursty,1,39.442,39.142,38.942,36.442,25.0,45.0,140.0,,75.0,1.5,32.88,,,0,trial
2026-07-07T20:35:28,forecast_hot_humid_bursty_r1,forecast,hot_humid,bursty,1,39.451,39.151,38.951,36.451,25.0,45.0,140.0,,75.0,1.5,32.86,,,0,trial
2026-07-07T20:35:28,forecast_hot_humid_bursty_r1,forecast,hot_humid,bursty,1,39.459,39.159,38.959,36.459,25.0,45.0,140.0,,75.0,1.5,32.85,,,0,trial
2026-07-07T20:35:28,forecast_hot_humid_bursty_r1,forecast,hot_humid,bursty,1,39.468,39.168,38.968,36.468,25.0,45.0,140.0,,75.0,1.5,32.84,,,0,trial
2026-07-07T20:35:28,forecast_hot_humid_bursty_r1,forecast,hot_humid,bursty,1,39.477,39.177,38.977,36.477,25.0,45.0,140.0,,75.0,1.5,32.83,,,0,trial
2026-07-07T20:35:28,forecast_hot_humid_bursty_r1,forecast,hot_humid,bursty,1,39.486,39.186,38.986,36.486,25.0,45.0,140.0,,75.0,1.5,32.82,,,0,trial
2026-07-07T20:35:28,forecast_hot_humid_bursty_r1,forecast,hot_humid,bursty,1,39.495,39.195,38.995,36.495,25.0,45.0,140.0,,75.0,1.5,32.81,,,0,trial
2026-07-07T20:35:28,forecast_hot_humid_bursty_r1,forecast,hot_humid,bursty,1,39.503,39.203,39.003,36.503,25.0,45.0,140.0,,75.0,1.5,32.8,,,0,trial
2026-07-07T20:35:28,forecast_hot_humid_bursty_r1,forecast,hot_humid,bursty,1,39.512,39.212,39.012,36.512,25.0,45.0,140.0,,75.0,1.5,32.78,,,0,trial
2026-07-07T20:35:28,forecast_hot_humid_bursty_r1,forecast,hot_humid,bursty,1,39.521,39.221,39.021,36.521,25.0,45.0,140.0,,75.0,1.5,32.77,,,0,trial
2026-07-07T20:35:28,forecast_hot_humid_bursty_r1,forecast,hot_humid,bursty,1,39.532,39.232,39.032,36.532,25.0,45.0,140.0,,50.0,1.0,32.76,,,0,trial
2026-07-07T20:35:28,forecast_hot_humid_bursty_r1,forecast,hot_humid,bursty,1,39.543,39.243,39.043,36.543,25.0,45.0,140.0,,50.0,1.0,32.75,,,0,trial
2026-07-07T20:35:28,forecast_hot_humid_bursty_r1,forecast,hot_humid,bursty,1,39.553,39.253,39.053,36.553,25.0,45.0,140.0,,50.0,1.0,32.74,,,0,trial
2026-07-07T20:35:28,forecast_hot_humid_bursty_r1,forecast,hot_humid,bursty,1,39.564,39.264,39.064,36.564,25.0,45.0,140.0,,50.0,1.0,32.73,,,0,trial
2026-07-07T20:35:28,forecast_hot_humid_bursty_r1,forecast,hot_humid,bursty,1,39.575,39.275,39.075,36.575,25.0,45.0,140.0,,50.0,1.0,32.72,,,0,trial
2026-07-07T20:35:28,forecast_hot_humid_bursty_r1,forecast,hot_humid,bursty,1,39.586,39.286,39.086,36.586,25.0,45.0,140.0,,50.0,1.0,32.7,,,0,trial
2026-07-07T20:35:28,forecast_hot_humid_bursty_r1,forecast,hot_humid,bursty,1,39.596,39.296,39.096,36.596,25.0,45.0,140.0,,50.0,1.0,32.69,,,0,trial
2026-07-07T20:35:28,forecast_hot_humid_bursty_r1,forecast,hot_humid,bursty,1,39.607,39.307,39.107,36.607,25.0,45.0,140.0,,50.0,1.0,32.68,,,0,trial
2026-07-07T20:35:28,forecast_hot_humid_bursty_r1,forecast,hot_humid,bursty,1,39.618,39.318,39.118,36.618,25.0,45.0,140.0,,50.0,1.0,32.67,,,0,trial
2026-07-07T20:35:28,forecast_hot_humid_bursty_r1,forecast,hot_humid,bursty,1,39.629,39.329,39.129,36.629,25.0,45.0,140.0,,50.0,1.0,32.66,,,0,trial
2026-07-07T20:35:28,forecast_hot_humid_bursty_r1,forecast,hot_humid,bursty,1,39.639,39.339,39.139,36.639,25.0,45.0,140.0,,50.0,1.0,32.65,,,0,trial
2026-07-07T20:35:28,forecast_hot_humid_bursty_r1,forecast,hot_humid,bursty,1,39.65,39.35,39.15,36.65,25.0,45.0,140.0,,50.0,1.0,32.64,,,0,trial
2026-07-07T20:35:28,forecast_hot_humid_bursty_r1,forecast,hot_humid,bursty,1,39.661,39.361,39.161,36.661,25.0,45.0,140.0,,50.0,1.0,32.63,,,0,trial
2026-07-07T20:35:28,forecast_hot_humid_bursty_r1,forecast,hot_humid,bursty,1,39.671,39.371,39.171,36.671,25.0,45.0,140.0,,50.0,1.0,32.61,,,0,trial
2026-07-07T20:35:28,forecast_hot_humid_bursty_r1,forecast,hot_humid,bursty,1,39.682,39.382,39.182,36.682,25.0,45.0,140.0,,50.0,1.0,32.6,,,0,trial
2026-07-07T20:35:28,forecast_hot_humid_bursty_r1,forecast,hot_humid,bursty,1,39.693,39.393,39.193,36.693,25.0,45.0,140.0,,50.0,1.0,32.59,,,0,trial
2026-07-07T20:35:28,forecast_hot_humid_bursty_r1,forecast,hot_humid,bursty,1,39.703,39.403,39.203,36.703,25.0,45.0,140.0,,50.0,1.0,32.58,,,0,trial
2026-07-07T20:35:28,forecast_hot_humid_bursty_r1,forecast,hot_humid,bursty,1,39.714,39.414,39.214,36.714,25.0,45.0,140.0,,50.0,1.0,32.57,,,0,trial
2026-07-07T20:35:28,forecast_hot_humid_bursty_r1,forecast,hot_humid,bursty,1,39.725,39.425,39.225,36.725,25.0,45.0,140.0,,50.0,1.0,32.56,,,0,trial
2026-07-07T20:35:28,forecast_hot_humid_bursty_r1,forecast,hot_humid,bursty,1,39.735,39.435,39.235,36.735,25.0,45.0,140.0,,50.0,1.0,32.55,,,0,trial
2026-07-07T20:35:28,forecast_hot_humid_bursty_r1,forecast,hot_humid,bursty,1,39.746,39.446,39.246,36.746,25.0,45.0,140.0,,50.0,1.0,32.54,,,0,trial
2026-07-07T20:35:28,forecast_hot_humid_bursty_r1,forecast,hot_humid,bursty,1,39.757,39.457,39.257,36.757,25.0,45.0,140.0,,50.0,1.0,32.53,,,0,trial
2026-07-07T20:35:28,forecast_hot_humid_bursty_r1,forecast,hot_humid,bursty,1,39.767,39.467,39.267,36.767,25.0,45.0,140.0,,50.0,1.0,32.52,,,0,trial
2026-07-07T20:35:28,forecast_hot_humid_bursty_r1,forecast,hot_humid,bursty,1,39.778,39.478,39.278,36.778,25.0,45.0,140.0,,50.0,1.0,32.51,,,0,trial
2026-07-07T20:35:28,forecast_hot_humid_bursty_r1,forecast,hot_humid,bursty,1,39.789,39.489,39.289,36.789,25.0,45.0,140.0,,50.0,1.0,32.49,,,0,trial
2026-07-07T20:35:28,forecast_hot_humid_bursty_r1,forecast,hot_humid,bursty,1,39.799,39.499,39.299,36.799,25.0,45.0,140.0,,50.0,1.0,32.48,,,0,trial
2026-07-07T20:35:28,forecast_hot_humid_bursty_r1,forecast,hot_humid,bursty,1,39.81,39.51,39.31,36.81,25.0,45.0,140.0,,50.0,1.0,32.47,,,0,trial
2026-07-07T20:35:28,forecast_hot_humid_bursty_r1,forecast,hot_humid,bursty,1,39.821,39.521,39.321,36.821,25.0,45.0,140.0,,50.0,1.0,32.46,,,0,trial
2026-07-07T20:35:28,forecast_hot_humid_bursty_r1,forecast,hot_humid,bursty,1,39.831,39.531,39.331,36.831,25.0,45.0,140.0,,50.0,1.0,32.45,,,0,trial
2026-07-07T20:35:28,forecast_hot_humid_bursty_r1,forecast,hot_humid,bursty,1,39.842,39.542,39.342,36.842,25.0,45.0,140.0,,50.0,1.0,32.44,,,0,trial
2026-07-07T20:35:28,forecast_hot_humid_bursty_r1,forecast,hot_humid,bursty,1,39.852,39.552,39.352,36.852,25.0,45.0,140.0,,50.0,1.0,32.43,,,0,trial
2026-07-07T20:35:28,forecast_hot_humid_bursty_r1,forecast,hot_humid,bursty,1,39.863,39.563,39.363,36.863,25.0,45.0,140.0,,50.0,1.0,32.42,,,0,trial
2026-07-07T20:35:28,forecast_hot_humid_bursty_r1,forecast,hot_humid,bursty,1,39.874,39.574,39.374,36.874,25.0,45.0,140.0,,50.0,1.0,32.41,,,0,trial
2026-07-07T20:35:28,forecast_hot_humid_bursty_r1,forecast,hot_humid,bursty,1,39.884,39.584,39.384,36.884,25.0,45.0,140.0,,50.0,1.0,32.4,,,0,trial
2026-07-07T20:35:28,forecast_hot_humid_bursty_r1,forecast,hot_humid,bursty,1,39.895,39.595,39.395,36.895,25.0,45.0,140.0,,50.0,1.0,32.39,,,0,trial
2026-07-07T20:35:28,forecast_hot_humid_bursty_r1,forecast,hot_humid,bursty,1,39.905,39.605,39.405,36.905,25.0,45.0,140.0,,50.0,1.0,32.38,,,0,trial
2026-07-07T20:35:28,forecast_hot_humid_bursty_r1,forecast,hot_humid,bursty,1,39.916,39.616,39.416,36.916,25.0,45.0,140.0,,50.0,1.0,32.37,,,0,trial
2026-07-07T20:35:28,forecast_hot_humid_bursty_r1,forecast,hot_humid,bursty,1,39.927,39.627,39.427,36.927,25.0,45.0,140.0,,50.0,1.0,32.36,,,0,trial
2026-07-07T20:35:28,forecast_hot_humid_bursty_r1,forecast,hot_humid,bursty,1,39.937,39.637,39.437,36.937,25.0,45.0,140.0,,50.0,1.0,32.35,,,0,trial
2026-07-07T20:35:28,forecast_hot_humid_bursty_r1,forecast,hot_humid,bursty,1,39.948,39.648,39.448,36.948,25.0,45.0,140.0,,50.0,1.0,32.34,,,0,trial
2026-07-07T20:35:28,forecast_hot_humid_bursty_r1,forecast,hot_humid,bursty,1,39.958,39.658,39.458,36.958,25.0,45.0,140.0,,50.0,1.0,32.32,,,0,trial
2026-07-07T20:35:28,forecast_hot_humid_bursty_r1,forecast,hot_humid,bursty,1,39.969,39.669,39.469,36.969,25.0,45.0,140.0,,50.0,1.0,32.31,,,0,trial
2026-07-07T20:35:28,forecast_hot_humid_bursty_r1,forecast,hot_humid,bursty,1,39.979,39.679,39.479,36.979,25.0,45.0,140.0,,50.0,1.0,32.3,,,0,trial
2026-07-07T20:35:28,forecast_hot_humid_bursty_r1,forecast,hot_humid,bursty,1,39.99,39.69,39.49,36.99,25.0,45.0,140.0,,50.0,1.0,32.29,,,0,trial
2026-07-07T20:35:28,forecast_hot_humid_bursty_r1,forecast,hot_humid,bursty,1,40.0,39.7,39.5,37.0,25.0,45.0,140.0,,50.0,1.0,32.28,,,0,trial
2026-07-07T20:35:28,forecast_hot_humid_bursty_r1,forecast,hot_humid,bursty,1,40.011,39.711,39.511,37.011,25.0,45.0,140.0,,50.0,1.0,32.27,,,0,trial
2026-07-07T20:35:28,forecast_hot_humid_bursty_r1,forecast,hot_humid,bursty,1,40.021,39.721,39.521,37.021,25.0,45.0,140.0,,50.0,1.0,32.26,,,0,trial
2026-07-07T20:35:28,forecast_hot_humid_bursty_r1,forecast,hot_humid,bursty,1,40.032,39.732,39.532,37.032,25.0,45.0,140.0,,50.0,1.0,32.25,,,0,trial
2026-07-07T20:35:28,forecast_hot_humid_bursty_r1,forecast,hot_humid,bursty,1,40.042,39.742,39.542,37.042,25.0,45.0,140.0,,50.0,1.0,32.24,,,0,trial
2026-07-07T20:35:28,forecast_hot_humid_bursty_r1,forecast,hot_humid,bursty,1,40.053,39.753,39.553,37.053,25.0,45.0,140.0,,50.0,1.0,32.23,,,0,trial
2026-07-07T20:35:28,forecast_hot_humid_bursty_r1,forecast,hot_humid,bursty,1,40.063,39.763,39.563,37.063,25.0,45.0,140.0,,50.0,1.0,32.22,,,0,trial
2026-07-07T20:35:28,forecast_hot_humid_bursty_r1,forecast,hot_humid,bursty,1,40.074,39.774,39.574,37.074,25.0,45.0,140.0,,50.0,1.0,32.21,,,0,trial
2026-07-07T20:35:28,forecast_hot_humid_bursty_r1,forecast,hot_humid,bursty,1,40.084,39.784,39.584,37.084,25.0,45.0,140.0,,50.0,1.0,32.2,,,0,trial
2026-07-07T20:35:28,forecast_hot_humid_bursty_r1,forecast,hot_humid,bursty,1,40.095,39.795,39.595,37.095,25.0,45.0,140.0,,50.0,1.0,32.19,,,0,trial
2026-07-07T20:35:28,forecast_hot_humid_bursty_r1,forecast,hot_humid,bursty,1,40.105,39.805,39.605,37.105,25.0,45.0,140.0,,50.0,1.0,32.18,,,0,trial
2026-07-07T20:35:28,forecast_hot_humid_bursty_r1,forecast,hot_humid,bursty,1,40.116,39.816,39.616,37.116,25.0,45.0,140.0,,50.0,1.0,32.17,,,0,trial
2026-07-07T20:35:28,forecast_hot_humid_bursty_r1,forecast,hot_humid,bursty,1,40.126,39.826,39.626,37.126,25.0,45.0,140.0,,50.0,1.0,32.16,,,0,trial
2026-07-07T20:35:28,forecast_hot_humid_bursty_r1,forecast,hot_humid,bursty,1,40.137,39.837,39.637,37.137,25.0,45.0,140.0,,50.0,1.0,32.15,,,0,trial
2026-07-07T20:35:28,forecast_hot_humid_bursty_r1,forecast,hot_humid,bursty,1,40.147,39.847,39.647,37.147,25.0,45.0,140.0,,50.0,1.0,32.14,,,0,trial
2026-07-07T20:35:28,forecast_hot_humid_bursty_r1,forecast,hot_humid,bursty,1,40.147,39.847,39.647,37.147,25.0,45.0,60.0,,50.0,1.0,32.13,,,0,trial
2026-07-07T20:35:28,forecast_hot_humid_bursty_r1,forecast,hot_humid,bursty,1,40.147,39.847,39.647,37.147,25.0,45.0,60.0,,50.0,1.0,32.12,,,0,trial
2026-07-07T20:35:28,forecast_hot_humid_bursty_r1,forecast,hot_humid,bursty,1,40.147,39.847,39.647,37.147,25.0,45.0,60.0,,50.0,1.0,32.11,,,0,trial
2026-07-07T20:35:28,forecast_hot_humid_bursty_r1,forecast,hot_humid,bursty,1,40.147,39.847,39.647,37.147,25.0,45.0,60.0,,50.0,1.0,32.1,,,0,trial
2026-07-07T20:35:28,forecast_hot_humid_bursty_r1,forecast,hot_humid,bursty,1,40.147,39.847,39.647,37.147,25.0,45.0,60.0,,50.0,1.0,32.09,,,0,trial
2026-07-07T20:35:28,forecast_hot_humid_bursty_r1,forecast,hot_humid,bursty,1,40.147,39.847,39.647,37.147,25.0,45.0,60.0,,50.0,1.0,32.08,,,0,trial
2026-07-07T20:35:28,forecast_hot_humid_bursty_r1,forecast,hot_humid,bursty,1,40.147,39.847,39.647,37.147,25.0,45.0,60.0,,50.0,1.0,32.07,,,0,trial
2026-07-07T20:35:28,forecast_hot_humid_bursty_r1,forecast,hot_humid,bursty,1,40.147,39.847,39.647,37.147,25.0,45.0,60.0,,50.0,1.0,32.06,,,0,trial
2026-07-07T20:35:28,forecast_hot_humid_bursty_r1,forecast,hot_humid,bursty,1,40.146,39.846,39.646,37.146,25.0,45.0,60.0,,50.0,1.0,32.05,,,0,trial
2026-07-07T20:35:28,forecast_hot_humid_bursty_r1,forecast,hot_humid,bursty,1,40.146,39.846,39.646,37.146,25.0,45.0,60.0,,50.0,1.0,32.04,,,0,trial
2026-07-07T20:35:28,forecast_hot_humid_bursty_r1,forecast,hot_humid,bursty,1,40.146,39.846,39.646,37.146,25.0,45.0,60.0,,50.0,1.0,32.04,,,0,trial
2026-07-07T20:35:28,forecast_hot_humid_bursty_r1,forecast,hot_humid,bursty,1,40.146,39.846,39.646,37.146,25.0,45.0,60.0,,50.0,1.0,32.03,,,0,trial
2026-07-07T20:35:28,forecast_hot_humid_bursty_r1,forecast,hot_humid,bursty,1,40.146,39.846,39.646,37.146,25.0,45.0,60.0,,50.0,1.0,32.02,,,0,trial
2026-07-07T20:35:28,forecast_hot_humid_bursty_r1,forecast,hot_humid,bursty,1,40.146,39.846,39.646,37.146,25.0,45.0,60.0,,50.0,1.0,32.01,,,0,trial
2026-07-07T20:35:28,forecast_hot_humid_bursty_r1,forecast,hot_humid,bursty,1,40.146,39.846,39.646,37.146,25.0,45.0,60.0,,50.0,1.0,32.0,,,0,trial
2026-07-07T20:35:28,forecast_hot_humid_bursty_r1,forecast,hot_humid,bursty,1,40.146,39.846,39.646,37.146,25.0,45.0,60.0,,50.0,1.0,31.99,,,0,trial
2026-07-07T20:35:28,forecast_hot_humid_bursty_r1,forecast,hot_humid,bursty,1,40.146,39.846,39.646,37.146,25.0,45.0,60.0,,50.0,1.0,31.98,,,0,trial
2026-07-07T20:35:28,forecast_hot_humid_bursty_r1,forecast,hot_humid,bursty,1,40.146,39.846,39.646,37.146,25.0,45.0,60.0,,50.0,1.0,31.97,,,0,trial
2026-07-07T20:35:28,forecast_hot_humid_bursty_r1,forecast,hot_humid,bursty,1,40.146,39.846,39.646,37.146,25.0,45.0,60.0,,50.0,1.0,31.96,,,0,trial
2026-07-07T20:35:28,forecast_hot_humid_bursty_r1,forecast,hot_humid,bursty,1,40.146,39.846,39.646,37.146,25.0,45.0,60.0,,50.0,1.0,31.95,,,0,trial
2026-07-07T20:35:28,forecast_hot_humid_bursty_r1,forecast,hot_humid,bursty,1,40.146,39.846,39.646,37.146,25.0,45.0,60.0,,50.0,1.0,31.94,,,0,trial
2026-07-07T20:35:28,forecast_hot_humid_bursty_r1,forecast,hot_humid,bursty,1,40.145,39.845,39.645,37.145,25.0,45.0,60.0,,50.0,1.0,31.93,,,0,trial
2026-07-07T20:35:28,forecast_hot_humid_bursty_r1,forecast,hot_humid,bursty,1,40.145,39.845,39.645,37.145,25.0,45.0,60.0,,50.0,1.0,31.92,,,0,trial
2026-07-07T20:35:28,forecast_hot_humid_bursty_r1,forecast,hot_humid,bursty,1,40.145,39.845,39.645,37.145,25.0,45.0,60.0,,50.0,1.0,31.91,,,0,trial
2026-07-07T20:35:28,forecast_hot_humid_bursty_r1,forecast,hot_humid,bursty,1,40.145,39.845,39.645,37.145,25.0,45.0,60.0,,50.0,1.0,31.9,,,0,trial
2026-07-07T20:35:28,forecast_hot_humid_bursty_r1,forecast,hot_humid,bursty,1,40.145,39.845,39.645,37.145,25.0,45.0,60.0,,50.0,1.0,31.89,,,0,trial
2026-07-07T20:35:28,forecast_hot_humid_bursty_r1,forecast,hot_humid,bursty,1,40.145,39.845,39.645,37.145,25.0,45.0,60.0,,50.0,1.0,31.89,,,0,trial
2026-07-07T20:35:28,forecast_hot_humid_bursty_r1,forecast,hot_humid,bursty,1,40.145,39.845,39.645,37.145,25.0,45.0,60.0,,50.0,1.0,31.88,,,0,trial
2026-07-07T20:35:28,forecast_hot_humid_bursty_r1,forecast,hot_humid,bursty,1,40.145,39.845,39.645,37.145,25.0,45.0,60.0,,50.0,1.0,31.87,,,0,trial
2026-07-07T20:35:28,forecast_hot_humid_bursty_r1,forecast,hot_humid,bursty,1,40.145,39.845,39.645,37.145,25.0,45.0,60.0,,50.0,1.0,31.86,,,0,trial
2026-07-07T20:35:28,forecast_hot_humid_bursty_r1,forecast,hot_humid,bursty,1,40.145,39.845,39.645,37.145,25.0,45.0,60.0,,50.0,1.0,31.85,,,0,trial
2026-07-07T20:35:28,forecast_hot_humid_bursty_r1,forecast,hot_humid,bursty,1,40.145,39.845,39.645,37.145,25.0,45.0,60.0,,50.0,1.0,31.84,,,0,trial
2026-07-07T20:35:28,forecast_hot_humid_bursty_r1,forecast,hot_humid,bursty,1,40.145,39.845,39.645,37.145,25.0,45.0,60.0,,50.0,1.0,31.83,,,0,trial
2026-07-07T20:35:28,forecast_hot_humid_bursty_r1,forecast,hot_humid,bursty,1,40.145,39.845,39.645,37.145,25.0,45.0,60.0,,50.0,1.0,31.82,,,0,trial
2026-07-07T20:35:28,forecast_hot_humid_bursty_r1,forecast,hot_humid,bursty,1,40.144,39.844,39.644,37.144,25.0,45.0,60.0,,50.0,1.0,31.81,,,0,trial
2026-07-07T20:35:28,forecast_hot_humid_bursty_r1,forecast,hot_humid,bursty,1,40.144,39.844,39.644,37.144,25.0,45.0,60.0,,50.0,1.0,31.81,,,0,trial
2026-07-07T20:35:28,forecast_hot_humid_bursty_r1,forecast,hot_humid,bursty,1,40.144,39.844,39.644,37.144,25.0,45.0,60.0,,50.0,1.0,31.8,,,0,trial
2026-07-07T20:35:28,forecast_hot_humid_bursty_r1,forecast,hot_humid,bursty,1,40.144,39.844,39.644,37.144,25.0,45.0,60.0,,50.0,1.0,31.79,,,0,trial
2026-07-07T20:35:28,forecast_hot_humid_bursty_r1,forecast,hot_humid,bursty,1,40.144,39.844,39.644,37.144,25.0,45.0,60.0,,50.0,1.0,31.78,,,0,trial
2026-07-07T20:35:28,forecast_hot_humid_bursty_r1,forecast,hot_humid,bursty,1,40.144,39.844,39.644,37.144,25.0,45.0,60.0,,50.0,1.0,31.77,,,0,trial
2026-07-07T20:35:28,forecast_hot_humid_bursty_r1,forecast,hot_humid,bursty,1,40.144,39.844,39.644,37.144,25.0,45.0,60.0,,50.0,1.0,31.76,,,0,trial
2026-07-07T20:35:28,forecast_hot_humid_bursty_r1,forecast,hot_humid,bursty,1,40.144,39.844,39.644,37.144,25.0,45.0,60.0,,50.0,1.0,31.75,,,0,trial
2026-07-07T20:35:28,forecast_hot_humid_bursty_r1,forecast,hot_humid,bursty,1,40.144,39.844,39.644,37.144,25.0,45.0,60.0,,50.0,1.0,31.74,,,0,trial
2026-07-07T20:35:28,forecast_hot_humid_bursty_r1,forecast,hot_humid,bursty,1,40.144,39.844,39.644,37.144,25.0,45.0,60.0,,50.0,1.0,31.74,,,0,trial
2026-07-07T20:35:28,forecast_hot_humid_bursty_r1,forecast,hot_humid,bursty,1,40.144,39.844,39.644,37.144,25.0,45.0,60.0,,50.0,1.0,31.73,,,0,trial
2026-07-07T20:35:28,forecast_hot_humid_bursty_r1,forecast,hot_humid,bursty,1,40.144,39.844,39.644,37.144,25.0,45.0,60.0,,50.0,1.0,31.72,,,0,trial
2026-07-07T20:35:28,forecast_hot_humid_bursty_r1,forecast,hot_humid,bursty,1,40.144,39.844,39.644,37.144,25.0,45.0,60.0,,50.0,1.0,31.71,,,0,trial
2026-07-07T20:35:28,forecast_hot_humid_bursty_r1,forecast,hot_humid,bursty,1,40.143,39.843,39.643,37.143,25.0,45.0,60.0,,50.0,1.0,31.7,,,0,trial
2026-07-07T20:35:28,forecast_hot_humid_bursty_r1,forecast,hot_humid,bursty,1,40.143,39.843,39.643,37.143,25.0,45.0,60.0,,50.0,1.0,31.69,,,0,trial
2026-07-07T20:35:28,forecast_hot_humid_bursty_r1,forecast,hot_humid,bursty,1,40.143,39.843,39.643,37.143,25.0,45.0,60.0,,50.0,1.0,31.68,,,0,trial
2026-07-07T20:35:28,forecast_hot_humid_bursty_r1,forecast,hot_humid,bursty,1,40.143,39.843,39.643,37.143,25.0,45.0,60.0,,50.0,1.0,31.68,,,0,trial
2026-07-07T20:35:28,forecast_hot_humid_bursty_r1,forecast,hot_humid,bursty,1,40.143,39.843,39.643,37.143,25.0,45.0,60.0,,50.0,1.0,31.67,,,0,trial
2026-07-07T20:35:28,forecast_hot_humid_bursty_r1,forecast,hot_humid,bursty,1,40.143,39.843,39.643,37.143,25.0,45.0,60.0,,50.0,1.0,31.66,,,0,trial
2026-07-07T20:35:28,forecast_hot_humid_bursty_r1,forecast,hot_humid,bursty,1,40.143,39.843,39.643,37.143,25.0,45.0,60.0,,50.0,1.0,31.65,,,0,trial
2026-07-07T20:35:28,forecast_hot_humid_bursty_r1,forecast,hot_humid,bursty,1,40.143,39.843,39.643,37.143,25.0,45.0,60.0,,50.0,1.0,31.64,,,0,trial
2026-07-07T20:35:28,forecast_hot_humid_bursty_r1,forecast,hot_humid,bursty,1,40.143,39.843,39.643,37.143,25.0,45.0,60.0,,50.0,1.0,31.63,,,0,trial
2026-07-07T20:35:28,forecast_hot_humid_bursty_r1,forecast,hot_humid,bursty,1,40.143,39.843,39.643,37.143,25.0,45.0,60.0,,50.0,1.0,31.63,,,0,trial
2026-07-07T20:35:28,forecast_hot_humid_bursty_r1,forecast,hot_humid,bursty,1,40.143,39.843,39.643,37.143,25.0,45.0,60.0,,50.0,1.0,31.62,,,0,trial
2026-07-07T20:35:28,forecast_hot_humid_bursty_r1,forecast,hot_humid,bursty,1,40.143,39.843,39.643,37.143,25.0,45.0,60.0,,50.0,1.0,31.61,,,0,trial
2026-07-07T20:35:28,forecast_hot_humid_bursty_r1,forecast,hot_humid,bursty,1,40.143,39.843,39.643,37.143,25.0,45.0,60.0,,50.0,1.0,31.6,,,0,trial
2026-07-07T20:35:28,forecast_hot_humid_bursty_r1,forecast,hot_humid,bursty,1,40.142,39.842,39.642,37.142,25.0,45.0,60.0,,50.0,1.0,31.59,,,0,trial
2026-07-07T20:35:28,forecast_hot_humid_bursty_r1,forecast,hot_humid,bursty,1,40.142,39.842,39.642,37.142,25.0,45.0,60.0,,50.0,1.0,31.59,,,0,trial
2026-07-07T20:35:28,forecast_hot_humid_bursty_r1,forecast,hot_humid,bursty,1,40.142,39.842,39.642,37.142,25.0,45.0,60.0,,50.0,1.0,31.58,,,0,trial
2026-07-07T20:35:28,forecast_hot_humid_bursty_r1,forecast,hot_humid,bursty,1,40.142,39.842,39.642,37.142,25.0,45.0,60.0,,50.0,1.0,31.57,,,0,trial
2026-07-07T20:35:28,forecast_hot_humid_bursty_r1,forecast,hot_humid,bursty,1,40.142,39.842,39.642,37.142,25.0,45.0,60.0,,50.0,1.0,31.56,,,0,trial
2026-07-07T20:35:28,forecast_hot_humid_bursty_r1,forecast,hot_humid,bursty,1,40.142,39.842,39.642,37.142,25.0,45.0,60.0,,50.0,1.0,31.55,,,0,trial
2026-07-07T20:35:28,forecast_hot_humid_bursty_r1,forecast,hot_humid,bursty,1,40.142,39.842,39.642,37.142,25.0,45.0,60.0,,50.0,1.0,31.55,,,0,trial
2026-07-07T20:35:28,forecast_hot_humid_bursty_r1,forecast,hot_humid,bursty,1,40.142,39.842,39.642,37.142,25.0,45.0,60.0,,50.0,1.0,31.54,,,0,trial
2026-07-07T20:35:28,forecast_hot_humid_bursty_r1,forecast,hot_humid,bursty,1,40.142,39.842,39.642,37.142,25.0,45.0,60.0,,50.0,1.0,31.53,,,0,trial
2026-07-07T20:35:28,forecast_hot_humid_bursty_r1,forecast,hot_humid,bursty,1,40.142,39.842,39.642,37.142,25.0,45.0,60.0,,50.0,1.0,31.52,,,0,trial
2026-07-07T20:35:28,forecast_hot_humid_bursty_r1,forecast,hot_humid,bursty,1,40.142,39.842,39.642,37.142,25.0,45.0,60.0,,50.0,1.0,31.51,,,0,trial
2026-07-07T20:35:28,forecast_hot_humid_bursty_r1,forecast,hot_humid,bursty,1,40.142,39.842,39.642,37.142,25.0,45.0,60.0,,50.0,1.0,31.51,,,0,trial
2026-07-07T20:35:28,forecast_hot_humid_bursty_r1,forecast,hot_humid,bursty,1,40.142,39.842,39.642,37.142,25.0,45.0,60.0,,50.0,1.0,31.5,,,0,trial
2026-07-07T20:35:28,forecast_hot_humid_bursty_r1,forecast,hot_humid,bursty,1,40.141,39.841,39.641,37.141,25.0,45.0,60.0,,50.0,1.0,31.49,,,0,trial
2026-07-07T20:35:28,forecast_hot_humid_bursty_r1,forecast,hot_humid,bursty,1,40.141,39.841,39.641,37.141,25.0,45.0,60.0,,50.0,1.0,31.48,,,0,trial
2026-07-07T20:35:28,forecast_hot_humid_bursty_r1,forecast,hot_humid,bursty,1,40.141,39.841,39.641,37.141,25.0,45.0,60.0,,50.0,1.0,31.48,,,0,trial
2026-07-07T20:35:28,forecast_hot_humid_bursty_r1,forecast,hot_humid,bursty,1,40.141,39.841,39.641,37.141,25.0,45.0,60.0,,50.0,1.0,31.47,,,0,trial
2026-07-07T20:35:28,forecast_hot_humid_bursty_r1,forecast,hot_humid,bursty,1,40.141,39.841,39.641,37.141,25.0,45.0,60.0,,50.0,1.0,31.46,,,0,trial
2026-07-07T20:35:28,forecast_hot_humid_bursty_r1,forecast,hot_humid,bursty,1,40.141,39.841,39.641,37.141,25.0,45.0,60.0,,50.0,1.0,31.45,,,0,trial
2026-07-07T20:35:28,forecast_hot_humid_bursty_r1,forecast,hot_humid,bursty,1,40.141,39.841,39.641,37.141,25.0,45.0,60.0,,50.0,1.0,31.44,,,0,trial
2026-07-07T20:35:28,forecast_hot_humid_bursty_r1,forecast,hot_humid,bursty,1,40.141,39.841,39.641,37.141,25.0,45.0,60.0,,50.0,1.0,31.44,,,0,trial
2026-07-07T20:35:28,forecast_hot_humid_bursty_r1,forecast,hot_humid,bursty,1,40.141,39.841,39.641,37.141,25.0,45.0,60.0,,50.0,1.0,31.43,,,0,trial
2026-07-07T20:35:28,forecast_hot_humid_bursty_r1,forecast,hot_humid,bursty,1,40.141,39.841,39.641,37.141,25.0,45.0,60.0,,50.0,1.0,31.42,,,0,trial
2026-07-07T20:35:28,forecast_hot_humid_bursty_r1,forecast,hot_humid,bursty,1,40.141,39.841,39.641,37.141,25.0,45.0,60.0,,50.0,1.0,31.42,,,0,trial
2026-07-07T20:35:28,forecast_hot_humid_bursty_r1,forecast,hot_humid,bursty,1,40.141,39.841,39.641,37.141,25.0,45.0,60.0,,50.0,1.0,31.41,,,0,trial
2026-07-07T20:35:28,forecast_hot_humid_bursty_r1,forecast,hot_humid,bursty,1,40.141,39.841,39.641,37.141,25.0,45.0,60.0,,50.0,1.0,31.4,,,0,trial
2026-07-07T20:35:28,forecast_hot_humid_bursty_r1,forecast,hot_humid,bursty,1,40.14,39.84,39.64,37.14,25.0,45.0,60.0,,50.0,1.0,31.39,,,0,trial
2026-07-07T20:35:28,forecast_hot_humid_bursty_r1,forecast,hot_humid,bursty,1,40.14,39.84,39.64,37.14,25.0,45.0,60.0,,50.0,1.0,31.39,,,0,trial
2026-07-07T20:35:28,forecast_hot_humid_bursty_r1,forecast,hot_humid,bursty,1,40.14,39.84,39.64,37.14,25.0,45.0,60.0,,50.0,1.0,31.38,,,0,trial
2026-07-07T20:35:28,forecast_hot_humid_bursty_r1,forecast,hot_humid,bursty,1,40.14,39.84,39.64,37.14,25.0,45.0,60.0,,50.0,1.0,31.37,,,0,trial
2026-07-07T20:35:28,forecast_hot_humid_bursty_r1,forecast,hot_humid,bursty,1,40.14,39.84,39.64,37.14,25.0,45.0,60.0,,50.0,1.0,31.36,,,0,trial
2026-07-07T20:35:28,forecast_hot_humid_bursty_r1,forecast,hot_humid,bursty,1,40.14,39.84,39.64,37.14,25.0,45.0,60.0,,50.0,1.0,31.36,,,0,trial
2026-07-07T20:35:28,forecast_hot_humid_bursty_r1,forecast,hot_humid,bursty,1,40.14,39.84,39.64,37.14,25.0,45.0,60.0,,50.0,1.0,31.35,,,0,trial
2026-07-07T20:35:28,forecast_hot_humid_bursty_r1,forecast,hot_humid,bursty,1,40.14,39.84,39.64,37.14,25.0,45.0,60.0,,50.0,1.0,31.34,,,0,trial
2026-07-07T20:35:28,forecast_hot_humid_bursty_r1,forecast,hot_humid,bursty,1,40.14,39.84,39.64,37.14,25.0,45.0,60.0,,50.0,1.0,31.34,,,0,trial
2026-07-07T20:35:28,forecast_hot_humid_bursty_r1,forecast,hot_humid,bursty,1,40.14,39.84,39.64,37.14,25.0,45.0,60.0,,50.0,1.0,31.33,,,0,trial
2026-07-07T20:35:28,forecast_hot_humid_bursty_r1,forecast,hot_humid,bursty,1,40.14,39.84,39.64,37.14,25.0,45.0,60.0,,50.0,1.0,31.32,,,0,trial
2026-07-07T20:35:28,forecast_hot_humid_bursty_r1,forecast,hot_humid,bursty,1,40.14,39.84,39.64,37.14,25.0,45.0,60.0,,50.0,1.0,31.31,,,0,trial
2026-07-07T20:35:28,forecast_hot_humid_bursty_r1,forecast,hot_humid,bursty,1,40.14,39.84,39.64,37.14,25.0,45.0,60.0,,50.0,1.0,31.31,,,0,trial
2026-07-07T20:35:28,forecast_hot_humid_bursty_r1,forecast,hot_humid,bursty,1,40.139,39.839,39.639,37.139,25.0,45.0,60.0,,50.0,1.0,31.3,,,0,trial
2026-07-07T20:35:28,forecast_hot_humid_bursty_r1,forecast,hot_humid,bursty,1,40.139,39.839,39.639,37.139,25.0,45.0,60.0,,50.0,1.0,31.29,,,0,trial
2026-07-07T20:35:28,forecast_hot_humid_bursty_r1,forecast,hot_humid,bursty,1,40.139,39.839,39.639,37.139,25.0,45.0,60.0,,50.0,1.0,31.29,,,0,trial
2026-07-07T20:35:28,forecast_hot_humid_bursty_r1,forecast,hot_humid,bursty,1,40.139,39.839,39.639,37.139,25.0,45.0,60.0,,50.0,1.0,31.28,,,0,trial
2026-07-07T20:35:28,forecast_hot_humid_bursty_r1,forecast,hot_humid,bursty,1,40.139,39.839,39.639,37.139,25.0,45.0,60.0,,50.0,1.0,31.27,,,0,trial
2026-07-07T20:35:28,forecast_hot_humid_bursty_r1,forecast,hot_humid,bursty,1,40.139,39.839,39.639,37.139,25.0,45.0,60.0,,50.0,1.0,31.27,,,0,trial
2026-07-07T20:35:28,forecast_hot_humid_bursty_r1,forecast,hot_humid,bursty,1,40.139,39.839,39.639,37.139,25.0,45.0,60.0,,50.0,1.0,31.26,,,0,trial
2026-07-07T20:35:28,forecast_hot_humid_bursty_r1,forecast,hot_humid,bursty,1,40.139,39.839,39.639,37.139,25.0,45.0,60.0,,50.0,1.0,31.25,,,0,trial
2026-07-07T20:35:28,forecast_hot_humid_bursty_r1,forecast,hot_humid,bursty,1,40.139,39.839,39.639,37.139,25.0,45.0,60.0,,50.0,1.0,31.25,,,0,trial
2026-07-07T20:35:28,forecast_hot_humid_bursty_r1,forecast,hot_humid,bursty,1,40.139,39.839,39.639,37.139,25.0,45.0,60.0,,50.0,1.0,31.24,,,0,trial
2026-07-07T20:35:28,forecast_hot_humid_bursty_r1,forecast,hot_humid,bursty,1,40.139,39.839,39.639,37.139,25.0,45.0,60.0,,50.0,1.0,31.23,,,0,trial
2026-07-07T20:35:28,forecast_hot_humid_bursty_r1,forecast,hot_humid,bursty,1,40.139,39.839,39.639,37.139,25.0,45.0,60.0,,50.0,1.0,31.23,,,0,trial
2026-07-07T20:35:28,forecast_hot_humid_bursty_r1,forecast,hot_humid,bursty,1,40.139,39.839,39.639,37.139,25.0,45.0,60.0,,50.0,1.0,31.22,,,0,trial
2026-07-07T20:35:28,forecast_hot_humid_bursty_r1,forecast,hot_humid,bursty,1,40.138,39.838,39.638,37.138,25.0,45.0,60.0,,50.0,1.0,31.21,,,0,trial
2026-07-07T20:35:28,forecast_hot_humid_bursty_r1,forecast,hot_humid,bursty,1,40.138,39.838,39.638,37.138,25.0,45.0,60.0,,50.0,1.0,31.21,,,0,trial
2026-07-07T20:35:28,forecast_hot_humid_bursty_r1,forecast,hot_humid,bursty,1,40.138,39.838,39.638,37.138,25.0,45.0,60.0,,50.0,1.0,31.2,,,0,trial
2026-07-07T20:35:28,forecast_hot_humid_bursty_r1,forecast,hot_humid,bursty,1,40.138,39.838,39.638,37.138,25.0,45.0,60.0,,50.0,1.0,31.19,,,0,trial
2026-07-07T20:35:28,forecast_hot_humid_bursty_r1,forecast,hot_humid,bursty,1,40.138,39.838,39.638,37.138,25.0,45.0,60.0,,50.0,1.0,31.19,,,0,trial
2026-07-07T20:35:28,forecast_hot_humid_bursty_r1,forecast,hot_humid,bursty,1,40.138,39.838,39.638,37.138,25.0,45.0,60.0,,50.0,1.0,31.18,,,0,trial
2026-07-07T20:35:28,forecast_hot_humid_bursty_r1,forecast,hot_humid,bursty,1,40.138,39.838,39.638,37.138,25.0,45.0,60.0,,50.0,1.0,31.17,,,0,trial
2026-07-07T20:35:28,forecast_hot_humid_bursty_r1,forecast,hot_humid,bursty,1,40.138,39.838,39.638,37.138,25.0,45.0,60.0,,50.0,1.0,31.17,,,0,trial
2026-07-07T20:35:28,forecast_hot_humid_bursty_r1,forecast,hot_humid,bursty,1,40.138,39.838,39.638,37.138,25.0,45.0,60.0,,50.0,1.0,31.16,,,0,trial
2026-07-07T20:35:28,forecast_hot_humid_bursty_r1,forecast,hot_humid,bursty,1,40.138,39.838,39.638,37.138,25.0,45.0,60.0,,50.0,1.0,31.15,,,0,trial
2026-07-07T20:35:28,forecast_hot_humid_bursty_r1,forecast,hot_humid,bursty,1,40.138,39.838,39.638,37.138,25.0,45.0,60.0,,50.0,1.0,31.15,,,0,trial
2026-07-07T20:35:28,forecast_hot_humid_bursty_r1,forecast,hot_humid,bursty,1,40.138,39.838,39.638,37.138,25.0,45.0,60.0,,50.0,1.0,31.14,,,0,trial
2026-07-07T20:35:28,forecast_hot_humid_bursty_r1,forecast,hot_humid,bursty,1,40.138,39.838,39.638,37.138,25.0,45.0,60.0,,50.0,1.0,31.14,,,0,trial
2026-07-07T20:35:28,forecast_hot_humid_bursty_r1,forecast,hot_humid,bursty,1,40.138,39.838,39.638,37.138,25.0,45.0,60.0,,50.0,1.0,31.13,,,0,trial
2026-07-07T20:35:28,forecast_hot_humid_bursty_r1,forecast,hot_humid,bursty,1,40.137,39.837,39.637,37.137,25.0,45.0,60.0,,50.0,1.0,31.12,,,0,trial
2026-07-07T20:35:28,forecast_hot_humid_bursty_r1,forecast,hot_humid,bursty,1,40.137,39.837,39.637,37.137,25.0,45.0,60.0,,50.0,1.0,31.12,,,0,trial
2026-07-07T20:35:28,forecast_hot_humid_bursty_r1,forecast,hot_humid,bursty,1,40.137,39.837,39.637,37.137,25.0,45.0,60.0,,50.0,1.0,31.11,,,0,trial
2026-07-07T20:35:28,forecast_hot_humid_bursty_r1,forecast,hot_humid,bursty,1,40.137,39.837,39.637,37.137,25.0,45.0,60.0,,50.0,1.0,31.1,,,0,trial
2026-07-07T20:35:28,forecast_hot_humid_bursty_r1,forecast,hot_humid,bursty,1,40.137,39.837,39.637,37.137,25.0,45.0,60.0,,50.0,1.0,31.1,,,0,trial
2026-07-07T20:35:28,forecast_hot_humid_bursty_r1,forecast,hot_humid,bursty,1,40.137,39.837,39.637,37.137,25.0,45.0,60.0,,50.0,1.0,31.09,,,0,trial
2026-07-07T20:35:28,forecast_hot_humid_bursty_r1,forecast,hot_humid,bursty,1,40.137,39.837,39.637,37.137,25.0,45.0,60.0,,50.0,1.0,31.09,,,0,trial
2026-07-07T20:35:28,forecast_hot_humid_bursty_r1,forecast,hot_humid,bursty,1,40.137,39.837,39.637,37.137,25.0,45.0,60.0,,50.0,1.0,31.08,,,0,trial
2026-07-07T20:35:28,forecast_hot_humid_bursty_r1,forecast,hot_humid,bursty,1,40.137,39.837,39.637,37.137,25.0,45.0,60.0,,50.0,1.0,31.07,,,0,trial
2026-07-07T20:35:28,forecast_hot_humid_bursty_r1,forecast,hot_humid,bursty,1,40.137,39.837,39.637,37.137,25.0,45.0,60.0,,50.0,1.0,31.07,,,0,trial
2026-07-07T20:35:28,forecast_hot_humid_bursty_r1,forecast,hot_humid,bursty,1,40.137,39.837,39.637,37.137,25.0,45.0,60.0,,50.0,1.0,31.06,,,0,trial
2026-07-07T20:35:28,forecast_hot_humid_bursty_r1,forecast,hot_humid,bursty,1,40.137,39.837,39.637,37.137,25.0,45.0,60.0,,50.0,1.0,31.06,,,0,trial
2026-07-07T20:35:28,forecast_hot_humid_bursty_r1,forecast,hot_humid,bursty,1,40.137,39.837,39.637,37.137,25.0,45.0,60.0,,50.0,1.0,31.05,,,0,trial
2026-07-07T20:35:28,forecast_hot_humid_bursty_r1,forecast,hot_humid,bursty,1,40.136,39.836,39.636,37.136,25.0,45.0,60.0,,50.0,1.0,31.04,,,0,trial
2026-07-07T20:35:28,forecast_hot_humid_bursty_r1,forecast,hot_humid,bursty,1,40.136,39.836,39.636,37.136,25.0,45.0,60.0,,50.0,1.0,31.04,,,0,trial
2026-07-07T20:35:28,forecast_hot_humid_bursty_r1,forecast,hot_humid,bursty,1,40.136,39.836,39.636,37.136,25.0,45.0,60.0,,50.0,1.0,31.03,,,0,trial
2026-07-07T20:35:28,forecast_hot_humid_bursty_r1,forecast,hot_humid,bursty,1,40.136,39.836,39.636,37.136,25.0,45.0,60.0,,50.0,1.0,31.03,,,0,trial
2026-07-07T20:35:28,forecast_hot_humid_bursty_r1,forecast,hot_humid,bursty,1,40.136,39.836,39.636,37.136,25.0,45.0,60.0,,50.0,1.0,31.02,,,0,trial
2026-07-07T20:35:28,forecast_hot_humid_bursty_r1,forecast,hot_humid,bursty,1,40.136,39.836,39.636,37.136,25.0,45.0,60.0,,50.0,1.0,31.02,,,0,trial
2026-07-07T20:35:28,forecast_hot_humid_bursty_r1,forecast,hot_humid,bursty,1,40.136,39.836,39.636,37.136,25.0,45.0,60.0,,50.0,1.0,31.01,,,0,trial
2026-07-07T20:35:28,forecast_hot_humid_bursty_r1,forecast,hot_humid,bursty,1,40.136,39.836,39.636,37.136,25.0,45.0,60.0,,50.0,1.0,31.0,,,0,trial
2026-07-07T20:35:28,forecast_hot_humid_bursty_r1,forecast,hot_humid,bursty,1,40.136,39.836,39.636,37.136,25.0,45.0,60.0,,50.0,1.0,31.0,,,0,trial
2026-07-07T20:35:28,forecast_hot_humid_bursty_r1,forecast,hot_humid,bursty,1,40.136,39.836,39.636,37.136,25.0,45.0,60.0,,50.0,1.0,30.99,,,0,trial
2026-07-07T20:35:28,forecast_hot_humid_bursty_r1,forecast,hot_humid,bursty,1,40.136,39.836,39.636,37.136,25.0,45.0,60.0,,50.0,1.0,30.99,,,0,trial
2026-07-07T20:35:28,forecast_hot_humid_bursty_r1,forecast,hot_humid,bursty,1,40.136,39.836,39.636,37.136,25.0,45.0,60.0,,50.0,1.0,30.98,,,0,trial
2026-07-07T20:35:28,forecast_hot_humid_bursty_r1,forecast,hot_humid,bursty,1,40.136,39.836,39.636,37.136,25.0,45.0,60.0,,50.0,1.0,30.98,,,0,trial
2026-07-07T20:35:28,forecast_hot_humid_bursty_r1,forecast,hot_humid,bursty,1,40.136,39.836,39.636,37.136,25.0,45.0,60.0,,50.0,1.0,30.97,,,0,trial
2026-07-07T20:35:28,forecast_hot_humid_bursty_r1,forecast,hot_humid,bursty,1,40.135,39.835,39.635,37.135,25.0,45.0,60.0,,50.0,1.0,30.97,,,0,trial
2026-07-07T20:35:28,forecast_hot_humid_bursty_r1,forecast,hot_humid,bursty,1,40.135,39.835,39.635,37.135,25.0,45.0,60.0,,50.0,1.0,30.96,,,0,trial
2026-07-07T20:35:28,forecast_hot_humid_bursty_r1,forecast,hot_humid,bursty,1,40.135,39.835,39.635,37.135,25.0,45.0,60.0,,50.0,1.0,30.95,,,0,trial
2026-07-07T20:35:28,forecast_hot_humid_bursty_r1,forecast,hot_humid,bursty,1,40.135,39.835,39.635,37.135,25.0,45.0,60.0,,50.0,1.0,30.95,,,0,trial
2026-07-07T20:35:28,forecast_hot_humid_bursty_r1,forecast,hot_humid,bursty,1,40.135,39.835,39.635,37.135,25.0,45.0,60.0,,50.0,1.0,30.94,,,0,trial
2026-07-07T20:35:28,forecast_hot_humid_bursty_r1,forecast,hot_humid,bursty,1,40.135,39.835,39.635,37.135,25.0,45.0,60.0,,50.0,1.0,30.94,,,0,trial
2026-07-07T20:35:28,forecast_hot_humid_bursty_r1,forecast,hot_humid,bursty,1,40.135,39.835,39.635,37.135,25.0,45.0,60.0,,50.0,1.0,30.93,,,0,trial
2026-07-07T20:35:28,forecast_hot_humid_bursty_r1,forecast,hot_humid,bursty,1,40.135,39.835,39.635,37.135,25.0,45.0,60.0,,50.0,1.0,30.93,,,0,trial
2026-07-07T20:35:28,forecast_hot_humid_bursty_r1,forecast,hot_humid,bursty,1,40.135,39.835,39.635,37.135,25.0,45.0,60.0,,50.0,1.0,30.92,,,0,trial
2026-07-07T20:35:28,forecast_hot_humid_bursty_r1,forecast,hot_humid,bursty,1,40.135,39.835,39.635,37.135,25.0,45.0,60.0,,50.0,1.0,30.92,,,0,trial
2026-07-07T20:35:28,forecast_hot_humid_bursty_r1,forecast,hot_humid,bursty,1,40.135,39.835,39.635,37.135,25.0,45.0,60.0,,50.0,1.0,30.91,,,0,trial
2026-07-07T20:35:28,forecast_hot_humid_bursty_r1,forecast,hot_humid,bursty,1,40.135,39.835,39.635,37.135,25.0,45.0,60.0,,50.0,1.0,30.91,,,0,trial
2026-07-07T20:35:28,forecast_hot_humid_bursty_r1,forecast,hot_humid,bursty,1,40.135,39.835,39.635,37.135,25.0,45.0,60.0,,50.0,1.0,30.9,,,0,trial
2026-07-07T20:35:28,forecast_hot_humid_bursty_r1,forecast,hot_humid,bursty,1,40.134,39.834,39.634,37.134,25.0,45.0,60.0,,50.0,1.0,30.9,,,0,trial
2026-07-07T20:35:28,forecast_hot_humid_bursty_r1,forecast,hot_humid,bursty,1,40.134,39.834,39.634,37.134,25.0,45.0,60.0,,50.0,1.0,30.89,,,0,trial
2026-07-07T20:35:28,forecast_hot_humid_bursty_r1,forecast,hot_humid,bursty,1,40.134,39.834,39.634,37.134,25.0,45.0,60.0,,50.0,1.0,30.89,,,0,trial
2026-07-07T20:35:28,forecast_hot_humid_bursty_r1,forecast,hot_humid,bursty,1,40.134,39.834,39.634,37.134,25.0,45.0,60.0,,50.0,1.0,30.88,,,0,trial
2026-07-07T20:35:28,forecast_hot_humid_bursty_r1,forecast,hot_humid,bursty,1,40.134,39.834,39.634,37.134,25.0,45.0,60.0,,50.0,1.0,30.88,,,0,trial
2026-07-07T20:35:28,forecast_hot_humid_bursty_r1,forecast,hot_humid,bursty,1,40.134,39.834,39.634,37.134,25.0,45.0,60.0,,50.0,1.0,30.87,,,0,trial
2026-07-07T20:35:28,forecast_hot_humid_bursty_r1,forecast,hot_humid,bursty,1,40.134,39.834,39.634,37.134,25.0,45.0,60.0,,50.0,1.0,30.87,,,0,trial
2026-07-07T20:35:28,forecast_hot_humid_bursty_r1,forecast,hot_humid,bursty,1,40.134,39.834,39.634,37.134,25.0,45.0,60.0,,50.0,1.0,30.86,,,0,trial
2026-07-07T20:35:28,forecast_hot_humid_bursty_r1,forecast,hot_humid,bursty,1,40.134,39.834,39.634,37.134,25.0,45.0,60.0,,50.0,1.0,30.86,,,0,trial
2026-07-07T20:35:28,forecast_hot_humid_bursty_r1,forecast,hot_humid,bursty,1,40.134,39.834,39.634,37.134,25.0,45.0,60.0,,50.0,1.0,30.85,,,0,trial
2026-07-07T20:35:28,forecast_hot_humid_bursty_r1,forecast,hot_humid,bursty,1,40.134,39.834,39.634,37.134,25.0,45.0,60.0,,50.0,1.0,30.85,,,0,trial
2026-07-07T20:35:28,forecast_hot_humid_bursty_r1,forecast,hot_humid,bursty,1,40.134,39.834,39.634,37.134,25.0,45.0,60.0,,50.0,1.0,30.84,,,0,trial
2026-07-07T20:35:28,forecast_hot_humid_bursty_r1,forecast,hot_humid,bursty,1,40.134,39.834,39.634,37.134,25.0,45.0,60.0,,50.0,1.0,30.84,,,0,trial
2026-07-07T20:35:28,forecast_hot_humid_bursty_r1,forecast,hot_humid,bursty,1,40.134,39.834,39.634,37.134,25.0,45.0,60.0,,50.0,1.0,30.83,,,0,trial
2026-07-07T20:35:28,forecast_hot_humid_bursty_r1,forecast,hot_humid,bursty,1,40.133,39.833,39.633,37.133,25.0,45.0,60.0,,50.0,1.0,30.83,,,0,trial
2026-07-07T20:35:28,forecast_hot_humid_bursty_r1,forecast,hot_humid,bursty,1,40.133,39.833,39.633,37.133,25.0,45.0,60.0,,50.0,1.0,30.82,,,0,trial
2026-07-07T20:35:28,forecast_hot_humid_bursty_r1,forecast,hot_humid,bursty,1,40.133,39.833,39.633,37.133,25.0,45.0,60.0,,50.0,1.0,30.82,,,0,trial
2026-07-07T20:35:28,forecast_hot_humid_bursty_r1,forecast,hot_humid,bursty,1,40.133,39.833,39.633,37.133,25.0,45.0,60.0,,50.0,1.0,30.81,,,0,trial
2026-07-07T20:35:28,forecast_hot_humid_bursty_r1,forecast,hot_humid,bursty,1,40.133,39.833,39.633,37.133,25.0,45.0,60.0,,50.0,1.0,30.81,,,0,trial
2026-07-07T20:35:28,forecast_hot_humid_bursty_r1,forecast,hot_humid,bursty,1,40.133,39.833,39.633,37.133,25.0,45.0,60.0,,50.0,1.0,30.8,,,0,trial
2026-07-07T20:35:28,forecast_hot_humid_bursty_r1,forecast,hot_humid,bursty,1,40.133,39.833,39.633,37.133,25.0,45.0,60.0,,50.0,1.0,30.8,,,0,trial
2026-07-07T20:35:28,forecast_hot_humid_bursty_r1,forecast,hot_humid,bursty,1,40.133,39.833,39.633,37.133,25.0,45.0,60.0,,50.0,1.0,30.79,,,0,trial
2026-07-07T20:35:28,forecast_hot_humid_bursty_r1,forecast,hot_humid,bursty,1,40.133,39.833,39.633,37.133,25.0,45.0,60.0,,50.0,1.0,30.79,,,0,trial
2026-07-07T20:35:28,forecast_hot_humid_bursty_r1,forecast,hot_humid,bursty,1,40.133,39.833,39.633,37.133,25.0,45.0,60.0,,50.0,1.0,30.79,,,0,trial
2026-07-07T20:35:28,forecast_hot_humid_bursty_r1,forecast,hot_humid,bursty,1,40.133,39.833,39.633,37.133,25.0,45.0,60.0,,50.0,1.0,30.78,,,0,trial
2026-07-07T20:35:28,forecast_hot_humid_bursty_r1,forecast,hot_humid,bursty,1,40.133,39.833,39.633,37.133,25.0,45.0,60.0,,50.0,1.0,30.78,,,0,trial
2026-07-07T20:35:28,forecast_hot_humid_bursty_r1,forecast,hot_humid,bursty,1,40.133,39.833,39.633,37.133,25.0,45.0,60.0,,50.0,1.0,30.77,,,0,trial
2026-07-07T20:35:28,forecast_hot_humid_bursty_r1,forecast,hot_humid,bursty,1,40.133,39.833,39.633,37.133,25.0,45.0,60.0,,50.0,1.0,30.77,,,0,trial
2026-07-07T20:35:28,forecast_hot_humid_bursty_r1,forecast,hot_humid,bursty,1,40.132,39.832,39.632,37.132,25.0,45.0,60.0,,50.0,1.0,30.76,,,0,trial
2026-07-07T20:35:28,forecast_hot_humid_bursty_r1,forecast,hot_humid,bursty,1,40.132,39.832,39.632,37.132,25.0,45.0,60.0,,50.0,1.0,30.76,,,0,trial
2026-07-07T20:35:28,forecast_hot_humid_bursty_r1,forecast,hot_humid,bursty,1,40.132,39.832,39.632,37.132,25.0,45.0,60.0,,50.0,1.0,30.75,,,0,trial
2026-07-07T20:35:28,forecast_hot_humid_bursty_r1,forecast,hot_humid,bursty,1,40.132,39.832,39.632,37.132,25.0,45.0,60.0,,50.0,1.0,30.75,,,0,trial
2026-07-07T20:35:28,forecast_hot_humid_bursty_r1,forecast,hot_humid,bursty,1,40.132,39.832,39.632,37.132,25.0,45.0,60.0,,50.0,1.0,30.75,,,0,trial
2026-07-07T20:35:28,forecast_hot_humid_bursty_r1,forecast,hot_humid,bursty,1,40.132,39.832,39.632,37.132,25.0,45.0,60.0,,50.0,1.0,30.74,,,0,trial
2026-07-07T20:35:28,forecast_hot_humid_bursty_r1,forecast,hot_humid,bursty,1,40.132,39.832,39.632,37.132,25.0,45.0,60.0,,50.0,1.0,30.74,,,0,trial
2026-07-07T20:35:28,forecast_hot_humid_bursty_r1,forecast,hot_humid,bursty,1,40.132,39.832,39.632,37.132,25.0,45.0,60.0,,50.0,1.0,30.73,,,0,trial
2026-07-07T20:35:28,forecast_hot_humid_bursty_r1,forecast,hot_humid,bursty,1,40.132,39.832,39.632,37.132,25.0,45.0,60.0,,50.0,1.0,30.73,,,0,trial
2026-07-07T20:35:28,forecast_hot_humid_bursty_r1,forecast,hot_humid,bursty,1,40.132,39.832,39.632,37.132,25.0,45.0,60.0,,50.0,1.0,30.72,,,0,trial
2026-07-07T20:35:28,forecast_hot_humid_bursty_r1,forecast,hot_humid,bursty,1,40.132,39.832,39.632,37.132,25.0,45.0,60.0,,50.0,1.0,30.72,,,0,trial
2026-07-07T20:35:28,forecast_hot_humid_bursty_r1,forecast,hot_humid,bursty,1,40.132,39.832,39.632,37.132,25.0,45.0,60.0,,50.0,1.0,30.72,,,0,trial
2026-07-07T20:35:28,forecast_hot_humid_bursty_r1,forecast,hot_humid,bursty,1,40.132,39.832,39.632,37.132,25.0,45.0,60.0,,50.0,1.0,30.71,,,0,trial
2026-07-07T20:35:28,forecast_hot_humid_bursty_r1,forecast,hot_humid,bursty,1,40.132,39.832,39.632,37.132,25.0,45.0,60.0,,50.0,1.0,30.71,,,0,trial
2026-07-07T20:35:28,forecast_hot_humid_bursty_r1,forecast,hot_humid,bursty,1,40.131,39.831,39.631,37.131,25.0,45.0,60.0,,50.0,1.0,30.7,,,0,trial
2026-07-07T20:35:28,forecast_hot_humid_bursty_r1,forecast,hot_humid,bursty,1,40.131,39.831,39.631,37.131,25.0,45.0,60.0,,50.0,1.0,30.7,,,0,trial
2026-07-07T20:35:28,forecast_hot_humid_bursty_r1,forecast,hot_humid,bursty,1,40.131,39.831,39.631,37.131,25.0,45.0,60.0,,50.0,1.0,30.7,,,0,trial
2026-07-07T20:35:28,forecast_hot_humid_bursty_r1,forecast,hot_humid,bursty,1,40.131,39.831,39.631,37.131,25.0,45.0,60.0,,50.0,1.0,30.69,,,0,trial
2026-07-07T20:35:28,forecast_hot_humid_bursty_r1,forecast,hot_humid,bursty,1,40.131,39.831,39.631,37.131,25.0,45.0,60.0,,50.0,1.0,30.69,,,0,trial
2026-07-07T20:35:28,forecast_hot_humid_bursty_r1,forecast,hot_humid,bursty,1,40.131,39.831,39.631,37.131,25.0,45.0,60.0,,50.0,1.0,30.68,,,0,trial
2026-07-07T20:35:28,forecast_hot_humid_bursty_r1,forecast,hot_humid,bursty,1,40.131,39.831,39.631,37.131,25.0,45.0,60.0,,50.0,1.0,30.68,,,0,trial
2026-07-07T20:35:28,forecast_hot_humid_bursty_r1,forecast,hot_humid,bursty,1,40.131,39.831,39.631,37.131,25.0,45.0,60.0,,50.0,1.0,30.68,,,0,trial
2026-07-07T20:35:28,forecast_hot_humid_bursty_r1,forecast,hot_humid,bursty,1,40.131,39.831,39.631,37.131,25.0,45.0,60.0,,50.0,1.0,30.67,,,0,trial
2026-07-07T20:35:28,forecast_hot_humid_bursty_r1,forecast,hot_humid,bursty,1,40.131,39.831,39.631,37.131,25.0,45.0,60.0,,50.0,1.0,30.67,,,0,trial
2026-07-07T20:35:28,forecast_hot_humid_bursty_r1,forecast,hot_humid,bursty,1,40.131,39.831,39.631,37.131,25.0,45.0,60.0,,50.0,1.0,30.66,,,0,trial
2026-07-07T20:35:28,forecast_hot_humid_bursty_r1,forecast,hot_humid,bursty,1,40.131,39.831,39.631,37.131,25.0,45.0,60.0,,50.0,1.0,30.66,,,0,trial
2026-07-07T20:35:28,forecast_hot_humid_bursty_r1,forecast,hot_humid,bursty,1,40.131,39.831,39.631,37.131,25.0,45.0,60.0,,50.0,1.0,30.66,,,0,trial
2026-07-07T20:35:28,forecast_hot_humid_bursty_r1,forecast,hot_humid,bursty,1,40.131,39.831,39.631,37.131,25.0,45.0,60.0,,50.0,1.0,30.65,,,0,trial
2026-07-07T20:35:28,forecast_hot_humid_bursty_r1,forecast,hot_humid,bursty,1,40.13,39.83,39.63,37.13,25.0,45.0,60.0,,50.0,1.0,30.65,,,0,trial
2026-07-07T20:35:28,forecast_hot_humid_bursty_r1,forecast,hot_humid,bursty,1,40.13,39.83,39.63,37.13,25.0,45.0,60.0,,50.0,1.0,30.64,,,0,trial
2026-07-07T20:35:28,forecast_hot_humid_bursty_r1,forecast,hot_humid,bursty,1,40.13,39.83,39.63,37.13,25.0,45.0,60.0,,50.0,1.0,30.64,,,0,trial
2026-07-07T20:35:28,forecast_hot_humid_bursty_r1,forecast,hot_humid,bursty,1,40.13,39.83,39.63,37.13,25.0,45.0,60.0,,50.0,1.0,30.64,,,0,trial
2026-07-07T20:35:28,forecast_hot_humid_bursty_r1,forecast,hot_humid,bursty,1,40.13,39.83,39.63,37.13,25.0,45.0,60.0,,50.0,1.0,30.63,,,0,trial
2026-07-07T20:35:28,forecast_hot_humid_bursty_r1,forecast,hot_humid,bursty,1,40.13,39.83,39.63,37.13,25.0,45.0,60.0,,50.0,1.0,30.63,,,0,trial
2026-07-07T20:35:28,forecast_hot_humid_bursty_r1,forecast,hot_humid,bursty,1,40.13,39.83,39.63,37.13,25.0,45.0,60.0,,50.0,1.0,30.63,,,0,trial
2026-07-07T20:35:28,forecast_hot_humid_bursty_r1,forecast,hot_humid,bursty,1,40.13,39.83,39.63,37.13,25.0,45.0,60.0,,50.0,1.0,30.62,,,0,trial
2026-07-07T20:35:28,forecast_hot_humid_bursty_r1,forecast,hot_humid,bursty,1,40.13,39.83,39.63,37.13,25.0,45.0,60.0,,50.0,1.0,30.62,,,0,trial
2026-07-07T20:35:28,forecast_hot_humid_bursty_r1,forecast,hot_humid,bursty,1,40.13,39.83,39.63,37.13,25.0,45.0,60.0,,50.0,1.0,30.61,,,0,trial
2026-07-07T20:35:28,forecast_hot_humid_bursty_r1,forecast,hot_humid,bursty,1,40.13,39.83,39.63,37.13,25.0,45.0,60.0,,50.0,1.0,30.61,,,0,trial
2026-07-07T20:35:28,forecast_hot_humid_bursty_r1,forecast,hot_humid,bursty,1,40.13,39.83,39.63,37.13,25.0,45.0,60.0,,50.0,1.0,30.61,,,0,trial
2026-07-07T20:35:28,forecast_hot_humid_bursty_r1,forecast,hot_humid,bursty,1,40.13,39.83,39.63,37.13,25.0,45.0,60.0,,50.0,1.0,30.6,,,0,trial
2026-07-07T20:35:28,forecast_hot_humid_bursty_r1,forecast,hot_humid,bursty,1,40.13,39.83,39.63,37.13,25.0,45.0,60.0,,50.0,1.0,30.6,,,0,trial
2026-07-07T20:35:28,forecast_hot_humid_bursty_r1,forecast,hot_humid,bursty,1,40.129,39.829,39.629,37.129,25.0,45.0,60.0,,50.0,1.0,30.6,,,0,trial
2026-07-07T20:35:28,forecast_hot_humid_bursty_r1,forecast,hot_humid,bursty,1,40.129,39.829,39.629,37.129,25.0,45.0,60.0,,50.0,1.0,30.59,,,0,trial
2026-07-07T20:35:28,forecast_hot_humid_bursty_r1,forecast,hot_humid,bursty,1,40.129,39.829,39.629,37.129,25.0,45.0,60.0,,50.0,1.0,30.59,,,0,trial
2026-07-07T20:35:28,forecast_hot_humid_bursty_r1,forecast,hot_humid,bursty,1,40.129,39.829,39.629,37.129,25.0,45.0,60.0,,50.0,1.0,30.59,,,0,trial
2026-07-07T20:35:28,forecast_hot_humid_bursty_r1,forecast,hot_humid,bursty,1,40.129,39.829,39.629,37.129,25.0,45.0,60.0,,50.0,1.0,30.58,,,0,trial
2026-07-07T20:35:28,forecast_hot_humid_bursty_r1,forecast,hot_humid,bursty,1,40.129,39.829,39.629,37.129,25.0,45.0,60.0,,50.0,1.0,30.58,,,0,trial
2026-07-07T20:35:28,forecast_hot_humid_bursty_r1,forecast,hot_humid,bursty,1,40.129,39.829,39.629,37.129,25.0,45.0,60.0,,50.0,1.0,30.58,,,0,trial
2026-07-07T20:35:28,forecast_hot_humid_bursty_r1,forecast,hot_humid,bursty,1,40.129,39.829,39.629,37.129,25.0,45.0,60.0,,50.0,1.0,30.57,,,0,trial
2026-07-07T20:35:28,forecast_hot_humid_bursty_r1,forecast,hot_humid,bursty,1,40.129,39.829,39.629,37.129,25.0,45.0,60.0,,50.0,1.0,30.57,,,0,trial
2026-07-07T20:35:28,forecast_hot_humid_bursty_r1,forecast,hot_humid,bursty,1,40.129,39.829,39.629,37.129,25.0,45.0,60.0,,50.0,1.0,30.57,,,0,trial
2026-07-07T20:35:28,forecast_hot_humid_bursty_r1,forecast,hot_humid,bursty,1,40.129,39.829,39.629,37.129,25.0,45.0,60.0,,50.0,1.0,30.56,,,0,trial
2026-07-07T20:35:28,forecast_hot_humid_bursty_r1,forecast,hot_humid,bursty,1,40.129,39.829,39.629,37.129,25.0,45.0,60.0,,50.0,1.0,30.56,,,0,trial
2026-07-07T20:35:28,forecast_hot_humid_bursty_r1,forecast,hot_humid,bursty,1,40.129,39.829,39.629,37.129,25.0,45.0,60.0,,50.0,1.0,30.56,,,0,trial
2026-07-07T20:35:28,forecast_hot_humid_bursty_r1,forecast,hot_humid,bursty,1,40.129,39.829,39.629,37.129,25.0,45.0,60.0,,50.0,1.0,30.55,,,0,trial
2026-07-07T20:35:28,forecast_hot_humid_bursty_r1,forecast,hot_humid,bursty,1,40.129,39.829,39.629,37.129,25.0,45.0,60.0,,50.0,1.0,30.55,,,0,trial
2026-07-07T20:35:28,forecast_hot_humid_bursty_r1,forecast,hot_humid,bursty,1,40.128,39.828,39.628,37.128,25.0,45.0,60.0,,50.0,1.0,30.55,,,0,trial
2026-07-07T20:35:28,forecast_hot_humid_bursty_r1,forecast,hot_humid,bursty,1,40.128,39.828,39.628,37.128,25.0,45.0,60.0,,50.0,1.0,30.54,,,0,trial
2026-07-07T20:35:28,forecast_hot_humid_bursty_r1,forecast,hot_humid,bursty,1,40.128,39.828,39.628,37.128,25.0,45.0,60.0,,50.0,1.0,30.54,,,0,trial
2026-07-07T20:35:28,forecast_hot_humid_bursty_r1,forecast,hot_humid,bursty,1,40.128,39.828,39.628,37.128,25.0,45.0,60.0,,50.0,1.0,30.54,,,0,trial
2026-07-07T20:35:28,forecast_hot_humid_bursty_r1,forecast,hot_humid,bursty,1,40.128,39.828,39.628,37.128,25.0,45.0,60.0,,50.0,1.0,30.53,,,0,trial
2026-07-07T20:35:28,forecast_hot_humid_bursty_r1,forecast,hot_humid,bursty,1,40.128,39.828,39.628,37.128,25.0,45.0,60.0,,50.0,1.0,30.53,,,0,trial
2026-07-07T20:35:28,forecast_hot_humid_bursty_r1,forecast,hot_humid,bursty,1,40.128,39.828,39.628,37.128,25.0,45.0,60.0,,50.0,1.0,30.53,,,0,trial
2026-07-07T20:35:28,forecast_hot_humid_bursty_r1,forecast,hot_humid,bursty,1,40.128,39.828,39.628,37.128,25.0,45.0,60.0,,50.0,1.0,30.52,,,0,trial
2026-07-07T20:35:28,forecast_hot_humid_bursty_r1,forecast,hot_humid,bursty,1,40.128,39.828,39.628,37.128,25.0,45.0,60.0,,50.0,1.0,30.52,,,0,trial
2026-07-07T20:35:28,forecast_hot_humid_bursty_r1,forecast,hot_humid,bursty,1,40.128,39.828,39.628,37.128,25.0,45.0,60.0,,50.0,1.0,30.52,,,0,trial
2026-07-07T20:35:28,forecast_hot_humid_bursty_r1,forecast,hot_humid,bursty,1,40.128,39.828,39.628,37.128,25.0,45.0,60.0,,50.0,1.0,30.51,,,0,trial
2026-07-07T20:35:28,forecast_hot_humid_bursty_r1,forecast,hot_humid,bursty,1,40.128,39.828,39.628,37.128,25.0,45.0,60.0,,50.0,1.0,30.51,,,0,trial
2026-07-07T20:35:28,forecast_hot_humid_bursty_r1,forecast,hot_humid,bursty,1,40.128,39.828,39.628,37.128,25.0,45.0,60.0,,50.0,1.0,30.51,,,0,trial
2026-07-07T20:35:28,forecast_hot_humid_bursty_r1,forecast,hot_humid,bursty,1,40.128,39.828,39.628,37.128,25.0,45.0,60.0,,50.0,1.0,30.51,,,0,trial
2026-07-07T20:35:28,forecast_hot_humid_bursty_r1,forecast,hot_humid,bursty,1,40.127,39.827,39.627,37.127,25.0,45.0,60.0,,50.0,1.0,30.5,,,0,trial
2026-07-07T20:35:28,forecast_hot_humid_bursty_r1,forecast,hot_humid,bursty,1,40.127,39.827,39.627,37.127,25.0,45.0,60.0,,50.0,1.0,30.5,,,0,trial
2026-07-07T20:35:28,forecast_hot_humid_bursty_r1,forecast,hot_humid,bursty,1,40.127,39.827,39.627,37.127,25.0,45.0,60.0,,50.0,1.0,30.5,,,0,trial
2026-07-07T20:35:28,forecast_hot_humid_bursty_r1,forecast,hot_humid,bursty,1,40.127,39.827,39.627,37.127,25.0,45.0,60.0,,50.0,1.0,30.49,,,0,trial
2026-07-07T20:35:28,forecast_hot_humid_bursty_r1,forecast,hot_humid,bursty,1,40.127,39.827,39.627,37.127,25.0,45.0,60.0,,50.0,1.0,30.49,,,0,trial
2026-07-07T20:35:28,forecast_hot_humid_bursty_r1,forecast,hot_humid,bursty,1,40.127,39.827,39.627,37.127,25.0,45.0,60.0,,50.0,1.0,30.49,,,0,trial
2026-07-07T20:35:28,forecast_hot_humid_bursty_r1,forecast,hot_humid,bursty,1,40.127,39.827,39.627,37.127,25.0,45.0,60.0,,50.0,1.0,30.49,,,0,trial
2026-07-07T20:35:28,forecast_hot_humid_bursty_r1,forecast,hot_humid,bursty,1,40.127,39.827,39.627,37.127,25.0,45.0,60.0,,50.0,1.0,30.48,,,0,trial
2026-07-07T20:35:28,forecast_hot_humid_bursty_r1,forecast,hot_humid,bursty,1,40.127,39.827,39.627,37.127,25.0,45.0,60.0,,50.0,1.0,30.48,,,0,trial
2026-07-07T20:35:28,forecast_hot_humid_bursty_r1,forecast,hot_humid,bursty,1,40.127,39.827,39.627,37.127,25.0,45.0,60.0,,50.0,1.0,30.48,,,0,trial
2026-07-07T20:35:28,forecast_hot_humid_bursty_r1,forecast,hot_humid,bursty,1,40.127,39.827,39.627,37.127,25.0,45.0,60.0,,50.0,1.0,30.47,,,0,trial
2026-07-07T20:35:28,forecast_hot_humid_bursty_r1,forecast,hot_humid,bursty,1,40.127,39.827,39.627,37.127,25.0,45.0,60.0,,50.0,1.0,30.47,,,0,trial
2026-07-07T20:35:28,forecast_hot_humid_bursty_r1,forecast,hot_humid,bursty,1,40.127,39.827,39.627,37.127,25.0,45.0,60.0,,50.0,1.0,30.47,,,0,trial
2026-07-07T20:35:28,forecast_hot_humid_bursty_r1,forecast,hot_humid,bursty,1,40.127,39.827,39.627,37.127,25.0,45.0,60.0,,50.0,1.0,30.47,,,0,trial
2026-07-07T20:35:28,forecast_hot_humid_bursty_r1,forecast,hot_humid,bursty,1,40.127,39.827,39.627,37.127,25.0,45.0,60.0,,50.0,1.0,30.46,,,0,trial
2026-07-07T20:35:28,forecast_hot_humid_bursty_r1,forecast,hot_humid,bursty,1,40.126,39.826,39.626,37.126,25.0,45.0,60.0,,50.0,1.0,30.46,,,0,trial
2026-07-07T20:35:28,forecast_hot_humid_bursty_r1,forecast,hot_humid,bursty,1,40.126,39.826,39.626,37.126,25.0,45.0,60.0,,50.0,1.0,30.46,,,0,trial
2026-07-07T20:35:28,forecast_hot_humid_bursty_r1,forecast,hot_humid,bursty,1,40.126,39.826,39.626,37.126,25.0,45.0,60.0,,50.0,1.0,30.45,,,0,trial
2026-07-07T20:35:28,forecast_hot_humid_bursty_r1,forecast,hot_humid,bursty,1,40.126,39.826,39.626,37.126,25.0,45.0,60.0,,50.0,1.0,30.45,,,0,trial
2026-07-07T20:35:28,forecast_hot_humid_bursty_r1,forecast,hot_humid,bursty,1,40.126,39.826,39.626,37.126,25.0,45.0,60.0,,50.0,1.0,30.45,,,0,trial
2026-07-07T20:35:28,forecast_hot_humid_bursty_r1,forecast,hot_humid,bursty,1,40.126,39.826,39.626,37.126,25.0,45.0,60.0,,50.0,1.0,30.45,,,0,trial
2026-07-07T20:35:28,forecast_hot_humid_bursty_r1,forecast,hot_humid,bursty,1,40.126,39.826,39.626,37.126,25.0,45.0,60.0,,50.0,1.0,30.44,,,0,trial
2026-07-07T20:35:28,forecast_hot_humid_bursty_r1,forecast,hot_humid,bursty,1,40.126,39.826,39.626,37.126,25.0,45.0,60.0,,50.0,1.0,30.44,,,0,trial
2026-07-07T20:35:28,forecast_hot_humid_bursty_r1,forecast,hot_humid,bursty,1,40.126,39.826,39.626,37.126,25.0,45.0,60.0,,50.0,1.0,30.44,,,0,trial
2026-07-07T20:35:28,forecast_hot_humid_bursty_r1,forecast,hot_humid,bursty,1,40.126,39.826,39.626,37.126,25.0,45.0,60.0,,50.0,1.0,30.44,,,0,trial
2026-07-07T20:35:28,forecast_hot_humid_bursty_r1,forecast,hot_humid,bursty,1,40.126,39.826,39.626,37.126,25.0,45.0,60.0,,50.0,1.0,30.43,,,0,trial
2026-07-07T20:35:28,forecast_hot_humid_bursty_r1,forecast,hot_humid,bursty,1,40.126,39.826,39.626,37.126,25.0,45.0,60.0,,50.0,1.0,30.43,,,0,trial
2026-07-07T20:35:28,forecast_hot_humid_bursty_r1,forecast,hot_humid,bursty,1,40.126,39.826,39.626,37.126,25.0,45.0,60.0,,50.0,1.0,30.43,,,0,trial
2026-07-07T20:35:28,forecast_hot_humid_bursty_r1,forecast,hot_humid,bursty,1,40.126,39.826,39.626,37.126,25.0,45.0,60.0,,50.0,1.0,30.43,,,0,trial
2026-07-07T20:35:28,forecast_hot_humid_bursty_r1,forecast,hot_humid,bursty,1,40.125,39.825,39.625,37.125,25.0,45.0,60.0,,50.0,1.0,30.42,,,0,trial
2026-07-07T20:35:28,forecast_hot_humid_bursty_r1,forecast,hot_humid,bursty,1,40.125,39.825,39.625,37.125,25.0,45.0,60.0,,50.0,1.0,30.42,,,0,trial
2026-07-07T20:35:28,forecast_hot_humid_bursty_r1,forecast,hot_humid,bursty,1,40.125,39.825,39.625,37.125,25.0,45.0,60.0,,50.0,1.0,30.42,,,0,trial
2026-07-07T20:35:28,forecast_hot_humid_bursty_r1,forecast,hot_humid,bursty,1,40.125,39.825,39.625,37.125,25.0,45.0,60.0,,50.0,1.0,30.42,,,0,trial
2026-07-07T20:35:28,forecast_hot_humid_bursty_r1,forecast,hot_humid,bursty,1,40.125,39.825,39.625,37.125,25.0,45.0,60.0,,50.0,1.0,30.41,,,0,trial
2026-07-07T20:35:28,forecast_hot_humid_bursty_r1,forecast,hot_humid,bursty,1,40.125,39.825,39.625,37.125,25.0,45.0,60.0,,50.0,1.0,30.41,,,0,trial
2026-07-07T20:35:28,forecast_hot_humid_bursty_r1,forecast,hot_humid,bursty,1,40.113,39.813,39.613,37.113,25.0,45.0,0.0,,100.0,2.0,,,,0,cooldown
2026-07-07T20:35:28,forecast_hot_humid_bursty_r1,forecast,hot_humid,bursty,1,40.101,39.801,39.601,37.101,25.0,45.0,0.0,,100.0,2.0,,,,0,cooldown
2026-07-07T20:35:28,forecast_hot_humid_bursty_r1,forecast,hot_humid,bursty,1,40.089,39.789,39.589,37.089,25.0,45.0,0.0,,100.0,2.0,,,,0,cooldown
2026-07-07T20:35:28,forecast_hot_humid_bursty_r1,forecast,hot_humid,bursty,1,40.077,39.777,39.577,37.077,25.0,45.0,0.0,,100.0,2.0,,,,0,cooldown
2026-07-07T20:35:28,forecast_hot_humid_bursty_r1,forecast,hot_humid,bursty,1,40.066,39.766,39.566,37.066,25.0,45.0,0.0,,100.0,2.0,,,,0,cooldown
2026-07-07T20:35:28,forecast_hot_humid_bursty_r1,forecast,hot_humid,bursty,1,40.054,39.754,39.554,37.054,25.0,45.0,0.0,,100.0,2.0,,,,0,cooldown
2026-07-07T20:35:28,forecast_hot_humid_bursty_r1,forecast,hot_humid,bursty,1,40.042,39.742,39.542,37.042,25.0,45.0,0.0,,100.0,2.0,,,,0,cooldown
2026-07-07T20:35:28,forecast_hot_humid_bursty_r1,forecast,hot_humid,bursty,1,40.03,39.73,39.53,37.03,25.0,45.0,0.0,,100.0,2.0,,,,0,cooldown
2026-07-07T20:35:28,forecast_hot_humid_bursty_r1,forecast,hot_humid,bursty,1,40.018,39.718,39.518,37.018,25.0,45.0,0.0,,100.0,2.0,,,,0,cooldown
2026-07-07T20:35:28,forecast_hot_humid_bursty_r1,forecast,hot_humid,bursty,1,40.006,39.706,39.506,37.006,25.0,45.0,0.0,,100.0,2.0,,,,0,cooldown
2026-07-07T20:35:28,forecast_hot_humid_bursty_r1,forecast,hot_humid,bursty,1,39.994,39.694,39.494,36.994,25.0,45.0,0.0,,100.0,2.0,,,,0,cooldown
2026-07-07T20:35:28,forecast_hot_humid_bursty_r1,forecast,hot_humid,bursty,1,39.982,39.682,39.482,36.982,25.0,45.0,0.0,,100.0,2.0,,,,0,cooldown
2026-07-07T20:35:28,forecast_hot_humid_bursty_r1,forecast,hot_humid,bursty,1,39.971,39.671,39.471,36.971,25.0,45.0,0.0,,100.0,2.0,,,,0,cooldown
2026-07-07T20:35:28,forecast_hot_humid_bursty_r1,forecast,hot_humid,bursty,1,39.959,39.659,39.459,36.959,25.0,45.0,0.0,,100.0,2.0,,,,0,cooldown
2026-07-07T20:35:28,forecast_hot_humid_bursty_r1,forecast,hot_humid,bursty,1,39.947,39.647,39.447,36.947,25.0,45.0,0.0,,100.0,2.0,,,,0,cooldown
2026-07-07T20:35:28,forecast_hot_humid_bursty_r1,forecast,hot_humid,bursty,1,39.935,39.635,39.435,36.935,25.0,45.0,0.0,,100.0,2.0,,,,0,cooldown
2026-07-07T20:35:28,forecast_hot_humid_bursty_r1,forecast,hot_humid,bursty,1,39.923,39.623,39.423,36.923,25.0,45.0,0.0,,100.0,2.0,,,,0,cooldown
2026-07-07T20:35:28,forecast_hot_humid_bursty_r1,forecast,hot_humid,bursty,1,39.912,39.612,39.412,36.912,25.0,45.0,0.0,,100.0,2.0,,,,0,cooldown
2026-07-07T20:35:28,forecast_hot_humid_bursty_r1,forecast,hot_humid,bursty,1,39.9,39.6,39.4,36.9,25.0,45.0,0.0,,100.0,2.0,,,,0,cooldown
2026-07-07T20:35:28,forecast_hot_humid_bursty_r1,forecast,hot_humid,bursty,1,39.888,39.588,39.388,36.888,25.0,45.0,0.0,,100.0,2.0,,,,0,cooldown
2026-07-07T20:35:28,forecast_hot_humid_bursty_r1,forecast,hot_humid,bursty,1,39.876,39.576,39.376,36.876,25.0,45.0,0.0,,100.0,2.0,,,,0,cooldown
2026-07-07T20:35:28,forecast_hot_humid_bursty_r1,forecast,hot_humid,bursty,1,39.865,39.565,39.365,36.865,25.0,45.0,0.0,,100.0,2.0,,,,0,cooldown
2026-07-07T20:35:28,forecast_hot_humid_bursty_r1,forecast,hot_humid,bursty,1,39.853,39.553,39.353,36.853,25.0,45.0,0.0,,100.0,2.0,,,,0,cooldown
2026-07-07T20:35:28,forecast_hot_humid_bursty_r1,forecast,hot_humid,bursty,1,39.841,39.541,39.341,36.841,25.0,45.0,0.0,,100.0,2.0,,,,0,cooldown
2026-07-07T20:35:28,forecast_hot_humid_bursty_r1,forecast,hot_humid,bursty,1,39.829,39.529,39.329,36.829,25.0,45.0,0.0,,100.0,2.0,,,,0,cooldown
2026-07-07T20:35:28,forecast_hot_humid_bursty_r1,forecast,hot_humid,bursty,1,39.818,39.518,39.318,36.818,25.0,45.0,0.0,,100.0,2.0,,,,0,cooldown
2026-07-07T20:35:28,forecast_hot_humid_bursty_r1,forecast,hot_humid,bursty,1,39.806,39.506,39.306,36.806,25.0,45.0,0.0,,100.0,2.0,,,,0,cooldown
2026-07-07T20:35:28,forecast_hot_humid_bursty_r1,forecast,hot_humid,bursty,1,39.794,39.494,39.294,36.794,25.0,45.0,0.0,,100.0,2.0,,,,0,cooldown
2026-07-07T20:35:28,forecast_hot_humid_bursty_r1,forecast,hot_humid,bursty,1,39.783,39.483,39.283,36.783,25.0,45.0,0.0,,100.0,2.0,,,,0,cooldown
2026-07-07T20:35:28,forecast_hot_humid_bursty_r1,forecast,hot_humid,bursty,1,39.771,39.471,39.271,36.771,25.0,45.0,0.0,,100.0,2.0,,,,0,cooldown
2026-07-07T20:35:28,forecast_hot_humid_bursty_r1,forecast,hot_humid,bursty,1,39.759,39.459,39.259,36.759,25.0,45.0,0.0,,100.0,2.0,,,,0,cooldown
2026-07-07T20:35:28,forecast_hot_humid_bursty_r1,forecast,hot_humid,bursty,1,39.748,39.448,39.248,36.748,25.0,45.0,0.0,,100.0,2.0,,,,0,cooldown
2026-07-07T20:35:28,forecast_hot_humid_bursty_r1,forecast,hot_humid,bursty,1,39.736,39.436,39.236,36.736,25.0,45.0,0.0,,100.0,2.0,,,,0,cooldown
2026-07-07T20:35:28,forecast_hot_humid_bursty_r1,forecast,hot_humid,bursty,1,39.724,39.424,39.224,36.724,25.0,45.0,0.0,,100.0,2.0,,,,0,cooldown
2026-07-07T20:35:28,forecast_hot_humid_bursty_r1,forecast,hot_humid,bursty,1,39.713,39.413,39.213,36.713,25.0,45.0,0.0,,100.0,2.0,,,,0,cooldown
2026-07-07T20:35:28,forecast_hot_humid_bursty_r1,forecast,hot_humid,bursty,1,39.701,39.401,39.201,36.701,25.0,45.0,0.0,,100.0,2.0,,,,0,cooldown
2026-07-07T20:35:28,forecast_hot_humid_bursty_r1,forecast,hot_humid,bursty,1,39.69,39.39,39.19,36.69,25.0,45.0,0.0,,100.0,2.0,,,,0,cooldown
2026-07-07T20:35:28,forecast_hot_humid_bursty_r1,forecast,hot_humid,bursty,1,39.678,39.378,39.178,36.678,25.0,45.0,0.0,,100.0,2.0,,,,0,cooldown
2026-07-07T20:35:28,forecast_hot_humid_bursty_r1,forecast,hot_humid,bursty,1,39.666,39.366,39.166,36.666,25.0,45.0,0.0,,100.0,2.0,,,,0,cooldown
2026-07-07T20:35:28,forecast_hot_humid_bursty_r1,forecast,hot_humid,bursty,1,39.655,39.355,39.155,36.655,25.0,45.0,0.0,,100.0,2.0,,,,0,cooldown
2026-07-07T20:35:28,forecast_hot_humid_bursty_r1,forecast,hot_humid,bursty,1,39.643,39.343,39.143,36.643,25.0,45.0,0.0,,100.0,2.0,,,,0,cooldown
2026-07-07T20:35:28,forecast_hot_humid_bursty_r1,forecast,hot_humid,bursty,1,39.632,39.332,39.132,36.632,25.0,45.0,0.0,,100.0,2.0,,,,0,cooldown
2026-07-07T20:35:28,forecast_hot_humid_bursty_r1,forecast,hot_humid,bursty,1,39.62,39.32,39.12,36.62,25.0,45.0,0.0,,100.0,2.0,,,,0,cooldown
2026-07-07T20:35:28,forecast_hot_humid_bursty_r1,forecast,hot_humid,bursty,1,39.609,39.309,39.109,36.609,25.0,45.0,0.0,,100.0,2.0,,,,0,cooldown
2026-07-07T20:35:28,forecast_hot_humid_bursty_r1,forecast,hot_humid,bursty,1,39.597,39.297,39.097,36.597,25.0,45.0,0.0,,100.0,2.0,,,,0,cooldown
2026-07-07T20:35:28,forecast_hot_humid_bursty_r1,forecast,hot_humid,bursty,1,39.586,39.286,39.086,36.586,25.0,45.0,0.0,,100.0,2.0,,,,0,cooldown
2026-07-07T20:35:28,forecast_hot_humid_bursty_r1,forecast,hot_humid,bursty,1,39.574,39.274,39.074,36.574,25.0,45.0,0.0,,100.0,2.0,,,,0,cooldown
2026-07-07T20:35:28,forecast_hot_humid_bursty_r1,forecast,hot_humid,bursty,1,39.562,39.262,39.062,36.562,25.0,45.0,0.0,,100.0,2.0,,,,0,cooldown
2026-07-07T20:35:28,forecast_hot_humid_bursty_r1,forecast,hot_humid,bursty,1,39.551,39.251,39.051,36.551,25.0,45.0,0.0,,100.0,2.0,,,,0,cooldown
2026-07-07T20:35:28,forecast_hot_humid_bursty_r1,forecast,hot_humid,bursty,1,39.54,39.24,39.04,36.54,25.0,45.0,0.0,,100.0,2.0,,,,0,cooldown
2026-07-07T20:35:28,forecast_hot_humid_bursty_r1,forecast,hot_humid,bursty,1,39.528,39.228,39.028,36.528,25.0,45.0,0.0,,100.0,2.0,,,,0,cooldown
2026-07-07T20:35:28,forecast_hot_humid_bursty_r1,forecast,hot_humid,bursty,1,39.517,39.217,39.017,36.517,25.0,45.0,0.0,,100.0,2.0,,,,0,cooldown
2026-07-07T20:35:28,forecast_hot_humid_bursty_r1,forecast,hot_humid,bursty,1,39.505,39.205,39.005,36.505,25.0,45.0,0.0,,100.0,2.0,,,,0,cooldown
2026-07-07T20:35:28,forecast_hot_humid_bursty_r1,forecast,hot_humid,bursty,1,39.494,39.194,38.994,36.494,25.0,45.0,0.0,,100.0,2.0,,,,0,cooldown
2026-07-07T20:35:28,forecast_hot_humid_bursty_r1,forecast,hot_humid,bursty,1,39.482,39.182,38.982,36.482,25.0,45.0,0.0,,100.0,2.0,,,,0,cooldown
2026-07-07T20:35:28,forecast_hot_humid_bursty_r1,forecast,hot_humid,bursty,1,39.471,39.171,38.971,36.471,25.0,45.0,0.0,,100.0,2.0,,,,0,cooldown
2026-07-07T20:35:28,forecast_hot_humid_bursty_r1,forecast,hot_humid,bursty,1,39.459,39.159,38.959,36.459,25.0,45.0,0.0,,100.0,2.0,,,,0,cooldown
2026-07-07T20:35:28,forecast_hot_humid_bursty_r1,forecast,hot_humid,bursty,1,39.448,39.148,38.948,36.448,25.0,45.0,0.0,,100.0,2.0,,,,0,cooldown
2026-07-07T20:35:28,forecast_hot_humid_bursty_r1,forecast,hot_humid,bursty,1,39.437,39.137,38.937,36.437,25.0,45.0,0.0,,100.0,2.0,,,,0,cooldown
2026-07-07T20:35:28,forecast_hot_humid_bursty_r1,forecast,hot_humid,bursty,1,39.425,39.125,38.925,36.425,25.0,45.0,0.0,,100.0,2.0,,,,0,cooldown
2026-07-07T20:35:28,forecast_hot_humid_bursty_r1,forecast,hot_humid,bursty,1,39.414,39.114,38.914,36.414,25.0,45.0,0.0,,100.0,2.0,,,,0,cooldown
2026-07-07T20:35:28,forecast_hot_humid_bursty_r1,forecast,hot_humid,bursty,1,39.402,39.102,38.902,36.402,25.0,45.0,0.0,,100.0,2.0,,,,0,cooldown
2026-07-07T20:35:28,forecast_hot_humid_bursty_r1,forecast,hot_humid,bursty,1,39.391,39.091,38.891,36.391,25.0,45.0,0.0,,100.0,2.0,,,,0,cooldown
2026-07-07T20:35:28,forecast_hot_humid_bursty_r1,forecast,hot_humid,bursty,1,39.38,39.08,38.88,36.38,25.0,45.0,0.0,,100.0,2.0,,,,0,cooldown
2026-07-07T20:35:28,forecast_hot_humid_bursty_r1,forecast,hot_humid,bursty,1,39.368,39.068,38.868,36.368,25.0,45.0,0.0,,100.0,2.0,,,,0,cooldown
2026-07-07T20:35:28,forecast_hot_humid_bursty_r1,forecast,hot_humid,bursty,1,39.357,39.057,38.857,36.357,25.0,45.0,0.0,,100.0,2.0,,,,0,cooldown
2026-07-07T20:35:28,forecast_hot_humid_bursty_r1,forecast,hot_humid,bursty,1,39.346,39.046,38.846,36.346,25.0,45.0,0.0,,100.0,2.0,,,,0,cooldown
2026-07-07T20:35:28,forecast_hot_humid_bursty_r1,forecast,hot_humid,bursty,1,39.334,39.034,38.834,36.334,25.0,45.0,0.0,,100.0,2.0,,,,0,cooldown
2026-07-07T20:35:28,forecast_hot_humid_bursty_r1,forecast,hot_humid,bursty,1,39.323,39.023,38.823,36.323,25.0,45.0,0.0,,100.0,2.0,,,,0,cooldown
2026-07-07T20:35:28,forecast_hot_humid_bursty_r1,forecast,hot_humid,bursty,1,39.312,39.012,38.812,36.312,25.0,45.0,0.0,,100.0,2.0,,,,0,cooldown
2026-07-07T20:35:28,forecast_hot_humid_bursty_r1,forecast,hot_humid,bursty,1,39.3,39.0,38.8,36.3,25.0,45.0,0.0,,100.0,2.0,,,,0,cooldown
2026-07-07T20:35:28,forecast_hot_humid_bursty_r1,forecast,hot_humid,bursty,1,39.289,38.989,38.789,36.289,25.0,45.0,0.0,,100.0,2.0,,,,0,cooldown
2026-07-07T20:35:28,forecast_hot_humid_bursty_r1,forecast,hot_humid,bursty,1,39.278,38.978,38.778,36.278,25.0,45.0,0.0,,100.0,2.0,,,,0,cooldown
2026-07-07T20:35:28,forecast_hot_humid_bursty_r1,forecast,hot_humid,bursty,1,39.267,38.967,38.767,36.267,25.0,45.0,0.0,,100.0,2.0,,,,0,cooldown
2026-07-07T20:35:28,forecast_hot_humid_bursty_r1,forecast,hot_humid,bursty,1,39.255,38.955,38.755,36.255,25.0,45.0,0.0,,100.0,2.0,,,,0,cooldown
2026-07-07T20:35:28,forecast_hot_humid_bursty_r1,forecast,hot_humid,bursty,1,39.244,38.944,38.744,36.244,25.0,45.0,0.0,,100.0,2.0,,,,0,cooldown
2026-07-07T20:35:28,forecast_hot_humid_bursty_r1,forecast,hot_humid,bursty,1,39.233,38.933,38.733,36.233,25.0,45.0,0.0,,100.0,2.0,,,,0,cooldown
2026-07-07T20:35:28,forecast_hot_humid_bursty_r1,forecast,hot_humid,bursty,1,39.222,38.922,38.722,36.222,25.0,45.0,0.0,,100.0,2.0,,,,0,cooldown
2026-07-07T20:35:28,forecast_hot_humid_bursty_r1,forecast,hot_humid,bursty,1,39.21,38.91,38.71,36.21,25.0,45.0,0.0,,100.0,2.0,,,,0,cooldown
2026-07-07T20:35:28,forecast_hot_humid_bursty_r1,forecast,hot_humid,bursty,1,39.199,38.899,38.699,36.199,25.0,45.0,0.0,,100.0,2.0,,,,0,cooldown
2026-07-07T20:35:28,forecast_hot_humid_bursty_r1,forecast,hot_humid,bursty,1,39.188,38.888,38.688,36.188,25.0,45.0,0.0,,100.0,2.0,,,,0,cooldown
2026-07-07T20:35:28,forecast_hot_humid_bursty_r1,forecast,hot_humid,bursty,1,39.177,38.877,38.677,36.177,25.0,45.0,0.0,,100.0,2.0,,,,0,cooldown
2026-07-07T20:35:28,forecast_hot_humid_bursty_r1,forecast,hot_humid,bursty,1,39.165,38.865,38.665,36.165,25.0,45.0,0.0,,100.0,2.0,,,,0,cooldown
2026-07-07T20:35:28,forecast_hot_humid_bursty_r1,forecast,hot_humid,bursty,1,39.154,38.854,38.654,36.154,25.0,45.0,0.0,,100.0,2.0,,,,0,cooldown
2026-07-07T20:35:28,forecast_hot_humid_bursty_r1,forecast,hot_humid,bursty,1,39.143,38.843,38.643,36.143,25.0,45.0,0.0,,100.0,2.0,,,,0,cooldown
2026-07-07T20:35:28,forecast_hot_humid_bursty_r1,forecast,hot_humid,bursty,1,39.132,38.832,38.632,36.132,25.0,45.0,0.0,,100.0,2.0,,,,0,cooldown
2026-07-07T20:35:28,forecast_hot_humid_bursty_r1,forecast,hot_humid,bursty,1,39.121,38.821,38.621,36.121,25.0,45.0,0.0,,100.0,2.0,,,,0,cooldown
2026-07-07T20:35:28,forecast_hot_humid_bursty_r1,forecast,hot_humid,bursty,1,39.11,38.81,38.61,36.11,25.0,45.0,0.0,,100.0,2.0,,,,0,cooldown
2026-07-07T20:35:28,forecast_hot_humid_bursty_r1,forecast,hot_humid,bursty,1,39.098,38.798,38.598,36.098,25.0,45.0,0.0,,100.0,2.0,,,,0,cooldown
2026-07-07T20:35:28,forecast_hot_humid_bursty_r1,forecast,hot_humid,bursty,1,39.087,38.787,38.587,36.087,25.0,45.0,0.0,,100.0,2.0,,,,0,cooldown
2026-07-07T20:35:28,forecast_hot_humid_bursty_r1,forecast,hot_humid,bursty,1,39.076,38.776,38.576,36.076,25.0,45.0,0.0,,100.0,2.0,,,,0,cooldown
2026-07-07T20:35:28,forecast_hot_humid_bursty_r1,forecast,hot_humid,bursty,1,39.065,38.765,38.565,36.065,25.0,45.0,0.0,,100.0,2.0,,,,0,cooldown
2026-07-07T20:35:28,forecast_hot_humid_bursty_r1,forecast,hot_humid,bursty,1,39.054,38.754,38.554,36.054,25.0,45.0,0.0,,100.0,2.0,,,,0,cooldown
2026-07-07T20:35:28,forecast_hot_humid_bursty_r1,forecast,hot_humid,bursty,1,39.043,38.743,38.543,36.043,25.0,45.0,0.0,,100.0,2.0,,,,0,cooldown
2026-07-07T20:35:28,forecast_hot_humid_bursty_r1,forecast,hot_humid,bursty,1,39.032,38.732,38.532,36.032,25.0,45.0,0.0,,100.0,2.0,,,,0,cooldown
2026-07-07T20:35:28,forecast_hot_humid_bursty_r1,forecast,hot_humid,bursty,1,39.021,38.721,38.521,36.021,25.0,45.0,0.0,,100.0,2.0,,,,0,cooldown
2026-07-07T20:35:28,forecast_hot_humid_bursty_r1,forecast,hot_humid,bursty,1,39.01,38.71,38.51,36.01,25.0,45.0,0.0,,100.0,2.0,,,,0,cooldown
2026-07-07T20:35:28,forecast_hot_humid_bursty_r1,forecast,hot_humid,bursty,1,38.999,38.699,38.499,35.999,25.0,45.0,0.0,,100.0,2.0,,,,0,cooldown
2026-07-07T20:35:28,forecast_hot_humid_bursty_r1,forecast,hot_humid,bursty,1,38.988,38.688,38.488,35.988,25.0,45.0,0.0,,100.0,2.0,,,,0,cooldown
2026-07-07T20:35:28,forecast_hot_humid_bursty_r1,forecast,hot_humid,bursty,1,38.977,38.677,38.477,35.977,25.0,45.0,0.0,,100.0,2.0,,,,0,cooldown
2026-07-07T20:35:28,forecast_hot_humid_bursty_r1,forecast,hot_humid,bursty,1,38.966,38.666,38.466,35.966,25.0,45.0,0.0,,100.0,2.0,,,,0,cooldown
2026-07-07T20:35:28,forecast_hot_humid_bursty_r1,forecast,hot_humid,bursty,1,38.954,38.654,38.454,35.954,25.0,45.0,0.0,,100.0,2.0,,,,0,cooldown
2026-07-07T20:35:28,forecast_hot_humid_bursty_r1,forecast,hot_humid,bursty,1,38.943,38.643,38.443,35.943,25.0,45.0,0.0,,100.0,2.0,,,,0,cooldown
2026-07-07T20:35:28,forecast_hot_humid_bursty_r1,forecast,hot_humid,bursty,1,38.932,38.632,38.432,35.932,25.0,45.0,0.0,,100.0,2.0,,,,0,cooldown
2026-07-07T20:35:28,forecast_hot_humid_bursty_r1,forecast,hot_humid,bursty,1,38.921,38.621,38.421,35.921,25.0,45.0,0.0,,100.0,2.0,,,,0,cooldown
2026-07-07T20:35:28,forecast_hot_humid_bursty_r1,forecast,hot_humid,bursty,1,38.91,38.61,38.41,35.91,25.0,45.0,0.0,,100.0,2.0,,,,0,cooldown
2026-07-07T20:35:28,forecast_hot_humid_bursty_r1,forecast,hot_humid,bursty,1,38.899,38.599,38.399,35.899,25.0,45.0,0.0,,100.0,2.0,,,,0,cooldown
2026-07-07T20:35:28,forecast_hot_humid_bursty_r1,forecast,hot_humid,bursty,1,38.889,38.589,38.389,35.889,25.0,45.0,0.0,,100.0,2.0,,,,0,cooldown
2026-07-07T20:35:28,forecast_hot_humid_bursty_r1,forecast,hot_humid,bursty,1,38.878,38.578,38.378,35.878,25.0,45.0,0.0,,100.0,2.0,,,,0,cooldown
2026-07-07T20:35:28,forecast_hot_humid_bursty_r1,forecast,hot_humid,bursty,1,38.867,38.567,38.367,35.867,25.0,45.0,0.0,,100.0,2.0,,,,0,cooldown
2026-07-07T20:35:28,forecast_hot_humid_bursty_r1,forecast,hot_humid,bursty,1,38.856,38.556,38.356,35.856,25.0,45.0,0.0,,100.0,2.0,,,,0,cooldown
2026-07-07T20:35:28,forecast_hot_humid_bursty_r1,forecast,hot_humid,bursty,1,38.845,38.545,38.345,35.845,25.0,45.0,0.0,,100.0,2.0,,,,0,cooldown
2026-07-07T20:35:28,forecast_hot_humid_bursty_r1,forecast,hot_humid,bursty,1,38.834,38.534,38.334,35.834,25.0,45.0,0.0,,100.0,2.0,,,,0,cooldown
2026-07-07T20:35:28,forecast_hot_humid_bursty_r1,forecast,hot_humid,bursty,1,38.823,38.523,38.323,35.823,25.0,45.0,0.0,,100.0,2.0,,,,0,cooldown
2026-07-07T20:35:28,forecast_hot_humid_bursty_r1,forecast,hot_humid,bursty,1,38.812,38.512,38.312,35.812,25.0,45.0,0.0,,100.0,2.0,,,,0,cooldown
2026-07-07T20:35:28,forecast_hot_humid_bursty_r1,forecast,hot_humid,bursty,1,38.801,38.501,38.301,35.801,25.0,45.0,0.0,,100.0,2.0,,,,0,cooldown
2026-07-07T20:35:28,forecast_hot_humid_bursty_r1,forecast,hot_humid,bursty,1,38.79,38.49,38.29,35.79,25.0,45.0,0.0,,100.0,2.0,,,,0,cooldown
2026-07-07T20:35:28,forecast_hot_humid_bursty_r1,forecast,hot_humid,bursty,1,38.779,38.479,38.279,35.779,25.0,45.0,0.0,,100.0,2.0,,,,0,cooldown
2026-07-07T20:35:28,forecast_hot_humid_bursty_r1,forecast,hot_humid,bursty,1,38.768,38.468,38.268,35.768,25.0,45.0,0.0,,100.0,2.0,,,,0,cooldown
2026-07-07T20:35:28,forecast_hot_humid_bursty_r1,forecast,hot_humid,bursty,1,38.758,38.458,38.258,35.758,25.0,45.0,0.0,,100.0,2.0,,,,0,cooldown
2026-07-07T20:35:28,forecast_hot_humid_bursty_r1,forecast,hot_humid,bursty,1,38.747,38.447,38.247,35.747,25.0,45.0,0.0,,100.0,2.0,,,,0,cooldown
2026-07-07T20:35:28,forecast_hot_humid_bursty_r1,forecast,hot_humid,bursty,1,38.736,38.436,38.236,35.736,25.0,45.0,0.0,,100.0,2.0,,,,0,cooldown
2026-07-07T20:35:28,forecast_hot_humid_bursty_r1,forecast,hot_humid,bursty,1,38.725,38.425,38.225,35.725,25.0,45.0,0.0,,100.0,2.0,,,,0,cooldown
2026-07-07T20:35:28,forecast_hot_humid_bursty_r1,forecast,hot_humid,bursty,1,38.714,38.414,38.214,35.714,25.0,45.0,0.0,,100.0,2.0,,,,0,cooldown
2026-07-07T20:35:28,forecast_hot_humid_bursty_r1,forecast,hot_humid,bursty,1,38.703,38.403,38.203,35.703,25.0,45.0,0.0,,100.0,2.0,,,,0,cooldown
2026-07-07T20:35:28,forecast_hot_humid_bursty_r1,forecast,hot_humid,bursty,1,38.692,38.392,38.192,35.692,25.0,45.0,0.0,,100.0,2.0,,,,0,cooldown
2026-07-07T20:35:28,forecast_hot_humid_bursty_r1,forecast,hot_humid,bursty,1,38.682,38.382,38.182,35.682,25.0,45.0,0.0,,100.0,2.0,,,,0,cooldown
2026-07-07T20:35:28,forecast_hot_humid_bursty_r1,forecast,hot_humid,bursty,1,38.671,38.371,38.171,35.671,25.0,45.0,0.0,,100.0,2.0,,,,0,cooldown
2026-07-07T20:35:28,forecast_hot_humid_bursty_r1,forecast,hot_humid,bursty,1,38.66,38.36,38.16,35.66,25.0,45.0,0.0,,100.0,2.0,,,,0,cooldown
2026-07-07T20:35:28,forecast_hot_humid_bursty_r1,forecast,hot_humid,bursty,1,38.649,38.349,38.149,35.649,25.0,45.0,0.0,,100.0,2.0,,,,0,cooldown
2026-07-07T20:35:28,forecast_hot_humid_bursty_r1,forecast,hot_humid,bursty,1,38.639,38.339,38.139,35.639,25.0,45.0,0.0,,100.0,2.0,,,,0,cooldown
2026-07-07T20:35:28,forecast_hot_humid_bursty_r1,forecast,hot_humid,bursty,1,38.628,38.328,38.128,35.628,25.0,45.0,0.0,,100.0,2.0,,,,0,cooldown
2026-07-07T20:35:28,forecast_hot_humid_bursty_r1,forecast,hot_humid,bursty,1,38.617,38.317,38.117,35.617,25.0,45.0,0.0,,100.0,2.0,,,,0,cooldown
2026-07-07T20:35:28,forecast_hot_humid_bursty_r1,forecast,hot_humid,bursty,1,38.606,38.306,38.106,35.606,25.0,45.0,0.0,,100.0,2.0,,,,0,cooldown
2026-07-07T20:35:28,forecast_hot_humid_bursty_r1,forecast,hot_humid,bursty,1,38.595,38.295,38.095,35.595,25.0,45.0,0.0,,100.0,2.0,,,,0,cooldown
2026-07-07T20:35:28,forecast_hot_humid_bursty_r1,forecast,hot_humid,bursty,1,38.585,38.285,38.085,35.585,25.0,45.0,0.0,,100.0,2.0,,,,0,cooldown
2026-07-07T20:35:28,forecast_hot_humid_bursty_r1,forecast,hot_humid,bursty,1,38.574,38.274,38.074,35.574,25.0,45.0,0.0,,100.0,2.0,,,,0,cooldown
2026-07-07T20:35:28,forecast_hot_humid_bursty_r1,forecast,hot_humid,bursty,1,38.563,38.263,38.063,35.563,25.0,45.0,0.0,,100.0,2.0,,,,0,cooldown
2026-07-07T20:35:28,forecast_hot_humid_bursty_r1,forecast,hot_humid,bursty,1,38.553,38.253,38.053,35.553,25.0,45.0,0.0,,100.0,2.0,,,,0,cooldown
2026-07-07T20:35:28,forecast_hot_humid_bursty_r1,forecast,hot_humid,bursty,1,38.542,38.242,38.042,35.542,25.0,45.0,0.0,,100.0,2.0,,,,0,cooldown
2026-07-07T20:35:28,forecast_hot_humid_bursty_r1,forecast,hot_humid,bursty,1,38.531,38.231,38.031,35.531,25.0,45.0,0.0,,100.0,2.0,,,,0,cooldown
2026-07-07T20:35:28,forecast_hot_humid_bursty_r1,forecast,hot_humid,bursty,1,38.521,38.221,38.021,35.521,25.0,45.0,0.0,,100.0,2.0,,,,0,cooldown
2026-07-07T20:35:28,forecast_hot_humid_bursty_r1,forecast,hot_humid,bursty,1,38.51,38.21,38.01,35.51,25.0,45.0,0.0,,100.0,2.0,,,,0,cooldown
2026-07-07T20:35:28,forecast_hot_humid_bursty_r1,forecast,hot_humid,bursty,1,38.499,38.199,37.999,35.499,25.0,45.0,0.0,,100.0,2.0,,,,0,cooldown
2026-07-07T20:35:28,forecast_hot_humid_bursty_r1,forecast,hot_humid,bursty,1,38.489,38.189,37.989,35.489,25.0,45.0,0.0,,100.0,2.0,,,,0,cooldown
2026-07-07T20:35:28,forecast_hot_humid_bursty_r1,forecast,hot_humid,bursty,1,38.478,38.178,37.978,35.478,25.0,45.0,0.0,,100.0,2.0,,,,0,cooldown
2026-07-07T20:35:28,forecast_hot_humid_bursty_r1,forecast,hot_humid,bursty,1,38.467,38.167,37.967,35.467,25.0,45.0,0.0,,100.0,2.0,,,,0,cooldown
2026-07-07T20:35:28,forecast_hot_humid_bursty_r1,forecast,hot_humid,bursty,1,38.457,38.157,37.957,35.457,25.0,45.0,0.0,,100.0,2.0,,,,0,cooldown
2026-07-07T20:35:28,forecast_hot_humid_bursty_r1,forecast,hot_humid,bursty,1,38.446,38.146,37.946,35.446,25.0,45.0,0.0,,100.0,2.0,,,,0,cooldown
2026-07-07T20:35:28,forecast_hot_humid_bursty_r1,forecast,hot_humid,bursty,1,38.435,38.135,37.935,35.435,25.0,45.0,0.0,,100.0,2.0,,,,0,cooldown
2026-07-07T20:35:28,forecast_hot_humid_bursty_r1,forecast,hot_humid,bursty,1,38.425,38.125,37.925,35.425,25.0,45.0,0.0,,100.0,2.0,,,,0,cooldown
2026-07-07T20:35:28,forecast_hot_humid_bursty_r1,forecast,hot_humid,bursty,1,38.414,38.114,37.914,35.414,25.0,45.0,0.0,,100.0,2.0,,,,0,cooldown
2026-07-07T20:35:28,forecast_hot_humid_bursty_r1,forecast,hot_humid,bursty,1,38.404,38.104,37.904,35.404,25.0,45.0,0.0,,100.0,2.0,,,,0,cooldown
2026-07-07T20:35:28,forecast_hot_humid_bursty_r1,forecast,hot_humid,bursty,1,38.393,38.093,37.893,35.393,25.0,45.0,0.0,,100.0,2.0,,,,0,cooldown
2026-07-07T20:35:28,forecast_hot_humid_bursty_r1,forecast,hot_humid,bursty,1,38.382,38.082,37.882,35.382,25.0,45.0,0.0,,100.0,2.0,,,,0,cooldown
2026-07-07T20:35:28,forecast_hot_humid_bursty_r1,forecast,hot_humid,bursty,1,38.372,38.072,37.872,35.372,25.0,45.0,0.0,,100.0,2.0,,,,0,cooldown
2026-07-07T20:35:28,forecast_hot_humid_bursty_r1,forecast,hot_humid,bursty,1,38.361,38.061,37.861,35.361,25.0,45.0,0.0,,100.0,2.0,,,,0,cooldown
2026-07-07T20:35:28,forecast_hot_humid_bursty_r1,forecast,hot_humid,bursty,1,38.351,38.051,37.851,35.351,25.0,45.0,0.0,,100.0,2.0,,,,0,cooldown
2026-07-07T20:35:28,forecast_hot_humid_bursty_r1,forecast,hot_humid,bursty,1,38.34,38.04,37.84,35.34,25.0,45.0,0.0,,100.0,2.0,,,,0,cooldown
2026-07-07T20:35:28,forecast_hot_humid_bursty_r1,forecast,hot_humid,bursty,1,38.33,38.03,37.83,35.33,25.0,45.0,0.0,,100.0,2.0,,,,0,cooldown
2026-07-07T20:35:28,forecast_hot_humid_bursty_r1,forecast,hot_humid,bursty,1,38.319,38.019,37.819,35.319,25.0,45.0,0.0,,100.0,2.0,,,,0,cooldown
2026-07-07T20:35:28,forecast_hot_humid_bursty_r1,forecast,hot_humid,bursty,1,38.309,38.009,37.809,35.309,25.0,45.0,0.0,,100.0,2.0,,,,0,cooldown
2026-07-07T20:35:28,forecast_hot_humid_bursty_r1,forecast,hot_humid,bursty,1,38.298,37.998,37.798,35.298,25.0,45.0,0.0,,100.0,2.0,,,,0,cooldown
2026-07-07T20:35:28,forecast_hot_humid_bursty_r1,forecast,hot_humid,bursty,1,38.288,37.988,37.788,35.288,25.0,45.0,0.0,,100.0,2.0,,,,0,cooldown
2026-07-07T20:35:28,forecast_hot_humid_bursty_r1,forecast,hot_humid,bursty,1,38.277,37.977,37.777,35.277,25.0,45.0,0.0,,100.0,2.0,,,,0,cooldown
2026-07-07T20:35:28,forecast_hot_humid_bursty_r1,forecast,hot_humid,bursty,1,38.267,37.967,37.767,35.267,25.0,45.0,0.0,,100.0,2.0,,,,0,cooldown
2026-07-07T20:35:28,forecast_hot_humid_bursty_r1,forecast,hot_humid,bursty,1,38.256,37.956,37.756,35.256,25.0,45.0,0.0,,100.0,2.0,,,,0,cooldown
2026-07-07T20:35:28,forecast_hot_humid_bursty_r1,forecast,hot_humid,bursty,1,38.246,37.946,37.746,35.246,25.0,45.0,0.0,,100.0,2.0,,,,0,cooldown
2026-07-07T20:35:28,forecast_hot_humid_bursty_r1,forecast,hot_humid,bursty,1,38.235,37.935,37.735,35.235,25.0,45.0,0.0,,100.0,2.0,,,,0,cooldown
2026-07-07T20:35:28,forecast_hot_humid_bursty_r1,forecast,hot_humid,bursty,1,38.225,37.925,37.725,35.225,25.0,45.0,0.0,,100.0,2.0,,,,0,cooldown
2026-07-07T20:35:28,forecast_hot_humid_bursty_r1,forecast,hot_humid,bursty,1,38.214,37.914,37.714,35.214,25.0,45.0,0.0,,100.0,2.0,,,,0,cooldown
2026-07-07T20:35:28,forecast_hot_humid_bursty_r1,forecast,hot_humid,bursty,1,38.204,37.904,37.704,35.204,25.0,45.0,0.0,,100.0,2.0,,,,0,cooldown
2026-07-07T20:35:28,forecast_hot_humid_bursty_r1,forecast,hot_humid,bursty,1,38.194,37.894,37.694,35.194,25.0,45.0,0.0,,100.0,2.0,,,,0,cooldown
2026-07-07T20:35:28,forecast_hot_humid_bursty_r1,forecast,hot_humid,bursty,1,38.183,37.883,37.683,35.183,25.0,45.0,0.0,,100.0,2.0,,,,0,cooldown
2026-07-07T20:35:28,forecast_hot_humid_bursty_r1,forecast,hot_humid,bursty,1,38.173,37.873,37.673,35.173,25.0,45.0,0.0,,100.0,2.0,,,,0,cooldown
2026-07-07T20:35:28,forecast_hot_humid_bursty_r1,forecast,hot_humid,bursty,1,38.162,37.862,37.662,35.162,25.0,45.0,0.0,,100.0,2.0,,,,0,cooldown
2026-07-07T20:35:28,forecast_hot_humid_bursty_r1,forecast,hot_humid,bursty,1,38.152,37.852,37.652,35.152,25.0,45.0,0.0,,100.0,2.0,,,,0,cooldown
2026-07-07T20:35:28,forecast_hot_humid_bursty_r1,forecast,hot_humid,bursty,1,38.142,37.842,37.642,35.142,25.0,45.0,0.0,,100.0,2.0,,,,0,cooldown
2026-07-07T20:35:28,forecast_hot_humid_bursty_r1,forecast,hot_humid,bursty,1,38.131,37.831,37.631,35.131,25.0,45.0,0.0,,100.0,2.0,,,,0,cooldown
2026-07-07T20:35:28,forecast_hot_humid_bursty_r1,forecast,hot_humid,bursty,1,38.121,37.821,37.621,35.121,25.0,45.0,0.0,,100.0,2.0,,,,0,cooldown
2026-07-07T20:35:28,forecast_hot_humid_bursty_r1,forecast,hot_humid,bursty,1,38.11,37.81,37.61,35.11,25.0,45.0,0.0,,100.0,2.0,,,,0,cooldown
2026-07-07T20:35:28,forecast_hot_humid_bursty_r1,forecast,hot_humid,bursty,1,38.1,37.8,37.6,35.1,25.0,45.0,0.0,,100.0,2.0,,,,0,cooldown
2026-07-07T20:35:28,forecast_hot_humid_bursty_r1,forecast,hot_humid,bursty,1,38.09,37.79,37.59,35.09,25.0,45.0,0.0,,100.0,2.0,,,,0,cooldown
2026-07-07T20:35:28,forecast_hot_humid_bursty_r1,forecast,hot_humid,bursty,1,38.079,37.779,37.579,35.079,25.0,45.0,0.0,,100.0,2.0,,,,0,cooldown
2026-07-07T20:35:28,forecast_hot_humid_bursty_r1,forecast,hot_humid,bursty,1,38.069,37.769,37.569,35.069,25.0,45.0,0.0,,100.0,2.0,,,,0,cooldown
2026-07-07T20:35:28,forecast_hot_humid_bursty_r1,forecast,hot_humid,bursty,1,38.059,37.759,37.559,35.059,25.0,45.0,0.0,,100.0,2.0,,,,0,cooldown
2026-07-07T20:35:28,forecast_hot_humid_bursty_r1,forecast,hot_humid,bursty,1,38.048,37.748,37.548,35.048,25.0,45.0,0.0,,100.0,2.0,,,,0,cooldown
2026-07-07T20:35:28,forecast_hot_humid_bursty_r1,forecast,hot_humid,bursty,1,38.038,37.738,37.538,35.038,25.0,45.0,0.0,,100.0,2.0,,,,0,cooldown
2026-07-07T20:35:28,forecast_hot_humid_bursty_r1,forecast,hot_humid,bursty,1,38.028,37.728,37.528,35.028,25.0,45.0,0.0,,100.0,2.0,,,,0,cooldown
2026-07-07T20:35:28,forecast_hot_humid_bursty_r1,forecast,hot_humid,bursty,1,38.018,37.718,37.518,35.018,25.0,45.0,0.0,,100.0,2.0,,,,0,cooldown
2026-07-07T20:35:28,forecast_hot_humid_bursty_r1,forecast,hot_humid,bursty,1,38.007,37.707,37.507,35.007,25.0,45.0,0.0,,100.0,2.0,,,,0,cooldown
2026-07-07T20:35:28,forecast_hot_humid_bursty_r1,forecast,hot_humid,bursty,1,37.997,37.697,37.497,34.997,25.0,45.0,0.0,,100.0,2.0,,,,0,cooldown
2026-07-07T20:35:28,forecast_hot_humid_bursty_r1,forecast,hot_humid,bursty,1,37.987,37.687,37.487,34.987,25.0,45.0,0.0,,100.0,2.0,,,,0,cooldown
2026-07-07T20:35:28,forecast_hot_humid_bursty_r1,forecast,hot_humid,bursty,1,37.977,37.677,37.477,34.977,25.0,45.0,0.0,,100.0,2.0,,,,0,cooldown
2026-07-07T20:35:28,forecast_hot_humid_bursty_r1,forecast,hot_humid,bursty,1,37.966,37.666,37.466,34.966,25.0,45.0,0.0,,100.0,2.0,,,,0,cooldown
2026-07-07T20:35:28,forecast_hot_humid_bursty_r1,forecast,hot_humid,bursty,1,37.956,37.656,37.456,34.956,25.0,45.0,0.0,,100.0,2.0,,,,0,cooldown
2026-07-07T20:35:28,forecast_hot_humid_bursty_r1,forecast,hot_humid,bursty,1,37.946,37.646,37.446,34.946,25.0,45.0,0.0,,100.0,2.0,,,,0,cooldown
2026-07-07T20:35:28,forecast_hot_humid_bursty_r1,forecast,hot_humid,bursty,1,37.936,37.636,37.436,34.936,25.0,45.0,0.0,,100.0,2.0,,,,0,cooldown
2026-07-07T20:35:28,forecast_hot_humid_bursty_r1,forecast,hot_humid,bursty,1,37.925,37.625,37.425,34.925,25.0,45.0,0.0,,100.0,2.0,,,,0,cooldown
2026-07-07T20:35:28,forecast_hot_humid_bursty_r1,forecast,hot_humid,bursty,1,37.915,37.615,37.415,34.915,25.0,45.0,0.0,,100.0,2.0,,,,0,cooldown
2026-07-07T20:35:28,forecast_hot_humid_bursty_r1,forecast,hot_humid,bursty,1,37.905,37.605,37.405,34.905,25.0,45.0,0.0,,100.0,2.0,,,,0,cooldown
2026-07-07T20:35:28,forecast_hot_humid_bursty_r1,forecast,hot_humid,bursty,1,37.895,37.595,37.395,34.895,25.0,45.0,0.0,,100.0,2.0,,,,0,cooldown
2026-07-07T20:35:28,forecast_hot_humid_bursty_r1,forecast,hot_humid,bursty,1,37.885,37.585,37.385,34.885,25.0,45.0,0.0,,100.0,2.0,,,,0,cooldown
2026-07-07T20:35:28,forecast_hot_humid_bursty_r1,forecast,hot_humid,bursty,1,37.874,37.574,37.374,34.874,25.0,45.0,0.0,,100.0,2.0,,,,0,cooldown
2026-07-07T20:35:28,forecast_hot_humid_bursty_r1,forecast,hot_humid,bursty,1,37.864,37.564,37.364,34.864,25.0,45.0,0.0,,100.0,2.0,,,,0,cooldown
2026-07-07T20:35:28,forecast_hot_humid_bursty_r1,forecast,hot_humid,bursty,1,37.854,37.554,37.354,34.854,25.0,45.0,0.0,,100.0,2.0,,,,0,cooldown
2026-07-07T20:35:28,forecast_hot_humid_bursty_r1,forecast,hot_humid,bursty,1,37.844,37.544,37.344,34.844,25.0,45.0,0.0,,100.0,2.0,,,,0,cooldown
2026-07-07T20:35:28,forecast_hot_humid_bursty_r1,forecast,hot_humid,bursty,1,37.834,37.534,37.334,34.834,25.0,45.0,0.0,,100.0,2.0,,,,0,cooldown
2026-07-07T20:35:28,forecast_hot_humid_bursty_r1,forecast,hot_humid,bursty,1,37.824,37.524,37.324,34.824,25.0,45.0,0.0,,100.0,2.0,,,,0,cooldown
2026-07-07T20:35:28,forecast_hot_humid_bursty_r1,forecast,hot_humid,bursty,1,37.814,37.514,37.314,34.814,25.0,45.0,0.0,,100.0,2.0,,,,0,cooldown
2026-07-07T20:35:28,forecast_hot_humid_bursty_r1,forecast,hot_humid,bursty,1,37.803,37.503,37.303,34.803,25.0,45.0,0.0,,100.0,2.0,,,,0,cooldown
2026-07-07T20:35:28,forecast_hot_humid_bursty_r1,forecast,hot_humid,bursty,1,37.793,37.493,37.293,34.793,25.0,45.0,0.0,,100.0,2.0,,,,0,cooldown
2026-07-07T20:35:28,forecast_hot_humid_bursty_r1,forecast,hot_humid,bursty,1,37.783,37.483,37.283,34.783,25.0,45.0,0.0,,100.0,2.0,,,,0,cooldown
2026-07-07T20:35:28,forecast_hot_humid_bursty_r1,forecast,hot_humid,bursty,1,37.773,37.473,37.273,34.773,25.0,45.0,0.0,,100.0,2.0,,,,0,cooldown
2026-07-07T20:35:28,forecast_hot_humid_bursty_r1,forecast,hot_humid,bursty,1,37.763,37.463,37.263,34.763,25.0,45.0,0.0,,100.0,2.0,,,,0,cooldown
2026-07-07T20:35:28,forecast_hot_humid_bursty_r1,forecast,hot_humid,bursty,1,37.753,37.453,37.253,34.753,25.0,45.0,0.0,,100.0,2.0,,,,0,cooldown
2026-07-07T20:35:28,forecast_hot_humid_bursty_r1,forecast,hot_humid,bursty,1,37.743,37.443,37.243,34.743,25.0,45.0,0.0,,100.0,2.0,,,,0,cooldown
2026-07-07T20:35:28,forecast_hot_humid_bursty_r1,forecast,hot_humid,bursty,1,37.733,37.433,37.233,34.733,25.0,45.0,0.0,,100.0,2.0,,,,0,cooldown
2026-07-07T20:35:28,forecast_hot_humid_bursty_r1,forecast,hot_humid,bursty,1,37.723,37.423,37.223,34.723,25.0,45.0,0.0,,100.0,2.0,,,,0,cooldown
2026-07-07T20:35:28,forecast_hot_humid_bursty_r1,forecast,hot_humid,bursty,1,37.713,37.413,37.213,34.713,25.0,45.0,0.0,,100.0,2.0,,,,0,cooldown
2026-07-07T20:35:28,forecast_hot_humid_bursty_r1,forecast,hot_humid,bursty,1,37.703,37.403,37.203,34.703,25.0,45.0,0.0,,100.0,2.0,,,,0,cooldown
2026-07-07T20:35:28,forecast_hot_humid_bursty_r1,forecast,hot_humid,bursty,1,37.693,37.393,37.193,34.693,25.0,45.0,0.0,,100.0,2.0,,,,0,cooldown
2026-07-07T20:35:28,forecast_hot_humid_bursty_r1,forecast,hot_humid,bursty,1,37.683,37.383,37.183,34.683,25.0,45.0,0.0,,100.0,2.0,,,,0,cooldown
2026-07-07T20:35:28,forecast_hot_humid_bursty_r1,forecast,hot_humid,bursty,1,37.673,37.373,37.173,34.673,25.0,45.0,0.0,,100.0,2.0,,,,0,cooldown
2026-07-07T20:35:28,forecast_hot_humid_bursty_r1,forecast,hot_humid,bursty,1,37.663,37.363,37.163,34.663,25.0,45.0,0.0,,100.0,2.0,,,,0,cooldown
2026-07-07T20:35:28,forecast_hot_humid_bursty_r1,forecast,hot_humid,bursty,1,37.653,37.353,37.153,34.653,25.0,45.0,0.0,,100.0,2.0,,,,0,cooldown
2026-07-07T20:35:28,forecast_hot_humid_bursty_r1,forecast,hot_humid,bursty,1,37.643,37.343,37.143,34.643,25.0,45.0,0.0,,100.0,2.0,,,,0,cooldown
2026-07-07T20:35:28,forecast_hot_humid_bursty_r1,forecast,hot_humid,bursty,1,37.633,37.333,37.133,34.633,25.0,45.0,0.0,,100.0,2.0,,,,0,cooldown
2026-07-07T20:35:28,forecast_hot_humid_bursty_r1,forecast,hot_humid,bursty,1,37.623,37.323,37.123,34.623,25.0,45.0,0.0,,100.0,2.0,,,,0,cooldown
2026-07-07T20:35:28,forecast_hot_humid_bursty_r1,forecast,hot_humid,bursty,1,37.613,37.313,37.113,34.613,25.0,45.0,0.0,,100.0,2.0,,,,0,cooldown
2026-07-07T20:35:28,forecast_hot_humid_bursty_r1,forecast,hot_humid,bursty,1,37.603,37.303,37.103,34.603,25.0,45.0,0.0,,100.0,2.0,,,,0,cooldown
2026-07-07T20:35:28,forecast_hot_humid_bursty_r1,forecast,hot_humid,bursty,1,37.593,37.293,37.093,34.593,25.0,45.0,0.0,,100.0,2.0,,,,0,cooldown
2026-07-07T20:35:28,forecast_hot_humid_bursty_r1,forecast,hot_humid,bursty,1,37.583,37.283,37.083,34.583,25.0,45.0,0.0,,100.0,2.0,,,,0,cooldown
2026-07-07T20:35:28,forecast_hot_humid_bursty_r1,forecast,hot_humid,bursty,1,37.573,37.273,37.073,34.573,25.0,45.0,0.0,,100.0,2.0,,,,0,cooldown
2026-07-07T20:35:28,forecast_hot_humid_bursty_r1,forecast,hot_humid,bursty,1,37.563,37.263,37.063,34.563,25.0,45.0,0.0,,100.0,2.0,,,,0,cooldown
2026-07-07T20:35:28,forecast_hot_humid_bursty_r1,forecast,hot_humid,bursty,1,37.553,37.253,37.053,34.553,25.0,45.0,0.0,,100.0,2.0,,,,0,cooldown
2026-07-07T20:35:28,forecast_hot_humid_bursty_r1,forecast,hot_humid,bursty,1,37.543,37.243,37.043,34.543,25.0,45.0,0.0,,100.0,2.0,,,,0,cooldown
2026-07-07T20:35:28,forecast_hot_humid_bursty_r1,forecast,hot_humid,bursty,1,37.533,37.233,37.033,34.533,25.0,45.0,0.0,,100.0,2.0,,,,0,cooldown
2026-07-07T20:35:28,forecast_hot_humid_bursty_r1,forecast,hot_humid,bursty,1,37.523,37.223,37.023,34.523,25.0,45.0,0.0,,100.0,2.0,,,,0,cooldown
2026-07-07T20:35:28,forecast_hot_humid_bursty_r1,forecast,hot_humid,bursty,1,37.514,37.214,37.014,34.514,25.0,45.0,0.0,,100.0,2.0,,,,0,cooldown
2026-07-07T20:35:28,forecast_hot_humid_bursty_r1,forecast,hot_humid,bursty,1,37.504,37.204,37.004,34.504,25.0,45.0,0.0,,100.0,2.0,,,,0,cooldown
2026-07-07T20:35:28,forecast_hot_humid_bursty_r1,forecast,hot_humid,bursty,1,37.494,37.194,36.994,34.494,25.0,45.0,0.0,,100.0,2.0,,,,0,cooldown
2026-07-07T20:35:28,forecast_hot_humid_bursty_r1,forecast,hot_humid,bursty,1,37.484,37.184,36.984,34.484,25.0,45.0,0.0,,100.0,2.0,,,,0,cooldown
2026-07-07T20:35:28,forecast_hot_humid_bursty_r1,forecast,hot_humid,bursty,1,37.474,37.174,36.974,34.474,25.0,45.0,0.0,,100.0,2.0,,,,0,cooldown
2026-07-07T20:35:28,forecast_hot_humid_bursty_r1,forecast,hot_humid,bursty,1,37.464,37.164,36.964,34.464,25.0,45.0,0.0,,100.0,2.0,,,,0,cooldown
2026-07-07T20:35:28,forecast_hot_humid_bursty_r1,forecast,hot_humid,bursty,1,37.454,37.154,36.954,34.454,25.0,45.0,0.0,,100.0,2.0,,,,0,cooldown
2026-07-07T20:35:28,forecast_hot_humid_bursty_r1,forecast,hot_humid,bursty,1,37.445,37.145,36.945,34.445,25.0,45.0,0.0,,100.0,2.0,,,,0,cooldown
2026-07-07T20:35:28,forecast_hot_humid_bursty_r1,forecast,hot_humid,bursty,1,37.435,37.135,36.935,34.435,25.0,45.0,0.0,,100.0,2.0,,,,0,cooldown
2026-07-07T20:35:28,forecast_hot_humid_bursty_r1,forecast,hot_humid,bursty,1,37.425,37.125,36.925,34.425,25.0,45.0,0.0,,100.0,2.0,,,,0,cooldown
2026-07-07T20:35:28,forecast_hot_humid_bursty_r1,forecast,hot_humid,bursty,1,37.415,37.115,36.915,34.415,25.0,45.0,0.0,,100.0,2.0,,,,0,cooldown
2026-07-07T20:35:28,forecast_hot_humid_bursty_r1,forecast,hot_humid,bursty,1,37.405,37.105,36.905,34.405,25.0,45.0,0.0,,100.0,2.0,,,,0,cooldown
2026-07-07T20:35:28,forecast_hot_humid_bursty_r1,forecast,hot_humid,bursty,1,37.395,37.095,36.895,34.395,25.0,45.0,0.0,,100.0,2.0,,,,0,cooldown
2026-07-07T20:35:28,forecast_hot_humid_bursty_r1,forecast,hot_humid,bursty,1,37.386,37.086,36.886,34.386,25.0,45.0,0.0,,100.0,2.0,,,,0,cooldown
2026-07-07T20:35:28,forecast_hot_humid_bursty_r1,forecast,hot_humid,bursty,1,37.376,37.076,36.876,34.376,25.0,45.0,0.0,,100.0,2.0,,,,0,cooldown
2026-07-07T20:35:28,forecast_hot_humid_bursty_r1,forecast,hot_humid,bursty,1,37.366,37.066,36.866,34.366,25.0,45.0,0.0,,100.0,2.0,,,,0,cooldown
2026-07-07T20:35:28,forecast_hot_humid_bursty_r1,forecast,hot_humid,bursty,1,37.356,37.056,36.856,34.356,25.0,45.0,0.0,,100.0,2.0,,,,0,cooldown
2026-07-07T20:35:28,forecast_hot_humid_bursty_r1,forecast,hot_humid,bursty,1,37.347,37.047,36.847,34.347,25.0,45.0,0.0,,100.0,2.0,,,,0,cooldown
2026-07-07T20:35:28,forecast_hot_humid_bursty_r1,forecast,hot_humid,bursty,1,37.337,37.037,36.837,34.337,25.0,45.0,0.0,,100.0,2.0,,,,0,cooldown
2026-07-07T20:35:28,forecast_hot_humid_bursty_r1,forecast,hot_humid,bursty,1,37.327,37.027,36.827,34.327,25.0,45.0,0.0,,100.0,2.0,,,,0,cooldown
2026-07-07T20:35:28,forecast_hot_humid_bursty_r1,forecast,hot_humid,bursty,1,37.317,37.017,36.817,34.317,25.0,45.0,0.0,,100.0,2.0,,,,0,cooldown
2026-07-07T20:35:28,forecast_hot_humid_bursty_r1,forecast,hot_humid,bursty,1,37.308,37.008,36.808,34.308,25.0,45.0,0.0,,100.0,2.0,,,,0,cooldown
2026-07-07T20:35:28,forecast_hot_humid_bursty_r1,forecast,hot_humid,bursty,1,37.298,36.998,36.798,34.298,25.0,45.0,0.0,,100.0,2.0,,,,0,cooldown
2026-07-07T20:35:28,forecast_hot_humid_bursty_r1,forecast,hot_humid,bursty,1,37.288,36.988,36.788,34.288,25.0,45.0,0.0,,100.0,2.0,,,,0,cooldown
2026-07-07T20:35:28,forecast_hot_humid_bursty_r1,forecast,hot_humid,bursty,1,37.279,36.979,36.779,34.279,25.0,45.0,0.0,,100.0,2.0,,,,0,cooldown
2026-07-07T20:35:28,forecast_hot_humid_bursty_r1,forecast,hot_humid,bursty,1,37.269,36.969,36.769,34.269,25.0,45.0,0.0,,100.0,2.0,,,,0,cooldown
2026-07-07T20:35:28,forecast_hot_humid_bursty_r1,forecast,hot_humid,bursty,1,37.259,36.959,36.759,34.259,25.0,45.0,0.0,,100.0,2.0,,,,0,cooldown
2026-07-07T20:35:28,forecast_hot_humid_bursty_r1,forecast,hot_humid,bursty,1,37.25,36.95,36.75,34.25,25.0,45.0,0.0,,100.0,2.0,,,,0,cooldown
2026-07-07T20:35:28,forecast_hot_humid_bursty_r1,forecast,hot_humid,bursty,1,37.24,36.94,36.74,34.24,25.0,45.0,0.0,,100.0,2.0,,,,0,cooldown
2026-07-07T20:35:28,forecast_hot_humid_bursty_r1,forecast,hot_humid,bursty,1,37.23,36.93,36.73,34.23,25.0,45.0,0.0,,100.0,2.0,,,,0,cooldown
2026-07-07T20:35:28,forecast_hot_humid_bursty_r1,forecast,hot_humid,bursty,1,37.221,36.921,36.721,34.221,25.0,45.0,0.0,,100.0,2.0,,,,0,cooldown
2026-07-07T20:35:28,forecast_hot_humid_bursty_r1,forecast,hot_humid,bursty,1,37.211,36.911,36.711,34.211,25.0,45.0,0.0,,100.0,2.0,,,,0,cooldown
2026-07-07T20:35:28,forecast_hot_humid_bursty_r1,forecast,hot_humid,bursty,1,37.201,36.901,36.701,34.201,25.0,45.0,0.0,,100.0,2.0,,,,0,cooldown
2026-07-07T20:35:28,forecast_hot_humid_bursty_r1,forecast,hot_humid,bursty,1,37.192,36.892,36.692,34.192,25.0,45.0,0.0,,100.0,2.0,,,,0,cooldown
2026-07-07T20:35:28,forecast_hot_humid_bursty_r1,forecast,hot_humid,bursty,1,37.182,36.882,36.682,34.182,25.0,45.0,0.0,,100.0,2.0,,,,0,cooldown
2026-07-07T20:35:28,forecast_hot_humid_bursty_r1,forecast,hot_humid,bursty,1,37.172,36.872,36.672,34.172,25.0,45.0,0.0,,100.0,2.0,,,,0,cooldown
2026-07-07T20:35:28,forecast_hot_humid_bursty_r1,forecast,hot_humid,bursty,1,37.163,36.863,36.663,34.163,25.0,45.0,0.0,,100.0,2.0,,,,0,cooldown
2026-07-07T20:35:28,forecast_hot_humid_bursty_r1,forecast,hot_humid,bursty,1,37.153,36.853,36.653,34.153,25.0,45.0,0.0,,100.0,2.0,,,,0,cooldown
2026-07-07T20:35:28,forecast_hot_humid_bursty_r1,forecast,hot_humid,bursty,1,37.144,36.844,36.644,34.144,25.0,45.0,0.0,,100.0,2.0,,,,0,cooldown
2026-07-07T20:35:28,forecast_hot_humid_bursty_r1,forecast,hot_humid,bursty,1,37.134,36.834,36.634,34.134,25.0,45.0,0.0,,100.0,2.0,,,,0,cooldown
2026-07-07T20:35:28,forecast_hot_humid_bursty_r1,forecast,hot_humid,bursty,1,37.124,36.824,36.624,34.124,25.0,45.0,0.0,,100.0,2.0,,,,0,cooldown
2026-07-07T20:35:28,forecast_hot_humid_bursty_r1,forecast,hot_humid,bursty,1,37.115,36.815,36.615,34.115,25.0,45.0,0.0,,100.0,2.0,,,,0,cooldown
2026-07-07T20:35:28,forecast_hot_humid_bursty_r1,forecast,hot_humid,bursty,1,37.105,36.805,36.605,34.105,25.0,45.0,0.0,,100.0,2.0,,,,0,cooldown
2026-07-07T20:35:28,forecast_hot_humid_bursty_r1,forecast,hot_humid,bursty,1,37.096,36.796,36.596,34.096,25.0,45.0,0.0,,100.0,2.0,,,,0,cooldown
2026-07-07T20:35:28,forecast_hot_humid_bursty_r1,forecast,hot_humid,bursty,1,37.086,36.786,36.586,34.086,25.0,45.0,0.0,,100.0,2.0,,,,0,cooldown
2026-07-07T20:35:28,forecast_hot_humid_bursty_r1,forecast,hot_humid,bursty,1,37.077,36.777,36.577,34.077,25.0,45.0,0.0,,100.0,2.0,,,,0,cooldown
2026-07-07T20:35:28,forecast_hot_humid_bursty_r1,forecast,hot_humid,bursty,1,37.067,36.767,36.567,34.067,25.0,45.0,0.0,,100.0,2.0,,,,0,cooldown
2026-07-07T20:35:28,forecast_hot_humid_bursty_r1,forecast,hot_humid,bursty,1,37.058,36.758,36.558,34.058,25.0,45.0,0.0,,100.0,2.0,,,,0,cooldown
2026-07-07T20:35:28,forecast_hot_humid_bursty_r1,forecast,hot_humid,bursty,1,37.048,36.748,36.548,34.048,25.0,45.0,0.0,,100.0,2.0,,,,0,cooldown
2026-07-07T20:35:28,forecast_hot_humid_bursty_r1,forecast,hot_humid,bursty,1,37.039,36.739,36.539,34.039,25.0,45.0,0.0,,100.0,2.0,,,,0,cooldown
2026-07-07T20:35:28,forecast_hot_humid_bursty_r1,forecast,hot_humid,bursty,1,37.029,36.729,36.529,34.029,25.0,45.0,0.0,,100.0,2.0,,,,0,cooldown
2026-07-07T20:35:28,forecast_hot_humid_bursty_r1,forecast,hot_humid,bursty,1,37.02,36.72,36.52,34.02,25.0,45.0,0.0,,100.0,2.0,,,,0,cooldown
2026-07-07T20:35:28,forecast_hot_humid_bursty_r1,forecast,hot_humid,bursty,1,37.01,36.71,36.51,34.01,25.0,45.0,0.0,,100.0,2.0,,,,0,cooldown
2026-07-07T20:35:28,forecast_hot_humid_bursty_r1,forecast,hot_humid,bursty,1,37.001,36.701,36.501,34.001,25.0,45.0,0.0,,100.0,2.0,,,,0,cooldown
2026-07-07T20:35:28,forecast_hot_humid_bursty_r1,forecast,hot_humid,bursty,1,36.991,36.691,36.491,33.991,25.0,45.0,0.0,,100.0,2.0,,,,0,cooldown
2026-07-07T20:35:28,forecast_hot_humid_bursty_r1,forecast,hot_humid,bursty,1,36.982,36.682,36.482,33.982,25.0,45.0,0.0,,100.0,2.0,,,,0,cooldown
2026-07-07T20:35:28,forecast_hot_humid_bursty_r1,forecast,hot_humid,bursty,1,36.972,36.672,36.472,33.972,25.0,45.0,0.0,,100.0,2.0,,,,0,cooldown
2026-07-07T20:35:28,forecast_hot_humid_bursty_r1,forecast,hot_humid,bursty,1,36.963,36.663,36.463,33.963,25.0,45.0,0.0,,100.0,2.0,,,,0,cooldown
2026-07-07T20:35:28,forecast_hot_humid_bursty_r1,forecast,hot_humid,bursty,1,36.953,36.653,36.453,33.953,25.0,45.0,0.0,,100.0,2.0,,,,0,cooldown
2026-07-07T20:35:28,forecast_hot_humid_bursty_r1,forecast,hot_humid,bursty,1,36.944,36.644,36.444,33.944,25.0,45.0,0.0,,100.0,2.0,,,,0,cooldown
2026-07-07T20:35:28,forecast_hot_humid_bursty_r1,forecast,hot_humid,bursty,1,36.934,36.634,36.434,33.934,25.0,45.0,0.0,,100.0,2.0,,,,0,cooldown
2026-07-07T20:35:28,forecast_hot_humid_bursty_r1,forecast,hot_humid,bursty,1,36.925,36.625,36.425,33.925,25.0,45.0,0.0,,100.0,2.0,,,,0,cooldown
2026-07-07T20:35:28,forecast_hot_humid_bursty_r1,forecast,hot_humid,bursty,1,36.916,36.616,36.416,33.916,25.0,45.0,0.0,,100.0,2.0,,,,0,cooldown
2026-07-07T20:35:28,forecast_hot_humid_bursty_r1,forecast,hot_humid,bursty,1,36.906,36.606,36.406,33.906,25.0,45.0,0.0,,100.0,2.0,,,,0,cooldown
2026-07-07T20:35:28,forecast_hot_humid_bursty_r1,forecast,hot_humid,bursty,1,36.897,36.597,36.397,33.897,25.0,45.0,0.0,,100.0,2.0,,,,0,cooldown
2026-07-07T20:35:28,forecast_hot_humid_bursty_r1,forecast,hot_humid,bursty,1,36.887,36.587,36.387,33.887,25.0,45.0,0.0,,100.0,2.0,,,,0,cooldown
2026-07-07T20:35:28,forecast_hot_humid_bursty_r1,forecast,hot_humid,bursty,1,36.878,36.578,36.378,33.878,25.0,45.0,0.0,,100.0,2.0,,,,0,cooldown
2026-07-07T20:35:28,forecast_hot_humid_bursty_r1,forecast,hot_humid,bursty,1,36.869,36.569,36.369,33.869,25.0,45.0,0.0,,100.0,2.0,,,,0,cooldown
2026-07-07T20:35:28,forecast_hot_humid_bursty_r1,forecast,hot_humid,bursty,1,36.859,36.559,36.359,33.859,25.0,45.0,0.0,,100.0,2.0,,,,0,cooldown
2026-07-07T20:35:28,forecast_hot_humid_bursty_r1,forecast,hot_humid,bursty,1,36.85,36.55,36.35,33.85,25.0,45.0,0.0,,100.0,2.0,,,,0,cooldown
2026-07-07T20:35:28,forecast_hot_humid_bursty_r1,forecast,hot_humid,bursty,1,36.84,36.54,36.34,33.84,25.0,45.0,0.0,,100.0,2.0,,,,0,cooldown
2026-07-07T20:35:28,forecast_hot_humid_bursty_r1,forecast,hot_humid,bursty,1,36.831,36.531,36.331,33.831,25.0,45.0,0.0,,100.0,2.0,,,,0,cooldown
2026-07-07T20:35:28,forecast_hot_humid_bursty_r1,forecast,hot_humid,bursty,1,36.822,36.522,36.322,33.822,25.0,45.0,0.0,,100.0,2.0,,,,0,cooldown
2026-07-07T20:35:28,forecast_hot_humid_bursty_r1,forecast,hot_humid,bursty,1,36.812,36.512,36.312,33.812,25.0,45.0,0.0,,100.0,2.0,,,,0,cooldown
2026-07-07T20:35:28,forecast_hot_humid_bursty_r1,forecast,hot_humid,bursty,1,36.803,36.503,36.303,33.803,25.0,45.0,0.0,,100.0,2.0,,,,0,cooldown
2026-07-07T20:35:28,forecast_hot_humid_bursty_r1,forecast,hot_humid,bursty,1,36.794,36.494,36.294,33.794,25.0,45.0,0.0,,100.0,2.0,,,,0,cooldown
2026-07-07T20:35:28,forecast_hot_humid_bursty_r1,forecast,hot_humid,bursty,1,36.785,36.485,36.285,33.785,25.0,45.0,0.0,,100.0,2.0,,,,0,cooldown
2026-07-07T20:35:28,forecast_hot_humid_bursty_r1,forecast,hot_humid,bursty,1,36.775,36.475,36.275,33.775,25.0,45.0,0.0,,100.0,2.0,,,,0,cooldown
2026-07-07T20:35:28,forecast_hot_humid_bursty_r1,forecast,hot_humid,bursty,1,36.766,36.466,36.266,33.766,25.0,45.0,0.0,,100.0,2.0,,,,0,cooldown
2026-07-07T20:35:28,forecast_hot_humid_bursty_r1,forecast,hot_humid,bursty,1,36.757,36.457,36.257,33.757,25.0,45.0,0.0,,100.0,2.0,,,,0,cooldown
2026-07-07T20:35:28,forecast_hot_humid_bursty_r1,forecast,hot_humid,bursty,1,36.747,36.447,36.247,33.747,25.0,45.0,0.0,,100.0,2.0,,,,0,cooldown
2026-07-07T20:35:28,forecast_hot_humid_bursty_r1,forecast,hot_humid,bursty,1,36.738,36.438,36.238,33.738,25.0,45.0,0.0,,100.0,2.0,,,,0,cooldown
2026-07-07T20:35:28,forecast_hot_humid_bursty_r1,forecast,hot_humid,bursty,1,36.729,36.429,36.229,33.729,25.0,45.0,0.0,,100.0,2.0,,,,0,cooldown
2026-07-07T20:35:28,forecast_hot_humid_bursty_r1,forecast,hot_humid,bursty,1,36.72,36.42,36.22,33.72,25.0,45.0,0.0,,100.0,2.0,,,,0,cooldown
2026-07-07T20:35:28,forecast_hot_humid_bursty_r1,forecast,hot_humid,bursty,1,36.71,36.41,36.21,33.71,25.0,45.0,0.0,,100.0,2.0,,,,0,cooldown
2026-07-07T20:35:28,forecast_hot_humid_bursty_r1,forecast,hot_humid,bursty,1,36.701,36.401,36.201,33.701,25.0,45.0,0.0,,100.0,2.0,,,,0,cooldown
2026-07-07T20:35:28,forecast_hot_humid_bursty_r1,forecast,hot_humid,bursty,1,36.692,36.392,36.192,33.692,25.0,45.0,0.0,,100.0,2.0,,,,0,cooldown
2026-07-07T20:35:28,forecast_hot_humid_bursty_r1,forecast,hot_humid,bursty,1,36.683,36.383,36.183,33.683,25.0,45.0,0.0,,100.0,2.0,,,,0,cooldown
2026-07-07T20:35:28,forecast_hot_humid_bursty_r1,forecast,hot_humid,bursty,1,36.673,36.373,36.173,33.673,25.0,45.0,0.0,,100.0,2.0,,,,0,cooldown
2026-07-07T20:35:28,forecast_hot_humid_bursty_r1,forecast,hot_humid,bursty,1,36.664,36.364,36.164,33.664,25.0,45.0,0.0,,100.0,2.0,,,,0,cooldown
2026-07-07T20:35:28,forecast_hot_humid_bursty_r1,forecast,hot_humid,bursty,1,36.655,36.355,36.155,33.655,25.0,45.0,0.0,,100.0,2.0,,,,0,cooldown
2026-07-07T20:35:28,forecast_hot_humid_bursty_r1,forecast,hot_humid,bursty,1,36.646,36.346,36.146,33.646,25.0,45.0,0.0,,100.0,2.0,,,,0,cooldown
2026-07-07T20:35:28,forecast_hot_humid_bursty_r1,forecast,hot_humid,bursty,1,36.637,36.337,36.137,33.637,25.0,45.0,0.0,,100.0,2.0,,,,0,cooldown
2026-07-07T20:35:28,forecast_hot_humid_bursty_r1,forecast,hot_humid,bursty,1,36.627,36.327,36.127,33.627,25.0,45.0,0.0,,100.0,2.0,,,,0,cooldown
2026-07-07T20:35:28,forecast_hot_humid_bursty_r1,forecast,hot_humid,bursty,1,36.618,36.318,36.118,33.618,25.0,45.0,0.0,,100.0,2.0,,,,0,cooldown
2026-07-07T20:35:28,forecast_hot_humid_bursty_r1,forecast,hot_humid,bursty,1,36.609,36.309,36.109,33.609,25.0,45.0,0.0,,100.0,2.0,,,,0,cooldown
2026-07-07T20:35:28,forecast_hot_humid_bursty_r1,forecast,hot_humid,bursty,1,36.6,36.3,36.1,33.6,25.0,45.0,0.0,,100.0,2.0,,,,0,cooldown
2026-07-07T20:35:28,forecast_hot_humid_bursty_r1,forecast,hot_humid,bursty,1,36.591,36.291,36.091,33.591,25.0,45.0,0.0,,100.0,2.0,,,,0,cooldown
2026-07-07T20:35:28,forecast_hot_humid_bursty_r1,forecast,hot_humid,bursty,1,36.582,36.282,36.082,33.582,25.0,45.0,0.0,,100.0,2.0,,,,0,cooldown
2026-07-07T20:35:28,forecast_hot_humid_bursty_r1,forecast,hot_humid,bursty,1,36.572,36.272,36.072,33.572,25.0,45.0,0.0,,100.0,2.0,,,,0,cooldown
2026-07-07T20:35:28,forecast_hot_humid_bursty_r1,forecast,hot_humid,bursty,1,36.563,36.263,36.063,33.563,25.0,45.0,0.0,,100.0,2.0,,,,0,cooldown
2026-07-07T20:35:28,forecast_hot_humid_bursty_r1,forecast,hot_humid,bursty,1,36.554,36.254,36.054,33.554,25.0,45.0,0.0,,100.0,2.0,,,,0,cooldown
2026-07-07T20:35:28,forecast_hot_humid_bursty_r1,forecast,hot_humid,bursty,1,36.545,36.245,36.045,33.545,25.0,45.0,0.0,,100.0,2.0,,,,0,cooldown
2026-07-07T20:35:28,forecast_hot_humid_bursty_r1,forecast,hot_humid,bursty,1,36.536,36.236,36.036,33.536,25.0,45.0,0.0,,100.0,2.0,,,,0,cooldown
2026-07-07T20:35:28,forecast_hot_humid_bursty_r1,forecast,hot_humid,bursty,1,36.527,36.227,36.027,33.527,25.0,45.0,0.0,,100.0,2.0,,,,0,cooldown
2026-07-07T20:35:28,forecast_hot_humid_bursty_r1,forecast,hot_humid,bursty,1,36.518,36.218,36.018,33.518,25.0,45.0,0.0,,100.0,2.0,,,,0,cooldown
2026-07-07T20:35:28,forecast_hot_humid_bursty_r1,forecast,hot_humid,bursty,1,36.509,36.209,36.009,33.509,25.0,45.0,0.0,,100.0,2.0,,,,0,cooldown
2026-07-07T20:35:28,forecast_hot_humid_bursty_r1,forecast,hot_humid,bursty,1,36.5,36.2,36.0,33.5,25.0,45.0,0.0,,100.0,2.0,,,,0,cooldown
2026-07-07T20:35:28,forecast_hot_humid_bursty_r1,forecast,hot_humid,bursty,1,36.49,36.19,35.99,33.49,25.0,45.0,0.0,,100.0,2.0,,,,0,cooldown
2026-07-07T20:35:28,forecast_hot_humid_bursty_r1,forecast,hot_humid,bursty,1,36.481,36.181,35.981,33.481,25.0,45.0,0.0,,100.0,2.0,,,,0,cooldown
2026-07-07T20:35:28,forecast_hot_humid_bursty_r1,forecast,hot_humid,bursty,1,36.472,36.172,35.972,33.472,25.0,45.0,0.0,,100.0,2.0,,,,0,cooldown
2026-07-07T20:35:28,forecast_hot_humid_bursty_r1,forecast,hot_humid,bursty,1,36.463,36.163,35.963,33.463,25.0,45.0,0.0,,100.0,2.0,,,,0,cooldown
2026-07-07T20:35:28,forecast_hot_humid_bursty_r1,forecast,hot_humid,bursty,1,36.454,36.154,35.954,33.454,25.0,45.0,0.0,,100.0,2.0,,,,0,cooldown
2026-07-07T20:35:28,forecast_hot_humid_bursty_r1,forecast,hot_humid,bursty,1,36.445,36.145,35.945,33.445,25.0,45.0,0.0,,100.0,2.0,,,,0,cooldown
2026-07-07T20:35:28,forecast_hot_humid_bursty_r1,forecast,hot_humid,bursty,1,36.436,36.136,35.936,33.436,25.0,45.0,0.0,,100.0,2.0,,,,0,cooldown
2026-07-07T20:35:28,forecast_hot_humid_bursty_r1,forecast,hot_humid,bursty,1,36.427,36.127,35.927,33.427,25.0,45.0,0.0,,100.0,2.0,,,,0,cooldown
2026-07-07T20:35:28,forecast_hot_humid_bursty_r1,forecast,hot_humid,bursty,1,36.418,36.118,35.918,33.418,25.0,45.0,0.0,,100.0,2.0,,,,0,cooldown
2026-07-07T20:35:28,forecast_hot_humid_bursty_r1,forecast,hot_humid,bursty,1,36.409,36.109,35.909,33.409,25.0,45.0,0.0,,100.0,2.0,,,,0,cooldown
2026-07-07T20:35:28,forecast_hot_humid_bursty_r1,forecast,hot_humid,bursty,1,36.4,36.1,35.9,33.4,25.0,45.0,0.0,,100.0,2.0,,,,0,cooldown
2026-07-07T20:35:28,forecast_hot_humid_bursty_r1,forecast,hot_humid,bursty,1,36.391,36.091,35.891,33.391,25.0,45.0,0.0,,100.0,2.0,,,,0,cooldown
2026-07-07T20:35:28,forecast_hot_humid_bursty_r1,forecast,hot_humid,bursty,1,36.382,36.082,35.882,33.382,25.0,45.0,0.0,,100.0,2.0,,,,0,cooldown
2026-07-07T20:35:28,forecast_hot_humid_bursty_r1,forecast,hot_humid,bursty,1,36.373,36.073,35.873,33.373,25.0,45.0,0.0,,100.0,2.0,,,,0,cooldown
2026-07-07T20:35:28,forecast_hot_humid_bursty_r1,forecast,hot_humid,bursty,1,36.364,36.064,35.864,33.364,25.0,45.0,0.0,,100.0,2.0,,,,0,cooldown
2026-07-07T20:35:28,forecast_hot_humid_bursty_r1,forecast,hot_humid,bursty,1,36.355,36.055,35.855,33.355,25.0,45.0,0.0,,100.0,2.0,,,,0,cooldown
2026-07-07T20:35:28,forecast_hot_humid_bursty_r1,forecast,hot_humid,bursty,1,36.346,36.046,35.846,33.346,25.0,45.0,0.0,,100.0,2.0,,,,0,cooldown
2026-07-07T20:35:28,forecast_hot_humid_bursty_r1,forecast,hot_humid,bursty,1,36.337,36.037,35.837,33.337,25.0,45.0,0.0,,100.0,2.0,,,,0,cooldown
2026-07-07T20:35:28,forecast_hot_humid_bursty_r1,forecast,hot_humid,bursty,1,36.328,36.028,35.828,33.328,25.0,45.0,0.0,,100.0,2.0,,,,0,cooldown
2026-07-07T20:35:28,forecast_hot_humid_bursty_r1,forecast,hot_humid,bursty,1,36.319,36.019,35.819,33.319,25.0,45.0,0.0,,100.0,2.0,,,,0,cooldown
2026-07-07T20:35:28,forecast_hot_humid_bursty_r1,forecast,hot_humid,bursty,1,36.31,36.01,35.81,33.31,25.0,45.0,0.0,,100.0,2.0,,,,0,cooldown
2026-07-07T20:35:28,forecast_hot_humid_bursty_r1,forecast,hot_humid,bursty,1,36.301,36.001,35.801,33.301,25.0,45.0,0.0,,100.0,2.0,,,,0,cooldown
2026-07-07T20:35:28,forecast_hot_humid_bursty_r1,forecast,hot_humid,bursty,1,36.292,35.992,35.792,33.292,25.0,45.0,0.0,,100.0,2.0,,,,0,cooldown
2026-07-07T20:35:28,forecast_hot_humid_bursty_r1,forecast,hot_humid,bursty,1,36.284,35.984,35.784,33.284,25.0,45.0,0.0,,100.0,2.0,,,,0,cooldown
2026-07-07T20:35:28,forecast_hot_humid_bursty_r1,forecast,hot_humid,bursty,1,36.275,35.975,35.775,33.275,25.0,45.0,0.0,,100.0,2.0,,,,0,cooldown
2026-07-07T20:35:28,forecast_hot_humid_bursty_r1,forecast,hot_humid,bursty,1,36.266,35.966,35.766,33.266,25.0,45.0,0.0,,100.0,2.0,,,,0,cooldown
2026-07-07T20:35:28,forecast_hot_humid_bursty_r1,forecast,hot_humid,bursty,1,36.257,35.957,35.757,33.257,25.0,45.0,0.0,,100.0,2.0,,,,0,cooldown
2026-07-07T20:35:28,forecast_hot_humid_bursty_r1,forecast,hot_humid,bursty,1,36.248,35.948,35.748,33.248,25.0,45.0,0.0,,100.0,2.0,,,,0,cooldown
2026-07-07T20:35:28,forecast_hot_humid_bursty_r1,forecast,hot_humid,bursty,1,36.239,35.939,35.739,33.239,25.0,45.0,0.0,,100.0,2.0,,,,0,cooldown
2026-07-07T20:35:28,forecast_hot_humid_bursty_r1,forecast,hot_humid,bursty,1,36.23,35.93,35.73,33.23,25.0,45.0,0.0,,100.0,2.0,,,,0,cooldown
2026-07-07T20:35:28,forecast_hot_humid_bursty_r1,forecast,hot_humid,bursty,1,36.221,35.921,35.721,33.221,25.0,45.0,0.0,,100.0,2.0,,,,0,cooldown
2026-07-07T20:35:28,forecast_hot_humid_bursty_r1,forecast,hot_humid,bursty,1,36.213,35.913,35.713,33.213,25.0,45.0,0.0,,100.0,2.0,,,,0,cooldown
2026-07-07T20:35:28,forecast_hot_humid_bursty_r1,forecast,hot_humid,bursty,1,36.204,35.904,35.704,33.204,25.0,45.0,0.0,,100.0,2.0,,,,0,cooldown
2026-07-07T20:35:28,forecast_hot_humid_bursty_r1,forecast,hot_humid,bursty,1,36.195,35.895,35.695,33.195,25.0,45.0,0.0,,100.0,2.0,,,,0,cooldown
2026-07-07T20:35:28,forecast_hot_humid_bursty_r1,forecast,hot_humid,bursty,1,36.186,35.886,35.686,33.186,25.0,45.0,0.0,,100.0,2.0,,,,0,cooldown
2026-07-07T20:35:28,forecast_hot_humid_bursty_r1,forecast,hot_humid,bursty,1,36.177,35.877,35.677,33.177,25.0,45.0,0.0,,100.0,2.0,,,,0,cooldown
2026-07-07T20:35:28,forecast_hot_humid_bursty_r1,forecast,hot_humid,bursty,1,36.168,35.868,35.668,33.168,25.0,45.0,0.0,,100.0,2.0,,,,0,cooldown
2026-07-07T20:35:28,forecast_hot_humid_bursty_r1,forecast,hot_humid,bursty,1,36.16,35.86,35.66,33.16,25.0,45.0,0.0,,100.0,2.0,,,,0,cooldown
2026-07-07T20:35:28,forecast_hot_humid_bursty_r1,forecast,hot_humid,bursty,1,36.151,35.851,35.651,33.151,25.0,45.0,0.0,,100.0,2.0,,,,0,cooldown
2026-07-07T20:35:28,forecast_hot_humid_bursty_r1,forecast,hot_humid,bursty,1,36.142,35.842,35.642,33.142,25.0,45.0,0.0,,100.0,2.0,,,,0,cooldown
2026-07-07T20:35:28,forecast_hot_humid_bursty_r1,forecast,hot_humid,bursty,1,36.133,35.833,35.633,33.133,25.0,45.0,0.0,,100.0,2.0,,,,0,cooldown
2026-07-07T20:35:28,forecast_hot_humid_bursty_r1,forecast,hot_humid,bursty,1,36.124,35.824,35.624,33.124,25.0,45.0,0.0,,100.0,2.0,,,,0,cooldown
2026-07-07T20:35:28,forecast_hot_humid_bursty_r1,forecast,hot_humid,bursty,1,36.116,35.816,35.616,33.116,25.0,45.0,0.0,,100.0,2.0,,,,0,cooldown
2026-07-07T20:35:28,forecast_hot_humid_bursty_r1,forecast,hot_humid,bursty,1,36.107,35.807,35.607,33.107,25.0,45.0,0.0,,100.0,2.0,,,,0,cooldown
2026-07-07T20:35:28,forecast_hot_humid_bursty_r1,forecast,hot_humid,bursty,1,36.098,35.798,35.598,33.098,25.0,45.0,0.0,,100.0,2.0,,,,0,cooldown
2026-07-07T20:35:28,forecast_hot_humid_bursty_r1,forecast,hot_humid,bursty,1,36.089,35.789,35.589,33.089,25.0,45.0,0.0,,100.0,2.0,,,,0,cooldown
2026-07-07T20:35:28,forecast_hot_humid_bursty_r1,forecast,hot_humid,bursty,1,36.08,35.78,35.58,33.08,25.0,45.0,0.0,,100.0,2.0,,,,0,cooldown
2026-07-07T20:35:28,forecast_hot_humid_bursty_r1,forecast,hot_humid,bursty,1,36.072,35.772,35.572,33.072,25.0,45.0,0.0,,100.0,2.0,,,,0,cooldown
2026-07-07T20:35:28,forecast_hot_humid_bursty_r1,forecast,hot_humid,bursty,1,36.063,35.763,35.563,33.063,25.0,45.0,0.0,,100.0,2.0,,,,0,cooldown
2026-07-07T20:35:28,forecast_hot_humid_bursty_r1,forecast,hot_humid,bursty,1,36.054,35.754,35.554,33.054,25.0,45.0,0.0,,100.0,2.0,,,,0,cooldown
2026-07-07T20:35:28,forecast_hot_humid_bursty_r1,forecast,hot_humid,bursty,1,36.046,35.746,35.546,33.046,25.0,45.0,0.0,,100.0,2.0,,,,0,cooldown
2026-07-07T20:35:28,forecast_hot_humid_bursty_r1,forecast,hot_humid,bursty,1,36.037,35.737,35.537,33.037,25.0,45.0,0.0,,100.0,2.0,,,,0,cooldown
2026-07-07T20:35:28,forecast_hot_humid_bursty_r1,forecast,hot_humid,bursty,1,36.028,35.728,35.528,33.028,25.0,45.0,0.0,,100.0,2.0,,,,0,cooldown
2026-07-07T20:35:28,forecast_hot_humid_bursty_r1,forecast,hot_humid,bursty,1,36.019,35.719,35.519,33.019,25.0,45.0,0.0,,100.0,2.0,,,,0,cooldown
2026-07-07T20:35:28,forecast_hot_humid_bursty_r1,forecast,hot_humid,bursty,1,36.011,35.711,35.511,33.011,25.0,45.0,0.0,,100.0,2.0,,,,0,cooldown
2026-07-07T20:35:28,forecast_hot_humid_bursty_r1,forecast,hot_humid,bursty,1,36.002,35.702,35.502,33.002,25.0,45.0,0.0,,100.0,2.0,,,,0,cooldown
2026-07-07T20:35:28,forecast_hot_humid_bursty_r1,forecast,hot_humid,bursty,1,35.993,35.693,35.493,32.993,25.0,45.0,0.0,,100.0,2.0,,,,0,cooldown
2026-07-07T20:35:28,forecast_hot_humid_bursty_r1,forecast,hot_humid,bursty,1,35.985,35.685,35.485,32.985,25.0,45.0,0.0,,100.0,2.0,,,,0,cooldown
2026-07-07T20:35:28,forecast_hot_humid_bursty_r1,forecast,hot_humid,bursty,1,35.976,35.676,35.476,32.976,25.0,45.0,0.0,,100.0,2.0,,,,0,cooldown
2026-07-07T20:35:28,forecast_hot_humid_bursty_r1,forecast,hot_humid,bursty,1,35.967,35.667,35.467,32.967,25.0,45.0,0.0,,100.0,2.0,,,,0,cooldown
2026-07-07T20:35:28,forecast_hot_humid_bursty_r1,forecast,hot_humid,bursty,1,35.959,35.659,35.459,32.959,25.0,45.0,0.0,,100.0,2.0,,,,0,cooldown
2026-07-07T20:35:28,forecast_hot_humid_bursty_r1,forecast,hot_humid,bursty,1,35.95,35.65,35.45,32.95,25.0,45.0,0.0,,100.0,2.0,,,,0,cooldown
2026-07-07T20:35:28,forecast_hot_humid_bursty_r1,forecast,hot_humid,bursty,1,35.941,35.641,35.441,32.941,25.0,45.0,0.0,,100.0,2.0,,,,0,cooldown
2026-07-07T20:35:28,forecast_hot_humid_bursty_r1,forecast,hot_humid,bursty,1,35.933,35.633,35.433,32.933,25.0,45.0,0.0,,100.0,2.0,,,,0,cooldown
2026-07-07T20:35:28,forecast_hot_humid_bursty_r1,forecast,hot_humid,bursty,1,35.924,35.624,35.424,32.924,25.0,45.0,0.0,,100.0,2.0,,,,0,cooldown
2026-07-07T20:35:28,forecast_hot_humid_bursty_r1,forecast,hot_humid,bursty,1,35.915,35.615,35.415,32.915,25.0,45.0,0.0,,100.0,2.0,,,,0,cooldown
2026-07-07T20:35:28,forecast_hot_humid_bursty_r1,forecast,hot_humid,bursty,1,35.907,35.607,35.407,32.907,25.0,45.0,0.0,,100.0,2.0,,,,0,cooldown
2026-07-07T20:35:28,forecast_hot_humid_bursty_r1,forecast,hot_humid,bursty,1,35.898,35.598,35.398,32.898,25.0,45.0,0.0,,100.0,2.0,,,,0,cooldown
2026-07-07T20:35:28,forecast_hot_humid_bursty_r1,forecast,hot_humid,bursty,1,35.89,35.59,35.39,32.89,25.0,45.0,0.0,,100.0,2.0,,,,0,cooldown
2026-07-07T20:35:28,forecast_hot_humid_bursty_r1,forecast,hot_humid,bursty,1,35.881,35.581,35.381,32.881,25.0,45.0,0.0,,100.0,2.0,,,,0,cooldown
2026-07-07T20:35:28,forecast_hot_humid_bursty_r1,forecast,hot_humid,bursty,1,35.872,35.572,35.372,32.872,25.0,45.0,0.0,,100.0,2.0,,,,0,cooldown
2026-07-07T20:35:28,forecast_hot_humid_bursty_r1,forecast,hot_humid,bursty,1,35.864,35.564,35.364,32.864,25.0,45.0,0.0,,100.0,2.0,,,,0,cooldown
2026-07-07T20:35:28,forecast_hot_humid_bursty_r1,forecast,hot_humid,bursty,1,35.855,35.555,35.355,32.855,25.0,45.0,0.0,,100.0,2.0,,,,0,cooldown
2026-07-07T20:35:28,forecast_hot_humid_bursty_r1,forecast,hot_humid,bursty,1,35.847,35.547,35.347,32.847,25.0,45.0,0.0,,100.0,2.0,,,,0,cooldown
2026-07-07T20:35:28,forecast_hot_humid_bursty_r1,forecast,hot_humid,bursty,1,35.838,35.538,35.338,32.838,25.0,45.0,0.0,,100.0,2.0,,,,0,cooldown
2026-07-07T20:35:28,forecast_hot_humid_bursty_r1,forecast,hot_humid,bursty,1,35.83,35.53,35.33,32.83,25.0,45.0,0.0,,100.0,2.0,,,,0,cooldown
2026-07-07T20:35:28,forecast_hot_humid_bursty_r1,forecast,hot_humid,bursty,1,35.821,35.521,35.321,32.821,25.0,45.0,0.0,,100.0,2.0,,,,0,cooldown
2026-07-07T20:35:28,forecast_hot_humid_bursty_r1,forecast,hot_humid,bursty,1,35.812,35.512,35.312,32.812,25.0,45.0,0.0,,100.0,2.0,,,,0,cooldown
2026-07-07T20:35:28,forecast_hot_humid_bursty_r1,forecast,hot_humid,bursty,1,35.804,35.504,35.304,32.804,25.0,45.0,0.0,,100.0,2.0,,,,0,cooldown
2026-07-07T20:35:28,forecast_hot_humid_bursty_r1,forecast,hot_humid,bursty,1,35.795,35.495,35.295,32.795,25.0,45.0,0.0,,100.0,2.0,,,,0,cooldown
2026-07-07T20:35:28,forecast_hot_humid_bursty_r1,forecast,hot_humid,bursty,1,35.787,35.487,35.287,32.787,25.0,45.0,0.0,,100.0,2.0,,,,0,cooldown
2026-07-07T20:35:28,forecast_hot_humid_bursty_r1,forecast,hot_humid,bursty,1,35.778,35.478,35.278,32.778,25.0,45.0,0.0,,100.0,2.0,,,,0,cooldown
2026-07-07T20:35:28,forecast_hot_humid_bursty_r1,forecast,hot_humid,bursty,1,35.77,35.47,35.27,32.77,25.0,45.0,0.0,,100.0,2.0,,,,0,cooldown
2026-07-07T20:35:28,forecast_hot_humid_bursty_r1,forecast,hot_humid,bursty,1,35.761,35.461,35.261,32.761,25.0,45.0,0.0,,100.0,2.0,,,,0,cooldown
2026-07-07T20:35:28,forecast_hot_humid_bursty_r1,forecast,hot_humid,bursty,1,35.753,35.453,35.253,32.753,25.0,45.0,0.0,,100.0,2.0,,,,0,cooldown
2026-07-07T20:35:28,forecast_hot_humid_bursty_r1,forecast,hot_humid,bursty,1,35.744,35.444,35.244,32.744,25.0,45.0,0.0,,100.0,2.0,,,,0,cooldown
2026-07-07T20:35:28,forecast_hot_humid_bursty_r1,forecast,hot_humid,bursty,1,35.736,35.436,35.236,32.736,25.0,45.0,0.0,,100.0,2.0,,,,0,cooldown
2026-07-07T20:35:28,forecast_hot_humid_bursty_r1,forecast,hot_humid,bursty,1,35.727,35.427,35.227,32.727,25.0,45.0,0.0,,100.0,2.0,,,,0,cooldown
2026-07-07T20:35:28,forecast_hot_humid_bursty_r1,forecast,hot_humid,bursty,1,35.719,35.419,35.219,32.719,25.0,45.0,0.0,,100.0,2.0,,,,0,cooldown
2026-07-07T20:35:28,forecast_hot_humid_bursty_r1,forecast,hot_humid,bursty,1,35.71,35.41,35.21,32.71,25.0,45.0,0.0,,100.0,2.0,,,,0,cooldown
2026-07-07T20:35:28,forecast_hot_humid_bursty_r1,forecast,hot_humid,bursty,1,35.702,35.402,35.202,32.702,25.0,45.0,0.0,,100.0,2.0,,,,0,cooldown
2026-07-07T20:35:28,forecast_hot_humid_bursty_r1,forecast,hot_humid,bursty,1,35.694,35.394,35.194,32.694,25.0,45.0,0.0,,100.0,2.0,,,,0,cooldown
2026-07-07T20:35:28,forecast_hot_humid_bursty_r1,forecast,hot_humid,bursty,1,35.685,35.385,35.185,32.685,25.0,45.0,0.0,,100.0,2.0,,,,0,cooldown
2026-07-07T20:35:28,forecast_hot_humid_bursty_r1,forecast,hot_humid,bursty,1,35.677,35.377,35.177,32.677,25.0,45.0,0.0,,100.0,2.0,,,,0,cooldown
2026-07-07T20:35:28,forecast_hot_humid_bursty_r1,forecast,hot_humid,bursty,1,35.668,35.368,35.168,32.668,25.0,45.0,0.0,,100.0,2.0,,,,0,cooldown
2026-07-07T20:35:28,forecast_hot_humid_bursty_r1,forecast,hot_humid,bursty,1,35.66,35.36,35.16,32.66,25.0,45.0,0.0,,100.0,2.0,,,,0,cooldown
2026-07-07T20:35:28,forecast_hot_humid_bursty_r1,forecast,hot_humid,bursty,1,35.651,35.351,35.151,32.651,25.0,45.0,0.0,,100.0,2.0,,,,0,cooldown
2026-07-07T20:35:28,forecast_hot_humid_bursty_r1,forecast,hot_humid,bursty,1,35.643,35.343,35.143,32.643,25.0,45.0,0.0,,100.0,2.0,,,,0,cooldown
2026-07-07T20:35:28,forecast_hot_humid_bursty_r1,forecast,hot_humid,bursty,1,35.635,35.335,35.135,32.635,25.0,45.0,0.0,,100.0,2.0,,,,0,cooldown
2026-07-07T20:35:28,forecast_hot_humid_bursty_r1,forecast,hot_humid,bursty,1,35.626,35.326,35.126,32.626,25.0,45.0,0.0,,100.0,2.0,,,,0,cooldown
2026-07-07T20:35:28,forecast_hot_humid_bursty_r1,forecast,hot_humid,bursty,1,35.618,35.318,35.118,32.618,25.0,45.0,0.0,,100.0,2.0,,,,0,cooldown
2026-07-07T20:35:28,forecast_hot_humid_bursty_r1,forecast,hot_humid,bursty,1,35.609,35.309,35.109,32.609,25.0,45.0,0.0,,100.0,2.0,,,,0,cooldown
2026-07-07T20:35:28,forecast_hot_humid_bursty_r1,forecast,hot_humid,bursty,1,35.601,35.301,35.101,32.601,25.0,45.0,0.0,,100.0,2.0,,,,0,cooldown
2026-07-07T20:35:28,forecast_hot_humid_bursty_r1,forecast,hot_humid,bursty,1,35.593,35.293,35.093,32.593,25.0,45.0,0.0,,100.0,2.0,,,,0,cooldown
2026-07-07T20:35:28,forecast_hot_humid_bursty_r1,forecast,hot_humid,bursty,1,35.584,35.284,35.084,32.584,25.0,45.0,0.0,,100.0,2.0,,,,0,cooldown
2026-07-07T20:35:28,forecast_hot_humid_bursty_r1,forecast,hot_humid,bursty,1,35.576,35.276,35.076,32.576,25.0,45.0,0.0,,100.0,2.0,,,,0,cooldown
2026-07-07T20:35:28,forecast_hot_humid_bursty_r1,forecast,hot_humid,bursty,1,35.568,35.268,35.068,32.568,25.0,45.0,0.0,,100.0,2.0,,,,0,cooldown
2026-07-07T20:35:28,forecast_hot_humid_bursty_r1,forecast,hot_humid,bursty,1,35.559,35.259,35.059,32.559,25.0,45.0,0.0,,100.0,2.0,,,,0,cooldown
2026-07-07T20:35:28,forecast_hot_humid_bursty_r1,forecast,hot_humid,bursty,1,35.551,35.251,35.051,32.551,25.0,45.0,0.0,,100.0,2.0,,,,0,cooldown
2026-07-07T20:35:28,forecast_hot_humid_bursty_r1,forecast,hot_humid,bursty,1,35.543,35.243,35.043,32.543,25.0,45.0,0.0,,100.0,2.0,,,,0,cooldown
2026-07-07T20:35:28,forecast_hot_humid_bursty_r1,forecast,hot_humid,bursty,1,35.534,35.234,35.034,32.534,25.0,45.0,0.0,,100.0,2.0,,,,0,cooldown
2026-07-07T20:35:28,forecast_hot_humid_bursty_r1,forecast,hot_humid,bursty,1,35.526,35.226,35.026,32.526,25.0,45.0,0.0,,100.0,2.0,,,,0,cooldown
2026-07-07T20:35:28,forecast_hot_humid_bursty_r1,forecast,hot_humid,bursty,1,35.518,35.218,35.018,32.518,25.0,45.0,0.0,,100.0,2.0,,,,0,cooldown
2026-07-07T20:35:28,forecast_hot_humid_bursty_r1,forecast,hot_humid,bursty,1,35.509,35.209,35.009,32.509,25.0,45.0,0.0,,100.0,2.0,,,,0,cooldown
2026-07-07T20:35:28,forecast_hot_humid_bursty_r1,forecast,hot_humid,bursty,1,35.501,35.201,35.001,32.501,25.0,45.0,0.0,,100.0,2.0,,,,0,cooldown
2026-07-07T20:35:28,forecast_hot_humid_bursty_r1,forecast,hot_humid,bursty,1,35.493,35.193,34.993,32.493,25.0,45.0,0.0,,100.0,2.0,,,,0,cooldown
2026-07-07T20:35:28,forecast_hot_humid_bursty_r1,forecast,hot_humid,bursty,1,35.485,35.185,34.985,32.485,25.0,45.0,0.0,,100.0,2.0,,,,0,cooldown
2026-07-07T20:35:28,forecast_hot_humid_bursty_r1,forecast,hot_humid,bursty,1,35.476,35.176,34.976,32.476,25.0,45.0,0.0,,100.0,2.0,,,,0,cooldown
2026-07-07T20:35:28,forecast_hot_humid_bursty_r1,forecast,hot_humid,bursty,1,35.468,35.168,34.968,32.468,25.0,45.0,0.0,,100.0,2.0,,,,0,cooldown
2026-07-07T20:35:28,forecast_hot_humid_bursty_r1,forecast,hot_humid,bursty,1,35.46,35.16,34.96,32.46,25.0,45.0,0.0,,100.0,2.0,,,,0,cooldown
2026-07-07T20:35:28,forecast_hot_humid_bursty_r1,forecast,hot_humid,bursty,1,35.451,35.151,34.951,32.451,25.0,45.0,0.0,,100.0,2.0,,,,0,cooldown
2026-07-07T20:35:28,forecast_hot_humid_bursty_r1,forecast,hot_humid,bursty,1,35.443,35.143,34.943,32.443,25.0,45.0,0.0,,100.0,2.0,,,,0,cooldown
2026-07-07T20:35:28,forecast_hot_humid_bursty_r1,forecast,hot_humid,bursty,1,35.435,35.135,34.935,32.435,25.0,45.0,0.0,,100.0,2.0,,,,0,cooldown
2026-07-07T20:35:28,forecast_hot_humid_bursty_r1,forecast,hot_humid,bursty,1,35.427,35.127,34.927,32.427,25.0,45.0,0.0,,100.0,2.0,,,,0,cooldown
2026-07-07T20:35:28,forecast_hot_humid_bursty_r1,forecast,hot_humid,bursty,1,35.418,35.118,34.918,32.418,25.0,45.0,0.0,,100.0,2.0,,,,0,cooldown
2026-07-07T20:35:28,forecast_hot_humid_bursty_r1,forecast,hot_humid,bursty,1,35.41,35.11,34.91,32.41,25.0,45.0,0.0,,100.0,2.0,,,,0,cooldown
2026-07-07T20:35:28,forecast_hot_humid_bursty_r1,forecast,hot_humid,bursty,1,35.402,35.102,34.902,32.402,25.0,45.0,0.0,,100.0,2.0,,,,0,cooldown
2026-07-07T20:35:28,forecast_hot_humid_bursty_r1,forecast,hot_humid,bursty,1,35.394,35.094,34.894,32.394,25.0,45.0,0.0,,100.0,2.0,,,,0,cooldown
2026-07-07T20:35:28,forecast_hot_humid_bursty_r1,forecast,hot_humid,bursty,1,35.386,35.086,34.886,32.386,25.0,45.0,0.0,,100.0,2.0,,,,0,cooldown
2026-07-07T20:35:28,forecast_hot_humid_bursty_r1,forecast,hot_humid,bursty,1,35.377,35.077,34.877,32.377,25.0,45.0,0.0,,100.0,2.0,,,,0,cooldown
2026-07-07T20:35:28,forecast_hot_humid_bursty_r1,forecast,hot_humid,bursty,1,35.369,35.069,34.869,32.369,25.0,45.0,0.0,,100.0,2.0,,,,0,cooldown
2026-07-07T20:35:28,forecast_hot_humid_bursty_r1,forecast,hot_humid,bursty,1,35.361,35.061,34.861,32.361,25.0,45.0,0.0,,100.0,2.0,,,,0,cooldown
2026-07-07T20:35:28,forecast_hot_humid_bursty_r1,forecast,hot_humid,bursty,1,35.353,35.053,34.853,32.353,25.0,45.0,0.0,,100.0,2.0,,,,0,cooldown
2026-07-07T20:35:28,forecast_hot_humid_bursty_r1,forecast,hot_humid,bursty,1,35.345,35.045,34.845,32.345,25.0,45.0,0.0,,100.0,2.0,,,,0,cooldown
2026-07-07T20:35:28,forecast_hot_humid_bursty_r1,forecast,hot_humid,bursty,1,35.337,35.037,34.837,32.337,25.0,45.0,0.0,,100.0,2.0,,,,0,cooldown
2026-07-07T20:35:28,forecast_hot_humid_bursty_r1,forecast,hot_humid,bursty,1,35.328,35.028,34.828,32.328,25.0,45.0,0.0,,100.0,2.0,,,,0,cooldown
2026-07-07T20:35:28,forecast_hot_humid_bursty_r1,forecast,hot_humid,bursty,1,35.32,35.02,34.82,32.32,25.0,45.0,0.0,,100.0,2.0,,,,0,cooldown
2026-07-07T20:35:28,forecast_hot_humid_bursty_r1,forecast,hot_humid,bursty,1,35.312,35.012,34.812,32.312,25.0,45.0,0.0,,100.0,2.0,,,,0,cooldown
2026-07-07T20:35:28,forecast_hot_humid_bursty_r1,forecast,hot_humid,bursty,1,35.304,35.004,34.804,32.304,25.0,45.0,0.0,,100.0,2.0,,,,0,cooldown
2026-07-07T20:35:28,forecast_hot_humid_bursty_r1,forecast,hot_humid,bursty,1,35.296,34.996,34.796,32.296,25.0,45.0,0.0,,100.0,2.0,,,,0,cooldown
2026-07-07T20:35:28,forecast_hot_humid_bursty_r1,forecast,hot_humid,bursty,1,35.288,34.988,34.788,32.288,25.0,45.0,0.0,,100.0,2.0,,,,0,cooldown
2026-07-07T20:35:28,forecast_hot_humid_bursty_r1,forecast,hot_humid,bursty,1,35.28,34.98,34.78,32.28,25.0,45.0,0.0,,100.0,2.0,,,,0,cooldown
2026-07-07T20:35:28,forecast_hot_humid_bursty_r1,forecast,hot_humid,bursty,1,35.271,34.971,34.771,32.271,25.0,45.0,0.0,,100.0,2.0,,,,0,cooldown
2026-07-07T20:35:28,forecast_hot_humid_bursty_r1,forecast,hot_humid,bursty,1,35.263,34.963,34.763,32.263,25.0,45.0,0.0,,100.0,2.0,,,,0,cooldown
2026-07-07T20:35:28,forecast_hot_humid_bursty_r1,forecast,hot_humid,bursty,1,35.255,34.955,34.755,32.255,25.0,45.0,0.0,,100.0,2.0,,,,0,cooldown
2026-07-07T20:35:28,forecast_hot_humid_bursty_r1,forecast,hot_humid,bursty,1,35.247,34.947,34.747,32.247,25.0,45.0,0.0,,100.0,2.0,,,,0,cooldown
2026-07-07T20:35:28,forecast_hot_humid_bursty_r1,forecast,hot_humid,bursty,1,35.239,34.939,34.739,32.239,25.0,45.0,0.0,,100.0,2.0,,,,0,cooldown
2026-07-07T20:35:28,forecast_hot_humid_bursty_r1,forecast,hot_humid,bursty,1,35.231,34.931,34.731,32.231,25.0,45.0,0.0,,100.0,2.0,,,,0,cooldown
2026-07-07T20:35:28,forecast_hot_humid_bursty_r1,forecast,hot_humid,bursty,1,35.223,34.923,34.723,32.223,25.0,45.0,0.0,,100.0,2.0,,,,0,cooldown
2026-07-07T20:35:28,forecast_hot_humid_bursty_r1,forecast,hot_humid,bursty,1,35.215,34.915,34.715,32.215,25.0,45.0,0.0,,100.0,2.0,,,,0,cooldown
2026-07-07T20:35:28,forecast_hot_humid_bursty_r1,forecast,hot_humid,bursty,1,35.207,34.907,34.707,32.207,25.0,45.0,0.0,,100.0,2.0,,,,0,cooldown
2026-07-07T20:35:28,forecast_hot_humid_bursty_r1,forecast,hot_humid,bursty,1,35.199,34.899,34.699,32.199,25.0,45.0,0.0,,100.0,2.0,,,,0,cooldown
2026-07-07T20:35:28,forecast_hot_humid_bursty_r1,forecast,hot_humid,bursty,1,35.191,34.891,34.691,32.191,25.0,45.0,0.0,,100.0,2.0,,,,0,cooldown
2026-07-07T20:35:28,forecast_hot_humid_bursty_r1,forecast,hot_humid,bursty,1,35.183,34.883,34.683,32.183,25.0,45.0,0.0,,100.0,2.0,,,,0,cooldown
2026-07-07T20:35:28,forecast_hot_humid_bursty_r1,forecast,hot_humid,bursty,1,35.175,34.875,34.675,32.175,25.0,45.0,0.0,,100.0,2.0,,,,0,cooldown
2026-07-07T20:35:28,forecast_hot_humid_bursty_r1,forecast,hot_humid,bursty,1,35.166,34.866,34.666,32.166,25.0,45.0,0.0,,100.0,2.0,,,,0,cooldown
2026-07-07T20:35:28,forecast_hot_humid_bursty_r1,forecast,hot_humid,bursty,1,35.158,34.858,34.658,32.158,25.0,45.0,0.0,,100.0,2.0,,,,0,cooldown
2026-07-07T20:35:28,forecast_hot_humid_bursty_r1,forecast,hot_humid,bursty,1,35.15,34.85,34.65,32.15,25.0,45.0,0.0,,100.0,2.0,,,,0,cooldown
2026-07-07T20:35:28,forecast_hot_humid_bursty_r1,forecast,hot_humid,bursty,1,35.142,34.842,34.642,32.142,25.0,45.0,0.0,,100.0,2.0,,,,0,cooldown
2026-07-07T20:35:28,forecast_hot_humid_bursty_r1,forecast,hot_humid,bursty,1,35.134,34.834,34.634,32.134,25.0,45.0,0.0,,100.0,2.0,,,,0,cooldown
2026-07-07T20:35:28,forecast_hot_humid_bursty_r1,forecast,hot_humid,bursty,1,35.126,34.826,34.626,32.126,25.0,45.0,0.0,,100.0,2.0,,,,0,cooldown
2026-07-07T20:35:28,forecast_hot_humid_bursty_r1,forecast,hot_humid,bursty,1,35.118,34.818,34.618,32.118,25.0,45.0,0.0,,100.0,2.0,,,,0,cooldown
2026-07-07T20:35:28,forecast_hot_humid_bursty_r1,forecast,hot_humid,bursty,1,35.11,34.81,34.61,32.11,25.0,45.0,0.0,,100.0,2.0,,,,0,cooldown
2026-07-07T20:35:28,forecast_hot_humid_bursty_r1,forecast,hot_humid,bursty,1,35.102,34.802,34.602,32.102,25.0,45.0,0.0,,100.0,2.0,,,,0,cooldown
2026-07-07T20:35:28,forecast_hot_humid_bursty_r1,forecast,hot_humid,bursty,1,35.094,34.794,34.594,32.094,25.0,45.0,0.0,,100.0,2.0,,,,0,cooldown
2026-07-07T20:35:28,forecast_hot_humid_bursty_r1,forecast,hot_humid,bursty,1,35.087,34.787,34.587,32.087,25.0,45.0,0.0,,100.0,2.0,,,,0,cooldown
2026-07-07T20:35:28,forecast_hot_humid_bursty_r1,forecast,hot_humid,bursty,1,35.079,34.779,34.579,32.079,25.0,45.0,0.0,,100.0,2.0,,,,0,cooldown
2026-07-07T20:35:28,forecast_hot_humid_bursty_r1,forecast,hot_humid,bursty,1,35.071,34.771,34.571,32.071,25.0,45.0,0.0,,100.0,2.0,,,,0,cooldown
2026-07-07T20:35:28,forecast_hot_humid_bursty_r1,forecast,hot_humid,bursty,1,35.063,34.763,34.563,32.063,25.0,45.0,0.0,,100.0,2.0,,,,0,cooldown
2026-07-07T20:35:28,forecast_hot_humid_bursty_r1,forecast,hot_humid,bursty,1,35.055,34.755,34.555,32.055,25.0,45.0,0.0,,100.0,2.0,,,,0,cooldown
2026-07-07T20:35:28,forecast_hot_humid_bursty_r1,forecast,hot_humid,bursty,1,35.047,34.747,34.547,32.047,25.0,45.0,0.0,,100.0,2.0,,,,0,cooldown
2026-07-07T20:35:28,forecast_hot_humid_bursty_r1,forecast,hot_humid,bursty,1,35.039,34.739,34.539,32.039,25.0,45.0,0.0,,100.0,2.0,,,,0,cooldown
2026-07-07T20:35:28,forecast_hot_humid_bursty_r1,forecast,hot_humid,bursty,1,35.031,34.731,34.531,32.031,25.0,45.0,0.0,,100.0,2.0,,,,0,cooldown
2026-07-07T20:35:28,forecast_hot_humid_bursty_r1,forecast,hot_humid,bursty,1,35.023,34.723,34.523,32.023,25.0,45.0,0.0,,100.0,2.0,,,,0,cooldown
2026-07-07T20:35:28,forecast_hot_humid_bursty_r1,forecast,hot_humid,bursty,1,35.015,34.715,34.515,32.015,25.0,45.0,0.0,,100.0,2.0,,,,0,cooldown
2026-07-07T20:35:28,forecast_hot_humid_bursty_r1,forecast,hot_humid,bursty,1,35.007,34.707,34.507,32.007,25.0,45.0,0.0,,100.0,2.0,,,,0,cooldown
2026-07-07T20:35:28,forecast_hot_humid_bursty_r1,forecast,hot_humid,bursty,1,34.999,34.699,34.499,31.999,25.0,45.0,0.0,,100.0,2.0,,,,0,cooldown
2026-07-07T20:35:28,forecast_hot_humid_bursty_r1,forecast,hot_humid,bursty,1,34.991,34.691,34.491,31.991,25.0,45.0,0.0,,100.0,2.0,,,,0,cooldown
2026-07-07T20:35:28,forecast_hot_humid_bursty_r1,forecast,hot_humid,bursty,1,34.983,34.683,34.483,31.983,25.0,45.0,0.0,,100.0,2.0,,,,0,cooldown
2026-07-07T20:35:28,forecast_hot_humid_bursty_r1,forecast,hot_humid,bursty,1,34.976,34.676,34.476,31.976,25.0,45.0,0.0,,100.0,2.0,,,,0,cooldown
2026-07-07T20:35:28,forecast_hot_humid_bursty_r1,forecast,hot_humid,bursty,1,34.968,34.668,34.468,31.968,25.0,45.0,0.0,,100.0,2.0,,,,0,cooldown
2026-07-07T20:35:28,forecast_hot_humid_bursty_r1,forecast,hot_humid,bursty,1,34.96,34.66,34.46,31.96,25.0,45.0,0.0,,100.0,2.0,,,,0,cooldown
2026-07-07T20:35:28,forecast_hot_humid_bursty_r1,forecast,hot_humid,bursty,1,34.952,34.652,34.452,31.952,25.0,45.0,0.0,,100.0,2.0,,,,0,cooldown
2026-07-07T20:35:28,forecast_hot_humid_bursty_r1,forecast,hot_humid,bursty,1,34.944,34.644,34.444,31.944,25.0,45.0,0.0,,100.0,2.0,,,,0,cooldown
2026-07-07T20:35:28,forecast_hot_humid_bursty_r1,forecast,hot_humid,bursty,1,34.936,34.636,34.436,31.936,25.0,45.0,0.0,,100.0,2.0,,,,0,cooldown
2026-07-07T20:35:28,forecast_hot_humid_bursty_r1,forecast,hot_humid,bursty,1,34.928,34.628,34.428,31.928,25.0,45.0,0.0,,100.0,2.0,,,,0,cooldown
2026-07-07T20:35:28,forecast_hot_humid_bursty_r1,forecast,hot_humid,bursty,1,34.921,34.621,34.421,31.921,25.0,45.0,0.0,,100.0,2.0,,,,0,cooldown
2026-07-07T20:35:28,forecast_hot_humid_bursty_r1,forecast,hot_humid,bursty,1,34.913,34.613,34.413,31.913,25.0,45.0,0.0,,100.0,2.0,,,,0,cooldown
2026-07-07T20:35:28,forecast_hot_humid_bursty_r1,forecast,hot_humid,bursty,1,34.905,34.605,34.405,31.905,25.0,45.0,0.0,,100.0,2.0,,,,0,cooldown
2026-07-07T20:35:28,forecast_hot_humid_bursty_r1,forecast,hot_humid,bursty,1,34.897,34.597,34.397,31.897,25.0,45.0,0.0,,100.0,2.0,,,,0,cooldown
2026-07-07T20:35:28,forecast_hot_humid_bursty_r1,forecast,hot_humid,bursty,1,34.889,34.589,34.389,31.889,25.0,45.0,0.0,,100.0,2.0,,,,0,cooldown
2026-07-07T20:35:28,forecast_hot_humid_bursty_r1,forecast,hot_humid,bursty,1,34.882,34.582,34.382,31.882,25.0,45.0,0.0,,100.0,2.0,,,,0,cooldown
2026-07-07T20:35:28,forecast_hot_humid_bursty_r1,forecast,hot_humid,bursty,1,34.874,34.574,34.374,31.874,25.0,45.0,0.0,,100.0,2.0,,,,0,cooldown
2026-07-07T20:35:28,forecast_hot_humid_bursty_r1,forecast,hot_humid,bursty,1,34.866,34.566,34.366,31.866,25.0,45.0,0.0,,100.0,2.0,,,,0,cooldown
2026-07-07T20:35:28,forecast_hot_humid_bursty_r1,forecast,hot_humid,bursty,1,34.858,34.558,34.358,31.858,25.0,45.0,0.0,,100.0,2.0,,,,0,cooldown
2026-07-07T20:35:28,forecast_hot_humid_bursty_r1,forecast,hot_humid,bursty,1,34.85,34.55,34.35,31.85,25.0,45.0,0.0,,100.0,2.0,,,,0,cooldown
2026-07-07T20:35:28,forecast_hot_humid_bursty_r1,forecast,hot_humid,bursty,1,34.843,34.543,34.343,31.843,25.0,45.0,0.0,,100.0,2.0,,,,0,cooldown
2026-07-07T20:35:28,forecast_hot_humid_bursty_r1,forecast,hot_humid,bursty,1,34.835,34.535,34.335,31.835,25.0,45.0,0.0,,100.0,2.0,,,,0,cooldown
2026-07-07T20:35:28,forecast_hot_humid_bursty_r1,forecast,hot_humid,bursty,1,34.827,34.527,34.327,31.827,25.0,45.0,0.0,,100.0,2.0,,,,0,cooldown
2026-07-07T20:35:28,forecast_hot_humid_bursty_r1,forecast,hot_humid,bursty,1,34.819,34.519,34.319,31.819,25.0,45.0,0.0,,100.0,2.0,,,,0,cooldown
2026-07-07T20:35:28,forecast_hot_humid_bursty_r1,forecast,hot_humid,bursty,1,34.812,34.512,34.312,31.812,25.0,45.0,0.0,,100.0,2.0,,,,0,cooldown
2026-07-07T20:35:28,forecast_hot_humid_bursty_r1,forecast,hot_humid,bursty,1,34.804,34.504,34.304,31.804,25.0,45.0,0.0,,100.0,2.0,,,,0,cooldown
2026-07-07T20:35:28,forecast_hot_humid_bursty_r1,forecast,hot_humid,bursty,1,34.796,34.496,34.296,31.796,25.0,45.0,0.0,,100.0,2.0,,,,0,cooldown
2026-07-07T20:35:28,forecast_hot_humid_bursty_r1,forecast,hot_humid,bursty,1,34.788,34.488,34.288,31.788,25.0,45.0,0.0,,100.0,2.0,,,,0,cooldown
2026-07-07T20:35:28,forecast_hot_humid_bursty_r1,forecast,hot_humid,bursty,1,34.781,34.481,34.281,31.781,25.0,45.0,0.0,,100.0,2.0,,,,0,cooldown
2026-07-07T20:35:28,forecast_hot_humid_bursty_r1,forecast,hot_humid,bursty,1,34.773,34.473,34.273,31.773,25.0,45.0,0.0,,100.0,2.0,,,,0,cooldown
2026-07-07T20:35:28,forecast_hot_humid_bursty_r1,forecast,hot_humid,bursty,1,34.765,34.465,34.265,31.765,25.0,45.0,0.0,,100.0,2.0,,,,0,cooldown
2026-07-07T20:35:28,forecast_hot_humid_bursty_r1,forecast,hot_humid,bursty,1,34.757,34.457,34.257,31.757,25.0,45.0,0.0,,100.0,2.0,,,,0,cooldown
2026-07-07T20:35:28,forecast_hot_humid_bursty_r1,forecast,hot_humid,bursty,1,34.75,34.45,34.25,31.75,25.0,45.0,0.0,,100.0,2.0,,,,0,cooldown
2026-07-07T20:35:28,forecast_hot_humid_bursty_r1,forecast,hot_humid,bursty,1,34.742,34.442,34.242,31.742,25.0,45.0,0.0,,100.0,2.0,,,,0,cooldown
2026-07-07T20:35:28,forecast_hot_humid_bursty_r1,forecast,hot_humid,bursty,1,34.734,34.434,34.234,31.734,25.0,45.0,0.0,,100.0,2.0,,,,0,cooldown
2026-07-07T20:35:28,forecast_hot_humid_bursty_r1,forecast,hot_humid,bursty,1,34.727,34.427,34.227,31.727,25.0,45.0,0.0,,100.0,2.0,,,,0,cooldown
2026-07-07T20:35:28,forecast_hot_humid_bursty_r1,forecast,hot_humid,bursty,1,34.719,34.419,34.219,31.719,25.0,45.0,0.0,,100.0,2.0,,,,0,cooldown
2026-07-07T20:35:28,forecast_hot_humid_bursty_r1,forecast,hot_humid,bursty,1,34.711,34.411,34.211,31.711,25.0,45.0,0.0,,100.0,2.0,,,,0,cooldown
2026-07-07T20:35:28,forecast_hot_humid_bursty_r1,forecast,hot_humid,bursty,1,34.704,34.404,34.204,31.704,25.0,45.0,0.0,,100.0,2.0,,,,0,cooldown
2026-07-07T20:35:28,forecast_hot_humid_bursty_r1,forecast,hot_humid,bursty,1,34.696,34.396,34.196,31.696,25.0,45.0,0.0,,100.0,2.0,,,,0,cooldown
2026-07-07T20:35:28,forecast_hot_humid_bursty_r1,forecast,hot_humid,bursty,1,34.688,34.388,34.188,31.688,25.0,45.0,0.0,,100.0,2.0,,,,0,cooldown
2026-07-07T20:35:28,forecast_hot_humid_bursty_r1,forecast,hot_humid,bursty,1,34.681,34.381,34.181,31.681,25.0,45.0,0.0,,100.0,2.0,,,,0,cooldown
2026-07-07T20:35:28,forecast_hot_humid_bursty_r1,forecast,hot_humid,bursty,1,34.673,34.373,34.173,31.673,25.0,45.0,0.0,,100.0,2.0,,,,0,cooldown
2026-07-07T20:35:28,forecast_hot_humid_bursty_r1,forecast,hot_humid,bursty,1,34.665,34.365,34.165,31.665,25.0,45.0,0.0,,100.0,2.0,,,,0,cooldown
2026-07-07T20:35:28,forecast_hot_humid_bursty_r1,forecast,hot_humid,bursty,1,34.658,34.358,34.158,31.658,25.0,45.0,0.0,,100.0,2.0,,,,0,cooldown
2026-07-07T20:35:28,forecast_hot_humid_bursty_r1,forecast,hot_humid,bursty,1,34.65,34.35,34.15,31.65,25.0,45.0,0.0,,100.0,2.0,,,,0,cooldown
2026-07-07T20:35:28,forecast_hot_humid_bursty_r1,forecast,hot_humid,bursty,1,34.643,34.343,34.143,31.643,25.0,45.0,0.0,,100.0,2.0,,,,0,cooldown
2026-07-07T20:35:28,forecast_hot_humid_bursty_r1,forecast,hot_humid,bursty,1,34.635,34.335,34.135,31.635,25.0,45.0,0.0,,100.0,2.0,,,,0,cooldown
2026-07-07T20:35:28,forecast_hot_humid_bursty_r1,forecast,hot_humid,bursty,1,34.627,34.327,34.127,31.627,25.0,45.0,0.0,,100.0,2.0,,,,0,cooldown
2026-07-07T20:35:28,forecast_hot_humid_bursty_r1,forecast,hot_humid,bursty,1,34.62,34.32,34.12,31.62,25.0,45.0,0.0,,100.0,2.0,,,,0,cooldown
2026-07-07T20:35:28,forecast_hot_humid_bursty_r1,forecast,hot_humid,bursty,1,34.612,34.312,34.112,31.612,25.0,45.0,0.0,,100.0,2.0,,,,0,cooldown
2026-07-07T20:35:28,forecast_hot_humid_bursty_r1,forecast,hot_humid,bursty,1,34.605,34.305,34.105,31.605,25.0,45.0,0.0,,100.0,2.0,,,,0,cooldown
2026-07-07T20:35:28,forecast_hot_humid_bursty_r1,forecast,hot_humid,bursty,1,34.597,34.297,34.097,31.597,25.0,45.0,0.0,,100.0,2.0,,,,0,cooldown
2026-07-07T20:35:28,forecast_hot_humid_bursty_r1,forecast,hot_humid,bursty,1,34.589,34.289,34.089,31.589,25.0,45.0,0.0,,100.0,2.0,,,,0,cooldown
2026-07-07T20:35:28,forecast_hot_humid_bursty_r1,forecast,hot_humid,bursty,1,34.582,34.282,34.082,31.582,25.0,45.0,0.0,,100.0,2.0,,,,0,cooldown
2026-07-07T20:35:28,forecast_hot_humid_bursty_r1,forecast,hot_humid,bursty,1,34.574,34.274,34.074,31.574,25.0,45.0,0.0,,100.0,2.0,,,,0,cooldown
2026-07-07T20:35:28,forecast_hot_humid_bursty_r1,forecast,hot_humid,bursty,1,34.567,34.267,34.067,31.567,25.0,45.0,0.0,,100.0,2.0,,,,0,cooldown
2026-07-07T20:35:28,forecast_hot_humid_bursty_r1,forecast,hot_humid,bursty,1,34.559,34.259,34.059,31.559,25.0,45.0,0.0,,100.0,2.0,,,,0,cooldown
2026-07-07T20:35:28,forecast_hot_humid_bursty_r1,forecast,hot_humid,bursty,1,34.552,34.252,34.052,31.552,25.0,45.0,0.0,,100.0,2.0,,,,0,cooldown
2026-07-07T20:35:28,forecast_hot_humid_bursty_r1,forecast,hot_humid,bursty,1,34.544,34.244,34.044,31.544,25.0,45.0,0.0,,100.0,2.0,,,,0,cooldown
2026-07-07T20:35:28,forecast_hot_humid_bursty_r1,forecast,hot_humid,bursty,1,34.536,34.236,34.036,31.536,25.0,45.0,0.0,,100.0,2.0,,,,0,cooldown
2026-07-07T20:35:28,forecast_hot_humid_bursty_r1,forecast,hot_humid,bursty,1,34.529,34.229,34.029,31.529,25.0,45.0,0.0,,100.0,2.0,,,,0,cooldown
2026-07-07T20:35:28,forecast_hot_humid_bursty_r1,forecast,hot_humid,bursty,1,34.521,34.221,34.021,31.521,25.0,45.0,0.0,,100.0,2.0,,,,0,cooldown
2026-07-07T20:35:28,forecast_hot_humid_bursty_r1,forecast,hot_humid,bursty,1,34.514,34.214,34.014,31.514,25.0,45.0,0.0,,100.0,2.0,,,,0,cooldown
2026-07-07T20:35:28,forecast_hot_humid_bursty_r1,forecast,hot_humid,bursty,1,34.506,34.206,34.006,31.506,25.0,45.0,0.0,,100.0,2.0,,,,0,cooldown
2026-07-07T20:35:28,forecast_hot_humid_bursty_r1,forecast,hot_humid,bursty,1,34.499,34.199,33.999,31.499,25.0,45.0,0.0,,100.0,2.0,,,,0,cooldown
2026-07-07T20:35:28,forecast_hot_humid_bursty_r1,forecast,hot_humid,bursty,1,34.491,34.191,33.991,31.491,25.0,45.0,0.0,,100.0,2.0,,,,0,cooldown
2026-07-07T20:35:28,forecast_hot_humid_bursty_r1,forecast,hot_humid,bursty,1,34.484,34.184,33.984,31.484,25.0,45.0,0.0,,100.0,2.0,,,,0,cooldown
2026-07-07T20:35:28,forecast_hot_humid_bursty_r1,forecast,hot_humid,bursty,1,34.476,34.176,33.976,31.476,25.0,45.0,0.0,,100.0,2.0,,,,0,cooldown
2026-07-07T20:35:28,forecast_hot_humid_bursty_r1,forecast,hot_humid,bursty,1,34.469,34.169,33.969,31.469,25.0,45.0,0.0,,100.0,2.0,,,,0,cooldown
2026-07-07T20:35:28,forecast_hot_humid_bursty_r1,forecast,hot_humid,bursty,1,34.461,34.161,33.961,31.461,25.0,45.0,0.0,,100.0,2.0,,,,0,cooldown
2026-07-07T20:35:28,forecast_hot_humid_bursty_r1,forecast,hot_humid,bursty,1,34.454,34.154,33.954,31.454,25.0,45.0,0.0,,100.0,2.0,,,,0,cooldown
2026-07-07T20:35:28,forecast_hot_humid_bursty_r1,forecast,hot_humid,bursty,1,34.447,34.147,33.947,31.447,25.0,45.0,0.0,,100.0,2.0,,,,0,cooldown
2026-07-07T20:35:28,forecast_hot_humid_bursty_r1,forecast,hot_humid,bursty,1,34.439,34.139,33.939,31.439,25.0,45.0,0.0,,100.0,2.0,,,,0,cooldown
2026-07-07T20:35:28,forecast_hot_humid_bursty_r1,forecast,hot_humid,bursty,1,34.432,34.132,33.932,31.432,25.0,45.0,0.0,,100.0,2.0,,,,0,cooldown
2026-07-07T20:35:28,forecast_hot_humid_bursty_r1,forecast,hot_humid,bursty,1,34.424,34.124,33.924,31.424,25.0,45.0,0.0,,100.0,2.0,,,,0,cooldown
2026-07-07T20:35:28,forecast_hot_humid_bursty_r1,forecast,hot_humid,bursty,1,34.417,34.117,33.917,31.417,25.0,45.0,0.0,,100.0,2.0,,,,0,cooldown
2026-07-07T20:35:28,forecast_hot_humid_bursty_r1,forecast,hot_humid,bursty,1,34.409,34.109,33.909,31.409,25.0,45.0,0.0,,100.0,2.0,,,,0,cooldown
2026-07-07T20:35:28,forecast_hot_humid_bursty_r1,forecast,hot_humid,bursty,1,34.402,34.102,33.902,31.402,25.0,45.0,0.0,,100.0,2.0,,,,0,cooldown
2026-07-07T20:35:28,forecast_hot_humid_bursty_r1,forecast,hot_humid,bursty,1,34.394,34.094,33.894,31.394,25.0,45.0,0.0,,100.0,2.0,,,,0,cooldown
2026-07-07T20:35:28,forecast_hot_humid_bursty_r1,forecast,hot_humid,bursty,1,34.387,34.087,33.887,31.387,25.0,45.0,0.0,,100.0,2.0,,,,0,cooldown
2026-07-07T20:35:28,forecast_hot_humid_bursty_r1,forecast,hot_humid,bursty,1,34.38,34.08,33.88,31.38,25.0,45.0,0.0,,100.0,2.0,,,,0,cooldown
2026-07-07T20:35:28,forecast_hot_humid_bursty_r1,forecast,hot_humid,bursty,1,34.372,34.072,33.872,31.372,25.0,45.0,0.0,,100.0,2.0,,,,0,cooldown
2026-07-07T20:35:28,forecast_hot_humid_bursty_r1,forecast,hot_humid,bursty,1,34.365,34.065,33.865,31.365,25.0,45.0,0.0,,100.0,2.0,,,,0,cooldown
2026-07-07T20:35:28,forecast_hot_humid_bursty_r1,forecast,hot_humid,bursty,1,34.357,34.057,33.857,31.357,25.0,45.0,0.0,,100.0,2.0,,,,0,cooldown
2026-07-07T20:35:28,forecast_hot_humid_bursty_r1,forecast,hot_humid,bursty,1,34.35,34.05,33.85,31.35,25.0,45.0,0.0,,100.0,2.0,,,,0,cooldown
2026-07-07T20:35:28,forecast_hot_humid_bursty_r1,forecast,hot_humid,bursty,1,34.343,34.043,33.843,31.343,25.0,45.0,0.0,,100.0,2.0,,,,0,cooldown
2026-07-07T20:35:28,forecast_hot_humid_bursty_r1,forecast,hot_humid,bursty,1,34.335,34.035,33.835,31.335,25.0,45.0,0.0,,100.0,2.0,,,,0,cooldown
2026-07-07T20:35:28,forecast_hot_humid_bursty_r1,forecast,hot_humid,bursty,1,34.328,34.028,33.828,31.328,25.0,45.0,0.0,,100.0,2.0,,,,0,cooldown
2026-07-07T20:35:28,forecast_hot_humid_bursty_r1,forecast,hot_humid,bursty,1,34.321,34.021,33.821,31.321,25.0,45.0,0.0,,100.0,2.0,,,,0,cooldown
2026-07-07T20:35:28,forecast_hot_humid_bursty_r1,forecast,hot_humid,bursty,1,34.313,34.013,33.813,31.313,25.0,45.0,0.0,,100.0,2.0,,,,0,cooldown
2026-07-07T20:35:28,forecast_hot_humid_bursty_r1,forecast,hot_humid,bursty,1,34.306,34.006,33.806,31.306,25.0,45.0,0.0,,100.0,2.0,,,,0,cooldown
2026-07-07T20:35:28,forecast_hot_humid_bursty_r1,forecast,hot_humid,bursty,1,34.298,33.998,33.798,31.298,25.0,45.0,0.0,,100.0,2.0,,,,0,cooldown
2026-07-07T20:35:28,forecast_hot_humid_bursty_r1,forecast,hot_humid,bursty,1,34.291,33.991,33.791,31.291,25.0,45.0,0.0,,100.0,2.0,,,,0,cooldown
2026-07-07T20:35:28,forecast_hot_humid_bursty_r1,forecast,hot_humid,bursty,1,34.284,33.984,33.784,31.284,25.0,45.0,0.0,,100.0,2.0,,,,0,cooldown
2026-07-07T20:35:28,forecast_hot_humid_bursty_r1,forecast,hot_humid,bursty,1,34.276,33.976,33.776,31.276,25.0,45.0,0.0,,100.0,2.0,,,,0,cooldown
2026-07-07T20:35:28,forecast_hot_humid_bursty_r1,forecast,hot_humid,bursty,1,34.269,33.969,33.769,31.269,25.0,45.0,0.0,,100.0,2.0,,,,0,cooldown
2026-07-07T20:35:28,forecast_hot_humid_bursty_r1,forecast,hot_humid,bursty,1,34.262,33.962,33.762,31.262,25.0,45.0,0.0,,100.0,2.0,,,,0,cooldown
2026-07-07T20:35:28,forecast_hot_humid_bursty_r1,forecast,hot_humid,bursty,1,34.255,33.955,33.755,31.255,25.0,45.0,0.0,,100.0,2.0,,,,0,cooldown
2026-07-07T20:35:28,forecast_hot_humid_bursty_r1,forecast,hot_humid,bursty,1,34.247,33.947,33.747,31.247,25.0,45.0,0.0,,100.0,2.0,,,,0,cooldown
2026-07-07T20:35:28,forecast_hot_humid_bursty_r1,forecast,hot_humid,bursty,1,34.24,33.94,33.74,31.24,25.0,45.0,0.0,,100.0,2.0,,,,0,cooldown
2026-07-07T20:35:28,forecast_hot_humid_bursty_r1,forecast,hot_humid,bursty,1,34.233,33.933,33.733,31.233,25.0,45.0,0.0,,100.0,2.0,,,,0,cooldown
2026-07-07T20:35:28,forecast_hot_humid_bursty_r1,forecast,hot_humid,bursty,1,34.225,33.925,33.725,31.225,25.0,45.0,0.0,,100.0,2.0,,,,0,cooldown
2026-07-07T20:35:28,forecast_hot_humid_bursty_r1,forecast,hot_humid,bursty,1,34.218,33.918,33.718,31.218,25.0,45.0,0.0,,100.0,2.0,,,,0,cooldown
2026-07-07T20:35:28,forecast_hot_humid_bursty_r1,forecast,hot_humid,bursty,1,34.211,33.911,33.711,31.211,25.0,45.0,0.0,,100.0,2.0,,,,0,cooldown
2026-07-07T20:35:28,forecast_hot_humid_bursty_r1,forecast,hot_humid,bursty,1,34.204,33.904,33.704,31.204,25.0,45.0,0.0,,100.0,2.0,,,,0,cooldown
2026-07-07T20:35:28,forecast_hot_humid_bursty_r1,forecast,hot_humid,bursty,1,34.196,33.896,33.696,31.196,25.0,45.0,0.0,,100.0,2.0,,,,0,cooldown
2026-07-07T20:35:28,forecast_hot_humid_bursty_r1,forecast,hot_humid,bursty,1,34.189,33.889,33.689,31.189,25.0,45.0,0.0,,100.0,2.0,,,,0,cooldown
2026-07-07T20:35:28,forecast_hot_humid_bursty_r1,forecast,hot_humid,bursty,1,34.182,33.882,33.682,31.182,25.0,45.0,0.0,,100.0,2.0,,,,0,cooldown
2026-07-07T20:35:28,forecast_hot_humid_bursty_r1,forecast,hot_humid,bursty,1,34.174,33.874,33.674,31.174,25.0,45.0,0.0,,100.0,2.0,,,,0,cooldown
2026-07-07T20:35:28,forecast_hot_humid_bursty_r1,forecast,hot_humid,bursty,1,34.167,33.867,33.667,31.167,25.0,45.0,0.0,,100.0,2.0,,,,0,cooldown
2026-07-07T20:35:28,forecast_hot_humid_bursty_r1,forecast,hot_humid,bursty,1,34.16,33.86,33.66,31.16,25.0,45.0,0.0,,100.0,2.0,,,,0,cooldown
2026-07-07T20:35:28,forecast_hot_humid_bursty_r1,forecast,hot_humid,bursty,1,34.153,33.853,33.653,31.153,25.0,45.0,0.0,,100.0,2.0,,,,0,cooldown
2026-07-07T20:35:28,forecast_hot_humid_bursty_r1,forecast,hot_humid,bursty,1,34.146,33.846,33.646,31.146,25.0,45.0,0.0,,100.0,2.0,,,,0,cooldown
2026-07-07T20:35:28,forecast_hot_humid_bursty_r1,forecast,hot_humid,bursty,1,34.138,33.838,33.638,31.138,25.0,45.0,0.0,,100.0,2.0,,,,0,cooldown
2026-07-07T20:35:28,forecast_hot_humid_bursty_r1,forecast,hot_humid,bursty,1,34.131,33.831,33.631,31.131,25.0,45.0,0.0,,100.0,2.0,,,,0,cooldown
2026-07-07T20:35:28,forecast_hot_humid_bursty_r1,forecast,hot_humid,bursty,1,34.124,33.824,33.624,31.124,25.0,45.0,0.0,,100.0,2.0,,,,0,cooldown
2026-07-07T20:35:28,forecast_hot_humid_bursty_r1,forecast,hot_humid,bursty,1,34.117,33.817,33.617,31.117,25.0,45.0,0.0,,100.0,2.0,,,,0,cooldown
2026-07-07T20:35:28,forecast_hot_humid_bursty_r1,forecast,hot_humid,bursty,1,34.109,33.809,33.609,31.109,25.0,45.0,0.0,,100.0,2.0,,,,0,cooldown
2026-07-07T20:35:28,forecast_hot_humid_bursty_r1,forecast,hot_humid,bursty,1,34.102,33.802,33.602,31.102,25.0,45.0,0.0,,100.0,2.0,,,,0,cooldown
2026-07-07T20:35:28,forecast_hot_humid_bursty_r1,forecast,hot_humid,bursty,1,34.095,33.795,33.595,31.095,25.0,45.0,0.0,,100.0,2.0,,,,0,cooldown
2026-07-07T20:35:28,forecast_hot_humid_bursty_r1,forecast,hot_humid,bursty,1,34.088,33.788,33.588,31.088,25.0,45.0,0.0,,100.0,2.0,,,,0,cooldown
2026-07-07T20:35:28,forecast_hot_humid_bursty_r1,forecast,hot_humid,bursty,1,34.081,33.781,33.581,31.081,25.0,45.0,0.0,,100.0,2.0,,,,0,cooldown
2026-07-07T20:35:28,forecast_hot_humid_bursty_r1,forecast,hot_humid,bursty,1,34.074,33.774,33.574,31.074,25.0,45.0,0.0,,100.0,2.0,,,,0,cooldown
2026-07-07T20:35:28,forecast_hot_humid_bursty_r1,forecast,hot_humid,bursty,1,34.066,33.766,33.566,31.066,25.0,45.0,0.0,,100.0,2.0,,,,0,cooldown
2026-07-07T20:35:28,forecast_hot_humid_bursty_r1,forecast,hot_humid,bursty,1,34.059,33.759,33.559,31.059,25.0,45.0,0.0,,100.0,2.0,,,,0,cooldown
2026-07-07T20:35:28,forecast_hot_humid_bursty_r1,forecast,hot_humid,bursty,1,34.052,33.752,33.552,31.052,25.0,45.0,0.0,,100.0,2.0,,,,0,cooldown
2026-07-07T20:35:28,forecast_hot_humid_bursty_r1,forecast,hot_humid,bursty,1,34.045,33.745,33.545,31.045,25.0,45.0,0.0,,100.0,2.0,,,,0,cooldown
2026-07-07T20:35:28,forecast_hot_humid_bursty_r1,forecast,hot_humid,bursty,1,34.038,33.738,33.538,31.038,25.0,45.0,0.0,,100.0,2.0,,,,0,cooldown
2026-07-07T20:35:28,forecast_hot_humid_bursty_r1,forecast,hot_humid,bursty,1,34.031,33.731,33.531,31.031,25.0,45.0,0.0,,100.0,2.0,,,,0,cooldown
2026-07-07T20:35:28,forecast_hot_humid_bursty_r1,forecast,hot_humid,bursty,1,34.024,33.724,33.524,31.024,25.0,45.0,0.0,,100.0,2.0,,,,0,cooldown
2026-07-07T20:35:28,forecast_hot_humid_bursty_r1,forecast,hot_humid,bursty,1,34.016,33.716,33.516,31.016,25.0,45.0,0.0,,100.0,2.0,,,,0,cooldown
2026-07-07T20:35:28,forecast_hot_humid_bursty_r1,forecast,hot_humid,bursty,1,34.009,33.709,33.509,31.009,25.0,45.0,0.0,,100.0,2.0,,,,0,cooldown
2026-07-07T20:35:28,forecast_hot_humid_bursty_r1,forecast,hot_humid,bursty,1,34.002,33.702,33.502,31.002,25.0,45.0,0.0,,100.0,2.0,,,,0,cooldown
2026-07-07T20:35:28,forecast_hot_humid_bursty_r1,forecast,hot_humid,bursty,1,33.995,33.695,33.495,30.995,25.0,45.0,0.0,,100.0,2.0,,,,0,cooldown
2026-07-07T20:35:28,forecast_hot_humid_bursty_r1,forecast,hot_humid,bursty,1,33.988,33.688,33.488,30.988,25.0,45.0,0.0,,100.0,2.0,,,,0,cooldown
2026-07-07T20:35:28,forecast_hot_humid_bursty_r1,forecast,hot_humid,bursty,1,33.981,33.681,33.481,30.981,25.0,45.0,0.0,,100.0,2.0,,,,0,cooldown
2026-07-07T20:35:28,forecast_hot_humid_bursty_r1,forecast,hot_humid,bursty,1,33.974,33.674,33.474,30.974,25.0,45.0,0.0,,100.0,2.0,,,,0,cooldown
2026-07-07T20:35:28,forecast_hot_humid_bursty_r1,forecast,hot_humid,bursty,1,33.967,33.667,33.467,30.967,25.0,45.0,0.0,,100.0,2.0,,,,0,cooldown
2026-07-07T20:35:28,forecast_hot_humid_bursty_r1,forecast,hot_humid,bursty,1,33.96,33.66,33.46,30.96,25.0,45.0,0.0,,100.0,2.0,,,,0,cooldown
2026-07-07T20:35:28,forecast_hot_humid_bursty_r1,forecast,hot_humid,bursty,1,33.953,33.653,33.453,30.953,25.0,45.0,0.0,,100.0,2.0,,,,0,cooldown
2026-07-07T20:35:28,forecast_hot_humid_bursty_r1,forecast,hot_humid,bursty,1,33.946,33.646,33.446,30.946,25.0,45.0,0.0,,100.0,2.0,,,,0,cooldown
2026-07-07T20:35:28,forecast_hot_humid_bursty_r1,forecast,hot_humid,bursty,1,33.938,33.638,33.438,30.938,25.0,45.0,0.0,,100.0,2.0,,,,0,cooldown
2026-07-07T20:35:28,forecast_hot_humid_bursty_r1,forecast,hot_humid,bursty,1,33.931,33.631,33.431,30.931,25.0,45.0,0.0,,100.0,2.0,,,,0,cooldown
2026-07-07T20:35:28,forecast_hot_humid_bursty_r1,forecast,hot_humid,bursty,1,33.924,33.624,33.424,30.924,25.0,45.0,0.0,,100.0,2.0,,,,0,cooldown
2026-07-07T20:35:28,forecast_hot_humid_bursty_r1,forecast,hot_humid,bursty,1,33.917,33.617,33.417,30.917,25.0,45.0,0.0,,100.0,2.0,,,,0,cooldown
2026-07-07T20:35:28,forecast_hot_humid_bursty_r1,forecast,hot_humid,bursty,1,33.91,33.61,33.41,30.91,25.0,45.0,0.0,,100.0,2.0,,,,0,cooldown
2026-07-07T20:35:28,forecast_hot_humid_bursty_r1,forecast,hot_humid,bursty,1,33.903,33.603,33.403,30.903,25.0,45.0,0.0,,100.0,2.0,,,,0,cooldown
2026-07-07T20:35:28,forecast_hot_humid_bursty_r1,forecast,hot_humid,bursty,1,33.896,33.596,33.396,30.896,25.0,45.0,0.0,,100.0,2.0,,,,0,cooldown
2026-07-07T20:35:28,forecast_hot_humid_bursty_r1,forecast,hot_humid,bursty,1,33.889,33.589,33.389,30.889,25.0,45.0,0.0,,100.0,2.0,,,,0,cooldown
2026-07-07T20:35:28,forecast_hot_humid_bursty_r1,forecast,hot_humid,bursty,1,33.882,33.582,33.382,30.882,25.0,45.0,0.0,,100.0,2.0,,,,0,cooldown
2026-07-07T20:35:28,forecast_hot_humid_bursty_r1,forecast,hot_humid,bursty,1,33.875,33.575,33.375,30.875,25.0,45.0,0.0,,100.0,2.0,,,,0,cooldown
2026-07-07T20:35:28,forecast_hot_humid_bursty_r1,forecast,hot_humid,bursty,1,33.868,33.568,33.368,30.868,25.0,45.0,0.0,,100.0,2.0,,,,0,cooldown
2026-07-07T20:35:28,forecast_hot_humid_bursty_r1,forecast,hot_humid,bursty,1,33.861,33.561,33.361,30.861,25.0,45.0,0.0,,100.0,2.0,,,,0,cooldown
2026-07-07T20:35:28,forecast_hot_humid_bursty_r1,forecast,hot_humid,bursty,1,33.854,33.554,33.354,30.854,25.0,45.0,0.0,,100.0,2.0,,,,0,cooldown
2026-07-07T20:35:28,forecast_hot_humid_bursty_r1,forecast,hot_humid,bursty,1,33.847,33.547,33.347,30.847,25.0,45.0,0.0,,100.0,2.0,,,,0,cooldown
2026-07-07T20:35:28,forecast_hot_humid_bursty_r1,forecast,hot_humid,bursty,1,33.84,33.54,33.34,30.84,25.0,45.0,0.0,,100.0,2.0,,,,0,cooldown
2026-07-07T20:35:28,forecast_hot_humid_bursty_r1,forecast,hot_humid,bursty,1,33.833,33.533,33.333,30.833,25.0,45.0,0.0,,100.0,2.0,,,,0,cooldown
2026-07-07T20:35:28,forecast_hot_humid_bursty_r1,forecast,hot_humid,bursty,1,33.826,33.526,33.326,30.826,25.0,45.0,0.0,,100.0,2.0,,,,0,cooldown
2026-07-07T20:35:28,forecast_hot_humid_bursty_r1,forecast,hot_humid,bursty,1,33.819,33.519,33.319,30.819,25.0,45.0,0.0,,100.0,2.0,,,,0,cooldown
2026-07-07T20:35:28,forecast_hot_humid_bursty_r1,forecast,hot_humid,bursty,1,33.812,33.512,33.312,30.812,25.0,45.0,0.0,,100.0,2.0,,,,0,cooldown
2026-07-07T20:35:28,forecast_hot_humid_bursty_r1,forecast,hot_humid,bursty,1,33.805,33.505,33.305,30.805,25.0,45.0,0.0,,100.0,2.0,,,,0,cooldown
2026-07-07T20:35:28,forecast_hot_humid_bursty_r1,forecast,hot_humid,bursty,1,33.798,33.498,33.298,30.798,25.0,45.0,0.0,,100.0,2.0,,,,0,cooldown
2026-07-07T20:35:28,forecast_hot_humid_bursty_r1,forecast,hot_humid,bursty,1,33.791,33.491,33.291,30.791,25.0,45.0,0.0,,100.0,2.0,,,,0,cooldown
2026-07-07T20:35:28,forecast_hot_humid_bursty_r1,forecast,hot_humid,bursty,1,33.784,33.484,33.284,30.784,25.0,45.0,0.0,,100.0,2.0,,,,0,cooldown
2026-07-07T20:35:28,forecast_hot_humid_bursty_r1,forecast,hot_humid,bursty,1,33.778,33.478,33.278,30.778,25.0,45.0,0.0,,100.0,2.0,,,,0,cooldown
2026-07-07T20:35:28,forecast_hot_humid_bursty_r1,forecast,hot_humid,bursty,1,33.771,33.471,33.271,30.771,25.0,45.0,0.0,,100.0,2.0,,,,0,cooldown
2026-07-07T20:35:28,forecast_hot_humid_bursty_r1,forecast,hot_humid,bursty,1,33.764,33.464,33.264,30.764,25.0,45.0,0.0,,100.0,2.0,,,,0,cooldown
2026-07-07T20:35:28,forecast_hot_humid_bursty_r1,forecast,hot_humid,bursty,1,33.757,33.457,33.257,30.757,25.0,45.0,0.0,,100.0,2.0,,,,0,cooldown
2026-07-07T20:35:28,forecast_hot_humid_bursty_r1,forecast,hot_humid,bursty,1,33.75,33.45,33.25,30.75,25.0,45.0,0.0,,100.0,2.0,,,,0,cooldown
2026-07-07T20:35:28,forecast_hot_humid_bursty_r1,forecast,hot_humid,bursty,1,33.743,33.443,33.243,30.743,25.0,45.0,0.0,,100.0,2.0,,,,0,cooldown
2026-07-07T20:35:28,forecast_hot_humid_bursty_r1,forecast,hot_humid,bursty,1,33.736,33.436,33.236,30.736,25.0,45.0,0.0,,100.0,2.0,,,,0,cooldown
2026-07-07T20:35:28,forecast_hot_humid_bursty_r1,forecast,hot_humid,bursty,1,33.729,33.429,33.229,30.729,25.0,45.0,0.0,,100.0,2.0,,,,0,cooldown
2026-07-07T20:35:28,forecast_hot_humid_bursty_r1,forecast,hot_humid,bursty,1,33.722,33.422,33.222,30.722,25.0,45.0,0.0,,100.0,2.0,,,,0,cooldown
2026-07-07T20:35:28,forecast_hot_humid_bursty_r1,forecast,hot_humid,bursty,1,33.715,33.415,33.215,30.715,25.0,45.0,0.0,,100.0,2.0,,,,0,cooldown
2026-07-07T20:35:28,forecast_hot_humid_bursty_r1,forecast,hot_humid,bursty,1,33.708,33.408,33.208,30.708,25.0,45.0,0.0,,100.0,2.0,,,,0,cooldown
2026-07-07T20:35:28,forecast_hot_humid_bursty_r1,forecast,hot_humid,bursty,1,33.702,33.402,33.202,30.702,25.0,45.0,0.0,,100.0,2.0,,,,0,cooldown
2026-07-07T20:35:28,forecast_hot_humid_bursty_r1,forecast,hot_humid,bursty,1,33.695,33.395,33.195,30.695,25.0,45.0,0.0,,100.0,2.0,,,,0,cooldown
2026-07-07T20:35:28,forecast_hot_humid_bursty_r1,forecast,hot_humid,bursty,1,33.688,33.388,33.188,30.688,25.0,45.0,0.0,,100.0,2.0,,,,0,cooldown
2026-07-07T20:35:28,forecast_hot_humid_bursty_r1,forecast,hot_humid,bursty,1,33.681,33.381,33.181,30.681,25.0,45.0,0.0,,100.0,2.0,,,,0,cooldown
2026-07-07T20:35:28,forecast_hot_humid_bursty_r1,forecast,hot_humid,bursty,1,33.674,33.374,33.174,30.674,25.0,45.0,0.0,,100.0,2.0,,,,0,cooldown
2026-07-07T20:35:28,forecast_hot_humid_bursty_r1,forecast,hot_humid,bursty,1,33.667,33.367,33.167,30.667,25.0,45.0,0.0,,100.0,2.0,,,,0,cooldown
2026-07-07T20:35:28,forecast_hot_humid_bursty_r1,forecast,hot_humid,bursty,1,33.66,33.36,33.16,30.66,25.0,45.0,0.0,,100.0,2.0,,,,0,cooldown
2026-07-07T20:35:28,forecast_hot_humid_bursty_r1,forecast,hot_humid,bursty,1,33.654,33.354,33.154,30.654,25.0,45.0,0.0,,100.0,2.0,,,,0,cooldown
2026-07-07T20:35:28,forecast_hot_humid_bursty_r1,forecast,hot_humid,bursty,1,33.647,33.347,33.147,30.647,25.0,45.0,0.0,,100.0,2.0,,,,0,cooldown
2026-07-07T20:35:28,forecast_hot_humid_bursty_r1,forecast,hot_humid,bursty,1,33.64,33.34,33.14,30.64,25.0,45.0,0.0,,100.0,2.0,,,,0,cooldown
2026-07-07T20:35:28,forecast_hot_humid_bursty_r1,forecast,hot_humid,bursty,1,33.633,33.333,33.133,30.633,25.0,45.0,0.0,,100.0,2.0,,,,0,cooldown
2026-07-07T20:35:28,forecast_hot_humid_bursty_r1,forecast,hot_humid,bursty,1,33.626,33.326,33.126,30.626,25.0,45.0,0.0,,100.0,2.0,,,,0,cooldown
2026-07-07T20:35:28,forecast_hot_humid_bursty_r1,forecast,hot_humid,bursty,1,33.62,33.32,33.12,30.62,25.0,45.0,0.0,,100.0,2.0,,,,0,cooldown
2026-07-07T20:35:28,forecast_hot_humid_bursty_r1,forecast,hot_humid,bursty,1,33.613,33.313,33.113,30.613,25.0,45.0,0.0,,100.0,2.0,,,,0,cooldown
2026-07-07T20:35:28,forecast_hot_humid_bursty_r1,forecast,hot_humid,bursty,1,33.606,33.306,33.106,30.606,25.0,45.0,0.0,,100.0,2.0,,,,0,cooldown
2026-07-07T20:35:28,forecast_hot_humid_bursty_r1,forecast,hot_humid,bursty,1,33.599,33.299,33.099,30.599,25.0,45.0,0.0,,100.0,2.0,,,,0,cooldown
2026-07-07T20:35:28,forecast_hot_humid_bursty_r1,forecast,hot_humid,bursty,1,33.592,33.292,33.092,30.592,25.0,45.0,0.0,,100.0,2.0,,,,0,cooldown
2026-07-07T20:35:28,forecast_hot_humid_bursty_r1,forecast,hot_humid,bursty,1,33.586,33.286,33.086,30.586,25.0,45.0,0.0,,100.0,2.0,,,,0,cooldown
2026-07-07T20:35:28,forecast_hot_humid_bursty_r1,forecast,hot_humid,bursty,1,33.579,33.279,33.079,30.579,25.0,45.0,0.0,,100.0,2.0,,,,0,cooldown
2026-07-07T20:35:28,forecast_hot_humid_bursty_r1,forecast,hot_humid,bursty,1,33.572,33.272,33.072,30.572,25.0,45.0,0.0,,100.0,2.0,,,,0,cooldown
2026-07-07T20:35:28,forecast_hot_humid_bursty_r1,forecast,hot_humid,bursty,1,33.565,33.265,33.065,30.565,25.0,45.0,0.0,,100.0,2.0,,,,0,cooldown
2026-07-07T20:35:28,forecast_hot_humid_bursty_r1,forecast,hot_humid,bursty,1,33.558,33.258,33.058,30.558,25.0,45.0,0.0,,100.0,2.0,,,,0,cooldown
2026-07-07T20:35:28,forecast_hot_humid_bursty_r1,forecast,hot_humid,bursty,1,33.552,33.252,33.052,30.552,25.0,45.0,0.0,,100.0,2.0,,,,0,cooldown
2026-07-07T20:35:28,forecast_hot_humid_bursty_r1,forecast,hot_humid,bursty,1,33.545,33.245,33.045,30.545,25.0,45.0,0.0,,100.0,2.0,,,,0,cooldown
2026-07-07T20:35:28,forecast_hot_humid_bursty_r1,forecast,hot_humid,bursty,1,33.538,33.238,33.038,30.538,25.0,45.0,0.0,,100.0,2.0,,,,0,cooldown
2026-07-07T20:35:28,forecast_hot_humid_bursty_r1,forecast,hot_humid,bursty,1,33.531,33.231,33.031,30.531,25.0,45.0,0.0,,100.0,2.0,,,,0,cooldown
2026-07-07T20:35:28,forecast_hot_humid_bursty_r1,forecast,hot_humid,bursty,1,33.525,33.225,33.025,30.525,25.0,45.0,0.0,,100.0,2.0,,,,0,cooldown
2026-07-07T20:35:28,forecast_hot_humid_bursty_r1,forecast,hot_humid,bursty,1,33.518,33.218,33.018,30.518,25.0,45.0,0.0,,100.0,2.0,,,,0,cooldown
2026-07-07T20:35:28,forecast_hot_humid_bursty_r1,forecast,hot_humid,bursty,1,33.511,33.211,33.011,30.511,25.0,45.0,0.0,,100.0,2.0,,,,0,cooldown
2026-07-07T20:35:28,forecast_hot_humid_bursty_r1,forecast,hot_humid,bursty,1,33.505,33.205,33.005,30.505,25.0,45.0,0.0,,100.0,2.0,,,,0,cooldown
2026-07-07T20:35:28,forecast_hot_humid_bursty_r1,forecast,hot_humid,bursty,1,33.498,33.198,32.998,30.498,25.0,45.0,0.0,,100.0,2.0,,,,0,cooldown
2026-07-07T20:35:28,forecast_hot_humid_bursty_r1,forecast,hot_humid,bursty,1,33.491,33.191,32.991,30.491,25.0,45.0,0.0,,100.0,2.0,,,,0,cooldown
2026-07-07T20:35:28,forecast_hot_humid_bursty_r1,forecast,hot_humid,bursty,1,33.484,33.184,32.984,30.484,25.0,45.0,0.0,,100.0,2.0,,,,0,cooldown
2026-07-07T20:35:28,forecast_hot_humid_bursty_r1,forecast,hot_humid,bursty,1,33.478,33.178,32.978,30.478,25.0,45.0,0.0,,100.0,2.0,,,,0,cooldown
2026-07-07T20:35:28,forecast_hot_humid_bursty_r1,forecast,hot_humid,bursty,1,33.471,33.171,32.971,30.471,25.0,45.0,0.0,,100.0,2.0,,,,0,cooldown
2026-07-07T20:35:28,forecast_hot_humid_bursty_r1,forecast,hot_humid,bursty,1,33.464,33.164,32.964,30.464,25.0,45.0,0.0,,100.0,2.0,,,,0,cooldown
2026-07-07T20:35:28,forecast_hot_humid_bursty_r1,forecast,hot_humid,bursty,1,33.458,33.158,32.958,30.458,25.0,45.0,0.0,,100.0,2.0,,,,0,cooldown
2026-07-07T20:35:28,forecast_hot_humid_bursty_r1,forecast,hot_humid,bursty,1,33.451,33.151,32.951,30.451,25.0,45.0,0.0,,100.0,2.0,,,,0,cooldown
2026-07-07T20:35:28,forecast_hot_humid_bursty_r1,forecast,hot_humid,bursty,1,33.444,33.144,32.944,30.444,25.0,45.0,0.0,,100.0,2.0,,,,0,cooldown
2026-07-07T20:35:28,forecast_hot_humid_bursty_r1,forecast,hot_humid,bursty,1,33.438,33.138,32.938,30.438,25.0,45.0,0.0,,100.0,2.0,,,,0,cooldown
2026-07-07T20:35:28,forecast_hot_humid_bursty_r1,forecast,hot_humid,bursty,1,33.431,33.131,32.931,30.431,25.0,45.0,0.0,,100.0,2.0,,,,0,cooldown
2026-07-07T20:35:28,forecast_hot_humid_bursty_r1,forecast,hot_humid,bursty,1,33.424,33.124,32.924,30.424,25.0,45.0,0.0,,100.0,2.0,,,,0,cooldown
2026-07-07T20:35:28,forecast_hot_humid_bursty_r1,forecast,hot_humid,bursty,1,33.418,33.118,32.918,30.418,25.0,45.0,0.0,,100.0,2.0,,,,0,cooldown
2026-07-07T20:35:28,forecast_hot_humid_bursty_r1,forecast,hot_humid,bursty,1,33.411,33.111,32.911,30.411,25.0,45.0,0.0,,100.0,2.0,,,,0,cooldown
2026-07-07T20:35:28,forecast_hot_humid_bursty_r1,forecast,hot_humid,bursty,1,33.404,33.104,32.904,30.404,25.0,45.0,0.0,,100.0,2.0,,,,0,cooldown
2026-07-07T20:35:28,forecast_hot_humid_bursty_r1,forecast,hot_humid,bursty,1,33.398,33.098,32.898,30.398,25.0,45.0,0.0,,100.0,2.0,,,,0,cooldown
2026-07-07T20:35:28,forecast_hot_humid_bursty_r1,forecast,hot_humid,bursty,1,33.391,33.091,32.891,30.391,25.0,45.0,0.0,,100.0,2.0,,,,0,cooldown
2026-07-07T20:35:28,forecast_hot_humid_bursty_r1,forecast,hot_humid,bursty,1,33.385,33.085,32.885,30.385,25.0,45.0,0.0,,100.0,2.0,,,,0,cooldown
2026-07-07T20:35:28,forecast_hot_humid_bursty_r1,forecast,hot_humid,bursty,1,33.378,33.078,32.878,30.378,25.0,45.0,0.0,,100.0,2.0,,,,0,cooldown
2026-07-07T20:35:28,forecast_hot_humid_bursty_r1,forecast,hot_humid,bursty,1,33.371,33.071,32.871,30.371,25.0,45.0,0.0,,100.0,2.0,,,,0,cooldown
2026-07-07T20:35:28,forecast_hot_humid_bursty_r1,forecast,hot_humid,bursty,1,33.365,33.065,32.865,30.365,25.0,45.0,0.0,,100.0,2.0,,,,0,cooldown
2026-07-07T20:35:28,forecast_hot_humid_bursty_r1,forecast,hot_humid,bursty,1,33.358,33.058,32.858,30.358,25.0,45.0,0.0,,100.0,2.0,,,,0,cooldown
2026-07-07T20:35:28,forecast_hot_humid_bursty_r1,forecast,hot_humid,bursty,1,33.351,33.051,32.851,30.351,25.0,45.0,0.0,,100.0,2.0,,,,0,cooldown
2026-07-07T20:35:28,forecast_hot_humid_bursty_r1,forecast,hot_humid,bursty,1,33.345,33.045,32.845,30.345,25.0,45.0,0.0,,100.0,2.0,,,,0,cooldown
2026-07-07T20:35:28,forecast_hot_humid_bursty_r1,forecast,hot_humid,bursty,1,33.338,33.038,32.838,30.338,25.0,45.0,0.0,,100.0,2.0,,,,0,cooldown
2026-07-07T20:35:28,forecast_hot_humid_bursty_r1,forecast,hot_humid,bursty,1,33.332,33.032,32.832,30.332,25.0,45.0,0.0,,100.0,2.0,,,,0,cooldown
2026-07-07T20:35:28,forecast_hot_humid_bursty_r1,forecast,hot_humid,bursty,1,33.325,33.025,32.825,30.325,25.0,45.0,0.0,,100.0,2.0,,,,0,cooldown
2026-07-07T20:35:28,forecast_hot_humid_bursty_r1,forecast,hot_humid,bursty,1,33.319,33.019,32.819,30.319,25.0,45.0,0.0,,100.0,2.0,,,,0,cooldown
2026-07-07T20:35:28,forecast_hot_humid_bursty_r1,forecast,hot_humid,bursty,1,33.312,33.012,32.812,30.312,25.0,45.0,0.0,,100.0,2.0,,,,0,cooldown
2026-07-07T20:35:28,forecast_hot_humid_bursty_r1,forecast,hot_humid,bursty,1,33.305,33.005,32.805,30.305,25.0,45.0,0.0,,100.0,2.0,,,,0,cooldown
2026-07-07T20:35:28,forecast_hot_humid_bursty_r1,forecast,hot_humid,bursty,1,33.299,32.999,32.799,30.299,25.0,45.0,0.0,,100.0,2.0,,,,0,cooldown
2026-07-07T20:35:28,forecast_hot_humid_bursty_r1,forecast,hot_humid,bursty,1,33.292,32.992,32.792,30.292,25.0,45.0,0.0,,100.0,2.0,,,,0,cooldown
2026-07-07T20:35:28,forecast_hot_humid_bursty_r1,forecast,hot_humid,bursty,1,33.286,32.986,32.786,30.286,25.0,45.0,0.0,,100.0,2.0,,,,0,cooldown
2026-07-07T20:35:28,forecast_hot_humid_bursty_r1,forecast,hot_humid,bursty,1,33.279,32.979,32.779,30.279,25.0,45.0,0.0,,100.0,2.0,,,,0,cooldown
2026-07-07T20:35:28,forecast_hot_humid_bursty_r1,forecast,hot_humid,bursty,1,33.273,32.973,32.773,30.273,25.0,45.0,0.0,,100.0,2.0,,,,0,cooldown
2026-07-07T20:35:28,forecast_hot_humid_bursty_r1,forecast,hot_humid,bursty,1,33.266,32.966,32.766,30.266,25.0,45.0,0.0,,100.0,2.0,,,,0,cooldown
2026-07-07T20:35:28,forecast_hot_humid_bursty_r1,forecast,hot_humid,bursty,1,33.26,32.96,32.76,30.26,25.0,45.0,0.0,,100.0,2.0,,,,0,cooldown
2026-07-07T20:35:28,forecast_hot_humid_bursty_r1,forecast,hot_humid,bursty,1,33.253,32.953,32.753,30.253,25.0,45.0,0.0,,100.0,2.0,,,,0,cooldown
2026-07-07T20:35:28,forecast_hot_humid_bursty_r1,forecast,hot_humid,bursty,1,33.247,32.947,32.747,30.247,25.0,45.0,0.0,,100.0,2.0,,,,0,cooldown
2026-07-07T20:35:28,forecast_hot_humid_bursty_r1,forecast,hot_humid,bursty,1,33.24,32.94,32.74,30.24,25.0,45.0,0.0,,100.0,2.0,,,,0,cooldown
2026-07-07T20:35:28,forecast_hot_humid_bursty_r1,forecast,hot_humid,bursty,1,33.234,32.934,32.734,30.234,25.0,45.0,0.0,,100.0,2.0,,,,0,cooldown
2026-07-07T20:35:28,forecast_hot_humid_bursty_r1,forecast,hot_humid,bursty,1,33.227,32.927,32.727,30.227,25.0,45.0,0.0,,100.0,2.0,,,,0,cooldown
2026-07-07T20:35:28,forecast_hot_humid_bursty_r1,forecast,hot_humid,bursty,1,33.221,32.921,32.721,30.221,25.0,45.0,0.0,,100.0,2.0,,,,0,cooldown
2026-07-07T20:35:28,forecast_hot_humid_bursty_r1,forecast,hot_humid,bursty,1,33.214,32.914,32.714,30.214,25.0,45.0,0.0,,100.0,2.0,,,,0,cooldown
2026-07-07T20:35:28,forecast_hot_humid_bursty_r1,forecast,hot_humid,bursty,1,33.208,32.908,32.708,30.208,25.0,45.0,0.0,,100.0,2.0,,,,0,cooldown
2026-07-07T20:35:28,forecast_hot_humid_bursty_r1,forecast,hot_humid,bursty,1,33.201,32.901,32.701,30.201,25.0,45.0,0.0,,100.0,2.0,,,,0,cooldown
2026-07-07T20:35:28,forecast_hot_humid_bursty_r1,forecast,hot_humid,bursty,1,33.195,32.895,32.695,30.195,25.0,45.0,0.0,,100.0,2.0,,,,0,cooldown
2026-07-07T20:35:28,forecast_hot_humid_bursty_r1,forecast,hot_humid,bursty,1,33.188,32.888,32.688,30.188,25.0,45.0,0.0,,100.0,2.0,,,,0,cooldown
2026-07-07T20:35:28,forecast_hot_humid_bursty_r1,forecast,hot_humid,bursty,1,33.182,32.882,32.682,30.182,25.0,45.0,0.0,,100.0,2.0,,,,0,cooldown
2026-07-07T20:35:28,forecast_hot_humid_bursty_r1,forecast,hot_humid,bursty,1,33.175,32.875,32.675,30.175,25.0,45.0,0.0,,100.0,2.0,,,,0,cooldown
2026-07-07T20:35:28,forecast_hot_humid_bursty_r1,forecast,hot_humid,bursty,1,33.169,32.869,32.669,30.169,25.0,45.0,0.0,,100.0,2.0,,,,0,cooldown
2026-07-07T20:35:28,forecast_hot_humid_bursty_r1,forecast,hot_humid,bursty,1,33.162,32.862,32.662,30.162,25.0,45.0,0.0,,100.0,2.0,,,,0,cooldown
2026-07-07T20:35:28,forecast_hot_humid_bursty_r1,forecast,hot_humid,bursty,1,33.156,32.856,32.656,30.156,25.0,45.0,0.0,,100.0,2.0,,,,0,cooldown
2026-07-07T20:35:28,forecast_hot_humid_bursty_r1,forecast,hot_humid,bursty,1,33.15,32.85,32.65,30.15,25.0,45.0,0.0,,100.0,2.0,,,,0,cooldown
2026-07-07T20:35:28,forecast_hot_humid_bursty_r1,forecast,hot_humid,bursty,1,33.143,32.843,32.643,30.143,25.0,45.0,0.0,,100.0,2.0,,,,0,cooldown
2026-07-07T20:35:28,forecast_hot_humid_bursty_r1,forecast,hot_humid,bursty,1,33.137,32.837,32.637,30.137,25.0,45.0,0.0,,100.0,2.0,,,,0,cooldown
2026-07-07T20:35:28,forecast_hot_humid_bursty_r1,forecast,hot_humid,bursty,1,33.13,32.83,32.63,30.13,25.0,45.0,0.0,,100.0,2.0,,,,0,cooldown
2026-07-07T20:35:28,forecast_hot_humid_bursty_r1,forecast,hot_humid,bursty,1,33.124,32.824,32.624,30.124,25.0,45.0,0.0,,100.0,2.0,,,,0,cooldown
2026-07-07T20:35:28,forecast_hot_humid_bursty_r1,forecast,hot_humid,bursty,1,33.117,32.817,32.617,30.117,25.0,45.0,0.0,,100.0,2.0,,,,0,cooldown
2026-07-07T20:35:28,forecast_hot_humid_bursty_r1,forecast,hot_humid,bursty,1,33.111,32.811,32.611,30.111,25.0,45.0,0.0,,100.0,2.0,,,,0,cooldown
2026-07-07T20:35:28,forecast_hot_humid_bursty_r1,forecast,hot_humid,bursty,1,33.105,32.805,32.605,30.105,25.0,45.0,0.0,,100.0,2.0,,,,0,cooldown
2026-07-07T20:35:28,forecast_hot_humid_bursty_r1,forecast,hot_humid,bursty,1,33.098,32.798,32.598,30.098,25.0,45.0,0.0,,100.0,2.0,,,,0,cooldown
2026-07-07T20:35:28,forecast_hot_humid_bursty_r1,forecast,hot_humid,bursty,1,33.092,32.792,32.592,30.092,25.0,45.0,0.0,,100.0,2.0,,,,0,cooldown
2026-07-07T20:35:28,forecast_hot_humid_bursty_r1,forecast,hot_humid,bursty,1,33.085,32.785,32.585,30.085,25.0,45.0,0.0,,100.0,2.0,,,,0,cooldown
2026-07-07T20:35:28,forecast_hot_humid_bursty_r1,forecast,hot_humid,bursty,1,33.079,32.779,32.579,30.079,25.0,45.0,0.0,,100.0,2.0,,,,0,cooldown
2026-07-07T20:35:28,forecast_hot_humid_bursty_r1,forecast,hot_humid,bursty,1,33.073,32.773,32.573,30.073,25.0,45.0,0.0,,100.0,2.0,,,,0,cooldown
2026-07-07T20:35:28,forecast_hot_humid_bursty_r1,forecast,hot_humid,bursty,1,33.066,32.766,32.566,30.066,25.0,45.0,0.0,,100.0,2.0,,,,0,cooldown
2026-07-07T20:35:28,forecast_hot_humid_bursty_r1,forecast,hot_humid,bursty,1,33.06,32.76,32.56,30.06,25.0,45.0,0.0,,100.0,2.0,,,,0,cooldown
2026-07-07T20:35:28,forecast_hot_humid_bursty_r1,forecast,hot_humid,bursty,1,33.054,32.754,32.554,30.054,25.0,45.0,0.0,,100.0,2.0,,,,0,cooldown
2026-07-07T20:35:28,forecast_hot_humid_bursty_r1,forecast,hot_humid,bursty,1,33.047,32.747,32.547,30.047,25.0,45.0,0.0,,100.0,2.0,,,,0,cooldown
2026-07-07T20:35:28,forecast_hot_humid_bursty_r1,forecast,hot_humid,bursty,1,33.041,32.741,32.541,30.041,25.0,45.0,0.0,,100.0,2.0,,,,0,cooldown
2026-07-07T20:35:28,forecast_hot_humid_bursty_r1,forecast,hot_humid,bursty,1,33.034,32.734,32.534,30.034,25.0,45.0,0.0,,100.0,2.0,,,,0,cooldown
2026-07-07T20:35:28,forecast_hot_humid_bursty_r1,forecast,hot_humid,bursty,1,33.028,32.728,32.528,30.028,25.0,45.0,0.0,,100.0,2.0,,,,0,cooldown
2026-07-07T20:35:28,forecast_hot_humid_bursty_r1,forecast,hot_humid,bursty,1,33.022,32.722,32.522,30.022,25.0,45.0,0.0,,100.0,2.0,,,,0,cooldown
2026-07-07T20:35:28,forecast_hot_humid_bursty_r1,forecast,hot_humid,bursty,1,33.015,32.715,32.515,30.015,25.0,45.0,0.0,,100.0,2.0,,,,0,cooldown
2026-07-07T20:35:28,forecast_hot_humid_bursty_r1,forecast,hot_humid,bursty,1,33.009,32.709,32.509,30.009,25.0,45.0,0.0,,100.0,2.0,,,,0,cooldown
2026-07-07T20:35:28,forecast_hot_humid_bursty_r1,forecast,hot_humid,bursty,1,33.003,32.703,32.503,30.003,25.0,45.0,0.0,,100.0,2.0,,,,0,cooldown
2026-07-07T20:35:28,forecast_hot_humid_bursty_r1,forecast,hot_humid,bursty,1,32.996,32.696,32.496,29.996,25.0,45.0,0.0,,100.0,2.0,,,,0,cooldown
