timestamp,trial_id,controller,climate,workload,repeat,T_tank_hot,T_tank_mid,T_rad_in,T_rad_out,T_ambient,RH_ambient,heater_w_cmd,heater_w_meas,fan_pwm,fan_w,forecast_T,forecast_RH,bank_depth_cmd,water_event_flag,notes
2026-07-07T20:35:25,reactive_hot_humid_bursty_r1,reactive,hot_humid,bursty,1,31.005,30.705,30.505,28.005,25.0,45.0,60.0,,40.0,0.8,,,,0,warmup
2026-07-07T20:35:25,reactive_hot_humid_bursty_r1,reactive,hot_humid,bursty,1,31.01,30.71,30.51,28.01,25.0,45.0,60.0,,40.0,0.8,30.17,,,0,trial
2026-07-07T20:35:25,reactive_hot_humid_bursty_r1,reactive,hot_humid,bursty,1,31.017,30.717,30.517,28.017,25.0,45.0,60.0,,0.0,0.0,30.17,,,0,trial
2026-07-07T20:35:25,reactive_hot_humid_bursty_r1,reactive,hot_humid,bursty,1,31.025,30.725,30.525,28.025,25.0,45.0,60.0,,0.0,0.0,30.17,,,0,trial
2026-07-07T20:35:25,reactive_hot_humid_bursty_r1,reactive,hot_humid,bursty,1,31.032,30.732,30.532,28.032,25.0,45.0,60.0,,0.0,0.0,30.17,,,0,trial
2026-07-07T20:35:25,reactive_hot_humid_bursty_r1,reactive,hot_humid,bursty,1,31.039,30.739,30.539,28.039,25.0,45.0,60.0,,0.0,0.0,30.17,,,0,trial
2026-07-07T20:35:25,reactive_hot_humid_bursty_r1,reactive,hot_humid,bursty,1,31.047,30.747,30.547,28.047,25.0,45.0,60.0,,0.0,0.0,30.17,,,0,trial
2026-07-07T20:35:25,reactive_hot_humid_bursty_r1,reactive,hot_humid,bursty,1,31.054,30.754,30.554,28.054,25.0,45.0,60.0,,0.0,0.0,30.17,,,0,trial
2026-07-07T20:35:25,reactive_hot_humid_bursty_r1,reactive,hot_humid,bursty,1,31.061,30.761,30.561,28.061,25.0,45.0,60.0,,0.0,0.0,30.17,,,0,trial
2026-07-07T20:35:25,reactive_hot_humid_bursty_r1,reactive,hot_humid,bursty,1,31.068,30.768,30.568,28.068,25.0,45.0,60.0,,0.0,0.0,30.17,,,0,trial
2026-07-07T20:35:25,reactive_hot_humid_bursty_r1,reactive,hot_humid,bursty,1,31.076,30.776,30.576,28.076,25.0,45.0,60.0,,0.0,0.0,30.17,,,0,trial
2026-07-07T20:35:25,reactive_hot_humid_bursty_r1,reactive,hot_humid,bursty,1,31.083,30.783,30.583,28.083,25.0,45.0,60.0,,0.0,0.0,30.17,,,0,trial
2026-07-07T20:35:25,reactive_hot_humid_bursty_r1,reactive,hot_humid,bursty,1,31.09,30.79,30.59,28.09,25.0,45.0,60.0,,0.0,0.0,30.17,,,0,trial
2026-07-07T20:35:25,reactive_hot_humid_bursty_r1,reactive,hot_humid,bursty,1,31.097,30.797,30.597,28.097,25.0,45.0,60.0,,0.0,0.0,30.17,,,0,trial
2026-07-07T20:35:25,reactive_hot_humid_bursty_r1,reactive,hot_humid,bursty,1,31.105,30.805,30.605,28.105,25.0,45.0,60.0,,0.0,0.0,30.17,,,0,trial
2026-07-07T20:35:25,reactive_hot_humid_bursty_r1,reactive,hot_humid,bursty,1,31.112,30.812,30.612,28.112,25.0,45.0,60.0,,0.0,0.0,30.18,,,0,trial
2026-07-07T20:35:25,reactive_hot_humid_bursty_r1,reactive,hot_humid,bursty,1,31.119,30.819,30.619,28.119,25.0,45.0,60.0,,0.0,0.0,30.18,,,0,trial
2026-07-07T20:35:25,reactive_hot_humid_bursty_r1,reactive,hot_humid,bursty,1,31.126,30.826,30.626,28.126,25.0,45.0,60.0,,0.0,0.0,30.18,,,0,trial
2026-07-07T20:35:25,reactive_hot_humid_bursty_r1,reactive,hot_humid,bursty,1,31.134,30.834,30.634,28.134,25.0,45.0,60.0,,0.0,0.0,30.18,,,0,trial
2026-07-07T20:35:25,reactive_hot_humid_bursty_r1,reactive,hot_humid,bursty,1,31.141,30.841,30.641,28.141,25.0,45.0,60.0,,0.0,0.0,30.18,,,0,trial
2026-07-07T20:35:25,reactive_hot_humid_bursty_r1,reactive,hot_humid,bursty,1,31.148,30.848,30.648,28.148,25.0,45.0,60.0,,0.0,0.0,30.18,,,0,trial
2026-07-07T20:35:25,reactive_hot_humid_bursty_r1,reactive,hot_humid,bursty,1,31.155,30.855,30.655,28.155,25.0,45.0,60.0,,0.0,0.0,30.18,,,0,trial
2026-07-07T20:35:25,reactive_hot_humid_bursty_r1,reactive,hot_humid,bursty,1,31.163,30.863,30.663,28.163,25.0,45.0,60.0,,0.0,0.0,30.18,,,0,trial
2026-07-07T20:35:25,reactive_hot_humid_bursty_r1,reactive,hot_humid,bursty,1,31.17,30.87,30.67,28.17,25.0,45.0,60.0,,0.0,0.0,30.18,,,0,trial
2026-07-07T20:35:25,reactive_hot_humid_bursty_r1,reactive,hot_humid,bursty,1,31.177,30.877,30.677,28.177,25.0,45.0,60.0,,0.0,0.0,30.18,,,0,trial
2026-07-07T20:35:25,reactive_hot_humid_bursty_r1,reactive,hot_humid,bursty,1,31.184,30.884,30.684,28.184,25.0,45.0,60.0,,0.0,0.0,30.18,,,0,trial
2026-07-07T20:35:25,reactive_hot_humid_bursty_r1,reactive,hot_humid,bursty,1,31.192,30.892,30.692,28.192,25.0,45.0,60.0,,0.0,0.0,30.18,,,0,trial
2026-07-07T20:35:25,reactive_hot_humid_bursty_r1,reactive,hot_humid,bursty,1,31.199,30.899,30.699,28.199,25.0,45.0,60.0,,0.0,0.0,30.18,,,0,trial
2026-07-07T20:35:25,reactive_hot_humid_bursty_r1,reactive,hot_humid,bursty,1,31.206,30.906,30.706,28.206,25.0,45.0,60.0,,0.0,0.0,30.19,,,0,trial
2026-07-07T20:35:25,reactive_hot_humid_bursty_r1,reactive,hot_humid,bursty,1,31.213,30.913,30.713,28.213,25.0,45.0,60.0,,0.0,0.0,30.19,,,0,trial
2026-07-07T20:35:25,reactive_hot_humid_bursty_r1,reactive,hot_humid,bursty,1,31.22,30.92,30.72,28.22,25.0,45.0,60.0,,0.0,0.0,30.19,,,0,trial
2026-07-07T20:35:25,reactive_hot_humid_bursty_r1,reactive,hot_humid,bursty,1,31.228,30.928,30.728,28.228,25.0,45.0,60.0,,0.0,0.0,30.19,,,0,trial
2026-07-07T20:35:25,reactive_hot_humid_bursty_r1,reactive,hot_humid,bursty,1,31.235,30.935,30.735,28.235,25.0,45.0,60.0,,0.0,0.0,30.19,,,0,trial
2026-07-07T20:35:25,reactive_hot_humid_bursty_r1,reactive,hot_humid,bursty,1,31.242,30.942,30.742,28.242,25.0,45.0,60.0,,0.0,0.0,30.19,,,0,trial
2026-07-07T20:35:25,reactive_hot_humid_bursty_r1,reactive,hot_humid,bursty,1,31.249,30.949,30.749,28.249,25.0,45.0,60.0,,0.0,0.0,30.19,,,0,trial
2026-07-07T20:35:25,reactive_hot_humid_bursty_r1,reactive,hot_humid,bursty,1,31.257,30.957,30.757,28.257,25.0,45.0,60.0,,0.0,0.0,30.19,,,0,trial
2026-07-07T20:35:25,reactive_hot_humid_bursty_r1,reactive,hot_humid,bursty,1,31.264,30.964,30.764,28.264,25.0,45.0,60.0,,0.0,0.0,30.19,,,0,trial
2026-07-07T20:35:25,reactive_hot_humid_bursty_r1,reactive,hot_humid,bursty,1,31.271,30.971,30.771,28.271,25.0,45.0,60.0,,0.0,0.0,30.19,,,0,trial
2026-07-07T20:35:25,reactive_hot_humid_bursty_r1,reactive,hot_humid,bursty,1,31.278,30.978,30.778,28.278,25.0,45.0,60.0,,0.0,0.0,30.19,,,0,trial
2026-07-07T20:35:25,reactive_hot_humid_bursty_r1,reactive,hot_humid,bursty,1,31.286,30.986,30.786,28.286,25.0,45.0,60.0,,0.0,0.0,30.19,,,0,trial
2026-07-07T20:35:25,reactive_hot_humid_bursty_r1,reactive,hot_humid,bursty,1,31.293,30.993,30.793,28.293,25.0,45.0,60.0,,0.0,0.0,30.19,,,0,trial
2026-07-07T20:35:25,reactive_hot_humid_bursty_r1,reactive,hot_humid,bursty,1,31.3,31.0,30.8,28.3,25.0,45.0,60.0,,0.0,0.0,30.2,,,0,trial
2026-07-07T20:35:25,reactive_hot_humid_bursty_r1,reactive,hot_humid,bursty,1,31.307,31.007,30.807,28.307,25.0,45.0,60.0,,0.0,0.0,30.2,,,0,trial
2026-07-07T20:35:25,reactive_hot_humid_bursty_r1,reactive,hot_humid,bursty,1,31.315,31.015,30.815,28.315,25.0,45.0,60.0,,0.0,0.0,30.2,,,0,trial
2026-07-07T20:35:25,reactive_hot_humid_bursty_r1,reactive,hot_humid,bursty,1,31.322,31.022,30.822,28.322,25.0,45.0,60.0,,0.0,0.0,30.2,,,0,trial
2026-07-07T20:35:25,reactive_hot_humid_bursty_r1,reactive,hot_humid,bursty,1,31.329,31.029,30.829,28.329,25.0,45.0,60.0,,0.0,0.0,30.2,,,0,trial
2026-07-07T20:35:25,reactive_hot_humid_bursty_r1,reactive,hot_humid,bursty,1,31.336,31.036,30.836,28.336,25.0,45.0,60.0,,0.0,0.0,30.2,,,0,trial
2026-07-07T20:35:25,reactive_hot_humid_bursty_r1,reactive,hot_humid,bursty,1,31.343,31.043,30.843,28.343,25.0,45.0,60.0,,0.0,0.0,30.2,,,0,trial
2026-07-07T20:35:25,reactive_hot_humid_bursty_r1,reactive,hot_humid,bursty,1,31.351,31.051,30.851,28.351,25.0,45.0,60.0,,0.0,0.0,30.2,,,0,trial
2026-07-07T20:35:25,reactive_hot_humid_bursty_r1,reactive,hot_humid,bursty,1,31.358,31.058,30.858,28.358,25.0,45.0,60.0,,0.0,0.0,30.2,,,0,trial
2026-07-07T20:35:25,reactive_hot_humid_bursty_r1,reactive,hot_humid,bursty,1,31.365,31.065,30.865,28.365,25.0,45.0,60.0,,0.0,0.0,30.2,,,0,trial
2026-07-07T20:35:25,reactive_hot_humid_bursty_r1,reactive,hot_humid,bursty,1,31.372,31.072,30.872,28.372,25.0,45.0,60.0,,0.0,0.0,30.2,,,0,trial
2026-07-07T20:35:25,reactive_hot_humid_bursty_r1,reactive,hot_humid,bursty,1,31.38,31.08,30.88,28.38,25.0,45.0,60.0,,0.0,0.0,30.21,,,0,trial
2026-07-07T20:35:25,reactive_hot_humid_bursty_r1,reactive,hot_humid,bursty,1,31.387,31.087,30.887,28.387,25.0,45.0,60.0,,0.0,0.0,30.21,,,0,trial
2026-07-07T20:35:25,reactive_hot_humid_bursty_r1,reactive,hot_humid,bursty,1,31.394,31.094,30.894,28.394,25.0,45.0,60.0,,0.0,0.0,30.21,,,0,trial
2026-07-07T20:35:25,reactive_hot_humid_bursty_r1,reactive,hot_humid,bursty,1,31.401,31.101,30.901,28.401,25.0,45.0,60.0,,0.0,0.0,30.21,,,0,trial
2026-07-07T20:35:25,reactive_hot_humid_bursty_r1,reactive,hot_humid,bursty,1,31.408,31.108,30.908,28.408,25.0,45.0,60.0,,0.0,0.0,30.21,,,0,trial
2026-07-07T20:35:25,reactive_hot_humid_bursty_r1,reactive,hot_humid,bursty,1,31.416,31.116,30.916,28.416,25.0,45.0,60.0,,0.0,0.0,30.21,,,0,trial
2026-07-07T20:35:25,reactive_hot_humid_bursty_r1,reactive,hot_humid,bursty,1,31.423,31.123,30.923,28.423,25.0,45.0,60.0,,0.0,0.0,30.21,,,0,trial
2026-07-07T20:35:25,reactive_hot_humid_bursty_r1,reactive,hot_humid,bursty,1,31.43,31.13,30.93,28.43,25.0,45.0,60.0,,0.0,0.0,30.21,,,0,trial
2026-07-07T20:35:25,reactive_hot_humid_bursty_r1,reactive,hot_humid,bursty,1,31.437,31.137,30.937,28.437,25.0,45.0,60.0,,0.0,0.0,30.21,,,0,trial
2026-07-07T20:35:25,reactive_hot_humid_bursty_r1,reactive,hot_humid,bursty,1,31.445,31.145,30.945,28.445,25.0,45.0,60.0,,0.0,0.0,30.21,,,0,trial
2026-07-07T20:35:25,reactive_hot_humid_bursty_r1,reactive,hot_humid,bursty,1,31.452,31.152,30.952,28.452,25.0,45.0,60.0,,0.0,0.0,30.22,,,0,trial
2026-07-07T20:35:25,reactive_hot_humid_bursty_r1,reactive,hot_humid,bursty,1,31.459,31.159,30.959,28.459,25.0,45.0,60.0,,0.0,0.0,30.22,,,0,trial
2026-07-07T20:35:25,reactive_hot_humid_bursty_r1,reactive,hot_humid,bursty,1,31.466,31.166,30.966,28.466,25.0,45.0,60.0,,0.0,0.0,30.22,,,0,trial
2026-07-07T20:35:25,reactive_hot_humid_bursty_r1,reactive,hot_humid,bursty,1,31.473,31.173,30.973,28.473,25.0,45.0,60.0,,0.0,0.0,30.22,,,0,trial
2026-07-07T20:35:25,reactive_hot_humid_bursty_r1,reactive,hot_humid,bursty,1,31.481,31.181,30.981,28.481,25.0,45.0,60.0,,0.0,0.0,30.22,,,0,trial
2026-07-07T20:35:25,reactive_hot_humid_bursty_r1,reactive,hot_humid,bursty,1,31.488,31.188,30.988,28.488,25.0,45.0,60.0,,0.0,0.0,30.22,,,0,trial
2026-07-07T20:35:25,reactive_hot_humid_bursty_r1,reactive,hot_humid,bursty,1,31.495,31.195,30.995,28.495,25.0,45.0,60.0,,0.0,0.0,30.22,,,0,trial
2026-07-07T20:35:25,reactive_hot_humid_bursty_r1,reactive,hot_humid,bursty,1,31.502,31.202,31.002,28.502,25.0,45.0,60.0,,0.0,0.0,30.22,,,0,trial
2026-07-07T20:35:25,reactive_hot_humid_bursty_r1,reactive,hot_humid,bursty,1,31.509,31.209,31.009,28.509,25.0,45.0,60.0,,0.0,0.0,30.22,,,0,trial
2026-07-07T20:35:25,reactive_hot_humid_bursty_r1,reactive,hot_humid,bursty,1,31.517,31.217,31.017,28.517,25.0,45.0,60.0,,0.0,0.0,30.23,,,0,trial
2026-07-07T20:35:25,reactive_hot_humid_bursty_r1,reactive,hot_humid,bursty,1,31.524,31.224,31.024,28.524,25.0,45.0,60.0,,0.0,0.0,30.23,,,0,trial
2026-07-07T20:35:25,reactive_hot_humid_bursty_r1,reactive,hot_humid,bursty,1,31.531,31.231,31.031,28.531,25.0,45.0,60.0,,0.0,0.0,30.23,,,0,trial
2026-07-07T20:35:25,reactive_hot_humid_bursty_r1,reactive,hot_humid,bursty,1,31.538,31.238,31.038,28.538,25.0,45.0,60.0,,0.0,0.0,30.23,,,0,trial
2026-07-07T20:35:25,reactive_hot_humid_bursty_r1,reactive,hot_humid,bursty,1,31.546,31.246,31.046,28.546,25.0,45.0,60.0,,0.0,0.0,30.23,,,0,trial
2026-07-07T20:35:25,reactive_hot_humid_bursty_r1,reactive,hot_humid,bursty,1,31.553,31.253,31.053,28.553,25.0,45.0,60.0,,0.0,0.0,30.23,,,0,trial
2026-07-07T20:35:25,reactive_hot_humid_bursty_r1,reactive,hot_humid,bursty,1,31.56,31.26,31.06,28.56,25.0,45.0,60.0,,0.0,0.0,30.23,,,0,trial
2026-07-07T20:35:25,reactive_hot_humid_bursty_r1,reactive,hot_humid,bursty,1,31.567,31.267,31.067,28.567,25.0,45.0,60.0,,0.0,0.0,30.23,,,0,trial
2026-07-07T20:35:25,reactive_hot_humid_bursty_r1,reactive,hot_humid,bursty,1,31.574,31.274,31.074,28.574,25.0,45.0,60.0,,0.0,0.0,30.23,,,0,trial
2026-07-07T20:35:25,reactive_hot_humid_bursty_r1,reactive,hot_humid,bursty,1,31.582,31.282,31.082,28.582,25.0,45.0,60.0,,0.0,0.0,30.24,,,0,trial
2026-07-07T20:35:25,reactive_hot_humid_bursty_r1,reactive,hot_humid,bursty,1,31.589,31.289,31.089,28.589,25.0,45.0,60.0,,0.0,0.0,30.24,,,0,trial
2026-07-07T20:35:25,reactive_hot_humid_bursty_r1,reactive,hot_humid,bursty,1,31.596,31.296,31.096,28.596,25.0,45.0,60.0,,0.0,0.0,30.24,,,0,trial
2026-07-07T20:35:25,reactive_hot_humid_bursty_r1,reactive,hot_humid,bursty,1,31.603,31.303,31.103,28.603,25.0,45.0,60.0,,0.0,0.0,30.24,,,0,trial
2026-07-07T20:35:25,reactive_hot_humid_bursty_r1,reactive,hot_humid,bursty,1,31.61,31.31,31.11,28.61,25.0,45.0,60.0,,0.0,0.0,30.24,,,0,trial
2026-07-07T20:35:25,reactive_hot_humid_bursty_r1,reactive,hot_humid,bursty,1,31.618,31.318,31.118,28.618,25.0,45.0,60.0,,0.0,0.0,30.24,,,0,trial
2026-07-07T20:35:25,reactive_hot_humid_bursty_r1,reactive,hot_humid,bursty,1,31.625,31.325,31.125,28.625,25.0,45.0,60.0,,0.0,0.0,30.24,,,0,trial
2026-07-07T20:35:25,reactive_hot_humid_bursty_r1,reactive,hot_humid,bursty,1,31.632,31.332,31.132,28.632,25.0,45.0,60.0,,0.0,0.0,30.24,,,0,trial
2026-07-07T20:35:25,reactive_hot_humid_bursty_r1,reactive,hot_humid,bursty,1,31.639,31.339,31.139,28.639,25.0,45.0,60.0,,0.0,0.0,30.24,,,0,trial
2026-07-07T20:35:25,reactive_hot_humid_bursty_r1,reactive,hot_humid,bursty,1,31.646,31.346,31.146,28.646,25.0,45.0,60.0,,0.0,0.0,30.25,,,0,trial
2026-07-07T20:35:25,reactive_hot_humid_bursty_r1,reactive,hot_humid,bursty,1,31.654,31.354,31.154,28.654,25.0,45.0,60.0,,0.0,0.0,30.25,,,0,trial
2026-07-07T20:35:25,reactive_hot_humid_bursty_r1,reactive,hot_humid,bursty,1,31.661,31.361,31.161,28.661,25.0,45.0,60.0,,0.0,0.0,30.25,,,0,trial
2026-07-07T20:35:25,reactive_hot_humid_bursty_r1,reactive,hot_humid,bursty,1,31.668,31.368,31.168,28.668,25.0,45.0,60.0,,0.0,0.0,30.25,,,0,trial
2026-07-07T20:35:25,reactive_hot_humid_bursty_r1,reactive,hot_humid,bursty,1,31.675,31.375,31.175,28.675,25.0,45.0,60.0,,0.0,0.0,30.25,,,0,trial
2026-07-07T20:35:25,reactive_hot_humid_bursty_r1,reactive,hot_humid,bursty,1,31.682,31.382,31.182,28.682,25.0,45.0,60.0,,0.0,0.0,30.25,,,0,trial
2026-07-07T20:35:25,reactive_hot_humid_bursty_r1,reactive,hot_humid,bursty,1,31.69,31.39,31.19,28.69,25.0,45.0,60.0,,0.0,0.0,30.25,,,0,trial
2026-07-07T20:35:25,reactive_hot_humid_bursty_r1,reactive,hot_humid,bursty,1,31.697,31.397,31.197,28.697,25.0,45.0,60.0,,0.0,0.0,30.26,,,0,trial
2026-07-07T20:35:25,reactive_hot_humid_bursty_r1,reactive,hot_humid,bursty,1,31.704,31.404,31.204,28.704,25.0,45.0,60.0,,0.0,0.0,30.26,,,0,trial
2026-07-07T20:35:25,reactive_hot_humid_bursty_r1,reactive,hot_humid,bursty,1,31.711,31.411,31.211,28.711,25.0,45.0,60.0,,0.0,0.0,30.26,,,0,trial
2026-07-07T20:35:25,reactive_hot_humid_bursty_r1,reactive,hot_humid,bursty,1,31.718,31.418,31.218,28.718,25.0,45.0,60.0,,0.0,0.0,30.26,,,0,trial
2026-07-07T20:35:25,reactive_hot_humid_bursty_r1,reactive,hot_humid,bursty,1,31.725,31.425,31.225,28.725,25.0,45.0,60.0,,0.0,0.0,30.26,,,0,trial
2026-07-07T20:35:25,reactive_hot_humid_bursty_r1,reactive,hot_humid,bursty,1,31.733,31.433,31.233,28.733,25.0,45.0,60.0,,0.0,0.0,30.26,,,0,trial
2026-07-07T20:35:25,reactive_hot_humid_bursty_r1,reactive,hot_humid,bursty,1,31.74,31.44,31.24,28.74,25.0,45.0,60.0,,0.0,0.0,30.26,,,0,trial
2026-07-07T20:35:25,reactive_hot_humid_bursty_r1,reactive,hot_humid,bursty,1,31.747,31.447,31.247,28.747,25.0,45.0,60.0,,0.0,0.0,30.26,,,0,trial
2026-07-07T20:35:25,reactive_hot_humid_bursty_r1,reactive,hot_humid,bursty,1,31.754,31.454,31.254,28.754,25.0,45.0,60.0,,0.0,0.0,30.27,,,0,trial
2026-07-07T20:35:25,reactive_hot_humid_bursty_r1,reactive,hot_humid,bursty,1,31.761,31.461,31.261,28.761,25.0,45.0,60.0,,0.0,0.0,30.27,,,0,trial
2026-07-07T20:35:25,reactive_hot_humid_bursty_r1,reactive,hot_humid,bursty,1,31.769,31.469,31.269,28.769,25.0,45.0,60.0,,0.0,0.0,30.27,,,0,trial
2026-07-07T20:35:25,reactive_hot_humid_bursty_r1,reactive,hot_humid,bursty,1,31.776,31.476,31.276,28.776,25.0,45.0,60.0,,0.0,0.0,30.27,,,0,trial
2026-07-07T20:35:25,reactive_hot_humid_bursty_r1,reactive,hot_humid,bursty,1,31.783,31.483,31.283,28.783,25.0,45.0,60.0,,0.0,0.0,30.27,,,0,trial
2026-07-07T20:35:25,reactive_hot_humid_bursty_r1,reactive,hot_humid,bursty,1,31.79,31.49,31.29,28.79,25.0,45.0,60.0,,0.0,0.0,30.27,,,0,trial
2026-07-07T20:35:25,reactive_hot_humid_bursty_r1,reactive,hot_humid,bursty,1,31.797,31.497,31.297,28.797,25.0,45.0,60.0,,0.0,0.0,30.27,,,0,trial
2026-07-07T20:35:25,reactive_hot_humid_bursty_r1,reactive,hot_humid,bursty,1,31.804,31.504,31.304,28.804,25.0,45.0,60.0,,0.0,0.0,30.28,,,0,trial
2026-07-07T20:35:25,reactive_hot_humid_bursty_r1,reactive,hot_humid,bursty,1,31.812,31.512,31.312,28.812,25.0,45.0,60.0,,0.0,0.0,30.28,,,0,trial
2026-07-07T20:35:25,reactive_hot_humid_bursty_r1,reactive,hot_humid,bursty,1,31.819,31.519,31.319,28.819,25.0,45.0,60.0,,0.0,0.0,30.28,,,0,trial
2026-07-07T20:35:25,reactive_hot_humid_bursty_r1,reactive,hot_humid,bursty,1,31.826,31.526,31.326,28.826,25.0,45.0,60.0,,0.0,0.0,30.28,,,0,trial
2026-07-07T20:35:25,reactive_hot_humid_bursty_r1,reactive,hot_humid,bursty,1,31.833,31.533,31.333,28.833,25.0,45.0,60.0,,0.0,0.0,30.28,,,0,trial
2026-07-07T20:35:25,reactive_hot_humid_bursty_r1,reactive,hot_humid,bursty,1,31.84,31.54,31.34,28.84,25.0,45.0,60.0,,0.0,0.0,30.28,,,0,trial
2026-07-07T20:35:25,reactive_hot_humid_bursty_r1,reactive,hot_humid,bursty,1,31.848,31.548,31.348,28.848,25.0,45.0,60.0,,0.0,0.0,30.29,,,0,trial
2026-07-07T20:35:25,reactive_hot_humid_bursty_r1,reactive,hot_humid,bursty,1,31.855,31.555,31.355,28.855,25.0,45.0,60.0,,0.0,0.0,30.29,,,0,trial
2026-07-07T20:35:25,reactive_hot_humid_bursty_r1,reactive,hot_humid,bursty,1,31.862,31.562,31.362,28.862,25.0,45.0,60.0,,0.0,0.0,30.29,,,0,trial
2026-07-07T20:35:25,reactive_hot_humid_bursty_r1,reactive,hot_humid,bursty,1,31.869,31.569,31.369,28.869,25.0,45.0,60.0,,0.0,0.0,30.29,,,0,trial
2026-07-07T20:35:25,reactive_hot_humid_bursty_r1,reactive,hot_humid,bursty,1,31.887,31.587,31.387,28.887,25.0,45.0,140.0,,0.0,0.0,30.29,,,0,trial
2026-07-07T20:35:25,reactive_hot_humid_bursty_r1,reactive,hot_humid,bursty,1,31.9,31.6,31.4,28.9,25.0,45.0,140.0,,100.0,2.0,30.29,,,0,trial
2026-07-07T20:35:25,reactive_hot_humid_bursty_r1,reactive,hot_humid,bursty,1,31.913,31.613,31.413,28.913,25.0,45.0,140.0,,100.0,2.0,30.29,,,0,trial
2026-07-07T20:35:25,reactive_hot_humid_bursty_r1,reactive,hot_humid,bursty,1,31.926,31.626,31.426,28.926,25.0,45.0,140.0,,100.0,2.0,30.3,,,0,trial
2026-07-07T20:35:25,reactive_hot_humid_bursty_r1,reactive,hot_humid,bursty,1,31.939,31.639,31.439,28.939,25.0,45.0,140.0,,100.0,2.0,30.3,,,0,trial
2026-07-07T20:35:25,reactive_hot_humid_bursty_r1,reactive,hot_humid,bursty,1,31.952,31.652,31.452,28.952,25.0,45.0,140.0,,100.0,2.0,30.3,,,0,trial
2026-07-07T20:35:25,reactive_hot_humid_bursty_r1,reactive,hot_humid,bursty,1,31.964,31.664,31.464,28.964,25.0,45.0,140.0,,100.0,2.0,30.3,,,0,trial
2026-07-07T20:35:25,reactive_hot_humid_bursty_r1,reactive,hot_humid,bursty,1,31.977,31.677,31.477,28.977,25.0,45.0,140.0,,100.0,2.0,30.3,,,0,trial
2026-07-07T20:35:25,reactive_hot_humid_bursty_r1,reactive,hot_humid,bursty,1,31.99,31.69,31.49,28.99,25.0,45.0,140.0,,100.0,2.0,30.3,,,0,trial
2026-07-07T20:35:25,reactive_hot_humid_bursty_r1,reactive,hot_humid,bursty,1,32.003,31.703,31.503,29.003,25.0,45.0,140.0,,100.0,2.0,30.31,,,0,trial
2026-07-07T20:35:25,reactive_hot_humid_bursty_r1,reactive,hot_humid,bursty,1,32.016,31.716,31.516,29.016,25.0,45.0,140.0,,100.0,2.0,30.31,,,0,trial
2026-07-07T20:35:25,reactive_hot_humid_bursty_r1,reactive,hot_humid,bursty,1,32.029,31.729,31.529,29.029,25.0,45.0,140.0,,100.0,2.0,30.31,,,0,trial
2026-07-07T20:35:25,reactive_hot_humid_bursty_r1,reactive,hot_humid,bursty,1,32.042,31.742,31.542,29.042,25.0,45.0,140.0,,100.0,2.0,30.31,,,0,trial
2026-07-07T20:35:25,reactive_hot_humid_bursty_r1,reactive,hot_humid,bursty,1,32.055,31.755,31.555,29.055,25.0,45.0,140.0,,100.0,2.0,30.31,,,0,trial
2026-07-07T20:35:25,reactive_hot_humid_bursty_r1,reactive,hot_humid,bursty,1,32.068,31.768,31.568,29.068,25.0,45.0,140.0,,100.0,2.0,30.31,,,0,trial
2026-07-07T20:35:25,reactive_hot_humid_bursty_r1,reactive,hot_humid,bursty,1,32.08,31.78,31.58,29.08,25.0,45.0,140.0,,100.0,2.0,30.32,,,0,trial
2026-07-07T20:35:25,reactive_hot_humid_bursty_r1,reactive,hot_humid,bursty,1,32.093,31.793,31.593,29.093,25.0,45.0,140.0,,100.0,2.0,30.32,,,0,trial
2026-07-07T20:35:25,reactive_hot_humid_bursty_r1,reactive,hot_humid,bursty,1,32.106,31.806,31.606,29.106,25.0,45.0,140.0,,100.0,2.0,30.32,,,0,trial
2026-07-07T20:35:25,reactive_hot_humid_bursty_r1,reactive,hot_humid,bursty,1,32.119,31.819,31.619,29.119,25.0,45.0,140.0,,100.0,2.0,30.32,,,0,trial
2026-07-07T20:35:25,reactive_hot_humid_bursty_r1,reactive,hot_humid,bursty,1,32.132,31.832,31.632,29.132,25.0,45.0,140.0,,100.0,2.0,30.32,,,0,trial
2026-07-07T20:35:25,reactive_hot_humid_bursty_r1,reactive,hot_humid,bursty,1,32.144,31.844,31.644,29.144,25.0,45.0,140.0,,100.0,2.0,30.33,,,0,trial
2026-07-07T20:35:25,reactive_hot_humid_bursty_r1,reactive,hot_humid,bursty,1,32.157,31.857,31.657,29.157,25.0,45.0,140.0,,100.0,2.0,30.33,,,0,trial
2026-07-07T20:35:25,reactive_hot_humid_bursty_r1,reactive,hot_humid,bursty,1,32.17,31.87,31.67,29.17,25.0,45.0,140.0,,100.0,2.0,30.33,,,0,trial
2026-07-07T20:35:25,reactive_hot_humid_bursty_r1,reactive,hot_humid,bursty,1,32.183,31.883,31.683,29.183,25.0,45.0,140.0,,100.0,2.0,30.33,,,0,trial
2026-07-07T20:35:25,reactive_hot_humid_bursty_r1,reactive,hot_humid,bursty,1,32.196,31.896,31.696,29.196,25.0,45.0,140.0,,100.0,2.0,30.33,,,0,trial
2026-07-07T20:35:25,reactive_hot_humid_bursty_r1,reactive,hot_humid,bursty,1,32.208,31.908,31.708,29.208,25.0,45.0,140.0,,100.0,2.0,30.33,,,0,trial
2026-07-07T20:35:25,reactive_hot_humid_bursty_r1,reactive,hot_humid,bursty,1,32.221,31.921,31.721,29.221,25.0,45.0,140.0,,100.0,2.0,30.34,,,0,trial
2026-07-07T20:35:25,reactive_hot_humid_bursty_r1,reactive,hot_humid,bursty,1,32.234,31.934,31.734,29.234,25.0,45.0,140.0,,100.0,2.0,30.34,,,0,trial
2026-07-07T20:35:25,reactive_hot_humid_bursty_r1,reactive,hot_humid,bursty,1,32.246,31.946,31.746,29.246,25.0,45.0,140.0,,100.0,2.0,30.34,,,0,trial
2026-07-07T20:35:25,reactive_hot_humid_bursty_r1,reactive,hot_humid,bursty,1,32.259,31.959,31.759,29.259,25.0,45.0,140.0,,100.0,2.0,30.34,,,0,trial
2026-07-07T20:35:25,reactive_hot_humid_bursty_r1,reactive,hot_humid,bursty,1,32.272,31.972,31.772,29.272,25.0,45.0,140.0,,100.0,2.0,30.34,,,0,trial
2026-07-07T20:35:25,reactive_hot_humid_bursty_r1,reactive,hot_humid,bursty,1,32.285,31.985,31.785,29.285,25.0,45.0,140.0,,100.0,2.0,30.35,,,0,trial
2026-07-07T20:35:25,reactive_hot_humid_bursty_r1,reactive,hot_humid,bursty,1,32.297,31.997,31.797,29.297,25.0,45.0,140.0,,100.0,2.0,30.35,,,0,trial
2026-07-07T20:35:25,reactive_hot_humid_bursty_r1,reactive,hot_humid,bursty,1,32.31,32.01,31.81,29.31,25.0,45.0,140.0,,100.0,2.0,30.35,,,0,trial
2026-07-07T20:35:25,reactive_hot_humid_bursty_r1,reactive,hot_humid,bursty,1,32.323,32.023,31.823,29.323,25.0,45.0,140.0,,100.0,2.0,30.35,,,0,trial
2026-07-07T20:35:25,reactive_hot_humid_bursty_r1,reactive,hot_humid,bursty,1,32.335,32.035,31.835,29.335,25.0,45.0,140.0,,100.0,2.0,30.35,,,0,trial
2026-07-07T20:35:25,reactive_hot_humid_bursty_r1,reactive,hot_humid,bursty,1,32.348,32.048,31.848,29.348,25.0,45.0,140.0,,100.0,2.0,30.36,,,0,trial
2026-07-07T20:35:25,reactive_hot_humid_bursty_r1,reactive,hot_humid,bursty,1,32.36,32.06,31.86,29.36,25.0,45.0,140.0,,100.0,2.0,30.36,,,0,trial
2026-07-07T20:35:25,reactive_hot_humid_bursty_r1,reactive,hot_humid,bursty,1,32.373,32.073,31.873,29.373,25.0,45.0,140.0,,100.0,2.0,30.36,,,0,trial
2026-07-07T20:35:25,reactive_hot_humid_bursty_r1,reactive,hot_humid,bursty,1,32.386,32.086,31.886,29.386,25.0,45.0,140.0,,100.0,2.0,30.36,,,0,trial
2026-07-07T20:35:25,reactive_hot_humid_bursty_r1,reactive,hot_humid,bursty,1,32.398,32.098,31.898,29.398,25.0,45.0,140.0,,100.0,2.0,30.36,,,0,trial
2026-07-07T20:35:25,reactive_hot_humid_bursty_r1,reactive,hot_humid,bursty,1,32.411,32.111,31.911,29.411,25.0,45.0,140.0,,100.0,2.0,30.37,,,0,trial
2026-07-07T20:35:25,reactive_hot_humid_bursty_r1,reactive,hot_humid,bursty,1,32.423,32.123,31.923,29.423,25.0,45.0,140.0,,100.0,2.0,30.37,,,0,trial
2026-07-07T20:35:25,reactive_hot_humid_bursty_r1,reactive,hot_humid,bursty,1,32.436,32.136,31.936,29.436,25.0,45.0,140.0,,100.0,2.0,30.37,,,0,trial
2026-07-07T20:35:25,reactive_hot_humid_bursty_r1,reactive,hot_humid,bursty,1,32.448,32.148,31.948,29.448,25.0,45.0,140.0,,100.0,2.0,30.37,,,0,trial
2026-07-07T20:35:25,reactive_hot_humid_bursty_r1,reactive,hot_humid,bursty,1,32.461,32.161,31.961,29.461,25.0,45.0,140.0,,100.0,2.0,30.38,,,0,trial
2026-07-07T20:35:25,reactive_hot_humid_bursty_r1,reactive,hot_humid,bursty,1,32.474,32.174,31.974,29.474,25.0,45.0,140.0,,100.0,2.0,30.38,,,0,trial
2026-07-07T20:35:25,reactive_hot_humid_bursty_r1,reactive,hot_humid,bursty,1,32.486,32.186,31.986,29.486,25.0,45.0,140.0,,100.0,2.0,30.38,,,0,trial
2026-07-07T20:35:25,reactive_hot_humid_bursty_r1,reactive,hot_humid,bursty,1,32.499,32.199,31.999,29.499,25.0,45.0,140.0,,100.0,2.0,30.38,,,0,trial
2026-07-07T20:35:25,reactive_hot_humid_bursty_r1,reactive,hot_humid,bursty,1,32.511,32.211,32.011,29.511,25.0,45.0,140.0,,100.0,2.0,30.38,,,0,trial
2026-07-07T20:35:25,reactive_hot_humid_bursty_r1,reactive,hot_humid,bursty,1,32.524,32.224,32.024,29.524,25.0,45.0,140.0,,100.0,2.0,30.39,,,0,trial
2026-07-07T20:35:25,reactive_hot_humid_bursty_r1,reactive,hot_humid,bursty,1,32.536,32.236,32.036,29.536,25.0,45.0,140.0,,100.0,2.0,30.39,,,0,trial
2026-07-07T20:35:25,reactive_hot_humid_bursty_r1,reactive,hot_humid,bursty,1,32.549,32.249,32.049,29.549,25.0,45.0,140.0,,100.0,2.0,30.39,,,0,trial
2026-07-07T20:35:25,reactive_hot_humid_bursty_r1,reactive,hot_humid,bursty,1,32.561,32.261,32.061,29.561,25.0,45.0,140.0,,100.0,2.0,30.39,,,0,trial
2026-07-07T20:35:25,reactive_hot_humid_bursty_r1,reactive,hot_humid,bursty,1,32.573,32.273,32.073,29.573,25.0,45.0,140.0,,100.0,2.0,30.4,,,0,trial
2026-07-07T20:35:25,reactive_hot_humid_bursty_r1,reactive,hot_humid,bursty,1,32.586,32.286,32.086,29.586,25.0,45.0,140.0,,100.0,2.0,30.4,,,0,trial
2026-07-07T20:35:25,reactive_hot_humid_bursty_r1,reactive,hot_humid,bursty,1,32.598,32.298,32.098,29.598,25.0,45.0,140.0,,100.0,2.0,30.4,,,0,trial
2026-07-07T20:35:25,reactive_hot_humid_bursty_r1,reactive,hot_humid,bursty,1,32.611,32.311,32.111,29.611,25.0,45.0,140.0,,100.0,2.0,30.4,,,0,trial
2026-07-07T20:35:25,reactive_hot_humid_bursty_r1,reactive,hot_humid,bursty,1,32.623,32.323,32.123,29.623,25.0,45.0,140.0,,100.0,2.0,30.4,,,0,trial
2026-07-07T20:35:25,reactive_hot_humid_bursty_r1,reactive,hot_humid,bursty,1,32.636,32.336,32.136,29.636,25.0,45.0,140.0,,100.0,2.0,30.41,,,0,trial
2026-07-07T20:35:25,reactive_hot_humid_bursty_r1,reactive,hot_humid,bursty,1,32.648,32.348,32.148,29.648,25.0,45.0,140.0,,100.0,2.0,30.41,,,0,trial
2026-07-07T20:35:25,reactive_hot_humid_bursty_r1,reactive,hot_humid,bursty,1,32.66,32.36,32.16,29.66,25.0,45.0,140.0,,100.0,2.0,30.41,,,0,trial
2026-07-07T20:35:25,reactive_hot_humid_bursty_r1,reactive,hot_humid,bursty,1,32.673,32.373,32.173,29.673,25.0,45.0,140.0,,100.0,2.0,30.41,,,0,trial
2026-07-07T20:35:25,reactive_hot_humid_bursty_r1,reactive,hot_humid,bursty,1,32.685,32.385,32.185,29.685,25.0,45.0,140.0,,100.0,2.0,30.42,,,0,trial
2026-07-07T20:35:25,reactive_hot_humid_bursty_r1,reactive,hot_humid,bursty,1,32.697,32.397,32.197,29.697,25.0,45.0,140.0,,100.0,2.0,30.42,,,0,trial
2026-07-07T20:35:25,reactive_hot_humid_bursty_r1,reactive,hot_humid,bursty,1,32.71,32.41,32.21,29.71,25.0,45.0,140.0,,100.0,2.0,30.42,,,0,trial
2026-07-07T20:35:25,reactive_hot_humid_bursty_r1,reactive,hot_humid,bursty,1,32.722,32.422,32.222,29.722,25.0,45.0,140.0,,100.0,2.0,30.42,,,0,trial
2026-07-07T20:35:25,reactive_hot_humid_bursty_r1,reactive,hot_humid,bursty,1,32.734,32.434,32.234,29.734,25.0,45.0,140.0,,100.0,2.0,30.43,,,0,trial
2026-07-07T20:35:25,reactive_hot_humid_bursty_r1,reactive,hot_humid,bursty,1,32.747,32.447,32.247,29.747,25.0,45.0,140.0,,100.0,2.0,30.43,,,0,trial
2026-07-07T20:35:25,reactive_hot_humid_bursty_r1,reactive,hot_humid,bursty,1,32.759,32.459,32.259,29.759,25.0,45.0,140.0,,100.0,2.0,30.43,,,0,trial
2026-07-07T20:35:25,reactive_hot_humid_bursty_r1,reactive,hot_humid,bursty,1,32.771,32.471,32.271,29.771,25.0,45.0,140.0,,100.0,2.0,30.43,,,0,trial
2026-07-07T20:35:25,reactive_hot_humid_bursty_r1,reactive,hot_humid,bursty,1,32.784,32.484,32.284,29.784,25.0,45.0,140.0,,100.0,2.0,30.44,,,0,trial
2026-07-07T20:35:25,reactive_hot_humid_bursty_r1,reactive,hot_humid,bursty,1,32.796,32.496,32.296,29.796,25.0,45.0,140.0,,100.0,2.0,30.44,,,0,trial
2026-07-07T20:35:25,reactive_hot_humid_bursty_r1,reactive,hot_humid,bursty,1,32.808,32.508,32.308,29.808,25.0,45.0,140.0,,100.0,2.0,30.44,,,0,trial
2026-07-07T20:35:25,reactive_hot_humid_bursty_r1,reactive,hot_humid,bursty,1,32.82,32.52,32.32,29.82,25.0,45.0,140.0,,100.0,2.0,30.44,,,0,trial
2026-07-07T20:35:25,reactive_hot_humid_bursty_r1,reactive,hot_humid,bursty,1,32.833,32.533,32.333,29.833,25.0,45.0,140.0,,100.0,2.0,30.45,,,0,trial
2026-07-07T20:35:25,reactive_hot_humid_bursty_r1,reactive,hot_humid,bursty,1,32.845,32.545,32.345,29.845,25.0,45.0,140.0,,100.0,2.0,30.45,,,0,trial
2026-07-07T20:35:25,reactive_hot_humid_bursty_r1,reactive,hot_humid,bursty,1,32.857,32.557,32.357,29.857,25.0,45.0,140.0,,100.0,2.0,30.45,,,0,trial
2026-07-07T20:35:25,reactive_hot_humid_bursty_r1,reactive,hot_humid,bursty,1,32.869,32.569,32.369,29.869,25.0,45.0,140.0,,100.0,2.0,30.45,,,0,trial
2026-07-07T20:35:25,reactive_hot_humid_bursty_r1,reactive,hot_humid,bursty,1,32.882,32.582,32.382,29.882,25.0,45.0,140.0,,100.0,2.0,30.46,,,0,trial
2026-07-07T20:35:25,reactive_hot_humid_bursty_r1,reactive,hot_humid,bursty,1,32.894,32.594,32.394,29.894,25.0,45.0,140.0,,100.0,2.0,30.46,,,0,trial
2026-07-07T20:35:25,reactive_hot_humid_bursty_r1,reactive,hot_humid,bursty,1,32.906,32.606,32.406,29.906,25.0,45.0,140.0,,100.0,2.0,30.46,,,0,trial
2026-07-07T20:35:25,reactive_hot_humid_bursty_r1,reactive,hot_humid,bursty,1,32.918,32.618,32.418,29.918,25.0,45.0,140.0,,100.0,2.0,30.47,,,0,trial
2026-07-07T20:35:25,reactive_hot_humid_bursty_r1,reactive,hot_humid,bursty,1,32.93,32.63,32.43,29.93,25.0,45.0,140.0,,100.0,2.0,30.47,,,0,trial
2026-07-07T20:35:25,reactive_hot_humid_bursty_r1,reactive,hot_humid,bursty,1,32.942,32.642,32.442,29.942,25.0,45.0,140.0,,100.0,2.0,30.47,,,0,trial
2026-07-07T20:35:25,reactive_hot_humid_bursty_r1,reactive,hot_humid,bursty,1,32.955,32.655,32.455,29.955,25.0,45.0,140.0,,100.0,2.0,30.47,,,0,trial
2026-07-07T20:35:25,reactive_hot_humid_bursty_r1,reactive,hot_humid,bursty,1,32.967,32.667,32.467,29.967,25.0,45.0,140.0,,100.0,2.0,30.48,,,0,trial
2026-07-07T20:35:25,reactive_hot_humid_bursty_r1,reactive,hot_humid,bursty,1,32.979,32.679,32.479,29.979,25.0,45.0,140.0,,100.0,2.0,30.48,,,0,trial
2026-07-07T20:35:25,reactive_hot_humid_bursty_r1,reactive,hot_humid,bursty,1,32.991,32.691,32.491,29.991,25.0,45.0,140.0,,100.0,2.0,30.48,,,0,trial
2026-07-07T20:35:25,reactive_hot_humid_bursty_r1,reactive,hot_humid,bursty,1,33.003,32.703,32.503,30.003,25.0,45.0,140.0,,100.0,2.0,30.49,,,0,trial
2026-07-07T20:35:25,reactive_hot_humid_bursty_r1,reactive,hot_humid,bursty,1,33.015,32.715,32.515,30.015,25.0,45.0,140.0,,100.0,2.0,30.49,,,0,trial
2026-07-07T20:35:25,reactive_hot_humid_bursty_r1,reactive,hot_humid,bursty,1,33.027,32.727,32.527,30.027,25.0,45.0,140.0,,100.0,2.0,30.49,,,0,trial
2026-07-07T20:35:25,reactive_hot_humid_bursty_r1,reactive,hot_humid,bursty,1,33.039,32.739,32.539,30.039,25.0,45.0,140.0,,100.0,2.0,30.49,,,0,trial
2026-07-07T20:35:25,reactive_hot_humid_bursty_r1,reactive,hot_humid,bursty,1,33.051,32.751,32.551,30.051,25.0,45.0,140.0,,100.0,2.0,30.5,,,0,trial
2026-07-07T20:35:25,reactive_hot_humid_bursty_r1,reactive,hot_humid,bursty,1,33.064,32.764,32.564,30.064,25.0,45.0,140.0,,100.0,2.0,30.5,,,0,trial
2026-07-07T20:35:25,reactive_hot_humid_bursty_r1,reactive,hot_humid,bursty,1,33.076,32.776,32.576,30.076,25.0,45.0,140.0,,100.0,2.0,30.5,,,0,trial
2026-07-07T20:35:25,reactive_hot_humid_bursty_r1,reactive,hot_humid,bursty,1,33.088,32.788,32.588,30.088,25.0,45.0,140.0,,100.0,2.0,30.51,,,0,trial
2026-07-07T20:35:25,reactive_hot_humid_bursty_r1,reactive,hot_humid,bursty,1,33.1,32.8,32.6,30.1,25.0,45.0,140.0,,100.0,2.0,30.51,,,0,trial
2026-07-07T20:35:25,reactive_hot_humid_bursty_r1,reactive,hot_humid,bursty,1,33.112,32.812,32.612,30.112,25.0,45.0,140.0,,100.0,2.0,30.51,,,0,trial
2026-07-07T20:35:25,reactive_hot_humid_bursty_r1,reactive,hot_humid,bursty,1,33.124,32.824,32.624,30.124,25.0,45.0,140.0,,100.0,2.0,30.51,,,0,trial
2026-07-07T20:35:25,reactive_hot_humid_bursty_r1,reactive,hot_humid,bursty,1,33.136,32.836,32.636,30.136,25.0,45.0,140.0,,100.0,2.0,30.52,,,0,trial
2026-07-07T20:35:25,reactive_hot_humid_bursty_r1,reactive,hot_humid,bursty,1,33.148,32.848,32.648,30.148,25.0,45.0,140.0,,100.0,2.0,30.52,,,0,trial
2026-07-07T20:35:25,reactive_hot_humid_bursty_r1,reactive,hot_humid,bursty,1,33.16,32.86,32.66,30.16,25.0,45.0,140.0,,100.0,2.0,30.52,,,0,trial
2026-07-07T20:35:25,reactive_hot_humid_bursty_r1,reactive,hot_humid,bursty,1,33.172,32.872,32.672,30.172,25.0,45.0,140.0,,100.0,2.0,30.53,,,0,trial
2026-07-07T20:35:25,reactive_hot_humid_bursty_r1,reactive,hot_humid,bursty,1,33.184,32.884,32.684,30.184,25.0,45.0,140.0,,100.0,2.0,30.53,,,0,trial
2026-07-07T20:35:25,reactive_hot_humid_bursty_r1,reactive,hot_humid,bursty,1,33.196,32.896,32.696,30.196,25.0,45.0,140.0,,100.0,2.0,30.53,,,0,trial
2026-07-07T20:35:25,reactive_hot_humid_bursty_r1,reactive,hot_humid,bursty,1,33.208,32.908,32.708,30.208,25.0,45.0,140.0,,100.0,2.0,30.54,,,0,trial
2026-07-07T20:35:25,reactive_hot_humid_bursty_r1,reactive,hot_humid,bursty,1,33.219,32.919,32.719,30.219,25.0,45.0,140.0,,100.0,2.0,30.54,,,0,trial
2026-07-07T20:35:25,reactive_hot_humid_bursty_r1,reactive,hot_humid,bursty,1,33.231,32.931,32.731,30.231,25.0,45.0,140.0,,100.0,2.0,30.54,,,0,trial
2026-07-07T20:35:25,reactive_hot_humid_bursty_r1,reactive,hot_humid,bursty,1,33.243,32.943,32.743,30.243,25.0,45.0,140.0,,100.0,2.0,30.55,,,0,trial
2026-07-07T20:35:25,reactive_hot_humid_bursty_r1,reactive,hot_humid,bursty,1,33.255,32.955,32.755,30.255,25.0,45.0,140.0,,100.0,2.0,30.55,,,0,trial
2026-07-07T20:35:25,reactive_hot_humid_bursty_r1,reactive,hot_humid,bursty,1,33.267,32.967,32.767,30.267,25.0,45.0,140.0,,100.0,2.0,30.55,,,0,trial
2026-07-07T20:35:25,reactive_hot_humid_bursty_r1,reactive,hot_humid,bursty,1,33.279,32.979,32.779,30.279,25.0,45.0,140.0,,100.0,2.0,30.56,,,0,trial
2026-07-07T20:35:25,reactive_hot_humid_bursty_r1,reactive,hot_humid,bursty,1,33.291,32.991,32.791,30.291,25.0,45.0,140.0,,100.0,2.0,30.56,,,0,trial
2026-07-07T20:35:25,reactive_hot_humid_bursty_r1,reactive,hot_humid,bursty,1,33.303,33.003,32.803,30.303,25.0,45.0,140.0,,100.0,2.0,30.56,,,0,trial
2026-07-07T20:35:25,reactive_hot_humid_bursty_r1,reactive,hot_humid,bursty,1,33.315,33.015,32.815,30.315,25.0,45.0,140.0,,100.0,2.0,30.57,,,0,trial
2026-07-07T20:35:25,reactive_hot_humid_bursty_r1,reactive,hot_humid,bursty,1,33.327,33.027,32.827,30.327,25.0,45.0,140.0,,100.0,2.0,30.57,,,0,trial
2026-07-07T20:35:25,reactive_hot_humid_bursty_r1,reactive,hot_humid,bursty,1,33.338,33.038,32.838,30.338,25.0,45.0,140.0,,100.0,2.0,30.57,,,0,trial
2026-07-07T20:35:25,reactive_hot_humid_bursty_r1,reactive,hot_humid,bursty,1,33.35,33.05,32.85,30.35,25.0,45.0,140.0,,100.0,2.0,30.58,,,0,trial
2026-07-07T20:35:25,reactive_hot_humid_bursty_r1,reactive,hot_humid,bursty,1,33.362,33.062,32.862,30.362,25.0,45.0,140.0,,100.0,2.0,30.58,,,0,trial
2026-07-07T20:35:25,reactive_hot_humid_bursty_r1,reactive,hot_humid,bursty,1,33.374,33.074,32.874,30.374,25.0,45.0,140.0,,100.0,2.0,30.58,,,0,trial
2026-07-07T20:35:25,reactive_hot_humid_bursty_r1,reactive,hot_humid,bursty,1,33.386,33.086,32.886,30.386,25.0,45.0,140.0,,100.0,2.0,30.59,,,0,trial
2026-07-07T20:35:25,reactive_hot_humid_bursty_r1,reactive,hot_humid,bursty,1,33.397,33.097,32.897,30.397,25.0,45.0,140.0,,100.0,2.0,30.59,,,0,trial
2026-07-07T20:35:25,reactive_hot_humid_bursty_r1,reactive,hot_humid,bursty,1,33.409,33.109,32.909,30.409,25.0,45.0,140.0,,100.0,2.0,30.59,,,0,trial
2026-07-07T20:35:25,reactive_hot_humid_bursty_r1,reactive,hot_humid,bursty,1,33.421,33.121,32.921,30.421,25.0,45.0,140.0,,100.0,2.0,30.6,,,0,trial
2026-07-07T20:35:25,reactive_hot_humid_bursty_r1,reactive,hot_humid,bursty,1,33.433,33.133,32.933,30.433,25.0,45.0,140.0,,100.0,2.0,30.6,,,0,trial
2026-07-07T20:35:25,reactive_hot_humid_bursty_r1,reactive,hot_humid,bursty,1,33.445,33.145,32.945,30.445,25.0,45.0,140.0,,100.0,2.0,30.6,,,0,trial
2026-07-07T20:35:25,reactive_hot_humid_bursty_r1,reactive,hot_humid,bursty,1,33.456,33.156,32.956,30.456,25.0,45.0,140.0,,100.0,2.0,30.61,,,0,trial
2026-07-07T20:35:25,reactive_hot_humid_bursty_r1,reactive,hot_humid,bursty,1,33.468,33.168,32.968,30.468,25.0,45.0,140.0,,100.0,2.0,30.61,,,0,trial
2026-07-07T20:35:25,reactive_hot_humid_bursty_r1,reactive,hot_humid,bursty,1,33.48,33.18,32.98,30.48,25.0,45.0,140.0,,100.0,2.0,30.61,,,0,trial
2026-07-07T20:35:25,reactive_hot_humid_bursty_r1,reactive,hot_humid,bursty,1,33.492,33.192,32.992,30.492,25.0,45.0,140.0,,100.0,2.0,30.62,,,0,trial
2026-07-07T20:35:25,reactive_hot_humid_bursty_r1,reactive,hot_humid,bursty,1,33.503,33.203,33.003,30.503,25.0,45.0,140.0,,100.0,2.0,30.62,,,0,trial
2026-07-07T20:35:25,reactive_hot_humid_bursty_r1,reactive,hot_humid,bursty,1,33.515,33.215,33.015,30.515,25.0,45.0,140.0,,100.0,2.0,30.63,,,0,trial
2026-07-07T20:35:25,reactive_hot_humid_bursty_r1,reactive,hot_humid,bursty,1,33.527,33.227,33.027,30.527,25.0,45.0,140.0,,100.0,2.0,30.63,,,0,trial
2026-07-07T20:35:25,reactive_hot_humid_bursty_r1,reactive,hot_humid,bursty,1,33.538,33.238,33.038,30.538,25.0,45.0,140.0,,100.0,2.0,30.63,,,0,trial
2026-07-07T20:35:25,reactive_hot_humid_bursty_r1,reactive,hot_humid,bursty,1,33.55,33.25,33.05,30.55,25.0,45.0,140.0,,100.0,2.0,30.64,,,0,trial
2026-07-07T20:35:25,reactive_hot_humid_bursty_r1,reactive,hot_humid,bursty,1,33.562,33.262,33.062,30.562,25.0,45.0,140.0,,100.0,2.0,30.64,,,0,trial
2026-07-07T20:35:25,reactive_hot_humid_bursty_r1,reactive,hot_humid,bursty,1,33.573,33.273,33.073,30.573,25.0,45.0,140.0,,100.0,2.0,30.64,,,0,trial
2026-07-07T20:35:25,reactive_hot_humid_bursty_r1,reactive,hot_humid,bursty,1,33.585,33.285,33.085,30.585,25.0,45.0,140.0,,100.0,2.0,30.65,,,0,trial
2026-07-07T20:35:25,reactive_hot_humid_bursty_r1,reactive,hot_humid,bursty,1,33.597,33.297,33.097,30.597,25.0,45.0,140.0,,100.0,2.0,30.65,,,0,trial
2026-07-07T20:35:25,reactive_hot_humid_bursty_r1,reactive,hot_humid,bursty,1,33.608,33.308,33.108,30.608,25.0,45.0,140.0,,100.0,2.0,30.66,,,0,trial
2026-07-07T20:35:25,reactive_hot_humid_bursty_r1,reactive,hot_humid,bursty,1,33.62,33.32,33.12,30.62,25.0,45.0,140.0,,100.0,2.0,30.66,,,0,trial
2026-07-07T20:35:25,reactive_hot_humid_bursty_r1,reactive,hot_humid,bursty,1,33.632,33.332,33.132,30.632,25.0,45.0,140.0,,100.0,2.0,30.66,,,0,trial
2026-07-07T20:35:25,reactive_hot_humid_bursty_r1,reactive,hot_humid,bursty,1,33.643,33.343,33.143,30.643,25.0,45.0,140.0,,100.0,2.0,30.67,,,0,trial
2026-07-07T20:35:25,reactive_hot_humid_bursty_r1,reactive,hot_humid,bursty,1,33.655,33.355,33.155,30.655,25.0,45.0,140.0,,100.0,2.0,30.67,,,0,trial
2026-07-07T20:35:25,reactive_hot_humid_bursty_r1,reactive,hot_humid,bursty,1,33.666,33.366,33.166,30.666,25.0,45.0,140.0,,100.0,2.0,30.68,,,0,trial
2026-07-07T20:35:25,reactive_hot_humid_bursty_r1,reactive,hot_humid,bursty,1,33.678,33.378,33.178,30.678,25.0,45.0,140.0,,100.0,2.0,30.68,,,0,trial
2026-07-07T20:35:25,reactive_hot_humid_bursty_r1,reactive,hot_humid,bursty,1,33.689,33.389,33.189,30.689,25.0,45.0,140.0,,100.0,2.0,30.68,,,0,trial
2026-07-07T20:35:25,reactive_hot_humid_bursty_r1,reactive,hot_humid,bursty,1,33.701,33.401,33.201,30.701,25.0,45.0,140.0,,100.0,2.0,30.69,,,0,trial
2026-07-07T20:35:25,reactive_hot_humid_bursty_r1,reactive,hot_humid,bursty,1,33.713,33.413,33.213,30.713,25.0,45.0,140.0,,100.0,2.0,30.69,,,0,trial
2026-07-07T20:35:25,reactive_hot_humid_bursty_r1,reactive,hot_humid,bursty,1,33.724,33.424,33.224,30.724,25.0,45.0,140.0,,100.0,2.0,30.7,,,0,trial
2026-07-07T20:35:25,reactive_hot_humid_bursty_r1,reactive,hot_humid,bursty,1,33.736,33.436,33.236,30.736,25.0,45.0,140.0,,100.0,2.0,30.7,,,0,trial
2026-07-07T20:35:25,reactive_hot_humid_bursty_r1,reactive,hot_humid,bursty,1,33.747,33.447,33.247,30.747,25.0,45.0,140.0,,100.0,2.0,30.7,,,0,trial
2026-07-07T20:35:25,reactive_hot_humid_bursty_r1,reactive,hot_humid,bursty,1,33.759,33.459,33.259,30.759,25.0,45.0,140.0,,100.0,2.0,30.71,,,0,trial
2026-07-07T20:35:25,reactive_hot_humid_bursty_r1,reactive,hot_humid,bursty,1,33.77,33.47,33.27,30.77,25.0,45.0,140.0,,100.0,2.0,30.71,,,0,trial
2026-07-07T20:35:25,reactive_hot_humid_bursty_r1,reactive,hot_humid,bursty,1,33.782,33.482,33.282,30.782,25.0,45.0,140.0,,100.0,2.0,30.72,,,0,trial
2026-07-07T20:35:25,reactive_hot_humid_bursty_r1,reactive,hot_humid,bursty,1,33.793,33.493,33.293,30.793,25.0,45.0,140.0,,100.0,2.0,30.72,,,0,trial
2026-07-07T20:35:25,reactive_hot_humid_bursty_r1,reactive,hot_humid,bursty,1,33.805,33.505,33.305,30.805,25.0,45.0,140.0,,100.0,2.0,30.72,,,0,trial
2026-07-07T20:35:25,reactive_hot_humid_bursty_r1,reactive,hot_humid,bursty,1,33.816,33.516,33.316,30.816,25.0,45.0,140.0,,100.0,2.0,30.73,,,0,trial
2026-07-07T20:35:25,reactive_hot_humid_bursty_r1,reactive,hot_humid,bursty,1,33.828,33.528,33.328,30.828,25.0,45.0,140.0,,100.0,2.0,30.73,,,0,trial
2026-07-07T20:35:25,reactive_hot_humid_bursty_r1,reactive,hot_humid,bursty,1,33.839,33.539,33.339,30.839,25.0,45.0,140.0,,100.0,2.0,30.74,,,0,trial
2026-07-07T20:35:25,reactive_hot_humid_bursty_r1,reactive,hot_humid,bursty,1,33.851,33.551,33.351,30.851,25.0,45.0,140.0,,100.0,2.0,30.74,,,0,trial
2026-07-07T20:35:25,reactive_hot_humid_bursty_r1,reactive,hot_humid,bursty,1,33.862,33.562,33.362,30.862,25.0,45.0,140.0,,100.0,2.0,30.75,,,0,trial
2026-07-07T20:35:25,reactive_hot_humid_bursty_r1,reactive,hot_humid,bursty,1,33.873,33.573,33.373,30.873,25.0,45.0,140.0,,100.0,2.0,30.75,,,0,trial
2026-07-07T20:35:25,reactive_hot_humid_bursty_r1,reactive,hot_humid,bursty,1,33.885,33.585,33.385,30.885,25.0,45.0,140.0,,100.0,2.0,30.75,,,0,trial
2026-07-07T20:35:25,reactive_hot_humid_bursty_r1,reactive,hot_humid,bursty,1,33.896,33.596,33.396,30.896,25.0,45.0,140.0,,100.0,2.0,30.76,,,0,trial
2026-07-07T20:35:25,reactive_hot_humid_bursty_r1,reactive,hot_humid,bursty,1,33.908,33.608,33.408,30.908,25.0,45.0,140.0,,100.0,2.0,30.76,,,0,trial
2026-07-07T20:35:25,reactive_hot_humid_bursty_r1,reactive,hot_humid,bursty,1,33.919,33.619,33.419,30.919,25.0,45.0,140.0,,100.0,2.0,30.77,,,0,trial
2026-07-07T20:35:25,reactive_hot_humid_bursty_r1,reactive,hot_humid,bursty,1,33.93,33.63,33.43,30.93,25.0,45.0,140.0,,100.0,2.0,30.77,,,0,trial
2026-07-07T20:35:25,reactive_hot_humid_bursty_r1,reactive,hot_humid,bursty,1,33.942,33.642,33.442,30.942,25.0,45.0,140.0,,100.0,2.0,30.78,,,0,trial
2026-07-07T20:35:25,reactive_hot_humid_bursty_r1,reactive,hot_humid,bursty,1,33.953,33.653,33.453,30.953,25.0,45.0,140.0,,100.0,2.0,30.78,,,0,trial
2026-07-07T20:35:25,reactive_hot_humid_bursty_r1,reactive,hot_humid,bursty,1,33.964,33.664,33.464,30.964,25.0,45.0,140.0,,100.0,2.0,30.79,,,0,trial
2026-07-07T20:35:25,reactive_hot_humid_bursty_r1,reactive,hot_humid,bursty,1,33.976,33.676,33.476,30.976,25.0,45.0,140.0,,100.0,2.0,30.79,,,0,trial
2026-07-07T20:35:25,reactive_hot_humid_bursty_r1,reactive,hot_humid,bursty,1,33.987,33.687,33.487,30.987,25.0,45.0,140.0,,100.0,2.0,30.79,,,0,trial
2026-07-07T20:35:25,reactive_hot_humid_bursty_r1,reactive,hot_humid,bursty,1,33.998,33.698,33.498,30.998,25.0,45.0,140.0,,100.0,2.0,30.8,,,0,trial
2026-07-07T20:35:25,reactive_hot_humid_bursty_r1,reactive,hot_humid,bursty,1,34.01,33.71,33.51,31.01,25.0,45.0,140.0,,100.0,2.0,30.8,,,0,trial
2026-07-07T20:35:25,reactive_hot_humid_bursty_r1,reactive,hot_humid,bursty,1,34.021,33.721,33.521,31.021,25.0,45.0,140.0,,100.0,2.0,30.81,,,0,trial
2026-07-07T20:35:25,reactive_hot_humid_bursty_r1,reactive,hot_humid,bursty,1,34.032,33.732,33.532,31.032,25.0,45.0,140.0,,100.0,2.0,30.81,,,0,trial
2026-07-07T20:35:25,reactive_hot_humid_bursty_r1,reactive,hot_humid,bursty,1,34.044,33.744,33.544,31.044,25.0,45.0,140.0,,100.0,2.0,30.82,,,0,trial
2026-07-07T20:35:25,reactive_hot_humid_bursty_r1,reactive,hot_humid,bursty,1,34.055,33.755,33.555,31.055,25.0,45.0,140.0,,100.0,2.0,30.82,,,0,trial
2026-07-07T20:35:25,reactive_hot_humid_bursty_r1,reactive,hot_humid,bursty,1,34.056,33.756,33.556,31.056,25.0,45.0,60.0,,100.0,2.0,30.83,,,0,trial
2026-07-07T20:35:25,reactive_hot_humid_bursty_r1,reactive,hot_humid,bursty,1,34.063,33.763,33.563,31.063,25.0,45.0,60.0,,0.0,0.0,30.83,,,0,trial
2026-07-07T20:35:25,reactive_hot_humid_bursty_r1,reactive,hot_humid,bursty,1,34.07,33.77,33.57,31.07,25.0,45.0,60.0,,0.0,0.0,30.84,,,0,trial
2026-07-07T20:35:25,reactive_hot_humid_bursty_r1,reactive,hot_humid,bursty,1,34.077,33.777,33.577,31.077,25.0,45.0,60.0,,0.0,0.0,30.84,,,0,trial
2026-07-07T20:35:25,reactive_hot_humid_bursty_r1,reactive,hot_humid,bursty,1,34.083,33.783,33.583,31.083,25.0,45.0,60.0,,0.0,0.0,30.85,,,0,trial
2026-07-07T20:35:25,reactive_hot_humid_bursty_r1,reactive,hot_humid,bursty,1,34.09,33.79,33.59,31.09,25.0,45.0,60.0,,0.0,0.0,30.85,,,0,trial
2026-07-07T20:35:25,reactive_hot_humid_bursty_r1,reactive,hot_humid,bursty,1,34.097,33.797,33.597,31.097,25.0,45.0,60.0,,0.0,0.0,30.86,,,0,trial
2026-07-07T20:35:25,reactive_hot_humid_bursty_r1,reactive,hot_humid,bursty,1,34.104,33.804,33.604,31.104,25.0,45.0,60.0,,0.0,0.0,30.86,,,0,trial
2026-07-07T20:35:25,reactive_hot_humid_bursty_r1,reactive,hot_humid,bursty,1,34.111,33.811,33.611,31.111,25.0,45.0,60.0,,0.0,0.0,30.87,,,0,trial
2026-07-07T20:35:25,reactive_hot_humid_bursty_r1,reactive,hot_humid,bursty,1,34.118,33.818,33.618,31.118,25.0,45.0,60.0,,0.0,0.0,30.87,,,0,trial
2026-07-07T20:35:25,reactive_hot_humid_bursty_r1,reactive,hot_humid,bursty,1,34.125,33.825,33.625,31.125,25.0,45.0,60.0,,0.0,0.0,30.88,,,0,trial
2026-07-07T20:35:25,reactive_hot_humid_bursty_r1,reactive,hot_humid,bursty,1,34.132,33.832,33.632,31.132,25.0,45.0,60.0,,0.0,0.0,30.88,,,0,trial
2026-07-07T20:35:25,reactive_hot_humid_bursty_r1,reactive,hot_humid,bursty,1,34.139,33.839,33.639,31.139,25.0,45.0,60.0,,0.0,0.0,30.89,,,0,trial
2026-07-07T20:35:25,reactive_hot_humid_bursty_r1,reactive,hot_humid,bursty,1,34.146,33.846,33.646,31.146,25.0,45.0,60.0,,0.0,0.0,30.89,,,0,trial
2026-07-07T20:35:25,reactive_hot_humid_bursty_r1,reactive,hot_humid,bursty,1,34.153,33.853,33.653,31.153,25.0,45.0,60.0,,0.0,0.0,30.9,,,0,trial
2026-07-07T20:35:25,reactive_hot_humid_bursty_r1,reactive,hot_humid,bursty,1,34.16,33.86,33.66,31.16,25.0,45.0,60.0,,0.0,0.0,30.9,,,0,trial
2026-07-07T20:35:25,reactive_hot_humid_bursty_r1,reactive,hot_humid,bursty,1,34.167,33.867,33.667,31.167,25.0,45.0,60.0,,0.0,0.0,30.91,,,0,trial
2026-07-07T20:35:25,reactive_hot_humid_bursty_r1,reactive,hot_humid,bursty,1,34.174,33.874,33.674,31.174,25.0,45.0,60.0,,0.0,0.0,30.91,,,0,trial
2026-07-07T20:35:25,reactive_hot_humid_bursty_r1,reactive,hot_humid,bursty,1,34.181,33.881,33.681,31.181,25.0,45.0,60.0,,0.0,0.0,30.92,,,0,trial
2026-07-07T20:35:25,reactive_hot_humid_bursty_r1,reactive,hot_humid,bursty,1,34.187,33.887,33.687,31.187,25.0,45.0,60.0,,0.0,0.0,30.92,,,0,trial
2026-07-07T20:35:25,reactive_hot_humid_bursty_r1,reactive,hot_humid,bursty,1,34.194,33.894,33.694,31.194,25.0,45.0,60.0,,0.0,0.0,30.93,,,0,trial
2026-07-07T20:35:25,reactive_hot_humid_bursty_r1,reactive,hot_humid,bursty,1,34.201,33.901,33.701,31.201,25.0,45.0,60.0,,0.0,0.0,30.93,,,0,trial
2026-07-07T20:35:25,reactive_hot_humid_bursty_r1,reactive,hot_humid,bursty,1,34.208,33.908,33.708,31.208,25.0,45.0,60.0,,0.0,0.0,30.94,,,0,trial
2026-07-07T20:35:25,reactive_hot_humid_bursty_r1,reactive,hot_humid,bursty,1,34.215,33.915,33.715,31.215,25.0,45.0,60.0,,0.0,0.0,30.94,,,0,trial
2026-07-07T20:35:25,reactive_hot_humid_bursty_r1,reactive,hot_humid,bursty,1,34.222,33.922,33.722,31.222,25.0,45.0,60.0,,0.0,0.0,30.95,,,0,trial
2026-07-07T20:35:25,reactive_hot_humid_bursty_r1,reactive,hot_humid,bursty,1,34.229,33.929,33.729,31.229,25.0,45.0,60.0,,0.0,0.0,30.95,,,0,trial
2026-07-07T20:35:25,reactive_hot_humid_bursty_r1,reactive,hot_humid,bursty,1,34.236,33.936,33.736,31.236,25.0,45.0,60.0,,0.0,0.0,30.96,,,0,trial
2026-07-07T20:35:25,reactive_hot_humid_bursty_r1,reactive,hot_humid,bursty,1,34.243,33.943,33.743,31.243,25.0,45.0,60.0,,0.0,0.0,30.97,,,0,trial
2026-07-07T20:35:25,reactive_hot_humid_bursty_r1,reactive,hot_humid,bursty,1,34.25,33.95,33.75,31.25,25.0,45.0,60.0,,0.0,0.0,30.97,,,0,trial
2026-07-07T20:35:25,reactive_hot_humid_bursty_r1,reactive,hot_humid,bursty,1,34.257,33.957,33.757,31.257,25.0,45.0,60.0,,0.0,0.0,30.98,,,0,trial
2026-07-07T20:35:25,reactive_hot_humid_bursty_r1,reactive,hot_humid,bursty,1,34.264,33.964,33.764,31.264,25.0,45.0,60.0,,0.0,0.0,30.98,,,0,trial
2026-07-07T20:35:25,reactive_hot_humid_bursty_r1,reactive,hot_humid,bursty,1,34.271,33.971,33.771,31.271,25.0,45.0,60.0,,0.0,0.0,30.99,,,0,trial
2026-07-07T20:35:25,reactive_hot_humid_bursty_r1,reactive,hot_humid,bursty,1,34.277,33.977,33.777,31.277,25.0,45.0,60.0,,0.0,0.0,30.99,,,0,trial
2026-07-07T20:35:25,reactive_hot_humid_bursty_r1,reactive,hot_humid,bursty,1,34.284,33.984,33.784,31.284,25.0,45.0,60.0,,0.0,0.0,31.0,,,0,trial
2026-07-07T20:35:25,reactive_hot_humid_bursty_r1,reactive,hot_humid,bursty,1,34.291,33.991,33.791,31.291,25.0,45.0,60.0,,0.0,0.0,31.0,,,0,trial
2026-07-07T20:35:25,reactive_hot_humid_bursty_r1,reactive,hot_humid,bursty,1,34.298,33.998,33.798,31.298,25.0,45.0,60.0,,0.0,0.0,31.01,,,0,trial
2026-07-07T20:35:25,reactive_hot_humid_bursty_r1,reactive,hot_humid,bursty,1,34.305,34.005,33.805,31.305,25.0,45.0,60.0,,0.0,0.0,31.02,,,0,trial
2026-07-07T20:35:25,reactive_hot_humid_bursty_r1,reactive,hot_humid,bursty,1,34.312,34.012,33.812,31.312,25.0,45.0,60.0,,0.0,0.0,31.02,,,0,trial
2026-07-07T20:35:25,reactive_hot_humid_bursty_r1,reactive,hot_humid,bursty,1,34.319,34.019,33.819,31.319,25.0,45.0,60.0,,0.0,0.0,31.03,,,0,trial
2026-07-07T20:35:25,reactive_hot_humid_bursty_r1,reactive,hot_humid,bursty,1,34.326,34.026,33.826,31.326,25.0,45.0,60.0,,0.0,0.0,31.03,,,0,trial
2026-07-07T20:35:25,reactive_hot_humid_bursty_r1,reactive,hot_humid,bursty,1,34.333,34.033,33.833,31.333,25.0,45.0,60.0,,0.0,0.0,31.04,,,0,trial
2026-07-07T20:35:25,reactive_hot_humid_bursty_r1,reactive,hot_humid,bursty,1,34.34,34.04,33.84,31.34,25.0,45.0,60.0,,0.0,0.0,31.04,,,0,trial
2026-07-07T20:35:25,reactive_hot_humid_bursty_r1,reactive,hot_humid,bursty,1,34.347,34.047,33.847,31.347,25.0,45.0,60.0,,0.0,0.0,31.05,,,0,trial
2026-07-07T20:35:25,reactive_hot_humid_bursty_r1,reactive,hot_humid,bursty,1,34.354,34.054,33.854,31.354,25.0,45.0,60.0,,0.0,0.0,31.06,,,0,trial
2026-07-07T20:35:25,reactive_hot_humid_bursty_r1,reactive,hot_humid,bursty,1,34.36,34.06,33.86,31.36,25.0,45.0,60.0,,0.0,0.0,31.06,,,0,trial
2026-07-07T20:35:25,reactive_hot_humid_bursty_r1,reactive,hot_humid,bursty,1,34.367,34.067,33.867,31.367,25.0,45.0,60.0,,0.0,0.0,31.07,,,0,trial
2026-07-07T20:35:25,reactive_hot_humid_bursty_r1,reactive,hot_humid,bursty,1,34.374,34.074,33.874,31.374,25.0,45.0,60.0,,0.0,0.0,31.07,,,0,trial
2026-07-07T20:35:25,reactive_hot_humid_bursty_r1,reactive,hot_humid,bursty,1,34.381,34.081,33.881,31.381,25.0,45.0,60.0,,0.0,0.0,31.08,,,0,trial
2026-07-07T20:35:25,reactive_hot_humid_bursty_r1,reactive,hot_humid,bursty,1,34.388,34.088,33.888,31.388,25.0,45.0,60.0,,0.0,0.0,31.09,,,0,trial
2026-07-07T20:35:25,reactive_hot_humid_bursty_r1,reactive,hot_humid,bursty,1,34.395,34.095,33.895,31.395,25.0,45.0,60.0,,0.0,0.0,31.09,,,0,trial
2026-07-07T20:35:25,reactive_hot_humid_bursty_r1,reactive,hot_humid,bursty,1,34.402,34.102,33.902,31.402,25.0,45.0,60.0,,0.0,0.0,31.1,,,0,trial
2026-07-07T20:35:25,reactive_hot_humid_bursty_r1,reactive,hot_humid,bursty,1,34.409,34.109,33.909,31.409,25.0,45.0,60.0,,0.0,0.0,31.1,,,0,trial
2026-07-07T20:35:25,reactive_hot_humid_bursty_r1,reactive,hot_humid,bursty,1,34.416,34.116,33.916,31.416,25.0,45.0,60.0,,0.0,0.0,31.11,,,0,trial
2026-07-07T20:35:25,reactive_hot_humid_bursty_r1,reactive,hot_humid,bursty,1,34.423,34.123,33.923,31.423,25.0,45.0,60.0,,0.0,0.0,31.12,,,0,trial
2026-07-07T20:35:25,reactive_hot_humid_bursty_r1,reactive,hot_humid,bursty,1,34.429,34.129,33.929,31.429,25.0,45.0,60.0,,0.0,0.0,31.12,,,0,trial
2026-07-07T20:35:25,reactive_hot_humid_bursty_r1,reactive,hot_humid,bursty,1,34.436,34.136,33.936,31.436,25.0,45.0,60.0,,0.0,0.0,31.13,,,0,trial
2026-07-07T20:35:25,reactive_hot_humid_bursty_r1,reactive,hot_humid,bursty,1,34.443,34.143,33.943,31.443,25.0,45.0,60.0,,0.0,0.0,31.14,,,0,trial
2026-07-07T20:35:25,reactive_hot_humid_bursty_r1,reactive,hot_humid,bursty,1,34.45,34.15,33.95,31.45,25.0,45.0,60.0,,0.0,0.0,31.14,,,0,trial
2026-07-07T20:35:25,reactive_hot_humid_bursty_r1,reactive,hot_humid,bursty,1,34.457,34.157,33.957,31.457,25.0,45.0,60.0,,0.0,0.0,31.15,,,0,trial
2026-07-07T20:35:25,reactive_hot_humid_bursty_r1,reactive,hot_humid,bursty,1,34.464,34.164,33.964,31.464,25.0,45.0,60.0,,0.0,0.0,31.15,,,0,trial
2026-07-07T20:35:25,reactive_hot_humid_bursty_r1,reactive,hot_humid,bursty,1,34.471,34.171,33.971,31.471,25.0,45.0,60.0,,0.0,0.0,31.16,,,0,trial
2026-07-07T20:35:25,reactive_hot_humid_bursty_r1,reactive,hot_humid,bursty,1,34.478,34.178,33.978,31.478,25.0,45.0,60.0,,0.0,0.0,31.17,,,0,trial
2026-07-07T20:35:25,reactive_hot_humid_bursty_r1,reactive,hot_humid,bursty,1,34.485,34.185,33.985,31.485,25.0,45.0,60.0,,0.0,0.0,31.17,,,0,trial
2026-07-07T20:35:25,reactive_hot_humid_bursty_r1,reactive,hot_humid,bursty,1,34.492,34.192,33.992,31.492,25.0,45.0,60.0,,0.0,0.0,31.18,,,0,trial
2026-07-07T20:35:25,reactive_hot_humid_bursty_r1,reactive,hot_humid,bursty,1,34.498,34.198,33.998,31.498,25.0,45.0,60.0,,0.0,0.0,31.19,,,0,trial
2026-07-07T20:35:25,reactive_hot_humid_bursty_r1,reactive,hot_humid,bursty,1,34.505,34.205,34.005,31.505,25.0,45.0,60.0,,0.0,0.0,31.19,,,0,trial
2026-07-07T20:35:25,reactive_hot_humid_bursty_r1,reactive,hot_humid,bursty,1,34.512,34.212,34.012,31.512,25.0,45.0,60.0,,0.0,0.0,31.2,,,0,trial
2026-07-07T20:35:25,reactive_hot_humid_bursty_r1,reactive,hot_humid,bursty,1,34.519,34.219,34.019,31.519,25.0,45.0,60.0,,0.0,0.0,31.21,,,0,trial
2026-07-07T20:35:25,reactive_hot_humid_bursty_r1,reactive,hot_humid,bursty,1,34.526,34.226,34.026,31.526,25.0,45.0,60.0,,0.0,0.0,31.21,,,0,trial
2026-07-07T20:35:25,reactive_hot_humid_bursty_r1,reactive,hot_humid,bursty,1,34.533,34.233,34.033,31.533,25.0,45.0,60.0,,0.0,0.0,31.22,,,0,trial
2026-07-07T20:35:25,reactive_hot_humid_bursty_r1,reactive,hot_humid,bursty,1,34.54,34.24,34.04,31.54,25.0,45.0,60.0,,0.0,0.0,31.23,,,0,trial
2026-07-07T20:35:25,reactive_hot_humid_bursty_r1,reactive,hot_humid,bursty,1,34.547,34.247,34.047,31.547,25.0,45.0,60.0,,0.0,0.0,31.23,,,0,trial
2026-07-07T20:35:25,reactive_hot_humid_bursty_r1,reactive,hot_humid,bursty,1,34.554,34.254,34.054,31.554,25.0,45.0,60.0,,0.0,0.0,31.24,,,0,trial
2026-07-07T20:35:25,reactive_hot_humid_bursty_r1,reactive,hot_humid,bursty,1,34.561,34.261,34.061,31.561,25.0,45.0,60.0,,0.0,0.0,31.25,,,0,trial
2026-07-07T20:35:25,reactive_hot_humid_bursty_r1,reactive,hot_humid,bursty,1,34.567,34.267,34.067,31.567,25.0,45.0,60.0,,0.0,0.0,31.25,,,0,trial
2026-07-07T20:35:25,reactive_hot_humid_bursty_r1,reactive,hot_humid,bursty,1,34.574,34.274,34.074,31.574,25.0,45.0,60.0,,0.0,0.0,31.26,,,0,trial
2026-07-07T20:35:25,reactive_hot_humid_bursty_r1,reactive,hot_humid,bursty,1,34.581,34.281,34.081,31.581,25.0,45.0,60.0,,0.0,0.0,31.27,,,0,trial
2026-07-07T20:35:25,reactive_hot_humid_bursty_r1,reactive,hot_humid,bursty,1,34.588,34.288,34.088,31.588,25.0,45.0,60.0,,0.0,0.0,31.27,,,0,trial
2026-07-07T20:35:25,reactive_hot_humid_bursty_r1,reactive,hot_humid,bursty,1,34.595,34.295,34.095,31.595,25.0,45.0,60.0,,0.0,0.0,31.28,,,0,trial
2026-07-07T20:35:25,reactive_hot_humid_bursty_r1,reactive,hot_humid,bursty,1,34.602,34.302,34.102,31.602,25.0,45.0,60.0,,0.0,0.0,31.29,,,0,trial
2026-07-07T20:35:25,reactive_hot_humid_bursty_r1,reactive,hot_humid,bursty,1,34.609,34.309,34.109,31.609,25.0,45.0,60.0,,0.0,0.0,31.29,,,0,trial
2026-07-07T20:35:25,reactive_hot_humid_bursty_r1,reactive,hot_humid,bursty,1,34.616,34.316,34.116,31.616,25.0,45.0,60.0,,0.0,0.0,31.3,,,0,trial
2026-07-07T20:35:25,reactive_hot_humid_bursty_r1,reactive,hot_humid,bursty,1,34.622,34.322,34.122,31.622,25.0,45.0,60.0,,0.0,0.0,31.31,,,0,trial
2026-07-07T20:35:25,reactive_hot_humid_bursty_r1,reactive,hot_humid,bursty,1,34.629,34.329,34.129,31.629,25.0,45.0,60.0,,0.0,0.0,31.31,,,0,trial
2026-07-07T20:35:25,reactive_hot_humid_bursty_r1,reactive,hot_humid,bursty,1,34.636,34.336,34.136,31.636,25.0,45.0,60.0,,0.0,0.0,31.32,,,0,trial
2026-07-07T20:35:25,reactive_hot_humid_bursty_r1,reactive,hot_humid,bursty,1,34.643,34.343,34.143,31.643,25.0,45.0,60.0,,0.0,0.0,31.33,,,0,trial
2026-07-07T20:35:25,reactive_hot_humid_bursty_r1,reactive,hot_humid,bursty,1,34.65,34.35,34.15,31.65,25.0,45.0,60.0,,0.0,0.0,31.34,,,0,trial
2026-07-07T20:35:25,reactive_hot_humid_bursty_r1,reactive,hot_humid,bursty,1,34.657,34.357,34.157,31.657,25.0,45.0,60.0,,0.0,0.0,31.34,,,0,trial
2026-07-07T20:35:25,reactive_hot_humid_bursty_r1,reactive,hot_humid,bursty,1,34.664,34.364,34.164,31.664,25.0,45.0,60.0,,0.0,0.0,31.35,,,0,trial
2026-07-07T20:35:25,reactive_hot_humid_bursty_r1,reactive,hot_humid,bursty,1,34.671,34.371,34.171,31.671,25.0,45.0,60.0,,0.0,0.0,31.36,,,0,trial
2026-07-07T20:35:25,reactive_hot_humid_bursty_r1,reactive,hot_humid,bursty,1,34.678,34.378,34.178,31.678,25.0,45.0,60.0,,0.0,0.0,31.36,,,0,trial
2026-07-07T20:35:25,reactive_hot_humid_bursty_r1,reactive,hot_humid,bursty,1,34.684,34.384,34.184,31.684,25.0,45.0,60.0,,0.0,0.0,31.37,,,0,trial
2026-07-07T20:35:25,reactive_hot_humid_bursty_r1,reactive,hot_humid,bursty,1,34.691,34.391,34.191,31.691,25.0,45.0,60.0,,0.0,0.0,31.38,,,0,trial
2026-07-07T20:35:25,reactive_hot_humid_bursty_r1,reactive,hot_humid,bursty,1,34.698,34.398,34.198,31.698,25.0,45.0,60.0,,0.0,0.0,31.39,,,0,trial
2026-07-07T20:35:25,reactive_hot_humid_bursty_r1,reactive,hot_humid,bursty,1,34.705,34.405,34.205,31.705,25.0,45.0,60.0,,0.0,0.0,31.39,,,0,trial
2026-07-07T20:35:25,reactive_hot_humid_bursty_r1,reactive,hot_humid,bursty,1,34.712,34.412,34.212,31.712,25.0,45.0,60.0,,0.0,0.0,31.4,,,0,trial
2026-07-07T20:35:25,reactive_hot_humid_bursty_r1,reactive,hot_humid,bursty,1,34.719,34.419,34.219,31.719,25.0,45.0,60.0,,0.0,0.0,31.41,,,0,trial
2026-07-07T20:35:25,reactive_hot_humid_bursty_r1,reactive,hot_humid,bursty,1,34.726,34.426,34.226,31.726,25.0,45.0,60.0,,0.0,0.0,31.42,,,0,trial
2026-07-07T20:35:25,reactive_hot_humid_bursty_r1,reactive,hot_humid,bursty,1,34.733,34.433,34.233,31.733,25.0,45.0,60.0,,0.0,0.0,31.42,,,0,trial
2026-07-07T20:35:25,reactive_hot_humid_bursty_r1,reactive,hot_humid,bursty,1,34.739,34.439,34.239,31.739,25.0,45.0,60.0,,0.0,0.0,31.43,,,0,trial
2026-07-07T20:35:25,reactive_hot_humid_bursty_r1,reactive,hot_humid,bursty,1,34.746,34.446,34.246,31.746,25.0,45.0,60.0,,0.0,0.0,31.44,,,0,trial
2026-07-07T20:35:25,reactive_hot_humid_bursty_r1,reactive,hot_humid,bursty,1,34.753,34.453,34.253,31.753,25.0,45.0,60.0,,0.0,0.0,31.44,,,0,trial
2026-07-07T20:35:25,reactive_hot_humid_bursty_r1,reactive,hot_humid,bursty,1,34.76,34.46,34.26,31.76,25.0,45.0,60.0,,0.0,0.0,31.45,,,0,trial
2026-07-07T20:35:25,reactive_hot_humid_bursty_r1,reactive,hot_humid,bursty,1,34.767,34.467,34.267,31.767,25.0,45.0,60.0,,0.0,0.0,31.46,,,0,trial
2026-07-07T20:35:25,reactive_hot_humid_bursty_r1,reactive,hot_humid,bursty,1,34.774,34.474,34.274,31.774,25.0,45.0,60.0,,0.0,0.0,31.47,,,0,trial
2026-07-07T20:35:25,reactive_hot_humid_bursty_r1,reactive,hot_humid,bursty,1,34.781,34.481,34.281,31.781,25.0,45.0,60.0,,0.0,0.0,31.48,,,0,trial
2026-07-07T20:35:25,reactive_hot_humid_bursty_r1,reactive,hot_humid,bursty,1,34.787,34.487,34.287,31.787,25.0,45.0,60.0,,0.0,0.0,31.48,,,0,trial
2026-07-07T20:35:25,reactive_hot_humid_bursty_r1,reactive,hot_humid,bursty,1,34.794,34.494,34.294,31.794,25.0,45.0,60.0,,0.0,0.0,31.49,,,0,trial
2026-07-07T20:35:25,reactive_hot_humid_bursty_r1,reactive,hot_humid,bursty,1,34.801,34.501,34.301,31.801,25.0,45.0,60.0,,0.0,0.0,31.5,,,0,trial
2026-07-07T20:35:25,reactive_hot_humid_bursty_r1,reactive,hot_humid,bursty,1,34.808,34.508,34.308,31.808,25.0,45.0,60.0,,0.0,0.0,31.51,,,0,trial
2026-07-07T20:35:25,reactive_hot_humid_bursty_r1,reactive,hot_humid,bursty,1,34.815,34.515,34.315,31.815,25.0,45.0,60.0,,0.0,0.0,31.51,,,0,trial
2026-07-07T20:35:25,reactive_hot_humid_bursty_r1,reactive,hot_humid,bursty,1,34.822,34.522,34.322,31.822,25.0,45.0,60.0,,0.0,0.0,31.52,,,0,trial
2026-07-07T20:35:25,reactive_hot_humid_bursty_r1,reactive,hot_humid,bursty,1,34.829,34.529,34.329,31.829,25.0,45.0,60.0,,0.0,0.0,31.53,,,0,trial
2026-07-07T20:35:25,reactive_hot_humid_bursty_r1,reactive,hot_humid,bursty,1,34.835,34.535,34.335,31.835,25.0,45.0,60.0,,0.0,0.0,31.54,,,0,trial
2026-07-07T20:35:25,reactive_hot_humid_bursty_r1,reactive,hot_humid,bursty,1,34.842,34.542,34.342,31.842,25.0,45.0,60.0,,0.0,0.0,31.55,,,0,trial
2026-07-07T20:35:25,reactive_hot_humid_bursty_r1,reactive,hot_humid,bursty,1,34.849,34.549,34.349,31.849,25.0,45.0,60.0,,0.0,0.0,31.55,,,0,trial
2026-07-07T20:35:25,reactive_hot_humid_bursty_r1,reactive,hot_humid,bursty,1,34.856,34.556,34.356,31.856,25.0,45.0,60.0,,0.0,0.0,31.56,,,0,trial
2026-07-07T20:35:25,reactive_hot_humid_bursty_r1,reactive,hot_humid,bursty,1,34.863,34.563,34.363,31.863,25.0,45.0,60.0,,0.0,0.0,31.57,,,0,trial
2026-07-07T20:35:25,reactive_hot_humid_bursty_r1,reactive,hot_humid,bursty,1,34.87,34.57,34.37,31.87,25.0,45.0,60.0,,0.0,0.0,31.58,,,0,trial
2026-07-07T20:35:25,reactive_hot_humid_bursty_r1,reactive,hot_humid,bursty,1,34.877,34.577,34.377,31.877,25.0,45.0,60.0,,0.0,0.0,31.59,,,0,trial
2026-07-07T20:35:25,reactive_hot_humid_bursty_r1,reactive,hot_humid,bursty,1,34.883,34.583,34.383,31.883,25.0,45.0,60.0,,0.0,0.0,31.59,,,0,trial
2026-07-07T20:35:25,reactive_hot_humid_bursty_r1,reactive,hot_humid,bursty,1,34.888,34.588,34.388,31.888,25.0,45.0,60.0,,25.0,0.5,31.6,,,0,trial
2026-07-07T20:35:25,reactive_hot_humid_bursty_r1,reactive,hot_humid,bursty,1,34.892,34.592,34.392,31.892,25.0,45.0,60.0,,25.0,0.5,31.61,,,0,trial
2026-07-07T20:35:25,reactive_hot_humid_bursty_r1,reactive,hot_humid,bursty,1,34.896,34.596,34.396,31.896,25.0,45.0,60.0,,25.0,0.5,31.62,,,0,trial
2026-07-07T20:35:25,reactive_hot_humid_bursty_r1,reactive,hot_humid,bursty,1,34.901,34.601,34.401,31.901,25.0,45.0,60.0,,25.0,0.5,31.63,,,0,trial
2026-07-07T20:35:25,reactive_hot_humid_bursty_r1,reactive,hot_humid,bursty,1,34.905,34.605,34.405,31.905,25.0,45.0,60.0,,25.0,0.5,31.63,,,0,trial
2026-07-07T20:35:25,reactive_hot_humid_bursty_r1,reactive,hot_humid,bursty,1,34.909,34.609,34.409,31.909,25.0,45.0,60.0,,25.0,0.5,31.64,,,0,trial
2026-07-07T20:35:25,reactive_hot_humid_bursty_r1,reactive,hot_humid,bursty,1,34.913,34.613,34.413,31.913,25.0,45.0,60.0,,25.0,0.5,31.65,,,0,trial
2026-07-07T20:35:25,reactive_hot_humid_bursty_r1,reactive,hot_humid,bursty,1,34.918,34.618,34.418,31.918,25.0,45.0,60.0,,25.0,0.5,31.66,,,0,trial
2026-07-07T20:35:25,reactive_hot_humid_bursty_r1,reactive,hot_humid,bursty,1,34.922,34.622,34.422,31.922,25.0,45.0,60.0,,25.0,0.5,31.67,,,0,trial
2026-07-07T20:35:25,reactive_hot_humid_bursty_r1,reactive,hot_humid,bursty,1,34.926,34.626,34.426,31.926,25.0,45.0,60.0,,25.0,0.5,31.68,,,0,trial
2026-07-07T20:35:25,reactive_hot_humid_bursty_r1,reactive,hot_humid,bursty,1,34.931,34.631,34.431,31.931,25.0,45.0,60.0,,25.0,0.5,31.68,,,0,trial
2026-07-07T20:35:25,reactive_hot_humid_bursty_r1,reactive,hot_humid,bursty,1,34.935,34.635,34.435,31.935,25.0,45.0,60.0,,25.0,0.5,31.69,,,0,trial
2026-07-07T20:35:25,reactive_hot_humid_bursty_r1,reactive,hot_humid,bursty,1,34.939,34.639,34.439,31.939,25.0,45.0,60.0,,25.0,0.5,31.7,,,0,trial
2026-07-07T20:35:25,reactive_hot_humid_bursty_r1,reactive,hot_humid,bursty,1,34.943,34.643,34.443,31.943,25.0,45.0,60.0,,25.0,0.5,31.71,,,0,trial
2026-07-07T20:35:25,reactive_hot_humid_bursty_r1,reactive,hot_humid,bursty,1,34.948,34.648,34.448,31.948,25.0,45.0,60.0,,25.0,0.5,31.72,,,0,trial
2026-07-07T20:35:25,reactive_hot_humid_bursty_r1,reactive,hot_humid,bursty,1,34.952,34.652,34.452,31.952,25.0,45.0,60.0,,25.0,0.5,31.73,,,0,trial
2026-07-07T20:35:25,reactive_hot_humid_bursty_r1,reactive,hot_humid,bursty,1,34.956,34.656,34.456,31.956,25.0,45.0,60.0,,25.0,0.5,31.74,,,0,trial
2026-07-07T20:35:25,reactive_hot_humid_bursty_r1,reactive,hot_humid,bursty,1,34.96,34.66,34.46,31.96,25.0,45.0,60.0,,25.0,0.5,31.74,,,0,trial
2026-07-07T20:35:25,reactive_hot_humid_bursty_r1,reactive,hot_humid,bursty,1,34.965,34.665,34.465,31.965,25.0,45.0,60.0,,25.0,0.5,31.75,,,0,trial
2026-07-07T20:35:25,reactive_hot_humid_bursty_r1,reactive,hot_humid,bursty,1,34.969,34.669,34.469,31.969,25.0,45.0,60.0,,25.0,0.5,31.76,,,0,trial
2026-07-07T20:35:25,reactive_hot_humid_bursty_r1,reactive,hot_humid,bursty,1,34.973,34.673,34.473,31.973,25.0,45.0,60.0,,25.0,0.5,31.77,,,0,trial
2026-07-07T20:35:25,reactive_hot_humid_bursty_r1,reactive,hot_humid,bursty,1,34.978,34.678,34.478,31.978,25.0,45.0,60.0,,25.0,0.5,31.78,,,0,trial
2026-07-07T20:35:25,reactive_hot_humid_bursty_r1,reactive,hot_humid,bursty,1,34.982,34.682,34.482,31.982,25.0,45.0,60.0,,25.0,0.5,31.79,,,0,trial
2026-07-07T20:35:25,reactive_hot_humid_bursty_r1,reactive,hot_humid,bursty,1,34.986,34.686,34.486,31.986,25.0,45.0,60.0,,25.0,0.5,31.8,,,0,trial
2026-07-07T20:35:25,reactive_hot_humid_bursty_r1,reactive,hot_humid,bursty,1,34.99,34.69,34.49,31.99,25.0,45.0,60.0,,25.0,0.5,31.81,,,0,trial
2026-07-07T20:35:25,reactive_hot_humid_bursty_r1,reactive,hot_humid,bursty,1,34.995,34.695,34.495,31.995,25.0,45.0,60.0,,25.0,0.5,31.81,,,0,trial
2026-07-07T20:35:25,reactive_hot_humid_bursty_r1,reactive,hot_humid,bursty,1,34.999,34.699,34.499,31.999,25.0,45.0,60.0,,25.0,0.5,31.82,,,0,trial
2026-07-07T20:35:25,reactive_hot_humid_bursty_r1,reactive,hot_humid,bursty,1,35.003,34.703,34.503,32.003,25.0,45.0,60.0,,25.0,0.5,31.83,,,0,trial
2026-07-07T20:35:25,reactive_hot_humid_bursty_r1,reactive,hot_humid,bursty,1,35.007,34.707,34.507,32.007,25.0,45.0,60.0,,25.0,0.5,31.84,,,0,trial
2026-07-07T20:35:25,reactive_hot_humid_bursty_r1,reactive,hot_humid,bursty,1,35.012,34.712,34.512,32.012,25.0,45.0,60.0,,25.0,0.5,31.85,,,0,trial
2026-07-07T20:35:25,reactive_hot_humid_bursty_r1,reactive,hot_humid,bursty,1,35.016,34.716,34.516,32.016,25.0,45.0,60.0,,25.0,0.5,31.86,,,0,trial
2026-07-07T20:35:25,reactive_hot_humid_bursty_r1,reactive,hot_humid,bursty,1,35.02,34.72,34.52,32.02,25.0,45.0,60.0,,25.0,0.5,31.87,,,0,trial
2026-07-07T20:35:25,reactive_hot_humid_bursty_r1,reactive,hot_humid,bursty,1,35.024,34.724,34.524,32.024,25.0,45.0,60.0,,25.0,0.5,31.88,,,0,trial
2026-07-07T20:35:25,reactive_hot_humid_bursty_r1,reactive,hot_humid,bursty,1,35.029,34.729,34.529,32.029,25.0,45.0,60.0,,25.0,0.5,31.89,,,0,trial
2026-07-07T20:35:25,reactive_hot_humid_bursty_r1,reactive,hot_humid,bursty,1,35.033,34.733,34.533,32.033,25.0,45.0,60.0,,25.0,0.5,31.89,,,0,trial
2026-07-07T20:35:25,reactive_hot_humid_bursty_r1,reactive,hot_humid,bursty,1,35.037,34.737,34.537,32.037,25.0,45.0,60.0,,25.0,0.5,31.9,,,0,trial
2026-07-07T20:35:25,reactive_hot_humid_bursty_r1,reactive,hot_humid,bursty,1,35.041,34.741,34.541,32.041,25.0,45.0,60.0,,25.0,0.5,31.91,,,0,trial
2026-07-07T20:35:25,reactive_hot_humid_bursty_r1,reactive,hot_humid,bursty,1,35.045,34.745,34.545,32.045,25.0,45.0,60.0,,25.0,0.5,31.92,,,0,trial
2026-07-07T20:35:25,reactive_hot_humid_bursty_r1,reactive,hot_humid,bursty,1,35.05,34.75,34.55,32.05,25.0,45.0,60.0,,25.0,0.5,31.93,,,0,trial
2026-07-07T20:35:25,reactive_hot_humid_bursty_r1,reactive,hot_humid,bursty,1,35.054,34.754,34.554,32.054,25.0,45.0,60.0,,25.0,0.5,31.94,,,0,trial
2026-07-07T20:35:25,reactive_hot_humid_bursty_r1,reactive,hot_humid,bursty,1,35.058,34.758,34.558,32.058,25.0,45.0,60.0,,25.0,0.5,31.95,,,0,trial
2026-07-07T20:35:25,reactive_hot_humid_bursty_r1,reactive,hot_humid,bursty,1,35.062,34.762,34.562,32.062,25.0,45.0,60.0,,25.0,0.5,31.96,,,0,trial
2026-07-07T20:35:25,reactive_hot_humid_bursty_r1,reactive,hot_humid,bursty,1,35.067,34.767,34.567,32.067,25.0,45.0,60.0,,25.0,0.5,31.97,,,0,trial
2026-07-07T20:35:25,reactive_hot_humid_bursty_r1,reactive,hot_humid,bursty,1,35.071,34.771,34.571,32.071,25.0,45.0,60.0,,25.0,0.5,31.98,,,0,trial
2026-07-07T20:35:25,reactive_hot_humid_bursty_r1,reactive,hot_humid,bursty,1,35.075,34.775,34.575,32.075,25.0,45.0,60.0,,25.0,0.5,31.99,,,0,trial
2026-07-07T20:35:25,reactive_hot_humid_bursty_r1,reactive,hot_humid,bursty,1,35.079,34.779,34.579,32.079,25.0,45.0,60.0,,25.0,0.5,32.0,,,0,trial
2026-07-07T20:35:25,reactive_hot_humid_bursty_r1,reactive,hot_humid,bursty,1,35.084,34.784,34.584,32.084,25.0,45.0,60.0,,25.0,0.5,32.01,,,0,trial
2026-07-07T20:35:25,reactive_hot_humid_bursty_r1,reactive,hot_humid,bursty,1,35.088,34.788,34.588,32.088,25.0,45.0,60.0,,25.0,0.5,32.02,,,0,trial
2026-07-07T20:35:25,reactive_hot_humid_bursty_r1,reactive,hot_humid,bursty,1,35.092,34.792,34.592,32.092,25.0,45.0,60.0,,25.0,0.5,32.03,,,0,trial
2026-07-07T20:35:25,reactive_hot_humid_bursty_r1,reactive,hot_humid,bursty,1,35.096,34.796,34.596,32.096,25.0,45.0,60.0,,25.0,0.5,32.04,,,0,trial
2026-07-07T20:35:25,reactive_hot_humid_bursty_r1,reactive,hot_humid,bursty,1,35.1,34.8,34.6,32.1,25.0,45.0,60.0,,25.0,0.5,32.04,,,0,trial
2026-07-07T20:35:25,reactive_hot_humid_bursty_r1,reactive,hot_humid,bursty,1,35.105,34.805,34.605,32.105,25.0,45.0,60.0,,25.0,0.5,32.05,,,0,trial
2026-07-07T20:35:25,reactive_hot_humid_bursty_r1,reactive,hot_humid,bursty,1,35.109,34.809,34.609,32.109,25.0,45.0,60.0,,25.0,0.5,32.06,,,0,trial
2026-07-07T20:35:25,reactive_hot_humid_bursty_r1,reactive,hot_humid,bursty,1,35.113,34.813,34.613,32.113,25.0,45.0,60.0,,25.0,0.5,32.07,,,0,trial
2026-07-07T20:35:25,reactive_hot_humid_bursty_r1,reactive,hot_humid,bursty,1,35.117,34.817,34.617,32.117,25.0,45.0,60.0,,25.0,0.5,32.08,,,0,trial
2026-07-07T20:35:25,reactive_hot_humid_bursty_r1,reactive,hot_humid,bursty,1,35.121,34.821,34.621,32.121,25.0,45.0,60.0,,25.0,0.5,32.09,,,0,trial
2026-07-07T20:35:25,reactive_hot_humid_bursty_r1,reactive,hot_humid,bursty,1,35.126,34.826,34.626,32.126,25.0,45.0,60.0,,25.0,0.5,32.1,,,0,trial
2026-07-07T20:35:25,reactive_hot_humid_bursty_r1,reactive,hot_humid,bursty,1,35.13,34.83,34.63,32.13,25.0,45.0,60.0,,25.0,0.5,32.11,,,0,trial
2026-07-07T20:35:25,reactive_hot_humid_bursty_r1,reactive,hot_humid,bursty,1,35.134,34.834,34.634,32.134,25.0,45.0,60.0,,25.0,0.5,32.12,,,0,trial
2026-07-07T20:35:25,reactive_hot_humid_bursty_r1,reactive,hot_humid,bursty,1,35.138,34.838,34.638,32.138,25.0,45.0,60.0,,25.0,0.5,32.13,,,0,trial
2026-07-07T20:35:25,reactive_hot_humid_bursty_r1,reactive,hot_humid,bursty,1,35.142,34.842,34.642,32.142,25.0,45.0,60.0,,25.0,0.5,32.14,,,0,trial
2026-07-07T20:35:25,reactive_hot_humid_bursty_r1,reactive,hot_humid,bursty,1,35.147,34.847,34.647,32.147,25.0,45.0,60.0,,25.0,0.5,32.15,,,0,trial
2026-07-07T20:35:25,reactive_hot_humid_bursty_r1,reactive,hot_humid,bursty,1,35.151,34.851,34.651,32.151,25.0,45.0,60.0,,25.0,0.5,32.16,,,0,trial
2026-07-07T20:35:25,reactive_hot_humid_bursty_r1,reactive,hot_humid,bursty,1,35.155,34.855,34.655,32.155,25.0,45.0,60.0,,25.0,0.5,32.17,,,0,trial
2026-07-07T20:35:25,reactive_hot_humid_bursty_r1,reactive,hot_humid,bursty,1,35.159,34.859,34.659,32.159,25.0,45.0,60.0,,25.0,0.5,32.18,,,0,trial
2026-07-07T20:35:25,reactive_hot_humid_bursty_r1,reactive,hot_humid,bursty,1,35.163,34.863,34.663,32.163,25.0,45.0,60.0,,25.0,0.5,32.19,,,0,trial
2026-07-07T20:35:25,reactive_hot_humid_bursty_r1,reactive,hot_humid,bursty,1,35.168,34.868,34.668,32.168,25.0,45.0,60.0,,25.0,0.5,32.2,,,0,trial
2026-07-07T20:35:25,reactive_hot_humid_bursty_r1,reactive,hot_humid,bursty,1,35.172,34.872,34.672,32.172,25.0,45.0,60.0,,25.0,0.5,32.21,,,0,trial
2026-07-07T20:35:25,reactive_hot_humid_bursty_r1,reactive,hot_humid,bursty,1,35.176,34.876,34.676,32.176,25.0,45.0,60.0,,25.0,0.5,32.22,,,0,trial
2026-07-07T20:35:25,reactive_hot_humid_bursty_r1,reactive,hot_humid,bursty,1,35.18,34.88,34.68,32.18,25.0,45.0,60.0,,25.0,0.5,32.23,,,0,trial
2026-07-07T20:35:25,reactive_hot_humid_bursty_r1,reactive,hot_humid,bursty,1,35.184,34.884,34.684,32.184,25.0,45.0,60.0,,25.0,0.5,32.24,,,0,trial
2026-07-07T20:35:25,reactive_hot_humid_bursty_r1,reactive,hot_humid,bursty,1,35.189,34.889,34.689,32.189,25.0,45.0,60.0,,25.0,0.5,32.25,,,0,trial
2026-07-07T20:35:25,reactive_hot_humid_bursty_r1,reactive,hot_humid,bursty,1,35.193,34.893,34.693,32.193,25.0,45.0,60.0,,25.0,0.5,32.26,,,0,trial
2026-07-07T20:35:25,reactive_hot_humid_bursty_r1,reactive,hot_humid,bursty,1,35.197,34.897,34.697,32.197,25.0,45.0,60.0,,25.0,0.5,32.27,,,0,trial
2026-07-07T20:35:25,reactive_hot_humid_bursty_r1,reactive,hot_humid,bursty,1,35.201,34.901,34.701,32.201,25.0,45.0,60.0,,25.0,0.5,32.28,,,0,trial
2026-07-07T20:35:25,reactive_hot_humid_bursty_r1,reactive,hot_humid,bursty,1,35.205,34.905,34.705,32.205,25.0,45.0,60.0,,25.0,0.5,32.29,,,0,trial
2026-07-07T20:35:25,reactive_hot_humid_bursty_r1,reactive,hot_humid,bursty,1,35.209,34.909,34.709,32.209,25.0,45.0,60.0,,25.0,0.5,32.3,,,0,trial
2026-07-07T20:35:25,reactive_hot_humid_bursty_r1,reactive,hot_humid,bursty,1,35.214,34.914,34.714,32.214,25.0,45.0,60.0,,25.0,0.5,32.31,,,0,trial
2026-07-07T20:35:25,reactive_hot_humid_bursty_r1,reactive,hot_humid,bursty,1,35.218,34.918,34.718,32.218,25.0,45.0,60.0,,25.0,0.5,32.32,,,0,trial
2026-07-07T20:35:25,reactive_hot_humid_bursty_r1,reactive,hot_humid,bursty,1,35.222,34.922,34.722,32.222,25.0,45.0,60.0,,25.0,0.5,32.34,,,0,trial
2026-07-07T20:35:25,reactive_hot_humid_bursty_r1,reactive,hot_humid,bursty,1,35.226,34.926,34.726,32.226,25.0,45.0,60.0,,25.0,0.5,32.35,,,0,trial
2026-07-07T20:35:25,reactive_hot_humid_bursty_r1,reactive,hot_humid,bursty,1,35.23,34.93,34.73,32.23,25.0,45.0,60.0,,25.0,0.5,32.36,,,0,trial
2026-07-07T20:35:25,reactive_hot_humid_bursty_r1,reactive,hot_humid,bursty,1,35.234,34.934,34.734,32.234,25.0,45.0,60.0,,25.0,0.5,32.37,,,0,trial
2026-07-07T20:35:25,reactive_hot_humid_bursty_r1,reactive,hot_humid,bursty,1,35.239,34.939,34.739,32.239,25.0,45.0,60.0,,25.0,0.5,32.38,,,0,trial
2026-07-07T20:35:25,reactive_hot_humid_bursty_r1,reactive,hot_humid,bursty,1,35.243,34.943,34.743,32.243,25.0,45.0,60.0,,25.0,0.5,32.39,,,0,trial
2026-07-07T20:35:25,reactive_hot_humid_bursty_r1,reactive,hot_humid,bursty,1,35.247,34.947,34.747,32.247,25.0,45.0,60.0,,25.0,0.5,32.4,,,0,trial
2026-07-07T20:35:25,reactive_hot_humid_bursty_r1,reactive,hot_humid,bursty,1,35.251,34.951,34.751,32.251,25.0,45.0,60.0,,25.0,0.5,32.41,,,0,trial
2026-07-07T20:35:25,reactive_hot_humid_bursty_r1,reactive,hot_humid,bursty,1,35.255,34.955,34.755,32.255,25.0,45.0,60.0,,25.0,0.5,32.42,,,0,trial
2026-07-07T20:35:25,reactive_hot_humid_bursty_r1,reactive,hot_humid,bursty,1,35.259,34.959,34.759,32.259,25.0,45.0,60.0,,25.0,0.5,32.43,,,0,trial
2026-07-07T20:35:25,reactive_hot_humid_bursty_r1,reactive,hot_humid,bursty,1,35.264,34.964,34.764,32.264,25.0,45.0,60.0,,25.0,0.5,32.44,,,0,trial
2026-07-07T20:35:25,reactive_hot_humid_bursty_r1,reactive,hot_humid,bursty,1,35.268,34.968,34.768,32.268,25.0,45.0,60.0,,25.0,0.5,32.45,,,0,trial
2026-07-07T20:35:25,reactive_hot_humid_bursty_r1,reactive,hot_humid,bursty,1,35.272,34.972,34.772,32.272,25.0,45.0,60.0,,25.0,0.5,32.46,,,0,trial
2026-07-07T20:35:25,reactive_hot_humid_bursty_r1,reactive,hot_humid,bursty,1,35.276,34.976,34.776,32.276,25.0,45.0,60.0,,25.0,0.5,32.47,,,0,trial
2026-07-07T20:35:25,reactive_hot_humid_bursty_r1,reactive,hot_humid,bursty,1,35.28,34.98,34.78,32.28,25.0,45.0,60.0,,25.0,0.5,32.48,,,0,trial
2026-07-07T20:35:25,reactive_hot_humid_bursty_r1,reactive,hot_humid,bursty,1,35.284,34.984,34.784,32.284,25.0,45.0,60.0,,25.0,0.5,32.49,,,0,trial
2026-07-07T20:35:25,reactive_hot_humid_bursty_r1,reactive,hot_humid,bursty,1,35.288,34.988,34.788,32.288,25.0,45.0,60.0,,25.0,0.5,32.51,,,0,trial
2026-07-07T20:35:25,reactive_hot_humid_bursty_r1,reactive,hot_humid,bursty,1,35.293,34.993,34.793,32.293,25.0,45.0,60.0,,25.0,0.5,32.52,,,0,trial
2026-07-07T20:35:25,reactive_hot_humid_bursty_r1,reactive,hot_humid,bursty,1,35.297,34.997,34.797,32.297,25.0,45.0,60.0,,25.0,0.5,32.53,,,0,trial
2026-07-07T20:35:25,reactive_hot_humid_bursty_r1,reactive,hot_humid,bursty,1,35.301,35.001,34.801,32.301,25.0,45.0,60.0,,25.0,0.5,32.54,,,0,trial
2026-07-07T20:35:25,reactive_hot_humid_bursty_r1,reactive,hot_humid,bursty,1,35.305,35.005,34.805,32.305,25.0,45.0,60.0,,25.0,0.5,32.55,,,0,trial
2026-07-07T20:35:25,reactive_hot_humid_bursty_r1,reactive,hot_humid,bursty,1,35.309,35.009,34.809,32.309,25.0,45.0,60.0,,25.0,0.5,32.56,,,0,trial
2026-07-07T20:35:25,reactive_hot_humid_bursty_r1,reactive,hot_humid,bursty,1,35.313,35.013,34.813,32.313,25.0,45.0,60.0,,25.0,0.5,32.57,,,0,trial
2026-07-07T20:35:25,reactive_hot_humid_bursty_r1,reactive,hot_humid,bursty,1,35.317,35.017,34.817,32.317,25.0,45.0,60.0,,25.0,0.5,32.58,,,0,trial
2026-07-07T20:35:25,reactive_hot_humid_bursty_r1,reactive,hot_humid,bursty,1,35.322,35.022,34.822,32.322,25.0,45.0,60.0,,25.0,0.5,32.59,,,0,trial
2026-07-07T20:35:25,reactive_hot_humid_bursty_r1,reactive,hot_humid,bursty,1,35.326,35.026,34.826,32.326,25.0,45.0,60.0,,25.0,0.5,32.6,,,0,trial
2026-07-07T20:35:25,reactive_hot_humid_bursty_r1,reactive,hot_humid,bursty,1,35.33,35.03,34.83,32.33,25.0,45.0,60.0,,25.0,0.5,32.61,,,0,trial
2026-07-07T20:35:25,reactive_hot_humid_bursty_r1,reactive,hot_humid,bursty,1,35.334,35.034,34.834,32.334,25.0,45.0,60.0,,25.0,0.5,32.63,,,0,trial
2026-07-07T20:35:25,reactive_hot_humid_bursty_r1,reactive,hot_humid,bursty,1,35.338,35.038,34.838,32.338,25.0,45.0,60.0,,25.0,0.5,32.64,,,0,trial
2026-07-07T20:35:25,reactive_hot_humid_bursty_r1,reactive,hot_humid,bursty,1,35.342,35.042,34.842,32.342,25.0,45.0,60.0,,25.0,0.5,32.65,,,0,trial
2026-07-07T20:35:25,reactive_hot_humid_bursty_r1,reactive,hot_humid,bursty,1,35.346,35.046,34.846,32.346,25.0,45.0,60.0,,25.0,0.5,32.66,,,0,trial
2026-07-07T20:35:25,reactive_hot_humid_bursty_r1,reactive,hot_humid,bursty,1,35.35,35.05,34.85,32.35,25.0,45.0,60.0,,25.0,0.5,32.67,,,0,trial
2026-07-07T20:35:25,reactive_hot_humid_bursty_r1,reactive,hot_humid,bursty,1,35.355,35.055,34.855,32.355,25.0,45.0,60.0,,25.0,0.5,32.68,,,0,trial
2026-07-07T20:35:25,reactive_hot_humid_bursty_r1,reactive,hot_humid,bursty,1,35.359,35.059,34.859,32.359,25.0,45.0,60.0,,25.0,0.5,32.69,,,0,trial
2026-07-07T20:35:25,reactive_hot_humid_bursty_r1,reactive,hot_humid,bursty,1,35.363,35.063,34.863,32.363,25.0,45.0,60.0,,25.0,0.5,32.7,,,0,trial
2026-07-07T20:35:25,reactive_hot_humid_bursty_r1,reactive,hot_humid,bursty,1,35.367,35.067,34.867,32.367,25.0,45.0,60.0,,25.0,0.5,32.72,,,0,trial
2026-07-07T20:35:25,reactive_hot_humid_bursty_r1,reactive,hot_humid,bursty,1,35.371,35.071,34.871,32.371,25.0,45.0,60.0,,25.0,0.5,32.73,,,0,trial
2026-07-07T20:35:25,reactive_hot_humid_bursty_r1,reactive,hot_humid,bursty,1,35.375,35.075,34.875,32.375,25.0,45.0,60.0,,25.0,0.5,32.74,,,0,trial
2026-07-07T20:35:25,reactive_hot_humid_bursty_r1,reactive,hot_humid,bursty,1,35.379,35.079,34.879,32.379,25.0,45.0,60.0,,25.0,0.5,32.75,,,0,trial
2026-07-07T20:35:25,reactive_hot_humid_bursty_r1,reactive,hot_humid,bursty,1,35.383,35.083,34.883,32.383,25.0,45.0,60.0,,25.0,0.5,32.76,,,0,trial
2026-07-07T20:35:25,reactive_hot_humid_bursty_r1,reactive,hot_humid,bursty,1,35.387,35.087,34.887,32.387,25.0,45.0,60.0,,25.0,0.5,32.77,,,0,trial
2026-07-07T20:35:25,reactive_hot_humid_bursty_r1,reactive,hot_humid,bursty,1,35.394,35.094,34.894,32.394,25.0,45.0,60.0,,0.0,0.0,32.78,,,0,trial
2026-07-07T20:35:25,reactive_hot_humid_bursty_r1,reactive,hot_humid,bursty,1,35.401,35.101,34.901,32.401,25.0,45.0,60.0,,0.0,0.0,32.8,,,0,trial
2026-07-07T20:35:25,reactive_hot_humid_bursty_r1,reactive,hot_humid,bursty,1,35.408,35.108,34.908,32.408,25.0,45.0,60.0,,0.0,0.0,32.81,,,0,trial
2026-07-07T20:35:25,reactive_hot_humid_bursty_r1,reactive,hot_humid,bursty,1,35.415,35.115,34.915,32.415,25.0,45.0,60.0,,0.0,0.0,32.82,,,0,trial
2026-07-07T20:35:25,reactive_hot_humid_bursty_r1,reactive,hot_humid,bursty,1,35.421,35.121,34.921,32.421,25.0,45.0,60.0,,0.0,0.0,32.83,,,0,trial
2026-07-07T20:35:25,reactive_hot_humid_bursty_r1,reactive,hot_humid,bursty,1,35.428,35.128,34.928,32.428,25.0,45.0,60.0,,0.0,0.0,32.84,,,0,trial
2026-07-07T20:35:25,reactive_hot_humid_bursty_r1,reactive,hot_humid,bursty,1,35.435,35.135,34.935,32.435,25.0,45.0,60.0,,0.0,0.0,32.85,,,0,trial
2026-07-07T20:35:25,reactive_hot_humid_bursty_r1,reactive,hot_humid,bursty,1,35.442,35.142,34.942,32.442,25.0,45.0,60.0,,0.0,0.0,32.86,,,0,trial
2026-07-07T20:35:25,reactive_hot_humid_bursty_r1,reactive,hot_humid,bursty,1,35.449,35.149,34.949,32.449,25.0,45.0,60.0,,0.0,0.0,32.88,,,0,trial
2026-07-07T20:35:25,reactive_hot_humid_bursty_r1,reactive,hot_humid,bursty,1,35.455,35.155,34.955,32.455,25.0,45.0,60.0,,0.0,0.0,32.89,,,0,trial
2026-07-07T20:35:25,reactive_hot_humid_bursty_r1,reactive,hot_humid,bursty,1,35.462,35.162,34.962,32.462,25.0,45.0,60.0,,0.0,0.0,32.9,,,0,trial
2026-07-07T20:35:25,reactive_hot_humid_bursty_r1,reactive,hot_humid,bursty,1,35.469,35.169,34.969,32.469,25.0,45.0,60.0,,0.0,0.0,32.91,,,0,trial
2026-07-07T20:35:25,reactive_hot_humid_bursty_r1,reactive,hot_humid,bursty,1,35.476,35.176,34.976,32.476,25.0,45.0,60.0,,0.0,0.0,32.92,,,0,trial
2026-07-07T20:35:25,reactive_hot_humid_bursty_r1,reactive,hot_humid,bursty,1,35.483,35.183,34.983,32.483,25.0,45.0,60.0,,0.0,0.0,32.93,,,0,trial
2026-07-07T20:35:25,reactive_hot_humid_bursty_r1,reactive,hot_humid,bursty,1,35.489,35.189,34.989,32.489,25.0,45.0,60.0,,0.0,0.0,32.95,,,0,trial
2026-07-07T20:35:25,reactive_hot_humid_bursty_r1,reactive,hot_humid,bursty,1,35.496,35.196,34.996,32.496,25.0,45.0,60.0,,0.0,0.0,32.96,,,0,trial
2026-07-07T20:35:25,reactive_hot_humid_bursty_r1,reactive,hot_humid,bursty,1,35.503,35.203,35.003,32.503,25.0,45.0,60.0,,0.0,0.0,32.97,,,0,trial
2026-07-07T20:35:25,reactive_hot_humid_bursty_r1,reactive,hot_humid,bursty,1,35.51,35.21,35.01,32.51,25.0,45.0,60.0,,0.0,0.0,32.98,,,0,trial
2026-07-07T20:35:25,reactive_hot_humid_bursty_r1,reactive,hot_humid,bursty,1,35.517,35.217,35.017,32.517,25.0,45.0,60.0,,0.0,0.0,32.99,,,0,trial
2026-07-07T20:35:25,reactive_hot_humid_bursty_r1,reactive,hot_humid,bursty,1,35.523,35.223,35.023,32.523,25.0,45.0,60.0,,0.0,0.0,33.01,,,0,trial
2026-07-07T20:35:25,reactive_hot_humid_bursty_r1,reactive,hot_humid,bursty,1,35.53,35.23,35.03,32.53,25.0,45.0,60.0,,0.0,0.0,33.02,,,0,trial
2026-07-07T20:35:25,reactive_hot_humid_bursty_r1,reactive,hot_humid,bursty,1,35.537,35.237,35.037,32.537,25.0,45.0,60.0,,0.0,0.0,33.03,,,0,trial
2026-07-07T20:35:25,reactive_hot_humid_bursty_r1,reactive,hot_humid,bursty,1,35.544,35.244,35.044,32.544,25.0,45.0,60.0,,0.0,0.0,33.04,,,0,trial
2026-07-07T20:35:25,reactive_hot_humid_bursty_r1,reactive,hot_humid,bursty,1,35.551,35.251,35.051,32.551,25.0,45.0,60.0,,0.0,0.0,33.05,,,0,trial
2026-07-07T20:35:25,reactive_hot_humid_bursty_r1,reactive,hot_humid,bursty,1,35.557,35.257,35.057,32.557,25.0,45.0,60.0,,0.0,0.0,33.07,,,0,trial
2026-07-07T20:35:25,reactive_hot_humid_bursty_r1,reactive,hot_humid,bursty,1,35.564,35.264,35.064,32.564,25.0,45.0,60.0,,0.0,0.0,33.08,,,0,trial
2026-07-07T20:35:25,reactive_hot_humid_bursty_r1,reactive,hot_humid,bursty,1,35.571,35.271,35.071,32.571,25.0,45.0,60.0,,0.0,0.0,33.09,,,0,trial
2026-07-07T20:35:25,reactive_hot_humid_bursty_r1,reactive,hot_humid,bursty,1,35.578,35.278,35.078,32.578,25.0,45.0,60.0,,0.0,0.0,33.1,,,0,trial
2026-07-07T20:35:25,reactive_hot_humid_bursty_r1,reactive,hot_humid,bursty,1,35.584,35.284,35.084,32.584,25.0,45.0,60.0,,0.0,0.0,33.11,,,0,trial
2026-07-07T20:35:25,reactive_hot_humid_bursty_r1,reactive,hot_humid,bursty,1,35.591,35.291,35.091,32.591,25.0,45.0,60.0,,0.0,0.0,33.13,,,0,trial
2026-07-07T20:35:25,reactive_hot_humid_bursty_r1,reactive,hot_humid,bursty,1,35.595,35.295,35.095,32.595,25.0,45.0,60.0,,25.0,0.5,33.14,,,0,trial
2026-07-07T20:35:25,reactive_hot_humid_bursty_r1,reactive,hot_humid,bursty,1,35.599,35.299,35.099,32.599,25.0,45.0,60.0,,25.0,0.5,33.15,,,0,trial
2026-07-07T20:35:25,reactive_hot_humid_bursty_r1,reactive,hot_humid,bursty,1,35.603,35.303,35.103,32.603,25.0,45.0,60.0,,25.0,0.5,33.16,,,0,trial
2026-07-07T20:35:25,reactive_hot_humid_bursty_r1,reactive,hot_humid,bursty,1,35.607,35.307,35.107,32.607,25.0,45.0,60.0,,25.0,0.5,33.17,,,0,trial
2026-07-07T20:35:25,reactive_hot_humid_bursty_r1,reactive,hot_humid,bursty,1,35.611,35.311,35.111,32.611,25.0,45.0,60.0,,25.0,0.5,33.19,,,0,trial
2026-07-07T20:35:25,reactive_hot_humid_bursty_r1,reactive,hot_humid,bursty,1,35.615,35.315,35.115,32.615,25.0,45.0,60.0,,25.0,0.5,33.2,,,0,trial
2026-07-07T20:35:25,reactive_hot_humid_bursty_r1,reactive,hot_humid,bursty,1,35.619,35.319,35.119,32.619,25.0,45.0,60.0,,25.0,0.5,33.21,,,0,trial
2026-07-07T20:35:25,reactive_hot_humid_bursty_r1,reactive,hot_humid,bursty,1,35.623,35.323,35.123,32.623,25.0,45.0,60.0,,25.0,0.5,33.22,,,0,trial
2026-07-07T20:35:25,reactive_hot_humid_bursty_r1,reactive,hot_humid,bursty,1,35.627,35.327,35.127,32.627,25.0,45.0,60.0,,25.0,0.5,33.24,,,0,trial
2026-07-07T20:35:25,reactive_hot_humid_bursty_r1,reactive,hot_humid,bursty,1,35.632,35.332,35.132,32.632,25.0,45.0,60.0,,25.0,0.5,33.25,,,0,trial
2026-07-07T20:35:25,reactive_hot_humid_bursty_r1,reactive,hot_humid,bursty,1,35.636,35.336,35.136,32.636,25.0,45.0,60.0,,25.0,0.5,33.26,,,0,trial
2026-07-07T20:35:25,reactive_hot_humid_bursty_r1,reactive,hot_humid,bursty,1,35.64,35.34,35.14,32.64,25.0,45.0,60.0,,25.0,0.5,33.27,,,0,trial
2026-07-07T20:35:25,reactive_hot_humid_bursty_r1,reactive,hot_humid,bursty,1,35.644,35.344,35.144,32.644,25.0,45.0,60.0,,25.0,0.5,33.28,,,0,trial
2026-07-07T20:35:25,reactive_hot_humid_bursty_r1,reactive,hot_humid,bursty,1,35.648,35.348,35.148,32.648,25.0,45.0,60.0,,25.0,0.5,33.3,,,0,trial
2026-07-07T20:35:25,reactive_hot_humid_bursty_r1,reactive,hot_humid,bursty,1,35.652,35.352,35.152,32.652,25.0,45.0,60.0,,25.0,0.5,33.31,,,0,trial
2026-07-07T20:35:25,reactive_hot_humid_bursty_r1,reactive,hot_humid,bursty,1,35.656,35.356,35.156,32.656,25.0,45.0,60.0,,25.0,0.5,33.32,,,0,trial
2026-07-07T20:35:25,reactive_hot_humid_bursty_r1,reactive,hot_humid,bursty,1,35.66,35.36,35.16,32.66,25.0,45.0,60.0,,25.0,0.5,33.33,,,0,trial
2026-07-07T20:35:25,reactive_hot_humid_bursty_r1,reactive,hot_humid,bursty,1,35.664,35.364,35.164,32.664,25.0,45.0,60.0,,25.0,0.5,33.35,,,0,trial
2026-07-07T20:35:25,reactive_hot_humid_bursty_r1,reactive,hot_humid,bursty,1,35.668,35.368,35.168,32.668,25.0,45.0,60.0,,25.0,0.5,33.36,,,0,trial
2026-07-07T20:35:25,reactive_hot_humid_bursty_r1,reactive,hot_humid,bursty,1,35.672,35.372,35.172,32.672,25.0,45.0,60.0,,25.0,0.5,33.37,,,0,trial
2026-07-07T20:35:25,reactive_hot_humid_bursty_r1,reactive,hot_humid,bursty,1,35.676,35.376,35.176,32.676,25.0,45.0,60.0,,25.0,0.5,33.38,,,0,trial
2026-07-07T20:35:25,reactive_hot_humid_bursty_r1,reactive,hot_humid,bursty,1,35.68,35.38,35.18,32.68,25.0,45.0,60.0,,25.0,0.5,33.4,,,0,trial
2026-07-07T20:35:25,reactive_hot_humid_bursty_r1,reactive,hot_humid,bursty,1,35.684,35.384,35.184,32.684,25.0,45.0,60.0,,25.0,0.5,33.41,,,0,trial
2026-07-07T20:35:25,reactive_hot_humid_bursty_r1,reactive,hot_humid,bursty,1,35.688,35.388,35.188,32.688,25.0,45.0,60.0,,25.0,0.5,33.42,,,0,trial
2026-07-07T20:35:25,reactive_hot_humid_bursty_r1,reactive,hot_humid,bursty,1,35.692,35.392,35.192,32.692,25.0,45.0,60.0,,25.0,0.5,33.43,,,0,trial
2026-07-07T20:35:25,reactive_hot_humid_bursty_r1,reactive,hot_humid,bursty,1,35.696,35.396,35.196,32.696,25.0,45.0,60.0,,25.0,0.5,33.45,,,0,trial
2026-07-07T20:35:25,reactive_hot_humid_bursty_r1,reactive,hot_humid,bursty,1,35.7,35.4,35.2,32.7,25.0,45.0,60.0,,25.0,0.5,33.46,,,0,trial
2026-07-07T20:35:25,reactive_hot_humid_bursty_r1,reactive,hot_humid,bursty,1,35.704,35.404,35.204,32.704,25.0,45.0,60.0,,25.0,0.5,33.47,,,0,trial
2026-07-07T20:35:25,reactive_hot_humid_bursty_r1,reactive,hot_humid,bursty,1,35.708,35.408,35.208,32.708,25.0,45.0,60.0,,25.0,0.5,33.48,,,0,trial
2026-07-07T20:35:25,reactive_hot_humid_bursty_r1,reactive,hot_humid,bursty,1,35.722,35.422,35.222,32.722,25.0,45.0,140.0,,25.0,0.5,33.5,,,0,trial
2026-07-07T20:35:25,reactive_hot_humid_bursty_r1,reactive,hot_humid,bursty,1,35.732,35.432,35.232,32.732,25.0,45.0,140.0,,100.0,2.0,33.51,,,0,trial
2026-07-07T20:35:25,reactive_hot_humid_bursty_r1,reactive,hot_humid,bursty,1,35.742,35.442,35.242,32.742,25.0,45.0,140.0,,100.0,2.0,33.52,,,0,trial
2026-07-07T20:35:25,reactive_hot_humid_bursty_r1,reactive,hot_humid,bursty,1,35.752,35.452,35.252,32.752,25.0,45.0,140.0,,100.0,2.0,33.53,,,0,trial
2026-07-07T20:35:25,reactive_hot_humid_bursty_r1,reactive,hot_humid,bursty,1,35.762,35.462,35.262,32.762,25.0,45.0,140.0,,100.0,2.0,33.55,,,0,trial
2026-07-07T20:35:25,reactive_hot_humid_bursty_r1,reactive,hot_humid,bursty,1,35.772,35.472,35.272,32.772,25.0,45.0,140.0,,100.0,2.0,33.56,,,0,trial
2026-07-07T20:35:25,reactive_hot_humid_bursty_r1,reactive,hot_humid,bursty,1,35.782,35.482,35.282,32.782,25.0,45.0,140.0,,100.0,2.0,33.57,,,0,trial
2026-07-07T20:35:25,reactive_hot_humid_bursty_r1,reactive,hot_humid,bursty,1,35.792,35.492,35.292,32.792,25.0,45.0,140.0,,100.0,2.0,33.58,,,0,trial
2026-07-07T20:35:25,reactive_hot_humid_bursty_r1,reactive,hot_humid,bursty,1,35.802,35.502,35.302,32.802,25.0,45.0,140.0,,100.0,2.0,33.6,,,0,trial
2026-07-07T20:35:25,reactive_hot_humid_bursty_r1,reactive,hot_humid,bursty,1,35.811,35.511,35.311,32.811,25.0,45.0,140.0,,100.0,2.0,33.61,,,0,trial
2026-07-07T20:35:25,reactive_hot_humid_bursty_r1,reactive,hot_humid,bursty,1,35.821,35.521,35.321,32.821,25.0,45.0,140.0,,100.0,2.0,33.62,,,0,trial
2026-07-07T20:35:25,reactive_hot_humid_bursty_r1,reactive,hot_humid,bursty,1,35.831,35.531,35.331,32.831,25.0,45.0,140.0,,100.0,2.0,33.64,,,0,trial
2026-07-07T20:35:25,reactive_hot_humid_bursty_r1,reactive,hot_humid,bursty,1,35.841,35.541,35.341,32.841,25.0,45.0,140.0,,100.0,2.0,33.65,,,0,trial
2026-07-07T20:35:25,reactive_hot_humid_bursty_r1,reactive,hot_humid,bursty,1,35.851,35.551,35.351,32.851,25.0,45.0,140.0,,100.0,2.0,33.66,,,0,trial
2026-07-07T20:35:25,reactive_hot_humid_bursty_r1,reactive,hot_humid,bursty,1,35.861,35.561,35.361,32.861,25.0,45.0,140.0,,100.0,2.0,33.67,,,0,trial
2026-07-07T20:35:25,reactive_hot_humid_bursty_r1,reactive,hot_humid,bursty,1,35.871,35.571,35.371,32.871,25.0,45.0,140.0,,100.0,2.0,33.69,,,0,trial
2026-07-07T20:35:25,reactive_hot_humid_bursty_r1,reactive,hot_humid,bursty,1,35.88,35.58,35.38,32.88,25.0,45.0,140.0,,100.0,2.0,33.7,,,0,trial
2026-07-07T20:35:25,reactive_hot_humid_bursty_r1,reactive,hot_humid,bursty,1,35.89,35.59,35.39,32.89,25.0,45.0,140.0,,100.0,2.0,33.71,,,0,trial
2026-07-07T20:35:25,reactive_hot_humid_bursty_r1,reactive,hot_humid,bursty,1,35.9,35.6,35.4,32.9,25.0,45.0,140.0,,100.0,2.0,33.73,,,0,trial
2026-07-07T20:35:25,reactive_hot_humid_bursty_r1,reactive,hot_humid,bursty,1,35.91,35.61,35.41,32.91,25.0,45.0,140.0,,100.0,2.0,33.74,,,0,trial
2026-07-07T20:35:25,reactive_hot_humid_bursty_r1,reactive,hot_humid,bursty,1,35.92,35.62,35.42,32.92,25.0,45.0,140.0,,100.0,2.0,33.75,,,0,trial
2026-07-07T20:35:25,reactive_hot_humid_bursty_r1,reactive,hot_humid,bursty,1,35.93,35.63,35.43,32.93,25.0,45.0,140.0,,100.0,2.0,33.76,,,0,trial
2026-07-07T20:35:25,reactive_hot_humid_bursty_r1,reactive,hot_humid,bursty,1,35.939,35.639,35.439,32.939,25.0,45.0,140.0,,100.0,2.0,33.78,,,0,trial
2026-07-07T20:35:25,reactive_hot_humid_bursty_r1,reactive,hot_humid,bursty,1,35.949,35.649,35.449,32.949,25.0,45.0,140.0,,100.0,2.0,33.79,,,0,trial
2026-07-07T20:35:25,reactive_hot_humid_bursty_r1,reactive,hot_humid,bursty,1,35.959,35.659,35.459,32.959,25.0,45.0,140.0,,100.0,2.0,33.8,,,0,trial
2026-07-07T20:35:25,reactive_hot_humid_bursty_r1,reactive,hot_humid,bursty,1,35.969,35.669,35.469,32.969,25.0,45.0,140.0,,100.0,2.0,33.82,,,0,trial
2026-07-07T20:35:25,reactive_hot_humid_bursty_r1,reactive,hot_humid,bursty,1,35.978,35.678,35.478,32.978,25.0,45.0,140.0,,100.0,2.0,33.83,,,0,trial
2026-07-07T20:35:25,reactive_hot_humid_bursty_r1,reactive,hot_humid,bursty,1,35.988,35.688,35.488,32.988,25.0,45.0,140.0,,100.0,2.0,33.84,,,0,trial
2026-07-07T20:35:25,reactive_hot_humid_bursty_r1,reactive,hot_humid,bursty,1,35.998,35.698,35.498,32.998,25.0,45.0,140.0,,100.0,2.0,33.85,,,0,trial
2026-07-07T20:35:25,reactive_hot_humid_bursty_r1,reactive,hot_humid,bursty,1,36.008,35.708,35.508,33.008,25.0,45.0,140.0,,100.0,2.0,33.87,,,0,trial
2026-07-07T20:35:25,reactive_hot_humid_bursty_r1,reactive,hot_humid,bursty,1,36.017,35.717,35.517,33.017,25.0,45.0,140.0,,100.0,2.0,33.88,,,0,trial
2026-07-07T20:35:25,reactive_hot_humid_bursty_r1,reactive,hot_humid,bursty,1,36.027,35.727,35.527,33.027,25.0,45.0,140.0,,100.0,2.0,33.89,,,0,trial
2026-07-07T20:35:25,reactive_hot_humid_bursty_r1,reactive,hot_humid,bursty,1,36.037,35.737,35.537,33.037,25.0,45.0,140.0,,100.0,2.0,33.91,,,0,trial
2026-07-07T20:35:25,reactive_hot_humid_bursty_r1,reactive,hot_humid,bursty,1,36.047,35.747,35.547,33.047,25.0,45.0,140.0,,100.0,2.0,33.92,,,0,trial
2026-07-07T20:35:25,reactive_hot_humid_bursty_r1,reactive,hot_humid,bursty,1,36.056,35.756,35.556,33.056,25.0,45.0,140.0,,100.0,2.0,33.93,,,0,trial
2026-07-07T20:35:25,reactive_hot_humid_bursty_r1,reactive,hot_humid,bursty,1,36.066,35.766,35.566,33.066,25.0,45.0,140.0,,100.0,2.0,33.94,,,0,trial
2026-07-07T20:35:25,reactive_hot_humid_bursty_r1,reactive,hot_humid,bursty,1,36.076,35.776,35.576,33.076,25.0,45.0,140.0,,100.0,2.0,33.96,,,0,trial
2026-07-07T20:35:25,reactive_hot_humid_bursty_r1,reactive,hot_humid,bursty,1,36.085,35.785,35.585,33.085,25.0,45.0,140.0,,100.0,2.0,33.97,,,0,trial
2026-07-07T20:35:25,reactive_hot_humid_bursty_r1,reactive,hot_humid,bursty,1,36.095,35.795,35.595,33.095,25.0,45.0,140.0,,100.0,2.0,33.98,,,0,trial
2026-07-07T20:35:25,reactive_hot_humid_bursty_r1,reactive,hot_humid,bursty,1,36.105,35.805,35.605,33.105,25.0,45.0,140.0,,100.0,2.0,34.0,,,0,trial
2026-07-07T20:35:25,reactive_hot_humid_bursty_r1,reactive,hot_humid,bursty,1,36.114,35.814,35.614,33.114,25.0,45.0,140.0,,100.0,2.0,34.01,,,0,trial
2026-07-07T20:35:25,reactive_hot_humid_bursty_r1,reactive,hot_humid,bursty,1,36.124,35.824,35.624,33.124,25.0,45.0,140.0,,100.0,2.0,34.02,,,0,trial
2026-07-07T20:35:25,reactive_hot_humid_bursty_r1,reactive,hot_humid,bursty,1,36.134,35.834,35.634,33.134,25.0,45.0,140.0,,100.0,2.0,34.04,,,0,trial
2026-07-07T20:35:25,reactive_hot_humid_bursty_r1,reactive,hot_humid,bursty,1,36.143,35.843,35.643,33.143,25.0,45.0,140.0,,100.0,2.0,34.05,,,0,trial
2026-07-07T20:35:25,reactive_hot_humid_bursty_r1,reactive,hot_humid,bursty,1,36.153,35.853,35.653,33.153,25.0,45.0,140.0,,100.0,2.0,34.06,,,0,trial
2026-07-07T20:35:25,reactive_hot_humid_bursty_r1,reactive,hot_humid,bursty,1,36.162,35.862,35.662,33.162,25.0,45.0,140.0,,100.0,2.0,34.07,,,0,trial
2026-07-07T20:35:25,reactive_hot_humid_bursty_r1,reactive,hot_humid,bursty,1,36.172,35.872,35.672,33.172,25.0,45.0,140.0,,100.0,2.0,34.09,,,0,trial
2026-07-07T20:35:25,reactive_hot_humid_bursty_r1,reactive,hot_humid,bursty,1,36.182,35.882,35.682,33.182,25.0,45.0,140.0,,100.0,2.0,34.1,,,0,trial
2026-07-07T20:35:25,reactive_hot_humid_bursty_r1,reactive,hot_humid,bursty,1,36.191,35.891,35.691,33.191,25.0,45.0,140.0,,100.0,2.0,34.11,,,0,trial
2026-07-07T20:35:25,reactive_hot_humid_bursty_r1,reactive,hot_humid,bursty,1,36.201,35.901,35.701,33.201,25.0,45.0,140.0,,100.0,2.0,34.13,,,0,trial
2026-07-07T20:35:25,reactive_hot_humid_bursty_r1,reactive,hot_humid,bursty,1,36.21,35.91,35.71,33.21,25.0,45.0,140.0,,100.0,2.0,34.14,,,0,trial
2026-07-07T20:35:25,reactive_hot_humid_bursty_r1,reactive,hot_humid,bursty,1,36.22,35.92,35.72,33.22,25.0,45.0,140.0,,100.0,2.0,34.15,,,0,trial
2026-07-07T20:35:25,reactive_hot_humid_bursty_r1,reactive,hot_humid,bursty,1,36.23,35.93,35.73,33.23,25.0,45.0,140.0,,100.0,2.0,34.17,,,0,trial
2026-07-07T20:35:25,reactive_hot_humid_bursty_r1,reactive,hot_humid,bursty,1,36.239,35.939,35.739,33.239,25.0,45.0,140.0,,100.0,2.0,34.18,,,0,trial
2026-07-07T20:35:25,reactive_hot_humid_bursty_r1,reactive,hot_humid,bursty,1,36.249,35.949,35.749,33.249,25.0,45.0,140.0,,100.0,2.0,34.19,,,0,trial
2026-07-07T20:35:25,reactive_hot_humid_bursty_r1,reactive,hot_humid,bursty,1,36.258,35.958,35.758,33.258,25.0,45.0,140.0,,100.0,2.0,34.21,,,0,trial
2026-07-07T20:35:25,reactive_hot_humid_bursty_r1,reactive,hot_humid,bursty,1,36.268,35.968,35.768,33.268,25.0,45.0,140.0,,100.0,2.0,34.22,,,0,trial
2026-07-07T20:35:25,reactive_hot_humid_bursty_r1,reactive,hot_humid,bursty,1,36.277,35.977,35.777,33.277,25.0,45.0,140.0,,100.0,2.0,34.23,,,0,trial
2026-07-07T20:35:25,reactive_hot_humid_bursty_r1,reactive,hot_humid,bursty,1,36.287,35.987,35.787,33.287,25.0,45.0,140.0,,100.0,2.0,34.24,,,0,trial
2026-07-07T20:35:25,reactive_hot_humid_bursty_r1,reactive,hot_humid,bursty,1,36.296,35.996,35.796,33.296,25.0,45.0,140.0,,100.0,2.0,34.26,,,0,trial
2026-07-07T20:35:25,reactive_hot_humid_bursty_r1,reactive,hot_humid,bursty,1,36.306,36.006,35.806,33.306,25.0,45.0,140.0,,100.0,2.0,34.27,,,0,trial
2026-07-07T20:35:25,reactive_hot_humid_bursty_r1,reactive,hot_humid,bursty,1,36.315,36.015,35.815,33.315,25.0,45.0,140.0,,100.0,2.0,34.28,,,0,trial
2026-07-07T20:35:25,reactive_hot_humid_bursty_r1,reactive,hot_humid,bursty,1,36.325,36.025,35.825,33.325,25.0,45.0,140.0,,100.0,2.0,34.3,,,0,trial
2026-07-07T20:35:25,reactive_hot_humid_bursty_r1,reactive,hot_humid,bursty,1,36.334,36.034,35.834,33.334,25.0,45.0,140.0,,100.0,2.0,34.31,,,0,trial
2026-07-07T20:35:25,reactive_hot_humid_bursty_r1,reactive,hot_humid,bursty,1,36.344,36.044,35.844,33.344,25.0,45.0,140.0,,100.0,2.0,34.32,,,0,trial
2026-07-07T20:35:25,reactive_hot_humid_bursty_r1,reactive,hot_humid,bursty,1,36.353,36.053,35.853,33.353,25.0,45.0,140.0,,100.0,2.0,34.34,,,0,trial
2026-07-07T20:35:25,reactive_hot_humid_bursty_r1,reactive,hot_humid,bursty,1,36.363,36.063,35.863,33.363,25.0,45.0,140.0,,100.0,2.0,34.35,,,0,trial
2026-07-07T20:35:25,reactive_hot_humid_bursty_r1,reactive,hot_humid,bursty,1,36.372,36.072,35.872,33.372,25.0,45.0,140.0,,100.0,2.0,34.36,,,0,trial
2026-07-07T20:35:25,reactive_hot_humid_bursty_r1,reactive,hot_humid,bursty,1,36.382,36.082,35.882,33.382,25.0,45.0,140.0,,100.0,2.0,34.38,,,0,trial
2026-07-07T20:35:25,reactive_hot_humid_bursty_r1,reactive,hot_humid,bursty,1,36.391,36.091,35.891,33.391,25.0,45.0,140.0,,100.0,2.0,34.39,,,0,trial
2026-07-07T20:35:25,reactive_hot_humid_bursty_r1,reactive,hot_humid,bursty,1,36.4,36.1,35.9,33.4,25.0,45.0,140.0,,100.0,2.0,34.4,,,0,trial
2026-07-07T20:35:25,reactive_hot_humid_bursty_r1,reactive,hot_humid,bursty,1,36.41,36.11,35.91,33.41,25.0,45.0,140.0,,100.0,2.0,34.41,,,0,trial
2026-07-07T20:35:25,reactive_hot_humid_bursty_r1,reactive,hot_humid,bursty,1,36.419,36.119,35.919,33.419,25.0,45.0,140.0,,100.0,2.0,34.43,,,0,trial
2026-07-07T20:35:25,reactive_hot_humid_bursty_r1,reactive,hot_humid,bursty,1,36.429,36.129,35.929,33.429,25.0,45.0,140.0,,100.0,2.0,34.44,,,0,trial
2026-07-07T20:35:25,reactive_hot_humid_bursty_r1,reactive,hot_humid,bursty,1,36.438,36.138,35.938,33.438,25.0,45.0,140.0,,100.0,2.0,34.45,,,0,trial
2026-07-07T20:35:25,reactive_hot_humid_bursty_r1,reactive,hot_humid,bursty,1,36.447,36.147,35.947,33.447,25.0,45.0,140.0,,100.0,2.0,34.47,,,0,trial
2026-07-07T20:35:25,reactive_hot_humid_bursty_r1,reactive,hot_humid,bursty,1,36.457,36.157,35.957,33.457,25.0,45.0,140.0,,100.0,2.0,34.48,,,0,trial
2026-07-07T20:35:25,reactive_hot_humid_bursty_r1,reactive,hot_humid,bursty,1,36.466,36.166,35.966,33.466,25.0,45.0,140.0,,100.0,2.0,34.49,,,0,trial
2026-07-07T20:35:25,reactive_hot_humid_bursty_r1,reactive,hot_humid,bursty,1,36.476,36.176,35.976,33.476,25.0,45.0,140.0,,100.0,2.0,34.51,,,0,trial
2026-07-07T20:35:25,reactive_hot_humid_bursty_r1,reactive,hot_humid,bursty,1,36.485,36.185,35.985,33.485,25.0,45.0,140.0,,100.0,2.0,34.52,,,0,trial
2026-07-07T20:35:25,reactive_hot_humid_bursty_r1,reactive,hot_humid,bursty,1,36.494,36.194,35.994,33.494,25.0,45.0,140.0,,100.0,2.0,34.53,,,0,trial
2026-07-07T20:35:25,reactive_hot_humid_bursty_r1,reactive,hot_humid,bursty,1,36.504,36.204,36.004,33.504,25.0,45.0,140.0,,100.0,2.0,34.55,,,0,trial
2026-07-07T20:35:25,reactive_hot_humid_bursty_r1,reactive,hot_humid,bursty,1,36.513,36.213,36.013,33.513,25.0,45.0,140.0,,100.0,2.0,34.56,,,0,trial
2026-07-07T20:35:25,reactive_hot_humid_bursty_r1,reactive,hot_humid,bursty,1,36.522,36.222,36.022,33.522,25.0,45.0,140.0,,100.0,2.0,34.57,,,0,trial
2026-07-07T20:35:25,reactive_hot_humid_bursty_r1,reactive,hot_humid,bursty,1,36.532,36.232,36.032,33.532,25.0,45.0,140.0,,100.0,2.0,34.58,,,0,trial
2026-07-07T20:35:25,reactive_hot_humid_bursty_r1,reactive,hot_humid,bursty,1,36.541,36.241,36.041,33.541,25.0,45.0,140.0,,100.0,2.0,34.6,,,0,trial
2026-07-07T20:35:25,reactive_hot_humid_bursty_r1,reactive,hot_humid,bursty,1,36.55,36.25,36.05,33.55,25.0,45.0,140.0,,100.0,2.0,34.61,,,0,trial
2026-07-07T20:35:25,reactive_hot_humid_bursty_r1,reactive,hot_humid,bursty,1,36.56,36.26,36.06,33.56,25.0,45.0,140.0,,100.0,2.0,34.62,,,0,trial
2026-07-07T20:35:25,reactive_hot_humid_bursty_r1,reactive,hot_humid,bursty,1,36.569,36.269,36.069,33.569,25.0,45.0,140.0,,100.0,2.0,34.64,,,0,trial
2026-07-07T20:35:25,reactive_hot_humid_bursty_r1,reactive,hot_humid,bursty,1,36.578,36.278,36.078,33.578,25.0,45.0,140.0,,100.0,2.0,34.65,,,0,trial
2026-07-07T20:35:25,reactive_hot_humid_bursty_r1,reactive,hot_humid,bursty,1,36.587,36.287,36.087,33.587,25.0,45.0,140.0,,100.0,2.0,34.66,,,0,trial
2026-07-07T20:35:25,reactive_hot_humid_bursty_r1,reactive,hot_humid,bursty,1,36.597,36.297,36.097,33.597,25.0,45.0,140.0,,100.0,2.0,34.68,,,0,trial
2026-07-07T20:35:25,reactive_hot_humid_bursty_r1,reactive,hot_humid,bursty,1,36.606,36.306,36.106,33.606,25.0,45.0,140.0,,100.0,2.0,34.69,,,0,trial
2026-07-07T20:35:25,reactive_hot_humid_bursty_r1,reactive,hot_humid,bursty,1,36.615,36.315,36.115,33.615,25.0,45.0,140.0,,100.0,2.0,34.7,,,0,trial
2026-07-07T20:35:25,reactive_hot_humid_bursty_r1,reactive,hot_humid,bursty,1,36.624,36.324,36.124,33.624,25.0,45.0,140.0,,100.0,2.0,34.71,,,0,trial
2026-07-07T20:35:25,reactive_hot_humid_bursty_r1,reactive,hot_humid,bursty,1,36.634,36.334,36.134,33.634,25.0,45.0,140.0,,100.0,2.0,34.73,,,0,trial
2026-07-07T20:35:25,reactive_hot_humid_bursty_r1,reactive,hot_humid,bursty,1,36.643,36.343,36.143,33.643,25.0,45.0,140.0,,100.0,2.0,34.74,,,0,trial
2026-07-07T20:35:25,reactive_hot_humid_bursty_r1,reactive,hot_humid,bursty,1,36.652,36.352,36.152,33.652,25.0,45.0,140.0,,100.0,2.0,34.75,,,0,trial
2026-07-07T20:35:25,reactive_hot_humid_bursty_r1,reactive,hot_humid,bursty,1,36.661,36.361,36.161,33.661,25.0,45.0,140.0,,100.0,2.0,34.77,,,0,trial
2026-07-07T20:35:25,reactive_hot_humid_bursty_r1,reactive,hot_humid,bursty,1,36.671,36.371,36.171,33.671,25.0,45.0,140.0,,100.0,2.0,34.78,,,0,trial
2026-07-07T20:35:25,reactive_hot_humid_bursty_r1,reactive,hot_humid,bursty,1,36.68,36.38,36.18,33.68,25.0,45.0,140.0,,100.0,2.0,34.79,,,0,trial
2026-07-07T20:35:25,reactive_hot_humid_bursty_r1,reactive,hot_humid,bursty,1,36.689,36.389,36.189,33.689,25.0,45.0,140.0,,100.0,2.0,34.81,,,0,trial
2026-07-07T20:35:25,reactive_hot_humid_bursty_r1,reactive,hot_humid,bursty,1,36.698,36.398,36.198,33.698,25.0,45.0,140.0,,100.0,2.0,34.82,,,0,trial
2026-07-07T20:35:25,reactive_hot_humid_bursty_r1,reactive,hot_humid,bursty,1,36.707,36.407,36.207,33.707,25.0,45.0,140.0,,100.0,2.0,34.83,,,0,trial
2026-07-07T20:35:25,reactive_hot_humid_bursty_r1,reactive,hot_humid,bursty,1,36.717,36.417,36.217,33.717,25.0,45.0,140.0,,100.0,2.0,34.84,,,0,trial
2026-07-07T20:35:25,reactive_hot_humid_bursty_r1,reactive,hot_humid,bursty,1,36.726,36.426,36.226,33.726,25.0,45.0,140.0,,100.0,2.0,34.86,,,0,trial
2026-07-07T20:35:25,reactive_hot_humid_bursty_r1,reactive,hot_humid,bursty,1,36.735,36.435,36.235,33.735,25.0,45.0,140.0,,100.0,2.0,34.87,,,0,trial
2026-07-07T20:35:25,reactive_hot_humid_bursty_r1,reactive,hot_humid,bursty,1,36.744,36.444,36.244,33.744,25.0,45.0,140.0,,100.0,2.0,34.88,,,0,trial
2026-07-07T20:35:25,reactive_hot_humid_bursty_r1,reactive,hot_humid,bursty,1,36.753,36.453,36.253,33.753,25.0,45.0,140.0,,100.0,2.0,34.9,,,0,trial
2026-07-07T20:35:25,reactive_hot_humid_bursty_r1,reactive,hot_humid,bursty,1,36.762,36.462,36.262,33.762,25.0,45.0,140.0,,100.0,2.0,34.91,,,0,trial
2026-07-07T20:35:25,reactive_hot_humid_bursty_r1,reactive,hot_humid,bursty,1,36.772,36.472,36.272,33.772,25.0,45.0,140.0,,100.0,2.0,34.92,,,0,trial
2026-07-07T20:35:25,reactive_hot_humid_bursty_r1,reactive,hot_humid,bursty,1,36.781,36.481,36.281,33.781,25.0,45.0,140.0,,100.0,2.0,34.93,,,0,trial
2026-07-07T20:35:25,reactive_hot_humid_bursty_r1,reactive,hot_humid,bursty,1,36.79,36.49,36.29,33.79,25.0,45.0,140.0,,100.0,2.0,34.95,,,0,trial
2026-07-07T20:35:25,reactive_hot_humid_bursty_r1,reactive,hot_humid,bursty,1,36.799,36.499,36.299,33.799,25.0,45.0,140.0,,100.0,2.0,34.96,,,0,trial
2026-07-07T20:35:25,reactive_hot_humid_bursty_r1,reactive,hot_humid,bursty,1,36.808,36.508,36.308,33.808,25.0,45.0,140.0,,100.0,2.0,34.97,,,0,trial
2026-07-07T20:35:25,reactive_hot_humid_bursty_r1,reactive,hot_humid,bursty,1,36.817,36.517,36.317,33.817,25.0,45.0,140.0,,100.0,2.0,34.99,,,0,trial
2026-07-07T20:35:25,reactive_hot_humid_bursty_r1,reactive,hot_humid,bursty,1,36.826,36.526,36.326,33.826,25.0,45.0,140.0,,100.0,2.0,35.0,,,0,trial
2026-07-07T20:35:25,reactive_hot_humid_bursty_r1,reactive,hot_humid,bursty,1,36.835,36.535,36.335,33.835,25.0,45.0,140.0,,100.0,2.0,35.01,,,0,trial
2026-07-07T20:35:25,reactive_hot_humid_bursty_r1,reactive,hot_humid,bursty,1,36.844,36.544,36.344,33.844,25.0,45.0,140.0,,100.0,2.0,35.02,,,0,trial
2026-07-07T20:35:25,reactive_hot_humid_bursty_r1,reactive,hot_humid,bursty,1,36.853,36.553,36.353,33.853,25.0,45.0,140.0,,100.0,2.0,35.04,,,0,trial
2026-07-07T20:35:25,reactive_hot_humid_bursty_r1,reactive,hot_humid,bursty,1,36.862,36.562,36.362,33.862,25.0,45.0,140.0,,100.0,2.0,35.05,,,0,trial
2026-07-07T20:35:25,reactive_hot_humid_bursty_r1,reactive,hot_humid,bursty,1,36.872,36.572,36.372,33.872,25.0,45.0,140.0,,100.0,2.0,35.06,,,0,trial
2026-07-07T20:35:25,reactive_hot_humid_bursty_r1,reactive,hot_humid,bursty,1,36.881,36.581,36.381,33.881,25.0,45.0,140.0,,100.0,2.0,35.07,,,0,trial
2026-07-07T20:35:25,reactive_hot_humid_bursty_r1,reactive,hot_humid,bursty,1,36.89,36.59,36.39,33.89,25.0,45.0,140.0,,100.0,2.0,35.09,,,0,trial
2026-07-07T20:35:25,reactive_hot_humid_bursty_r1,reactive,hot_humid,bursty,1,36.899,36.599,36.399,33.899,25.0,45.0,140.0,,100.0,2.0,35.1,,,0,trial
2026-07-07T20:35:25,reactive_hot_humid_bursty_r1,reactive,hot_humid,bursty,1,36.908,36.608,36.408,33.908,25.0,45.0,140.0,,100.0,2.0,35.11,,,0,trial
2026-07-07T20:35:25,reactive_hot_humid_bursty_r1,reactive,hot_humid,bursty,1,36.917,36.617,36.417,33.917,25.0,45.0,140.0,,100.0,2.0,35.13,,,0,trial
2026-07-07T20:35:25,reactive_hot_humid_bursty_r1,reactive,hot_humid,bursty,1,36.926,36.626,36.426,33.926,25.0,45.0,140.0,,100.0,2.0,35.14,,,0,trial
2026-07-07T20:35:25,reactive_hot_humid_bursty_r1,reactive,hot_humid,bursty,1,36.935,36.635,36.435,33.935,25.0,45.0,140.0,,100.0,2.0,35.15,,,0,trial
2026-07-07T20:35:25,reactive_hot_humid_bursty_r1,reactive,hot_humid,bursty,1,36.944,36.644,36.444,33.944,25.0,45.0,140.0,,100.0,2.0,35.16,,,0,trial
2026-07-07T20:35:25,reactive_hot_humid_bursty_r1,reactive,hot_humid,bursty,1,36.953,36.653,36.453,33.953,25.0,45.0,140.0,,100.0,2.0,35.18,,,0,trial
2026-07-07T20:35:25,reactive_hot_humid_bursty_r1,reactive,hot_humid,bursty,1,36.962,36.662,36.462,33.962,25.0,45.0,140.0,,100.0,2.0,35.19,,,0,trial
2026-07-07T20:35:25,reactive_hot_humid_bursty_r1,reactive,hot_humid,bursty,1,36.971,36.671,36.471,33.971,25.0,45.0,140.0,,100.0,2.0,35.2,,,0,trial
2026-07-07T20:35:25,reactive_hot_humid_bursty_r1,reactive,hot_humid,bursty,1,36.98,36.68,36.48,33.98,25.0,45.0,140.0,,100.0,2.0,35.21,,,0,trial
2026-07-07T20:35:25,reactive_hot_humid_bursty_r1,reactive,hot_humid,bursty,1,36.989,36.689,36.489,33.989,25.0,45.0,140.0,,100.0,2.0,35.23,,,0,trial
2026-07-07T20:35:25,reactive_hot_humid_bursty_r1,reactive,hot_humid,bursty,1,36.998,36.698,36.498,33.998,25.0,45.0,140.0,,100.0,2.0,35.24,,,0,trial
2026-07-07T20:35:25,reactive_hot_humid_bursty_r1,reactive,hot_humid,bursty,1,37.007,36.707,36.507,34.007,25.0,45.0,140.0,,100.0,2.0,35.25,,,0,trial
2026-07-07T20:35:25,reactive_hot_humid_bursty_r1,reactive,hot_humid,bursty,1,37.015,36.715,36.515,34.015,25.0,45.0,140.0,,100.0,2.0,35.26,,,0,trial
2026-07-07T20:35:25,reactive_hot_humid_bursty_r1,reactive,hot_humid,bursty,1,37.024,36.724,36.524,34.024,25.0,45.0,140.0,,100.0,2.0,35.28,,,0,trial
2026-07-07T20:35:25,reactive_hot_humid_bursty_r1,reactive,hot_humid,bursty,1,37.033,36.733,36.533,34.033,25.0,45.0,140.0,,100.0,2.0,35.29,,,0,trial
2026-07-07T20:35:25,reactive_hot_humid_bursty_r1,reactive,hot_humid,bursty,1,37.042,36.742,36.542,34.042,25.0,45.0,140.0,,100.0,2.0,35.3,,,0,trial
2026-07-07T20:35:25,reactive_hot_humid_bursty_r1,reactive,hot_humid,bursty,1,37.051,36.751,36.551,34.051,25.0,45.0,140.0,,100.0,2.0,35.31,,,0,trial
2026-07-07T20:35:25,reactive_hot_humid_bursty_r1,reactive,hot_humid,bursty,1,37.06,36.76,36.56,34.06,25.0,45.0,140.0,,100.0,2.0,35.33,,,0,trial
2026-07-07T20:35:25,reactive_hot_humid_bursty_r1,reactive,hot_humid,bursty,1,37.069,36.769,36.569,34.069,25.0,45.0,140.0,,100.0,2.0,35.34,,,0,trial
2026-07-07T20:35:25,reactive_hot_humid_bursty_r1,reactive,hot_humid,bursty,1,37.078,36.778,36.578,34.078,25.0,45.0,140.0,,100.0,2.0,35.35,,,0,trial
2026-07-07T20:35:25,reactive_hot_humid_bursty_r1,reactive,hot_humid,bursty,1,37.087,36.787,36.587,34.087,25.0,45.0,140.0,,100.0,2.0,35.36,,,0,trial
2026-07-07T20:35:25,reactive_hot_humid_bursty_r1,reactive,hot_humid,bursty,1,37.096,36.796,36.596,34.096,25.0,45.0,140.0,,100.0,2.0,35.37,,,0,trial
2026-07-07T20:35:25,reactive_hot_humid_bursty_r1,reactive,hot_humid,bursty,1,37.104,36.804,36.604,34.104,25.0,45.0,140.0,,100.0,2.0,35.39,,,0,trial
2026-07-07T20:35:25,reactive_hot_humid_bursty_r1,reactive,hot_humid,bursty,1,37.113,36.813,36.613,34.113,25.0,45.0,140.0,,100.0,2.0,35.4,,,0,trial
2026-07-07T20:35:25,reactive_hot_humid_bursty_r1,reactive,hot_humid,bursty,1,37.122,36.822,36.622,34.122,25.0,45.0,140.0,,100.0,2.0,35.41,,,0,trial
2026-07-07T20:35:25,reactive_hot_humid_bursty_r1,reactive,hot_humid,bursty,1,37.131,36.831,36.631,34.131,25.0,45.0,140.0,,100.0,2.0,35.42,,,0,trial
2026-07-07T20:35:25,reactive_hot_humid_bursty_r1,reactive,hot_humid,bursty,1,37.141,36.841,36.641,34.141,25.0,45.0,140.0,,75.0,1.5,35.44,,,0,trial
2026-07-07T20:35:25,reactive_hot_humid_bursty_r1,reactive,hot_humid,bursty,1,37.152,36.852,36.652,34.152,25.0,45.0,140.0,,75.0,1.5,35.45,,,0,trial
2026-07-07T20:35:25,reactive_hot_humid_bursty_r1,reactive,hot_humid,bursty,1,37.162,36.862,36.662,34.162,25.0,45.0,140.0,,75.0,1.5,35.46,,,0,trial
2026-07-07T20:35:25,reactive_hot_humid_bursty_r1,reactive,hot_humid,bursty,1,37.172,36.872,36.672,34.172,25.0,45.0,140.0,,75.0,1.5,35.47,,,0,trial
2026-07-07T20:35:25,reactive_hot_humid_bursty_r1,reactive,hot_humid,bursty,1,37.183,36.883,36.683,34.183,25.0,45.0,140.0,,75.0,1.5,35.48,,,0,trial
2026-07-07T20:35:25,reactive_hot_humid_bursty_r1,reactive,hot_humid,bursty,1,37.193,36.893,36.693,34.193,25.0,45.0,140.0,,75.0,1.5,35.5,,,0,trial
2026-07-07T20:35:25,reactive_hot_humid_bursty_r1,reactive,hot_humid,bursty,1,37.203,36.903,36.703,34.203,25.0,45.0,140.0,,75.0,1.5,35.51,,,0,trial
2026-07-07T20:35:25,reactive_hot_humid_bursty_r1,reactive,hot_humid,bursty,1,37.214,36.914,36.714,34.214,25.0,45.0,140.0,,75.0,1.5,35.52,,,0,trial
2026-07-07T20:35:25,reactive_hot_humid_bursty_r1,reactive,hot_humid,bursty,1,37.224,36.924,36.724,34.224,25.0,45.0,140.0,,75.0,1.5,35.53,,,0,trial
2026-07-07T20:35:25,reactive_hot_humid_bursty_r1,reactive,hot_humid,bursty,1,37.234,36.934,36.734,34.234,25.0,45.0,140.0,,75.0,1.5,35.54,,,0,trial
2026-07-07T20:35:25,reactive_hot_humid_bursty_r1,reactive,hot_humid,bursty,1,37.245,36.945,36.745,34.245,25.0,45.0,140.0,,75.0,1.5,35.56,,,0,trial
2026-07-07T20:35:25,reactive_hot_humid_bursty_r1,reactive,hot_humid,bursty,1,37.255,36.955,36.755,34.255,25.0,45.0,140.0,,75.0,1.5,35.57,,,0,trial
2026-07-07T20:35:25,reactive_hot_humid_bursty_r1,reactive,hot_humid,bursty,1,37.265,36.965,36.765,34.265,25.0,45.0,140.0,,75.0,1.5,35.58,,,0,trial
2026-07-07T20:35:25,reactive_hot_humid_bursty_r1,reactive,hot_humid,bursty,1,37.275,36.975,36.775,34.275,25.0,45.0,140.0,,75.0,1.5,35.59,,,0,trial
2026-07-07T20:35:25,reactive_hot_humid_bursty_r1,reactive,hot_humid,bursty,1,37.286,36.986,36.786,34.286,25.0,45.0,140.0,,75.0,1.5,35.6,,,0,trial
2026-07-07T20:35:25,reactive_hot_humid_bursty_r1,reactive,hot_humid,bursty,1,37.296,36.996,36.796,34.296,25.0,45.0,140.0,,75.0,1.5,35.61,,,0,trial
2026-07-07T20:35:25,reactive_hot_humid_bursty_r1,reactive,hot_humid,bursty,1,37.306,37.006,36.806,34.306,25.0,45.0,140.0,,75.0,1.5,35.63,,,0,trial
2026-07-07T20:35:25,reactive_hot_humid_bursty_r1,reactive,hot_humid,bursty,1,37.316,37.016,36.816,34.316,25.0,45.0,140.0,,75.0,1.5,35.64,,,0,trial
2026-07-07T20:35:25,reactive_hot_humid_bursty_r1,reactive,hot_humid,bursty,1,37.327,37.027,36.827,34.327,25.0,45.0,140.0,,75.0,1.5,35.65,,,0,trial
2026-07-07T20:35:25,reactive_hot_humid_bursty_r1,reactive,hot_humid,bursty,1,37.337,37.037,36.837,34.337,25.0,45.0,140.0,,75.0,1.5,35.66,,,0,trial
2026-07-07T20:35:25,reactive_hot_humid_bursty_r1,reactive,hot_humid,bursty,1,37.347,37.047,36.847,34.347,25.0,45.0,140.0,,75.0,1.5,35.67,,,0,trial
2026-07-07T20:35:25,reactive_hot_humid_bursty_r1,reactive,hot_humid,bursty,1,37.357,37.057,36.857,34.357,25.0,45.0,140.0,,75.0,1.5,35.68,,,0,trial
2026-07-07T20:35:25,reactive_hot_humid_bursty_r1,reactive,hot_humid,bursty,1,37.368,37.068,36.868,34.368,25.0,45.0,140.0,,75.0,1.5,35.7,,,0,trial
2026-07-07T20:35:25,reactive_hot_humid_bursty_r1,reactive,hot_humid,bursty,1,37.378,37.078,36.878,34.378,25.0,45.0,140.0,,75.0,1.5,35.71,,,0,trial
2026-07-07T20:35:25,reactive_hot_humid_bursty_r1,reactive,hot_humid,bursty,1,37.388,37.088,36.888,34.388,25.0,45.0,140.0,,75.0,1.5,35.72,,,0,trial
2026-07-07T20:35:25,reactive_hot_humid_bursty_r1,reactive,hot_humid,bursty,1,37.398,37.098,36.898,34.398,25.0,45.0,140.0,,75.0,1.5,35.73,,,0,trial
2026-07-07T20:35:25,reactive_hot_humid_bursty_r1,reactive,hot_humid,bursty,1,37.408,37.108,36.908,34.408,25.0,45.0,140.0,,75.0,1.5,35.74,,,0,trial
2026-07-07T20:35:25,reactive_hot_humid_bursty_r1,reactive,hot_humid,bursty,1,37.418,37.118,36.918,34.418,25.0,45.0,140.0,,75.0,1.5,35.75,,,0,trial
2026-07-07T20:35:25,reactive_hot_humid_bursty_r1,reactive,hot_humid,bursty,1,37.429,37.129,36.929,34.429,25.0,45.0,140.0,,75.0,1.5,35.76,,,0,trial
2026-07-07T20:35:25,reactive_hot_humid_bursty_r1,reactive,hot_humid,bursty,1,37.439,37.139,36.939,34.439,25.0,45.0,140.0,,75.0,1.5,35.78,,,0,trial
2026-07-07T20:35:25,reactive_hot_humid_bursty_r1,reactive,hot_humid,bursty,1,37.447,37.147,36.947,34.447,25.0,45.0,140.0,,100.0,2.0,35.79,,,0,trial
2026-07-07T20:35:25,reactive_hot_humid_bursty_r1,reactive,hot_humid,bursty,1,37.456,37.156,36.956,34.456,25.0,45.0,140.0,,100.0,2.0,35.8,,,0,trial
2026-07-07T20:35:25,reactive_hot_humid_bursty_r1,reactive,hot_humid,bursty,1,37.465,37.165,36.965,34.465,25.0,45.0,140.0,,100.0,2.0,35.81,,,0,trial
2026-07-07T20:35:25,reactive_hot_humid_bursty_r1,reactive,hot_humid,bursty,1,37.473,37.173,36.973,34.473,25.0,45.0,140.0,,100.0,2.0,35.82,,,0,trial
2026-07-07T20:35:25,reactive_hot_humid_bursty_r1,reactive,hot_humid,bursty,1,37.482,37.182,36.982,34.482,25.0,45.0,140.0,,100.0,2.0,35.83,,,0,trial
2026-07-07T20:35:25,reactive_hot_humid_bursty_r1,reactive,hot_humid,bursty,1,37.49,37.19,36.99,34.49,25.0,45.0,140.0,,100.0,2.0,35.84,,,0,trial
2026-07-07T20:35:25,reactive_hot_humid_bursty_r1,reactive,hot_humid,bursty,1,37.499,37.199,36.999,34.499,25.0,45.0,140.0,,100.0,2.0,35.85,,,0,trial
2026-07-07T20:35:25,reactive_hot_humid_bursty_r1,reactive,hot_humid,bursty,1,37.507,37.207,37.007,34.507,25.0,45.0,140.0,,100.0,2.0,35.87,,,0,trial
2026-07-07T20:35:25,reactive_hot_humid_bursty_r1,reactive,hot_humid,bursty,1,37.516,37.216,37.016,34.516,25.0,45.0,140.0,,100.0,2.0,35.88,,,0,trial
2026-07-07T20:35:25,reactive_hot_humid_bursty_r1,reactive,hot_humid,bursty,1,37.525,37.225,37.025,34.525,25.0,45.0,140.0,,100.0,2.0,35.89,,,0,trial
2026-07-07T20:35:25,reactive_hot_humid_bursty_r1,reactive,hot_humid,bursty,1,37.533,37.233,37.033,34.533,25.0,45.0,140.0,,100.0,2.0,35.9,,,0,trial
2026-07-07T20:35:25,reactive_hot_humid_bursty_r1,reactive,hot_humid,bursty,1,37.542,37.242,37.042,34.542,25.0,45.0,140.0,,100.0,2.0,35.91,,,0,trial
2026-07-07T20:35:25,reactive_hot_humid_bursty_r1,reactive,hot_humid,bursty,1,37.55,37.25,37.05,34.55,25.0,45.0,140.0,,100.0,2.0,35.92,,,0,trial
2026-07-07T20:35:25,reactive_hot_humid_bursty_r1,reactive,hot_humid,bursty,1,37.559,37.259,37.059,34.559,25.0,45.0,140.0,,100.0,2.0,35.93,,,0,trial
2026-07-07T20:35:25,reactive_hot_humid_bursty_r1,reactive,hot_humid,bursty,1,37.567,37.267,37.067,34.567,25.0,45.0,140.0,,100.0,2.0,35.94,,,0,trial
2026-07-07T20:35:25,reactive_hot_humid_bursty_r1,reactive,hot_humid,bursty,1,37.576,37.276,37.076,34.576,25.0,45.0,140.0,,100.0,2.0,35.95,,,0,trial
2026-07-07T20:35:25,reactive_hot_humid_bursty_r1,reactive,hot_humid,bursty,1,37.584,37.284,37.084,34.584,25.0,45.0,140.0,,100.0,2.0,35.96,,,0,trial
2026-07-07T20:35:25,reactive_hot_humid_bursty_r1,reactive,hot_humid,bursty,1,37.593,37.293,37.093,34.593,25.0,45.0,140.0,,100.0,2.0,35.97,,,0,trial
2026-07-07T20:35:25,reactive_hot_humid_bursty_r1,reactive,hot_humid,bursty,1,37.601,37.301,37.101,34.601,25.0,45.0,140.0,,100.0,2.0,35.99,,,0,trial
2026-07-07T20:35:25,reactive_hot_humid_bursty_r1,reactive,hot_humid,bursty,1,37.61,37.31,37.11,34.61,25.0,45.0,140.0,,100.0,2.0,36.0,,,0,trial
2026-07-07T20:35:25,reactive_hot_humid_bursty_r1,reactive,hot_humid,bursty,1,37.618,37.318,37.118,34.618,25.0,45.0,140.0,,100.0,2.0,36.01,,,0,trial
2026-07-07T20:35:25,reactive_hot_humid_bursty_r1,reactive,hot_humid,bursty,1,37.626,37.326,37.126,34.626,25.0,45.0,140.0,,100.0,2.0,36.02,,,0,trial
2026-07-07T20:35:25,reactive_hot_humid_bursty_r1,reactive,hot_humid,bursty,1,37.635,37.335,37.135,34.635,25.0,45.0,140.0,,100.0,2.0,36.03,,,0,trial
2026-07-07T20:35:25,reactive_hot_humid_bursty_r1,reactive,hot_humid,bursty,1,37.643,37.343,37.143,34.643,25.0,45.0,140.0,,100.0,2.0,36.04,,,0,trial
2026-07-07T20:35:25,reactive_hot_humid_bursty_r1,reactive,hot_humid,bursty,1,37.652,37.352,37.152,34.652,25.0,45.0,140.0,,100.0,2.0,36.05,,,0,trial
2026-07-07T20:35:25,reactive_hot_humid_bursty_r1,reactive,hot_humid,bursty,1,37.66,37.36,37.16,34.66,25.0,45.0,140.0,,100.0,2.0,36.06,,,0,trial
2026-07-07T20:35:25,reactive_hot_humid_bursty_r1,reactive,hot_humid,bursty,1,37.669,37.369,37.169,34.669,25.0,45.0,140.0,,100.0,2.0,36.07,,,0,trial
2026-07-07T20:35:25,reactive_hot_humid_bursty_r1,reactive,hot_humid,bursty,1,37.677,37.377,37.177,34.677,25.0,45.0,140.0,,100.0,2.0,36.08,,,0,trial
2026-07-07T20:35:25,reactive_hot_humid_bursty_r1,reactive,hot_humid,bursty,1,37.686,37.386,37.186,34.686,25.0,45.0,140.0,,100.0,2.0,36.09,,,0,trial
2026-07-07T20:35:25,reactive_hot_humid_bursty_r1,reactive,hot_humid,bursty,1,37.694,37.394,37.194,34.694,25.0,45.0,140.0,,100.0,2.0,36.1,,,0,trial
2026-07-07T20:35:25,reactive_hot_humid_bursty_r1,reactive,hot_humid,bursty,1,37.702,37.402,37.202,34.702,25.0,45.0,140.0,,100.0,2.0,36.11,,,0,trial
2026-07-07T20:35:25,reactive_hot_humid_bursty_r1,reactive,hot_humid,bursty,1,37.711,37.411,37.211,34.711,25.0,45.0,140.0,,100.0,2.0,36.12,,,0,trial
2026-07-07T20:35:25,reactive_hot_humid_bursty_r1,reactive,hot_humid,bursty,1,37.719,37.419,37.219,34.719,25.0,45.0,140.0,,100.0,2.0,36.13,,,0,trial
2026-07-07T20:35:25,reactive_hot_humid_bursty_r1,reactive,hot_humid,bursty,1,37.727,37.427,37.227,34.727,25.0,45.0,140.0,,100.0,2.0,36.14,,,0,trial
2026-07-07T20:35:25,reactive_hot_humid_bursty_r1,reactive,hot_humid,bursty,1,37.736,37.436,37.236,34.736,25.0,45.0,140.0,,100.0,2.0,36.15,,,0,trial
2026-07-07T20:35:25,reactive_hot_humid_bursty_r1,reactive,hot_humid,bursty,1,37.744,37.444,37.244,34.744,25.0,45.0,140.0,,100.0,2.0,36.16,,,0,trial
2026-07-07T20:35:25,reactive_hot_humid_bursty_r1,reactive,hot_humid,bursty,1,37.753,37.453,37.253,34.753,25.0,45.0,140.0,,100.0,2.0,36.17,,,0,trial
2026-07-07T20:35:25,reactive_hot_humid_bursty_r1,reactive,hot_humid,bursty,1,37.761,37.461,37.261,34.761,25.0,45.0,140.0,,100.0,2.0,36.18,,,0,trial
2026-07-07T20:35:25,reactive_hot_humid_bursty_r1,reactive,hot_humid,bursty,1,37.769,37.469,37.269,34.769,25.0,45.0,140.0,,100.0,2.0,36.19,,,0,trial
2026-07-07T20:35:25,reactive_hot_humid_bursty_r1,reactive,hot_humid,bursty,1,37.778,37.478,37.278,34.778,25.0,45.0,140.0,,100.0,2.0,36.2,,,0,trial
2026-07-07T20:35:25,reactive_hot_humid_bursty_r1,reactive,hot_humid,bursty,1,37.786,37.486,37.286,34.786,25.0,45.0,140.0,,100.0,2.0,36.21,,,0,trial
2026-07-07T20:35:25,reactive_hot_humid_bursty_r1,reactive,hot_humid,bursty,1,37.794,37.494,37.294,34.794,25.0,45.0,140.0,,100.0,2.0,36.22,,,0,trial
2026-07-07T20:35:25,reactive_hot_humid_bursty_r1,reactive,hot_humid,bursty,1,37.803,37.503,37.303,34.803,25.0,45.0,140.0,,100.0,2.0,36.23,,,0,trial
2026-07-07T20:35:25,reactive_hot_humid_bursty_r1,reactive,hot_humid,bursty,1,37.811,37.511,37.311,34.811,25.0,45.0,140.0,,100.0,2.0,36.24,,,0,trial
2026-07-07T20:35:25,reactive_hot_humid_bursty_r1,reactive,hot_humid,bursty,1,37.819,37.519,37.319,34.819,25.0,45.0,140.0,,100.0,2.0,36.25,,,0,trial
2026-07-07T20:35:25,reactive_hot_humid_bursty_r1,reactive,hot_humid,bursty,1,37.828,37.528,37.328,34.828,25.0,45.0,140.0,,100.0,2.0,36.26,,,0,trial
2026-07-07T20:35:25,reactive_hot_humid_bursty_r1,reactive,hot_humid,bursty,1,37.836,37.536,37.336,34.836,25.0,45.0,140.0,,100.0,2.0,36.27,,,0,trial
2026-07-07T20:35:25,reactive_hot_humid_bursty_r1,reactive,hot_humid,bursty,1,37.844,37.544,37.344,34.844,25.0,45.0,140.0,,100.0,2.0,36.28,,,0,trial
2026-07-07T20:35:25,reactive_hot_humid_bursty_r1,reactive,hot_humid,bursty,1,37.852,37.552,37.352,34.852,25.0,45.0,140.0,,100.0,2.0,36.29,,,0,trial
2026-07-07T20:35:25,reactive_hot_humid_bursty_r1,reactive,hot_humid,bursty,1,37.861,37.561,37.361,34.861,25.0,45.0,140.0,,100.0,2.0,36.3,,,0,trial
2026-07-07T20:35:25,reactive_hot_humid_bursty_r1,reactive,hot_humid,bursty,1,37.869,37.569,37.369,34.869,25.0,45.0,140.0,,100.0,2.0,36.31,,,0,trial
2026-07-07T20:35:25,reactive_hot_humid_bursty_r1,reactive,hot_humid,bursty,1,37.877,37.577,37.377,34.877,25.0,45.0,140.0,,100.0,2.0,36.32,,,0,trial
2026-07-07T20:35:25,reactive_hot_humid_bursty_r1,reactive,hot_humid,bursty,1,37.885,37.585,37.385,34.885,25.0,45.0,140.0,,100.0,2.0,36.33,,,0,trial
2026-07-07T20:35:25,reactive_hot_humid_bursty_r1,reactive,hot_humid,bursty,1,37.894,37.594,37.394,34.894,25.0,45.0,140.0,,100.0,2.0,36.34,,,0,trial
2026-07-07T20:35:25,reactive_hot_humid_bursty_r1,reactive,hot_humid,bursty,1,37.902,37.602,37.402,34.902,25.0,45.0,140.0,,100.0,2.0,36.34,,,0,trial
2026-07-07T20:35:25,reactive_hot_humid_bursty_r1,reactive,hot_humid,bursty,1,37.91,37.61,37.41,34.91,25.0,45.0,140.0,,100.0,2.0,36.35,,,0,trial
2026-07-07T20:35:25,reactive_hot_humid_bursty_r1,reactive,hot_humid,bursty,1,37.918,37.618,37.418,34.918,25.0,45.0,140.0,,100.0,2.0,36.36,,,0,trial
2026-07-07T20:35:25,reactive_hot_humid_bursty_r1,reactive,hot_humid,bursty,1,37.927,37.627,37.427,34.927,25.0,45.0,140.0,,100.0,2.0,36.37,,,0,trial
2026-07-07T20:35:25,reactive_hot_humid_bursty_r1,reactive,hot_humid,bursty,1,37.935,37.635,37.435,34.935,25.0,45.0,140.0,,100.0,2.0,36.38,,,0,trial
2026-07-07T20:35:25,reactive_hot_humid_bursty_r1,reactive,hot_humid,bursty,1,37.943,37.643,37.443,34.943,25.0,45.0,140.0,,100.0,2.0,36.39,,,0,trial
2026-07-07T20:35:25,reactive_hot_humid_bursty_r1,reactive,hot_humid,bursty,1,37.953,37.653,37.453,34.953,25.0,45.0,140.0,,75.0,1.5,36.4,,,0,trial
2026-07-07T20:35:25,reactive_hot_humid_bursty_r1,reactive,hot_humid,bursty,1,37.963,37.663,37.463,34.963,25.0,45.0,140.0,,75.0,1.5,36.41,,,0,trial
2026-07-07T20:35:25,reactive_hot_humid_bursty_r1,reactive,hot_humid,bursty,1,37.972,37.672,37.472,34.972,25.0,45.0,140.0,,75.0,1.5,36.42,,,0,trial
2026-07-07T20:35:25,reactive_hot_humid_bursty_r1,reactive,hot_humid,bursty,1,37.982,37.682,37.482,34.982,25.0,45.0,140.0,,75.0,1.5,36.43,,,0,trial
2026-07-07T20:35:25,reactive_hot_humid_bursty_r1,reactive,hot_humid,bursty,1,37.992,37.692,37.492,34.992,25.0,45.0,140.0,,75.0,1.5,36.43,,,0,trial
2026-07-07T20:35:25,reactive_hot_humid_bursty_r1,reactive,hot_humid,bursty,1,38.002,37.702,37.502,35.002,25.0,45.0,140.0,,75.0,1.5,36.44,,,0,trial
2026-07-07T20:35:25,reactive_hot_humid_bursty_r1,reactive,hot_humid,bursty,1,38.012,37.712,37.512,35.012,25.0,45.0,140.0,,75.0,1.5,36.45,,,0,trial
2026-07-07T20:35:25,reactive_hot_humid_bursty_r1,reactive,hot_humid,bursty,1,38.021,37.721,37.521,35.021,25.0,45.0,140.0,,75.0,1.5,36.46,,,0,trial
2026-07-07T20:35:25,reactive_hot_humid_bursty_r1,reactive,hot_humid,bursty,1,38.031,37.731,37.531,35.031,25.0,45.0,140.0,,75.0,1.5,36.47,,,0,trial
2026-07-07T20:35:25,reactive_hot_humid_bursty_r1,reactive,hot_humid,bursty,1,38.041,37.741,37.541,35.041,25.0,45.0,140.0,,75.0,1.5,36.48,,,0,trial
2026-07-07T20:35:25,reactive_hot_humid_bursty_r1,reactive,hot_humid,bursty,1,38.051,37.751,37.551,35.051,25.0,45.0,140.0,,75.0,1.5,36.49,,,0,trial
2026-07-07T20:35:25,reactive_hot_humid_bursty_r1,reactive,hot_humid,bursty,1,38.06,37.76,37.56,35.06,25.0,45.0,140.0,,75.0,1.5,36.49,,,0,trial
2026-07-07T20:35:25,reactive_hot_humid_bursty_r1,reactive,hot_humid,bursty,1,38.07,37.77,37.57,35.07,25.0,45.0,140.0,,75.0,1.5,36.5,,,0,trial
2026-07-07T20:35:25,reactive_hot_humid_bursty_r1,reactive,hot_humid,bursty,1,38.08,37.78,37.58,35.08,25.0,45.0,140.0,,75.0,1.5,36.51,,,0,trial
2026-07-07T20:35:25,reactive_hot_humid_bursty_r1,reactive,hot_humid,bursty,1,38.09,37.79,37.59,35.09,25.0,45.0,140.0,,75.0,1.5,36.52,,,0,trial
2026-07-07T20:35:25,reactive_hot_humid_bursty_r1,reactive,hot_humid,bursty,1,38.099,37.799,37.599,35.099,25.0,45.0,140.0,,75.0,1.5,36.53,,,0,trial
2026-07-07T20:35:25,reactive_hot_humid_bursty_r1,reactive,hot_humid,bursty,1,38.109,37.809,37.609,35.109,25.0,45.0,140.0,,75.0,1.5,36.54,,,0,trial
2026-07-07T20:35:25,reactive_hot_humid_bursty_r1,reactive,hot_humid,bursty,1,38.119,37.819,37.619,35.119,25.0,45.0,140.0,,75.0,1.5,36.54,,,0,trial
2026-07-07T20:35:25,reactive_hot_humid_bursty_r1,reactive,hot_humid,bursty,1,38.128,37.828,37.628,35.128,25.0,45.0,140.0,,75.0,1.5,36.55,,,0,trial
2026-07-07T20:35:25,reactive_hot_humid_bursty_r1,reactive,hot_humid,bursty,1,38.138,37.838,37.638,35.138,25.0,45.0,140.0,,75.0,1.5,36.56,,,0,trial
2026-07-07T20:35:25,reactive_hot_humid_bursty_r1,reactive,hot_humid,bursty,1,38.148,37.848,37.648,35.148,25.0,45.0,140.0,,75.0,1.5,36.57,,,0,trial
2026-07-07T20:35:25,reactive_hot_humid_bursty_r1,reactive,hot_humid,bursty,1,38.158,37.858,37.658,35.158,25.0,45.0,140.0,,75.0,1.5,36.58,,,0,trial
2026-07-07T20:35:25,reactive_hot_humid_bursty_r1,reactive,hot_humid,bursty,1,38.167,37.867,37.667,35.167,25.0,45.0,140.0,,75.0,1.5,36.58,,,0,trial
2026-07-07T20:35:25,reactive_hot_humid_bursty_r1,reactive,hot_humid,bursty,1,38.177,37.877,37.677,35.177,25.0,45.0,140.0,,75.0,1.5,36.59,,,0,trial
2026-07-07T20:35:25,reactive_hot_humid_bursty_r1,reactive,hot_humid,bursty,1,38.187,37.887,37.687,35.187,25.0,45.0,140.0,,75.0,1.5,36.6,,,0,trial
2026-07-07T20:35:25,reactive_hot_humid_bursty_r1,reactive,hot_humid,bursty,1,38.196,37.896,37.696,35.196,25.0,45.0,140.0,,75.0,1.5,36.61,,,0,trial
2026-07-07T20:35:25,reactive_hot_humid_bursty_r1,reactive,hot_humid,bursty,1,38.206,37.906,37.706,35.206,25.0,45.0,140.0,,75.0,1.5,36.61,,,0,trial
2026-07-07T20:35:25,reactive_hot_humid_bursty_r1,reactive,hot_humid,bursty,1,38.215,37.915,37.715,35.215,25.0,45.0,140.0,,75.0,1.5,36.62,,,0,trial
2026-07-07T20:35:25,reactive_hot_humid_bursty_r1,reactive,hot_humid,bursty,1,38.225,37.925,37.725,35.225,25.0,45.0,140.0,,75.0,1.5,36.63,,,0,trial
2026-07-07T20:35:25,reactive_hot_humid_bursty_r1,reactive,hot_humid,bursty,1,38.235,37.935,37.735,35.235,25.0,45.0,140.0,,75.0,1.5,36.64,,,0,trial
2026-07-07T20:35:25,reactive_hot_humid_bursty_r1,reactive,hot_humid,bursty,1,38.244,37.944,37.744,35.244,25.0,45.0,140.0,,75.0,1.5,36.64,,,0,trial
2026-07-07T20:35:25,reactive_hot_humid_bursty_r1,reactive,hot_humid,bursty,1,38.254,37.954,37.754,35.254,25.0,45.0,140.0,,75.0,1.5,36.65,,,0,trial
2026-07-07T20:35:25,reactive_hot_humid_bursty_r1,reactive,hot_humid,bursty,1,38.264,37.964,37.764,35.264,25.0,45.0,140.0,,75.0,1.5,36.66,,,0,trial
2026-07-07T20:35:25,reactive_hot_humid_bursty_r1,reactive,hot_humid,bursty,1,38.273,37.973,37.773,35.273,25.0,45.0,140.0,,75.0,1.5,36.67,,,0,trial
2026-07-07T20:35:25,reactive_hot_humid_bursty_r1,reactive,hot_humid,bursty,1,38.283,37.983,37.783,35.283,25.0,45.0,140.0,,75.0,1.5,36.67,,,0,trial
2026-07-07T20:35:25,reactive_hot_humid_bursty_r1,reactive,hot_humid,bursty,1,38.292,37.992,37.792,35.292,25.0,45.0,140.0,,75.0,1.5,36.68,,,0,trial
2026-07-07T20:35:25,reactive_hot_humid_bursty_r1,reactive,hot_humid,bursty,1,38.302,38.002,37.802,35.302,25.0,45.0,140.0,,75.0,1.5,36.69,,,0,trial
2026-07-07T20:35:25,reactive_hot_humid_bursty_r1,reactive,hot_humid,bursty,1,38.312,38.012,37.812,35.312,25.0,45.0,140.0,,75.0,1.5,36.69,,,0,trial
2026-07-07T20:35:25,reactive_hot_humid_bursty_r1,reactive,hot_humid,bursty,1,38.321,38.021,37.821,35.321,25.0,45.0,140.0,,75.0,1.5,36.7,,,0,trial
2026-07-07T20:35:25,reactive_hot_humid_bursty_r1,reactive,hot_humid,bursty,1,38.331,38.031,37.831,35.331,25.0,45.0,140.0,,75.0,1.5,36.71,,,0,trial
2026-07-07T20:35:25,reactive_hot_humid_bursty_r1,reactive,hot_humid,bursty,1,38.34,38.04,37.84,35.34,25.0,45.0,140.0,,75.0,1.5,36.72,,,0,trial
2026-07-07T20:35:25,reactive_hot_humid_bursty_r1,reactive,hot_humid,bursty,1,38.35,38.05,37.85,35.35,25.0,45.0,140.0,,75.0,1.5,36.72,,,0,trial
2026-07-07T20:35:25,reactive_hot_humid_bursty_r1,reactive,hot_humid,bursty,1,38.359,38.059,37.859,35.359,25.0,45.0,140.0,,75.0,1.5,36.73,,,0,trial
2026-07-07T20:35:25,reactive_hot_humid_bursty_r1,reactive,hot_humid,bursty,1,38.369,38.069,37.869,35.369,25.0,45.0,140.0,,75.0,1.5,36.74,,,0,trial
2026-07-07T20:35:25,reactive_hot_humid_bursty_r1,reactive,hot_humid,bursty,1,38.378,38.078,37.878,35.378,25.0,45.0,140.0,,75.0,1.5,36.74,,,0,trial
2026-07-07T20:35:25,reactive_hot_humid_bursty_r1,reactive,hot_humid,bursty,1,38.388,38.088,37.888,35.388,25.0,45.0,140.0,,75.0,1.5,36.75,,,0,trial
2026-07-07T20:35:25,reactive_hot_humid_bursty_r1,reactive,hot_humid,bursty,1,38.397,38.097,37.897,35.397,25.0,45.0,140.0,,75.0,1.5,36.76,,,0,trial
2026-07-07T20:35:25,reactive_hot_humid_bursty_r1,reactive,hot_humid,bursty,1,38.407,38.107,37.907,35.407,25.0,45.0,140.0,,75.0,1.5,36.76,,,0,trial
2026-07-07T20:35:25,reactive_hot_humid_bursty_r1,reactive,hot_humid,bursty,1,38.417,38.117,37.917,35.417,25.0,45.0,140.0,,75.0,1.5,36.77,,,0,trial
2026-07-07T20:35:25,reactive_hot_humid_bursty_r1,reactive,hot_humid,bursty,1,38.426,38.126,37.926,35.426,25.0,45.0,140.0,,75.0,1.5,36.77,,,0,trial
2026-07-07T20:35:25,reactive_hot_humid_bursty_r1,reactive,hot_humid,bursty,1,38.436,38.136,37.936,35.436,25.0,45.0,140.0,,75.0,1.5,36.78,,,0,trial
2026-07-07T20:35:25,reactive_hot_humid_bursty_r1,reactive,hot_humid,bursty,1,38.445,38.145,37.945,35.445,25.0,45.0,140.0,,75.0,1.5,36.79,,,0,trial
2026-07-07T20:35:25,reactive_hot_humid_bursty_r1,reactive,hot_humid,bursty,1,38.454,38.154,37.954,35.454,25.0,45.0,140.0,,75.0,1.5,36.79,,,0,trial
2026-07-07T20:35:25,reactive_hot_humid_bursty_r1,reactive,hot_humid,bursty,1,38.464,38.164,37.964,35.464,25.0,45.0,140.0,,75.0,1.5,36.8,,,0,trial
2026-07-07T20:35:25,reactive_hot_humid_bursty_r1,reactive,hot_humid,bursty,1,38.473,38.173,37.973,35.473,25.0,45.0,140.0,,75.0,1.5,36.81,,,0,trial
2026-07-07T20:35:25,reactive_hot_humid_bursty_r1,reactive,hot_humid,bursty,1,38.483,38.183,37.983,35.483,25.0,45.0,140.0,,75.0,1.5,36.81,,,0,trial
2026-07-07T20:35:25,reactive_hot_humid_bursty_r1,reactive,hot_humid,bursty,1,38.492,38.192,37.992,35.492,25.0,45.0,140.0,,75.0,1.5,36.82,,,0,trial
2026-07-07T20:35:25,reactive_hot_humid_bursty_r1,reactive,hot_humid,bursty,1,38.502,38.202,38.002,35.502,25.0,45.0,140.0,,75.0,1.5,36.82,,,0,trial
2026-07-07T20:35:25,reactive_hot_humid_bursty_r1,reactive,hot_humid,bursty,1,38.511,38.211,38.011,35.511,25.0,45.0,140.0,,75.0,1.5,36.83,,,0,trial
2026-07-07T20:35:25,reactive_hot_humid_bursty_r1,reactive,hot_humid,bursty,1,38.51,38.21,38.01,35.51,25.0,45.0,60.0,,75.0,1.5,36.84,,,0,trial
2026-07-07T20:35:25,reactive_hot_humid_bursty_r1,reactive,hot_humid,bursty,1,38.507,38.207,38.007,35.507,25.0,45.0,60.0,,100.0,2.0,36.84,,,0,trial
2026-07-07T20:35:25,reactive_hot_humid_bursty_r1,reactive,hot_humid,bursty,1,38.505,38.205,38.005,35.505,25.0,45.0,60.0,,100.0,2.0,36.85,,,0,trial
2026-07-07T20:35:25,reactive_hot_humid_bursty_r1,reactive,hot_humid,bursty,1,38.502,38.202,38.002,35.502,25.0,45.0,60.0,,100.0,2.0,36.85,,,0,trial
2026-07-07T20:35:25,reactive_hot_humid_bursty_r1,reactive,hot_humid,bursty,1,38.499,38.199,37.999,35.499,25.0,45.0,60.0,,100.0,2.0,36.86,,,0,trial
2026-07-07T20:35:25,reactive_hot_humid_bursty_r1,reactive,hot_humid,bursty,1,38.496,38.196,37.996,35.496,25.0,45.0,60.0,,100.0,2.0,36.86,,,0,trial
2026-07-07T20:35:25,reactive_hot_humid_bursty_r1,reactive,hot_humid,bursty,1,38.494,38.194,37.994,35.494,25.0,45.0,60.0,,100.0,2.0,36.87,,,0,trial
2026-07-07T20:35:25,reactive_hot_humid_bursty_r1,reactive,hot_humid,bursty,1,38.491,38.191,37.991,35.491,25.0,45.0,60.0,,100.0,2.0,36.87,,,0,trial
2026-07-07T20:35:25,reactive_hot_humid_bursty_r1,reactive,hot_humid,bursty,1,38.488,38.188,37.988,35.488,25.0,45.0,60.0,,100.0,2.0,36.88,,,0,trial
2026-07-07T20:35:25,reactive_hot_humid_bursty_r1,reactive,hot_humid,bursty,1,38.485,38.185,37.985,35.485,25.0,45.0,60.0,,100.0,2.0,36.88,,,0,trial
2026-07-07T20:35:25,reactive_hot_humid_bursty_r1,reactive,hot_humid,bursty,1,38.483,38.183,37.983,35.483,25.0,45.0,60.0,,100.0,2.0,36.89,,,0,trial
2026-07-07T20:35:25,reactive_hot_humid_bursty_r1,reactive,hot_humid,bursty,1,38.48,38.18,37.98,35.48,25.0,45.0,60.0,,100.0,2.0,36.9,,,0,trial
2026-07-07T20:35:25,reactive_hot_humid_bursty_r1,reactive,hot_humid,bursty,1,38.477,38.177,37.977,35.477,25.0,45.0,60.0,,100.0,2.0,36.9,,,0,trial
2026-07-07T20:35:25,reactive_hot_humid_bursty_r1,reactive,hot_humid,bursty,1,38.474,38.174,37.974,35.474,25.0,45.0,60.0,,100.0,2.0,36.91,,,0,trial
2026-07-07T20:35:25,reactive_hot_humid_bursty_r1,reactive,hot_humid,bursty,1,38.472,38.172,37.972,35.472,25.0,45.0,60.0,,100.0,2.0,36.91,,,0,trial
2026-07-07T20:35:25,reactive_hot_humid_bursty_r1,reactive,hot_humid,bursty,1,38.469,38.169,37.969,35.469,25.0,45.0,60.0,,100.0,2.0,36.92,,,0,trial
2026-07-07T20:35:25,reactive_hot_humid_bursty_r1,reactive,hot_humid,bursty,1,38.466,38.166,37.966,35.466,25.0,45.0,60.0,,100.0,2.0,36.92,,,0,trial
2026-07-07T20:35:25,reactive_hot_humid_bursty_r1,reactive,hot_humid,bursty,1,38.463,38.163,37.963,35.463,25.0,45.0,60.0,,100.0,2.0,36.92,,,0,trial
2026-07-07T20:35:25,reactive_hot_humid_bursty_r1,reactive,hot_humid,bursty,1,38.461,38.161,37.961,35.461,25.0,45.0,60.0,,100.0,2.0,36.93,,,0,trial
2026-07-07T20:35:25,reactive_hot_humid_bursty_r1,reactive,hot_humid,bursty,1,38.458,38.158,37.958,35.458,25.0,45.0,60.0,,100.0,2.0,36.93,,,0,trial
2026-07-07T20:35:25,reactive_hot_humid_bursty_r1,reactive,hot_humid,bursty,1,38.455,38.155,37.955,35.455,25.0,45.0,60.0,,100.0,2.0,36.94,,,0,trial
2026-07-07T20:35:25,reactive_hot_humid_bursty_r1,reactive,hot_humid,bursty,1,38.452,38.152,37.952,35.452,25.0,45.0,60.0,,100.0,2.0,36.94,,,0,trial
2026-07-07T20:35:25,reactive_hot_humid_bursty_r1,reactive,hot_humid,bursty,1,38.45,38.15,37.95,35.45,25.0,45.0,60.0,,100.0,2.0,36.95,,,0,trial
2026-07-07T20:35:25,reactive_hot_humid_bursty_r1,reactive,hot_humid,bursty,1,38.447,38.147,37.947,35.447,25.0,45.0,60.0,,100.0,2.0,36.95,,,0,trial
2026-07-07T20:35:25,reactive_hot_humid_bursty_r1,reactive,hot_humid,bursty,1,38.444,38.144,37.944,35.444,25.0,45.0,60.0,,100.0,2.0,36.96,,,0,trial
2026-07-07T20:35:25,reactive_hot_humid_bursty_r1,reactive,hot_humid,bursty,1,38.442,38.142,37.942,35.442,25.0,45.0,60.0,,100.0,2.0,36.96,,,0,trial
2026-07-07T20:35:25,reactive_hot_humid_bursty_r1,reactive,hot_humid,bursty,1,38.439,38.139,37.939,35.439,25.0,45.0,60.0,,100.0,2.0,36.96,,,0,trial
2026-07-07T20:35:25,reactive_hot_humid_bursty_r1,reactive,hot_humid,bursty,1,38.436,38.136,37.936,35.436,25.0,45.0,60.0,,100.0,2.0,36.97,,,0,trial
2026-07-07T20:35:25,reactive_hot_humid_bursty_r1,reactive,hot_humid,bursty,1,38.433,38.133,37.933,35.433,25.0,45.0,60.0,,100.0,2.0,36.97,,,0,trial
2026-07-07T20:35:25,reactive_hot_humid_bursty_r1,reactive,hot_humid,bursty,1,38.431,38.131,37.931,35.431,25.0,45.0,60.0,,100.0,2.0,36.98,,,0,trial
2026-07-07T20:35:25,reactive_hot_humid_bursty_r1,reactive,hot_humid,bursty,1,38.428,38.128,37.928,35.428,25.0,45.0,60.0,,100.0,2.0,36.98,,,0,trial
2026-07-07T20:35:25,reactive_hot_humid_bursty_r1,reactive,hot_humid,bursty,1,38.425,38.125,37.925,35.425,25.0,45.0,60.0,,100.0,2.0,36.99,,,0,trial
2026-07-07T20:35:25,reactive_hot_humid_bursty_r1,reactive,hot_humid,bursty,1,38.423,38.123,37.923,35.423,25.0,45.0,60.0,,100.0,2.0,36.99,,,0,trial
2026-07-07T20:35:25,reactive_hot_humid_bursty_r1,reactive,hot_humid,bursty,1,38.42,38.12,37.92,35.42,25.0,45.0,60.0,,100.0,2.0,36.99,,,0,trial
2026-07-07T20:35:25,reactive_hot_humid_bursty_r1,reactive,hot_humid,bursty,1,38.417,38.117,37.917,35.417,25.0,45.0,60.0,,100.0,2.0,37.0,,,0,trial
2026-07-07T20:35:25,reactive_hot_humid_bursty_r1,reactive,hot_humid,bursty,1,38.414,38.114,37.914,35.414,25.0,45.0,60.0,,100.0,2.0,37.0,,,0,trial
2026-07-07T20:35:25,reactive_hot_humid_bursty_r1,reactive,hot_humid,bursty,1,38.412,38.112,37.912,35.412,25.0,45.0,60.0,,100.0,2.0,37.0,,,0,trial
2026-07-07T20:35:25,reactive_hot_humid_bursty_r1,reactive,hot_humid,bursty,1,38.409,38.109,37.909,35.409,25.0,45.0,60.0,,100.0,2.0,37.01,,,0,trial
2026-07-07T20:35:25,reactive_hot_humid_bursty_r1,reactive,hot_humid,bursty,1,38.406,38.106,37.906,35.406,25.0,45.0,60.0,,100.0,2.0,37.01,,,0,trial
2026-07-07T20:35:25,reactive_hot_humid_bursty_r1,reactive,hot_humid,bursty,1,38.404,38.104,37.904,35.404,25.0,45.0,60.0,,100.0,2.0,37.01,,,0,trial
2026-07-07T20:35:25,reactive_hot_humid_bursty_r1,reactive,hot_humid,bursty,1,38.401,38.101,37.901,35.401,25.0,45.0,60.0,,100.0,2.0,37.02,,,0,trial
2026-07-07T20:35:25,reactive_hot_humid_bursty_r1,reactive,hot_humid,bursty,1,38.398,38.098,37.898,35.398,25.0,45.0,60.0,,100.0,2.0,37.02,,,0,trial
2026-07-07T20:35:25,reactive_hot_humid_bursty_r1,reactive,hot_humid,bursty,1,38.396,38.096,37.896,35.396,25.0,45.0,60.0,,100.0,2.0,37.02,,,0,trial
2026-07-07T20:35:25,reactive_hot_humid_bursty_r1,reactive,hot_humid,bursty,1,38.393,38.093,37.893,35.393,25.0,45.0,60.0,,100.0,2.0,37.03,,,0,trial
2026-07-07T20:35:25,reactive_hot_humid_bursty_r1,reactive,hot_humid,bursty,1,38.39,38.09,37.89,35.39,25.0,45.0,60.0,,100.0,2.0,37.03,,,0,trial
2026-07-07T20:35:25,reactive_hot_humid_bursty_r1,reactive,hot_humid,bursty,1,38.388,38.088,37.888,35.388,25.0,45.0,60.0,,100.0,2.0,37.03,,,0,trial
2026-07-07T20:35:25,reactive_hot_humid_bursty_r1,reactive,hot_humid,bursty,1,38.385,38.085,37.885,35.385,25.0,45.0,60.0,,100.0,2.0,37.04,,,0,trial
2026-07-07T20:35:25,reactive_hot_humid_bursty_r1,reactive,hot_humid,bursty,1,38.382,38.082,37.882,35.382,25.0,45.0,60.0,,100.0,2.0,37.04,,,0,trial
2026-07-07T20:35:25,reactive_hot_humid_bursty_r1,reactive,hot_humid,bursty,1,38.38,38.08,37.88,35.38,25.0,45.0,60.0,,100.0,2.0,37.04,,,0,trial
2026-07-07T20:35:25,reactive_hot_humid_bursty_r1,reactive,hot_humid,bursty,1,38.377,38.077,37.877,35.377,25.0,45.0,60.0,,100.0,2.0,37.04,,,0,trial
2026-07-07T20:35:25,reactive_hot_humid_bursty_r1,reactive,hot_humid,bursty,1,38.374,38.074,37.874,35.374,25.0,45.0,60.0,,100.0,2.0,37.05,,,0,trial
2026-07-07T20:35:25,reactive_hot_humid_bursty_r1,reactive,hot_humid,bursty,1,38.372,38.072,37.872,35.372,25.0,45.0,60.0,,100.0,2.0,37.05,,,0,trial
2026-07-07T20:35:25,reactive_hot_humid_bursty_r1,reactive,hot_humid,bursty,1,38.369,38.069,37.869,35.369,25.0,45.0,60.0,,100.0,2.0,37.05,,,0,trial
2026-07-07T20:35:25,reactive_hot_humid_bursty_r1,reactive,hot_humid,bursty,1,38.366,38.066,37.866,35.366,25.0,45.0,60.0,,100.0,2.0,37.05,,,0,trial
2026-07-07T20:35:25,reactive_hot_humid_bursty_r1,reactive,hot_humid,bursty,1,38.364,38.064,37.864,35.364,25.0,45.0,60.0,,100.0,2.0,37.06,,,0,trial
2026-07-07T20:35:25,reactive_hot_humid_bursty_r1,reactive,hot_humid,bursty,1,38.361,38.061,37.861,35.361,25.0,45.0,60.0,,100.0,2.0,37.06,,,0,trial
2026-07-07T20:35:25,reactive_hot_humid_bursty_r1,reactive,hot_humid,bursty,1,38.358,38.058,37.858,35.358,25.0,45.0,60.0,,100.0,2.0,37.06,,,0,trial
2026-07-07T20:35:25,reactive_hot_humid_bursty_r1,reactive,hot_humid,bursty,1,38.356,38.056,37.856,35.356,25.0,45.0,60.0,,100.0,2.0,37.06,,,0,trial
2026-07-07T20:35:25,reactive_hot_humid_bursty_r1,reactive,hot_humid,bursty,1,38.353,38.053,37.853,35.353,25.0,45.0,60.0,,100.0,2.0,37.07,,,0,trial
2026-07-07T20:35:25,reactive_hot_humid_bursty_r1,reactive,hot_humid,bursty,1,38.35,38.05,37.85,35.35,25.0,45.0,60.0,,100.0,2.0,37.07,,,0,trial
2026-07-07T20:35:25,reactive_hot_humid_bursty_r1,reactive,hot_humid,bursty,1,38.348,38.048,37.848,35.348,25.0,45.0,60.0,,100.0,2.0,37.07,,,0,trial
2026-07-07T20:35:25,reactive_hot_humid_bursty_r1,reactive,hot_humid,bursty,1,38.345,38.045,37.845,35.345,25.0,45.0,60.0,,100.0,2.0,37.07,,,0,trial
2026-07-07T20:35:25,reactive_hot_humid_bursty_r1,reactive,hot_humid,bursty,1,38.342,38.042,37.842,35.342,25.0,45.0,60.0,,100.0,2.0,37.07,,,0,trial
2026-07-07T20:35:25,reactive_hot_humid_bursty_r1,reactive,hot_humid,bursty,1,38.34,38.04,37.84,35.34,25.0,45.0,60.0,,100.0,2.0,37.08,,,0,trial
2026-07-07T20:35:25,reactive_hot_humid_bursty_r1,reactive,hot_humid,bursty,1,38.337,38.037,37.837,35.337,25.0,45.0,60.0,,100.0,2.0,37.08,,,0,trial
2026-07-07T20:35:25,reactive_hot_humid_bursty_r1,reactive,hot_humid,bursty,1,38.335,38.035,37.835,35.335,25.0,45.0,60.0,,100.0,2.0,37.08,,,0,trial
2026-07-07T20:35:25,reactive_hot_humid_bursty_r1,reactive,hot_humid,bursty,1,38.332,38.032,37.832,35.332,25.0,45.0,60.0,,100.0,2.0,37.08,,,0,trial
2026-07-07T20:35:25,reactive_hot_humid_bursty_r1,reactive,hot_humid,bursty,1,38.329,38.029,37.829,35.329,25.0,45.0,60.0,,100.0,2.0,37.08,,,0,trial
2026-07-07T20:35:25,reactive_hot_humid_bursty_r1,reactive,hot_humid,bursty,1,38.327,38.027,37.827,35.327,25.0,45.0,60.0,,100.0,2.0,37.08,,,0,trial
2026-07-07T20:35:25,reactive_hot_humid_bursty_r1,reactive,hot_humid,bursty,1,38.324,38.024,37.824,35.324,25.0,45.0,60.0,,100.0,2.0,37.09,,,0,trial
2026-07-07T20:35:25,reactive_hot_humid_bursty_r1,reactive,hot_humid,bursty,1,38.321,38.021,37.821,35.321,25.0,45.0,60.0,,100.0,2.0,37.09,,,0,trial
2026-07-07T20:35:25,reactive_hot_humid_bursty_r1,reactive,hot_humid,bursty,1,38.319,38.019,37.819,35.319,25.0,45.0,60.0,,100.0,2.0,37.09,,,0,trial
2026-07-07T20:35:25,reactive_hot_humid_bursty_r1,reactive,hot_humid,bursty,1,38.316,38.016,37.816,35.316,25.0,45.0,60.0,,100.0,2.0,37.09,,,0,trial
2026-07-07T20:35:25,reactive_hot_humid_bursty_r1,reactive,hot_humid,bursty,1,38.314,38.014,37.814,35.314,25.0,45.0,60.0,,100.0,2.0,37.09,,,0,trial
2026-07-07T20:35:25,reactive_hot_humid_bursty_r1,reactive,hot_humid,bursty,1,38.311,38.011,37.811,35.311,25.0,45.0,60.0,,100.0,2.0,37.09,,,0,trial
2026-07-07T20:35:25,reactive_hot_humid_bursty_r1,reactive,hot_humid,bursty,1,38.308,38.008,37.808,35.308,25.0,45.0,60.0,,100.0,2.0,37.09,,,0,trial
2026-07-07T20:35:25,reactive_hot_humid_bursty_r1,reactive,hot_humid,bursty,1,38.306,38.006,37.806,35.306,25.0,45.0,60.0,,100.0,2.0,37.09,,,0,trial
2026-07-07T20:35:25,reactive_hot_humid_bursty_r1,reactive,hot_humid,bursty,1,38.303,38.003,37.803,35.303,25.0,45.0,60.0,,100.0,2.0,37.09,,,0,trial
2026-07-07T20:35:25,reactive_hot_humid_bursty_r1,reactive,hot_humid,bursty,1,38.3,38.0,37.8,35.3,25.0,45.0,60.0,,100.0,2.0,37.1,,,0,trial
2026-07-07T20:35:25,reactive_hot_humid_bursty_r1,reactive,hot_humid,bursty,1,38.298,37.998,37.798,35.298,25.0,45.0,60.0,,100.0,2.0,37.1,,,0,trial
2026-07-07T20:35:25,reactive_hot_humid_bursty_r1,reactive,hot_humid,bursty,1,38.295,37.995,37.795,35.295,25.0,45.0,60.0,,100.0,2.0,37.1,,,0,trial
2026-07-07T20:35:25,reactive_hot_humid_bursty_r1,reactive,hot_humid,bursty,1,38.293,37.993,37.793,35.293,25.0,45.0,60.0,,100.0,2.0,37.1,,,0,trial
2026-07-07T20:35:25,reactive_hot_humid_bursty_r1,reactive,hot_humid,bursty,1,38.29,37.99,37.79,35.29,25.0,45.0,60.0,,100.0,2.0,37.1,,,0,trial
2026-07-07T20:35:25,reactive_hot_humid_bursty_r1,reactive,hot_humid,bursty,1,38.287,37.987,37.787,35.287,25.0,45.0,60.0,,100.0,2.0,37.1,,,0,trial
2026-07-07T20:35:25,reactive_hot_humid_bursty_r1,reactive,hot_humid,bursty,1,38.285,37.985,37.785,35.285,25.0,45.0,60.0,,100.0,2.0,37.1,,,0,trial
2026-07-07T20:35:25,reactive_hot_humid_bursty_r1,reactive,hot_humid,bursty,1,38.282,37.982,37.782,35.282,25.0,45.0,60.0,,100.0,2.0,37.1,,,0,trial
2026-07-07T20:35:25,reactive_hot_humid_bursty_r1,reactive,hot_humid,bursty,1,38.28,37.98,37.78,35.28,25.0,45.0,60.0,,100.0,2.0,37.1,,,0,trial
2026-07-07T20:35:25,reactive_hot_humid_bursty_r1,reactive,hot_humid,bursty,1,38.277,37.977,37.777,35.277,25.0,45.0,60.0,,100.0,2.0,37.1,,,0,trial
2026-07-07T20:35:25,reactive_hot_humid_bursty_r1,reactive,hot_humid,bursty,1,38.275,37.975,37.775,35.275,25.0,45.0,60.0,,100.0,2.0,37.1,,,0,trial
2026-07-07T20:35:25,reactive_hot_humid_bursty_r1,reactive,hot_humid,bursty,1,38.272,37.972,37.772,35.272,25.0,45.0,60.0,,100.0,2.0,37.1,,,0,trial
2026-07-07T20:35:25,reactive_hot_humid_bursty_r1,reactive,hot_humid,bursty,1,38.269,37.969,37.769,35.269,25.0,45.0,60.0,,100.0,2.0,37.1,,,0,trial
2026-07-07T20:35:25,reactive_hot_humid_bursty_r1,reactive,hot_humid,bursty,1,38.267,37.967,37.767,35.267,25.0,45.0,60.0,,100.0,2.0,37.1,,,0,trial
2026-07-07T20:35:25,reactive_hot_humid_bursty_r1,reactive,hot_humid,bursty,1,38.264,37.964,37.764,35.264,25.0,45.0,60.0,,100.0,2.0,37.1,,,0,trial
2026-07-07T20:35:25,reactive_hot_humid_bursty_r1,reactive,hot_humid,bursty,1,38.262,37.962,37.762,35.262,25.0,45.0,60.0,,100.0,2.0,37.1,,,0,trial
2026-07-07T20:35:25,reactive_hot_humid_bursty_r1,reactive,hot_humid,bursty,1,38.259,37.959,37.759,35.259,25.0,45.0,60.0,,100.0,2.0,37.1,,,0,trial
2026-07-07T20:35:25,reactive_hot_humid_bursty_r1,reactive,hot_humid,bursty,1,38.256,37.956,37.756,35.256,25.0,45.0,60.0,,100.0,2.0,37.1,,,0,trial
2026-07-07T20:35:25,reactive_hot_humid_bursty_r1,reactive,hot_humid,bursty,1,38.254,37.954,37.754,35.254,25.0,45.0,60.0,,100.0,2.0,37.1,,,0,trial
2026-07-07T20:35:25,reactive_hot_humid_bursty_r1,reactive,hot_humid,bursty,1,38.251,37.951,37.751,35.251,25.0,45.0,60.0,,100.0,2.0,37.1,,,0,trial
2026-07-07T20:35:25,reactive_hot_humid_bursty_r1,reactive,hot_humid,bursty,1,38.249,37.949,37.749,35.249,25.0,45.0,60.0,,100.0,2.0,37.1,,,0,trial
2026-07-07T20:35:25,reactive_hot_humid_bursty_r1,reactive,hot_humid,bursty,1,38.246,37.946,37.746,35.246,25.0,45.0,60.0,,100.0,2.0,37.1,,,0,trial
2026-07-07T20:35:25,reactive_hot_humid_bursty_r1,reactive,hot_humid,bursty,1,38.244,37.944,37.744,35.244,25.0,45.0,60.0,,100.0,2.0,37.1,,,0,trial
2026-07-07T20:35:25,reactive_hot_humid_bursty_r1,reactive,hot_humid,bursty,1,38.241,37.941,37.741,35.241,25.0,45.0,60.0,,100.0,2.0,37.1,,,0,trial
2026-07-07T20:35:25,reactive_hot_humid_bursty_r1,reactive,hot_humid,bursty,1,38.239,37.939,37.739,35.239,25.0,45.0,60.0,,100.0,2.0,37.1,,,0,trial
2026-07-07T20:35:25,reactive_hot_humid_bursty_r1,reactive,hot_humid,bursty,1,38.236,37.936,37.736,35.236,25.0,45.0,60.0,,100.0,2.0,37.09,,,0,trial
2026-07-07T20:35:25,reactive_hot_humid_bursty_r1,reactive,hot_humid,bursty,1,38.233,37.933,37.733,35.233,25.0,45.0,60.0,,100.0,2.0,37.09,,,0,trial
2026-07-07T20:35:25,reactive_hot_humid_bursty_r1,reactive,hot_humid,bursty,1,38.231,37.931,37.731,35.231,25.0,45.0,60.0,,100.0,2.0,37.09,,,0,trial
2026-07-07T20:35:25,reactive_hot_humid_bursty_r1,reactive,hot_humid,bursty,1,38.228,37.928,37.728,35.228,25.0,45.0,60.0,,100.0,2.0,37.09,,,0,trial
2026-07-07T20:35:25,reactive_hot_humid_bursty_r1,reactive,hot_humid,bursty,1,38.226,37.926,37.726,35.226,25.0,45.0,60.0,,100.0,2.0,37.09,,,0,trial
2026-07-07T20:35:25,reactive_hot_humid_bursty_r1,reactive,hot_humid,bursty,1,38.223,37.923,37.723,35.223,25.0,45.0,60.0,,100.0,2.0,37.09,,,0,trial
2026-07-07T20:35:25,reactive_hot_humid_bursty_r1,reactive,hot_humid,bursty,1,38.221,37.921,37.721,35.221,25.0,45.0,60.0,,100.0,2.0,37.09,,,0,trial
2026-07-07T20:35:25,reactive_hot_humid_bursty_r1,reactive,hot_humid,bursty,1,38.218,37.918,37.718,35.218,25.0,45.0,60.0,,100.0,2.0,37.09,,,0,trial
2026-07-07T20:35:25,reactive_hot_humid_bursty_r1,reactive,hot_humid,bursty,1,38.216,37.916,37.716,35.216,25.0,45.0,60.0,,100.0,2.0,37.09,,,0,trial
2026-07-07T20:35:25,reactive_hot_humid_bursty_r1,reactive,hot_humid,bursty,1,38.213,37.913,37.713,35.213,25.0,45.0,60.0,,100.0,2.0,37.08,,,0,trial
2026-07-07T20:35:25,reactive_hot_humid_bursty_r1,reactive,hot_humid,bursty,1,38.21,37.91,37.71,35.21,25.0,45.0,60.0,,100.0,2.0,37.08,,,0,trial
2026-07-07T20:35:25,reactive_hot_humid_bursty_r1,reactive,hot_humid,bursty,1,38.208,37.908,37.708,35.208,25.0,45.0,60.0,,100.0,2.0,37.08,,,0,trial
2026-07-07T20:35:25,reactive_hot_humid_bursty_r1,reactive,hot_humid,bursty,1,38.205,37.905,37.705,35.205,25.0,45.0,60.0,,100.0,2.0,37.08,,,0,trial
2026-07-07T20:35:25,reactive_hot_humid_bursty_r1,reactive,hot_humid,bursty,1,38.203,37.903,37.703,35.203,25.0,45.0,60.0,,100.0,2.0,37.08,,,0,trial
2026-07-07T20:35:25,reactive_hot_humid_bursty_r1,reactive,hot_humid,bursty,1,38.2,37.9,37.7,35.2,25.0,45.0,60.0,,100.0,2.0,37.08,,,0,trial
2026-07-07T20:35:25,reactive_hot_humid_bursty_r1,reactive,hot_humid,bursty,1,38.198,37.898,37.698,35.198,25.0,45.0,60.0,,100.0,2.0,37.07,,,0,trial
2026-07-07T20:35:25,reactive_hot_humid_bursty_r1,reactive,hot_humid,bursty,1,38.195,37.895,37.695,35.195,25.0,45.0,60.0,,100.0,2.0,37.07,,,0,trial
2026-07-07T20:35:25,reactive_hot_humid_bursty_r1,reactive,hot_humid,bursty,1,38.203,37.903,37.703,35.203,25.0,45.0,140.0,,100.0,2.0,37.07,,,0,trial
2026-07-07T20:35:25,reactive_hot_humid_bursty_r1,reactive,hot_humid,bursty,1,38.213,37.913,37.713,35.213,25.0,45.0,140.0,,75.0,1.5,37.07,,,0,trial
2026-07-07T20:35:25,reactive_hot_humid_bursty_r1,reactive,hot_humid,bursty,1,38.223,37.923,37.723,35.223,25.0,45.0,140.0,,75.0,1.5,37.07,,,0,trial
2026-07-07T20:35:25,reactive_hot_humid_bursty_r1,reactive,hot_humid,bursty,1,38.232,37.932,37.732,35.232,25.0,45.0,140.0,,75.0,1.5,37.06,,,0,trial
2026-07-07T20:35:25,reactive_hot_humid_bursty_r1,reactive,hot_humid,bursty,1,38.242,37.942,37.742,35.242,25.0,45.0,140.0,,75.0,1.5,37.06,,,0,trial
2026-07-07T20:35:25,reactive_hot_humid_bursty_r1,reactive,hot_humid,bursty,1,38.251,37.951,37.751,35.251,25.0,45.0,140.0,,75.0,1.5,37.06,,,0,trial
2026-07-07T20:35:25,reactive_hot_humid_bursty_r1,reactive,hot_humid,bursty,1,38.261,37.961,37.761,35.261,25.0,45.0,140.0,,75.0,1.5,37.06,,,0,trial
2026-07-07T20:35:25,reactive_hot_humid_bursty_r1,reactive,hot_humid,bursty,1,38.271,37.971,37.771,35.271,25.0,45.0,140.0,,75.0,1.5,37.05,,,0,trial
2026-07-07T20:35:25,reactive_hot_humid_bursty_r1,reactive,hot_humid,bursty,1,38.28,37.98,37.78,35.28,25.0,45.0,140.0,,75.0,1.5,37.05,,,0,trial
2026-07-07T20:35:25,reactive_hot_humid_bursty_r1,reactive,hot_humid,bursty,1,38.29,37.99,37.79,35.29,25.0,45.0,140.0,,75.0,1.5,37.05,,,0,trial
2026-07-07T20:35:25,reactive_hot_humid_bursty_r1,reactive,hot_humid,bursty,1,38.299,37.999,37.799,35.299,25.0,45.0,140.0,,75.0,1.5,37.05,,,0,trial
2026-07-07T20:35:25,reactive_hot_humid_bursty_r1,reactive,hot_humid,bursty,1,38.309,38.009,37.809,35.309,25.0,45.0,140.0,,75.0,1.5,37.04,,,0,trial
2026-07-07T20:35:25,reactive_hot_humid_bursty_r1,reactive,hot_humid,bursty,1,38.319,38.019,37.819,35.319,25.0,45.0,140.0,,75.0,1.5,37.04,,,0,trial
2026-07-07T20:35:25,reactive_hot_humid_bursty_r1,reactive,hot_humid,bursty,1,38.328,38.028,37.828,35.328,25.0,45.0,140.0,,75.0,1.5,37.04,,,0,trial
2026-07-07T20:35:25,reactive_hot_humid_bursty_r1,reactive,hot_humid,bursty,1,38.338,38.038,37.838,35.338,25.0,45.0,140.0,,75.0,1.5,37.04,,,0,trial
2026-07-07T20:35:25,reactive_hot_humid_bursty_r1,reactive,hot_humid,bursty,1,38.347,38.047,37.847,35.347,25.0,45.0,140.0,,75.0,1.5,37.03,,,0,trial
2026-07-07T20:35:25,reactive_hot_humid_bursty_r1,reactive,hot_humid,bursty,1,38.357,38.057,37.857,35.357,25.0,45.0,140.0,,75.0,1.5,37.03,,,0,trial
2026-07-07T20:35:25,reactive_hot_humid_bursty_r1,reactive,hot_humid,bursty,1,38.366,38.066,37.866,35.366,25.0,45.0,140.0,,75.0,1.5,37.03,,,0,trial
2026-07-07T20:35:25,reactive_hot_humid_bursty_r1,reactive,hot_humid,bursty,1,38.376,38.076,37.876,35.376,25.0,45.0,140.0,,75.0,1.5,37.02,,,0,trial
2026-07-07T20:35:25,reactive_hot_humid_bursty_r1,reactive,hot_humid,bursty,1,38.385,38.085,37.885,35.385,25.0,45.0,140.0,,75.0,1.5,37.02,,,0,trial
2026-07-07T20:35:25,reactive_hot_humid_bursty_r1,reactive,hot_humid,bursty,1,38.395,38.095,37.895,35.395,25.0,45.0,140.0,,75.0,1.5,37.02,,,0,trial
2026-07-07T20:35:25,reactive_hot_humid_bursty_r1,reactive,hot_humid,bursty,1,38.405,38.105,37.905,35.405,25.0,45.0,140.0,,75.0,1.5,37.01,,,0,trial
2026-07-07T20:35:25,reactive_hot_humid_bursty_r1,reactive,hot_humid,bursty,1,38.414,38.114,37.914,35.414,25.0,45.0,140.0,,75.0,1.5,37.01,,,0,trial
2026-07-07T20:35:25,reactive_hot_humid_bursty_r1,reactive,hot_humid,bursty,1,38.424,38.124,37.924,35.424,25.0,45.0,140.0,,75.0,1.5,37.01,,,0,trial
2026-07-07T20:35:25,reactive_hot_humid_bursty_r1,reactive,hot_humid,bursty,1,38.433,38.133,37.933,35.433,25.0,45.0,140.0,,75.0,1.5,37.0,,,0,trial
2026-07-07T20:35:25,reactive_hot_humid_bursty_r1,reactive,hot_humid,bursty,1,38.443,38.143,37.943,35.443,25.0,45.0,140.0,,75.0,1.5,37.0,,,0,trial
2026-07-07T20:35:25,reactive_hot_humid_bursty_r1,reactive,hot_humid,bursty,1,38.452,38.152,37.952,35.452,25.0,45.0,140.0,,75.0,1.5,37.0,,,0,trial
2026-07-07T20:35:25,reactive_hot_humid_bursty_r1,reactive,hot_humid,bursty,1,38.461,38.161,37.961,35.461,25.0,45.0,140.0,,75.0,1.5,36.99,,,0,trial
2026-07-07T20:35:25,reactive_hot_humid_bursty_r1,reactive,hot_humid,bursty,1,38.471,38.171,37.971,35.471,25.0,45.0,140.0,,75.0,1.5,36.99,,,0,trial
2026-07-07T20:35:25,reactive_hot_humid_bursty_r1,reactive,hot_humid,bursty,1,38.48,38.18,37.98,35.48,25.0,45.0,140.0,,75.0,1.5,36.99,,,0,trial
2026-07-07T20:35:25,reactive_hot_humid_bursty_r1,reactive,hot_humid,bursty,1,38.49,38.19,37.99,35.49,25.0,45.0,140.0,,75.0,1.5,36.98,,,0,trial
2026-07-07T20:35:25,reactive_hot_humid_bursty_r1,reactive,hot_humid,bursty,1,38.498,38.198,37.998,35.498,25.0,45.0,140.0,,100.0,2.0,36.98,,,0,trial
2026-07-07T20:35:25,reactive_hot_humid_bursty_r1,reactive,hot_humid,bursty,1,38.505,38.205,38.005,35.505,25.0,45.0,140.0,,100.0,2.0,36.97,,,0,trial
2026-07-07T20:35:25,reactive_hot_humid_bursty_r1,reactive,hot_humid,bursty,1,38.513,38.213,38.013,35.513,25.0,45.0,140.0,,100.0,2.0,36.97,,,0,trial
2026-07-07T20:35:25,reactive_hot_humid_bursty_r1,reactive,hot_humid,bursty,1,38.521,38.221,38.021,35.521,25.0,45.0,140.0,,100.0,2.0,36.96,,,0,trial
2026-07-07T20:35:25,reactive_hot_humid_bursty_r1,reactive,hot_humid,bursty,1,38.529,38.229,38.029,35.529,25.0,45.0,140.0,,100.0,2.0,36.96,,,0,trial
2026-07-07T20:35:25,reactive_hot_humid_bursty_r1,reactive,hot_humid,bursty,1,38.536,38.236,38.036,35.536,25.0,45.0,140.0,,100.0,2.0,36.96,,,0,trial
2026-07-07T20:35:25,reactive_hot_humid_bursty_r1,reactive,hot_humid,bursty,1,38.544,38.244,38.044,35.544,25.0,45.0,140.0,,100.0,2.0,36.95,,,0,trial
2026-07-07T20:35:25,reactive_hot_humid_bursty_r1,reactive,hot_humid,bursty,1,38.552,38.252,38.052,35.552,25.0,45.0,140.0,,100.0,2.0,36.95,,,0,trial
2026-07-07T20:35:25,reactive_hot_humid_bursty_r1,reactive,hot_humid,bursty,1,38.56,38.26,38.06,35.56,25.0,45.0,140.0,,100.0,2.0,36.94,,,0,trial
2026-07-07T20:35:25,reactive_hot_humid_bursty_r1,reactive,hot_humid,bursty,1,38.567,38.267,38.067,35.567,25.0,45.0,140.0,,100.0,2.0,36.94,,,0,trial
2026-07-07T20:35:25,reactive_hot_humid_bursty_r1,reactive,hot_humid,bursty,1,38.575,38.275,38.075,35.575,25.0,45.0,140.0,,100.0,2.0,36.93,,,0,trial
2026-07-07T20:35:25,reactive_hot_humid_bursty_r1,reactive,hot_humid,bursty,1,38.583,38.283,38.083,35.583,25.0,45.0,140.0,,100.0,2.0,36.93,,,0,trial
2026-07-07T20:35:25,reactive_hot_humid_bursty_r1,reactive,hot_humid,bursty,1,38.59,38.29,38.09,35.59,25.0,45.0,140.0,,100.0,2.0,36.92,,,0,trial
2026-07-07T20:35:25,reactive_hot_humid_bursty_r1,reactive,hot_humid,bursty,1,38.598,38.298,38.098,35.598,25.0,45.0,140.0,,100.0,2.0,36.92,,,0,trial
2026-07-07T20:35:25,reactive_hot_humid_bursty_r1,reactive,hot_humid,bursty,1,38.606,38.306,38.106,35.606,25.0,45.0,140.0,,100.0,2.0,36.92,,,0,trial
2026-07-07T20:35:25,reactive_hot_humid_bursty_r1,reactive,hot_humid,bursty,1,38.614,38.314,38.114,35.614,25.0,45.0,140.0,,100.0,2.0,36.91,,,0,trial
2026-07-07T20:35:25,reactive_hot_humid_bursty_r1,reactive,hot_humid,bursty,1,38.621,38.321,38.121,35.621,25.0,45.0,140.0,,100.0,2.0,36.91,,,0,trial
2026-07-07T20:35:25,reactive_hot_humid_bursty_r1,reactive,hot_humid,bursty,1,38.629,38.329,38.129,35.629,25.0,45.0,140.0,,100.0,2.0,36.9,,,0,trial
2026-07-07T20:35:25,reactive_hot_humid_bursty_r1,reactive,hot_humid,bursty,1,38.637,38.337,38.137,35.637,25.0,45.0,140.0,,100.0,2.0,36.9,,,0,trial
2026-07-07T20:35:25,reactive_hot_humid_bursty_r1,reactive,hot_humid,bursty,1,38.644,38.344,38.144,35.644,25.0,45.0,140.0,,100.0,2.0,36.89,,,0,trial
2026-07-07T20:35:25,reactive_hot_humid_bursty_r1,reactive,hot_humid,bursty,1,38.652,38.352,38.152,35.652,25.0,45.0,140.0,,100.0,2.0,36.88,,,0,trial
2026-07-07T20:35:25,reactive_hot_humid_bursty_r1,reactive,hot_humid,bursty,1,38.659,38.359,38.159,35.659,25.0,45.0,140.0,,100.0,2.0,36.88,,,0,trial
2026-07-07T20:35:25,reactive_hot_humid_bursty_r1,reactive,hot_humid,bursty,1,38.667,38.367,38.167,35.667,25.0,45.0,140.0,,100.0,2.0,36.87,,,0,trial
2026-07-07T20:35:25,reactive_hot_humid_bursty_r1,reactive,hot_humid,bursty,1,38.675,38.375,38.175,35.675,25.0,45.0,140.0,,100.0,2.0,36.87,,,0,trial
2026-07-07T20:35:25,reactive_hot_humid_bursty_r1,reactive,hot_humid,bursty,1,38.682,38.382,38.182,35.682,25.0,45.0,140.0,,100.0,2.0,36.86,,,0,trial
2026-07-07T20:35:25,reactive_hot_humid_bursty_r1,reactive,hot_humid,bursty,1,38.69,38.39,38.19,35.69,25.0,45.0,140.0,,100.0,2.0,36.86,,,0,trial
2026-07-07T20:35:25,reactive_hot_humid_bursty_r1,reactive,hot_humid,bursty,1,38.698,38.398,38.198,35.698,25.0,45.0,140.0,,100.0,2.0,36.85,,,0,trial
2026-07-07T20:35:25,reactive_hot_humid_bursty_r1,reactive,hot_humid,bursty,1,38.705,38.405,38.205,35.705,25.0,45.0,140.0,,100.0,2.0,36.85,,,0,trial
2026-07-07T20:35:25,reactive_hot_humid_bursty_r1,reactive,hot_humid,bursty,1,38.713,38.413,38.213,35.713,25.0,45.0,140.0,,100.0,2.0,36.84,,,0,trial
2026-07-07T20:35:25,reactive_hot_humid_bursty_r1,reactive,hot_humid,bursty,1,38.72,38.42,38.22,35.72,25.0,45.0,140.0,,100.0,2.0,36.84,,,0,trial
2026-07-07T20:35:25,reactive_hot_humid_bursty_r1,reactive,hot_humid,bursty,1,38.73,38.43,38.23,35.73,25.0,45.0,140.0,,75.0,1.5,36.83,,,0,trial
2026-07-07T20:35:25,reactive_hot_humid_bursty_r1,reactive,hot_humid,bursty,1,38.739,38.439,38.239,35.739,25.0,45.0,140.0,,75.0,1.5,36.82,,,0,trial
2026-07-07T20:35:25,reactive_hot_humid_bursty_r1,reactive,hot_humid,bursty,1,38.748,38.448,38.248,35.748,25.0,45.0,140.0,,75.0,1.5,36.82,,,0,trial
2026-07-07T20:35:25,reactive_hot_humid_bursty_r1,reactive,hot_humid,bursty,1,38.758,38.458,38.258,35.758,25.0,45.0,140.0,,75.0,1.5,36.81,,,0,trial
2026-07-07T20:35:25,reactive_hot_humid_bursty_r1,reactive,hot_humid,bursty,1,38.767,38.467,38.267,35.767,25.0,45.0,140.0,,75.0,1.5,36.81,,,0,trial
2026-07-07T20:35:25,reactive_hot_humid_bursty_r1,reactive,hot_humid,bursty,1,38.776,38.476,38.276,35.776,25.0,45.0,140.0,,75.0,1.5,36.8,,,0,trial
2026-07-07T20:35:25,reactive_hot_humid_bursty_r1,reactive,hot_humid,bursty,1,38.785,38.485,38.285,35.785,25.0,45.0,140.0,,75.0,1.5,36.79,,,0,trial
2026-07-07T20:35:25,reactive_hot_humid_bursty_r1,reactive,hot_humid,bursty,1,38.795,38.495,38.295,35.795,25.0,45.0,140.0,,75.0,1.5,36.79,,,0,trial
2026-07-07T20:35:25,reactive_hot_humid_bursty_r1,reactive,hot_humid,bursty,1,38.804,38.504,38.304,35.804,25.0,45.0,140.0,,75.0,1.5,36.78,,,0,trial
2026-07-07T20:35:25,reactive_hot_humid_bursty_r1,reactive,hot_humid,bursty,1,38.813,38.513,38.313,35.813,25.0,45.0,140.0,,75.0,1.5,36.77,,,0,trial
2026-07-07T20:35:25,reactive_hot_humid_bursty_r1,reactive,hot_humid,bursty,1,38.822,38.522,38.322,35.822,25.0,45.0,140.0,,75.0,1.5,36.77,,,0,trial
2026-07-07T20:35:25,reactive_hot_humid_bursty_r1,reactive,hot_humid,bursty,1,38.832,38.532,38.332,35.832,25.0,45.0,140.0,,75.0,1.5,36.76,,,0,trial
2026-07-07T20:35:25,reactive_hot_humid_bursty_r1,reactive,hot_humid,bursty,1,38.841,38.541,38.341,35.841,25.0,45.0,140.0,,75.0,1.5,36.76,,,0,trial
2026-07-07T20:35:25,reactive_hot_humid_bursty_r1,reactive,hot_humid,bursty,1,38.85,38.55,38.35,35.85,25.0,45.0,140.0,,75.0,1.5,36.75,,,0,trial
2026-07-07T20:35:25,reactive_hot_humid_bursty_r1,reactive,hot_humid,bursty,1,38.859,38.559,38.359,35.859,25.0,45.0,140.0,,75.0,1.5,36.74,,,0,trial
2026-07-07T20:35:25,reactive_hot_humid_bursty_r1,reactive,hot_humid,bursty,1,38.868,38.568,38.368,35.868,25.0,45.0,140.0,,75.0,1.5,36.74,,,0,trial
2026-07-07T20:35:25,reactive_hot_humid_bursty_r1,reactive,hot_humid,bursty,1,38.878,38.578,38.378,35.878,25.0,45.0,140.0,,75.0,1.5,36.73,,,0,trial
2026-07-07T20:35:25,reactive_hot_humid_bursty_r1,reactive,hot_humid,bursty,1,38.887,38.587,38.387,35.887,25.0,45.0,140.0,,75.0,1.5,36.72,,,0,trial
2026-07-07T20:35:25,reactive_hot_humid_bursty_r1,reactive,hot_humid,bursty,1,38.896,38.596,38.396,35.896,25.0,45.0,140.0,,75.0,1.5,36.72,,,0,trial
2026-07-07T20:35:25,reactive_hot_humid_bursty_r1,reactive,hot_humid,bursty,1,38.905,38.605,38.405,35.905,25.0,45.0,140.0,,75.0,1.5,36.71,,,0,trial
2026-07-07T20:35:25,reactive_hot_humid_bursty_r1,reactive,hot_humid,bursty,1,38.914,38.614,38.414,35.914,25.0,45.0,140.0,,75.0,1.5,36.7,,,0,trial
2026-07-07T20:35:25,reactive_hot_humid_bursty_r1,reactive,hot_humid,bursty,1,38.924,38.624,38.424,35.924,25.0,45.0,140.0,,75.0,1.5,36.69,,,0,trial
2026-07-07T20:35:25,reactive_hot_humid_bursty_r1,reactive,hot_humid,bursty,1,38.933,38.633,38.433,35.933,25.0,45.0,140.0,,75.0,1.5,36.69,,,0,trial
2026-07-07T20:35:25,reactive_hot_humid_bursty_r1,reactive,hot_humid,bursty,1,38.942,38.642,38.442,35.942,25.0,45.0,140.0,,75.0,1.5,36.68,,,0,trial
2026-07-07T20:35:25,reactive_hot_humid_bursty_r1,reactive,hot_humid,bursty,1,38.951,38.651,38.451,35.951,25.0,45.0,140.0,,75.0,1.5,36.67,,,0,trial
2026-07-07T20:35:25,reactive_hot_humid_bursty_r1,reactive,hot_humid,bursty,1,38.96,38.66,38.46,35.96,25.0,45.0,140.0,,75.0,1.5,36.67,,,0,trial
2026-07-07T20:35:25,reactive_hot_humid_bursty_r1,reactive,hot_humid,bursty,1,38.969,38.669,38.469,35.969,25.0,45.0,140.0,,75.0,1.5,36.66,,,0,trial
2026-07-07T20:35:25,reactive_hot_humid_bursty_r1,reactive,hot_humid,bursty,1,38.978,38.678,38.478,35.978,25.0,45.0,140.0,,75.0,1.5,36.65,,,0,trial
2026-07-07T20:35:25,reactive_hot_humid_bursty_r1,reactive,hot_humid,bursty,1,38.988,38.688,38.488,35.988,25.0,45.0,140.0,,75.0,1.5,36.64,,,0,trial
2026-07-07T20:35:25,reactive_hot_humid_bursty_r1,reactive,hot_humid,bursty,1,38.997,38.697,38.497,35.997,25.0,45.0,140.0,,75.0,1.5,36.64,,,0,trial
2026-07-07T20:35:25,reactive_hot_humid_bursty_r1,reactive,hot_humid,bursty,1,39.004,38.704,38.504,36.004,25.0,45.0,140.0,,100.0,2.0,36.63,,,0,trial
2026-07-07T20:35:25,reactive_hot_humid_bursty_r1,reactive,hot_humid,bursty,1,39.011,38.711,38.511,36.011,25.0,45.0,140.0,,100.0,2.0,36.62,,,0,trial
2026-07-07T20:35:25,reactive_hot_humid_bursty_r1,reactive,hot_humid,bursty,1,39.019,38.719,38.519,36.019,25.0,45.0,140.0,,100.0,2.0,36.61,,,0,trial
2026-07-07T20:35:25,reactive_hot_humid_bursty_r1,reactive,hot_humid,bursty,1,39.026,38.726,38.526,36.026,25.0,45.0,140.0,,100.0,2.0,36.61,,,0,trial
2026-07-07T20:35:25,reactive_hot_humid_bursty_r1,reactive,hot_humid,bursty,1,39.034,38.734,38.534,36.034,25.0,45.0,140.0,,100.0,2.0,36.6,,,0,trial
2026-07-07T20:35:25,reactive_hot_humid_bursty_r1,reactive,hot_humid,bursty,1,39.041,38.741,38.541,36.041,25.0,45.0,140.0,,100.0,2.0,36.59,,,0,trial
2026-07-07T20:35:25,reactive_hot_humid_bursty_r1,reactive,hot_humid,bursty,1,39.048,38.748,38.548,36.048,25.0,45.0,140.0,,100.0,2.0,36.58,,,0,trial
2026-07-07T20:35:25,reactive_hot_humid_bursty_r1,reactive,hot_humid,bursty,1,39.056,38.756,38.556,36.056,25.0,45.0,140.0,,100.0,2.0,36.58,,,0,trial
2026-07-07T20:35:25,reactive_hot_humid_bursty_r1,reactive,hot_humid,bursty,1,39.063,38.763,38.563,36.063,25.0,45.0,140.0,,100.0,2.0,36.57,,,0,trial
2026-07-07T20:35:25,reactive_hot_humid_bursty_r1,reactive,hot_humid,bursty,1,39.07,38.77,38.57,36.07,25.0,45.0,140.0,,100.0,2.0,36.56,,,0,trial
2026-07-07T20:35:25,reactive_hot_humid_bursty_r1,reactive,hot_humid,bursty,1,39.078,38.778,38.578,36.078,25.0,45.0,140.0,,100.0,2.0,36.55,,,0,trial
2026-07-07T20:35:25,reactive_hot_humid_bursty_r1,reactive,hot_humid,bursty,1,39.085,38.785,38.585,36.085,25.0,45.0,140.0,,100.0,2.0,36.54,,,0,trial
2026-07-07T20:35:25,reactive_hot_humid_bursty_r1,reactive,hot_humid,bursty,1,39.092,38.792,38.592,36.092,25.0,45.0,140.0,,100.0,2.0,36.54,,,0,trial
2026-07-07T20:35:25,reactive_hot_humid_bursty_r1,reactive,hot_humid,bursty,1,39.099,38.799,38.599,36.099,25.0,45.0,140.0,,100.0,2.0,36.53,,,0,trial
2026-07-07T20:35:25,reactive_hot_humid_bursty_r1,reactive,hot_humid,bursty,1,39.107,38.807,38.607,36.107,25.0,45.0,140.0,,100.0,2.0,36.52,,,0,trial
2026-07-07T20:35:25,reactive_hot_humid_bursty_r1,reactive,hot_humid,bursty,1,39.114,38.814,38.614,36.114,25.0,45.0,140.0,,100.0,2.0,36.51,,,0,trial
2026-07-07T20:35:25,reactive_hot_humid_bursty_r1,reactive,hot_humid,bursty,1,39.121,38.821,38.621,36.121,25.0,45.0,140.0,,100.0,2.0,36.5,,,0,trial
2026-07-07T20:35:25,reactive_hot_humid_bursty_r1,reactive,hot_humid,bursty,1,39.129,38.829,38.629,36.129,25.0,45.0,140.0,,100.0,2.0,36.49,,,0,trial
2026-07-07T20:35:25,reactive_hot_humid_bursty_r1,reactive,hot_humid,bursty,1,39.136,38.836,38.636,36.136,25.0,45.0,140.0,,100.0,2.0,36.49,,,0,trial
2026-07-07T20:35:25,reactive_hot_humid_bursty_r1,reactive,hot_humid,bursty,1,39.143,38.843,38.643,36.143,25.0,45.0,140.0,,100.0,2.0,36.48,,,0,trial
2026-07-07T20:35:25,reactive_hot_humid_bursty_r1,reactive,hot_humid,bursty,1,39.15,38.85,38.65,36.15,25.0,45.0,140.0,,100.0,2.0,36.47,,,0,trial
2026-07-07T20:35:25,reactive_hot_humid_bursty_r1,reactive,hot_humid,bursty,1,39.158,38.858,38.658,36.158,25.0,45.0,140.0,,100.0,2.0,36.46,,,0,trial
2026-07-07T20:35:25,reactive_hot_humid_bursty_r1,reactive,hot_humid,bursty,1,39.165,38.865,38.665,36.165,25.0,45.0,140.0,,100.0,2.0,36.45,,,0,trial
2026-07-07T20:35:25,reactive_hot_humid_bursty_r1,reactive,hot_humid,bursty,1,39.172,38.872,38.672,36.172,25.0,45.0,140.0,,100.0,2.0,36.44,,,0,trial
2026-07-07T20:35:25,reactive_hot_humid_bursty_r1,reactive,hot_humid,bursty,1,39.179,38.879,38.679,36.179,25.0,45.0,140.0,,100.0,2.0,36.43,,,0,trial
2026-07-07T20:35:25,reactive_hot_humid_bursty_r1,reactive,hot_humid,bursty,1,39.187,38.887,38.687,36.187,25.0,45.0,140.0,,100.0,2.0,36.43,,,0,trial
2026-07-07T20:35:25,reactive_hot_humid_bursty_r1,reactive,hot_humid,bursty,1,39.194,38.894,38.694,36.194,25.0,45.0,140.0,,100.0,2.0,36.42,,,0,trial
2026-07-07T20:35:25,reactive_hot_humid_bursty_r1,reactive,hot_humid,bursty,1,39.201,38.901,38.701,36.201,25.0,45.0,140.0,,100.0,2.0,36.41,,,0,trial
2026-07-07T20:35:25,reactive_hot_humid_bursty_r1,reactive,hot_humid,bursty,1,39.208,38.908,38.708,36.208,25.0,45.0,140.0,,100.0,2.0,36.4,,,0,trial
2026-07-07T20:35:25,reactive_hot_humid_bursty_r1,reactive,hot_humid,bursty,1,39.215,38.915,38.715,36.215,25.0,45.0,140.0,,100.0,2.0,36.39,,,0,trial
2026-07-07T20:35:25,reactive_hot_humid_bursty_r1,reactive,hot_humid,bursty,1,39.223,38.923,38.723,36.223,25.0,45.0,140.0,,100.0,2.0,36.38,,,0,trial
2026-07-07T20:35:25,reactive_hot_humid_bursty_r1,reactive,hot_humid,bursty,1,39.23,38.93,38.73,36.23,25.0,45.0,140.0,,100.0,2.0,36.37,,,0,trial
2026-07-07T20:35:25,reactive_hot_humid_bursty_r1,reactive,hot_humid,bursty,1,39.237,38.937,38.737,36.237,25.0,45.0,140.0,,100.0,2.0,36.36,,,0,trial
2026-07-07T20:35:25,reactive_hot_humid_bursty_r1,reactive,hot_humid,bursty,1,39.244,38.944,38.744,36.244,25.0,45.0,140.0,,100.0,2.0,36.35,,,0,trial
2026-07-07T20:35:25,reactive_hot_humid_bursty_r1,reactive,hot_humid,bursty,1,39.251,38.951,38.751,36.251,25.0,45.0,140.0,,100.0,2.0,36.34,,,0,trial
2026-07-07T20:35:25,reactive_hot_humid_bursty_r1,reactive,hot_humid,bursty,1,39.258,38.958,38.758,36.258,25.0,45.0,140.0,,100.0,2.0,36.34,,,0,trial
2026-07-07T20:35:25,reactive_hot_humid_bursty_r1,reactive,hot_humid,bursty,1,39.266,38.966,38.766,36.266,25.0,45.0,140.0,,100.0,2.0,36.33,,,0,trial
2026-07-07T20:35:25,reactive_hot_humid_bursty_r1,reactive,hot_humid,bursty,1,39.273,38.973,38.773,36.273,25.0,45.0,140.0,,100.0,2.0,36.32,,,0,trial
2026-07-07T20:35:25,reactive_hot_humid_bursty_r1,reactive,hot_humid,bursty,1,39.28,38.98,38.78,36.28,25.0,45.0,140.0,,100.0,2.0,36.31,,,0,trial
2026-07-07T20:35:25,reactive_hot_humid_bursty_r1,reactive,hot_humid,bursty,1,39.287,38.987,38.787,36.287,25.0,45.0,140.0,,100.0,2.0,36.3,,,0,trial
2026-07-07T20:35:25,reactive_hot_humid_bursty_r1,reactive,hot_humid,bursty,1,39.294,38.994,38.794,36.294,25.0,45.0,140.0,,100.0,2.0,36.29,,,0,trial
2026-07-07T20:35:25,reactive_hot_humid_bursty_r1,reactive,hot_humid,bursty,1,39.301,39.001,38.801,36.301,25.0,45.0,140.0,,100.0,2.0,36.28,,,0,trial
2026-07-07T20:35:25,reactive_hot_humid_bursty_r1,reactive,hot_humid,bursty,1,39.309,39.009,38.809,36.309,25.0,45.0,140.0,,100.0,2.0,36.27,,,0,trial
2026-07-07T20:35:25,reactive_hot_humid_bursty_r1,reactive,hot_humid,bursty,1,39.316,39.016,38.816,36.316,25.0,45.0,140.0,,100.0,2.0,36.26,,,0,trial
2026-07-07T20:35:25,reactive_hot_humid_bursty_r1,reactive,hot_humid,bursty,1,39.323,39.023,38.823,36.323,25.0,45.0,140.0,,100.0,2.0,36.25,,,0,trial
2026-07-07T20:35:25,reactive_hot_humid_bursty_r1,reactive,hot_humid,bursty,1,39.33,39.03,38.83,36.33,25.0,45.0,140.0,,100.0,2.0,36.24,,,0,trial
2026-07-07T20:35:25,reactive_hot_humid_bursty_r1,reactive,hot_humid,bursty,1,39.337,39.037,38.837,36.337,25.0,45.0,140.0,,100.0,2.0,36.23,,,0,trial
2026-07-07T20:35:25,reactive_hot_humid_bursty_r1,reactive,hot_humid,bursty,1,39.344,39.044,38.844,36.344,25.0,45.0,140.0,,100.0,2.0,36.22,,,0,trial
2026-07-07T20:35:25,reactive_hot_humid_bursty_r1,reactive,hot_humid,bursty,1,39.351,39.051,38.851,36.351,25.0,45.0,140.0,,100.0,2.0,36.21,,,0,trial
2026-07-07T20:35:25,reactive_hot_humid_bursty_r1,reactive,hot_humid,bursty,1,39.358,39.058,38.858,36.358,25.0,45.0,140.0,,100.0,2.0,36.2,,,0,trial
2026-07-07T20:35:25,reactive_hot_humid_bursty_r1,reactive,hot_humid,bursty,1,39.365,39.065,38.865,36.365,25.0,45.0,140.0,,100.0,2.0,36.19,,,0,trial
2026-07-07T20:35:25,reactive_hot_humid_bursty_r1,reactive,hot_humid,bursty,1,39.372,39.072,38.872,36.372,25.0,45.0,140.0,,100.0,2.0,36.18,,,0,trial
2026-07-07T20:35:25,reactive_hot_humid_bursty_r1,reactive,hot_humid,bursty,1,39.38,39.08,38.88,36.38,25.0,45.0,140.0,,100.0,2.0,36.17,,,0,trial
2026-07-07T20:35:25,reactive_hot_humid_bursty_r1,reactive,hot_humid,bursty,1,39.387,39.087,38.887,36.387,25.0,45.0,140.0,,100.0,2.0,36.16,,,0,trial
2026-07-07T20:35:25,reactive_hot_humid_bursty_r1,reactive,hot_humid,bursty,1,39.394,39.094,38.894,36.394,25.0,45.0,140.0,,100.0,2.0,36.15,,,0,trial
2026-07-07T20:35:25,reactive_hot_humid_bursty_r1,reactive,hot_humid,bursty,1,39.401,39.101,38.901,36.401,25.0,45.0,140.0,,100.0,2.0,36.14,,,0,trial
2026-07-07T20:35:25,reactive_hot_humid_bursty_r1,reactive,hot_humid,bursty,1,39.408,39.108,38.908,36.408,25.0,45.0,140.0,,100.0,2.0,36.13,,,0,trial
2026-07-07T20:35:25,reactive_hot_humid_bursty_r1,reactive,hot_humid,bursty,1,39.415,39.115,38.915,36.415,25.0,45.0,140.0,,100.0,2.0,36.12,,,0,trial
2026-07-07T20:35:25,reactive_hot_humid_bursty_r1,reactive,hot_humid,bursty,1,39.422,39.122,38.922,36.422,25.0,45.0,140.0,,100.0,2.0,36.11,,,0,trial
2026-07-07T20:35:25,reactive_hot_humid_bursty_r1,reactive,hot_humid,bursty,1,39.429,39.129,38.929,36.429,25.0,45.0,140.0,,100.0,2.0,36.1,,,0,trial
2026-07-07T20:35:25,reactive_hot_humid_bursty_r1,reactive,hot_humid,bursty,1,39.438,39.138,38.938,36.438,25.0,45.0,140.0,,75.0,1.5,36.09,,,0,trial
2026-07-07T20:35:25,reactive_hot_humid_bursty_r1,reactive,hot_humid,bursty,1,39.447,39.147,38.947,36.447,25.0,45.0,140.0,,75.0,1.5,36.08,,,0,trial
2026-07-07T20:35:25,reactive_hot_humid_bursty_r1,reactive,hot_humid,bursty,1,39.455,39.155,38.955,36.455,25.0,45.0,140.0,,75.0,1.5,36.07,,,0,trial
2026-07-07T20:35:25,reactive_hot_humid_bursty_r1,reactive,hot_humid,bursty,1,39.464,39.164,38.964,36.464,25.0,45.0,140.0,,75.0,1.5,36.06,,,0,trial
2026-07-07T20:35:25,reactive_hot_humid_bursty_r1,reactive,hot_humid,bursty,1,39.473,39.173,38.973,36.473,25.0,45.0,140.0,,75.0,1.5,36.05,,,0,trial
2026-07-07T20:35:25,reactive_hot_humid_bursty_r1,reactive,hot_humid,bursty,1,39.482,39.182,38.982,36.482,25.0,45.0,140.0,,75.0,1.5,36.04,,,0,trial
2026-07-07T20:35:25,reactive_hot_humid_bursty_r1,reactive,hot_humid,bursty,1,39.491,39.191,38.991,36.491,25.0,45.0,140.0,,75.0,1.5,36.03,,,0,trial
2026-07-07T20:35:25,reactive_hot_humid_bursty_r1,reactive,hot_humid,bursty,1,39.499,39.199,38.999,36.499,25.0,45.0,140.0,,75.0,1.5,36.02,,,0,trial
2026-07-07T20:35:25,reactive_hot_humid_bursty_r1,reactive,hot_humid,bursty,1,39.508,39.208,39.008,36.508,25.0,45.0,140.0,,75.0,1.5,36.01,,,0,trial
2026-07-07T20:35:25,reactive_hot_humid_bursty_r1,reactive,hot_humid,bursty,1,39.517,39.217,39.017,36.517,25.0,45.0,140.0,,75.0,1.5,36.0,,,0,trial
2026-07-07T20:35:25,reactive_hot_humid_bursty_r1,reactive,hot_humid,bursty,1,39.526,39.226,39.026,36.526,25.0,45.0,140.0,,75.0,1.5,35.99,,,0,trial
2026-07-07T20:35:25,reactive_hot_humid_bursty_r1,reactive,hot_humid,bursty,1,39.534,39.234,39.034,36.534,25.0,45.0,140.0,,75.0,1.5,35.97,,,0,trial
2026-07-07T20:35:25,reactive_hot_humid_bursty_r1,reactive,hot_humid,bursty,1,39.543,39.243,39.043,36.543,25.0,45.0,140.0,,75.0,1.5,35.96,,,0,trial
2026-07-07T20:35:25,reactive_hot_humid_bursty_r1,reactive,hot_humid,bursty,1,39.552,39.252,39.052,36.552,25.0,45.0,140.0,,75.0,1.5,35.95,,,0,trial
2026-07-07T20:35:25,reactive_hot_humid_bursty_r1,reactive,hot_humid,bursty,1,39.561,39.261,39.061,36.561,25.0,45.0,140.0,,75.0,1.5,35.94,,,0,trial
2026-07-07T20:35:25,reactive_hot_humid_bursty_r1,reactive,hot_humid,bursty,1,39.569,39.269,39.069,36.569,25.0,45.0,140.0,,75.0,1.5,35.93,,,0,trial
2026-07-07T20:35:25,reactive_hot_humid_bursty_r1,reactive,hot_humid,bursty,1,39.578,39.278,39.078,36.578,25.0,45.0,140.0,,75.0,1.5,35.92,,,0,trial
2026-07-07T20:35:25,reactive_hot_humid_bursty_r1,reactive,hot_humid,bursty,1,39.587,39.287,39.087,36.587,25.0,45.0,140.0,,75.0,1.5,35.91,,,0,trial
2026-07-07T20:35:25,reactive_hot_humid_bursty_r1,reactive,hot_humid,bursty,1,39.596,39.296,39.096,36.596,25.0,45.0,140.0,,75.0,1.5,35.9,,,0,trial
2026-07-07T20:35:25,reactive_hot_humid_bursty_r1,reactive,hot_humid,bursty,1,39.604,39.304,39.104,36.604,25.0,45.0,140.0,,75.0,1.5,35.89,,,0,trial
2026-07-07T20:35:25,reactive_hot_humid_bursty_r1,reactive,hot_humid,bursty,1,39.613,39.313,39.113,36.613,25.0,45.0,140.0,,75.0,1.5,35.88,,,0,trial
2026-07-07T20:35:25,reactive_hot_humid_bursty_r1,reactive,hot_humid,bursty,1,39.622,39.322,39.122,36.622,25.0,45.0,140.0,,75.0,1.5,35.87,,,0,trial
2026-07-07T20:35:25,reactive_hot_humid_bursty_r1,reactive,hot_humid,bursty,1,39.63,39.33,39.13,36.63,25.0,45.0,140.0,,75.0,1.5,35.85,,,0,trial
2026-07-07T20:35:25,reactive_hot_humid_bursty_r1,reactive,hot_humid,bursty,1,39.639,39.339,39.139,36.639,25.0,45.0,140.0,,75.0,1.5,35.84,,,0,trial
2026-07-07T20:35:25,reactive_hot_humid_bursty_r1,reactive,hot_humid,bursty,1,39.648,39.348,39.148,36.648,25.0,45.0,140.0,,75.0,1.5,35.83,,,0,trial
2026-07-07T20:35:25,reactive_hot_humid_bursty_r1,reactive,hot_humid,bursty,1,39.657,39.357,39.157,36.657,25.0,45.0,140.0,,75.0,1.5,35.82,,,0,trial
2026-07-07T20:35:25,reactive_hot_humid_bursty_r1,reactive,hot_humid,bursty,1,39.665,39.365,39.165,36.665,25.0,45.0,140.0,,75.0,1.5,35.81,,,0,trial
2026-07-07T20:35:25,reactive_hot_humid_bursty_r1,reactive,hot_humid,bursty,1,39.674,39.374,39.174,36.674,25.0,45.0,140.0,,75.0,1.5,35.8,,,0,trial
2026-07-07T20:35:25,reactive_hot_humid_bursty_r1,reactive,hot_humid,bursty,1,39.683,39.383,39.183,36.683,25.0,45.0,140.0,,75.0,1.5,35.79,,,0,trial
2026-07-07T20:35:25,reactive_hot_humid_bursty_r1,reactive,hot_humid,bursty,1,39.681,39.381,39.181,36.681,25.0,45.0,60.0,,75.0,1.5,35.78,,,0,trial
2026-07-07T20:35:25,reactive_hot_humid_bursty_r1,reactive,hot_humid,bursty,1,39.677,39.377,39.177,36.677,25.0,45.0,60.0,,100.0,2.0,35.76,,,0,trial
2026-07-07T20:35:25,reactive_hot_humid_bursty_r1,reactive,hot_humid,bursty,1,39.673,39.373,39.173,36.673,25.0,45.0,60.0,,100.0,2.0,35.75,,,0,trial
2026-07-07T20:35:25,reactive_hot_humid_bursty_r1,reactive,hot_humid,bursty,1,39.67,39.37,39.17,36.67,25.0,45.0,60.0,,100.0,2.0,35.74,,,0,trial
2026-07-07T20:35:25,reactive_hot_humid_bursty_r1,reactive,hot_humid,bursty,1,39.666,39.366,39.166,36.666,25.0,45.0,60.0,,100.0,2.0,35.73,,,0,trial
2026-07-07T20:35:25,reactive_hot_humid_bursty_r1,reactive,hot_humid,bursty,1,39.662,39.362,39.162,36.662,25.0,45.0,60.0,,100.0,2.0,35.72,,,0,trial
2026-07-07T20:35:25,reactive_hot_humid_bursty_r1,reactive,hot_humid,bursty,1,39.659,39.359,39.159,36.659,25.0,45.0,60.0,,100.0,2.0,35.71,,,0,trial
2026-07-07T20:35:25,reactive_hot_humid_bursty_r1,reactive,hot_humid,bursty,1,39.655,39.355,39.155,36.655,25.0,45.0,60.0,,100.0,2.0,35.7,,,0,trial
2026-07-07T20:35:25,reactive_hot_humid_bursty_r1,reactive,hot_humid,bursty,1,39.651,39.351,39.151,36.651,25.0,45.0,60.0,,100.0,2.0,35.68,,,0,trial
2026-07-07T20:35:25,reactive_hot_humid_bursty_r1,reactive,hot_humid,bursty,1,39.648,39.348,39.148,36.648,25.0,45.0,60.0,,100.0,2.0,35.67,,,0,trial
2026-07-07T20:35:25,reactive_hot_humid_bursty_r1,reactive,hot_humid,bursty,1,39.644,39.344,39.144,36.644,25.0,45.0,60.0,,100.0,2.0,35.66,,,0,trial
2026-07-07T20:35:25,reactive_hot_humid_bursty_r1,reactive,hot_humid,bursty,1,39.64,39.34,39.14,36.64,25.0,45.0,60.0,,100.0,2.0,35.65,,,0,trial
2026-07-07T20:35:25,reactive_hot_humid_bursty_r1,reactive,hot_humid,bursty,1,39.637,39.337,39.137,36.637,25.0,45.0,60.0,,100.0,2.0,35.64,,,0,trial
2026-07-07T20:35:25,reactive_hot_humid_bursty_r1,reactive,hot_humid,bursty,1,39.633,39.333,39.133,36.633,25.0,45.0,60.0,,100.0,2.0,35.63,,,0,trial
2026-07-07T20:35:25,reactive_hot_humid_bursty_r1,reactive,hot_humid,bursty,1,39.629,39.329,39.129,36.629,25.0,45.0,60.0,,100.0,2.0,35.61,,,0,trial
2026-07-07T20:35:25,reactive_hot_humid_bursty_r1,reactive,hot_humid,bursty,1,39.626,39.326,39.126,36.626,25.0,45.0,60.0,,100.0,2.0,35.6,,,0,trial
2026-07-07T20:35:25,reactive_hot_humid_bursty_r1,reactive,hot_humid,bursty,1,39.622,39.322,39.122,36.622,25.0,45.0,60.0,,100.0,2.0,35.59,,,0,trial
2026-07-07T20:35:25,reactive_hot_humid_bursty_r1,reactive,hot_humid,bursty,1,39.618,39.318,39.118,36.618,25.0,45.0,60.0,,100.0,2.0,35.58,,,0,trial
2026-07-07T20:35:25,reactive_hot_humid_bursty_r1,reactive,hot_humid,bursty,1,39.615,39.315,39.115,36.615,25.0,45.0,60.0,,100.0,2.0,35.57,,,0,trial
2026-07-07T20:35:25,reactive_hot_humid_bursty_r1,reactive,hot_humid,bursty,1,39.611,39.311,39.111,36.611,25.0,45.0,60.0,,100.0,2.0,35.56,,,0,trial
2026-07-07T20:35:25,reactive_hot_humid_bursty_r1,reactive,hot_humid,bursty,1,39.607,39.307,39.107,36.607,25.0,45.0,60.0,,100.0,2.0,35.54,,,0,trial
2026-07-07T20:35:25,reactive_hot_humid_bursty_r1,reactive,hot_humid,bursty,1,39.604,39.304,39.104,36.604,25.0,45.0,60.0,,100.0,2.0,35.53,,,0,trial
2026-07-07T20:35:25,reactive_hot_humid_bursty_r1,reactive,hot_humid,bursty,1,39.6,39.3,39.1,36.6,25.0,45.0,60.0,,100.0,2.0,35.52,,,0,trial
2026-07-07T20:35:25,reactive_hot_humid_bursty_r1,reactive,hot_humid,bursty,1,39.596,39.296,39.096,36.596,25.0,45.0,60.0,,100.0,2.0,35.51,,,0,trial
2026-07-07T20:35:25,reactive_hot_humid_bursty_r1,reactive,hot_humid,bursty,1,39.593,39.293,39.093,36.593,25.0,45.0,60.0,,100.0,2.0,35.5,,,0,trial
2026-07-07T20:35:25,reactive_hot_humid_bursty_r1,reactive,hot_humid,bursty,1,39.589,39.289,39.089,36.589,25.0,45.0,60.0,,100.0,2.0,35.48,,,0,trial
2026-07-07T20:35:25,reactive_hot_humid_bursty_r1,reactive,hot_humid,bursty,1,39.586,39.286,39.086,36.586,25.0,45.0,60.0,,100.0,2.0,35.47,,,0,trial
2026-07-07T20:35:25,reactive_hot_humid_bursty_r1,reactive,hot_humid,bursty,1,39.582,39.282,39.082,36.582,25.0,45.0,60.0,,100.0,2.0,35.46,,,0,trial
2026-07-07T20:35:25,reactive_hot_humid_bursty_r1,reactive,hot_humid,bursty,1,39.578,39.278,39.078,36.578,25.0,45.0,60.0,,100.0,2.0,35.45,,,0,trial
2026-07-07T20:35:25,reactive_hot_humid_bursty_r1,reactive,hot_humid,bursty,1,39.575,39.275,39.075,36.575,25.0,45.0,60.0,,100.0,2.0,35.44,,,0,trial
2026-07-07T20:35:25,reactive_hot_humid_bursty_r1,reactive,hot_humid,bursty,1,39.571,39.271,39.071,36.571,25.0,45.0,60.0,,100.0,2.0,35.42,,,0,trial
2026-07-07T20:35:25,reactive_hot_humid_bursty_r1,reactive,hot_humid,bursty,1,39.568,39.268,39.068,36.568,25.0,45.0,60.0,,100.0,2.0,35.41,,,0,trial
2026-07-07T20:35:25,reactive_hot_humid_bursty_r1,reactive,hot_humid,bursty,1,39.564,39.264,39.064,36.564,25.0,45.0,60.0,,100.0,2.0,35.4,,,0,trial
2026-07-07T20:35:25,reactive_hot_humid_bursty_r1,reactive,hot_humid,bursty,1,39.56,39.26,39.06,36.56,25.0,45.0,60.0,,100.0,2.0,35.39,,,0,trial
2026-07-07T20:35:25,reactive_hot_humid_bursty_r1,reactive,hot_humid,bursty,1,39.557,39.257,39.057,36.557,25.0,45.0,60.0,,100.0,2.0,35.37,,,0,trial
2026-07-07T20:35:25,reactive_hot_humid_bursty_r1,reactive,hot_humid,bursty,1,39.553,39.253,39.053,36.553,25.0,45.0,60.0,,100.0,2.0,35.36,,,0,trial
2026-07-07T20:35:25,reactive_hot_humid_bursty_r1,reactive,hot_humid,bursty,1,39.55,39.25,39.05,36.55,25.0,45.0,60.0,,100.0,2.0,35.35,,,0,trial
2026-07-07T20:35:25,reactive_hot_humid_bursty_r1,reactive,hot_humid,bursty,1,39.546,39.246,39.046,36.546,25.0,45.0,60.0,,100.0,2.0,35.34,,,0,trial
2026-07-07T20:35:25,reactive_hot_humid_bursty_r1,reactive,hot_humid,bursty,1,39.542,39.242,39.042,36.542,25.0,45.0,60.0,,100.0,2.0,35.33,,,0,trial
2026-07-07T20:35:25,reactive_hot_humid_bursty_r1,reactive,hot_humid,bursty,1,39.539,39.239,39.039,36.539,25.0,45.0,60.0,,100.0,2.0,35.31,,,0,trial
2026-07-07T20:35:25,reactive_hot_humid_bursty_r1,reactive,hot_humid,bursty,1,39.535,39.235,39.035,36.535,25.0,45.0,60.0,,100.0,2.0,35.3,,,0,trial
2026-07-07T20:35:25,reactive_hot_humid_bursty_r1,reactive,hot_humid,bursty,1,39.532,39.232,39.032,36.532,25.0,45.0,60.0,,100.0,2.0,35.29,,,0,trial
2026-07-07T20:35:25,reactive_hot_humid_bursty_r1,reactive,hot_humid,bursty,1,39.528,39.228,39.028,36.528,25.0,45.0,60.0,,100.0,2.0,35.28,,,0,trial
2026-07-07T20:35:25,reactive_hot_humid_bursty_r1,reactive,hot_humid,bursty,1,39.524,39.224,39.024,36.524,25.0,45.0,60.0,,100.0,2.0,35.26,,,0,trial
2026-07-07T20:35:25,reactive_hot_humid_bursty_r1,reactive,hot_humid,bursty,1,39.521,39.221,39.021,36.521,25.0,45.0,60.0,,100.0,2.0,35.25,,,0,trial
2026-07-07T20:35:25,reactive_hot_humid_bursty_r1,reactive,hot_humid,bursty,1,39.517,39.217,39.017,36.517,25.0,45.0,60.0,,100.0,2.0,35.24,,,0,trial
2026-07-07T20:35:25,reactive_hot_humid_bursty_r1,reactive,hot_humid,bursty,1,39.514,39.214,39.014,36.514,25.0,45.0,60.0,,100.0,2.0,35.23,,,0,trial
2026-07-07T20:35:25,reactive_hot_humid_bursty_r1,reactive,hot_humid,bursty,1,39.51,39.21,39.01,36.51,25.0,45.0,60.0,,100.0,2.0,35.21,,,0,trial
2026-07-07T20:35:25,reactive_hot_humid_bursty_r1,reactive,hot_humid,bursty,1,39.507,39.207,39.007,36.507,25.0,45.0,60.0,,100.0,2.0,35.2,,,0,trial
2026-07-07T20:35:25,reactive_hot_humid_bursty_r1,reactive,hot_humid,bursty,1,39.503,39.203,39.003,36.503,25.0,45.0,60.0,,100.0,2.0,35.19,,,0,trial
2026-07-07T20:35:25,reactive_hot_humid_bursty_r1,reactive,hot_humid,bursty,1,39.499,39.199,38.999,36.499,25.0,45.0,60.0,,100.0,2.0,35.18,,,0,trial
2026-07-07T20:35:25,reactive_hot_humid_bursty_r1,reactive,hot_humid,bursty,1,39.496,39.196,38.996,36.496,25.0,45.0,60.0,,100.0,2.0,35.16,,,0,trial
2026-07-07T20:35:25,reactive_hot_humid_bursty_r1,reactive,hot_humid,bursty,1,39.492,39.192,38.992,36.492,25.0,45.0,60.0,,100.0,2.0,35.15,,,0,trial
2026-07-07T20:35:25,reactive_hot_humid_bursty_r1,reactive,hot_humid,bursty,1,39.489,39.189,38.989,36.489,25.0,45.0,60.0,,100.0,2.0,35.14,,,0,trial
2026-07-07T20:35:25,reactive_hot_humid_bursty_r1,reactive,hot_humid,bursty,1,39.485,39.185,38.985,36.485,25.0,45.0,60.0,,100.0,2.0,35.13,,,0,trial
2026-07-07T20:35:25,reactive_hot_humid_bursty_r1,reactive,hot_humid,bursty,1,39.482,39.182,38.982,36.482,25.0,45.0,60.0,,100.0,2.0,35.11,,,0,trial
2026-07-07T20:35:25,reactive_hot_humid_bursty_r1,reactive,hot_humid,bursty,1,39.478,39.178,38.978,36.478,25.0,45.0,60.0,,100.0,2.0,35.1,,,0,trial
2026-07-07T20:35:25,reactive_hot_humid_bursty_r1,reactive,hot_humid,bursty,1,39.475,39.175,38.975,36.475,25.0,45.0,60.0,,100.0,2.0,35.09,,,0,trial
2026-07-07T20:35:25,reactive_hot_humid_bursty_r1,reactive,hot_humid,bursty,1,39.471,39.171,38.971,36.471,25.0,45.0,60.0,,100.0,2.0,35.07,,,0,trial
2026-07-07T20:35:25,reactive_hot_humid_bursty_r1,reactive,hot_humid,bursty,1,39.468,39.168,38.968,36.468,25.0,45.0,60.0,,100.0,2.0,35.06,,,0,trial
2026-07-07T20:35:25,reactive_hot_humid_bursty_r1,reactive,hot_humid,bursty,1,39.464,39.164,38.964,36.464,25.0,45.0,60.0,,100.0,2.0,35.05,,,0,trial
2026-07-07T20:35:25,reactive_hot_humid_bursty_r1,reactive,hot_humid,bursty,1,39.461,39.161,38.961,36.461,25.0,45.0,60.0,,100.0,2.0,35.04,,,0,trial
2026-07-07T20:35:25,reactive_hot_humid_bursty_r1,reactive,hot_humid,bursty,1,39.457,39.157,38.957,36.457,25.0,45.0,60.0,,100.0,2.0,35.02,,,0,trial
2026-07-07T20:35:25,reactive_hot_humid_bursty_r1,reactive,hot_humid,bursty,1,39.454,39.154,38.954,36.454,25.0,45.0,60.0,,100.0,2.0,35.01,,,0,trial
2026-07-07T20:35:25,reactive_hot_humid_bursty_r1,reactive,hot_humid,bursty,1,39.45,39.15,38.95,36.45,25.0,45.0,60.0,,100.0,2.0,35.0,,,0,trial
2026-07-07T20:35:25,reactive_hot_humid_bursty_r1,reactive,hot_humid,bursty,1,39.446,39.146,38.946,36.446,25.0,45.0,60.0,,100.0,2.0,34.99,,,0,trial
2026-07-07T20:35:25,reactive_hot_humid_bursty_r1,reactive,hot_humid,bursty,1,39.443,39.143,38.943,36.443,25.0,45.0,60.0,,100.0,2.0,34.97,,,0,trial
2026-07-07T20:35:25,reactive_hot_humid_bursty_r1,reactive,hot_humid,bursty,1,39.439,39.139,38.939,36.439,25.0,45.0,60.0,,100.0,2.0,34.96,,,0,trial
2026-07-07T20:35:25,reactive_hot_humid_bursty_r1,reactive,hot_humid,bursty,1,39.436,39.136,38.936,36.436,25.0,45.0,60.0,,100.0,2.0,34.95,,,0,trial
2026-07-07T20:35:25,reactive_hot_humid_bursty_r1,reactive,hot_humid,bursty,1,39.432,39.132,38.932,36.432,25.0,45.0,60.0,,100.0,2.0,34.93,,,0,trial
2026-07-07T20:35:25,reactive_hot_humid_bursty_r1,reactive,hot_humid,bursty,1,39.429,39.129,38.929,36.429,25.0,45.0,60.0,,100.0,2.0,34.92,,,0,trial
2026-07-07T20:35:25,reactive_hot_humid_bursty_r1,reactive,hot_humid,bursty,1,39.425,39.125,38.925,36.425,25.0,45.0,60.0,,100.0,2.0,34.91,,,0,trial
2026-07-07T20:35:25,reactive_hot_humid_bursty_r1,reactive,hot_humid,bursty,1,39.422,39.122,38.922,36.422,25.0,45.0,60.0,,100.0,2.0,34.9,,,0,trial
2026-07-07T20:35:25,reactive_hot_humid_bursty_r1,reactive,hot_humid,bursty,1,39.418,39.118,38.918,36.418,25.0,45.0,60.0,,100.0,2.0,34.88,,,0,trial
2026-07-07T20:35:25,reactive_hot_humid_bursty_r1,reactive,hot_humid,bursty,1,39.415,39.115,38.915,36.415,25.0,45.0,60.0,,100.0,2.0,34.87,,,0,trial
2026-07-07T20:35:25,reactive_hot_humid_bursty_r1,reactive,hot_humid,bursty,1,39.412,39.112,38.912,36.412,25.0,45.0,60.0,,100.0,2.0,34.86,,,0,trial
2026-07-07T20:35:25,reactive_hot_humid_bursty_r1,reactive,hot_humid,bursty,1,39.408,39.108,38.908,36.408,25.0,45.0,60.0,,100.0,2.0,34.84,,,0,trial
2026-07-07T20:35:25,reactive_hot_humid_bursty_r1,reactive,hot_humid,bursty,1,39.405,39.105,38.905,36.405,25.0,45.0,60.0,,100.0,2.0,34.83,,,0,trial
2026-07-07T20:35:25,reactive_hot_humid_bursty_r1,reactive,hot_humid,bursty,1,39.401,39.101,38.901,36.401,25.0,45.0,60.0,,100.0,2.0,34.82,,,0,trial
2026-07-07T20:35:25,reactive_hot_humid_bursty_r1,reactive,hot_humid,bursty,1,39.398,39.098,38.898,36.398,25.0,45.0,60.0,,100.0,2.0,34.81,,,0,trial
2026-07-07T20:35:25,reactive_hot_humid_bursty_r1,reactive,hot_humid,bursty,1,39.394,39.094,38.894,36.394,25.0,45.0,60.0,,100.0,2.0,34.79,,,0,trial
2026-07-07T20:35:25,reactive_hot_humid_bursty_r1,reactive,hot_humid,bursty,1,39.391,39.091,38.891,36.391,25.0,45.0,60.0,,100.0,2.0,34.78,,,0,trial
2026-07-07T20:35:25,reactive_hot_humid_bursty_r1,reactive,hot_humid,bursty,1,39.387,39.087,38.887,36.387,25.0,45.0,60.0,,100.0,2.0,34.77,,,0,trial
2026-07-07T20:35:25,reactive_hot_humid_bursty_r1,reactive,hot_humid,bursty,1,39.384,39.084,38.884,36.384,25.0,45.0,60.0,,100.0,2.0,34.75,,,0,trial
2026-07-07T20:35:25,reactive_hot_humid_bursty_r1,reactive,hot_humid,bursty,1,39.38,39.08,38.88,36.38,25.0,45.0,60.0,,100.0,2.0,34.74,,,0,trial
2026-07-07T20:35:25,reactive_hot_humid_bursty_r1,reactive,hot_humid,bursty,1,39.377,39.077,38.877,36.377,25.0,45.0,60.0,,100.0,2.0,34.73,,,0,trial
2026-07-07T20:35:25,reactive_hot_humid_bursty_r1,reactive,hot_humid,bursty,1,39.373,39.073,38.873,36.373,25.0,45.0,60.0,,100.0,2.0,34.71,,,0,trial
2026-07-07T20:35:25,reactive_hot_humid_bursty_r1,reactive,hot_humid,bursty,1,39.37,39.07,38.87,36.37,25.0,45.0,60.0,,100.0,2.0,34.7,,,0,trial
2026-07-07T20:35:25,reactive_hot_humid_bursty_r1,reactive,hot_humid,bursty,1,39.366,39.066,38.866,36.366,25.0,45.0,60.0,,100.0,2.0,34.69,,,0,trial
2026-07-07T20:35:25,reactive_hot_humid_bursty_r1,reactive,hot_humid,bursty,1,39.363,39.063,38.863,36.363,25.0,45.0,60.0,,100.0,2.0,34.68,,,0,trial
2026-07-07T20:35:25,reactive_hot_humid_bursty_r1,reactive,hot_humid,bursty,1,39.36,39.06,38.86,36.36,25.0,45.0,60.0,,100.0,2.0,34.66,,,0,trial
2026-07-07T20:35:25,reactive_hot_humid_bursty_r1,reactive,hot_humid,bursty,1,39.356,39.056,38.856,36.356,25.0,45.0,60.0,,100.0,2.0,34.65,,,0,trial
2026-07-07T20:35:25,reactive_hot_humid_bursty_r1,reactive,hot_humid,bursty,1,39.353,39.053,38.853,36.353,25.0,45.0,60.0,,100.0,2.0,34.64,,,0,trial
2026-07-07T20:35:25,reactive_hot_humid_bursty_r1,reactive,hot_humid,bursty,1,39.349,39.049,38.849,36.349,25.0,45.0,60.0,,100.0,2.0,34.62,,,0,trial
2026-07-07T20:35:25,reactive_hot_humid_bursty_r1,reactive,hot_humid,bursty,1,39.346,39.046,38.846,36.346,25.0,45.0,60.0,,100.0,2.0,34.61,,,0,trial
2026-07-07T20:35:25,reactive_hot_humid_bursty_r1,reactive,hot_humid,bursty,1,39.342,39.042,38.842,36.342,25.0,45.0,60.0,,100.0,2.0,34.6,,,0,trial
2026-07-07T20:35:25,reactive_hot_humid_bursty_r1,reactive,hot_humid,bursty,1,39.339,39.039,38.839,36.339,25.0,45.0,60.0,,100.0,2.0,34.58,,,0,trial
2026-07-07T20:35:25,reactive_hot_humid_bursty_r1,reactive,hot_humid,bursty,1,39.336,39.036,38.836,36.336,25.0,45.0,60.0,,100.0,2.0,34.57,,,0,trial
2026-07-07T20:35:25,reactive_hot_humid_bursty_r1,reactive,hot_humid,bursty,1,39.332,39.032,38.832,36.332,25.0,45.0,60.0,,100.0,2.0,34.56,,,0,trial
2026-07-07T20:35:25,reactive_hot_humid_bursty_r1,reactive,hot_humid,bursty,1,39.329,39.029,38.829,36.329,25.0,45.0,60.0,,100.0,2.0,34.55,,,0,trial
2026-07-07T20:35:25,reactive_hot_humid_bursty_r1,reactive,hot_humid,bursty,1,39.325,39.025,38.825,36.325,25.0,45.0,60.0,,100.0,2.0,34.53,,,0,trial
2026-07-07T20:35:25,reactive_hot_humid_bursty_r1,reactive,hot_humid,bursty,1,39.322,39.022,38.822,36.322,25.0,45.0,60.0,,100.0,2.0,34.52,,,0,trial
2026-07-07T20:35:25,reactive_hot_humid_bursty_r1,reactive,hot_humid,bursty,1,39.318,39.018,38.818,36.318,25.0,45.0,60.0,,100.0,2.0,34.51,,,0,trial
2026-07-07T20:35:25,reactive_hot_humid_bursty_r1,reactive,hot_humid,bursty,1,39.315,39.015,38.815,36.315,25.0,45.0,60.0,,100.0,2.0,34.49,,,0,trial
2026-07-07T20:35:25,reactive_hot_humid_bursty_r1,reactive,hot_humid,bursty,1,39.312,39.012,38.812,36.312,25.0,45.0,60.0,,100.0,2.0,34.48,,,0,trial
2026-07-07T20:35:25,reactive_hot_humid_bursty_r1,reactive,hot_humid,bursty,1,39.308,39.008,38.808,36.308,25.0,45.0,60.0,,100.0,2.0,34.47,,,0,trial
2026-07-07T20:35:25,reactive_hot_humid_bursty_r1,reactive,hot_humid,bursty,1,39.305,39.005,38.805,36.305,25.0,45.0,60.0,,100.0,2.0,34.45,,,0,trial
2026-07-07T20:35:25,reactive_hot_humid_bursty_r1,reactive,hot_humid,bursty,1,39.301,39.001,38.801,36.301,25.0,45.0,60.0,,100.0,2.0,34.44,,,0,trial
2026-07-07T20:35:25,reactive_hot_humid_bursty_r1,reactive,hot_humid,bursty,1,39.298,38.998,38.798,36.298,25.0,45.0,60.0,,100.0,2.0,34.43,,,0,trial
2026-07-07T20:35:25,reactive_hot_humid_bursty_r1,reactive,hot_humid,bursty,1,39.295,38.995,38.795,36.295,25.0,45.0,60.0,,100.0,2.0,34.41,,,0,trial
2026-07-07T20:35:25,reactive_hot_humid_bursty_r1,reactive,hot_humid,bursty,1,39.291,38.991,38.791,36.291,25.0,45.0,60.0,,100.0,2.0,34.4,,,0,trial
2026-07-07T20:35:25,reactive_hot_humid_bursty_r1,reactive,hot_humid,bursty,1,39.288,38.988,38.788,36.288,25.0,45.0,60.0,,100.0,2.0,34.39,,,0,trial
2026-07-07T20:35:25,reactive_hot_humid_bursty_r1,reactive,hot_humid,bursty,1,39.284,38.984,38.784,36.284,25.0,45.0,60.0,,100.0,2.0,34.38,,,0,trial
2026-07-07T20:35:25,reactive_hot_humid_bursty_r1,reactive,hot_humid,bursty,1,39.281,38.981,38.781,36.281,25.0,45.0,60.0,,100.0,2.0,34.36,,,0,trial
2026-07-07T20:35:25,reactive_hot_humid_bursty_r1,reactive,hot_humid,bursty,1,39.278,38.978,38.778,36.278,25.0,45.0,60.0,,100.0,2.0,34.35,,,0,trial
2026-07-07T20:35:25,reactive_hot_humid_bursty_r1,reactive,hot_humid,bursty,1,39.274,38.974,38.774,36.274,25.0,45.0,60.0,,100.0,2.0,34.34,,,0,trial
2026-07-07T20:35:25,reactive_hot_humid_bursty_r1,reactive,hot_humid,bursty,1,39.271,38.971,38.771,36.271,25.0,45.0,60.0,,100.0,2.0,34.32,,,0,trial
2026-07-07T20:35:25,reactive_hot_humid_bursty_r1,reactive,hot_humid,bursty,1,39.268,38.968,38.768,36.268,25.0,45.0,60.0,,100.0,2.0,34.31,,,0,trial
2026-07-07T20:35:25,reactive_hot_humid_bursty_r1,reactive,hot_humid,bursty,1,39.264,38.964,38.764,36.264,25.0,45.0,60.0,,100.0,2.0,34.3,,,0,trial
2026-07-07T20:35:25,reactive_hot_humid_bursty_r1,reactive,hot_humid,bursty,1,39.261,38.961,38.761,36.261,25.0,45.0,60.0,,100.0,2.0,34.28,,,0,trial
2026-07-07T20:35:25,reactive_hot_humid_bursty_r1,reactive,hot_humid,bursty,1,39.268,38.968,38.768,36.268,25.0,45.0,140.0,,100.0,2.0,34.27,,,0,trial
2026-07-07T20:35:25,reactive_hot_humid_bursty_r1,reactive,hot_humid,bursty,1,39.275,38.975,38.775,36.275,25.0,45.0,140.0,,100.0,2.0,34.26,,,0,trial
2026-07-07T20:35:25,reactive_hot_humid_bursty_r1,reactive,hot_humid,bursty,1,39.282,38.982,38.782,36.282,25.0,45.0,140.0,,100.0,2.0,34.24,,,0,trial
2026-07-07T20:35:25,reactive_hot_humid_bursty_r1,reactive,hot_humid,bursty,1,39.289,38.989,38.789,36.289,25.0,45.0,140.0,,100.0,2.0,34.23,,,0,trial
2026-07-07T20:35:25,reactive_hot_humid_bursty_r1,reactive,hot_humid,bursty,1,39.297,38.997,38.797,36.297,25.0,45.0,140.0,,100.0,2.0,34.22,,,0,trial
2026-07-07T20:35:25,reactive_hot_humid_bursty_r1,reactive,hot_humid,bursty,1,39.304,39.004,38.804,36.304,25.0,45.0,140.0,,100.0,2.0,34.21,,,0,trial
2026-07-07T20:35:25,reactive_hot_humid_bursty_r1,reactive,hot_humid,bursty,1,39.311,39.011,38.811,36.311,25.0,45.0,140.0,,100.0,2.0,34.19,,,0,trial
2026-07-07T20:35:25,reactive_hot_humid_bursty_r1,reactive,hot_humid,bursty,1,39.318,39.018,38.818,36.318,25.0,45.0,140.0,,100.0,2.0,34.18,,,0,trial
2026-07-07T20:35:25,reactive_hot_humid_bursty_r1,reactive,hot_humid,bursty,1,39.325,39.025,38.825,36.325,25.0,45.0,140.0,,100.0,2.0,34.17,,,0,trial
2026-07-07T20:35:25,reactive_hot_humid_bursty_r1,reactive,hot_humid,bursty,1,39.332,39.032,38.832,36.332,25.0,45.0,140.0,,100.0,2.0,34.15,,,0,trial
2026-07-07T20:35:25,reactive_hot_humid_bursty_r1,reactive,hot_humid,bursty,1,39.339,39.039,38.839,36.339,25.0,45.0,140.0,,100.0,2.0,34.14,,,0,trial
2026-07-07T20:35:25,reactive_hot_humid_bursty_r1,reactive,hot_humid,bursty,1,39.346,39.046,38.846,36.346,25.0,45.0,140.0,,100.0,2.0,34.13,,,0,trial
2026-07-07T20:35:25,reactive_hot_humid_bursty_r1,reactive,hot_humid,bursty,1,39.354,39.054,38.854,36.354,25.0,45.0,140.0,,100.0,2.0,34.11,,,0,trial
2026-07-07T20:35:25,reactive_hot_humid_bursty_r1,reactive,hot_humid,bursty,1,39.361,39.061,38.861,36.361,25.0,45.0,140.0,,100.0,2.0,34.1,,,0,trial
2026-07-07T20:35:25,reactive_hot_humid_bursty_r1,reactive,hot_humid,bursty,1,39.368,39.068,38.868,36.368,25.0,45.0,140.0,,100.0,2.0,34.09,,,0,trial
2026-07-07T20:35:25,reactive_hot_humid_bursty_r1,reactive,hot_humid,bursty,1,39.375,39.075,38.875,36.375,25.0,45.0,140.0,,100.0,2.0,34.07,,,0,trial
2026-07-07T20:35:25,reactive_hot_humid_bursty_r1,reactive,hot_humid,bursty,1,39.382,39.082,38.882,36.382,25.0,45.0,140.0,,100.0,2.0,34.06,,,0,trial
2026-07-07T20:35:25,reactive_hot_humid_bursty_r1,reactive,hot_humid,bursty,1,39.389,39.089,38.889,36.389,25.0,45.0,140.0,,100.0,2.0,34.05,,,0,trial
2026-07-07T20:35:25,reactive_hot_humid_bursty_r1,reactive,hot_humid,bursty,1,39.396,39.096,38.896,36.396,25.0,45.0,140.0,,100.0,2.0,34.04,,,0,trial
2026-07-07T20:35:25,reactive_hot_humid_bursty_r1,reactive,hot_humid,bursty,1,39.403,39.103,38.903,36.403,25.0,45.0,140.0,,100.0,2.0,34.02,,,0,trial
2026-07-07T20:35:25,reactive_hot_humid_bursty_r1,reactive,hot_humid,bursty,1,39.41,39.11,38.91,36.41,25.0,45.0,140.0,,100.0,2.0,34.01,,,0,trial
2026-07-07T20:35:25,reactive_hot_humid_bursty_r1,reactive,hot_humid,bursty,1,39.417,39.117,38.917,36.417,25.0,45.0,140.0,,100.0,2.0,34.0,,,0,trial
2026-07-07T20:35:25,reactive_hot_humid_bursty_r1,reactive,hot_humid,bursty,1,39.424,39.124,38.924,36.424,25.0,45.0,140.0,,100.0,2.0,33.98,,,0,trial
2026-07-07T20:35:25,reactive_hot_humid_bursty_r1,reactive,hot_humid,bursty,1,39.431,39.131,38.931,36.431,25.0,45.0,140.0,,100.0,2.0,33.97,,,0,trial
2026-07-07T20:35:25,reactive_hot_humid_bursty_r1,reactive,hot_humid,bursty,1,39.438,39.138,38.938,36.438,25.0,45.0,140.0,,100.0,2.0,33.96,,,0,trial
2026-07-07T20:35:25,reactive_hot_humid_bursty_r1,reactive,hot_humid,bursty,1,39.445,39.145,38.945,36.445,25.0,45.0,140.0,,100.0,2.0,33.94,,,0,trial
2026-07-07T20:35:25,reactive_hot_humid_bursty_r1,reactive,hot_humid,bursty,1,39.452,39.152,38.952,36.452,25.0,45.0,140.0,,100.0,2.0,33.93,,,0,trial
2026-07-07T20:35:25,reactive_hot_humid_bursty_r1,reactive,hot_humid,bursty,1,39.459,39.159,38.959,36.459,25.0,45.0,140.0,,100.0,2.0,33.92,,,0,trial
2026-07-07T20:35:25,reactive_hot_humid_bursty_r1,reactive,hot_humid,bursty,1,39.466,39.166,38.966,36.466,25.0,45.0,140.0,,100.0,2.0,33.91,,,0,trial
2026-07-07T20:35:25,reactive_hot_humid_bursty_r1,reactive,hot_humid,bursty,1,39.473,39.173,38.973,36.473,25.0,45.0,140.0,,100.0,2.0,33.89,,,0,trial
2026-07-07T20:35:25,reactive_hot_humid_bursty_r1,reactive,hot_humid,bursty,1,39.48,39.18,38.98,36.48,25.0,45.0,140.0,,100.0,2.0,33.88,,,0,trial
2026-07-07T20:35:25,reactive_hot_humid_bursty_r1,reactive,hot_humid,bursty,1,39.487,39.187,38.987,36.487,25.0,45.0,140.0,,100.0,2.0,33.87,,,0,trial
2026-07-07T20:35:25,reactive_hot_humid_bursty_r1,reactive,hot_humid,bursty,1,39.494,39.194,38.994,36.494,25.0,45.0,140.0,,100.0,2.0,33.85,,,0,trial
2026-07-07T20:35:25,reactive_hot_humid_bursty_r1,reactive,hot_humid,bursty,1,39.501,39.201,39.001,36.501,25.0,45.0,140.0,,100.0,2.0,33.84,,,0,trial
2026-07-07T20:35:25,reactive_hot_humid_bursty_r1,reactive,hot_humid,bursty,1,39.508,39.208,39.008,36.508,25.0,45.0,140.0,,100.0,2.0,33.83,,,0,trial
2026-07-07T20:35:25,reactive_hot_humid_bursty_r1,reactive,hot_humid,bursty,1,39.515,39.215,39.015,36.515,25.0,45.0,140.0,,100.0,2.0,33.82,,,0,trial
2026-07-07T20:35:25,reactive_hot_humid_bursty_r1,reactive,hot_humid,bursty,1,39.522,39.222,39.022,36.522,25.0,45.0,140.0,,100.0,2.0,33.8,,,0,trial
2026-07-07T20:35:25,reactive_hot_humid_bursty_r1,reactive,hot_humid,bursty,1,39.529,39.229,39.029,36.529,25.0,45.0,140.0,,100.0,2.0,33.79,,,0,trial
2026-07-07T20:35:25,reactive_hot_humid_bursty_r1,reactive,hot_humid,bursty,1,39.536,39.236,39.036,36.536,25.0,45.0,140.0,,100.0,2.0,33.78,,,0,trial
2026-07-07T20:35:25,reactive_hot_humid_bursty_r1,reactive,hot_humid,bursty,1,39.543,39.243,39.043,36.543,25.0,45.0,140.0,,100.0,2.0,33.76,,,0,trial
2026-07-07T20:35:25,reactive_hot_humid_bursty_r1,reactive,hot_humid,bursty,1,39.55,39.25,39.05,36.55,25.0,45.0,140.0,,100.0,2.0,33.75,,,0,trial
2026-07-07T20:35:25,reactive_hot_humid_bursty_r1,reactive,hot_humid,bursty,1,39.557,39.257,39.057,36.557,25.0,45.0,140.0,,100.0,2.0,33.74,,,0,trial
2026-07-07T20:35:25,reactive_hot_humid_bursty_r1,reactive,hot_humid,bursty,1,39.564,39.264,39.064,36.564,25.0,45.0,140.0,,100.0,2.0,33.73,,,0,trial
2026-07-07T20:35:25,reactive_hot_humid_bursty_r1,reactive,hot_humid,bursty,1,39.571,39.271,39.071,36.571,25.0,45.0,140.0,,100.0,2.0,33.71,,,0,trial
2026-07-07T20:35:25,reactive_hot_humid_bursty_r1,reactive,hot_humid,bursty,1,39.578,39.278,39.078,36.578,25.0,45.0,140.0,,100.0,2.0,33.7,,,0,trial
2026-07-07T20:35:25,reactive_hot_humid_bursty_r1,reactive,hot_humid,bursty,1,39.585,39.285,39.085,36.585,25.0,45.0,140.0,,100.0,2.0,33.69,,,0,trial
2026-07-07T20:35:25,reactive_hot_humid_bursty_r1,reactive,hot_humid,bursty,1,39.591,39.291,39.091,36.591,25.0,45.0,140.0,,100.0,2.0,33.67,,,0,trial
2026-07-07T20:35:25,reactive_hot_humid_bursty_r1,reactive,hot_humid,bursty,1,39.598,39.298,39.098,36.598,25.0,45.0,140.0,,100.0,2.0,33.66,,,0,trial
2026-07-07T20:35:25,reactive_hot_humid_bursty_r1,reactive,hot_humid,bursty,1,39.605,39.305,39.105,36.605,25.0,45.0,140.0,,100.0,2.0,33.65,,,0,trial
2026-07-07T20:35:25,reactive_hot_humid_bursty_r1,reactive,hot_humid,bursty,1,39.612,39.312,39.112,36.612,25.0,45.0,140.0,,100.0,2.0,33.64,,,0,trial
2026-07-07T20:35:25,reactive_hot_humid_bursty_r1,reactive,hot_humid,bursty,1,39.619,39.319,39.119,36.619,25.0,45.0,140.0,,100.0,2.0,33.62,,,0,trial
2026-07-07T20:35:25,reactive_hot_humid_bursty_r1,reactive,hot_humid,bursty,1,39.626,39.326,39.126,36.626,25.0,45.0,140.0,,100.0,2.0,33.61,,,0,trial
2026-07-07T20:35:25,reactive_hot_humid_bursty_r1,reactive,hot_humid,bursty,1,39.633,39.333,39.133,36.633,25.0,45.0,140.0,,100.0,2.0,33.6,,,0,trial
2026-07-07T20:35:25,reactive_hot_humid_bursty_r1,reactive,hot_humid,bursty,1,39.64,39.34,39.14,36.64,25.0,45.0,140.0,,100.0,2.0,33.58,,,0,trial
2026-07-07T20:35:25,reactive_hot_humid_bursty_r1,reactive,hot_humid,bursty,1,39.647,39.347,39.147,36.647,25.0,45.0,140.0,,100.0,2.0,33.57,,,0,trial
2026-07-07T20:35:25,reactive_hot_humid_bursty_r1,reactive,hot_humid,bursty,1,39.653,39.353,39.153,36.653,25.0,45.0,140.0,,100.0,2.0,33.56,,,0,trial
2026-07-07T20:35:25,reactive_hot_humid_bursty_r1,reactive,hot_humid,bursty,1,39.66,39.36,39.16,36.66,25.0,45.0,140.0,,100.0,2.0,33.55,,,0,trial
2026-07-07T20:35:25,reactive_hot_humid_bursty_r1,reactive,hot_humid,bursty,1,39.667,39.367,39.167,36.667,25.0,45.0,140.0,,100.0,2.0,33.53,,,0,trial
2026-07-07T20:35:25,reactive_hot_humid_bursty_r1,reactive,hot_humid,bursty,1,39.674,39.374,39.174,36.674,25.0,45.0,140.0,,100.0,2.0,33.52,,,0,trial
2026-07-07T20:35:25,reactive_hot_humid_bursty_r1,reactive,hot_humid,bursty,1,39.681,39.381,39.181,36.681,25.0,45.0,140.0,,100.0,2.0,33.51,,,0,trial
2026-07-07T20:35:25,reactive_hot_humid_bursty_r1,reactive,hot_humid,bursty,1,39.688,39.388,39.188,36.688,25.0,45.0,140.0,,100.0,2.0,33.5,,,0,trial
2026-07-07T20:35:25,reactive_hot_humid_bursty_r1,reactive,hot_humid,bursty,1,39.694,39.394,39.194,36.694,25.0,45.0,140.0,,100.0,2.0,33.48,,,0,trial
2026-07-07T20:35:25,reactive_hot_humid_bursty_r1,reactive,hot_humid,bursty,1,39.701,39.401,39.201,36.701,25.0,45.0,140.0,,100.0,2.0,33.47,,,0,trial
2026-07-07T20:35:25,reactive_hot_humid_bursty_r1,reactive,hot_humid,bursty,1,39.708,39.408,39.208,36.708,25.0,45.0,140.0,,100.0,2.0,33.46,,,0,trial
2026-07-07T20:35:25,reactive_hot_humid_bursty_r1,reactive,hot_humid,bursty,1,39.715,39.415,39.215,36.715,25.0,45.0,140.0,,100.0,2.0,33.45,,,0,trial
2026-07-07T20:35:25,reactive_hot_humid_bursty_r1,reactive,hot_humid,bursty,1,39.722,39.422,39.222,36.722,25.0,45.0,140.0,,100.0,2.0,33.43,,,0,trial
2026-07-07T20:35:25,reactive_hot_humid_bursty_r1,reactive,hot_humid,bursty,1,39.728,39.428,39.228,36.728,25.0,45.0,140.0,,100.0,2.0,33.42,,,0,trial
2026-07-07T20:35:25,reactive_hot_humid_bursty_r1,reactive,hot_humid,bursty,1,39.735,39.435,39.235,36.735,25.0,45.0,140.0,,100.0,2.0,33.41,,,0,trial
2026-07-07T20:35:25,reactive_hot_humid_bursty_r1,reactive,hot_humid,bursty,1,39.742,39.442,39.242,36.742,25.0,45.0,140.0,,100.0,2.0,33.4,,,0,trial
2026-07-07T20:35:25,reactive_hot_humid_bursty_r1,reactive,hot_humid,bursty,1,39.749,39.449,39.249,36.749,25.0,45.0,140.0,,100.0,2.0,33.38,,,0,trial
2026-07-07T20:35:25,reactive_hot_humid_bursty_r1,reactive,hot_humid,bursty,1,39.756,39.456,39.256,36.756,25.0,45.0,140.0,,100.0,2.0,33.37,,,0,trial
2026-07-07T20:35:25,reactive_hot_humid_bursty_r1,reactive,hot_humid,bursty,1,39.762,39.462,39.262,36.762,25.0,45.0,140.0,,100.0,2.0,33.36,,,0,trial
2026-07-07T20:35:25,reactive_hot_humid_bursty_r1,reactive,hot_humid,bursty,1,39.769,39.469,39.269,36.769,25.0,45.0,140.0,,100.0,2.0,33.35,,,0,trial
2026-07-07T20:35:25,reactive_hot_humid_bursty_r1,reactive,hot_humid,bursty,1,39.776,39.476,39.276,36.776,25.0,45.0,140.0,,100.0,2.0,33.33,,,0,trial
2026-07-07T20:35:25,reactive_hot_humid_bursty_r1,reactive,hot_humid,bursty,1,39.783,39.483,39.283,36.783,25.0,45.0,140.0,,100.0,2.0,33.32,,,0,trial
2026-07-07T20:35:25,reactive_hot_humid_bursty_r1,reactive,hot_humid,bursty,1,39.789,39.489,39.289,36.789,25.0,45.0,140.0,,100.0,2.0,33.31,,,0,trial
2026-07-07T20:35:25,reactive_hot_humid_bursty_r1,reactive,hot_humid,bursty,1,39.796,39.496,39.296,36.796,25.0,45.0,140.0,,100.0,2.0,33.3,,,0,trial
2026-07-07T20:35:25,reactive_hot_humid_bursty_r1,reactive,hot_humid,bursty,1,39.803,39.503,39.303,36.803,25.0,45.0,140.0,,100.0,2.0,33.28,,,0,trial
2026-07-07T20:35:25,reactive_hot_humid_bursty_r1,reactive,hot_humid,bursty,1,39.81,39.51,39.31,36.81,25.0,45.0,140.0,,100.0,2.0,33.27,,,0,trial
2026-07-07T20:35:25,reactive_hot_humid_bursty_r1,reactive,hot_humid,bursty,1,39.816,39.516,39.316,36.816,25.0,45.0,140.0,,100.0,2.0,33.26,,,0,trial
2026-07-07T20:35:25,reactive_hot_humid_bursty_r1,reactive,hot_humid,bursty,1,39.823,39.523,39.323,36.823,25.0,45.0,140.0,,100.0,2.0,33.25,,,0,trial
2026-07-07T20:35:25,reactive_hot_humid_bursty_r1,reactive,hot_humid,bursty,1,39.83,39.53,39.33,36.83,25.0,45.0,140.0,,100.0,2.0,33.24,,,0,trial
2026-07-07T20:35:25,reactive_hot_humid_bursty_r1,reactive,hot_humid,bursty,1,39.836,39.536,39.336,36.836,25.0,45.0,140.0,,100.0,2.0,33.22,,,0,trial
2026-07-07T20:35:25,reactive_hot_humid_bursty_r1,reactive,hot_humid,bursty,1,39.843,39.543,39.343,36.843,25.0,45.0,140.0,,100.0,2.0,33.21,,,0,trial
2026-07-07T20:35:25,reactive_hot_humid_bursty_r1,reactive,hot_humid,bursty,1,39.85,39.55,39.35,36.85,25.0,45.0,140.0,,100.0,2.0,33.2,,,0,trial
2026-07-07T20:35:25,reactive_hot_humid_bursty_r1,reactive,hot_humid,bursty,1,39.857,39.557,39.357,36.857,25.0,45.0,140.0,,100.0,2.0,33.19,,,0,trial
2026-07-07T20:35:25,reactive_hot_humid_bursty_r1,reactive,hot_humid,bursty,1,39.863,39.563,39.363,36.863,25.0,45.0,140.0,,100.0,2.0,33.17,,,0,trial
2026-07-07T20:35:25,reactive_hot_humid_bursty_r1,reactive,hot_humid,bursty,1,39.87,39.57,39.37,36.87,25.0,45.0,140.0,,100.0,2.0,33.16,,,0,trial
2026-07-07T20:35:25,reactive_hot_humid_bursty_r1,reactive,hot_humid,bursty,1,39.877,39.577,39.377,36.877,25.0,45.0,140.0,,100.0,2.0,33.15,,,0,trial
2026-07-07T20:35:25,reactive_hot_humid_bursty_r1,reactive,hot_humid,bursty,1,39.883,39.583,39.383,36.883,25.0,45.0,140.0,,100.0,2.0,33.14,,,0,trial
2026-07-07T20:35:25,reactive_hot_humid_bursty_r1,reactive,hot_humid,bursty,1,39.89,39.59,39.39,36.89,25.0,45.0,140.0,,100.0,2.0,33.13,,,0,trial
2026-07-07T20:35:25,reactive_hot_humid_bursty_r1,reactive,hot_humid,bursty,1,39.897,39.597,39.397,36.897,25.0,45.0,140.0,,100.0,2.0,33.11,,,0,trial
2026-07-07T20:35:25,reactive_hot_humid_bursty_r1,reactive,hot_humid,bursty,1,39.903,39.603,39.403,36.903,25.0,45.0,140.0,,100.0,2.0,33.1,,,0,trial
2026-07-07T20:35:25,reactive_hot_humid_bursty_r1,reactive,hot_humid,bursty,1,39.91,39.61,39.41,36.91,25.0,45.0,140.0,,100.0,2.0,33.09,,,0,trial
2026-07-07T20:35:25,reactive_hot_humid_bursty_r1,reactive,hot_humid,bursty,1,39.917,39.617,39.417,36.917,25.0,45.0,140.0,,100.0,2.0,33.08,,,0,trial
2026-07-07T20:35:25,reactive_hot_humid_bursty_r1,reactive,hot_humid,bursty,1,39.923,39.623,39.423,36.923,25.0,45.0,140.0,,100.0,2.0,33.07,,,0,trial
2026-07-07T20:35:25,reactive_hot_humid_bursty_r1,reactive,hot_humid,bursty,1,39.93,39.63,39.43,36.93,25.0,45.0,140.0,,100.0,2.0,33.05,,,0,trial
2026-07-07T20:35:25,reactive_hot_humid_bursty_r1,reactive,hot_humid,bursty,1,39.937,39.637,39.437,36.937,25.0,45.0,140.0,,100.0,2.0,33.04,,,0,trial
2026-07-07T20:35:25,reactive_hot_humid_bursty_r1,reactive,hot_humid,bursty,1,39.943,39.643,39.443,36.943,25.0,45.0,140.0,,100.0,2.0,33.03,,,0,trial
2026-07-07T20:35:25,reactive_hot_humid_bursty_r1,reactive,hot_humid,bursty,1,39.95,39.65,39.45,36.95,25.0,45.0,140.0,,100.0,2.0,33.02,,,0,trial
2026-07-07T20:35:25,reactive_hot_humid_bursty_r1,reactive,hot_humid,bursty,1,39.956,39.656,39.456,36.956,25.0,45.0,140.0,,100.0,2.0,33.01,,,0,trial
2026-07-07T20:35:25,reactive_hot_humid_bursty_r1,reactive,hot_humid,bursty,1,39.963,39.663,39.463,36.963,25.0,45.0,140.0,,100.0,2.0,32.99,,,0,trial
2026-07-07T20:35:25,reactive_hot_humid_bursty_r1,reactive,hot_humid,bursty,1,39.97,39.67,39.47,36.97,25.0,45.0,140.0,,100.0,2.0,32.98,,,0,trial
2026-07-07T20:35:25,reactive_hot_humid_bursty_r1,reactive,hot_humid,bursty,1,39.976,39.676,39.476,36.976,25.0,45.0,140.0,,100.0,2.0,32.97,,,0,trial
2026-07-07T20:35:25,reactive_hot_humid_bursty_r1,reactive,hot_humid,bursty,1,39.983,39.683,39.483,36.983,25.0,45.0,140.0,,100.0,2.0,32.96,,,0,trial
2026-07-07T20:35:25,reactive_hot_humid_bursty_r1,reactive,hot_humid,bursty,1,39.989,39.689,39.489,36.989,25.0,45.0,140.0,,100.0,2.0,32.95,,,0,trial
2026-07-07T20:35:25,reactive_hot_humid_bursty_r1,reactive,hot_humid,bursty,1,39.996,39.696,39.496,36.996,25.0,45.0,140.0,,100.0,2.0,32.93,,,0,trial
2026-07-07T20:35:25,reactive_hot_humid_bursty_r1,reactive,hot_humid,bursty,1,40.003,39.703,39.503,37.003,25.0,45.0,140.0,,100.0,2.0,32.92,,,0,trial
2026-07-07T20:35:25,reactive_hot_humid_bursty_r1,reactive,hot_humid,bursty,1,40.009,39.709,39.509,37.009,25.0,45.0,140.0,,100.0,2.0,32.91,,,0,trial
2026-07-07T20:35:25,reactive_hot_humid_bursty_r1,reactive,hot_humid,bursty,1,40.016,39.716,39.516,37.016,25.0,45.0,140.0,,100.0,2.0,32.9,,,0,trial
2026-07-07T20:35:25,reactive_hot_humid_bursty_r1,reactive,hot_humid,bursty,1,40.022,39.722,39.522,37.022,25.0,45.0,140.0,,100.0,2.0,32.89,,,0,trial
2026-07-07T20:35:25,reactive_hot_humid_bursty_r1,reactive,hot_humid,bursty,1,40.029,39.729,39.529,37.029,25.0,45.0,140.0,,100.0,2.0,32.88,,,0,trial
2026-07-07T20:35:25,reactive_hot_humid_bursty_r1,reactive,hot_humid,bursty,1,40.035,39.735,39.535,37.035,25.0,45.0,140.0,,100.0,2.0,32.86,,,0,trial
2026-07-07T20:35:25,reactive_hot_humid_bursty_r1,reactive,hot_humid,bursty,1,40.042,39.742,39.542,37.042,25.0,45.0,140.0,,100.0,2.0,32.85,,,0,trial
2026-07-07T20:35:25,reactive_hot_humid_bursty_r1,reactive,hot_humid,bursty,1,40.049,39.749,39.549,37.049,25.0,45.0,140.0,,100.0,2.0,32.84,,,0,trial
2026-07-07T20:35:25,reactive_hot_humid_bursty_r1,reactive,hot_humid,bursty,1,40.055,39.755,39.555,37.055,25.0,45.0,140.0,,100.0,2.0,32.83,,,0,trial
2026-07-07T20:35:25,reactive_hot_humid_bursty_r1,reactive,hot_humid,bursty,1,40.062,39.762,39.562,37.062,25.0,45.0,140.0,,100.0,2.0,32.82,,,0,trial
2026-07-07T20:35:25,reactive_hot_humid_bursty_r1,reactive,hot_humid,bursty,1,40.068,39.768,39.568,37.068,25.0,45.0,140.0,,100.0,2.0,32.81,,,0,trial
2026-07-07T20:35:25,reactive_hot_humid_bursty_r1,reactive,hot_humid,bursty,1,40.075,39.775,39.575,37.075,25.0,45.0,140.0,,100.0,2.0,32.8,,,0,trial
2026-07-07T20:35:25,reactive_hot_humid_bursty_r1,reactive,hot_humid,bursty,1,40.081,39.781,39.581,37.081,25.0,45.0,140.0,,100.0,2.0,32.78,,,0,trial
2026-07-07T20:35:25,reactive_hot_humid_bursty_r1,reactive,hot_humid,bursty,1,40.088,39.788,39.588,37.088,25.0,45.0,140.0,,100.0,2.0,32.77,,,0,trial
2026-07-07T20:35:25,reactive_hot_humid_bursty_r1,reactive,hot_humid,bursty,1,40.094,39.794,39.594,37.094,25.0,45.0,140.0,,100.0,2.0,32.76,,,0,trial
2026-07-07T20:35:25,reactive_hot_humid_bursty_r1,reactive,hot_humid,bursty,1,40.101,39.801,39.601,37.101,25.0,45.0,140.0,,100.0,2.0,32.75,,,0,trial
2026-07-07T20:35:25,reactive_hot_humid_bursty_r1,reactive,hot_humid,bursty,1,40.107,39.807,39.607,37.107,25.0,45.0,140.0,,100.0,2.0,32.74,,,0,trial
2026-07-07T20:35:25,reactive_hot_humid_bursty_r1,reactive,hot_humid,bursty,1,40.114,39.814,39.614,37.114,25.0,45.0,140.0,,100.0,2.0,32.73,,,0,trial
2026-07-07T20:35:25,reactive_hot_humid_bursty_r1,reactive,hot_humid,bursty,1,40.12,39.82,39.62,37.12,25.0,45.0,140.0,,100.0,2.0,32.72,,,0,trial
2026-07-07T20:35:25,reactive_hot_humid_bursty_r1,reactive,hot_humid,bursty,1,40.127,39.827,39.627,37.127,25.0,45.0,140.0,,100.0,2.0,32.7,,,0,trial
2026-07-07T20:35:25,reactive_hot_humid_bursty_r1,reactive,hot_humid,bursty,1,40.133,39.833,39.633,37.133,25.0,45.0,140.0,,100.0,2.0,32.69,,,0,trial
2026-07-07T20:35:25,reactive_hot_humid_bursty_r1,reactive,hot_humid,bursty,1,40.14,39.84,39.64,37.14,25.0,45.0,140.0,,100.0,2.0,32.68,,,0,trial
2026-07-07T20:35:25,reactive_hot_humid_bursty_r1,reactive,hot_humid,bursty,1,40.146,39.846,39.646,37.146,25.0,45.0,140.0,,100.0,2.0,32.67,,,0,trial
2026-07-07T20:35:25,reactive_hot_humid_bursty_r1,reactive,hot_humid,bursty,1,40.153,39.853,39.653,37.153,25.0,45.0,140.0,,100.0,2.0,32.66,,,0,trial
2026-07-07T20:35:25,reactive_hot_humid_bursty_r1,reactive,hot_humid,bursty,1,40.159,39.859,39.659,37.159,25.0,45.0,140.0,,100.0,2.0,32.65,,,0,trial
2026-07-07T20:35:25,reactive_hot_humid_bursty_r1,reactive,hot_humid,bursty,1,40.165,39.865,39.665,37.165,25.0,45.0,140.0,,100.0,2.0,32.64,,,0,trial
2026-07-07T20:35:25,reactive_hot_humid_bursty_r1,reactive,hot_humid,bursty,1,40.172,39.872,39.672,37.172,25.0,45.0,140.0,,100.0,2.0,32.63,,,0,trial
2026-07-07T20:35:25,reactive_hot_humid_bursty_r1,reactive,hot_humid,bursty,1,40.178,39.878,39.678,37.178,25.0,45.0,140.0,,100.0,2.0,32.61,,,0,trial
2026-07-07T20:35:25,reactive_hot_humid_bursty_r1,reactive,hot_humid,bursty,1,40.185,39.885,39.685,37.185,25.0,45.0,140.0,,100.0,2.0,32.6,,,0,trial
2026-07-07T20:35:25,reactive_hot_humid_bursty_r1,reactive,hot_humid,bursty,1,40.191,39.891,39.691,37.191,25.0,45.0,140.0,,100.0,2.0,32.59,,,0,trial
2026-07-07T20:35:25,reactive_hot_humid_bursty_r1,reactive,hot_humid,bursty,1,40.198,39.898,39.698,37.198,25.0,45.0,140.0,,100.0,2.0,32.58,,,0,trial
2026-07-07T20:35:25,reactive_hot_humid_bursty_r1,reactive,hot_humid,bursty,1,40.204,39.904,39.704,37.204,25.0,45.0,140.0,,100.0,2.0,32.57,,,0,trial
2026-07-07T20:35:25,reactive_hot_humid_bursty_r1,reactive,hot_humid,bursty,1,40.211,39.911,39.711,37.211,25.0,45.0,140.0,,100.0,2.0,32.56,,,0,trial
2026-07-07T20:35:25,reactive_hot_humid_bursty_r1,reactive,hot_humid,bursty,1,40.217,39.917,39.717,37.217,25.0,45.0,140.0,,100.0,2.0,32.55,,,0,trial
2026-07-07T20:35:25,reactive_hot_humid_bursty_r1,reactive,hot_humid,bursty,1,40.223,39.923,39.723,37.223,25.0,45.0,140.0,,100.0,2.0,32.54,,,0,trial
2026-07-07T20:35:25,reactive_hot_humid_bursty_r1,reactive,hot_humid,bursty,1,40.23,39.93,39.73,37.23,25.0,45.0,140.0,,100.0,2.0,32.53,,,0,trial
2026-07-07T20:35:25,reactive_hot_humid_bursty_r1,reactive,hot_humid,bursty,1,40.236,39.936,39.736,37.236,25.0,45.0,140.0,,100.0,2.0,32.52,,,0,trial
2026-07-07T20:35:25,reactive_hot_humid_bursty_r1,reactive,hot_humid,bursty,1,40.243,39.943,39.743,37.243,25.0,45.0,140.0,,100.0,2.0,32.51,,,0,trial
2026-07-07T20:35:25,reactive_hot_humid_bursty_r1,reactive,hot_humid,bursty,1,40.249,39.949,39.749,37.249,25.0,45.0,140.0,,100.0,2.0,32.49,,,0,trial
2026-07-07T20:35:25,reactive_hot_humid_bursty_r1,reactive,hot_humid,bursty,1,40.255,39.955,39.755,37.255,25.0,45.0,140.0,,100.0,2.0,32.48,,,0,trial
2026-07-07T20:35:25,reactive_hot_humid_bursty_r1,reactive,hot_humid,bursty,1,40.262,39.962,39.762,37.262,25.0,45.0,140.0,,100.0,2.0,32.47,,,0,trial
2026-07-07T20:35:25,reactive_hot_humid_bursty_r1,reactive,hot_humid,bursty,1,40.268,39.968,39.768,37.268,25.0,45.0,140.0,,100.0,2.0,32.46,,,0,trial
2026-07-07T20:35:25,reactive_hot_humid_bursty_r1,reactive,hot_humid,bursty,1,40.274,39.974,39.774,37.274,25.0,45.0,140.0,,100.0,2.0,32.45,,,0,trial
2026-07-07T20:35:25,reactive_hot_humid_bursty_r1,reactive,hot_humid,bursty,1,40.281,39.981,39.781,37.281,25.0,45.0,140.0,,100.0,2.0,32.44,,,0,trial
2026-07-07T20:35:25,reactive_hot_humid_bursty_r1,reactive,hot_humid,bursty,1,40.287,39.987,39.787,37.287,25.0,45.0,140.0,,100.0,2.0,32.43,,,0,trial
2026-07-07T20:35:25,reactive_hot_humid_bursty_r1,reactive,hot_humid,bursty,1,40.293,39.993,39.793,37.293,25.0,45.0,140.0,,100.0,2.0,32.42,,,0,trial
2026-07-07T20:35:25,reactive_hot_humid_bursty_r1,reactive,hot_humid,bursty,1,40.3,40.0,39.8,37.3,25.0,45.0,140.0,,100.0,2.0,32.41,,,0,trial
2026-07-07T20:35:25,reactive_hot_humid_bursty_r1,reactive,hot_humid,bursty,1,40.306,40.006,39.806,37.306,25.0,45.0,140.0,,100.0,2.0,32.4,,,0,trial
2026-07-07T20:35:25,reactive_hot_humid_bursty_r1,reactive,hot_humid,bursty,1,40.313,40.013,39.813,37.313,25.0,45.0,140.0,,100.0,2.0,32.39,,,0,trial
2026-07-07T20:35:25,reactive_hot_humid_bursty_r1,reactive,hot_humid,bursty,1,40.319,40.019,39.819,37.319,25.0,45.0,140.0,,100.0,2.0,32.38,,,0,trial
2026-07-07T20:35:25,reactive_hot_humid_bursty_r1,reactive,hot_humid,bursty,1,40.325,40.025,39.825,37.325,25.0,45.0,140.0,,100.0,2.0,32.37,,,0,trial
2026-07-07T20:35:25,reactive_hot_humid_bursty_r1,reactive,hot_humid,bursty,1,40.331,40.031,39.831,37.331,25.0,45.0,140.0,,100.0,2.0,32.36,,,0,trial
2026-07-07T20:35:25,reactive_hot_humid_bursty_r1,reactive,hot_humid,bursty,1,40.338,40.038,39.838,37.338,25.0,45.0,140.0,,100.0,2.0,32.35,,,0,trial
2026-07-07T20:35:25,reactive_hot_humid_bursty_r1,reactive,hot_humid,bursty,1,40.344,40.044,39.844,37.344,25.0,45.0,140.0,,100.0,2.0,32.34,,,0,trial
2026-07-07T20:35:25,reactive_hot_humid_bursty_r1,reactive,hot_humid,bursty,1,40.35,40.05,39.85,37.35,25.0,45.0,140.0,,100.0,2.0,32.32,,,0,trial
2026-07-07T20:35:25,reactive_hot_humid_bursty_r1,reactive,hot_humid,bursty,1,40.357,40.057,39.857,37.357,25.0,45.0,140.0,,100.0,2.0,32.31,,,0,trial
2026-07-07T20:35:25,reactive_hot_humid_bursty_r1,reactive,hot_humid,bursty,1,40.363,40.063,39.863,37.363,25.0,45.0,140.0,,100.0,2.0,32.3,,,0,trial
2026-07-07T20:35:25,reactive_hot_humid_bursty_r1,reactive,hot_humid,bursty,1,40.369,40.069,39.869,37.369,25.0,45.0,140.0,,100.0,2.0,32.29,,,0,trial
2026-07-07T20:35:25,reactive_hot_humid_bursty_r1,reactive,hot_humid,bursty,1,40.376,40.076,39.876,37.376,25.0,45.0,140.0,,100.0,2.0,32.28,,,0,trial
2026-07-07T20:35:25,reactive_hot_humid_bursty_r1,reactive,hot_humid,bursty,1,40.382,40.082,39.882,37.382,25.0,45.0,140.0,,100.0,2.0,32.27,,,0,trial
2026-07-07T20:35:25,reactive_hot_humid_bursty_r1,reactive,hot_humid,bursty,1,40.388,40.088,39.888,37.388,25.0,45.0,140.0,,100.0,2.0,32.26,,,0,trial
2026-07-07T20:35:25,reactive_hot_humid_bursty_r1,reactive,hot_humid,bursty,1,40.394,40.094,39.894,37.394,25.0,45.0,140.0,,100.0,2.0,32.25,,,0,trial
2026-07-07T20:35:25,reactive_hot_humid_bursty_r1,reactive,hot_humid,bursty,1,40.401,40.101,39.901,37.401,25.0,45.0,140.0,,100.0,2.0,32.24,,,0,trial
2026-07-07T20:35:25,reactive_hot_humid_bursty_r1,reactive,hot_humid,bursty,1,40.407,40.107,39.907,37.407,25.0,45.0,140.0,,100.0,2.0,32.23,,,0,trial
2026-07-07T20:35:25,reactive_hot_humid_bursty_r1,reactive,hot_humid,bursty,1,40.413,40.113,39.913,37.413,25.0,45.0,140.0,,100.0,2.0,32.22,,,0,trial
2026-07-07T20:35:25,reactive_hot_humid_bursty_r1,reactive,hot_humid,bursty,1,40.419,40.119,39.919,37.419,25.0,45.0,140.0,,100.0,2.0,32.21,,,0,trial
2026-07-07T20:35:25,reactive_hot_humid_bursty_r1,reactive,hot_humid,bursty,1,40.426,40.126,39.926,37.426,25.0,45.0,140.0,,100.0,2.0,32.2,,,0,trial
2026-07-07T20:35:25,reactive_hot_humid_bursty_r1,reactive,hot_humid,bursty,1,40.432,40.132,39.932,37.432,25.0,45.0,140.0,,100.0,2.0,32.19,,,0,trial
2026-07-07T20:35:25,reactive_hot_humid_bursty_r1,reactive,hot_humid,bursty,1,40.438,40.138,39.938,37.438,25.0,45.0,140.0,,100.0,2.0,32.18,,,0,trial
2026-07-07T20:35:25,reactive_hot_humid_bursty_r1,reactive,hot_humid,bursty,1,40.444,40.144,39.944,37.444,25.0,45.0,140.0,,100.0,2.0,32.17,,,0,trial
2026-07-07T20:35:25,reactive_hot_humid_bursty_r1,reactive,hot_humid,bursty,1,40.451,40.151,39.951,37.451,25.0,45.0,140.0,,100.0,2.0,32.16,,,0,trial
2026-07-07T20:35:25,reactive_hot_humid_bursty_r1,reactive,hot_humid,bursty,1,40.457,40.157,39.957,37.457,25.0,45.0,140.0,,100.0,2.0,32.15,,,0,trial
2026-07-07T20:35:25,reactive_hot_humid_bursty_r1,reactive,hot_humid,bursty,1,40.463,40.163,39.963,37.463,25.0,45.0,140.0,,100.0,2.0,32.14,,,0,trial
2026-07-07T20:35:25,reactive_hot_humid_bursty_r1,reactive,hot_humid,bursty,1,40.459,40.159,39.959,37.459,25.0,45.0,60.0,,100.0,2.0,32.13,,,0,trial
2026-07-07T20:35:25,reactive_hot_humid_bursty_r1,reactive,hot_humid,bursty,1,40.456,40.156,39.956,37.456,25.0,45.0,60.0,,75.0,1.5,32.12,,,0,trial
2026-07-07T20:35:25,reactive_hot_humid_bursty_r1,reactive,hot_humid,bursty,1,40.454,40.154,39.954,37.454,25.0,45.0,60.0,,75.0,1.5,32.11,,,0,trial
2026-07-07T20:35:25,reactive_hot_humid_bursty_r1,reactive,hot_humid,bursty,1,40.452,40.152,39.952,37.452,25.0,45.0,60.0,,75.0,1.5,32.1,,,0,trial
2026-07-07T20:35:25,reactive_hot_humid_bursty_r1,reactive,hot_humid,bursty,1,40.449,40.149,39.949,37.449,25.0,45.0,60.0,,75.0,1.5,32.09,,,0,trial
2026-07-07T20:35:25,reactive_hot_humid_bursty_r1,reactive,hot_humid,bursty,1,40.447,40.147,39.947,37.447,25.0,45.0,60.0,,75.0,1.5,32.08,,,0,trial
2026-07-07T20:35:25,reactive_hot_humid_bursty_r1,reactive,hot_humid,bursty,1,40.445,40.145,39.945,37.445,25.0,45.0,60.0,,75.0,1.5,32.07,,,0,trial
2026-07-07T20:35:25,reactive_hot_humid_bursty_r1,reactive,hot_humid,bursty,1,40.442,40.142,39.942,37.442,25.0,45.0,60.0,,75.0,1.5,32.06,,,0,trial
2026-07-07T20:35:25,reactive_hot_humid_bursty_r1,reactive,hot_humid,bursty,1,40.44,40.14,39.94,37.44,25.0,45.0,60.0,,75.0,1.5,32.05,,,0,trial
2026-07-07T20:35:25,reactive_hot_humid_bursty_r1,reactive,hot_humid,bursty,1,40.437,40.137,39.937,37.437,25.0,45.0,60.0,,75.0,1.5,32.04,,,0,trial
2026-07-07T20:35:25,reactive_hot_humid_bursty_r1,reactive,hot_humid,bursty,1,40.435,40.135,39.935,37.435,25.0,45.0,60.0,,75.0,1.5,32.04,,,0,trial
2026-07-07T20:35:25,reactive_hot_humid_bursty_r1,reactive,hot_humid,bursty,1,40.433,40.133,39.933,37.433,25.0,45.0,60.0,,75.0,1.5,32.03,,,0,trial
2026-07-07T20:35:25,reactive_hot_humid_bursty_r1,reactive,hot_humid,bursty,1,40.43,40.13,39.93,37.43,25.0,45.0,60.0,,75.0,1.5,32.02,,,0,trial
2026-07-07T20:35:25,reactive_hot_humid_bursty_r1,reactive,hot_humid,bursty,1,40.428,40.128,39.928,37.428,25.0,45.0,60.0,,75.0,1.5,32.01,,,0,trial
2026-07-07T20:35:25,reactive_hot_humid_bursty_r1,reactive,hot_humid,bursty,1,40.426,40.126,39.926,37.426,25.0,45.0,60.0,,75.0,1.5,32.0,,,0,trial
2026-07-07T20:35:25,reactive_hot_humid_bursty_r1,reactive,hot_humid,bursty,1,40.423,40.123,39.923,37.423,25.0,45.0,60.0,,75.0,1.5,31.99,,,0,trial
2026-07-07T20:35:25,reactive_hot_humid_bursty_r1,reactive,hot_humid,bursty,1,40.421,40.121,39.921,37.421,25.0,45.0,60.0,,75.0,1.5,31.98,,,0,trial
2026-07-07T20:35:25,reactive_hot_humid_bursty_r1,reactive,hot_humid,bursty,1,40.419,40.119,39.919,37.419,25.0,45.0,60.0,,75.0,1.5,31.97,,,0,trial
2026-07-07T20:35:25,reactive_hot_humid_bursty_r1,reactive,hot_humid,bursty,1,40.416,40.116,39.916,37.416,25.0,45.0,60.0,,75.0,1.5,31.96,,,0,trial
2026-07-07T20:35:25,reactive_hot_humid_bursty_r1,reactive,hot_humid,bursty,1,40.414,40.114,39.914,37.414,25.0,45.0,60.0,,75.0,1.5,31.95,,,0,trial
2026-07-07T20:35:25,reactive_hot_humid_bursty_r1,reactive,hot_humid,bursty,1,40.411,40.111,39.911,37.411,25.0,45.0,60.0,,75.0,1.5,31.94,,,0,trial
2026-07-07T20:35:25,reactive_hot_humid_bursty_r1,reactive,hot_humid,bursty,1,40.409,40.109,39.909,37.409,25.0,45.0,60.0,,75.0,1.5,31.93,,,0,trial
2026-07-07T20:35:25,reactive_hot_humid_bursty_r1,reactive,hot_humid,bursty,1,40.407,40.107,39.907,37.407,25.0,45.0,60.0,,75.0,1.5,31.92,,,0,trial
2026-07-07T20:35:25,reactive_hot_humid_bursty_r1,reactive,hot_humid,bursty,1,40.404,40.104,39.904,37.404,25.0,45.0,60.0,,75.0,1.5,31.91,,,0,trial
2026-07-07T20:35:25,reactive_hot_humid_bursty_r1,reactive,hot_humid,bursty,1,40.402,40.102,39.902,37.402,25.0,45.0,60.0,,75.0,1.5,31.9,,,0,trial
2026-07-07T20:35:25,reactive_hot_humid_bursty_r1,reactive,hot_humid,bursty,1,40.4,40.1,39.9,37.4,25.0,45.0,60.0,,75.0,1.5,31.89,,,0,trial
2026-07-07T20:35:25,reactive_hot_humid_bursty_r1,reactive,hot_humid,bursty,1,40.397,40.097,39.897,37.397,25.0,45.0,60.0,,75.0,1.5,31.89,,,0,trial
2026-07-07T20:35:25,reactive_hot_humid_bursty_r1,reactive,hot_humid,bursty,1,40.395,40.095,39.895,37.395,25.0,45.0,60.0,,75.0,1.5,31.88,,,0,trial
2026-07-07T20:35:25,reactive_hot_humid_bursty_r1,reactive,hot_humid,bursty,1,40.393,40.093,39.893,37.393,25.0,45.0,60.0,,75.0,1.5,31.87,,,0,trial
2026-07-07T20:35:25,reactive_hot_humid_bursty_r1,reactive,hot_humid,bursty,1,40.39,40.09,39.89,37.39,25.0,45.0,60.0,,75.0,1.5,31.86,,,0,trial
2026-07-07T20:35:25,reactive_hot_humid_bursty_r1,reactive,hot_humid,bursty,1,40.388,40.088,39.888,37.388,25.0,45.0,60.0,,75.0,1.5,31.85,,,0,trial
2026-07-07T20:35:25,reactive_hot_humid_bursty_r1,reactive,hot_humid,bursty,1,40.386,40.086,39.886,37.386,25.0,45.0,60.0,,75.0,1.5,31.84,,,0,trial
2026-07-07T20:35:25,reactive_hot_humid_bursty_r1,reactive,hot_humid,bursty,1,40.383,40.083,39.883,37.383,25.0,45.0,60.0,,75.0,1.5,31.83,,,0,trial
2026-07-07T20:35:25,reactive_hot_humid_bursty_r1,reactive,hot_humid,bursty,1,40.381,40.081,39.881,37.381,25.0,45.0,60.0,,75.0,1.5,31.82,,,0,trial
2026-07-07T20:35:25,reactive_hot_humid_bursty_r1,reactive,hot_humid,bursty,1,40.379,40.079,39.879,37.379,25.0,45.0,60.0,,75.0,1.5,31.81,,,0,trial
2026-07-07T20:35:25,reactive_hot_humid_bursty_r1,reactive,hot_humid,bursty,1,40.376,40.076,39.876,37.376,25.0,45.0,60.0,,75.0,1.5,31.81,,,0,trial
2026-07-07T20:35:25,reactive_hot_humid_bursty_r1,reactive,hot_humid,bursty,1,40.374,40.074,39.874,37.374,25.0,45.0,60.0,,75.0,1.5,31.8,,,0,trial
2026-07-07T20:35:25,reactive_hot_humid_bursty_r1,reactive,hot_humid,bursty,1,40.372,40.072,39.872,37.372,25.0,45.0,60.0,,75.0,1.5,31.79,,,0,trial
2026-07-07T20:35:25,reactive_hot_humid_bursty_r1,reactive,hot_humid,bursty,1,40.369,40.069,39.869,37.369,25.0,45.0,60.0,,75.0,1.5,31.78,,,0,trial
2026-07-07T20:35:25,reactive_hot_humid_bursty_r1,reactive,hot_humid,bursty,1,40.367,40.067,39.867,37.367,25.0,45.0,60.0,,75.0,1.5,31.77,,,0,trial
2026-07-07T20:35:25,reactive_hot_humid_bursty_r1,reactive,hot_humid,bursty,1,40.365,40.065,39.865,37.365,25.0,45.0,60.0,,75.0,1.5,31.76,,,0,trial
2026-07-07T20:35:25,reactive_hot_humid_bursty_r1,reactive,hot_humid,bursty,1,40.362,40.062,39.862,37.362,25.0,45.0,60.0,,75.0,1.5,31.75,,,0,trial
2026-07-07T20:35:25,reactive_hot_humid_bursty_r1,reactive,hot_humid,bursty,1,40.36,40.06,39.86,37.36,25.0,45.0,60.0,,75.0,1.5,31.74,,,0,trial
2026-07-07T20:35:25,reactive_hot_humid_bursty_r1,reactive,hot_humid,bursty,1,40.358,40.058,39.858,37.358,25.0,45.0,60.0,,75.0,1.5,31.74,,,0,trial
2026-07-07T20:35:25,reactive_hot_humid_bursty_r1,reactive,hot_humid,bursty,1,40.356,40.056,39.856,37.356,25.0,45.0,60.0,,75.0,1.5,31.73,,,0,trial
2026-07-07T20:35:25,reactive_hot_humid_bursty_r1,reactive,hot_humid,bursty,1,40.353,40.053,39.853,37.353,25.0,45.0,60.0,,75.0,1.5,31.72,,,0,trial
2026-07-07T20:35:25,reactive_hot_humid_bursty_r1,reactive,hot_humid,bursty,1,40.351,40.051,39.851,37.351,25.0,45.0,60.0,,75.0,1.5,31.71,,,0,trial
2026-07-07T20:35:25,reactive_hot_humid_bursty_r1,reactive,hot_humid,bursty,1,40.349,40.049,39.849,37.349,25.0,45.0,60.0,,75.0,1.5,31.7,,,0,trial
2026-07-07T20:35:25,reactive_hot_humid_bursty_r1,reactive,hot_humid,bursty,1,40.346,40.046,39.846,37.346,25.0,45.0,60.0,,75.0,1.5,31.69,,,0,trial
2026-07-07T20:35:25,reactive_hot_humid_bursty_r1,reactive,hot_humid,bursty,1,40.344,40.044,39.844,37.344,25.0,45.0,60.0,,75.0,1.5,31.68,,,0,trial
2026-07-07T20:35:25,reactive_hot_humid_bursty_r1,reactive,hot_humid,bursty,1,40.342,40.042,39.842,37.342,25.0,45.0,60.0,,75.0,1.5,31.68,,,0,trial
2026-07-07T20:35:25,reactive_hot_humid_bursty_r1,reactive,hot_humid,bursty,1,40.339,40.039,39.839,37.339,25.0,45.0,60.0,,75.0,1.5,31.67,,,0,trial
2026-07-07T20:35:25,reactive_hot_humid_bursty_r1,reactive,hot_humid,bursty,1,40.337,40.037,39.837,37.337,25.0,45.0,60.0,,75.0,1.5,31.66,,,0,trial
2026-07-07T20:35:25,reactive_hot_humid_bursty_r1,reactive,hot_humid,bursty,1,40.335,40.035,39.835,37.335,25.0,45.0,60.0,,75.0,1.5,31.65,,,0,trial
2026-07-07T20:35:25,reactive_hot_humid_bursty_r1,reactive,hot_humid,bursty,1,40.333,40.033,39.833,37.333,25.0,45.0,60.0,,75.0,1.5,31.64,,,0,trial
2026-07-07T20:35:25,reactive_hot_humid_bursty_r1,reactive,hot_humid,bursty,1,40.33,40.03,39.83,37.33,25.0,45.0,60.0,,75.0,1.5,31.63,,,0,trial
2026-07-07T20:35:25,reactive_hot_humid_bursty_r1,reactive,hot_humid,bursty,1,40.328,40.028,39.828,37.328,25.0,45.0,60.0,,75.0,1.5,31.63,,,0,trial
2026-07-07T20:35:25,reactive_hot_humid_bursty_r1,reactive,hot_humid,bursty,1,40.326,40.026,39.826,37.326,25.0,45.0,60.0,,75.0,1.5,31.62,,,0,trial
2026-07-07T20:35:25,reactive_hot_humid_bursty_r1,reactive,hot_humid,bursty,1,40.323,40.023,39.823,37.323,25.0,45.0,60.0,,75.0,1.5,31.61,,,0,trial
2026-07-07T20:35:25,reactive_hot_humid_bursty_r1,reactive,hot_humid,bursty,1,40.321,40.021,39.821,37.321,25.0,45.0,60.0,,75.0,1.5,31.6,,,0,trial
2026-07-07T20:35:25,reactive_hot_humid_bursty_r1,reactive,hot_humid,bursty,1,40.319,40.019,39.819,37.319,25.0,45.0,60.0,,75.0,1.5,31.59,,,0,trial
2026-07-07T20:35:25,reactive_hot_humid_bursty_r1,reactive,hot_humid,bursty,1,40.316,40.016,39.816,37.316,25.0,45.0,60.0,,75.0,1.5,31.59,,,0,trial
2026-07-07T20:35:25,reactive_hot_humid_bursty_r1,reactive,hot_humid,bursty,1,40.314,40.014,39.814,37.314,25.0,45.0,60.0,,75.0,1.5,31.58,,,0,trial
2026-07-07T20:35:25,reactive_hot_humid_bursty_r1,reactive,hot_humid,bursty,1,40.312,40.012,39.812,37.312,25.0,45.0,60.0,,75.0,1.5,31.57,,,0,trial
2026-07-07T20:35:25,reactive_hot_humid_bursty_r1,reactive,hot_humid,bursty,1,40.31,40.01,39.81,37.31,25.0,45.0,60.0,,75.0,1.5,31.56,,,0,trial
2026-07-07T20:35:25,reactive_hot_humid_bursty_r1,reactive,hot_humid,bursty,1,40.307,40.007,39.807,37.307,25.0,45.0,60.0,,75.0,1.5,31.55,,,0,trial
2026-07-07T20:35:25,reactive_hot_humid_bursty_r1,reactive,hot_humid,bursty,1,40.305,40.005,39.805,37.305,25.0,45.0,60.0,,75.0,1.5,31.55,,,0,trial
2026-07-07T20:35:25,reactive_hot_humid_bursty_r1,reactive,hot_humid,bursty,1,40.303,40.003,39.803,37.303,25.0,45.0,60.0,,75.0,1.5,31.54,,,0,trial
2026-07-07T20:35:25,reactive_hot_humid_bursty_r1,reactive,hot_humid,bursty,1,40.3,40.0,39.8,37.3,25.0,45.0,60.0,,75.0,1.5,31.53,,,0,trial
2026-07-07T20:35:25,reactive_hot_humid_bursty_r1,reactive,hot_humid,bursty,1,40.298,39.998,39.798,37.298,25.0,45.0,60.0,,75.0,1.5,31.52,,,0,trial
2026-07-07T20:35:25,reactive_hot_humid_bursty_r1,reactive,hot_humid,bursty,1,40.296,39.996,39.796,37.296,25.0,45.0,60.0,,75.0,1.5,31.51,,,0,trial
2026-07-07T20:35:25,reactive_hot_humid_bursty_r1,reactive,hot_humid,bursty,1,40.294,39.994,39.794,37.294,25.0,45.0,60.0,,75.0,1.5,31.51,,,0,trial
2026-07-07T20:35:25,reactive_hot_humid_bursty_r1,reactive,hot_humid,bursty,1,40.291,39.991,39.791,37.291,25.0,45.0,60.0,,75.0,1.5,31.5,,,0,trial
2026-07-07T20:35:25,reactive_hot_humid_bursty_r1,reactive,hot_humid,bursty,1,40.289,39.989,39.789,37.289,25.0,45.0,60.0,,75.0,1.5,31.49,,,0,trial
2026-07-07T20:35:25,reactive_hot_humid_bursty_r1,reactive,hot_humid,bursty,1,40.287,39.987,39.787,37.287,25.0,45.0,60.0,,75.0,1.5,31.48,,,0,trial
2026-07-07T20:35:25,reactive_hot_humid_bursty_r1,reactive,hot_humid,bursty,1,40.285,39.985,39.785,37.285,25.0,45.0,60.0,,75.0,1.5,31.48,,,0,trial
2026-07-07T20:35:25,reactive_hot_humid_bursty_r1,reactive,hot_humid,bursty,1,40.282,39.982,39.782,37.282,25.0,45.0,60.0,,75.0,1.5,31.47,,,0,trial
2026-07-07T20:35:25,reactive_hot_humid_bursty_r1,reactive,hot_humid,bursty,1,40.28,39.98,39.78,37.28,25.0,45.0,60.0,,75.0,1.5,31.46,,,0,trial
2026-07-07T20:35:25,reactive_hot_humid_bursty_r1,reactive,hot_humid,bursty,1,40.278,39.978,39.778,37.278,25.0,45.0,60.0,,75.0,1.5,31.45,,,0,trial
2026-07-07T20:35:25,reactive_hot_humid_bursty_r1,reactive,hot_humid,bursty,1,40.276,39.976,39.776,37.276,25.0,45.0,60.0,,75.0,1.5,31.44,,,0,trial
2026-07-07T20:35:25,reactive_hot_humid_bursty_r1,reactive,hot_humid,bursty,1,40.273,39.973,39.773,37.273,25.0,45.0,60.0,,75.0,1.5,31.44,,,0,trial
2026-07-07T20:35:25,reactive_hot_humid_bursty_r1,reactive,hot_humid,bursty,1,40.271,39.971,39.771,37.271,25.0,45.0,60.0,,75.0,1.5,31.43,,,0,trial
2026-07-07T20:35:25,reactive_hot_humid_bursty_r1,reactive,hot_humid,bursty,1,40.269,39.969,39.769,37.269,25.0,45.0,60.0,,75.0,1.5,31.42,,,0,trial
2026-07-07T20:35:25,reactive_hot_humid_bursty_r1,reactive,hot_humid,bursty,1,40.267,39.967,39.767,37.267,25.0,45.0,60.0,,75.0,1.5,31.42,,,0,trial
2026-07-07T20:35:25,reactive_hot_humid_bursty_r1,reactive,hot_humid,bursty,1,40.264,39.964,39.764,37.264,25.0,45.0,60.0,,75.0,1.5,31.41,,,0,trial
2026-07-07T20:35:25,reactive_hot_humid_bursty_r1,reactive,hot_humid,bursty,1,40.262,39.962,39.762,37.262,25.0,45.0,60.0,,75.0,1.5,31.4,,,0,trial
2026-07-07T20:35:25,reactive_hot_humid_bursty_r1,reactive,hot_humid,bursty,1,40.26,39.96,39.76,37.26,25.0,45.0,60.0,,75.0,1.5,31.39,,,0,trial
2026-07-07T20:35:25,reactive_hot_humid_bursty_r1,reactive,hot_humid,bursty,1,40.258,39.958,39.758,37.258,25.0,45.0,60.0,,75.0,1.5,31.39,,,0,trial
2026-07-07T20:35:25,reactive_hot_humid_bursty_r1,reactive,hot_humid,bursty,1,40.255,39.955,39.755,37.255,25.0,45.0,60.0,,75.0,1.5,31.38,,,0,trial
2026-07-07T20:35:25,reactive_hot_humid_bursty_r1,reactive,hot_humid,bursty,1,40.253,39.953,39.753,37.253,25.0,45.0,60.0,,75.0,1.5,31.37,,,0,trial
2026-07-07T20:35:25,reactive_hot_humid_bursty_r1,reactive,hot_humid,bursty,1,40.251,39.951,39.751,37.251,25.0,45.0,60.0,,75.0,1.5,31.36,,,0,trial
2026-07-07T20:35:25,reactive_hot_humid_bursty_r1,reactive,hot_humid,bursty,1,40.249,39.949,39.749,37.249,25.0,45.0,60.0,,75.0,1.5,31.36,,,0,trial
2026-07-07T20:35:25,reactive_hot_humid_bursty_r1,reactive,hot_humid,bursty,1,40.246,39.946,39.746,37.246,25.0,45.0,60.0,,75.0,1.5,31.35,,,0,trial
2026-07-07T20:35:25,reactive_hot_humid_bursty_r1,reactive,hot_humid,bursty,1,40.244,39.944,39.744,37.244,25.0,45.0,60.0,,75.0,1.5,31.34,,,0,trial
2026-07-07T20:35:25,reactive_hot_humid_bursty_r1,reactive,hot_humid,bursty,1,40.242,39.942,39.742,37.242,25.0,45.0,60.0,,75.0,1.5,31.34,,,0,trial
2026-07-07T20:35:25,reactive_hot_humid_bursty_r1,reactive,hot_humid,bursty,1,40.24,39.94,39.74,37.24,25.0,45.0,60.0,,75.0,1.5,31.33,,,0,trial
2026-07-07T20:35:25,reactive_hot_humid_bursty_r1,reactive,hot_humid,bursty,1,40.237,39.937,39.737,37.237,25.0,45.0,60.0,,75.0,1.5,31.32,,,0,trial
2026-07-07T20:35:25,reactive_hot_humid_bursty_r1,reactive,hot_humid,bursty,1,40.235,39.935,39.735,37.235,25.0,45.0,60.0,,75.0,1.5,31.31,,,0,trial
2026-07-07T20:35:25,reactive_hot_humid_bursty_r1,reactive,hot_humid,bursty,1,40.233,39.933,39.733,37.233,25.0,45.0,60.0,,75.0,1.5,31.31,,,0,trial
2026-07-07T20:35:25,reactive_hot_humid_bursty_r1,reactive,hot_humid,bursty,1,40.231,39.931,39.731,37.231,25.0,45.0,60.0,,75.0,1.5,31.3,,,0,trial
2026-07-07T20:35:25,reactive_hot_humid_bursty_r1,reactive,hot_humid,bursty,1,40.228,39.928,39.728,37.228,25.0,45.0,60.0,,75.0,1.5,31.29,,,0,trial
2026-07-07T20:35:25,reactive_hot_humid_bursty_r1,reactive,hot_humid,bursty,1,40.226,39.926,39.726,37.226,25.0,45.0,60.0,,75.0,1.5,31.29,,,0,trial
2026-07-07T20:35:25,reactive_hot_humid_bursty_r1,reactive,hot_humid,bursty,1,40.224,39.924,39.724,37.224,25.0,45.0,60.0,,75.0,1.5,31.28,,,0,trial
2026-07-07T20:35:25,reactive_hot_humid_bursty_r1,reactive,hot_humid,bursty,1,40.222,39.922,39.722,37.222,25.0,45.0,60.0,,75.0,1.5,31.27,,,0,trial
2026-07-07T20:35:25,reactive_hot_humid_bursty_r1,reactive,hot_humid,bursty,1,40.22,39.92,39.72,37.22,25.0,45.0,60.0,,75.0,1.5,31.27,,,0,trial
2026-07-07T20:35:25,reactive_hot_humid_bursty_r1,reactive,hot_humid,bursty,1,40.217,39.917,39.717,37.217,25.0,45.0,60.0,,75.0,1.5,31.26,,,0,trial
2026-07-07T20:35:25,reactive_hot_humid_bursty_r1,reactive,hot_humid,bursty,1,40.215,39.915,39.715,37.215,25.0,45.0,60.0,,75.0,1.5,31.25,,,0,trial
2026-07-07T20:35:25,reactive_hot_humid_bursty_r1,reactive,hot_humid,bursty,1,40.213,39.913,39.713,37.213,25.0,45.0,60.0,,75.0,1.5,31.25,,,0,trial
2026-07-07T20:35:25,reactive_hot_humid_bursty_r1,reactive,hot_humid,bursty,1,40.211,39.911,39.711,37.211,25.0,45.0,60.0,,75.0,1.5,31.24,,,0,trial
2026-07-07T20:35:25,reactive_hot_humid_bursty_r1,reactive,hot_humid,bursty,1,40.208,39.908,39.708,37.208,25.0,45.0,60.0,,75.0,1.5,31.23,,,0,trial
2026-07-07T20:35:25,reactive_hot_humid_bursty_r1,reactive,hot_humid,bursty,1,40.206,39.906,39.706,37.206,25.0,45.0,60.0,,75.0,1.5,31.23,,,0,trial
2026-07-07T20:35:25,reactive_hot_humid_bursty_r1,reactive,hot_humid,bursty,1,40.204,39.904,39.704,37.204,25.0,45.0,60.0,,75.0,1.5,31.22,,,0,trial
2026-07-07T20:35:25,reactive_hot_humid_bursty_r1,reactive,hot_humid,bursty,1,40.202,39.902,39.702,37.202,25.0,45.0,60.0,,75.0,1.5,31.21,,,0,trial
2026-07-07T20:35:25,reactive_hot_humid_bursty_r1,reactive,hot_humid,bursty,1,40.2,39.9,39.7,37.2,25.0,45.0,60.0,,75.0,1.5,31.21,,,0,trial
2026-07-07T20:35:25,reactive_hot_humid_bursty_r1,reactive,hot_humid,bursty,1,40.197,39.897,39.697,37.197,25.0,45.0,60.0,,75.0,1.5,31.2,,,0,trial
2026-07-07T20:35:25,reactive_hot_humid_bursty_r1,reactive,hot_humid,bursty,1,40.195,39.895,39.695,37.195,25.0,45.0,60.0,,75.0,1.5,31.19,,,0,trial
2026-07-07T20:35:25,reactive_hot_humid_bursty_r1,reactive,hot_humid,bursty,1,40.193,39.893,39.693,37.193,25.0,45.0,60.0,,75.0,1.5,31.19,,,0,trial
2026-07-07T20:35:25,reactive_hot_humid_bursty_r1,reactive,hot_humid,bursty,1,40.191,39.891,39.691,37.191,25.0,45.0,60.0,,75.0,1.5,31.18,,,0,trial
2026-07-07T20:35:25,reactive_hot_humid_bursty_r1,reactive,hot_humid,bursty,1,40.189,39.889,39.689,37.189,25.0,45.0,60.0,,75.0,1.5,31.17,,,0,trial
2026-07-07T20:35:25,reactive_hot_humid_bursty_r1,reactive,hot_humid,bursty,1,40.186,39.886,39.686,37.186,25.0,45.0,60.0,,75.0,1.5,31.17,,,0,trial
2026-07-07T20:35:25,reactive_hot_humid_bursty_r1,reactive,hot_humid,bursty,1,40.184,39.884,39.684,37.184,25.0,45.0,60.0,,75.0,1.5,31.16,,,0,trial
2026-07-07T20:35:25,reactive_hot_humid_bursty_r1,reactive,hot_humid,bursty,1,40.182,39.882,39.682,37.182,25.0,45.0,60.0,,75.0,1.5,31.15,,,0,trial
2026-07-07T20:35:25,reactive_hot_humid_bursty_r1,reactive,hot_humid,bursty,1,40.18,39.88,39.68,37.18,25.0,45.0,60.0,,75.0,1.5,31.15,,,0,trial
2026-07-07T20:35:25,reactive_hot_humid_bursty_r1,reactive,hot_humid,bursty,1,40.178,39.878,39.678,37.178,25.0,45.0,60.0,,75.0,1.5,31.14,,,0,trial
2026-07-07T20:35:25,reactive_hot_humid_bursty_r1,reactive,hot_humid,bursty,1,40.175,39.875,39.675,37.175,25.0,45.0,60.0,,75.0,1.5,31.14,,,0,trial
2026-07-07T20:35:25,reactive_hot_humid_bursty_r1,reactive,hot_humid,bursty,1,40.173,39.873,39.673,37.173,25.0,45.0,60.0,,75.0,1.5,31.13,,,0,trial
2026-07-07T20:35:25,reactive_hot_humid_bursty_r1,reactive,hot_humid,bursty,1,40.171,39.871,39.671,37.171,25.0,45.0,60.0,,75.0,1.5,31.12,,,0,trial
2026-07-07T20:35:25,reactive_hot_humid_bursty_r1,reactive,hot_humid,bursty,1,40.169,39.869,39.669,37.169,25.0,45.0,60.0,,75.0,1.5,31.12,,,0,trial
2026-07-07T20:35:25,reactive_hot_humid_bursty_r1,reactive,hot_humid,bursty,1,40.167,39.867,39.667,37.167,25.0,45.0,60.0,,75.0,1.5,31.11,,,0,trial
2026-07-07T20:35:25,reactive_hot_humid_bursty_r1,reactive,hot_humid,bursty,1,40.164,39.864,39.664,37.164,25.0,45.0,60.0,,75.0,1.5,31.1,,,0,trial
2026-07-07T20:35:25,reactive_hot_humid_bursty_r1,reactive,hot_humid,bursty,1,40.162,39.862,39.662,37.162,25.0,45.0,60.0,,75.0,1.5,31.1,,,0,trial
2026-07-07T20:35:25,reactive_hot_humid_bursty_r1,reactive,hot_humid,bursty,1,40.16,39.86,39.66,37.16,25.0,45.0,60.0,,75.0,1.5,31.09,,,0,trial
2026-07-07T20:35:25,reactive_hot_humid_bursty_r1,reactive,hot_humid,bursty,1,40.158,39.858,39.658,37.158,25.0,45.0,60.0,,75.0,1.5,31.09,,,0,trial
2026-07-07T20:35:25,reactive_hot_humid_bursty_r1,reactive,hot_humid,bursty,1,40.156,39.856,39.656,37.156,25.0,45.0,60.0,,75.0,1.5,31.08,,,0,trial
2026-07-07T20:35:25,reactive_hot_humid_bursty_r1,reactive,hot_humid,bursty,1,40.154,39.854,39.654,37.154,25.0,45.0,60.0,,75.0,1.5,31.07,,,0,trial
2026-07-07T20:35:25,reactive_hot_humid_bursty_r1,reactive,hot_humid,bursty,1,40.151,39.851,39.651,37.151,25.0,45.0,60.0,,75.0,1.5,31.07,,,0,trial
2026-07-07T20:35:25,reactive_hot_humid_bursty_r1,reactive,hot_humid,bursty,1,40.149,39.849,39.649,37.149,25.0,45.0,60.0,,75.0,1.5,31.06,,,0,trial
2026-07-07T20:35:25,reactive_hot_humid_bursty_r1,reactive,hot_humid,bursty,1,40.147,39.847,39.647,37.147,25.0,45.0,60.0,,75.0,1.5,31.06,,,0,trial
2026-07-07T20:35:25,reactive_hot_humid_bursty_r1,reactive,hot_humid,bursty,1,40.145,39.845,39.645,37.145,25.0,45.0,60.0,,75.0,1.5,31.05,,,0,trial
2026-07-07T20:35:25,reactive_hot_humid_bursty_r1,reactive,hot_humid,bursty,1,40.143,39.843,39.643,37.143,25.0,45.0,60.0,,75.0,1.5,31.04,,,0,trial
2026-07-07T20:35:25,reactive_hot_humid_bursty_r1,reactive,hot_humid,bursty,1,40.14,39.84,39.64,37.14,25.0,45.0,60.0,,75.0,1.5,31.04,,,0,trial
2026-07-07T20:35:25,reactive_hot_humid_bursty_r1,reactive,hot_humid,bursty,1,40.138,39.838,39.638,37.138,25.0,45.0,60.0,,75.0,1.5,31.03,,,0,trial
2026-07-07T20:35:25,reactive_hot_humid_bursty_r1,reactive,hot_humid,bursty,1,40.136,39.836,39.636,37.136,25.0,45.0,60.0,,75.0,1.5,31.03,,,0,trial
2026-07-07T20:35:25,reactive_hot_humid_bursty_r1,reactive,hot_humid,bursty,1,40.134,39.834,39.634,37.134,25.0,45.0,60.0,,75.0,1.5,31.02,,,0,trial
2026-07-07T20:35:25,reactive_hot_humid_bursty_r1,reactive,hot_humid,bursty,1,40.132,39.832,39.632,37.132,25.0,45.0,60.0,,75.0,1.5,31.02,,,0,trial
2026-07-07T20:35:25,reactive_hot_humid_bursty_r1,reactive,hot_humid,bursty,1,40.13,39.83,39.63,37.13,25.0,45.0,60.0,,75.0,1.5,31.01,,,0,trial
2026-07-07T20:35:25,reactive_hot_humid_bursty_r1,reactive,hot_humid,bursty,1,40.127,39.827,39.627,37.127,25.0,45.0,60.0,,75.0,1.5,31.0,,,0,trial
2026-07-07T20:35:25,reactive_hot_humid_bursty_r1,reactive,hot_humid,bursty,1,40.125,39.825,39.625,37.125,25.0,45.0,60.0,,75.0,1.5,31.0,,,0,trial
2026-07-07T20:35:25,reactive_hot_humid_bursty_r1,reactive,hot_humid,bursty,1,40.123,39.823,39.623,37.123,25.0,45.0,60.0,,75.0,1.5,30.99,,,0,trial
2026-07-07T20:35:25,reactive_hot_humid_bursty_r1,reactive,hot_humid,bursty,1,40.121,39.821,39.621,37.121,25.0,45.0,60.0,,75.0,1.5,30.99,,,0,trial
2026-07-07T20:35:25,reactive_hot_humid_bursty_r1,reactive,hot_humid,bursty,1,40.119,39.819,39.619,37.119,25.0,45.0,60.0,,75.0,1.5,30.98,,,0,trial
2026-07-07T20:35:25,reactive_hot_humid_bursty_r1,reactive,hot_humid,bursty,1,40.117,39.817,39.617,37.117,25.0,45.0,60.0,,75.0,1.5,30.98,,,0,trial
2026-07-07T20:35:25,reactive_hot_humid_bursty_r1,reactive,hot_humid,bursty,1,40.115,39.815,39.615,37.115,25.0,45.0,60.0,,75.0,1.5,30.97,,,0,trial
2026-07-07T20:35:25,reactive_hot_humid_bursty_r1,reactive,hot_humid,bursty,1,40.112,39.812,39.612,37.112,25.0,45.0,60.0,,75.0,1.5,30.97,,,0,trial
2026-07-07T20:35:25,reactive_hot_humid_bursty_r1,reactive,hot_humid,bursty,1,40.11,39.81,39.61,37.11,25.0,45.0,60.0,,75.0,1.5,30.96,,,0,trial
2026-07-07T20:35:25,reactive_hot_humid_bursty_r1,reactive,hot_humid,bursty,1,40.108,39.808,39.608,37.108,25.0,45.0,60.0,,75.0,1.5,30.95,,,0,trial
2026-07-07T20:35:25,reactive_hot_humid_bursty_r1,reactive,hot_humid,bursty,1,40.106,39.806,39.606,37.106,25.0,45.0,60.0,,75.0,1.5,30.95,,,0,trial
2026-07-07T20:35:25,reactive_hot_humid_bursty_r1,reactive,hot_humid,bursty,1,40.104,39.804,39.604,37.104,25.0,45.0,60.0,,75.0,1.5,30.94,,,0,trial
2026-07-07T20:35:25,reactive_hot_humid_bursty_r1,reactive,hot_humid,bursty,1,40.102,39.802,39.602,37.102,25.0,45.0,60.0,,75.0,1.5,30.94,,,0,trial
2026-07-07T20:35:25,reactive_hot_humid_bursty_r1,reactive,hot_humid,bursty,1,40.1,39.8,39.6,37.1,25.0,45.0,60.0,,75.0,1.5,30.93,,,0,trial
2026-07-07T20:35:25,reactive_hot_humid_bursty_r1,reactive,hot_humid,bursty,1,40.097,39.797,39.597,37.097,25.0,45.0,60.0,,75.0,1.5,30.93,,,0,trial
2026-07-07T20:35:25,reactive_hot_humid_bursty_r1,reactive,hot_humid,bursty,1,40.095,39.795,39.595,37.095,25.0,45.0,60.0,,75.0,1.5,30.92,,,0,trial
2026-07-07T20:35:25,reactive_hot_humid_bursty_r1,reactive,hot_humid,bursty,1,40.093,39.793,39.593,37.093,25.0,45.0,60.0,,75.0,1.5,30.92,,,0,trial
2026-07-07T20:35:25,reactive_hot_humid_bursty_r1,reactive,hot_humid,bursty,1,40.091,39.791,39.591,37.091,25.0,45.0,60.0,,75.0,1.5,30.91,,,0,trial
2026-07-07T20:35:25,reactive_hot_humid_bursty_r1,reactive,hot_humid,bursty,1,40.089,39.789,39.589,37.089,25.0,45.0,60.0,,75.0,1.5,30.91,,,0,trial
2026-07-07T20:35:25,reactive_hot_humid_bursty_r1,reactive,hot_humid,bursty,1,40.087,39.787,39.587,37.087,25.0,45.0,60.0,,75.0,1.5,30.9,,,0,trial
2026-07-07T20:35:25,reactive_hot_humid_bursty_r1,reactive,hot_humid,bursty,1,40.085,39.785,39.585,37.085,25.0,45.0,60.0,,75.0,1.5,30.9,,,0,trial
2026-07-07T20:35:25,reactive_hot_humid_bursty_r1,reactive,hot_humid,bursty,1,40.082,39.782,39.582,37.082,25.0,45.0,60.0,,75.0,1.5,30.89,,,0,trial
2026-07-07T20:35:25,reactive_hot_humid_bursty_r1,reactive,hot_humid,bursty,1,40.08,39.78,39.58,37.08,25.0,45.0,60.0,,75.0,1.5,30.89,,,0,trial
2026-07-07T20:35:25,reactive_hot_humid_bursty_r1,reactive,hot_humid,bursty,1,40.078,39.778,39.578,37.078,25.0,45.0,60.0,,75.0,1.5,30.88,,,0,trial
2026-07-07T20:35:25,reactive_hot_humid_bursty_r1,reactive,hot_humid,bursty,1,40.076,39.776,39.576,37.076,25.0,45.0,60.0,,75.0,1.5,30.88,,,0,trial
2026-07-07T20:35:25,reactive_hot_humid_bursty_r1,reactive,hot_humid,bursty,1,40.074,39.774,39.574,37.074,25.0,45.0,60.0,,75.0,1.5,30.87,,,0,trial
2026-07-07T20:35:25,reactive_hot_humid_bursty_r1,reactive,hot_humid,bursty,1,40.072,39.772,39.572,37.072,25.0,45.0,60.0,,75.0,1.5,30.87,,,0,trial
2026-07-07T20:35:25,reactive_hot_humid_bursty_r1,reactive,hot_humid,bursty,1,40.07,39.77,39.57,37.07,25.0,45.0,60.0,,75.0,1.5,30.86,,,0,trial
2026-07-07T20:35:25,reactive_hot_humid_bursty_r1,reactive,hot_humid,bursty,1,40.068,39.768,39.568,37.068,25.0,45.0,60.0,,75.0,1.5,30.86,,,0,trial
2026-07-07T20:35:25,reactive_hot_humid_bursty_r1,reactive,hot_humid,bursty,1,40.065,39.765,39.565,37.065,25.0,45.0,60.0,,75.0,1.5,30.85,,,0,trial
2026-07-07T20:35:25,reactive_hot_humid_bursty_r1,reactive,hot_humid,bursty,1,40.063,39.763,39.563,37.063,25.0,45.0,60.0,,75.0,1.5,30.85,,,0,trial
2026-07-07T20:35:25,reactive_hot_humid_bursty_r1,reactive,hot_humid,bursty,1,40.061,39.761,39.561,37.061,25.0,45.0,60.0,,75.0,1.5,30.84,,,0,trial
2026-07-07T20:35:25,reactive_hot_humid_bursty_r1,reactive,hot_humid,bursty,1,40.059,39.759,39.559,37.059,25.0,45.0,60.0,,75.0,1.5,30.84,,,0,trial
2026-07-07T20:35:25,reactive_hot_humid_bursty_r1,reactive,hot_humid,bursty,1,40.057,39.757,39.557,37.057,25.0,45.0,60.0,,75.0,1.5,30.83,,,0,trial
2026-07-07T20:35:25,reactive_hot_humid_bursty_r1,reactive,hot_humid,bursty,1,40.055,39.755,39.555,37.055,25.0,45.0,60.0,,75.0,1.5,30.83,,,0,trial
2026-07-07T20:35:25,reactive_hot_humid_bursty_r1,reactive,hot_humid,bursty,1,40.055,39.755,39.555,37.055,25.0,45.0,60.0,,50.0,1.0,30.82,,,0,trial
2026-07-07T20:35:25,reactive_hot_humid_bursty_r1,reactive,hot_humid,bursty,1,40.055,39.755,39.555,37.055,25.0,45.0,60.0,,50.0,1.0,30.82,,,0,trial
2026-07-07T20:35:25,reactive_hot_humid_bursty_r1,reactive,hot_humid,bursty,1,40.055,39.755,39.555,37.055,25.0,45.0,60.0,,50.0,1.0,30.81,,,0,trial
2026-07-07T20:35:25,reactive_hot_humid_bursty_r1,reactive,hot_humid,bursty,1,40.055,39.755,39.555,37.055,25.0,45.0,60.0,,50.0,1.0,30.81,,,0,trial
2026-07-07T20:35:25,reactive_hot_humid_bursty_r1,reactive,hot_humid,bursty,1,40.055,39.755,39.555,37.055,25.0,45.0,60.0,,50.0,1.0,30.8,,,0,trial
2026-07-07T20:35:25,reactive_hot_humid_bursty_r1,reactive,hot_humid,bursty,1,40.055,39.755,39.555,37.055,25.0,45.0,60.0,,50.0,1.0,30.8,,,0,trial
2026-07-07T20:35:25,reactive_hot_humid_bursty_r1,reactive,hot_humid,bursty,1,40.055,39.755,39.555,37.055,25.0,45.0,60.0,,50.0,1.0,30.79,,,0,trial
2026-07-07T20:35:25,reactive_hot_humid_bursty_r1,reactive,hot_humid,bursty,1,40.055,39.755,39.555,37.055,25.0,45.0,60.0,,50.0,1.0,30.79,,,0,trial
2026-07-07T20:35:25,reactive_hot_humid_bursty_r1,reactive,hot_humid,bursty,1,40.055,39.755,39.555,37.055,25.0,45.0,60.0,,50.0,1.0,30.79,,,0,trial
2026-07-07T20:35:25,reactive_hot_humid_bursty_r1,reactive,hot_humid,bursty,1,40.055,39.755,39.555,37.055,25.0,45.0,60.0,,50.0,1.0,30.78,,,0,trial
2026-07-07T20:35:25,reactive_hot_humid_bursty_r1,reactive,hot_humid,bursty,1,40.055,39.755,39.555,37.055,25.0,45.0,60.0,,50.0,1.0,30.78,,,0,trial
2026-07-07T20:35:25,reactive_hot_humid_bursty_r1,reactive,hot_humid,bursty,1,40.054,39.754,39.554,37.054,25.0,45.0,60.0,,50.0,1.0,30.77,,,0,trial
2026-07-07T20:35:25,reactive_hot_humid_bursty_r1,reactive,hot_humid,bursty,1,40.054,39.754,39.554,37.054,25.0,45.0,60.0,,50.0,1.0,30.77,,,0,trial
2026-07-07T20:35:25,reactive_hot_humid_bursty_r1,reactive,hot_humid,bursty,1,40.054,39.754,39.554,37.054,25.0,45.0,60.0,,50.0,1.0,30.76,,,0,trial
2026-07-07T20:35:25,reactive_hot_humid_bursty_r1,reactive,hot_humid,bursty,1,40.054,39.754,39.554,37.054,25.0,45.0,60.0,,50.0,1.0,30.76,,,0,trial
2026-07-07T20:35:25,reactive_hot_humid_bursty_r1,reactive,hot_humid,bursty,1,40.054,39.754,39.554,37.054,25.0,45.0,60.0,,50.0,1.0,30.75,,,0,trial
2026-07-07T20:35:25,reactive_hot_humid_bursty_r1,reactive,hot_humid,bursty,1,40.054,39.754,39.554,37.054,25.0,45.0,60.0,,50.0,1.0,30.75,,,0,trial
2026-07-07T20:35:25,reactive_hot_humid_bursty_r1,reactive,hot_humid,bursty,1,40.054,39.754,39.554,37.054,25.0,45.0,60.0,,50.0,1.0,30.75,,,0,trial
2026-07-07T20:35:25,reactive_hot_humid_bursty_r1,reactive,hot_humid,bursty,1,40.054,39.754,39.554,37.054,25.0,45.0,60.0,,50.0,1.0,30.74,,,0,trial
2026-07-07T20:35:25,reactive_hot_humid_bursty_r1,reactive,hot_humid,bursty,1,40.054,39.754,39.554,37.054,25.0,45.0,60.0,,50.0,1.0,30.74,,,0,trial
2026-07-07T20:35:25,reactive_hot_humid_bursty_r1,reactive,hot_humid,bursty,1,40.054,39.754,39.554,37.054,25.0,45.0,60.0,,50.0,1.0,30.73,,,0,trial
2026-07-07T20:35:25,reactive_hot_humid_bursty_r1,reactive,hot_humid,bursty,1,40.054,39.754,39.554,37.054,25.0,45.0,60.0,,50.0,1.0,30.73,,,0,trial
2026-07-07T20:35:25,reactive_hot_humid_bursty_r1,reactive,hot_humid,bursty,1,40.054,39.754,39.554,37.054,25.0,45.0,60.0,,50.0,1.0,30.72,,,0,trial
2026-07-07T20:35:25,reactive_hot_humid_bursty_r1,reactive,hot_humid,bursty,1,40.054,39.754,39.554,37.054,25.0,45.0,60.0,,50.0,1.0,30.72,,,0,trial
2026-07-07T20:35:25,reactive_hot_humid_bursty_r1,reactive,hot_humid,bursty,1,40.054,39.754,39.554,37.054,25.0,45.0,60.0,,50.0,1.0,30.72,,,0,trial
2026-07-07T20:35:25,reactive_hot_humid_bursty_r1,reactive,hot_humid,bursty,1,40.054,39.754,39.554,37.054,25.0,45.0,60.0,,50.0,1.0,30.71,,,0,trial
2026-07-07T20:35:25,reactive_hot_humid_bursty_r1,reactive,hot_humid,bursty,1,40.054,39.754,39.554,37.054,25.0,45.0,60.0,,50.0,1.0,30.71,,,0,trial
2026-07-07T20:35:25,reactive_hot_humid_bursty_r1,reactive,hot_humid,bursty,1,40.054,39.754,39.554,37.054,25.0,45.0,60.0,,50.0,1.0,30.7,,,0,trial
2026-07-07T20:35:25,reactive_hot_humid_bursty_r1,reactive,hot_humid,bursty,1,40.054,39.754,39.554,37.054,25.0,45.0,60.0,,50.0,1.0,30.7,,,0,trial
2026-07-07T20:35:25,reactive_hot_humid_bursty_r1,reactive,hot_humid,bursty,1,40.054,39.754,39.554,37.054,25.0,45.0,60.0,,50.0,1.0,30.7,,,0,trial
2026-07-07T20:35:25,reactive_hot_humid_bursty_r1,reactive,hot_humid,bursty,1,40.054,39.754,39.554,37.054,25.0,45.0,60.0,,50.0,1.0,30.69,,,0,trial
2026-07-07T20:35:25,reactive_hot_humid_bursty_r1,reactive,hot_humid,bursty,1,40.054,39.754,39.554,37.054,25.0,45.0,60.0,,50.0,1.0,30.69,,,0,trial
2026-07-07T20:35:25,reactive_hot_humid_bursty_r1,reactive,hot_humid,bursty,1,40.054,39.754,39.554,37.054,25.0,45.0,60.0,,50.0,1.0,30.68,,,0,trial
2026-07-07T20:35:25,reactive_hot_humid_bursty_r1,reactive,hot_humid,bursty,1,40.054,39.754,39.554,37.054,25.0,45.0,60.0,,50.0,1.0,30.68,,,0,trial
2026-07-07T20:35:25,reactive_hot_humid_bursty_r1,reactive,hot_humid,bursty,1,40.054,39.754,39.554,37.054,25.0,45.0,60.0,,50.0,1.0,30.68,,,0,trial
2026-07-07T20:35:25,reactive_hot_humid_bursty_r1,reactive,hot_humid,bursty,1,40.054,39.754,39.554,37.054,25.0,45.0,60.0,,50.0,1.0,30.67,,,0,trial
2026-07-07T20:35:25,reactive_hot_humid_bursty_r1,reactive,hot_humid,bursty,1,40.054,39.754,39.554,37.054,25.0,45.0,60.0,,50.0,1.0,30.67,,,0,trial
2026-07-07T20:35:25,reactive_hot_humid_bursty_r1,reactive,hot_humid,bursty,1,40.054,39.754,39.554,37.054,25.0,45.0,60.0,,50.0,1.0,30.66,,,0,trial
2026-07-07T20:35:25,reactive_hot_humid_bursty_r1,reactive,hot_humid,bursty,1,40.054,39.754,39.554,37.054,25.0,45.0,60.0,,50.0,1.0,30.66,,,0,trial
2026-07-07T20:35:25,reactive_hot_humid_bursty_r1,reactive,hot_humid,bursty,1,40.054,39.754,39.554,37.054,25.0,45.0,60.0,,50.0,1.0,30.66,,,0,trial
2026-07-07T20:35:25,reactive_hot_humid_bursty_r1,reactive,hot_humid,bursty,1,40.054,39.754,39.554,37.054,25.0,45.0,60.0,,50.0,1.0,30.65,,,0,trial
2026-07-07T20:35:25,reactive_hot_humid_bursty_r1,reactive,hot_humid,bursty,1,40.054,39.754,39.554,37.054,25.0,45.0,60.0,,50.0,1.0,30.65,,,0,trial
2026-07-07T20:35:25,reactive_hot_humid_bursty_r1,reactive,hot_humid,bursty,1,40.054,39.754,39.554,37.054,25.0,45.0,60.0,,50.0,1.0,30.64,,,0,trial
2026-07-07T20:35:25,reactive_hot_humid_bursty_r1,reactive,hot_humid,bursty,1,40.054,39.754,39.554,37.054,25.0,45.0,60.0,,50.0,1.0,30.64,,,0,trial
2026-07-07T20:35:25,reactive_hot_humid_bursty_r1,reactive,hot_humid,bursty,1,40.053,39.753,39.553,37.053,25.0,45.0,60.0,,50.0,1.0,30.64,,,0,trial
2026-07-07T20:35:25,reactive_hot_humid_bursty_r1,reactive,hot_humid,bursty,1,40.053,39.753,39.553,37.053,25.0,45.0,60.0,,50.0,1.0,30.63,,,0,trial
2026-07-07T20:35:25,reactive_hot_humid_bursty_r1,reactive,hot_humid,bursty,1,40.053,39.753,39.553,37.053,25.0,45.0,60.0,,50.0,1.0,30.63,,,0,trial
2026-07-07T20:35:25,reactive_hot_humid_bursty_r1,reactive,hot_humid,bursty,1,40.053,39.753,39.553,37.053,25.0,45.0,60.0,,50.0,1.0,30.63,,,0,trial
2026-07-07T20:35:25,reactive_hot_humid_bursty_r1,reactive,hot_humid,bursty,1,40.053,39.753,39.553,37.053,25.0,45.0,60.0,,50.0,1.0,30.62,,,0,trial
2026-07-07T20:35:25,reactive_hot_humid_bursty_r1,reactive,hot_humid,bursty,1,40.053,39.753,39.553,37.053,25.0,45.0,60.0,,50.0,1.0,30.62,,,0,trial
2026-07-07T20:35:25,reactive_hot_humid_bursty_r1,reactive,hot_humid,bursty,1,40.053,39.753,39.553,37.053,25.0,45.0,60.0,,50.0,1.0,30.61,,,0,trial
2026-07-07T20:35:25,reactive_hot_humid_bursty_r1,reactive,hot_humid,bursty,1,40.053,39.753,39.553,37.053,25.0,45.0,60.0,,50.0,1.0,30.61,,,0,trial
2026-07-07T20:35:25,reactive_hot_humid_bursty_r1,reactive,hot_humid,bursty,1,40.053,39.753,39.553,37.053,25.0,45.0,60.0,,50.0,1.0,30.61,,,0,trial
2026-07-07T20:35:25,reactive_hot_humid_bursty_r1,reactive,hot_humid,bursty,1,40.053,39.753,39.553,37.053,25.0,45.0,60.0,,50.0,1.0,30.6,,,0,trial
2026-07-07T20:35:25,reactive_hot_humid_bursty_r1,reactive,hot_humid,bursty,1,40.053,39.753,39.553,37.053,25.0,45.0,60.0,,50.0,1.0,30.6,,,0,trial
2026-07-07T20:35:25,reactive_hot_humid_bursty_r1,reactive,hot_humid,bursty,1,40.053,39.753,39.553,37.053,25.0,45.0,60.0,,50.0,1.0,30.6,,,0,trial
2026-07-07T20:35:25,reactive_hot_humid_bursty_r1,reactive,hot_humid,bursty,1,40.053,39.753,39.553,37.053,25.0,45.0,60.0,,50.0,1.0,30.59,,,0,trial
2026-07-07T20:35:25,reactive_hot_humid_bursty_r1,reactive,hot_humid,bursty,1,40.053,39.753,39.553,37.053,25.0,45.0,60.0,,50.0,1.0,30.59,,,0,trial
2026-07-07T20:35:25,reactive_hot_humid_bursty_r1,reactive,hot_humid,bursty,1,40.053,39.753,39.553,37.053,25.0,45.0,60.0,,50.0,1.0,30.59,,,0,trial
2026-07-07T20:35:25,reactive_hot_humid_bursty_r1,reactive,hot_humid,bursty,1,40.053,39.753,39.553,37.053,25.0,45.0,60.0,,50.0,1.0,30.58,,,0,trial
2026-07-07T20:35:25,reactive_hot_humid_bursty_r1,reactive,hot_humid,bursty,1,40.053,39.753,39.553,37.053,25.0,45.0,60.0,,50.0,1.0,30.58,,,0,trial
2026-07-07T20:35:25,reactive_hot_humid_bursty_r1,reactive,hot_humid,bursty,1,40.053,39.753,39.553,37.053,25.0,45.0,60.0,,50.0,1.0,30.58,,,0,trial
2026-07-07T20:35:25,reactive_hot_humid_bursty_r1,reactive,hot_humid,bursty,1,40.053,39.753,39.553,37.053,25.0,45.0,60.0,,50.0,1.0,30.57,,,0,trial
2026-07-07T20:35:25,reactive_hot_humid_bursty_r1,reactive,hot_humid,bursty,1,40.053,39.753,39.553,37.053,25.0,45.0,60.0,,50.0,1.0,30.57,,,0,trial
2026-07-07T20:35:25,reactive_hot_humid_bursty_r1,reactive,hot_humid,bursty,1,40.053,39.753,39.553,37.053,25.0,45.0,60.0,,50.0,1.0,30.57,,,0,trial
2026-07-07T20:35:25,reactive_hot_humid_bursty_r1,reactive,hot_humid,bursty,1,40.053,39.753,39.553,37.053,25.0,45.0,60.0,,50.0,1.0,30.56,,,0,trial
2026-07-07T20:35:25,reactive_hot_humid_bursty_r1,reactive,hot_humid,bursty,1,40.053,39.753,39.553,37.053,25.0,45.0,60.0,,50.0,1.0,30.56,,,0,trial
2026-07-07T20:35:25,reactive_hot_humid_bursty_r1,reactive,hot_humid,bursty,1,40.053,39.753,39.553,37.053,25.0,45.0,60.0,,50.0,1.0,30.56,,,0,trial
2026-07-07T20:35:25,reactive_hot_humid_bursty_r1,reactive,hot_humid,bursty,1,40.053,39.753,39.553,37.053,25.0,45.0,60.0,,50.0,1.0,30.55,,,0,trial
2026-07-07T20:35:25,reactive_hot_humid_bursty_r1,reactive,hot_humid,bursty,1,40.053,39.753,39.553,37.053,25.0,45.0,60.0,,50.0,1.0,30.55,,,0,trial
2026-07-07T20:35:25,reactive_hot_humid_bursty_r1,reactive,hot_humid,bursty,1,40.053,39.753,39.553,37.053,25.0,45.0,60.0,,50.0,1.0,30.55,,,0,trial
2026-07-07T20:35:25,reactive_hot_humid_bursty_r1,reactive,hot_humid,bursty,1,40.053,39.753,39.553,37.053,25.0,45.0,60.0,,50.0,1.0,30.54,,,0,trial
2026-07-07T20:35:25,reactive_hot_humid_bursty_r1,reactive,hot_humid,bursty,1,40.053,39.753,39.553,37.053,25.0,45.0,60.0,,50.0,1.0,30.54,,,0,trial
2026-07-07T20:35:25,reactive_hot_humid_bursty_r1,reactive,hot_humid,bursty,1,40.053,39.753,39.553,37.053,25.0,45.0,60.0,,50.0,1.0,30.54,,,0,trial
2026-07-07T20:35:25,reactive_hot_humid_bursty_r1,reactive,hot_humid,bursty,1,40.053,39.753,39.553,37.053,25.0,45.0,60.0,,50.0,1.0,30.53,,,0,trial
2026-07-07T20:35:25,reactive_hot_humid_bursty_r1,reactive,hot_humid,bursty,1,40.053,39.753,39.553,37.053,25.0,45.0,60.0,,50.0,1.0,30.53,,,0,trial
2026-07-07T20:35:25,reactive_hot_humid_bursty_r1,reactive,hot_humid,bursty,1,40.053,39.753,39.553,37.053,25.0,45.0,60.0,,50.0,1.0,30.53,,,0,trial
2026-07-07T20:35:25,reactive_hot_humid_bursty_r1,reactive,hot_humid,bursty,1,40.052,39.752,39.552,37.052,25.0,45.0,60.0,,50.0,1.0,30.52,,,0,trial
2026-07-07T20:35:25,reactive_hot_humid_bursty_r1,reactive,hot_humid,bursty,1,40.052,39.752,39.552,37.052,25.0,45.0,60.0,,50.0,1.0,30.52,,,0,trial
2026-07-07T20:35:25,reactive_hot_humid_bursty_r1,reactive,hot_humid,bursty,1,40.052,39.752,39.552,37.052,25.0,45.0,60.0,,50.0,1.0,30.52,,,0,trial
2026-07-07T20:35:25,reactive_hot_humid_bursty_r1,reactive,hot_humid,bursty,1,40.052,39.752,39.552,37.052,25.0,45.0,60.0,,50.0,1.0,30.51,,,0,trial
2026-07-07T20:35:25,reactive_hot_humid_bursty_r1,reactive,hot_humid,bursty,1,40.052,39.752,39.552,37.052,25.0,45.0,60.0,,50.0,1.0,30.51,,,0,trial
2026-07-07T20:35:25,reactive_hot_humid_bursty_r1,reactive,hot_humid,bursty,1,40.052,39.752,39.552,37.052,25.0,45.0,60.0,,50.0,1.0,30.51,,,0,trial
2026-07-07T20:35:25,reactive_hot_humid_bursty_r1,reactive,hot_humid,bursty,1,40.052,39.752,39.552,37.052,25.0,45.0,60.0,,50.0,1.0,30.51,,,0,trial
2026-07-07T20:35:25,reactive_hot_humid_bursty_r1,reactive,hot_humid,bursty,1,40.052,39.752,39.552,37.052,25.0,45.0,60.0,,50.0,1.0,30.5,,,0,trial
2026-07-07T20:35:25,reactive_hot_humid_bursty_r1,reactive,hot_humid,bursty,1,40.052,39.752,39.552,37.052,25.0,45.0,60.0,,50.0,1.0,30.5,,,0,trial
2026-07-07T20:35:25,reactive_hot_humid_bursty_r1,reactive,hot_humid,bursty,1,40.052,39.752,39.552,37.052,25.0,45.0,60.0,,50.0,1.0,30.5,,,0,trial
2026-07-07T20:35:25,reactive_hot_humid_bursty_r1,reactive,hot_humid,bursty,1,40.052,39.752,39.552,37.052,25.0,45.0,60.0,,50.0,1.0,30.49,,,0,trial
2026-07-07T20:35:25,reactive_hot_humid_bursty_r1,reactive,hot_humid,bursty,1,40.052,39.752,39.552,37.052,25.0,45.0,60.0,,50.0,1.0,30.49,,,0,trial
2026-07-07T20:35:25,reactive_hot_humid_bursty_r1,reactive,hot_humid,bursty,1,40.052,39.752,39.552,37.052,25.0,45.0,60.0,,50.0,1.0,30.49,,,0,trial
2026-07-07T20:35:25,reactive_hot_humid_bursty_r1,reactive,hot_humid,bursty,1,40.052,39.752,39.552,37.052,25.0,45.0,60.0,,50.0,1.0,30.49,,,0,trial
2026-07-07T20:35:25,reactive_hot_humid_bursty_r1,reactive,hot_humid,bursty,1,40.052,39.752,39.552,37.052,25.0,45.0,60.0,,50.0,1.0,30.48,,,0,trial
2026-07-07T20:35:25,reactive_hot_humid_bursty_r1,reactive,hot_humid,bursty,1,40.052,39.752,39.552,37.052,25.0,45.0,60.0,,50.0,1.0,30.48,,,0,trial
2026-07-07T20:35:25,reactive_hot_humid_bursty_r1,reactive,hot_humid,bursty,1,40.052,39.752,39.552,37.052,25.0,45.0,60.0,,50.0,1.0,30.48,,,0,trial
2026-07-07T20:35:25,reactive_hot_humid_bursty_r1,reactive,hot_humid,bursty,1,40.052,39.752,39.552,37.052,25.0,45.0,60.0,,50.0,1.0,30.47,,,0,trial
2026-07-07T20:35:25,reactive_hot_humid_bursty_r1,reactive,hot_humid,bursty,1,40.052,39.752,39.552,37.052,25.0,45.0,60.0,,50.0,1.0,30.47,,,0,trial
2026-07-07T20:35:25,reactive_hot_humid_bursty_r1,reactive,hot_humid,bursty,1,40.052,39.752,39.552,37.052,25.0,45.0,60.0,,50.0,1.0,30.47,,,0,trial
2026-07-07T20:35:25,reactive_hot_humid_bursty_r1,reactive,hot_humid,bursty,1,40.052,39.752,39.552,37.052,25.0,45.0,60.0,,50.0,1.0,30.47,,,0,trial
2026-07-07T20:35:25,reactive_hot_humid_bursty_r1,reactive,hot_humid,bursty,1,40.052,39.752,39.552,37.052,25.0,45.0,60.0,,50.0,1.0,30.46,,,0,trial
2026-07-07T20:35:25,reactive_hot_humid_bursty_r1,reactive,hot_humid,bursty,1,40.052,39.752,39.552,37.052,25.0,45.0,60.0,,50.0,1.0,30.46,,,0,trial
2026-07-07T20:35:25,reactive_hot_humid_bursty_r1,reactive,hot_humid,bursty,1,40.052,39.752,39.552,37.052,25.0,45.0,60.0,,50.0,1.0,30.46,,,0,trial
2026-07-07T20:35:25,reactive_hot_humid_bursty_r1,reactive,hot_humid,bursty,1,40.052,39.752,39.552,37.052,25.0,45.0,60.0,,50.0,1.0,30.45,,,0,trial
2026-07-07T20:35:25,reactive_hot_humid_bursty_r1,reactive,hot_humid,bursty,1,40.052,39.752,39.552,37.052,25.0,45.0,60.0,,50.0,1.0,30.45,,,0,trial
2026-07-07T20:35:25,reactive_hot_humid_bursty_r1,reactive,hot_humid,bursty,1,40.052,39.752,39.552,37.052,25.0,45.0,60.0,,50.0,1.0,30.45,,,0,trial
2026-07-07T20:35:25,reactive_hot_humid_bursty_r1,reactive,hot_humid,bursty,1,40.052,39.752,39.552,37.052,25.0,45.0,60.0,,50.0,1.0,30.45,,,0,trial
2026-07-07T20:35:25,reactive_hot_humid_bursty_r1,reactive,hot_humid,bursty,1,40.052,39.752,39.552,37.052,25.0,45.0,60.0,,50.0,1.0,30.44,,,0,trial
2026-07-07T20:35:25,reactive_hot_humid_bursty_r1,reactive,hot_humid,bursty,1,40.052,39.752,39.552,37.052,25.0,45.0,60.0,,50.0,1.0,30.44,,,0,trial
2026-07-07T20:35:25,reactive_hot_humid_bursty_r1,reactive,hot_humid,bursty,1,40.052,39.752,39.552,37.052,25.0,45.0,60.0,,50.0,1.0,30.44,,,0,trial
2026-07-07T20:35:25,reactive_hot_humid_bursty_r1,reactive,hot_humid,bursty,1,40.052,39.752,39.552,37.052,25.0,45.0,60.0,,50.0,1.0,30.44,,,0,trial
2026-07-07T20:35:25,reactive_hot_humid_bursty_r1,reactive,hot_humid,bursty,1,40.052,39.752,39.552,37.052,25.0,45.0,60.0,,50.0,1.0,30.43,,,0,trial
2026-07-07T20:35:25,reactive_hot_humid_bursty_r1,reactive,hot_humid,bursty,1,40.052,39.752,39.552,37.052,25.0,45.0,60.0,,50.0,1.0,30.43,,,0,trial
2026-07-07T20:35:25,reactive_hot_humid_bursty_r1,reactive,hot_humid,bursty,1,40.052,39.752,39.552,37.052,25.0,45.0,60.0,,50.0,1.0,30.43,,,0,trial
2026-07-07T20:35:25,reactive_hot_humid_bursty_r1,reactive,hot_humid,bursty,1,40.051,39.751,39.551,37.051,25.0,45.0,60.0,,50.0,1.0,30.43,,,0,trial
2026-07-07T20:35:25,reactive_hot_humid_bursty_r1,reactive,hot_humid,bursty,1,40.051,39.751,39.551,37.051,25.0,45.0,60.0,,50.0,1.0,30.42,,,0,trial
2026-07-07T20:35:25,reactive_hot_humid_bursty_r1,reactive,hot_humid,bursty,1,40.051,39.751,39.551,37.051,25.0,45.0,60.0,,50.0,1.0,30.42,,,0,trial
2026-07-07T20:35:25,reactive_hot_humid_bursty_r1,reactive,hot_humid,bursty,1,40.051,39.751,39.551,37.051,25.0,45.0,60.0,,50.0,1.0,30.42,,,0,trial
2026-07-07T20:35:25,reactive_hot_humid_bursty_r1,reactive,hot_humid,bursty,1,40.051,39.751,39.551,37.051,25.0,45.0,60.0,,50.0,1.0,30.42,,,0,trial
2026-07-07T20:35:25,reactive_hot_humid_bursty_r1,reactive,hot_humid,bursty,1,40.051,39.751,39.551,37.051,25.0,45.0,60.0,,50.0,1.0,30.41,,,0,trial
2026-07-07T20:35:25,reactive_hot_humid_bursty_r1,reactive,hot_humid,bursty,1,40.051,39.751,39.551,37.051,25.0,45.0,60.0,,50.0,1.0,30.41,,,0,trial
2026-07-07T20:35:25,reactive_hot_humid_bursty_r1,reactive,hot_humid,bursty,1,40.039,39.739,39.539,37.039,25.0,45.0,0.0,,100.0,2.0,,,,0,cooldown
2026-07-07T20:35:25,reactive_hot_humid_bursty_r1,reactive,hot_humid,bursty,1,40.028,39.728,39.528,37.028,25.0,45.0,0.0,,100.0,2.0,,,,0,cooldown
2026-07-07T20:35:25,reactive_hot_humid_bursty_r1,reactive,hot_humid,bursty,1,40.016,39.716,39.516,37.016,25.0,45.0,0.0,,100.0,2.0,,,,0,cooldown
2026-07-07T20:35:25,reactive_hot_humid_bursty_r1,reactive,hot_humid,bursty,1,40.004,39.704,39.504,37.004,25.0,45.0,0.0,,100.0,2.0,,,,0,cooldown
2026-07-07T20:35:25,reactive_hot_humid_bursty_r1,reactive,hot_humid,bursty,1,39.992,39.692,39.492,36.992,25.0,45.0,0.0,,100.0,2.0,,,,0,cooldown
2026-07-07T20:35:25,reactive_hot_humid_bursty_r1,reactive,hot_humid,bursty,1,39.98,39.68,39.48,36.98,25.0,45.0,0.0,,100.0,2.0,,,,0,cooldown
2026-07-07T20:35:25,reactive_hot_humid_bursty_r1,reactive,hot_humid,bursty,1,39.968,39.668,39.468,36.968,25.0,45.0,0.0,,100.0,2.0,,,,0,cooldown
2026-07-07T20:35:25,reactive_hot_humid_bursty_r1,reactive,hot_humid,bursty,1,39.957,39.657,39.457,36.957,25.0,45.0,0.0,,100.0,2.0,,,,0,cooldown
2026-07-07T20:35:25,reactive_hot_humid_bursty_r1,reactive,hot_humid,bursty,1,39.945,39.645,39.445,36.945,25.0,45.0,0.0,,100.0,2.0,,,,0,cooldown
2026-07-07T20:35:25,reactive_hot_humid_bursty_r1,reactive,hot_humid,bursty,1,39.933,39.633,39.433,36.933,25.0,45.0,0.0,,100.0,2.0,,,,0,cooldown
2026-07-07T20:35:25,reactive_hot_humid_bursty_r1,reactive,hot_humid,bursty,1,39.921,39.621,39.421,36.921,25.0,45.0,0.0,,100.0,2.0,,,,0,cooldown
2026-07-07T20:35:25,reactive_hot_humid_bursty_r1,reactive,hot_humid,bursty,1,39.909,39.609,39.409,36.909,25.0,45.0,0.0,,100.0,2.0,,,,0,cooldown
2026-07-07T20:35:25,reactive_hot_humid_bursty_r1,reactive,hot_humid,bursty,1,39.898,39.598,39.398,36.898,25.0,45.0,0.0,,100.0,2.0,,,,0,cooldown
2026-07-07T20:35:25,reactive_hot_humid_bursty_r1,reactive,hot_humid,bursty,1,39.886,39.586,39.386,36.886,25.0,45.0,0.0,,100.0,2.0,,,,0,cooldown
2026-07-07T20:35:25,reactive_hot_humid_bursty_r1,reactive,hot_humid,bursty,1,39.874,39.574,39.374,36.874,25.0,45.0,0.0,,100.0,2.0,,,,0,cooldown
2026-07-07T20:35:25,reactive_hot_humid_bursty_r1,reactive,hot_humid,bursty,1,39.862,39.562,39.362,36.862,25.0,45.0,0.0,,100.0,2.0,,,,0,cooldown
2026-07-07T20:35:25,reactive_hot_humid_bursty_r1,reactive,hot_humid,bursty,1,39.851,39.551,39.351,36.851,25.0,45.0,0.0,,100.0,2.0,,,,0,cooldown
2026-07-07T20:35:25,reactive_hot_humid_bursty_r1,reactive,hot_humid,bursty,1,39.839,39.539,39.339,36.839,25.0,45.0,0.0,,100.0,2.0,,,,0,cooldown
2026-07-07T20:35:25,reactive_hot_humid_bursty_r1,reactive,hot_humid,bursty,1,39.827,39.527,39.327,36.827,25.0,45.0,0.0,,100.0,2.0,,,,0,cooldown
2026-07-07T20:35:25,reactive_hot_humid_bursty_r1,reactive,hot_humid,bursty,1,39.815,39.515,39.315,36.815,25.0,45.0,0.0,,100.0,2.0,,,,0,cooldown
2026-07-07T20:35:25,reactive_hot_humid_bursty_r1,reactive,hot_humid,bursty,1,39.804,39.504,39.304,36.804,25.0,45.0,0.0,,100.0,2.0,,,,0,cooldown
2026-07-07T20:35:25,reactive_hot_humid_bursty_r1,reactive,hot_humid,bursty,1,39.792,39.492,39.292,36.792,25.0,45.0,0.0,,100.0,2.0,,,,0,cooldown
2026-07-07T20:35:25,reactive_hot_humid_bursty_r1,reactive,hot_humid,bursty,1,39.78,39.48,39.28,36.78,25.0,45.0,0.0,,100.0,2.0,,,,0,cooldown
2026-07-07T20:35:25,reactive_hot_humid_bursty_r1,reactive,hot_humid,bursty,1,39.769,39.469,39.269,36.769,25.0,45.0,0.0,,100.0,2.0,,,,0,cooldown
2026-07-07T20:35:25,reactive_hot_humid_bursty_r1,reactive,hot_humid,bursty,1,39.757,39.457,39.257,36.757,25.0,45.0,0.0,,100.0,2.0,,,,0,cooldown
2026-07-07T20:35:25,reactive_hot_humid_bursty_r1,reactive,hot_humid,bursty,1,39.745,39.445,39.245,36.745,25.0,45.0,0.0,,100.0,2.0,,,,0,cooldown
2026-07-07T20:35:25,reactive_hot_humid_bursty_r1,reactive,hot_humid,bursty,1,39.734,39.434,39.234,36.734,25.0,45.0,0.0,,100.0,2.0,,,,0,cooldown
2026-07-07T20:35:25,reactive_hot_humid_bursty_r1,reactive,hot_humid,bursty,1,39.722,39.422,39.222,36.722,25.0,45.0,0.0,,100.0,2.0,,,,0,cooldown
2026-07-07T20:35:25,reactive_hot_humid_bursty_r1,reactive,hot_humid,bursty,1,39.71,39.41,39.21,36.71,25.0,45.0,0.0,,100.0,2.0,,,,0,cooldown
2026-07-07T20:35:25,reactive_hot_humid_bursty_r1,reactive,hot_humid,bursty,1,39.699,39.399,39.199,36.699,25.0,45.0,0.0,,100.0,2.0,,,,0,cooldown
2026-07-07T20:35:25,reactive_hot_humid_bursty_r1,reactive,hot_humid,bursty,1,39.687,39.387,39.187,36.687,25.0,45.0,0.0,,100.0,2.0,,,,0,cooldown
2026-07-07T20:35:25,reactive_hot_humid_bursty_r1,reactive,hot_humid,bursty,1,39.676,39.376,39.176,36.676,25.0,45.0,0.0,,100.0,2.0,,,,0,cooldown
2026-07-07T20:35:25,reactive_hot_humid_bursty_r1,reactive,hot_humid,bursty,1,39.664,39.364,39.164,36.664,25.0,45.0,0.0,,100.0,2.0,,,,0,cooldown
2026-07-07T20:35:25,reactive_hot_humid_bursty_r1,reactive,hot_humid,bursty,1,39.653,39.353,39.153,36.653,25.0,45.0,0.0,,100.0,2.0,,,,0,cooldown
2026-07-07T20:35:25,reactive_hot_humid_bursty_r1,reactive,hot_humid,bursty,1,39.641,39.341,39.141,36.641,25.0,45.0,0.0,,100.0,2.0,,,,0,cooldown
2026-07-07T20:35:25,reactive_hot_humid_bursty_r1,reactive,hot_humid,bursty,1,39.629,39.329,39.129,36.629,25.0,45.0,0.0,,100.0,2.0,,,,0,cooldown
2026-07-07T20:35:25,reactive_hot_humid_bursty_r1,reactive,hot_humid,bursty,1,39.618,39.318,39.118,36.618,25.0,45.0,0.0,,100.0,2.0,,,,0,cooldown
2026-07-07T20:35:25,reactive_hot_humid_bursty_r1,reactive,hot_humid,bursty,1,39.606,39.306,39.106,36.606,25.0,45.0,0.0,,100.0,2.0,,,,0,cooldown
2026-07-07T20:35:25,reactive_hot_humid_bursty_r1,reactive,hot_humid,bursty,1,39.595,39.295,39.095,36.595,25.0,45.0,0.0,,100.0,2.0,,,,0,cooldown
2026-07-07T20:35:25,reactive_hot_humid_bursty_r1,reactive,hot_humid,bursty,1,39.583,39.283,39.083,36.583,25.0,45.0,0.0,,100.0,2.0,,,,0,cooldown
2026-07-07T20:35:25,reactive_hot_humid_bursty_r1,reactive,hot_humid,bursty,1,39.572,39.272,39.072,36.572,25.0,45.0,0.0,,100.0,2.0,,,,0,cooldown
2026-07-07T20:35:25,reactive_hot_humid_bursty_r1,reactive,hot_humid,bursty,1,39.56,39.26,39.06,36.56,25.0,45.0,0.0,,100.0,2.0,,,,0,cooldown
2026-07-07T20:35:25,reactive_hot_humid_bursty_r1,reactive,hot_humid,bursty,1,39.549,39.249,39.049,36.549,25.0,45.0,0.0,,100.0,2.0,,,,0,cooldown
2026-07-07T20:35:25,reactive_hot_humid_bursty_r1,reactive,hot_humid,bursty,1,39.537,39.237,39.037,36.537,25.0,45.0,0.0,,100.0,2.0,,,,0,cooldown
2026-07-07T20:35:25,reactive_hot_humid_bursty_r1,reactive,hot_humid,bursty,1,39.526,39.226,39.026,36.526,25.0,45.0,0.0,,100.0,2.0,,,,0,cooldown
2026-07-07T20:35:25,reactive_hot_humid_bursty_r1,reactive,hot_humid,bursty,1,39.514,39.214,39.014,36.514,25.0,45.0,0.0,,100.0,2.0,,,,0,cooldown
2026-07-07T20:35:25,reactive_hot_humid_bursty_r1,reactive,hot_humid,bursty,1,39.503,39.203,39.003,36.503,25.0,45.0,0.0,,100.0,2.0,,,,0,cooldown
2026-07-07T20:35:25,reactive_hot_humid_bursty_r1,reactive,hot_humid,bursty,1,39.491,39.191,38.991,36.491,25.0,45.0,0.0,,100.0,2.0,,,,0,cooldown
2026-07-07T20:35:25,reactive_hot_humid_bursty_r1,reactive,hot_humid,bursty,1,39.48,39.18,38.98,36.48,25.0,45.0,0.0,,100.0,2.0,,,,0,cooldown
2026-07-07T20:35:25,reactive_hot_humid_bursty_r1,reactive,hot_humid,bursty,1,39.469,39.169,38.969,36.469,25.0,45.0,0.0,,100.0,2.0,,,,0,cooldown
2026-07-07T20:35:25,reactive_hot_humid_bursty_r1,reactive,hot_humid,bursty,1,39.457,39.157,38.957,36.457,25.0,45.0,0.0,,100.0,2.0,,,,0,cooldown
2026-07-07T20:35:25,reactive_hot_humid_bursty_r1,reactive,hot_humid,bursty,1,39.446,39.146,38.946,36.446,25.0,45.0,0.0,,100.0,2.0,,,,0,cooldown
2026-07-07T20:35:25,reactive_hot_humid_bursty_r1,reactive,hot_humid,bursty,1,39.434,39.134,38.934,36.434,25.0,45.0,0.0,,100.0,2.0,,,,0,cooldown
2026-07-07T20:35:25,reactive_hot_humid_bursty_r1,reactive,hot_humid,bursty,1,39.423,39.123,38.923,36.423,25.0,45.0,0.0,,100.0,2.0,,,,0,cooldown
2026-07-07T20:35:25,reactive_hot_humid_bursty_r1,reactive,hot_humid,bursty,1,39.411,39.111,38.911,36.411,25.0,45.0,0.0,,100.0,2.0,,,,0,cooldown
2026-07-07T20:35:25,reactive_hot_humid_bursty_r1,reactive,hot_humid,bursty,1,39.4,39.1,38.9,36.4,25.0,45.0,0.0,,100.0,2.0,,,,0,cooldown
2026-07-07T20:35:25,reactive_hot_humid_bursty_r1,reactive,hot_humid,bursty,1,39.389,39.089,38.889,36.389,25.0,45.0,0.0,,100.0,2.0,,,,0,cooldown
2026-07-07T20:35:25,reactive_hot_humid_bursty_r1,reactive,hot_humid,bursty,1,39.377,39.077,38.877,36.377,25.0,45.0,0.0,,100.0,2.0,,,,0,cooldown
2026-07-07T20:35:25,reactive_hot_humid_bursty_r1,reactive,hot_humid,bursty,1,39.366,39.066,38.866,36.366,25.0,45.0,0.0,,100.0,2.0,,,,0,cooldown
2026-07-07T20:35:25,reactive_hot_humid_bursty_r1,reactive,hot_humid,bursty,1,39.355,39.055,38.855,36.355,25.0,45.0,0.0,,100.0,2.0,,,,0,cooldown
2026-07-07T20:35:25,reactive_hot_humid_bursty_r1,reactive,hot_humid,bursty,1,39.343,39.043,38.843,36.343,25.0,45.0,0.0,,100.0,2.0,,,,0,cooldown
2026-07-07T20:35:25,reactive_hot_humid_bursty_r1,reactive,hot_humid,bursty,1,39.332,39.032,38.832,36.332,25.0,45.0,0.0,,100.0,2.0,,,,0,cooldown
2026-07-07T20:35:25,reactive_hot_humid_bursty_r1,reactive,hot_humid,bursty,1,39.321,39.021,38.821,36.321,25.0,45.0,0.0,,100.0,2.0,,,,0,cooldown
2026-07-07T20:35:25,reactive_hot_humid_bursty_r1,reactive,hot_humid,bursty,1,39.309,39.009,38.809,36.309,25.0,45.0,0.0,,100.0,2.0,,,,0,cooldown
2026-07-07T20:35:25,reactive_hot_humid_bursty_r1,reactive,hot_humid,bursty,1,39.298,38.998,38.798,36.298,25.0,45.0,0.0,,100.0,2.0,,,,0,cooldown
2026-07-07T20:35:25,reactive_hot_humid_bursty_r1,reactive,hot_humid,bursty,1,39.287,38.987,38.787,36.287,25.0,45.0,0.0,,100.0,2.0,,,,0,cooldown
2026-07-07T20:35:25,reactive_hot_humid_bursty_r1,reactive,hot_humid,bursty,1,39.276,38.976,38.776,36.276,25.0,45.0,0.0,,100.0,2.0,,,,0,cooldown
2026-07-07T20:35:25,reactive_hot_humid_bursty_r1,reactive,hot_humid,bursty,1,39.264,38.964,38.764,36.264,25.0,45.0,0.0,,100.0,2.0,,,,0,cooldown
2026-07-07T20:35:25,reactive_hot_humid_bursty_r1,reactive,hot_humid,bursty,1,39.253,38.953,38.753,36.253,25.0,45.0,0.0,,100.0,2.0,,,,0,cooldown
2026-07-07T20:35:25,reactive_hot_humid_bursty_r1,reactive,hot_humid,bursty,1,39.242,38.942,38.742,36.242,25.0,45.0,0.0,,100.0,2.0,,,,0,cooldown
2026-07-07T20:35:25,reactive_hot_humid_bursty_r1,reactive,hot_humid,bursty,1,39.231,38.931,38.731,36.231,25.0,45.0,0.0,,100.0,2.0,,,,0,cooldown
2026-07-07T20:35:25,reactive_hot_humid_bursty_r1,reactive,hot_humid,bursty,1,39.219,38.919,38.719,36.219,25.0,45.0,0.0,,100.0,2.0,,,,0,cooldown
2026-07-07T20:35:25,reactive_hot_humid_bursty_r1,reactive,hot_humid,bursty,1,39.208,38.908,38.708,36.208,25.0,45.0,0.0,,100.0,2.0,,,,0,cooldown
2026-07-07T20:35:25,reactive_hot_humid_bursty_r1,reactive,hot_humid,bursty,1,39.197,38.897,38.697,36.197,25.0,45.0,0.0,,100.0,2.0,,,,0,cooldown
2026-07-07T20:35:25,reactive_hot_humid_bursty_r1,reactive,hot_humid,bursty,1,39.186,38.886,38.686,36.186,25.0,45.0,0.0,,100.0,2.0,,,,0,cooldown
2026-07-07T20:35:25,reactive_hot_humid_bursty_r1,reactive,hot_humid,bursty,1,39.174,38.874,38.674,36.174,25.0,45.0,0.0,,100.0,2.0,,,,0,cooldown
2026-07-07T20:35:25,reactive_hot_humid_bursty_r1,reactive,hot_humid,bursty,1,39.163,38.863,38.663,36.163,25.0,45.0,0.0,,100.0,2.0,,,,0,cooldown
2026-07-07T20:35:25,reactive_hot_humid_bursty_r1,reactive,hot_humid,bursty,1,39.152,38.852,38.652,36.152,25.0,45.0,0.0,,100.0,2.0,,,,0,cooldown
2026-07-07T20:35:25,reactive_hot_humid_bursty_r1,reactive,hot_humid,bursty,1,39.141,38.841,38.641,36.141,25.0,45.0,0.0,,100.0,2.0,,,,0,cooldown
2026-07-07T20:35:25,reactive_hot_humid_bursty_r1,reactive,hot_humid,bursty,1,39.13,38.83,38.63,36.13,25.0,45.0,0.0,,100.0,2.0,,,,0,cooldown
2026-07-07T20:35:25,reactive_hot_humid_bursty_r1,reactive,hot_humid,bursty,1,39.119,38.819,38.619,36.119,25.0,45.0,0.0,,100.0,2.0,,,,0,cooldown
2026-07-07T20:35:25,reactive_hot_humid_bursty_r1,reactive,hot_humid,bursty,1,39.107,38.807,38.607,36.107,25.0,45.0,0.0,,100.0,2.0,,,,0,cooldown
2026-07-07T20:35:25,reactive_hot_humid_bursty_r1,reactive,hot_humid,bursty,1,39.096,38.796,38.596,36.096,25.0,45.0,0.0,,100.0,2.0,,,,0,cooldown
2026-07-07T20:35:25,reactive_hot_humid_bursty_r1,reactive,hot_humid,bursty,1,39.085,38.785,38.585,36.085,25.0,45.0,0.0,,100.0,2.0,,,,0,cooldown
2026-07-07T20:35:25,reactive_hot_humid_bursty_r1,reactive,hot_humid,bursty,1,39.074,38.774,38.574,36.074,25.0,45.0,0.0,,100.0,2.0,,,,0,cooldown
2026-07-07T20:35:25,reactive_hot_humid_bursty_r1,reactive,hot_humid,bursty,1,39.063,38.763,38.563,36.063,25.0,45.0,0.0,,100.0,2.0,,,,0,cooldown
2026-07-07T20:35:25,reactive_hot_humid_bursty_r1,reactive,hot_humid,bursty,1,39.052,38.752,38.552,36.052,25.0,45.0,0.0,,100.0,2.0,,,,0,cooldown
2026-07-07T20:35:25,reactive_hot_humid_bursty_r1,reactive,hot_humid,bursty,1,39.041,38.741,38.541,36.041,25.0,45.0,0.0,,100.0,2.0,,,,0,cooldown
2026-07-07T20:35:25,reactive_hot_humid_bursty_r1,reactive,hot_humid,bursty,1,39.03,38.73,38.53,36.03,25.0,45.0,0.0,,100.0,2.0,,,,0,cooldown
2026-07-07T20:35:25,reactive_hot_humid_bursty_r1,reactive,hot_humid,bursty,1,39.019,38.719,38.519,36.019,25.0,45.0,0.0,,100.0,2.0,,,,0,cooldown
2026-07-07T20:35:25,reactive_hot_humid_bursty_r1,reactive,hot_humid,bursty,1,39.008,38.708,38.508,36.008,25.0,45.0,0.0,,100.0,2.0,,,,0,cooldown
2026-07-07T20:35:25,reactive_hot_humid_bursty_r1,reactive,hot_humid,bursty,1,38.996,38.696,38.496,35.996,25.0,45.0,0.0,,100.0,2.0,,,,0,cooldown
2026-07-07T20:35:25,reactive_hot_humid_bursty_r1,reactive,hot_humid,bursty,1,38.985,38.685,38.485,35.985,25.0,45.0,0.0,,100.0,2.0,,,,0,cooldown
2026-07-07T20:35:25,reactive_hot_humid_bursty_r1,reactive,hot_humid,bursty,1,38.974,38.674,38.474,35.974,25.0,45.0,0.0,,100.0,2.0,,,,0,cooldown
2026-07-07T20:35:25,reactive_hot_humid_bursty_r1,reactive,hot_humid,bursty,1,38.963,38.663,38.463,35.963,25.0,45.0,0.0,,100.0,2.0,,,,0,cooldown
2026-07-07T20:35:25,reactive_hot_humid_bursty_r1,reactive,hot_humid,bursty,1,38.952,38.652,38.452,35.952,25.0,45.0,0.0,,100.0,2.0,,,,0,cooldown
2026-07-07T20:35:25,reactive_hot_humid_bursty_r1,reactive,hot_humid,bursty,1,38.941,38.641,38.441,35.941,25.0,45.0,0.0,,100.0,2.0,,,,0,cooldown
2026-07-07T20:35:25,reactive_hot_humid_bursty_r1,reactive,hot_humid,bursty,1,38.93,38.63,38.43,35.93,25.0,45.0,0.0,,100.0,2.0,,,,0,cooldown
2026-07-07T20:35:25,reactive_hot_humid_bursty_r1,reactive,hot_humid,bursty,1,38.919,38.619,38.419,35.919,25.0,45.0,0.0,,100.0,2.0,,,,0,cooldown
2026-07-07T20:35:25,reactive_hot_humid_bursty_r1,reactive,hot_humid,bursty,1,38.908,38.608,38.408,35.908,25.0,45.0,0.0,,100.0,2.0,,,,0,cooldown
2026-07-07T20:35:25,reactive_hot_humid_bursty_r1,reactive,hot_humid,bursty,1,38.897,38.597,38.397,35.897,25.0,45.0,0.0,,100.0,2.0,,,,0,cooldown
2026-07-07T20:35:25,reactive_hot_humid_bursty_r1,reactive,hot_humid,bursty,1,38.886,38.586,38.386,35.886,25.0,45.0,0.0,,100.0,2.0,,,,0,cooldown
2026-07-07T20:35:25,reactive_hot_humid_bursty_r1,reactive,hot_humid,bursty,1,38.875,38.575,38.375,35.875,25.0,45.0,0.0,,100.0,2.0,,,,0,cooldown
2026-07-07T20:35:25,reactive_hot_humid_bursty_r1,reactive,hot_humid,bursty,1,38.864,38.564,38.364,35.864,25.0,45.0,0.0,,100.0,2.0,,,,0,cooldown
2026-07-07T20:35:25,reactive_hot_humid_bursty_r1,reactive,hot_humid,bursty,1,38.853,38.553,38.353,35.853,25.0,45.0,0.0,,100.0,2.0,,,,0,cooldown
2026-07-07T20:35:25,reactive_hot_humid_bursty_r1,reactive,hot_humid,bursty,1,38.843,38.543,38.343,35.843,25.0,45.0,0.0,,100.0,2.0,,,,0,cooldown
2026-07-07T20:35:25,reactive_hot_humid_bursty_r1,reactive,hot_humid,bursty,1,38.832,38.532,38.332,35.832,25.0,45.0,0.0,,100.0,2.0,,,,0,cooldown
2026-07-07T20:35:25,reactive_hot_humid_bursty_r1,reactive,hot_humid,bursty,1,38.821,38.521,38.321,35.821,25.0,45.0,0.0,,100.0,2.0,,,,0,cooldown
2026-07-07T20:35:25,reactive_hot_humid_bursty_r1,reactive,hot_humid,bursty,1,38.81,38.51,38.31,35.81,25.0,45.0,0.0,,100.0,2.0,,,,0,cooldown
2026-07-07T20:35:25,reactive_hot_humid_bursty_r1,reactive,hot_humid,bursty,1,38.799,38.499,38.299,35.799,25.0,45.0,0.0,,100.0,2.0,,,,0,cooldown
2026-07-07T20:35:25,reactive_hot_humid_bursty_r1,reactive,hot_humid,bursty,1,38.788,38.488,38.288,35.788,25.0,45.0,0.0,,100.0,2.0,,,,0,cooldown
2026-07-07T20:35:25,reactive_hot_humid_bursty_r1,reactive,hot_humid,bursty,1,38.777,38.477,38.277,35.777,25.0,45.0,0.0,,100.0,2.0,,,,0,cooldown
2026-07-07T20:35:25,reactive_hot_humid_bursty_r1,reactive,hot_humid,bursty,1,38.766,38.466,38.266,35.766,25.0,45.0,0.0,,100.0,2.0,,,,0,cooldown
2026-07-07T20:35:25,reactive_hot_humid_bursty_r1,reactive,hot_humid,bursty,1,38.755,38.455,38.255,35.755,25.0,45.0,0.0,,100.0,2.0,,,,0,cooldown
2026-07-07T20:35:25,reactive_hot_humid_bursty_r1,reactive,hot_humid,bursty,1,38.745,38.445,38.245,35.745,25.0,45.0,0.0,,100.0,2.0,,,,0,cooldown
2026-07-07T20:35:25,reactive_hot_humid_bursty_r1,reactive,hot_humid,bursty,1,38.734,38.434,38.234,35.734,25.0,45.0,0.0,,100.0,2.0,,,,0,cooldown
2026-07-07T20:35:25,reactive_hot_humid_bursty_r1,reactive,hot_humid,bursty,1,38.723,38.423,38.223,35.723,25.0,45.0,0.0,,100.0,2.0,,,,0,cooldown
2026-07-07T20:35:25,reactive_hot_humid_bursty_r1,reactive,hot_humid,bursty,1,38.712,38.412,38.212,35.712,25.0,45.0,0.0,,100.0,2.0,,,,0,cooldown
2026-07-07T20:35:25,reactive_hot_humid_bursty_r1,reactive,hot_humid,bursty,1,38.701,38.401,38.201,35.701,25.0,45.0,0.0,,100.0,2.0,,,,0,cooldown
2026-07-07T20:35:25,reactive_hot_humid_bursty_r1,reactive,hot_humid,bursty,1,38.69,38.39,38.19,35.69,25.0,45.0,0.0,,100.0,2.0,,,,0,cooldown
2026-07-07T20:35:25,reactive_hot_humid_bursty_r1,reactive,hot_humid,bursty,1,38.68,38.38,38.18,35.68,25.0,45.0,0.0,,100.0,2.0,,,,0,cooldown
2026-07-07T20:35:25,reactive_hot_humid_bursty_r1,reactive,hot_humid,bursty,1,38.669,38.369,38.169,35.669,25.0,45.0,0.0,,100.0,2.0,,,,0,cooldown
2026-07-07T20:35:25,reactive_hot_humid_bursty_r1,reactive,hot_humid,bursty,1,38.658,38.358,38.158,35.658,25.0,45.0,0.0,,100.0,2.0,,,,0,cooldown
2026-07-07T20:35:25,reactive_hot_humid_bursty_r1,reactive,hot_humid,bursty,1,38.647,38.347,38.147,35.647,25.0,45.0,0.0,,100.0,2.0,,,,0,cooldown
2026-07-07T20:35:25,reactive_hot_humid_bursty_r1,reactive,hot_humid,bursty,1,38.636,38.336,38.136,35.636,25.0,45.0,0.0,,100.0,2.0,,,,0,cooldown
2026-07-07T20:35:25,reactive_hot_humid_bursty_r1,reactive,hot_humid,bursty,1,38.626,38.326,38.126,35.626,25.0,45.0,0.0,,100.0,2.0,,,,0,cooldown
2026-07-07T20:35:25,reactive_hot_humid_bursty_r1,reactive,hot_humid,bursty,1,38.615,38.315,38.115,35.615,25.0,45.0,0.0,,100.0,2.0,,,,0,cooldown
2026-07-07T20:35:25,reactive_hot_humid_bursty_r1,reactive,hot_humid,bursty,1,38.604,38.304,38.104,35.604,25.0,45.0,0.0,,100.0,2.0,,,,0,cooldown
2026-07-07T20:35:25,reactive_hot_humid_bursty_r1,reactive,hot_humid,bursty,1,38.593,38.293,38.093,35.593,25.0,45.0,0.0,,100.0,2.0,,,,0,cooldown
2026-07-07T20:35:25,reactive_hot_humid_bursty_r1,reactive,hot_humid,bursty,1,38.583,38.283,38.083,35.583,25.0,45.0,0.0,,100.0,2.0,,,,0,cooldown
2026-07-07T20:35:25,reactive_hot_humid_bursty_r1,reactive,hot_humid,bursty,1,38.572,38.272,38.072,35.572,25.0,45.0,0.0,,100.0,2.0,,,,0,cooldown
2026-07-07T20:35:25,reactive_hot_humid_bursty_r1,reactive,hot_humid,bursty,1,38.561,38.261,38.061,35.561,25.0,45.0,0.0,,100.0,2.0,,,,0,cooldown
2026-07-07T20:35:25,reactive_hot_humid_bursty_r1,reactive,hot_humid,bursty,1,38.55,38.25,38.05,35.55,25.0,45.0,0.0,,100.0,2.0,,,,0,cooldown
2026-07-07T20:35:25,reactive_hot_humid_bursty_r1,reactive,hot_humid,bursty,1,38.54,38.24,38.04,35.54,25.0,45.0,0.0,,100.0,2.0,,,,0,cooldown
2026-07-07T20:35:25,reactive_hot_humid_bursty_r1,reactive,hot_humid,bursty,1,38.529,38.229,38.029,35.529,25.0,45.0,0.0,,100.0,2.0,,,,0,cooldown
2026-07-07T20:35:25,reactive_hot_humid_bursty_r1,reactive,hot_humid,bursty,1,38.518,38.218,38.018,35.518,25.0,45.0,0.0,,100.0,2.0,,,,0,cooldown
2026-07-07T20:35:25,reactive_hot_humid_bursty_r1,reactive,hot_humid,bursty,1,38.508,38.208,38.008,35.508,25.0,45.0,0.0,,100.0,2.0,,,,0,cooldown
2026-07-07T20:35:25,reactive_hot_humid_bursty_r1,reactive,hot_humid,bursty,1,38.497,38.197,37.997,35.497,25.0,45.0,0.0,,100.0,2.0,,,,0,cooldown
2026-07-07T20:35:25,reactive_hot_humid_bursty_r1,reactive,hot_humid,bursty,1,38.486,38.186,37.986,35.486,25.0,45.0,0.0,,100.0,2.0,,,,0,cooldown
2026-07-07T20:35:25,reactive_hot_humid_bursty_r1,reactive,hot_humid,bursty,1,38.476,38.176,37.976,35.476,25.0,45.0,0.0,,100.0,2.0,,,,0,cooldown
2026-07-07T20:35:25,reactive_hot_humid_bursty_r1,reactive,hot_humid,bursty,1,38.465,38.165,37.965,35.465,25.0,45.0,0.0,,100.0,2.0,,,,0,cooldown
2026-07-07T20:35:25,reactive_hot_humid_bursty_r1,reactive,hot_humid,bursty,1,38.455,38.155,37.955,35.455,25.0,45.0,0.0,,100.0,2.0,,,,0,cooldown
2026-07-07T20:35:25,reactive_hot_humid_bursty_r1,reactive,hot_humid,bursty,1,38.444,38.144,37.944,35.444,25.0,45.0,0.0,,100.0,2.0,,,,0,cooldown
2026-07-07T20:35:25,reactive_hot_humid_bursty_r1,reactive,hot_humid,bursty,1,38.433,38.133,37.933,35.433,25.0,45.0,0.0,,100.0,2.0,,,,0,cooldown
2026-07-07T20:35:25,reactive_hot_humid_bursty_r1,reactive,hot_humid,bursty,1,38.423,38.123,37.923,35.423,25.0,45.0,0.0,,100.0,2.0,,,,0,cooldown
2026-07-07T20:35:25,reactive_hot_humid_bursty_r1,reactive,hot_humid,bursty,1,38.412,38.112,37.912,35.412,25.0,45.0,0.0,,100.0,2.0,,,,0,cooldown
2026-07-07T20:35:25,reactive_hot_humid_bursty_r1,reactive,hot_humid,bursty,1,38.401,38.101,37.901,35.401,25.0,45.0,0.0,,100.0,2.0,,,,0,cooldown
2026-07-07T20:35:25,reactive_hot_humid_bursty_r1,reactive,hot_humid,bursty,1,38.391,38.091,37.891,35.391,25.0,45.0,0.0,,100.0,2.0,,,,0,cooldown
2026-07-07T20:35:25,reactive_hot_humid_bursty_r1,reactive,hot_humid,bursty,1,38.38,38.08,37.88,35.38,25.0,45.0,0.0,,100.0,2.0,,,,0,cooldown
2026-07-07T20:35:25,reactive_hot_humid_bursty_r1,reactive,hot_humid,bursty,1,38.37,38.07,37.87,35.37,25.0,45.0,0.0,,100.0,2.0,,,,0,cooldown
2026-07-07T20:35:25,reactive_hot_humid_bursty_r1,reactive,hot_humid,bursty,1,38.359,38.059,37.859,35.359,25.0,45.0,0.0,,100.0,2.0,,,,0,cooldown
2026-07-07T20:35:25,reactive_hot_humid_bursty_r1,reactive,hot_humid,bursty,1,38.349,38.049,37.849,35.349,25.0,45.0,0.0,,100.0,2.0,,,,0,cooldown
2026-07-07T20:35:25,reactive_hot_humid_bursty_r1,reactive,hot_humid,bursty,1,38.338,38.038,37.838,35.338,25.0,45.0,0.0,,100.0,2.0,,,,0,cooldown
2026-07-07T20:35:25,reactive_hot_humid_bursty_r1,reactive,hot_humid,bursty,1,38.328,38.028,37.828,35.328,25.0,45.0,0.0,,100.0,2.0,,,,0,cooldown
2026-07-07T20:35:25,reactive_hot_humid_bursty_r1,reactive,hot_humid,bursty,1,38.317,38.017,37.817,35.317,25.0,45.0,0.0,,100.0,2.0,,,,0,cooldown
2026-07-07T20:35:25,reactive_hot_humid_bursty_r1,reactive,hot_humid,bursty,1,38.307,38.007,37.807,35.307,25.0,45.0,0.0,,100.0,2.0,,,,0,cooldown
2026-07-07T20:35:25,reactive_hot_humid_bursty_r1,reactive,hot_humid,bursty,1,38.296,37.996,37.796,35.296,25.0,45.0,0.0,,100.0,2.0,,,,0,cooldown
2026-07-07T20:35:25,reactive_hot_humid_bursty_r1,reactive,hot_humid,bursty,1,38.286,37.986,37.786,35.286,25.0,45.0,0.0,,100.0,2.0,,,,0,cooldown
2026-07-07T20:35:25,reactive_hot_humid_bursty_r1,reactive,hot_humid,bursty,1,38.275,37.975,37.775,35.275,25.0,45.0,0.0,,100.0,2.0,,,,0,cooldown
2026-07-07T20:35:25,reactive_hot_humid_bursty_r1,reactive,hot_humid,bursty,1,38.265,37.965,37.765,35.265,25.0,45.0,0.0,,100.0,2.0,,,,0,cooldown
2026-07-07T20:35:25,reactive_hot_humid_bursty_r1,reactive,hot_humid,bursty,1,38.254,37.954,37.754,35.254,25.0,45.0,0.0,,100.0,2.0,,,,0,cooldown
2026-07-07T20:35:25,reactive_hot_humid_bursty_r1,reactive,hot_humid,bursty,1,38.244,37.944,37.744,35.244,25.0,45.0,0.0,,100.0,2.0,,,,0,cooldown
2026-07-07T20:35:25,reactive_hot_humid_bursty_r1,reactive,hot_humid,bursty,1,38.233,37.933,37.733,35.233,25.0,45.0,0.0,,100.0,2.0,,,,0,cooldown
2026-07-07T20:35:25,reactive_hot_humid_bursty_r1,reactive,hot_humid,bursty,1,38.223,37.923,37.723,35.223,25.0,45.0,0.0,,100.0,2.0,,,,0,cooldown
2026-07-07T20:35:25,reactive_hot_humid_bursty_r1,reactive,hot_humid,bursty,1,38.212,37.912,37.712,35.212,25.0,45.0,0.0,,100.0,2.0,,,,0,cooldown
2026-07-07T20:35:25,reactive_hot_humid_bursty_r1,reactive,hot_humid,bursty,1,38.202,37.902,37.702,35.202,25.0,45.0,0.0,,100.0,2.0,,,,0,cooldown
2026-07-07T20:35:25,reactive_hot_humid_bursty_r1,reactive,hot_humid,bursty,1,38.191,37.891,37.691,35.191,25.0,45.0,0.0,,100.0,2.0,,,,0,cooldown
2026-07-07T20:35:25,reactive_hot_humid_bursty_r1,reactive,hot_humid,bursty,1,38.181,37.881,37.681,35.181,25.0,45.0,0.0,,100.0,2.0,,,,0,cooldown
2026-07-07T20:35:25,reactive_hot_humid_bursty_r1,reactive,hot_humid,bursty,1,38.171,37.871,37.671,35.171,25.0,45.0,0.0,,100.0,2.0,,,,0,cooldown
2026-07-07T20:35:25,reactive_hot_humid_bursty_r1,reactive,hot_humid,bursty,1,38.16,37.86,37.66,35.16,25.0,45.0,0.0,,100.0,2.0,,,,0,cooldown
2026-07-07T20:35:25,reactive_hot_humid_bursty_r1,reactive,hot_humid,bursty,1,38.15,37.85,37.65,35.15,25.0,45.0,0.0,,100.0,2.0,,,,0,cooldown
2026-07-07T20:35:25,reactive_hot_humid_bursty_r1,reactive,hot_humid,bursty,1,38.139,37.839,37.639,35.139,25.0,45.0,0.0,,100.0,2.0,,,,0,cooldown
2026-07-07T20:35:25,reactive_hot_humid_bursty_r1,reactive,hot_humid,bursty,1,38.129,37.829,37.629,35.129,25.0,45.0,0.0,,100.0,2.0,,,,0,cooldown
2026-07-07T20:35:25,reactive_hot_humid_bursty_r1,reactive,hot_humid,bursty,1,38.119,37.819,37.619,35.119,25.0,45.0,0.0,,100.0,2.0,,,,0,cooldown
2026-07-07T20:35:25,reactive_hot_humid_bursty_r1,reactive,hot_humid,bursty,1,38.108,37.808,37.608,35.108,25.0,45.0,0.0,,100.0,2.0,,,,0,cooldown
2026-07-07T20:35:25,reactive_hot_humid_bursty_r1,reactive,hot_humid,bursty,1,38.098,37.798,37.598,35.098,25.0,45.0,0.0,,100.0,2.0,,,,0,cooldown
2026-07-07T20:35:25,reactive_hot_humid_bursty_r1,reactive,hot_humid,bursty,1,38.088,37.788,37.588,35.088,25.0,45.0,0.0,,100.0,2.0,,,,0,cooldown
2026-07-07T20:35:25,reactive_hot_humid_bursty_r1,reactive,hot_humid,bursty,1,38.077,37.777,37.577,35.077,25.0,45.0,0.0,,100.0,2.0,,,,0,cooldown
2026-07-07T20:35:25,reactive_hot_humid_bursty_r1,reactive,hot_humid,bursty,1,38.067,37.767,37.567,35.067,25.0,45.0,0.0,,100.0,2.0,,,,0,cooldown
2026-07-07T20:35:25,reactive_hot_humid_bursty_r1,reactive,hot_humid,bursty,1,38.057,37.757,37.557,35.057,25.0,45.0,0.0,,100.0,2.0,,,,0,cooldown
2026-07-07T20:35:25,reactive_hot_humid_bursty_r1,reactive,hot_humid,bursty,1,38.046,37.746,37.546,35.046,25.0,45.0,0.0,,100.0,2.0,,,,0,cooldown
2026-07-07T20:35:25,reactive_hot_humid_bursty_r1,reactive,hot_humid,bursty,1,38.036,37.736,37.536,35.036,25.0,45.0,0.0,,100.0,2.0,,,,0,cooldown
2026-07-07T20:35:25,reactive_hot_humid_bursty_r1,reactive,hot_humid,bursty,1,38.026,37.726,37.526,35.026,25.0,45.0,0.0,,100.0,2.0,,,,0,cooldown
2026-07-07T20:35:25,reactive_hot_humid_bursty_r1,reactive,hot_humid,bursty,1,38.016,37.716,37.516,35.016,25.0,45.0,0.0,,100.0,2.0,,,,0,cooldown
2026-07-07T20:35:25,reactive_hot_humid_bursty_r1,reactive,hot_humid,bursty,1,38.005,37.705,37.505,35.005,25.0,45.0,0.0,,100.0,2.0,,,,0,cooldown
2026-07-07T20:35:25,reactive_hot_humid_bursty_r1,reactive,hot_humid,bursty,1,37.995,37.695,37.495,34.995,25.0,45.0,0.0,,100.0,2.0,,,,0,cooldown
2026-07-07T20:35:25,reactive_hot_humid_bursty_r1,reactive,hot_humid,bursty,1,37.985,37.685,37.485,34.985,25.0,45.0,0.0,,100.0,2.0,,,,0,cooldown
2026-07-07T20:35:25,reactive_hot_humid_bursty_r1,reactive,hot_humid,bursty,1,37.974,37.674,37.474,34.974,25.0,45.0,0.0,,100.0,2.0,,,,0,cooldown
2026-07-07T20:35:25,reactive_hot_humid_bursty_r1,reactive,hot_humid,bursty,1,37.964,37.664,37.464,34.964,25.0,45.0,0.0,,100.0,2.0,,,,0,cooldown
2026-07-07T20:35:25,reactive_hot_humid_bursty_r1,reactive,hot_humid,bursty,1,37.954,37.654,37.454,34.954,25.0,45.0,0.0,,100.0,2.0,,,,0,cooldown
2026-07-07T20:35:25,reactive_hot_humid_bursty_r1,reactive,hot_humid,bursty,1,37.944,37.644,37.444,34.944,25.0,45.0,0.0,,100.0,2.0,,,,0,cooldown
2026-07-07T20:35:25,reactive_hot_humid_bursty_r1,reactive,hot_humid,bursty,1,37.934,37.634,37.434,34.934,25.0,45.0,0.0,,100.0,2.0,,,,0,cooldown
2026-07-07T20:35:25,reactive_hot_humid_bursty_r1,reactive,hot_humid,bursty,1,37.923,37.623,37.423,34.923,25.0,45.0,0.0,,100.0,2.0,,,,0,cooldown
2026-07-07T20:35:25,reactive_hot_humid_bursty_r1,reactive,hot_humid,bursty,1,37.913,37.613,37.413,34.913,25.0,45.0,0.0,,100.0,2.0,,,,0,cooldown
2026-07-07T20:35:25,reactive_hot_humid_bursty_r1,reactive,hot_humid,bursty,1,37.903,37.603,37.403,34.903,25.0,45.0,0.0,,100.0,2.0,,,,0,cooldown
2026-07-07T20:35:25,reactive_hot_humid_bursty_r1,reactive,hot_humid,bursty,1,37.893,37.593,37.393,34.893,25.0,45.0,0.0,,100.0,2.0,,,,0,cooldown
2026-07-07T20:35:25,reactive_hot_humid_bursty_r1,reactive,hot_humid,bursty,1,37.883,37.583,37.383,34.883,25.0,45.0,0.0,,100.0,2.0,,,,0,cooldown
2026-07-07T20:35:25,reactive_hot_humid_bursty_r1,reactive,hot_humid,bursty,1,37.872,37.572,37.372,34.872,25.0,45.0,0.0,,100.0,2.0,,,,0,cooldown
2026-07-07T20:35:25,reactive_hot_humid_bursty_r1,reactive,hot_humid,bursty,1,37.862,37.562,37.362,34.862,25.0,45.0,0.0,,100.0,2.0,,,,0,cooldown
2026-07-07T20:35:25,reactive_hot_humid_bursty_r1,reactive,hot_humid,bursty,1,37.852,37.552,37.352,34.852,25.0,45.0,0.0,,100.0,2.0,,,,0,cooldown
2026-07-07T20:35:25,reactive_hot_humid_bursty_r1,reactive,hot_humid,bursty,1,37.842,37.542,37.342,34.842,25.0,45.0,0.0,,100.0,2.0,,,,0,cooldown
2026-07-07T20:35:25,reactive_hot_humid_bursty_r1,reactive,hot_humid,bursty,1,37.832,37.532,37.332,34.832,25.0,45.0,0.0,,100.0,2.0,,,,0,cooldown
2026-07-07T20:35:25,reactive_hot_humid_bursty_r1,reactive,hot_humid,bursty,1,37.822,37.522,37.322,34.822,25.0,45.0,0.0,,100.0,2.0,,,,0,cooldown
2026-07-07T20:35:25,reactive_hot_humid_bursty_r1,reactive,hot_humid,bursty,1,37.812,37.512,37.312,34.812,25.0,45.0,0.0,,100.0,2.0,,,,0,cooldown
2026-07-07T20:35:25,reactive_hot_humid_bursty_r1,reactive,hot_humid,bursty,1,37.801,37.501,37.301,34.801,25.0,45.0,0.0,,100.0,2.0,,,,0,cooldown
2026-07-07T20:35:25,reactive_hot_humid_bursty_r1,reactive,hot_humid,bursty,1,37.791,37.491,37.291,34.791,25.0,45.0,0.0,,100.0,2.0,,,,0,cooldown
2026-07-07T20:35:25,reactive_hot_humid_bursty_r1,reactive,hot_humid,bursty,1,37.781,37.481,37.281,34.781,25.0,45.0,0.0,,100.0,2.0,,,,0,cooldown
2026-07-07T20:35:25,reactive_hot_humid_bursty_r1,reactive,hot_humid,bursty,1,37.771,37.471,37.271,34.771,25.0,45.0,0.0,,100.0,2.0,,,,0,cooldown
2026-07-07T20:35:25,reactive_hot_humid_bursty_r1,reactive,hot_humid,bursty,1,37.761,37.461,37.261,34.761,25.0,45.0,0.0,,100.0,2.0,,,,0,cooldown
2026-07-07T20:35:25,reactive_hot_humid_bursty_r1,reactive,hot_humid,bursty,1,37.751,37.451,37.251,34.751,25.0,45.0,0.0,,100.0,2.0,,,,0,cooldown
2026-07-07T20:35:25,reactive_hot_humid_bursty_r1,reactive,hot_humid,bursty,1,37.741,37.441,37.241,34.741,25.0,45.0,0.0,,100.0,2.0,,,,0,cooldown
2026-07-07T20:35:25,reactive_hot_humid_bursty_r1,reactive,hot_humid,bursty,1,37.731,37.431,37.231,34.731,25.0,45.0,0.0,,100.0,2.0,,,,0,cooldown
2026-07-07T20:35:25,reactive_hot_humid_bursty_r1,reactive,hot_humid,bursty,1,37.721,37.421,37.221,34.721,25.0,45.0,0.0,,100.0,2.0,,,,0,cooldown
2026-07-07T20:35:25,reactive_hot_humid_bursty_r1,reactive,hot_humid,bursty,1,37.711,37.411,37.211,34.711,25.0,45.0,0.0,,100.0,2.0,,,,0,cooldown
2026-07-07T20:35:25,reactive_hot_humid_bursty_r1,reactive,hot_humid,bursty,1,37.701,37.401,37.201,34.701,25.0,45.0,0.0,,100.0,2.0,,,,0,cooldown
2026-07-07T20:35:25,reactive_hot_humid_bursty_r1,reactive,hot_humid,bursty,1,37.691,37.391,37.191,34.691,25.0,45.0,0.0,,100.0,2.0,,,,0,cooldown
2026-07-07T20:35:25,reactive_hot_humid_bursty_r1,reactive,hot_humid,bursty,1,37.681,37.381,37.181,34.681,25.0,45.0,0.0,,100.0,2.0,,,,0,cooldown
2026-07-07T20:35:25,reactive_hot_humid_bursty_r1,reactive,hot_humid,bursty,1,37.671,37.371,37.171,34.671,25.0,45.0,0.0,,100.0,2.0,,,,0,cooldown
2026-07-07T20:35:25,reactive_hot_humid_bursty_r1,reactive,hot_humid,bursty,1,37.661,37.361,37.161,34.661,25.0,45.0,0.0,,100.0,2.0,,,,0,cooldown
2026-07-07T20:35:25,reactive_hot_humid_bursty_r1,reactive,hot_humid,bursty,1,37.651,37.351,37.151,34.651,25.0,45.0,0.0,,100.0,2.0,,,,0,cooldown
2026-07-07T20:35:25,reactive_hot_humid_bursty_r1,reactive,hot_humid,bursty,1,37.641,37.341,37.141,34.641,25.0,45.0,0.0,,100.0,2.0,,,,0,cooldown
2026-07-07T20:35:25,reactive_hot_humid_bursty_r1,reactive,hot_humid,bursty,1,37.631,37.331,37.131,34.631,25.0,45.0,0.0,,100.0,2.0,,,,0,cooldown
2026-07-07T20:35:25,reactive_hot_humid_bursty_r1,reactive,hot_humid,bursty,1,37.621,37.321,37.121,34.621,25.0,45.0,0.0,,100.0,2.0,,,,0,cooldown
2026-07-07T20:35:25,reactive_hot_humid_bursty_r1,reactive,hot_humid,bursty,1,37.611,37.311,37.111,34.611,25.0,45.0,0.0,,100.0,2.0,,,,0,cooldown
2026-07-07T20:35:25,reactive_hot_humid_bursty_r1,reactive,hot_humid,bursty,1,37.601,37.301,37.101,34.601,25.0,45.0,0.0,,100.0,2.0,,,,0,cooldown
2026-07-07T20:35:25,reactive_hot_humid_bursty_r1,reactive,hot_humid,bursty,1,37.591,37.291,37.091,34.591,25.0,45.0,0.0,,100.0,2.0,,,,0,cooldown
2026-07-07T20:35:25,reactive_hot_humid_bursty_r1,reactive,hot_humid,bursty,1,37.581,37.281,37.081,34.581,25.0,45.0,0.0,,100.0,2.0,,,,0,cooldown
2026-07-07T20:35:25,reactive_hot_humid_bursty_r1,reactive,hot_humid,bursty,1,37.571,37.271,37.071,34.571,25.0,45.0,0.0,,100.0,2.0,,,,0,cooldown
2026-07-07T20:35:25,reactive_hot_humid_bursty_r1,reactive,hot_humid,bursty,1,37.561,37.261,37.061,34.561,25.0,45.0,0.0,,100.0,2.0,,,,0,cooldown
2026-07-07T20:35:25,reactive_hot_humid_bursty_r1,reactive,hot_humid,bursty,1,37.551,37.251,37.051,34.551,25.0,45.0,0.0,,100.0,2.0,,,,0,cooldown
2026-07-07T20:35:25,reactive_hot_humid_bursty_r1,reactive,hot_humid,bursty,1,37.541,37.241,37.041,34.541,25.0,45.0,0.0,,100.0,2.0,,,,0,cooldown
2026-07-07T20:35:25,reactive_hot_humid_bursty_r1,reactive,hot_humid,bursty,1,37.531,37.231,37.031,34.531,25.0,45.0,0.0,,100.0,2.0,,,,0,cooldown
2026-07-07T20:35:25,reactive_hot_humid_bursty_r1,reactive,hot_humid,bursty,1,37.521,37.221,37.021,34.521,25.0,45.0,0.0,,100.0,2.0,,,,0,cooldown
2026-07-07T20:35:25,reactive_hot_humid_bursty_r1,reactive,hot_humid,bursty,1,37.512,37.212,37.012,34.512,25.0,45.0,0.0,,100.0,2.0,,,,0,cooldown
2026-07-07T20:35:25,reactive_hot_humid_bursty_r1,reactive,hot_humid,bursty,1,37.502,37.202,37.002,34.502,25.0,45.0,0.0,,100.0,2.0,,,,0,cooldown
2026-07-07T20:35:25,reactive_hot_humid_bursty_r1,reactive,hot_humid,bursty,1,37.492,37.192,36.992,34.492,25.0,45.0,0.0,,100.0,2.0,,,,0,cooldown
2026-07-07T20:35:25,reactive_hot_humid_bursty_r1,reactive,hot_humid,bursty,1,37.482,37.182,36.982,34.482,25.0,45.0,0.0,,100.0,2.0,,,,0,cooldown
2026-07-07T20:35:25,reactive_hot_humid_bursty_r1,reactive,hot_humid,bursty,1,37.472,37.172,36.972,34.472,25.0,45.0,0.0,,100.0,2.0,,,,0,cooldown
2026-07-07T20:35:25,reactive_hot_humid_bursty_r1,reactive,hot_humid,bursty,1,37.462,37.162,36.962,34.462,25.0,45.0,0.0,,100.0,2.0,,,,0,cooldown
2026-07-07T20:35:25,reactive_hot_humid_bursty_r1,reactive,hot_humid,bursty,1,37.452,37.152,36.952,34.452,25.0,45.0,0.0,,100.0,2.0,,,,0,cooldown
2026-07-07T20:35:25,reactive_hot_humid_bursty_r1,reactive,hot_humid,bursty,1,37.443,37.143,36.943,34.443,25.0,45.0,0.0,,100.0,2.0,,,,0,cooldown
2026-07-07T20:35:25,reactive_hot_humid_bursty_r1,reactive,hot_humid,bursty,1,37.433,37.133,36.933,34.433,25.0,45.0,0.0,,100.0,2.0,,,,0,cooldown
2026-07-07T20:35:25,reactive_hot_humid_bursty_r1,reactive,hot_humid,bursty,1,37.423,37.123,36.923,34.423,25.0,45.0,0.0,,100.0,2.0,,,,0,cooldown
2026-07-07T20:35:25,reactive_hot_humid_bursty_r1,reactive,hot_humid,bursty,1,37.413,37.113,36.913,34.413,25.0,45.0,0.0,,100.0,2.0,,,,0,cooldown
2026-07-07T20:35:25,reactive_hot_humid_bursty_r1,reactive,hot_humid,bursty,1,37.403,37.103,36.903,34.403,25.0,45.0,0.0,,100.0,2.0,,,,0,cooldown
2026-07-07T20:35:25,reactive_hot_humid_bursty_r1,reactive,hot_humid,bursty,1,37.394,37.094,36.894,34.394,25.0,45.0,0.0,,100.0,2.0,,,,0,cooldown
2026-07-07T20:35:25,reactive_hot_humid_bursty_r1,reactive,hot_humid,bursty,1,37.384,37.084,36.884,34.384,25.0,45.0,0.0,,100.0,2.0,,,,0,cooldown
2026-07-07T20:35:25,reactive_hot_humid_bursty_r1,reactive,hot_humid,bursty,1,37.374,37.074,36.874,34.374,25.0,45.0,0.0,,100.0,2.0,,,,0,cooldown
2026-07-07T20:35:25,reactive_hot_humid_bursty_r1,reactive,hot_humid,bursty,1,37.364,37.064,36.864,34.364,25.0,45.0,0.0,,100.0,2.0,,,,0,cooldown
2026-07-07T20:35:25,reactive_hot_humid_bursty_r1,reactive,hot_humid,bursty,1,37.354,37.054,36.854,34.354,25.0,45.0,0.0,,100.0,2.0,,,,0,cooldown
2026-07-07T20:35:25,reactive_hot_humid_bursty_r1,reactive,hot_humid,bursty,1,37.345,37.045,36.845,34.345,25.0,45.0,0.0,,100.0,2.0,,,,0,cooldown
2026-07-07T20:35:25,reactive_hot_humid_bursty_r1,reactive,hot_humid,bursty,1,37.335,37.035,36.835,34.335,25.0,45.0,0.0,,100.0,2.0,,,,0,cooldown
2026-07-07T20:35:25,reactive_hot_humid_bursty_r1,reactive,hot_humid,bursty,1,37.325,37.025,36.825,34.325,25.0,45.0,0.0,,100.0,2.0,,,,0,cooldown
2026-07-07T20:35:25,reactive_hot_humid_bursty_r1,reactive,hot_humid,bursty,1,37.316,37.016,36.816,34.316,25.0,45.0,0.0,,100.0,2.0,,,,0,cooldown
2026-07-07T20:35:25,reactive_hot_humid_bursty_r1,reactive,hot_humid,bursty,1,37.306,37.006,36.806,34.306,25.0,45.0,0.0,,100.0,2.0,,,,0,cooldown
2026-07-07T20:35:25,reactive_hot_humid_bursty_r1,reactive,hot_humid,bursty,1,37.296,36.996,36.796,34.296,25.0,45.0,0.0,,100.0,2.0,,,,0,cooldown
2026-07-07T20:35:25,reactive_hot_humid_bursty_r1,reactive,hot_humid,bursty,1,37.286,36.986,36.786,34.286,25.0,45.0,0.0,,100.0,2.0,,,,0,cooldown
2026-07-07T20:35:25,reactive_hot_humid_bursty_r1,reactive,hot_humid,bursty,1,37.277,36.977,36.777,34.277,25.0,45.0,0.0,,100.0,2.0,,,,0,cooldown
2026-07-07T20:35:25,reactive_hot_humid_bursty_r1,reactive,hot_humid,bursty,1,37.267,36.967,36.767,34.267,25.0,45.0,0.0,,100.0,2.0,,,,0,cooldown
2026-07-07T20:35:25,reactive_hot_humid_bursty_r1,reactive,hot_humid,bursty,1,37.257,36.957,36.757,34.257,25.0,45.0,0.0,,100.0,2.0,,,,0,cooldown
2026-07-07T20:35:25,reactive_hot_humid_bursty_r1,reactive,hot_humid,bursty,1,37.248,36.948,36.748,34.248,25.0,45.0,0.0,,100.0,2.0,,,,0,cooldown
2026-07-07T20:35:25,reactive_hot_humid_bursty_r1,reactive,hot_humid,bursty,1,37.238,36.938,36.738,34.238,25.0,45.0,0.0,,100.0,2.0,,,,0,cooldown
2026-07-07T20:35:25,reactive_hot_humid_bursty_r1,reactive,hot_humid,bursty,1,37.228,36.928,36.728,34.228,25.0,45.0,0.0,,100.0,2.0,,,,0,cooldown
2026-07-07T20:35:25,reactive_hot_humid_bursty_r1,reactive,hot_humid,bursty,1,37.219,36.919,36.719,34.219,25.0,45.0,0.0,,100.0,2.0,,,,0,cooldown
2026-07-07T20:35:25,reactive_hot_humid_bursty_r1,reactive,hot_humid,bursty,1,37.209,36.909,36.709,34.209,25.0,45.0,0.0,,100.0,2.0,,,,0,cooldown
2026-07-07T20:35:25,reactive_hot_humid_bursty_r1,reactive,hot_humid,bursty,1,37.199,36.899,36.699,34.199,25.0,45.0,0.0,,100.0,2.0,,,,0,cooldown
2026-07-07T20:35:25,reactive_hot_humid_bursty_r1,reactive,hot_humid,bursty,1,37.19,36.89,36.69,34.19,25.0,45.0,0.0,,100.0,2.0,,,,0,cooldown
2026-07-07T20:35:25,reactive_hot_humid_bursty_r1,reactive,hot_humid,bursty,1,37.18,36.88,36.68,34.18,25.0,45.0,0.0,,100.0,2.0,,,,0,cooldown
2026-07-07T20:35:25,reactive_hot_humid_bursty_r1,reactive,hot_humid,bursty,1,37.17,36.87,36.67,34.17,25.0,45.0,0.0,,100.0,2.0,,,,0,cooldown
2026-07-07T20:35:25,reactive_hot_humid_bursty_r1,reactive,hot_humid,bursty,1,37.161,36.861,36.661,34.161,25.0,45.0,0.0,,100.0,2.0,,,,0,cooldown
2026-07-07T20:35:25,reactive_hot_humid_bursty_r1,reactive,hot_humid,bursty,1,37.151,36.851,36.651,34.151,25.0,45.0,0.0,,100.0,2.0,,,,0,cooldown
2026-07-07T20:35:25,reactive_hot_humid_bursty_r1,reactive,hot_humid,bursty,1,37.142,36.842,36.642,34.142,25.0,45.0,0.0,,100.0,2.0,,,,0,cooldown
2026-07-07T20:35:25,reactive_hot_humid_bursty_r1,reactive,hot_humid,bursty,1,37.132,36.832,36.632,34.132,25.0,45.0,0.0,,100.0,2.0,,,,0,cooldown
2026-07-07T20:35:25,reactive_hot_humid_bursty_r1,reactive,hot_humid,bursty,1,37.122,36.822,36.622,34.122,25.0,45.0,0.0,,100.0,2.0,,,,0,cooldown
2026-07-07T20:35:25,reactive_hot_humid_bursty_r1,reactive,hot_humid,bursty,1,37.113,36.813,36.613,34.113,25.0,45.0,0.0,,100.0,2.0,,,,0,cooldown
2026-07-07T20:35:25,reactive_hot_humid_bursty_r1,reactive,hot_humid,bursty,1,37.103,36.803,36.603,34.103,25.0,45.0,0.0,,100.0,2.0,,,,0,cooldown
2026-07-07T20:35:25,reactive_hot_humid_bursty_r1,reactive,hot_humid,bursty,1,37.094,36.794,36.594,34.094,25.0,45.0,0.0,,100.0,2.0,,,,0,cooldown
2026-07-07T20:35:25,reactive_hot_humid_bursty_r1,reactive,hot_humid,bursty,1,37.084,36.784,36.584,34.084,25.0,45.0,0.0,,100.0,2.0,,,,0,cooldown
2026-07-07T20:35:25,reactive_hot_humid_bursty_r1,reactive,hot_humid,bursty,1,37.075,36.775,36.575,34.075,25.0,45.0,0.0,,100.0,2.0,,,,0,cooldown
2026-07-07T20:35:25,reactive_hot_humid_bursty_r1,reactive,hot_humid,bursty,1,37.065,36.765,36.565,34.065,25.0,45.0,0.0,,100.0,2.0,,,,0,cooldown
2026-07-07T20:35:25,reactive_hot_humid_bursty_r1,reactive,hot_humid,bursty,1,37.056,36.756,36.556,34.056,25.0,45.0,0.0,,100.0,2.0,,,,0,cooldown
2026-07-07T20:35:25,reactive_hot_humid_bursty_r1,reactive,hot_humid,bursty,1,37.046,36.746,36.546,34.046,25.0,45.0,0.0,,100.0,2.0,,,,0,cooldown
2026-07-07T20:35:25,reactive_hot_humid_bursty_r1,reactive,hot_humid,bursty,1,37.037,36.737,36.537,34.037,25.0,45.0,0.0,,100.0,2.0,,,,0,cooldown
2026-07-07T20:35:25,reactive_hot_humid_bursty_r1,reactive,hot_humid,bursty,1,37.027,36.727,36.527,34.027,25.0,45.0,0.0,,100.0,2.0,,,,0,cooldown
2026-07-07T20:35:25,reactive_hot_humid_bursty_r1,reactive,hot_humid,bursty,1,37.018,36.718,36.518,34.018,25.0,45.0,0.0,,100.0,2.0,,,,0,cooldown
2026-07-07T20:35:25,reactive_hot_humid_bursty_r1,reactive,hot_humid,bursty,1,37.008,36.708,36.508,34.008,25.0,45.0,0.0,,100.0,2.0,,,,0,cooldown
2026-07-07T20:35:25,reactive_hot_humid_bursty_r1,reactive,hot_humid,bursty,1,36.999,36.699,36.499,33.999,25.0,45.0,0.0,,100.0,2.0,,,,0,cooldown
2026-07-07T20:35:25,reactive_hot_humid_bursty_r1,reactive,hot_humid,bursty,1,36.989,36.689,36.489,33.989,25.0,45.0,0.0,,100.0,2.0,,,,0,cooldown
2026-07-07T20:35:25,reactive_hot_humid_bursty_r1,reactive,hot_humid,bursty,1,36.98,36.68,36.48,33.98,25.0,45.0,0.0,,100.0,2.0,,,,0,cooldown
2026-07-07T20:35:25,reactive_hot_humid_bursty_r1,reactive,hot_humid,bursty,1,36.97,36.67,36.47,33.97,25.0,45.0,0.0,,100.0,2.0,,,,0,cooldown
2026-07-07T20:35:25,reactive_hot_humid_bursty_r1,reactive,hot_humid,bursty,1,36.961,36.661,36.461,33.961,25.0,45.0,0.0,,100.0,2.0,,,,0,cooldown
2026-07-07T20:35:25,reactive_hot_humid_bursty_r1,reactive,hot_humid,bursty,1,36.951,36.651,36.451,33.951,25.0,45.0,0.0,,100.0,2.0,,,,0,cooldown
2026-07-07T20:35:25,reactive_hot_humid_bursty_r1,reactive,hot_humid,bursty,1,36.942,36.642,36.442,33.942,25.0,45.0,0.0,,100.0,2.0,,,,0,cooldown
2026-07-07T20:35:25,reactive_hot_humid_bursty_r1,reactive,hot_humid,bursty,1,36.933,36.633,36.433,33.933,25.0,45.0,0.0,,100.0,2.0,,,,0,cooldown
2026-07-07T20:35:25,reactive_hot_humid_bursty_r1,reactive,hot_humid,bursty,1,36.923,36.623,36.423,33.923,25.0,45.0,0.0,,100.0,2.0,,,,0,cooldown
2026-07-07T20:35:25,reactive_hot_humid_bursty_r1,reactive,hot_humid,bursty,1,36.914,36.614,36.414,33.914,25.0,45.0,0.0,,100.0,2.0,,,,0,cooldown
2026-07-07T20:35:25,reactive_hot_humid_bursty_r1,reactive,hot_humid,bursty,1,36.904,36.604,36.404,33.904,25.0,45.0,0.0,,100.0,2.0,,,,0,cooldown
2026-07-07T20:35:25,reactive_hot_humid_bursty_r1,reactive,hot_humid,bursty,1,36.895,36.595,36.395,33.895,25.0,45.0,0.0,,100.0,2.0,,,,0,cooldown
2026-07-07T20:35:25,reactive_hot_humid_bursty_r1,reactive,hot_humid,bursty,1,36.885,36.585,36.385,33.885,25.0,45.0,0.0,,100.0,2.0,,,,0,cooldown
2026-07-07T20:35:25,reactive_hot_humid_bursty_r1,reactive,hot_humid,bursty,1,36.876,36.576,36.376,33.876,25.0,45.0,0.0,,100.0,2.0,,,,0,cooldown
2026-07-07T20:35:25,reactive_hot_humid_bursty_r1,reactive,hot_humid,bursty,1,36.867,36.567,36.367,33.867,25.0,45.0,0.0,,100.0,2.0,,,,0,cooldown
2026-07-07T20:35:25,reactive_hot_humid_bursty_r1,reactive,hot_humid,bursty,1,36.857,36.557,36.357,33.857,25.0,45.0,0.0,,100.0,2.0,,,,0,cooldown
2026-07-07T20:35:25,reactive_hot_humid_bursty_r1,reactive,hot_humid,bursty,1,36.848,36.548,36.348,33.848,25.0,45.0,0.0,,100.0,2.0,,,,0,cooldown
2026-07-07T20:35:25,reactive_hot_humid_bursty_r1,reactive,hot_humid,bursty,1,36.839,36.539,36.339,33.839,25.0,45.0,0.0,,100.0,2.0,,,,0,cooldown
2026-07-07T20:35:25,reactive_hot_humid_bursty_r1,reactive,hot_humid,bursty,1,36.829,36.529,36.329,33.829,25.0,45.0,0.0,,100.0,2.0,,,,0,cooldown
2026-07-07T20:35:25,reactive_hot_humid_bursty_r1,reactive,hot_humid,bursty,1,36.82,36.52,36.32,33.82,25.0,45.0,0.0,,100.0,2.0,,,,0,cooldown
2026-07-07T20:35:25,reactive_hot_humid_bursty_r1,reactive,hot_humid,bursty,1,36.811,36.511,36.311,33.811,25.0,45.0,0.0,,100.0,2.0,,,,0,cooldown
2026-07-07T20:35:25,reactive_hot_humid_bursty_r1,reactive,hot_humid,bursty,1,36.801,36.501,36.301,33.801,25.0,45.0,0.0,,100.0,2.0,,,,0,cooldown
2026-07-07T20:35:25,reactive_hot_humid_bursty_r1,reactive,hot_humid,bursty,1,36.792,36.492,36.292,33.792,25.0,45.0,0.0,,100.0,2.0,,,,0,cooldown
2026-07-07T20:35:25,reactive_hot_humid_bursty_r1,reactive,hot_humid,bursty,1,36.783,36.483,36.283,33.783,25.0,45.0,0.0,,100.0,2.0,,,,0,cooldown
2026-07-07T20:35:25,reactive_hot_humid_bursty_r1,reactive,hot_humid,bursty,1,36.773,36.473,36.273,33.773,25.0,45.0,0.0,,100.0,2.0,,,,0,cooldown
2026-07-07T20:35:25,reactive_hot_humid_bursty_r1,reactive,hot_humid,bursty,1,36.764,36.464,36.264,33.764,25.0,45.0,0.0,,100.0,2.0,,,,0,cooldown
2026-07-07T20:35:25,reactive_hot_humid_bursty_r1,reactive,hot_humid,bursty,1,36.755,36.455,36.255,33.755,25.0,45.0,0.0,,100.0,2.0,,,,0,cooldown
2026-07-07T20:35:25,reactive_hot_humid_bursty_r1,reactive,hot_humid,bursty,1,36.746,36.446,36.246,33.746,25.0,45.0,0.0,,100.0,2.0,,,,0,cooldown
2026-07-07T20:35:25,reactive_hot_humid_bursty_r1,reactive,hot_humid,bursty,1,36.736,36.436,36.236,33.736,25.0,45.0,0.0,,100.0,2.0,,,,0,cooldown
2026-07-07T20:35:25,reactive_hot_humid_bursty_r1,reactive,hot_humid,bursty,1,36.727,36.427,36.227,33.727,25.0,45.0,0.0,,100.0,2.0,,,,0,cooldown
2026-07-07T20:35:25,reactive_hot_humid_bursty_r1,reactive,hot_humid,bursty,1,36.718,36.418,36.218,33.718,25.0,45.0,0.0,,100.0,2.0,,,,0,cooldown
2026-07-07T20:35:25,reactive_hot_humid_bursty_r1,reactive,hot_humid,bursty,1,36.708,36.408,36.208,33.708,25.0,45.0,0.0,,100.0,2.0,,,,0,cooldown
2026-07-07T20:35:25,reactive_hot_humid_bursty_r1,reactive,hot_humid,bursty,1,36.699,36.399,36.199,33.699,25.0,45.0,0.0,,100.0,2.0,,,,0,cooldown
2026-07-07T20:35:25,reactive_hot_humid_bursty_r1,reactive,hot_humid,bursty,1,36.69,36.39,36.19,33.69,25.0,45.0,0.0,,100.0,2.0,,,,0,cooldown
2026-07-07T20:35:25,reactive_hot_humid_bursty_r1,reactive,hot_humid,bursty,1,36.681,36.381,36.181,33.681,25.0,45.0,0.0,,100.0,2.0,,,,0,cooldown
2026-07-07T20:35:25,reactive_hot_humid_bursty_r1,reactive,hot_humid,bursty,1,36.672,36.372,36.172,33.672,25.0,45.0,0.0,,100.0,2.0,,,,0,cooldown
2026-07-07T20:35:25,reactive_hot_humid_bursty_r1,reactive,hot_humid,bursty,1,36.662,36.362,36.162,33.662,25.0,45.0,0.0,,100.0,2.0,,,,0,cooldown
2026-07-07T20:35:25,reactive_hot_humid_bursty_r1,reactive,hot_humid,bursty,1,36.653,36.353,36.153,33.653,25.0,45.0,0.0,,100.0,2.0,,,,0,cooldown
2026-07-07T20:35:25,reactive_hot_humid_bursty_r1,reactive,hot_humid,bursty,1,36.644,36.344,36.144,33.644,25.0,45.0,0.0,,100.0,2.0,,,,0,cooldown
2026-07-07T20:35:25,reactive_hot_humid_bursty_r1,reactive,hot_humid,bursty,1,36.635,36.335,36.135,33.635,25.0,45.0,0.0,,100.0,2.0,,,,0,cooldown
2026-07-07T20:35:25,reactive_hot_humid_bursty_r1,reactive,hot_humid,bursty,1,36.626,36.326,36.126,33.626,25.0,45.0,0.0,,100.0,2.0,,,,0,cooldown
2026-07-07T20:35:25,reactive_hot_humid_bursty_r1,reactive,hot_humid,bursty,1,36.616,36.316,36.116,33.616,25.0,45.0,0.0,,100.0,2.0,,,,0,cooldown
2026-07-07T20:35:25,reactive_hot_humid_bursty_r1,reactive,hot_humid,bursty,1,36.607,36.307,36.107,33.607,25.0,45.0,0.0,,100.0,2.0,,,,0,cooldown
2026-07-07T20:35:25,reactive_hot_humid_bursty_r1,reactive,hot_humid,bursty,1,36.598,36.298,36.098,33.598,25.0,45.0,0.0,,100.0,2.0,,,,0,cooldown
2026-07-07T20:35:25,reactive_hot_humid_bursty_r1,reactive,hot_humid,bursty,1,36.589,36.289,36.089,33.589,25.0,45.0,0.0,,100.0,2.0,,,,0,cooldown
2026-07-07T20:35:25,reactive_hot_humid_bursty_r1,reactive,hot_humid,bursty,1,36.58,36.28,36.08,33.58,25.0,45.0,0.0,,100.0,2.0,,,,0,cooldown
2026-07-07T20:35:25,reactive_hot_humid_bursty_r1,reactive,hot_humid,bursty,1,36.571,36.271,36.071,33.571,25.0,45.0,0.0,,100.0,2.0,,,,0,cooldown
2026-07-07T20:35:25,reactive_hot_humid_bursty_r1,reactive,hot_humid,bursty,1,36.561,36.261,36.061,33.561,25.0,45.0,0.0,,100.0,2.0,,,,0,cooldown
2026-07-07T20:35:25,reactive_hot_humid_bursty_r1,reactive,hot_humid,bursty,1,36.552,36.252,36.052,33.552,25.0,45.0,0.0,,100.0,2.0,,,,0,cooldown
2026-07-07T20:35:25,reactive_hot_humid_bursty_r1,reactive,hot_humid,bursty,1,36.543,36.243,36.043,33.543,25.0,45.0,0.0,,100.0,2.0,,,,0,cooldown
2026-07-07T20:35:25,reactive_hot_humid_bursty_r1,reactive,hot_humid,bursty,1,36.534,36.234,36.034,33.534,25.0,45.0,0.0,,100.0,2.0,,,,0,cooldown
2026-07-07T20:35:25,reactive_hot_humid_bursty_r1,reactive,hot_humid,bursty,1,36.525,36.225,36.025,33.525,25.0,45.0,0.0,,100.0,2.0,,,,0,cooldown
2026-07-07T20:35:25,reactive_hot_humid_bursty_r1,reactive,hot_humid,bursty,1,36.516,36.216,36.016,33.516,25.0,45.0,0.0,,100.0,2.0,,,,0,cooldown
2026-07-07T20:35:25,reactive_hot_humid_bursty_r1,reactive,hot_humid,bursty,1,36.507,36.207,36.007,33.507,25.0,45.0,0.0,,100.0,2.0,,,,0,cooldown
2026-07-07T20:35:25,reactive_hot_humid_bursty_r1,reactive,hot_humid,bursty,1,36.498,36.198,35.998,33.498,25.0,45.0,0.0,,100.0,2.0,,,,0,cooldown
2026-07-07T20:35:25,reactive_hot_humid_bursty_r1,reactive,hot_humid,bursty,1,36.489,36.189,35.989,33.489,25.0,45.0,0.0,,100.0,2.0,,,,0,cooldown
2026-07-07T20:35:25,reactive_hot_humid_bursty_r1,reactive,hot_humid,bursty,1,36.48,36.18,35.98,33.48,25.0,45.0,0.0,,100.0,2.0,,,,0,cooldown
2026-07-07T20:35:25,reactive_hot_humid_bursty_r1,reactive,hot_humid,bursty,1,36.47,36.17,35.97,33.47,25.0,45.0,0.0,,100.0,2.0,,,,0,cooldown
2026-07-07T20:35:25,reactive_hot_humid_bursty_r1,reactive,hot_humid,bursty,1,36.461,36.161,35.961,33.461,25.0,45.0,0.0,,100.0,2.0,,,,0,cooldown
2026-07-07T20:35:25,reactive_hot_humid_bursty_r1,reactive,hot_humid,bursty,1,36.452,36.152,35.952,33.452,25.0,45.0,0.0,,100.0,2.0,,,,0,cooldown
2026-07-07T20:35:25,reactive_hot_humid_bursty_r1,reactive,hot_humid,bursty,1,36.443,36.143,35.943,33.443,25.0,45.0,0.0,,100.0,2.0,,,,0,cooldown
2026-07-07T20:35:25,reactive_hot_humid_bursty_r1,reactive,hot_humid,bursty,1,36.434,36.134,35.934,33.434,25.0,45.0,0.0,,100.0,2.0,,,,0,cooldown
2026-07-07T20:35:25,reactive_hot_humid_bursty_r1,reactive,hot_humid,bursty,1,36.425,36.125,35.925,33.425,25.0,45.0,0.0,,100.0,2.0,,,,0,cooldown
2026-07-07T20:35:25,reactive_hot_humid_bursty_r1,reactive,hot_humid,bursty,1,36.416,36.116,35.916,33.416,25.0,45.0,0.0,,100.0,2.0,,,,0,cooldown
2026-07-07T20:35:25,reactive_hot_humid_bursty_r1,reactive,hot_humid,bursty,1,36.407,36.107,35.907,33.407,25.0,45.0,0.0,,100.0,2.0,,,,0,cooldown
2026-07-07T20:35:25,reactive_hot_humid_bursty_r1,reactive,hot_humid,bursty,1,36.398,36.098,35.898,33.398,25.0,45.0,0.0,,100.0,2.0,,,,0,cooldown
2026-07-07T20:35:25,reactive_hot_humid_bursty_r1,reactive,hot_humid,bursty,1,36.389,36.089,35.889,33.389,25.0,45.0,0.0,,100.0,2.0,,,,0,cooldown
2026-07-07T20:35:25,reactive_hot_humid_bursty_r1,reactive,hot_humid,bursty,1,36.38,36.08,35.88,33.38,25.0,45.0,0.0,,100.0,2.0,,,,0,cooldown
2026-07-07T20:35:25,reactive_hot_humid_bursty_r1,reactive,hot_humid,bursty,1,36.371,36.071,35.871,33.371,25.0,45.0,0.0,,100.0,2.0,,,,0,cooldown
2026-07-07T20:35:25,reactive_hot_humid_bursty_r1,reactive,hot_humid,bursty,1,36.362,36.062,35.862,33.362,25.0,45.0,0.0,,100.0,2.0,,,,0,cooldown
2026-07-07T20:35:25,reactive_hot_humid_bursty_r1,reactive,hot_humid,bursty,1,36.353,36.053,35.853,33.353,25.0,45.0,0.0,,100.0,2.0,,,,0,cooldown
2026-07-07T20:35:25,reactive_hot_humid_bursty_r1,reactive,hot_humid,bursty,1,36.344,36.044,35.844,33.344,25.0,45.0,0.0,,100.0,2.0,,,,0,cooldown
2026-07-07T20:35:25,reactive_hot_humid_bursty_r1,reactive,hot_humid,bursty,1,36.335,36.035,35.835,33.335,25.0,45.0,0.0,,100.0,2.0,,,,0,cooldown
2026-07-07T20:35:25,reactive_hot_humid_bursty_r1,reactive,hot_humid,bursty,1,36.326,36.026,35.826,33.326,25.0,45.0,0.0,,100.0,2.0,,,,0,cooldown
2026-07-07T20:35:25,reactive_hot_humid_bursty_r1,reactive,hot_humid,bursty,1,36.318,36.018,35.818,33.318,25.0,45.0,0.0,,100.0,2.0,,,,0,cooldown
2026-07-07T20:35:25,reactive_hot_humid_bursty_r1,reactive,hot_humid,bursty,1,36.309,36.009,35.809,33.309,25.0,45.0,0.0,,100.0,2.0,,,,0,cooldown
2026-07-07T20:35:25,reactive_hot_humid_bursty_r1,reactive,hot_humid,bursty,1,36.3,36.0,35.8,33.3,25.0,45.0,0.0,,100.0,2.0,,,,0,cooldown
2026-07-07T20:35:25,reactive_hot_humid_bursty_r1,reactive,hot_humid,bursty,1,36.291,35.991,35.791,33.291,25.0,45.0,0.0,,100.0,2.0,,,,0,cooldown
2026-07-07T20:35:25,reactive_hot_humid_bursty_r1,reactive,hot_humid,bursty,1,36.282,35.982,35.782,33.282,25.0,45.0,0.0,,100.0,2.0,,,,0,cooldown
2026-07-07T20:35:25,reactive_hot_humid_bursty_r1,reactive,hot_humid,bursty,1,36.273,35.973,35.773,33.273,25.0,45.0,0.0,,100.0,2.0,,,,0,cooldown
2026-07-07T20:35:25,reactive_hot_humid_bursty_r1,reactive,hot_humid,bursty,1,36.264,35.964,35.764,33.264,25.0,45.0,0.0,,100.0,2.0,,,,0,cooldown
2026-07-07T20:35:25,reactive_hot_humid_bursty_r1,reactive,hot_humid,bursty,1,36.255,35.955,35.755,33.255,25.0,45.0,0.0,,100.0,2.0,,,,0,cooldown
2026-07-07T20:35:25,reactive_hot_humid_bursty_r1,reactive,hot_humid,bursty,1,36.246,35.946,35.746,33.246,25.0,45.0,0.0,,100.0,2.0,,,,0,cooldown
2026-07-07T20:35:25,reactive_hot_humid_bursty_r1,reactive,hot_humid,bursty,1,36.237,35.937,35.737,33.237,25.0,45.0,0.0,,100.0,2.0,,,,0,cooldown
2026-07-07T20:35:25,reactive_hot_humid_bursty_r1,reactive,hot_humid,bursty,1,36.228,35.928,35.728,33.228,25.0,45.0,0.0,,100.0,2.0,,,,0,cooldown
2026-07-07T20:35:25,reactive_hot_humid_bursty_r1,reactive,hot_humid,bursty,1,36.22,35.92,35.72,33.22,25.0,45.0,0.0,,100.0,2.0,,,,0,cooldown
2026-07-07T20:35:25,reactive_hot_humid_bursty_r1,reactive,hot_humid,bursty,1,36.211,35.911,35.711,33.211,25.0,45.0,0.0,,100.0,2.0,,,,0,cooldown
2026-07-07T20:35:25,reactive_hot_humid_bursty_r1,reactive,hot_humid,bursty,1,36.202,35.902,35.702,33.202,25.0,45.0,0.0,,100.0,2.0,,,,0,cooldown
2026-07-07T20:35:25,reactive_hot_humid_bursty_r1,reactive,hot_humid,bursty,1,36.193,35.893,35.693,33.193,25.0,45.0,0.0,,100.0,2.0,,,,0,cooldown
2026-07-07T20:35:25,reactive_hot_humid_bursty_r1,reactive,hot_humid,bursty,1,36.184,35.884,35.684,33.184,25.0,45.0,0.0,,100.0,2.0,,,,0,cooldown
2026-07-07T20:35:25,reactive_hot_humid_bursty_r1,reactive,hot_humid,bursty,1,36.175,35.875,35.675,33.175,25.0,45.0,0.0,,100.0,2.0,,,,0,cooldown
2026-07-07T20:35:25,reactive_hot_humid_bursty_r1,reactive,hot_humid,bursty,1,36.167,35.867,35.667,33.167,25.0,45.0,0.0,,100.0,2.0,,,,0,cooldown
2026-07-07T20:35:25,reactive_hot_humid_bursty_r1,reactive,hot_humid,bursty,1,36.158,35.858,35.658,33.158,25.0,45.0,0.0,,100.0,2.0,,,,0,cooldown
2026-07-07T20:35:25,reactive_hot_humid_bursty_r1,reactive,hot_humid,bursty,1,36.149,35.849,35.649,33.149,25.0,45.0,0.0,,100.0,2.0,,,,0,cooldown
2026-07-07T20:35:25,reactive_hot_humid_bursty_r1,reactive,hot_humid,bursty,1,36.14,35.84,35.64,33.14,25.0,45.0,0.0,,100.0,2.0,,,,0,cooldown
2026-07-07T20:35:25,reactive_hot_humid_bursty_r1,reactive,hot_humid,bursty,1,36.131,35.831,35.631,33.131,25.0,45.0,0.0,,100.0,2.0,,,,0,cooldown
2026-07-07T20:35:25,reactive_hot_humid_bursty_r1,reactive,hot_humid,bursty,1,36.123,35.823,35.623,33.123,25.0,45.0,0.0,,100.0,2.0,,,,0,cooldown
2026-07-07T20:35:25,reactive_hot_humid_bursty_r1,reactive,hot_humid,bursty,1,36.114,35.814,35.614,33.114,25.0,45.0,0.0,,100.0,2.0,,,,0,cooldown
2026-07-07T20:35:25,reactive_hot_humid_bursty_r1,reactive,hot_humid,bursty,1,36.105,35.805,35.605,33.105,25.0,45.0,0.0,,100.0,2.0,,,,0,cooldown
2026-07-07T20:35:25,reactive_hot_humid_bursty_r1,reactive,hot_humid,bursty,1,36.096,35.796,35.596,33.096,25.0,45.0,0.0,,100.0,2.0,,,,0,cooldown
2026-07-07T20:35:25,reactive_hot_humid_bursty_r1,reactive,hot_humid,bursty,1,36.087,35.787,35.587,33.087,25.0,45.0,0.0,,100.0,2.0,,,,0,cooldown
2026-07-07T20:35:25,reactive_hot_humid_bursty_r1,reactive,hot_humid,bursty,1,36.079,35.779,35.579,33.079,25.0,45.0,0.0,,100.0,2.0,,,,0,cooldown
2026-07-07T20:35:25,reactive_hot_humid_bursty_r1,reactive,hot_humid,bursty,1,36.07,35.77,35.57,33.07,25.0,45.0,0.0,,100.0,2.0,,,,0,cooldown
2026-07-07T20:35:25,reactive_hot_humid_bursty_r1,reactive,hot_humid,bursty,1,36.061,35.761,35.561,33.061,25.0,45.0,0.0,,100.0,2.0,,,,0,cooldown
2026-07-07T20:35:25,reactive_hot_humid_bursty_r1,reactive,hot_humid,bursty,1,36.053,35.753,35.553,33.053,25.0,45.0,0.0,,100.0,2.0,,,,0,cooldown
2026-07-07T20:35:25,reactive_hot_humid_bursty_r1,reactive,hot_humid,bursty,1,36.044,35.744,35.544,33.044,25.0,45.0,0.0,,100.0,2.0,,,,0,cooldown
2026-07-07T20:35:25,reactive_hot_humid_bursty_r1,reactive,hot_humid,bursty,1,36.035,35.735,35.535,33.035,25.0,45.0,0.0,,100.0,2.0,,,,0,cooldown
2026-07-07T20:35:25,reactive_hot_humid_bursty_r1,reactive,hot_humid,bursty,1,36.026,35.726,35.526,33.026,25.0,45.0,0.0,,100.0,2.0,,,,0,cooldown
2026-07-07T20:35:25,reactive_hot_humid_bursty_r1,reactive,hot_humid,bursty,1,36.018,35.718,35.518,33.018,25.0,45.0,0.0,,100.0,2.0,,,,0,cooldown
2026-07-07T20:35:25,reactive_hot_humid_bursty_r1,reactive,hot_humid,bursty,1,36.009,35.709,35.509,33.009,25.0,45.0,0.0,,100.0,2.0,,,,0,cooldown
2026-07-07T20:35:25,reactive_hot_humid_bursty_r1,reactive,hot_humid,bursty,1,36.0,35.7,35.5,33.0,25.0,45.0,0.0,,100.0,2.0,,,,0,cooldown
2026-07-07T20:35:25,reactive_hot_humid_bursty_r1,reactive,hot_humid,bursty,1,35.992,35.692,35.492,32.992,25.0,45.0,0.0,,100.0,2.0,,,,0,cooldown
2026-07-07T20:35:25,reactive_hot_humid_bursty_r1,reactive,hot_humid,bursty,1,35.983,35.683,35.483,32.983,25.0,45.0,0.0,,100.0,2.0,,,,0,cooldown
2026-07-07T20:35:25,reactive_hot_humid_bursty_r1,reactive,hot_humid,bursty,1,35.974,35.674,35.474,32.974,25.0,45.0,0.0,,100.0,2.0,,,,0,cooldown
2026-07-07T20:35:25,reactive_hot_humid_bursty_r1,reactive,hot_humid,bursty,1,35.966,35.666,35.466,32.966,25.0,45.0,0.0,,100.0,2.0,,,,0,cooldown
2026-07-07T20:35:25,reactive_hot_humid_bursty_r1,reactive,hot_humid,bursty,1,35.957,35.657,35.457,32.957,25.0,45.0,0.0,,100.0,2.0,,,,0,cooldown
2026-07-07T20:35:25,reactive_hot_humid_bursty_r1,reactive,hot_humid,bursty,1,35.948,35.648,35.448,32.948,25.0,45.0,0.0,,100.0,2.0,,,,0,cooldown
2026-07-07T20:35:25,reactive_hot_humid_bursty_r1,reactive,hot_humid,bursty,1,35.94,35.64,35.44,32.94,25.0,45.0,0.0,,100.0,2.0,,,,0,cooldown
2026-07-07T20:35:25,reactive_hot_humid_bursty_r1,reactive,hot_humid,bursty,1,35.931,35.631,35.431,32.931,25.0,45.0,0.0,,100.0,2.0,,,,0,cooldown
2026-07-07T20:35:25,reactive_hot_humid_bursty_r1,reactive,hot_humid,bursty,1,35.922,35.622,35.422,32.922,25.0,45.0,0.0,,100.0,2.0,,,,0,cooldown
2026-07-07T20:35:25,reactive_hot_humid_bursty_r1,reactive,hot_humid,bursty,1,35.914,35.614,35.414,32.914,25.0,45.0,0.0,,100.0,2.0,,,,0,cooldown
2026-07-07T20:35:25,reactive_hot_humid_bursty_r1,reactive,hot_humid,bursty,1,35.905,35.605,35.405,32.905,25.0,45.0,0.0,,100.0,2.0,,,,0,cooldown
2026-07-07T20:35:25,reactive_hot_humid_bursty_r1,reactive,hot_humid,bursty,1,35.897,35.597,35.397,32.897,25.0,45.0,0.0,,100.0,2.0,,,,0,cooldown
2026-07-07T20:35:25,reactive_hot_humid_bursty_r1,reactive,hot_humid,bursty,1,35.888,35.588,35.388,32.888,25.0,45.0,0.0,,100.0,2.0,,,,0,cooldown
2026-07-07T20:35:25,reactive_hot_humid_bursty_r1,reactive,hot_humid,bursty,1,35.879,35.579,35.379,32.879,25.0,45.0,0.0,,100.0,2.0,,,,0,cooldown
2026-07-07T20:35:25,reactive_hot_humid_bursty_r1,reactive,hot_humid,bursty,1,35.871,35.571,35.371,32.871,25.0,45.0,0.0,,100.0,2.0,,,,0,cooldown
2026-07-07T20:35:25,reactive_hot_humid_bursty_r1,reactive,hot_humid,bursty,1,35.862,35.562,35.362,32.862,25.0,45.0,0.0,,100.0,2.0,,,,0,cooldown
2026-07-07T20:35:25,reactive_hot_humid_bursty_r1,reactive,hot_humid,bursty,1,35.854,35.554,35.354,32.854,25.0,45.0,0.0,,100.0,2.0,,,,0,cooldown
2026-07-07T20:35:25,reactive_hot_humid_bursty_r1,reactive,hot_humid,bursty,1,35.845,35.545,35.345,32.845,25.0,45.0,0.0,,100.0,2.0,,,,0,cooldown
2026-07-07T20:35:25,reactive_hot_humid_bursty_r1,reactive,hot_humid,bursty,1,35.836,35.536,35.336,32.836,25.0,45.0,0.0,,100.0,2.0,,,,0,cooldown
2026-07-07T20:35:25,reactive_hot_humid_bursty_r1,reactive,hot_humid,bursty,1,35.828,35.528,35.328,32.828,25.0,45.0,0.0,,100.0,2.0,,,,0,cooldown
2026-07-07T20:35:25,reactive_hot_humid_bursty_r1,reactive,hot_humid,bursty,1,35.819,35.519,35.319,32.819,25.0,45.0,0.0,,100.0,2.0,,,,0,cooldown
2026-07-07T20:35:25,reactive_hot_humid_bursty_r1,reactive,hot_humid,bursty,1,35.811,35.511,35.311,32.811,25.0,45.0,0.0,,100.0,2.0,,,,0,cooldown
2026-07-07T20:35:25,reactive_hot_humid_bursty_r1,reactive,hot_humid,bursty,1,35.802,35.502,35.302,32.802,25.0,45.0,0.0,,100.0,2.0,,,,0,cooldown
2026-07-07T20:35:25,reactive_hot_humid_bursty_r1,reactive,hot_humid,bursty,1,35.794,35.494,35.294,32.794,25.0,45.0,0.0,,100.0,2.0,,,,0,cooldown
2026-07-07T20:35:25,reactive_hot_humid_bursty_r1,reactive,hot_humid,bursty,1,35.785,35.485,35.285,32.785,25.0,45.0,0.0,,100.0,2.0,,,,0,cooldown
2026-07-07T20:35:25,reactive_hot_humid_bursty_r1,reactive,hot_humid,bursty,1,35.777,35.477,35.277,32.777,25.0,45.0,0.0,,100.0,2.0,,,,0,cooldown
2026-07-07T20:35:25,reactive_hot_humid_bursty_r1,reactive,hot_humid,bursty,1,35.768,35.468,35.268,32.768,25.0,45.0,0.0,,100.0,2.0,,,,0,cooldown
2026-07-07T20:35:25,reactive_hot_humid_bursty_r1,reactive,hot_humid,bursty,1,35.76,35.46,35.26,32.76,25.0,45.0,0.0,,100.0,2.0,,,,0,cooldown
2026-07-07T20:35:25,reactive_hot_humid_bursty_r1,reactive,hot_humid,bursty,1,35.751,35.451,35.251,32.751,25.0,45.0,0.0,,100.0,2.0,,,,0,cooldown
2026-07-07T20:35:25,reactive_hot_humid_bursty_r1,reactive,hot_humid,bursty,1,35.743,35.443,35.243,32.743,25.0,45.0,0.0,,100.0,2.0,,,,0,cooldown
2026-07-07T20:35:25,reactive_hot_humid_bursty_r1,reactive,hot_humid,bursty,1,35.734,35.434,35.234,32.734,25.0,45.0,0.0,,100.0,2.0,,,,0,cooldown
2026-07-07T20:35:25,reactive_hot_humid_bursty_r1,reactive,hot_humid,bursty,1,35.726,35.426,35.226,32.726,25.0,45.0,0.0,,100.0,2.0,,,,0,cooldown
2026-07-07T20:35:25,reactive_hot_humid_bursty_r1,reactive,hot_humid,bursty,1,35.717,35.417,35.217,32.717,25.0,45.0,0.0,,100.0,2.0,,,,0,cooldown
2026-07-07T20:35:25,reactive_hot_humid_bursty_r1,reactive,hot_humid,bursty,1,35.709,35.409,35.209,32.709,25.0,45.0,0.0,,100.0,2.0,,,,0,cooldown
2026-07-07T20:35:25,reactive_hot_humid_bursty_r1,reactive,hot_humid,bursty,1,35.7,35.4,35.2,32.7,25.0,45.0,0.0,,100.0,2.0,,,,0,cooldown
2026-07-07T20:35:25,reactive_hot_humid_bursty_r1,reactive,hot_humid,bursty,1,35.692,35.392,35.192,32.692,25.0,45.0,0.0,,100.0,2.0,,,,0,cooldown
2026-07-07T20:35:25,reactive_hot_humid_bursty_r1,reactive,hot_humid,bursty,1,35.683,35.383,35.183,32.683,25.0,45.0,0.0,,100.0,2.0,,,,0,cooldown
2026-07-07T20:35:25,reactive_hot_humid_bursty_r1,reactive,hot_humid,bursty,1,35.675,35.375,35.175,32.675,25.0,45.0,0.0,,100.0,2.0,,,,0,cooldown
2026-07-07T20:35:25,reactive_hot_humid_bursty_r1,reactive,hot_humid,bursty,1,35.667,35.367,35.167,32.667,25.0,45.0,0.0,,100.0,2.0,,,,0,cooldown
2026-07-07T20:35:25,reactive_hot_humid_bursty_r1,reactive,hot_humid,bursty,1,35.658,35.358,35.158,32.658,25.0,45.0,0.0,,100.0,2.0,,,,0,cooldown
2026-07-07T20:35:25,reactive_hot_humid_bursty_r1,reactive,hot_humid,bursty,1,35.65,35.35,35.15,32.65,25.0,45.0,0.0,,100.0,2.0,,,,0,cooldown
2026-07-07T20:35:25,reactive_hot_humid_bursty_r1,reactive,hot_humid,bursty,1,35.641,35.341,35.141,32.641,25.0,45.0,0.0,,100.0,2.0,,,,0,cooldown
2026-07-07T20:35:25,reactive_hot_humid_bursty_r1,reactive,hot_humid,bursty,1,35.633,35.333,35.133,32.633,25.0,45.0,0.0,,100.0,2.0,,,,0,cooldown
2026-07-07T20:35:25,reactive_hot_humid_bursty_r1,reactive,hot_humid,bursty,1,35.625,35.325,35.125,32.625,25.0,45.0,0.0,,100.0,2.0,,,,0,cooldown
2026-07-07T20:35:25,reactive_hot_humid_bursty_r1,reactive,hot_humid,bursty,1,35.616,35.316,35.116,32.616,25.0,45.0,0.0,,100.0,2.0,,,,0,cooldown
2026-07-07T20:35:25,reactive_hot_humid_bursty_r1,reactive,hot_humid,bursty,1,35.608,35.308,35.108,32.608,25.0,45.0,0.0,,100.0,2.0,,,,0,cooldown
2026-07-07T20:35:25,reactive_hot_humid_bursty_r1,reactive,hot_humid,bursty,1,35.599,35.299,35.099,32.599,25.0,45.0,0.0,,100.0,2.0,,,,0,cooldown
2026-07-07T20:35:25,reactive_hot_humid_bursty_r1,reactive,hot_humid,bursty,1,35.591,35.291,35.091,32.591,25.0,45.0,0.0,,100.0,2.0,,,,0,cooldown
2026-07-07T20:35:25,reactive_hot_humid_bursty_r1,reactive,hot_humid,bursty,1,35.583,35.283,35.083,32.583,25.0,45.0,0.0,,100.0,2.0,,,,0,cooldown
2026-07-07T20:35:25,reactive_hot_humid_bursty_r1,reactive,hot_humid,bursty,1,35.574,35.274,35.074,32.574,25.0,45.0,0.0,,100.0,2.0,,,,0,cooldown
2026-07-07T20:35:25,reactive_hot_humid_bursty_r1,reactive,hot_humid,bursty,1,35.566,35.266,35.066,32.566,25.0,45.0,0.0,,100.0,2.0,,,,0,cooldown
2026-07-07T20:35:25,reactive_hot_humid_bursty_r1,reactive,hot_humid,bursty,1,35.558,35.258,35.058,32.558,25.0,45.0,0.0,,100.0,2.0,,,,0,cooldown
2026-07-07T20:35:25,reactive_hot_humid_bursty_r1,reactive,hot_humid,bursty,1,35.549,35.249,35.049,32.549,25.0,45.0,0.0,,100.0,2.0,,,,0,cooldown
2026-07-07T20:35:25,reactive_hot_humid_bursty_r1,reactive,hot_humid,bursty,1,35.541,35.241,35.041,32.541,25.0,45.0,0.0,,100.0,2.0,,,,0,cooldown
2026-07-07T20:35:25,reactive_hot_humid_bursty_r1,reactive,hot_humid,bursty,1,35.533,35.233,35.033,32.533,25.0,45.0,0.0,,100.0,2.0,,,,0,cooldown
2026-07-07T20:35:25,reactive_hot_humid_bursty_r1,reactive,hot_humid,bursty,1,35.524,35.224,35.024,32.524,25.0,45.0,0.0,,100.0,2.0,,,,0,cooldown
2026-07-07T20:35:25,reactive_hot_humid_bursty_r1,reactive,hot_humid,bursty,1,35.516,35.216,35.016,32.516,25.0,45.0,0.0,,100.0,2.0,,,,0,cooldown
2026-07-07T20:35:25,reactive_hot_humid_bursty_r1,reactive,hot_humid,bursty,1,35.508,35.208,35.008,32.508,25.0,45.0,0.0,,100.0,2.0,,,,0,cooldown
2026-07-07T20:35:25,reactive_hot_humid_bursty_r1,reactive,hot_humid,bursty,1,35.499,35.199,34.999,32.499,25.0,45.0,0.0,,100.0,2.0,,,,0,cooldown
2026-07-07T20:35:25,reactive_hot_humid_bursty_r1,reactive,hot_humid,bursty,1,35.491,35.191,34.991,32.491,25.0,45.0,0.0,,100.0,2.0,,,,0,cooldown
2026-07-07T20:35:25,reactive_hot_humid_bursty_r1,reactive,hot_humid,bursty,1,35.483,35.183,34.983,32.483,25.0,45.0,0.0,,100.0,2.0,,,,0,cooldown
2026-07-07T20:35:25,reactive_hot_humid_bursty_r1,reactive,hot_humid,bursty,1,35.475,35.175,34.975,32.475,25.0,45.0,0.0,,100.0,2.0,,,,0,cooldown
2026-07-07T20:35:25,reactive_hot_humid_bursty_r1,reactive,hot_humid,bursty,1,35.466,35.166,34.966,32.466,25.0,45.0,0.0,,100.0,2.0,,,,0,cooldown
2026-07-07T20:35:25,reactive_hot_humid_bursty_r1,reactive,hot_humid,bursty,1,35.458,35.158,34.958,32.458,25.0,45.0,0.0,,100.0,2.0,,,,0,cooldown
2026-07-07T20:35:25,reactive_hot_humid_bursty_r1,reactive,hot_humid,bursty,1,35.45,35.15,34.95,32.45,25.0,45.0,0.0,,100.0,2.0,,,,0,cooldown
2026-07-07T20:35:25,reactive_hot_humid_bursty_r1,reactive,hot_humid,bursty,1,35.442,35.142,34.942,32.442,25.0,45.0,0.0,,100.0,2.0,,,,0,cooldown
2026-07-07T20:35:25,reactive_hot_humid_bursty_r1,reactive,hot_humid,bursty,1,35.433,35.133,34.933,32.433,25.0,45.0,0.0,,100.0,2.0,,,,0,cooldown
2026-07-07T20:35:25,reactive_hot_humid_bursty_r1,reactive,hot_humid,bursty,1,35.425,35.125,34.925,32.425,25.0,45.0,0.0,,100.0,2.0,,,,0,cooldown
2026-07-07T20:35:25,reactive_hot_humid_bursty_r1,reactive,hot_humid,bursty,1,35.417,35.117,34.917,32.417,25.0,45.0,0.0,,100.0,2.0,,,,0,cooldown
2026-07-07T20:35:25,reactive_hot_humid_bursty_r1,reactive,hot_humid,bursty,1,35.409,35.109,34.909,32.409,25.0,45.0,0.0,,100.0,2.0,,,,0,cooldown
2026-07-07T20:35:25,reactive_hot_humid_bursty_r1,reactive,hot_humid,bursty,1,35.4,35.1,34.9,32.4,25.0,45.0,0.0,,100.0,2.0,,,,0,cooldown
2026-07-07T20:35:25,reactive_hot_humid_bursty_r1,reactive,hot_humid,bursty,1,35.392,35.092,34.892,32.392,25.0,45.0,0.0,,100.0,2.0,,,,0,cooldown
2026-07-07T20:35:25,reactive_hot_humid_bursty_r1,reactive,hot_humid,bursty,1,35.384,35.084,34.884,32.384,25.0,45.0,0.0,,100.0,2.0,,,,0,cooldown
2026-07-07T20:35:25,reactive_hot_humid_bursty_r1,reactive,hot_humid,bursty,1,35.376,35.076,34.876,32.376,25.0,45.0,0.0,,100.0,2.0,,,,0,cooldown
2026-07-07T20:35:25,reactive_hot_humid_bursty_r1,reactive,hot_humid,bursty,1,35.368,35.068,34.868,32.368,25.0,45.0,0.0,,100.0,2.0,,,,0,cooldown
2026-07-07T20:35:25,reactive_hot_humid_bursty_r1,reactive,hot_humid,bursty,1,35.359,35.059,34.859,32.359,25.0,45.0,0.0,,100.0,2.0,,,,0,cooldown
2026-07-07T20:35:25,reactive_hot_humid_bursty_r1,reactive,hot_humid,bursty,1,35.351,35.051,34.851,32.351,25.0,45.0,0.0,,100.0,2.0,,,,0,cooldown
2026-07-07T20:35:25,reactive_hot_humid_bursty_r1,reactive,hot_humid,bursty,1,35.343,35.043,34.843,32.343,25.0,45.0,0.0,,100.0,2.0,,,,0,cooldown
2026-07-07T20:35:25,reactive_hot_humid_bursty_r1,reactive,hot_humid,bursty,1,35.335,35.035,34.835,32.335,25.0,45.0,0.0,,100.0,2.0,,,,0,cooldown
2026-07-07T20:35:25,reactive_hot_humid_bursty_r1,reactive,hot_humid,bursty,1,35.327,35.027,34.827,32.327,25.0,45.0,0.0,,100.0,2.0,,,,0,cooldown
2026-07-07T20:35:25,reactive_hot_humid_bursty_r1,reactive,hot_humid,bursty,1,35.319,35.019,34.819,32.319,25.0,45.0,0.0,,100.0,2.0,,,,0,cooldown
2026-07-07T20:35:25,reactive_hot_humid_bursty_r1,reactive,hot_humid,bursty,1,35.31,35.01,34.81,32.31,25.0,45.0,0.0,,100.0,2.0,,,,0,cooldown
2026-07-07T20:35:25,reactive_hot_humid_bursty_r1,reactive,hot_humid,bursty,1,35.302,35.002,34.802,32.302,25.0,45.0,0.0,,100.0,2.0,,,,0,cooldown
2026-07-07T20:35:25,reactive_hot_humid_bursty_r1,reactive,hot_humid,bursty,1,35.294,34.994,34.794,32.294,25.0,45.0,0.0,,100.0,2.0,,,,0,cooldown
2026-07-07T20:35:25,reactive_hot_humid_bursty_r1,reactive,hot_humid,bursty,1,35.286,34.986,34.786,32.286,25.0,45.0,0.0,,100.0,2.0,,,,0,cooldown
2026-07-07T20:35:25,reactive_hot_humid_bursty_r1,reactive,hot_humid,bursty,1,35.278,34.978,34.778,32.278,25.0,45.0,0.0,,100.0,2.0,,,,0,cooldown
2026-07-07T20:35:25,reactive_hot_humid_bursty_r1,reactive,hot_humid,bursty,1,35.27,34.97,34.77,32.27,25.0,45.0,0.0,,100.0,2.0,,,,0,cooldown
2026-07-07T20:35:25,reactive_hot_humid_bursty_r1,reactive,hot_humid,bursty,1,35.262,34.962,34.762,32.262,25.0,45.0,0.0,,100.0,2.0,,,,0,cooldown
2026-07-07T20:35:25,reactive_hot_humid_bursty_r1,reactive,hot_humid,bursty,1,35.254,34.954,34.754,32.254,25.0,45.0,0.0,,100.0,2.0,,,,0,cooldown
2026-07-07T20:35:25,reactive_hot_humid_bursty_r1,reactive,hot_humid,bursty,1,35.246,34.946,34.746,32.246,25.0,45.0,0.0,,100.0,2.0,,,,0,cooldown
2026-07-07T20:35:25,reactive_hot_humid_bursty_r1,reactive,hot_humid,bursty,1,35.237,34.937,34.737,32.237,25.0,45.0,0.0,,100.0,2.0,,,,0,cooldown
2026-07-07T20:35:25,reactive_hot_humid_bursty_r1,reactive,hot_humid,bursty,1,35.229,34.929,34.729,32.229,25.0,45.0,0.0,,100.0,2.0,,,,0,cooldown
2026-07-07T20:35:25,reactive_hot_humid_bursty_r1,reactive,hot_humid,bursty,1,35.221,34.921,34.721,32.221,25.0,45.0,0.0,,100.0,2.0,,,,0,cooldown
2026-07-07T20:35:25,reactive_hot_humid_bursty_r1,reactive,hot_humid,bursty,1,35.213,34.913,34.713,32.213,25.0,45.0,0.0,,100.0,2.0,,,,0,cooldown
2026-07-07T20:35:25,reactive_hot_humid_bursty_r1,reactive,hot_humid,bursty,1,35.205,34.905,34.705,32.205,25.0,45.0,0.0,,100.0,2.0,,,,0,cooldown
2026-07-07T20:35:25,reactive_hot_humid_bursty_r1,reactive,hot_humid,bursty,1,35.197,34.897,34.697,32.197,25.0,45.0,0.0,,100.0,2.0,,,,0,cooldown
2026-07-07T20:35:25,reactive_hot_humid_bursty_r1,reactive,hot_humid,bursty,1,35.189,34.889,34.689,32.189,25.0,45.0,0.0,,100.0,2.0,,,,0,cooldown
2026-07-07T20:35:25,reactive_hot_humid_bursty_r1,reactive,hot_humid,bursty,1,35.181,34.881,34.681,32.181,25.0,45.0,0.0,,100.0,2.0,,,,0,cooldown
2026-07-07T20:35:25,reactive_hot_humid_bursty_r1,reactive,hot_humid,bursty,1,35.173,34.873,34.673,32.173,25.0,45.0,0.0,,100.0,2.0,,,,0,cooldown
2026-07-07T20:35:25,reactive_hot_humid_bursty_r1,reactive,hot_humid,bursty,1,35.165,34.865,34.665,32.165,25.0,45.0,0.0,,100.0,2.0,,,,0,cooldown
2026-07-07T20:35:25,reactive_hot_humid_bursty_r1,reactive,hot_humid,bursty,1,35.157,34.857,34.657,32.157,25.0,45.0,0.0,,100.0,2.0,,,,0,cooldown
2026-07-07T20:35:25,reactive_hot_humid_bursty_r1,reactive,hot_humid,bursty,1,35.149,34.849,34.649,32.149,25.0,45.0,0.0,,100.0,2.0,,,,0,cooldown
2026-07-07T20:35:25,reactive_hot_humid_bursty_r1,reactive,hot_humid,bursty,1,35.141,34.841,34.641,32.141,25.0,45.0,0.0,,100.0,2.0,,,,0,cooldown
2026-07-07T20:35:25,reactive_hot_humid_bursty_r1,reactive,hot_humid,bursty,1,35.133,34.833,34.633,32.133,25.0,45.0,0.0,,100.0,2.0,,,,0,cooldown
2026-07-07T20:35:25,reactive_hot_humid_bursty_r1,reactive,hot_humid,bursty,1,35.125,34.825,34.625,32.125,25.0,45.0,0.0,,100.0,2.0,,,,0,cooldown
2026-07-07T20:35:25,reactive_hot_humid_bursty_r1,reactive,hot_humid,bursty,1,35.117,34.817,34.617,32.117,25.0,45.0,0.0,,100.0,2.0,,,,0,cooldown
2026-07-07T20:35:25,reactive_hot_humid_bursty_r1,reactive,hot_humid,bursty,1,35.109,34.809,34.609,32.109,25.0,45.0,0.0,,100.0,2.0,,,,0,cooldown
2026-07-07T20:35:25,reactive_hot_humid_bursty_r1,reactive,hot_humid,bursty,1,35.101,34.801,34.601,32.101,25.0,45.0,0.0,,100.0,2.0,,,,0,cooldown
2026-07-07T20:35:25,reactive_hot_humid_bursty_r1,reactive,hot_humid,bursty,1,35.093,34.793,34.593,32.093,25.0,45.0,0.0,,100.0,2.0,,,,0,cooldown
2026-07-07T20:35:25,reactive_hot_humid_bursty_r1,reactive,hot_humid,bursty,1,35.085,34.785,34.585,32.085,25.0,45.0,0.0,,100.0,2.0,,,,0,cooldown
2026-07-07T20:35:25,reactive_hot_humid_bursty_r1,reactive,hot_humid,bursty,1,35.077,34.777,34.577,32.077,25.0,45.0,0.0,,100.0,2.0,,,,0,cooldown
2026-07-07T20:35:25,reactive_hot_humid_bursty_r1,reactive,hot_humid,bursty,1,35.069,34.769,34.569,32.069,25.0,45.0,0.0,,100.0,2.0,,,,0,cooldown
2026-07-07T20:35:25,reactive_hot_humid_bursty_r1,reactive,hot_humid,bursty,1,35.061,34.761,34.561,32.061,25.0,45.0,0.0,,100.0,2.0,,,,0,cooldown
2026-07-07T20:35:25,reactive_hot_humid_bursty_r1,reactive,hot_humid,bursty,1,35.053,34.753,34.553,32.053,25.0,45.0,0.0,,100.0,2.0,,,,0,cooldown
2026-07-07T20:35:25,reactive_hot_humid_bursty_r1,reactive,hot_humid,bursty,1,35.045,34.745,34.545,32.045,25.0,45.0,0.0,,100.0,2.0,,,,0,cooldown
2026-07-07T20:35:25,reactive_hot_humid_bursty_r1,reactive,hot_humid,bursty,1,35.037,34.737,34.537,32.037,25.0,45.0,0.0,,100.0,2.0,,,,0,cooldown
2026-07-07T20:35:25,reactive_hot_humid_bursty_r1,reactive,hot_humid,bursty,1,35.029,34.729,34.529,32.029,25.0,45.0,0.0,,100.0,2.0,,,,0,cooldown
2026-07-07T20:35:25,reactive_hot_humid_bursty_r1,reactive,hot_humid,bursty,1,35.021,34.721,34.521,32.021,25.0,45.0,0.0,,100.0,2.0,,,,0,cooldown
2026-07-07T20:35:25,reactive_hot_humid_bursty_r1,reactive,hot_humid,bursty,1,35.014,34.714,34.514,32.014,25.0,45.0,0.0,,100.0,2.0,,,,0,cooldown
2026-07-07T20:35:25,reactive_hot_humid_bursty_r1,reactive,hot_humid,bursty,1,35.006,34.706,34.506,32.006,25.0,45.0,0.0,,100.0,2.0,,,,0,cooldown
2026-07-07T20:35:25,reactive_hot_humid_bursty_r1,reactive,hot_humid,bursty,1,34.998,34.698,34.498,31.998,25.0,45.0,0.0,,100.0,2.0,,,,0,cooldown
2026-07-07T20:35:25,reactive_hot_humid_bursty_r1,reactive,hot_humid,bursty,1,34.99,34.69,34.49,31.99,25.0,45.0,0.0,,100.0,2.0,,,,0,cooldown
2026-07-07T20:35:25,reactive_hot_humid_bursty_r1,reactive,hot_humid,bursty,1,34.982,34.682,34.482,31.982,25.0,45.0,0.0,,100.0,2.0,,,,0,cooldown
2026-07-07T20:35:25,reactive_hot_humid_bursty_r1,reactive,hot_humid,bursty,1,34.974,34.674,34.474,31.974,25.0,45.0,0.0,,100.0,2.0,,,,0,cooldown
2026-07-07T20:35:25,reactive_hot_humid_bursty_r1,reactive,hot_humid,bursty,1,34.966,34.666,34.466,31.966,25.0,45.0,0.0,,100.0,2.0,,,,0,cooldown
2026-07-07T20:35:25,reactive_hot_humid_bursty_r1,reactive,hot_humid,bursty,1,34.958,34.658,34.458,31.958,25.0,45.0,0.0,,100.0,2.0,,,,0,cooldown
2026-07-07T20:35:25,reactive_hot_humid_bursty_r1,reactive,hot_humid,bursty,1,34.95,34.65,34.45,31.95,25.0,45.0,0.0,,100.0,2.0,,,,0,cooldown
2026-07-07T20:35:25,reactive_hot_humid_bursty_r1,reactive,hot_humid,bursty,1,34.943,34.643,34.443,31.943,25.0,45.0,0.0,,100.0,2.0,,,,0,cooldown
2026-07-07T20:35:25,reactive_hot_humid_bursty_r1,reactive,hot_humid,bursty,1,34.935,34.635,34.435,31.935,25.0,45.0,0.0,,100.0,2.0,,,,0,cooldown
2026-07-07T20:35:25,reactive_hot_humid_bursty_r1,reactive,hot_humid,bursty,1,34.927,34.627,34.427,31.927,25.0,45.0,0.0,,100.0,2.0,,,,0,cooldown
2026-07-07T20:35:25,reactive_hot_humid_bursty_r1,reactive,hot_humid,bursty,1,34.919,34.619,34.419,31.919,25.0,45.0,0.0,,100.0,2.0,,,,0,cooldown
2026-07-07T20:35:25,reactive_hot_humid_bursty_r1,reactive,hot_humid,bursty,1,34.911,34.611,34.411,31.911,25.0,45.0,0.0,,100.0,2.0,,,,0,cooldown
2026-07-07T20:35:25,reactive_hot_humid_bursty_r1,reactive,hot_humid,bursty,1,34.903,34.603,34.403,31.903,25.0,45.0,0.0,,100.0,2.0,,,,0,cooldown
2026-07-07T20:35:25,reactive_hot_humid_bursty_r1,reactive,hot_humid,bursty,1,34.896,34.596,34.396,31.896,25.0,45.0,0.0,,100.0,2.0,,,,0,cooldown
2026-07-07T20:35:25,reactive_hot_humid_bursty_r1,reactive,hot_humid,bursty,1,34.888,34.588,34.388,31.888,25.0,45.0,0.0,,100.0,2.0,,,,0,cooldown
2026-07-07T20:35:25,reactive_hot_humid_bursty_r1,reactive,hot_humid,bursty,1,34.88,34.58,34.38,31.88,25.0,45.0,0.0,,100.0,2.0,,,,0,cooldown
2026-07-07T20:35:25,reactive_hot_humid_bursty_r1,reactive,hot_humid,bursty,1,34.872,34.572,34.372,31.872,25.0,45.0,0.0,,100.0,2.0,,,,0,cooldown
2026-07-07T20:35:25,reactive_hot_humid_bursty_r1,reactive,hot_humid,bursty,1,34.864,34.564,34.364,31.864,25.0,45.0,0.0,,100.0,2.0,,,,0,cooldown
2026-07-07T20:35:25,reactive_hot_humid_bursty_r1,reactive,hot_humid,bursty,1,34.857,34.557,34.357,31.857,25.0,45.0,0.0,,100.0,2.0,,,,0,cooldown
2026-07-07T20:35:25,reactive_hot_humid_bursty_r1,reactive,hot_humid,bursty,1,34.849,34.549,34.349,31.849,25.0,45.0,0.0,,100.0,2.0,,,,0,cooldown
2026-07-07T20:35:25,reactive_hot_humid_bursty_r1,reactive,hot_humid,bursty,1,34.841,34.541,34.341,31.841,25.0,45.0,0.0,,100.0,2.0,,,,0,cooldown
2026-07-07T20:35:25,reactive_hot_humid_bursty_r1,reactive,hot_humid,bursty,1,34.833,34.533,34.333,31.833,25.0,45.0,0.0,,100.0,2.0,,,,0,cooldown
2026-07-07T20:35:25,reactive_hot_humid_bursty_r1,reactive,hot_humid,bursty,1,34.825,34.525,34.325,31.825,25.0,45.0,0.0,,100.0,2.0,,,,0,cooldown
2026-07-07T20:35:25,reactive_hot_humid_bursty_r1,reactive,hot_humid,bursty,1,34.818,34.518,34.318,31.818,25.0,45.0,0.0,,100.0,2.0,,,,0,cooldown
2026-07-07T20:35:25,reactive_hot_humid_bursty_r1,reactive,hot_humid,bursty,1,34.81,34.51,34.31,31.81,25.0,45.0,0.0,,100.0,2.0,,,,0,cooldown
2026-07-07T20:35:25,reactive_hot_humid_bursty_r1,reactive,hot_humid,bursty,1,34.802,34.502,34.302,31.802,25.0,45.0,0.0,,100.0,2.0,,,,0,cooldown
2026-07-07T20:35:25,reactive_hot_humid_bursty_r1,reactive,hot_humid,bursty,1,34.795,34.495,34.295,31.795,25.0,45.0,0.0,,100.0,2.0,,,,0,cooldown
2026-07-07T20:35:25,reactive_hot_humid_bursty_r1,reactive,hot_humid,bursty,1,34.787,34.487,34.287,31.787,25.0,45.0,0.0,,100.0,2.0,,,,0,cooldown
2026-07-07T20:35:25,reactive_hot_humid_bursty_r1,reactive,hot_humid,bursty,1,34.779,34.479,34.279,31.779,25.0,45.0,0.0,,100.0,2.0,,,,0,cooldown
2026-07-07T20:35:25,reactive_hot_humid_bursty_r1,reactive,hot_humid,bursty,1,34.771,34.471,34.271,31.771,25.0,45.0,0.0,,100.0,2.0,,,,0,cooldown
2026-07-07T20:35:25,reactive_hot_humid_bursty_r1,reactive,hot_humid,bursty,1,34.764,34.464,34.264,31.764,25.0,45.0,0.0,,100.0,2.0,,,,0,cooldown
2026-07-07T20:35:25,reactive_hot_humid_bursty_r1,reactive,hot_humid,bursty,1,34.756,34.456,34.256,31.756,25.0,45.0,0.0,,100.0,2.0,,,,0,cooldown
2026-07-07T20:35:25,reactive_hot_humid_bursty_r1,reactive,hot_humid,bursty,1,34.748,34.448,34.248,31.748,25.0,45.0,0.0,,100.0,2.0,,,,0,cooldown
2026-07-07T20:35:25,reactive_hot_humid_bursty_r1,reactive,hot_humid,bursty,1,34.741,34.441,34.241,31.741,25.0,45.0,0.0,,100.0,2.0,,,,0,cooldown
2026-07-07T20:35:25,reactive_hot_humid_bursty_r1,reactive,hot_humid,bursty,1,34.733,34.433,34.233,31.733,25.0,45.0,0.0,,100.0,2.0,,,,0,cooldown
2026-07-07T20:35:25,reactive_hot_humid_bursty_r1,reactive,hot_humid,bursty,1,34.725,34.425,34.225,31.725,25.0,45.0,0.0,,100.0,2.0,,,,0,cooldown
2026-07-07T20:35:25,reactive_hot_humid_bursty_r1,reactive,hot_humid,bursty,1,34.717,34.417,34.217,31.717,25.0,45.0,0.0,,100.0,2.0,,,,0,cooldown
2026-07-07T20:35:25,reactive_hot_humid_bursty_r1,reactive,hot_humid,bursty,1,34.71,34.41,34.21,31.71,25.0,45.0,0.0,,100.0,2.0,,,,0,cooldown
2026-07-07T20:35:25,reactive_hot_humid_bursty_r1,reactive,hot_humid,bursty,1,34.702,34.402,34.202,31.702,25.0,45.0,0.0,,100.0,2.0,,,,0,cooldown
2026-07-07T20:35:25,reactive_hot_humid_bursty_r1,reactive,hot_humid,bursty,1,34.694,34.394,34.194,31.694,25.0,45.0,0.0,,100.0,2.0,,,,0,cooldown
2026-07-07T20:35:25,reactive_hot_humid_bursty_r1,reactive,hot_humid,bursty,1,34.687,34.387,34.187,31.687,25.0,45.0,0.0,,100.0,2.0,,,,0,cooldown
2026-07-07T20:35:25,reactive_hot_humid_bursty_r1,reactive,hot_humid,bursty,1,34.679,34.379,34.179,31.679,25.0,45.0,0.0,,100.0,2.0,,,,0,cooldown
2026-07-07T20:35:25,reactive_hot_humid_bursty_r1,reactive,hot_humid,bursty,1,34.672,34.372,34.172,31.672,25.0,45.0,0.0,,100.0,2.0,,,,0,cooldown
2026-07-07T20:35:25,reactive_hot_humid_bursty_r1,reactive,hot_humid,bursty,1,34.664,34.364,34.164,31.664,25.0,45.0,0.0,,100.0,2.0,,,,0,cooldown
2026-07-07T20:35:25,reactive_hot_humid_bursty_r1,reactive,hot_humid,bursty,1,34.656,34.356,34.156,31.656,25.0,45.0,0.0,,100.0,2.0,,,,0,cooldown
2026-07-07T20:35:25,reactive_hot_humid_bursty_r1,reactive,hot_humid,bursty,1,34.649,34.349,34.149,31.649,25.0,45.0,0.0,,100.0,2.0,,,,0,cooldown
2026-07-07T20:35:25,reactive_hot_humid_bursty_r1,reactive,hot_humid,bursty,1,34.641,34.341,34.141,31.641,25.0,45.0,0.0,,100.0,2.0,,,,0,cooldown
2026-07-07T20:35:25,reactive_hot_humid_bursty_r1,reactive,hot_humid,bursty,1,34.633,34.333,34.133,31.633,25.0,45.0,0.0,,100.0,2.0,,,,0,cooldown
2026-07-07T20:35:25,reactive_hot_humid_bursty_r1,reactive,hot_humid,bursty,1,34.626,34.326,34.126,31.626,25.0,45.0,0.0,,100.0,2.0,,,,0,cooldown
2026-07-07T20:35:25,reactive_hot_humid_bursty_r1,reactive,hot_humid,bursty,1,34.618,34.318,34.118,31.618,25.0,45.0,0.0,,100.0,2.0,,,,0,cooldown
2026-07-07T20:35:25,reactive_hot_humid_bursty_r1,reactive,hot_humid,bursty,1,34.611,34.311,34.111,31.611,25.0,45.0,0.0,,100.0,2.0,,,,0,cooldown
2026-07-07T20:35:25,reactive_hot_humid_bursty_r1,reactive,hot_humid,bursty,1,34.603,34.303,34.103,31.603,25.0,45.0,0.0,,100.0,2.0,,,,0,cooldown
2026-07-07T20:35:25,reactive_hot_humid_bursty_r1,reactive,hot_humid,bursty,1,34.595,34.295,34.095,31.595,25.0,45.0,0.0,,100.0,2.0,,,,0,cooldown
2026-07-07T20:35:25,reactive_hot_humid_bursty_r1,reactive,hot_humid,bursty,1,34.588,34.288,34.088,31.588,25.0,45.0,0.0,,100.0,2.0,,,,0,cooldown
2026-07-07T20:35:25,reactive_hot_humid_bursty_r1,reactive,hot_humid,bursty,1,34.58,34.28,34.08,31.58,25.0,45.0,0.0,,100.0,2.0,,,,0,cooldown
2026-07-07T20:35:25,reactive_hot_humid_bursty_r1,reactive,hot_humid,bursty,1,34.573,34.273,34.073,31.573,25.0,45.0,0.0,,100.0,2.0,,,,0,cooldown
2026-07-07T20:35:25,reactive_hot_humid_bursty_r1,reactive,hot_humid,bursty,1,34.565,34.265,34.065,31.565,25.0,45.0,0.0,,100.0,2.0,,,,0,cooldown
2026-07-07T20:35:25,reactive_hot_humid_bursty_r1,reactive,hot_humid,bursty,1,34.558,34.258,34.058,31.558,25.0,45.0,0.0,,100.0,2.0,,,,0,cooldown
2026-07-07T20:35:25,reactive_hot_humid_bursty_r1,reactive,hot_humid,bursty,1,34.55,34.25,34.05,31.55,25.0,45.0,0.0,,100.0,2.0,,,,0,cooldown
2026-07-07T20:35:25,reactive_hot_humid_bursty_r1,reactive,hot_humid,bursty,1,34.543,34.243,34.043,31.543,25.0,45.0,0.0,,100.0,2.0,,,,0,cooldown
2026-07-07T20:35:25,reactive_hot_humid_bursty_r1,reactive,hot_humid,bursty,1,34.535,34.235,34.035,31.535,25.0,45.0,0.0,,100.0,2.0,,,,0,cooldown
2026-07-07T20:35:25,reactive_hot_humid_bursty_r1,reactive,hot_humid,bursty,1,34.527,34.227,34.027,31.527,25.0,45.0,0.0,,100.0,2.0,,,,0,cooldown
2026-07-07T20:35:25,reactive_hot_humid_bursty_r1,reactive,hot_humid,bursty,1,34.52,34.22,34.02,31.52,25.0,45.0,0.0,,100.0,2.0,,,,0,cooldown
2026-07-07T20:35:25,reactive_hot_humid_bursty_r1,reactive,hot_humid,bursty,1,34.512,34.212,34.012,31.512,25.0,45.0,0.0,,100.0,2.0,,,,0,cooldown
2026-07-07T20:35:25,reactive_hot_humid_bursty_r1,reactive,hot_humid,bursty,1,34.505,34.205,34.005,31.505,25.0,45.0,0.0,,100.0,2.0,,,,0,cooldown
2026-07-07T20:35:25,reactive_hot_humid_bursty_r1,reactive,hot_humid,bursty,1,34.497,34.197,33.997,31.497,25.0,45.0,0.0,,100.0,2.0,,,,0,cooldown
2026-07-07T20:35:25,reactive_hot_humid_bursty_r1,reactive,hot_humid,bursty,1,34.49,34.19,33.99,31.49,25.0,45.0,0.0,,100.0,2.0,,,,0,cooldown
2026-07-07T20:35:25,reactive_hot_humid_bursty_r1,reactive,hot_humid,bursty,1,34.482,34.182,33.982,31.482,25.0,45.0,0.0,,100.0,2.0,,,,0,cooldown
2026-07-07T20:35:25,reactive_hot_humid_bursty_r1,reactive,hot_humid,bursty,1,34.475,34.175,33.975,31.475,25.0,45.0,0.0,,100.0,2.0,,,,0,cooldown
2026-07-07T20:35:25,reactive_hot_humid_bursty_r1,reactive,hot_humid,bursty,1,34.467,34.167,33.967,31.467,25.0,45.0,0.0,,100.0,2.0,,,,0,cooldown
2026-07-07T20:35:25,reactive_hot_humid_bursty_r1,reactive,hot_humid,bursty,1,34.46,34.16,33.96,31.46,25.0,45.0,0.0,,100.0,2.0,,,,0,cooldown
2026-07-07T20:35:25,reactive_hot_humid_bursty_r1,reactive,hot_humid,bursty,1,34.453,34.153,33.953,31.453,25.0,45.0,0.0,,100.0,2.0,,,,0,cooldown
2026-07-07T20:35:25,reactive_hot_humid_bursty_r1,reactive,hot_humid,bursty,1,34.445,34.145,33.945,31.445,25.0,45.0,0.0,,100.0,2.0,,,,0,cooldown
2026-07-07T20:35:25,reactive_hot_humid_bursty_r1,reactive,hot_humid,bursty,1,34.438,34.138,33.938,31.438,25.0,45.0,0.0,,100.0,2.0,,,,0,cooldown
2026-07-07T20:35:25,reactive_hot_humid_bursty_r1,reactive,hot_humid,bursty,1,34.43,34.13,33.93,31.43,25.0,45.0,0.0,,100.0,2.0,,,,0,cooldown
2026-07-07T20:35:25,reactive_hot_humid_bursty_r1,reactive,hot_humid,bursty,1,34.423,34.123,33.923,31.423,25.0,45.0,0.0,,100.0,2.0,,,,0,cooldown
2026-07-07T20:35:25,reactive_hot_humid_bursty_r1,reactive,hot_humid,bursty,1,34.415,34.115,33.915,31.415,25.0,45.0,0.0,,100.0,2.0,,,,0,cooldown
2026-07-07T20:35:25,reactive_hot_humid_bursty_r1,reactive,hot_humid,bursty,1,34.408,34.108,33.908,31.408,25.0,45.0,0.0,,100.0,2.0,,,,0,cooldown
2026-07-07T20:35:25,reactive_hot_humid_bursty_r1,reactive,hot_humid,bursty,1,34.4,34.1,33.9,31.4,25.0,45.0,0.0,,100.0,2.0,,,,0,cooldown
2026-07-07T20:35:25,reactive_hot_humid_bursty_r1,reactive,hot_humid,bursty,1,34.393,34.093,33.893,31.393,25.0,45.0,0.0,,100.0,2.0,,,,0,cooldown
2026-07-07T20:35:25,reactive_hot_humid_bursty_r1,reactive,hot_humid,bursty,1,34.386,34.086,33.886,31.386,25.0,45.0,0.0,,100.0,2.0,,,,0,cooldown
2026-07-07T20:35:25,reactive_hot_humid_bursty_r1,reactive,hot_humid,bursty,1,34.378,34.078,33.878,31.378,25.0,45.0,0.0,,100.0,2.0,,,,0,cooldown
2026-07-07T20:35:25,reactive_hot_humid_bursty_r1,reactive,hot_humid,bursty,1,34.371,34.071,33.871,31.371,25.0,45.0,0.0,,100.0,2.0,,,,0,cooldown
2026-07-07T20:35:25,reactive_hot_humid_bursty_r1,reactive,hot_humid,bursty,1,34.363,34.063,33.863,31.363,25.0,45.0,0.0,,100.0,2.0,,,,0,cooldown
2026-07-07T20:35:25,reactive_hot_humid_bursty_r1,reactive,hot_humid,bursty,1,34.356,34.056,33.856,31.356,25.0,45.0,0.0,,100.0,2.0,,,,0,cooldown
2026-07-07T20:35:25,reactive_hot_humid_bursty_r1,reactive,hot_humid,bursty,1,34.349,34.049,33.849,31.349,25.0,45.0,0.0,,100.0,2.0,,,,0,cooldown
2026-07-07T20:35:25,reactive_hot_humid_bursty_r1,reactive,hot_humid,bursty,1,34.341,34.041,33.841,31.341,25.0,45.0,0.0,,100.0,2.0,,,,0,cooldown
2026-07-07T20:35:25,reactive_hot_humid_bursty_r1,reactive,hot_humid,bursty,1,34.334,34.034,33.834,31.334,25.0,45.0,0.0,,100.0,2.0,,,,0,cooldown
2026-07-07T20:35:25,reactive_hot_humid_bursty_r1,reactive,hot_humid,bursty,1,34.326,34.026,33.826,31.326,25.0,45.0,0.0,,100.0,2.0,,,,0,cooldown
2026-07-07T20:35:25,reactive_hot_humid_bursty_r1,reactive,hot_humid,bursty,1,34.319,34.019,33.819,31.319,25.0,45.0,0.0,,100.0,2.0,,,,0,cooldown
2026-07-07T20:35:25,reactive_hot_humid_bursty_r1,reactive,hot_humid,bursty,1,34.312,34.012,33.812,31.312,25.0,45.0,0.0,,100.0,2.0,,,,0,cooldown
2026-07-07T20:35:25,reactive_hot_humid_bursty_r1,reactive,hot_humid,bursty,1,34.304,34.004,33.804,31.304,25.0,45.0,0.0,,100.0,2.0,,,,0,cooldown
2026-07-07T20:35:25,reactive_hot_humid_bursty_r1,reactive,hot_humid,bursty,1,34.297,33.997,33.797,31.297,25.0,45.0,0.0,,100.0,2.0,,,,0,cooldown
2026-07-07T20:35:25,reactive_hot_humid_bursty_r1,reactive,hot_humid,bursty,1,34.29,33.99,33.79,31.29,25.0,45.0,0.0,,100.0,2.0,,,,0,cooldown
2026-07-07T20:35:25,reactive_hot_humid_bursty_r1,reactive,hot_humid,bursty,1,34.282,33.982,33.782,31.282,25.0,45.0,0.0,,100.0,2.0,,,,0,cooldown
2026-07-07T20:35:25,reactive_hot_humid_bursty_r1,reactive,hot_humid,bursty,1,34.275,33.975,33.775,31.275,25.0,45.0,0.0,,100.0,2.0,,,,0,cooldown
2026-07-07T20:35:25,reactive_hot_humid_bursty_r1,reactive,hot_humid,bursty,1,34.268,33.968,33.768,31.268,25.0,45.0,0.0,,100.0,2.0,,,,0,cooldown
2026-07-07T20:35:25,reactive_hot_humid_bursty_r1,reactive,hot_humid,bursty,1,34.26,33.96,33.76,31.26,25.0,45.0,0.0,,100.0,2.0,,,,0,cooldown
2026-07-07T20:35:25,reactive_hot_humid_bursty_r1,reactive,hot_humid,bursty,1,34.253,33.953,33.753,31.253,25.0,45.0,0.0,,100.0,2.0,,,,0,cooldown
2026-07-07T20:35:25,reactive_hot_humid_bursty_r1,reactive,hot_humid,bursty,1,34.246,33.946,33.746,31.246,25.0,45.0,0.0,,100.0,2.0,,,,0,cooldown
2026-07-07T20:35:25,reactive_hot_humid_bursty_r1,reactive,hot_humid,bursty,1,34.238,33.938,33.738,31.238,25.0,45.0,0.0,,100.0,2.0,,,,0,cooldown
2026-07-07T20:35:25,reactive_hot_humid_bursty_r1,reactive,hot_humid,bursty,1,34.231,33.931,33.731,31.231,25.0,45.0,0.0,,100.0,2.0,,,,0,cooldown
2026-07-07T20:35:25,reactive_hot_humid_bursty_r1,reactive,hot_humid,bursty,1,34.224,33.924,33.724,31.224,25.0,45.0,0.0,,100.0,2.0,,,,0,cooldown
2026-07-07T20:35:25,reactive_hot_humid_bursty_r1,reactive,hot_humid,bursty,1,34.217,33.917,33.717,31.217,25.0,45.0,0.0,,100.0,2.0,,,,0,cooldown
2026-07-07T20:35:25,reactive_hot_humid_bursty_r1,reactive,hot_humid,bursty,1,34.209,33.909,33.709,31.209,25.0,45.0,0.0,,100.0,2.0,,,,0,cooldown
2026-07-07T20:35:25,reactive_hot_humid_bursty_r1,reactive,hot_humid,bursty,1,34.202,33.902,33.702,31.202,25.0,45.0,0.0,,100.0,2.0,,,,0,cooldown
2026-07-07T20:35:25,reactive_hot_humid_bursty_r1,reactive,hot_humid,bursty,1,34.195,33.895,33.695,31.195,25.0,45.0,0.0,,100.0,2.0,,,,0,cooldown
2026-07-07T20:35:25,reactive_hot_humid_bursty_r1,reactive,hot_humid,bursty,1,34.188,33.888,33.688,31.188,25.0,45.0,0.0,,100.0,2.0,,,,0,cooldown
2026-07-07T20:35:25,reactive_hot_humid_bursty_r1,reactive,hot_humid,bursty,1,34.18,33.88,33.68,31.18,25.0,45.0,0.0,,100.0,2.0,,,,0,cooldown
2026-07-07T20:35:25,reactive_hot_humid_bursty_r1,reactive,hot_humid,bursty,1,34.173,33.873,33.673,31.173,25.0,45.0,0.0,,100.0,2.0,,,,0,cooldown
2026-07-07T20:35:25,reactive_hot_humid_bursty_r1,reactive,hot_humid,bursty,1,34.166,33.866,33.666,31.166,25.0,45.0,0.0,,100.0,2.0,,,,0,cooldown
2026-07-07T20:35:25,reactive_hot_humid_bursty_r1,reactive,hot_humid,bursty,1,34.159,33.859,33.659,31.159,25.0,45.0,0.0,,100.0,2.0,,,,0,cooldown
2026-07-07T20:35:25,reactive_hot_humid_bursty_r1,reactive,hot_humid,bursty,1,34.151,33.851,33.651,31.151,25.0,45.0,0.0,,100.0,2.0,,,,0,cooldown
2026-07-07T20:35:25,reactive_hot_humid_bursty_r1,reactive,hot_humid,bursty,1,34.144,33.844,33.644,31.144,25.0,45.0,0.0,,100.0,2.0,,,,0,cooldown
2026-07-07T20:35:25,reactive_hot_humid_bursty_r1,reactive,hot_humid,bursty,1,34.137,33.837,33.637,31.137,25.0,45.0,0.0,,100.0,2.0,,,,0,cooldown
2026-07-07T20:35:25,reactive_hot_humid_bursty_r1,reactive,hot_humid,bursty,1,34.13,33.83,33.63,31.13,25.0,45.0,0.0,,100.0,2.0,,,,0,cooldown
2026-07-07T20:35:25,reactive_hot_humid_bursty_r1,reactive,hot_humid,bursty,1,34.122,33.822,33.622,31.122,25.0,45.0,0.0,,100.0,2.0,,,,0,cooldown
2026-07-07T20:35:25,reactive_hot_humid_bursty_r1,reactive,hot_humid,bursty,1,34.115,33.815,33.615,31.115,25.0,45.0,0.0,,100.0,2.0,,,,0,cooldown
2026-07-07T20:35:25,reactive_hot_humid_bursty_r1,reactive,hot_humid,bursty,1,34.108,33.808,33.608,31.108,25.0,45.0,0.0,,100.0,2.0,,,,0,cooldown
2026-07-07T20:35:25,reactive_hot_humid_bursty_r1,reactive,hot_humid,bursty,1,34.101,33.801,33.601,31.101,25.0,45.0,0.0,,100.0,2.0,,,,0,cooldown
2026-07-07T20:35:25,reactive_hot_humid_bursty_r1,reactive,hot_humid,bursty,1,34.094,33.794,33.594,31.094,25.0,45.0,0.0,,100.0,2.0,,,,0,cooldown
2026-07-07T20:35:25,reactive_hot_humid_bursty_r1,reactive,hot_humid,bursty,1,34.087,33.787,33.587,31.087,25.0,45.0,0.0,,100.0,2.0,,,,0,cooldown
2026-07-07T20:35:25,reactive_hot_humid_bursty_r1,reactive,hot_humid,bursty,1,34.079,33.779,33.579,31.079,25.0,45.0,0.0,,100.0,2.0,,,,0,cooldown
2026-07-07T20:35:25,reactive_hot_humid_bursty_r1,reactive,hot_humid,bursty,1,34.072,33.772,33.572,31.072,25.0,45.0,0.0,,100.0,2.0,,,,0,cooldown
2026-07-07T20:35:25,reactive_hot_humid_bursty_r1,reactive,hot_humid,bursty,1,34.065,33.765,33.565,31.065,25.0,45.0,0.0,,100.0,2.0,,,,0,cooldown
2026-07-07T20:35:25,reactive_hot_humid_bursty_r1,reactive,hot_humid,bursty,1,34.058,33.758,33.558,31.058,25.0,45.0,0.0,,100.0,2.0,,,,0,cooldown
2026-07-07T20:35:25,reactive_hot_humid_bursty_r1,reactive,hot_humid,bursty,1,34.051,33.751,33.551,31.051,25.0,45.0,0.0,,100.0,2.0,,,,0,cooldown
2026-07-07T20:35:25,reactive_hot_humid_bursty_r1,reactive,hot_humid,bursty,1,34.044,33.744,33.544,31.044,25.0,45.0,0.0,,100.0,2.0,,,,0,cooldown
2026-07-07T20:35:25,reactive_hot_humid_bursty_r1,reactive,hot_humid,bursty,1,34.036,33.736,33.536,31.036,25.0,45.0,0.0,,100.0,2.0,,,,0,cooldown
2026-07-07T20:35:25,reactive_hot_humid_bursty_r1,reactive,hot_humid,bursty,1,34.029,33.729,33.529,31.029,25.0,45.0,0.0,,100.0,2.0,,,,0,cooldown
2026-07-07T20:35:25,reactive_hot_humid_bursty_r1,reactive,hot_humid,bursty,1,34.022,33.722,33.522,31.022,25.0,45.0,0.0,,100.0,2.0,,,,0,cooldown
2026-07-07T20:35:25,reactive_hot_humid_bursty_r1,reactive,hot_humid,bursty,1,34.015,33.715,33.515,31.015,25.0,45.0,0.0,,100.0,2.0,,,,0,cooldown
2026-07-07T20:35:25,reactive_hot_humid_bursty_r1,reactive,hot_humid,bursty,1,34.008,33.708,33.508,31.008,25.0,45.0,0.0,,100.0,2.0,,,,0,cooldown
2026-07-07T20:35:25,reactive_hot_humid_bursty_r1,reactive,hot_humid,bursty,1,34.001,33.701,33.501,31.001,25.0,45.0,0.0,,100.0,2.0,,,,0,cooldown
2026-07-07T20:35:25,reactive_hot_humid_bursty_r1,reactive,hot_humid,bursty,1,33.994,33.694,33.494,30.994,25.0,45.0,0.0,,100.0,2.0,,,,0,cooldown
2026-07-07T20:35:25,reactive_hot_humid_bursty_r1,reactive,hot_humid,bursty,1,33.987,33.687,33.487,30.987,25.0,45.0,0.0,,100.0,2.0,,,,0,cooldown
2026-07-07T20:35:25,reactive_hot_humid_bursty_r1,reactive,hot_humid,bursty,1,33.98,33.68,33.48,30.98,25.0,45.0,0.0,,100.0,2.0,,,,0,cooldown
2026-07-07T20:35:25,reactive_hot_humid_bursty_r1,reactive,hot_humid,bursty,1,33.972,33.672,33.472,30.972,25.0,45.0,0.0,,100.0,2.0,,,,0,cooldown
2026-07-07T20:35:25,reactive_hot_humid_bursty_r1,reactive,hot_humid,bursty,1,33.965,33.665,33.465,30.965,25.0,45.0,0.0,,100.0,2.0,,,,0,cooldown
2026-07-07T20:35:25,reactive_hot_humid_bursty_r1,reactive,hot_humid,bursty,1,33.958,33.658,33.458,30.958,25.0,45.0,0.0,,100.0,2.0,,,,0,cooldown
2026-07-07T20:35:25,reactive_hot_humid_bursty_r1,reactive,hot_humid,bursty,1,33.951,33.651,33.451,30.951,25.0,45.0,0.0,,100.0,2.0,,,,0,cooldown
2026-07-07T20:35:25,reactive_hot_humid_bursty_r1,reactive,hot_humid,bursty,1,33.944,33.644,33.444,30.944,25.0,45.0,0.0,,100.0,2.0,,,,0,cooldown
2026-07-07T20:35:25,reactive_hot_humid_bursty_r1,reactive,hot_humid,bursty,1,33.937,33.637,33.437,30.937,25.0,45.0,0.0,,100.0,2.0,,,,0,cooldown
2026-07-07T20:35:25,reactive_hot_humid_bursty_r1,reactive,hot_humid,bursty,1,33.93,33.63,33.43,30.93,25.0,45.0,0.0,,100.0,2.0,,,,0,cooldown
2026-07-07T20:35:25,reactive_hot_humid_bursty_r1,reactive,hot_humid,bursty,1,33.923,33.623,33.423,30.923,25.0,45.0,0.0,,100.0,2.0,,,,0,cooldown
2026-07-07T20:35:25,reactive_hot_humid_bursty_r1,reactive,hot_humid,bursty,1,33.916,33.616,33.416,30.916,25.0,45.0,0.0,,100.0,2.0,,,,0,cooldown
2026-07-07T20:35:25,reactive_hot_humid_bursty_r1,reactive,hot_humid,bursty,1,33.909,33.609,33.409,30.909,25.0,45.0,0.0,,100.0,2.0,,,,0,cooldown
2026-07-07T20:35:25,reactive_hot_humid_bursty_r1,reactive,hot_humid,bursty,1,33.902,33.602,33.402,30.902,25.0,45.0,0.0,,100.0,2.0,,,,0,cooldown
2026-07-07T20:35:25,reactive_hot_humid_bursty_r1,reactive,hot_humid,bursty,1,33.895,33.595,33.395,30.895,25.0,45.0,0.0,,100.0,2.0,,,,0,cooldown
2026-07-07T20:35:25,reactive_hot_humid_bursty_r1,reactive,hot_humid,bursty,1,33.888,33.588,33.388,30.888,25.0,45.0,0.0,,100.0,2.0,,,,0,cooldown
2026-07-07T20:35:25,reactive_hot_humid_bursty_r1,reactive,hot_humid,bursty,1,33.881,33.581,33.381,30.881,25.0,45.0,0.0,,100.0,2.0,,,,0,cooldown
2026-07-07T20:35:25,reactive_hot_humid_bursty_r1,reactive,hot_humid,bursty,1,33.874,33.574,33.374,30.874,25.0,45.0,0.0,,100.0,2.0,,,,0,cooldown
2026-07-07T20:35:25,reactive_hot_humid_bursty_r1,reactive,hot_humid,bursty,1,33.867,33.567,33.367,30.867,25.0,45.0,0.0,,100.0,2.0,,,,0,cooldown
2026-07-07T20:35:25,reactive_hot_humid_bursty_r1,reactive,hot_humid,bursty,1,33.86,33.56,33.36,30.86,25.0,45.0,0.0,,100.0,2.0,,,,0,cooldown
2026-07-07T20:35:25,reactive_hot_humid_bursty_r1,reactive,hot_humid,bursty,1,33.853,33.553,33.353,30.853,25.0,45.0,0.0,,100.0,2.0,,,,0,cooldown
2026-07-07T20:35:25,reactive_hot_humid_bursty_r1,reactive,hot_humid,bursty,1,33.846,33.546,33.346,30.846,25.0,45.0,0.0,,100.0,2.0,,,,0,cooldown
2026-07-07T20:35:25,reactive_hot_humid_bursty_r1,reactive,hot_humid,bursty,1,33.839,33.539,33.339,30.839,25.0,45.0,0.0,,100.0,2.0,,,,0,cooldown
2026-07-07T20:35:25,reactive_hot_humid_bursty_r1,reactive,hot_humid,bursty,1,33.832,33.532,33.332,30.832,25.0,45.0,0.0,,100.0,2.0,,,,0,cooldown
2026-07-07T20:35:25,reactive_hot_humid_bursty_r1,reactive,hot_humid,bursty,1,33.825,33.525,33.325,30.825,25.0,45.0,0.0,,100.0,2.0,,,,0,cooldown
2026-07-07T20:35:25,reactive_hot_humid_bursty_r1,reactive,hot_humid,bursty,1,33.818,33.518,33.318,30.818,25.0,45.0,0.0,,100.0,2.0,,,,0,cooldown
2026-07-07T20:35:25,reactive_hot_humid_bursty_r1,reactive,hot_humid,bursty,1,33.811,33.511,33.311,30.811,25.0,45.0,0.0,,100.0,2.0,,,,0,cooldown
2026-07-07T20:35:25,reactive_hot_humid_bursty_r1,reactive,hot_humid,bursty,1,33.804,33.504,33.304,30.804,25.0,45.0,0.0,,100.0,2.0,,,,0,cooldown
2026-07-07T20:35:25,reactive_hot_humid_bursty_r1,reactive,hot_humid,bursty,1,33.797,33.497,33.297,30.797,25.0,45.0,0.0,,100.0,2.0,,,,0,cooldown
2026-07-07T20:35:25,reactive_hot_humid_bursty_r1,reactive,hot_humid,bursty,1,33.79,33.49,33.29,30.79,25.0,45.0,0.0,,100.0,2.0,,,,0,cooldown
2026-07-07T20:35:25,reactive_hot_humid_bursty_r1,reactive,hot_humid,bursty,1,33.783,33.483,33.283,30.783,25.0,45.0,0.0,,100.0,2.0,,,,0,cooldown
2026-07-07T20:35:25,reactive_hot_humid_bursty_r1,reactive,hot_humid,bursty,1,33.776,33.476,33.276,30.776,25.0,45.0,0.0,,100.0,2.0,,,,0,cooldown
2026-07-07T20:35:25,reactive_hot_humid_bursty_r1,reactive,hot_humid,bursty,1,33.769,33.469,33.269,30.769,25.0,45.0,0.0,,100.0,2.0,,,,0,cooldown
2026-07-07T20:35:25,reactive_hot_humid_bursty_r1,reactive,hot_humid,bursty,1,33.762,33.462,33.262,30.762,25.0,45.0,0.0,,100.0,2.0,,,,0,cooldown
2026-07-07T20:35:25,reactive_hot_humid_bursty_r1,reactive,hot_humid,bursty,1,33.755,33.455,33.255,30.755,25.0,45.0,0.0,,100.0,2.0,,,,0,cooldown
2026-07-07T20:35:25,reactive_hot_humid_bursty_r1,reactive,hot_humid,bursty,1,33.748,33.448,33.248,30.748,25.0,45.0,0.0,,100.0,2.0,,,,0,cooldown
2026-07-07T20:35:25,reactive_hot_humid_bursty_r1,reactive,hot_humid,bursty,1,33.742,33.442,33.242,30.742,25.0,45.0,0.0,,100.0,2.0,,,,0,cooldown
2026-07-07T20:35:25,reactive_hot_humid_bursty_r1,reactive,hot_humid,bursty,1,33.735,33.435,33.235,30.735,25.0,45.0,0.0,,100.0,2.0,,,,0,cooldown
2026-07-07T20:35:25,reactive_hot_humid_bursty_r1,reactive,hot_humid,bursty,1,33.728,33.428,33.228,30.728,25.0,45.0,0.0,,100.0,2.0,,,,0,cooldown
2026-07-07T20:35:25,reactive_hot_humid_bursty_r1,reactive,hot_humid,bursty,1,33.721,33.421,33.221,30.721,25.0,45.0,0.0,,100.0,2.0,,,,0,cooldown
2026-07-07T20:35:25,reactive_hot_humid_bursty_r1,reactive,hot_humid,bursty,1,33.714,33.414,33.214,30.714,25.0,45.0,0.0,,100.0,2.0,,,,0,cooldown
2026-07-07T20:35:25,reactive_hot_humid_bursty_r1,reactive,hot_humid,bursty,1,33.707,33.407,33.207,30.707,25.0,45.0,0.0,,100.0,2.0,,,,0,cooldown
2026-07-07T20:35:25,reactive_hot_humid_bursty_r1,reactive,hot_humid,bursty,1,33.7,33.4,33.2,30.7,25.0,45.0,0.0,,100.0,2.0,,,,0,cooldown
2026-07-07T20:35:25,reactive_hot_humid_bursty_r1,reactive,hot_humid,bursty,1,33.693,33.393,33.193,30.693,25.0,45.0,0.0,,100.0,2.0,,,,0,cooldown
2026-07-07T20:35:25,reactive_hot_humid_bursty_r1,reactive,hot_humid,bursty,1,33.687,33.387,33.187,30.687,25.0,45.0,0.0,,100.0,2.0,,,,0,cooldown
2026-07-07T20:35:25,reactive_hot_humid_bursty_r1,reactive,hot_humid,bursty,1,33.68,33.38,33.18,30.68,25.0,45.0,0.0,,100.0,2.0,,,,0,cooldown
2026-07-07T20:35:25,reactive_hot_humid_bursty_r1,reactive,hot_humid,bursty,1,33.673,33.373,33.173,30.673,25.0,45.0,0.0,,100.0,2.0,,,,0,cooldown
2026-07-07T20:35:25,reactive_hot_humid_bursty_r1,reactive,hot_humid,bursty,1,33.666,33.366,33.166,30.666,25.0,45.0,0.0,,100.0,2.0,,,,0,cooldown
2026-07-07T20:35:25,reactive_hot_humid_bursty_r1,reactive,hot_humid,bursty,1,33.659,33.359,33.159,30.659,25.0,45.0,0.0,,100.0,2.0,,,,0,cooldown
2026-07-07T20:35:25,reactive_hot_humid_bursty_r1,reactive,hot_humid,bursty,1,33.652,33.352,33.152,30.652,25.0,45.0,0.0,,100.0,2.0,,,,0,cooldown
2026-07-07T20:35:25,reactive_hot_humid_bursty_r1,reactive,hot_humid,bursty,1,33.645,33.345,33.145,30.645,25.0,45.0,0.0,,100.0,2.0,,,,0,cooldown
2026-07-07T20:35:25,reactive_hot_humid_bursty_r1,reactive,hot_humid,bursty,1,33.639,33.339,33.139,30.639,25.0,45.0,0.0,,100.0,2.0,,,,0,cooldown
2026-07-07T20:35:25,reactive_hot_humid_bursty_r1,reactive,hot_humid,bursty,1,33.632,33.332,33.132,30.632,25.0,45.0,0.0,,100.0,2.0,,,,0,cooldown
2026-07-07T20:35:25,reactive_hot_humid_bursty_r1,reactive,hot_humid,bursty,1,33.625,33.325,33.125,30.625,25.0,45.0,0.0,,100.0,2.0,,,,0,cooldown
2026-07-07T20:35:25,reactive_hot_humid_bursty_r1,reactive,hot_humid,bursty,1,33.618,33.318,33.118,30.618,25.0,45.0,0.0,,100.0,2.0,,,,0,cooldown
2026-07-07T20:35:25,reactive_hot_humid_bursty_r1,reactive,hot_humid,bursty,1,33.611,33.311,33.111,30.611,25.0,45.0,0.0,,100.0,2.0,,,,0,cooldown
2026-07-07T20:35:25,reactive_hot_humid_bursty_r1,reactive,hot_humid,bursty,1,33.605,33.305,33.105,30.605,25.0,45.0,0.0,,100.0,2.0,,,,0,cooldown
2026-07-07T20:35:25,reactive_hot_humid_bursty_r1,reactive,hot_humid,bursty,1,33.598,33.298,33.098,30.598,25.0,45.0,0.0,,100.0,2.0,,,,0,cooldown
2026-07-07T20:35:25,reactive_hot_humid_bursty_r1,reactive,hot_humid,bursty,1,33.591,33.291,33.091,30.591,25.0,45.0,0.0,,100.0,2.0,,,,0,cooldown
2026-07-07T20:35:25,reactive_hot_humid_bursty_r1,reactive,hot_humid,bursty,1,33.584,33.284,33.084,30.584,25.0,45.0,0.0,,100.0,2.0,,,,0,cooldown
2026-07-07T20:35:25,reactive_hot_humid_bursty_r1,reactive,hot_humid,bursty,1,33.577,33.277,33.077,30.577,25.0,45.0,0.0,,100.0,2.0,,,,0,cooldown
2026-07-07T20:35:25,reactive_hot_humid_bursty_r1,reactive,hot_humid,bursty,1,33.571,33.271,33.071,30.571,25.0,45.0,0.0,,100.0,2.0,,,,0,cooldown
2026-07-07T20:35:25,reactive_hot_humid_bursty_r1,reactive,hot_humid,bursty,1,33.564,33.264,33.064,30.564,25.0,45.0,0.0,,100.0,2.0,,,,0,cooldown
2026-07-07T20:35:25,reactive_hot_humid_bursty_r1,reactive,hot_humid,bursty,1,33.557,33.257,33.057,30.557,25.0,45.0,0.0,,100.0,2.0,,,,0,cooldown
2026-07-07T20:35:25,reactive_hot_humid_bursty_r1,reactive,hot_humid,bursty,1,33.55,33.25,33.05,30.55,25.0,45.0,0.0,,100.0,2.0,,,,0,cooldown
2026-07-07T20:35:25,reactive_hot_humid_bursty_r1,reactive,hot_humid,bursty,1,33.544,33.244,33.044,30.544,25.0,45.0,0.0,,100.0,2.0,,,,0,cooldown
2026-07-07T20:35:25,reactive_hot_humid_bursty_r1,reactive,hot_humid,bursty,1,33.537,33.237,33.037,30.537,25.0,45.0,0.0,,100.0,2.0,,,,0,cooldown
2026-07-07T20:35:25,reactive_hot_humid_bursty_r1,reactive,hot_humid,bursty,1,33.53,33.23,33.03,30.53,25.0,45.0,0.0,,100.0,2.0,,,,0,cooldown
2026-07-07T20:35:25,reactive_hot_humid_bursty_r1,reactive,hot_humid,bursty,1,33.523,33.223,33.023,30.523,25.0,45.0,0.0,,100.0,2.0,,,,0,cooldown
2026-07-07T20:35:25,reactive_hot_humid_bursty_r1,reactive,hot_humid,bursty,1,33.517,33.217,33.017,30.517,25.0,45.0,0.0,,100.0,2.0,,,,0,cooldown
2026-07-07T20:35:25,reactive_hot_humid_bursty_r1,reactive,hot_humid,bursty,1,33.51,33.21,33.01,30.51,25.0,45.0,0.0,,100.0,2.0,,,,0,cooldown
2026-07-07T20:35:25,reactive_hot_humid_bursty_r1,reactive,hot_humid,bursty,1,33.503,33.203,33.003,30.503,25.0,45.0,0.0,,100.0,2.0,,,,0,cooldown
2026-07-07T20:35:25,reactive_hot_humid_bursty_r1,reactive,hot_humid,bursty,1,33.497,33.197,32.997,30.497,25.0,45.0,0.0,,100.0,2.0,,,,0,cooldown
2026-07-07T20:35:25,reactive_hot_humid_bursty_r1,reactive,hot_humid,bursty,1,33.49,33.19,32.99,30.49,25.0,45.0,0.0,,100.0,2.0,,,,0,cooldown
2026-07-07T20:35:25,reactive_hot_humid_bursty_r1,reactive,hot_humid,bursty,1,33.483,33.183,32.983,30.483,25.0,45.0,0.0,,100.0,2.0,,,,0,cooldown
2026-07-07T20:35:25,reactive_hot_humid_bursty_r1,reactive,hot_humid,bursty,1,33.476,33.176,32.976,30.476,25.0,45.0,0.0,,100.0,2.0,,,,0,cooldown
2026-07-07T20:35:25,reactive_hot_humid_bursty_r1,reactive,hot_humid,bursty,1,33.47,33.17,32.97,30.47,25.0,45.0,0.0,,100.0,2.0,,,,0,cooldown
2026-07-07T20:35:25,reactive_hot_humid_bursty_r1,reactive,hot_humid,bursty,1,33.463,33.163,32.963,30.463,25.0,45.0,0.0,,100.0,2.0,,,,0,cooldown
2026-07-07T20:35:25,reactive_hot_humid_bursty_r1,reactive,hot_humid,bursty,1,33.456,33.156,32.956,30.456,25.0,45.0,0.0,,100.0,2.0,,,,0,cooldown
2026-07-07T20:35:25,reactive_hot_humid_bursty_r1,reactive,hot_humid,bursty,1,33.45,33.15,32.95,30.45,25.0,45.0,0.0,,100.0,2.0,,,,0,cooldown
2026-07-07T20:35:25,reactive_hot_humid_bursty_r1,reactive,hot_humid,bursty,1,33.443,33.143,32.943,30.443,25.0,45.0,0.0,,100.0,2.0,,,,0,cooldown
2026-07-07T20:35:25,reactive_hot_humid_bursty_r1,reactive,hot_humid,bursty,1,33.436,33.136,32.936,30.436,25.0,45.0,0.0,,100.0,2.0,,,,0,cooldown
2026-07-07T20:35:25,reactive_hot_humid_bursty_r1,reactive,hot_humid,bursty,1,33.43,33.13,32.93,30.43,25.0,45.0,0.0,,100.0,2.0,,,,0,cooldown
2026-07-07T20:35:25,reactive_hot_humid_bursty_r1,reactive,hot_humid,bursty,1,33.423,33.123,32.923,30.423,25.0,45.0,0.0,,100.0,2.0,,,,0,cooldown
2026-07-07T20:35:25,reactive_hot_humid_bursty_r1,reactive,hot_humid,bursty,1,33.416,33.116,32.916,30.416,25.0,45.0,0.0,,100.0,2.0,,,,0,cooldown
2026-07-07T20:35:25,reactive_hot_humid_bursty_r1,reactive,hot_humid,bursty,1,33.41,33.11,32.91,30.41,25.0,45.0,0.0,,100.0,2.0,,,,0,cooldown
2026-07-07T20:35:25,reactive_hot_humid_bursty_r1,reactive,hot_humid,bursty,1,33.403,33.103,32.903,30.403,25.0,45.0,0.0,,100.0,2.0,,,,0,cooldown
2026-07-07T20:35:25,reactive_hot_humid_bursty_r1,reactive,hot_humid,bursty,1,33.396,33.096,32.896,30.396,25.0,45.0,0.0,,100.0,2.0,,,,0,cooldown
2026-07-07T20:35:25,reactive_hot_humid_bursty_r1,reactive,hot_humid,bursty,1,33.39,33.09,32.89,30.39,25.0,45.0,0.0,,100.0,2.0,,,,0,cooldown
2026-07-07T20:35:25,reactive_hot_humid_bursty_r1,reactive,hot_humid,bursty,1,33.383,33.083,32.883,30.383,25.0,45.0,0.0,,100.0,2.0,,,,0,cooldown
2026-07-07T20:35:25,reactive_hot_humid_bursty_r1,reactive,hot_humid,bursty,1,33.377,33.077,32.877,30.377,25.0,45.0,0.0,,100.0,2.0,,,,0,cooldown
2026-07-07T20:35:25,reactive_hot_humid_bursty_r1,reactive,hot_humid,bursty,1,33.37,33.07,32.87,30.37,25.0,45.0,0.0,,100.0,2.0,,,,0,cooldown
2026-07-07T20:35:25,reactive_hot_humid_bursty_r1,reactive,hot_humid,bursty,1,33.363,33.063,32.863,30.363,25.0,45.0,0.0,,100.0,2.0,,,,0,cooldown
2026-07-07T20:35:25,reactive_hot_humid_bursty_r1,reactive,hot_humid,bursty,1,33.357,33.057,32.857,30.357,25.0,45.0,0.0,,100.0,2.0,,,,0,cooldown
2026-07-07T20:35:25,reactive_hot_humid_bursty_r1,reactive,hot_humid,bursty,1,33.35,33.05,32.85,30.35,25.0,45.0,0.0,,100.0,2.0,,,,0,cooldown
2026-07-07T20:35:25,reactive_hot_humid_bursty_r1,reactive,hot_humid,bursty,1,33.344,33.044,32.844,30.344,25.0,45.0,0.0,,100.0,2.0,,,,0,cooldown
2026-07-07T20:35:25,reactive_hot_humid_bursty_r1,reactive,hot_humid,bursty,1,33.337,33.037,32.837,30.337,25.0,45.0,0.0,,100.0,2.0,,,,0,cooldown
2026-07-07T20:35:25,reactive_hot_humid_bursty_r1,reactive,hot_humid,bursty,1,33.33,33.03,32.83,30.33,25.0,45.0,0.0,,100.0,2.0,,,,0,cooldown
2026-07-07T20:35:25,reactive_hot_humid_bursty_r1,reactive,hot_humid,bursty,1,33.324,33.024,32.824,30.324,25.0,45.0,0.0,,100.0,2.0,,,,0,cooldown
2026-07-07T20:35:25,reactive_hot_humid_bursty_r1,reactive,hot_humid,bursty,1,33.317,33.017,32.817,30.317,25.0,45.0,0.0,,100.0,2.0,,,,0,cooldown
2026-07-07T20:35:25,reactive_hot_humid_bursty_r1,reactive,hot_humid,bursty,1,33.311,33.011,32.811,30.311,25.0,45.0,0.0,,100.0,2.0,,,,0,cooldown
2026-07-07T20:35:25,reactive_hot_humid_bursty_r1,reactive,hot_humid,bursty,1,33.304,33.004,32.804,30.304,25.0,45.0,0.0,,100.0,2.0,,,,0,cooldown
2026-07-07T20:35:25,reactive_hot_humid_bursty_r1,reactive,hot_humid,bursty,1,33.298,32.998,32.798,30.298,25.0,45.0,0.0,,100.0,2.0,,,,0,cooldown
2026-07-07T20:35:25,reactive_hot_humid_bursty_r1,reactive,hot_humid,bursty,1,33.291,32.991,32.791,30.291,25.0,45.0,0.0,,100.0,2.0,,,,0,cooldown
2026-07-07T20:35:25,reactive_hot_humid_bursty_r1,reactive,hot_humid,bursty,1,33.285,32.985,32.785,30.285,25.0,45.0,0.0,,100.0,2.0,,,,0,cooldown
2026-07-07T20:35:25,reactive_hot_humid_bursty_r1,reactive,hot_humid,bursty,1,33.278,32.978,32.778,30.278,25.0,45.0,0.0,,100.0,2.0,,,,0,cooldown
2026-07-07T20:35:25,reactive_hot_humid_bursty_r1,reactive,hot_humid,bursty,1,33.271,32.971,32.771,30.271,25.0,45.0,0.0,,100.0,2.0,,,,0,cooldown
2026-07-07T20:35:25,reactive_hot_humid_bursty_r1,reactive,hot_humid,bursty,1,33.265,32.965,32.765,30.265,25.0,45.0,0.0,,100.0,2.0,,,,0,cooldown
2026-07-07T20:35:25,reactive_hot_humid_bursty_r1,reactive,hot_humid,bursty,1,33.258,32.958,32.758,30.258,25.0,45.0,0.0,,100.0,2.0,,,,0,cooldown
2026-07-07T20:35:25,reactive_hot_humid_bursty_r1,reactive,hot_humid,bursty,1,33.252,32.952,32.752,30.252,25.0,45.0,0.0,,100.0,2.0,,,,0,cooldown
2026-07-07T20:35:25,reactive_hot_humid_bursty_r1,reactive,hot_humid,bursty,1,33.245,32.945,32.745,30.245,25.0,45.0,0.0,,100.0,2.0,,,,0,cooldown
2026-07-07T20:35:25,reactive_hot_humid_bursty_r1,reactive,hot_humid,bursty,1,33.239,32.939,32.739,30.239,25.0,45.0,0.0,,100.0,2.0,,,,0,cooldown
2026-07-07T20:35:25,reactive_hot_humid_bursty_r1,reactive,hot_humid,bursty,1,33.232,32.932,32.732,30.232,25.0,45.0,0.0,,100.0,2.0,,,,0,cooldown
2026-07-07T20:35:25,reactive_hot_humid_bursty_r1,reactive,hot_humid,bursty,1,33.226,32.926,32.726,30.226,25.0,45.0,0.0,,100.0,2.0,,,,0,cooldown
2026-07-07T20:35:25,reactive_hot_humid_bursty_r1,reactive,hot_humid,bursty,1,33.219,32.919,32.719,30.219,25.0,45.0,0.0,,100.0,2.0,,,,0,cooldown
2026-07-07T20:35:25,reactive_hot_humid_bursty_r1,reactive,hot_humid,bursty,1,33.213,32.913,32.713,30.213,25.0,45.0,0.0,,100.0,2.0,,,,0,cooldown
2026-07-07T20:35:25,reactive_hot_humid_bursty_r1,reactive,hot_humid,bursty,1,33.206,32.906,32.706,30.206,25.0,45.0,0.0,,100.0,2.0,,,,0,cooldown
2026-07-07T20:35:25,reactive_hot_humid_bursty_r1,reactive,hot_humid,bursty,1,33.2,32.9,32.7,30.2,25.0,45.0,0.0,,100.0,2.0,,,,0,cooldown
2026-07-07T20:35:25,reactive_hot_humid_bursty_r1,reactive,hot_humid,bursty,1,33.193,32.893,32.693,30.193,25.0,45.0,0.0,,100.0,2.0,,,,0,cooldown
2026-07-07T20:35:25,reactive_hot_humid_bursty_r1,reactive,hot_humid,bursty,1,33.187,32.887,32.687,30.187,25.0,45.0,0.0,,100.0,2.0,,,,0,cooldown
2026-07-07T20:35:25,reactive_hot_humid_bursty_r1,reactive,hot_humid,bursty,1,33.18,32.88,32.68,30.18,25.0,45.0,0.0,,100.0,2.0,,,,0,cooldown
2026-07-07T20:35:25,reactive_hot_humid_bursty_r1,reactive,hot_humid,bursty,1,33.174,32.874,32.674,30.174,25.0,45.0,0.0,,100.0,2.0,,,,0,cooldown
2026-07-07T20:35:25,reactive_hot_humid_bursty_r1,reactive,hot_humid,bursty,1,33.168,32.868,32.668,30.168,25.0,45.0,0.0,,100.0,2.0,,,,0,cooldown
2026-07-07T20:35:25,reactive_hot_humid_bursty_r1,reactive,hot_humid,bursty,1,33.161,32.861,32.661,30.161,25.0,45.0,0.0,,100.0,2.0,,,,0,cooldown
2026-07-07T20:35:25,reactive_hot_humid_bursty_r1,reactive,hot_humid,bursty,1,33.155,32.855,32.655,30.155,25.0,45.0,0.0,,100.0,2.0,,,,0,cooldown
2026-07-07T20:35:25,reactive_hot_humid_bursty_r1,reactive,hot_humid,bursty,1,33.148,32.848,32.648,30.148,25.0,45.0,0.0,,100.0,2.0,,,,0,cooldown
2026-07-07T20:35:25,reactive_hot_humid_bursty_r1,reactive,hot_humid,bursty,1,33.142,32.842,32.642,30.142,25.0,45.0,0.0,,100.0,2.0,,,,0,cooldown
2026-07-07T20:35:25,reactive_hot_humid_bursty_r1,reactive,hot_humid,bursty,1,33.135,32.835,32.635,30.135,25.0,45.0,0.0,,100.0,2.0,,,,0,cooldown
2026-07-07T20:35:25,reactive_hot_humid_bursty_r1,reactive,hot_humid,bursty,1,33.129,32.829,32.629,30.129,25.0,45.0,0.0,,100.0,2.0,,,,0,cooldown
2026-07-07T20:35:25,reactive_hot_humid_bursty_r1,reactive,hot_humid,bursty,1,33.123,32.823,32.623,30.123,25.0,45.0,0.0,,100.0,2.0,,,,0,cooldown
2026-07-07T20:35:25,reactive_hot_humid_bursty_r1,reactive,hot_humid,bursty,1,33.116,32.816,32.616,30.116,25.0,45.0,0.0,,100.0,2.0,,,,0,cooldown
2026-07-07T20:35:25,reactive_hot_humid_bursty_r1,reactive,hot_humid,bursty,1,33.11,32.81,32.61,30.11,25.0,45.0,0.0,,100.0,2.0,,,,0,cooldown
2026-07-07T20:35:25,reactive_hot_humid_bursty_r1,reactive,hot_humid,bursty,1,33.103,32.803,32.603,30.103,25.0,45.0,0.0,,100.0,2.0,,,,0,cooldown
2026-07-07T20:35:25,reactive_hot_humid_bursty_r1,reactive,hot_humid,bursty,1,33.097,32.797,32.597,30.097,25.0,45.0,0.0,,100.0,2.0,,,,0,cooldown
2026-07-07T20:35:25,reactive_hot_humid_bursty_r1,reactive,hot_humid,bursty,1,33.091,32.791,32.591,30.091,25.0,45.0,0.0,,100.0,2.0,,,,0,cooldown
2026-07-07T20:35:25,reactive_hot_humid_bursty_r1,reactive,hot_humid,bursty,1,33.084,32.784,32.584,30.084,25.0,45.0,0.0,,100.0,2.0,,,,0,cooldown
2026-07-07T20:35:25,reactive_hot_humid_bursty_r1,reactive,hot_humid,bursty,1,33.078,32.778,32.578,30.078,25.0,45.0,0.0,,100.0,2.0,,,,0,cooldown
2026-07-07T20:35:25,reactive_hot_humid_bursty_r1,reactive,hot_humid,bursty,1,33.071,32.771,32.571,30.071,25.0,45.0,0.0,,100.0,2.0,,,,0,cooldown
2026-07-07T20:35:25,reactive_hot_humid_bursty_r1,reactive,hot_humid,bursty,1,33.065,32.765,32.565,30.065,25.0,45.0,0.0,,100.0,2.0,,,,0,cooldown
2026-07-07T20:35:25,reactive_hot_humid_bursty_r1,reactive,hot_humid,bursty,1,33.059,32.759,32.559,30.059,25.0,45.0,0.0,,100.0,2.0,,,,0,cooldown
2026-07-07T20:35:25,reactive_hot_humid_bursty_r1,reactive,hot_humid,bursty,1,33.052,32.752,32.552,30.052,25.0,45.0,0.0,,100.0,2.0,,,,0,cooldown
2026-07-07T20:35:25,reactive_hot_humid_bursty_r1,reactive,hot_humid,bursty,1,33.046,32.746,32.546,30.046,25.0,45.0,0.0,,100.0,2.0,,,,0,cooldown
2026-07-07T20:35:25,reactive_hot_humid_bursty_r1,reactive,hot_humid,bursty,1,33.04,32.74,32.54,30.04,25.0,45.0,0.0,,100.0,2.0,,,,0,cooldown
2026-07-07T20:35:25,reactive_hot_humid_bursty_r1,reactive,hot_humid,bursty,1,33.033,32.733,32.533,30.033,25.0,45.0,0.0,,100.0,2.0,,,,0,cooldown
2026-07-07T20:35:25,reactive_hot_humid_bursty_r1,reactive,hot_humid,bursty,1,33.027,32.727,32.527,30.027,25.0,45.0,0.0,,100.0,2.0,,,,0,cooldown
2026-07-07T20:35:25,reactive_hot_humid_bursty_r1,reactive,hot_humid,bursty,1,33.021,32.721,32.521,30.021,25.0,45.0,0.0,,100.0,2.0,,,,0,cooldown
2026-07-07T20:35:25,reactive_hot_humid_bursty_r1,reactive,hot_humid,bursty,1,33.014,32.714,32.514,30.014,25.0,45.0,0.0,,100.0,2.0,,,,0,cooldown
2026-07-07T20:35:25,reactive_hot_humid_bursty_r1,reactive,hot_humid,bursty,1,33.008,32.708,32.508,30.008,25.0,45.0,0.0,,100.0,2.0,,,,0,cooldown
2026-07-07T20:35:25,reactive_hot_humid_bursty_r1,reactive,hot_humid,bursty,1,33.002,32.702,32.502,30.002,25.0,45.0,0.0,,100.0,2.0,,,,0,cooldown
2026-07-07T20:35:25,reactive_hot_humid_bursty_r1,reactive,hot_humid,bursty,1,32.995,32.695,32.495,29.995,25.0,45.0,0.0,,100.0,2.0,,,,0,cooldown
