timestamp,trial_id,controller,climate,workload,repeat,T_tank_hot,T_tank_mid,T_rad_in,T_rad_out,T_ambient,RH_ambient,heater_w_cmd,heater_w_meas,fan_pwm,fan_w,forecast_T,forecast_RH,bank_depth_cmd,water_event_flag,notes
2026-07-07T20:35:26,reactive_hot_humid_bursty_r2,reactive,hot_humid,bursty,2,31.005,30.705,30.505,28.005,25.0,45.0,60.0,,40.0,0.8,,,,0,warmup
2026-07-07T20:35:26,reactive_hot_humid_bursty_r2,reactive,hot_humid,bursty,2,31.01,30.71,30.51,28.01,25.0,45.0,60.0,,40.0,0.8,30.17,,,0,trial
2026-07-07T20:35:26,reactive_hot_humid_bursty_r2,reactive,hot_humid,bursty,2,31.017,30.717,30.517,28.017,25.0,45.0,60.0,,0.0,0.0,30.17,,,0,trial
2026-07-07T20:35:26,reactive_hot_humid_bursty_r2,reactive,hot_humid,bursty,2,31.025,30.725,30.525,28.025,25.0,45.0,60.0,,0.0,0.0,30.17,,,0,trial
2026-07-07T20:35:26,reactive_hot_humid_bursty_r2,reactive,hot_humid,bursty,2,31.032,30.732,30.532,28.032,25.0,45.0,60.0,,0.0,0.0,30.17,,,0,trial
2026-07-07T20:35:26,reactive_hot_humid_bursty_r2,reactive,hot_humid,bursty,2,31.039,30.739,30.539,28.039,25.0,45.0,60.0,,0.0,0.0,30.17,,,0,trial
2026-07-07T20:35:26,reactive_hot_humid_bursty_r2,reactive,hot_humid,bursty,2,31.047,30.747,30.547,28.047,25.0,45.0,60.0,,0.0,0.0,30.17,,,0,trial
2026-07-07T20:35:26,reactive_hot_humid_bursty_r2,reactive,hot_humid,bursty,2,31.054,30.754,30.554,28.054,25.0,45.0,60.0,,0.0,0.0,30.17,,,0,trial
2026-07-07T20:35:26,reactive_hot_humid_bursty_r2,reactive,hot_humid,bursty,2,31.061,30.761,30.561,28.061,25.0,45.0,60.0,,0.0,0.0,30.17,,,0,trial
2026-07-07T20:35:26,reactive_hot_humid_bursty_r2,reactive,hot_humid,bursty,2,31.068,30.768,30.568,28.068,25.0,45.0,60.0,,0.0,0.0,30.17,,,0,trial
2026-07-07T20:35:26,reactive_hot_humid_bursty_r2,reactive,hot_humid,bursty,2,31.076,30.776,30.576,28.076,25.0,45.0,60.0,,0.0,0.0,30.17,,,0,trial
2026-07-07T20:35:26,reactive_hot_humid_bursty_r2,reactive,hot_humid,bursty,2,31.083,30.783,30.583,28.083,25.0,45.0,60.0,,0.0,0.0,30.17,,,0,trial
2026-07-07T20:35:26,reactive_hot_humid_bursty_r2,reactive,hot_humid,bursty,2,31.09,30.79,30.59,28.09,25.0,45.0,60.0,,0.0,0.0,30.17,,,0,trial
2026-07-07T20:35:26,reactive_hot_humid_bursty_r2,reactive,hot_humid,bursty,2,31.097,30.797,30.597,28.097,25.0,45.0,60.0,,0.0,0.0,30.17,,,0,trial
2026-07-07T20:35:26,reactive_hot_humid_bursty_r2,reactive,hot_humid,bursty,2,31.105,30.805,30.605,28.105,25.0,45.0,60.0,,0.0,0.0,30.17,,,0,trial
2026-07-07T20:35:26,reactive_hot_humid_bursty_r2,reactive,hot_humid,bursty,2,31.112,30.812,30.612,28.112,25.0,45.0,60.0,,0.0,0.0,30.18,,,0,trial
2026-07-07T20:35:26,reactive_hot_humid_bursty_r2,reactive,hot_humid,bursty,2,31.119,30.819,30.619,28.119,25.0,45.0,60.0,,0.0,0.0,30.18,,,0,trial
2026-07-07T20:35:26,reactive_hot_humid_bursty_r2,reactive,hot_humid,bursty,2,31.126,30.826,30.626,28.126,25.0,45.0,60.0,,0.0,0.0,30.18,,,0,trial
2026-07-07T20:35:26,reactive_hot_humid_bursty_r2,reactive,hot_humid,bursty,2,31.134,30.834,30.634,28.134,25.0,45.0,60.0,,0.0,0.0,30.18,,,0,trial
2026-07-07T20:35:26,reactive_hot_humid_bursty_r2,reactive,hot_humid,bursty,2,31.141,30.841,30.641,28.141,25.0,45.0,60.0,,0.0,0.0,30.18,,,0,trial
2026-07-07T20:35:26,reactive_hot_humid_bursty_r2,reactive,hot_humid,bursty,2,31.148,30.848,30.648,28.148,25.0,45.0,60.0,,0.0,0.0,30.18,,,0,trial
2026-07-07T20:35:26,reactive_hot_humid_bursty_r2,reactive,hot_humid,bursty,2,31.155,30.855,30.655,28.155,25.0,45.0,60.0,,0.0,0.0,30.18,,,0,trial
2026-07-07T20:35:26,reactive_hot_humid_bursty_r2,reactive,hot_humid,bursty,2,31.163,30.863,30.663,28.163,25.0,45.0,60.0,,0.0,0.0,30.18,,,0,trial
2026-07-07T20:35:26,reactive_hot_humid_bursty_r2,reactive,hot_humid,bursty,2,31.17,30.87,30.67,28.17,25.0,45.0,60.0,,0.0,0.0,30.18,,,0,trial
2026-07-07T20:35:26,reactive_hot_humid_bursty_r2,reactive,hot_humid,bursty,2,31.177,30.877,30.677,28.177,25.0,45.0,60.0,,0.0,0.0,30.18,,,0,trial
2026-07-07T20:35:26,reactive_hot_humid_bursty_r2,reactive,hot_humid,bursty,2,31.184,30.884,30.684,28.184,25.0,45.0,60.0,,0.0,0.0,30.18,,,0,trial
2026-07-07T20:35:26,reactive_hot_humid_bursty_r2,reactive,hot_humid,bursty,2,31.192,30.892,30.692,28.192,25.0,45.0,60.0,,0.0,0.0,30.18,,,0,trial
2026-07-07T20:35:26,reactive_hot_humid_bursty_r2,reactive,hot_humid,bursty,2,31.199,30.899,30.699,28.199,25.0,45.0,60.0,,0.0,0.0,30.18,,,0,trial
2026-07-07T20:35:26,reactive_hot_humid_bursty_r2,reactive,hot_humid,bursty,2,31.206,30.906,30.706,28.206,25.0,45.0,60.0,,0.0,0.0,30.19,,,0,trial
2026-07-07T20:35:26,reactive_hot_humid_bursty_r2,reactive,hot_humid,bursty,2,31.213,30.913,30.713,28.213,25.0,45.0,60.0,,0.0,0.0,30.19,,,0,trial
2026-07-07T20:35:26,reactive_hot_humid_bursty_r2,reactive,hot_humid,bursty,2,31.22,30.92,30.72,28.22,25.0,45.0,60.0,,0.0,0.0,30.19,,,0,trial
2026-07-07T20:35:26,reactive_hot_humid_bursty_r2,reactive,hot_humid,bursty,2,31.228,30.928,30.728,28.228,25.0,45.0,60.0,,0.0,0.0,30.19,,,0,trial
2026-07-07T20:35:26,reactive_hot_humid_bursty_r2,reactive,hot_humid,bursty,2,31.235,30.935,30.735,28.235,25.0,45.0,60.0,,0.0,0.0,30.19,,,0,trial
2026-07-07T20:35:26,reactive_hot_humid_bursty_r2,reactive,hot_humid,bursty,2,31.242,30.942,30.742,28.242,25.0,45.0,60.0,,0.0,0.0,30.19,,,0,trial
2026-07-07T20:35:26,reactive_hot_humid_bursty_r2,reactive,hot_humid,bursty,2,31.249,30.949,30.749,28.249,25.0,45.0,60.0,,0.0,0.0,30.19,,,0,trial
2026-07-07T20:35:26,reactive_hot_humid_bursty_r2,reactive,hot_humid,bursty,2,31.257,30.957,30.757,28.257,25.0,45.0,60.0,,0.0,0.0,30.19,,,0,trial
2026-07-07T20:35:26,reactive_hot_humid_bursty_r2,reactive,hot_humid,bursty,2,31.264,30.964,30.764,28.264,25.0,45.0,60.0,,0.0,0.0,30.19,,,0,trial
2026-07-07T20:35:26,reactive_hot_humid_bursty_r2,reactive,hot_humid,bursty,2,31.271,30.971,30.771,28.271,25.0,45.0,60.0,,0.0,0.0,30.19,,,0,trial
2026-07-07T20:35:26,reactive_hot_humid_bursty_r2,reactive,hot_humid,bursty,2,31.278,30.978,30.778,28.278,25.0,45.0,60.0,,0.0,0.0,30.19,,,0,trial
2026-07-07T20:35:26,reactive_hot_humid_bursty_r2,reactive,hot_humid,bursty,2,31.286,30.986,30.786,28.286,25.0,45.0,60.0,,0.0,0.0,30.19,,,0,trial
2026-07-07T20:35:26,reactive_hot_humid_bursty_r2,reactive,hot_humid,bursty,2,31.293,30.993,30.793,28.293,25.0,45.0,60.0,,0.0,0.0,30.19,,,0,trial
2026-07-07T20:35:26,reactive_hot_humid_bursty_r2,reactive,hot_humid,bursty,2,31.3,31.0,30.8,28.3,25.0,45.0,60.0,,0.0,0.0,30.2,,,0,trial
2026-07-07T20:35:26,reactive_hot_humid_bursty_r2,reactive,hot_humid,bursty,2,31.307,31.007,30.807,28.307,25.0,45.0,60.0,,0.0,0.0,30.2,,,0,trial
2026-07-07T20:35:26,reactive_hot_humid_bursty_r2,reactive,hot_humid,bursty,2,31.315,31.015,30.815,28.315,25.0,45.0,60.0,,0.0,0.0,30.2,,,0,trial
2026-07-07T20:35:26,reactive_hot_humid_bursty_r2,reactive,hot_humid,bursty,2,31.322,31.022,30.822,28.322,25.0,45.0,60.0,,0.0,0.0,30.2,,,0,trial
2026-07-07T20:35:26,reactive_hot_humid_bursty_r2,reactive,hot_humid,bursty,2,31.329,31.029,30.829,28.329,25.0,45.0,60.0,,0.0,0.0,30.2,,,0,trial
2026-07-07T20:35:26,reactive_hot_humid_bursty_r2,reactive,hot_humid,bursty,2,31.336,31.036,30.836,28.336,25.0,45.0,60.0,,0.0,0.0,30.2,,,0,trial
2026-07-07T20:35:26,reactive_hot_humid_bursty_r2,reactive,hot_humid,bursty,2,31.343,31.043,30.843,28.343,25.0,45.0,60.0,,0.0,0.0,30.2,,,0,trial
2026-07-07T20:35:26,reactive_hot_humid_bursty_r2,reactive,hot_humid,bursty,2,31.351,31.051,30.851,28.351,25.0,45.0,60.0,,0.0,0.0,30.2,,,0,trial
2026-07-07T20:35:26,reactive_hot_humid_bursty_r2,reactive,hot_humid,bursty,2,31.358,31.058,30.858,28.358,25.0,45.0,60.0,,0.0,0.0,30.2,,,0,trial
2026-07-07T20:35:26,reactive_hot_humid_bursty_r2,reactive,hot_humid,bursty,2,31.365,31.065,30.865,28.365,25.0,45.0,60.0,,0.0,0.0,30.2,,,0,trial
2026-07-07T20:35:26,reactive_hot_humid_bursty_r2,reactive,hot_humid,bursty,2,31.372,31.072,30.872,28.372,25.0,45.0,60.0,,0.0,0.0,30.2,,,0,trial
2026-07-07T20:35:26,reactive_hot_humid_bursty_r2,reactive,hot_humid,bursty,2,31.38,31.08,30.88,28.38,25.0,45.0,60.0,,0.0,0.0,30.21,,,0,trial
2026-07-07T20:35:26,reactive_hot_humid_bursty_r2,reactive,hot_humid,bursty,2,31.387,31.087,30.887,28.387,25.0,45.0,60.0,,0.0,0.0,30.21,,,0,trial
2026-07-07T20:35:26,reactive_hot_humid_bursty_r2,reactive,hot_humid,bursty,2,31.394,31.094,30.894,28.394,25.0,45.0,60.0,,0.0,0.0,30.21,,,0,trial
2026-07-07T20:35:26,reactive_hot_humid_bursty_r2,reactive,hot_humid,bursty,2,31.401,31.101,30.901,28.401,25.0,45.0,60.0,,0.0,0.0,30.21,,,0,trial
2026-07-07T20:35:26,reactive_hot_humid_bursty_r2,reactive,hot_humid,bursty,2,31.408,31.108,30.908,28.408,25.0,45.0,60.0,,0.0,0.0,30.21,,,0,trial
2026-07-07T20:35:26,reactive_hot_humid_bursty_r2,reactive,hot_humid,bursty,2,31.416,31.116,30.916,28.416,25.0,45.0,60.0,,0.0,0.0,30.21,,,0,trial
2026-07-07T20:35:26,reactive_hot_humid_bursty_r2,reactive,hot_humid,bursty,2,31.423,31.123,30.923,28.423,25.0,45.0,60.0,,0.0,0.0,30.21,,,0,trial
2026-07-07T20:35:26,reactive_hot_humid_bursty_r2,reactive,hot_humid,bursty,2,31.43,31.13,30.93,28.43,25.0,45.0,60.0,,0.0,0.0,30.21,,,0,trial
2026-07-07T20:35:26,reactive_hot_humid_bursty_r2,reactive,hot_humid,bursty,2,31.437,31.137,30.937,28.437,25.0,45.0,60.0,,0.0,0.0,30.21,,,0,trial
2026-07-07T20:35:26,reactive_hot_humid_bursty_r2,reactive,hot_humid,bursty,2,31.445,31.145,30.945,28.445,25.0,45.0,60.0,,0.0,0.0,30.21,,,0,trial
2026-07-07T20:35:26,reactive_hot_humid_bursty_r2,reactive,hot_humid,bursty,2,31.452,31.152,30.952,28.452,25.0,45.0,60.0,,0.0,0.0,30.22,,,0,trial
2026-07-07T20:35:26,reactive_hot_humid_bursty_r2,reactive,hot_humid,bursty,2,31.459,31.159,30.959,28.459,25.0,45.0,60.0,,0.0,0.0,30.22,,,0,trial
2026-07-07T20:35:26,reactive_hot_humid_bursty_r2,reactive,hot_humid,bursty,2,31.466,31.166,30.966,28.466,25.0,45.0,60.0,,0.0,0.0,30.22,,,0,trial
2026-07-07T20:35:26,reactive_hot_humid_bursty_r2,reactive,hot_humid,bursty,2,31.473,31.173,30.973,28.473,25.0,45.0,60.0,,0.0,0.0,30.22,,,0,trial
2026-07-07T20:35:26,reactive_hot_humid_bursty_r2,reactive,hot_humid,bursty,2,31.481,31.181,30.981,28.481,25.0,45.0,60.0,,0.0,0.0,30.22,,,0,trial
2026-07-07T20:35:26,reactive_hot_humid_bursty_r2,reactive,hot_humid,bursty,2,31.488,31.188,30.988,28.488,25.0,45.0,60.0,,0.0,0.0,30.22,,,0,trial
2026-07-07T20:35:26,reactive_hot_humid_bursty_r2,reactive,hot_humid,bursty,2,31.495,31.195,30.995,28.495,25.0,45.0,60.0,,0.0,0.0,30.22,,,0,trial
2026-07-07T20:35:26,reactive_hot_humid_bursty_r2,reactive,hot_humid,bursty,2,31.502,31.202,31.002,28.502,25.0,45.0,60.0,,0.0,0.0,30.22,,,0,trial
2026-07-07T20:35:26,reactive_hot_humid_bursty_r2,reactive,hot_humid,bursty,2,31.509,31.209,31.009,28.509,25.0,45.0,60.0,,0.0,0.0,30.22,,,0,trial
2026-07-07T20:35:26,reactive_hot_humid_bursty_r2,reactive,hot_humid,bursty,2,31.517,31.217,31.017,28.517,25.0,45.0,60.0,,0.0,0.0,30.23,,,0,trial
2026-07-07T20:35:26,reactive_hot_humid_bursty_r2,reactive,hot_humid,bursty,2,31.524,31.224,31.024,28.524,25.0,45.0,60.0,,0.0,0.0,30.23,,,0,trial
2026-07-07T20:35:26,reactive_hot_humid_bursty_r2,reactive,hot_humid,bursty,2,31.531,31.231,31.031,28.531,25.0,45.0,60.0,,0.0,0.0,30.23,,,0,trial
2026-07-07T20:35:26,reactive_hot_humid_bursty_r2,reactive,hot_humid,bursty,2,31.538,31.238,31.038,28.538,25.0,45.0,60.0,,0.0,0.0,30.23,,,0,trial
2026-07-07T20:35:26,reactive_hot_humid_bursty_r2,reactive,hot_humid,bursty,2,31.546,31.246,31.046,28.546,25.0,45.0,60.0,,0.0,0.0,30.23,,,0,trial
2026-07-07T20:35:26,reactive_hot_humid_bursty_r2,reactive,hot_humid,bursty,2,31.553,31.253,31.053,28.553,25.0,45.0,60.0,,0.0,0.0,30.23,,,0,trial
2026-07-07T20:35:26,reactive_hot_humid_bursty_r2,reactive,hot_humid,bursty,2,31.56,31.26,31.06,28.56,25.0,45.0,60.0,,0.0,0.0,30.23,,,0,trial
2026-07-07T20:35:26,reactive_hot_humid_bursty_r2,reactive,hot_humid,bursty,2,31.567,31.267,31.067,28.567,25.0,45.0,60.0,,0.0,0.0,30.23,,,0,trial
2026-07-07T20:35:26,reactive_hot_humid_bursty_r2,reactive,hot_humid,bursty,2,31.574,31.274,31.074,28.574,25.0,45.0,60.0,,0.0,0.0,30.23,,,0,trial
2026-07-07T20:35:26,reactive_hot_humid_bursty_r2,reactive,hot_humid,bursty,2,31.582,31.282,31.082,28.582,25.0,45.0,60.0,,0.0,0.0,30.24,,,0,trial
2026-07-07T20:35:26,reactive_hot_humid_bursty_r2,reactive,hot_humid,bursty,2,31.589,31.289,31.089,28.589,25.0,45.0,60.0,,0.0,0.0,30.24,,,0,trial
2026-07-07T20:35:26,reactive_hot_humid_bursty_r2,reactive,hot_humid,bursty,2,31.596,31.296,31.096,28.596,25.0,45.0,60.0,,0.0,0.0,30.24,,,0,trial
2026-07-07T20:35:26,reactive_hot_humid_bursty_r2,reactive,hot_humid,bursty,2,31.603,31.303,31.103,28.603,25.0,45.0,60.0,,0.0,0.0,30.24,,,0,trial
2026-07-07T20:35:26,reactive_hot_humid_bursty_r2,reactive,hot_humid,bursty,2,31.61,31.31,31.11,28.61,25.0,45.0,60.0,,0.0,0.0,30.24,,,0,trial
2026-07-07T20:35:26,reactive_hot_humid_bursty_r2,reactive,hot_humid,bursty,2,31.618,31.318,31.118,28.618,25.0,45.0,60.0,,0.0,0.0,30.24,,,0,trial
2026-07-07T20:35:26,reactive_hot_humid_bursty_r2,reactive,hot_humid,bursty,2,31.625,31.325,31.125,28.625,25.0,45.0,60.0,,0.0,0.0,30.24,,,0,trial
2026-07-07T20:35:26,reactive_hot_humid_bursty_r2,reactive,hot_humid,bursty,2,31.632,31.332,31.132,28.632,25.0,45.0,60.0,,0.0,0.0,30.24,,,0,trial
2026-07-07T20:35:26,reactive_hot_humid_bursty_r2,reactive,hot_humid,bursty,2,31.639,31.339,31.139,28.639,25.0,45.0,60.0,,0.0,0.0,30.24,,,0,trial
2026-07-07T20:35:26,reactive_hot_humid_bursty_r2,reactive,hot_humid,bursty,2,31.646,31.346,31.146,28.646,25.0,45.0,60.0,,0.0,0.0,30.25,,,0,trial
2026-07-07T20:35:26,reactive_hot_humid_bursty_r2,reactive,hot_humid,bursty,2,31.654,31.354,31.154,28.654,25.0,45.0,60.0,,0.0,0.0,30.25,,,0,trial
2026-07-07T20:35:26,reactive_hot_humid_bursty_r2,reactive,hot_humid,bursty,2,31.661,31.361,31.161,28.661,25.0,45.0,60.0,,0.0,0.0,30.25,,,0,trial
2026-07-07T20:35:26,reactive_hot_humid_bursty_r2,reactive,hot_humid,bursty,2,31.668,31.368,31.168,28.668,25.0,45.0,60.0,,0.0,0.0,30.25,,,0,trial
2026-07-07T20:35:26,reactive_hot_humid_bursty_r2,reactive,hot_humid,bursty,2,31.675,31.375,31.175,28.675,25.0,45.0,60.0,,0.0,0.0,30.25,,,0,trial
2026-07-07T20:35:26,reactive_hot_humid_bursty_r2,reactive,hot_humid,bursty,2,31.682,31.382,31.182,28.682,25.0,45.0,60.0,,0.0,0.0,30.25,,,0,trial
2026-07-07T20:35:26,reactive_hot_humid_bursty_r2,reactive,hot_humid,bursty,2,31.69,31.39,31.19,28.69,25.0,45.0,60.0,,0.0,0.0,30.25,,,0,trial
2026-07-07T20:35:26,reactive_hot_humid_bursty_r2,reactive,hot_humid,bursty,2,31.697,31.397,31.197,28.697,25.0,45.0,60.0,,0.0,0.0,30.26,,,0,trial
2026-07-07T20:35:26,reactive_hot_humid_bursty_r2,reactive,hot_humid,bursty,2,31.704,31.404,31.204,28.704,25.0,45.0,60.0,,0.0,0.0,30.26,,,0,trial
2026-07-07T20:35:26,reactive_hot_humid_bursty_r2,reactive,hot_humid,bursty,2,31.711,31.411,31.211,28.711,25.0,45.0,60.0,,0.0,0.0,30.26,,,0,trial
2026-07-07T20:35:26,reactive_hot_humid_bursty_r2,reactive,hot_humid,bursty,2,31.718,31.418,31.218,28.718,25.0,45.0,60.0,,0.0,0.0,30.26,,,0,trial
2026-07-07T20:35:26,reactive_hot_humid_bursty_r2,reactive,hot_humid,bursty,2,31.725,31.425,31.225,28.725,25.0,45.0,60.0,,0.0,0.0,30.26,,,0,trial
2026-07-07T20:35:26,reactive_hot_humid_bursty_r2,reactive,hot_humid,bursty,2,31.733,31.433,31.233,28.733,25.0,45.0,60.0,,0.0,0.0,30.26,,,0,trial
2026-07-07T20:35:26,reactive_hot_humid_bursty_r2,reactive,hot_humid,bursty,2,31.74,31.44,31.24,28.74,25.0,45.0,60.0,,0.0,0.0,30.26,,,0,trial
2026-07-07T20:35:26,reactive_hot_humid_bursty_r2,reactive,hot_humid,bursty,2,31.747,31.447,31.247,28.747,25.0,45.0,60.0,,0.0,0.0,30.26,,,0,trial
2026-07-07T20:35:26,reactive_hot_humid_bursty_r2,reactive,hot_humid,bursty,2,31.754,31.454,31.254,28.754,25.0,45.0,60.0,,0.0,0.0,30.27,,,0,trial
2026-07-07T20:35:26,reactive_hot_humid_bursty_r2,reactive,hot_humid,bursty,2,31.761,31.461,31.261,28.761,25.0,45.0,60.0,,0.0,0.0,30.27,,,0,trial
2026-07-07T20:35:26,reactive_hot_humid_bursty_r2,reactive,hot_humid,bursty,2,31.769,31.469,31.269,28.769,25.0,45.0,60.0,,0.0,0.0,30.27,,,0,trial
2026-07-07T20:35:26,reactive_hot_humid_bursty_r2,reactive,hot_humid,bursty,2,31.776,31.476,31.276,28.776,25.0,45.0,60.0,,0.0,0.0,30.27,,,0,trial
2026-07-07T20:35:26,reactive_hot_humid_bursty_r2,reactive,hot_humid,bursty,2,31.783,31.483,31.283,28.783,25.0,45.0,60.0,,0.0,0.0,30.27,,,0,trial
2026-07-07T20:35:26,reactive_hot_humid_bursty_r2,reactive,hot_humid,bursty,2,31.79,31.49,31.29,28.79,25.0,45.0,60.0,,0.0,0.0,30.27,,,0,trial
2026-07-07T20:35:26,reactive_hot_humid_bursty_r2,reactive,hot_humid,bursty,2,31.797,31.497,31.297,28.797,25.0,45.0,60.0,,0.0,0.0,30.27,,,0,trial
2026-07-07T20:35:26,reactive_hot_humid_bursty_r2,reactive,hot_humid,bursty,2,31.804,31.504,31.304,28.804,25.0,45.0,60.0,,0.0,0.0,30.28,,,0,trial
2026-07-07T20:35:26,reactive_hot_humid_bursty_r2,reactive,hot_humid,bursty,2,31.812,31.512,31.312,28.812,25.0,45.0,60.0,,0.0,0.0,30.28,,,0,trial
2026-07-07T20:35:26,reactive_hot_humid_bursty_r2,reactive,hot_humid,bursty,2,31.819,31.519,31.319,28.819,25.0,45.0,60.0,,0.0,0.0,30.28,,,0,trial
2026-07-07T20:35:26,reactive_hot_humid_bursty_r2,reactive,hot_humid,bursty,2,31.826,31.526,31.326,28.826,25.0,45.0,60.0,,0.0,0.0,30.28,,,0,trial
2026-07-07T20:35:26,reactive_hot_humid_bursty_r2,reactive,hot_humid,bursty,2,31.833,31.533,31.333,28.833,25.0,45.0,60.0,,0.0,0.0,30.28,,,0,trial
2026-07-07T20:35:26,reactive_hot_humid_bursty_r2,reactive,hot_humid,bursty,2,31.84,31.54,31.34,28.84,25.0,45.0,60.0,,0.0,0.0,30.28,,,0,trial
2026-07-07T20:35:26,reactive_hot_humid_bursty_r2,reactive,hot_humid,bursty,2,31.848,31.548,31.348,28.848,25.0,45.0,60.0,,0.0,0.0,30.29,,,0,trial
2026-07-07T20:35:26,reactive_hot_humid_bursty_r2,reactive,hot_humid,bursty,2,31.855,31.555,31.355,28.855,25.0,45.0,60.0,,0.0,0.0,30.29,,,0,trial
2026-07-07T20:35:26,reactive_hot_humid_bursty_r2,reactive,hot_humid,bursty,2,31.862,31.562,31.362,28.862,25.0,45.0,60.0,,0.0,0.0,30.29,,,0,trial
2026-07-07T20:35:26,reactive_hot_humid_bursty_r2,reactive,hot_humid,bursty,2,31.869,31.569,31.369,28.869,25.0,45.0,60.0,,0.0,0.0,30.29,,,0,trial
2026-07-07T20:35:26,reactive_hot_humid_bursty_r2,reactive,hot_humid,bursty,2,31.876,31.576,31.376,28.876,25.0,45.0,60.0,,0.0,0.0,30.29,,,0,trial
2026-07-07T20:35:26,reactive_hot_humid_bursty_r2,reactive,hot_humid,bursty,2,31.883,31.583,31.383,28.883,25.0,45.0,60.0,,0.0,0.0,30.29,,,0,trial
2026-07-07T20:35:26,reactive_hot_humid_bursty_r2,reactive,hot_humid,bursty,2,31.891,31.591,31.391,28.891,25.0,45.0,60.0,,0.0,0.0,30.29,,,0,trial
2026-07-07T20:35:26,reactive_hot_humid_bursty_r2,reactive,hot_humid,bursty,2,31.898,31.598,31.398,28.898,25.0,45.0,60.0,,0.0,0.0,30.3,,,0,trial
2026-07-07T20:35:26,reactive_hot_humid_bursty_r2,reactive,hot_humid,bursty,2,31.905,31.605,31.405,28.905,25.0,45.0,60.0,,0.0,0.0,30.3,,,0,trial
2026-07-07T20:35:26,reactive_hot_humid_bursty_r2,reactive,hot_humid,bursty,2,31.912,31.612,31.412,28.912,25.0,45.0,60.0,,0.0,0.0,30.3,,,0,trial
2026-07-07T20:35:26,reactive_hot_humid_bursty_r2,reactive,hot_humid,bursty,2,31.919,31.619,31.419,28.919,25.0,45.0,60.0,,0.0,0.0,30.3,,,0,trial
2026-07-07T20:35:26,reactive_hot_humid_bursty_r2,reactive,hot_humid,bursty,2,31.926,31.626,31.426,28.926,25.0,45.0,60.0,,0.0,0.0,30.3,,,0,trial
2026-07-07T20:35:26,reactive_hot_humid_bursty_r2,reactive,hot_humid,bursty,2,31.934,31.634,31.434,28.934,25.0,45.0,60.0,,0.0,0.0,30.3,,,0,trial
2026-07-07T20:35:26,reactive_hot_humid_bursty_r2,reactive,hot_humid,bursty,2,31.941,31.641,31.441,28.941,25.0,45.0,60.0,,0.0,0.0,30.31,,,0,trial
2026-07-07T20:35:26,reactive_hot_humid_bursty_r2,reactive,hot_humid,bursty,2,31.948,31.648,31.448,28.948,25.0,45.0,60.0,,0.0,0.0,30.31,,,0,trial
2026-07-07T20:35:26,reactive_hot_humid_bursty_r2,reactive,hot_humid,bursty,2,31.955,31.655,31.455,28.955,25.0,45.0,60.0,,0.0,0.0,30.31,,,0,trial
2026-07-07T20:35:26,reactive_hot_humid_bursty_r2,reactive,hot_humid,bursty,2,31.962,31.662,31.462,28.962,25.0,45.0,60.0,,0.0,0.0,30.31,,,0,trial
2026-07-07T20:35:26,reactive_hot_humid_bursty_r2,reactive,hot_humid,bursty,2,31.969,31.669,31.469,28.969,25.0,45.0,60.0,,0.0,0.0,30.31,,,0,trial
2026-07-07T20:35:26,reactive_hot_humid_bursty_r2,reactive,hot_humid,bursty,2,31.977,31.677,31.477,28.977,25.0,45.0,60.0,,0.0,0.0,30.31,,,0,trial
2026-07-07T20:35:26,reactive_hot_humid_bursty_r2,reactive,hot_humid,bursty,2,31.984,31.684,31.484,28.984,25.0,45.0,60.0,,0.0,0.0,30.32,,,0,trial
2026-07-07T20:35:26,reactive_hot_humid_bursty_r2,reactive,hot_humid,bursty,2,31.991,31.691,31.491,28.991,25.0,45.0,60.0,,0.0,0.0,30.32,,,0,trial
2026-07-07T20:35:26,reactive_hot_humid_bursty_r2,reactive,hot_humid,bursty,2,31.998,31.698,31.498,28.998,25.0,45.0,60.0,,0.0,0.0,30.32,,,0,trial
2026-07-07T20:35:26,reactive_hot_humid_bursty_r2,reactive,hot_humid,bursty,2,32.005,31.705,31.505,29.005,25.0,45.0,60.0,,0.0,0.0,30.32,,,0,trial
2026-07-07T20:35:26,reactive_hot_humid_bursty_r2,reactive,hot_humid,bursty,2,32.012,31.712,31.512,29.012,25.0,45.0,60.0,,0.0,0.0,30.32,,,0,trial
2026-07-07T20:35:26,reactive_hot_humid_bursty_r2,reactive,hot_humid,bursty,2,32.019,31.719,31.519,29.019,25.0,45.0,60.0,,0.0,0.0,30.33,,,0,trial
2026-07-07T20:35:26,reactive_hot_humid_bursty_r2,reactive,hot_humid,bursty,2,32.027,31.727,31.527,29.027,25.0,45.0,60.0,,0.0,0.0,30.33,,,0,trial
2026-07-07T20:35:26,reactive_hot_humid_bursty_r2,reactive,hot_humid,bursty,2,32.034,31.734,31.534,29.034,25.0,45.0,60.0,,0.0,0.0,30.33,,,0,trial
2026-07-07T20:35:26,reactive_hot_humid_bursty_r2,reactive,hot_humid,bursty,2,32.041,31.741,31.541,29.041,25.0,45.0,60.0,,0.0,0.0,30.33,,,0,trial
2026-07-07T20:35:26,reactive_hot_humid_bursty_r2,reactive,hot_humid,bursty,2,32.048,31.748,31.548,29.048,25.0,45.0,60.0,,0.0,0.0,30.33,,,0,trial
2026-07-07T20:35:26,reactive_hot_humid_bursty_r2,reactive,hot_humid,bursty,2,32.055,31.755,31.555,29.055,25.0,45.0,60.0,,0.0,0.0,30.33,,,0,trial
2026-07-07T20:35:26,reactive_hot_humid_bursty_r2,reactive,hot_humid,bursty,2,32.062,31.762,31.562,29.062,25.0,45.0,60.0,,0.0,0.0,30.34,,,0,trial
2026-07-07T20:35:26,reactive_hot_humid_bursty_r2,reactive,hot_humid,bursty,2,32.07,31.77,31.57,29.07,25.0,45.0,60.0,,0.0,0.0,30.34,,,0,trial
2026-07-07T20:35:26,reactive_hot_humid_bursty_r2,reactive,hot_humid,bursty,2,32.077,31.777,31.577,29.077,25.0,45.0,60.0,,0.0,0.0,30.34,,,0,trial
2026-07-07T20:35:26,reactive_hot_humid_bursty_r2,reactive,hot_humid,bursty,2,32.084,31.784,31.584,29.084,25.0,45.0,60.0,,0.0,0.0,30.34,,,0,trial
2026-07-07T20:35:26,reactive_hot_humid_bursty_r2,reactive,hot_humid,bursty,2,32.091,31.791,31.591,29.091,25.0,45.0,60.0,,0.0,0.0,30.34,,,0,trial
2026-07-07T20:35:26,reactive_hot_humid_bursty_r2,reactive,hot_humid,bursty,2,32.098,31.798,31.598,29.098,25.0,45.0,60.0,,0.0,0.0,30.35,,,0,trial
2026-07-07T20:35:26,reactive_hot_humid_bursty_r2,reactive,hot_humid,bursty,2,32.105,31.805,31.605,29.105,25.0,45.0,60.0,,0.0,0.0,30.35,,,0,trial
2026-07-07T20:35:26,reactive_hot_humid_bursty_r2,reactive,hot_humid,bursty,2,32.112,31.812,31.612,29.112,25.0,45.0,60.0,,0.0,0.0,30.35,,,0,trial
2026-07-07T20:35:26,reactive_hot_humid_bursty_r2,reactive,hot_humid,bursty,2,32.12,31.82,31.62,29.12,25.0,45.0,60.0,,0.0,0.0,30.35,,,0,trial
2026-07-07T20:35:26,reactive_hot_humid_bursty_r2,reactive,hot_humid,bursty,2,32.127,31.827,31.627,29.127,25.0,45.0,60.0,,0.0,0.0,30.35,,,0,trial
2026-07-07T20:35:26,reactive_hot_humid_bursty_r2,reactive,hot_humid,bursty,2,32.134,31.834,31.634,29.134,25.0,45.0,60.0,,0.0,0.0,30.36,,,0,trial
2026-07-07T20:35:26,reactive_hot_humid_bursty_r2,reactive,hot_humid,bursty,2,32.141,31.841,31.641,29.141,25.0,45.0,60.0,,0.0,0.0,30.36,,,0,trial
2026-07-07T20:35:26,reactive_hot_humid_bursty_r2,reactive,hot_humid,bursty,2,32.148,31.848,31.648,29.148,25.0,45.0,60.0,,0.0,0.0,30.36,,,0,trial
2026-07-07T20:35:26,reactive_hot_humid_bursty_r2,reactive,hot_humid,bursty,2,32.155,31.855,31.655,29.155,25.0,45.0,60.0,,0.0,0.0,30.36,,,0,trial
2026-07-07T20:35:26,reactive_hot_humid_bursty_r2,reactive,hot_humid,bursty,2,32.162,31.862,31.662,29.162,25.0,45.0,60.0,,0.0,0.0,30.36,,,0,trial
2026-07-07T20:35:26,reactive_hot_humid_bursty_r2,reactive,hot_humid,bursty,2,32.17,31.87,31.67,29.17,25.0,45.0,60.0,,0.0,0.0,30.37,,,0,trial
2026-07-07T20:35:26,reactive_hot_humid_bursty_r2,reactive,hot_humid,bursty,2,32.177,31.877,31.677,29.177,25.0,45.0,60.0,,0.0,0.0,30.37,,,0,trial
2026-07-07T20:35:26,reactive_hot_humid_bursty_r2,reactive,hot_humid,bursty,2,32.184,31.884,31.684,29.184,25.0,45.0,60.0,,0.0,0.0,30.37,,,0,trial
2026-07-07T20:35:26,reactive_hot_humid_bursty_r2,reactive,hot_humid,bursty,2,32.191,31.891,31.691,29.191,25.0,45.0,60.0,,0.0,0.0,30.37,,,0,trial
2026-07-07T20:35:26,reactive_hot_humid_bursty_r2,reactive,hot_humid,bursty,2,32.198,31.898,31.698,29.198,25.0,45.0,60.0,,0.0,0.0,30.38,,,0,trial
2026-07-07T20:35:26,reactive_hot_humid_bursty_r2,reactive,hot_humid,bursty,2,32.205,31.905,31.705,29.205,25.0,45.0,60.0,,0.0,0.0,30.38,,,0,trial
2026-07-07T20:35:26,reactive_hot_humid_bursty_r2,reactive,hot_humid,bursty,2,32.212,31.912,31.712,29.212,25.0,45.0,60.0,,0.0,0.0,30.38,,,0,trial
2026-07-07T20:35:26,reactive_hot_humid_bursty_r2,reactive,hot_humid,bursty,2,32.22,31.92,31.72,29.22,25.0,45.0,60.0,,0.0,0.0,30.38,,,0,trial
2026-07-07T20:35:26,reactive_hot_humid_bursty_r2,reactive,hot_humid,bursty,2,32.227,31.927,31.727,29.227,25.0,45.0,60.0,,0.0,0.0,30.38,,,0,trial
2026-07-07T20:35:26,reactive_hot_humid_bursty_r2,reactive,hot_humid,bursty,2,32.234,31.934,31.734,29.234,25.0,45.0,60.0,,0.0,0.0,30.39,,,0,trial
2026-07-07T20:35:26,reactive_hot_humid_bursty_r2,reactive,hot_humid,bursty,2,32.241,31.941,31.741,29.241,25.0,45.0,60.0,,0.0,0.0,30.39,,,0,trial
2026-07-07T20:35:26,reactive_hot_humid_bursty_r2,reactive,hot_humid,bursty,2,32.248,31.948,31.748,29.248,25.0,45.0,60.0,,0.0,0.0,30.39,,,0,trial
2026-07-07T20:35:26,reactive_hot_humid_bursty_r2,reactive,hot_humid,bursty,2,32.255,31.955,31.755,29.255,25.0,45.0,60.0,,0.0,0.0,30.39,,,0,trial
2026-07-07T20:35:26,reactive_hot_humid_bursty_r2,reactive,hot_humid,bursty,2,32.262,31.962,31.762,29.262,25.0,45.0,60.0,,0.0,0.0,30.4,,,0,trial
2026-07-07T20:35:26,reactive_hot_humid_bursty_r2,reactive,hot_humid,bursty,2,32.269,31.969,31.769,29.269,25.0,45.0,60.0,,0.0,0.0,30.4,,,0,trial
2026-07-07T20:35:26,reactive_hot_humid_bursty_r2,reactive,hot_humid,bursty,2,32.277,31.977,31.777,29.277,25.0,45.0,60.0,,0.0,0.0,30.4,,,0,trial
2026-07-07T20:35:26,reactive_hot_humid_bursty_r2,reactive,hot_humid,bursty,2,32.284,31.984,31.784,29.284,25.0,45.0,60.0,,0.0,0.0,30.4,,,0,trial
2026-07-07T20:35:26,reactive_hot_humid_bursty_r2,reactive,hot_humid,bursty,2,32.291,31.991,31.791,29.291,25.0,45.0,60.0,,0.0,0.0,30.4,,,0,trial
2026-07-07T20:35:26,reactive_hot_humid_bursty_r2,reactive,hot_humid,bursty,2,32.298,31.998,31.798,29.298,25.0,45.0,60.0,,0.0,0.0,30.41,,,0,trial
2026-07-07T20:35:26,reactive_hot_humid_bursty_r2,reactive,hot_humid,bursty,2,32.305,32.005,31.805,29.305,25.0,45.0,60.0,,0.0,0.0,30.41,,,0,trial
2026-07-07T20:35:26,reactive_hot_humid_bursty_r2,reactive,hot_humid,bursty,2,32.312,32.012,31.812,29.312,25.0,45.0,60.0,,0.0,0.0,30.41,,,0,trial
2026-07-07T20:35:26,reactive_hot_humid_bursty_r2,reactive,hot_humid,bursty,2,32.319,32.019,31.819,29.319,25.0,45.0,60.0,,0.0,0.0,30.41,,,0,trial
2026-07-07T20:35:26,reactive_hot_humid_bursty_r2,reactive,hot_humid,bursty,2,32.327,32.027,31.827,29.327,25.0,45.0,60.0,,0.0,0.0,30.42,,,0,trial
2026-07-07T20:35:26,reactive_hot_humid_bursty_r2,reactive,hot_humid,bursty,2,32.334,32.034,31.834,29.334,25.0,45.0,60.0,,0.0,0.0,30.42,,,0,trial
2026-07-07T20:35:26,reactive_hot_humid_bursty_r2,reactive,hot_humid,bursty,2,32.341,32.041,31.841,29.341,25.0,45.0,60.0,,0.0,0.0,30.42,,,0,trial
2026-07-07T20:35:26,reactive_hot_humid_bursty_r2,reactive,hot_humid,bursty,2,32.348,32.048,31.848,29.348,25.0,45.0,60.0,,0.0,0.0,30.42,,,0,trial
2026-07-07T20:35:26,reactive_hot_humid_bursty_r2,reactive,hot_humid,bursty,2,32.355,32.055,31.855,29.355,25.0,45.0,60.0,,0.0,0.0,30.43,,,0,trial
2026-07-07T20:35:26,reactive_hot_humid_bursty_r2,reactive,hot_humid,bursty,2,32.362,32.062,31.862,29.362,25.0,45.0,60.0,,0.0,0.0,30.43,,,0,trial
2026-07-07T20:35:26,reactive_hot_humid_bursty_r2,reactive,hot_humid,bursty,2,32.369,32.069,31.869,29.369,25.0,45.0,60.0,,0.0,0.0,30.43,,,0,trial
2026-07-07T20:35:26,reactive_hot_humid_bursty_r2,reactive,hot_humid,bursty,2,32.376,32.076,31.876,29.376,25.0,45.0,60.0,,0.0,0.0,30.43,,,0,trial
2026-07-07T20:35:26,reactive_hot_humid_bursty_r2,reactive,hot_humid,bursty,2,32.383,32.083,31.883,29.383,25.0,45.0,60.0,,0.0,0.0,30.44,,,0,trial
2026-07-07T20:35:26,reactive_hot_humid_bursty_r2,reactive,hot_humid,bursty,2,32.391,32.091,31.891,29.391,25.0,45.0,60.0,,0.0,0.0,30.44,,,0,trial
2026-07-07T20:35:26,reactive_hot_humid_bursty_r2,reactive,hot_humid,bursty,2,32.398,32.098,31.898,29.398,25.0,45.0,60.0,,0.0,0.0,30.44,,,0,trial
2026-07-07T20:35:26,reactive_hot_humid_bursty_r2,reactive,hot_humid,bursty,2,32.405,32.105,31.905,29.405,25.0,45.0,60.0,,0.0,0.0,30.44,,,0,trial
2026-07-07T20:35:26,reactive_hot_humid_bursty_r2,reactive,hot_humid,bursty,2,32.412,32.112,31.912,29.412,25.0,45.0,60.0,,0.0,0.0,30.45,,,0,trial
2026-07-07T20:35:26,reactive_hot_humid_bursty_r2,reactive,hot_humid,bursty,2,32.419,32.119,31.919,29.419,25.0,45.0,60.0,,0.0,0.0,30.45,,,0,trial
2026-07-07T20:35:26,reactive_hot_humid_bursty_r2,reactive,hot_humid,bursty,2,32.426,32.126,31.926,29.426,25.0,45.0,60.0,,0.0,0.0,30.45,,,0,trial
2026-07-07T20:35:26,reactive_hot_humid_bursty_r2,reactive,hot_humid,bursty,2,32.433,32.133,31.933,29.433,25.0,45.0,60.0,,0.0,0.0,30.45,,,0,trial
2026-07-07T20:35:26,reactive_hot_humid_bursty_r2,reactive,hot_humid,bursty,2,32.44,32.14,31.94,29.44,25.0,45.0,60.0,,0.0,0.0,30.46,,,0,trial
2026-07-07T20:35:26,reactive_hot_humid_bursty_r2,reactive,hot_humid,bursty,2,32.448,32.148,31.948,29.448,25.0,45.0,60.0,,0.0,0.0,30.46,,,0,trial
2026-07-07T20:35:26,reactive_hot_humid_bursty_r2,reactive,hot_humid,bursty,2,32.455,32.155,31.955,29.455,25.0,45.0,60.0,,0.0,0.0,30.46,,,0,trial
2026-07-07T20:35:26,reactive_hot_humid_bursty_r2,reactive,hot_humid,bursty,2,32.462,32.162,31.962,29.462,25.0,45.0,60.0,,0.0,0.0,30.47,,,0,trial
2026-07-07T20:35:26,reactive_hot_humid_bursty_r2,reactive,hot_humid,bursty,2,32.469,32.169,31.969,29.469,25.0,45.0,60.0,,0.0,0.0,30.47,,,0,trial
2026-07-07T20:35:26,reactive_hot_humid_bursty_r2,reactive,hot_humid,bursty,2,32.476,32.176,31.976,29.476,25.0,45.0,60.0,,0.0,0.0,30.47,,,0,trial
2026-07-07T20:35:26,reactive_hot_humid_bursty_r2,reactive,hot_humid,bursty,2,32.483,32.183,31.983,29.483,25.0,45.0,60.0,,0.0,0.0,30.47,,,0,trial
2026-07-07T20:35:26,reactive_hot_humid_bursty_r2,reactive,hot_humid,bursty,2,32.49,32.19,31.99,29.49,25.0,45.0,60.0,,0.0,0.0,30.48,,,0,trial
2026-07-07T20:35:26,reactive_hot_humid_bursty_r2,reactive,hot_humid,bursty,2,32.497,32.197,31.997,29.497,25.0,45.0,60.0,,0.0,0.0,30.48,,,0,trial
2026-07-07T20:35:26,reactive_hot_humid_bursty_r2,reactive,hot_humid,bursty,2,32.504,32.204,32.004,29.504,25.0,45.0,60.0,,0.0,0.0,30.48,,,0,trial
2026-07-07T20:35:26,reactive_hot_humid_bursty_r2,reactive,hot_humid,bursty,2,32.511,32.211,32.011,29.511,25.0,45.0,60.0,,0.0,0.0,30.49,,,0,trial
2026-07-07T20:35:26,reactive_hot_humid_bursty_r2,reactive,hot_humid,bursty,2,32.519,32.219,32.019,29.519,25.0,45.0,60.0,,0.0,0.0,30.49,,,0,trial
2026-07-07T20:35:26,reactive_hot_humid_bursty_r2,reactive,hot_humid,bursty,2,32.526,32.226,32.026,29.526,25.0,45.0,60.0,,0.0,0.0,30.49,,,0,trial
2026-07-07T20:35:26,reactive_hot_humid_bursty_r2,reactive,hot_humid,bursty,2,32.533,32.233,32.033,29.533,25.0,45.0,60.0,,0.0,0.0,30.49,,,0,trial
2026-07-07T20:35:26,reactive_hot_humid_bursty_r2,reactive,hot_humid,bursty,2,32.54,32.24,32.04,29.54,25.0,45.0,60.0,,0.0,0.0,30.5,,,0,trial
2026-07-07T20:35:26,reactive_hot_humid_bursty_r2,reactive,hot_humid,bursty,2,32.547,32.247,32.047,29.547,25.0,45.0,60.0,,0.0,0.0,30.5,,,0,trial
2026-07-07T20:35:26,reactive_hot_humid_bursty_r2,reactive,hot_humid,bursty,2,32.554,32.254,32.054,29.554,25.0,45.0,60.0,,0.0,0.0,30.5,,,0,trial
2026-07-07T20:35:26,reactive_hot_humid_bursty_r2,reactive,hot_humid,bursty,2,32.561,32.261,32.061,29.561,25.0,45.0,60.0,,0.0,0.0,30.51,,,0,trial
2026-07-07T20:35:26,reactive_hot_humid_bursty_r2,reactive,hot_humid,bursty,2,32.568,32.268,32.068,29.568,25.0,45.0,60.0,,0.0,0.0,30.51,,,0,trial
2026-07-07T20:35:26,reactive_hot_humid_bursty_r2,reactive,hot_humid,bursty,2,32.575,32.275,32.075,29.575,25.0,45.0,60.0,,0.0,0.0,30.51,,,0,trial
2026-07-07T20:35:26,reactive_hot_humid_bursty_r2,reactive,hot_humid,bursty,2,32.582,32.282,32.082,29.582,25.0,45.0,60.0,,0.0,0.0,30.51,,,0,trial
2026-07-07T20:35:26,reactive_hot_humid_bursty_r2,reactive,hot_humid,bursty,2,32.59,32.29,32.09,29.59,25.0,45.0,60.0,,0.0,0.0,30.52,,,0,trial
2026-07-07T20:35:26,reactive_hot_humid_bursty_r2,reactive,hot_humid,bursty,2,32.597,32.297,32.097,29.597,25.0,45.0,60.0,,0.0,0.0,30.52,,,0,trial
2026-07-07T20:35:26,reactive_hot_humid_bursty_r2,reactive,hot_humid,bursty,2,32.604,32.304,32.104,29.604,25.0,45.0,60.0,,0.0,0.0,30.52,,,0,trial
2026-07-07T20:35:26,reactive_hot_humid_bursty_r2,reactive,hot_humid,bursty,2,32.611,32.311,32.111,29.611,25.0,45.0,60.0,,0.0,0.0,30.53,,,0,trial
2026-07-07T20:35:26,reactive_hot_humid_bursty_r2,reactive,hot_humid,bursty,2,32.618,32.318,32.118,29.618,25.0,45.0,60.0,,0.0,0.0,30.53,,,0,trial
2026-07-07T20:35:26,reactive_hot_humid_bursty_r2,reactive,hot_humid,bursty,2,32.625,32.325,32.125,29.625,25.0,45.0,60.0,,0.0,0.0,30.53,,,0,trial
2026-07-07T20:35:26,reactive_hot_humid_bursty_r2,reactive,hot_humid,bursty,2,32.632,32.332,32.132,29.632,25.0,45.0,60.0,,0.0,0.0,30.54,,,0,trial
2026-07-07T20:35:26,reactive_hot_humid_bursty_r2,reactive,hot_humid,bursty,2,32.639,32.339,32.139,29.639,25.0,45.0,60.0,,0.0,0.0,30.54,,,0,trial
2026-07-07T20:35:26,reactive_hot_humid_bursty_r2,reactive,hot_humid,bursty,2,32.646,32.346,32.146,29.646,25.0,45.0,60.0,,0.0,0.0,30.54,,,0,trial
2026-07-07T20:35:26,reactive_hot_humid_bursty_r2,reactive,hot_humid,bursty,2,32.653,32.353,32.153,29.653,25.0,45.0,60.0,,0.0,0.0,30.55,,,0,trial
2026-07-07T20:35:26,reactive_hot_humid_bursty_r2,reactive,hot_humid,bursty,2,32.661,32.361,32.161,29.661,25.0,45.0,60.0,,0.0,0.0,30.55,,,0,trial
2026-07-07T20:35:26,reactive_hot_humid_bursty_r2,reactive,hot_humid,bursty,2,32.668,32.368,32.168,29.668,25.0,45.0,60.0,,0.0,0.0,30.55,,,0,trial
2026-07-07T20:35:26,reactive_hot_humid_bursty_r2,reactive,hot_humid,bursty,2,32.675,32.375,32.175,29.675,25.0,45.0,60.0,,0.0,0.0,30.56,,,0,trial
2026-07-07T20:35:26,reactive_hot_humid_bursty_r2,reactive,hot_humid,bursty,2,32.682,32.382,32.182,29.682,25.0,45.0,60.0,,0.0,0.0,30.56,,,0,trial
2026-07-07T20:35:26,reactive_hot_humid_bursty_r2,reactive,hot_humid,bursty,2,32.689,32.389,32.189,29.689,25.0,45.0,60.0,,0.0,0.0,30.56,,,0,trial
2026-07-07T20:35:26,reactive_hot_humid_bursty_r2,reactive,hot_humid,bursty,2,32.696,32.396,32.196,29.696,25.0,45.0,60.0,,0.0,0.0,30.57,,,0,trial
2026-07-07T20:35:26,reactive_hot_humid_bursty_r2,reactive,hot_humid,bursty,2,32.703,32.403,32.203,29.703,25.0,45.0,60.0,,0.0,0.0,30.57,,,0,trial
2026-07-07T20:35:26,reactive_hot_humid_bursty_r2,reactive,hot_humid,bursty,2,32.71,32.41,32.21,29.71,25.0,45.0,60.0,,0.0,0.0,30.57,,,0,trial
2026-07-07T20:35:26,reactive_hot_humid_bursty_r2,reactive,hot_humid,bursty,2,32.717,32.417,32.217,29.717,25.0,45.0,60.0,,0.0,0.0,30.58,,,0,trial
2026-07-07T20:35:26,reactive_hot_humid_bursty_r2,reactive,hot_humid,bursty,2,32.724,32.424,32.224,29.724,25.0,45.0,60.0,,0.0,0.0,30.58,,,0,trial
2026-07-07T20:35:26,reactive_hot_humid_bursty_r2,reactive,hot_humid,bursty,2,32.742,32.442,32.242,29.742,25.0,45.0,140.0,,0.0,0.0,30.58,,,0,trial
2026-07-07T20:35:26,reactive_hot_humid_bursty_r2,reactive,hot_humid,bursty,2,32.754,32.454,32.254,29.754,25.0,45.0,140.0,,100.0,2.0,30.59,,,0,trial
2026-07-07T20:35:26,reactive_hot_humid_bursty_r2,reactive,hot_humid,bursty,2,32.766,32.466,32.266,29.766,25.0,45.0,140.0,,100.0,2.0,30.59,,,0,trial
2026-07-07T20:35:26,reactive_hot_humid_bursty_r2,reactive,hot_humid,bursty,2,32.779,32.479,32.279,29.779,25.0,45.0,140.0,,100.0,2.0,30.59,,,0,trial
2026-07-07T20:35:26,reactive_hot_humid_bursty_r2,reactive,hot_humid,bursty,2,32.791,32.491,32.291,29.791,25.0,45.0,140.0,,100.0,2.0,30.6,,,0,trial
2026-07-07T20:35:26,reactive_hot_humid_bursty_r2,reactive,hot_humid,bursty,2,32.803,32.503,32.303,29.803,25.0,45.0,140.0,,100.0,2.0,30.6,,,0,trial
2026-07-07T20:35:26,reactive_hot_humid_bursty_r2,reactive,hot_humid,bursty,2,32.816,32.516,32.316,29.816,25.0,45.0,140.0,,100.0,2.0,30.6,,,0,trial
2026-07-07T20:35:26,reactive_hot_humid_bursty_r2,reactive,hot_humid,bursty,2,32.828,32.528,32.328,29.828,25.0,45.0,140.0,,100.0,2.0,30.61,,,0,trial
2026-07-07T20:35:26,reactive_hot_humid_bursty_r2,reactive,hot_humid,bursty,2,32.84,32.54,32.34,29.84,25.0,45.0,140.0,,100.0,2.0,30.61,,,0,trial
2026-07-07T20:35:26,reactive_hot_humid_bursty_r2,reactive,hot_humid,bursty,2,32.852,32.552,32.352,29.852,25.0,45.0,140.0,,100.0,2.0,30.61,,,0,trial
2026-07-07T20:35:26,reactive_hot_humid_bursty_r2,reactive,hot_humid,bursty,2,32.865,32.565,32.365,29.865,25.0,45.0,140.0,,100.0,2.0,30.62,,,0,trial
2026-07-07T20:35:26,reactive_hot_humid_bursty_r2,reactive,hot_humid,bursty,2,32.877,32.577,32.377,29.877,25.0,45.0,140.0,,100.0,2.0,30.62,,,0,trial
2026-07-07T20:35:26,reactive_hot_humid_bursty_r2,reactive,hot_humid,bursty,2,32.889,32.589,32.389,29.889,25.0,45.0,140.0,,100.0,2.0,30.63,,,0,trial
2026-07-07T20:35:26,reactive_hot_humid_bursty_r2,reactive,hot_humid,bursty,2,32.901,32.601,32.401,29.901,25.0,45.0,140.0,,100.0,2.0,30.63,,,0,trial
2026-07-07T20:35:26,reactive_hot_humid_bursty_r2,reactive,hot_humid,bursty,2,32.913,32.613,32.413,29.913,25.0,45.0,140.0,,100.0,2.0,30.63,,,0,trial
2026-07-07T20:35:26,reactive_hot_humid_bursty_r2,reactive,hot_humid,bursty,2,32.926,32.626,32.426,29.926,25.0,45.0,140.0,,100.0,2.0,30.64,,,0,trial
2026-07-07T20:35:26,reactive_hot_humid_bursty_r2,reactive,hot_humid,bursty,2,32.938,32.638,32.438,29.938,25.0,45.0,140.0,,100.0,2.0,30.64,,,0,trial
2026-07-07T20:35:26,reactive_hot_humid_bursty_r2,reactive,hot_humid,bursty,2,32.95,32.65,32.45,29.95,25.0,45.0,140.0,,100.0,2.0,30.64,,,0,trial
2026-07-07T20:35:26,reactive_hot_humid_bursty_r2,reactive,hot_humid,bursty,2,32.962,32.662,32.462,29.962,25.0,45.0,140.0,,100.0,2.0,30.65,,,0,trial
2026-07-07T20:35:26,reactive_hot_humid_bursty_r2,reactive,hot_humid,bursty,2,32.974,32.674,32.474,29.974,25.0,45.0,140.0,,100.0,2.0,30.65,,,0,trial
2026-07-07T20:35:26,reactive_hot_humid_bursty_r2,reactive,hot_humid,bursty,2,32.986,32.686,32.486,29.986,25.0,45.0,140.0,,100.0,2.0,30.66,,,0,trial
2026-07-07T20:35:26,reactive_hot_humid_bursty_r2,reactive,hot_humid,bursty,2,32.998,32.698,32.498,29.998,25.0,45.0,140.0,,100.0,2.0,30.66,,,0,trial
2026-07-07T20:35:26,reactive_hot_humid_bursty_r2,reactive,hot_humid,bursty,2,33.01,32.71,32.51,30.01,25.0,45.0,140.0,,100.0,2.0,30.66,,,0,trial
2026-07-07T20:35:26,reactive_hot_humid_bursty_r2,reactive,hot_humid,bursty,2,33.023,32.723,32.523,30.023,25.0,45.0,140.0,,100.0,2.0,30.67,,,0,trial
2026-07-07T20:35:26,reactive_hot_humid_bursty_r2,reactive,hot_humid,bursty,2,33.035,32.735,32.535,30.035,25.0,45.0,140.0,,100.0,2.0,30.67,,,0,trial
2026-07-07T20:35:26,reactive_hot_humid_bursty_r2,reactive,hot_humid,bursty,2,33.047,32.747,32.547,30.047,25.0,45.0,140.0,,100.0,2.0,30.68,,,0,trial
2026-07-07T20:35:26,reactive_hot_humid_bursty_r2,reactive,hot_humid,bursty,2,33.059,32.759,32.559,30.059,25.0,45.0,140.0,,100.0,2.0,30.68,,,0,trial
2026-07-07T20:35:26,reactive_hot_humid_bursty_r2,reactive,hot_humid,bursty,2,33.071,32.771,32.571,30.071,25.0,45.0,140.0,,100.0,2.0,30.68,,,0,trial
2026-07-07T20:35:26,reactive_hot_humid_bursty_r2,reactive,hot_humid,bursty,2,33.083,32.783,32.583,30.083,25.0,45.0,140.0,,100.0,2.0,30.69,,,0,trial
2026-07-07T20:35:26,reactive_hot_humid_bursty_r2,reactive,hot_humid,bursty,2,33.095,32.795,32.595,30.095,25.0,45.0,140.0,,100.0,2.0,30.69,,,0,trial
2026-07-07T20:35:26,reactive_hot_humid_bursty_r2,reactive,hot_humid,bursty,2,33.107,32.807,32.607,30.107,25.0,45.0,140.0,,100.0,2.0,30.7,,,0,trial
2026-07-07T20:35:26,reactive_hot_humid_bursty_r2,reactive,hot_humid,bursty,2,33.119,32.819,32.619,30.119,25.0,45.0,140.0,,100.0,2.0,30.7,,,0,trial
2026-07-07T20:35:26,reactive_hot_humid_bursty_r2,reactive,hot_humid,bursty,2,33.131,32.831,32.631,30.131,25.0,45.0,140.0,,100.0,2.0,30.7,,,0,trial
2026-07-07T20:35:26,reactive_hot_humid_bursty_r2,reactive,hot_humid,bursty,2,33.143,32.843,32.643,30.143,25.0,45.0,140.0,,100.0,2.0,30.71,,,0,trial
2026-07-07T20:35:26,reactive_hot_humid_bursty_r2,reactive,hot_humid,bursty,2,33.155,32.855,32.655,30.155,25.0,45.0,140.0,,100.0,2.0,30.71,,,0,trial
2026-07-07T20:35:26,reactive_hot_humid_bursty_r2,reactive,hot_humid,bursty,2,33.167,32.867,32.667,30.167,25.0,45.0,140.0,,100.0,2.0,30.72,,,0,trial
2026-07-07T20:35:26,reactive_hot_humid_bursty_r2,reactive,hot_humid,bursty,2,33.179,32.879,32.679,30.179,25.0,45.0,140.0,,100.0,2.0,30.72,,,0,trial
2026-07-07T20:35:26,reactive_hot_humid_bursty_r2,reactive,hot_humid,bursty,2,33.191,32.891,32.691,30.191,25.0,45.0,140.0,,100.0,2.0,30.72,,,0,trial
2026-07-07T20:35:26,reactive_hot_humid_bursty_r2,reactive,hot_humid,bursty,2,33.203,32.903,32.703,30.203,25.0,45.0,140.0,,100.0,2.0,30.73,,,0,trial
2026-07-07T20:35:26,reactive_hot_humid_bursty_r2,reactive,hot_humid,bursty,2,33.215,32.915,32.715,30.215,25.0,45.0,140.0,,100.0,2.0,30.73,,,0,trial
2026-07-07T20:35:26,reactive_hot_humid_bursty_r2,reactive,hot_humid,bursty,2,33.227,32.927,32.727,30.227,25.0,45.0,140.0,,100.0,2.0,30.74,,,0,trial
2026-07-07T20:35:26,reactive_hot_humid_bursty_r2,reactive,hot_humid,bursty,2,33.239,32.939,32.739,30.239,25.0,45.0,140.0,,100.0,2.0,30.74,,,0,trial
2026-07-07T20:35:26,reactive_hot_humid_bursty_r2,reactive,hot_humid,bursty,2,33.251,32.951,32.751,30.251,25.0,45.0,140.0,,100.0,2.0,30.75,,,0,trial
2026-07-07T20:35:26,reactive_hot_humid_bursty_r2,reactive,hot_humid,bursty,2,33.262,32.962,32.762,30.262,25.0,45.0,140.0,,100.0,2.0,30.75,,,0,trial
2026-07-07T20:35:26,reactive_hot_humid_bursty_r2,reactive,hot_humid,bursty,2,33.274,32.974,32.774,30.274,25.0,45.0,140.0,,100.0,2.0,30.75,,,0,trial
2026-07-07T20:35:26,reactive_hot_humid_bursty_r2,reactive,hot_humid,bursty,2,33.286,32.986,32.786,30.286,25.0,45.0,140.0,,100.0,2.0,30.76,,,0,trial
2026-07-07T20:35:26,reactive_hot_humid_bursty_r2,reactive,hot_humid,bursty,2,33.298,32.998,32.798,30.298,25.0,45.0,140.0,,100.0,2.0,30.76,,,0,trial
2026-07-07T20:35:26,reactive_hot_humid_bursty_r2,reactive,hot_humid,bursty,2,33.31,33.01,32.81,30.31,25.0,45.0,140.0,,100.0,2.0,30.77,,,0,trial
2026-07-07T20:35:26,reactive_hot_humid_bursty_r2,reactive,hot_humid,bursty,2,33.322,33.022,32.822,30.322,25.0,45.0,140.0,,100.0,2.0,30.77,,,0,trial
2026-07-07T20:35:26,reactive_hot_humid_bursty_r2,reactive,hot_humid,bursty,2,33.334,33.034,32.834,30.334,25.0,45.0,140.0,,100.0,2.0,30.78,,,0,trial
2026-07-07T20:35:26,reactive_hot_humid_bursty_r2,reactive,hot_humid,bursty,2,33.346,33.046,32.846,30.346,25.0,45.0,140.0,,100.0,2.0,30.78,,,0,trial
2026-07-07T20:35:26,reactive_hot_humid_bursty_r2,reactive,hot_humid,bursty,2,33.357,33.057,32.857,30.357,25.0,45.0,140.0,,100.0,2.0,30.79,,,0,trial
2026-07-07T20:35:26,reactive_hot_humid_bursty_r2,reactive,hot_humid,bursty,2,33.369,33.069,32.869,30.369,25.0,45.0,140.0,,100.0,2.0,30.79,,,0,trial
2026-07-07T20:35:26,reactive_hot_humid_bursty_r2,reactive,hot_humid,bursty,2,33.381,33.081,32.881,30.381,25.0,45.0,140.0,,100.0,2.0,30.79,,,0,trial
2026-07-07T20:35:26,reactive_hot_humid_bursty_r2,reactive,hot_humid,bursty,2,33.393,33.093,32.893,30.393,25.0,45.0,140.0,,100.0,2.0,30.8,,,0,trial
2026-07-07T20:35:26,reactive_hot_humid_bursty_r2,reactive,hot_humid,bursty,2,33.405,33.105,32.905,30.405,25.0,45.0,140.0,,100.0,2.0,30.8,,,0,trial
2026-07-07T20:35:26,reactive_hot_humid_bursty_r2,reactive,hot_humid,bursty,2,33.416,33.116,32.916,30.416,25.0,45.0,140.0,,100.0,2.0,30.81,,,0,trial
2026-07-07T20:35:26,reactive_hot_humid_bursty_r2,reactive,hot_humid,bursty,2,33.428,33.128,32.928,30.428,25.0,45.0,140.0,,100.0,2.0,30.81,,,0,trial
2026-07-07T20:35:26,reactive_hot_humid_bursty_r2,reactive,hot_humid,bursty,2,33.44,33.14,32.94,30.44,25.0,45.0,140.0,,100.0,2.0,30.82,,,0,trial
2026-07-07T20:35:26,reactive_hot_humid_bursty_r2,reactive,hot_humid,bursty,2,33.452,33.152,32.952,30.452,25.0,45.0,140.0,,100.0,2.0,30.82,,,0,trial
2026-07-07T20:35:26,reactive_hot_humid_bursty_r2,reactive,hot_humid,bursty,2,33.463,33.163,32.963,30.463,25.0,45.0,140.0,,100.0,2.0,30.83,,,0,trial
2026-07-07T20:35:26,reactive_hot_humid_bursty_r2,reactive,hot_humid,bursty,2,33.475,33.175,32.975,30.475,25.0,45.0,140.0,,100.0,2.0,30.83,,,0,trial
2026-07-07T20:35:26,reactive_hot_humid_bursty_r2,reactive,hot_humid,bursty,2,33.487,33.187,32.987,30.487,25.0,45.0,140.0,,100.0,2.0,30.84,,,0,trial
2026-07-07T20:35:26,reactive_hot_humid_bursty_r2,reactive,hot_humid,bursty,2,33.499,33.199,32.999,30.499,25.0,45.0,140.0,,100.0,2.0,30.84,,,0,trial
2026-07-07T20:35:26,reactive_hot_humid_bursty_r2,reactive,hot_humid,bursty,2,33.51,33.21,33.01,30.51,25.0,45.0,140.0,,100.0,2.0,30.85,,,0,trial
2026-07-07T20:35:26,reactive_hot_humid_bursty_r2,reactive,hot_humid,bursty,2,33.522,33.222,33.022,30.522,25.0,45.0,140.0,,100.0,2.0,30.85,,,0,trial
2026-07-07T20:35:26,reactive_hot_humid_bursty_r2,reactive,hot_humid,bursty,2,33.534,33.234,33.034,30.534,25.0,45.0,140.0,,100.0,2.0,30.86,,,0,trial
2026-07-07T20:35:26,reactive_hot_humid_bursty_r2,reactive,hot_humid,bursty,2,33.545,33.245,33.045,30.545,25.0,45.0,140.0,,100.0,2.0,30.86,,,0,trial
2026-07-07T20:35:26,reactive_hot_humid_bursty_r2,reactive,hot_humid,bursty,2,33.557,33.257,33.057,30.557,25.0,45.0,140.0,,100.0,2.0,30.87,,,0,trial
2026-07-07T20:35:26,reactive_hot_humid_bursty_r2,reactive,hot_humid,bursty,2,33.569,33.269,33.069,30.569,25.0,45.0,140.0,,100.0,2.0,30.87,,,0,trial
2026-07-07T20:35:26,reactive_hot_humid_bursty_r2,reactive,hot_humid,bursty,2,33.58,33.28,33.08,30.58,25.0,45.0,140.0,,100.0,2.0,30.88,,,0,trial
2026-07-07T20:35:26,reactive_hot_humid_bursty_r2,reactive,hot_humid,bursty,2,33.592,33.292,33.092,30.592,25.0,45.0,140.0,,100.0,2.0,30.88,,,0,trial
2026-07-07T20:35:26,reactive_hot_humid_bursty_r2,reactive,hot_humid,bursty,2,33.604,33.304,33.104,30.604,25.0,45.0,140.0,,100.0,2.0,30.89,,,0,trial
2026-07-07T20:35:26,reactive_hot_humid_bursty_r2,reactive,hot_humid,bursty,2,33.615,33.315,33.115,30.615,25.0,45.0,140.0,,100.0,2.0,30.89,,,0,trial
2026-07-07T20:35:26,reactive_hot_humid_bursty_r2,reactive,hot_humid,bursty,2,33.627,33.327,33.127,30.627,25.0,45.0,140.0,,100.0,2.0,30.9,,,0,trial
2026-07-07T20:35:26,reactive_hot_humid_bursty_r2,reactive,hot_humid,bursty,2,33.639,33.339,33.139,30.639,25.0,45.0,140.0,,100.0,2.0,30.9,,,0,trial
2026-07-07T20:35:26,reactive_hot_humid_bursty_r2,reactive,hot_humid,bursty,2,33.65,33.35,33.15,30.65,25.0,45.0,140.0,,100.0,2.0,30.91,,,0,trial
2026-07-07T20:35:26,reactive_hot_humid_bursty_r2,reactive,hot_humid,bursty,2,33.662,33.362,33.162,30.662,25.0,45.0,140.0,,100.0,2.0,30.91,,,0,trial
2026-07-07T20:35:26,reactive_hot_humid_bursty_r2,reactive,hot_humid,bursty,2,33.673,33.373,33.173,30.673,25.0,45.0,140.0,,100.0,2.0,30.92,,,0,trial
2026-07-07T20:35:26,reactive_hot_humid_bursty_r2,reactive,hot_humid,bursty,2,33.685,33.385,33.185,30.685,25.0,45.0,140.0,,100.0,2.0,30.92,,,0,trial
2026-07-07T20:35:26,reactive_hot_humid_bursty_r2,reactive,hot_humid,bursty,2,33.697,33.397,33.197,30.697,25.0,45.0,140.0,,100.0,2.0,30.93,,,0,trial
2026-07-07T20:35:26,reactive_hot_humid_bursty_r2,reactive,hot_humid,bursty,2,33.708,33.408,33.208,30.708,25.0,45.0,140.0,,100.0,2.0,30.93,,,0,trial
2026-07-07T20:35:26,reactive_hot_humid_bursty_r2,reactive,hot_humid,bursty,2,33.72,33.42,33.22,30.72,25.0,45.0,140.0,,100.0,2.0,30.94,,,0,trial
2026-07-07T20:35:26,reactive_hot_humid_bursty_r2,reactive,hot_humid,bursty,2,33.731,33.431,33.231,30.731,25.0,45.0,140.0,,100.0,2.0,30.94,,,0,trial
2026-07-07T20:35:26,reactive_hot_humid_bursty_r2,reactive,hot_humid,bursty,2,33.743,33.443,33.243,30.743,25.0,45.0,140.0,,100.0,2.0,30.95,,,0,trial
2026-07-07T20:35:26,reactive_hot_humid_bursty_r2,reactive,hot_humid,bursty,2,33.754,33.454,33.254,30.754,25.0,45.0,140.0,,100.0,2.0,30.95,,,0,trial
2026-07-07T20:35:26,reactive_hot_humid_bursty_r2,reactive,hot_humid,bursty,2,33.766,33.466,33.266,30.766,25.0,45.0,140.0,,100.0,2.0,30.96,,,0,trial
2026-07-07T20:35:26,reactive_hot_humid_bursty_r2,reactive,hot_humid,bursty,2,33.777,33.477,33.277,30.777,25.0,45.0,140.0,,100.0,2.0,30.97,,,0,trial
2026-07-07T20:35:26,reactive_hot_humid_bursty_r2,reactive,hot_humid,bursty,2,33.789,33.489,33.289,30.789,25.0,45.0,140.0,,100.0,2.0,30.97,,,0,trial
2026-07-07T20:35:26,reactive_hot_humid_bursty_r2,reactive,hot_humid,bursty,2,33.8,33.5,33.3,30.8,25.0,45.0,140.0,,100.0,2.0,30.98,,,0,trial
2026-07-07T20:35:26,reactive_hot_humid_bursty_r2,reactive,hot_humid,bursty,2,33.812,33.512,33.312,30.812,25.0,45.0,140.0,,100.0,2.0,30.98,,,0,trial
2026-07-07T20:35:26,reactive_hot_humid_bursty_r2,reactive,hot_humid,bursty,2,33.823,33.523,33.323,30.823,25.0,45.0,140.0,,100.0,2.0,30.99,,,0,trial
2026-07-07T20:35:26,reactive_hot_humid_bursty_r2,reactive,hot_humid,bursty,2,33.835,33.535,33.335,30.835,25.0,45.0,140.0,,100.0,2.0,30.99,,,0,trial
2026-07-07T20:35:26,reactive_hot_humid_bursty_r2,reactive,hot_humid,bursty,2,33.846,33.546,33.346,30.846,25.0,45.0,140.0,,100.0,2.0,31.0,,,0,trial
2026-07-07T20:35:26,reactive_hot_humid_bursty_r2,reactive,hot_humid,bursty,2,33.857,33.557,33.357,30.857,25.0,45.0,140.0,,100.0,2.0,31.0,,,0,trial
2026-07-07T20:35:26,reactive_hot_humid_bursty_r2,reactive,hot_humid,bursty,2,33.869,33.569,33.369,30.869,25.0,45.0,140.0,,100.0,2.0,31.01,,,0,trial
2026-07-07T20:35:26,reactive_hot_humid_bursty_r2,reactive,hot_humid,bursty,2,33.88,33.58,33.38,30.88,25.0,45.0,140.0,,100.0,2.0,31.02,,,0,trial
2026-07-07T20:35:26,reactive_hot_humid_bursty_r2,reactive,hot_humid,bursty,2,33.892,33.592,33.392,30.892,25.0,45.0,140.0,,100.0,2.0,31.02,,,0,trial
2026-07-07T20:35:26,reactive_hot_humid_bursty_r2,reactive,hot_humid,bursty,2,33.903,33.603,33.403,30.903,25.0,45.0,140.0,,100.0,2.0,31.03,,,0,trial
2026-07-07T20:35:26,reactive_hot_humid_bursty_r2,reactive,hot_humid,bursty,2,33.915,33.615,33.415,30.915,25.0,45.0,140.0,,100.0,2.0,31.03,,,0,trial
2026-07-07T20:35:26,reactive_hot_humid_bursty_r2,reactive,hot_humid,bursty,2,33.926,33.626,33.426,30.926,25.0,45.0,140.0,,100.0,2.0,31.04,,,0,trial
2026-07-07T20:35:26,reactive_hot_humid_bursty_r2,reactive,hot_humid,bursty,2,33.937,33.637,33.437,30.937,25.0,45.0,140.0,,100.0,2.0,31.04,,,0,trial
2026-07-07T20:35:26,reactive_hot_humid_bursty_r2,reactive,hot_humid,bursty,2,33.949,33.649,33.449,30.949,25.0,45.0,140.0,,100.0,2.0,31.05,,,0,trial
2026-07-07T20:35:26,reactive_hot_humid_bursty_r2,reactive,hot_humid,bursty,2,33.96,33.66,33.46,30.96,25.0,45.0,140.0,,100.0,2.0,31.06,,,0,trial
2026-07-07T20:35:26,reactive_hot_humid_bursty_r2,reactive,hot_humid,bursty,2,33.971,33.671,33.471,30.971,25.0,45.0,140.0,,100.0,2.0,31.06,,,0,trial
2026-07-07T20:35:26,reactive_hot_humid_bursty_r2,reactive,hot_humid,bursty,2,33.983,33.683,33.483,30.983,25.0,45.0,140.0,,100.0,2.0,31.07,,,0,trial
2026-07-07T20:35:26,reactive_hot_humid_bursty_r2,reactive,hot_humid,bursty,2,33.994,33.694,33.494,30.994,25.0,45.0,140.0,,100.0,2.0,31.07,,,0,trial
2026-07-07T20:35:26,reactive_hot_humid_bursty_r2,reactive,hot_humid,bursty,2,34.005,33.705,33.505,31.005,25.0,45.0,140.0,,100.0,2.0,31.08,,,0,trial
2026-07-07T20:35:26,reactive_hot_humid_bursty_r2,reactive,hot_humid,bursty,2,34.017,33.717,33.517,31.017,25.0,45.0,140.0,,100.0,2.0,31.09,,,0,trial
2026-07-07T20:35:26,reactive_hot_humid_bursty_r2,reactive,hot_humid,bursty,2,34.028,33.728,33.528,31.028,25.0,45.0,140.0,,100.0,2.0,31.09,,,0,trial
2026-07-07T20:35:26,reactive_hot_humid_bursty_r2,reactive,hot_humid,bursty,2,34.039,33.739,33.539,31.039,25.0,45.0,140.0,,100.0,2.0,31.1,,,0,trial
2026-07-07T20:35:26,reactive_hot_humid_bursty_r2,reactive,hot_humid,bursty,2,34.051,33.751,33.551,31.051,25.0,45.0,140.0,,100.0,2.0,31.1,,,0,trial
2026-07-07T20:35:26,reactive_hot_humid_bursty_r2,reactive,hot_humid,bursty,2,34.062,33.762,33.562,31.062,25.0,45.0,140.0,,100.0,2.0,31.11,,,0,trial
2026-07-07T20:35:26,reactive_hot_humid_bursty_r2,reactive,hot_humid,bursty,2,34.073,33.773,33.573,31.073,25.0,45.0,140.0,,100.0,2.0,31.12,,,0,trial
2026-07-07T20:35:26,reactive_hot_humid_bursty_r2,reactive,hot_humid,bursty,2,34.084,33.784,33.584,31.084,25.0,45.0,140.0,,100.0,2.0,31.12,,,0,trial
2026-07-07T20:35:26,reactive_hot_humid_bursty_r2,reactive,hot_humid,bursty,2,34.096,33.796,33.596,31.096,25.0,45.0,140.0,,100.0,2.0,31.13,,,0,trial
2026-07-07T20:35:26,reactive_hot_humid_bursty_r2,reactive,hot_humid,bursty,2,34.107,33.807,33.607,31.107,25.0,45.0,140.0,,100.0,2.0,31.14,,,0,trial
2026-07-07T20:35:26,reactive_hot_humid_bursty_r2,reactive,hot_humid,bursty,2,34.118,33.818,33.618,31.118,25.0,45.0,140.0,,100.0,2.0,31.14,,,0,trial
2026-07-07T20:35:26,reactive_hot_humid_bursty_r2,reactive,hot_humid,bursty,2,34.129,33.829,33.629,31.129,25.0,45.0,140.0,,100.0,2.0,31.15,,,0,trial
2026-07-07T20:35:26,reactive_hot_humid_bursty_r2,reactive,hot_humid,bursty,2,34.14,33.84,33.64,31.14,25.0,45.0,140.0,,100.0,2.0,31.15,,,0,trial
2026-07-07T20:35:26,reactive_hot_humid_bursty_r2,reactive,hot_humid,bursty,2,34.152,33.852,33.652,31.152,25.0,45.0,140.0,,100.0,2.0,31.16,,,0,trial
2026-07-07T20:35:26,reactive_hot_humid_bursty_r2,reactive,hot_humid,bursty,2,34.163,33.863,33.663,31.163,25.0,45.0,140.0,,100.0,2.0,31.17,,,0,trial
2026-07-07T20:35:26,reactive_hot_humid_bursty_r2,reactive,hot_humid,bursty,2,34.174,33.874,33.674,31.174,25.0,45.0,140.0,,100.0,2.0,31.17,,,0,trial
2026-07-07T20:35:26,reactive_hot_humid_bursty_r2,reactive,hot_humid,bursty,2,34.185,33.885,33.685,31.185,25.0,45.0,140.0,,100.0,2.0,31.18,,,0,trial
2026-07-07T20:35:26,reactive_hot_humid_bursty_r2,reactive,hot_humid,bursty,2,34.196,33.896,33.696,31.196,25.0,45.0,140.0,,100.0,2.0,31.19,,,0,trial
2026-07-07T20:35:26,reactive_hot_humid_bursty_r2,reactive,hot_humid,bursty,2,34.208,33.908,33.708,31.208,25.0,45.0,140.0,,100.0,2.0,31.19,,,0,trial
2026-07-07T20:35:26,reactive_hot_humid_bursty_r2,reactive,hot_humid,bursty,2,34.219,33.919,33.719,31.219,25.0,45.0,140.0,,100.0,2.0,31.2,,,0,trial
2026-07-07T20:35:26,reactive_hot_humid_bursty_r2,reactive,hot_humid,bursty,2,34.23,33.93,33.73,31.23,25.0,45.0,140.0,,100.0,2.0,31.21,,,0,trial
2026-07-07T20:35:26,reactive_hot_humid_bursty_r2,reactive,hot_humid,bursty,2,34.241,33.941,33.741,31.241,25.0,45.0,140.0,,100.0,2.0,31.21,,,0,trial
2026-07-07T20:35:26,reactive_hot_humid_bursty_r2,reactive,hot_humid,bursty,2,34.252,33.952,33.752,31.252,25.0,45.0,140.0,,100.0,2.0,31.22,,,0,trial
2026-07-07T20:35:26,reactive_hot_humid_bursty_r2,reactive,hot_humid,bursty,2,34.263,33.963,33.763,31.263,25.0,45.0,140.0,,100.0,2.0,31.23,,,0,trial
2026-07-07T20:35:26,reactive_hot_humid_bursty_r2,reactive,hot_humid,bursty,2,34.274,33.974,33.774,31.274,25.0,45.0,140.0,,100.0,2.0,31.23,,,0,trial
2026-07-07T20:35:26,reactive_hot_humid_bursty_r2,reactive,hot_humid,bursty,2,34.285,33.985,33.785,31.285,25.0,45.0,140.0,,100.0,2.0,31.24,,,0,trial
2026-07-07T20:35:26,reactive_hot_humid_bursty_r2,reactive,hot_humid,bursty,2,34.297,33.997,33.797,31.297,25.0,45.0,140.0,,100.0,2.0,31.25,,,0,trial
2026-07-07T20:35:26,reactive_hot_humid_bursty_r2,reactive,hot_humid,bursty,2,34.308,34.008,33.808,31.308,25.0,45.0,140.0,,100.0,2.0,31.25,,,0,trial
2026-07-07T20:35:26,reactive_hot_humid_bursty_r2,reactive,hot_humid,bursty,2,34.319,34.019,33.819,31.319,25.0,45.0,140.0,,100.0,2.0,31.26,,,0,trial
2026-07-07T20:35:26,reactive_hot_humid_bursty_r2,reactive,hot_humid,bursty,2,34.33,34.03,33.83,31.33,25.0,45.0,140.0,,100.0,2.0,31.27,,,0,trial
2026-07-07T20:35:26,reactive_hot_humid_bursty_r2,reactive,hot_humid,bursty,2,34.341,34.041,33.841,31.341,25.0,45.0,140.0,,100.0,2.0,31.27,,,0,trial
2026-07-07T20:35:26,reactive_hot_humid_bursty_r2,reactive,hot_humid,bursty,2,34.352,34.052,33.852,31.352,25.0,45.0,140.0,,100.0,2.0,31.28,,,0,trial
2026-07-07T20:35:26,reactive_hot_humid_bursty_r2,reactive,hot_humid,bursty,2,34.363,34.063,33.863,31.363,25.0,45.0,140.0,,100.0,2.0,31.29,,,0,trial
2026-07-07T20:35:26,reactive_hot_humid_bursty_r2,reactive,hot_humid,bursty,2,34.374,34.074,33.874,31.374,25.0,45.0,140.0,,100.0,2.0,31.29,,,0,trial
2026-07-07T20:35:26,reactive_hot_humid_bursty_r2,reactive,hot_humid,bursty,2,34.385,34.085,33.885,31.385,25.0,45.0,140.0,,100.0,2.0,31.3,,,0,trial
2026-07-07T20:35:26,reactive_hot_humid_bursty_r2,reactive,hot_humid,bursty,2,34.396,34.096,33.896,31.396,25.0,45.0,140.0,,100.0,2.0,31.31,,,0,trial
2026-07-07T20:35:26,reactive_hot_humid_bursty_r2,reactive,hot_humid,bursty,2,34.407,34.107,33.907,31.407,25.0,45.0,140.0,,100.0,2.0,31.31,,,0,trial
2026-07-07T20:35:26,reactive_hot_humid_bursty_r2,reactive,hot_humid,bursty,2,34.418,34.118,33.918,31.418,25.0,45.0,140.0,,100.0,2.0,31.32,,,0,trial
2026-07-07T20:35:26,reactive_hot_humid_bursty_r2,reactive,hot_humid,bursty,2,34.429,34.129,33.929,31.429,25.0,45.0,140.0,,100.0,2.0,31.33,,,0,trial
2026-07-07T20:35:26,reactive_hot_humid_bursty_r2,reactive,hot_humid,bursty,2,34.44,34.14,33.94,31.44,25.0,45.0,140.0,,100.0,2.0,31.34,,,0,trial
2026-07-07T20:35:26,reactive_hot_humid_bursty_r2,reactive,hot_humid,bursty,2,34.451,34.151,33.951,31.451,25.0,45.0,140.0,,100.0,2.0,31.34,,,0,trial
2026-07-07T20:35:26,reactive_hot_humid_bursty_r2,reactive,hot_humid,bursty,2,34.462,34.162,33.962,31.462,25.0,45.0,140.0,,100.0,2.0,31.35,,,0,trial
2026-07-07T20:35:26,reactive_hot_humid_bursty_r2,reactive,hot_humid,bursty,2,34.473,34.173,33.973,31.473,25.0,45.0,140.0,,100.0,2.0,31.36,,,0,trial
2026-07-07T20:35:26,reactive_hot_humid_bursty_r2,reactive,hot_humid,bursty,2,34.484,34.184,33.984,31.484,25.0,45.0,140.0,,100.0,2.0,31.36,,,0,trial
2026-07-07T20:35:26,reactive_hot_humid_bursty_r2,reactive,hot_humid,bursty,2,34.495,34.195,33.995,31.495,25.0,45.0,140.0,,100.0,2.0,31.37,,,0,trial
2026-07-07T20:35:26,reactive_hot_humid_bursty_r2,reactive,hot_humid,bursty,2,34.506,34.206,34.006,31.506,25.0,45.0,140.0,,100.0,2.0,31.38,,,0,trial
2026-07-07T20:35:26,reactive_hot_humid_bursty_r2,reactive,hot_humid,bursty,2,34.517,34.217,34.017,31.517,25.0,45.0,140.0,,100.0,2.0,31.39,,,0,trial
2026-07-07T20:35:26,reactive_hot_humid_bursty_r2,reactive,hot_humid,bursty,2,34.527,34.227,34.027,31.527,25.0,45.0,140.0,,100.0,2.0,31.39,,,0,trial
2026-07-07T20:35:26,reactive_hot_humid_bursty_r2,reactive,hot_humid,bursty,2,34.538,34.238,34.038,31.538,25.0,45.0,140.0,,100.0,2.0,31.4,,,0,trial
2026-07-07T20:35:26,reactive_hot_humid_bursty_r2,reactive,hot_humid,bursty,2,34.549,34.249,34.049,31.549,25.0,45.0,140.0,,100.0,2.0,31.41,,,0,trial
2026-07-07T20:35:26,reactive_hot_humid_bursty_r2,reactive,hot_humid,bursty,2,34.56,34.26,34.06,31.56,25.0,45.0,140.0,,100.0,2.0,31.42,,,0,trial
2026-07-07T20:35:26,reactive_hot_humid_bursty_r2,reactive,hot_humid,bursty,2,34.571,34.271,34.071,31.571,25.0,45.0,140.0,,100.0,2.0,31.42,,,0,trial
2026-07-07T20:35:26,reactive_hot_humid_bursty_r2,reactive,hot_humid,bursty,2,34.582,34.282,34.082,31.582,25.0,45.0,140.0,,100.0,2.0,31.43,,,0,trial
2026-07-07T20:35:26,reactive_hot_humid_bursty_r2,reactive,hot_humid,bursty,2,34.593,34.293,34.093,31.593,25.0,45.0,140.0,,100.0,2.0,31.44,,,0,trial
2026-07-07T20:35:26,reactive_hot_humid_bursty_r2,reactive,hot_humid,bursty,2,34.604,34.304,34.104,31.604,25.0,45.0,140.0,,100.0,2.0,31.44,,,0,trial
2026-07-07T20:35:26,reactive_hot_humid_bursty_r2,reactive,hot_humid,bursty,2,34.614,34.314,34.114,31.614,25.0,45.0,140.0,,100.0,2.0,31.45,,,0,trial
2026-07-07T20:35:26,reactive_hot_humid_bursty_r2,reactive,hot_humid,bursty,2,34.625,34.325,34.125,31.625,25.0,45.0,140.0,,100.0,2.0,31.46,,,0,trial
2026-07-07T20:35:26,reactive_hot_humid_bursty_r2,reactive,hot_humid,bursty,2,34.636,34.336,34.136,31.636,25.0,45.0,140.0,,100.0,2.0,31.47,,,0,trial
2026-07-07T20:35:26,reactive_hot_humid_bursty_r2,reactive,hot_humid,bursty,2,34.647,34.347,34.147,31.647,25.0,45.0,140.0,,100.0,2.0,31.48,,,0,trial
2026-07-07T20:35:26,reactive_hot_humid_bursty_r2,reactive,hot_humid,bursty,2,34.658,34.358,34.158,31.658,25.0,45.0,140.0,,100.0,2.0,31.48,,,0,trial
2026-07-07T20:35:26,reactive_hot_humid_bursty_r2,reactive,hot_humid,bursty,2,34.668,34.368,34.168,31.668,25.0,45.0,140.0,,100.0,2.0,31.49,,,0,trial
2026-07-07T20:35:26,reactive_hot_humid_bursty_r2,reactive,hot_humid,bursty,2,34.679,34.379,34.179,31.679,25.0,45.0,140.0,,100.0,2.0,31.5,,,0,trial
2026-07-07T20:35:26,reactive_hot_humid_bursty_r2,reactive,hot_humid,bursty,2,34.69,34.39,34.19,31.69,25.0,45.0,140.0,,100.0,2.0,31.51,,,0,trial
2026-07-07T20:35:26,reactive_hot_humid_bursty_r2,reactive,hot_humid,bursty,2,34.701,34.401,34.201,31.701,25.0,45.0,140.0,,100.0,2.0,31.51,,,0,trial
2026-07-07T20:35:26,reactive_hot_humid_bursty_r2,reactive,hot_humid,bursty,2,34.712,34.412,34.212,31.712,25.0,45.0,140.0,,100.0,2.0,31.52,,,0,trial
2026-07-07T20:35:26,reactive_hot_humid_bursty_r2,reactive,hot_humid,bursty,2,34.722,34.422,34.222,31.722,25.0,45.0,140.0,,100.0,2.0,31.53,,,0,trial
2026-07-07T20:35:26,reactive_hot_humid_bursty_r2,reactive,hot_humid,bursty,2,34.733,34.433,34.233,31.733,25.0,45.0,140.0,,100.0,2.0,31.54,,,0,trial
2026-07-07T20:35:26,reactive_hot_humid_bursty_r2,reactive,hot_humid,bursty,2,34.744,34.444,34.244,31.744,25.0,45.0,140.0,,100.0,2.0,31.55,,,0,trial
2026-07-07T20:35:26,reactive_hot_humid_bursty_r2,reactive,hot_humid,bursty,2,34.755,34.455,34.255,31.755,25.0,45.0,140.0,,100.0,2.0,31.55,,,0,trial
2026-07-07T20:35:26,reactive_hot_humid_bursty_r2,reactive,hot_humid,bursty,2,34.765,34.465,34.265,31.765,25.0,45.0,140.0,,100.0,2.0,31.56,,,0,trial
2026-07-07T20:35:26,reactive_hot_humid_bursty_r2,reactive,hot_humid,bursty,2,34.776,34.476,34.276,31.776,25.0,45.0,140.0,,100.0,2.0,31.57,,,0,trial
2026-07-07T20:35:26,reactive_hot_humid_bursty_r2,reactive,hot_humid,bursty,2,34.787,34.487,34.287,31.787,25.0,45.0,140.0,,100.0,2.0,31.58,,,0,trial
2026-07-07T20:35:26,reactive_hot_humid_bursty_r2,reactive,hot_humid,bursty,2,34.797,34.497,34.297,31.797,25.0,45.0,140.0,,100.0,2.0,31.59,,,0,trial
2026-07-07T20:35:26,reactive_hot_humid_bursty_r2,reactive,hot_humid,bursty,2,34.808,34.508,34.308,31.808,25.0,45.0,140.0,,100.0,2.0,31.59,,,0,trial
2026-07-07T20:35:26,reactive_hot_humid_bursty_r2,reactive,hot_humid,bursty,2,34.819,34.519,34.319,31.819,25.0,45.0,140.0,,100.0,2.0,31.6,,,0,trial
2026-07-07T20:35:26,reactive_hot_humid_bursty_r2,reactive,hot_humid,bursty,2,34.829,34.529,34.329,31.829,25.0,45.0,140.0,,100.0,2.0,31.61,,,0,trial
2026-07-07T20:35:26,reactive_hot_humid_bursty_r2,reactive,hot_humid,bursty,2,34.84,34.54,34.34,31.84,25.0,45.0,140.0,,100.0,2.0,31.62,,,0,trial
2026-07-07T20:35:26,reactive_hot_humid_bursty_r2,reactive,hot_humid,bursty,2,34.851,34.551,34.351,31.851,25.0,45.0,140.0,,100.0,2.0,31.63,,,0,trial
2026-07-07T20:35:26,reactive_hot_humid_bursty_r2,reactive,hot_humid,bursty,2,34.861,34.561,34.361,31.861,25.0,45.0,140.0,,100.0,2.0,31.63,,,0,trial
2026-07-07T20:35:26,reactive_hot_humid_bursty_r2,reactive,hot_humid,bursty,2,34.872,34.572,34.372,31.872,25.0,45.0,140.0,,100.0,2.0,31.64,,,0,trial
2026-07-07T20:35:26,reactive_hot_humid_bursty_r2,reactive,hot_humid,bursty,2,34.883,34.583,34.383,31.883,25.0,45.0,140.0,,100.0,2.0,31.65,,,0,trial
2026-07-07T20:35:26,reactive_hot_humid_bursty_r2,reactive,hot_humid,bursty,2,34.893,34.593,34.393,31.893,25.0,45.0,140.0,,100.0,2.0,31.66,,,0,trial
2026-07-07T20:35:26,reactive_hot_humid_bursty_r2,reactive,hot_humid,bursty,2,34.904,34.604,34.404,31.904,25.0,45.0,140.0,,100.0,2.0,31.67,,,0,trial
2026-07-07T20:35:26,reactive_hot_humid_bursty_r2,reactive,hot_humid,bursty,2,34.914,34.614,34.414,31.914,25.0,45.0,140.0,,100.0,2.0,31.68,,,0,trial
2026-07-07T20:35:26,reactive_hot_humid_bursty_r2,reactive,hot_humid,bursty,2,34.925,34.625,34.425,31.925,25.0,45.0,140.0,,100.0,2.0,31.68,,,0,trial
2026-07-07T20:35:26,reactive_hot_humid_bursty_r2,reactive,hot_humid,bursty,2,34.936,34.636,34.436,31.936,25.0,45.0,140.0,,100.0,2.0,31.69,,,0,trial
2026-07-07T20:35:26,reactive_hot_humid_bursty_r2,reactive,hot_humid,bursty,2,34.946,34.646,34.446,31.946,25.0,45.0,140.0,,100.0,2.0,31.7,,,0,trial
2026-07-07T20:35:26,reactive_hot_humid_bursty_r2,reactive,hot_humid,bursty,2,34.957,34.657,34.457,31.957,25.0,45.0,140.0,,100.0,2.0,31.71,,,0,trial
2026-07-07T20:35:26,reactive_hot_humid_bursty_r2,reactive,hot_humid,bursty,2,34.967,34.667,34.467,31.967,25.0,45.0,140.0,,100.0,2.0,31.72,,,0,trial
2026-07-07T20:35:26,reactive_hot_humid_bursty_r2,reactive,hot_humid,bursty,2,34.978,34.678,34.478,31.978,25.0,45.0,140.0,,100.0,2.0,31.73,,,0,trial
2026-07-07T20:35:26,reactive_hot_humid_bursty_r2,reactive,hot_humid,bursty,2,34.988,34.688,34.488,31.988,25.0,45.0,140.0,,100.0,2.0,31.74,,,0,trial
2026-07-07T20:35:26,reactive_hot_humid_bursty_r2,reactive,hot_humid,bursty,2,34.999,34.699,34.499,31.999,25.0,45.0,140.0,,100.0,2.0,31.74,,,0,trial
2026-07-07T20:35:26,reactive_hot_humid_bursty_r2,reactive,hot_humid,bursty,2,35.009,34.709,34.509,32.009,25.0,45.0,140.0,,100.0,2.0,31.75,,,0,trial
2026-07-07T20:35:26,reactive_hot_humid_bursty_r2,reactive,hot_humid,bursty,2,35.02,34.72,34.52,32.02,25.0,45.0,140.0,,100.0,2.0,31.76,,,0,trial
2026-07-07T20:35:26,reactive_hot_humid_bursty_r2,reactive,hot_humid,bursty,2,35.031,34.731,34.531,32.031,25.0,45.0,140.0,,100.0,2.0,31.77,,,0,trial
2026-07-07T20:35:26,reactive_hot_humid_bursty_r2,reactive,hot_humid,bursty,2,35.041,34.741,34.541,32.041,25.0,45.0,140.0,,100.0,2.0,31.78,,,0,trial
2026-07-07T20:35:26,reactive_hot_humid_bursty_r2,reactive,hot_humid,bursty,2,35.052,34.752,34.552,32.052,25.0,45.0,140.0,,100.0,2.0,31.79,,,0,trial
2026-07-07T20:35:26,reactive_hot_humid_bursty_r2,reactive,hot_humid,bursty,2,35.062,34.762,34.562,32.062,25.0,45.0,140.0,,100.0,2.0,31.8,,,0,trial
2026-07-07T20:35:26,reactive_hot_humid_bursty_r2,reactive,hot_humid,bursty,2,35.072,34.772,34.572,32.072,25.0,45.0,140.0,,100.0,2.0,31.81,,,0,trial
2026-07-07T20:35:26,reactive_hot_humid_bursty_r2,reactive,hot_humid,bursty,2,35.083,34.783,34.583,32.083,25.0,45.0,140.0,,100.0,2.0,31.81,,,0,trial
2026-07-07T20:35:26,reactive_hot_humid_bursty_r2,reactive,hot_humid,bursty,2,35.093,34.793,34.593,32.093,25.0,45.0,140.0,,100.0,2.0,31.82,,,0,trial
2026-07-07T20:35:26,reactive_hot_humid_bursty_r2,reactive,hot_humid,bursty,2,35.104,34.804,34.604,32.104,25.0,45.0,140.0,,100.0,2.0,31.83,,,0,trial
2026-07-07T20:35:26,reactive_hot_humid_bursty_r2,reactive,hot_humid,bursty,2,35.114,34.814,34.614,32.114,25.0,45.0,140.0,,100.0,2.0,31.84,,,0,trial
2026-07-07T20:35:26,reactive_hot_humid_bursty_r2,reactive,hot_humid,bursty,2,35.125,34.825,34.625,32.125,25.0,45.0,140.0,,100.0,2.0,31.85,,,0,trial
2026-07-07T20:35:26,reactive_hot_humid_bursty_r2,reactive,hot_humid,bursty,2,35.135,34.835,34.635,32.135,25.0,45.0,140.0,,100.0,2.0,31.86,,,0,trial
2026-07-07T20:35:26,reactive_hot_humid_bursty_r2,reactive,hot_humid,bursty,2,35.146,34.846,34.646,32.146,25.0,45.0,140.0,,100.0,2.0,31.87,,,0,trial
2026-07-07T20:35:26,reactive_hot_humid_bursty_r2,reactive,hot_humid,bursty,2,35.156,34.856,34.656,32.156,25.0,45.0,140.0,,100.0,2.0,31.88,,,0,trial
2026-07-07T20:35:26,reactive_hot_humid_bursty_r2,reactive,hot_humid,bursty,2,35.166,34.866,34.666,32.166,25.0,45.0,140.0,,100.0,2.0,31.89,,,0,trial
2026-07-07T20:35:26,reactive_hot_humid_bursty_r2,reactive,hot_humid,bursty,2,35.177,34.877,34.677,32.177,25.0,45.0,140.0,,100.0,2.0,31.89,,,0,trial
2026-07-07T20:35:26,reactive_hot_humid_bursty_r2,reactive,hot_humid,bursty,2,35.187,34.887,34.687,32.187,25.0,45.0,140.0,,100.0,2.0,31.9,,,0,trial
2026-07-07T20:35:26,reactive_hot_humid_bursty_r2,reactive,hot_humid,bursty,2,35.198,34.898,34.698,32.198,25.0,45.0,140.0,,100.0,2.0,31.91,,,0,trial
2026-07-07T20:35:26,reactive_hot_humid_bursty_r2,reactive,hot_humid,bursty,2,35.208,34.908,34.708,32.208,25.0,45.0,140.0,,100.0,2.0,31.92,,,0,trial
2026-07-07T20:35:26,reactive_hot_humid_bursty_r2,reactive,hot_humid,bursty,2,35.218,34.918,34.718,32.218,25.0,45.0,140.0,,100.0,2.0,31.93,,,0,trial
2026-07-07T20:35:26,reactive_hot_humid_bursty_r2,reactive,hot_humid,bursty,2,35.229,34.929,34.729,32.229,25.0,45.0,140.0,,100.0,2.0,31.94,,,0,trial
2026-07-07T20:35:26,reactive_hot_humid_bursty_r2,reactive,hot_humid,bursty,2,35.239,34.939,34.739,32.239,25.0,45.0,140.0,,100.0,2.0,31.95,,,0,trial
2026-07-07T20:35:26,reactive_hot_humid_bursty_r2,reactive,hot_humid,bursty,2,35.249,34.949,34.749,32.249,25.0,45.0,140.0,,100.0,2.0,31.96,,,0,trial
2026-07-07T20:35:26,reactive_hot_humid_bursty_r2,reactive,hot_humid,bursty,2,35.26,34.96,34.76,32.26,25.0,45.0,140.0,,100.0,2.0,31.97,,,0,trial
2026-07-07T20:35:26,reactive_hot_humid_bursty_r2,reactive,hot_humid,bursty,2,35.27,34.97,34.77,32.27,25.0,45.0,140.0,,100.0,2.0,31.98,,,0,trial
2026-07-07T20:35:26,reactive_hot_humid_bursty_r2,reactive,hot_humid,bursty,2,35.28,34.98,34.78,32.28,25.0,45.0,140.0,,100.0,2.0,31.99,,,0,trial
2026-07-07T20:35:26,reactive_hot_humid_bursty_r2,reactive,hot_humid,bursty,2,35.291,34.991,34.791,32.291,25.0,45.0,140.0,,100.0,2.0,32.0,,,0,trial
2026-07-07T20:35:26,reactive_hot_humid_bursty_r2,reactive,hot_humid,bursty,2,35.301,35.001,34.801,32.301,25.0,45.0,140.0,,100.0,2.0,32.01,,,0,trial
2026-07-07T20:35:26,reactive_hot_humid_bursty_r2,reactive,hot_humid,bursty,2,35.311,35.011,34.811,32.311,25.0,45.0,140.0,,100.0,2.0,32.02,,,0,trial
2026-07-07T20:35:26,reactive_hot_humid_bursty_r2,reactive,hot_humid,bursty,2,35.321,35.021,34.821,32.321,25.0,45.0,140.0,,100.0,2.0,32.03,,,0,trial
2026-07-07T20:35:26,reactive_hot_humid_bursty_r2,reactive,hot_humid,bursty,2,35.332,35.032,34.832,32.332,25.0,45.0,140.0,,100.0,2.0,32.04,,,0,trial
2026-07-07T20:35:26,reactive_hot_humid_bursty_r2,reactive,hot_humid,bursty,2,35.342,35.042,34.842,32.342,25.0,45.0,140.0,,100.0,2.0,32.04,,,0,trial
2026-07-07T20:35:26,reactive_hot_humid_bursty_r2,reactive,hot_humid,bursty,2,35.352,35.052,34.852,32.352,25.0,45.0,140.0,,100.0,2.0,32.05,,,0,trial
2026-07-07T20:35:26,reactive_hot_humid_bursty_r2,reactive,hot_humid,bursty,2,35.363,35.063,34.863,32.363,25.0,45.0,140.0,,100.0,2.0,32.06,,,0,trial
2026-07-07T20:35:26,reactive_hot_humid_bursty_r2,reactive,hot_humid,bursty,2,35.373,35.073,34.873,32.373,25.0,45.0,140.0,,100.0,2.0,32.07,,,0,trial
2026-07-07T20:35:26,reactive_hot_humid_bursty_r2,reactive,hot_humid,bursty,2,35.383,35.083,34.883,32.383,25.0,45.0,140.0,,100.0,2.0,32.08,,,0,trial
2026-07-07T20:35:26,reactive_hot_humid_bursty_r2,reactive,hot_humid,bursty,2,35.393,35.093,34.893,32.393,25.0,45.0,140.0,,100.0,2.0,32.09,,,0,trial
2026-07-07T20:35:26,reactive_hot_humid_bursty_r2,reactive,hot_humid,bursty,2,35.403,35.103,34.903,32.403,25.0,45.0,140.0,,100.0,2.0,32.1,,,0,trial
2026-07-07T20:35:26,reactive_hot_humid_bursty_r2,reactive,hot_humid,bursty,2,35.414,35.114,34.914,32.414,25.0,45.0,140.0,,100.0,2.0,32.11,,,0,trial
2026-07-07T20:35:26,reactive_hot_humid_bursty_r2,reactive,hot_humid,bursty,2,35.424,35.124,34.924,32.424,25.0,45.0,140.0,,100.0,2.0,32.12,,,0,trial
2026-07-07T20:35:26,reactive_hot_humid_bursty_r2,reactive,hot_humid,bursty,2,35.434,35.134,34.934,32.434,25.0,45.0,140.0,,100.0,2.0,32.13,,,0,trial
2026-07-07T20:35:26,reactive_hot_humid_bursty_r2,reactive,hot_humid,bursty,2,35.444,35.144,34.944,32.444,25.0,45.0,140.0,,100.0,2.0,32.14,,,0,trial
2026-07-07T20:35:26,reactive_hot_humid_bursty_r2,reactive,hot_humid,bursty,2,35.454,35.154,34.954,32.454,25.0,45.0,140.0,,100.0,2.0,32.15,,,0,trial
2026-07-07T20:35:26,reactive_hot_humid_bursty_r2,reactive,hot_humid,bursty,2,35.465,35.165,34.965,32.465,25.0,45.0,140.0,,100.0,2.0,32.16,,,0,trial
2026-07-07T20:35:26,reactive_hot_humid_bursty_r2,reactive,hot_humid,bursty,2,35.475,35.175,34.975,32.475,25.0,45.0,140.0,,100.0,2.0,32.17,,,0,trial
2026-07-07T20:35:26,reactive_hot_humid_bursty_r2,reactive,hot_humid,bursty,2,35.485,35.185,34.985,32.485,25.0,45.0,140.0,,100.0,2.0,32.18,,,0,trial
2026-07-07T20:35:26,reactive_hot_humid_bursty_r2,reactive,hot_humid,bursty,2,35.495,35.195,34.995,32.495,25.0,45.0,140.0,,100.0,2.0,32.19,,,0,trial
2026-07-07T20:35:26,reactive_hot_humid_bursty_r2,reactive,hot_humid,bursty,2,35.505,35.205,35.005,32.505,25.0,45.0,140.0,,100.0,2.0,32.2,,,0,trial
2026-07-07T20:35:26,reactive_hot_humid_bursty_r2,reactive,hot_humid,bursty,2,35.515,35.215,35.015,32.515,25.0,45.0,140.0,,100.0,2.0,32.21,,,0,trial
2026-07-07T20:35:26,reactive_hot_humid_bursty_r2,reactive,hot_humid,bursty,2,35.525,35.225,35.025,32.525,25.0,45.0,140.0,,100.0,2.0,32.22,,,0,trial
2026-07-07T20:35:26,reactive_hot_humid_bursty_r2,reactive,hot_humid,bursty,2,35.535,35.235,35.035,32.535,25.0,45.0,140.0,,100.0,2.0,32.23,,,0,trial
2026-07-07T20:35:26,reactive_hot_humid_bursty_r2,reactive,hot_humid,bursty,2,35.546,35.246,35.046,32.546,25.0,45.0,140.0,,100.0,2.0,32.24,,,0,trial
2026-07-07T20:35:26,reactive_hot_humid_bursty_r2,reactive,hot_humid,bursty,2,35.556,35.256,35.056,32.556,25.0,45.0,140.0,,100.0,2.0,32.25,,,0,trial
2026-07-07T20:35:26,reactive_hot_humid_bursty_r2,reactive,hot_humid,bursty,2,35.566,35.266,35.066,32.566,25.0,45.0,140.0,,100.0,2.0,32.26,,,0,trial
2026-07-07T20:35:26,reactive_hot_humid_bursty_r2,reactive,hot_humid,bursty,2,35.576,35.276,35.076,32.576,25.0,45.0,140.0,,100.0,2.0,32.27,,,0,trial
2026-07-07T20:35:26,reactive_hot_humid_bursty_r2,reactive,hot_humid,bursty,2,35.586,35.286,35.086,32.586,25.0,45.0,140.0,,100.0,2.0,32.28,,,0,trial
2026-07-07T20:35:26,reactive_hot_humid_bursty_r2,reactive,hot_humid,bursty,2,35.596,35.296,35.096,32.596,25.0,45.0,140.0,,100.0,2.0,32.29,,,0,trial
2026-07-07T20:35:26,reactive_hot_humid_bursty_r2,reactive,hot_humid,bursty,2,35.606,35.306,35.106,32.606,25.0,45.0,140.0,,100.0,2.0,32.3,,,0,trial
2026-07-07T20:35:26,reactive_hot_humid_bursty_r2,reactive,hot_humid,bursty,2,35.616,35.316,35.116,32.616,25.0,45.0,140.0,,100.0,2.0,32.31,,,0,trial
2026-07-07T20:35:26,reactive_hot_humid_bursty_r2,reactive,hot_humid,bursty,2,35.626,35.326,35.126,32.626,25.0,45.0,140.0,,100.0,2.0,32.32,,,0,trial
2026-07-07T20:35:26,reactive_hot_humid_bursty_r2,reactive,hot_humid,bursty,2,35.636,35.336,35.136,32.636,25.0,45.0,140.0,,100.0,2.0,32.34,,,0,trial
2026-07-07T20:35:26,reactive_hot_humid_bursty_r2,reactive,hot_humid,bursty,2,35.646,35.346,35.146,32.646,25.0,45.0,140.0,,100.0,2.0,32.35,,,0,trial
2026-07-07T20:35:26,reactive_hot_humid_bursty_r2,reactive,hot_humid,bursty,2,35.656,35.356,35.156,32.656,25.0,45.0,140.0,,100.0,2.0,32.36,,,0,trial
2026-07-07T20:35:26,reactive_hot_humid_bursty_r2,reactive,hot_humid,bursty,2,35.666,35.366,35.166,32.666,25.0,45.0,140.0,,100.0,2.0,32.37,,,0,trial
2026-07-07T20:35:26,reactive_hot_humid_bursty_r2,reactive,hot_humid,bursty,2,35.676,35.376,35.176,32.676,25.0,45.0,140.0,,100.0,2.0,32.38,,,0,trial
2026-07-07T20:35:26,reactive_hot_humid_bursty_r2,reactive,hot_humid,bursty,2,35.686,35.386,35.186,32.686,25.0,45.0,140.0,,100.0,2.0,32.39,,,0,trial
2026-07-07T20:35:26,reactive_hot_humid_bursty_r2,reactive,hot_humid,bursty,2,35.696,35.396,35.196,32.696,25.0,45.0,140.0,,100.0,2.0,32.4,,,0,trial
2026-07-07T20:35:26,reactive_hot_humid_bursty_r2,reactive,hot_humid,bursty,2,35.706,35.406,35.206,32.706,25.0,45.0,140.0,,100.0,2.0,32.41,,,0,trial
2026-07-07T20:35:26,reactive_hot_humid_bursty_r2,reactive,hot_humid,bursty,2,35.716,35.416,35.216,32.716,25.0,45.0,140.0,,100.0,2.0,32.42,,,0,trial
2026-07-07T20:35:26,reactive_hot_humid_bursty_r2,reactive,hot_humid,bursty,2,35.726,35.426,35.226,32.726,25.0,45.0,140.0,,100.0,2.0,32.43,,,0,trial
2026-07-07T20:35:26,reactive_hot_humid_bursty_r2,reactive,hot_humid,bursty,2,35.736,35.436,35.236,32.736,25.0,45.0,140.0,,100.0,2.0,32.44,,,0,trial
2026-07-07T20:35:26,reactive_hot_humid_bursty_r2,reactive,hot_humid,bursty,2,35.746,35.446,35.246,32.746,25.0,45.0,140.0,,100.0,2.0,32.45,,,0,trial
2026-07-07T20:35:26,reactive_hot_humid_bursty_r2,reactive,hot_humid,bursty,2,35.756,35.456,35.256,32.756,25.0,45.0,140.0,,100.0,2.0,32.46,,,0,trial
2026-07-07T20:35:26,reactive_hot_humid_bursty_r2,reactive,hot_humid,bursty,2,35.766,35.466,35.266,32.766,25.0,45.0,140.0,,100.0,2.0,32.47,,,0,trial
2026-07-07T20:35:26,reactive_hot_humid_bursty_r2,reactive,hot_humid,bursty,2,35.776,35.476,35.276,32.776,25.0,45.0,140.0,,100.0,2.0,32.48,,,0,trial
2026-07-07T20:35:26,reactive_hot_humid_bursty_r2,reactive,hot_humid,bursty,2,35.786,35.486,35.286,32.786,25.0,45.0,140.0,,100.0,2.0,32.49,,,0,trial
2026-07-07T20:35:26,reactive_hot_humid_bursty_r2,reactive,hot_humid,bursty,2,35.796,35.496,35.296,32.796,25.0,45.0,140.0,,100.0,2.0,32.51,,,0,trial
2026-07-07T20:35:26,reactive_hot_humid_bursty_r2,reactive,hot_humid,bursty,2,35.806,35.506,35.306,32.806,25.0,45.0,140.0,,100.0,2.0,32.52,,,0,trial
2026-07-07T20:35:26,reactive_hot_humid_bursty_r2,reactive,hot_humid,bursty,2,35.815,35.515,35.315,32.815,25.0,45.0,140.0,,100.0,2.0,32.53,,,0,trial
2026-07-07T20:35:26,reactive_hot_humid_bursty_r2,reactive,hot_humid,bursty,2,35.825,35.525,35.325,32.825,25.0,45.0,140.0,,100.0,2.0,32.54,,,0,trial
2026-07-07T20:35:26,reactive_hot_humid_bursty_r2,reactive,hot_humid,bursty,2,35.835,35.535,35.335,32.835,25.0,45.0,140.0,,100.0,2.0,32.55,,,0,trial
2026-07-07T20:35:26,reactive_hot_humid_bursty_r2,reactive,hot_humid,bursty,2,35.845,35.545,35.345,32.845,25.0,45.0,140.0,,100.0,2.0,32.56,,,0,trial
2026-07-07T20:35:26,reactive_hot_humid_bursty_r2,reactive,hot_humid,bursty,2,35.855,35.555,35.355,32.855,25.0,45.0,140.0,,100.0,2.0,32.57,,,0,trial
2026-07-07T20:35:26,reactive_hot_humid_bursty_r2,reactive,hot_humid,bursty,2,35.865,35.565,35.365,32.865,25.0,45.0,140.0,,100.0,2.0,32.58,,,0,trial
2026-07-07T20:35:26,reactive_hot_humid_bursty_r2,reactive,hot_humid,bursty,2,35.875,35.575,35.375,32.875,25.0,45.0,140.0,,100.0,2.0,32.59,,,0,trial
2026-07-07T20:35:26,reactive_hot_humid_bursty_r2,reactive,hot_humid,bursty,2,35.884,35.584,35.384,32.884,25.0,45.0,140.0,,100.0,2.0,32.6,,,0,trial
2026-07-07T20:35:26,reactive_hot_humid_bursty_r2,reactive,hot_humid,bursty,2,35.894,35.594,35.394,32.894,25.0,45.0,140.0,,100.0,2.0,32.61,,,0,trial
2026-07-07T20:35:26,reactive_hot_humid_bursty_r2,reactive,hot_humid,bursty,2,35.904,35.604,35.404,32.904,25.0,45.0,140.0,,100.0,2.0,32.63,,,0,trial
2026-07-07T20:35:26,reactive_hot_humid_bursty_r2,reactive,hot_humid,bursty,2,35.914,35.614,35.414,32.914,25.0,45.0,140.0,,100.0,2.0,32.64,,,0,trial
2026-07-07T20:35:26,reactive_hot_humid_bursty_r2,reactive,hot_humid,bursty,2,35.924,35.624,35.424,32.924,25.0,45.0,140.0,,100.0,2.0,32.65,,,0,trial
2026-07-07T20:35:26,reactive_hot_humid_bursty_r2,reactive,hot_humid,bursty,2,35.933,35.633,35.433,32.933,25.0,45.0,140.0,,100.0,2.0,32.66,,,0,trial
2026-07-07T20:35:26,reactive_hot_humid_bursty_r2,reactive,hot_humid,bursty,2,35.943,35.643,35.443,32.943,25.0,45.0,140.0,,100.0,2.0,32.67,,,0,trial
2026-07-07T20:35:26,reactive_hot_humid_bursty_r2,reactive,hot_humid,bursty,2,35.953,35.653,35.453,32.953,25.0,45.0,140.0,,100.0,2.0,32.68,,,0,trial
2026-07-07T20:35:26,reactive_hot_humid_bursty_r2,reactive,hot_humid,bursty,2,35.963,35.663,35.463,32.963,25.0,45.0,140.0,,100.0,2.0,32.69,,,0,trial
2026-07-07T20:35:26,reactive_hot_humid_bursty_r2,reactive,hot_humid,bursty,2,35.973,35.673,35.473,32.973,25.0,45.0,140.0,,100.0,2.0,32.7,,,0,trial
2026-07-07T20:35:26,reactive_hot_humid_bursty_r2,reactive,hot_humid,bursty,2,35.982,35.682,35.482,32.982,25.0,45.0,140.0,,100.0,2.0,32.72,,,0,trial
2026-07-07T20:35:26,reactive_hot_humid_bursty_r2,reactive,hot_humid,bursty,2,35.992,35.692,35.492,32.992,25.0,45.0,140.0,,100.0,2.0,32.73,,,0,trial
2026-07-07T20:35:26,reactive_hot_humid_bursty_r2,reactive,hot_humid,bursty,2,36.002,35.702,35.502,33.002,25.0,45.0,140.0,,100.0,2.0,32.74,,,0,trial
2026-07-07T20:35:26,reactive_hot_humid_bursty_r2,reactive,hot_humid,bursty,2,36.012,35.712,35.512,33.012,25.0,45.0,140.0,,100.0,2.0,32.75,,,0,trial
2026-07-07T20:35:26,reactive_hot_humid_bursty_r2,reactive,hot_humid,bursty,2,36.021,35.721,35.521,33.021,25.0,45.0,140.0,,100.0,2.0,32.76,,,0,trial
2026-07-07T20:35:26,reactive_hot_humid_bursty_r2,reactive,hot_humid,bursty,2,36.031,35.731,35.531,33.031,25.0,45.0,140.0,,100.0,2.0,32.77,,,0,trial
2026-07-07T20:35:26,reactive_hot_humid_bursty_r2,reactive,hot_humid,bursty,2,36.041,35.741,35.541,33.041,25.0,45.0,140.0,,100.0,2.0,32.78,,,0,trial
2026-07-07T20:35:26,reactive_hot_humid_bursty_r2,reactive,hot_humid,bursty,2,36.05,35.75,35.55,33.05,25.0,45.0,140.0,,100.0,2.0,32.8,,,0,trial
2026-07-07T20:35:26,reactive_hot_humid_bursty_r2,reactive,hot_humid,bursty,2,36.06,35.76,35.56,33.06,25.0,45.0,140.0,,100.0,2.0,32.81,,,0,trial
2026-07-07T20:35:26,reactive_hot_humid_bursty_r2,reactive,hot_humid,bursty,2,36.07,35.77,35.57,33.07,25.0,45.0,140.0,,100.0,2.0,32.82,,,0,trial
2026-07-07T20:35:26,reactive_hot_humid_bursty_r2,reactive,hot_humid,bursty,2,36.08,35.78,35.58,33.08,25.0,45.0,140.0,,100.0,2.0,32.83,,,0,trial
2026-07-07T20:35:26,reactive_hot_humid_bursty_r2,reactive,hot_humid,bursty,2,36.089,35.789,35.589,33.089,25.0,45.0,140.0,,100.0,2.0,32.84,,,0,trial
2026-07-07T20:35:26,reactive_hot_humid_bursty_r2,reactive,hot_humid,bursty,2,36.099,35.799,35.599,33.099,25.0,45.0,140.0,,100.0,2.0,32.85,,,0,trial
2026-07-07T20:35:26,reactive_hot_humid_bursty_r2,reactive,hot_humid,bursty,2,36.109,35.809,35.609,33.109,25.0,45.0,140.0,,100.0,2.0,32.86,,,0,trial
2026-07-07T20:35:26,reactive_hot_humid_bursty_r2,reactive,hot_humid,bursty,2,36.118,35.818,35.618,33.118,25.0,45.0,140.0,,100.0,2.0,32.88,,,0,trial
2026-07-07T20:35:26,reactive_hot_humid_bursty_r2,reactive,hot_humid,bursty,2,36.128,35.828,35.628,33.128,25.0,45.0,140.0,,100.0,2.0,32.89,,,0,trial
2026-07-07T20:35:26,reactive_hot_humid_bursty_r2,reactive,hot_humid,bursty,2,36.137,35.837,35.637,33.137,25.0,45.0,140.0,,100.0,2.0,32.9,,,0,trial
2026-07-07T20:35:26,reactive_hot_humid_bursty_r2,reactive,hot_humid,bursty,2,36.147,35.847,35.647,33.147,25.0,45.0,140.0,,100.0,2.0,32.91,,,0,trial
2026-07-07T20:35:26,reactive_hot_humid_bursty_r2,reactive,hot_humid,bursty,2,36.157,35.857,35.657,33.157,25.0,45.0,140.0,,100.0,2.0,32.92,,,0,trial
2026-07-07T20:35:26,reactive_hot_humid_bursty_r2,reactive,hot_humid,bursty,2,36.166,35.866,35.666,33.166,25.0,45.0,140.0,,100.0,2.0,32.93,,,0,trial
2026-07-07T20:35:26,reactive_hot_humid_bursty_r2,reactive,hot_humid,bursty,2,36.176,35.876,35.676,33.176,25.0,45.0,140.0,,100.0,2.0,32.95,,,0,trial
2026-07-07T20:35:26,reactive_hot_humid_bursty_r2,reactive,hot_humid,bursty,2,36.186,35.886,35.686,33.186,25.0,45.0,140.0,,100.0,2.0,32.96,,,0,trial
2026-07-07T20:35:26,reactive_hot_humid_bursty_r2,reactive,hot_humid,bursty,2,36.195,35.895,35.695,33.195,25.0,45.0,140.0,,100.0,2.0,32.97,,,0,trial
2026-07-07T20:35:26,reactive_hot_humid_bursty_r2,reactive,hot_humid,bursty,2,36.205,35.905,35.705,33.205,25.0,45.0,140.0,,100.0,2.0,32.98,,,0,trial
2026-07-07T20:35:26,reactive_hot_humid_bursty_r2,reactive,hot_humid,bursty,2,36.214,35.914,35.714,33.214,25.0,45.0,140.0,,100.0,2.0,32.99,,,0,trial
2026-07-07T20:35:26,reactive_hot_humid_bursty_r2,reactive,hot_humid,bursty,2,36.224,35.924,35.724,33.224,25.0,45.0,140.0,,100.0,2.0,33.01,,,0,trial
2026-07-07T20:35:26,reactive_hot_humid_bursty_r2,reactive,hot_humid,bursty,2,36.233,35.933,35.733,33.233,25.0,45.0,140.0,,100.0,2.0,33.02,,,0,trial
2026-07-07T20:35:26,reactive_hot_humid_bursty_r2,reactive,hot_humid,bursty,2,36.243,35.943,35.743,33.243,25.0,45.0,140.0,,100.0,2.0,33.03,,,0,trial
2026-07-07T20:35:26,reactive_hot_humid_bursty_r2,reactive,hot_humid,bursty,2,36.252,35.952,35.752,33.252,25.0,45.0,140.0,,100.0,2.0,33.04,,,0,trial
2026-07-07T20:35:26,reactive_hot_humid_bursty_r2,reactive,hot_humid,bursty,2,36.262,35.962,35.762,33.262,25.0,45.0,140.0,,100.0,2.0,33.05,,,0,trial
2026-07-07T20:35:26,reactive_hot_humid_bursty_r2,reactive,hot_humid,bursty,2,36.272,35.972,35.772,33.272,25.0,45.0,140.0,,100.0,2.0,33.07,,,0,trial
2026-07-07T20:35:26,reactive_hot_humid_bursty_r2,reactive,hot_humid,bursty,2,36.281,35.981,35.781,33.281,25.0,45.0,140.0,,100.0,2.0,33.08,,,0,trial
2026-07-07T20:35:26,reactive_hot_humid_bursty_r2,reactive,hot_humid,bursty,2,36.291,35.991,35.791,33.291,25.0,45.0,140.0,,100.0,2.0,33.09,,,0,trial
2026-07-07T20:35:26,reactive_hot_humid_bursty_r2,reactive,hot_humid,bursty,2,36.3,36.0,35.8,33.3,25.0,45.0,140.0,,100.0,2.0,33.1,,,0,trial
2026-07-07T20:35:26,reactive_hot_humid_bursty_r2,reactive,hot_humid,bursty,2,36.31,36.01,35.81,33.31,25.0,45.0,140.0,,100.0,2.0,33.11,,,0,trial
2026-07-07T20:35:26,reactive_hot_humid_bursty_r2,reactive,hot_humid,bursty,2,36.319,36.019,35.819,33.319,25.0,45.0,140.0,,100.0,2.0,33.13,,,0,trial
2026-07-07T20:35:26,reactive_hot_humid_bursty_r2,reactive,hot_humid,bursty,2,36.329,36.029,35.829,33.329,25.0,45.0,140.0,,100.0,2.0,33.14,,,0,trial
2026-07-07T20:35:26,reactive_hot_humid_bursty_r2,reactive,hot_humid,bursty,2,36.338,36.038,35.838,33.338,25.0,45.0,140.0,,100.0,2.0,33.15,,,0,trial
2026-07-07T20:35:26,reactive_hot_humid_bursty_r2,reactive,hot_humid,bursty,2,36.348,36.048,35.848,33.348,25.0,45.0,140.0,,100.0,2.0,33.16,,,0,trial
2026-07-07T20:35:26,reactive_hot_humid_bursty_r2,reactive,hot_humid,bursty,2,36.357,36.057,35.857,33.357,25.0,45.0,140.0,,100.0,2.0,33.17,,,0,trial
2026-07-07T20:35:26,reactive_hot_humid_bursty_r2,reactive,hot_humid,bursty,2,36.366,36.066,35.866,33.366,25.0,45.0,140.0,,100.0,2.0,33.19,,,0,trial
2026-07-07T20:35:26,reactive_hot_humid_bursty_r2,reactive,hot_humid,bursty,2,36.376,36.076,35.876,33.376,25.0,45.0,140.0,,100.0,2.0,33.2,,,0,trial
2026-07-07T20:35:26,reactive_hot_humid_bursty_r2,reactive,hot_humid,bursty,2,36.385,36.085,35.885,33.385,25.0,45.0,140.0,,100.0,2.0,33.21,,,0,trial
2026-07-07T20:35:26,reactive_hot_humid_bursty_r2,reactive,hot_humid,bursty,2,36.395,36.095,35.895,33.395,25.0,45.0,140.0,,100.0,2.0,33.22,,,0,trial
2026-07-07T20:35:26,reactive_hot_humid_bursty_r2,reactive,hot_humid,bursty,2,36.404,36.104,35.904,33.404,25.0,45.0,140.0,,100.0,2.0,33.24,,,0,trial
2026-07-07T20:35:26,reactive_hot_humid_bursty_r2,reactive,hot_humid,bursty,2,36.414,36.114,35.914,33.414,25.0,45.0,140.0,,100.0,2.0,33.25,,,0,trial
2026-07-07T20:35:26,reactive_hot_humid_bursty_r2,reactive,hot_humid,bursty,2,36.423,36.123,35.923,33.423,25.0,45.0,140.0,,100.0,2.0,33.26,,,0,trial
2026-07-07T20:35:26,reactive_hot_humid_bursty_r2,reactive,hot_humid,bursty,2,36.432,36.132,35.932,33.432,25.0,45.0,140.0,,100.0,2.0,33.27,,,0,trial
2026-07-07T20:35:26,reactive_hot_humid_bursty_r2,reactive,hot_humid,bursty,2,36.442,36.142,35.942,33.442,25.0,45.0,140.0,,100.0,2.0,33.28,,,0,trial
2026-07-07T20:35:26,reactive_hot_humid_bursty_r2,reactive,hot_humid,bursty,2,36.451,36.151,35.951,33.451,25.0,45.0,140.0,,100.0,2.0,33.3,,,0,trial
2026-07-07T20:35:26,reactive_hot_humid_bursty_r2,reactive,hot_humid,bursty,2,36.461,36.161,35.961,33.461,25.0,45.0,140.0,,100.0,2.0,33.31,,,0,trial
2026-07-07T20:35:26,reactive_hot_humid_bursty_r2,reactive,hot_humid,bursty,2,36.47,36.17,35.97,33.47,25.0,45.0,140.0,,100.0,2.0,33.32,,,0,trial
2026-07-07T20:35:26,reactive_hot_humid_bursty_r2,reactive,hot_humid,bursty,2,36.479,36.179,35.979,33.479,25.0,45.0,140.0,,100.0,2.0,33.33,,,0,trial
2026-07-07T20:35:26,reactive_hot_humid_bursty_r2,reactive,hot_humid,bursty,2,36.489,36.189,35.989,33.489,25.0,45.0,140.0,,100.0,2.0,33.35,,,0,trial
2026-07-07T20:35:26,reactive_hot_humid_bursty_r2,reactive,hot_humid,bursty,2,36.498,36.198,35.998,33.498,25.0,45.0,140.0,,100.0,2.0,33.36,,,0,trial
2026-07-07T20:35:26,reactive_hot_humid_bursty_r2,reactive,hot_humid,bursty,2,36.507,36.207,36.007,33.507,25.0,45.0,140.0,,100.0,2.0,33.37,,,0,trial
2026-07-07T20:35:26,reactive_hot_humid_bursty_r2,reactive,hot_humid,bursty,2,36.517,36.217,36.017,33.517,25.0,45.0,140.0,,100.0,2.0,33.38,,,0,trial
2026-07-07T20:35:26,reactive_hot_humid_bursty_r2,reactive,hot_humid,bursty,2,36.526,36.226,36.026,33.526,25.0,45.0,140.0,,100.0,2.0,33.4,,,0,trial
2026-07-07T20:35:26,reactive_hot_humid_bursty_r2,reactive,hot_humid,bursty,2,36.535,36.235,36.035,33.535,25.0,45.0,140.0,,100.0,2.0,33.41,,,0,trial
2026-07-07T20:35:26,reactive_hot_humid_bursty_r2,reactive,hot_humid,bursty,2,36.545,36.245,36.045,33.545,25.0,45.0,140.0,,100.0,2.0,33.42,,,0,trial
2026-07-07T20:35:26,reactive_hot_humid_bursty_r2,reactive,hot_humid,bursty,2,36.554,36.254,36.054,33.554,25.0,45.0,140.0,,100.0,2.0,33.43,,,0,trial
2026-07-07T20:35:26,reactive_hot_humid_bursty_r2,reactive,hot_humid,bursty,2,36.563,36.263,36.063,33.563,25.0,45.0,140.0,,100.0,2.0,33.45,,,0,trial
2026-07-07T20:35:26,reactive_hot_humid_bursty_r2,reactive,hot_humid,bursty,2,36.573,36.273,36.073,33.573,25.0,45.0,140.0,,100.0,2.0,33.46,,,0,trial
2026-07-07T20:35:26,reactive_hot_humid_bursty_r2,reactive,hot_humid,bursty,2,36.582,36.282,36.082,33.582,25.0,45.0,140.0,,100.0,2.0,33.47,,,0,trial
2026-07-07T20:35:26,reactive_hot_humid_bursty_r2,reactive,hot_humid,bursty,2,36.591,36.291,36.091,33.591,25.0,45.0,140.0,,100.0,2.0,33.48,,,0,trial
2026-07-07T20:35:26,reactive_hot_humid_bursty_r2,reactive,hot_humid,bursty,2,36.6,36.3,36.1,33.6,25.0,45.0,140.0,,100.0,2.0,33.5,,,0,trial
2026-07-07T20:35:26,reactive_hot_humid_bursty_r2,reactive,hot_humid,bursty,2,36.61,36.31,36.11,33.61,25.0,45.0,140.0,,100.0,2.0,33.51,,,0,trial
2026-07-07T20:35:26,reactive_hot_humid_bursty_r2,reactive,hot_humid,bursty,2,36.619,36.319,36.119,33.619,25.0,45.0,140.0,,100.0,2.0,33.52,,,0,trial
2026-07-07T20:35:26,reactive_hot_humid_bursty_r2,reactive,hot_humid,bursty,2,36.628,36.328,36.128,33.628,25.0,45.0,140.0,,100.0,2.0,33.53,,,0,trial
2026-07-07T20:35:26,reactive_hot_humid_bursty_r2,reactive,hot_humid,bursty,2,36.637,36.337,36.137,33.637,25.0,45.0,140.0,,100.0,2.0,33.55,,,0,trial
2026-07-07T20:35:26,reactive_hot_humid_bursty_r2,reactive,hot_humid,bursty,2,36.647,36.347,36.147,33.647,25.0,45.0,140.0,,100.0,2.0,33.56,,,0,trial
2026-07-07T20:35:26,reactive_hot_humid_bursty_r2,reactive,hot_humid,bursty,2,36.656,36.356,36.156,33.656,25.0,45.0,140.0,,100.0,2.0,33.57,,,0,trial
2026-07-07T20:35:26,reactive_hot_humid_bursty_r2,reactive,hot_humid,bursty,2,36.665,36.365,36.165,33.665,25.0,45.0,140.0,,100.0,2.0,33.58,,,0,trial
2026-07-07T20:35:26,reactive_hot_humid_bursty_r2,reactive,hot_humid,bursty,2,36.674,36.374,36.174,33.674,25.0,45.0,140.0,,100.0,2.0,33.6,,,0,trial
2026-07-07T20:35:26,reactive_hot_humid_bursty_r2,reactive,hot_humid,bursty,2,36.684,36.384,36.184,33.684,25.0,45.0,140.0,,100.0,2.0,33.61,,,0,trial
2026-07-07T20:35:26,reactive_hot_humid_bursty_r2,reactive,hot_humid,bursty,2,36.693,36.393,36.193,33.693,25.0,45.0,140.0,,100.0,2.0,33.62,,,0,trial
2026-07-07T20:35:26,reactive_hot_humid_bursty_r2,reactive,hot_humid,bursty,2,36.702,36.402,36.202,33.702,25.0,45.0,140.0,,100.0,2.0,33.64,,,0,trial
2026-07-07T20:35:26,reactive_hot_humid_bursty_r2,reactive,hot_humid,bursty,2,36.711,36.411,36.211,33.711,25.0,45.0,140.0,,100.0,2.0,33.65,,,0,trial
2026-07-07T20:35:26,reactive_hot_humid_bursty_r2,reactive,hot_humid,bursty,2,36.72,36.42,36.22,33.72,25.0,45.0,140.0,,100.0,2.0,33.66,,,0,trial
2026-07-07T20:35:26,reactive_hot_humid_bursty_r2,reactive,hot_humid,bursty,2,36.729,36.429,36.229,33.729,25.0,45.0,140.0,,100.0,2.0,33.67,,,0,trial
2026-07-07T20:35:26,reactive_hot_humid_bursty_r2,reactive,hot_humid,bursty,2,36.739,36.439,36.239,33.739,25.0,45.0,140.0,,100.0,2.0,33.69,,,0,trial
2026-07-07T20:35:26,reactive_hot_humid_bursty_r2,reactive,hot_humid,bursty,2,36.748,36.448,36.248,33.748,25.0,45.0,140.0,,100.0,2.0,33.7,,,0,trial
2026-07-07T20:35:26,reactive_hot_humid_bursty_r2,reactive,hot_humid,bursty,2,36.757,36.457,36.257,33.757,25.0,45.0,140.0,,100.0,2.0,33.71,,,0,trial
2026-07-07T20:35:26,reactive_hot_humid_bursty_r2,reactive,hot_humid,bursty,2,36.766,36.466,36.266,33.766,25.0,45.0,140.0,,100.0,2.0,33.73,,,0,trial
2026-07-07T20:35:26,reactive_hot_humid_bursty_r2,reactive,hot_humid,bursty,2,36.775,36.475,36.275,33.775,25.0,45.0,140.0,,100.0,2.0,33.74,,,0,trial
2026-07-07T20:35:26,reactive_hot_humid_bursty_r2,reactive,hot_humid,bursty,2,36.784,36.484,36.284,33.784,25.0,45.0,140.0,,100.0,2.0,33.75,,,0,trial
2026-07-07T20:35:26,reactive_hot_humid_bursty_r2,reactive,hot_humid,bursty,2,36.793,36.493,36.293,33.793,25.0,45.0,140.0,,100.0,2.0,33.76,,,0,trial
2026-07-07T20:35:26,reactive_hot_humid_bursty_r2,reactive,hot_humid,bursty,2,36.803,36.503,36.303,33.803,25.0,45.0,140.0,,100.0,2.0,33.78,,,0,trial
2026-07-07T20:35:26,reactive_hot_humid_bursty_r2,reactive,hot_humid,bursty,2,36.812,36.512,36.312,33.812,25.0,45.0,140.0,,100.0,2.0,33.79,,,0,trial
2026-07-07T20:35:26,reactive_hot_humid_bursty_r2,reactive,hot_humid,bursty,2,36.821,36.521,36.321,33.821,25.0,45.0,140.0,,100.0,2.0,33.8,,,0,trial
2026-07-07T20:35:26,reactive_hot_humid_bursty_r2,reactive,hot_humid,bursty,2,36.83,36.53,36.33,33.83,25.0,45.0,140.0,,100.0,2.0,33.82,,,0,trial
2026-07-07T20:35:26,reactive_hot_humid_bursty_r2,reactive,hot_humid,bursty,2,36.839,36.539,36.339,33.839,25.0,45.0,140.0,,100.0,2.0,33.83,,,0,trial
2026-07-07T20:35:26,reactive_hot_humid_bursty_r2,reactive,hot_humid,bursty,2,36.848,36.548,36.348,33.848,25.0,45.0,140.0,,100.0,2.0,33.84,,,0,trial
2026-07-07T20:35:26,reactive_hot_humid_bursty_r2,reactive,hot_humid,bursty,2,36.857,36.557,36.357,33.857,25.0,45.0,140.0,,100.0,2.0,33.85,,,0,trial
2026-07-07T20:35:26,reactive_hot_humid_bursty_r2,reactive,hot_humid,bursty,2,36.866,36.566,36.366,33.866,25.0,45.0,140.0,,100.0,2.0,33.87,,,0,trial
2026-07-07T20:35:26,reactive_hot_humid_bursty_r2,reactive,hot_humid,bursty,2,36.875,36.575,36.375,33.875,25.0,45.0,140.0,,100.0,2.0,33.88,,,0,trial
2026-07-07T20:35:26,reactive_hot_humid_bursty_r2,reactive,hot_humid,bursty,2,36.884,36.584,36.384,33.884,25.0,45.0,140.0,,100.0,2.0,33.89,,,0,trial
2026-07-07T20:35:26,reactive_hot_humid_bursty_r2,reactive,hot_humid,bursty,2,36.893,36.593,36.393,33.893,25.0,45.0,140.0,,100.0,2.0,33.91,,,0,trial
2026-07-07T20:35:26,reactive_hot_humid_bursty_r2,reactive,hot_humid,bursty,2,36.902,36.602,36.402,33.902,25.0,45.0,140.0,,100.0,2.0,33.92,,,0,trial
2026-07-07T20:35:26,reactive_hot_humid_bursty_r2,reactive,hot_humid,bursty,2,36.911,36.611,36.411,33.911,25.0,45.0,140.0,,100.0,2.0,33.93,,,0,trial
2026-07-07T20:35:26,reactive_hot_humid_bursty_r2,reactive,hot_humid,bursty,2,36.92,36.62,36.42,33.92,25.0,45.0,140.0,,100.0,2.0,33.94,,,0,trial
2026-07-07T20:35:26,reactive_hot_humid_bursty_r2,reactive,hot_humid,bursty,2,36.929,36.629,36.429,33.929,25.0,45.0,140.0,,100.0,2.0,33.96,,,0,trial
2026-07-07T20:35:26,reactive_hot_humid_bursty_r2,reactive,hot_humid,bursty,2,36.938,36.638,36.438,33.938,25.0,45.0,140.0,,100.0,2.0,33.97,,,0,trial
2026-07-07T20:35:26,reactive_hot_humid_bursty_r2,reactive,hot_humid,bursty,2,36.947,36.647,36.447,33.947,25.0,45.0,140.0,,100.0,2.0,33.98,,,0,trial
2026-07-07T20:35:26,reactive_hot_humid_bursty_r2,reactive,hot_humid,bursty,2,36.956,36.656,36.456,33.956,25.0,45.0,140.0,,100.0,2.0,34.0,,,0,trial
2026-07-07T20:35:26,reactive_hot_humid_bursty_r2,reactive,hot_humid,bursty,2,36.965,36.665,36.465,33.965,25.0,45.0,140.0,,100.0,2.0,34.01,,,0,trial
2026-07-07T20:35:26,reactive_hot_humid_bursty_r2,reactive,hot_humid,bursty,2,36.974,36.674,36.474,33.974,25.0,45.0,140.0,,100.0,2.0,34.02,,,0,trial
2026-07-07T20:35:26,reactive_hot_humid_bursty_r2,reactive,hot_humid,bursty,2,36.983,36.683,36.483,33.983,25.0,45.0,140.0,,100.0,2.0,34.04,,,0,trial
2026-07-07T20:35:26,reactive_hot_humid_bursty_r2,reactive,hot_humid,bursty,2,36.992,36.692,36.492,33.992,25.0,45.0,140.0,,100.0,2.0,34.05,,,0,trial
2026-07-07T20:35:26,reactive_hot_humid_bursty_r2,reactive,hot_humid,bursty,2,37.001,36.701,36.501,34.001,25.0,45.0,140.0,,100.0,2.0,34.06,,,0,trial
2026-07-07T20:35:26,reactive_hot_humid_bursty_r2,reactive,hot_humid,bursty,2,37.01,36.71,36.51,34.01,25.0,45.0,140.0,,100.0,2.0,34.07,,,0,trial
2026-07-07T20:35:26,reactive_hot_humid_bursty_r2,reactive,hot_humid,bursty,2,37.019,36.719,36.519,34.019,25.0,45.0,140.0,,100.0,2.0,34.09,,,0,trial
2026-07-07T20:35:26,reactive_hot_humid_bursty_r2,reactive,hot_humid,bursty,2,37.028,36.728,36.528,34.028,25.0,45.0,140.0,,100.0,2.0,34.1,,,0,trial
2026-07-07T20:35:26,reactive_hot_humid_bursty_r2,reactive,hot_humid,bursty,2,37.037,36.737,36.537,34.037,25.0,45.0,140.0,,100.0,2.0,34.11,,,0,trial
2026-07-07T20:35:26,reactive_hot_humid_bursty_r2,reactive,hot_humid,bursty,2,37.046,36.746,36.546,34.046,25.0,45.0,140.0,,100.0,2.0,34.13,,,0,trial
2026-07-07T20:35:26,reactive_hot_humid_bursty_r2,reactive,hot_humid,bursty,2,37.055,36.755,36.555,34.055,25.0,45.0,140.0,,100.0,2.0,34.14,,,0,trial
2026-07-07T20:35:26,reactive_hot_humid_bursty_r2,reactive,hot_humid,bursty,2,37.064,36.764,36.564,34.064,25.0,45.0,140.0,,100.0,2.0,34.15,,,0,trial
2026-07-07T20:35:26,reactive_hot_humid_bursty_r2,reactive,hot_humid,bursty,2,37.072,36.772,36.572,34.072,25.0,45.0,140.0,,100.0,2.0,34.17,,,0,trial
2026-07-07T20:35:26,reactive_hot_humid_bursty_r2,reactive,hot_humid,bursty,2,37.081,36.781,36.581,34.081,25.0,45.0,140.0,,100.0,2.0,34.18,,,0,trial
2026-07-07T20:35:26,reactive_hot_humid_bursty_r2,reactive,hot_humid,bursty,2,37.09,36.79,36.59,34.09,25.0,45.0,140.0,,100.0,2.0,34.19,,,0,trial
2026-07-07T20:35:26,reactive_hot_humid_bursty_r2,reactive,hot_humid,bursty,2,37.099,36.799,36.599,34.099,25.0,45.0,140.0,,100.0,2.0,34.21,,,0,trial
2026-07-07T20:35:26,reactive_hot_humid_bursty_r2,reactive,hot_humid,bursty,2,37.108,36.808,36.608,34.108,25.0,45.0,140.0,,100.0,2.0,34.22,,,0,trial
2026-07-07T20:35:26,reactive_hot_humid_bursty_r2,reactive,hot_humid,bursty,2,37.117,36.817,36.617,34.117,25.0,45.0,140.0,,100.0,2.0,34.23,,,0,trial
2026-07-07T20:35:26,reactive_hot_humid_bursty_r2,reactive,hot_humid,bursty,2,37.126,36.826,36.626,34.126,25.0,45.0,140.0,,100.0,2.0,34.24,,,0,trial
2026-07-07T20:35:26,reactive_hot_humid_bursty_r2,reactive,hot_humid,bursty,2,37.135,36.835,36.635,34.135,25.0,45.0,140.0,,100.0,2.0,34.26,,,0,trial
2026-07-07T20:35:27,reactive_hot_humid_bursty_r2,reactive,hot_humid,bursty,2,37.143,36.843,36.643,34.143,25.0,45.0,140.0,,100.0,2.0,34.27,,,0,trial
2026-07-07T20:35:27,reactive_hot_humid_bursty_r2,reactive,hot_humid,bursty,2,37.152,36.852,36.652,34.152,25.0,45.0,140.0,,100.0,2.0,34.28,,,0,trial
2026-07-07T20:35:27,reactive_hot_humid_bursty_r2,reactive,hot_humid,bursty,2,37.161,36.861,36.661,34.161,25.0,45.0,140.0,,100.0,2.0,34.3,,,0,trial
2026-07-07T20:35:27,reactive_hot_humid_bursty_r2,reactive,hot_humid,bursty,2,37.17,36.87,36.67,34.17,25.0,45.0,140.0,,100.0,2.0,34.31,,,0,trial
2026-07-07T20:35:27,reactive_hot_humid_bursty_r2,reactive,hot_humid,bursty,2,37.179,36.879,36.679,34.179,25.0,45.0,140.0,,100.0,2.0,34.32,,,0,trial
2026-07-07T20:35:27,reactive_hot_humid_bursty_r2,reactive,hot_humid,bursty,2,37.188,36.888,36.688,34.188,25.0,45.0,140.0,,100.0,2.0,34.34,,,0,trial
2026-07-07T20:35:27,reactive_hot_humid_bursty_r2,reactive,hot_humid,bursty,2,37.196,36.896,36.696,34.196,25.0,45.0,140.0,,100.0,2.0,34.35,,,0,trial
2026-07-07T20:35:27,reactive_hot_humid_bursty_r2,reactive,hot_humid,bursty,2,37.205,36.905,36.705,34.205,25.0,45.0,140.0,,100.0,2.0,34.36,,,0,trial
2026-07-07T20:35:27,reactive_hot_humid_bursty_r2,reactive,hot_humid,bursty,2,37.214,36.914,36.714,34.214,25.0,45.0,140.0,,100.0,2.0,34.38,,,0,trial
2026-07-07T20:35:27,reactive_hot_humid_bursty_r2,reactive,hot_humid,bursty,2,37.223,36.923,36.723,34.223,25.0,45.0,140.0,,100.0,2.0,34.39,,,0,trial
2026-07-07T20:35:27,reactive_hot_humid_bursty_r2,reactive,hot_humid,bursty,2,37.231,36.931,36.731,34.231,25.0,45.0,140.0,,100.0,2.0,34.4,,,0,trial
2026-07-07T20:35:27,reactive_hot_humid_bursty_r2,reactive,hot_humid,bursty,2,37.24,36.94,36.74,34.24,25.0,45.0,140.0,,100.0,2.0,34.41,,,0,trial
2026-07-07T20:35:27,reactive_hot_humid_bursty_r2,reactive,hot_humid,bursty,2,37.249,36.949,36.749,34.249,25.0,45.0,140.0,,100.0,2.0,34.43,,,0,trial
2026-07-07T20:35:27,reactive_hot_humid_bursty_r2,reactive,hot_humid,bursty,2,37.258,36.958,36.758,34.258,25.0,45.0,140.0,,100.0,2.0,34.44,,,0,trial
2026-07-07T20:35:27,reactive_hot_humid_bursty_r2,reactive,hot_humid,bursty,2,37.266,36.966,36.766,34.266,25.0,45.0,140.0,,100.0,2.0,34.45,,,0,trial
2026-07-07T20:35:27,reactive_hot_humid_bursty_r2,reactive,hot_humid,bursty,2,37.275,36.975,36.775,34.275,25.0,45.0,140.0,,100.0,2.0,34.47,,,0,trial
2026-07-07T20:35:27,reactive_hot_humid_bursty_r2,reactive,hot_humid,bursty,2,37.284,36.984,36.784,34.284,25.0,45.0,140.0,,100.0,2.0,34.48,,,0,trial
2026-07-07T20:35:27,reactive_hot_humid_bursty_r2,reactive,hot_humid,bursty,2,37.293,36.993,36.793,34.293,25.0,45.0,140.0,,100.0,2.0,34.49,,,0,trial
2026-07-07T20:35:27,reactive_hot_humid_bursty_r2,reactive,hot_humid,bursty,2,37.301,37.001,36.801,34.301,25.0,45.0,140.0,,100.0,2.0,34.51,,,0,trial
2026-07-07T20:35:27,reactive_hot_humid_bursty_r2,reactive,hot_humid,bursty,2,37.31,37.01,36.81,34.31,25.0,45.0,140.0,,100.0,2.0,34.52,,,0,trial
2026-07-07T20:35:27,reactive_hot_humid_bursty_r2,reactive,hot_humid,bursty,2,37.319,37.019,36.819,34.319,25.0,45.0,140.0,,100.0,2.0,34.53,,,0,trial
2026-07-07T20:35:27,reactive_hot_humid_bursty_r2,reactive,hot_humid,bursty,2,37.327,37.027,36.827,34.327,25.0,45.0,140.0,,100.0,2.0,34.55,,,0,trial
2026-07-07T20:35:27,reactive_hot_humid_bursty_r2,reactive,hot_humid,bursty,2,37.336,37.036,36.836,34.336,25.0,45.0,140.0,,100.0,2.0,34.56,,,0,trial
2026-07-07T20:35:27,reactive_hot_humid_bursty_r2,reactive,hot_humid,bursty,2,37.345,37.045,36.845,34.345,25.0,45.0,140.0,,100.0,2.0,34.57,,,0,trial
2026-07-07T20:35:27,reactive_hot_humid_bursty_r2,reactive,hot_humid,bursty,2,37.354,37.054,36.854,34.354,25.0,45.0,140.0,,100.0,2.0,34.58,,,0,trial
2026-07-07T20:35:27,reactive_hot_humid_bursty_r2,reactive,hot_humid,bursty,2,37.362,37.062,36.862,34.362,25.0,45.0,140.0,,100.0,2.0,34.6,,,0,trial
2026-07-07T20:35:27,reactive_hot_humid_bursty_r2,reactive,hot_humid,bursty,2,37.371,37.071,36.871,34.371,25.0,45.0,140.0,,100.0,2.0,34.61,,,0,trial
2026-07-07T20:35:27,reactive_hot_humid_bursty_r2,reactive,hot_humid,bursty,2,37.38,37.08,36.88,34.38,25.0,45.0,140.0,,100.0,2.0,34.62,,,0,trial
2026-07-07T20:35:27,reactive_hot_humid_bursty_r2,reactive,hot_humid,bursty,2,37.388,37.088,36.888,34.388,25.0,45.0,140.0,,100.0,2.0,34.64,,,0,trial
2026-07-07T20:35:27,reactive_hot_humid_bursty_r2,reactive,hot_humid,bursty,2,37.397,37.097,36.897,34.397,25.0,45.0,140.0,,100.0,2.0,34.65,,,0,trial
2026-07-07T20:35:27,reactive_hot_humid_bursty_r2,reactive,hot_humid,bursty,2,37.405,37.105,36.905,34.405,25.0,45.0,140.0,,100.0,2.0,34.66,,,0,trial
2026-07-07T20:35:27,reactive_hot_humid_bursty_r2,reactive,hot_humid,bursty,2,37.414,37.114,36.914,34.414,25.0,45.0,140.0,,100.0,2.0,34.68,,,0,trial
2026-07-07T20:35:27,reactive_hot_humid_bursty_r2,reactive,hot_humid,bursty,2,37.423,37.123,36.923,34.423,25.0,45.0,140.0,,100.0,2.0,34.69,,,0,trial
2026-07-07T20:35:27,reactive_hot_humid_bursty_r2,reactive,hot_humid,bursty,2,37.431,37.131,36.931,34.431,25.0,45.0,140.0,,100.0,2.0,34.7,,,0,trial
2026-07-07T20:35:27,reactive_hot_humid_bursty_r2,reactive,hot_humid,bursty,2,37.44,37.14,36.94,34.44,25.0,45.0,140.0,,100.0,2.0,34.71,,,0,trial
2026-07-07T20:35:27,reactive_hot_humid_bursty_r2,reactive,hot_humid,bursty,2,37.449,37.149,36.949,34.449,25.0,45.0,140.0,,100.0,2.0,34.73,,,0,trial
2026-07-07T20:35:27,reactive_hot_humid_bursty_r2,reactive,hot_humid,bursty,2,37.457,37.157,36.957,34.457,25.0,45.0,140.0,,100.0,2.0,34.74,,,0,trial
2026-07-07T20:35:27,reactive_hot_humid_bursty_r2,reactive,hot_humid,bursty,2,37.466,37.166,36.966,34.466,25.0,45.0,140.0,,100.0,2.0,34.75,,,0,trial
2026-07-07T20:35:27,reactive_hot_humid_bursty_r2,reactive,hot_humid,bursty,2,37.474,37.174,36.974,34.474,25.0,45.0,140.0,,100.0,2.0,34.77,,,0,trial
2026-07-07T20:35:27,reactive_hot_humid_bursty_r2,reactive,hot_humid,bursty,2,37.483,37.183,36.983,34.483,25.0,45.0,140.0,,100.0,2.0,34.78,,,0,trial
2026-07-07T20:35:27,reactive_hot_humid_bursty_r2,reactive,hot_humid,bursty,2,37.491,37.191,36.991,34.491,25.0,45.0,140.0,,100.0,2.0,34.79,,,0,trial
2026-07-07T20:35:27,reactive_hot_humid_bursty_r2,reactive,hot_humid,bursty,2,37.5,37.2,37.0,34.5,25.0,45.0,140.0,,100.0,2.0,34.81,,,0,trial
2026-07-07T20:35:27,reactive_hot_humid_bursty_r2,reactive,hot_humid,bursty,2,37.509,37.209,37.009,34.509,25.0,45.0,140.0,,100.0,2.0,34.82,,,0,trial
2026-07-07T20:35:27,reactive_hot_humid_bursty_r2,reactive,hot_humid,bursty,2,37.517,37.217,37.017,34.517,25.0,45.0,140.0,,100.0,2.0,34.83,,,0,trial
2026-07-07T20:35:27,reactive_hot_humid_bursty_r2,reactive,hot_humid,bursty,2,37.526,37.226,37.026,34.526,25.0,45.0,140.0,,100.0,2.0,34.84,,,0,trial
2026-07-07T20:35:27,reactive_hot_humid_bursty_r2,reactive,hot_humid,bursty,2,37.534,37.234,37.034,34.534,25.0,45.0,140.0,,100.0,2.0,34.86,,,0,trial
2026-07-07T20:35:27,reactive_hot_humid_bursty_r2,reactive,hot_humid,bursty,2,37.543,37.243,37.043,34.543,25.0,45.0,140.0,,100.0,2.0,34.87,,,0,trial
2026-07-07T20:35:27,reactive_hot_humid_bursty_r2,reactive,hot_humid,bursty,2,37.551,37.251,37.051,34.551,25.0,45.0,140.0,,100.0,2.0,34.88,,,0,trial
2026-07-07T20:35:27,reactive_hot_humid_bursty_r2,reactive,hot_humid,bursty,2,37.56,37.26,37.06,34.56,25.0,45.0,140.0,,100.0,2.0,34.9,,,0,trial
2026-07-07T20:35:27,reactive_hot_humid_bursty_r2,reactive,hot_humid,bursty,2,37.568,37.268,37.068,34.568,25.0,45.0,140.0,,100.0,2.0,34.91,,,0,trial
2026-07-07T20:35:27,reactive_hot_humid_bursty_r2,reactive,hot_humid,bursty,2,37.577,37.277,37.077,34.577,25.0,45.0,140.0,,100.0,2.0,34.92,,,0,trial
2026-07-07T20:35:27,reactive_hot_humid_bursty_r2,reactive,hot_humid,bursty,2,37.585,37.285,37.085,34.585,25.0,45.0,140.0,,100.0,2.0,34.93,,,0,trial
2026-07-07T20:35:27,reactive_hot_humid_bursty_r2,reactive,hot_humid,bursty,2,37.594,37.294,37.094,34.594,25.0,45.0,140.0,,100.0,2.0,34.95,,,0,trial
2026-07-07T20:35:27,reactive_hot_humid_bursty_r2,reactive,hot_humid,bursty,2,37.602,37.302,37.102,34.602,25.0,45.0,140.0,,100.0,2.0,34.96,,,0,trial
2026-07-07T20:35:27,reactive_hot_humid_bursty_r2,reactive,hot_humid,bursty,2,37.611,37.311,37.111,34.611,25.0,45.0,140.0,,100.0,2.0,34.97,,,0,trial
2026-07-07T20:35:27,reactive_hot_humid_bursty_r2,reactive,hot_humid,bursty,2,37.619,37.319,37.119,34.619,25.0,45.0,140.0,,100.0,2.0,34.99,,,0,trial
2026-07-07T20:35:27,reactive_hot_humid_bursty_r2,reactive,hot_humid,bursty,2,37.628,37.328,37.128,34.628,25.0,45.0,140.0,,100.0,2.0,35.0,,,0,trial
2026-07-07T20:35:27,reactive_hot_humid_bursty_r2,reactive,hot_humid,bursty,2,37.636,37.336,37.136,34.636,25.0,45.0,140.0,,100.0,2.0,35.01,,,0,trial
2026-07-07T20:35:27,reactive_hot_humid_bursty_r2,reactive,hot_humid,bursty,2,37.644,37.344,37.144,34.644,25.0,45.0,140.0,,100.0,2.0,35.02,,,0,trial
2026-07-07T20:35:27,reactive_hot_humid_bursty_r2,reactive,hot_humid,bursty,2,37.653,37.353,37.153,34.653,25.0,45.0,140.0,,100.0,2.0,35.04,,,0,trial
2026-07-07T20:35:27,reactive_hot_humid_bursty_r2,reactive,hot_humid,bursty,2,37.661,37.361,37.161,34.661,25.0,45.0,140.0,,100.0,2.0,35.05,,,0,trial
2026-07-07T20:35:27,reactive_hot_humid_bursty_r2,reactive,hot_humid,bursty,2,37.67,37.37,37.17,34.67,25.0,45.0,140.0,,100.0,2.0,35.06,,,0,trial
2026-07-07T20:35:27,reactive_hot_humid_bursty_r2,reactive,hot_humid,bursty,2,37.678,37.378,37.178,34.678,25.0,45.0,140.0,,100.0,2.0,35.07,,,0,trial
2026-07-07T20:35:27,reactive_hot_humid_bursty_r2,reactive,hot_humid,bursty,2,37.687,37.387,37.187,34.687,25.0,45.0,140.0,,100.0,2.0,35.09,,,0,trial
2026-07-07T20:35:27,reactive_hot_humid_bursty_r2,reactive,hot_humid,bursty,2,37.695,37.395,37.195,34.695,25.0,45.0,140.0,,100.0,2.0,35.1,,,0,trial
2026-07-07T20:35:27,reactive_hot_humid_bursty_r2,reactive,hot_humid,bursty,2,37.703,37.403,37.203,34.703,25.0,45.0,140.0,,100.0,2.0,35.11,,,0,trial
2026-07-07T20:35:27,reactive_hot_humid_bursty_r2,reactive,hot_humid,bursty,2,37.712,37.412,37.212,34.712,25.0,45.0,140.0,,100.0,2.0,35.13,,,0,trial
2026-07-07T20:35:27,reactive_hot_humid_bursty_r2,reactive,hot_humid,bursty,2,37.72,37.42,37.22,34.72,25.0,45.0,140.0,,100.0,2.0,35.14,,,0,trial
2026-07-07T20:35:27,reactive_hot_humid_bursty_r2,reactive,hot_humid,bursty,2,37.729,37.429,37.229,34.729,25.0,45.0,140.0,,100.0,2.0,35.15,,,0,trial
2026-07-07T20:35:27,reactive_hot_humid_bursty_r2,reactive,hot_humid,bursty,2,37.737,37.437,37.237,34.737,25.0,45.0,140.0,,100.0,2.0,35.16,,,0,trial
2026-07-07T20:35:27,reactive_hot_humid_bursty_r2,reactive,hot_humid,bursty,2,37.745,37.445,37.245,34.745,25.0,45.0,140.0,,100.0,2.0,35.18,,,0,trial
2026-07-07T20:35:27,reactive_hot_humid_bursty_r2,reactive,hot_humid,bursty,2,37.754,37.454,37.254,34.754,25.0,45.0,140.0,,100.0,2.0,35.19,,,0,trial
2026-07-07T20:35:27,reactive_hot_humid_bursty_r2,reactive,hot_humid,bursty,2,37.762,37.462,37.262,34.762,25.0,45.0,140.0,,100.0,2.0,35.2,,,0,trial
2026-07-07T20:35:27,reactive_hot_humid_bursty_r2,reactive,hot_humid,bursty,2,37.77,37.47,37.27,34.77,25.0,45.0,140.0,,100.0,2.0,35.21,,,0,trial
2026-07-07T20:35:27,reactive_hot_humid_bursty_r2,reactive,hot_humid,bursty,2,37.779,37.479,37.279,34.779,25.0,45.0,140.0,,100.0,2.0,35.23,,,0,trial
2026-07-07T20:35:27,reactive_hot_humid_bursty_r2,reactive,hot_humid,bursty,2,37.787,37.487,37.287,34.787,25.0,45.0,140.0,,100.0,2.0,35.24,,,0,trial
2026-07-07T20:35:27,reactive_hot_humid_bursty_r2,reactive,hot_humid,bursty,2,37.795,37.495,37.295,34.795,25.0,45.0,140.0,,100.0,2.0,35.25,,,0,trial
2026-07-07T20:35:27,reactive_hot_humid_bursty_r2,reactive,hot_humid,bursty,2,37.804,37.504,37.304,34.804,25.0,45.0,140.0,,100.0,2.0,35.26,,,0,trial
2026-07-07T20:35:27,reactive_hot_humid_bursty_r2,reactive,hot_humid,bursty,2,37.812,37.512,37.312,34.812,25.0,45.0,140.0,,100.0,2.0,35.28,,,0,trial
2026-07-07T20:35:27,reactive_hot_humid_bursty_r2,reactive,hot_humid,bursty,2,37.82,37.52,37.32,34.82,25.0,45.0,140.0,,100.0,2.0,35.29,,,0,trial
2026-07-07T20:35:27,reactive_hot_humid_bursty_r2,reactive,hot_humid,bursty,2,37.829,37.529,37.329,34.829,25.0,45.0,140.0,,100.0,2.0,35.3,,,0,trial
2026-07-07T20:35:27,reactive_hot_humid_bursty_r2,reactive,hot_humid,bursty,2,37.837,37.537,37.337,34.837,25.0,45.0,140.0,,100.0,2.0,35.31,,,0,trial
2026-07-07T20:35:27,reactive_hot_humid_bursty_r2,reactive,hot_humid,bursty,2,37.845,37.545,37.345,34.845,25.0,45.0,140.0,,100.0,2.0,35.33,,,0,trial
2026-07-07T20:35:27,reactive_hot_humid_bursty_r2,reactive,hot_humid,bursty,2,37.853,37.553,37.353,34.853,25.0,45.0,140.0,,100.0,2.0,35.34,,,0,trial
2026-07-07T20:35:27,reactive_hot_humid_bursty_r2,reactive,hot_humid,bursty,2,37.862,37.562,37.362,34.862,25.0,45.0,140.0,,100.0,2.0,35.35,,,0,trial
2026-07-07T20:35:27,reactive_hot_humid_bursty_r2,reactive,hot_humid,bursty,2,37.87,37.57,37.37,34.87,25.0,45.0,140.0,,100.0,2.0,35.36,,,0,trial
2026-07-07T20:35:27,reactive_hot_humid_bursty_r2,reactive,hot_humid,bursty,2,37.878,37.578,37.378,34.878,25.0,45.0,140.0,,100.0,2.0,35.37,,,0,trial
2026-07-07T20:35:27,reactive_hot_humid_bursty_r2,reactive,hot_humid,bursty,2,37.886,37.586,37.386,34.886,25.0,45.0,140.0,,100.0,2.0,35.39,,,0,trial
2026-07-07T20:35:27,reactive_hot_humid_bursty_r2,reactive,hot_humid,bursty,2,37.895,37.595,37.395,34.895,25.0,45.0,140.0,,100.0,2.0,35.4,,,0,trial
2026-07-07T20:35:27,reactive_hot_humid_bursty_r2,reactive,hot_humid,bursty,2,37.903,37.603,37.403,34.903,25.0,45.0,140.0,,100.0,2.0,35.41,,,0,trial
2026-07-07T20:35:27,reactive_hot_humid_bursty_r2,reactive,hot_humid,bursty,2,37.911,37.611,37.411,34.911,25.0,45.0,140.0,,100.0,2.0,35.42,,,0,trial
2026-07-07T20:35:27,reactive_hot_humid_bursty_r2,reactive,hot_humid,bursty,2,37.919,37.619,37.419,34.919,25.0,45.0,140.0,,100.0,2.0,35.44,,,0,trial
2026-07-07T20:35:27,reactive_hot_humid_bursty_r2,reactive,hot_humid,bursty,2,37.928,37.628,37.428,34.928,25.0,45.0,140.0,,100.0,2.0,35.45,,,0,trial
2026-07-07T20:35:27,reactive_hot_humid_bursty_r2,reactive,hot_humid,bursty,2,37.936,37.636,37.436,34.936,25.0,45.0,140.0,,100.0,2.0,35.46,,,0,trial
2026-07-07T20:35:27,reactive_hot_humid_bursty_r2,reactive,hot_humid,bursty,2,37.944,37.644,37.444,34.944,25.0,45.0,140.0,,100.0,2.0,35.47,,,0,trial
2026-07-07T20:35:27,reactive_hot_humid_bursty_r2,reactive,hot_humid,bursty,2,37.952,37.652,37.452,34.952,25.0,45.0,140.0,,100.0,2.0,35.48,,,0,trial
2026-07-07T20:35:27,reactive_hot_humid_bursty_r2,reactive,hot_humid,bursty,2,37.96,37.66,37.46,34.96,25.0,45.0,140.0,,100.0,2.0,35.5,,,0,trial
2026-07-07T20:35:27,reactive_hot_humid_bursty_r2,reactive,hot_humid,bursty,2,37.969,37.669,37.469,34.969,25.0,45.0,140.0,,100.0,2.0,35.51,,,0,trial
2026-07-07T20:35:27,reactive_hot_humid_bursty_r2,reactive,hot_humid,bursty,2,37.977,37.677,37.477,34.977,25.0,45.0,140.0,,100.0,2.0,35.52,,,0,trial
2026-07-07T20:35:27,reactive_hot_humid_bursty_r2,reactive,hot_humid,bursty,2,37.985,37.685,37.485,34.985,25.0,45.0,140.0,,100.0,2.0,35.53,,,0,trial
2026-07-07T20:35:27,reactive_hot_humid_bursty_r2,reactive,hot_humid,bursty,2,37.993,37.693,37.493,34.993,25.0,45.0,140.0,,100.0,2.0,35.54,,,0,trial
2026-07-07T20:35:27,reactive_hot_humid_bursty_r2,reactive,hot_humid,bursty,2,38.001,37.701,37.501,35.001,25.0,45.0,140.0,,100.0,2.0,35.56,,,0,trial
2026-07-07T20:35:27,reactive_hot_humid_bursty_r2,reactive,hot_humid,bursty,2,38.01,37.71,37.51,35.01,25.0,45.0,140.0,,100.0,2.0,35.57,,,0,trial
2026-07-07T20:35:27,reactive_hot_humid_bursty_r2,reactive,hot_humid,bursty,2,38.018,37.718,37.518,35.018,25.0,45.0,140.0,,100.0,2.0,35.58,,,0,trial
2026-07-07T20:35:27,reactive_hot_humid_bursty_r2,reactive,hot_humid,bursty,2,38.026,37.726,37.526,35.026,25.0,45.0,140.0,,100.0,2.0,35.59,,,0,trial
2026-07-07T20:35:27,reactive_hot_humid_bursty_r2,reactive,hot_humid,bursty,2,38.034,37.734,37.534,35.034,25.0,45.0,140.0,,100.0,2.0,35.6,,,0,trial
2026-07-07T20:35:27,reactive_hot_humid_bursty_r2,reactive,hot_humid,bursty,2,38.042,37.742,37.542,35.042,25.0,45.0,140.0,,100.0,2.0,35.61,,,0,trial
2026-07-07T20:35:27,reactive_hot_humid_bursty_r2,reactive,hot_humid,bursty,2,38.05,37.75,37.55,35.05,25.0,45.0,140.0,,100.0,2.0,35.63,,,0,trial
2026-07-07T20:35:27,reactive_hot_humid_bursty_r2,reactive,hot_humid,bursty,2,38.058,37.758,37.558,35.058,25.0,45.0,140.0,,100.0,2.0,35.64,,,0,trial
2026-07-07T20:35:27,reactive_hot_humid_bursty_r2,reactive,hot_humid,bursty,2,38.066,37.766,37.566,35.066,25.0,45.0,140.0,,100.0,2.0,35.65,,,0,trial
2026-07-07T20:35:27,reactive_hot_humid_bursty_r2,reactive,hot_humid,bursty,2,38.075,37.775,37.575,35.075,25.0,45.0,140.0,,100.0,2.0,35.66,,,0,trial
2026-07-07T20:35:27,reactive_hot_humid_bursty_r2,reactive,hot_humid,bursty,2,38.083,37.783,37.583,35.083,25.0,45.0,140.0,,100.0,2.0,35.67,,,0,trial
2026-07-07T20:35:27,reactive_hot_humid_bursty_r2,reactive,hot_humid,bursty,2,38.091,37.791,37.591,35.091,25.0,45.0,140.0,,100.0,2.0,35.68,,,0,trial
2026-07-07T20:35:27,reactive_hot_humid_bursty_r2,reactive,hot_humid,bursty,2,38.099,37.799,37.599,35.099,25.0,45.0,140.0,,100.0,2.0,35.7,,,0,trial
2026-07-07T20:35:27,reactive_hot_humid_bursty_r2,reactive,hot_humid,bursty,2,38.107,37.807,37.607,35.107,25.0,45.0,140.0,,100.0,2.0,35.71,,,0,trial
2026-07-07T20:35:27,reactive_hot_humid_bursty_r2,reactive,hot_humid,bursty,2,38.115,37.815,37.615,35.115,25.0,45.0,140.0,,100.0,2.0,35.72,,,0,trial
2026-07-07T20:35:27,reactive_hot_humid_bursty_r2,reactive,hot_humid,bursty,2,38.123,37.823,37.623,35.123,25.0,45.0,140.0,,100.0,2.0,35.73,,,0,trial
2026-07-07T20:35:27,reactive_hot_humid_bursty_r2,reactive,hot_humid,bursty,2,38.131,37.831,37.631,35.131,25.0,45.0,140.0,,100.0,2.0,35.74,,,0,trial
2026-07-07T20:35:27,reactive_hot_humid_bursty_r2,reactive,hot_humid,bursty,2,38.139,37.839,37.639,35.139,25.0,45.0,140.0,,100.0,2.0,35.75,,,0,trial
2026-07-07T20:35:27,reactive_hot_humid_bursty_r2,reactive,hot_humid,bursty,2,38.147,37.847,37.647,35.147,25.0,45.0,140.0,,100.0,2.0,35.76,,,0,trial
2026-07-07T20:35:27,reactive_hot_humid_bursty_r2,reactive,hot_humid,bursty,2,38.155,37.855,37.655,35.155,25.0,45.0,140.0,,100.0,2.0,35.78,,,0,trial
2026-07-07T20:35:27,reactive_hot_humid_bursty_r2,reactive,hot_humid,bursty,2,38.165,37.865,37.665,35.165,25.0,45.0,140.0,,75.0,1.5,35.79,,,0,trial
2026-07-07T20:35:27,reactive_hot_humid_bursty_r2,reactive,hot_humid,bursty,2,38.175,37.875,37.675,35.175,25.0,45.0,140.0,,75.0,1.5,35.8,,,0,trial
2026-07-07T20:35:27,reactive_hot_humid_bursty_r2,reactive,hot_humid,bursty,2,38.184,37.884,37.684,35.184,25.0,45.0,140.0,,75.0,1.5,35.81,,,0,trial
2026-07-07T20:35:27,reactive_hot_humid_bursty_r2,reactive,hot_humid,bursty,2,38.194,37.894,37.694,35.194,25.0,45.0,140.0,,75.0,1.5,35.82,,,0,trial
2026-07-07T20:35:27,reactive_hot_humid_bursty_r2,reactive,hot_humid,bursty,2,38.204,37.904,37.704,35.204,25.0,45.0,140.0,,75.0,1.5,35.83,,,0,trial
2026-07-07T20:35:27,reactive_hot_humid_bursty_r2,reactive,hot_humid,bursty,2,38.213,37.913,37.713,35.213,25.0,45.0,140.0,,75.0,1.5,35.84,,,0,trial
2026-07-07T20:35:27,reactive_hot_humid_bursty_r2,reactive,hot_humid,bursty,2,38.223,37.923,37.723,35.223,25.0,45.0,140.0,,75.0,1.5,35.85,,,0,trial
2026-07-07T20:35:27,reactive_hot_humid_bursty_r2,reactive,hot_humid,bursty,2,38.232,37.932,37.732,35.232,25.0,45.0,140.0,,75.0,1.5,35.87,,,0,trial
2026-07-07T20:35:27,reactive_hot_humid_bursty_r2,reactive,hot_humid,bursty,2,38.242,37.942,37.742,35.242,25.0,45.0,140.0,,75.0,1.5,35.88,,,0,trial
2026-07-07T20:35:27,reactive_hot_humid_bursty_r2,reactive,hot_humid,bursty,2,38.252,37.952,37.752,35.252,25.0,45.0,140.0,,75.0,1.5,35.89,,,0,trial
2026-07-07T20:35:27,reactive_hot_humid_bursty_r2,reactive,hot_humid,bursty,2,38.261,37.961,37.761,35.261,25.0,45.0,140.0,,75.0,1.5,35.9,,,0,trial
2026-07-07T20:35:27,reactive_hot_humid_bursty_r2,reactive,hot_humid,bursty,2,38.271,37.971,37.771,35.271,25.0,45.0,140.0,,75.0,1.5,35.91,,,0,trial
2026-07-07T20:35:27,reactive_hot_humid_bursty_r2,reactive,hot_humid,bursty,2,38.281,37.981,37.781,35.281,25.0,45.0,140.0,,75.0,1.5,35.92,,,0,trial
2026-07-07T20:35:27,reactive_hot_humid_bursty_r2,reactive,hot_humid,bursty,2,38.29,37.99,37.79,35.29,25.0,45.0,140.0,,75.0,1.5,35.93,,,0,trial
2026-07-07T20:35:27,reactive_hot_humid_bursty_r2,reactive,hot_humid,bursty,2,38.3,38.0,37.8,35.3,25.0,45.0,140.0,,75.0,1.5,35.94,,,0,trial
2026-07-07T20:35:27,reactive_hot_humid_bursty_r2,reactive,hot_humid,bursty,2,38.309,38.009,37.809,35.309,25.0,45.0,140.0,,75.0,1.5,35.95,,,0,trial
2026-07-07T20:35:27,reactive_hot_humid_bursty_r2,reactive,hot_humid,bursty,2,38.319,38.019,37.819,35.319,25.0,45.0,140.0,,75.0,1.5,35.96,,,0,trial
2026-07-07T20:35:27,reactive_hot_humid_bursty_r2,reactive,hot_humid,bursty,2,38.328,38.028,37.828,35.328,25.0,45.0,140.0,,75.0,1.5,35.97,,,0,trial
2026-07-07T20:35:27,reactive_hot_humid_bursty_r2,reactive,hot_humid,bursty,2,38.338,38.038,37.838,35.338,25.0,45.0,140.0,,75.0,1.5,35.99,,,0,trial
2026-07-07T20:35:27,reactive_hot_humid_bursty_r2,reactive,hot_humid,bursty,2,38.348,38.048,37.848,35.348,25.0,45.0,140.0,,75.0,1.5,36.0,,,0,trial
2026-07-07T20:35:27,reactive_hot_humid_bursty_r2,reactive,hot_humid,bursty,2,38.357,38.057,37.857,35.357,25.0,45.0,140.0,,75.0,1.5,36.01,,,0,trial
2026-07-07T20:35:27,reactive_hot_humid_bursty_r2,reactive,hot_humid,bursty,2,38.367,38.067,37.867,35.367,25.0,45.0,140.0,,75.0,1.5,36.02,,,0,trial
2026-07-07T20:35:27,reactive_hot_humid_bursty_r2,reactive,hot_humid,bursty,2,38.376,38.076,37.876,35.376,25.0,45.0,140.0,,75.0,1.5,36.03,,,0,trial
2026-07-07T20:35:27,reactive_hot_humid_bursty_r2,reactive,hot_humid,bursty,2,38.386,38.086,37.886,35.386,25.0,45.0,140.0,,75.0,1.5,36.04,,,0,trial
2026-07-07T20:35:27,reactive_hot_humid_bursty_r2,reactive,hot_humid,bursty,2,38.395,38.095,37.895,35.395,25.0,45.0,140.0,,75.0,1.5,36.05,,,0,trial
2026-07-07T20:35:27,reactive_hot_humid_bursty_r2,reactive,hot_humid,bursty,2,38.405,38.105,37.905,35.405,25.0,45.0,140.0,,75.0,1.5,36.06,,,0,trial
2026-07-07T20:35:27,reactive_hot_humid_bursty_r2,reactive,hot_humid,bursty,2,38.414,38.114,37.914,35.414,25.0,45.0,140.0,,75.0,1.5,36.07,,,0,trial
2026-07-07T20:35:27,reactive_hot_humid_bursty_r2,reactive,hot_humid,bursty,2,38.424,38.124,37.924,35.424,25.0,45.0,140.0,,75.0,1.5,36.08,,,0,trial
2026-07-07T20:35:27,reactive_hot_humid_bursty_r2,reactive,hot_humid,bursty,2,38.433,38.133,37.933,35.433,25.0,45.0,140.0,,75.0,1.5,36.09,,,0,trial
2026-07-07T20:35:27,reactive_hot_humid_bursty_r2,reactive,hot_humid,bursty,2,38.443,38.143,37.943,35.443,25.0,45.0,140.0,,75.0,1.5,36.1,,,0,trial
2026-07-07T20:35:27,reactive_hot_humid_bursty_r2,reactive,hot_humid,bursty,2,38.452,38.152,37.952,35.452,25.0,45.0,140.0,,75.0,1.5,36.11,,,0,trial
2026-07-07T20:35:27,reactive_hot_humid_bursty_r2,reactive,hot_humid,bursty,2,38.462,38.162,37.962,35.462,25.0,45.0,140.0,,75.0,1.5,36.12,,,0,trial
2026-07-07T20:35:27,reactive_hot_humid_bursty_r2,reactive,hot_humid,bursty,2,38.471,38.171,37.971,35.471,25.0,45.0,140.0,,75.0,1.5,36.13,,,0,trial
2026-07-07T20:35:27,reactive_hot_humid_bursty_r2,reactive,hot_humid,bursty,2,38.481,38.181,37.981,35.481,25.0,45.0,140.0,,75.0,1.5,36.14,,,0,trial
2026-07-07T20:35:27,reactive_hot_humid_bursty_r2,reactive,hot_humid,bursty,2,38.49,38.19,37.99,35.49,25.0,45.0,140.0,,75.0,1.5,36.15,,,0,trial
2026-07-07T20:35:27,reactive_hot_humid_bursty_r2,reactive,hot_humid,bursty,2,38.5,38.2,38.0,35.5,25.0,45.0,140.0,,75.0,1.5,36.16,,,0,trial
2026-07-07T20:35:27,reactive_hot_humid_bursty_r2,reactive,hot_humid,bursty,2,38.509,38.209,38.009,35.509,25.0,45.0,140.0,,75.0,1.5,36.17,,,0,trial
2026-07-07T20:35:27,reactive_hot_humid_bursty_r2,reactive,hot_humid,bursty,2,38.518,38.218,38.018,35.518,25.0,45.0,140.0,,75.0,1.5,36.18,,,0,trial
2026-07-07T20:35:27,reactive_hot_humid_bursty_r2,reactive,hot_humid,bursty,2,38.528,38.228,38.028,35.528,25.0,45.0,140.0,,75.0,1.5,36.19,,,0,trial
2026-07-07T20:35:27,reactive_hot_humid_bursty_r2,reactive,hot_humid,bursty,2,38.537,38.237,38.037,35.537,25.0,45.0,140.0,,75.0,1.5,36.2,,,0,trial
2026-07-07T20:35:27,reactive_hot_humid_bursty_r2,reactive,hot_humid,bursty,2,38.547,38.247,38.047,35.547,25.0,45.0,140.0,,75.0,1.5,36.21,,,0,trial
2026-07-07T20:35:27,reactive_hot_humid_bursty_r2,reactive,hot_humid,bursty,2,38.556,38.256,38.056,35.556,25.0,45.0,140.0,,75.0,1.5,36.22,,,0,trial
2026-07-07T20:35:27,reactive_hot_humid_bursty_r2,reactive,hot_humid,bursty,2,38.566,38.266,38.066,35.566,25.0,45.0,140.0,,75.0,1.5,36.23,,,0,trial
2026-07-07T20:35:27,reactive_hot_humid_bursty_r2,reactive,hot_humid,bursty,2,38.575,38.275,38.075,35.575,25.0,45.0,140.0,,75.0,1.5,36.24,,,0,trial
2026-07-07T20:35:27,reactive_hot_humid_bursty_r2,reactive,hot_humid,bursty,2,38.584,38.284,38.084,35.584,25.0,45.0,140.0,,75.0,1.5,36.25,,,0,trial
2026-07-07T20:35:27,reactive_hot_humid_bursty_r2,reactive,hot_humid,bursty,2,38.594,38.294,38.094,35.594,25.0,45.0,140.0,,75.0,1.5,36.26,,,0,trial
2026-07-07T20:35:27,reactive_hot_humid_bursty_r2,reactive,hot_humid,bursty,2,38.603,38.303,38.103,35.603,25.0,45.0,140.0,,75.0,1.5,36.27,,,0,trial
2026-07-07T20:35:27,reactive_hot_humid_bursty_r2,reactive,hot_humid,bursty,2,38.613,38.313,38.113,35.613,25.0,45.0,140.0,,75.0,1.5,36.28,,,0,trial
2026-07-07T20:35:27,reactive_hot_humid_bursty_r2,reactive,hot_humid,bursty,2,38.622,38.322,38.122,35.622,25.0,45.0,140.0,,75.0,1.5,36.29,,,0,trial
2026-07-07T20:35:27,reactive_hot_humid_bursty_r2,reactive,hot_humid,bursty,2,38.631,38.331,38.131,35.631,25.0,45.0,140.0,,75.0,1.5,36.3,,,0,trial
2026-07-07T20:35:27,reactive_hot_humid_bursty_r2,reactive,hot_humid,bursty,2,38.641,38.341,38.141,35.641,25.0,45.0,140.0,,75.0,1.5,36.31,,,0,trial
2026-07-07T20:35:27,reactive_hot_humid_bursty_r2,reactive,hot_humid,bursty,2,38.65,38.35,38.15,35.65,25.0,45.0,140.0,,75.0,1.5,36.32,,,0,trial
2026-07-07T20:35:27,reactive_hot_humid_bursty_r2,reactive,hot_humid,bursty,2,38.659,38.359,38.159,35.659,25.0,45.0,140.0,,75.0,1.5,36.33,,,0,trial
2026-07-07T20:35:27,reactive_hot_humid_bursty_r2,reactive,hot_humid,bursty,2,38.669,38.369,38.169,35.669,25.0,45.0,140.0,,75.0,1.5,36.34,,,0,trial
2026-07-07T20:35:27,reactive_hot_humid_bursty_r2,reactive,hot_humid,bursty,2,38.678,38.378,38.178,35.678,25.0,45.0,140.0,,75.0,1.5,36.34,,,0,trial
2026-07-07T20:35:27,reactive_hot_humid_bursty_r2,reactive,hot_humid,bursty,2,38.687,38.387,38.187,35.687,25.0,45.0,140.0,,75.0,1.5,36.35,,,0,trial
2026-07-07T20:35:27,reactive_hot_humid_bursty_r2,reactive,hot_humid,bursty,2,38.697,38.397,38.197,35.697,25.0,45.0,140.0,,75.0,1.5,36.36,,,0,trial
2026-07-07T20:35:27,reactive_hot_humid_bursty_r2,reactive,hot_humid,bursty,2,38.706,38.406,38.206,35.706,25.0,45.0,140.0,,75.0,1.5,36.37,,,0,trial
2026-07-07T20:35:27,reactive_hot_humid_bursty_r2,reactive,hot_humid,bursty,2,38.715,38.415,38.215,35.715,25.0,45.0,140.0,,75.0,1.5,36.38,,,0,trial
2026-07-07T20:35:27,reactive_hot_humid_bursty_r2,reactive,hot_humid,bursty,2,38.714,38.414,38.214,35.714,25.0,45.0,60.0,,75.0,1.5,36.39,,,0,trial
2026-07-07T20:35:27,reactive_hot_humid_bursty_r2,reactive,hot_humid,bursty,2,38.711,38.411,38.211,35.711,25.0,45.0,60.0,,100.0,2.0,36.4,,,0,trial
2026-07-07T20:35:27,reactive_hot_humid_bursty_r2,reactive,hot_humid,bursty,2,38.708,38.408,38.208,35.708,25.0,45.0,60.0,,100.0,2.0,36.41,,,0,trial
2026-07-07T20:35:27,reactive_hot_humid_bursty_r2,reactive,hot_humid,bursty,2,38.705,38.405,38.205,35.705,25.0,45.0,60.0,,100.0,2.0,36.42,,,0,trial
2026-07-07T20:35:27,reactive_hot_humid_bursty_r2,reactive,hot_humid,bursty,2,38.702,38.402,38.202,35.702,25.0,45.0,60.0,,100.0,2.0,36.43,,,0,trial
2026-07-07T20:35:27,reactive_hot_humid_bursty_r2,reactive,hot_humid,bursty,2,38.699,38.399,38.199,35.699,25.0,45.0,60.0,,100.0,2.0,36.43,,,0,trial
2026-07-07T20:35:27,reactive_hot_humid_bursty_r2,reactive,hot_humid,bursty,2,38.697,38.397,38.197,35.697,25.0,45.0,60.0,,100.0,2.0,36.44,,,0,trial
2026-07-07T20:35:27,reactive_hot_humid_bursty_r2,reactive,hot_humid,bursty,2,38.694,38.394,38.194,35.694,25.0,45.0,60.0,,100.0,2.0,36.45,,,0,trial
2026-07-07T20:35:27,reactive_hot_humid_bursty_r2,reactive,hot_humid,bursty,2,38.691,38.391,38.191,35.691,25.0,45.0,60.0,,100.0,2.0,36.46,,,0,trial
2026-07-07T20:35:27,reactive_hot_humid_bursty_r2,reactive,hot_humid,bursty,2,38.688,38.388,38.188,35.688,25.0,45.0,60.0,,100.0,2.0,36.47,,,0,trial
2026-07-07T20:35:27,reactive_hot_humid_bursty_r2,reactive,hot_humid,bursty,2,38.685,38.385,38.185,35.685,25.0,45.0,60.0,,100.0,2.0,36.48,,,0,trial
2026-07-07T20:35:27,reactive_hot_humid_bursty_r2,reactive,hot_humid,bursty,2,38.682,38.382,38.182,35.682,25.0,45.0,60.0,,100.0,2.0,36.49,,,0,trial
2026-07-07T20:35:27,reactive_hot_humid_bursty_r2,reactive,hot_humid,bursty,2,38.679,38.379,38.179,35.679,25.0,45.0,60.0,,100.0,2.0,36.49,,,0,trial
2026-07-07T20:35:27,reactive_hot_humid_bursty_r2,reactive,hot_humid,bursty,2,38.676,38.376,38.176,35.676,25.0,45.0,60.0,,100.0,2.0,36.5,,,0,trial
2026-07-07T20:35:27,reactive_hot_humid_bursty_r2,reactive,hot_humid,bursty,2,38.673,38.373,38.173,35.673,25.0,45.0,60.0,,100.0,2.0,36.51,,,0,trial
2026-07-07T20:35:27,reactive_hot_humid_bursty_r2,reactive,hot_humid,bursty,2,38.67,38.37,38.17,35.67,25.0,45.0,60.0,,100.0,2.0,36.52,,,0,trial
2026-07-07T20:35:27,reactive_hot_humid_bursty_r2,reactive,hot_humid,bursty,2,38.667,38.367,38.167,35.667,25.0,45.0,60.0,,100.0,2.0,36.53,,,0,trial
2026-07-07T20:35:27,reactive_hot_humid_bursty_r2,reactive,hot_humid,bursty,2,38.665,38.365,38.165,35.665,25.0,45.0,60.0,,100.0,2.0,36.54,,,0,trial
2026-07-07T20:35:27,reactive_hot_humid_bursty_r2,reactive,hot_humid,bursty,2,38.662,38.362,38.162,35.662,25.0,45.0,60.0,,100.0,2.0,36.54,,,0,trial
2026-07-07T20:35:27,reactive_hot_humid_bursty_r2,reactive,hot_humid,bursty,2,38.659,38.359,38.159,35.659,25.0,45.0,60.0,,100.0,2.0,36.55,,,0,trial
2026-07-07T20:35:27,reactive_hot_humid_bursty_r2,reactive,hot_humid,bursty,2,38.656,38.356,38.156,35.656,25.0,45.0,60.0,,100.0,2.0,36.56,,,0,trial
2026-07-07T20:35:27,reactive_hot_humid_bursty_r2,reactive,hot_humid,bursty,2,38.653,38.353,38.153,35.653,25.0,45.0,60.0,,100.0,2.0,36.57,,,0,trial
2026-07-07T20:35:27,reactive_hot_humid_bursty_r2,reactive,hot_humid,bursty,2,38.65,38.35,38.15,35.65,25.0,45.0,60.0,,100.0,2.0,36.58,,,0,trial
2026-07-07T20:35:27,reactive_hot_humid_bursty_r2,reactive,hot_humid,bursty,2,38.647,38.347,38.147,35.647,25.0,45.0,60.0,,100.0,2.0,36.58,,,0,trial
2026-07-07T20:35:27,reactive_hot_humid_bursty_r2,reactive,hot_humid,bursty,2,38.644,38.344,38.144,35.644,25.0,45.0,60.0,,100.0,2.0,36.59,,,0,trial
2026-07-07T20:35:27,reactive_hot_humid_bursty_r2,reactive,hot_humid,bursty,2,38.641,38.341,38.141,35.641,25.0,45.0,60.0,,100.0,2.0,36.6,,,0,trial
2026-07-07T20:35:27,reactive_hot_humid_bursty_r2,reactive,hot_humid,bursty,2,38.639,38.339,38.139,35.639,25.0,45.0,60.0,,100.0,2.0,36.61,,,0,trial
2026-07-07T20:35:27,reactive_hot_humid_bursty_r2,reactive,hot_humid,bursty,2,38.636,38.336,38.136,35.636,25.0,45.0,60.0,,100.0,2.0,36.61,,,0,trial
2026-07-07T20:35:27,reactive_hot_humid_bursty_r2,reactive,hot_humid,bursty,2,38.633,38.333,38.133,35.633,25.0,45.0,60.0,,100.0,2.0,36.62,,,0,trial
2026-07-07T20:35:27,reactive_hot_humid_bursty_r2,reactive,hot_humid,bursty,2,38.63,38.33,38.13,35.63,25.0,45.0,60.0,,100.0,2.0,36.63,,,0,trial
2026-07-07T20:35:27,reactive_hot_humid_bursty_r2,reactive,hot_humid,bursty,2,38.627,38.327,38.127,35.627,25.0,45.0,60.0,,100.0,2.0,36.64,,,0,trial
2026-07-07T20:35:27,reactive_hot_humid_bursty_r2,reactive,hot_humid,bursty,2,38.624,38.324,38.124,35.624,25.0,45.0,60.0,,100.0,2.0,36.64,,,0,trial
2026-07-07T20:35:27,reactive_hot_humid_bursty_r2,reactive,hot_humid,bursty,2,38.621,38.321,38.121,35.621,25.0,45.0,60.0,,100.0,2.0,36.65,,,0,trial
2026-07-07T20:35:27,reactive_hot_humid_bursty_r2,reactive,hot_humid,bursty,2,38.619,38.319,38.119,35.619,25.0,45.0,60.0,,100.0,2.0,36.66,,,0,trial
2026-07-07T20:35:27,reactive_hot_humid_bursty_r2,reactive,hot_humid,bursty,2,38.616,38.316,38.116,35.616,25.0,45.0,60.0,,100.0,2.0,36.67,,,0,trial
2026-07-07T20:35:27,reactive_hot_humid_bursty_r2,reactive,hot_humid,bursty,2,38.613,38.313,38.113,35.613,25.0,45.0,60.0,,100.0,2.0,36.67,,,0,trial
2026-07-07T20:35:27,reactive_hot_humid_bursty_r2,reactive,hot_humid,bursty,2,38.61,38.31,38.11,35.61,25.0,45.0,60.0,,100.0,2.0,36.68,,,0,trial
2026-07-07T20:35:27,reactive_hot_humid_bursty_r2,reactive,hot_humid,bursty,2,38.607,38.307,38.107,35.607,25.0,45.0,60.0,,100.0,2.0,36.69,,,0,trial
2026-07-07T20:35:27,reactive_hot_humid_bursty_r2,reactive,hot_humid,bursty,2,38.604,38.304,38.104,35.604,25.0,45.0,60.0,,100.0,2.0,36.69,,,0,trial
2026-07-07T20:35:27,reactive_hot_humid_bursty_r2,reactive,hot_humid,bursty,2,38.601,38.301,38.101,35.601,25.0,45.0,60.0,,100.0,2.0,36.7,,,0,trial
2026-07-07T20:35:27,reactive_hot_humid_bursty_r2,reactive,hot_humid,bursty,2,38.599,38.299,38.099,35.599,25.0,45.0,60.0,,100.0,2.0,36.71,,,0,trial
2026-07-07T20:35:27,reactive_hot_humid_bursty_r2,reactive,hot_humid,bursty,2,38.596,38.296,38.096,35.596,25.0,45.0,60.0,,100.0,2.0,36.72,,,0,trial
2026-07-07T20:35:27,reactive_hot_humid_bursty_r2,reactive,hot_humid,bursty,2,38.593,38.293,38.093,35.593,25.0,45.0,60.0,,100.0,2.0,36.72,,,0,trial
2026-07-07T20:35:27,reactive_hot_humid_bursty_r2,reactive,hot_humid,bursty,2,38.59,38.29,38.09,35.59,25.0,45.0,60.0,,100.0,2.0,36.73,,,0,trial
2026-07-07T20:35:27,reactive_hot_humid_bursty_r2,reactive,hot_humid,bursty,2,38.587,38.287,38.087,35.587,25.0,45.0,60.0,,100.0,2.0,36.74,,,0,trial
2026-07-07T20:35:27,reactive_hot_humid_bursty_r2,reactive,hot_humid,bursty,2,38.584,38.284,38.084,35.584,25.0,45.0,60.0,,100.0,2.0,36.74,,,0,trial
2026-07-07T20:35:27,reactive_hot_humid_bursty_r2,reactive,hot_humid,bursty,2,38.582,38.282,38.082,35.582,25.0,45.0,60.0,,100.0,2.0,36.75,,,0,trial
2026-07-07T20:35:27,reactive_hot_humid_bursty_r2,reactive,hot_humid,bursty,2,38.579,38.279,38.079,35.579,25.0,45.0,60.0,,100.0,2.0,36.76,,,0,trial
2026-07-07T20:35:27,reactive_hot_humid_bursty_r2,reactive,hot_humid,bursty,2,38.576,38.276,38.076,35.576,25.0,45.0,60.0,,100.0,2.0,36.76,,,0,trial
2026-07-07T20:35:27,reactive_hot_humid_bursty_r2,reactive,hot_humid,bursty,2,38.573,38.273,38.073,35.573,25.0,45.0,60.0,,100.0,2.0,36.77,,,0,trial
2026-07-07T20:35:27,reactive_hot_humid_bursty_r2,reactive,hot_humid,bursty,2,38.57,38.27,38.07,35.57,25.0,45.0,60.0,,100.0,2.0,36.77,,,0,trial
2026-07-07T20:35:27,reactive_hot_humid_bursty_r2,reactive,hot_humid,bursty,2,38.567,38.267,38.067,35.567,25.0,45.0,60.0,,100.0,2.0,36.78,,,0,trial
2026-07-07T20:35:27,reactive_hot_humid_bursty_r2,reactive,hot_humid,bursty,2,38.565,38.265,38.065,35.565,25.0,45.0,60.0,,100.0,2.0,36.79,,,0,trial
2026-07-07T20:35:27,reactive_hot_humid_bursty_r2,reactive,hot_humid,bursty,2,38.562,38.262,38.062,35.562,25.0,45.0,60.0,,100.0,2.0,36.79,,,0,trial
2026-07-07T20:35:27,reactive_hot_humid_bursty_r2,reactive,hot_humid,bursty,2,38.559,38.259,38.059,35.559,25.0,45.0,60.0,,100.0,2.0,36.8,,,0,trial
2026-07-07T20:35:27,reactive_hot_humid_bursty_r2,reactive,hot_humid,bursty,2,38.556,38.256,38.056,35.556,25.0,45.0,60.0,,100.0,2.0,36.81,,,0,trial
2026-07-07T20:35:27,reactive_hot_humid_bursty_r2,reactive,hot_humid,bursty,2,38.553,38.253,38.053,35.553,25.0,45.0,60.0,,100.0,2.0,36.81,,,0,trial
2026-07-07T20:35:27,reactive_hot_humid_bursty_r2,reactive,hot_humid,bursty,2,38.551,38.251,38.051,35.551,25.0,45.0,60.0,,100.0,2.0,36.82,,,0,trial
2026-07-07T20:35:27,reactive_hot_humid_bursty_r2,reactive,hot_humid,bursty,2,38.548,38.248,38.048,35.548,25.0,45.0,60.0,,100.0,2.0,36.82,,,0,trial
2026-07-07T20:35:27,reactive_hot_humid_bursty_r2,reactive,hot_humid,bursty,2,38.545,38.245,38.045,35.545,25.0,45.0,60.0,,100.0,2.0,36.83,,,0,trial
2026-07-07T20:35:27,reactive_hot_humid_bursty_r2,reactive,hot_humid,bursty,2,38.542,38.242,38.042,35.542,25.0,45.0,60.0,,100.0,2.0,36.84,,,0,trial
2026-07-07T20:35:27,reactive_hot_humid_bursty_r2,reactive,hot_humid,bursty,2,38.539,38.239,38.039,35.539,25.0,45.0,60.0,,100.0,2.0,36.84,,,0,trial
2026-07-07T20:35:27,reactive_hot_humid_bursty_r2,reactive,hot_humid,bursty,2,38.537,38.237,38.037,35.537,25.0,45.0,60.0,,100.0,2.0,36.85,,,0,trial
2026-07-07T20:35:27,reactive_hot_humid_bursty_r2,reactive,hot_humid,bursty,2,38.534,38.234,38.034,35.534,25.0,45.0,60.0,,100.0,2.0,36.85,,,0,trial
2026-07-07T20:35:27,reactive_hot_humid_bursty_r2,reactive,hot_humid,bursty,2,38.531,38.231,38.031,35.531,25.0,45.0,60.0,,100.0,2.0,36.86,,,0,trial
2026-07-07T20:35:27,reactive_hot_humid_bursty_r2,reactive,hot_humid,bursty,2,38.528,38.228,38.028,35.528,25.0,45.0,60.0,,100.0,2.0,36.86,,,0,trial
2026-07-07T20:35:27,reactive_hot_humid_bursty_r2,reactive,hot_humid,bursty,2,38.525,38.225,38.025,35.525,25.0,45.0,60.0,,100.0,2.0,36.87,,,0,trial
2026-07-07T20:35:27,reactive_hot_humid_bursty_r2,reactive,hot_humid,bursty,2,38.523,38.223,38.023,35.523,25.0,45.0,60.0,,100.0,2.0,36.87,,,0,trial
2026-07-07T20:35:27,reactive_hot_humid_bursty_r2,reactive,hot_humid,bursty,2,38.52,38.22,38.02,35.52,25.0,45.0,60.0,,100.0,2.0,36.88,,,0,trial
2026-07-07T20:35:27,reactive_hot_humid_bursty_r2,reactive,hot_humid,bursty,2,38.517,38.217,38.017,35.517,25.0,45.0,60.0,,100.0,2.0,36.88,,,0,trial
2026-07-07T20:35:27,reactive_hot_humid_bursty_r2,reactive,hot_humid,bursty,2,38.514,38.214,38.014,35.514,25.0,45.0,60.0,,100.0,2.0,36.89,,,0,trial
2026-07-07T20:35:27,reactive_hot_humid_bursty_r2,reactive,hot_humid,bursty,2,38.512,38.212,38.012,35.512,25.0,45.0,60.0,,100.0,2.0,36.9,,,0,trial
2026-07-07T20:35:27,reactive_hot_humid_bursty_r2,reactive,hot_humid,bursty,2,38.509,38.209,38.009,35.509,25.0,45.0,60.0,,100.0,2.0,36.9,,,0,trial
2026-07-07T20:35:27,reactive_hot_humid_bursty_r2,reactive,hot_humid,bursty,2,38.506,38.206,38.006,35.506,25.0,45.0,60.0,,100.0,2.0,36.91,,,0,trial
2026-07-07T20:35:27,reactive_hot_humid_bursty_r2,reactive,hot_humid,bursty,2,38.503,38.203,38.003,35.503,25.0,45.0,60.0,,100.0,2.0,36.91,,,0,trial
2026-07-07T20:35:27,reactive_hot_humid_bursty_r2,reactive,hot_humid,bursty,2,38.5,38.2,38.0,35.5,25.0,45.0,60.0,,100.0,2.0,36.92,,,0,trial
2026-07-07T20:35:27,reactive_hot_humid_bursty_r2,reactive,hot_humid,bursty,2,38.498,38.198,37.998,35.498,25.0,45.0,60.0,,100.0,2.0,36.92,,,0,trial
2026-07-07T20:35:27,reactive_hot_humid_bursty_r2,reactive,hot_humid,bursty,2,38.495,38.195,37.995,35.495,25.0,45.0,60.0,,100.0,2.0,36.92,,,0,trial
2026-07-07T20:35:27,reactive_hot_humid_bursty_r2,reactive,hot_humid,bursty,2,38.492,38.192,37.992,35.492,25.0,45.0,60.0,,100.0,2.0,36.93,,,0,trial
2026-07-07T20:35:27,reactive_hot_humid_bursty_r2,reactive,hot_humid,bursty,2,38.489,38.189,37.989,35.489,25.0,45.0,60.0,,100.0,2.0,36.93,,,0,trial
2026-07-07T20:35:27,reactive_hot_humid_bursty_r2,reactive,hot_humid,bursty,2,38.487,38.187,37.987,35.487,25.0,45.0,60.0,,100.0,2.0,36.94,,,0,trial
2026-07-07T20:35:27,reactive_hot_humid_bursty_r2,reactive,hot_humid,bursty,2,38.484,38.184,37.984,35.484,25.0,45.0,60.0,,100.0,2.0,36.94,,,0,trial
2026-07-07T20:35:27,reactive_hot_humid_bursty_r2,reactive,hot_humid,bursty,2,38.481,38.181,37.981,35.481,25.0,45.0,60.0,,100.0,2.0,36.95,,,0,trial
2026-07-07T20:35:27,reactive_hot_humid_bursty_r2,reactive,hot_humid,bursty,2,38.478,38.178,37.978,35.478,25.0,45.0,60.0,,100.0,2.0,36.95,,,0,trial
2026-07-07T20:35:27,reactive_hot_humid_bursty_r2,reactive,hot_humid,bursty,2,38.476,38.176,37.976,35.476,25.0,45.0,60.0,,100.0,2.0,36.96,,,0,trial
2026-07-07T20:35:27,reactive_hot_humid_bursty_r2,reactive,hot_humid,bursty,2,38.473,38.173,37.973,35.473,25.0,45.0,60.0,,100.0,2.0,36.96,,,0,trial
2026-07-07T20:35:27,reactive_hot_humid_bursty_r2,reactive,hot_humid,bursty,2,38.47,38.17,37.97,35.47,25.0,45.0,60.0,,100.0,2.0,36.96,,,0,trial
2026-07-07T20:35:27,reactive_hot_humid_bursty_r2,reactive,hot_humid,bursty,2,38.467,38.167,37.967,35.467,25.0,45.0,60.0,,100.0,2.0,36.97,,,0,trial
2026-07-07T20:35:27,reactive_hot_humid_bursty_r2,reactive,hot_humid,bursty,2,38.465,38.165,37.965,35.465,25.0,45.0,60.0,,100.0,2.0,36.97,,,0,trial
2026-07-07T20:35:27,reactive_hot_humid_bursty_r2,reactive,hot_humid,bursty,2,38.462,38.162,37.962,35.462,25.0,45.0,60.0,,100.0,2.0,36.98,,,0,trial
2026-07-07T20:35:27,reactive_hot_humid_bursty_r2,reactive,hot_humid,bursty,2,38.459,38.159,37.959,35.459,25.0,45.0,60.0,,100.0,2.0,36.98,,,0,trial
2026-07-07T20:35:27,reactive_hot_humid_bursty_r2,reactive,hot_humid,bursty,2,38.457,38.157,37.957,35.457,25.0,45.0,60.0,,100.0,2.0,36.99,,,0,trial
2026-07-07T20:35:27,reactive_hot_humid_bursty_r2,reactive,hot_humid,bursty,2,38.454,38.154,37.954,35.454,25.0,45.0,60.0,,100.0,2.0,36.99,,,0,trial
2026-07-07T20:35:27,reactive_hot_humid_bursty_r2,reactive,hot_humid,bursty,2,38.451,38.151,37.951,35.451,25.0,45.0,60.0,,100.0,2.0,36.99,,,0,trial
2026-07-07T20:35:27,reactive_hot_humid_bursty_r2,reactive,hot_humid,bursty,2,38.448,38.148,37.948,35.448,25.0,45.0,60.0,,100.0,2.0,37.0,,,0,trial
2026-07-07T20:35:27,reactive_hot_humid_bursty_r2,reactive,hot_humid,bursty,2,38.446,38.146,37.946,35.446,25.0,45.0,60.0,,100.0,2.0,37.0,,,0,trial
2026-07-07T20:35:27,reactive_hot_humid_bursty_r2,reactive,hot_humid,bursty,2,38.443,38.143,37.943,35.443,25.0,45.0,60.0,,100.0,2.0,37.0,,,0,trial
2026-07-07T20:35:27,reactive_hot_humid_bursty_r2,reactive,hot_humid,bursty,2,38.44,38.14,37.94,35.44,25.0,45.0,60.0,,100.0,2.0,37.01,,,0,trial
2026-07-07T20:35:27,reactive_hot_humid_bursty_r2,reactive,hot_humid,bursty,2,38.437,38.137,37.937,35.437,25.0,45.0,60.0,,100.0,2.0,37.01,,,0,trial
2026-07-07T20:35:27,reactive_hot_humid_bursty_r2,reactive,hot_humid,bursty,2,38.435,38.135,37.935,35.435,25.0,45.0,60.0,,100.0,2.0,37.01,,,0,trial
2026-07-07T20:35:27,reactive_hot_humid_bursty_r2,reactive,hot_humid,bursty,2,38.432,38.132,37.932,35.432,25.0,45.0,60.0,,100.0,2.0,37.02,,,0,trial
2026-07-07T20:35:27,reactive_hot_humid_bursty_r2,reactive,hot_humid,bursty,2,38.429,38.129,37.929,35.429,25.0,45.0,60.0,,100.0,2.0,37.02,,,0,trial
2026-07-07T20:35:27,reactive_hot_humid_bursty_r2,reactive,hot_humid,bursty,2,38.427,38.127,37.927,35.427,25.0,45.0,60.0,,100.0,2.0,37.02,,,0,trial
2026-07-07T20:35:27,reactive_hot_humid_bursty_r2,reactive,hot_humid,bursty,2,38.424,38.124,37.924,35.424,25.0,45.0,60.0,,100.0,2.0,37.03,,,0,trial
2026-07-07T20:35:27,reactive_hot_humid_bursty_r2,reactive,hot_humid,bursty,2,38.421,38.121,37.921,35.421,25.0,45.0,60.0,,100.0,2.0,37.03,,,0,trial
2026-07-07T20:35:27,reactive_hot_humid_bursty_r2,reactive,hot_humid,bursty,2,38.419,38.119,37.919,35.419,25.0,45.0,60.0,,100.0,2.0,37.03,,,0,trial
2026-07-07T20:35:27,reactive_hot_humid_bursty_r2,reactive,hot_humid,bursty,2,38.416,38.116,37.916,35.416,25.0,45.0,60.0,,100.0,2.0,37.04,,,0,trial
2026-07-07T20:35:27,reactive_hot_humid_bursty_r2,reactive,hot_humid,bursty,2,38.413,38.113,37.913,35.413,25.0,45.0,60.0,,100.0,2.0,37.04,,,0,trial
2026-07-07T20:35:27,reactive_hot_humid_bursty_r2,reactive,hot_humid,bursty,2,38.41,38.11,37.91,35.41,25.0,45.0,60.0,,100.0,2.0,37.04,,,0,trial
2026-07-07T20:35:27,reactive_hot_humid_bursty_r2,reactive,hot_humid,bursty,2,38.408,38.108,37.908,35.408,25.0,45.0,60.0,,100.0,2.0,37.04,,,0,trial
2026-07-07T20:35:27,reactive_hot_humid_bursty_r2,reactive,hot_humid,bursty,2,38.405,38.105,37.905,35.405,25.0,45.0,60.0,,100.0,2.0,37.05,,,0,trial
2026-07-07T20:35:27,reactive_hot_humid_bursty_r2,reactive,hot_humid,bursty,2,38.402,38.102,37.902,35.402,25.0,45.0,60.0,,100.0,2.0,37.05,,,0,trial
2026-07-07T20:35:27,reactive_hot_humid_bursty_r2,reactive,hot_humid,bursty,2,38.4,38.1,37.9,35.4,25.0,45.0,60.0,,100.0,2.0,37.05,,,0,trial
2026-07-07T20:35:27,reactive_hot_humid_bursty_r2,reactive,hot_humid,bursty,2,38.397,38.097,37.897,35.397,25.0,45.0,60.0,,100.0,2.0,37.05,,,0,trial
2026-07-07T20:35:27,reactive_hot_humid_bursty_r2,reactive,hot_humid,bursty,2,38.394,38.094,37.894,35.394,25.0,45.0,60.0,,100.0,2.0,37.06,,,0,trial
2026-07-07T20:35:27,reactive_hot_humid_bursty_r2,reactive,hot_humid,bursty,2,38.392,38.092,37.892,35.392,25.0,45.0,60.0,,100.0,2.0,37.06,,,0,trial
2026-07-07T20:35:27,reactive_hot_humid_bursty_r2,reactive,hot_humid,bursty,2,38.389,38.089,37.889,35.389,25.0,45.0,60.0,,100.0,2.0,37.06,,,0,trial
2026-07-07T20:35:27,reactive_hot_humid_bursty_r2,reactive,hot_humid,bursty,2,38.386,38.086,37.886,35.386,25.0,45.0,60.0,,100.0,2.0,37.06,,,0,trial
2026-07-07T20:35:27,reactive_hot_humid_bursty_r2,reactive,hot_humid,bursty,2,38.384,38.084,37.884,35.384,25.0,45.0,60.0,,100.0,2.0,37.07,,,0,trial
2026-07-07T20:35:27,reactive_hot_humid_bursty_r2,reactive,hot_humid,bursty,2,38.381,38.081,37.881,35.381,25.0,45.0,60.0,,100.0,2.0,37.07,,,0,trial
2026-07-07T20:35:27,reactive_hot_humid_bursty_r2,reactive,hot_humid,bursty,2,38.378,38.078,37.878,35.378,25.0,45.0,60.0,,100.0,2.0,37.07,,,0,trial
2026-07-07T20:35:27,reactive_hot_humid_bursty_r2,reactive,hot_humid,bursty,2,38.376,38.076,37.876,35.376,25.0,45.0,60.0,,100.0,2.0,37.07,,,0,trial
2026-07-07T20:35:27,reactive_hot_humid_bursty_r2,reactive,hot_humid,bursty,2,38.373,38.073,37.873,35.373,25.0,45.0,60.0,,100.0,2.0,37.07,,,0,trial
2026-07-07T20:35:27,reactive_hot_humid_bursty_r2,reactive,hot_humid,bursty,2,38.37,38.07,37.87,35.37,25.0,45.0,60.0,,100.0,2.0,37.08,,,0,trial
2026-07-07T20:35:27,reactive_hot_humid_bursty_r2,reactive,hot_humid,bursty,2,38.368,38.068,37.868,35.368,25.0,45.0,60.0,,100.0,2.0,37.08,,,0,trial
2026-07-07T20:35:27,reactive_hot_humid_bursty_r2,reactive,hot_humid,bursty,2,38.365,38.065,37.865,35.365,25.0,45.0,60.0,,100.0,2.0,37.08,,,0,trial
2026-07-07T20:35:27,reactive_hot_humid_bursty_r2,reactive,hot_humid,bursty,2,38.362,38.062,37.862,35.362,25.0,45.0,60.0,,100.0,2.0,37.08,,,0,trial
2026-07-07T20:35:27,reactive_hot_humid_bursty_r2,reactive,hot_humid,bursty,2,38.36,38.06,37.86,35.36,25.0,45.0,60.0,,100.0,2.0,37.08,,,0,trial
2026-07-07T20:35:27,reactive_hot_humid_bursty_r2,reactive,hot_humid,bursty,2,38.357,38.057,37.857,35.357,25.0,45.0,60.0,,100.0,2.0,37.08,,,0,trial
2026-07-07T20:35:27,reactive_hot_humid_bursty_r2,reactive,hot_humid,bursty,2,38.354,38.054,37.854,35.354,25.0,45.0,60.0,,100.0,2.0,37.09,,,0,trial
2026-07-07T20:35:27,reactive_hot_humid_bursty_r2,reactive,hot_humid,bursty,2,38.352,38.052,37.852,35.352,25.0,45.0,60.0,,100.0,2.0,37.09,,,0,trial
2026-07-07T20:35:27,reactive_hot_humid_bursty_r2,reactive,hot_humid,bursty,2,38.349,38.049,37.849,35.349,25.0,45.0,60.0,,100.0,2.0,37.09,,,0,trial
2026-07-07T20:35:27,reactive_hot_humid_bursty_r2,reactive,hot_humid,bursty,2,38.346,38.046,37.846,35.346,25.0,45.0,60.0,,100.0,2.0,37.09,,,0,trial
2026-07-07T20:35:27,reactive_hot_humid_bursty_r2,reactive,hot_humid,bursty,2,38.344,38.044,37.844,35.344,25.0,45.0,60.0,,100.0,2.0,37.09,,,0,trial
2026-07-07T20:35:27,reactive_hot_humid_bursty_r2,reactive,hot_humid,bursty,2,38.341,38.041,37.841,35.341,25.0,45.0,60.0,,100.0,2.0,37.09,,,0,trial
2026-07-07T20:35:27,reactive_hot_humid_bursty_r2,reactive,hot_humid,bursty,2,38.338,38.038,37.838,35.338,25.0,45.0,60.0,,100.0,2.0,37.09,,,0,trial
2026-07-07T20:35:27,reactive_hot_humid_bursty_r2,reactive,hot_humid,bursty,2,38.336,38.036,37.836,35.336,25.0,45.0,60.0,,100.0,2.0,37.09,,,0,trial
2026-07-07T20:35:27,reactive_hot_humid_bursty_r2,reactive,hot_humid,bursty,2,38.333,38.033,37.833,35.333,25.0,45.0,60.0,,100.0,2.0,37.09,,,0,trial
2026-07-07T20:35:27,reactive_hot_humid_bursty_r2,reactive,hot_humid,bursty,2,38.331,38.031,37.831,35.331,25.0,45.0,60.0,,100.0,2.0,37.1,,,0,trial
2026-07-07T20:35:27,reactive_hot_humid_bursty_r2,reactive,hot_humid,bursty,2,38.328,38.028,37.828,35.328,25.0,45.0,60.0,,100.0,2.0,37.1,,,0,trial
2026-07-07T20:35:27,reactive_hot_humid_bursty_r2,reactive,hot_humid,bursty,2,38.325,38.025,37.825,35.325,25.0,45.0,60.0,,100.0,2.0,37.1,,,0,trial
2026-07-07T20:35:27,reactive_hot_humid_bursty_r2,reactive,hot_humid,bursty,2,38.323,38.023,37.823,35.323,25.0,45.0,60.0,,100.0,2.0,37.1,,,0,trial
2026-07-07T20:35:27,reactive_hot_humid_bursty_r2,reactive,hot_humid,bursty,2,38.32,38.02,37.82,35.32,25.0,45.0,60.0,,100.0,2.0,37.1,,,0,trial
2026-07-07T20:35:27,reactive_hot_humid_bursty_r2,reactive,hot_humid,bursty,2,38.317,38.017,37.817,35.317,25.0,45.0,60.0,,100.0,2.0,37.1,,,0,trial
2026-07-07T20:35:27,reactive_hot_humid_bursty_r2,reactive,hot_humid,bursty,2,38.315,38.015,37.815,35.315,25.0,45.0,60.0,,100.0,2.0,37.1,,,0,trial
2026-07-07T20:35:27,reactive_hot_humid_bursty_r2,reactive,hot_humid,bursty,2,38.312,38.012,37.812,35.312,25.0,45.0,60.0,,100.0,2.0,37.1,,,0,trial
2026-07-07T20:35:27,reactive_hot_humid_bursty_r2,reactive,hot_humid,bursty,2,38.31,38.01,37.81,35.31,25.0,45.0,60.0,,100.0,2.0,37.1,,,0,trial
2026-07-07T20:35:27,reactive_hot_humid_bursty_r2,reactive,hot_humid,bursty,2,38.307,38.007,37.807,35.307,25.0,45.0,60.0,,100.0,2.0,37.1,,,0,trial
2026-07-07T20:35:27,reactive_hot_humid_bursty_r2,reactive,hot_humid,bursty,2,38.304,38.004,37.804,35.304,25.0,45.0,60.0,,100.0,2.0,37.1,,,0,trial
2026-07-07T20:35:27,reactive_hot_humid_bursty_r2,reactive,hot_humid,bursty,2,38.302,38.002,37.802,35.302,25.0,45.0,60.0,,100.0,2.0,37.1,,,0,trial
2026-07-07T20:35:27,reactive_hot_humid_bursty_r2,reactive,hot_humid,bursty,2,38.299,37.999,37.799,35.299,25.0,45.0,60.0,,100.0,2.0,37.1,,,0,trial
2026-07-07T20:35:27,reactive_hot_humid_bursty_r2,reactive,hot_humid,bursty,2,38.297,37.997,37.797,35.297,25.0,45.0,60.0,,100.0,2.0,37.1,,,0,trial
2026-07-07T20:35:27,reactive_hot_humid_bursty_r2,reactive,hot_humid,bursty,2,38.294,37.994,37.794,35.294,25.0,45.0,60.0,,100.0,2.0,37.1,,,0,trial
2026-07-07T20:35:27,reactive_hot_humid_bursty_r2,reactive,hot_humid,bursty,2,38.291,37.991,37.791,35.291,25.0,45.0,60.0,,100.0,2.0,37.1,,,0,trial
2026-07-07T20:35:27,reactive_hot_humid_bursty_r2,reactive,hot_humid,bursty,2,38.289,37.989,37.789,35.289,25.0,45.0,60.0,,100.0,2.0,37.1,,,0,trial
2026-07-07T20:35:27,reactive_hot_humid_bursty_r2,reactive,hot_humid,bursty,2,38.286,37.986,37.786,35.286,25.0,45.0,60.0,,100.0,2.0,37.1,,,0,trial
2026-07-07T20:35:27,reactive_hot_humid_bursty_r2,reactive,hot_humid,bursty,2,38.284,37.984,37.784,35.284,25.0,45.0,60.0,,100.0,2.0,37.1,,,0,trial
2026-07-07T20:35:27,reactive_hot_humid_bursty_r2,reactive,hot_humid,bursty,2,38.281,37.981,37.781,35.281,25.0,45.0,60.0,,100.0,2.0,37.1,,,0,trial
2026-07-07T20:35:27,reactive_hot_humid_bursty_r2,reactive,hot_humid,bursty,2,38.278,37.978,37.778,35.278,25.0,45.0,60.0,,100.0,2.0,37.1,,,0,trial
2026-07-07T20:35:27,reactive_hot_humid_bursty_r2,reactive,hot_humid,bursty,2,38.276,37.976,37.776,35.276,25.0,45.0,60.0,,100.0,2.0,37.1,,,0,trial
2026-07-07T20:35:27,reactive_hot_humid_bursty_r2,reactive,hot_humid,bursty,2,38.273,37.973,37.773,35.273,25.0,45.0,60.0,,100.0,2.0,37.1,,,0,trial
2026-07-07T20:35:27,reactive_hot_humid_bursty_r2,reactive,hot_humid,bursty,2,38.271,37.971,37.771,35.271,25.0,45.0,60.0,,100.0,2.0,37.1,,,0,trial
2026-07-07T20:35:27,reactive_hot_humid_bursty_r2,reactive,hot_humid,bursty,2,38.268,37.968,37.768,35.268,25.0,45.0,60.0,,100.0,2.0,37.1,,,0,trial
2026-07-07T20:35:27,reactive_hot_humid_bursty_r2,reactive,hot_humid,bursty,2,38.265,37.965,37.765,35.265,25.0,45.0,60.0,,100.0,2.0,37.09,,,0,trial
2026-07-07T20:35:27,reactive_hot_humid_bursty_r2,reactive,hot_humid,bursty,2,38.263,37.963,37.763,35.263,25.0,45.0,60.0,,100.0,2.0,37.09,,,0,trial
2026-07-07T20:35:27,reactive_hot_humid_bursty_r2,reactive,hot_humid,bursty,2,38.26,37.96,37.76,35.26,25.0,45.0,60.0,,100.0,2.0,37.09,,,0,trial
2026-07-07T20:35:27,reactive_hot_humid_bursty_r2,reactive,hot_humid,bursty,2,38.258,37.958,37.758,35.258,25.0,45.0,60.0,,100.0,2.0,37.09,,,0,trial
2026-07-07T20:35:27,reactive_hot_humid_bursty_r2,reactive,hot_humid,bursty,2,38.255,37.955,37.755,35.255,25.0,45.0,60.0,,100.0,2.0,37.09,,,0,trial
2026-07-07T20:35:27,reactive_hot_humid_bursty_r2,reactive,hot_humid,bursty,2,38.253,37.953,37.753,35.253,25.0,45.0,60.0,,100.0,2.0,37.09,,,0,trial
2026-07-07T20:35:27,reactive_hot_humid_bursty_r2,reactive,hot_humid,bursty,2,38.25,37.95,37.75,35.25,25.0,45.0,60.0,,100.0,2.0,37.09,,,0,trial
2026-07-07T20:35:27,reactive_hot_humid_bursty_r2,reactive,hot_humid,bursty,2,38.247,37.947,37.747,35.247,25.0,45.0,60.0,,100.0,2.0,37.09,,,0,trial
2026-07-07T20:35:27,reactive_hot_humid_bursty_r2,reactive,hot_humid,bursty,2,38.245,37.945,37.745,35.245,25.0,45.0,60.0,,100.0,2.0,37.09,,,0,trial
2026-07-07T20:35:27,reactive_hot_humid_bursty_r2,reactive,hot_humid,bursty,2,38.242,37.942,37.742,35.242,25.0,45.0,60.0,,100.0,2.0,37.08,,,0,trial
2026-07-07T20:35:27,reactive_hot_humid_bursty_r2,reactive,hot_humid,bursty,2,38.24,37.94,37.74,35.24,25.0,45.0,60.0,,100.0,2.0,37.08,,,0,trial
2026-07-07T20:35:27,reactive_hot_humid_bursty_r2,reactive,hot_humid,bursty,2,38.237,37.937,37.737,35.237,25.0,45.0,60.0,,100.0,2.0,37.08,,,0,trial
2026-07-07T20:35:27,reactive_hot_humid_bursty_r2,reactive,hot_humid,bursty,2,38.235,37.935,37.735,35.235,25.0,45.0,60.0,,100.0,2.0,37.08,,,0,trial
2026-07-07T20:35:27,reactive_hot_humid_bursty_r2,reactive,hot_humid,bursty,2,38.232,37.932,37.732,35.232,25.0,45.0,60.0,,100.0,2.0,37.08,,,0,trial
2026-07-07T20:35:27,reactive_hot_humid_bursty_r2,reactive,hot_humid,bursty,2,38.23,37.93,37.73,35.23,25.0,45.0,60.0,,100.0,2.0,37.08,,,0,trial
2026-07-07T20:35:27,reactive_hot_humid_bursty_r2,reactive,hot_humid,bursty,2,38.227,37.927,37.727,35.227,25.0,45.0,60.0,,100.0,2.0,37.07,,,0,trial
2026-07-07T20:35:27,reactive_hot_humid_bursty_r2,reactive,hot_humid,bursty,2,38.224,37.924,37.724,35.224,25.0,45.0,60.0,,100.0,2.0,37.07,,,0,trial
2026-07-07T20:35:27,reactive_hot_humid_bursty_r2,reactive,hot_humid,bursty,2,38.232,37.932,37.732,35.232,25.0,45.0,140.0,,100.0,2.0,37.07,,,0,trial
2026-07-07T20:35:27,reactive_hot_humid_bursty_r2,reactive,hot_humid,bursty,2,38.242,37.942,37.742,35.242,25.0,45.0,140.0,,75.0,1.5,37.07,,,0,trial
2026-07-07T20:35:27,reactive_hot_humid_bursty_r2,reactive,hot_humid,bursty,2,38.252,37.952,37.752,35.252,25.0,45.0,140.0,,75.0,1.5,37.07,,,0,trial
2026-07-07T20:35:27,reactive_hot_humid_bursty_r2,reactive,hot_humid,bursty,2,38.261,37.961,37.761,35.261,25.0,45.0,140.0,,75.0,1.5,37.06,,,0,trial
2026-07-07T20:35:27,reactive_hot_humid_bursty_r2,reactive,hot_humid,bursty,2,38.271,37.971,37.771,35.271,25.0,45.0,140.0,,75.0,1.5,37.06,,,0,trial
2026-07-07T20:35:27,reactive_hot_humid_bursty_r2,reactive,hot_humid,bursty,2,38.28,37.98,37.78,35.28,25.0,45.0,140.0,,75.0,1.5,37.06,,,0,trial
2026-07-07T20:35:27,reactive_hot_humid_bursty_r2,reactive,hot_humid,bursty,2,38.29,37.99,37.79,35.29,25.0,45.0,140.0,,75.0,1.5,37.06,,,0,trial
2026-07-07T20:35:27,reactive_hot_humid_bursty_r2,reactive,hot_humid,bursty,2,38.3,38.0,37.8,35.3,25.0,45.0,140.0,,75.0,1.5,37.05,,,0,trial
2026-07-07T20:35:27,reactive_hot_humid_bursty_r2,reactive,hot_humid,bursty,2,38.309,38.009,37.809,35.309,25.0,45.0,140.0,,75.0,1.5,37.05,,,0,trial
2026-07-07T20:35:27,reactive_hot_humid_bursty_r2,reactive,hot_humid,bursty,2,38.319,38.019,37.819,35.319,25.0,45.0,140.0,,75.0,1.5,37.05,,,0,trial
2026-07-07T20:35:27,reactive_hot_humid_bursty_r2,reactive,hot_humid,bursty,2,38.328,38.028,37.828,35.328,25.0,45.0,140.0,,75.0,1.5,37.05,,,0,trial
2026-07-07T20:35:27,reactive_hot_humid_bursty_r2,reactive,hot_humid,bursty,2,38.338,38.038,37.838,35.338,25.0,45.0,140.0,,75.0,1.5,37.04,,,0,trial
2026-07-07T20:35:27,reactive_hot_humid_bursty_r2,reactive,hot_humid,bursty,2,38.348,38.048,37.848,35.348,25.0,45.0,140.0,,75.0,1.5,37.04,,,0,trial
2026-07-07T20:35:27,reactive_hot_humid_bursty_r2,reactive,hot_humid,bursty,2,38.357,38.057,37.857,35.357,25.0,45.0,140.0,,75.0,1.5,37.04,,,0,trial
2026-07-07T20:35:27,reactive_hot_humid_bursty_r2,reactive,hot_humid,bursty,2,38.367,38.067,37.867,35.367,25.0,45.0,140.0,,75.0,1.5,37.04,,,0,trial
2026-07-07T20:35:27,reactive_hot_humid_bursty_r2,reactive,hot_humid,bursty,2,38.376,38.076,37.876,35.376,25.0,45.0,140.0,,75.0,1.5,37.03,,,0,trial
2026-07-07T20:35:27,reactive_hot_humid_bursty_r2,reactive,hot_humid,bursty,2,38.386,38.086,37.886,35.386,25.0,45.0,140.0,,75.0,1.5,37.03,,,0,trial
2026-07-07T20:35:27,reactive_hot_humid_bursty_r2,reactive,hot_humid,bursty,2,38.395,38.095,37.895,35.395,25.0,45.0,140.0,,75.0,1.5,37.03,,,0,trial
2026-07-07T20:35:27,reactive_hot_humid_bursty_r2,reactive,hot_humid,bursty,2,38.405,38.105,37.905,35.405,25.0,45.0,140.0,,75.0,1.5,37.02,,,0,trial
2026-07-07T20:35:27,reactive_hot_humid_bursty_r2,reactive,hot_humid,bursty,2,38.414,38.114,37.914,35.414,25.0,45.0,140.0,,75.0,1.5,37.02,,,0,trial
2026-07-07T20:35:27,reactive_hot_humid_bursty_r2,reactive,hot_humid,bursty,2,38.424,38.124,37.924,35.424,25.0,45.0,140.0,,75.0,1.5,37.02,,,0,trial
2026-07-07T20:35:27,reactive_hot_humid_bursty_r2,reactive,hot_humid,bursty,2,38.433,38.133,37.933,35.433,25.0,45.0,140.0,,75.0,1.5,37.01,,,0,trial
2026-07-07T20:35:27,reactive_hot_humid_bursty_r2,reactive,hot_humid,bursty,2,38.443,38.143,37.943,35.443,25.0,45.0,140.0,,75.0,1.5,37.01,,,0,trial
2026-07-07T20:35:27,reactive_hot_humid_bursty_r2,reactive,hot_humid,bursty,2,38.452,38.152,37.952,35.452,25.0,45.0,140.0,,75.0,1.5,37.01,,,0,trial
2026-07-07T20:35:27,reactive_hot_humid_bursty_r2,reactive,hot_humid,bursty,2,38.462,38.162,37.962,35.462,25.0,45.0,140.0,,75.0,1.5,37.0,,,0,trial
2026-07-07T20:35:27,reactive_hot_humid_bursty_r2,reactive,hot_humid,bursty,2,38.471,38.171,37.971,35.471,25.0,45.0,140.0,,75.0,1.5,37.0,,,0,trial
2026-07-07T20:35:27,reactive_hot_humid_bursty_r2,reactive,hot_humid,bursty,2,38.481,38.181,37.981,35.481,25.0,45.0,140.0,,75.0,1.5,37.0,,,0,trial
2026-07-07T20:35:27,reactive_hot_humid_bursty_r2,reactive,hot_humid,bursty,2,38.49,38.19,37.99,35.49,25.0,45.0,140.0,,75.0,1.5,36.99,,,0,trial
2026-07-07T20:35:27,reactive_hot_humid_bursty_r2,reactive,hot_humid,bursty,2,38.5,38.2,38.0,35.5,25.0,45.0,140.0,,75.0,1.5,36.99,,,0,trial
2026-07-07T20:35:27,reactive_hot_humid_bursty_r2,reactive,hot_humid,bursty,2,38.509,38.209,38.009,35.509,25.0,45.0,140.0,,75.0,1.5,36.99,,,0,trial
2026-07-07T20:35:27,reactive_hot_humid_bursty_r2,reactive,hot_humid,bursty,2,38.518,38.218,38.018,35.518,25.0,45.0,140.0,,75.0,1.5,36.98,,,0,trial
2026-07-07T20:35:27,reactive_hot_humid_bursty_r2,reactive,hot_humid,bursty,2,38.526,38.226,38.026,35.526,25.0,45.0,140.0,,100.0,2.0,36.98,,,0,trial
2026-07-07T20:35:27,reactive_hot_humid_bursty_r2,reactive,hot_humid,bursty,2,38.534,38.234,38.034,35.534,25.0,45.0,140.0,,100.0,2.0,36.97,,,0,trial
2026-07-07T20:35:27,reactive_hot_humid_bursty_r2,reactive,hot_humid,bursty,2,38.542,38.242,38.042,35.542,25.0,45.0,140.0,,100.0,2.0,36.97,,,0,trial
2026-07-07T20:35:27,reactive_hot_humid_bursty_r2,reactive,hot_humid,bursty,2,38.549,38.249,38.049,35.549,25.0,45.0,140.0,,100.0,2.0,36.96,,,0,trial
2026-07-07T20:35:27,reactive_hot_humid_bursty_r2,reactive,hot_humid,bursty,2,38.557,38.257,38.057,35.557,25.0,45.0,140.0,,100.0,2.0,36.96,,,0,trial
2026-07-07T20:35:27,reactive_hot_humid_bursty_r2,reactive,hot_humid,bursty,2,38.565,38.265,38.065,35.565,25.0,45.0,140.0,,100.0,2.0,36.96,,,0,trial
2026-07-07T20:35:27,reactive_hot_humid_bursty_r2,reactive,hot_humid,bursty,2,38.573,38.273,38.073,35.573,25.0,45.0,140.0,,100.0,2.0,36.95,,,0,trial
2026-07-07T20:35:27,reactive_hot_humid_bursty_r2,reactive,hot_humid,bursty,2,38.58,38.28,38.08,35.58,25.0,45.0,140.0,,100.0,2.0,36.95,,,0,trial
2026-07-07T20:35:27,reactive_hot_humid_bursty_r2,reactive,hot_humid,bursty,2,38.588,38.288,38.088,35.588,25.0,45.0,140.0,,100.0,2.0,36.94,,,0,trial
2026-07-07T20:35:27,reactive_hot_humid_bursty_r2,reactive,hot_humid,bursty,2,38.596,38.296,38.096,35.596,25.0,45.0,140.0,,100.0,2.0,36.94,,,0,trial
2026-07-07T20:35:27,reactive_hot_humid_bursty_r2,reactive,hot_humid,bursty,2,38.603,38.303,38.103,35.603,25.0,45.0,140.0,,100.0,2.0,36.93,,,0,trial
2026-07-07T20:35:27,reactive_hot_humid_bursty_r2,reactive,hot_humid,bursty,2,38.611,38.311,38.111,35.611,25.0,45.0,140.0,,100.0,2.0,36.93,,,0,trial
2026-07-07T20:35:27,reactive_hot_humid_bursty_r2,reactive,hot_humid,bursty,2,38.619,38.319,38.119,35.619,25.0,45.0,140.0,,100.0,2.0,36.92,,,0,trial
2026-07-07T20:35:27,reactive_hot_humid_bursty_r2,reactive,hot_humid,bursty,2,38.626,38.326,38.126,35.626,25.0,45.0,140.0,,100.0,2.0,36.92,,,0,trial
2026-07-07T20:35:27,reactive_hot_humid_bursty_r2,reactive,hot_humid,bursty,2,38.634,38.334,38.134,35.634,25.0,45.0,140.0,,100.0,2.0,36.92,,,0,trial
2026-07-07T20:35:27,reactive_hot_humid_bursty_r2,reactive,hot_humid,bursty,2,38.642,38.342,38.142,35.642,25.0,45.0,140.0,,100.0,2.0,36.91,,,0,trial
2026-07-07T20:35:27,reactive_hot_humid_bursty_r2,reactive,hot_humid,bursty,2,38.649,38.349,38.149,35.649,25.0,45.0,140.0,,100.0,2.0,36.91,,,0,trial
2026-07-07T20:35:27,reactive_hot_humid_bursty_r2,reactive,hot_humid,bursty,2,38.657,38.357,38.157,35.657,25.0,45.0,140.0,,100.0,2.0,36.9,,,0,trial
2026-07-07T20:35:27,reactive_hot_humid_bursty_r2,reactive,hot_humid,bursty,2,38.665,38.365,38.165,35.665,25.0,45.0,140.0,,100.0,2.0,36.9,,,0,trial
2026-07-07T20:35:27,reactive_hot_humid_bursty_r2,reactive,hot_humid,bursty,2,38.672,38.372,38.172,35.672,25.0,45.0,140.0,,100.0,2.0,36.89,,,0,trial
2026-07-07T20:35:27,reactive_hot_humid_bursty_r2,reactive,hot_humid,bursty,2,38.68,38.38,38.18,35.68,25.0,45.0,140.0,,100.0,2.0,36.88,,,0,trial
2026-07-07T20:35:27,reactive_hot_humid_bursty_r2,reactive,hot_humid,bursty,2,38.688,38.388,38.188,35.688,25.0,45.0,140.0,,100.0,2.0,36.88,,,0,trial
2026-07-07T20:35:27,reactive_hot_humid_bursty_r2,reactive,hot_humid,bursty,2,38.695,38.395,38.195,35.695,25.0,45.0,140.0,,100.0,2.0,36.87,,,0,trial
2026-07-07T20:35:27,reactive_hot_humid_bursty_r2,reactive,hot_humid,bursty,2,38.703,38.403,38.203,35.703,25.0,45.0,140.0,,100.0,2.0,36.87,,,0,trial
2026-07-07T20:35:27,reactive_hot_humid_bursty_r2,reactive,hot_humid,bursty,2,38.71,38.41,38.21,35.71,25.0,45.0,140.0,,100.0,2.0,36.86,,,0,trial
2026-07-07T20:35:27,reactive_hot_humid_bursty_r2,reactive,hot_humid,bursty,2,38.718,38.418,38.218,35.718,25.0,45.0,140.0,,100.0,2.0,36.86,,,0,trial
2026-07-07T20:35:27,reactive_hot_humid_bursty_r2,reactive,hot_humid,bursty,2,38.726,38.426,38.226,35.726,25.0,45.0,140.0,,100.0,2.0,36.85,,,0,trial
2026-07-07T20:35:27,reactive_hot_humid_bursty_r2,reactive,hot_humid,bursty,2,38.733,38.433,38.233,35.733,25.0,45.0,140.0,,100.0,2.0,36.85,,,0,trial
2026-07-07T20:35:27,reactive_hot_humid_bursty_r2,reactive,hot_humid,bursty,2,38.741,38.441,38.241,35.741,25.0,45.0,140.0,,100.0,2.0,36.84,,,0,trial
2026-07-07T20:35:27,reactive_hot_humid_bursty_r2,reactive,hot_humid,bursty,2,38.748,38.448,38.248,35.748,25.0,45.0,140.0,,100.0,2.0,36.84,,,0,trial
2026-07-07T20:35:27,reactive_hot_humid_bursty_r2,reactive,hot_humid,bursty,2,38.758,38.458,38.258,35.758,25.0,45.0,140.0,,75.0,1.5,36.83,,,0,trial
2026-07-07T20:35:27,reactive_hot_humid_bursty_r2,reactive,hot_humid,bursty,2,38.767,38.467,38.267,35.767,25.0,45.0,140.0,,75.0,1.5,36.82,,,0,trial
2026-07-07T20:35:27,reactive_hot_humid_bursty_r2,reactive,hot_humid,bursty,2,38.776,38.476,38.276,35.776,25.0,45.0,140.0,,75.0,1.5,36.82,,,0,trial
2026-07-07T20:35:27,reactive_hot_humid_bursty_r2,reactive,hot_humid,bursty,2,38.785,38.485,38.285,35.785,25.0,45.0,140.0,,75.0,1.5,36.81,,,0,trial
2026-07-07T20:35:27,reactive_hot_humid_bursty_r2,reactive,hot_humid,bursty,2,38.795,38.495,38.295,35.795,25.0,45.0,140.0,,75.0,1.5,36.81,,,0,trial
2026-07-07T20:35:27,reactive_hot_humid_bursty_r2,reactive,hot_humid,bursty,2,38.804,38.504,38.304,35.804,25.0,45.0,140.0,,75.0,1.5,36.8,,,0,trial
2026-07-07T20:35:27,reactive_hot_humid_bursty_r2,reactive,hot_humid,bursty,2,38.813,38.513,38.313,35.813,25.0,45.0,140.0,,75.0,1.5,36.79,,,0,trial
2026-07-07T20:35:27,reactive_hot_humid_bursty_r2,reactive,hot_humid,bursty,2,38.822,38.522,38.322,35.822,25.0,45.0,140.0,,75.0,1.5,36.79,,,0,trial
2026-07-07T20:35:27,reactive_hot_humid_bursty_r2,reactive,hot_humid,bursty,2,38.832,38.532,38.332,35.832,25.0,45.0,140.0,,75.0,1.5,36.78,,,0,trial
2026-07-07T20:35:27,reactive_hot_humid_bursty_r2,reactive,hot_humid,bursty,2,38.841,38.541,38.341,35.841,25.0,45.0,140.0,,75.0,1.5,36.77,,,0,trial
2026-07-07T20:35:27,reactive_hot_humid_bursty_r2,reactive,hot_humid,bursty,2,38.85,38.55,38.35,35.85,25.0,45.0,140.0,,75.0,1.5,36.77,,,0,trial
2026-07-07T20:35:27,reactive_hot_humid_bursty_r2,reactive,hot_humid,bursty,2,38.859,38.559,38.359,35.859,25.0,45.0,140.0,,75.0,1.5,36.76,,,0,trial
2026-07-07T20:35:27,reactive_hot_humid_bursty_r2,reactive,hot_humid,bursty,2,38.868,38.568,38.368,35.868,25.0,45.0,140.0,,75.0,1.5,36.76,,,0,trial
2026-07-07T20:35:27,reactive_hot_humid_bursty_r2,reactive,hot_humid,bursty,2,38.878,38.578,38.378,35.878,25.0,45.0,140.0,,75.0,1.5,36.75,,,0,trial
2026-07-07T20:35:27,reactive_hot_humid_bursty_r2,reactive,hot_humid,bursty,2,38.887,38.587,38.387,35.887,25.0,45.0,140.0,,75.0,1.5,36.74,,,0,trial
2026-07-07T20:35:27,reactive_hot_humid_bursty_r2,reactive,hot_humid,bursty,2,38.896,38.596,38.396,35.896,25.0,45.0,140.0,,75.0,1.5,36.74,,,0,trial
2026-07-07T20:35:27,reactive_hot_humid_bursty_r2,reactive,hot_humid,bursty,2,38.905,38.605,38.405,35.905,25.0,45.0,140.0,,75.0,1.5,36.73,,,0,trial
2026-07-07T20:35:27,reactive_hot_humid_bursty_r2,reactive,hot_humid,bursty,2,38.914,38.614,38.414,35.914,25.0,45.0,140.0,,75.0,1.5,36.72,,,0,trial
2026-07-07T20:35:27,reactive_hot_humid_bursty_r2,reactive,hot_humid,bursty,2,38.924,38.624,38.424,35.924,25.0,45.0,140.0,,75.0,1.5,36.72,,,0,trial
2026-07-07T20:35:27,reactive_hot_humid_bursty_r2,reactive,hot_humid,bursty,2,38.933,38.633,38.433,35.933,25.0,45.0,140.0,,75.0,1.5,36.71,,,0,trial
2026-07-07T20:35:27,reactive_hot_humid_bursty_r2,reactive,hot_humid,bursty,2,38.942,38.642,38.442,35.942,25.0,45.0,140.0,,75.0,1.5,36.7,,,0,trial
2026-07-07T20:35:27,reactive_hot_humid_bursty_r2,reactive,hot_humid,bursty,2,38.951,38.651,38.451,35.951,25.0,45.0,140.0,,75.0,1.5,36.69,,,0,trial
2026-07-07T20:35:27,reactive_hot_humid_bursty_r2,reactive,hot_humid,bursty,2,38.96,38.66,38.46,35.96,25.0,45.0,140.0,,75.0,1.5,36.69,,,0,trial
2026-07-07T20:35:27,reactive_hot_humid_bursty_r2,reactive,hot_humid,bursty,2,38.969,38.669,38.469,35.969,25.0,45.0,140.0,,75.0,1.5,36.68,,,0,trial
2026-07-07T20:35:27,reactive_hot_humid_bursty_r2,reactive,hot_humid,bursty,2,38.978,38.678,38.478,35.978,25.0,45.0,140.0,,75.0,1.5,36.67,,,0,trial
2026-07-07T20:35:27,reactive_hot_humid_bursty_r2,reactive,hot_humid,bursty,2,38.988,38.688,38.488,35.988,25.0,45.0,140.0,,75.0,1.5,36.67,,,0,trial
2026-07-07T20:35:27,reactive_hot_humid_bursty_r2,reactive,hot_humid,bursty,2,38.997,38.697,38.497,35.997,25.0,45.0,140.0,,75.0,1.5,36.66,,,0,trial
2026-07-07T20:35:27,reactive_hot_humid_bursty_r2,reactive,hot_humid,bursty,2,39.006,38.706,38.506,36.006,25.0,45.0,140.0,,75.0,1.5,36.65,,,0,trial
2026-07-07T20:35:27,reactive_hot_humid_bursty_r2,reactive,hot_humid,bursty,2,39.015,38.715,38.515,36.015,25.0,45.0,140.0,,75.0,1.5,36.64,,,0,trial
2026-07-07T20:35:27,reactive_hot_humid_bursty_r2,reactive,hot_humid,bursty,2,39.024,38.724,38.524,36.024,25.0,45.0,140.0,,75.0,1.5,36.64,,,0,trial
2026-07-07T20:35:27,reactive_hot_humid_bursty_r2,reactive,hot_humid,bursty,2,39.031,38.731,38.531,36.031,25.0,45.0,140.0,,100.0,2.0,36.63,,,0,trial
2026-07-07T20:35:27,reactive_hot_humid_bursty_r2,reactive,hot_humid,bursty,2,39.039,38.739,38.539,36.039,25.0,45.0,140.0,,100.0,2.0,36.62,,,0,trial
2026-07-07T20:35:27,reactive_hot_humid_bursty_r2,reactive,hot_humid,bursty,2,39.046,38.746,38.546,36.046,25.0,45.0,140.0,,100.0,2.0,36.61,,,0,trial
2026-07-07T20:35:27,reactive_hot_humid_bursty_r2,reactive,hot_humid,bursty,2,39.053,38.753,38.553,36.053,25.0,45.0,140.0,,100.0,2.0,36.61,,,0,trial
2026-07-07T20:35:27,reactive_hot_humid_bursty_r2,reactive,hot_humid,bursty,2,39.061,38.761,38.561,36.061,25.0,45.0,140.0,,100.0,2.0,36.6,,,0,trial
2026-07-07T20:35:27,reactive_hot_humid_bursty_r2,reactive,hot_humid,bursty,2,39.068,38.768,38.568,36.068,25.0,45.0,140.0,,100.0,2.0,36.59,,,0,trial
2026-07-07T20:35:27,reactive_hot_humid_bursty_r2,reactive,hot_humid,bursty,2,39.075,38.775,38.575,36.075,25.0,45.0,140.0,,100.0,2.0,36.58,,,0,trial
2026-07-07T20:35:27,reactive_hot_humid_bursty_r2,reactive,hot_humid,bursty,2,39.083,38.783,38.583,36.083,25.0,45.0,140.0,,100.0,2.0,36.58,,,0,trial
2026-07-07T20:35:27,reactive_hot_humid_bursty_r2,reactive,hot_humid,bursty,2,39.09,38.79,38.59,36.09,25.0,45.0,140.0,,100.0,2.0,36.57,,,0,trial
2026-07-07T20:35:27,reactive_hot_humid_bursty_r2,reactive,hot_humid,bursty,2,39.097,38.797,38.597,36.097,25.0,45.0,140.0,,100.0,2.0,36.56,,,0,trial
2026-07-07T20:35:27,reactive_hot_humid_bursty_r2,reactive,hot_humid,bursty,2,39.105,38.805,38.605,36.105,25.0,45.0,140.0,,100.0,2.0,36.55,,,0,trial
2026-07-07T20:35:27,reactive_hot_humid_bursty_r2,reactive,hot_humid,bursty,2,39.112,38.812,38.612,36.112,25.0,45.0,140.0,,100.0,2.0,36.54,,,0,trial
2026-07-07T20:35:27,reactive_hot_humid_bursty_r2,reactive,hot_humid,bursty,2,39.119,38.819,38.619,36.119,25.0,45.0,140.0,,100.0,2.0,36.54,,,0,trial
2026-07-07T20:35:27,reactive_hot_humid_bursty_r2,reactive,hot_humid,bursty,2,39.126,38.826,38.626,36.126,25.0,45.0,140.0,,100.0,2.0,36.53,,,0,trial
2026-07-07T20:35:27,reactive_hot_humid_bursty_r2,reactive,hot_humid,bursty,2,39.134,38.834,38.634,36.134,25.0,45.0,140.0,,100.0,2.0,36.52,,,0,trial
2026-07-07T20:35:27,reactive_hot_humid_bursty_r2,reactive,hot_humid,bursty,2,39.141,38.841,38.641,36.141,25.0,45.0,140.0,,100.0,2.0,36.51,,,0,trial
2026-07-07T20:35:27,reactive_hot_humid_bursty_r2,reactive,hot_humid,bursty,2,39.148,38.848,38.648,36.148,25.0,45.0,140.0,,100.0,2.0,36.5,,,0,trial
2026-07-07T20:35:27,reactive_hot_humid_bursty_r2,reactive,hot_humid,bursty,2,39.155,38.855,38.655,36.155,25.0,45.0,140.0,,100.0,2.0,36.49,,,0,trial
2026-07-07T20:35:27,reactive_hot_humid_bursty_r2,reactive,hot_humid,bursty,2,39.163,38.863,38.663,36.163,25.0,45.0,140.0,,100.0,2.0,36.49,,,0,trial
2026-07-07T20:35:27,reactive_hot_humid_bursty_r2,reactive,hot_humid,bursty,2,39.17,38.87,38.67,36.17,25.0,45.0,140.0,,100.0,2.0,36.48,,,0,trial
2026-07-07T20:35:27,reactive_hot_humid_bursty_r2,reactive,hot_humid,bursty,2,39.177,38.877,38.677,36.177,25.0,45.0,140.0,,100.0,2.0,36.47,,,0,trial
2026-07-07T20:35:27,reactive_hot_humid_bursty_r2,reactive,hot_humid,bursty,2,39.184,38.884,38.684,36.184,25.0,45.0,140.0,,100.0,2.0,36.46,,,0,trial
2026-07-07T20:35:27,reactive_hot_humid_bursty_r2,reactive,hot_humid,bursty,2,39.192,38.892,38.692,36.192,25.0,45.0,140.0,,100.0,2.0,36.45,,,0,trial
2026-07-07T20:35:27,reactive_hot_humid_bursty_r2,reactive,hot_humid,bursty,2,39.199,38.899,38.699,36.199,25.0,45.0,140.0,,100.0,2.0,36.44,,,0,trial
2026-07-07T20:35:27,reactive_hot_humid_bursty_r2,reactive,hot_humid,bursty,2,39.206,38.906,38.706,36.206,25.0,45.0,140.0,,100.0,2.0,36.43,,,0,trial
2026-07-07T20:35:27,reactive_hot_humid_bursty_r2,reactive,hot_humid,bursty,2,39.213,38.913,38.713,36.213,25.0,45.0,140.0,,100.0,2.0,36.43,,,0,trial
2026-07-07T20:35:27,reactive_hot_humid_bursty_r2,reactive,hot_humid,bursty,2,39.22,38.92,38.72,36.22,25.0,45.0,140.0,,100.0,2.0,36.42,,,0,trial
2026-07-07T20:35:27,reactive_hot_humid_bursty_r2,reactive,hot_humid,bursty,2,39.228,38.928,38.728,36.228,25.0,45.0,140.0,,100.0,2.0,36.41,,,0,trial
2026-07-07T20:35:27,reactive_hot_humid_bursty_r2,reactive,hot_humid,bursty,2,39.235,38.935,38.735,36.235,25.0,45.0,140.0,,100.0,2.0,36.4,,,0,trial
2026-07-07T20:35:27,reactive_hot_humid_bursty_r2,reactive,hot_humid,bursty,2,39.242,38.942,38.742,36.242,25.0,45.0,140.0,,100.0,2.0,36.39,,,0,trial
2026-07-07T20:35:27,reactive_hot_humid_bursty_r2,reactive,hot_humid,bursty,2,39.249,38.949,38.749,36.249,25.0,45.0,140.0,,100.0,2.0,36.38,,,0,trial
2026-07-07T20:35:27,reactive_hot_humid_bursty_r2,reactive,hot_humid,bursty,2,39.256,38.956,38.756,36.256,25.0,45.0,140.0,,100.0,2.0,36.37,,,0,trial
2026-07-07T20:35:27,reactive_hot_humid_bursty_r2,reactive,hot_humid,bursty,2,39.264,38.964,38.764,36.264,25.0,45.0,140.0,,100.0,2.0,36.36,,,0,trial
2026-07-07T20:35:27,reactive_hot_humid_bursty_r2,reactive,hot_humid,bursty,2,39.271,38.971,38.771,36.271,25.0,45.0,140.0,,100.0,2.0,36.35,,,0,trial
2026-07-07T20:35:27,reactive_hot_humid_bursty_r2,reactive,hot_humid,bursty,2,39.278,38.978,38.778,36.278,25.0,45.0,140.0,,100.0,2.0,36.34,,,0,trial
2026-07-07T20:35:27,reactive_hot_humid_bursty_r2,reactive,hot_humid,bursty,2,39.285,38.985,38.785,36.285,25.0,45.0,140.0,,100.0,2.0,36.34,,,0,trial
2026-07-07T20:35:27,reactive_hot_humid_bursty_r2,reactive,hot_humid,bursty,2,39.292,38.992,38.792,36.292,25.0,45.0,140.0,,100.0,2.0,36.33,,,0,trial
2026-07-07T20:35:27,reactive_hot_humid_bursty_r2,reactive,hot_humid,bursty,2,39.299,38.999,38.799,36.299,25.0,45.0,140.0,,100.0,2.0,36.32,,,0,trial
2026-07-07T20:35:27,reactive_hot_humid_bursty_r2,reactive,hot_humid,bursty,2,39.306,39.006,38.806,36.306,25.0,45.0,140.0,,100.0,2.0,36.31,,,0,trial
2026-07-07T20:35:27,reactive_hot_humid_bursty_r2,reactive,hot_humid,bursty,2,39.314,39.014,38.814,36.314,25.0,45.0,140.0,,100.0,2.0,36.3,,,0,trial
2026-07-07T20:35:27,reactive_hot_humid_bursty_r2,reactive,hot_humid,bursty,2,39.321,39.021,38.821,36.321,25.0,45.0,140.0,,100.0,2.0,36.29,,,0,trial
2026-07-07T20:35:27,reactive_hot_humid_bursty_r2,reactive,hot_humid,bursty,2,39.328,39.028,38.828,36.328,25.0,45.0,140.0,,100.0,2.0,36.28,,,0,trial
2026-07-07T20:35:27,reactive_hot_humid_bursty_r2,reactive,hot_humid,bursty,2,39.335,39.035,38.835,36.335,25.0,45.0,140.0,,100.0,2.0,36.27,,,0,trial
2026-07-07T20:35:27,reactive_hot_humid_bursty_r2,reactive,hot_humid,bursty,2,39.342,39.042,38.842,36.342,25.0,45.0,140.0,,100.0,2.0,36.26,,,0,trial
2026-07-07T20:35:27,reactive_hot_humid_bursty_r2,reactive,hot_humid,bursty,2,39.349,39.049,38.849,36.349,25.0,45.0,140.0,,100.0,2.0,36.25,,,0,trial
2026-07-07T20:35:27,reactive_hot_humid_bursty_r2,reactive,hot_humid,bursty,2,39.356,39.056,38.856,36.356,25.0,45.0,140.0,,100.0,2.0,36.24,,,0,trial
2026-07-07T20:35:27,reactive_hot_humid_bursty_r2,reactive,hot_humid,bursty,2,39.363,39.063,38.863,36.363,25.0,45.0,140.0,,100.0,2.0,36.23,,,0,trial
2026-07-07T20:35:27,reactive_hot_humid_bursty_r2,reactive,hot_humid,bursty,2,39.37,39.07,38.87,36.37,25.0,45.0,140.0,,100.0,2.0,36.22,,,0,trial
2026-07-07T20:35:27,reactive_hot_humid_bursty_r2,reactive,hot_humid,bursty,2,39.377,39.077,38.877,36.377,25.0,45.0,140.0,,100.0,2.0,36.21,,,0,trial
2026-07-07T20:35:27,reactive_hot_humid_bursty_r2,reactive,hot_humid,bursty,2,39.385,39.085,38.885,36.385,25.0,45.0,140.0,,100.0,2.0,36.2,,,0,trial
2026-07-07T20:35:27,reactive_hot_humid_bursty_r2,reactive,hot_humid,bursty,2,39.392,39.092,38.892,36.392,25.0,45.0,140.0,,100.0,2.0,36.19,,,0,trial
2026-07-07T20:35:27,reactive_hot_humid_bursty_r2,reactive,hot_humid,bursty,2,39.399,39.099,38.899,36.399,25.0,45.0,140.0,,100.0,2.0,36.18,,,0,trial
2026-07-07T20:35:27,reactive_hot_humid_bursty_r2,reactive,hot_humid,bursty,2,39.406,39.106,38.906,36.406,25.0,45.0,140.0,,100.0,2.0,36.17,,,0,trial
2026-07-07T20:35:27,reactive_hot_humid_bursty_r2,reactive,hot_humid,bursty,2,39.413,39.113,38.913,36.413,25.0,45.0,140.0,,100.0,2.0,36.16,,,0,trial
2026-07-07T20:35:27,reactive_hot_humid_bursty_r2,reactive,hot_humid,bursty,2,39.42,39.12,38.92,36.42,25.0,45.0,140.0,,100.0,2.0,36.15,,,0,trial
2026-07-07T20:35:27,reactive_hot_humid_bursty_r2,reactive,hot_humid,bursty,2,39.427,39.127,38.927,36.427,25.0,45.0,140.0,,100.0,2.0,36.14,,,0,trial
2026-07-07T20:35:27,reactive_hot_humid_bursty_r2,reactive,hot_humid,bursty,2,39.434,39.134,38.934,36.434,25.0,45.0,140.0,,100.0,2.0,36.13,,,0,trial
2026-07-07T20:35:27,reactive_hot_humid_bursty_r2,reactive,hot_humid,bursty,2,39.441,39.141,38.941,36.441,25.0,45.0,140.0,,100.0,2.0,36.12,,,0,trial
2026-07-07T20:35:27,reactive_hot_humid_bursty_r2,reactive,hot_humid,bursty,2,39.448,39.148,38.948,36.448,25.0,45.0,140.0,,100.0,2.0,36.11,,,0,trial
2026-07-07T20:35:27,reactive_hot_humid_bursty_r2,reactive,hot_humid,bursty,2,39.455,39.155,38.955,36.455,25.0,45.0,140.0,,100.0,2.0,36.1,,,0,trial
2026-07-07T20:35:27,reactive_hot_humid_bursty_r2,reactive,hot_humid,bursty,2,39.464,39.164,38.964,36.464,25.0,45.0,140.0,,75.0,1.5,36.09,,,0,trial
2026-07-07T20:35:27,reactive_hot_humid_bursty_r2,reactive,hot_humid,bursty,2,39.473,39.173,38.973,36.473,25.0,45.0,140.0,,75.0,1.5,36.08,,,0,trial
2026-07-07T20:35:27,reactive_hot_humid_bursty_r2,reactive,hot_humid,bursty,2,39.481,39.181,38.981,36.481,25.0,45.0,140.0,,75.0,1.5,36.07,,,0,trial
2026-07-07T20:35:27,reactive_hot_humid_bursty_r2,reactive,hot_humid,bursty,2,39.49,39.19,38.99,36.49,25.0,45.0,140.0,,75.0,1.5,36.06,,,0,trial
2026-07-07T20:35:27,reactive_hot_humid_bursty_r2,reactive,hot_humid,bursty,2,39.499,39.199,38.999,36.499,25.0,45.0,140.0,,75.0,1.5,36.05,,,0,trial
2026-07-07T20:35:27,reactive_hot_humid_bursty_r2,reactive,hot_humid,bursty,2,39.508,39.208,39.008,36.508,25.0,45.0,140.0,,75.0,1.5,36.04,,,0,trial
2026-07-07T20:35:27,reactive_hot_humid_bursty_r2,reactive,hot_humid,bursty,2,39.516,39.216,39.016,36.516,25.0,45.0,140.0,,75.0,1.5,36.03,,,0,trial
2026-07-07T20:35:27,reactive_hot_humid_bursty_r2,reactive,hot_humid,bursty,2,39.525,39.225,39.025,36.525,25.0,45.0,140.0,,75.0,1.5,36.02,,,0,trial
2026-07-07T20:35:27,reactive_hot_humid_bursty_r2,reactive,hot_humid,bursty,2,39.534,39.234,39.034,36.534,25.0,45.0,140.0,,75.0,1.5,36.01,,,0,trial
2026-07-07T20:35:27,reactive_hot_humid_bursty_r2,reactive,hot_humid,bursty,2,39.543,39.243,39.043,36.543,25.0,45.0,140.0,,75.0,1.5,36.0,,,0,trial
2026-07-07T20:35:27,reactive_hot_humid_bursty_r2,reactive,hot_humid,bursty,2,39.552,39.252,39.052,36.552,25.0,45.0,140.0,,75.0,1.5,35.99,,,0,trial
2026-07-07T20:35:27,reactive_hot_humid_bursty_r2,reactive,hot_humid,bursty,2,39.56,39.26,39.06,36.56,25.0,45.0,140.0,,75.0,1.5,35.97,,,0,trial
2026-07-07T20:35:27,reactive_hot_humid_bursty_r2,reactive,hot_humid,bursty,2,39.569,39.269,39.069,36.569,25.0,45.0,140.0,,75.0,1.5,35.96,,,0,trial
2026-07-07T20:35:27,reactive_hot_humid_bursty_r2,reactive,hot_humid,bursty,2,39.578,39.278,39.078,36.578,25.0,45.0,140.0,,75.0,1.5,35.95,,,0,trial
2026-07-07T20:35:27,reactive_hot_humid_bursty_r2,reactive,hot_humid,bursty,2,39.587,39.287,39.087,36.587,25.0,45.0,140.0,,75.0,1.5,35.94,,,0,trial
2026-07-07T20:35:27,reactive_hot_humid_bursty_r2,reactive,hot_humid,bursty,2,39.595,39.295,39.095,36.595,25.0,45.0,140.0,,75.0,1.5,35.93,,,0,trial
2026-07-07T20:35:27,reactive_hot_humid_bursty_r2,reactive,hot_humid,bursty,2,39.604,39.304,39.104,36.604,25.0,45.0,140.0,,75.0,1.5,35.92,,,0,trial
2026-07-07T20:35:27,reactive_hot_humid_bursty_r2,reactive,hot_humid,bursty,2,39.613,39.313,39.113,36.613,25.0,45.0,140.0,,75.0,1.5,35.91,,,0,trial
2026-07-07T20:35:27,reactive_hot_humid_bursty_r2,reactive,hot_humid,bursty,2,39.621,39.321,39.121,36.621,25.0,45.0,140.0,,75.0,1.5,35.9,,,0,trial
2026-07-07T20:35:27,reactive_hot_humid_bursty_r2,reactive,hot_humid,bursty,2,39.63,39.33,39.13,36.63,25.0,45.0,140.0,,75.0,1.5,35.89,,,0,trial
2026-07-07T20:35:27,reactive_hot_humid_bursty_r2,reactive,hot_humid,bursty,2,39.639,39.339,39.139,36.639,25.0,45.0,140.0,,75.0,1.5,35.88,,,0,trial
2026-07-07T20:35:27,reactive_hot_humid_bursty_r2,reactive,hot_humid,bursty,2,39.647,39.347,39.147,36.647,25.0,45.0,140.0,,75.0,1.5,35.87,,,0,trial
2026-07-07T20:35:27,reactive_hot_humid_bursty_r2,reactive,hot_humid,bursty,2,39.656,39.356,39.156,36.656,25.0,45.0,140.0,,75.0,1.5,35.85,,,0,trial
2026-07-07T20:35:27,reactive_hot_humid_bursty_r2,reactive,hot_humid,bursty,2,39.665,39.365,39.165,36.665,25.0,45.0,140.0,,75.0,1.5,35.84,,,0,trial
2026-07-07T20:35:27,reactive_hot_humid_bursty_r2,reactive,hot_humid,bursty,2,39.674,39.374,39.174,36.674,25.0,45.0,140.0,,75.0,1.5,35.83,,,0,trial
2026-07-07T20:35:27,reactive_hot_humid_bursty_r2,reactive,hot_humid,bursty,2,39.682,39.382,39.182,36.682,25.0,45.0,140.0,,75.0,1.5,35.82,,,0,trial
2026-07-07T20:35:27,reactive_hot_humid_bursty_r2,reactive,hot_humid,bursty,2,39.691,39.391,39.191,36.691,25.0,45.0,140.0,,75.0,1.5,35.81,,,0,trial
2026-07-07T20:35:27,reactive_hot_humid_bursty_r2,reactive,hot_humid,bursty,2,39.699,39.399,39.199,36.699,25.0,45.0,140.0,,75.0,1.5,35.8,,,0,trial
2026-07-07T20:35:27,reactive_hot_humid_bursty_r2,reactive,hot_humid,bursty,2,39.708,39.408,39.208,36.708,25.0,45.0,140.0,,75.0,1.5,35.79,,,0,trial
2026-07-07T20:35:27,reactive_hot_humid_bursty_r2,reactive,hot_humid,bursty,2,39.706,39.406,39.206,36.706,25.0,45.0,60.0,,75.0,1.5,35.78,,,0,trial
2026-07-07T20:35:27,reactive_hot_humid_bursty_r2,reactive,hot_humid,bursty,2,39.703,39.403,39.203,36.703,25.0,45.0,60.0,,100.0,2.0,35.76,,,0,trial
2026-07-07T20:35:27,reactive_hot_humid_bursty_r2,reactive,hot_humid,bursty,2,39.699,39.399,39.199,36.699,25.0,45.0,60.0,,100.0,2.0,35.75,,,0,trial
2026-07-07T20:35:27,reactive_hot_humid_bursty_r2,reactive,hot_humid,bursty,2,39.695,39.395,39.195,36.695,25.0,45.0,60.0,,100.0,2.0,35.74,,,0,trial
2026-07-07T20:35:27,reactive_hot_humid_bursty_r2,reactive,hot_humid,bursty,2,39.691,39.391,39.191,36.691,25.0,45.0,60.0,,100.0,2.0,35.73,,,0,trial
2026-07-07T20:35:27,reactive_hot_humid_bursty_r2,reactive,hot_humid,bursty,2,39.688,39.388,39.188,36.688,25.0,45.0,60.0,,100.0,2.0,35.72,,,0,trial
2026-07-07T20:35:27,reactive_hot_humid_bursty_r2,reactive,hot_humid,bursty,2,39.684,39.384,39.184,36.684,25.0,45.0,60.0,,100.0,2.0,35.71,,,0,trial
2026-07-07T20:35:27,reactive_hot_humid_bursty_r2,reactive,hot_humid,bursty,2,39.68,39.38,39.18,36.68,25.0,45.0,60.0,,100.0,2.0,35.7,,,0,trial
2026-07-07T20:35:27,reactive_hot_humid_bursty_r2,reactive,hot_humid,bursty,2,39.677,39.377,39.177,36.677,25.0,45.0,60.0,,100.0,2.0,35.68,,,0,trial
2026-07-07T20:35:27,reactive_hot_humid_bursty_r2,reactive,hot_humid,bursty,2,39.673,39.373,39.173,36.673,25.0,45.0,60.0,,100.0,2.0,35.67,,,0,trial
2026-07-07T20:35:27,reactive_hot_humid_bursty_r2,reactive,hot_humid,bursty,2,39.669,39.369,39.169,36.669,25.0,45.0,60.0,,100.0,2.0,35.66,,,0,trial
2026-07-07T20:35:27,reactive_hot_humid_bursty_r2,reactive,hot_humid,bursty,2,39.666,39.366,39.166,36.666,25.0,45.0,60.0,,100.0,2.0,35.65,,,0,trial
2026-07-07T20:35:27,reactive_hot_humid_bursty_r2,reactive,hot_humid,bursty,2,39.662,39.362,39.162,36.662,25.0,45.0,60.0,,100.0,2.0,35.64,,,0,trial
2026-07-07T20:35:27,reactive_hot_humid_bursty_r2,reactive,hot_humid,bursty,2,39.658,39.358,39.158,36.658,25.0,45.0,60.0,,100.0,2.0,35.63,,,0,trial
2026-07-07T20:35:27,reactive_hot_humid_bursty_r2,reactive,hot_humid,bursty,2,39.655,39.355,39.155,36.655,25.0,45.0,60.0,,100.0,2.0,35.61,,,0,trial
2026-07-07T20:35:27,reactive_hot_humid_bursty_r2,reactive,hot_humid,bursty,2,39.651,39.351,39.151,36.651,25.0,45.0,60.0,,100.0,2.0,35.6,,,0,trial
2026-07-07T20:35:27,reactive_hot_humid_bursty_r2,reactive,hot_humid,bursty,2,39.647,39.347,39.147,36.647,25.0,45.0,60.0,,100.0,2.0,35.59,,,0,trial
2026-07-07T20:35:27,reactive_hot_humid_bursty_r2,reactive,hot_humid,bursty,2,39.643,39.343,39.143,36.643,25.0,45.0,60.0,,100.0,2.0,35.58,,,0,trial
2026-07-07T20:35:27,reactive_hot_humid_bursty_r2,reactive,hot_humid,bursty,2,39.64,39.34,39.14,36.64,25.0,45.0,60.0,,100.0,2.0,35.57,,,0,trial
2026-07-07T20:35:27,reactive_hot_humid_bursty_r2,reactive,hot_humid,bursty,2,39.636,39.336,39.136,36.636,25.0,45.0,60.0,,100.0,2.0,35.56,,,0,trial
2026-07-07T20:35:27,reactive_hot_humid_bursty_r2,reactive,hot_humid,bursty,2,39.633,39.333,39.133,36.633,25.0,45.0,60.0,,100.0,2.0,35.54,,,0,trial
2026-07-07T20:35:27,reactive_hot_humid_bursty_r2,reactive,hot_humid,bursty,2,39.629,39.329,39.129,36.629,25.0,45.0,60.0,,100.0,2.0,35.53,,,0,trial
2026-07-07T20:35:27,reactive_hot_humid_bursty_r2,reactive,hot_humid,bursty,2,39.625,39.325,39.125,36.625,25.0,45.0,60.0,,100.0,2.0,35.52,,,0,trial
2026-07-07T20:35:27,reactive_hot_humid_bursty_r2,reactive,hot_humid,bursty,2,39.622,39.322,39.122,36.622,25.0,45.0,60.0,,100.0,2.0,35.51,,,0,trial
2026-07-07T20:35:27,reactive_hot_humid_bursty_r2,reactive,hot_humid,bursty,2,39.618,39.318,39.118,36.618,25.0,45.0,60.0,,100.0,2.0,35.5,,,0,trial
2026-07-07T20:35:27,reactive_hot_humid_bursty_r2,reactive,hot_humid,bursty,2,39.614,39.314,39.114,36.614,25.0,45.0,60.0,,100.0,2.0,35.48,,,0,trial
2026-07-07T20:35:27,reactive_hot_humid_bursty_r2,reactive,hot_humid,bursty,2,39.611,39.311,39.111,36.611,25.0,45.0,60.0,,100.0,2.0,35.47,,,0,trial
2026-07-07T20:35:27,reactive_hot_humid_bursty_r2,reactive,hot_humid,bursty,2,39.607,39.307,39.107,36.607,25.0,45.0,60.0,,100.0,2.0,35.46,,,0,trial
2026-07-07T20:35:27,reactive_hot_humid_bursty_r2,reactive,hot_humid,bursty,2,39.603,39.303,39.103,36.603,25.0,45.0,60.0,,100.0,2.0,35.45,,,0,trial
2026-07-07T20:35:27,reactive_hot_humid_bursty_r2,reactive,hot_humid,bursty,2,39.6,39.3,39.1,36.6,25.0,45.0,60.0,,100.0,2.0,35.44,,,0,trial
2026-07-07T20:35:27,reactive_hot_humid_bursty_r2,reactive,hot_humid,bursty,2,39.596,39.296,39.096,36.596,25.0,45.0,60.0,,100.0,2.0,35.42,,,0,trial
2026-07-07T20:35:27,reactive_hot_humid_bursty_r2,reactive,hot_humid,bursty,2,39.592,39.292,39.092,36.592,25.0,45.0,60.0,,100.0,2.0,35.41,,,0,trial
2026-07-07T20:35:27,reactive_hot_humid_bursty_r2,reactive,hot_humid,bursty,2,39.589,39.289,39.089,36.589,25.0,45.0,60.0,,100.0,2.0,35.4,,,0,trial
2026-07-07T20:35:27,reactive_hot_humid_bursty_r2,reactive,hot_humid,bursty,2,39.585,39.285,39.085,36.585,25.0,45.0,60.0,,100.0,2.0,35.39,,,0,trial
2026-07-07T20:35:27,reactive_hot_humid_bursty_r2,reactive,hot_humid,bursty,2,39.582,39.282,39.082,36.582,25.0,45.0,60.0,,100.0,2.0,35.37,,,0,trial
2026-07-07T20:35:27,reactive_hot_humid_bursty_r2,reactive,hot_humid,bursty,2,39.578,39.278,39.078,36.578,25.0,45.0,60.0,,100.0,2.0,35.36,,,0,trial
2026-07-07T20:35:27,reactive_hot_humid_bursty_r2,reactive,hot_humid,bursty,2,39.574,39.274,39.074,36.574,25.0,45.0,60.0,,100.0,2.0,35.35,,,0,trial
2026-07-07T20:35:27,reactive_hot_humid_bursty_r2,reactive,hot_humid,bursty,2,39.571,39.271,39.071,36.571,25.0,45.0,60.0,,100.0,2.0,35.34,,,0,trial
2026-07-07T20:35:27,reactive_hot_humid_bursty_r2,reactive,hot_humid,bursty,2,39.567,39.267,39.067,36.567,25.0,45.0,60.0,,100.0,2.0,35.33,,,0,trial
2026-07-07T20:35:27,reactive_hot_humid_bursty_r2,reactive,hot_humid,bursty,2,39.564,39.264,39.064,36.564,25.0,45.0,60.0,,100.0,2.0,35.31,,,0,trial
2026-07-07T20:35:27,reactive_hot_humid_bursty_r2,reactive,hot_humid,bursty,2,39.56,39.26,39.06,36.56,25.0,45.0,60.0,,100.0,2.0,35.3,,,0,trial
2026-07-07T20:35:27,reactive_hot_humid_bursty_r2,reactive,hot_humid,bursty,2,39.556,39.256,39.056,36.556,25.0,45.0,60.0,,100.0,2.0,35.29,,,0,trial
2026-07-07T20:35:27,reactive_hot_humid_bursty_r2,reactive,hot_humid,bursty,2,39.553,39.253,39.053,36.553,25.0,45.0,60.0,,100.0,2.0,35.28,,,0,trial
2026-07-07T20:35:27,reactive_hot_humid_bursty_r2,reactive,hot_humid,bursty,2,39.549,39.249,39.049,36.549,25.0,45.0,60.0,,100.0,2.0,35.26,,,0,trial
2026-07-07T20:35:27,reactive_hot_humid_bursty_r2,reactive,hot_humid,bursty,2,39.546,39.246,39.046,36.546,25.0,45.0,60.0,,100.0,2.0,35.25,,,0,trial
2026-07-07T20:35:27,reactive_hot_humid_bursty_r2,reactive,hot_humid,bursty,2,39.542,39.242,39.042,36.542,25.0,45.0,60.0,,100.0,2.0,35.24,,,0,trial
2026-07-07T20:35:27,reactive_hot_humid_bursty_r2,reactive,hot_humid,bursty,2,39.538,39.238,39.038,36.538,25.0,45.0,60.0,,100.0,2.0,35.23,,,0,trial
2026-07-07T20:35:27,reactive_hot_humid_bursty_r2,reactive,hot_humid,bursty,2,39.535,39.235,39.035,36.535,25.0,45.0,60.0,,100.0,2.0,35.21,,,0,trial
2026-07-07T20:35:27,reactive_hot_humid_bursty_r2,reactive,hot_humid,bursty,2,39.531,39.231,39.031,36.531,25.0,45.0,60.0,,100.0,2.0,35.2,,,0,trial
2026-07-07T20:35:27,reactive_hot_humid_bursty_r2,reactive,hot_humid,bursty,2,39.528,39.228,39.028,36.528,25.0,45.0,60.0,,100.0,2.0,35.19,,,0,trial
2026-07-07T20:35:27,reactive_hot_humid_bursty_r2,reactive,hot_humid,bursty,2,39.524,39.224,39.024,36.524,25.0,45.0,60.0,,100.0,2.0,35.18,,,0,trial
2026-07-07T20:35:27,reactive_hot_humid_bursty_r2,reactive,hot_humid,bursty,2,39.52,39.22,39.02,36.52,25.0,45.0,60.0,,100.0,2.0,35.16,,,0,trial
2026-07-07T20:35:27,reactive_hot_humid_bursty_r2,reactive,hot_humid,bursty,2,39.517,39.217,39.017,36.517,25.0,45.0,60.0,,100.0,2.0,35.15,,,0,trial
2026-07-07T20:35:27,reactive_hot_humid_bursty_r2,reactive,hot_humid,bursty,2,39.513,39.213,39.013,36.513,25.0,45.0,60.0,,100.0,2.0,35.14,,,0,trial
2026-07-07T20:35:27,reactive_hot_humid_bursty_r2,reactive,hot_humid,bursty,2,39.51,39.21,39.01,36.51,25.0,45.0,60.0,,100.0,2.0,35.13,,,0,trial
2026-07-07T20:35:27,reactive_hot_humid_bursty_r2,reactive,hot_humid,bursty,2,39.506,39.206,39.006,36.506,25.0,45.0,60.0,,100.0,2.0,35.11,,,0,trial
2026-07-07T20:35:27,reactive_hot_humid_bursty_r2,reactive,hot_humid,bursty,2,39.503,39.203,39.003,36.503,25.0,45.0,60.0,,100.0,2.0,35.1,,,0,trial
2026-07-07T20:35:27,reactive_hot_humid_bursty_r2,reactive,hot_humid,bursty,2,39.499,39.199,38.999,36.499,25.0,45.0,60.0,,100.0,2.0,35.09,,,0,trial
2026-07-07T20:35:27,reactive_hot_humid_bursty_r2,reactive,hot_humid,bursty,2,39.496,39.196,38.996,36.496,25.0,45.0,60.0,,100.0,2.0,35.07,,,0,trial
2026-07-07T20:35:27,reactive_hot_humid_bursty_r2,reactive,hot_humid,bursty,2,39.492,39.192,38.992,36.492,25.0,45.0,60.0,,100.0,2.0,35.06,,,0,trial
2026-07-07T20:35:27,reactive_hot_humid_bursty_r2,reactive,hot_humid,bursty,2,39.488,39.188,38.988,36.488,25.0,45.0,60.0,,100.0,2.0,35.05,,,0,trial
2026-07-07T20:35:27,reactive_hot_humid_bursty_r2,reactive,hot_humid,bursty,2,39.485,39.185,38.985,36.485,25.0,45.0,60.0,,100.0,2.0,35.04,,,0,trial
2026-07-07T20:35:27,reactive_hot_humid_bursty_r2,reactive,hot_humid,bursty,2,39.481,39.181,38.981,36.481,25.0,45.0,60.0,,100.0,2.0,35.02,,,0,trial
2026-07-07T20:35:27,reactive_hot_humid_bursty_r2,reactive,hot_humid,bursty,2,39.478,39.178,38.978,36.478,25.0,45.0,60.0,,100.0,2.0,35.01,,,0,trial
2026-07-07T20:35:27,reactive_hot_humid_bursty_r2,reactive,hot_humid,bursty,2,39.474,39.174,38.974,36.474,25.0,45.0,60.0,,100.0,2.0,35.0,,,0,trial
2026-07-07T20:35:27,reactive_hot_humid_bursty_r2,reactive,hot_humid,bursty,2,39.471,39.171,38.971,36.471,25.0,45.0,60.0,,100.0,2.0,34.99,,,0,trial
2026-07-07T20:35:27,reactive_hot_humid_bursty_r2,reactive,hot_humid,bursty,2,39.467,39.167,38.967,36.467,25.0,45.0,60.0,,100.0,2.0,34.97,,,0,trial
2026-07-07T20:35:27,reactive_hot_humid_bursty_r2,reactive,hot_humid,bursty,2,39.464,39.164,38.964,36.464,25.0,45.0,60.0,,100.0,2.0,34.96,,,0,trial
2026-07-07T20:35:27,reactive_hot_humid_bursty_r2,reactive,hot_humid,bursty,2,39.46,39.16,38.96,36.46,25.0,45.0,60.0,,100.0,2.0,34.95,,,0,trial
2026-07-07T20:35:27,reactive_hot_humid_bursty_r2,reactive,hot_humid,bursty,2,39.457,39.157,38.957,36.457,25.0,45.0,60.0,,100.0,2.0,34.93,,,0,trial
2026-07-07T20:35:27,reactive_hot_humid_bursty_r2,reactive,hot_humid,bursty,2,39.453,39.153,38.953,36.453,25.0,45.0,60.0,,100.0,2.0,34.92,,,0,trial
2026-07-07T20:35:27,reactive_hot_humid_bursty_r2,reactive,hot_humid,bursty,2,39.45,39.15,38.95,36.45,25.0,45.0,60.0,,100.0,2.0,34.91,,,0,trial
2026-07-07T20:35:27,reactive_hot_humid_bursty_r2,reactive,hot_humid,bursty,2,39.446,39.146,38.946,36.446,25.0,45.0,60.0,,100.0,2.0,34.9,,,0,trial
2026-07-07T20:35:27,reactive_hot_humid_bursty_r2,reactive,hot_humid,bursty,2,39.443,39.143,38.943,36.443,25.0,45.0,60.0,,100.0,2.0,34.88,,,0,trial
2026-07-07T20:35:27,reactive_hot_humid_bursty_r2,reactive,hot_humid,bursty,2,39.439,39.139,38.939,36.439,25.0,45.0,60.0,,100.0,2.0,34.87,,,0,trial
2026-07-07T20:35:27,reactive_hot_humid_bursty_r2,reactive,hot_humid,bursty,2,39.436,39.136,38.936,36.436,25.0,45.0,60.0,,100.0,2.0,34.86,,,0,trial
2026-07-07T20:35:27,reactive_hot_humid_bursty_r2,reactive,hot_humid,bursty,2,39.432,39.132,38.932,36.432,25.0,45.0,60.0,,100.0,2.0,34.84,,,0,trial
2026-07-07T20:35:27,reactive_hot_humid_bursty_r2,reactive,hot_humid,bursty,2,39.429,39.129,38.929,36.429,25.0,45.0,60.0,,100.0,2.0,34.83,,,0,trial
2026-07-07T20:35:27,reactive_hot_humid_bursty_r2,reactive,hot_humid,bursty,2,39.425,39.125,38.925,36.425,25.0,45.0,60.0,,100.0,2.0,34.82,,,0,trial
2026-07-07T20:35:27,reactive_hot_humid_bursty_r2,reactive,hot_humid,bursty,2,39.422,39.122,38.922,36.422,25.0,45.0,60.0,,100.0,2.0,34.81,,,0,trial
2026-07-07T20:35:27,reactive_hot_humid_bursty_r2,reactive,hot_humid,bursty,2,39.418,39.118,38.918,36.418,25.0,45.0,60.0,,100.0,2.0,34.79,,,0,trial
2026-07-07T20:35:27,reactive_hot_humid_bursty_r2,reactive,hot_humid,bursty,2,39.415,39.115,38.915,36.415,25.0,45.0,60.0,,100.0,2.0,34.78,,,0,trial
2026-07-07T20:35:27,reactive_hot_humid_bursty_r2,reactive,hot_humid,bursty,2,39.411,39.111,38.911,36.411,25.0,45.0,60.0,,100.0,2.0,34.77,,,0,trial
2026-07-07T20:35:27,reactive_hot_humid_bursty_r2,reactive,hot_humid,bursty,2,39.408,39.108,38.908,36.408,25.0,45.0,60.0,,100.0,2.0,34.75,,,0,trial
2026-07-07T20:35:27,reactive_hot_humid_bursty_r2,reactive,hot_humid,bursty,2,39.404,39.104,38.904,36.404,25.0,45.0,60.0,,100.0,2.0,34.74,,,0,trial
2026-07-07T20:35:27,reactive_hot_humid_bursty_r2,reactive,hot_humid,bursty,2,39.401,39.101,38.901,36.401,25.0,45.0,60.0,,100.0,2.0,34.73,,,0,trial
2026-07-07T20:35:27,reactive_hot_humid_bursty_r2,reactive,hot_humid,bursty,2,39.397,39.097,38.897,36.397,25.0,45.0,60.0,,100.0,2.0,34.71,,,0,trial
2026-07-07T20:35:27,reactive_hot_humid_bursty_r2,reactive,hot_humid,bursty,2,39.394,39.094,38.894,36.394,25.0,45.0,60.0,,100.0,2.0,34.7,,,0,trial
2026-07-07T20:35:27,reactive_hot_humid_bursty_r2,reactive,hot_humid,bursty,2,39.39,39.09,38.89,36.39,25.0,45.0,60.0,,100.0,2.0,34.69,,,0,trial
2026-07-07T20:35:27,reactive_hot_humid_bursty_r2,reactive,hot_humid,bursty,2,39.387,39.087,38.887,36.387,25.0,45.0,60.0,,100.0,2.0,34.68,,,0,trial
2026-07-07T20:35:27,reactive_hot_humid_bursty_r2,reactive,hot_humid,bursty,2,39.383,39.083,38.883,36.383,25.0,45.0,60.0,,100.0,2.0,34.66,,,0,trial
2026-07-07T20:35:27,reactive_hot_humid_bursty_r2,reactive,hot_humid,bursty,2,39.38,39.08,38.88,36.38,25.0,45.0,60.0,,100.0,2.0,34.65,,,0,trial
2026-07-07T20:35:27,reactive_hot_humid_bursty_r2,reactive,hot_humid,bursty,2,39.376,39.076,38.876,36.376,25.0,45.0,60.0,,100.0,2.0,34.64,,,0,trial
2026-07-07T20:35:27,reactive_hot_humid_bursty_r2,reactive,hot_humid,bursty,2,39.373,39.073,38.873,36.373,25.0,45.0,60.0,,100.0,2.0,34.62,,,0,trial
2026-07-07T20:35:27,reactive_hot_humid_bursty_r2,reactive,hot_humid,bursty,2,39.37,39.07,38.87,36.37,25.0,45.0,60.0,,100.0,2.0,34.61,,,0,trial
2026-07-07T20:35:27,reactive_hot_humid_bursty_r2,reactive,hot_humid,bursty,2,39.366,39.066,38.866,36.366,25.0,45.0,60.0,,100.0,2.0,34.6,,,0,trial
2026-07-07T20:35:27,reactive_hot_humid_bursty_r2,reactive,hot_humid,bursty,2,39.363,39.063,38.863,36.363,25.0,45.0,60.0,,100.0,2.0,34.58,,,0,trial
2026-07-07T20:35:27,reactive_hot_humid_bursty_r2,reactive,hot_humid,bursty,2,39.359,39.059,38.859,36.359,25.0,45.0,60.0,,100.0,2.0,34.57,,,0,trial
2026-07-07T20:35:27,reactive_hot_humid_bursty_r2,reactive,hot_humid,bursty,2,39.356,39.056,38.856,36.356,25.0,45.0,60.0,,100.0,2.0,34.56,,,0,trial
2026-07-07T20:35:27,reactive_hot_humid_bursty_r2,reactive,hot_humid,bursty,2,39.352,39.052,38.852,36.352,25.0,45.0,60.0,,100.0,2.0,34.55,,,0,trial
2026-07-07T20:35:27,reactive_hot_humid_bursty_r2,reactive,hot_humid,bursty,2,39.349,39.049,38.849,36.349,25.0,45.0,60.0,,100.0,2.0,34.53,,,0,trial
2026-07-07T20:35:27,reactive_hot_humid_bursty_r2,reactive,hot_humid,bursty,2,39.345,39.045,38.845,36.345,25.0,45.0,60.0,,100.0,2.0,34.52,,,0,trial
2026-07-07T20:35:27,reactive_hot_humid_bursty_r2,reactive,hot_humid,bursty,2,39.342,39.042,38.842,36.342,25.0,45.0,60.0,,100.0,2.0,34.51,,,0,trial
2026-07-07T20:35:27,reactive_hot_humid_bursty_r2,reactive,hot_humid,bursty,2,39.339,39.039,38.839,36.339,25.0,45.0,60.0,,100.0,2.0,34.49,,,0,trial
2026-07-07T20:35:27,reactive_hot_humid_bursty_r2,reactive,hot_humid,bursty,2,39.335,39.035,38.835,36.335,25.0,45.0,60.0,,100.0,2.0,34.48,,,0,trial
2026-07-07T20:35:27,reactive_hot_humid_bursty_r2,reactive,hot_humid,bursty,2,39.332,39.032,38.832,36.332,25.0,45.0,60.0,,100.0,2.0,34.47,,,0,trial
2026-07-07T20:35:27,reactive_hot_humid_bursty_r2,reactive,hot_humid,bursty,2,39.328,39.028,38.828,36.328,25.0,45.0,60.0,,100.0,2.0,34.45,,,0,trial
2026-07-07T20:35:27,reactive_hot_humid_bursty_r2,reactive,hot_humid,bursty,2,39.325,39.025,38.825,36.325,25.0,45.0,60.0,,100.0,2.0,34.44,,,0,trial
2026-07-07T20:35:27,reactive_hot_humid_bursty_r2,reactive,hot_humid,bursty,2,39.321,39.021,38.821,36.321,25.0,45.0,60.0,,100.0,2.0,34.43,,,0,trial
2026-07-07T20:35:27,reactive_hot_humid_bursty_r2,reactive,hot_humid,bursty,2,39.318,39.018,38.818,36.318,25.0,45.0,60.0,,100.0,2.0,34.41,,,0,trial
2026-07-07T20:35:27,reactive_hot_humid_bursty_r2,reactive,hot_humid,bursty,2,39.315,39.015,38.815,36.315,25.0,45.0,60.0,,100.0,2.0,34.4,,,0,trial
2026-07-07T20:35:27,reactive_hot_humid_bursty_r2,reactive,hot_humid,bursty,2,39.311,39.011,38.811,36.311,25.0,45.0,60.0,,100.0,2.0,34.39,,,0,trial
2026-07-07T20:35:27,reactive_hot_humid_bursty_r2,reactive,hot_humid,bursty,2,39.308,39.008,38.808,36.308,25.0,45.0,60.0,,100.0,2.0,34.38,,,0,trial
2026-07-07T20:35:27,reactive_hot_humid_bursty_r2,reactive,hot_humid,bursty,2,39.304,39.004,38.804,36.304,25.0,45.0,60.0,,100.0,2.0,34.36,,,0,trial
2026-07-07T20:35:27,reactive_hot_humid_bursty_r2,reactive,hot_humid,bursty,2,39.301,39.001,38.801,36.301,25.0,45.0,60.0,,100.0,2.0,34.35,,,0,trial
2026-07-07T20:35:27,reactive_hot_humid_bursty_r2,reactive,hot_humid,bursty,2,39.298,38.998,38.798,36.298,25.0,45.0,60.0,,100.0,2.0,34.34,,,0,trial
2026-07-07T20:35:27,reactive_hot_humid_bursty_r2,reactive,hot_humid,bursty,2,39.294,38.994,38.794,36.294,25.0,45.0,60.0,,100.0,2.0,34.32,,,0,trial
2026-07-07T20:35:27,reactive_hot_humid_bursty_r2,reactive,hot_humid,bursty,2,39.291,38.991,38.791,36.291,25.0,45.0,60.0,,100.0,2.0,34.31,,,0,trial
2026-07-07T20:35:27,reactive_hot_humid_bursty_r2,reactive,hot_humid,bursty,2,39.287,38.987,38.787,36.287,25.0,45.0,60.0,,100.0,2.0,34.3,,,0,trial
2026-07-07T20:35:27,reactive_hot_humid_bursty_r2,reactive,hot_humid,bursty,2,39.284,38.984,38.784,36.284,25.0,45.0,60.0,,100.0,2.0,34.28,,,0,trial
2026-07-07T20:35:27,reactive_hot_humid_bursty_r2,reactive,hot_humid,bursty,2,39.281,38.981,38.781,36.281,25.0,45.0,60.0,,100.0,2.0,34.27,,,0,trial
2026-07-07T20:35:27,reactive_hot_humid_bursty_r2,reactive,hot_humid,bursty,2,39.277,38.977,38.777,36.277,25.0,45.0,60.0,,100.0,2.0,34.26,,,0,trial
2026-07-07T20:35:27,reactive_hot_humid_bursty_r2,reactive,hot_humid,bursty,2,39.274,38.974,38.774,36.274,25.0,45.0,60.0,,100.0,2.0,34.24,,,0,trial
2026-07-07T20:35:27,reactive_hot_humid_bursty_r2,reactive,hot_humid,bursty,2,39.271,38.971,38.771,36.271,25.0,45.0,60.0,,100.0,2.0,34.23,,,0,trial
2026-07-07T20:35:27,reactive_hot_humid_bursty_r2,reactive,hot_humid,bursty,2,39.267,38.967,38.767,36.267,25.0,45.0,60.0,,100.0,2.0,34.22,,,0,trial
2026-07-07T20:35:27,reactive_hot_humid_bursty_r2,reactive,hot_humid,bursty,2,39.264,38.964,38.764,36.264,25.0,45.0,60.0,,100.0,2.0,34.21,,,0,trial
2026-07-07T20:35:27,reactive_hot_humid_bursty_r2,reactive,hot_humid,bursty,2,39.26,38.96,38.76,36.26,25.0,45.0,60.0,,100.0,2.0,34.19,,,0,trial
2026-07-07T20:35:27,reactive_hot_humid_bursty_r2,reactive,hot_humid,bursty,2,39.257,38.957,38.757,36.257,25.0,45.0,60.0,,100.0,2.0,34.18,,,0,trial
2026-07-07T20:35:27,reactive_hot_humid_bursty_r2,reactive,hot_humid,bursty,2,39.254,38.954,38.754,36.254,25.0,45.0,60.0,,100.0,2.0,34.17,,,0,trial
2026-07-07T20:35:27,reactive_hot_humid_bursty_r2,reactive,hot_humid,bursty,2,39.25,38.95,38.75,36.25,25.0,45.0,60.0,,100.0,2.0,34.15,,,0,trial
2026-07-07T20:35:27,reactive_hot_humid_bursty_r2,reactive,hot_humid,bursty,2,39.247,38.947,38.747,36.247,25.0,45.0,60.0,,100.0,2.0,34.14,,,0,trial
2026-07-07T20:35:27,reactive_hot_humid_bursty_r2,reactive,hot_humid,bursty,2,39.244,38.944,38.744,36.244,25.0,45.0,60.0,,100.0,2.0,34.13,,,0,trial
2026-07-07T20:35:27,reactive_hot_humid_bursty_r2,reactive,hot_humid,bursty,2,39.24,38.94,38.74,36.24,25.0,45.0,60.0,,100.0,2.0,34.11,,,0,trial
2026-07-07T20:35:27,reactive_hot_humid_bursty_r2,reactive,hot_humid,bursty,2,39.237,38.937,38.737,36.237,25.0,45.0,60.0,,100.0,2.0,34.1,,,0,trial
2026-07-07T20:35:27,reactive_hot_humid_bursty_r2,reactive,hot_humid,bursty,2,39.234,38.934,38.734,36.234,25.0,45.0,60.0,,100.0,2.0,34.09,,,0,trial
2026-07-07T20:35:27,reactive_hot_humid_bursty_r2,reactive,hot_humid,bursty,2,39.23,38.93,38.73,36.23,25.0,45.0,60.0,,100.0,2.0,34.07,,,0,trial
2026-07-07T20:35:27,reactive_hot_humid_bursty_r2,reactive,hot_humid,bursty,2,39.227,38.927,38.727,36.227,25.0,45.0,60.0,,100.0,2.0,34.06,,,0,trial
2026-07-07T20:35:27,reactive_hot_humid_bursty_r2,reactive,hot_humid,bursty,2,39.224,38.924,38.724,36.224,25.0,45.0,60.0,,100.0,2.0,34.05,,,0,trial
2026-07-07T20:35:27,reactive_hot_humid_bursty_r2,reactive,hot_humid,bursty,2,39.22,38.92,38.72,36.22,25.0,45.0,60.0,,100.0,2.0,34.04,,,0,trial
2026-07-07T20:35:27,reactive_hot_humid_bursty_r2,reactive,hot_humid,bursty,2,39.217,38.917,38.717,36.217,25.0,45.0,60.0,,100.0,2.0,34.02,,,0,trial
2026-07-07T20:35:27,reactive_hot_humid_bursty_r2,reactive,hot_humid,bursty,2,39.214,38.914,38.714,36.214,25.0,45.0,60.0,,100.0,2.0,34.01,,,0,trial
2026-07-07T20:35:27,reactive_hot_humid_bursty_r2,reactive,hot_humid,bursty,2,39.21,38.91,38.71,36.21,25.0,45.0,60.0,,100.0,2.0,34.0,,,0,trial
2026-07-07T20:35:27,reactive_hot_humid_bursty_r2,reactive,hot_humid,bursty,2,39.207,38.907,38.707,36.207,25.0,45.0,60.0,,100.0,2.0,33.98,,,0,trial
2026-07-07T20:35:27,reactive_hot_humid_bursty_r2,reactive,hot_humid,bursty,2,39.204,38.904,38.704,36.204,25.0,45.0,60.0,,100.0,2.0,33.97,,,0,trial
2026-07-07T20:35:27,reactive_hot_humid_bursty_r2,reactive,hot_humid,bursty,2,39.2,38.9,38.7,36.2,25.0,45.0,60.0,,100.0,2.0,33.96,,,0,trial
2026-07-07T20:35:27,reactive_hot_humid_bursty_r2,reactive,hot_humid,bursty,2,39.197,38.897,38.697,36.197,25.0,45.0,60.0,,100.0,2.0,33.94,,,0,trial
2026-07-07T20:35:27,reactive_hot_humid_bursty_r2,reactive,hot_humid,bursty,2,39.194,38.894,38.694,36.194,25.0,45.0,60.0,,100.0,2.0,33.93,,,0,trial
2026-07-07T20:35:27,reactive_hot_humid_bursty_r2,reactive,hot_humid,bursty,2,39.19,38.89,38.69,36.19,25.0,45.0,60.0,,100.0,2.0,33.92,,,0,trial
2026-07-07T20:35:27,reactive_hot_humid_bursty_r2,reactive,hot_humid,bursty,2,39.187,38.887,38.687,36.187,25.0,45.0,60.0,,100.0,2.0,33.91,,,0,trial
2026-07-07T20:35:27,reactive_hot_humid_bursty_r2,reactive,hot_humid,bursty,2,39.184,38.884,38.684,36.184,25.0,45.0,60.0,,100.0,2.0,33.89,,,0,trial
2026-07-07T20:35:27,reactive_hot_humid_bursty_r2,reactive,hot_humid,bursty,2,39.18,38.88,38.68,36.18,25.0,45.0,60.0,,100.0,2.0,33.88,,,0,trial
2026-07-07T20:35:27,reactive_hot_humid_bursty_r2,reactive,hot_humid,bursty,2,39.177,38.877,38.677,36.177,25.0,45.0,60.0,,100.0,2.0,33.87,,,0,trial
2026-07-07T20:35:27,reactive_hot_humid_bursty_r2,reactive,hot_humid,bursty,2,39.174,38.874,38.674,36.174,25.0,45.0,60.0,,100.0,2.0,33.85,,,0,trial
2026-07-07T20:35:27,reactive_hot_humid_bursty_r2,reactive,hot_humid,bursty,2,39.171,38.871,38.671,36.171,25.0,45.0,60.0,,100.0,2.0,33.84,,,0,trial
2026-07-07T20:35:27,reactive_hot_humid_bursty_r2,reactive,hot_humid,bursty,2,39.167,38.867,38.667,36.167,25.0,45.0,60.0,,100.0,2.0,33.83,,,0,trial
2026-07-07T20:35:27,reactive_hot_humid_bursty_r2,reactive,hot_humid,bursty,2,39.164,38.864,38.664,36.164,25.0,45.0,60.0,,100.0,2.0,33.82,,,0,trial
2026-07-07T20:35:27,reactive_hot_humid_bursty_r2,reactive,hot_humid,bursty,2,39.161,38.861,38.661,36.161,25.0,45.0,60.0,,100.0,2.0,33.8,,,0,trial
2026-07-07T20:35:27,reactive_hot_humid_bursty_r2,reactive,hot_humid,bursty,2,39.157,38.857,38.657,36.157,25.0,45.0,60.0,,100.0,2.0,33.79,,,0,trial
2026-07-07T20:35:27,reactive_hot_humid_bursty_r2,reactive,hot_humid,bursty,2,39.154,38.854,38.654,36.154,25.0,45.0,60.0,,100.0,2.0,33.78,,,0,trial
2026-07-07T20:35:27,reactive_hot_humid_bursty_r2,reactive,hot_humid,bursty,2,39.151,38.851,38.651,36.151,25.0,45.0,60.0,,100.0,2.0,33.76,,,0,trial
2026-07-07T20:35:27,reactive_hot_humid_bursty_r2,reactive,hot_humid,bursty,2,39.148,38.848,38.648,36.148,25.0,45.0,60.0,,100.0,2.0,33.75,,,0,trial
2026-07-07T20:35:27,reactive_hot_humid_bursty_r2,reactive,hot_humid,bursty,2,39.144,38.844,38.644,36.144,25.0,45.0,60.0,,100.0,2.0,33.74,,,0,trial
2026-07-07T20:35:27,reactive_hot_humid_bursty_r2,reactive,hot_humid,bursty,2,39.141,38.841,38.641,36.141,25.0,45.0,60.0,,100.0,2.0,33.73,,,0,trial
2026-07-07T20:35:27,reactive_hot_humid_bursty_r2,reactive,hot_humid,bursty,2,39.138,38.838,38.638,36.138,25.0,45.0,60.0,,100.0,2.0,33.71,,,0,trial
2026-07-07T20:35:27,reactive_hot_humid_bursty_r2,reactive,hot_humid,bursty,2,39.135,38.835,38.635,36.135,25.0,45.0,60.0,,100.0,2.0,33.7,,,0,trial
2026-07-07T20:35:27,reactive_hot_humid_bursty_r2,reactive,hot_humid,bursty,2,39.131,38.831,38.631,36.131,25.0,45.0,60.0,,100.0,2.0,33.69,,,0,trial
2026-07-07T20:35:27,reactive_hot_humid_bursty_r2,reactive,hot_humid,bursty,2,39.128,38.828,38.628,36.128,25.0,45.0,60.0,,100.0,2.0,33.67,,,0,trial
2026-07-07T20:35:27,reactive_hot_humid_bursty_r2,reactive,hot_humid,bursty,2,39.125,38.825,38.625,36.125,25.0,45.0,60.0,,100.0,2.0,33.66,,,0,trial
2026-07-07T20:35:27,reactive_hot_humid_bursty_r2,reactive,hot_humid,bursty,2,39.121,38.821,38.621,36.121,25.0,45.0,60.0,,100.0,2.0,33.65,,,0,trial
2026-07-07T20:35:27,reactive_hot_humid_bursty_r2,reactive,hot_humid,bursty,2,39.118,38.818,38.618,36.118,25.0,45.0,60.0,,100.0,2.0,33.64,,,0,trial
2026-07-07T20:35:27,reactive_hot_humid_bursty_r2,reactive,hot_humid,bursty,2,39.115,38.815,38.615,36.115,25.0,45.0,60.0,,100.0,2.0,33.62,,,0,trial
2026-07-07T20:35:27,reactive_hot_humid_bursty_r2,reactive,hot_humid,bursty,2,39.112,38.812,38.612,36.112,25.0,45.0,60.0,,100.0,2.0,33.61,,,0,trial
2026-07-07T20:35:27,reactive_hot_humid_bursty_r2,reactive,hot_humid,bursty,2,39.108,38.808,38.608,36.108,25.0,45.0,60.0,,100.0,2.0,33.6,,,0,trial
2026-07-07T20:35:27,reactive_hot_humid_bursty_r2,reactive,hot_humid,bursty,2,39.105,38.805,38.605,36.105,25.0,45.0,60.0,,100.0,2.0,33.58,,,0,trial
2026-07-07T20:35:27,reactive_hot_humid_bursty_r2,reactive,hot_humid,bursty,2,39.102,38.802,38.602,36.102,25.0,45.0,60.0,,100.0,2.0,33.57,,,0,trial
2026-07-07T20:35:27,reactive_hot_humid_bursty_r2,reactive,hot_humid,bursty,2,39.099,38.799,38.599,36.099,25.0,45.0,60.0,,100.0,2.0,33.56,,,0,trial
2026-07-07T20:35:27,reactive_hot_humid_bursty_r2,reactive,hot_humid,bursty,2,39.096,38.796,38.596,36.096,25.0,45.0,60.0,,100.0,2.0,33.55,,,0,trial
2026-07-07T20:35:27,reactive_hot_humid_bursty_r2,reactive,hot_humid,bursty,2,39.092,38.792,38.592,36.092,25.0,45.0,60.0,,100.0,2.0,33.53,,,0,trial
2026-07-07T20:35:27,reactive_hot_humid_bursty_r2,reactive,hot_humid,bursty,2,39.089,38.789,38.589,36.089,25.0,45.0,60.0,,100.0,2.0,33.52,,,0,trial
2026-07-07T20:35:27,reactive_hot_humid_bursty_r2,reactive,hot_humid,bursty,2,39.086,38.786,38.586,36.086,25.0,45.0,60.0,,100.0,2.0,33.51,,,0,trial
2026-07-07T20:35:27,reactive_hot_humid_bursty_r2,reactive,hot_humid,bursty,2,39.083,38.783,38.583,36.083,25.0,45.0,60.0,,100.0,2.0,33.5,,,0,trial
2026-07-07T20:35:27,reactive_hot_humid_bursty_r2,reactive,hot_humid,bursty,2,39.079,38.779,38.579,36.079,25.0,45.0,60.0,,100.0,2.0,33.48,,,0,trial
2026-07-07T20:35:27,reactive_hot_humid_bursty_r2,reactive,hot_humid,bursty,2,39.076,38.776,38.576,36.076,25.0,45.0,60.0,,100.0,2.0,33.47,,,0,trial
2026-07-07T20:35:27,reactive_hot_humid_bursty_r2,reactive,hot_humid,bursty,2,39.073,38.773,38.573,36.073,25.0,45.0,60.0,,100.0,2.0,33.46,,,0,trial
2026-07-07T20:35:27,reactive_hot_humid_bursty_r2,reactive,hot_humid,bursty,2,39.07,38.77,38.57,36.07,25.0,45.0,60.0,,100.0,2.0,33.45,,,0,trial
2026-07-07T20:35:27,reactive_hot_humid_bursty_r2,reactive,hot_humid,bursty,2,39.067,38.767,38.567,36.067,25.0,45.0,60.0,,100.0,2.0,33.43,,,0,trial
2026-07-07T20:35:27,reactive_hot_humid_bursty_r2,reactive,hot_humid,bursty,2,39.063,38.763,38.563,36.063,25.0,45.0,60.0,,100.0,2.0,33.42,,,0,trial
2026-07-07T20:35:27,reactive_hot_humid_bursty_r2,reactive,hot_humid,bursty,2,39.06,38.76,38.56,36.06,25.0,45.0,60.0,,100.0,2.0,33.41,,,0,trial
2026-07-07T20:35:27,reactive_hot_humid_bursty_r2,reactive,hot_humid,bursty,2,39.057,38.757,38.557,36.057,25.0,45.0,60.0,,100.0,2.0,33.4,,,0,trial
2026-07-07T20:35:27,reactive_hot_humid_bursty_r2,reactive,hot_humid,bursty,2,39.054,38.754,38.554,36.054,25.0,45.0,60.0,,100.0,2.0,33.38,,,0,trial
2026-07-07T20:35:27,reactive_hot_humid_bursty_r2,reactive,hot_humid,bursty,2,39.05,38.75,38.55,36.05,25.0,45.0,60.0,,100.0,2.0,33.37,,,0,trial
2026-07-07T20:35:27,reactive_hot_humid_bursty_r2,reactive,hot_humid,bursty,2,39.047,38.747,38.547,36.047,25.0,45.0,60.0,,100.0,2.0,33.36,,,0,trial
2026-07-07T20:35:27,reactive_hot_humid_bursty_r2,reactive,hot_humid,bursty,2,39.044,38.744,38.544,36.044,25.0,45.0,60.0,,100.0,2.0,33.35,,,0,trial
2026-07-07T20:35:27,reactive_hot_humid_bursty_r2,reactive,hot_humid,bursty,2,39.041,38.741,38.541,36.041,25.0,45.0,60.0,,100.0,2.0,33.33,,,0,trial
2026-07-07T20:35:27,reactive_hot_humid_bursty_r2,reactive,hot_humid,bursty,2,39.038,38.738,38.538,36.038,25.0,45.0,60.0,,100.0,2.0,33.32,,,0,trial
2026-07-07T20:35:27,reactive_hot_humid_bursty_r2,reactive,hot_humid,bursty,2,39.035,38.735,38.535,36.035,25.0,45.0,60.0,,100.0,2.0,33.31,,,0,trial
2026-07-07T20:35:27,reactive_hot_humid_bursty_r2,reactive,hot_humid,bursty,2,39.031,38.731,38.531,36.031,25.0,45.0,60.0,,100.0,2.0,33.3,,,0,trial
2026-07-07T20:35:27,reactive_hot_humid_bursty_r2,reactive,hot_humid,bursty,2,39.028,38.728,38.528,36.028,25.0,45.0,60.0,,100.0,2.0,33.28,,,0,trial
2026-07-07T20:35:27,reactive_hot_humid_bursty_r2,reactive,hot_humid,bursty,2,39.025,38.725,38.525,36.025,25.0,45.0,60.0,,100.0,2.0,33.27,,,0,trial
2026-07-07T20:35:27,reactive_hot_humid_bursty_r2,reactive,hot_humid,bursty,2,39.022,38.722,38.522,36.022,25.0,45.0,60.0,,100.0,2.0,33.26,,,0,trial
2026-07-07T20:35:27,reactive_hot_humid_bursty_r2,reactive,hot_humid,bursty,2,39.019,38.719,38.519,36.019,25.0,45.0,60.0,,100.0,2.0,33.25,,,0,trial
2026-07-07T20:35:27,reactive_hot_humid_bursty_r2,reactive,hot_humid,bursty,2,39.015,38.715,38.515,36.015,25.0,45.0,60.0,,100.0,2.0,33.24,,,0,trial
2026-07-07T20:35:27,reactive_hot_humid_bursty_r2,reactive,hot_humid,bursty,2,39.012,38.712,38.512,36.012,25.0,45.0,60.0,,100.0,2.0,33.22,,,0,trial
2026-07-07T20:35:27,reactive_hot_humid_bursty_r2,reactive,hot_humid,bursty,2,39.009,38.709,38.509,36.009,25.0,45.0,60.0,,100.0,2.0,33.21,,,0,trial
2026-07-07T20:35:27,reactive_hot_humid_bursty_r2,reactive,hot_humid,bursty,2,39.006,38.706,38.506,36.006,25.0,45.0,60.0,,100.0,2.0,33.2,,,0,trial
2026-07-07T20:35:27,reactive_hot_humid_bursty_r2,reactive,hot_humid,bursty,2,39.003,38.703,38.503,36.003,25.0,45.0,60.0,,100.0,2.0,33.19,,,0,trial
2026-07-07T20:35:27,reactive_hot_humid_bursty_r2,reactive,hot_humid,bursty,2,39.0,38.7,38.5,36.0,25.0,45.0,60.0,,100.0,2.0,33.17,,,0,trial
2026-07-07T20:35:27,reactive_hot_humid_bursty_r2,reactive,hot_humid,bursty,2,38.996,38.696,38.496,35.996,25.0,45.0,60.0,,100.0,2.0,33.16,,,0,trial
2026-07-07T20:35:27,reactive_hot_humid_bursty_r2,reactive,hot_humid,bursty,2,38.993,38.693,38.493,35.993,25.0,45.0,60.0,,100.0,2.0,33.15,,,0,trial
2026-07-07T20:35:27,reactive_hot_humid_bursty_r2,reactive,hot_humid,bursty,2,38.99,38.69,38.49,35.99,25.0,45.0,60.0,,100.0,2.0,33.14,,,0,trial
2026-07-07T20:35:27,reactive_hot_humid_bursty_r2,reactive,hot_humid,bursty,2,38.987,38.687,38.487,35.987,25.0,45.0,60.0,,100.0,2.0,33.13,,,0,trial
2026-07-07T20:35:27,reactive_hot_humid_bursty_r2,reactive,hot_humid,bursty,2,38.986,38.686,38.486,35.986,25.0,45.0,60.0,,75.0,1.5,33.11,,,0,trial
2026-07-07T20:35:27,reactive_hot_humid_bursty_r2,reactive,hot_humid,bursty,2,38.984,38.684,38.484,35.984,25.0,45.0,60.0,,75.0,1.5,33.1,,,0,trial
2026-07-07T20:35:27,reactive_hot_humid_bursty_r2,reactive,hot_humid,bursty,2,38.983,38.683,38.483,35.983,25.0,45.0,60.0,,75.0,1.5,33.09,,,0,trial
2026-07-07T20:35:27,reactive_hot_humid_bursty_r2,reactive,hot_humid,bursty,2,38.981,38.681,38.481,35.981,25.0,45.0,60.0,,75.0,1.5,33.08,,,0,trial
2026-07-07T20:35:27,reactive_hot_humid_bursty_r2,reactive,hot_humid,bursty,2,38.98,38.68,38.48,35.98,25.0,45.0,60.0,,75.0,1.5,33.07,,,0,trial
2026-07-07T20:35:27,reactive_hot_humid_bursty_r2,reactive,hot_humid,bursty,2,38.979,38.679,38.479,35.979,25.0,45.0,60.0,,75.0,1.5,33.05,,,0,trial
2026-07-07T20:35:27,reactive_hot_humid_bursty_r2,reactive,hot_humid,bursty,2,38.977,38.677,38.477,35.977,25.0,45.0,60.0,,75.0,1.5,33.04,,,0,trial
2026-07-07T20:35:27,reactive_hot_humid_bursty_r2,reactive,hot_humid,bursty,2,38.976,38.676,38.476,35.976,25.0,45.0,60.0,,75.0,1.5,33.03,,,0,trial
2026-07-07T20:35:27,reactive_hot_humid_bursty_r2,reactive,hot_humid,bursty,2,38.974,38.674,38.474,35.974,25.0,45.0,60.0,,75.0,1.5,33.02,,,0,trial
2026-07-07T20:35:27,reactive_hot_humid_bursty_r2,reactive,hot_humid,bursty,2,38.973,38.673,38.473,35.973,25.0,45.0,60.0,,75.0,1.5,33.01,,,0,trial
2026-07-07T20:35:27,reactive_hot_humid_bursty_r2,reactive,hot_humid,bursty,2,38.972,38.672,38.472,35.972,25.0,45.0,60.0,,75.0,1.5,32.99,,,0,trial
2026-07-07T20:35:27,reactive_hot_humid_bursty_r2,reactive,hot_humid,bursty,2,38.97,38.67,38.47,35.97,25.0,45.0,60.0,,75.0,1.5,32.98,,,0,trial
2026-07-07T20:35:27,reactive_hot_humid_bursty_r2,reactive,hot_humid,bursty,2,38.969,38.669,38.469,35.969,25.0,45.0,60.0,,75.0,1.5,32.97,,,0,trial
2026-07-07T20:35:27,reactive_hot_humid_bursty_r2,reactive,hot_humid,bursty,2,38.967,38.667,38.467,35.967,25.0,45.0,60.0,,75.0,1.5,32.96,,,0,trial
2026-07-07T20:35:27,reactive_hot_humid_bursty_r2,reactive,hot_humid,bursty,2,38.966,38.666,38.466,35.966,25.0,45.0,60.0,,75.0,1.5,32.95,,,0,trial
2026-07-07T20:35:27,reactive_hot_humid_bursty_r2,reactive,hot_humid,bursty,2,38.965,38.665,38.465,35.965,25.0,45.0,60.0,,75.0,1.5,32.93,,,0,trial
2026-07-07T20:35:27,reactive_hot_humid_bursty_r2,reactive,hot_humid,bursty,2,38.963,38.663,38.463,35.963,25.0,45.0,60.0,,75.0,1.5,32.92,,,0,trial
2026-07-07T20:35:27,reactive_hot_humid_bursty_r2,reactive,hot_humid,bursty,2,38.962,38.662,38.462,35.962,25.0,45.0,60.0,,75.0,1.5,32.91,,,0,trial
2026-07-07T20:35:27,reactive_hot_humid_bursty_r2,reactive,hot_humid,bursty,2,38.961,38.661,38.461,35.961,25.0,45.0,60.0,,75.0,1.5,32.9,,,0,trial
2026-07-07T20:35:27,reactive_hot_humid_bursty_r2,reactive,hot_humid,bursty,2,38.959,38.659,38.459,35.959,25.0,45.0,60.0,,75.0,1.5,32.89,,,0,trial
2026-07-07T20:35:27,reactive_hot_humid_bursty_r2,reactive,hot_humid,bursty,2,38.958,38.658,38.458,35.958,25.0,45.0,60.0,,75.0,1.5,32.88,,,0,trial
2026-07-07T20:35:27,reactive_hot_humid_bursty_r2,reactive,hot_humid,bursty,2,38.956,38.656,38.456,35.956,25.0,45.0,60.0,,75.0,1.5,32.86,,,0,trial
2026-07-07T20:35:27,reactive_hot_humid_bursty_r2,reactive,hot_humid,bursty,2,38.955,38.655,38.455,35.955,25.0,45.0,60.0,,75.0,1.5,32.85,,,0,trial
2026-07-07T20:35:27,reactive_hot_humid_bursty_r2,reactive,hot_humid,bursty,2,38.954,38.654,38.454,35.954,25.0,45.0,60.0,,75.0,1.5,32.84,,,0,trial
2026-07-07T20:35:27,reactive_hot_humid_bursty_r2,reactive,hot_humid,bursty,2,38.952,38.652,38.452,35.952,25.0,45.0,60.0,,75.0,1.5,32.83,,,0,trial
2026-07-07T20:35:27,reactive_hot_humid_bursty_r2,reactive,hot_humid,bursty,2,38.951,38.651,38.451,35.951,25.0,45.0,60.0,,75.0,1.5,32.82,,,0,trial
2026-07-07T20:35:27,reactive_hot_humid_bursty_r2,reactive,hot_humid,bursty,2,38.949,38.649,38.449,35.949,25.0,45.0,60.0,,75.0,1.5,32.81,,,0,trial
2026-07-07T20:35:27,reactive_hot_humid_bursty_r2,reactive,hot_humid,bursty,2,38.948,38.648,38.448,35.948,25.0,45.0,60.0,,75.0,1.5,32.8,,,0,trial
2026-07-07T20:35:27,reactive_hot_humid_bursty_r2,reactive,hot_humid,bursty,2,38.947,38.647,38.447,35.947,25.0,45.0,60.0,,75.0,1.5,32.78,,,0,trial
2026-07-07T20:35:27,reactive_hot_humid_bursty_r2,reactive,hot_humid,bursty,2,38.945,38.645,38.445,35.945,25.0,45.0,60.0,,75.0,1.5,32.77,,,0,trial
2026-07-07T20:35:27,reactive_hot_humid_bursty_r2,reactive,hot_humid,bursty,2,38.946,38.646,38.446,35.946,25.0,45.0,60.0,,50.0,1.0,32.76,,,0,trial
2026-07-07T20:35:27,reactive_hot_humid_bursty_r2,reactive,hot_humid,bursty,2,38.946,38.646,38.446,35.946,25.0,45.0,60.0,,50.0,1.0,32.75,,,0,trial
2026-07-07T20:35:27,reactive_hot_humid_bursty_r2,reactive,hot_humid,bursty,2,38.947,38.647,38.447,35.947,25.0,45.0,60.0,,50.0,1.0,32.74,,,0,trial
2026-07-07T20:35:27,reactive_hot_humid_bursty_r2,reactive,hot_humid,bursty,2,38.948,38.648,38.448,35.948,25.0,45.0,60.0,,50.0,1.0,32.73,,,0,trial
2026-07-07T20:35:27,reactive_hot_humid_bursty_r2,reactive,hot_humid,bursty,2,38.948,38.648,38.448,35.948,25.0,45.0,60.0,,50.0,1.0,32.72,,,0,trial
2026-07-07T20:35:27,reactive_hot_humid_bursty_r2,reactive,hot_humid,bursty,2,38.949,38.649,38.449,35.949,25.0,45.0,60.0,,50.0,1.0,32.7,,,0,trial
2026-07-07T20:35:27,reactive_hot_humid_bursty_r2,reactive,hot_humid,bursty,2,38.949,38.649,38.449,35.949,25.0,45.0,60.0,,50.0,1.0,32.69,,,0,trial
2026-07-07T20:35:27,reactive_hot_humid_bursty_r2,reactive,hot_humid,bursty,2,38.95,38.65,38.45,35.95,25.0,45.0,60.0,,50.0,1.0,32.68,,,0,trial
2026-07-07T20:35:27,reactive_hot_humid_bursty_r2,reactive,hot_humid,bursty,2,38.95,38.65,38.45,35.95,25.0,45.0,60.0,,50.0,1.0,32.67,,,0,trial
2026-07-07T20:35:27,reactive_hot_humid_bursty_r2,reactive,hot_humid,bursty,2,38.951,38.651,38.451,35.951,25.0,45.0,60.0,,50.0,1.0,32.66,,,0,trial
2026-07-07T20:35:27,reactive_hot_humid_bursty_r2,reactive,hot_humid,bursty,2,38.951,38.651,38.451,35.951,25.0,45.0,60.0,,50.0,1.0,32.65,,,0,trial
2026-07-07T20:35:27,reactive_hot_humid_bursty_r2,reactive,hot_humid,bursty,2,38.952,38.652,38.452,35.952,25.0,45.0,60.0,,50.0,1.0,32.64,,,0,trial
2026-07-07T20:35:27,reactive_hot_humid_bursty_r2,reactive,hot_humid,bursty,2,38.953,38.653,38.453,35.953,25.0,45.0,60.0,,50.0,1.0,32.63,,,0,trial
2026-07-07T20:35:27,reactive_hot_humid_bursty_r2,reactive,hot_humid,bursty,2,38.953,38.653,38.453,35.953,25.0,45.0,60.0,,50.0,1.0,32.61,,,0,trial
2026-07-07T20:35:27,reactive_hot_humid_bursty_r2,reactive,hot_humid,bursty,2,38.954,38.654,38.454,35.954,25.0,45.0,60.0,,50.0,1.0,32.6,,,0,trial
2026-07-07T20:35:27,reactive_hot_humid_bursty_r2,reactive,hot_humid,bursty,2,38.954,38.654,38.454,35.954,25.0,45.0,60.0,,50.0,1.0,32.59,,,0,trial
2026-07-07T20:35:27,reactive_hot_humid_bursty_r2,reactive,hot_humid,bursty,2,38.955,38.655,38.455,35.955,25.0,45.0,60.0,,50.0,1.0,32.58,,,0,trial
2026-07-07T20:35:27,reactive_hot_humid_bursty_r2,reactive,hot_humid,bursty,2,38.955,38.655,38.455,35.955,25.0,45.0,60.0,,50.0,1.0,32.57,,,0,trial
2026-07-07T20:35:27,reactive_hot_humid_bursty_r2,reactive,hot_humid,bursty,2,38.956,38.656,38.456,35.956,25.0,45.0,60.0,,50.0,1.0,32.56,,,0,trial
2026-07-07T20:35:27,reactive_hot_humid_bursty_r2,reactive,hot_humid,bursty,2,38.956,38.656,38.456,35.956,25.0,45.0,60.0,,50.0,1.0,32.55,,,0,trial
2026-07-07T20:35:27,reactive_hot_humid_bursty_r2,reactive,hot_humid,bursty,2,38.957,38.657,38.457,35.957,25.0,45.0,60.0,,50.0,1.0,32.54,,,0,trial
2026-07-07T20:35:27,reactive_hot_humid_bursty_r2,reactive,hot_humid,bursty,2,38.957,38.657,38.457,35.957,25.0,45.0,60.0,,50.0,1.0,32.53,,,0,trial
2026-07-07T20:35:27,reactive_hot_humid_bursty_r2,reactive,hot_humid,bursty,2,38.958,38.658,38.458,35.958,25.0,45.0,60.0,,50.0,1.0,32.52,,,0,trial
2026-07-07T20:35:27,reactive_hot_humid_bursty_r2,reactive,hot_humid,bursty,2,38.959,38.659,38.459,35.959,25.0,45.0,60.0,,50.0,1.0,32.51,,,0,trial
2026-07-07T20:35:27,reactive_hot_humid_bursty_r2,reactive,hot_humid,bursty,2,38.959,38.659,38.459,35.959,25.0,45.0,60.0,,50.0,1.0,32.49,,,0,trial
2026-07-07T20:35:27,reactive_hot_humid_bursty_r2,reactive,hot_humid,bursty,2,38.96,38.66,38.46,35.96,25.0,45.0,60.0,,50.0,1.0,32.48,,,0,trial
2026-07-07T20:35:27,reactive_hot_humid_bursty_r2,reactive,hot_humid,bursty,2,38.96,38.66,38.46,35.96,25.0,45.0,60.0,,50.0,1.0,32.47,,,0,trial
2026-07-07T20:35:27,reactive_hot_humid_bursty_r2,reactive,hot_humid,bursty,2,38.961,38.661,38.461,35.961,25.0,45.0,60.0,,50.0,1.0,32.46,,,0,trial
2026-07-07T20:35:27,reactive_hot_humid_bursty_r2,reactive,hot_humid,bursty,2,38.961,38.661,38.461,35.961,25.0,45.0,60.0,,50.0,1.0,32.45,,,0,trial
2026-07-07T20:35:27,reactive_hot_humid_bursty_r2,reactive,hot_humid,bursty,2,38.962,38.662,38.462,35.962,25.0,45.0,60.0,,50.0,1.0,32.44,,,0,trial
2026-07-07T20:35:27,reactive_hot_humid_bursty_r2,reactive,hot_humid,bursty,2,38.96,38.66,38.46,35.96,25.0,45.0,60.0,,75.0,1.5,32.43,,,0,trial
2026-07-07T20:35:27,reactive_hot_humid_bursty_r2,reactive,hot_humid,bursty,2,38.959,38.659,38.459,35.959,25.0,45.0,60.0,,75.0,1.5,32.42,,,0,trial
2026-07-07T20:35:27,reactive_hot_humid_bursty_r2,reactive,hot_humid,bursty,2,38.958,38.658,38.458,35.958,25.0,45.0,60.0,,75.0,1.5,32.41,,,0,trial
2026-07-07T20:35:27,reactive_hot_humid_bursty_r2,reactive,hot_humid,bursty,2,38.956,38.656,38.456,35.956,25.0,45.0,60.0,,75.0,1.5,32.4,,,0,trial
2026-07-07T20:35:27,reactive_hot_humid_bursty_r2,reactive,hot_humid,bursty,2,38.955,38.655,38.455,35.955,25.0,45.0,60.0,,75.0,1.5,32.39,,,0,trial
2026-07-07T20:35:27,reactive_hot_humid_bursty_r2,reactive,hot_humid,bursty,2,38.954,38.654,38.454,35.954,25.0,45.0,60.0,,75.0,1.5,32.38,,,0,trial
2026-07-07T20:35:27,reactive_hot_humid_bursty_r2,reactive,hot_humid,bursty,2,38.952,38.652,38.452,35.952,25.0,45.0,60.0,,75.0,1.5,32.37,,,0,trial
2026-07-07T20:35:27,reactive_hot_humid_bursty_r2,reactive,hot_humid,bursty,2,38.951,38.651,38.451,35.951,25.0,45.0,60.0,,75.0,1.5,32.36,,,0,trial
2026-07-07T20:35:27,reactive_hot_humid_bursty_r2,reactive,hot_humid,bursty,2,38.949,38.649,38.449,35.949,25.0,45.0,60.0,,75.0,1.5,32.35,,,0,trial
2026-07-07T20:35:27,reactive_hot_humid_bursty_r2,reactive,hot_humid,bursty,2,38.948,38.648,38.448,35.948,25.0,45.0,60.0,,75.0,1.5,32.34,,,0,trial
2026-07-07T20:35:27,reactive_hot_humid_bursty_r2,reactive,hot_humid,bursty,2,38.947,38.647,38.447,35.947,25.0,45.0,60.0,,75.0,1.5,32.32,,,0,trial
2026-07-07T20:35:27,reactive_hot_humid_bursty_r2,reactive,hot_humid,bursty,2,38.945,38.645,38.445,35.945,25.0,45.0,60.0,,75.0,1.5,32.31,,,0,trial
2026-07-07T20:35:27,reactive_hot_humid_bursty_r2,reactive,hot_humid,bursty,2,38.944,38.644,38.444,35.944,25.0,45.0,60.0,,75.0,1.5,32.3,,,0,trial
2026-07-07T20:35:27,reactive_hot_humid_bursty_r2,reactive,hot_humid,bursty,2,38.943,38.643,38.443,35.943,25.0,45.0,60.0,,75.0,1.5,32.29,,,0,trial
2026-07-07T20:35:27,reactive_hot_humid_bursty_r2,reactive,hot_humid,bursty,2,38.941,38.641,38.441,35.941,25.0,45.0,60.0,,75.0,1.5,32.28,,,0,trial
2026-07-07T20:35:27,reactive_hot_humid_bursty_r2,reactive,hot_humid,bursty,2,38.94,38.64,38.44,35.94,25.0,45.0,60.0,,75.0,1.5,32.27,,,0,trial
2026-07-07T20:35:27,reactive_hot_humid_bursty_r2,reactive,hot_humid,bursty,2,38.938,38.638,38.438,35.938,25.0,45.0,60.0,,75.0,1.5,32.26,,,0,trial
2026-07-07T20:35:27,reactive_hot_humid_bursty_r2,reactive,hot_humid,bursty,2,38.937,38.637,38.437,35.937,25.0,45.0,60.0,,75.0,1.5,32.25,,,0,trial
2026-07-07T20:35:27,reactive_hot_humid_bursty_r2,reactive,hot_humid,bursty,2,38.936,38.636,38.436,35.936,25.0,45.0,60.0,,75.0,1.5,32.24,,,0,trial
2026-07-07T20:35:27,reactive_hot_humid_bursty_r2,reactive,hot_humid,bursty,2,38.934,38.634,38.434,35.934,25.0,45.0,60.0,,75.0,1.5,32.23,,,0,trial
2026-07-07T20:35:27,reactive_hot_humid_bursty_r2,reactive,hot_humid,bursty,2,38.933,38.633,38.433,35.933,25.0,45.0,60.0,,75.0,1.5,32.22,,,0,trial
2026-07-07T20:35:27,reactive_hot_humid_bursty_r2,reactive,hot_humid,bursty,2,38.932,38.632,38.432,35.932,25.0,45.0,60.0,,75.0,1.5,32.21,,,0,trial
2026-07-07T20:35:27,reactive_hot_humid_bursty_r2,reactive,hot_humid,bursty,2,38.93,38.63,38.43,35.93,25.0,45.0,60.0,,75.0,1.5,32.2,,,0,trial
2026-07-07T20:35:27,reactive_hot_humid_bursty_r2,reactive,hot_humid,bursty,2,38.929,38.629,38.429,35.929,25.0,45.0,60.0,,75.0,1.5,32.19,,,0,trial
2026-07-07T20:35:27,reactive_hot_humid_bursty_r2,reactive,hot_humid,bursty,2,38.927,38.627,38.427,35.927,25.0,45.0,60.0,,75.0,1.5,32.18,,,0,trial
2026-07-07T20:35:27,reactive_hot_humid_bursty_r2,reactive,hot_humid,bursty,2,38.926,38.626,38.426,35.926,25.0,45.0,60.0,,75.0,1.5,32.17,,,0,trial
2026-07-07T20:35:27,reactive_hot_humid_bursty_r2,reactive,hot_humid,bursty,2,38.925,38.625,38.425,35.925,25.0,45.0,60.0,,75.0,1.5,32.16,,,0,trial
2026-07-07T20:35:27,reactive_hot_humid_bursty_r2,reactive,hot_humid,bursty,2,38.923,38.623,38.423,35.923,25.0,45.0,60.0,,75.0,1.5,32.15,,,0,trial
2026-07-07T20:35:27,reactive_hot_humid_bursty_r2,reactive,hot_humid,bursty,2,38.922,38.622,38.422,35.922,25.0,45.0,60.0,,75.0,1.5,32.14,,,0,trial
2026-07-07T20:35:27,reactive_hot_humid_bursty_r2,reactive,hot_humid,bursty,2,38.921,38.621,38.421,35.921,25.0,45.0,60.0,,75.0,1.5,32.13,,,0,trial
2026-07-07T20:35:27,reactive_hot_humid_bursty_r2,reactive,hot_humid,bursty,2,38.923,38.623,38.423,35.923,25.0,45.0,60.0,,25.0,0.5,32.12,,,0,trial
2026-07-07T20:35:27,reactive_hot_humid_bursty_r2,reactive,hot_humid,bursty,2,38.926,38.626,38.426,35.926,25.0,45.0,60.0,,25.0,0.5,32.11,,,0,trial
2026-07-07T20:35:27,reactive_hot_humid_bursty_r2,reactive,hot_humid,bursty,2,38.929,38.629,38.429,35.929,25.0,45.0,60.0,,25.0,0.5,32.1,,,0,trial
2026-07-07T20:35:27,reactive_hot_humid_bursty_r2,reactive,hot_humid,bursty,2,38.932,38.632,38.432,35.932,25.0,45.0,60.0,,25.0,0.5,32.09,,,0,trial
2026-07-07T20:35:27,reactive_hot_humid_bursty_r2,reactive,hot_humid,bursty,2,38.935,38.635,38.435,35.935,25.0,45.0,60.0,,25.0,0.5,32.08,,,0,trial
2026-07-07T20:35:27,reactive_hot_humid_bursty_r2,reactive,hot_humid,bursty,2,38.938,38.638,38.438,35.938,25.0,45.0,60.0,,25.0,0.5,32.07,,,0,trial
2026-07-07T20:35:27,reactive_hot_humid_bursty_r2,reactive,hot_humid,bursty,2,38.94,38.64,38.44,35.94,25.0,45.0,60.0,,25.0,0.5,32.06,,,0,trial
2026-07-07T20:35:27,reactive_hot_humid_bursty_r2,reactive,hot_humid,bursty,2,38.943,38.643,38.443,35.943,25.0,45.0,60.0,,25.0,0.5,32.05,,,0,trial
2026-07-07T20:35:27,reactive_hot_humid_bursty_r2,reactive,hot_humid,bursty,2,38.946,38.646,38.446,35.946,25.0,45.0,60.0,,25.0,0.5,32.04,,,0,trial
2026-07-07T20:35:27,reactive_hot_humid_bursty_r2,reactive,hot_humid,bursty,2,38.949,38.649,38.449,35.949,25.0,45.0,60.0,,25.0,0.5,32.04,,,0,trial
2026-07-07T20:35:27,reactive_hot_humid_bursty_r2,reactive,hot_humid,bursty,2,38.952,38.652,38.452,35.952,25.0,45.0,60.0,,25.0,0.5,32.03,,,0,trial
2026-07-07T20:35:27,reactive_hot_humid_bursty_r2,reactive,hot_humid,bursty,2,38.954,38.654,38.454,35.954,25.0,45.0,60.0,,25.0,0.5,32.02,,,0,trial
2026-07-07T20:35:27,reactive_hot_humid_bursty_r2,reactive,hot_humid,bursty,2,38.957,38.657,38.457,35.957,25.0,45.0,60.0,,25.0,0.5,32.01,,,0,trial
2026-07-07T20:35:27,reactive_hot_humid_bursty_r2,reactive,hot_humid,bursty,2,38.96,38.66,38.46,35.96,25.0,45.0,60.0,,25.0,0.5,32.0,,,0,trial
2026-07-07T20:35:27,reactive_hot_humid_bursty_r2,reactive,hot_humid,bursty,2,38.963,38.663,38.463,35.963,25.0,45.0,60.0,,25.0,0.5,31.99,,,0,trial
2026-07-07T20:35:27,reactive_hot_humid_bursty_r2,reactive,hot_humid,bursty,2,38.966,38.666,38.466,35.966,25.0,45.0,60.0,,25.0,0.5,31.98,,,0,trial
2026-07-07T20:35:27,reactive_hot_humid_bursty_r2,reactive,hot_humid,bursty,2,38.968,38.668,38.468,35.968,25.0,45.0,60.0,,25.0,0.5,31.97,,,0,trial
2026-07-07T20:35:27,reactive_hot_humid_bursty_r2,reactive,hot_humid,bursty,2,38.971,38.671,38.471,35.971,25.0,45.0,60.0,,25.0,0.5,31.96,,,0,trial
2026-07-07T20:35:27,reactive_hot_humid_bursty_r2,reactive,hot_humid,bursty,2,38.974,38.674,38.474,35.974,25.0,45.0,60.0,,25.0,0.5,31.95,,,0,trial
2026-07-07T20:35:27,reactive_hot_humid_bursty_r2,reactive,hot_humid,bursty,2,38.977,38.677,38.477,35.977,25.0,45.0,60.0,,25.0,0.5,31.94,,,0,trial
2026-07-07T20:35:27,reactive_hot_humid_bursty_r2,reactive,hot_humid,bursty,2,38.98,38.68,38.48,35.98,25.0,45.0,60.0,,25.0,0.5,31.93,,,0,trial
2026-07-07T20:35:27,reactive_hot_humid_bursty_r2,reactive,hot_humid,bursty,2,38.982,38.682,38.482,35.982,25.0,45.0,60.0,,25.0,0.5,31.92,,,0,trial
2026-07-07T20:35:27,reactive_hot_humid_bursty_r2,reactive,hot_humid,bursty,2,38.985,38.685,38.485,35.985,25.0,45.0,60.0,,25.0,0.5,31.91,,,0,trial
2026-07-07T20:35:27,reactive_hot_humid_bursty_r2,reactive,hot_humid,bursty,2,38.988,38.688,38.488,35.988,25.0,45.0,60.0,,25.0,0.5,31.9,,,0,trial
2026-07-07T20:35:27,reactive_hot_humid_bursty_r2,reactive,hot_humid,bursty,2,38.991,38.691,38.491,35.991,25.0,45.0,60.0,,25.0,0.5,31.89,,,0,trial
2026-07-07T20:35:27,reactive_hot_humid_bursty_r2,reactive,hot_humid,bursty,2,38.994,38.694,38.494,35.994,25.0,45.0,60.0,,25.0,0.5,31.89,,,0,trial
2026-07-07T20:35:27,reactive_hot_humid_bursty_r2,reactive,hot_humid,bursty,2,38.996,38.696,38.496,35.996,25.0,45.0,60.0,,25.0,0.5,31.88,,,0,trial
2026-07-07T20:35:27,reactive_hot_humid_bursty_r2,reactive,hot_humid,bursty,2,38.999,38.699,38.499,35.999,25.0,45.0,60.0,,25.0,0.5,31.87,,,0,trial
2026-07-07T20:35:27,reactive_hot_humid_bursty_r2,reactive,hot_humid,bursty,2,39.002,38.702,38.502,36.002,25.0,45.0,60.0,,25.0,0.5,31.86,,,0,trial
2026-07-07T20:35:27,reactive_hot_humid_bursty_r2,reactive,hot_humid,bursty,2,39.005,38.705,38.505,36.005,25.0,45.0,60.0,,25.0,0.5,31.85,,,0,trial
2026-07-07T20:35:27,reactive_hot_humid_bursty_r2,reactive,hot_humid,bursty,2,39.005,38.705,38.505,36.005,25.0,45.0,60.0,,50.0,1.0,31.84,,,0,trial
2026-07-07T20:35:27,reactive_hot_humid_bursty_r2,reactive,hot_humid,bursty,2,39.006,38.706,38.506,36.006,25.0,45.0,60.0,,50.0,1.0,31.83,,,0,trial
2026-07-07T20:35:27,reactive_hot_humid_bursty_r2,reactive,hot_humid,bursty,2,39.006,38.706,38.506,36.006,25.0,45.0,60.0,,50.0,1.0,31.82,,,0,trial
2026-07-07T20:35:27,reactive_hot_humid_bursty_r2,reactive,hot_humid,bursty,2,39.007,38.707,38.507,36.007,25.0,45.0,60.0,,50.0,1.0,31.81,,,0,trial
2026-07-07T20:35:27,reactive_hot_humid_bursty_r2,reactive,hot_humid,bursty,2,39.007,38.707,38.507,36.007,25.0,45.0,60.0,,50.0,1.0,31.81,,,0,trial
2026-07-07T20:35:27,reactive_hot_humid_bursty_r2,reactive,hot_humid,bursty,2,39.008,38.708,38.508,36.008,25.0,45.0,60.0,,50.0,1.0,31.8,,,0,trial
2026-07-07T20:35:27,reactive_hot_humid_bursty_r2,reactive,hot_humid,bursty,2,39.008,38.708,38.508,36.008,25.0,45.0,60.0,,50.0,1.0,31.79,,,0,trial
2026-07-07T20:35:27,reactive_hot_humid_bursty_r2,reactive,hot_humid,bursty,2,39.009,38.709,38.509,36.009,25.0,45.0,60.0,,50.0,1.0,31.78,,,0,trial
2026-07-07T20:35:27,reactive_hot_humid_bursty_r2,reactive,hot_humid,bursty,2,39.009,38.709,38.509,36.009,25.0,45.0,60.0,,50.0,1.0,31.77,,,0,trial
2026-07-07T20:35:27,reactive_hot_humid_bursty_r2,reactive,hot_humid,bursty,2,39.01,38.71,38.51,36.01,25.0,45.0,60.0,,50.0,1.0,31.76,,,0,trial
2026-07-07T20:35:27,reactive_hot_humid_bursty_r2,reactive,hot_humid,bursty,2,39.011,38.711,38.511,36.011,25.0,45.0,60.0,,50.0,1.0,31.75,,,0,trial
2026-07-07T20:35:27,reactive_hot_humid_bursty_r2,reactive,hot_humid,bursty,2,39.011,38.711,38.511,36.011,25.0,45.0,60.0,,50.0,1.0,31.74,,,0,trial
2026-07-07T20:35:27,reactive_hot_humid_bursty_r2,reactive,hot_humid,bursty,2,39.012,38.712,38.512,36.012,25.0,45.0,60.0,,50.0,1.0,31.74,,,0,trial
2026-07-07T20:35:27,reactive_hot_humid_bursty_r2,reactive,hot_humid,bursty,2,39.012,38.712,38.512,36.012,25.0,45.0,60.0,,50.0,1.0,31.73,,,0,trial
2026-07-07T20:35:27,reactive_hot_humid_bursty_r2,reactive,hot_humid,bursty,2,39.013,38.713,38.513,36.013,25.0,45.0,60.0,,50.0,1.0,31.72,,,0,trial
2026-07-07T20:35:27,reactive_hot_humid_bursty_r2,reactive,hot_humid,bursty,2,39.013,38.713,38.513,36.013,25.0,45.0,60.0,,50.0,1.0,31.71,,,0,trial
2026-07-07T20:35:27,reactive_hot_humid_bursty_r2,reactive,hot_humid,bursty,2,39.014,38.714,38.514,36.014,25.0,45.0,60.0,,50.0,1.0,31.7,,,0,trial
2026-07-07T20:35:27,reactive_hot_humid_bursty_r2,reactive,hot_humid,bursty,2,39.014,38.714,38.514,36.014,25.0,45.0,60.0,,50.0,1.0,31.69,,,0,trial
2026-07-07T20:35:27,reactive_hot_humid_bursty_r2,reactive,hot_humid,bursty,2,39.015,38.715,38.515,36.015,25.0,45.0,60.0,,50.0,1.0,31.68,,,0,trial
2026-07-07T20:35:27,reactive_hot_humid_bursty_r2,reactive,hot_humid,bursty,2,39.015,38.715,38.515,36.015,25.0,45.0,60.0,,50.0,1.0,31.68,,,0,trial
2026-07-07T20:35:27,reactive_hot_humid_bursty_r2,reactive,hot_humid,bursty,2,39.016,38.716,38.516,36.016,25.0,45.0,60.0,,50.0,1.0,31.67,,,0,trial
2026-07-07T20:35:27,reactive_hot_humid_bursty_r2,reactive,hot_humid,bursty,2,39.016,38.716,38.516,36.016,25.0,45.0,60.0,,50.0,1.0,31.66,,,0,trial
2026-07-07T20:35:27,reactive_hot_humid_bursty_r2,reactive,hot_humid,bursty,2,39.017,38.717,38.517,36.017,25.0,45.0,60.0,,50.0,1.0,31.65,,,0,trial
2026-07-07T20:35:27,reactive_hot_humid_bursty_r2,reactive,hot_humid,bursty,2,39.017,38.717,38.517,36.017,25.0,45.0,60.0,,50.0,1.0,31.64,,,0,trial
2026-07-07T20:35:27,reactive_hot_humid_bursty_r2,reactive,hot_humid,bursty,2,39.018,38.718,38.518,36.018,25.0,45.0,60.0,,50.0,1.0,31.63,,,0,trial
2026-07-07T20:35:27,reactive_hot_humid_bursty_r2,reactive,hot_humid,bursty,2,39.018,38.718,38.518,36.018,25.0,45.0,60.0,,50.0,1.0,31.63,,,0,trial
2026-07-07T20:35:27,reactive_hot_humid_bursty_r2,reactive,hot_humid,bursty,2,39.019,38.719,38.519,36.019,25.0,45.0,60.0,,50.0,1.0,31.62,,,0,trial
2026-07-07T20:35:27,reactive_hot_humid_bursty_r2,reactive,hot_humid,bursty,2,39.019,38.719,38.519,36.019,25.0,45.0,60.0,,50.0,1.0,31.61,,,0,trial
2026-07-07T20:35:27,reactive_hot_humid_bursty_r2,reactive,hot_humid,bursty,2,39.02,38.72,38.52,36.02,25.0,45.0,60.0,,50.0,1.0,31.6,,,0,trial
2026-07-07T20:35:27,reactive_hot_humid_bursty_r2,reactive,hot_humid,bursty,2,39.02,38.72,38.52,36.02,25.0,45.0,60.0,,50.0,1.0,31.59,,,0,trial
2026-07-07T20:35:27,reactive_hot_humid_bursty_r2,reactive,hot_humid,bursty,2,39.021,38.721,38.521,36.021,25.0,45.0,60.0,,50.0,1.0,31.59,,,0,trial
2026-07-07T20:35:27,reactive_hot_humid_bursty_r2,reactive,hot_humid,bursty,2,39.021,38.721,38.521,36.021,25.0,45.0,60.0,,50.0,1.0,31.58,,,0,trial
2026-07-07T20:35:27,reactive_hot_humid_bursty_r2,reactive,hot_humid,bursty,2,39.022,38.722,38.522,36.022,25.0,45.0,60.0,,50.0,1.0,31.57,,,0,trial
2026-07-07T20:35:27,reactive_hot_humid_bursty_r2,reactive,hot_humid,bursty,2,39.022,38.722,38.522,36.022,25.0,45.0,60.0,,50.0,1.0,31.56,,,0,trial
2026-07-07T20:35:27,reactive_hot_humid_bursty_r2,reactive,hot_humid,bursty,2,39.023,38.723,38.523,36.023,25.0,45.0,60.0,,50.0,1.0,31.55,,,0,trial
2026-07-07T20:35:27,reactive_hot_humid_bursty_r2,reactive,hot_humid,bursty,2,39.023,38.723,38.523,36.023,25.0,45.0,60.0,,50.0,1.0,31.55,,,0,trial
2026-07-07T20:35:27,reactive_hot_humid_bursty_r2,reactive,hot_humid,bursty,2,39.024,38.724,38.524,36.024,25.0,45.0,60.0,,50.0,1.0,31.54,,,0,trial
2026-07-07T20:35:27,reactive_hot_humid_bursty_r2,reactive,hot_humid,bursty,2,39.024,38.724,38.524,36.024,25.0,45.0,60.0,,50.0,1.0,31.53,,,0,trial
2026-07-07T20:35:27,reactive_hot_humid_bursty_r2,reactive,hot_humid,bursty,2,39.025,38.725,38.525,36.025,25.0,45.0,60.0,,50.0,1.0,31.52,,,0,trial
2026-07-07T20:35:27,reactive_hot_humid_bursty_r2,reactive,hot_humid,bursty,2,39.025,38.725,38.525,36.025,25.0,45.0,60.0,,50.0,1.0,31.51,,,0,trial
2026-07-07T20:35:27,reactive_hot_humid_bursty_r2,reactive,hot_humid,bursty,2,39.026,38.726,38.526,36.026,25.0,45.0,60.0,,50.0,1.0,31.51,,,0,trial
2026-07-07T20:35:27,reactive_hot_humid_bursty_r2,reactive,hot_humid,bursty,2,39.027,38.727,38.527,36.027,25.0,45.0,60.0,,50.0,1.0,31.5,,,0,trial
2026-07-07T20:35:27,reactive_hot_humid_bursty_r2,reactive,hot_humid,bursty,2,39.027,38.727,38.527,36.027,25.0,45.0,60.0,,50.0,1.0,31.49,,,0,trial
2026-07-07T20:35:27,reactive_hot_humid_bursty_r2,reactive,hot_humid,bursty,2,39.028,38.728,38.528,36.028,25.0,45.0,60.0,,50.0,1.0,31.48,,,0,trial
2026-07-07T20:35:27,reactive_hot_humid_bursty_r2,reactive,hot_humid,bursty,2,39.028,38.728,38.528,36.028,25.0,45.0,60.0,,50.0,1.0,31.48,,,0,trial
2026-07-07T20:35:27,reactive_hot_humid_bursty_r2,reactive,hot_humid,bursty,2,39.029,38.729,38.529,36.029,25.0,45.0,60.0,,50.0,1.0,31.47,,,0,trial
2026-07-07T20:35:27,reactive_hot_humid_bursty_r2,reactive,hot_humid,bursty,2,39.029,38.729,38.529,36.029,25.0,45.0,60.0,,50.0,1.0,31.46,,,0,trial
2026-07-07T20:35:27,reactive_hot_humid_bursty_r2,reactive,hot_humid,bursty,2,39.03,38.73,38.53,36.03,25.0,45.0,60.0,,50.0,1.0,31.45,,,0,trial
2026-07-07T20:35:27,reactive_hot_humid_bursty_r2,reactive,hot_humid,bursty,2,39.03,38.73,38.53,36.03,25.0,45.0,60.0,,50.0,1.0,31.44,,,0,trial
2026-07-07T20:35:27,reactive_hot_humid_bursty_r2,reactive,hot_humid,bursty,2,39.031,38.731,38.531,36.031,25.0,45.0,60.0,,50.0,1.0,31.44,,,0,trial
2026-07-07T20:35:27,reactive_hot_humid_bursty_r2,reactive,hot_humid,bursty,2,39.031,38.731,38.531,36.031,25.0,45.0,60.0,,50.0,1.0,31.43,,,0,trial
2026-07-07T20:35:27,reactive_hot_humid_bursty_r2,reactive,hot_humid,bursty,2,39.032,38.732,38.532,36.032,25.0,45.0,60.0,,50.0,1.0,31.42,,,0,trial
2026-07-07T20:35:27,reactive_hot_humid_bursty_r2,reactive,hot_humid,bursty,2,39.032,38.732,38.532,36.032,25.0,45.0,60.0,,50.0,1.0,31.42,,,0,trial
2026-07-07T20:35:27,reactive_hot_humid_bursty_r2,reactive,hot_humid,bursty,2,39.033,38.733,38.533,36.033,25.0,45.0,60.0,,50.0,1.0,31.41,,,0,trial
2026-07-07T20:35:27,reactive_hot_humid_bursty_r2,reactive,hot_humid,bursty,2,39.033,38.733,38.533,36.033,25.0,45.0,60.0,,50.0,1.0,31.4,,,0,trial
2026-07-07T20:35:27,reactive_hot_humid_bursty_r2,reactive,hot_humid,bursty,2,39.034,38.734,38.534,36.034,25.0,45.0,60.0,,50.0,1.0,31.39,,,0,trial
2026-07-07T20:35:27,reactive_hot_humid_bursty_r2,reactive,hot_humid,bursty,2,39.034,38.734,38.534,36.034,25.0,45.0,60.0,,50.0,1.0,31.39,,,0,trial
2026-07-07T20:35:27,reactive_hot_humid_bursty_r2,reactive,hot_humid,bursty,2,39.035,38.735,38.535,36.035,25.0,45.0,60.0,,50.0,1.0,31.38,,,0,trial
2026-07-07T20:35:27,reactive_hot_humid_bursty_r2,reactive,hot_humid,bursty,2,39.035,38.735,38.535,36.035,25.0,45.0,60.0,,50.0,1.0,31.37,,,0,trial
2026-07-07T20:35:27,reactive_hot_humid_bursty_r2,reactive,hot_humid,bursty,2,39.036,38.736,38.536,36.036,25.0,45.0,60.0,,50.0,1.0,31.36,,,0,trial
2026-07-07T20:35:27,reactive_hot_humid_bursty_r2,reactive,hot_humid,bursty,2,39.036,38.736,38.536,36.036,25.0,45.0,60.0,,50.0,1.0,31.36,,,0,trial
2026-07-07T20:35:27,reactive_hot_humid_bursty_r2,reactive,hot_humid,bursty,2,39.037,38.737,38.537,36.037,25.0,45.0,60.0,,50.0,1.0,31.35,,,0,trial
2026-07-07T20:35:27,reactive_hot_humid_bursty_r2,reactive,hot_humid,bursty,2,39.037,38.737,38.537,36.037,25.0,45.0,60.0,,50.0,1.0,31.34,,,0,trial
2026-07-07T20:35:27,reactive_hot_humid_bursty_r2,reactive,hot_humid,bursty,2,39.038,38.738,38.538,36.038,25.0,45.0,60.0,,50.0,1.0,31.34,,,0,trial
2026-07-07T20:35:27,reactive_hot_humid_bursty_r2,reactive,hot_humid,bursty,2,39.038,38.738,38.538,36.038,25.0,45.0,60.0,,50.0,1.0,31.33,,,0,trial
2026-07-07T20:35:27,reactive_hot_humid_bursty_r2,reactive,hot_humid,bursty,2,39.039,38.739,38.539,36.039,25.0,45.0,60.0,,50.0,1.0,31.32,,,0,trial
2026-07-07T20:35:27,reactive_hot_humid_bursty_r2,reactive,hot_humid,bursty,2,39.039,38.739,38.539,36.039,25.0,45.0,60.0,,50.0,1.0,31.31,,,0,trial
2026-07-07T20:35:27,reactive_hot_humid_bursty_r2,reactive,hot_humid,bursty,2,39.04,38.74,38.54,36.04,25.0,45.0,60.0,,50.0,1.0,31.31,,,0,trial
2026-07-07T20:35:27,reactive_hot_humid_bursty_r2,reactive,hot_humid,bursty,2,39.04,38.74,38.54,36.04,25.0,45.0,60.0,,50.0,1.0,31.3,,,0,trial
2026-07-07T20:35:27,reactive_hot_humid_bursty_r2,reactive,hot_humid,bursty,2,39.041,38.741,38.541,36.041,25.0,45.0,60.0,,50.0,1.0,31.29,,,0,trial
2026-07-07T20:35:27,reactive_hot_humid_bursty_r2,reactive,hot_humid,bursty,2,39.041,38.741,38.541,36.041,25.0,45.0,60.0,,50.0,1.0,31.29,,,0,trial
2026-07-07T20:35:27,reactive_hot_humid_bursty_r2,reactive,hot_humid,bursty,2,39.042,38.742,38.542,36.042,25.0,45.0,60.0,,50.0,1.0,31.28,,,0,trial
2026-07-07T20:35:27,reactive_hot_humid_bursty_r2,reactive,hot_humid,bursty,2,39.042,38.742,38.542,36.042,25.0,45.0,60.0,,50.0,1.0,31.27,,,0,trial
2026-07-07T20:35:27,reactive_hot_humid_bursty_r2,reactive,hot_humid,bursty,2,39.043,38.743,38.543,36.043,25.0,45.0,60.0,,50.0,1.0,31.27,,,0,trial
2026-07-07T20:35:27,reactive_hot_humid_bursty_r2,reactive,hot_humid,bursty,2,39.043,38.743,38.543,36.043,25.0,45.0,60.0,,50.0,1.0,31.26,,,0,trial
2026-07-07T20:35:27,reactive_hot_humid_bursty_r2,reactive,hot_humid,bursty,2,39.044,38.744,38.544,36.044,25.0,45.0,60.0,,50.0,1.0,31.25,,,0,trial
2026-07-07T20:35:27,reactive_hot_humid_bursty_r2,reactive,hot_humid,bursty,2,39.044,38.744,38.544,36.044,25.0,45.0,60.0,,50.0,1.0,31.25,,,0,trial
2026-07-07T20:35:27,reactive_hot_humid_bursty_r2,reactive,hot_humid,bursty,2,39.045,38.745,38.545,36.045,25.0,45.0,60.0,,50.0,1.0,31.24,,,0,trial
2026-07-07T20:35:27,reactive_hot_humid_bursty_r2,reactive,hot_humid,bursty,2,39.045,38.745,38.545,36.045,25.0,45.0,60.0,,50.0,1.0,31.23,,,0,trial
2026-07-07T20:35:27,reactive_hot_humid_bursty_r2,reactive,hot_humid,bursty,2,39.046,38.746,38.546,36.046,25.0,45.0,60.0,,50.0,1.0,31.23,,,0,trial
2026-07-07T20:35:27,reactive_hot_humid_bursty_r2,reactive,hot_humid,bursty,2,39.046,38.746,38.546,36.046,25.0,45.0,60.0,,50.0,1.0,31.22,,,0,trial
2026-07-07T20:35:27,reactive_hot_humid_bursty_r2,reactive,hot_humid,bursty,2,39.047,38.747,38.547,36.047,25.0,45.0,60.0,,50.0,1.0,31.21,,,0,trial
2026-07-07T20:35:27,reactive_hot_humid_bursty_r2,reactive,hot_humid,bursty,2,39.047,38.747,38.547,36.047,25.0,45.0,60.0,,50.0,1.0,31.21,,,0,trial
2026-07-07T20:35:27,reactive_hot_humid_bursty_r2,reactive,hot_humid,bursty,2,39.048,38.748,38.548,36.048,25.0,45.0,60.0,,50.0,1.0,31.2,,,0,trial
2026-07-07T20:35:27,reactive_hot_humid_bursty_r2,reactive,hot_humid,bursty,2,39.048,38.748,38.548,36.048,25.0,45.0,60.0,,50.0,1.0,31.19,,,0,trial
2026-07-07T20:35:27,reactive_hot_humid_bursty_r2,reactive,hot_humid,bursty,2,39.049,38.749,38.549,36.049,25.0,45.0,60.0,,50.0,1.0,31.19,,,0,trial
2026-07-07T20:35:27,reactive_hot_humid_bursty_r2,reactive,hot_humid,bursty,2,39.049,38.749,38.549,36.049,25.0,45.0,60.0,,50.0,1.0,31.18,,,0,trial
2026-07-07T20:35:27,reactive_hot_humid_bursty_r2,reactive,hot_humid,bursty,2,39.05,38.75,38.55,36.05,25.0,45.0,60.0,,50.0,1.0,31.17,,,0,trial
2026-07-07T20:35:27,reactive_hot_humid_bursty_r2,reactive,hot_humid,bursty,2,39.05,38.75,38.55,36.05,25.0,45.0,60.0,,50.0,1.0,31.17,,,0,trial
2026-07-07T20:35:27,reactive_hot_humid_bursty_r2,reactive,hot_humid,bursty,2,39.051,38.751,38.551,36.051,25.0,45.0,60.0,,50.0,1.0,31.16,,,0,trial
2026-07-07T20:35:27,reactive_hot_humid_bursty_r2,reactive,hot_humid,bursty,2,39.051,38.751,38.551,36.051,25.0,45.0,60.0,,50.0,1.0,31.15,,,0,trial
2026-07-07T20:35:27,reactive_hot_humid_bursty_r2,reactive,hot_humid,bursty,2,39.052,38.752,38.552,36.052,25.0,45.0,60.0,,50.0,1.0,31.15,,,0,trial
2026-07-07T20:35:27,reactive_hot_humid_bursty_r2,reactive,hot_humid,bursty,2,39.052,38.752,38.552,36.052,25.0,45.0,60.0,,50.0,1.0,31.14,,,0,trial
2026-07-07T20:35:27,reactive_hot_humid_bursty_r2,reactive,hot_humid,bursty,2,39.053,38.753,38.553,36.053,25.0,45.0,60.0,,50.0,1.0,31.14,,,0,trial
2026-07-07T20:35:27,reactive_hot_humid_bursty_r2,reactive,hot_humid,bursty,2,39.053,38.753,38.553,36.053,25.0,45.0,60.0,,50.0,1.0,31.13,,,0,trial
2026-07-07T20:35:27,reactive_hot_humid_bursty_r2,reactive,hot_humid,bursty,2,39.054,38.754,38.554,36.054,25.0,45.0,60.0,,50.0,1.0,31.12,,,0,trial
2026-07-07T20:35:27,reactive_hot_humid_bursty_r2,reactive,hot_humid,bursty,2,39.054,38.754,38.554,36.054,25.0,45.0,60.0,,50.0,1.0,31.12,,,0,trial
2026-07-07T20:35:27,reactive_hot_humid_bursty_r2,reactive,hot_humid,bursty,2,39.055,38.755,38.555,36.055,25.0,45.0,60.0,,50.0,1.0,31.11,,,0,trial
2026-07-07T20:35:27,reactive_hot_humid_bursty_r2,reactive,hot_humid,bursty,2,39.055,38.755,38.555,36.055,25.0,45.0,60.0,,50.0,1.0,31.1,,,0,trial
2026-07-07T20:35:27,reactive_hot_humid_bursty_r2,reactive,hot_humid,bursty,2,39.056,38.756,38.556,36.056,25.0,45.0,60.0,,50.0,1.0,31.1,,,0,trial
2026-07-07T20:35:27,reactive_hot_humid_bursty_r2,reactive,hot_humid,bursty,2,39.056,38.756,38.556,36.056,25.0,45.0,60.0,,50.0,1.0,31.09,,,0,trial
2026-07-07T20:35:27,reactive_hot_humid_bursty_r2,reactive,hot_humid,bursty,2,39.057,38.757,38.557,36.057,25.0,45.0,60.0,,50.0,1.0,31.09,,,0,trial
2026-07-07T20:35:27,reactive_hot_humid_bursty_r2,reactive,hot_humid,bursty,2,39.057,38.757,38.557,36.057,25.0,45.0,60.0,,50.0,1.0,31.08,,,0,trial
2026-07-07T20:35:27,reactive_hot_humid_bursty_r2,reactive,hot_humid,bursty,2,39.058,38.758,38.558,36.058,25.0,45.0,60.0,,50.0,1.0,31.07,,,0,trial
2026-07-07T20:35:27,reactive_hot_humid_bursty_r2,reactive,hot_humid,bursty,2,39.058,38.758,38.558,36.058,25.0,45.0,60.0,,50.0,1.0,31.07,,,0,trial
2026-07-07T20:35:27,reactive_hot_humid_bursty_r2,reactive,hot_humid,bursty,2,39.059,38.759,38.559,36.059,25.0,45.0,60.0,,50.0,1.0,31.06,,,0,trial
2026-07-07T20:35:27,reactive_hot_humid_bursty_r2,reactive,hot_humid,bursty,2,39.059,38.759,38.559,36.059,25.0,45.0,60.0,,50.0,1.0,31.06,,,0,trial
2026-07-07T20:35:27,reactive_hot_humid_bursty_r2,reactive,hot_humid,bursty,2,39.06,38.76,38.56,36.06,25.0,45.0,60.0,,50.0,1.0,31.05,,,0,trial
2026-07-07T20:35:27,reactive_hot_humid_bursty_r2,reactive,hot_humid,bursty,2,39.06,38.76,38.56,36.06,25.0,45.0,60.0,,50.0,1.0,31.04,,,0,trial
2026-07-07T20:35:27,reactive_hot_humid_bursty_r2,reactive,hot_humid,bursty,2,39.061,38.761,38.561,36.061,25.0,45.0,60.0,,50.0,1.0,31.04,,,0,trial
2026-07-07T20:35:27,reactive_hot_humid_bursty_r2,reactive,hot_humid,bursty,2,39.061,38.761,38.561,36.061,25.0,45.0,60.0,,50.0,1.0,31.03,,,0,trial
2026-07-07T20:35:27,reactive_hot_humid_bursty_r2,reactive,hot_humid,bursty,2,39.062,38.762,38.562,36.062,25.0,45.0,60.0,,50.0,1.0,31.03,,,0,trial
2026-07-07T20:35:27,reactive_hot_humid_bursty_r2,reactive,hot_humid,bursty,2,39.062,38.762,38.562,36.062,25.0,45.0,60.0,,50.0,1.0,31.02,,,0,trial
2026-07-07T20:35:27,reactive_hot_humid_bursty_r2,reactive,hot_humid,bursty,2,39.063,38.763,38.563,36.063,25.0,45.0,60.0,,50.0,1.0,31.02,,,0,trial
2026-07-07T20:35:27,reactive_hot_humid_bursty_r2,reactive,hot_humid,bursty,2,39.063,38.763,38.563,36.063,25.0,45.0,60.0,,50.0,1.0,31.01,,,0,trial
2026-07-07T20:35:27,reactive_hot_humid_bursty_r2,reactive,hot_humid,bursty,2,39.064,38.764,38.564,36.064,25.0,45.0,60.0,,50.0,1.0,31.0,,,0,trial
2026-07-07T20:35:27,reactive_hot_humid_bursty_r2,reactive,hot_humid,bursty,2,39.064,38.764,38.564,36.064,25.0,45.0,60.0,,50.0,1.0,31.0,,,0,trial
2026-07-07T20:35:27,reactive_hot_humid_bursty_r2,reactive,hot_humid,bursty,2,39.065,38.765,38.565,36.065,25.0,45.0,60.0,,50.0,1.0,30.99,,,0,trial
2026-07-07T20:35:27,reactive_hot_humid_bursty_r2,reactive,hot_humid,bursty,2,39.065,38.765,38.565,36.065,25.0,45.0,60.0,,50.0,1.0,30.99,,,0,trial
2026-07-07T20:35:27,reactive_hot_humid_bursty_r2,reactive,hot_humid,bursty,2,39.066,38.766,38.566,36.066,25.0,45.0,60.0,,50.0,1.0,30.98,,,0,trial
2026-07-07T20:35:27,reactive_hot_humid_bursty_r2,reactive,hot_humid,bursty,2,39.066,38.766,38.566,36.066,25.0,45.0,60.0,,50.0,1.0,30.98,,,0,trial
2026-07-07T20:35:27,reactive_hot_humid_bursty_r2,reactive,hot_humid,bursty,2,39.067,38.767,38.567,36.067,25.0,45.0,60.0,,50.0,1.0,30.97,,,0,trial
2026-07-07T20:35:27,reactive_hot_humid_bursty_r2,reactive,hot_humid,bursty,2,39.067,38.767,38.567,36.067,25.0,45.0,60.0,,50.0,1.0,30.97,,,0,trial
2026-07-07T20:35:27,reactive_hot_humid_bursty_r2,reactive,hot_humid,bursty,2,39.067,38.767,38.567,36.067,25.0,45.0,60.0,,50.0,1.0,30.96,,,0,trial
2026-07-07T20:35:27,reactive_hot_humid_bursty_r2,reactive,hot_humid,bursty,2,39.068,38.768,38.568,36.068,25.0,45.0,60.0,,50.0,1.0,30.95,,,0,trial
2026-07-07T20:35:27,reactive_hot_humid_bursty_r2,reactive,hot_humid,bursty,2,39.068,38.768,38.568,36.068,25.0,45.0,60.0,,50.0,1.0,30.95,,,0,trial
2026-07-07T20:35:27,reactive_hot_humid_bursty_r2,reactive,hot_humid,bursty,2,39.069,38.769,38.569,36.069,25.0,45.0,60.0,,50.0,1.0,30.94,,,0,trial
2026-07-07T20:35:27,reactive_hot_humid_bursty_r2,reactive,hot_humid,bursty,2,39.069,38.769,38.569,36.069,25.0,45.0,60.0,,50.0,1.0,30.94,,,0,trial
2026-07-07T20:35:27,reactive_hot_humid_bursty_r2,reactive,hot_humid,bursty,2,39.07,38.77,38.57,36.07,25.0,45.0,60.0,,50.0,1.0,30.93,,,0,trial
2026-07-07T20:35:27,reactive_hot_humid_bursty_r2,reactive,hot_humid,bursty,2,39.07,38.77,38.57,36.07,25.0,45.0,60.0,,50.0,1.0,30.93,,,0,trial
2026-07-07T20:35:27,reactive_hot_humid_bursty_r2,reactive,hot_humid,bursty,2,39.071,38.771,38.571,36.071,25.0,45.0,60.0,,50.0,1.0,30.92,,,0,trial
2026-07-07T20:35:27,reactive_hot_humid_bursty_r2,reactive,hot_humid,bursty,2,39.071,38.771,38.571,36.071,25.0,45.0,60.0,,50.0,1.0,30.92,,,0,trial
2026-07-07T20:35:27,reactive_hot_humid_bursty_r2,reactive,hot_humid,bursty,2,39.072,38.772,38.572,36.072,25.0,45.0,60.0,,50.0,1.0,30.91,,,0,trial
2026-07-07T20:35:27,reactive_hot_humid_bursty_r2,reactive,hot_humid,bursty,2,39.072,38.772,38.572,36.072,25.0,45.0,60.0,,50.0,1.0,30.91,,,0,trial
2026-07-07T20:35:27,reactive_hot_humid_bursty_r2,reactive,hot_humid,bursty,2,39.073,38.773,38.573,36.073,25.0,45.0,60.0,,50.0,1.0,30.9,,,0,trial
2026-07-07T20:35:27,reactive_hot_humid_bursty_r2,reactive,hot_humid,bursty,2,39.073,38.773,38.573,36.073,25.0,45.0,60.0,,50.0,1.0,30.9,,,0,trial
2026-07-07T20:35:27,reactive_hot_humid_bursty_r2,reactive,hot_humid,bursty,2,39.074,38.774,38.574,36.074,25.0,45.0,60.0,,50.0,1.0,30.89,,,0,trial
2026-07-07T20:35:27,reactive_hot_humid_bursty_r2,reactive,hot_humid,bursty,2,39.074,38.774,38.574,36.074,25.0,45.0,60.0,,50.0,1.0,30.89,,,0,trial
2026-07-07T20:35:27,reactive_hot_humid_bursty_r2,reactive,hot_humid,bursty,2,39.075,38.775,38.575,36.075,25.0,45.0,60.0,,50.0,1.0,30.88,,,0,trial
2026-07-07T20:35:27,reactive_hot_humid_bursty_r2,reactive,hot_humid,bursty,2,39.075,38.775,38.575,36.075,25.0,45.0,60.0,,50.0,1.0,30.88,,,0,trial
2026-07-07T20:35:27,reactive_hot_humid_bursty_r2,reactive,hot_humid,bursty,2,39.076,38.776,38.576,36.076,25.0,45.0,60.0,,50.0,1.0,30.87,,,0,trial
2026-07-07T20:35:27,reactive_hot_humid_bursty_r2,reactive,hot_humid,bursty,2,39.076,38.776,38.576,36.076,25.0,45.0,60.0,,50.0,1.0,30.87,,,0,trial
2026-07-07T20:35:27,reactive_hot_humid_bursty_r2,reactive,hot_humid,bursty,2,39.077,38.777,38.577,36.077,25.0,45.0,60.0,,50.0,1.0,30.86,,,0,trial
2026-07-07T20:35:27,reactive_hot_humid_bursty_r2,reactive,hot_humid,bursty,2,39.077,38.777,38.577,36.077,25.0,45.0,60.0,,50.0,1.0,30.86,,,0,trial
2026-07-07T20:35:27,reactive_hot_humid_bursty_r2,reactive,hot_humid,bursty,2,39.078,38.778,38.578,36.078,25.0,45.0,60.0,,50.0,1.0,30.85,,,0,trial
2026-07-07T20:35:27,reactive_hot_humid_bursty_r2,reactive,hot_humid,bursty,2,39.078,38.778,38.578,36.078,25.0,45.0,60.0,,50.0,1.0,30.85,,,0,trial
2026-07-07T20:35:27,reactive_hot_humid_bursty_r2,reactive,hot_humid,bursty,2,39.079,38.779,38.579,36.079,25.0,45.0,60.0,,50.0,1.0,30.84,,,0,trial
2026-07-07T20:35:27,reactive_hot_humid_bursty_r2,reactive,hot_humid,bursty,2,39.079,38.779,38.579,36.079,25.0,45.0,60.0,,50.0,1.0,30.84,,,0,trial
2026-07-07T20:35:27,reactive_hot_humid_bursty_r2,reactive,hot_humid,bursty,2,39.08,38.78,38.58,36.08,25.0,45.0,60.0,,50.0,1.0,30.83,,,0,trial
2026-07-07T20:35:27,reactive_hot_humid_bursty_r2,reactive,hot_humid,bursty,2,39.08,38.78,38.58,36.08,25.0,45.0,60.0,,50.0,1.0,30.83,,,0,trial
2026-07-07T20:35:27,reactive_hot_humid_bursty_r2,reactive,hot_humid,bursty,2,39.081,38.781,38.581,36.081,25.0,45.0,60.0,,50.0,1.0,30.82,,,0,trial
2026-07-07T20:35:27,reactive_hot_humid_bursty_r2,reactive,hot_humid,bursty,2,39.081,38.781,38.581,36.081,25.0,45.0,60.0,,50.0,1.0,30.82,,,0,trial
2026-07-07T20:35:27,reactive_hot_humid_bursty_r2,reactive,hot_humid,bursty,2,39.082,38.782,38.582,36.082,25.0,45.0,60.0,,50.0,1.0,30.81,,,0,trial
2026-07-07T20:35:27,reactive_hot_humid_bursty_r2,reactive,hot_humid,bursty,2,39.082,38.782,38.582,36.082,25.0,45.0,60.0,,50.0,1.0,30.81,,,0,trial
2026-07-07T20:35:27,reactive_hot_humid_bursty_r2,reactive,hot_humid,bursty,2,39.083,38.783,38.583,36.083,25.0,45.0,60.0,,50.0,1.0,30.8,,,0,trial
2026-07-07T20:35:27,reactive_hot_humid_bursty_r2,reactive,hot_humid,bursty,2,39.083,38.783,38.583,36.083,25.0,45.0,60.0,,50.0,1.0,30.8,,,0,trial
2026-07-07T20:35:27,reactive_hot_humid_bursty_r2,reactive,hot_humid,bursty,2,39.083,38.783,38.583,36.083,25.0,45.0,60.0,,50.0,1.0,30.79,,,0,trial
2026-07-07T20:35:27,reactive_hot_humid_bursty_r2,reactive,hot_humid,bursty,2,39.084,38.784,38.584,36.084,25.0,45.0,60.0,,50.0,1.0,30.79,,,0,trial
2026-07-07T20:35:27,reactive_hot_humid_bursty_r2,reactive,hot_humid,bursty,2,39.084,38.784,38.584,36.084,25.0,45.0,60.0,,50.0,1.0,30.79,,,0,trial
2026-07-07T20:35:27,reactive_hot_humid_bursty_r2,reactive,hot_humid,bursty,2,39.085,38.785,38.585,36.085,25.0,45.0,60.0,,50.0,1.0,30.78,,,0,trial
2026-07-07T20:35:27,reactive_hot_humid_bursty_r2,reactive,hot_humid,bursty,2,39.085,38.785,38.585,36.085,25.0,45.0,60.0,,50.0,1.0,30.78,,,0,trial
2026-07-07T20:35:27,reactive_hot_humid_bursty_r2,reactive,hot_humid,bursty,2,39.086,38.786,38.586,36.086,25.0,45.0,60.0,,50.0,1.0,30.77,,,0,trial
2026-07-07T20:35:27,reactive_hot_humid_bursty_r2,reactive,hot_humid,bursty,2,39.086,38.786,38.586,36.086,25.0,45.0,60.0,,50.0,1.0,30.77,,,0,trial
2026-07-07T20:35:27,reactive_hot_humid_bursty_r2,reactive,hot_humid,bursty,2,39.087,38.787,38.587,36.087,25.0,45.0,60.0,,50.0,1.0,30.76,,,0,trial
2026-07-07T20:35:27,reactive_hot_humid_bursty_r2,reactive,hot_humid,bursty,2,39.087,38.787,38.587,36.087,25.0,45.0,60.0,,50.0,1.0,30.76,,,0,trial
2026-07-07T20:35:27,reactive_hot_humid_bursty_r2,reactive,hot_humid,bursty,2,39.088,38.788,38.588,36.088,25.0,45.0,60.0,,50.0,1.0,30.75,,,0,trial
2026-07-07T20:35:27,reactive_hot_humid_bursty_r2,reactive,hot_humid,bursty,2,39.088,38.788,38.588,36.088,25.0,45.0,60.0,,50.0,1.0,30.75,,,0,trial
2026-07-07T20:35:27,reactive_hot_humid_bursty_r2,reactive,hot_humid,bursty,2,39.089,38.789,38.589,36.089,25.0,45.0,60.0,,50.0,1.0,30.75,,,0,trial
2026-07-07T20:35:27,reactive_hot_humid_bursty_r2,reactive,hot_humid,bursty,2,39.089,38.789,38.589,36.089,25.0,45.0,60.0,,50.0,1.0,30.74,,,0,trial
2026-07-07T20:35:27,reactive_hot_humid_bursty_r2,reactive,hot_humid,bursty,2,39.09,38.79,38.59,36.09,25.0,45.0,60.0,,50.0,1.0,30.74,,,0,trial
2026-07-07T20:35:27,reactive_hot_humid_bursty_r2,reactive,hot_humid,bursty,2,39.09,38.79,38.59,36.09,25.0,45.0,60.0,,50.0,1.0,30.73,,,0,trial
2026-07-07T20:35:27,reactive_hot_humid_bursty_r2,reactive,hot_humid,bursty,2,39.091,38.791,38.591,36.091,25.0,45.0,60.0,,50.0,1.0,30.73,,,0,trial
2026-07-07T20:35:27,reactive_hot_humid_bursty_r2,reactive,hot_humid,bursty,2,39.091,38.791,38.591,36.091,25.0,45.0,60.0,,50.0,1.0,30.72,,,0,trial
2026-07-07T20:35:27,reactive_hot_humid_bursty_r2,reactive,hot_humid,bursty,2,39.092,38.792,38.592,36.092,25.0,45.0,60.0,,50.0,1.0,30.72,,,0,trial
2026-07-07T20:35:27,reactive_hot_humid_bursty_r2,reactive,hot_humid,bursty,2,39.092,38.792,38.592,36.092,25.0,45.0,60.0,,50.0,1.0,30.72,,,0,trial
2026-07-07T20:35:27,reactive_hot_humid_bursty_r2,reactive,hot_humid,bursty,2,39.093,38.793,38.593,36.093,25.0,45.0,60.0,,50.0,1.0,30.71,,,0,trial
2026-07-07T20:35:27,reactive_hot_humid_bursty_r2,reactive,hot_humid,bursty,2,39.093,38.793,38.593,36.093,25.0,45.0,60.0,,50.0,1.0,30.71,,,0,trial
2026-07-07T20:35:27,reactive_hot_humid_bursty_r2,reactive,hot_humid,bursty,2,39.094,38.794,38.594,36.094,25.0,45.0,60.0,,50.0,1.0,30.7,,,0,trial
2026-07-07T20:35:27,reactive_hot_humid_bursty_r2,reactive,hot_humid,bursty,2,39.094,38.794,38.594,36.094,25.0,45.0,60.0,,50.0,1.0,30.7,,,0,trial
2026-07-07T20:35:27,reactive_hot_humid_bursty_r2,reactive,hot_humid,bursty,2,39.094,38.794,38.594,36.094,25.0,45.0,60.0,,50.0,1.0,30.7,,,0,trial
2026-07-07T20:35:27,reactive_hot_humid_bursty_r2,reactive,hot_humid,bursty,2,39.097,38.797,38.597,36.097,25.0,45.0,60.0,,25.0,0.5,30.69,,,0,trial
2026-07-07T20:35:27,reactive_hot_humid_bursty_r2,reactive,hot_humid,bursty,2,39.1,38.8,38.6,36.1,25.0,45.0,60.0,,25.0,0.5,30.69,,,0,trial
2026-07-07T20:35:27,reactive_hot_humid_bursty_r2,reactive,hot_humid,bursty,2,39.103,38.803,38.603,36.103,25.0,45.0,60.0,,25.0,0.5,30.68,,,0,trial
2026-07-07T20:35:27,reactive_hot_humid_bursty_r2,reactive,hot_humid,bursty,2,39.105,38.805,38.605,36.105,25.0,45.0,60.0,,25.0,0.5,30.68,,,0,trial
2026-07-07T20:35:27,reactive_hot_humid_bursty_r2,reactive,hot_humid,bursty,2,39.108,38.808,38.608,36.108,25.0,45.0,60.0,,25.0,0.5,30.68,,,0,trial
2026-07-07T20:35:27,reactive_hot_humid_bursty_r2,reactive,hot_humid,bursty,2,39.111,38.811,38.611,36.111,25.0,45.0,60.0,,25.0,0.5,30.67,,,0,trial
2026-07-07T20:35:27,reactive_hot_humid_bursty_r2,reactive,hot_humid,bursty,2,39.114,38.814,38.614,36.114,25.0,45.0,60.0,,25.0,0.5,30.67,,,0,trial
2026-07-07T20:35:27,reactive_hot_humid_bursty_r2,reactive,hot_humid,bursty,2,39.117,38.817,38.617,36.117,25.0,45.0,60.0,,25.0,0.5,30.66,,,0,trial
2026-07-07T20:35:27,reactive_hot_humid_bursty_r2,reactive,hot_humid,bursty,2,39.119,38.819,38.619,36.119,25.0,45.0,60.0,,25.0,0.5,30.66,,,0,trial
2026-07-07T20:35:27,reactive_hot_humid_bursty_r2,reactive,hot_humid,bursty,2,39.122,38.822,38.622,36.122,25.0,45.0,60.0,,25.0,0.5,30.66,,,0,trial
2026-07-07T20:35:27,reactive_hot_humid_bursty_r2,reactive,hot_humid,bursty,2,39.125,38.825,38.625,36.125,25.0,45.0,60.0,,25.0,0.5,30.65,,,0,trial
2026-07-07T20:35:27,reactive_hot_humid_bursty_r2,reactive,hot_humid,bursty,2,39.127,38.827,38.627,36.127,25.0,45.0,60.0,,25.0,0.5,30.65,,,0,trial
2026-07-07T20:35:27,reactive_hot_humid_bursty_r2,reactive,hot_humid,bursty,2,39.13,38.83,38.63,36.13,25.0,45.0,60.0,,25.0,0.5,30.64,,,0,trial
2026-07-07T20:35:27,reactive_hot_humid_bursty_r2,reactive,hot_humid,bursty,2,39.133,38.833,38.633,36.133,25.0,45.0,60.0,,25.0,0.5,30.64,,,0,trial
2026-07-07T20:35:27,reactive_hot_humid_bursty_r2,reactive,hot_humid,bursty,2,39.136,38.836,38.636,36.136,25.0,45.0,60.0,,25.0,0.5,30.64,,,0,trial
2026-07-07T20:35:27,reactive_hot_humid_bursty_r2,reactive,hot_humid,bursty,2,39.138,38.838,38.638,36.138,25.0,45.0,60.0,,25.0,0.5,30.63,,,0,trial
2026-07-07T20:35:27,reactive_hot_humid_bursty_r2,reactive,hot_humid,bursty,2,39.141,38.841,38.641,36.141,25.0,45.0,60.0,,25.0,0.5,30.63,,,0,trial
2026-07-07T20:35:27,reactive_hot_humid_bursty_r2,reactive,hot_humid,bursty,2,39.144,38.844,38.644,36.144,25.0,45.0,60.0,,25.0,0.5,30.63,,,0,trial
2026-07-07T20:35:27,reactive_hot_humid_bursty_r2,reactive,hot_humid,bursty,2,39.147,38.847,38.647,36.147,25.0,45.0,60.0,,25.0,0.5,30.62,,,0,trial
2026-07-07T20:35:27,reactive_hot_humid_bursty_r2,reactive,hot_humid,bursty,2,39.149,38.849,38.649,36.149,25.0,45.0,60.0,,25.0,0.5,30.62,,,0,trial
2026-07-07T20:35:27,reactive_hot_humid_bursty_r2,reactive,hot_humid,bursty,2,39.152,38.852,38.652,36.152,25.0,45.0,60.0,,25.0,0.5,30.61,,,0,trial
2026-07-07T20:35:27,reactive_hot_humid_bursty_r2,reactive,hot_humid,bursty,2,39.155,38.855,38.655,36.155,25.0,45.0,60.0,,25.0,0.5,30.61,,,0,trial
2026-07-07T20:35:27,reactive_hot_humid_bursty_r2,reactive,hot_humid,bursty,2,39.158,38.858,38.658,36.158,25.0,45.0,60.0,,25.0,0.5,30.61,,,0,trial
2026-07-07T20:35:27,reactive_hot_humid_bursty_r2,reactive,hot_humid,bursty,2,39.16,38.86,38.66,36.16,25.0,45.0,60.0,,25.0,0.5,30.6,,,0,trial
2026-07-07T20:35:27,reactive_hot_humid_bursty_r2,reactive,hot_humid,bursty,2,39.163,38.863,38.663,36.163,25.0,45.0,60.0,,25.0,0.5,30.6,,,0,trial
2026-07-07T20:35:27,reactive_hot_humid_bursty_r2,reactive,hot_humid,bursty,2,39.166,38.866,38.666,36.166,25.0,45.0,60.0,,25.0,0.5,30.6,,,0,trial
2026-07-07T20:35:27,reactive_hot_humid_bursty_r2,reactive,hot_humid,bursty,2,39.169,38.869,38.669,36.169,25.0,45.0,60.0,,25.0,0.5,30.59,,,0,trial
2026-07-07T20:35:27,reactive_hot_humid_bursty_r2,reactive,hot_humid,bursty,2,39.171,38.871,38.671,36.171,25.0,45.0,60.0,,25.0,0.5,30.59,,,0,trial
2026-07-07T20:35:27,reactive_hot_humid_bursty_r2,reactive,hot_humid,bursty,2,39.174,38.874,38.674,36.174,25.0,45.0,60.0,,25.0,0.5,30.59,,,0,trial
2026-07-07T20:35:27,reactive_hot_humid_bursty_r2,reactive,hot_humid,bursty,2,39.177,38.877,38.677,36.177,25.0,45.0,60.0,,25.0,0.5,30.58,,,0,trial
2026-07-07T20:35:27,reactive_hot_humid_bursty_r2,reactive,hot_humid,bursty,2,39.179,38.879,38.679,36.179,25.0,45.0,60.0,,25.0,0.5,30.58,,,0,trial
2026-07-07T20:35:27,reactive_hot_humid_bursty_r2,reactive,hot_humid,bursty,2,39.182,38.882,38.682,36.182,25.0,45.0,60.0,,25.0,0.5,30.58,,,0,trial
2026-07-07T20:35:27,reactive_hot_humid_bursty_r2,reactive,hot_humid,bursty,2,39.185,38.885,38.685,36.185,25.0,45.0,60.0,,25.0,0.5,30.57,,,0,trial
2026-07-07T20:35:27,reactive_hot_humid_bursty_r2,reactive,hot_humid,bursty,2,39.188,38.888,38.688,36.188,25.0,45.0,60.0,,25.0,0.5,30.57,,,0,trial
2026-07-07T20:35:27,reactive_hot_humid_bursty_r2,reactive,hot_humid,bursty,2,39.19,38.89,38.69,36.19,25.0,45.0,60.0,,25.0,0.5,30.57,,,0,trial
2026-07-07T20:35:27,reactive_hot_humid_bursty_r2,reactive,hot_humid,bursty,2,39.193,38.893,38.693,36.193,25.0,45.0,60.0,,25.0,0.5,30.56,,,0,trial
2026-07-07T20:35:27,reactive_hot_humid_bursty_r2,reactive,hot_humid,bursty,2,39.196,38.896,38.696,36.196,25.0,45.0,60.0,,25.0,0.5,30.56,,,0,trial
2026-07-07T20:35:27,reactive_hot_humid_bursty_r2,reactive,hot_humid,bursty,2,39.199,38.899,38.699,36.199,25.0,45.0,60.0,,25.0,0.5,30.56,,,0,trial
2026-07-07T20:35:27,reactive_hot_humid_bursty_r2,reactive,hot_humid,bursty,2,39.201,38.901,38.701,36.201,25.0,45.0,60.0,,25.0,0.5,30.55,,,0,trial
2026-07-07T20:35:27,reactive_hot_humid_bursty_r2,reactive,hot_humid,bursty,2,39.204,38.904,38.704,36.204,25.0,45.0,60.0,,25.0,0.5,30.55,,,0,trial
2026-07-07T20:35:27,reactive_hot_humid_bursty_r2,reactive,hot_humid,bursty,2,39.207,38.907,38.707,36.207,25.0,45.0,60.0,,25.0,0.5,30.55,,,0,trial
2026-07-07T20:35:27,reactive_hot_humid_bursty_r2,reactive,hot_humid,bursty,2,39.209,38.909,38.709,36.209,25.0,45.0,60.0,,25.0,0.5,30.54,,,0,trial
2026-07-07T20:35:27,reactive_hot_humid_bursty_r2,reactive,hot_humid,bursty,2,39.212,38.912,38.712,36.212,25.0,45.0,60.0,,25.0,0.5,30.54,,,0,trial
2026-07-07T20:35:27,reactive_hot_humid_bursty_r2,reactive,hot_humid,bursty,2,39.215,38.915,38.715,36.215,25.0,45.0,60.0,,25.0,0.5,30.54,,,0,trial
2026-07-07T20:35:27,reactive_hot_humid_bursty_r2,reactive,hot_humid,bursty,2,39.218,38.918,38.718,36.218,25.0,45.0,60.0,,25.0,0.5,30.53,,,0,trial
2026-07-07T20:35:27,reactive_hot_humid_bursty_r2,reactive,hot_humid,bursty,2,39.22,38.92,38.72,36.22,25.0,45.0,60.0,,25.0,0.5,30.53,,,0,trial
2026-07-07T20:35:27,reactive_hot_humid_bursty_r2,reactive,hot_humid,bursty,2,39.223,38.923,38.723,36.223,25.0,45.0,60.0,,25.0,0.5,30.53,,,0,trial
2026-07-07T20:35:27,reactive_hot_humid_bursty_r2,reactive,hot_humid,bursty,2,39.226,38.926,38.726,36.226,25.0,45.0,60.0,,25.0,0.5,30.52,,,0,trial
2026-07-07T20:35:27,reactive_hot_humid_bursty_r2,reactive,hot_humid,bursty,2,39.228,38.928,38.728,36.228,25.0,45.0,60.0,,25.0,0.5,30.52,,,0,trial
2026-07-07T20:35:27,reactive_hot_humid_bursty_r2,reactive,hot_humid,bursty,2,39.231,38.931,38.731,36.231,25.0,45.0,60.0,,25.0,0.5,30.52,,,0,trial
2026-07-07T20:35:27,reactive_hot_humid_bursty_r2,reactive,hot_humid,bursty,2,39.234,38.934,38.734,36.234,25.0,45.0,60.0,,25.0,0.5,30.51,,,0,trial
2026-07-07T20:35:27,reactive_hot_humid_bursty_r2,reactive,hot_humid,bursty,2,39.237,38.937,38.737,36.237,25.0,45.0,60.0,,25.0,0.5,30.51,,,0,trial
2026-07-07T20:35:27,reactive_hot_humid_bursty_r2,reactive,hot_humid,bursty,2,39.239,38.939,38.739,36.239,25.0,45.0,60.0,,25.0,0.5,30.51,,,0,trial
2026-07-07T20:35:27,reactive_hot_humid_bursty_r2,reactive,hot_humid,bursty,2,39.242,38.942,38.742,36.242,25.0,45.0,60.0,,25.0,0.5,30.51,,,0,trial
2026-07-07T20:35:27,reactive_hot_humid_bursty_r2,reactive,hot_humid,bursty,2,39.245,38.945,38.745,36.245,25.0,45.0,60.0,,25.0,0.5,30.5,,,0,trial
2026-07-07T20:35:27,reactive_hot_humid_bursty_r2,reactive,hot_humid,bursty,2,39.247,38.947,38.747,36.247,25.0,45.0,60.0,,25.0,0.5,30.5,,,0,trial
2026-07-07T20:35:27,reactive_hot_humid_bursty_r2,reactive,hot_humid,bursty,2,39.25,38.95,38.75,36.25,25.0,45.0,60.0,,25.0,0.5,30.5,,,0,trial
2026-07-07T20:35:27,reactive_hot_humid_bursty_r2,reactive,hot_humid,bursty,2,39.253,38.953,38.753,36.253,25.0,45.0,60.0,,25.0,0.5,30.49,,,0,trial
2026-07-07T20:35:27,reactive_hot_humid_bursty_r2,reactive,hot_humid,bursty,2,39.255,38.955,38.755,36.255,25.0,45.0,60.0,,25.0,0.5,30.49,,,0,trial
2026-07-07T20:35:27,reactive_hot_humid_bursty_r2,reactive,hot_humid,bursty,2,39.258,38.958,38.758,36.258,25.0,45.0,60.0,,25.0,0.5,30.49,,,0,trial
2026-07-07T20:35:27,reactive_hot_humid_bursty_r2,reactive,hot_humid,bursty,2,39.261,38.961,38.761,36.261,25.0,45.0,60.0,,25.0,0.5,30.49,,,0,trial
2026-07-07T20:35:27,reactive_hot_humid_bursty_r2,reactive,hot_humid,bursty,2,39.264,38.964,38.764,36.264,25.0,45.0,60.0,,25.0,0.5,30.48,,,0,trial
2026-07-07T20:35:27,reactive_hot_humid_bursty_r2,reactive,hot_humid,bursty,2,39.266,38.966,38.766,36.266,25.0,45.0,60.0,,25.0,0.5,30.48,,,0,trial
2026-07-07T20:35:27,reactive_hot_humid_bursty_r2,reactive,hot_humid,bursty,2,39.269,38.969,38.769,36.269,25.0,45.0,60.0,,25.0,0.5,30.48,,,0,trial
2026-07-07T20:35:27,reactive_hot_humid_bursty_r2,reactive,hot_humid,bursty,2,39.272,38.972,38.772,36.272,25.0,45.0,60.0,,25.0,0.5,30.47,,,0,trial
2026-07-07T20:35:27,reactive_hot_humid_bursty_r2,reactive,hot_humid,bursty,2,39.274,38.974,38.774,36.274,25.0,45.0,60.0,,25.0,0.5,30.47,,,0,trial
2026-07-07T20:35:27,reactive_hot_humid_bursty_r2,reactive,hot_humid,bursty,2,39.277,38.977,38.777,36.277,25.0,45.0,60.0,,25.0,0.5,30.47,,,0,trial
2026-07-07T20:35:27,reactive_hot_humid_bursty_r2,reactive,hot_humid,bursty,2,39.28,38.98,38.78,36.28,25.0,45.0,60.0,,25.0,0.5,30.47,,,0,trial
2026-07-07T20:35:27,reactive_hot_humid_bursty_r2,reactive,hot_humid,bursty,2,39.282,38.982,38.782,36.282,25.0,45.0,60.0,,25.0,0.5,30.46,,,0,trial
2026-07-07T20:35:27,reactive_hot_humid_bursty_r2,reactive,hot_humid,bursty,2,39.285,38.985,38.785,36.285,25.0,45.0,60.0,,25.0,0.5,30.46,,,0,trial
2026-07-07T20:35:27,reactive_hot_humid_bursty_r2,reactive,hot_humid,bursty,2,39.288,38.988,38.788,36.288,25.0,45.0,60.0,,25.0,0.5,30.46,,,0,trial
2026-07-07T20:35:27,reactive_hot_humid_bursty_r2,reactive,hot_humid,bursty,2,39.29,38.99,38.79,36.29,25.0,45.0,60.0,,25.0,0.5,30.45,,,0,trial
2026-07-07T20:35:27,reactive_hot_humid_bursty_r2,reactive,hot_humid,bursty,2,39.293,38.993,38.793,36.293,25.0,45.0,60.0,,25.0,0.5,30.45,,,0,trial
2026-07-07T20:35:27,reactive_hot_humid_bursty_r2,reactive,hot_humid,bursty,2,39.296,38.996,38.796,36.296,25.0,45.0,60.0,,25.0,0.5,30.45,,,0,trial
2026-07-07T20:35:27,reactive_hot_humid_bursty_r2,reactive,hot_humid,bursty,2,39.298,38.998,38.798,36.298,25.0,45.0,60.0,,25.0,0.5,30.45,,,0,trial
2026-07-07T20:35:27,reactive_hot_humid_bursty_r2,reactive,hot_humid,bursty,2,39.301,39.001,38.801,36.301,25.0,45.0,60.0,,25.0,0.5,30.44,,,0,trial
2026-07-07T20:35:27,reactive_hot_humid_bursty_r2,reactive,hot_humid,bursty,2,39.304,39.004,38.804,36.304,25.0,45.0,60.0,,25.0,0.5,30.44,,,0,trial
2026-07-07T20:35:27,reactive_hot_humid_bursty_r2,reactive,hot_humid,bursty,2,39.307,39.007,38.807,36.307,25.0,45.0,60.0,,25.0,0.5,30.44,,,0,trial
2026-07-07T20:35:27,reactive_hot_humid_bursty_r2,reactive,hot_humid,bursty,2,39.309,39.009,38.809,36.309,25.0,45.0,60.0,,25.0,0.5,30.44,,,0,trial
2026-07-07T20:35:27,reactive_hot_humid_bursty_r2,reactive,hot_humid,bursty,2,39.312,39.012,38.812,36.312,25.0,45.0,60.0,,25.0,0.5,30.43,,,0,trial
2026-07-07T20:35:27,reactive_hot_humid_bursty_r2,reactive,hot_humid,bursty,2,39.315,39.015,38.815,36.315,25.0,45.0,60.0,,25.0,0.5,30.43,,,0,trial
2026-07-07T20:35:27,reactive_hot_humid_bursty_r2,reactive,hot_humid,bursty,2,39.317,39.017,38.817,36.317,25.0,45.0,60.0,,25.0,0.5,30.43,,,0,trial
2026-07-07T20:35:27,reactive_hot_humid_bursty_r2,reactive,hot_humid,bursty,2,39.32,39.02,38.82,36.32,25.0,45.0,60.0,,25.0,0.5,30.43,,,0,trial
2026-07-07T20:35:27,reactive_hot_humid_bursty_r2,reactive,hot_humid,bursty,2,39.323,39.023,38.823,36.323,25.0,45.0,60.0,,25.0,0.5,30.42,,,0,trial
2026-07-07T20:35:27,reactive_hot_humid_bursty_r2,reactive,hot_humid,bursty,2,39.325,39.025,38.825,36.325,25.0,45.0,60.0,,25.0,0.5,30.42,,,0,trial
2026-07-07T20:35:27,reactive_hot_humid_bursty_r2,reactive,hot_humid,bursty,2,39.328,39.028,38.828,36.328,25.0,45.0,60.0,,25.0,0.5,30.42,,,0,trial
2026-07-07T20:35:27,reactive_hot_humid_bursty_r2,reactive,hot_humid,bursty,2,39.331,39.031,38.831,36.331,25.0,45.0,60.0,,25.0,0.5,30.42,,,0,trial
2026-07-07T20:35:27,reactive_hot_humid_bursty_r2,reactive,hot_humid,bursty,2,39.333,39.033,38.833,36.333,25.0,45.0,60.0,,25.0,0.5,30.41,,,0,trial
2026-07-07T20:35:27,reactive_hot_humid_bursty_r2,reactive,hot_humid,bursty,2,39.336,39.036,38.836,36.336,25.0,45.0,60.0,,25.0,0.5,30.41,,,0,trial
2026-07-07T20:35:27,reactive_hot_humid_bursty_r2,reactive,hot_humid,bursty,2,39.325,39.025,38.825,36.325,25.0,45.0,0.0,,100.0,2.0,,,,0,cooldown
2026-07-07T20:35:27,reactive_hot_humid_bursty_r2,reactive,hot_humid,bursty,2,39.313,39.013,38.813,36.313,25.0,45.0,0.0,,100.0,2.0,,,,0,cooldown
2026-07-07T20:35:27,reactive_hot_humid_bursty_r2,reactive,hot_humid,bursty,2,39.302,39.002,38.802,36.302,25.0,45.0,0.0,,100.0,2.0,,,,0,cooldown
2026-07-07T20:35:27,reactive_hot_humid_bursty_r2,reactive,hot_humid,bursty,2,39.291,38.991,38.791,36.291,25.0,45.0,0.0,,100.0,2.0,,,,0,cooldown
2026-07-07T20:35:27,reactive_hot_humid_bursty_r2,reactive,hot_humid,bursty,2,39.279,38.979,38.779,36.279,25.0,45.0,0.0,,100.0,2.0,,,,0,cooldown
2026-07-07T20:35:27,reactive_hot_humid_bursty_r2,reactive,hot_humid,bursty,2,39.268,38.968,38.768,36.268,25.0,45.0,0.0,,100.0,2.0,,,,0,cooldown
2026-07-07T20:35:27,reactive_hot_humid_bursty_r2,reactive,hot_humid,bursty,2,39.257,38.957,38.757,36.257,25.0,45.0,0.0,,100.0,2.0,,,,0,cooldown
2026-07-07T20:35:27,reactive_hot_humid_bursty_r2,reactive,hot_humid,bursty,2,39.246,38.946,38.746,36.246,25.0,45.0,0.0,,100.0,2.0,,,,0,cooldown
2026-07-07T20:35:27,reactive_hot_humid_bursty_r2,reactive,hot_humid,bursty,2,39.234,38.934,38.734,36.234,25.0,45.0,0.0,,100.0,2.0,,,,0,cooldown
2026-07-07T20:35:27,reactive_hot_humid_bursty_r2,reactive,hot_humid,bursty,2,39.223,38.923,38.723,36.223,25.0,45.0,0.0,,100.0,2.0,,,,0,cooldown
2026-07-07T20:35:27,reactive_hot_humid_bursty_r2,reactive,hot_humid,bursty,2,39.212,38.912,38.712,36.212,25.0,45.0,0.0,,100.0,2.0,,,,0,cooldown
2026-07-07T20:35:27,reactive_hot_humid_bursty_r2,reactive,hot_humid,bursty,2,39.201,38.901,38.701,36.201,25.0,45.0,0.0,,100.0,2.0,,,,0,cooldown
2026-07-07T20:35:27,reactive_hot_humid_bursty_r2,reactive,hot_humid,bursty,2,39.19,38.89,38.69,36.19,25.0,45.0,0.0,,100.0,2.0,,,,0,cooldown
2026-07-07T20:35:27,reactive_hot_humid_bursty_r2,reactive,hot_humid,bursty,2,39.178,38.878,38.678,36.178,25.0,45.0,0.0,,100.0,2.0,,,,0,cooldown
2026-07-07T20:35:27,reactive_hot_humid_bursty_r2,reactive,hot_humid,bursty,2,39.167,38.867,38.667,36.167,25.0,45.0,0.0,,100.0,2.0,,,,0,cooldown
2026-07-07T20:35:27,reactive_hot_humid_bursty_r2,reactive,hot_humid,bursty,2,39.156,38.856,38.656,36.156,25.0,45.0,0.0,,100.0,2.0,,,,0,cooldown
2026-07-07T20:35:27,reactive_hot_humid_bursty_r2,reactive,hot_humid,bursty,2,39.145,38.845,38.645,36.145,25.0,45.0,0.0,,100.0,2.0,,,,0,cooldown
2026-07-07T20:35:27,reactive_hot_humid_bursty_r2,reactive,hot_humid,bursty,2,39.134,38.834,38.634,36.134,25.0,45.0,0.0,,100.0,2.0,,,,0,cooldown
2026-07-07T20:35:27,reactive_hot_humid_bursty_r2,reactive,hot_humid,bursty,2,39.122,38.822,38.622,36.122,25.0,45.0,0.0,,100.0,2.0,,,,0,cooldown
2026-07-07T20:35:27,reactive_hot_humid_bursty_r2,reactive,hot_humid,bursty,2,39.111,38.811,38.611,36.111,25.0,45.0,0.0,,100.0,2.0,,,,0,cooldown
2026-07-07T20:35:27,reactive_hot_humid_bursty_r2,reactive,hot_humid,bursty,2,39.1,38.8,38.6,36.1,25.0,45.0,0.0,,100.0,2.0,,,,0,cooldown
2026-07-07T20:35:27,reactive_hot_humid_bursty_r2,reactive,hot_humid,bursty,2,39.089,38.789,38.589,36.089,25.0,45.0,0.0,,100.0,2.0,,,,0,cooldown
2026-07-07T20:35:27,reactive_hot_humid_bursty_r2,reactive,hot_humid,bursty,2,39.078,38.778,38.578,36.078,25.0,45.0,0.0,,100.0,2.0,,,,0,cooldown
2026-07-07T20:35:27,reactive_hot_humid_bursty_r2,reactive,hot_humid,bursty,2,39.067,38.767,38.567,36.067,25.0,45.0,0.0,,100.0,2.0,,,,0,cooldown
2026-07-07T20:35:27,reactive_hot_humid_bursty_r2,reactive,hot_humid,bursty,2,39.056,38.756,38.556,36.056,25.0,45.0,0.0,,100.0,2.0,,,,0,cooldown
2026-07-07T20:35:27,reactive_hot_humid_bursty_r2,reactive,hot_humid,bursty,2,39.045,38.745,38.545,36.045,25.0,45.0,0.0,,100.0,2.0,,,,0,cooldown
2026-07-07T20:35:27,reactive_hot_humid_bursty_r2,reactive,hot_humid,bursty,2,39.033,38.733,38.533,36.033,25.0,45.0,0.0,,100.0,2.0,,,,0,cooldown
2026-07-07T20:35:27,reactive_hot_humid_bursty_r2,reactive,hot_humid,bursty,2,39.022,38.722,38.522,36.022,25.0,45.0,0.0,,100.0,2.0,,,,0,cooldown
2026-07-07T20:35:27,reactive_hot_humid_bursty_r2,reactive,hot_humid,bursty,2,39.011,38.711,38.511,36.011,25.0,45.0,0.0,,100.0,2.0,,,,0,cooldown
2026-07-07T20:35:27,reactive_hot_humid_bursty_r2,reactive,hot_humid,bursty,2,39.0,38.7,38.5,36.0,25.0,45.0,0.0,,100.0,2.0,,,,0,cooldown
2026-07-07T20:35:27,reactive_hot_humid_bursty_r2,reactive,hot_humid,bursty,2,38.989,38.689,38.489,35.989,25.0,45.0,0.0,,100.0,2.0,,,,0,cooldown
2026-07-07T20:35:27,reactive_hot_humid_bursty_r2,reactive,hot_humid,bursty,2,38.978,38.678,38.478,35.978,25.0,45.0,0.0,,100.0,2.0,,,,0,cooldown
2026-07-07T20:35:27,reactive_hot_humid_bursty_r2,reactive,hot_humid,bursty,2,38.967,38.667,38.467,35.967,25.0,45.0,0.0,,100.0,2.0,,,,0,cooldown
2026-07-07T20:35:27,reactive_hot_humid_bursty_r2,reactive,hot_humid,bursty,2,38.956,38.656,38.456,35.956,25.0,45.0,0.0,,100.0,2.0,,,,0,cooldown
2026-07-07T20:35:27,reactive_hot_humid_bursty_r2,reactive,hot_humid,bursty,2,38.945,38.645,38.445,35.945,25.0,45.0,0.0,,100.0,2.0,,,,0,cooldown
2026-07-07T20:35:27,reactive_hot_humid_bursty_r2,reactive,hot_humid,bursty,2,38.934,38.634,38.434,35.934,25.0,45.0,0.0,,100.0,2.0,,,,0,cooldown
2026-07-07T20:35:27,reactive_hot_humid_bursty_r2,reactive,hot_humid,bursty,2,38.923,38.623,38.423,35.923,25.0,45.0,0.0,,100.0,2.0,,,,0,cooldown
2026-07-07T20:35:27,reactive_hot_humid_bursty_r2,reactive,hot_humid,bursty,2,38.912,38.612,38.412,35.912,25.0,45.0,0.0,,100.0,2.0,,,,0,cooldown
2026-07-07T20:35:27,reactive_hot_humid_bursty_r2,reactive,hot_humid,bursty,2,38.901,38.601,38.401,35.901,25.0,45.0,0.0,,100.0,2.0,,,,0,cooldown
2026-07-07T20:35:27,reactive_hot_humid_bursty_r2,reactive,hot_humid,bursty,2,38.89,38.59,38.39,35.89,25.0,45.0,0.0,,100.0,2.0,,,,0,cooldown
2026-07-07T20:35:27,reactive_hot_humid_bursty_r2,reactive,hot_humid,bursty,2,38.879,38.579,38.379,35.879,25.0,45.0,0.0,,100.0,2.0,,,,0,cooldown
2026-07-07T20:35:27,reactive_hot_humid_bursty_r2,reactive,hot_humid,bursty,2,38.868,38.568,38.368,35.868,25.0,45.0,0.0,,100.0,2.0,,,,0,cooldown
2026-07-07T20:35:27,reactive_hot_humid_bursty_r2,reactive,hot_humid,bursty,2,38.857,38.557,38.357,35.857,25.0,45.0,0.0,,100.0,2.0,,,,0,cooldown
2026-07-07T20:35:27,reactive_hot_humid_bursty_r2,reactive,hot_humid,bursty,2,38.846,38.546,38.346,35.846,25.0,45.0,0.0,,100.0,2.0,,,,0,cooldown
2026-07-07T20:35:27,reactive_hot_humid_bursty_r2,reactive,hot_humid,bursty,2,38.835,38.535,38.335,35.835,25.0,45.0,0.0,,100.0,2.0,,,,0,cooldown
2026-07-07T20:35:27,reactive_hot_humid_bursty_r2,reactive,hot_humid,bursty,2,38.824,38.524,38.324,35.824,25.0,45.0,0.0,,100.0,2.0,,,,0,cooldown
2026-07-07T20:35:27,reactive_hot_humid_bursty_r2,reactive,hot_humid,bursty,2,38.814,38.514,38.314,35.814,25.0,45.0,0.0,,100.0,2.0,,,,0,cooldown
2026-07-07T20:35:27,reactive_hot_humid_bursty_r2,reactive,hot_humid,bursty,2,38.803,38.503,38.303,35.803,25.0,45.0,0.0,,100.0,2.0,,,,0,cooldown
2026-07-07T20:35:27,reactive_hot_humid_bursty_r2,reactive,hot_humid,bursty,2,38.792,38.492,38.292,35.792,25.0,45.0,0.0,,100.0,2.0,,,,0,cooldown
2026-07-07T20:35:27,reactive_hot_humid_bursty_r2,reactive,hot_humid,bursty,2,38.781,38.481,38.281,35.781,25.0,45.0,0.0,,100.0,2.0,,,,0,cooldown
2026-07-07T20:35:27,reactive_hot_humid_bursty_r2,reactive,hot_humid,bursty,2,38.77,38.47,38.27,35.77,25.0,45.0,0.0,,100.0,2.0,,,,0,cooldown
2026-07-07T20:35:27,reactive_hot_humid_bursty_r2,reactive,hot_humid,bursty,2,38.759,38.459,38.259,35.759,25.0,45.0,0.0,,100.0,2.0,,,,0,cooldown
2026-07-07T20:35:27,reactive_hot_humid_bursty_r2,reactive,hot_humid,bursty,2,38.748,38.448,38.248,35.748,25.0,45.0,0.0,,100.0,2.0,,,,0,cooldown
2026-07-07T20:35:27,reactive_hot_humid_bursty_r2,reactive,hot_humid,bursty,2,38.737,38.437,38.237,35.737,25.0,45.0,0.0,,100.0,2.0,,,,0,cooldown
2026-07-07T20:35:27,reactive_hot_humid_bursty_r2,reactive,hot_humid,bursty,2,38.727,38.427,38.227,35.727,25.0,45.0,0.0,,100.0,2.0,,,,0,cooldown
2026-07-07T20:35:27,reactive_hot_humid_bursty_r2,reactive,hot_humid,bursty,2,38.716,38.416,38.216,35.716,25.0,45.0,0.0,,100.0,2.0,,,,0,cooldown
2026-07-07T20:35:27,reactive_hot_humid_bursty_r2,reactive,hot_humid,bursty,2,38.705,38.405,38.205,35.705,25.0,45.0,0.0,,100.0,2.0,,,,0,cooldown
2026-07-07T20:35:27,reactive_hot_humid_bursty_r2,reactive,hot_humid,bursty,2,38.694,38.394,38.194,35.694,25.0,45.0,0.0,,100.0,2.0,,,,0,cooldown
2026-07-07T20:35:27,reactive_hot_humid_bursty_r2,reactive,hot_humid,bursty,2,38.683,38.383,38.183,35.683,25.0,45.0,0.0,,100.0,2.0,,,,0,cooldown
2026-07-07T20:35:27,reactive_hot_humid_bursty_r2,reactive,hot_humid,bursty,2,38.672,38.372,38.172,35.672,25.0,45.0,0.0,,100.0,2.0,,,,0,cooldown
2026-07-07T20:35:27,reactive_hot_humid_bursty_r2,reactive,hot_humid,bursty,2,38.662,38.362,38.162,35.662,25.0,45.0,0.0,,100.0,2.0,,,,0,cooldown
2026-07-07T20:35:27,reactive_hot_humid_bursty_r2,reactive,hot_humid,bursty,2,38.651,38.351,38.151,35.651,25.0,45.0,0.0,,100.0,2.0,,,,0,cooldown
2026-07-07T20:35:27,reactive_hot_humid_bursty_r2,reactive,hot_humid,bursty,2,38.64,38.34,38.14,35.64,25.0,45.0,0.0,,100.0,2.0,,,,0,cooldown
2026-07-07T20:35:27,reactive_hot_humid_bursty_r2,reactive,hot_humid,bursty,2,38.629,38.329,38.129,35.629,25.0,45.0,0.0,,100.0,2.0,,,,0,cooldown
2026-07-07T20:35:27,reactive_hot_humid_bursty_r2,reactive,hot_humid,bursty,2,38.619,38.319,38.119,35.619,25.0,45.0,0.0,,100.0,2.0,,,,0,cooldown
2026-07-07T20:35:27,reactive_hot_humid_bursty_r2,reactive,hot_humid,bursty,2,38.608,38.308,38.108,35.608,25.0,45.0,0.0,,100.0,2.0,,,,0,cooldown
2026-07-07T20:35:27,reactive_hot_humid_bursty_r2,reactive,hot_humid,bursty,2,38.597,38.297,38.097,35.597,25.0,45.0,0.0,,100.0,2.0,,,,0,cooldown
2026-07-07T20:35:27,reactive_hot_humid_bursty_r2,reactive,hot_humid,bursty,2,38.586,38.286,38.086,35.586,25.0,45.0,0.0,,100.0,2.0,,,,0,cooldown
2026-07-07T20:35:27,reactive_hot_humid_bursty_r2,reactive,hot_humid,bursty,2,38.576,38.276,38.076,35.576,25.0,45.0,0.0,,100.0,2.0,,,,0,cooldown
2026-07-07T20:35:27,reactive_hot_humid_bursty_r2,reactive,hot_humid,bursty,2,38.565,38.265,38.065,35.565,25.0,45.0,0.0,,100.0,2.0,,,,0,cooldown
2026-07-07T20:35:27,reactive_hot_humid_bursty_r2,reactive,hot_humid,bursty,2,38.554,38.254,38.054,35.554,25.0,45.0,0.0,,100.0,2.0,,,,0,cooldown
2026-07-07T20:35:27,reactive_hot_humid_bursty_r2,reactive,hot_humid,bursty,2,38.543,38.243,38.043,35.543,25.0,45.0,0.0,,100.0,2.0,,,,0,cooldown
2026-07-07T20:35:27,reactive_hot_humid_bursty_r2,reactive,hot_humid,bursty,2,38.533,38.233,38.033,35.533,25.0,45.0,0.0,,100.0,2.0,,,,0,cooldown
2026-07-07T20:35:27,reactive_hot_humid_bursty_r2,reactive,hot_humid,bursty,2,38.522,38.222,38.022,35.522,25.0,45.0,0.0,,100.0,2.0,,,,0,cooldown
2026-07-07T20:35:27,reactive_hot_humid_bursty_r2,reactive,hot_humid,bursty,2,38.511,38.211,38.011,35.511,25.0,45.0,0.0,,100.0,2.0,,,,0,cooldown
2026-07-07T20:35:27,reactive_hot_humid_bursty_r2,reactive,hot_humid,bursty,2,38.501,38.201,38.001,35.501,25.0,45.0,0.0,,100.0,2.0,,,,0,cooldown
2026-07-07T20:35:27,reactive_hot_humid_bursty_r2,reactive,hot_humid,bursty,2,38.49,38.19,37.99,35.49,25.0,45.0,0.0,,100.0,2.0,,,,0,cooldown
2026-07-07T20:35:27,reactive_hot_humid_bursty_r2,reactive,hot_humid,bursty,2,38.479,38.179,37.979,35.479,25.0,45.0,0.0,,100.0,2.0,,,,0,cooldown
2026-07-07T20:35:27,reactive_hot_humid_bursty_r2,reactive,hot_humid,bursty,2,38.469,38.169,37.969,35.469,25.0,45.0,0.0,,100.0,2.0,,,,0,cooldown
2026-07-07T20:35:27,reactive_hot_humid_bursty_r2,reactive,hot_humid,bursty,2,38.458,38.158,37.958,35.458,25.0,45.0,0.0,,100.0,2.0,,,,0,cooldown
2026-07-07T20:35:27,reactive_hot_humid_bursty_r2,reactive,hot_humid,bursty,2,38.448,38.148,37.948,35.448,25.0,45.0,0.0,,100.0,2.0,,,,0,cooldown
2026-07-07T20:35:27,reactive_hot_humid_bursty_r2,reactive,hot_humid,bursty,2,38.437,38.137,37.937,35.437,25.0,45.0,0.0,,100.0,2.0,,,,0,cooldown
2026-07-07T20:35:27,reactive_hot_humid_bursty_r2,reactive,hot_humid,bursty,2,38.426,38.126,37.926,35.426,25.0,45.0,0.0,,100.0,2.0,,,,0,cooldown
2026-07-07T20:35:27,reactive_hot_humid_bursty_r2,reactive,hot_humid,bursty,2,38.416,38.116,37.916,35.416,25.0,45.0,0.0,,100.0,2.0,,,,0,cooldown
2026-07-07T20:35:27,reactive_hot_humid_bursty_r2,reactive,hot_humid,bursty,2,38.405,38.105,37.905,35.405,25.0,45.0,0.0,,100.0,2.0,,,,0,cooldown
2026-07-07T20:35:27,reactive_hot_humid_bursty_r2,reactive,hot_humid,bursty,2,38.395,38.095,37.895,35.395,25.0,45.0,0.0,,100.0,2.0,,,,0,cooldown
2026-07-07T20:35:27,reactive_hot_humid_bursty_r2,reactive,hot_humid,bursty,2,38.384,38.084,37.884,35.384,25.0,45.0,0.0,,100.0,2.0,,,,0,cooldown
2026-07-07T20:35:27,reactive_hot_humid_bursty_r2,reactive,hot_humid,bursty,2,38.373,38.073,37.873,35.373,25.0,45.0,0.0,,100.0,2.0,,,,0,cooldown
2026-07-07T20:35:27,reactive_hot_humid_bursty_r2,reactive,hot_humid,bursty,2,38.363,38.063,37.863,35.363,25.0,45.0,0.0,,100.0,2.0,,,,0,cooldown
2026-07-07T20:35:27,reactive_hot_humid_bursty_r2,reactive,hot_humid,bursty,2,38.352,38.052,37.852,35.352,25.0,45.0,0.0,,100.0,2.0,,,,0,cooldown
2026-07-07T20:35:27,reactive_hot_humid_bursty_r2,reactive,hot_humid,bursty,2,38.342,38.042,37.842,35.342,25.0,45.0,0.0,,100.0,2.0,,,,0,cooldown
2026-07-07T20:35:27,reactive_hot_humid_bursty_r2,reactive,hot_humid,bursty,2,38.331,38.031,37.831,35.331,25.0,45.0,0.0,,100.0,2.0,,,,0,cooldown
2026-07-07T20:35:27,reactive_hot_humid_bursty_r2,reactive,hot_humid,bursty,2,38.321,38.021,37.821,35.321,25.0,45.0,0.0,,100.0,2.0,,,,0,cooldown
2026-07-07T20:35:27,reactive_hot_humid_bursty_r2,reactive,hot_humid,bursty,2,38.31,38.01,37.81,35.31,25.0,45.0,0.0,,100.0,2.0,,,,0,cooldown
2026-07-07T20:35:27,reactive_hot_humid_bursty_r2,reactive,hot_humid,bursty,2,38.3,38.0,37.8,35.3,25.0,45.0,0.0,,100.0,2.0,,,,0,cooldown
2026-07-07T20:35:27,reactive_hot_humid_bursty_r2,reactive,hot_humid,bursty,2,38.289,37.989,37.789,35.289,25.0,45.0,0.0,,100.0,2.0,,,,0,cooldown
2026-07-07T20:35:27,reactive_hot_humid_bursty_r2,reactive,hot_humid,bursty,2,38.279,37.979,37.779,35.279,25.0,45.0,0.0,,100.0,2.0,,,,0,cooldown
2026-07-07T20:35:27,reactive_hot_humid_bursty_r2,reactive,hot_humid,bursty,2,38.268,37.968,37.768,35.268,25.0,45.0,0.0,,100.0,2.0,,,,0,cooldown
2026-07-07T20:35:27,reactive_hot_humid_bursty_r2,reactive,hot_humid,bursty,2,38.258,37.958,37.758,35.258,25.0,45.0,0.0,,100.0,2.0,,,,0,cooldown
2026-07-07T20:35:27,reactive_hot_humid_bursty_r2,reactive,hot_humid,bursty,2,38.247,37.947,37.747,35.247,25.0,45.0,0.0,,100.0,2.0,,,,0,cooldown
2026-07-07T20:35:27,reactive_hot_humid_bursty_r2,reactive,hot_humid,bursty,2,38.237,37.937,37.737,35.237,25.0,45.0,0.0,,100.0,2.0,,,,0,cooldown
2026-07-07T20:35:27,reactive_hot_humid_bursty_r2,reactive,hot_humid,bursty,2,38.226,37.926,37.726,35.226,25.0,45.0,0.0,,100.0,2.0,,,,0,cooldown
2026-07-07T20:35:27,reactive_hot_humid_bursty_r2,reactive,hot_humid,bursty,2,38.216,37.916,37.716,35.216,25.0,45.0,0.0,,100.0,2.0,,,,0,cooldown
2026-07-07T20:35:27,reactive_hot_humid_bursty_r2,reactive,hot_humid,bursty,2,38.205,37.905,37.705,35.205,25.0,45.0,0.0,,100.0,2.0,,,,0,cooldown
2026-07-07T20:35:27,reactive_hot_humid_bursty_r2,reactive,hot_humid,bursty,2,38.195,37.895,37.695,35.195,25.0,45.0,0.0,,100.0,2.0,,,,0,cooldown
2026-07-07T20:35:27,reactive_hot_humid_bursty_r2,reactive,hot_humid,bursty,2,38.185,37.885,37.685,35.185,25.0,45.0,0.0,,100.0,2.0,,,,0,cooldown
2026-07-07T20:35:27,reactive_hot_humid_bursty_r2,reactive,hot_humid,bursty,2,38.174,37.874,37.674,35.174,25.0,45.0,0.0,,100.0,2.0,,,,0,cooldown
2026-07-07T20:35:27,reactive_hot_humid_bursty_r2,reactive,hot_humid,bursty,2,38.164,37.864,37.664,35.164,25.0,45.0,0.0,,100.0,2.0,,,,0,cooldown
2026-07-07T20:35:27,reactive_hot_humid_bursty_r2,reactive,hot_humid,bursty,2,38.153,37.853,37.653,35.153,25.0,45.0,0.0,,100.0,2.0,,,,0,cooldown
2026-07-07T20:35:27,reactive_hot_humid_bursty_r2,reactive,hot_humid,bursty,2,38.143,37.843,37.643,35.143,25.0,45.0,0.0,,100.0,2.0,,,,0,cooldown
2026-07-07T20:35:27,reactive_hot_humid_bursty_r2,reactive,hot_humid,bursty,2,38.133,37.833,37.633,35.133,25.0,45.0,0.0,,100.0,2.0,,,,0,cooldown
2026-07-07T20:35:27,reactive_hot_humid_bursty_r2,reactive,hot_humid,bursty,2,38.122,37.822,37.622,35.122,25.0,45.0,0.0,,100.0,2.0,,,,0,cooldown
2026-07-07T20:35:27,reactive_hot_humid_bursty_r2,reactive,hot_humid,bursty,2,38.112,37.812,37.612,35.112,25.0,45.0,0.0,,100.0,2.0,,,,0,cooldown
2026-07-07T20:35:27,reactive_hot_humid_bursty_r2,reactive,hot_humid,bursty,2,38.102,37.802,37.602,35.102,25.0,45.0,0.0,,100.0,2.0,,,,0,cooldown
2026-07-07T20:35:27,reactive_hot_humid_bursty_r2,reactive,hot_humid,bursty,2,38.091,37.791,37.591,35.091,25.0,45.0,0.0,,100.0,2.0,,,,0,cooldown
2026-07-07T20:35:27,reactive_hot_humid_bursty_r2,reactive,hot_humid,bursty,2,38.081,37.781,37.581,35.081,25.0,45.0,0.0,,100.0,2.0,,,,0,cooldown
2026-07-07T20:35:27,reactive_hot_humid_bursty_r2,reactive,hot_humid,bursty,2,38.071,37.771,37.571,35.071,25.0,45.0,0.0,,100.0,2.0,,,,0,cooldown
2026-07-07T20:35:27,reactive_hot_humid_bursty_r2,reactive,hot_humid,bursty,2,38.06,37.76,37.56,35.06,25.0,45.0,0.0,,100.0,2.0,,,,0,cooldown
2026-07-07T20:35:27,reactive_hot_humid_bursty_r2,reactive,hot_humid,bursty,2,38.05,37.75,37.55,35.05,25.0,45.0,0.0,,100.0,2.0,,,,0,cooldown
2026-07-07T20:35:27,reactive_hot_humid_bursty_r2,reactive,hot_humid,bursty,2,38.04,37.74,37.54,35.04,25.0,45.0,0.0,,100.0,2.0,,,,0,cooldown
2026-07-07T20:35:27,reactive_hot_humid_bursty_r2,reactive,hot_humid,bursty,2,38.029,37.729,37.529,35.029,25.0,45.0,0.0,,100.0,2.0,,,,0,cooldown
2026-07-07T20:35:27,reactive_hot_humid_bursty_r2,reactive,hot_humid,bursty,2,38.019,37.719,37.519,35.019,25.0,45.0,0.0,,100.0,2.0,,,,0,cooldown
2026-07-07T20:35:27,reactive_hot_humid_bursty_r2,reactive,hot_humid,bursty,2,38.009,37.709,37.509,35.009,25.0,45.0,0.0,,100.0,2.0,,,,0,cooldown
2026-07-07T20:35:27,reactive_hot_humid_bursty_r2,reactive,hot_humid,bursty,2,37.999,37.699,37.499,34.999,25.0,45.0,0.0,,100.0,2.0,,,,0,cooldown
2026-07-07T20:35:27,reactive_hot_humid_bursty_r2,reactive,hot_humid,bursty,2,37.988,37.688,37.488,34.988,25.0,45.0,0.0,,100.0,2.0,,,,0,cooldown
2026-07-07T20:35:27,reactive_hot_humid_bursty_r2,reactive,hot_humid,bursty,2,37.978,37.678,37.478,34.978,25.0,45.0,0.0,,100.0,2.0,,,,0,cooldown
2026-07-07T20:35:27,reactive_hot_humid_bursty_r2,reactive,hot_humid,bursty,2,37.968,37.668,37.468,34.968,25.0,45.0,0.0,,100.0,2.0,,,,0,cooldown
2026-07-07T20:35:27,reactive_hot_humid_bursty_r2,reactive,hot_humid,bursty,2,37.958,37.658,37.458,34.958,25.0,45.0,0.0,,100.0,2.0,,,,0,cooldown
2026-07-07T20:35:27,reactive_hot_humid_bursty_r2,reactive,hot_humid,bursty,2,37.947,37.647,37.447,34.947,25.0,45.0,0.0,,100.0,2.0,,,,0,cooldown
2026-07-07T20:35:27,reactive_hot_humid_bursty_r2,reactive,hot_humid,bursty,2,37.937,37.637,37.437,34.937,25.0,45.0,0.0,,100.0,2.0,,,,0,cooldown
2026-07-07T20:35:27,reactive_hot_humid_bursty_r2,reactive,hot_humid,bursty,2,37.927,37.627,37.427,34.927,25.0,45.0,0.0,,100.0,2.0,,,,0,cooldown
2026-07-07T20:35:27,reactive_hot_humid_bursty_r2,reactive,hot_humid,bursty,2,37.917,37.617,37.417,34.917,25.0,45.0,0.0,,100.0,2.0,,,,0,cooldown
2026-07-07T20:35:27,reactive_hot_humid_bursty_r2,reactive,hot_humid,bursty,2,37.906,37.606,37.406,34.906,25.0,45.0,0.0,,100.0,2.0,,,,0,cooldown
2026-07-07T20:35:27,reactive_hot_humid_bursty_r2,reactive,hot_humid,bursty,2,37.896,37.596,37.396,34.896,25.0,45.0,0.0,,100.0,2.0,,,,0,cooldown
2026-07-07T20:35:27,reactive_hot_humid_bursty_r2,reactive,hot_humid,bursty,2,37.886,37.586,37.386,34.886,25.0,45.0,0.0,,100.0,2.0,,,,0,cooldown
2026-07-07T20:35:27,reactive_hot_humid_bursty_r2,reactive,hot_humid,bursty,2,37.876,37.576,37.376,34.876,25.0,45.0,0.0,,100.0,2.0,,,,0,cooldown
2026-07-07T20:35:27,reactive_hot_humid_bursty_r2,reactive,hot_humid,bursty,2,37.866,37.566,37.366,34.866,25.0,45.0,0.0,,100.0,2.0,,,,0,cooldown
2026-07-07T20:35:27,reactive_hot_humid_bursty_r2,reactive,hot_humid,bursty,2,37.856,37.556,37.356,34.856,25.0,45.0,0.0,,100.0,2.0,,,,0,cooldown
2026-07-07T20:35:27,reactive_hot_humid_bursty_r2,reactive,hot_humid,bursty,2,37.845,37.545,37.345,34.845,25.0,45.0,0.0,,100.0,2.0,,,,0,cooldown
2026-07-07T20:35:27,reactive_hot_humid_bursty_r2,reactive,hot_humid,bursty,2,37.835,37.535,37.335,34.835,25.0,45.0,0.0,,100.0,2.0,,,,0,cooldown
2026-07-07T20:35:27,reactive_hot_humid_bursty_r2,reactive,hot_humid,bursty,2,37.825,37.525,37.325,34.825,25.0,45.0,0.0,,100.0,2.0,,,,0,cooldown
2026-07-07T20:35:27,reactive_hot_humid_bursty_r2,reactive,hot_humid,bursty,2,37.815,37.515,37.315,34.815,25.0,45.0,0.0,,100.0,2.0,,,,0,cooldown
2026-07-07T20:35:27,reactive_hot_humid_bursty_r2,reactive,hot_humid,bursty,2,37.805,37.505,37.305,34.805,25.0,45.0,0.0,,100.0,2.0,,,,0,cooldown
2026-07-07T20:35:27,reactive_hot_humid_bursty_r2,reactive,hot_humid,bursty,2,37.795,37.495,37.295,34.795,25.0,45.0,0.0,,100.0,2.0,,,,0,cooldown
2026-07-07T20:35:27,reactive_hot_humid_bursty_r2,reactive,hot_humid,bursty,2,37.785,37.485,37.285,34.785,25.0,45.0,0.0,,100.0,2.0,,,,0,cooldown
2026-07-07T20:35:27,reactive_hot_humid_bursty_r2,reactive,hot_humid,bursty,2,37.775,37.475,37.275,34.775,25.0,45.0,0.0,,100.0,2.0,,,,0,cooldown
2026-07-07T20:35:27,reactive_hot_humid_bursty_r2,reactive,hot_humid,bursty,2,37.765,37.465,37.265,34.765,25.0,45.0,0.0,,100.0,2.0,,,,0,cooldown
2026-07-07T20:35:27,reactive_hot_humid_bursty_r2,reactive,hot_humid,bursty,2,37.754,37.454,37.254,34.754,25.0,45.0,0.0,,100.0,2.0,,,,0,cooldown
2026-07-07T20:35:27,reactive_hot_humid_bursty_r2,reactive,hot_humid,bursty,2,37.744,37.444,37.244,34.744,25.0,45.0,0.0,,100.0,2.0,,,,0,cooldown
2026-07-07T20:35:27,reactive_hot_humid_bursty_r2,reactive,hot_humid,bursty,2,37.734,37.434,37.234,34.734,25.0,45.0,0.0,,100.0,2.0,,,,0,cooldown
2026-07-07T20:35:27,reactive_hot_humid_bursty_r2,reactive,hot_humid,bursty,2,37.724,37.424,37.224,34.724,25.0,45.0,0.0,,100.0,2.0,,,,0,cooldown
2026-07-07T20:35:27,reactive_hot_humid_bursty_r2,reactive,hot_humid,bursty,2,37.714,37.414,37.214,34.714,25.0,45.0,0.0,,100.0,2.0,,,,0,cooldown
2026-07-07T20:35:27,reactive_hot_humid_bursty_r2,reactive,hot_humid,bursty,2,37.704,37.404,37.204,34.704,25.0,45.0,0.0,,100.0,2.0,,,,0,cooldown
2026-07-07T20:35:27,reactive_hot_humid_bursty_r2,reactive,hot_humid,bursty,2,37.694,37.394,37.194,34.694,25.0,45.0,0.0,,100.0,2.0,,,,0,cooldown
2026-07-07T20:35:27,reactive_hot_humid_bursty_r2,reactive,hot_humid,bursty,2,37.684,37.384,37.184,34.684,25.0,45.0,0.0,,100.0,2.0,,,,0,cooldown
2026-07-07T20:35:27,reactive_hot_humid_bursty_r2,reactive,hot_humid,bursty,2,37.674,37.374,37.174,34.674,25.0,45.0,0.0,,100.0,2.0,,,,0,cooldown
2026-07-07T20:35:27,reactive_hot_humid_bursty_r2,reactive,hot_humid,bursty,2,37.664,37.364,37.164,34.664,25.0,45.0,0.0,,100.0,2.0,,,,0,cooldown
2026-07-07T20:35:27,reactive_hot_humid_bursty_r2,reactive,hot_humid,bursty,2,37.654,37.354,37.154,34.654,25.0,45.0,0.0,,100.0,2.0,,,,0,cooldown
2026-07-07T20:35:27,reactive_hot_humid_bursty_r2,reactive,hot_humid,bursty,2,37.644,37.344,37.144,34.644,25.0,45.0,0.0,,100.0,2.0,,,,0,cooldown
2026-07-07T20:35:27,reactive_hot_humid_bursty_r2,reactive,hot_humid,bursty,2,37.634,37.334,37.134,34.634,25.0,45.0,0.0,,100.0,2.0,,,,0,cooldown
2026-07-07T20:35:27,reactive_hot_humid_bursty_r2,reactive,hot_humid,bursty,2,37.624,37.324,37.124,34.624,25.0,45.0,0.0,,100.0,2.0,,,,0,cooldown
2026-07-07T20:35:27,reactive_hot_humid_bursty_r2,reactive,hot_humid,bursty,2,37.614,37.314,37.114,34.614,25.0,45.0,0.0,,100.0,2.0,,,,0,cooldown
2026-07-07T20:35:27,reactive_hot_humid_bursty_r2,reactive,hot_humid,bursty,2,37.604,37.304,37.104,34.604,25.0,45.0,0.0,,100.0,2.0,,,,0,cooldown
2026-07-07T20:35:27,reactive_hot_humid_bursty_r2,reactive,hot_humid,bursty,2,37.594,37.294,37.094,34.594,25.0,45.0,0.0,,100.0,2.0,,,,0,cooldown
2026-07-07T20:35:27,reactive_hot_humid_bursty_r2,reactive,hot_humid,bursty,2,37.584,37.284,37.084,34.584,25.0,45.0,0.0,,100.0,2.0,,,,0,cooldown
2026-07-07T20:35:27,reactive_hot_humid_bursty_r2,reactive,hot_humid,bursty,2,37.574,37.274,37.074,34.574,25.0,45.0,0.0,,100.0,2.0,,,,0,cooldown
2026-07-07T20:35:27,reactive_hot_humid_bursty_r2,reactive,hot_humid,bursty,2,37.565,37.265,37.065,34.565,25.0,45.0,0.0,,100.0,2.0,,,,0,cooldown
2026-07-07T20:35:27,reactive_hot_humid_bursty_r2,reactive,hot_humid,bursty,2,37.555,37.255,37.055,34.555,25.0,45.0,0.0,,100.0,2.0,,,,0,cooldown
2026-07-07T20:35:27,reactive_hot_humid_bursty_r2,reactive,hot_humid,bursty,2,37.545,37.245,37.045,34.545,25.0,45.0,0.0,,100.0,2.0,,,,0,cooldown
2026-07-07T20:35:27,reactive_hot_humid_bursty_r2,reactive,hot_humid,bursty,2,37.535,37.235,37.035,34.535,25.0,45.0,0.0,,100.0,2.0,,,,0,cooldown
2026-07-07T20:35:27,reactive_hot_humid_bursty_r2,reactive,hot_humid,bursty,2,37.525,37.225,37.025,34.525,25.0,45.0,0.0,,100.0,2.0,,,,0,cooldown
2026-07-07T20:35:27,reactive_hot_humid_bursty_r2,reactive,hot_humid,bursty,2,37.515,37.215,37.015,34.515,25.0,45.0,0.0,,100.0,2.0,,,,0,cooldown
2026-07-07T20:35:27,reactive_hot_humid_bursty_r2,reactive,hot_humid,bursty,2,37.505,37.205,37.005,34.505,25.0,45.0,0.0,,100.0,2.0,,,,0,cooldown
2026-07-07T20:35:27,reactive_hot_humid_bursty_r2,reactive,hot_humid,bursty,2,37.495,37.195,36.995,34.495,25.0,45.0,0.0,,100.0,2.0,,,,0,cooldown
2026-07-07T20:35:27,reactive_hot_humid_bursty_r2,reactive,hot_humid,bursty,2,37.485,37.185,36.985,34.485,25.0,45.0,0.0,,100.0,2.0,,,,0,cooldown
2026-07-07T20:35:27,reactive_hot_humid_bursty_r2,reactive,hot_humid,bursty,2,37.476,37.176,36.976,34.476,25.0,45.0,0.0,,100.0,2.0,,,,0,cooldown
2026-07-07T20:35:27,reactive_hot_humid_bursty_r2,reactive,hot_humid,bursty,2,37.466,37.166,36.966,34.466,25.0,45.0,0.0,,100.0,2.0,,,,0,cooldown
2026-07-07T20:35:27,reactive_hot_humid_bursty_r2,reactive,hot_humid,bursty,2,37.456,37.156,36.956,34.456,25.0,45.0,0.0,,100.0,2.0,,,,0,cooldown
2026-07-07T20:35:27,reactive_hot_humid_bursty_r2,reactive,hot_humid,bursty,2,37.446,37.146,36.946,34.446,25.0,45.0,0.0,,100.0,2.0,,,,0,cooldown
2026-07-07T20:35:27,reactive_hot_humid_bursty_r2,reactive,hot_humid,bursty,2,37.436,37.136,36.936,34.436,25.0,45.0,0.0,,100.0,2.0,,,,0,cooldown
2026-07-07T20:35:27,reactive_hot_humid_bursty_r2,reactive,hot_humid,bursty,2,37.426,37.126,36.926,34.426,25.0,45.0,0.0,,100.0,2.0,,,,0,cooldown
2026-07-07T20:35:27,reactive_hot_humid_bursty_r2,reactive,hot_humid,bursty,2,37.417,37.117,36.917,34.417,25.0,45.0,0.0,,100.0,2.0,,,,0,cooldown
2026-07-07T20:35:27,reactive_hot_humid_bursty_r2,reactive,hot_humid,bursty,2,37.407,37.107,36.907,34.407,25.0,45.0,0.0,,100.0,2.0,,,,0,cooldown
2026-07-07T20:35:27,reactive_hot_humid_bursty_r2,reactive,hot_humid,bursty,2,37.397,37.097,36.897,34.397,25.0,45.0,0.0,,100.0,2.0,,,,0,cooldown
2026-07-07T20:35:27,reactive_hot_humid_bursty_r2,reactive,hot_humid,bursty,2,37.387,37.087,36.887,34.387,25.0,45.0,0.0,,100.0,2.0,,,,0,cooldown
2026-07-07T20:35:27,reactive_hot_humid_bursty_r2,reactive,hot_humid,bursty,2,37.377,37.077,36.877,34.377,25.0,45.0,0.0,,100.0,2.0,,,,0,cooldown
2026-07-07T20:35:27,reactive_hot_humid_bursty_r2,reactive,hot_humid,bursty,2,37.368,37.068,36.868,34.368,25.0,45.0,0.0,,100.0,2.0,,,,0,cooldown
2026-07-07T20:35:27,reactive_hot_humid_bursty_r2,reactive,hot_humid,bursty,2,37.358,37.058,36.858,34.358,25.0,45.0,0.0,,100.0,2.0,,,,0,cooldown
2026-07-07T20:35:27,reactive_hot_humid_bursty_r2,reactive,hot_humid,bursty,2,37.348,37.048,36.848,34.348,25.0,45.0,0.0,,100.0,2.0,,,,0,cooldown
2026-07-07T20:35:27,reactive_hot_humid_bursty_r2,reactive,hot_humid,bursty,2,37.338,37.038,36.838,34.338,25.0,45.0,0.0,,100.0,2.0,,,,0,cooldown
2026-07-07T20:35:27,reactive_hot_humid_bursty_r2,reactive,hot_humid,bursty,2,37.329,37.029,36.829,34.329,25.0,45.0,0.0,,100.0,2.0,,,,0,cooldown
2026-07-07T20:35:27,reactive_hot_humid_bursty_r2,reactive,hot_humid,bursty,2,37.319,37.019,36.819,34.319,25.0,45.0,0.0,,100.0,2.0,,,,0,cooldown
2026-07-07T20:35:27,reactive_hot_humid_bursty_r2,reactive,hot_humid,bursty,2,37.309,37.009,36.809,34.309,25.0,45.0,0.0,,100.0,2.0,,,,0,cooldown
2026-07-07T20:35:27,reactive_hot_humid_bursty_r2,reactive,hot_humid,bursty,2,37.299,36.999,36.799,34.299,25.0,45.0,0.0,,100.0,2.0,,,,0,cooldown
2026-07-07T20:35:27,reactive_hot_humid_bursty_r2,reactive,hot_humid,bursty,2,37.29,36.99,36.79,34.29,25.0,45.0,0.0,,100.0,2.0,,,,0,cooldown
2026-07-07T20:35:27,reactive_hot_humid_bursty_r2,reactive,hot_humid,bursty,2,37.28,36.98,36.78,34.28,25.0,45.0,0.0,,100.0,2.0,,,,0,cooldown
2026-07-07T20:35:27,reactive_hot_humid_bursty_r2,reactive,hot_humid,bursty,2,37.27,36.97,36.77,34.27,25.0,45.0,0.0,,100.0,2.0,,,,0,cooldown
2026-07-07T20:35:27,reactive_hot_humid_bursty_r2,reactive,hot_humid,bursty,2,37.261,36.961,36.761,34.261,25.0,45.0,0.0,,100.0,2.0,,,,0,cooldown
2026-07-07T20:35:27,reactive_hot_humid_bursty_r2,reactive,hot_humid,bursty,2,37.251,36.951,36.751,34.251,25.0,45.0,0.0,,100.0,2.0,,,,0,cooldown
2026-07-07T20:35:27,reactive_hot_humid_bursty_r2,reactive,hot_humid,bursty,2,37.241,36.941,36.741,34.241,25.0,45.0,0.0,,100.0,2.0,,,,0,cooldown
2026-07-07T20:35:27,reactive_hot_humid_bursty_r2,reactive,hot_humid,bursty,2,37.232,36.932,36.732,34.232,25.0,45.0,0.0,,100.0,2.0,,,,0,cooldown
2026-07-07T20:35:27,reactive_hot_humid_bursty_r2,reactive,hot_humid,bursty,2,37.222,36.922,36.722,34.222,25.0,45.0,0.0,,100.0,2.0,,,,0,cooldown
2026-07-07T20:35:27,reactive_hot_humid_bursty_r2,reactive,hot_humid,bursty,2,37.212,36.912,36.712,34.212,25.0,45.0,0.0,,100.0,2.0,,,,0,cooldown
2026-07-07T20:35:27,reactive_hot_humid_bursty_r2,reactive,hot_humid,bursty,2,37.203,36.903,36.703,34.203,25.0,45.0,0.0,,100.0,2.0,,,,0,cooldown
2026-07-07T20:35:27,reactive_hot_humid_bursty_r2,reactive,hot_humid,bursty,2,37.193,36.893,36.693,34.193,25.0,45.0,0.0,,100.0,2.0,,,,0,cooldown
2026-07-07T20:35:27,reactive_hot_humid_bursty_r2,reactive,hot_humid,bursty,2,37.183,36.883,36.683,34.183,25.0,45.0,0.0,,100.0,2.0,,,,0,cooldown
2026-07-07T20:35:27,reactive_hot_humid_bursty_r2,reactive,hot_humid,bursty,2,37.174,36.874,36.674,34.174,25.0,45.0,0.0,,100.0,2.0,,,,0,cooldown
2026-07-07T20:35:27,reactive_hot_humid_bursty_r2,reactive,hot_humid,bursty,2,37.164,36.864,36.664,34.164,25.0,45.0,0.0,,100.0,2.0,,,,0,cooldown
2026-07-07T20:35:27,reactive_hot_humid_bursty_r2,reactive,hot_humid,bursty,2,37.155,36.855,36.655,34.155,25.0,45.0,0.0,,100.0,2.0,,,,0,cooldown
2026-07-07T20:35:27,reactive_hot_humid_bursty_r2,reactive,hot_humid,bursty,2,37.145,36.845,36.645,34.145,25.0,45.0,0.0,,100.0,2.0,,,,0,cooldown
2026-07-07T20:35:27,reactive_hot_humid_bursty_r2,reactive,hot_humid,bursty,2,37.135,36.835,36.635,34.135,25.0,45.0,0.0,,100.0,2.0,,,,0,cooldown
2026-07-07T20:35:27,reactive_hot_humid_bursty_r2,reactive,hot_humid,bursty,2,37.126,36.826,36.626,34.126,25.0,45.0,0.0,,100.0,2.0,,,,0,cooldown
2026-07-07T20:35:27,reactive_hot_humid_bursty_r2,reactive,hot_humid,bursty,2,37.116,36.816,36.616,34.116,25.0,45.0,0.0,,100.0,2.0,,,,0,cooldown
2026-07-07T20:35:27,reactive_hot_humid_bursty_r2,reactive,hot_humid,bursty,2,37.107,36.807,36.607,34.107,25.0,45.0,0.0,,100.0,2.0,,,,0,cooldown
2026-07-07T20:35:27,reactive_hot_humid_bursty_r2,reactive,hot_humid,bursty,2,37.097,36.797,36.597,34.097,25.0,45.0,0.0,,100.0,2.0,,,,0,cooldown
2026-07-07T20:35:27,reactive_hot_humid_bursty_r2,reactive,hot_humid,bursty,2,37.088,36.788,36.588,34.088,25.0,45.0,0.0,,100.0,2.0,,,,0,cooldown
2026-07-07T20:35:27,reactive_hot_humid_bursty_r2,reactive,hot_humid,bursty,2,37.078,36.778,36.578,34.078,25.0,45.0,0.0,,100.0,2.0,,,,0,cooldown
2026-07-07T20:35:27,reactive_hot_humid_bursty_r2,reactive,hot_humid,bursty,2,37.068,36.768,36.568,34.068,25.0,45.0,0.0,,100.0,2.0,,,,0,cooldown
2026-07-07T20:35:27,reactive_hot_humid_bursty_r2,reactive,hot_humid,bursty,2,37.059,36.759,36.559,34.059,25.0,45.0,0.0,,100.0,2.0,,,,0,cooldown
2026-07-07T20:35:27,reactive_hot_humid_bursty_r2,reactive,hot_humid,bursty,2,37.049,36.749,36.549,34.049,25.0,45.0,0.0,,100.0,2.0,,,,0,cooldown
2026-07-07T20:35:27,reactive_hot_humid_bursty_r2,reactive,hot_humid,bursty,2,37.04,36.74,36.54,34.04,25.0,45.0,0.0,,100.0,2.0,,,,0,cooldown
2026-07-07T20:35:27,reactive_hot_humid_bursty_r2,reactive,hot_humid,bursty,2,37.03,36.73,36.53,34.03,25.0,45.0,0.0,,100.0,2.0,,,,0,cooldown
2026-07-07T20:35:27,reactive_hot_humid_bursty_r2,reactive,hot_humid,bursty,2,37.021,36.721,36.521,34.021,25.0,45.0,0.0,,100.0,2.0,,,,0,cooldown
2026-07-07T20:35:27,reactive_hot_humid_bursty_r2,reactive,hot_humid,bursty,2,37.011,36.711,36.511,34.011,25.0,45.0,0.0,,100.0,2.0,,,,0,cooldown
2026-07-07T20:35:27,reactive_hot_humid_bursty_r2,reactive,hot_humid,bursty,2,37.002,36.702,36.502,34.002,25.0,45.0,0.0,,100.0,2.0,,,,0,cooldown
2026-07-07T20:35:27,reactive_hot_humid_bursty_r2,reactive,hot_humid,bursty,2,36.992,36.692,36.492,33.992,25.0,45.0,0.0,,100.0,2.0,,,,0,cooldown
2026-07-07T20:35:27,reactive_hot_humid_bursty_r2,reactive,hot_humid,bursty,2,36.983,36.683,36.483,33.983,25.0,45.0,0.0,,100.0,2.0,,,,0,cooldown
2026-07-07T20:35:27,reactive_hot_humid_bursty_r2,reactive,hot_humid,bursty,2,36.974,36.674,36.474,33.974,25.0,45.0,0.0,,100.0,2.0,,,,0,cooldown
2026-07-07T20:35:27,reactive_hot_humid_bursty_r2,reactive,hot_humid,bursty,2,36.964,36.664,36.464,33.964,25.0,45.0,0.0,,100.0,2.0,,,,0,cooldown
2026-07-07T20:35:27,reactive_hot_humid_bursty_r2,reactive,hot_humid,bursty,2,36.955,36.655,36.455,33.955,25.0,45.0,0.0,,100.0,2.0,,,,0,cooldown
2026-07-07T20:35:27,reactive_hot_humid_bursty_r2,reactive,hot_humid,bursty,2,36.945,36.645,36.445,33.945,25.0,45.0,0.0,,100.0,2.0,,,,0,cooldown
2026-07-07T20:35:27,reactive_hot_humid_bursty_r2,reactive,hot_humid,bursty,2,36.936,36.636,36.436,33.936,25.0,45.0,0.0,,100.0,2.0,,,,0,cooldown
2026-07-07T20:35:27,reactive_hot_humid_bursty_r2,reactive,hot_humid,bursty,2,36.926,36.626,36.426,33.926,25.0,45.0,0.0,,100.0,2.0,,,,0,cooldown
2026-07-07T20:35:27,reactive_hot_humid_bursty_r2,reactive,hot_humid,bursty,2,36.917,36.617,36.417,33.917,25.0,45.0,0.0,,100.0,2.0,,,,0,cooldown
2026-07-07T20:35:27,reactive_hot_humid_bursty_r2,reactive,hot_humid,bursty,2,36.908,36.608,36.408,33.908,25.0,45.0,0.0,,100.0,2.0,,,,0,cooldown
2026-07-07T20:35:27,reactive_hot_humid_bursty_r2,reactive,hot_humid,bursty,2,36.898,36.598,36.398,33.898,25.0,45.0,0.0,,100.0,2.0,,,,0,cooldown
2026-07-07T20:35:27,reactive_hot_humid_bursty_r2,reactive,hot_humid,bursty,2,36.889,36.589,36.389,33.889,25.0,45.0,0.0,,100.0,2.0,,,,0,cooldown
2026-07-07T20:35:27,reactive_hot_humid_bursty_r2,reactive,hot_humid,bursty,2,36.879,36.579,36.379,33.879,25.0,45.0,0.0,,100.0,2.0,,,,0,cooldown
2026-07-07T20:35:27,reactive_hot_humid_bursty_r2,reactive,hot_humid,bursty,2,36.87,36.57,36.37,33.87,25.0,45.0,0.0,,100.0,2.0,,,,0,cooldown
2026-07-07T20:35:27,reactive_hot_humid_bursty_r2,reactive,hot_humid,bursty,2,36.861,36.561,36.361,33.861,25.0,45.0,0.0,,100.0,2.0,,,,0,cooldown
2026-07-07T20:35:27,reactive_hot_humid_bursty_r2,reactive,hot_humid,bursty,2,36.851,36.551,36.351,33.851,25.0,45.0,0.0,,100.0,2.0,,,,0,cooldown
2026-07-07T20:35:27,reactive_hot_humid_bursty_r2,reactive,hot_humid,bursty,2,36.842,36.542,36.342,33.842,25.0,45.0,0.0,,100.0,2.0,,,,0,cooldown
2026-07-07T20:35:27,reactive_hot_humid_bursty_r2,reactive,hot_humid,bursty,2,36.833,36.533,36.333,33.833,25.0,45.0,0.0,,100.0,2.0,,,,0,cooldown
2026-07-07T20:35:27,reactive_hot_humid_bursty_r2,reactive,hot_humid,bursty,2,36.823,36.523,36.323,33.823,25.0,45.0,0.0,,100.0,2.0,,,,0,cooldown
2026-07-07T20:35:27,reactive_hot_humid_bursty_r2,reactive,hot_humid,bursty,2,36.814,36.514,36.314,33.814,25.0,45.0,0.0,,100.0,2.0,,,,0,cooldown
2026-07-07T20:35:27,reactive_hot_humid_bursty_r2,reactive,hot_humid,bursty,2,36.805,36.505,36.305,33.805,25.0,45.0,0.0,,100.0,2.0,,,,0,cooldown
2026-07-07T20:35:27,reactive_hot_humid_bursty_r2,reactive,hot_humid,bursty,2,36.795,36.495,36.295,33.795,25.0,45.0,0.0,,100.0,2.0,,,,0,cooldown
2026-07-07T20:35:27,reactive_hot_humid_bursty_r2,reactive,hot_humid,bursty,2,36.786,36.486,36.286,33.786,25.0,45.0,0.0,,100.0,2.0,,,,0,cooldown
2026-07-07T20:35:27,reactive_hot_humid_bursty_r2,reactive,hot_humid,bursty,2,36.777,36.477,36.277,33.777,25.0,45.0,0.0,,100.0,2.0,,,,0,cooldown
2026-07-07T20:35:27,reactive_hot_humid_bursty_r2,reactive,hot_humid,bursty,2,36.767,36.467,36.267,33.767,25.0,45.0,0.0,,100.0,2.0,,,,0,cooldown
2026-07-07T20:35:27,reactive_hot_humid_bursty_r2,reactive,hot_humid,bursty,2,36.758,36.458,36.258,33.758,25.0,45.0,0.0,,100.0,2.0,,,,0,cooldown
2026-07-07T20:35:27,reactive_hot_humid_bursty_r2,reactive,hot_humid,bursty,2,36.749,36.449,36.249,33.749,25.0,45.0,0.0,,100.0,2.0,,,,0,cooldown
2026-07-07T20:35:27,reactive_hot_humid_bursty_r2,reactive,hot_humid,bursty,2,36.739,36.439,36.239,33.739,25.0,45.0,0.0,,100.0,2.0,,,,0,cooldown
2026-07-07T20:35:27,reactive_hot_humid_bursty_r2,reactive,hot_humid,bursty,2,36.73,36.43,36.23,33.73,25.0,45.0,0.0,,100.0,2.0,,,,0,cooldown
2026-07-07T20:35:27,reactive_hot_humid_bursty_r2,reactive,hot_humid,bursty,2,36.721,36.421,36.221,33.721,25.0,45.0,0.0,,100.0,2.0,,,,0,cooldown
2026-07-07T20:35:27,reactive_hot_humid_bursty_r2,reactive,hot_humid,bursty,2,36.712,36.412,36.212,33.712,25.0,45.0,0.0,,100.0,2.0,,,,0,cooldown
2026-07-07T20:35:27,reactive_hot_humid_bursty_r2,reactive,hot_humid,bursty,2,36.702,36.402,36.202,33.702,25.0,45.0,0.0,,100.0,2.0,,,,0,cooldown
2026-07-07T20:35:27,reactive_hot_humid_bursty_r2,reactive,hot_humid,bursty,2,36.693,36.393,36.193,33.693,25.0,45.0,0.0,,100.0,2.0,,,,0,cooldown
2026-07-07T20:35:27,reactive_hot_humid_bursty_r2,reactive,hot_humid,bursty,2,36.684,36.384,36.184,33.684,25.0,45.0,0.0,,100.0,2.0,,,,0,cooldown
2026-07-07T20:35:27,reactive_hot_humid_bursty_r2,reactive,hot_humid,bursty,2,36.675,36.375,36.175,33.675,25.0,45.0,0.0,,100.0,2.0,,,,0,cooldown
2026-07-07T20:35:27,reactive_hot_humid_bursty_r2,reactive,hot_humid,bursty,2,36.666,36.366,36.166,33.666,25.0,45.0,0.0,,100.0,2.0,,,,0,cooldown
2026-07-07T20:35:27,reactive_hot_humid_bursty_r2,reactive,hot_humid,bursty,2,36.656,36.356,36.156,33.656,25.0,45.0,0.0,,100.0,2.0,,,,0,cooldown
2026-07-07T20:35:27,reactive_hot_humid_bursty_r2,reactive,hot_humid,bursty,2,36.647,36.347,36.147,33.647,25.0,45.0,0.0,,100.0,2.0,,,,0,cooldown
2026-07-07T20:35:27,reactive_hot_humid_bursty_r2,reactive,hot_humid,bursty,2,36.638,36.338,36.138,33.638,25.0,45.0,0.0,,100.0,2.0,,,,0,cooldown
2026-07-07T20:35:27,reactive_hot_humid_bursty_r2,reactive,hot_humid,bursty,2,36.629,36.329,36.129,33.629,25.0,45.0,0.0,,100.0,2.0,,,,0,cooldown
2026-07-07T20:35:27,reactive_hot_humid_bursty_r2,reactive,hot_humid,bursty,2,36.62,36.32,36.12,33.62,25.0,45.0,0.0,,100.0,2.0,,,,0,cooldown
2026-07-07T20:35:27,reactive_hot_humid_bursty_r2,reactive,hot_humid,bursty,2,36.61,36.31,36.11,33.61,25.0,45.0,0.0,,100.0,2.0,,,,0,cooldown
2026-07-07T20:35:27,reactive_hot_humid_bursty_r2,reactive,hot_humid,bursty,2,36.601,36.301,36.101,33.601,25.0,45.0,0.0,,100.0,2.0,,,,0,cooldown
2026-07-07T20:35:27,reactive_hot_humid_bursty_r2,reactive,hot_humid,bursty,2,36.592,36.292,36.092,33.592,25.0,45.0,0.0,,100.0,2.0,,,,0,cooldown
2026-07-07T20:35:27,reactive_hot_humid_bursty_r2,reactive,hot_humid,bursty,2,36.583,36.283,36.083,33.583,25.0,45.0,0.0,,100.0,2.0,,,,0,cooldown
2026-07-07T20:35:27,reactive_hot_humid_bursty_r2,reactive,hot_humid,bursty,2,36.574,36.274,36.074,33.574,25.0,45.0,0.0,,100.0,2.0,,,,0,cooldown
2026-07-07T20:35:27,reactive_hot_humid_bursty_r2,reactive,hot_humid,bursty,2,36.565,36.265,36.065,33.565,25.0,45.0,0.0,,100.0,2.0,,,,0,cooldown
2026-07-07T20:35:27,reactive_hot_humid_bursty_r2,reactive,hot_humid,bursty,2,36.555,36.255,36.055,33.555,25.0,45.0,0.0,,100.0,2.0,,,,0,cooldown
2026-07-07T20:35:27,reactive_hot_humid_bursty_r2,reactive,hot_humid,bursty,2,36.546,36.246,36.046,33.546,25.0,45.0,0.0,,100.0,2.0,,,,0,cooldown
2026-07-07T20:35:27,reactive_hot_humid_bursty_r2,reactive,hot_humid,bursty,2,36.537,36.237,36.037,33.537,25.0,45.0,0.0,,100.0,2.0,,,,0,cooldown
2026-07-07T20:35:27,reactive_hot_humid_bursty_r2,reactive,hot_humid,bursty,2,36.528,36.228,36.028,33.528,25.0,45.0,0.0,,100.0,2.0,,,,0,cooldown
2026-07-07T20:35:27,reactive_hot_humid_bursty_r2,reactive,hot_humid,bursty,2,36.519,36.219,36.019,33.519,25.0,45.0,0.0,,100.0,2.0,,,,0,cooldown
2026-07-07T20:35:27,reactive_hot_humid_bursty_r2,reactive,hot_humid,bursty,2,36.51,36.21,36.01,33.51,25.0,45.0,0.0,,100.0,2.0,,,,0,cooldown
2026-07-07T20:35:27,reactive_hot_humid_bursty_r2,reactive,hot_humid,bursty,2,36.501,36.201,36.001,33.501,25.0,45.0,0.0,,100.0,2.0,,,,0,cooldown
2026-07-07T20:35:27,reactive_hot_humid_bursty_r2,reactive,hot_humid,bursty,2,36.492,36.192,35.992,33.492,25.0,45.0,0.0,,100.0,2.0,,,,0,cooldown
2026-07-07T20:35:27,reactive_hot_humid_bursty_r2,reactive,hot_humid,bursty,2,36.483,36.183,35.983,33.483,25.0,45.0,0.0,,100.0,2.0,,,,0,cooldown
2026-07-07T20:35:27,reactive_hot_humid_bursty_r2,reactive,hot_humid,bursty,2,36.474,36.174,35.974,33.474,25.0,45.0,0.0,,100.0,2.0,,,,0,cooldown
2026-07-07T20:35:27,reactive_hot_humid_bursty_r2,reactive,hot_humid,bursty,2,36.465,36.165,35.965,33.465,25.0,45.0,0.0,,100.0,2.0,,,,0,cooldown
2026-07-07T20:35:27,reactive_hot_humid_bursty_r2,reactive,hot_humid,bursty,2,36.456,36.156,35.956,33.456,25.0,45.0,0.0,,100.0,2.0,,,,0,cooldown
2026-07-07T20:35:27,reactive_hot_humid_bursty_r2,reactive,hot_humid,bursty,2,36.446,36.146,35.946,33.446,25.0,45.0,0.0,,100.0,2.0,,,,0,cooldown
2026-07-07T20:35:27,reactive_hot_humid_bursty_r2,reactive,hot_humid,bursty,2,36.437,36.137,35.937,33.437,25.0,45.0,0.0,,100.0,2.0,,,,0,cooldown
2026-07-07T20:35:27,reactive_hot_humid_bursty_r2,reactive,hot_humid,bursty,2,36.428,36.128,35.928,33.428,25.0,45.0,0.0,,100.0,2.0,,,,0,cooldown
2026-07-07T20:35:27,reactive_hot_humid_bursty_r2,reactive,hot_humid,bursty,2,36.419,36.119,35.919,33.419,25.0,45.0,0.0,,100.0,2.0,,,,0,cooldown
2026-07-07T20:35:27,reactive_hot_humid_bursty_r2,reactive,hot_humid,bursty,2,36.41,36.11,35.91,33.41,25.0,45.0,0.0,,100.0,2.0,,,,0,cooldown
2026-07-07T20:35:27,reactive_hot_humid_bursty_r2,reactive,hot_humid,bursty,2,36.401,36.101,35.901,33.401,25.0,45.0,0.0,,100.0,2.0,,,,0,cooldown
2026-07-07T20:35:27,reactive_hot_humid_bursty_r2,reactive,hot_humid,bursty,2,36.392,36.092,35.892,33.392,25.0,45.0,0.0,,100.0,2.0,,,,0,cooldown
2026-07-07T20:35:27,reactive_hot_humid_bursty_r2,reactive,hot_humid,bursty,2,36.383,36.083,35.883,33.383,25.0,45.0,0.0,,100.0,2.0,,,,0,cooldown
2026-07-07T20:35:27,reactive_hot_humid_bursty_r2,reactive,hot_humid,bursty,2,36.374,36.074,35.874,33.374,25.0,45.0,0.0,,100.0,2.0,,,,0,cooldown
2026-07-07T20:35:27,reactive_hot_humid_bursty_r2,reactive,hot_humid,bursty,2,36.365,36.065,35.865,33.365,25.0,45.0,0.0,,100.0,2.0,,,,0,cooldown
2026-07-07T20:35:27,reactive_hot_humid_bursty_r2,reactive,hot_humid,bursty,2,36.356,36.056,35.856,33.356,25.0,45.0,0.0,,100.0,2.0,,,,0,cooldown
2026-07-07T20:35:27,reactive_hot_humid_bursty_r2,reactive,hot_humid,bursty,2,36.347,36.047,35.847,33.347,25.0,45.0,0.0,,100.0,2.0,,,,0,cooldown
2026-07-07T20:35:27,reactive_hot_humid_bursty_r2,reactive,hot_humid,bursty,2,36.338,36.038,35.838,33.338,25.0,45.0,0.0,,100.0,2.0,,,,0,cooldown
2026-07-07T20:35:27,reactive_hot_humid_bursty_r2,reactive,hot_humid,bursty,2,36.33,36.03,35.83,33.33,25.0,45.0,0.0,,100.0,2.0,,,,0,cooldown
2026-07-07T20:35:27,reactive_hot_humid_bursty_r2,reactive,hot_humid,bursty,2,36.321,36.021,35.821,33.321,25.0,45.0,0.0,,100.0,2.0,,,,0,cooldown
2026-07-07T20:35:27,reactive_hot_humid_bursty_r2,reactive,hot_humid,bursty,2,36.312,36.012,35.812,33.312,25.0,45.0,0.0,,100.0,2.0,,,,0,cooldown
2026-07-07T20:35:27,reactive_hot_humid_bursty_r2,reactive,hot_humid,bursty,2,36.303,36.003,35.803,33.303,25.0,45.0,0.0,,100.0,2.0,,,,0,cooldown
2026-07-07T20:35:27,reactive_hot_humid_bursty_r2,reactive,hot_humid,bursty,2,36.294,35.994,35.794,33.294,25.0,45.0,0.0,,100.0,2.0,,,,0,cooldown
2026-07-07T20:35:27,reactive_hot_humid_bursty_r2,reactive,hot_humid,bursty,2,36.285,35.985,35.785,33.285,25.0,45.0,0.0,,100.0,2.0,,,,0,cooldown
2026-07-07T20:35:27,reactive_hot_humid_bursty_r2,reactive,hot_humid,bursty,2,36.276,35.976,35.776,33.276,25.0,45.0,0.0,,100.0,2.0,,,,0,cooldown
2026-07-07T20:35:27,reactive_hot_humid_bursty_r2,reactive,hot_humid,bursty,2,36.267,35.967,35.767,33.267,25.0,45.0,0.0,,100.0,2.0,,,,0,cooldown
2026-07-07T20:35:27,reactive_hot_humid_bursty_r2,reactive,hot_humid,bursty,2,36.258,35.958,35.758,33.258,25.0,45.0,0.0,,100.0,2.0,,,,0,cooldown
2026-07-07T20:35:27,reactive_hot_humid_bursty_r2,reactive,hot_humid,bursty,2,36.249,35.949,35.749,33.249,25.0,45.0,0.0,,100.0,2.0,,,,0,cooldown
2026-07-07T20:35:27,reactive_hot_humid_bursty_r2,reactive,hot_humid,bursty,2,36.24,35.94,35.74,33.24,25.0,45.0,0.0,,100.0,2.0,,,,0,cooldown
2026-07-07T20:35:27,reactive_hot_humid_bursty_r2,reactive,hot_humid,bursty,2,36.232,35.932,35.732,33.232,25.0,45.0,0.0,,100.0,2.0,,,,0,cooldown
2026-07-07T20:35:27,reactive_hot_humid_bursty_r2,reactive,hot_humid,bursty,2,36.223,35.923,35.723,33.223,25.0,45.0,0.0,,100.0,2.0,,,,0,cooldown
2026-07-07T20:35:27,reactive_hot_humid_bursty_r2,reactive,hot_humid,bursty,2,36.214,35.914,35.714,33.214,25.0,45.0,0.0,,100.0,2.0,,,,0,cooldown
2026-07-07T20:35:27,reactive_hot_humid_bursty_r2,reactive,hot_humid,bursty,2,36.205,35.905,35.705,33.205,25.0,45.0,0.0,,100.0,2.0,,,,0,cooldown
2026-07-07T20:35:27,reactive_hot_humid_bursty_r2,reactive,hot_humid,bursty,2,36.196,35.896,35.696,33.196,25.0,45.0,0.0,,100.0,2.0,,,,0,cooldown
2026-07-07T20:35:27,reactive_hot_humid_bursty_r2,reactive,hot_humid,bursty,2,36.187,35.887,35.687,33.187,25.0,45.0,0.0,,100.0,2.0,,,,0,cooldown
2026-07-07T20:35:27,reactive_hot_humid_bursty_r2,reactive,hot_humid,bursty,2,36.178,35.878,35.678,33.178,25.0,45.0,0.0,,100.0,2.0,,,,0,cooldown
2026-07-07T20:35:27,reactive_hot_humid_bursty_r2,reactive,hot_humid,bursty,2,36.17,35.87,35.67,33.17,25.0,45.0,0.0,,100.0,2.0,,,,0,cooldown
2026-07-07T20:35:27,reactive_hot_humid_bursty_r2,reactive,hot_humid,bursty,2,36.161,35.861,35.661,33.161,25.0,45.0,0.0,,100.0,2.0,,,,0,cooldown
2026-07-07T20:35:27,reactive_hot_humid_bursty_r2,reactive,hot_humid,bursty,2,36.152,35.852,35.652,33.152,25.0,45.0,0.0,,100.0,2.0,,,,0,cooldown
2026-07-07T20:35:27,reactive_hot_humid_bursty_r2,reactive,hot_humid,bursty,2,36.143,35.843,35.643,33.143,25.0,45.0,0.0,,100.0,2.0,,,,0,cooldown
2026-07-07T20:35:27,reactive_hot_humid_bursty_r2,reactive,hot_humid,bursty,2,36.134,35.834,35.634,33.134,25.0,45.0,0.0,,100.0,2.0,,,,0,cooldown
2026-07-07T20:35:27,reactive_hot_humid_bursty_r2,reactive,hot_humid,bursty,2,36.126,35.826,35.626,33.126,25.0,45.0,0.0,,100.0,2.0,,,,0,cooldown
2026-07-07T20:35:27,reactive_hot_humid_bursty_r2,reactive,hot_humid,bursty,2,36.117,35.817,35.617,33.117,25.0,45.0,0.0,,100.0,2.0,,,,0,cooldown
2026-07-07T20:35:27,reactive_hot_humid_bursty_r2,reactive,hot_humid,bursty,2,36.108,35.808,35.608,33.108,25.0,45.0,0.0,,100.0,2.0,,,,0,cooldown
2026-07-07T20:35:27,reactive_hot_humid_bursty_r2,reactive,hot_humid,bursty,2,36.099,35.799,35.599,33.099,25.0,45.0,0.0,,100.0,2.0,,,,0,cooldown
2026-07-07T20:35:27,reactive_hot_humid_bursty_r2,reactive,hot_humid,bursty,2,36.091,35.791,35.591,33.091,25.0,45.0,0.0,,100.0,2.0,,,,0,cooldown
2026-07-07T20:35:27,reactive_hot_humid_bursty_r2,reactive,hot_humid,bursty,2,36.082,35.782,35.582,33.082,25.0,45.0,0.0,,100.0,2.0,,,,0,cooldown
2026-07-07T20:35:27,reactive_hot_humid_bursty_r2,reactive,hot_humid,bursty,2,36.073,35.773,35.573,33.073,25.0,45.0,0.0,,100.0,2.0,,,,0,cooldown
2026-07-07T20:35:27,reactive_hot_humid_bursty_r2,reactive,hot_humid,bursty,2,36.064,35.764,35.564,33.064,25.0,45.0,0.0,,100.0,2.0,,,,0,cooldown
2026-07-07T20:35:27,reactive_hot_humid_bursty_r2,reactive,hot_humid,bursty,2,36.056,35.756,35.556,33.056,25.0,45.0,0.0,,100.0,2.0,,,,0,cooldown
2026-07-07T20:35:27,reactive_hot_humid_bursty_r2,reactive,hot_humid,bursty,2,36.047,35.747,35.547,33.047,25.0,45.0,0.0,,100.0,2.0,,,,0,cooldown
2026-07-07T20:35:27,reactive_hot_humid_bursty_r2,reactive,hot_humid,bursty,2,36.038,35.738,35.538,33.038,25.0,45.0,0.0,,100.0,2.0,,,,0,cooldown
2026-07-07T20:35:27,reactive_hot_humid_bursty_r2,reactive,hot_humid,bursty,2,36.029,35.729,35.529,33.029,25.0,45.0,0.0,,100.0,2.0,,,,0,cooldown
2026-07-07T20:35:27,reactive_hot_humid_bursty_r2,reactive,hot_humid,bursty,2,36.021,35.721,35.521,33.021,25.0,45.0,0.0,,100.0,2.0,,,,0,cooldown
2026-07-07T20:35:27,reactive_hot_humid_bursty_r2,reactive,hot_humid,bursty,2,36.012,35.712,35.512,33.012,25.0,45.0,0.0,,100.0,2.0,,,,0,cooldown
2026-07-07T20:35:27,reactive_hot_humid_bursty_r2,reactive,hot_humid,bursty,2,36.003,35.703,35.503,33.003,25.0,45.0,0.0,,100.0,2.0,,,,0,cooldown
2026-07-07T20:35:27,reactive_hot_humid_bursty_r2,reactive,hot_humid,bursty,2,35.995,35.695,35.495,32.995,25.0,45.0,0.0,,100.0,2.0,,,,0,cooldown
2026-07-07T20:35:27,reactive_hot_humid_bursty_r2,reactive,hot_humid,bursty,2,35.986,35.686,35.486,32.986,25.0,45.0,0.0,,100.0,2.0,,,,0,cooldown
2026-07-07T20:35:27,reactive_hot_humid_bursty_r2,reactive,hot_humid,bursty,2,35.977,35.677,35.477,32.977,25.0,45.0,0.0,,100.0,2.0,,,,0,cooldown
2026-07-07T20:35:27,reactive_hot_humid_bursty_r2,reactive,hot_humid,bursty,2,35.969,35.669,35.469,32.969,25.0,45.0,0.0,,100.0,2.0,,,,0,cooldown
2026-07-07T20:35:27,reactive_hot_humid_bursty_r2,reactive,hot_humid,bursty,2,35.96,35.66,35.46,32.96,25.0,45.0,0.0,,100.0,2.0,,,,0,cooldown
2026-07-07T20:35:27,reactive_hot_humid_bursty_r2,reactive,hot_humid,bursty,2,35.951,35.651,35.451,32.951,25.0,45.0,0.0,,100.0,2.0,,,,0,cooldown
2026-07-07T20:35:27,reactive_hot_humid_bursty_r2,reactive,hot_humid,bursty,2,35.943,35.643,35.443,32.943,25.0,45.0,0.0,,100.0,2.0,,,,0,cooldown
2026-07-07T20:35:27,reactive_hot_humid_bursty_r2,reactive,hot_humid,bursty,2,35.934,35.634,35.434,32.934,25.0,45.0,0.0,,100.0,2.0,,,,0,cooldown
2026-07-07T20:35:27,reactive_hot_humid_bursty_r2,reactive,hot_humid,bursty,2,35.925,35.625,35.425,32.925,25.0,45.0,0.0,,100.0,2.0,,,,0,cooldown
2026-07-07T20:35:27,reactive_hot_humid_bursty_r2,reactive,hot_humid,bursty,2,35.917,35.617,35.417,32.917,25.0,45.0,0.0,,100.0,2.0,,,,0,cooldown
2026-07-07T20:35:27,reactive_hot_humid_bursty_r2,reactive,hot_humid,bursty,2,35.908,35.608,35.408,32.908,25.0,45.0,0.0,,100.0,2.0,,,,0,cooldown
2026-07-07T20:35:27,reactive_hot_humid_bursty_r2,reactive,hot_humid,bursty,2,35.899,35.599,35.399,32.899,25.0,45.0,0.0,,100.0,2.0,,,,0,cooldown
2026-07-07T20:35:27,reactive_hot_humid_bursty_r2,reactive,hot_humid,bursty,2,35.891,35.591,35.391,32.891,25.0,45.0,0.0,,100.0,2.0,,,,0,cooldown
2026-07-07T20:35:27,reactive_hot_humid_bursty_r2,reactive,hot_humid,bursty,2,35.882,35.582,35.382,32.882,25.0,45.0,0.0,,100.0,2.0,,,,0,cooldown
2026-07-07T20:35:27,reactive_hot_humid_bursty_r2,reactive,hot_humid,bursty,2,35.874,35.574,35.374,32.874,25.0,45.0,0.0,,100.0,2.0,,,,0,cooldown
2026-07-07T20:35:27,reactive_hot_humid_bursty_r2,reactive,hot_humid,bursty,2,35.865,35.565,35.365,32.865,25.0,45.0,0.0,,100.0,2.0,,,,0,cooldown
2026-07-07T20:35:27,reactive_hot_humid_bursty_r2,reactive,hot_humid,bursty,2,35.857,35.557,35.357,32.857,25.0,45.0,0.0,,100.0,2.0,,,,0,cooldown
2026-07-07T20:35:27,reactive_hot_humid_bursty_r2,reactive,hot_humid,bursty,2,35.848,35.548,35.348,32.848,25.0,45.0,0.0,,100.0,2.0,,,,0,cooldown
2026-07-07T20:35:27,reactive_hot_humid_bursty_r2,reactive,hot_humid,bursty,2,35.839,35.539,35.339,32.839,25.0,45.0,0.0,,100.0,2.0,,,,0,cooldown
2026-07-07T20:35:27,reactive_hot_humid_bursty_r2,reactive,hot_humid,bursty,2,35.831,35.531,35.331,32.831,25.0,45.0,0.0,,100.0,2.0,,,,0,cooldown
2026-07-07T20:35:27,reactive_hot_humid_bursty_r2,reactive,hot_humid,bursty,2,35.822,35.522,35.322,32.822,25.0,45.0,0.0,,100.0,2.0,,,,0,cooldown
2026-07-07T20:35:27,reactive_hot_humid_bursty_r2,reactive,hot_humid,bursty,2,35.814,35.514,35.314,32.814,25.0,45.0,0.0,,100.0,2.0,,,,0,cooldown
2026-07-07T20:35:27,reactive_hot_humid_bursty_r2,reactive,hot_humid,bursty,2,35.805,35.505,35.305,32.805,25.0,45.0,0.0,,100.0,2.0,,,,0,cooldown
2026-07-07T20:35:27,reactive_hot_humid_bursty_r2,reactive,hot_humid,bursty,2,35.797,35.497,35.297,32.797,25.0,45.0,0.0,,100.0,2.0,,,,0,cooldown
2026-07-07T20:35:27,reactive_hot_humid_bursty_r2,reactive,hot_humid,bursty,2,35.788,35.488,35.288,32.788,25.0,45.0,0.0,,100.0,2.0,,,,0,cooldown
2026-07-07T20:35:27,reactive_hot_humid_bursty_r2,reactive,hot_humid,bursty,2,35.78,35.48,35.28,32.78,25.0,45.0,0.0,,100.0,2.0,,,,0,cooldown
2026-07-07T20:35:27,reactive_hot_humid_bursty_r2,reactive,hot_humid,bursty,2,35.771,35.471,35.271,32.771,25.0,45.0,0.0,,100.0,2.0,,,,0,cooldown
2026-07-07T20:35:27,reactive_hot_humid_bursty_r2,reactive,hot_humid,bursty,2,35.763,35.463,35.263,32.763,25.0,45.0,0.0,,100.0,2.0,,,,0,cooldown
2026-07-07T20:35:27,reactive_hot_humid_bursty_r2,reactive,hot_humid,bursty,2,35.754,35.454,35.254,32.754,25.0,45.0,0.0,,100.0,2.0,,,,0,cooldown
2026-07-07T20:35:27,reactive_hot_humid_bursty_r2,reactive,hot_humid,bursty,2,35.746,35.446,35.246,32.746,25.0,45.0,0.0,,100.0,2.0,,,,0,cooldown
2026-07-07T20:35:27,reactive_hot_humid_bursty_r2,reactive,hot_humid,bursty,2,35.737,35.437,35.237,32.737,25.0,45.0,0.0,,100.0,2.0,,,,0,cooldown
2026-07-07T20:35:27,reactive_hot_humid_bursty_r2,reactive,hot_humid,bursty,2,35.729,35.429,35.229,32.729,25.0,45.0,0.0,,100.0,2.0,,,,0,cooldown
2026-07-07T20:35:27,reactive_hot_humid_bursty_r2,reactive,hot_humid,bursty,2,35.72,35.42,35.22,32.72,25.0,45.0,0.0,,100.0,2.0,,,,0,cooldown
2026-07-07T20:35:27,reactive_hot_humid_bursty_r2,reactive,hot_humid,bursty,2,35.712,35.412,35.212,32.712,25.0,45.0,0.0,,100.0,2.0,,,,0,cooldown
2026-07-07T20:35:27,reactive_hot_humid_bursty_r2,reactive,hot_humid,bursty,2,35.703,35.403,35.203,32.703,25.0,45.0,0.0,,100.0,2.0,,,,0,cooldown
2026-07-07T20:35:27,reactive_hot_humid_bursty_r2,reactive,hot_humid,bursty,2,35.695,35.395,35.195,32.695,25.0,45.0,0.0,,100.0,2.0,,,,0,cooldown
2026-07-07T20:35:27,reactive_hot_humid_bursty_r2,reactive,hot_humid,bursty,2,35.686,35.386,35.186,32.686,25.0,45.0,0.0,,100.0,2.0,,,,0,cooldown
2026-07-07T20:35:27,reactive_hot_humid_bursty_r2,reactive,hot_humid,bursty,2,35.678,35.378,35.178,32.678,25.0,45.0,0.0,,100.0,2.0,,,,0,cooldown
2026-07-07T20:35:27,reactive_hot_humid_bursty_r2,reactive,hot_humid,bursty,2,35.67,35.37,35.17,32.67,25.0,45.0,0.0,,100.0,2.0,,,,0,cooldown
2026-07-07T20:35:27,reactive_hot_humid_bursty_r2,reactive,hot_humid,bursty,2,35.661,35.361,35.161,32.661,25.0,45.0,0.0,,100.0,2.0,,,,0,cooldown
2026-07-07T20:35:27,reactive_hot_humid_bursty_r2,reactive,hot_humid,bursty,2,35.653,35.353,35.153,32.653,25.0,45.0,0.0,,100.0,2.0,,,,0,cooldown
2026-07-07T20:35:27,reactive_hot_humid_bursty_r2,reactive,hot_humid,bursty,2,35.644,35.344,35.144,32.644,25.0,45.0,0.0,,100.0,2.0,,,,0,cooldown
2026-07-07T20:35:27,reactive_hot_humid_bursty_r2,reactive,hot_humid,bursty,2,35.636,35.336,35.136,32.636,25.0,45.0,0.0,,100.0,2.0,,,,0,cooldown
2026-07-07T20:35:27,reactive_hot_humid_bursty_r2,reactive,hot_humid,bursty,2,35.627,35.327,35.127,32.627,25.0,45.0,0.0,,100.0,2.0,,,,0,cooldown
2026-07-07T20:35:27,reactive_hot_humid_bursty_r2,reactive,hot_humid,bursty,2,35.619,35.319,35.119,32.619,25.0,45.0,0.0,,100.0,2.0,,,,0,cooldown
2026-07-07T20:35:27,reactive_hot_humid_bursty_r2,reactive,hot_humid,bursty,2,35.611,35.311,35.111,32.611,25.0,45.0,0.0,,100.0,2.0,,,,0,cooldown
2026-07-07T20:35:27,reactive_hot_humid_bursty_r2,reactive,hot_humid,bursty,2,35.602,35.302,35.102,32.602,25.0,45.0,0.0,,100.0,2.0,,,,0,cooldown
2026-07-07T20:35:27,reactive_hot_humid_bursty_r2,reactive,hot_humid,bursty,2,35.594,35.294,35.094,32.594,25.0,45.0,0.0,,100.0,2.0,,,,0,cooldown
2026-07-07T20:35:27,reactive_hot_humid_bursty_r2,reactive,hot_humid,bursty,2,35.586,35.286,35.086,32.586,25.0,45.0,0.0,,100.0,2.0,,,,0,cooldown
2026-07-07T20:35:27,reactive_hot_humid_bursty_r2,reactive,hot_humid,bursty,2,35.577,35.277,35.077,32.577,25.0,45.0,0.0,,100.0,2.0,,,,0,cooldown
2026-07-07T20:35:27,reactive_hot_humid_bursty_r2,reactive,hot_humid,bursty,2,35.569,35.269,35.069,32.569,25.0,45.0,0.0,,100.0,2.0,,,,0,cooldown
2026-07-07T20:35:27,reactive_hot_humid_bursty_r2,reactive,hot_humid,bursty,2,35.561,35.261,35.061,32.561,25.0,45.0,0.0,,100.0,2.0,,,,0,cooldown
2026-07-07T20:35:27,reactive_hot_humid_bursty_r2,reactive,hot_humid,bursty,2,35.552,35.252,35.052,32.552,25.0,45.0,0.0,,100.0,2.0,,,,0,cooldown
2026-07-07T20:35:27,reactive_hot_humid_bursty_r2,reactive,hot_humid,bursty,2,35.544,35.244,35.044,32.544,25.0,45.0,0.0,,100.0,2.0,,,,0,cooldown
2026-07-07T20:35:27,reactive_hot_humid_bursty_r2,reactive,hot_humid,bursty,2,35.536,35.236,35.036,32.536,25.0,45.0,0.0,,100.0,2.0,,,,0,cooldown
2026-07-07T20:35:27,reactive_hot_humid_bursty_r2,reactive,hot_humid,bursty,2,35.527,35.227,35.027,32.527,25.0,45.0,0.0,,100.0,2.0,,,,0,cooldown
2026-07-07T20:35:27,reactive_hot_humid_bursty_r2,reactive,hot_humid,bursty,2,35.519,35.219,35.019,32.519,25.0,45.0,0.0,,100.0,2.0,,,,0,cooldown
2026-07-07T20:35:27,reactive_hot_humid_bursty_r2,reactive,hot_humid,bursty,2,35.511,35.211,35.011,32.511,25.0,45.0,0.0,,100.0,2.0,,,,0,cooldown
2026-07-07T20:35:27,reactive_hot_humid_bursty_r2,reactive,hot_humid,bursty,2,35.502,35.202,35.002,32.502,25.0,45.0,0.0,,100.0,2.0,,,,0,cooldown
2026-07-07T20:35:27,reactive_hot_humid_bursty_r2,reactive,hot_humid,bursty,2,35.494,35.194,34.994,32.494,25.0,45.0,0.0,,100.0,2.0,,,,0,cooldown
2026-07-07T20:35:27,reactive_hot_humid_bursty_r2,reactive,hot_humid,bursty,2,35.486,35.186,34.986,32.486,25.0,45.0,0.0,,100.0,2.0,,,,0,cooldown
2026-07-07T20:35:27,reactive_hot_humid_bursty_r2,reactive,hot_humid,bursty,2,35.477,35.177,34.977,32.477,25.0,45.0,0.0,,100.0,2.0,,,,0,cooldown
2026-07-07T20:35:27,reactive_hot_humid_bursty_r2,reactive,hot_humid,bursty,2,35.469,35.169,34.969,32.469,25.0,45.0,0.0,,100.0,2.0,,,,0,cooldown
2026-07-07T20:35:27,reactive_hot_humid_bursty_r2,reactive,hot_humid,bursty,2,35.461,35.161,34.961,32.461,25.0,45.0,0.0,,100.0,2.0,,,,0,cooldown
2026-07-07T20:35:27,reactive_hot_humid_bursty_r2,reactive,hot_humid,bursty,2,35.453,35.153,34.953,32.453,25.0,45.0,0.0,,100.0,2.0,,,,0,cooldown
2026-07-07T20:35:27,reactive_hot_humid_bursty_r2,reactive,hot_humid,bursty,2,35.444,35.144,34.944,32.444,25.0,45.0,0.0,,100.0,2.0,,,,0,cooldown
2026-07-07T20:35:27,reactive_hot_humid_bursty_r2,reactive,hot_humid,bursty,2,35.436,35.136,34.936,32.436,25.0,45.0,0.0,,100.0,2.0,,,,0,cooldown
2026-07-07T20:35:27,reactive_hot_humid_bursty_r2,reactive,hot_humid,bursty,2,35.428,35.128,34.928,32.428,25.0,45.0,0.0,,100.0,2.0,,,,0,cooldown
2026-07-07T20:35:27,reactive_hot_humid_bursty_r2,reactive,hot_humid,bursty,2,35.42,35.12,34.92,32.42,25.0,45.0,0.0,,100.0,2.0,,,,0,cooldown
2026-07-07T20:35:27,reactive_hot_humid_bursty_r2,reactive,hot_humid,bursty,2,35.411,35.111,34.911,32.411,25.0,45.0,0.0,,100.0,2.0,,,,0,cooldown
2026-07-07T20:35:27,reactive_hot_humid_bursty_r2,reactive,hot_humid,bursty,2,35.403,35.103,34.903,32.403,25.0,45.0,0.0,,100.0,2.0,,,,0,cooldown
2026-07-07T20:35:27,reactive_hot_humid_bursty_r2,reactive,hot_humid,bursty,2,35.395,35.095,34.895,32.395,25.0,45.0,0.0,,100.0,2.0,,,,0,cooldown
2026-07-07T20:35:27,reactive_hot_humid_bursty_r2,reactive,hot_humid,bursty,2,35.387,35.087,34.887,32.387,25.0,45.0,0.0,,100.0,2.0,,,,0,cooldown
2026-07-07T20:35:27,reactive_hot_humid_bursty_r2,reactive,hot_humid,bursty,2,35.379,35.079,34.879,32.379,25.0,45.0,0.0,,100.0,2.0,,,,0,cooldown
2026-07-07T20:35:27,reactive_hot_humid_bursty_r2,reactive,hot_humid,bursty,2,35.37,35.07,34.87,32.37,25.0,45.0,0.0,,100.0,2.0,,,,0,cooldown
2026-07-07T20:35:27,reactive_hot_humid_bursty_r2,reactive,hot_humid,bursty,2,35.362,35.062,34.862,32.362,25.0,45.0,0.0,,100.0,2.0,,,,0,cooldown
2026-07-07T20:35:27,reactive_hot_humid_bursty_r2,reactive,hot_humid,bursty,2,35.354,35.054,34.854,32.354,25.0,45.0,0.0,,100.0,2.0,,,,0,cooldown
2026-07-07T20:35:27,reactive_hot_humid_bursty_r2,reactive,hot_humid,bursty,2,35.346,35.046,34.846,32.346,25.0,45.0,0.0,,100.0,2.0,,,,0,cooldown
2026-07-07T20:35:27,reactive_hot_humid_bursty_r2,reactive,hot_humid,bursty,2,35.338,35.038,34.838,32.338,25.0,45.0,0.0,,100.0,2.0,,,,0,cooldown
2026-07-07T20:35:27,reactive_hot_humid_bursty_r2,reactive,hot_humid,bursty,2,35.33,35.03,34.83,32.33,25.0,45.0,0.0,,100.0,2.0,,,,0,cooldown
2026-07-07T20:35:27,reactive_hot_humid_bursty_r2,reactive,hot_humid,bursty,2,35.321,35.021,34.821,32.321,25.0,45.0,0.0,,100.0,2.0,,,,0,cooldown
2026-07-07T20:35:27,reactive_hot_humid_bursty_r2,reactive,hot_humid,bursty,2,35.313,35.013,34.813,32.313,25.0,45.0,0.0,,100.0,2.0,,,,0,cooldown
2026-07-07T20:35:27,reactive_hot_humid_bursty_r2,reactive,hot_humid,bursty,2,35.305,35.005,34.805,32.305,25.0,45.0,0.0,,100.0,2.0,,,,0,cooldown
2026-07-07T20:35:27,reactive_hot_humid_bursty_r2,reactive,hot_humid,bursty,2,35.297,34.997,34.797,32.297,25.0,45.0,0.0,,100.0,2.0,,,,0,cooldown
2026-07-07T20:35:27,reactive_hot_humid_bursty_r2,reactive,hot_humid,bursty,2,35.289,34.989,34.789,32.289,25.0,45.0,0.0,,100.0,2.0,,,,0,cooldown
2026-07-07T20:35:27,reactive_hot_humid_bursty_r2,reactive,hot_humid,bursty,2,35.281,34.981,34.781,32.281,25.0,45.0,0.0,,100.0,2.0,,,,0,cooldown
2026-07-07T20:35:27,reactive_hot_humid_bursty_r2,reactive,hot_humid,bursty,2,35.273,34.973,34.773,32.273,25.0,45.0,0.0,,100.0,2.0,,,,0,cooldown
2026-07-07T20:35:27,reactive_hot_humid_bursty_r2,reactive,hot_humid,bursty,2,35.264,34.964,34.764,32.264,25.0,45.0,0.0,,100.0,2.0,,,,0,cooldown
2026-07-07T20:35:27,reactive_hot_humid_bursty_r2,reactive,hot_humid,bursty,2,35.256,34.956,34.756,32.256,25.0,45.0,0.0,,100.0,2.0,,,,0,cooldown
2026-07-07T20:35:27,reactive_hot_humid_bursty_r2,reactive,hot_humid,bursty,2,35.248,34.948,34.748,32.248,25.0,45.0,0.0,,100.0,2.0,,,,0,cooldown
2026-07-07T20:35:27,reactive_hot_humid_bursty_r2,reactive,hot_humid,bursty,2,35.24,34.94,34.74,32.24,25.0,45.0,0.0,,100.0,2.0,,,,0,cooldown
2026-07-07T20:35:27,reactive_hot_humid_bursty_r2,reactive,hot_humid,bursty,2,35.232,34.932,34.732,32.232,25.0,45.0,0.0,,100.0,2.0,,,,0,cooldown
2026-07-07T20:35:27,reactive_hot_humid_bursty_r2,reactive,hot_humid,bursty,2,35.224,34.924,34.724,32.224,25.0,45.0,0.0,,100.0,2.0,,,,0,cooldown
2026-07-07T20:35:27,reactive_hot_humid_bursty_r2,reactive,hot_humid,bursty,2,35.216,34.916,34.716,32.216,25.0,45.0,0.0,,100.0,2.0,,,,0,cooldown
2026-07-07T20:35:27,reactive_hot_humid_bursty_r2,reactive,hot_humid,bursty,2,35.208,34.908,34.708,32.208,25.0,45.0,0.0,,100.0,2.0,,,,0,cooldown
2026-07-07T20:35:27,reactive_hot_humid_bursty_r2,reactive,hot_humid,bursty,2,35.2,34.9,34.7,32.2,25.0,45.0,0.0,,100.0,2.0,,,,0,cooldown
2026-07-07T20:35:27,reactive_hot_humid_bursty_r2,reactive,hot_humid,bursty,2,35.192,34.892,34.692,32.192,25.0,45.0,0.0,,100.0,2.0,,,,0,cooldown
2026-07-07T20:35:27,reactive_hot_humid_bursty_r2,reactive,hot_humid,bursty,2,35.184,34.884,34.684,32.184,25.0,45.0,0.0,,100.0,2.0,,,,0,cooldown
2026-07-07T20:35:27,reactive_hot_humid_bursty_r2,reactive,hot_humid,bursty,2,35.176,34.876,34.676,32.176,25.0,45.0,0.0,,100.0,2.0,,,,0,cooldown
2026-07-07T20:35:27,reactive_hot_humid_bursty_r2,reactive,hot_humid,bursty,2,35.168,34.868,34.668,32.168,25.0,45.0,0.0,,100.0,2.0,,,,0,cooldown
2026-07-07T20:35:27,reactive_hot_humid_bursty_r2,reactive,hot_humid,bursty,2,35.16,34.86,34.66,32.16,25.0,45.0,0.0,,100.0,2.0,,,,0,cooldown
2026-07-07T20:35:27,reactive_hot_humid_bursty_r2,reactive,hot_humid,bursty,2,35.152,34.852,34.652,32.152,25.0,45.0,0.0,,100.0,2.0,,,,0,cooldown
2026-07-07T20:35:27,reactive_hot_humid_bursty_r2,reactive,hot_humid,bursty,2,35.144,34.844,34.644,32.144,25.0,45.0,0.0,,100.0,2.0,,,,0,cooldown
2026-07-07T20:35:27,reactive_hot_humid_bursty_r2,reactive,hot_humid,bursty,2,35.136,34.836,34.636,32.136,25.0,45.0,0.0,,100.0,2.0,,,,0,cooldown
2026-07-07T20:35:27,reactive_hot_humid_bursty_r2,reactive,hot_humid,bursty,2,35.128,34.828,34.628,32.128,25.0,45.0,0.0,,100.0,2.0,,,,0,cooldown
2026-07-07T20:35:27,reactive_hot_humid_bursty_r2,reactive,hot_humid,bursty,2,35.12,34.82,34.62,32.12,25.0,45.0,0.0,,100.0,2.0,,,,0,cooldown
2026-07-07T20:35:27,reactive_hot_humid_bursty_r2,reactive,hot_humid,bursty,2,35.112,34.812,34.612,32.112,25.0,45.0,0.0,,100.0,2.0,,,,0,cooldown
2026-07-07T20:35:27,reactive_hot_humid_bursty_r2,reactive,hot_humid,bursty,2,35.104,34.804,34.604,32.104,25.0,45.0,0.0,,100.0,2.0,,,,0,cooldown
2026-07-07T20:35:27,reactive_hot_humid_bursty_r2,reactive,hot_humid,bursty,2,35.096,34.796,34.596,32.096,25.0,45.0,0.0,,100.0,2.0,,,,0,cooldown
2026-07-07T20:35:27,reactive_hot_humid_bursty_r2,reactive,hot_humid,bursty,2,35.088,34.788,34.588,32.088,25.0,45.0,0.0,,100.0,2.0,,,,0,cooldown
2026-07-07T20:35:27,reactive_hot_humid_bursty_r2,reactive,hot_humid,bursty,2,35.08,34.78,34.58,32.08,25.0,45.0,0.0,,100.0,2.0,,,,0,cooldown
2026-07-07T20:35:27,reactive_hot_humid_bursty_r2,reactive,hot_humid,bursty,2,35.072,34.772,34.572,32.072,25.0,45.0,0.0,,100.0,2.0,,,,0,cooldown
2026-07-07T20:35:27,reactive_hot_humid_bursty_r2,reactive,hot_humid,bursty,2,35.064,34.764,34.564,32.064,25.0,45.0,0.0,,100.0,2.0,,,,0,cooldown
2026-07-07T20:35:27,reactive_hot_humid_bursty_r2,reactive,hot_humid,bursty,2,35.056,34.756,34.556,32.056,25.0,45.0,0.0,,100.0,2.0,,,,0,cooldown
2026-07-07T20:35:27,reactive_hot_humid_bursty_r2,reactive,hot_humid,bursty,2,35.048,34.748,34.548,32.048,25.0,45.0,0.0,,100.0,2.0,,,,0,cooldown
2026-07-07T20:35:27,reactive_hot_humid_bursty_r2,reactive,hot_humid,bursty,2,35.04,34.74,34.54,32.04,25.0,45.0,0.0,,100.0,2.0,,,,0,cooldown
2026-07-07T20:35:27,reactive_hot_humid_bursty_r2,reactive,hot_humid,bursty,2,35.032,34.732,34.532,32.032,25.0,45.0,0.0,,100.0,2.0,,,,0,cooldown
2026-07-07T20:35:27,reactive_hot_humid_bursty_r2,reactive,hot_humid,bursty,2,35.024,34.724,34.524,32.024,25.0,45.0,0.0,,100.0,2.0,,,,0,cooldown
2026-07-07T20:35:27,reactive_hot_humid_bursty_r2,reactive,hot_humid,bursty,2,35.016,34.716,34.516,32.016,25.0,45.0,0.0,,100.0,2.0,,,,0,cooldown
2026-07-07T20:35:27,reactive_hot_humid_bursty_r2,reactive,hot_humid,bursty,2,35.008,34.708,34.508,32.008,25.0,45.0,0.0,,100.0,2.0,,,,0,cooldown
2026-07-07T20:35:27,reactive_hot_humid_bursty_r2,reactive,hot_humid,bursty,2,35.0,34.7,34.5,32.0,25.0,45.0,0.0,,100.0,2.0,,,,0,cooldown
2026-07-07T20:35:27,reactive_hot_humid_bursty_r2,reactive,hot_humid,bursty,2,34.993,34.693,34.493,31.993,25.0,45.0,0.0,,100.0,2.0,,,,0,cooldown
2026-07-07T20:35:27,reactive_hot_humid_bursty_r2,reactive,hot_humid,bursty,2,34.985,34.685,34.485,31.985,25.0,45.0,0.0,,100.0,2.0,,,,0,cooldown
2026-07-07T20:35:27,reactive_hot_humid_bursty_r2,reactive,hot_humid,bursty,2,34.977,34.677,34.477,31.977,25.0,45.0,0.0,,100.0,2.0,,,,0,cooldown
2026-07-07T20:35:27,reactive_hot_humid_bursty_r2,reactive,hot_humid,bursty,2,34.969,34.669,34.469,31.969,25.0,45.0,0.0,,100.0,2.0,,,,0,cooldown
2026-07-07T20:35:27,reactive_hot_humid_bursty_r2,reactive,hot_humid,bursty,2,34.961,34.661,34.461,31.961,25.0,45.0,0.0,,100.0,2.0,,,,0,cooldown
2026-07-07T20:35:27,reactive_hot_humid_bursty_r2,reactive,hot_humid,bursty,2,34.953,34.653,34.453,31.953,25.0,45.0,0.0,,100.0,2.0,,,,0,cooldown
2026-07-07T20:35:27,reactive_hot_humid_bursty_r2,reactive,hot_humid,bursty,2,34.945,34.645,34.445,31.945,25.0,45.0,0.0,,100.0,2.0,,,,0,cooldown
2026-07-07T20:35:27,reactive_hot_humid_bursty_r2,reactive,hot_humid,bursty,2,34.937,34.637,34.437,31.937,25.0,45.0,0.0,,100.0,2.0,,,,0,cooldown
2026-07-07T20:35:27,reactive_hot_humid_bursty_r2,reactive,hot_humid,bursty,2,34.93,34.63,34.43,31.93,25.0,45.0,0.0,,100.0,2.0,,,,0,cooldown
2026-07-07T20:35:27,reactive_hot_humid_bursty_r2,reactive,hot_humid,bursty,2,34.922,34.622,34.422,31.922,25.0,45.0,0.0,,100.0,2.0,,,,0,cooldown
2026-07-07T20:35:27,reactive_hot_humid_bursty_r2,reactive,hot_humid,bursty,2,34.914,34.614,34.414,31.914,25.0,45.0,0.0,,100.0,2.0,,,,0,cooldown
2026-07-07T20:35:27,reactive_hot_humid_bursty_r2,reactive,hot_humid,bursty,2,34.906,34.606,34.406,31.906,25.0,45.0,0.0,,100.0,2.0,,,,0,cooldown
2026-07-07T20:35:27,reactive_hot_humid_bursty_r2,reactive,hot_humid,bursty,2,34.898,34.598,34.398,31.898,25.0,45.0,0.0,,100.0,2.0,,,,0,cooldown
2026-07-07T20:35:27,reactive_hot_humid_bursty_r2,reactive,hot_humid,bursty,2,34.89,34.59,34.39,31.89,25.0,45.0,0.0,,100.0,2.0,,,,0,cooldown
2026-07-07T20:35:27,reactive_hot_humid_bursty_r2,reactive,hot_humid,bursty,2,34.883,34.583,34.383,31.883,25.0,45.0,0.0,,100.0,2.0,,,,0,cooldown
2026-07-07T20:35:27,reactive_hot_humid_bursty_r2,reactive,hot_humid,bursty,2,34.875,34.575,34.375,31.875,25.0,45.0,0.0,,100.0,2.0,,,,0,cooldown
2026-07-07T20:35:27,reactive_hot_humid_bursty_r2,reactive,hot_humid,bursty,2,34.867,34.567,34.367,31.867,25.0,45.0,0.0,,100.0,2.0,,,,0,cooldown
2026-07-07T20:35:27,reactive_hot_humid_bursty_r2,reactive,hot_humid,bursty,2,34.859,34.559,34.359,31.859,25.0,45.0,0.0,,100.0,2.0,,,,0,cooldown
2026-07-07T20:35:27,reactive_hot_humid_bursty_r2,reactive,hot_humid,bursty,2,34.851,34.551,34.351,31.851,25.0,45.0,0.0,,100.0,2.0,,,,0,cooldown
2026-07-07T20:35:27,reactive_hot_humid_bursty_r2,reactive,hot_humid,bursty,2,34.844,34.544,34.344,31.844,25.0,45.0,0.0,,100.0,2.0,,,,0,cooldown
2026-07-07T20:35:27,reactive_hot_humid_bursty_r2,reactive,hot_humid,bursty,2,34.836,34.536,34.336,31.836,25.0,45.0,0.0,,100.0,2.0,,,,0,cooldown
2026-07-07T20:35:27,reactive_hot_humid_bursty_r2,reactive,hot_humid,bursty,2,34.828,34.528,34.328,31.828,25.0,45.0,0.0,,100.0,2.0,,,,0,cooldown
2026-07-07T20:35:27,reactive_hot_humid_bursty_r2,reactive,hot_humid,bursty,2,34.82,34.52,34.32,31.82,25.0,45.0,0.0,,100.0,2.0,,,,0,cooldown
2026-07-07T20:35:27,reactive_hot_humid_bursty_r2,reactive,hot_humid,bursty,2,34.813,34.513,34.313,31.813,25.0,45.0,0.0,,100.0,2.0,,,,0,cooldown
2026-07-07T20:35:27,reactive_hot_humid_bursty_r2,reactive,hot_humid,bursty,2,34.805,34.505,34.305,31.805,25.0,45.0,0.0,,100.0,2.0,,,,0,cooldown
2026-07-07T20:35:27,reactive_hot_humid_bursty_r2,reactive,hot_humid,bursty,2,34.797,34.497,34.297,31.797,25.0,45.0,0.0,,100.0,2.0,,,,0,cooldown
2026-07-07T20:35:27,reactive_hot_humid_bursty_r2,reactive,hot_humid,bursty,2,34.789,34.489,34.289,31.789,25.0,45.0,0.0,,100.0,2.0,,,,0,cooldown
2026-07-07T20:35:27,reactive_hot_humid_bursty_r2,reactive,hot_humid,bursty,2,34.782,34.482,34.282,31.782,25.0,45.0,0.0,,100.0,2.0,,,,0,cooldown
2026-07-07T20:35:27,reactive_hot_humid_bursty_r2,reactive,hot_humid,bursty,2,34.774,34.474,34.274,31.774,25.0,45.0,0.0,,100.0,2.0,,,,0,cooldown
2026-07-07T20:35:27,reactive_hot_humid_bursty_r2,reactive,hot_humid,bursty,2,34.766,34.466,34.266,31.766,25.0,45.0,0.0,,100.0,2.0,,,,0,cooldown
2026-07-07T20:35:27,reactive_hot_humid_bursty_r2,reactive,hot_humid,bursty,2,34.759,34.459,34.259,31.759,25.0,45.0,0.0,,100.0,2.0,,,,0,cooldown
2026-07-07T20:35:27,reactive_hot_humid_bursty_r2,reactive,hot_humid,bursty,2,34.751,34.451,34.251,31.751,25.0,45.0,0.0,,100.0,2.0,,,,0,cooldown
2026-07-07T20:35:27,reactive_hot_humid_bursty_r2,reactive,hot_humid,bursty,2,34.743,34.443,34.243,31.743,25.0,45.0,0.0,,100.0,2.0,,,,0,cooldown
2026-07-07T20:35:27,reactive_hot_humid_bursty_r2,reactive,hot_humid,bursty,2,34.735,34.435,34.235,31.735,25.0,45.0,0.0,,100.0,2.0,,,,0,cooldown
2026-07-07T20:35:27,reactive_hot_humid_bursty_r2,reactive,hot_humid,bursty,2,34.728,34.428,34.228,31.728,25.0,45.0,0.0,,100.0,2.0,,,,0,cooldown
2026-07-07T20:35:27,reactive_hot_humid_bursty_r2,reactive,hot_humid,bursty,2,34.72,34.42,34.22,31.72,25.0,45.0,0.0,,100.0,2.0,,,,0,cooldown
2026-07-07T20:35:27,reactive_hot_humid_bursty_r2,reactive,hot_humid,bursty,2,34.712,34.412,34.212,31.712,25.0,45.0,0.0,,100.0,2.0,,,,0,cooldown
2026-07-07T20:35:27,reactive_hot_humid_bursty_r2,reactive,hot_humid,bursty,2,34.705,34.405,34.205,31.705,25.0,45.0,0.0,,100.0,2.0,,,,0,cooldown
2026-07-07T20:35:27,reactive_hot_humid_bursty_r2,reactive,hot_humid,bursty,2,34.697,34.397,34.197,31.697,25.0,45.0,0.0,,100.0,2.0,,,,0,cooldown
2026-07-07T20:35:27,reactive_hot_humid_bursty_r2,reactive,hot_humid,bursty,2,34.689,34.389,34.189,31.689,25.0,45.0,0.0,,100.0,2.0,,,,0,cooldown
2026-07-07T20:35:27,reactive_hot_humid_bursty_r2,reactive,hot_humid,bursty,2,34.682,34.382,34.182,31.682,25.0,45.0,0.0,,100.0,2.0,,,,0,cooldown
2026-07-07T20:35:27,reactive_hot_humid_bursty_r2,reactive,hot_humid,bursty,2,34.674,34.374,34.174,31.674,25.0,45.0,0.0,,100.0,2.0,,,,0,cooldown
2026-07-07T20:35:27,reactive_hot_humid_bursty_r2,reactive,hot_humid,bursty,2,34.667,34.367,34.167,31.667,25.0,45.0,0.0,,100.0,2.0,,,,0,cooldown
2026-07-07T20:35:27,reactive_hot_humid_bursty_r2,reactive,hot_humid,bursty,2,34.659,34.359,34.159,31.659,25.0,45.0,0.0,,100.0,2.0,,,,0,cooldown
2026-07-07T20:35:27,reactive_hot_humid_bursty_r2,reactive,hot_humid,bursty,2,34.651,34.351,34.151,31.651,25.0,45.0,0.0,,100.0,2.0,,,,0,cooldown
2026-07-07T20:35:27,reactive_hot_humid_bursty_r2,reactive,hot_humid,bursty,2,34.644,34.344,34.144,31.644,25.0,45.0,0.0,,100.0,2.0,,,,0,cooldown
2026-07-07T20:35:27,reactive_hot_humid_bursty_r2,reactive,hot_humid,bursty,2,34.636,34.336,34.136,31.636,25.0,45.0,0.0,,100.0,2.0,,,,0,cooldown
2026-07-07T20:35:27,reactive_hot_humid_bursty_r2,reactive,hot_humid,bursty,2,34.628,34.328,34.128,31.628,25.0,45.0,0.0,,100.0,2.0,,,,0,cooldown
2026-07-07T20:35:27,reactive_hot_humid_bursty_r2,reactive,hot_humid,bursty,2,34.621,34.321,34.121,31.621,25.0,45.0,0.0,,100.0,2.0,,,,0,cooldown
2026-07-07T20:35:27,reactive_hot_humid_bursty_r2,reactive,hot_humid,bursty,2,34.613,34.313,34.113,31.613,25.0,45.0,0.0,,100.0,2.0,,,,0,cooldown
2026-07-07T20:35:27,reactive_hot_humid_bursty_r2,reactive,hot_humid,bursty,2,34.606,34.306,34.106,31.606,25.0,45.0,0.0,,100.0,2.0,,,,0,cooldown
2026-07-07T20:35:27,reactive_hot_humid_bursty_r2,reactive,hot_humid,bursty,2,34.598,34.298,34.098,31.598,25.0,45.0,0.0,,100.0,2.0,,,,0,cooldown
2026-07-07T20:35:27,reactive_hot_humid_bursty_r2,reactive,hot_humid,bursty,2,34.59,34.29,34.09,31.59,25.0,45.0,0.0,,100.0,2.0,,,,0,cooldown
2026-07-07T20:35:27,reactive_hot_humid_bursty_r2,reactive,hot_humid,bursty,2,34.583,34.283,34.083,31.583,25.0,45.0,0.0,,100.0,2.0,,,,0,cooldown
2026-07-07T20:35:27,reactive_hot_humid_bursty_r2,reactive,hot_humid,bursty,2,34.575,34.275,34.075,31.575,25.0,45.0,0.0,,100.0,2.0,,,,0,cooldown
2026-07-07T20:35:27,reactive_hot_humid_bursty_r2,reactive,hot_humid,bursty,2,34.568,34.268,34.068,31.568,25.0,45.0,0.0,,100.0,2.0,,,,0,cooldown
2026-07-07T20:35:27,reactive_hot_humid_bursty_r2,reactive,hot_humid,bursty,2,34.56,34.26,34.06,31.56,25.0,45.0,0.0,,100.0,2.0,,,,0,cooldown
2026-07-07T20:35:27,reactive_hot_humid_bursty_r2,reactive,hot_humid,bursty,2,34.553,34.253,34.053,31.553,25.0,45.0,0.0,,100.0,2.0,,,,0,cooldown
2026-07-07T20:35:27,reactive_hot_humid_bursty_r2,reactive,hot_humid,bursty,2,34.545,34.245,34.045,31.545,25.0,45.0,0.0,,100.0,2.0,,,,0,cooldown
2026-07-07T20:35:27,reactive_hot_humid_bursty_r2,reactive,hot_humid,bursty,2,34.538,34.238,34.038,31.538,25.0,45.0,0.0,,100.0,2.0,,,,0,cooldown
2026-07-07T20:35:27,reactive_hot_humid_bursty_r2,reactive,hot_humid,bursty,2,34.53,34.23,34.03,31.53,25.0,45.0,0.0,,100.0,2.0,,,,0,cooldown
2026-07-07T20:35:27,reactive_hot_humid_bursty_r2,reactive,hot_humid,bursty,2,34.523,34.223,34.023,31.523,25.0,45.0,0.0,,100.0,2.0,,,,0,cooldown
2026-07-07T20:35:27,reactive_hot_humid_bursty_r2,reactive,hot_humid,bursty,2,34.515,34.215,34.015,31.515,25.0,45.0,0.0,,100.0,2.0,,,,0,cooldown
2026-07-07T20:35:27,reactive_hot_humid_bursty_r2,reactive,hot_humid,bursty,2,34.508,34.208,34.008,31.508,25.0,45.0,0.0,,100.0,2.0,,,,0,cooldown
2026-07-07T20:35:27,reactive_hot_humid_bursty_r2,reactive,hot_humid,bursty,2,34.5,34.2,34.0,31.5,25.0,45.0,0.0,,100.0,2.0,,,,0,cooldown
2026-07-07T20:35:27,reactive_hot_humid_bursty_r2,reactive,hot_humid,bursty,2,34.492,34.192,33.992,31.492,25.0,45.0,0.0,,100.0,2.0,,,,0,cooldown
2026-07-07T20:35:27,reactive_hot_humid_bursty_r2,reactive,hot_humid,bursty,2,34.485,34.185,33.985,31.485,25.0,45.0,0.0,,100.0,2.0,,,,0,cooldown
2026-07-07T20:35:27,reactive_hot_humid_bursty_r2,reactive,hot_humid,bursty,2,34.478,34.178,33.978,31.478,25.0,45.0,0.0,,100.0,2.0,,,,0,cooldown
2026-07-07T20:35:27,reactive_hot_humid_bursty_r2,reactive,hot_humid,bursty,2,34.47,34.17,33.97,31.47,25.0,45.0,0.0,,100.0,2.0,,,,0,cooldown
2026-07-07T20:35:27,reactive_hot_humid_bursty_r2,reactive,hot_humid,bursty,2,34.463,34.163,33.963,31.463,25.0,45.0,0.0,,100.0,2.0,,,,0,cooldown
2026-07-07T20:35:27,reactive_hot_humid_bursty_r2,reactive,hot_humid,bursty,2,34.455,34.155,33.955,31.455,25.0,45.0,0.0,,100.0,2.0,,,,0,cooldown
2026-07-07T20:35:27,reactive_hot_humid_bursty_r2,reactive,hot_humid,bursty,2,34.448,34.148,33.948,31.448,25.0,45.0,0.0,,100.0,2.0,,,,0,cooldown
2026-07-07T20:35:27,reactive_hot_humid_bursty_r2,reactive,hot_humid,bursty,2,34.44,34.14,33.94,31.44,25.0,45.0,0.0,,100.0,2.0,,,,0,cooldown
2026-07-07T20:35:27,reactive_hot_humid_bursty_r2,reactive,hot_humid,bursty,2,34.433,34.133,33.933,31.433,25.0,45.0,0.0,,100.0,2.0,,,,0,cooldown
2026-07-07T20:35:27,reactive_hot_humid_bursty_r2,reactive,hot_humid,bursty,2,34.425,34.125,33.925,31.425,25.0,45.0,0.0,,100.0,2.0,,,,0,cooldown
2026-07-07T20:35:27,reactive_hot_humid_bursty_r2,reactive,hot_humid,bursty,2,34.418,34.118,33.918,31.418,25.0,45.0,0.0,,100.0,2.0,,,,0,cooldown
2026-07-07T20:35:27,reactive_hot_humid_bursty_r2,reactive,hot_humid,bursty,2,34.41,34.11,33.91,31.41,25.0,45.0,0.0,,100.0,2.0,,,,0,cooldown
2026-07-07T20:35:27,reactive_hot_humid_bursty_r2,reactive,hot_humid,bursty,2,34.403,34.103,33.903,31.403,25.0,45.0,0.0,,100.0,2.0,,,,0,cooldown
2026-07-07T20:35:27,reactive_hot_humid_bursty_r2,reactive,hot_humid,bursty,2,34.396,34.096,33.896,31.396,25.0,45.0,0.0,,100.0,2.0,,,,0,cooldown
2026-07-07T20:35:27,reactive_hot_humid_bursty_r2,reactive,hot_humid,bursty,2,34.388,34.088,33.888,31.388,25.0,45.0,0.0,,100.0,2.0,,,,0,cooldown
2026-07-07T20:35:27,reactive_hot_humid_bursty_r2,reactive,hot_humid,bursty,2,34.381,34.081,33.881,31.381,25.0,45.0,0.0,,100.0,2.0,,,,0,cooldown
2026-07-07T20:35:27,reactive_hot_humid_bursty_r2,reactive,hot_humid,bursty,2,34.373,34.073,33.873,31.373,25.0,45.0,0.0,,100.0,2.0,,,,0,cooldown
2026-07-07T20:35:27,reactive_hot_humid_bursty_r2,reactive,hot_humid,bursty,2,34.366,34.066,33.866,31.366,25.0,45.0,0.0,,100.0,2.0,,,,0,cooldown
2026-07-07T20:35:27,reactive_hot_humid_bursty_r2,reactive,hot_humid,bursty,2,34.359,34.059,33.859,31.359,25.0,45.0,0.0,,100.0,2.0,,,,0,cooldown
2026-07-07T20:35:27,reactive_hot_humid_bursty_r2,reactive,hot_humid,bursty,2,34.351,34.051,33.851,31.351,25.0,45.0,0.0,,100.0,2.0,,,,0,cooldown
2026-07-07T20:35:27,reactive_hot_humid_bursty_r2,reactive,hot_humid,bursty,2,34.344,34.044,33.844,31.344,25.0,45.0,0.0,,100.0,2.0,,,,0,cooldown
2026-07-07T20:35:27,reactive_hot_humid_bursty_r2,reactive,hot_humid,bursty,2,34.336,34.036,33.836,31.336,25.0,45.0,0.0,,100.0,2.0,,,,0,cooldown
2026-07-07T20:35:27,reactive_hot_humid_bursty_r2,reactive,hot_humid,bursty,2,34.329,34.029,33.829,31.329,25.0,45.0,0.0,,100.0,2.0,,,,0,cooldown
2026-07-07T20:35:27,reactive_hot_humid_bursty_r2,reactive,hot_humid,bursty,2,34.322,34.022,33.822,31.322,25.0,45.0,0.0,,100.0,2.0,,,,0,cooldown
2026-07-07T20:35:27,reactive_hot_humid_bursty_r2,reactive,hot_humid,bursty,2,34.314,34.014,33.814,31.314,25.0,45.0,0.0,,100.0,2.0,,,,0,cooldown
2026-07-07T20:35:27,reactive_hot_humid_bursty_r2,reactive,hot_humid,bursty,2,34.307,34.007,33.807,31.307,25.0,45.0,0.0,,100.0,2.0,,,,0,cooldown
2026-07-07T20:35:27,reactive_hot_humid_bursty_r2,reactive,hot_humid,bursty,2,34.3,34.0,33.8,31.3,25.0,45.0,0.0,,100.0,2.0,,,,0,cooldown
2026-07-07T20:35:27,reactive_hot_humid_bursty_r2,reactive,hot_humid,bursty,2,34.292,33.992,33.792,31.292,25.0,45.0,0.0,,100.0,2.0,,,,0,cooldown
2026-07-07T20:35:27,reactive_hot_humid_bursty_r2,reactive,hot_humid,bursty,2,34.285,33.985,33.785,31.285,25.0,45.0,0.0,,100.0,2.0,,,,0,cooldown
2026-07-07T20:35:27,reactive_hot_humid_bursty_r2,reactive,hot_humid,bursty,2,34.278,33.978,33.778,31.278,25.0,45.0,0.0,,100.0,2.0,,,,0,cooldown
2026-07-07T20:35:27,reactive_hot_humid_bursty_r2,reactive,hot_humid,bursty,2,34.27,33.97,33.77,31.27,25.0,45.0,0.0,,100.0,2.0,,,,0,cooldown
2026-07-07T20:35:27,reactive_hot_humid_bursty_r2,reactive,hot_humid,bursty,2,34.263,33.963,33.763,31.263,25.0,45.0,0.0,,100.0,2.0,,,,0,cooldown
2026-07-07T20:35:27,reactive_hot_humid_bursty_r2,reactive,hot_humid,bursty,2,34.256,33.956,33.756,31.256,25.0,45.0,0.0,,100.0,2.0,,,,0,cooldown
2026-07-07T20:35:27,reactive_hot_humid_bursty_r2,reactive,hot_humid,bursty,2,34.248,33.948,33.748,31.248,25.0,45.0,0.0,,100.0,2.0,,,,0,cooldown
2026-07-07T20:35:27,reactive_hot_humid_bursty_r2,reactive,hot_humid,bursty,2,34.241,33.941,33.741,31.241,25.0,45.0,0.0,,100.0,2.0,,,,0,cooldown
2026-07-07T20:35:27,reactive_hot_humid_bursty_r2,reactive,hot_humid,bursty,2,34.234,33.934,33.734,31.234,25.0,45.0,0.0,,100.0,2.0,,,,0,cooldown
2026-07-07T20:35:27,reactive_hot_humid_bursty_r2,reactive,hot_humid,bursty,2,34.226,33.926,33.726,31.226,25.0,45.0,0.0,,100.0,2.0,,,,0,cooldown
2026-07-07T20:35:27,reactive_hot_humid_bursty_r2,reactive,hot_humid,bursty,2,34.219,33.919,33.719,31.219,25.0,45.0,0.0,,100.0,2.0,,,,0,cooldown
2026-07-07T20:35:27,reactive_hot_humid_bursty_r2,reactive,hot_humid,bursty,2,34.212,33.912,33.712,31.212,25.0,45.0,0.0,,100.0,2.0,,,,0,cooldown
2026-07-07T20:35:27,reactive_hot_humid_bursty_r2,reactive,hot_humid,bursty,2,34.205,33.905,33.705,31.205,25.0,45.0,0.0,,100.0,2.0,,,,0,cooldown
2026-07-07T20:35:27,reactive_hot_humid_bursty_r2,reactive,hot_humid,bursty,2,34.197,33.897,33.697,31.197,25.0,45.0,0.0,,100.0,2.0,,,,0,cooldown
2026-07-07T20:35:27,reactive_hot_humid_bursty_r2,reactive,hot_humid,bursty,2,34.19,33.89,33.69,31.19,25.0,45.0,0.0,,100.0,2.0,,,,0,cooldown
2026-07-07T20:35:27,reactive_hot_humid_bursty_r2,reactive,hot_humid,bursty,2,34.183,33.883,33.683,31.183,25.0,45.0,0.0,,100.0,2.0,,,,0,cooldown
2026-07-07T20:35:27,reactive_hot_humid_bursty_r2,reactive,hot_humid,bursty,2,34.176,33.876,33.676,31.176,25.0,45.0,0.0,,100.0,2.0,,,,0,cooldown
2026-07-07T20:35:27,reactive_hot_humid_bursty_r2,reactive,hot_humid,bursty,2,34.168,33.868,33.668,31.168,25.0,45.0,0.0,,100.0,2.0,,,,0,cooldown
2026-07-07T20:35:27,reactive_hot_humid_bursty_r2,reactive,hot_humid,bursty,2,34.161,33.861,33.661,31.161,25.0,45.0,0.0,,100.0,2.0,,,,0,cooldown
2026-07-07T20:35:27,reactive_hot_humid_bursty_r2,reactive,hot_humid,bursty,2,34.154,33.854,33.654,31.154,25.0,45.0,0.0,,100.0,2.0,,,,0,cooldown
2026-07-07T20:35:27,reactive_hot_humid_bursty_r2,reactive,hot_humid,bursty,2,34.147,33.847,33.647,31.147,25.0,45.0,0.0,,100.0,2.0,,,,0,cooldown
2026-07-07T20:35:27,reactive_hot_humid_bursty_r2,reactive,hot_humid,bursty,2,34.139,33.839,33.639,31.139,25.0,45.0,0.0,,100.0,2.0,,,,0,cooldown
2026-07-07T20:35:27,reactive_hot_humid_bursty_r2,reactive,hot_humid,bursty,2,34.132,33.832,33.632,31.132,25.0,45.0,0.0,,100.0,2.0,,,,0,cooldown
2026-07-07T20:35:27,reactive_hot_humid_bursty_r2,reactive,hot_humid,bursty,2,34.125,33.825,33.625,31.125,25.0,45.0,0.0,,100.0,2.0,,,,0,cooldown
2026-07-07T20:35:27,reactive_hot_humid_bursty_r2,reactive,hot_humid,bursty,2,34.118,33.818,33.618,31.118,25.0,45.0,0.0,,100.0,2.0,,,,0,cooldown
2026-07-07T20:35:27,reactive_hot_humid_bursty_r2,reactive,hot_humid,bursty,2,34.111,33.811,33.611,31.111,25.0,45.0,0.0,,100.0,2.0,,,,0,cooldown
2026-07-07T20:35:27,reactive_hot_humid_bursty_r2,reactive,hot_humid,bursty,2,34.103,33.803,33.603,31.103,25.0,45.0,0.0,,100.0,2.0,,,,0,cooldown
2026-07-07T20:35:27,reactive_hot_humid_bursty_r2,reactive,hot_humid,bursty,2,34.096,33.796,33.596,31.096,25.0,45.0,0.0,,100.0,2.0,,,,0,cooldown
2026-07-07T20:35:27,reactive_hot_humid_bursty_r2,reactive,hot_humid,bursty,2,34.089,33.789,33.589,31.089,25.0,45.0,0.0,,100.0,2.0,,,,0,cooldown
2026-07-07T20:35:27,reactive_hot_humid_bursty_r2,reactive,hot_humid,bursty,2,34.082,33.782,33.582,31.082,25.0,45.0,0.0,,100.0,2.0,,,,0,cooldown
2026-07-07T20:35:27,reactive_hot_humid_bursty_r2,reactive,hot_humid,bursty,2,34.075,33.775,33.575,31.075,25.0,45.0,0.0,,100.0,2.0,,,,0,cooldown
2026-07-07T20:35:27,reactive_hot_humid_bursty_r2,reactive,hot_humid,bursty,2,34.067,33.767,33.567,31.067,25.0,45.0,0.0,,100.0,2.0,,,,0,cooldown
2026-07-07T20:35:27,reactive_hot_humid_bursty_r2,reactive,hot_humid,bursty,2,34.06,33.76,33.56,31.06,25.0,45.0,0.0,,100.0,2.0,,,,0,cooldown
2026-07-07T20:35:27,reactive_hot_humid_bursty_r2,reactive,hot_humid,bursty,2,34.053,33.753,33.553,31.053,25.0,45.0,0.0,,100.0,2.0,,,,0,cooldown
2026-07-07T20:35:27,reactive_hot_humid_bursty_r2,reactive,hot_humid,bursty,2,34.046,33.746,33.546,31.046,25.0,45.0,0.0,,100.0,2.0,,,,0,cooldown
2026-07-07T20:35:27,reactive_hot_humid_bursty_r2,reactive,hot_humid,bursty,2,34.039,33.739,33.539,31.039,25.0,45.0,0.0,,100.0,2.0,,,,0,cooldown
2026-07-07T20:35:27,reactive_hot_humid_bursty_r2,reactive,hot_humid,bursty,2,34.032,33.732,33.532,31.032,25.0,45.0,0.0,,100.0,2.0,,,,0,cooldown
2026-07-07T20:35:27,reactive_hot_humid_bursty_r2,reactive,hot_humid,bursty,2,34.025,33.725,33.525,31.025,25.0,45.0,0.0,,100.0,2.0,,,,0,cooldown
2026-07-07T20:35:27,reactive_hot_humid_bursty_r2,reactive,hot_humid,bursty,2,34.017,33.717,33.517,31.017,25.0,45.0,0.0,,100.0,2.0,,,,0,cooldown
2026-07-07T20:35:27,reactive_hot_humid_bursty_r2,reactive,hot_humid,bursty,2,34.01,33.71,33.51,31.01,25.0,45.0,0.0,,100.0,2.0,,,,0,cooldown
2026-07-07T20:35:27,reactive_hot_humid_bursty_r2,reactive,hot_humid,bursty,2,34.003,33.703,33.503,31.003,25.0,45.0,0.0,,100.0,2.0,,,,0,cooldown
2026-07-07T20:35:27,reactive_hot_humid_bursty_r2,reactive,hot_humid,bursty,2,33.996,33.696,33.496,30.996,25.0,45.0,0.0,,100.0,2.0,,,,0,cooldown
2026-07-07T20:35:27,reactive_hot_humid_bursty_r2,reactive,hot_humid,bursty,2,33.989,33.689,33.489,30.989,25.0,45.0,0.0,,100.0,2.0,,,,0,cooldown
2026-07-07T20:35:27,reactive_hot_humid_bursty_r2,reactive,hot_humid,bursty,2,33.982,33.682,33.482,30.982,25.0,45.0,0.0,,100.0,2.0,,,,0,cooldown
2026-07-07T20:35:27,reactive_hot_humid_bursty_r2,reactive,hot_humid,bursty,2,33.975,33.675,33.475,30.975,25.0,45.0,0.0,,100.0,2.0,,,,0,cooldown
2026-07-07T20:35:27,reactive_hot_humid_bursty_r2,reactive,hot_humid,bursty,2,33.968,33.668,33.468,30.968,25.0,45.0,0.0,,100.0,2.0,,,,0,cooldown
2026-07-07T20:35:27,reactive_hot_humid_bursty_r2,reactive,hot_humid,bursty,2,33.961,33.661,33.461,30.961,25.0,45.0,0.0,,100.0,2.0,,,,0,cooldown
2026-07-07T20:35:27,reactive_hot_humid_bursty_r2,reactive,hot_humid,bursty,2,33.954,33.654,33.454,30.954,25.0,45.0,0.0,,100.0,2.0,,,,0,cooldown
2026-07-07T20:35:27,reactive_hot_humid_bursty_r2,reactive,hot_humid,bursty,2,33.947,33.647,33.447,30.947,25.0,45.0,0.0,,100.0,2.0,,,,0,cooldown
2026-07-07T20:35:27,reactive_hot_humid_bursty_r2,reactive,hot_humid,bursty,2,33.939,33.639,33.439,30.939,25.0,45.0,0.0,,100.0,2.0,,,,0,cooldown
2026-07-07T20:35:27,reactive_hot_humid_bursty_r2,reactive,hot_humid,bursty,2,33.932,33.632,33.432,30.932,25.0,45.0,0.0,,100.0,2.0,,,,0,cooldown
2026-07-07T20:35:27,reactive_hot_humid_bursty_r2,reactive,hot_humid,bursty,2,33.925,33.625,33.425,30.925,25.0,45.0,0.0,,100.0,2.0,,,,0,cooldown
2026-07-07T20:35:27,reactive_hot_humid_bursty_r2,reactive,hot_humid,bursty,2,33.918,33.618,33.418,30.918,25.0,45.0,0.0,,100.0,2.0,,,,0,cooldown
2026-07-07T20:35:27,reactive_hot_humid_bursty_r2,reactive,hot_humid,bursty,2,33.911,33.611,33.411,30.911,25.0,45.0,0.0,,100.0,2.0,,,,0,cooldown
2026-07-07T20:35:27,reactive_hot_humid_bursty_r2,reactive,hot_humid,bursty,2,33.904,33.604,33.404,30.904,25.0,45.0,0.0,,100.0,2.0,,,,0,cooldown
2026-07-07T20:35:27,reactive_hot_humid_bursty_r2,reactive,hot_humid,bursty,2,33.897,33.597,33.397,30.897,25.0,45.0,0.0,,100.0,2.0,,,,0,cooldown
2026-07-07T20:35:27,reactive_hot_humid_bursty_r2,reactive,hot_humid,bursty,2,33.89,33.59,33.39,30.89,25.0,45.0,0.0,,100.0,2.0,,,,0,cooldown
2026-07-07T20:35:27,reactive_hot_humid_bursty_r2,reactive,hot_humid,bursty,2,33.883,33.583,33.383,30.883,25.0,45.0,0.0,,100.0,2.0,,,,0,cooldown
2026-07-07T20:35:27,reactive_hot_humid_bursty_r2,reactive,hot_humid,bursty,2,33.876,33.576,33.376,30.876,25.0,45.0,0.0,,100.0,2.0,,,,0,cooldown
2026-07-07T20:35:27,reactive_hot_humid_bursty_r2,reactive,hot_humid,bursty,2,33.869,33.569,33.369,30.869,25.0,45.0,0.0,,100.0,2.0,,,,0,cooldown
2026-07-07T20:35:27,reactive_hot_humid_bursty_r2,reactive,hot_humid,bursty,2,33.862,33.562,33.362,30.862,25.0,45.0,0.0,,100.0,2.0,,,,0,cooldown
2026-07-07T20:35:27,reactive_hot_humid_bursty_r2,reactive,hot_humid,bursty,2,33.855,33.555,33.355,30.855,25.0,45.0,0.0,,100.0,2.0,,,,0,cooldown
2026-07-07T20:35:27,reactive_hot_humid_bursty_r2,reactive,hot_humid,bursty,2,33.848,33.548,33.348,30.848,25.0,45.0,0.0,,100.0,2.0,,,,0,cooldown
2026-07-07T20:35:27,reactive_hot_humid_bursty_r2,reactive,hot_humid,bursty,2,33.841,33.541,33.341,30.841,25.0,45.0,0.0,,100.0,2.0,,,,0,cooldown
2026-07-07T20:35:27,reactive_hot_humid_bursty_r2,reactive,hot_humid,bursty,2,33.834,33.534,33.334,30.834,25.0,45.0,0.0,,100.0,2.0,,,,0,cooldown
2026-07-07T20:35:27,reactive_hot_humid_bursty_r2,reactive,hot_humid,bursty,2,33.827,33.527,33.327,30.827,25.0,45.0,0.0,,100.0,2.0,,,,0,cooldown
2026-07-07T20:35:27,reactive_hot_humid_bursty_r2,reactive,hot_humid,bursty,2,33.82,33.52,33.32,30.82,25.0,45.0,0.0,,100.0,2.0,,,,0,cooldown
2026-07-07T20:35:27,reactive_hot_humid_bursty_r2,reactive,hot_humid,bursty,2,33.813,33.513,33.313,30.813,25.0,45.0,0.0,,100.0,2.0,,,,0,cooldown
2026-07-07T20:35:27,reactive_hot_humid_bursty_r2,reactive,hot_humid,bursty,2,33.806,33.506,33.306,30.806,25.0,45.0,0.0,,100.0,2.0,,,,0,cooldown
2026-07-07T20:35:27,reactive_hot_humid_bursty_r2,reactive,hot_humid,bursty,2,33.799,33.499,33.299,30.799,25.0,45.0,0.0,,100.0,2.0,,,,0,cooldown
2026-07-07T20:35:27,reactive_hot_humid_bursty_r2,reactive,hot_humid,bursty,2,33.792,33.492,33.292,30.792,25.0,45.0,0.0,,100.0,2.0,,,,0,cooldown
2026-07-07T20:35:27,reactive_hot_humid_bursty_r2,reactive,hot_humid,bursty,2,33.786,33.486,33.286,30.786,25.0,45.0,0.0,,100.0,2.0,,,,0,cooldown
2026-07-07T20:35:27,reactive_hot_humid_bursty_r2,reactive,hot_humid,bursty,2,33.779,33.479,33.279,30.779,25.0,45.0,0.0,,100.0,2.0,,,,0,cooldown
2026-07-07T20:35:27,reactive_hot_humid_bursty_r2,reactive,hot_humid,bursty,2,33.772,33.472,33.272,30.772,25.0,45.0,0.0,,100.0,2.0,,,,0,cooldown
2026-07-07T20:35:27,reactive_hot_humid_bursty_r2,reactive,hot_humid,bursty,2,33.765,33.465,33.265,30.765,25.0,45.0,0.0,,100.0,2.0,,,,0,cooldown
2026-07-07T20:35:27,reactive_hot_humid_bursty_r2,reactive,hot_humid,bursty,2,33.758,33.458,33.258,30.758,25.0,45.0,0.0,,100.0,2.0,,,,0,cooldown
2026-07-07T20:35:27,reactive_hot_humid_bursty_r2,reactive,hot_humid,bursty,2,33.751,33.451,33.251,30.751,25.0,45.0,0.0,,100.0,2.0,,,,0,cooldown
2026-07-07T20:35:27,reactive_hot_humid_bursty_r2,reactive,hot_humid,bursty,2,33.744,33.444,33.244,30.744,25.0,45.0,0.0,,100.0,2.0,,,,0,cooldown
2026-07-07T20:35:27,reactive_hot_humid_bursty_r2,reactive,hot_humid,bursty,2,33.737,33.437,33.237,30.737,25.0,45.0,0.0,,100.0,2.0,,,,0,cooldown
2026-07-07T20:35:27,reactive_hot_humid_bursty_r2,reactive,hot_humid,bursty,2,33.73,33.43,33.23,30.73,25.0,45.0,0.0,,100.0,2.0,,,,0,cooldown
2026-07-07T20:35:27,reactive_hot_humid_bursty_r2,reactive,hot_humid,bursty,2,33.723,33.423,33.223,30.723,25.0,45.0,0.0,,100.0,2.0,,,,0,cooldown
2026-07-07T20:35:27,reactive_hot_humid_bursty_r2,reactive,hot_humid,bursty,2,33.716,33.416,33.216,30.716,25.0,45.0,0.0,,100.0,2.0,,,,0,cooldown
2026-07-07T20:35:27,reactive_hot_humid_bursty_r2,reactive,hot_humid,bursty,2,33.71,33.41,33.21,30.71,25.0,45.0,0.0,,100.0,2.0,,,,0,cooldown
2026-07-07T20:35:27,reactive_hot_humid_bursty_r2,reactive,hot_humid,bursty,2,33.703,33.403,33.203,30.703,25.0,45.0,0.0,,100.0,2.0,,,,0,cooldown
2026-07-07T20:35:27,reactive_hot_humid_bursty_r2,reactive,hot_humid,bursty,2,33.696,33.396,33.196,30.696,25.0,45.0,0.0,,100.0,2.0,,,,0,cooldown
2026-07-07T20:35:27,reactive_hot_humid_bursty_r2,reactive,hot_humid,bursty,2,33.689,33.389,33.189,30.689,25.0,45.0,0.0,,100.0,2.0,,,,0,cooldown
2026-07-07T20:35:27,reactive_hot_humid_bursty_r2,reactive,hot_humid,bursty,2,33.682,33.382,33.182,30.682,25.0,45.0,0.0,,100.0,2.0,,,,0,cooldown
2026-07-07T20:35:27,reactive_hot_humid_bursty_r2,reactive,hot_humid,bursty,2,33.675,33.375,33.175,30.675,25.0,45.0,0.0,,100.0,2.0,,,,0,cooldown
2026-07-07T20:35:27,reactive_hot_humid_bursty_r2,reactive,hot_humid,bursty,2,33.668,33.368,33.168,30.668,25.0,45.0,0.0,,100.0,2.0,,,,0,cooldown
2026-07-07T20:35:27,reactive_hot_humid_bursty_r2,reactive,hot_humid,bursty,2,33.661,33.361,33.161,30.661,25.0,45.0,0.0,,100.0,2.0,,,,0,cooldown
2026-07-07T20:35:27,reactive_hot_humid_bursty_r2,reactive,hot_humid,bursty,2,33.655,33.355,33.155,30.655,25.0,45.0,0.0,,100.0,2.0,,,,0,cooldown
2026-07-07T20:35:27,reactive_hot_humid_bursty_r2,reactive,hot_humid,bursty,2,33.648,33.348,33.148,30.648,25.0,45.0,0.0,,100.0,2.0,,,,0,cooldown
2026-07-07T20:35:27,reactive_hot_humid_bursty_r2,reactive,hot_humid,bursty,2,33.641,33.341,33.141,30.641,25.0,45.0,0.0,,100.0,2.0,,,,0,cooldown
2026-07-07T20:35:27,reactive_hot_humid_bursty_r2,reactive,hot_humid,bursty,2,33.634,33.334,33.134,30.634,25.0,45.0,0.0,,100.0,2.0,,,,0,cooldown
2026-07-07T20:35:27,reactive_hot_humid_bursty_r2,reactive,hot_humid,bursty,2,33.627,33.327,33.127,30.627,25.0,45.0,0.0,,100.0,2.0,,,,0,cooldown
2026-07-07T20:35:27,reactive_hot_humid_bursty_r2,reactive,hot_humid,bursty,2,33.621,33.321,33.121,30.621,25.0,45.0,0.0,,100.0,2.0,,,,0,cooldown
2026-07-07T20:35:27,reactive_hot_humid_bursty_r2,reactive,hot_humid,bursty,2,33.614,33.314,33.114,30.614,25.0,45.0,0.0,,100.0,2.0,,,,0,cooldown
2026-07-07T20:35:27,reactive_hot_humid_bursty_r2,reactive,hot_humid,bursty,2,33.607,33.307,33.107,30.607,25.0,45.0,0.0,,100.0,2.0,,,,0,cooldown
2026-07-07T20:35:27,reactive_hot_humid_bursty_r2,reactive,hot_humid,bursty,2,33.6,33.3,33.1,30.6,25.0,45.0,0.0,,100.0,2.0,,,,0,cooldown
2026-07-07T20:35:27,reactive_hot_humid_bursty_r2,reactive,hot_humid,bursty,2,33.593,33.293,33.093,30.593,25.0,45.0,0.0,,100.0,2.0,,,,0,cooldown
2026-07-07T20:35:27,reactive_hot_humid_bursty_r2,reactive,hot_humid,bursty,2,33.587,33.287,33.087,30.587,25.0,45.0,0.0,,100.0,2.0,,,,0,cooldown
2026-07-07T20:35:27,reactive_hot_humid_bursty_r2,reactive,hot_humid,bursty,2,33.58,33.28,33.08,30.58,25.0,45.0,0.0,,100.0,2.0,,,,0,cooldown
2026-07-07T20:35:27,reactive_hot_humid_bursty_r2,reactive,hot_humid,bursty,2,33.573,33.273,33.073,30.573,25.0,45.0,0.0,,100.0,2.0,,,,0,cooldown
2026-07-07T20:35:27,reactive_hot_humid_bursty_r2,reactive,hot_humid,bursty,2,33.566,33.266,33.066,30.566,25.0,45.0,0.0,,100.0,2.0,,,,0,cooldown
2026-07-07T20:35:27,reactive_hot_humid_bursty_r2,reactive,hot_humid,bursty,2,33.559,33.259,33.059,30.559,25.0,45.0,0.0,,100.0,2.0,,,,0,cooldown
2026-07-07T20:35:27,reactive_hot_humid_bursty_r2,reactive,hot_humid,bursty,2,33.553,33.253,33.053,30.553,25.0,45.0,0.0,,100.0,2.0,,,,0,cooldown
2026-07-07T20:35:27,reactive_hot_humid_bursty_r2,reactive,hot_humid,bursty,2,33.546,33.246,33.046,30.546,25.0,45.0,0.0,,100.0,2.0,,,,0,cooldown
2026-07-07T20:35:27,reactive_hot_humid_bursty_r2,reactive,hot_humid,bursty,2,33.539,33.239,33.039,30.539,25.0,45.0,0.0,,100.0,2.0,,,,0,cooldown
2026-07-07T20:35:27,reactive_hot_humid_bursty_r2,reactive,hot_humid,bursty,2,33.532,33.232,33.032,30.532,25.0,45.0,0.0,,100.0,2.0,,,,0,cooldown
2026-07-07T20:35:27,reactive_hot_humid_bursty_r2,reactive,hot_humid,bursty,2,33.526,33.226,33.026,30.526,25.0,45.0,0.0,,100.0,2.0,,,,0,cooldown
2026-07-07T20:35:27,reactive_hot_humid_bursty_r2,reactive,hot_humid,bursty,2,33.519,33.219,33.019,30.519,25.0,45.0,0.0,,100.0,2.0,,,,0,cooldown
2026-07-07T20:35:27,reactive_hot_humid_bursty_r2,reactive,hot_humid,bursty,2,33.512,33.212,33.012,30.512,25.0,45.0,0.0,,100.0,2.0,,,,0,cooldown
2026-07-07T20:35:27,reactive_hot_humid_bursty_r2,reactive,hot_humid,bursty,2,33.506,33.206,33.006,30.506,25.0,45.0,0.0,,100.0,2.0,,,,0,cooldown
2026-07-07T20:35:27,reactive_hot_humid_bursty_r2,reactive,hot_humid,bursty,2,33.499,33.199,32.999,30.499,25.0,45.0,0.0,,100.0,2.0,,,,0,cooldown
2026-07-07T20:35:27,reactive_hot_humid_bursty_r2,reactive,hot_humid,bursty,2,33.492,33.192,32.992,30.492,25.0,45.0,0.0,,100.0,2.0,,,,0,cooldown
2026-07-07T20:35:27,reactive_hot_humid_bursty_r2,reactive,hot_humid,bursty,2,33.485,33.185,32.985,30.485,25.0,45.0,0.0,,100.0,2.0,,,,0,cooldown
2026-07-07T20:35:27,reactive_hot_humid_bursty_r2,reactive,hot_humid,bursty,2,33.479,33.179,32.979,30.479,25.0,45.0,0.0,,100.0,2.0,,,,0,cooldown
2026-07-07T20:35:27,reactive_hot_humid_bursty_r2,reactive,hot_humid,bursty,2,33.472,33.172,32.972,30.472,25.0,45.0,0.0,,100.0,2.0,,,,0,cooldown
2026-07-07T20:35:27,reactive_hot_humid_bursty_r2,reactive,hot_humid,bursty,2,33.465,33.165,32.965,30.465,25.0,45.0,0.0,,100.0,2.0,,,,0,cooldown
2026-07-07T20:35:27,reactive_hot_humid_bursty_r2,reactive,hot_humid,bursty,2,33.459,33.159,32.959,30.459,25.0,45.0,0.0,,100.0,2.0,,,,0,cooldown
2026-07-07T20:35:27,reactive_hot_humid_bursty_r2,reactive,hot_humid,bursty,2,33.452,33.152,32.952,30.452,25.0,45.0,0.0,,100.0,2.0,,,,0,cooldown
2026-07-07T20:35:27,reactive_hot_humid_bursty_r2,reactive,hot_humid,bursty,2,33.445,33.145,32.945,30.445,25.0,45.0,0.0,,100.0,2.0,,,,0,cooldown
2026-07-07T20:35:27,reactive_hot_humid_bursty_r2,reactive,hot_humid,bursty,2,33.439,33.139,32.939,30.439,25.0,45.0,0.0,,100.0,2.0,,,,0,cooldown
2026-07-07T20:35:27,reactive_hot_humid_bursty_r2,reactive,hot_humid,bursty,2,33.432,33.132,32.932,30.432,25.0,45.0,0.0,,100.0,2.0,,,,0,cooldown
2026-07-07T20:35:27,reactive_hot_humid_bursty_r2,reactive,hot_humid,bursty,2,33.425,33.125,32.925,30.425,25.0,45.0,0.0,,100.0,2.0,,,,0,cooldown
2026-07-07T20:35:27,reactive_hot_humid_bursty_r2,reactive,hot_humid,bursty,2,33.419,33.119,32.919,30.419,25.0,45.0,0.0,,100.0,2.0,,,,0,cooldown
2026-07-07T20:35:27,reactive_hot_humid_bursty_r2,reactive,hot_humid,bursty,2,33.412,33.112,32.912,30.412,25.0,45.0,0.0,,100.0,2.0,,,,0,cooldown
2026-07-07T20:35:27,reactive_hot_humid_bursty_r2,reactive,hot_humid,bursty,2,33.405,33.105,32.905,30.405,25.0,45.0,0.0,,100.0,2.0,,,,0,cooldown
2026-07-07T20:35:27,reactive_hot_humid_bursty_r2,reactive,hot_humid,bursty,2,33.399,33.099,32.899,30.399,25.0,45.0,0.0,,100.0,2.0,,,,0,cooldown
2026-07-07T20:35:27,reactive_hot_humid_bursty_r2,reactive,hot_humid,bursty,2,33.392,33.092,32.892,30.392,25.0,45.0,0.0,,100.0,2.0,,,,0,cooldown
2026-07-07T20:35:27,reactive_hot_humid_bursty_r2,reactive,hot_humid,bursty,2,33.386,33.086,32.886,30.386,25.0,45.0,0.0,,100.0,2.0,,,,0,cooldown
2026-07-07T20:35:27,reactive_hot_humid_bursty_r2,reactive,hot_humid,bursty,2,33.379,33.079,32.879,30.379,25.0,45.0,0.0,,100.0,2.0,,,,0,cooldown
2026-07-07T20:35:27,reactive_hot_humid_bursty_r2,reactive,hot_humid,bursty,2,33.372,33.072,32.872,30.372,25.0,45.0,0.0,,100.0,2.0,,,,0,cooldown
2026-07-07T20:35:27,reactive_hot_humid_bursty_r2,reactive,hot_humid,bursty,2,33.366,33.066,32.866,30.366,25.0,45.0,0.0,,100.0,2.0,,,,0,cooldown
2026-07-07T20:35:27,reactive_hot_humid_bursty_r2,reactive,hot_humid,bursty,2,33.359,33.059,32.859,30.359,25.0,45.0,0.0,,100.0,2.0,,,,0,cooldown
2026-07-07T20:35:27,reactive_hot_humid_bursty_r2,reactive,hot_humid,bursty,2,33.352,33.052,32.852,30.352,25.0,45.0,0.0,,100.0,2.0,,,,0,cooldown
2026-07-07T20:35:27,reactive_hot_humid_bursty_r2,reactive,hot_humid,bursty,2,33.346,33.046,32.846,30.346,25.0,45.0,0.0,,100.0,2.0,,,,0,cooldown
2026-07-07T20:35:27,reactive_hot_humid_bursty_r2,reactive,hot_humid,bursty,2,33.339,33.039,32.839,30.339,25.0,45.0,0.0,,100.0,2.0,,,,0,cooldown
2026-07-07T20:35:27,reactive_hot_humid_bursty_r2,reactive,hot_humid,bursty,2,33.333,33.033,32.833,30.333,25.0,45.0,0.0,,100.0,2.0,,,,0,cooldown
2026-07-07T20:35:27,reactive_hot_humid_bursty_r2,reactive,hot_humid,bursty,2,33.326,33.026,32.826,30.326,25.0,45.0,0.0,,100.0,2.0,,,,0,cooldown
2026-07-07T20:35:27,reactive_hot_humid_bursty_r2,reactive,hot_humid,bursty,2,33.32,33.02,32.82,30.32,25.0,45.0,0.0,,100.0,2.0,,,,0,cooldown
2026-07-07T20:35:27,reactive_hot_humid_bursty_r2,reactive,hot_humid,bursty,2,33.313,33.013,32.813,30.313,25.0,45.0,0.0,,100.0,2.0,,,,0,cooldown
2026-07-07T20:35:27,reactive_hot_humid_bursty_r2,reactive,hot_humid,bursty,2,33.306,33.006,32.806,30.306,25.0,45.0,0.0,,100.0,2.0,,,,0,cooldown
2026-07-07T20:35:27,reactive_hot_humid_bursty_r2,reactive,hot_humid,bursty,2,33.3,33.0,32.8,30.3,25.0,45.0,0.0,,100.0,2.0,,,,0,cooldown
2026-07-07T20:35:27,reactive_hot_humid_bursty_r2,reactive,hot_humid,bursty,2,33.293,32.993,32.793,30.293,25.0,45.0,0.0,,100.0,2.0,,,,0,cooldown
2026-07-07T20:35:27,reactive_hot_humid_bursty_r2,reactive,hot_humid,bursty,2,33.287,32.987,32.787,30.287,25.0,45.0,0.0,,100.0,2.0,,,,0,cooldown
2026-07-07T20:35:27,reactive_hot_humid_bursty_r2,reactive,hot_humid,bursty,2,33.28,32.98,32.78,30.28,25.0,45.0,0.0,,100.0,2.0,,,,0,cooldown
2026-07-07T20:35:27,reactive_hot_humid_bursty_r2,reactive,hot_humid,bursty,2,33.274,32.974,32.774,30.274,25.0,45.0,0.0,,100.0,2.0,,,,0,cooldown
2026-07-07T20:35:27,reactive_hot_humid_bursty_r2,reactive,hot_humid,bursty,2,33.267,32.967,32.767,30.267,25.0,45.0,0.0,,100.0,2.0,,,,0,cooldown
2026-07-07T20:35:27,reactive_hot_humid_bursty_r2,reactive,hot_humid,bursty,2,33.261,32.961,32.761,30.261,25.0,45.0,0.0,,100.0,2.0,,,,0,cooldown
2026-07-07T20:35:27,reactive_hot_humid_bursty_r2,reactive,hot_humid,bursty,2,33.254,32.954,32.754,30.254,25.0,45.0,0.0,,100.0,2.0,,,,0,cooldown
2026-07-07T20:35:27,reactive_hot_humid_bursty_r2,reactive,hot_humid,bursty,2,33.248,32.948,32.748,30.248,25.0,45.0,0.0,,100.0,2.0,,,,0,cooldown
2026-07-07T20:35:27,reactive_hot_humid_bursty_r2,reactive,hot_humid,bursty,2,33.241,32.941,32.741,30.241,25.0,45.0,0.0,,100.0,2.0,,,,0,cooldown
2026-07-07T20:35:27,reactive_hot_humid_bursty_r2,reactive,hot_humid,bursty,2,33.235,32.935,32.735,30.235,25.0,45.0,0.0,,100.0,2.0,,,,0,cooldown
2026-07-07T20:35:27,reactive_hot_humid_bursty_r2,reactive,hot_humid,bursty,2,33.228,32.928,32.728,30.228,25.0,45.0,0.0,,100.0,2.0,,,,0,cooldown
2026-07-07T20:35:27,reactive_hot_humid_bursty_r2,reactive,hot_humid,bursty,2,33.222,32.922,32.722,30.222,25.0,45.0,0.0,,100.0,2.0,,,,0,cooldown
2026-07-07T20:35:27,reactive_hot_humid_bursty_r2,reactive,hot_humid,bursty,2,33.215,32.915,32.715,30.215,25.0,45.0,0.0,,100.0,2.0,,,,0,cooldown
2026-07-07T20:35:27,reactive_hot_humid_bursty_r2,reactive,hot_humid,bursty,2,33.209,32.909,32.709,30.209,25.0,45.0,0.0,,100.0,2.0,,,,0,cooldown
2026-07-07T20:35:27,reactive_hot_humid_bursty_r2,reactive,hot_humid,bursty,2,33.202,32.902,32.702,30.202,25.0,45.0,0.0,,100.0,2.0,,,,0,cooldown
2026-07-07T20:35:27,reactive_hot_humid_bursty_r2,reactive,hot_humid,bursty,2,33.196,32.896,32.696,30.196,25.0,45.0,0.0,,100.0,2.0,,,,0,cooldown
2026-07-07T20:35:27,reactive_hot_humid_bursty_r2,reactive,hot_humid,bursty,2,33.189,32.889,32.689,30.189,25.0,45.0,0.0,,100.0,2.0,,,,0,cooldown
2026-07-07T20:35:27,reactive_hot_humid_bursty_r2,reactive,hot_humid,bursty,2,33.183,32.883,32.683,30.183,25.0,45.0,0.0,,100.0,2.0,,,,0,cooldown
2026-07-07T20:35:27,reactive_hot_humid_bursty_r2,reactive,hot_humid,bursty,2,33.176,32.876,32.676,30.176,25.0,45.0,0.0,,100.0,2.0,,,,0,cooldown
2026-07-07T20:35:27,reactive_hot_humid_bursty_r2,reactive,hot_humid,bursty,2,33.17,32.87,32.67,30.17,25.0,45.0,0.0,,100.0,2.0,,,,0,cooldown
2026-07-07T20:35:27,reactive_hot_humid_bursty_r2,reactive,hot_humid,bursty,2,33.163,32.863,32.663,30.163,25.0,45.0,0.0,,100.0,2.0,,,,0,cooldown
2026-07-07T20:35:27,reactive_hot_humid_bursty_r2,reactive,hot_humid,bursty,2,33.157,32.857,32.657,30.157,25.0,45.0,0.0,,100.0,2.0,,,,0,cooldown
2026-07-07T20:35:27,reactive_hot_humid_bursty_r2,reactive,hot_humid,bursty,2,33.15,32.85,32.65,30.15,25.0,45.0,0.0,,100.0,2.0,,,,0,cooldown
2026-07-07T20:35:27,reactive_hot_humid_bursty_r2,reactive,hot_humid,bursty,2,33.144,32.844,32.644,30.144,25.0,45.0,0.0,,100.0,2.0,,,,0,cooldown
2026-07-07T20:35:27,reactive_hot_humid_bursty_r2,reactive,hot_humid,bursty,2,33.138,32.838,32.638,30.138,25.0,45.0,0.0,,100.0,2.0,,,,0,cooldown
2026-07-07T20:35:27,reactive_hot_humid_bursty_r2,reactive,hot_humid,bursty,2,33.131,32.831,32.631,30.131,25.0,45.0,0.0,,100.0,2.0,,,,0,cooldown
2026-07-07T20:35:27,reactive_hot_humid_bursty_r2,reactive,hot_humid,bursty,2,33.125,32.825,32.625,30.125,25.0,45.0,0.0,,100.0,2.0,,,,0,cooldown
2026-07-07T20:35:27,reactive_hot_humid_bursty_r2,reactive,hot_humid,bursty,2,33.118,32.818,32.618,30.118,25.0,45.0,0.0,,100.0,2.0,,,,0,cooldown
2026-07-07T20:35:27,reactive_hot_humid_bursty_r2,reactive,hot_humid,bursty,2,33.112,32.812,32.612,30.112,25.0,45.0,0.0,,100.0,2.0,,,,0,cooldown
2026-07-07T20:35:27,reactive_hot_humid_bursty_r2,reactive,hot_humid,bursty,2,33.106,32.806,32.606,30.106,25.0,45.0,0.0,,100.0,2.0,,,,0,cooldown
2026-07-07T20:35:27,reactive_hot_humid_bursty_r2,reactive,hot_humid,bursty,2,33.099,32.799,32.599,30.099,25.0,45.0,0.0,,100.0,2.0,,,,0,cooldown
2026-07-07T20:35:27,reactive_hot_humid_bursty_r2,reactive,hot_humid,bursty,2,33.093,32.793,32.593,30.093,25.0,45.0,0.0,,100.0,2.0,,,,0,cooldown
2026-07-07T20:35:27,reactive_hot_humid_bursty_r2,reactive,hot_humid,bursty,2,33.086,32.786,32.586,30.086,25.0,45.0,0.0,,100.0,2.0,,,,0,cooldown
2026-07-07T20:35:27,reactive_hot_humid_bursty_r2,reactive,hot_humid,bursty,2,33.08,32.78,32.58,30.08,25.0,45.0,0.0,,100.0,2.0,,,,0,cooldown
2026-07-07T20:35:27,reactive_hot_humid_bursty_r2,reactive,hot_humid,bursty,2,33.074,32.774,32.574,30.074,25.0,45.0,0.0,,100.0,2.0,,,,0,cooldown
2026-07-07T20:35:27,reactive_hot_humid_bursty_r2,reactive,hot_humid,bursty,2,33.067,32.767,32.567,30.067,25.0,45.0,0.0,,100.0,2.0,,,,0,cooldown
2026-07-07T20:35:27,reactive_hot_humid_bursty_r2,reactive,hot_humid,bursty,2,33.061,32.761,32.561,30.061,25.0,45.0,0.0,,100.0,2.0,,,,0,cooldown
2026-07-07T20:35:27,reactive_hot_humid_bursty_r2,reactive,hot_humid,bursty,2,33.054,32.754,32.554,30.054,25.0,45.0,0.0,,100.0,2.0,,,,0,cooldown
2026-07-07T20:35:27,reactive_hot_humid_bursty_r2,reactive,hot_humid,bursty,2,33.048,32.748,32.548,30.048,25.0,45.0,0.0,,100.0,2.0,,,,0,cooldown
2026-07-07T20:35:27,reactive_hot_humid_bursty_r2,reactive,hot_humid,bursty,2,33.042,32.742,32.542,30.042,25.0,45.0,0.0,,100.0,2.0,,,,0,cooldown
2026-07-07T20:35:27,reactive_hot_humid_bursty_r2,reactive,hot_humid,bursty,2,33.035,32.735,32.535,30.035,25.0,45.0,0.0,,100.0,2.0,,,,0,cooldown
2026-07-07T20:35:27,reactive_hot_humid_bursty_r2,reactive,hot_humid,bursty,2,33.029,32.729,32.529,30.029,25.0,45.0,0.0,,100.0,2.0,,,,0,cooldown
2026-07-07T20:35:27,reactive_hot_humid_bursty_r2,reactive,hot_humid,bursty,2,33.023,32.723,32.523,30.023,25.0,45.0,0.0,,100.0,2.0,,,,0,cooldown
2026-07-07T20:35:27,reactive_hot_humid_bursty_r2,reactive,hot_humid,bursty,2,33.016,32.716,32.516,30.016,25.0,45.0,0.0,,100.0,2.0,,,,0,cooldown
2026-07-07T20:35:27,reactive_hot_humid_bursty_r2,reactive,hot_humid,bursty,2,33.01,32.71,32.51,30.01,25.0,45.0,0.0,,100.0,2.0,,,,0,cooldown
2026-07-07T20:35:27,reactive_hot_humid_bursty_r2,reactive,hot_humid,bursty,2,33.004,32.704,32.504,30.004,25.0,45.0,0.0,,100.0,2.0,,,,0,cooldown
2026-07-07T20:35:27,reactive_hot_humid_bursty_r2,reactive,hot_humid,bursty,2,32.997,32.697,32.497,29.997,25.0,45.0,0.0,,100.0,2.0,,,,0,cooldown
