timestamp,trial_id,controller,climate,workload,repeat,T_tank_hot,T_tank_mid,T_rad_in,T_rad_out,T_ambient,RH_ambient,heater_w_cmd,heater_w_meas,fan_pwm,fan_w,forecast_T,forecast_RH,bank_depth_cmd,water_event_flag,notes
2026-07-07T20:35:24,pid_hot_humid_bursty_r2,pid,hot_humid,bursty,2,31.005,30.705,30.505,28.005,25.0,45.0,60.0,,40.0,0.8,,,,0,warmup
2026-07-07T20:35:24,pid_hot_humid_bursty_r2,pid,hot_humid,bursty,2,31.01,30.71,30.51,28.01,25.0,45.0,60.0,,40.0,0.8,30.17,,,0,trial
2026-07-07T20:35:24,pid_hot_humid_bursty_r2,pid,hot_humid,bursty,2,31.017,30.717,30.517,28.017,25.0,45.0,60.0,,0.0,0.0,30.17,,,0,trial
2026-07-07T20:35:24,pid_hot_humid_bursty_r2,pid,hot_humid,bursty,2,31.025,30.725,30.525,28.025,25.0,45.0,60.0,,0.0,0.0,30.17,,,0,trial
2026-07-07T20:35:24,pid_hot_humid_bursty_r2,pid,hot_humid,bursty,2,31.032,30.732,30.532,28.032,25.0,45.0,60.0,,0.0,0.0,30.17,,,0,trial
2026-07-07T20:35:24,pid_hot_humid_bursty_r2,pid,hot_humid,bursty,2,31.039,30.739,30.539,28.039,25.0,45.0,60.0,,0.0,0.0,30.17,,,0,trial
2026-07-07T20:35:24,pid_hot_humid_bursty_r2,pid,hot_humid,bursty,2,31.047,30.747,30.547,28.047,25.0,45.0,60.0,,0.0,0.0,30.17,,,0,trial
2026-07-07T20:35:24,pid_hot_humid_bursty_r2,pid,hot_humid,bursty,2,31.054,30.754,30.554,28.054,25.0,45.0,60.0,,0.0,0.0,30.17,,,0,trial
2026-07-07T20:35:24,pid_hot_humid_bursty_r2,pid,hot_humid,bursty,2,31.061,30.761,30.561,28.061,25.0,45.0,60.0,,0.0,0.0,30.17,,,0,trial
2026-07-07T20:35:24,pid_hot_humid_bursty_r2,pid,hot_humid,bursty,2,31.068,30.768,30.568,28.068,25.0,45.0,60.0,,0.0,0.0,30.17,,,0,trial
2026-07-07T20:35:24,pid_hot_humid_bursty_r2,pid,hot_humid,bursty,2,31.076,30.776,30.576,28.076,25.0,45.0,60.0,,0.0,0.0,30.17,,,0,trial
2026-07-07T20:35:24,pid_hot_humid_bursty_r2,pid,hot_humid,bursty,2,31.083,30.783,30.583,28.083,25.0,45.0,60.0,,0.0,0.0,30.17,,,0,trial
2026-07-07T20:35:24,pid_hot_humid_bursty_r2,pid,hot_humid,bursty,2,31.09,30.79,30.59,28.09,25.0,45.0,60.0,,0.0,0.0,30.17,,,0,trial
2026-07-07T20:35:24,pid_hot_humid_bursty_r2,pid,hot_humid,bursty,2,31.097,30.797,30.597,28.097,25.0,45.0,60.0,,0.0,0.0,30.17,,,0,trial
2026-07-07T20:35:24,pid_hot_humid_bursty_r2,pid,hot_humid,bursty,2,31.105,30.805,30.605,28.105,25.0,45.0,60.0,,0.0,0.0,30.17,,,0,trial
2026-07-07T20:35:24,pid_hot_humid_bursty_r2,pid,hot_humid,bursty,2,31.112,30.812,30.612,28.112,25.0,45.0,60.0,,0.0,0.0,30.18,,,0,trial
2026-07-07T20:35:24,pid_hot_humid_bursty_r2,pid,hot_humid,bursty,2,31.119,30.819,30.619,28.119,25.0,45.0,60.0,,0.0,0.0,30.18,,,0,trial
2026-07-07T20:35:24,pid_hot_humid_bursty_r2,pid,hot_humid,bursty,2,31.126,30.826,30.626,28.126,25.0,45.0,60.0,,0.0,0.0,30.18,,,0,trial
2026-07-07T20:35:24,pid_hot_humid_bursty_r2,pid,hot_humid,bursty,2,31.134,30.834,30.634,28.134,25.0,45.0,60.0,,0.0,0.0,30.18,,,0,trial
2026-07-07T20:35:24,pid_hot_humid_bursty_r2,pid,hot_humid,bursty,2,31.141,30.841,30.641,28.141,25.0,45.0,60.0,,0.0,0.0,30.18,,,0,trial
2026-07-07T20:35:24,pid_hot_humid_bursty_r2,pid,hot_humid,bursty,2,31.148,30.848,30.648,28.148,25.0,45.0,60.0,,0.0,0.0,30.18,,,0,trial
2026-07-07T20:35:24,pid_hot_humid_bursty_r2,pid,hot_humid,bursty,2,31.155,30.855,30.655,28.155,25.0,45.0,60.0,,0.0,0.0,30.18,,,0,trial
2026-07-07T20:35:24,pid_hot_humid_bursty_r2,pid,hot_humid,bursty,2,31.163,30.863,30.663,28.163,25.0,45.0,60.0,,0.0,0.0,30.18,,,0,trial
2026-07-07T20:35:24,pid_hot_humid_bursty_r2,pid,hot_humid,bursty,2,31.17,30.87,30.67,28.17,25.0,45.0,60.0,,0.0,0.0,30.18,,,0,trial
2026-07-07T20:35:24,pid_hot_humid_bursty_r2,pid,hot_humid,bursty,2,31.177,30.877,30.677,28.177,25.0,45.0,60.0,,0.0,0.0,30.18,,,0,trial
2026-07-07T20:35:24,pid_hot_humid_bursty_r2,pid,hot_humid,bursty,2,31.184,30.884,30.684,28.184,25.0,45.0,60.0,,0.0,0.0,30.18,,,0,trial
2026-07-07T20:35:24,pid_hot_humid_bursty_r2,pid,hot_humid,bursty,2,31.192,30.892,30.692,28.192,25.0,45.0,60.0,,0.0,0.0,30.18,,,0,trial
2026-07-07T20:35:24,pid_hot_humid_bursty_r2,pid,hot_humid,bursty,2,31.199,30.899,30.699,28.199,25.0,45.0,60.0,,0.0,0.0,30.18,,,0,trial
2026-07-07T20:35:24,pid_hot_humid_bursty_r2,pid,hot_humid,bursty,2,31.206,30.906,30.706,28.206,25.0,45.0,60.0,,0.0,0.0,30.19,,,0,trial
2026-07-07T20:35:24,pid_hot_humid_bursty_r2,pid,hot_humid,bursty,2,31.213,30.913,30.713,28.213,25.0,45.0,60.0,,0.0,0.0,30.19,,,0,trial
2026-07-07T20:35:24,pid_hot_humid_bursty_r2,pid,hot_humid,bursty,2,31.22,30.92,30.72,28.22,25.0,45.0,60.0,,0.0,0.0,30.19,,,0,trial
2026-07-07T20:35:24,pid_hot_humid_bursty_r2,pid,hot_humid,bursty,2,31.228,30.928,30.728,28.228,25.0,45.0,60.0,,0.0,0.0,30.19,,,0,trial
2026-07-07T20:35:24,pid_hot_humid_bursty_r2,pid,hot_humid,bursty,2,31.235,30.935,30.735,28.235,25.0,45.0,60.0,,0.0,0.0,30.19,,,0,trial
2026-07-07T20:35:24,pid_hot_humid_bursty_r2,pid,hot_humid,bursty,2,31.242,30.942,30.742,28.242,25.0,45.0,60.0,,0.0,0.0,30.19,,,0,trial
2026-07-07T20:35:24,pid_hot_humid_bursty_r2,pid,hot_humid,bursty,2,31.249,30.949,30.749,28.249,25.0,45.0,60.0,,0.0,0.0,30.19,,,0,trial
2026-07-07T20:35:24,pid_hot_humid_bursty_r2,pid,hot_humid,bursty,2,31.257,30.957,30.757,28.257,25.0,45.0,60.0,,0.0,0.0,30.19,,,0,trial
2026-07-07T20:35:24,pid_hot_humid_bursty_r2,pid,hot_humid,bursty,2,31.264,30.964,30.764,28.264,25.0,45.0,60.0,,0.0,0.0,30.19,,,0,trial
2026-07-07T20:35:24,pid_hot_humid_bursty_r2,pid,hot_humid,bursty,2,31.271,30.971,30.771,28.271,25.0,45.0,60.0,,0.0,0.0,30.19,,,0,trial
2026-07-07T20:35:24,pid_hot_humid_bursty_r2,pid,hot_humid,bursty,2,31.278,30.978,30.778,28.278,25.0,45.0,60.0,,0.0,0.0,30.19,,,0,trial
2026-07-07T20:35:24,pid_hot_humid_bursty_r2,pid,hot_humid,bursty,2,31.286,30.986,30.786,28.286,25.0,45.0,60.0,,0.0,0.0,30.19,,,0,trial
2026-07-07T20:35:24,pid_hot_humid_bursty_r2,pid,hot_humid,bursty,2,31.293,30.993,30.793,28.293,25.0,45.0,60.0,,0.0,0.0,30.19,,,0,trial
2026-07-07T20:35:24,pid_hot_humid_bursty_r2,pid,hot_humid,bursty,2,31.3,31.0,30.8,28.3,25.0,45.0,60.0,,0.0,0.0,30.2,,,0,trial
2026-07-07T20:35:24,pid_hot_humid_bursty_r2,pid,hot_humid,bursty,2,31.307,31.007,30.807,28.307,25.0,45.0,60.0,,0.0,0.0,30.2,,,0,trial
2026-07-07T20:35:24,pid_hot_humid_bursty_r2,pid,hot_humid,bursty,2,31.315,31.015,30.815,28.315,25.0,45.0,60.0,,0.0,0.0,30.2,,,0,trial
2026-07-07T20:35:24,pid_hot_humid_bursty_r2,pid,hot_humid,bursty,2,31.322,31.022,30.822,28.322,25.0,45.0,60.0,,0.0,0.0,30.2,,,0,trial
2026-07-07T20:35:24,pid_hot_humid_bursty_r2,pid,hot_humid,bursty,2,31.329,31.029,30.829,28.329,25.0,45.0,60.0,,0.0,0.0,30.2,,,0,trial
2026-07-07T20:35:24,pid_hot_humid_bursty_r2,pid,hot_humid,bursty,2,31.336,31.036,30.836,28.336,25.0,45.0,60.0,,0.0,0.0,30.2,,,0,trial
2026-07-07T20:35:24,pid_hot_humid_bursty_r2,pid,hot_humid,bursty,2,31.343,31.043,30.843,28.343,25.0,45.0,60.0,,0.0,0.0,30.2,,,0,trial
2026-07-07T20:35:24,pid_hot_humid_bursty_r2,pid,hot_humid,bursty,2,31.351,31.051,30.851,28.351,25.0,45.0,60.0,,0.0,0.0,30.2,,,0,trial
2026-07-07T20:35:24,pid_hot_humid_bursty_r2,pid,hot_humid,bursty,2,31.358,31.058,30.858,28.358,25.0,45.0,60.0,,0.0,0.0,30.2,,,0,trial
2026-07-07T20:35:24,pid_hot_humid_bursty_r2,pid,hot_humid,bursty,2,31.365,31.065,30.865,28.365,25.0,45.0,60.0,,0.0,0.0,30.2,,,0,trial
2026-07-07T20:35:24,pid_hot_humid_bursty_r2,pid,hot_humid,bursty,2,31.372,31.072,30.872,28.372,25.0,45.0,60.0,,0.0,0.0,30.2,,,0,trial
2026-07-07T20:35:24,pid_hot_humid_bursty_r2,pid,hot_humid,bursty,2,31.38,31.08,30.88,28.38,25.0,45.0,60.0,,0.0,0.0,30.21,,,0,trial
2026-07-07T20:35:24,pid_hot_humid_bursty_r2,pid,hot_humid,bursty,2,31.387,31.087,30.887,28.387,25.0,45.0,60.0,,0.0,0.0,30.21,,,0,trial
2026-07-07T20:35:24,pid_hot_humid_bursty_r2,pid,hot_humid,bursty,2,31.394,31.094,30.894,28.394,25.0,45.0,60.0,,0.0,0.0,30.21,,,0,trial
2026-07-07T20:35:24,pid_hot_humid_bursty_r2,pid,hot_humid,bursty,2,31.401,31.101,30.901,28.401,25.0,45.0,60.0,,0.0,0.0,30.21,,,0,trial
2026-07-07T20:35:24,pid_hot_humid_bursty_r2,pid,hot_humid,bursty,2,31.408,31.108,30.908,28.408,25.0,45.0,60.0,,0.0,0.0,30.21,,,0,trial
2026-07-07T20:35:24,pid_hot_humid_bursty_r2,pid,hot_humid,bursty,2,31.416,31.116,30.916,28.416,25.0,45.0,60.0,,0.0,0.0,30.21,,,0,trial
2026-07-07T20:35:24,pid_hot_humid_bursty_r2,pid,hot_humid,bursty,2,31.423,31.123,30.923,28.423,25.0,45.0,60.0,,0.0,0.0,30.21,,,0,trial
2026-07-07T20:35:24,pid_hot_humid_bursty_r2,pid,hot_humid,bursty,2,31.43,31.13,30.93,28.43,25.0,45.0,60.0,,0.0,0.0,30.21,,,0,trial
2026-07-07T20:35:24,pid_hot_humid_bursty_r2,pid,hot_humid,bursty,2,31.437,31.137,30.937,28.437,25.0,45.0,60.0,,0.0,0.0,30.21,,,0,trial
2026-07-07T20:35:24,pid_hot_humid_bursty_r2,pid,hot_humid,bursty,2,31.445,31.145,30.945,28.445,25.0,45.0,60.0,,0.0,0.0,30.21,,,0,trial
2026-07-07T20:35:24,pid_hot_humid_bursty_r2,pid,hot_humid,bursty,2,31.452,31.152,30.952,28.452,25.0,45.0,60.0,,0.0,0.0,30.22,,,0,trial
2026-07-07T20:35:24,pid_hot_humid_bursty_r2,pid,hot_humid,bursty,2,31.459,31.159,30.959,28.459,25.0,45.0,60.0,,0.0,0.0,30.22,,,0,trial
2026-07-07T20:35:24,pid_hot_humid_bursty_r2,pid,hot_humid,bursty,2,31.466,31.166,30.966,28.466,25.0,45.0,60.0,,0.0,0.0,30.22,,,0,trial
2026-07-07T20:35:24,pid_hot_humid_bursty_r2,pid,hot_humid,bursty,2,31.473,31.173,30.973,28.473,25.0,45.0,60.0,,0.0,0.0,30.22,,,0,trial
2026-07-07T20:35:24,pid_hot_humid_bursty_r2,pid,hot_humid,bursty,2,31.481,31.181,30.981,28.481,25.0,45.0,60.0,,0.0,0.0,30.22,,,0,trial
2026-07-07T20:35:24,pid_hot_humid_bursty_r2,pid,hot_humid,bursty,2,31.488,31.188,30.988,28.488,25.0,45.0,60.0,,0.0,0.0,30.22,,,0,trial
2026-07-07T20:35:24,pid_hot_humid_bursty_r2,pid,hot_humid,bursty,2,31.495,31.195,30.995,28.495,25.0,45.0,60.0,,0.0,0.0,30.22,,,0,trial
2026-07-07T20:35:24,pid_hot_humid_bursty_r2,pid,hot_humid,bursty,2,31.502,31.202,31.002,28.502,25.0,45.0,60.0,,0.0,0.0,30.22,,,0,trial
2026-07-07T20:35:24,pid_hot_humid_bursty_r2,pid,hot_humid,bursty,2,31.509,31.209,31.009,28.509,25.0,45.0,60.0,,0.0,0.0,30.22,,,0,trial
2026-07-07T20:35:24,pid_hot_humid_bursty_r2,pid,hot_humid,bursty,2,31.517,31.217,31.017,28.517,25.0,45.0,60.0,,0.0,0.0,30.23,,,0,trial
2026-07-07T20:35:24,pid_hot_humid_bursty_r2,pid,hot_humid,bursty,2,31.524,31.224,31.024,28.524,25.0,45.0,60.0,,0.0,0.0,30.23,,,0,trial
2026-07-07T20:35:24,pid_hot_humid_bursty_r2,pid,hot_humid,bursty,2,31.531,31.231,31.031,28.531,25.0,45.0,60.0,,0.0,0.0,30.23,,,0,trial
2026-07-07T20:35:24,pid_hot_humid_bursty_r2,pid,hot_humid,bursty,2,31.538,31.238,31.038,28.538,25.0,45.0,60.0,,0.0,0.0,30.23,,,0,trial
2026-07-07T20:35:24,pid_hot_humid_bursty_r2,pid,hot_humid,bursty,2,31.546,31.246,31.046,28.546,25.0,45.0,60.0,,0.0,0.0,30.23,,,0,trial
2026-07-07T20:35:24,pid_hot_humid_bursty_r2,pid,hot_humid,bursty,2,31.553,31.253,31.053,28.553,25.0,45.0,60.0,,0.0,0.0,30.23,,,0,trial
2026-07-07T20:35:24,pid_hot_humid_bursty_r2,pid,hot_humid,bursty,2,31.56,31.26,31.06,28.56,25.0,45.0,60.0,,0.0,0.0,30.23,,,0,trial
2026-07-07T20:35:24,pid_hot_humid_bursty_r2,pid,hot_humid,bursty,2,31.567,31.267,31.067,28.567,25.0,45.0,60.0,,0.0,0.0,30.23,,,0,trial
2026-07-07T20:35:24,pid_hot_humid_bursty_r2,pid,hot_humid,bursty,2,31.574,31.274,31.074,28.574,25.0,45.0,60.0,,0.0,0.0,30.23,,,0,trial
2026-07-07T20:35:24,pid_hot_humid_bursty_r2,pid,hot_humid,bursty,2,31.582,31.282,31.082,28.582,25.0,45.0,60.0,,0.0,0.0,30.24,,,0,trial
2026-07-07T20:35:24,pid_hot_humid_bursty_r2,pid,hot_humid,bursty,2,31.589,31.289,31.089,28.589,25.0,45.0,60.0,,0.0,0.0,30.24,,,0,trial
2026-07-07T20:35:24,pid_hot_humid_bursty_r2,pid,hot_humid,bursty,2,31.596,31.296,31.096,28.596,25.0,45.0,60.0,,0.0,0.0,30.24,,,0,trial
2026-07-07T20:35:24,pid_hot_humid_bursty_r2,pid,hot_humid,bursty,2,31.603,31.303,31.103,28.603,25.0,45.0,60.0,,0.0,0.0,30.24,,,0,trial
2026-07-07T20:35:24,pid_hot_humid_bursty_r2,pid,hot_humid,bursty,2,31.61,31.31,31.11,28.61,25.0,45.0,60.0,,0.0,0.0,30.24,,,0,trial
2026-07-07T20:35:24,pid_hot_humid_bursty_r2,pid,hot_humid,bursty,2,31.618,31.318,31.118,28.618,25.0,45.0,60.0,,0.0,0.0,30.24,,,0,trial
2026-07-07T20:35:24,pid_hot_humid_bursty_r2,pid,hot_humid,bursty,2,31.625,31.325,31.125,28.625,25.0,45.0,60.0,,0.0,0.0,30.24,,,0,trial
2026-07-07T20:35:24,pid_hot_humid_bursty_r2,pid,hot_humid,bursty,2,31.632,31.332,31.132,28.632,25.0,45.0,60.0,,0.0,0.0,30.24,,,0,trial
2026-07-07T20:35:24,pid_hot_humid_bursty_r2,pid,hot_humid,bursty,2,31.639,31.339,31.139,28.639,25.0,45.0,60.0,,0.0,0.0,30.24,,,0,trial
2026-07-07T20:35:24,pid_hot_humid_bursty_r2,pid,hot_humid,bursty,2,31.646,31.346,31.146,28.646,25.0,45.0,60.0,,0.0,0.0,30.25,,,0,trial
2026-07-07T20:35:24,pid_hot_humid_bursty_r2,pid,hot_humid,bursty,2,31.654,31.354,31.154,28.654,25.0,45.0,60.0,,0.0,0.0,30.25,,,0,trial
2026-07-07T20:35:24,pid_hot_humid_bursty_r2,pid,hot_humid,bursty,2,31.661,31.361,31.161,28.661,25.0,45.0,60.0,,0.0,0.0,30.25,,,0,trial
2026-07-07T20:35:24,pid_hot_humid_bursty_r2,pid,hot_humid,bursty,2,31.668,31.368,31.168,28.668,25.0,45.0,60.0,,0.0,0.0,30.25,,,0,trial
2026-07-07T20:35:24,pid_hot_humid_bursty_r2,pid,hot_humid,bursty,2,31.675,31.375,31.175,28.675,25.0,45.0,60.0,,0.0,0.0,30.25,,,0,trial
2026-07-07T20:35:24,pid_hot_humid_bursty_r2,pid,hot_humid,bursty,2,31.682,31.382,31.182,28.682,25.0,45.0,60.0,,0.0,0.0,30.25,,,0,trial
2026-07-07T20:35:24,pid_hot_humid_bursty_r2,pid,hot_humid,bursty,2,31.69,31.39,31.19,28.69,25.0,45.0,60.0,,0.0,0.0,30.25,,,0,trial
2026-07-07T20:35:24,pid_hot_humid_bursty_r2,pid,hot_humid,bursty,2,31.697,31.397,31.197,28.697,25.0,45.0,60.0,,0.0,0.0,30.26,,,0,trial
2026-07-07T20:35:24,pid_hot_humid_bursty_r2,pid,hot_humid,bursty,2,31.704,31.404,31.204,28.704,25.0,45.0,60.0,,0.0,0.0,30.26,,,0,trial
2026-07-07T20:35:24,pid_hot_humid_bursty_r2,pid,hot_humid,bursty,2,31.711,31.411,31.211,28.711,25.0,45.0,60.0,,0.0,0.0,30.26,,,0,trial
2026-07-07T20:35:24,pid_hot_humid_bursty_r2,pid,hot_humid,bursty,2,31.718,31.418,31.218,28.718,25.0,45.0,60.0,,0.0,0.0,30.26,,,0,trial
2026-07-07T20:35:24,pid_hot_humid_bursty_r2,pid,hot_humid,bursty,2,31.725,31.425,31.225,28.725,25.0,45.0,60.0,,0.0,0.0,30.26,,,0,trial
2026-07-07T20:35:24,pid_hot_humid_bursty_r2,pid,hot_humid,bursty,2,31.733,31.433,31.233,28.733,25.0,45.0,60.0,,0.0,0.0,30.26,,,0,trial
2026-07-07T20:35:24,pid_hot_humid_bursty_r2,pid,hot_humid,bursty,2,31.74,31.44,31.24,28.74,25.0,45.0,60.0,,0.0,0.0,30.26,,,0,trial
2026-07-07T20:35:24,pid_hot_humid_bursty_r2,pid,hot_humid,bursty,2,31.747,31.447,31.247,28.747,25.0,45.0,60.0,,0.0,0.0,30.26,,,0,trial
2026-07-07T20:35:24,pid_hot_humid_bursty_r2,pid,hot_humid,bursty,2,31.754,31.454,31.254,28.754,25.0,45.0,60.0,,0.0,0.0,30.27,,,0,trial
2026-07-07T20:35:24,pid_hot_humid_bursty_r2,pid,hot_humid,bursty,2,31.761,31.461,31.261,28.761,25.0,45.0,60.0,,0.0,0.0,30.27,,,0,trial
2026-07-07T20:35:24,pid_hot_humid_bursty_r2,pid,hot_humid,bursty,2,31.769,31.469,31.269,28.769,25.0,45.0,60.0,,0.0,0.0,30.27,,,0,trial
2026-07-07T20:35:24,pid_hot_humid_bursty_r2,pid,hot_humid,bursty,2,31.776,31.476,31.276,28.776,25.0,45.0,60.0,,0.0,0.0,30.27,,,0,trial
2026-07-07T20:35:24,pid_hot_humid_bursty_r2,pid,hot_humid,bursty,2,31.783,31.483,31.283,28.783,25.0,45.0,60.0,,0.0,0.0,30.27,,,0,trial
2026-07-07T20:35:24,pid_hot_humid_bursty_r2,pid,hot_humid,bursty,2,31.79,31.49,31.29,28.79,25.0,45.0,60.0,,0.0,0.0,30.27,,,0,trial
2026-07-07T20:35:24,pid_hot_humid_bursty_r2,pid,hot_humid,bursty,2,31.797,31.497,31.297,28.797,25.0,45.0,60.0,,0.0,0.0,30.27,,,0,trial
2026-07-07T20:35:24,pid_hot_humid_bursty_r2,pid,hot_humid,bursty,2,31.804,31.504,31.304,28.804,25.0,45.0,60.0,,0.0,0.0,30.28,,,0,trial
2026-07-07T20:35:24,pid_hot_humid_bursty_r2,pid,hot_humid,bursty,2,31.812,31.512,31.312,28.812,25.0,45.0,60.0,,0.0,0.0,30.28,,,0,trial
2026-07-07T20:35:24,pid_hot_humid_bursty_r2,pid,hot_humid,bursty,2,31.819,31.519,31.319,28.819,25.0,45.0,60.0,,0.0,0.0,30.28,,,0,trial
2026-07-07T20:35:24,pid_hot_humid_bursty_r2,pid,hot_humid,bursty,2,31.826,31.526,31.326,28.826,25.0,45.0,60.0,,0.0,0.0,30.28,,,0,trial
2026-07-07T20:35:24,pid_hot_humid_bursty_r2,pid,hot_humid,bursty,2,31.833,31.533,31.333,28.833,25.0,45.0,60.0,,0.0,0.0,30.28,,,0,trial
2026-07-07T20:35:24,pid_hot_humid_bursty_r2,pid,hot_humid,bursty,2,31.84,31.54,31.34,28.84,25.0,45.0,60.0,,0.0,0.0,30.28,,,0,trial
2026-07-07T20:35:24,pid_hot_humid_bursty_r2,pid,hot_humid,bursty,2,31.848,31.548,31.348,28.848,25.0,45.0,60.0,,0.0,0.0,30.29,,,0,trial
2026-07-07T20:35:24,pid_hot_humid_bursty_r2,pid,hot_humid,bursty,2,31.855,31.555,31.355,28.855,25.0,45.0,60.0,,0.0,0.0,30.29,,,0,trial
2026-07-07T20:35:24,pid_hot_humid_bursty_r2,pid,hot_humid,bursty,2,31.862,31.562,31.362,28.862,25.0,45.0,60.0,,0.0,0.0,30.29,,,0,trial
2026-07-07T20:35:24,pid_hot_humid_bursty_r2,pid,hot_humid,bursty,2,31.869,31.569,31.369,28.869,25.0,45.0,60.0,,0.0,0.0,30.29,,,0,trial
2026-07-07T20:35:24,pid_hot_humid_bursty_r2,pid,hot_humid,bursty,2,31.876,31.576,31.376,28.876,25.0,45.0,60.0,,0.0,0.0,30.29,,,0,trial
2026-07-07T20:35:24,pid_hot_humid_bursty_r2,pid,hot_humid,bursty,2,31.883,31.583,31.383,28.883,25.0,45.0,60.0,,0.0,0.0,30.29,,,0,trial
2026-07-07T20:35:24,pid_hot_humid_bursty_r2,pid,hot_humid,bursty,2,31.891,31.591,31.391,28.891,25.0,45.0,60.0,,0.0,0.0,30.29,,,0,trial
2026-07-07T20:35:24,pid_hot_humid_bursty_r2,pid,hot_humid,bursty,2,31.898,31.598,31.398,28.898,25.0,45.0,60.0,,0.0,0.0,30.3,,,0,trial
2026-07-07T20:35:24,pid_hot_humid_bursty_r2,pid,hot_humid,bursty,2,31.905,31.605,31.405,28.905,25.0,45.0,60.0,,0.0,0.0,30.3,,,0,trial
2026-07-07T20:35:24,pid_hot_humid_bursty_r2,pid,hot_humid,bursty,2,31.912,31.612,31.412,28.912,25.0,45.0,60.0,,0.0,0.0,30.3,,,0,trial
2026-07-07T20:35:24,pid_hot_humid_bursty_r2,pid,hot_humid,bursty,2,31.919,31.619,31.419,28.919,25.0,45.0,60.0,,0.0,0.0,30.3,,,0,trial
2026-07-07T20:35:24,pid_hot_humid_bursty_r2,pid,hot_humid,bursty,2,31.926,31.626,31.426,28.926,25.0,45.0,60.0,,0.0,0.0,30.3,,,0,trial
2026-07-07T20:35:24,pid_hot_humid_bursty_r2,pid,hot_humid,bursty,2,31.934,31.634,31.434,28.934,25.0,45.0,60.0,,0.0,0.0,30.3,,,0,trial
2026-07-07T20:35:24,pid_hot_humid_bursty_r2,pid,hot_humid,bursty,2,31.941,31.641,31.441,28.941,25.0,45.0,60.0,,0.0,0.0,30.31,,,0,trial
2026-07-07T20:35:24,pid_hot_humid_bursty_r2,pid,hot_humid,bursty,2,31.948,31.648,31.448,28.948,25.0,45.0,60.0,,0.0,0.0,30.31,,,0,trial
2026-07-07T20:35:24,pid_hot_humid_bursty_r2,pid,hot_humid,bursty,2,31.955,31.655,31.455,28.955,25.0,45.0,60.0,,0.0,0.0,30.31,,,0,trial
2026-07-07T20:35:24,pid_hot_humid_bursty_r2,pid,hot_humid,bursty,2,31.962,31.662,31.462,28.962,25.0,45.0,60.0,,0.0,0.0,30.31,,,0,trial
2026-07-07T20:35:24,pid_hot_humid_bursty_r2,pid,hot_humid,bursty,2,31.969,31.669,31.469,28.969,25.0,45.0,60.0,,0.0,0.0,30.31,,,0,trial
2026-07-07T20:35:24,pid_hot_humid_bursty_r2,pid,hot_humid,bursty,2,31.977,31.677,31.477,28.977,25.0,45.0,60.0,,0.0,0.0,30.31,,,0,trial
2026-07-07T20:35:24,pid_hot_humid_bursty_r2,pid,hot_humid,bursty,2,31.984,31.684,31.484,28.984,25.0,45.0,60.0,,0.0,0.0,30.32,,,0,trial
2026-07-07T20:35:24,pid_hot_humid_bursty_r2,pid,hot_humid,bursty,2,31.991,31.691,31.491,28.991,25.0,45.0,60.0,,0.0,0.0,30.32,,,0,trial
2026-07-07T20:35:24,pid_hot_humid_bursty_r2,pid,hot_humid,bursty,2,31.998,31.698,31.498,28.998,25.0,45.0,60.0,,0.0,0.0,30.32,,,0,trial
2026-07-07T20:35:24,pid_hot_humid_bursty_r2,pid,hot_humid,bursty,2,32.005,31.705,31.505,29.005,25.0,45.0,60.0,,0.0,0.0,30.32,,,0,trial
2026-07-07T20:35:24,pid_hot_humid_bursty_r2,pid,hot_humid,bursty,2,32.012,31.712,31.512,29.012,25.0,45.0,60.0,,0.0,0.0,30.32,,,0,trial
2026-07-07T20:35:24,pid_hot_humid_bursty_r2,pid,hot_humid,bursty,2,32.019,31.719,31.519,29.019,25.0,45.0,60.0,,0.0,0.0,30.33,,,0,trial
2026-07-07T20:35:24,pid_hot_humid_bursty_r2,pid,hot_humid,bursty,2,32.027,31.727,31.527,29.027,25.0,45.0,60.0,,0.0,0.0,30.33,,,0,trial
2026-07-07T20:35:24,pid_hot_humid_bursty_r2,pid,hot_humid,bursty,2,32.034,31.734,31.534,29.034,25.0,45.0,60.0,,0.0,0.0,30.33,,,0,trial
2026-07-07T20:35:24,pid_hot_humid_bursty_r2,pid,hot_humid,bursty,2,32.041,31.741,31.541,29.041,25.0,45.0,60.0,,0.0,0.0,30.33,,,0,trial
2026-07-07T20:35:24,pid_hot_humid_bursty_r2,pid,hot_humid,bursty,2,32.048,31.748,31.548,29.048,25.0,45.0,60.0,,0.0,0.0,30.33,,,0,trial
2026-07-07T20:35:24,pid_hot_humid_bursty_r2,pid,hot_humid,bursty,2,32.055,31.755,31.555,29.055,25.0,45.0,60.0,,0.0,0.0,30.33,,,0,trial
2026-07-07T20:35:24,pid_hot_humid_bursty_r2,pid,hot_humid,bursty,2,32.062,31.762,31.562,29.062,25.0,45.0,60.0,,0.0,0.0,30.34,,,0,trial
2026-07-07T20:35:24,pid_hot_humid_bursty_r2,pid,hot_humid,bursty,2,32.07,31.77,31.57,29.07,25.0,45.0,60.0,,0.0,0.0,30.34,,,0,trial
2026-07-07T20:35:24,pid_hot_humid_bursty_r2,pid,hot_humid,bursty,2,32.077,31.777,31.577,29.077,25.0,45.0,60.0,,0.0,0.0,30.34,,,0,trial
2026-07-07T20:35:24,pid_hot_humid_bursty_r2,pid,hot_humid,bursty,2,32.084,31.784,31.584,29.084,25.0,45.0,60.0,,0.0,0.0,30.34,,,0,trial
2026-07-07T20:35:24,pid_hot_humid_bursty_r2,pid,hot_humid,bursty,2,32.091,31.791,31.591,29.091,25.0,45.0,60.0,,0.0,0.0,30.34,,,0,trial
2026-07-07T20:35:24,pid_hot_humid_bursty_r2,pid,hot_humid,bursty,2,32.098,31.798,31.598,29.098,25.0,45.0,60.0,,0.0,0.0,30.35,,,0,trial
2026-07-07T20:35:24,pid_hot_humid_bursty_r2,pid,hot_humid,bursty,2,32.105,31.805,31.605,29.105,25.0,45.0,60.0,,0.0,0.0,30.35,,,0,trial
2026-07-07T20:35:24,pid_hot_humid_bursty_r2,pid,hot_humid,bursty,2,32.112,31.812,31.612,29.112,25.0,45.0,60.0,,0.0,0.0,30.35,,,0,trial
2026-07-07T20:35:24,pid_hot_humid_bursty_r2,pid,hot_humid,bursty,2,32.12,31.82,31.62,29.12,25.0,45.0,60.0,,0.0,0.0,30.35,,,0,trial
2026-07-07T20:35:24,pid_hot_humid_bursty_r2,pid,hot_humid,bursty,2,32.127,31.827,31.627,29.127,25.0,45.0,60.0,,0.0,0.0,30.35,,,0,trial
2026-07-07T20:35:24,pid_hot_humid_bursty_r2,pid,hot_humid,bursty,2,32.134,31.834,31.634,29.134,25.0,45.0,60.0,,0.0,0.0,30.36,,,0,trial
2026-07-07T20:35:24,pid_hot_humid_bursty_r2,pid,hot_humid,bursty,2,32.141,31.841,31.641,29.141,25.0,45.0,60.0,,0.0,0.0,30.36,,,0,trial
2026-07-07T20:35:24,pid_hot_humid_bursty_r2,pid,hot_humid,bursty,2,32.148,31.848,31.648,29.148,25.0,45.0,60.0,,0.0,0.0,30.36,,,0,trial
2026-07-07T20:35:24,pid_hot_humid_bursty_r2,pid,hot_humid,bursty,2,32.155,31.855,31.655,29.155,25.0,45.0,60.0,,0.0,0.0,30.36,,,0,trial
2026-07-07T20:35:24,pid_hot_humid_bursty_r2,pid,hot_humid,bursty,2,32.162,31.862,31.662,29.162,25.0,45.0,60.0,,0.0,0.0,30.36,,,0,trial
2026-07-07T20:35:24,pid_hot_humid_bursty_r2,pid,hot_humid,bursty,2,32.17,31.87,31.67,29.17,25.0,45.0,60.0,,0.0,0.0,30.37,,,0,trial
2026-07-07T20:35:24,pid_hot_humid_bursty_r2,pid,hot_humid,bursty,2,32.177,31.877,31.677,29.177,25.0,45.0,60.0,,0.0,0.0,30.37,,,0,trial
2026-07-07T20:35:24,pid_hot_humid_bursty_r2,pid,hot_humid,bursty,2,32.184,31.884,31.684,29.184,25.0,45.0,60.0,,0.0,0.0,30.37,,,0,trial
2026-07-07T20:35:24,pid_hot_humid_bursty_r2,pid,hot_humid,bursty,2,32.191,31.891,31.691,29.191,25.0,45.0,60.0,,0.0,0.0,30.37,,,0,trial
2026-07-07T20:35:24,pid_hot_humid_bursty_r2,pid,hot_humid,bursty,2,32.198,31.898,31.698,29.198,25.0,45.0,60.0,,0.0,0.0,30.38,,,0,trial
2026-07-07T20:35:24,pid_hot_humid_bursty_r2,pid,hot_humid,bursty,2,32.205,31.905,31.705,29.205,25.0,45.0,60.0,,0.0,0.0,30.38,,,0,trial
2026-07-07T20:35:24,pid_hot_humid_bursty_r2,pid,hot_humid,bursty,2,32.212,31.912,31.712,29.212,25.0,45.0,60.0,,0.0,0.0,30.38,,,0,trial
2026-07-07T20:35:24,pid_hot_humid_bursty_r2,pid,hot_humid,bursty,2,32.22,31.92,31.72,29.22,25.0,45.0,60.0,,0.0,0.0,30.38,,,0,trial
2026-07-07T20:35:24,pid_hot_humid_bursty_r2,pid,hot_humid,bursty,2,32.227,31.927,31.727,29.227,25.0,45.0,60.0,,0.0,0.0,30.38,,,0,trial
2026-07-07T20:35:24,pid_hot_humid_bursty_r2,pid,hot_humid,bursty,2,32.234,31.934,31.734,29.234,25.0,45.0,60.0,,0.0,0.0,30.39,,,0,trial
2026-07-07T20:35:24,pid_hot_humid_bursty_r2,pid,hot_humid,bursty,2,32.241,31.941,31.741,29.241,25.0,45.0,60.0,,0.0,0.0,30.39,,,0,trial
2026-07-07T20:35:24,pid_hot_humid_bursty_r2,pid,hot_humid,bursty,2,32.248,31.948,31.748,29.248,25.0,45.0,60.0,,0.0,0.0,30.39,,,0,trial
2026-07-07T20:35:24,pid_hot_humid_bursty_r2,pid,hot_humid,bursty,2,32.255,31.955,31.755,29.255,25.0,45.0,60.0,,0.0,0.0,30.39,,,0,trial
2026-07-07T20:35:24,pid_hot_humid_bursty_r2,pid,hot_humid,bursty,2,32.262,31.962,31.762,29.262,25.0,45.0,60.0,,0.0,0.0,30.4,,,0,trial
2026-07-07T20:35:24,pid_hot_humid_bursty_r2,pid,hot_humid,bursty,2,32.269,31.969,31.769,29.269,25.0,45.0,60.0,,0.0,0.0,30.4,,,0,trial
2026-07-07T20:35:24,pid_hot_humid_bursty_r2,pid,hot_humid,bursty,2,32.277,31.977,31.777,29.277,25.0,45.0,60.0,,0.0,0.0,30.4,,,0,trial
2026-07-07T20:35:24,pid_hot_humid_bursty_r2,pid,hot_humid,bursty,2,32.284,31.984,31.784,29.284,25.0,45.0,60.0,,0.0,0.0,30.4,,,0,trial
2026-07-07T20:35:24,pid_hot_humid_bursty_r2,pid,hot_humid,bursty,2,32.291,31.991,31.791,29.291,25.0,45.0,60.0,,0.0,0.0,30.4,,,0,trial
2026-07-07T20:35:24,pid_hot_humid_bursty_r2,pid,hot_humid,bursty,2,32.298,31.998,31.798,29.298,25.0,45.0,60.0,,0.0,0.0,30.41,,,0,trial
2026-07-07T20:35:24,pid_hot_humid_bursty_r2,pid,hot_humid,bursty,2,32.305,32.005,31.805,29.305,25.0,45.0,60.0,,0.0,0.0,30.41,,,0,trial
2026-07-07T20:35:24,pid_hot_humid_bursty_r2,pid,hot_humid,bursty,2,32.312,32.012,31.812,29.312,25.0,45.0,60.0,,0.0,0.0,30.41,,,0,trial
2026-07-07T20:35:24,pid_hot_humid_bursty_r2,pid,hot_humid,bursty,2,32.319,32.019,31.819,29.319,25.0,45.0,60.0,,0.0,0.0,30.41,,,0,trial
2026-07-07T20:35:24,pid_hot_humid_bursty_r2,pid,hot_humid,bursty,2,32.327,32.027,31.827,29.327,25.0,45.0,60.0,,0.0,0.0,30.42,,,0,trial
2026-07-07T20:35:24,pid_hot_humid_bursty_r2,pid,hot_humid,bursty,2,32.334,32.034,31.834,29.334,25.0,45.0,60.0,,0.0,0.0,30.42,,,0,trial
2026-07-07T20:35:24,pid_hot_humid_bursty_r2,pid,hot_humid,bursty,2,32.341,32.041,31.841,29.341,25.0,45.0,60.0,,0.0,0.0,30.42,,,0,trial
2026-07-07T20:35:24,pid_hot_humid_bursty_r2,pid,hot_humid,bursty,2,32.348,32.048,31.848,29.348,25.0,45.0,60.0,,0.0,0.0,30.42,,,0,trial
2026-07-07T20:35:24,pid_hot_humid_bursty_r2,pid,hot_humid,bursty,2,32.355,32.055,31.855,29.355,25.0,45.0,60.0,,0.0,0.0,30.43,,,0,trial
2026-07-07T20:35:24,pid_hot_humid_bursty_r2,pid,hot_humid,bursty,2,32.362,32.062,31.862,29.362,25.0,45.0,60.0,,0.0,0.0,30.43,,,0,trial
2026-07-07T20:35:24,pid_hot_humid_bursty_r2,pid,hot_humid,bursty,2,32.369,32.069,31.869,29.369,25.0,45.0,60.0,,0.0,0.0,30.43,,,0,trial
2026-07-07T20:35:24,pid_hot_humid_bursty_r2,pid,hot_humid,bursty,2,32.376,32.076,31.876,29.376,25.0,45.0,60.0,,0.0,0.0,30.43,,,0,trial
2026-07-07T20:35:24,pid_hot_humid_bursty_r2,pid,hot_humid,bursty,2,32.383,32.083,31.883,29.383,25.0,45.0,60.0,,0.0,0.0,30.44,,,0,trial
2026-07-07T20:35:24,pid_hot_humid_bursty_r2,pid,hot_humid,bursty,2,32.391,32.091,31.891,29.391,25.0,45.0,60.0,,0.0,0.0,30.44,,,0,trial
2026-07-07T20:35:24,pid_hot_humid_bursty_r2,pid,hot_humid,bursty,2,32.398,32.098,31.898,29.398,25.0,45.0,60.0,,0.0,0.0,30.44,,,0,trial
2026-07-07T20:35:24,pid_hot_humid_bursty_r2,pid,hot_humid,bursty,2,32.405,32.105,31.905,29.405,25.0,45.0,60.0,,0.0,0.0,30.44,,,0,trial
2026-07-07T20:35:24,pid_hot_humid_bursty_r2,pid,hot_humid,bursty,2,32.412,32.112,31.912,29.412,25.0,45.0,60.0,,0.0,0.0,30.45,,,0,trial
2026-07-07T20:35:24,pid_hot_humid_bursty_r2,pid,hot_humid,bursty,2,32.419,32.119,31.919,29.419,25.0,45.0,60.0,,0.0,0.0,30.45,,,0,trial
2026-07-07T20:35:24,pid_hot_humid_bursty_r2,pid,hot_humid,bursty,2,32.426,32.126,31.926,29.426,25.0,45.0,60.0,,0.0,0.0,30.45,,,0,trial
2026-07-07T20:35:24,pid_hot_humid_bursty_r2,pid,hot_humid,bursty,2,32.433,32.133,31.933,29.433,25.0,45.0,60.0,,0.0,0.0,30.45,,,0,trial
2026-07-07T20:35:24,pid_hot_humid_bursty_r2,pid,hot_humid,bursty,2,32.44,32.14,31.94,29.44,25.0,45.0,60.0,,0.0,0.0,30.46,,,0,trial
2026-07-07T20:35:24,pid_hot_humid_bursty_r2,pid,hot_humid,bursty,2,32.448,32.148,31.948,29.448,25.0,45.0,60.0,,0.0,0.0,30.46,,,0,trial
2026-07-07T20:35:24,pid_hot_humid_bursty_r2,pid,hot_humid,bursty,2,32.455,32.155,31.955,29.455,25.0,45.0,60.0,,0.0,0.0,30.46,,,0,trial
2026-07-07T20:35:24,pid_hot_humid_bursty_r2,pid,hot_humid,bursty,2,32.462,32.162,31.962,29.462,25.0,45.0,60.0,,0.0,0.0,30.47,,,0,trial
2026-07-07T20:35:24,pid_hot_humid_bursty_r2,pid,hot_humid,bursty,2,32.469,32.169,31.969,29.469,25.0,45.0,60.0,,0.0,0.0,30.47,,,0,trial
2026-07-07T20:35:24,pid_hot_humid_bursty_r2,pid,hot_humid,bursty,2,32.476,32.176,31.976,29.476,25.0,45.0,60.0,,0.0,0.0,30.47,,,0,trial
2026-07-07T20:35:24,pid_hot_humid_bursty_r2,pid,hot_humid,bursty,2,32.483,32.183,31.983,29.483,25.0,45.0,60.0,,0.0,0.0,30.47,,,0,trial
2026-07-07T20:35:24,pid_hot_humid_bursty_r2,pid,hot_humid,bursty,2,32.49,32.19,31.99,29.49,25.0,45.0,60.0,,0.0,0.0,30.48,,,0,trial
2026-07-07T20:35:24,pid_hot_humid_bursty_r2,pid,hot_humid,bursty,2,32.497,32.197,31.997,29.497,25.0,45.0,60.0,,0.0,0.0,30.48,,,0,trial
2026-07-07T20:35:24,pid_hot_humid_bursty_r2,pid,hot_humid,bursty,2,32.504,32.204,32.004,29.504,25.0,45.0,60.0,,0.0,0.0,30.48,,,0,trial
2026-07-07T20:35:24,pid_hot_humid_bursty_r2,pid,hot_humid,bursty,2,32.511,32.211,32.011,29.511,25.0,45.0,60.0,,0.0,0.0,30.49,,,0,trial
2026-07-07T20:35:24,pid_hot_humid_bursty_r2,pid,hot_humid,bursty,2,32.519,32.219,32.019,29.519,25.0,45.0,60.0,,0.0,0.0,30.49,,,0,trial
2026-07-07T20:35:24,pid_hot_humid_bursty_r2,pid,hot_humid,bursty,2,32.526,32.226,32.026,29.526,25.0,45.0,60.0,,0.0,0.0,30.49,,,0,trial
2026-07-07T20:35:24,pid_hot_humid_bursty_r2,pid,hot_humid,bursty,2,32.533,32.233,32.033,29.533,25.0,45.0,60.0,,0.0,0.0,30.49,,,0,trial
2026-07-07T20:35:24,pid_hot_humid_bursty_r2,pid,hot_humid,bursty,2,32.54,32.24,32.04,29.54,25.0,45.0,60.0,,0.0,0.0,30.5,,,0,trial
2026-07-07T20:35:24,pid_hot_humid_bursty_r2,pid,hot_humid,bursty,2,32.547,32.247,32.047,29.547,25.0,45.0,60.0,,0.0,0.0,30.5,,,0,trial
2026-07-07T20:35:24,pid_hot_humid_bursty_r2,pid,hot_humid,bursty,2,32.554,32.254,32.054,29.554,25.0,45.0,60.0,,0.0,0.0,30.5,,,0,trial
2026-07-07T20:35:24,pid_hot_humid_bursty_r2,pid,hot_humid,bursty,2,32.561,32.261,32.061,29.561,25.0,45.0,60.0,,0.0,0.0,30.51,,,0,trial
2026-07-07T20:35:24,pid_hot_humid_bursty_r2,pid,hot_humid,bursty,2,32.568,32.268,32.068,29.568,25.0,45.0,60.0,,0.0,0.0,30.51,,,0,trial
2026-07-07T20:35:24,pid_hot_humid_bursty_r2,pid,hot_humid,bursty,2,32.575,32.275,32.075,29.575,25.0,45.0,60.0,,0.0,0.0,30.51,,,0,trial
2026-07-07T20:35:24,pid_hot_humid_bursty_r2,pid,hot_humid,bursty,2,32.582,32.282,32.082,29.582,25.0,45.0,60.0,,0.0,0.0,30.51,,,0,trial
2026-07-07T20:35:24,pid_hot_humid_bursty_r2,pid,hot_humid,bursty,2,32.59,32.29,32.09,29.59,25.0,45.0,60.0,,0.0,0.0,30.52,,,0,trial
2026-07-07T20:35:24,pid_hot_humid_bursty_r2,pid,hot_humid,bursty,2,32.597,32.297,32.097,29.597,25.0,45.0,60.0,,0.0,0.0,30.52,,,0,trial
2026-07-07T20:35:24,pid_hot_humid_bursty_r2,pid,hot_humid,bursty,2,32.604,32.304,32.104,29.604,25.0,45.0,60.0,,0.0,0.0,30.52,,,0,trial
2026-07-07T20:35:24,pid_hot_humid_bursty_r2,pid,hot_humid,bursty,2,32.611,32.311,32.111,29.611,25.0,45.0,60.0,,0.0,0.0,30.53,,,0,trial
2026-07-07T20:35:24,pid_hot_humid_bursty_r2,pid,hot_humid,bursty,2,32.618,32.318,32.118,29.618,25.0,45.0,60.0,,0.0,0.0,30.53,,,0,trial
2026-07-07T20:35:24,pid_hot_humid_bursty_r2,pid,hot_humid,bursty,2,32.625,32.325,32.125,29.625,25.0,45.0,60.0,,0.0,0.0,30.53,,,0,trial
2026-07-07T20:35:24,pid_hot_humid_bursty_r2,pid,hot_humid,bursty,2,32.632,32.332,32.132,29.632,25.0,45.0,60.0,,0.0,0.0,30.54,,,0,trial
2026-07-07T20:35:24,pid_hot_humid_bursty_r2,pid,hot_humid,bursty,2,32.639,32.339,32.139,29.639,25.0,45.0,60.0,,0.0,0.0,30.54,,,0,trial
2026-07-07T20:35:24,pid_hot_humid_bursty_r2,pid,hot_humid,bursty,2,32.646,32.346,32.146,29.646,25.0,45.0,60.0,,0.0,0.0,30.54,,,0,trial
2026-07-07T20:35:24,pid_hot_humid_bursty_r2,pid,hot_humid,bursty,2,32.653,32.353,32.153,29.653,25.0,45.0,60.0,,0.0,0.0,30.55,,,0,trial
2026-07-07T20:35:24,pid_hot_humid_bursty_r2,pid,hot_humid,bursty,2,32.661,32.361,32.161,29.661,25.0,45.0,60.0,,0.0,0.0,30.55,,,0,trial
2026-07-07T20:35:24,pid_hot_humid_bursty_r2,pid,hot_humid,bursty,2,32.668,32.368,32.168,29.668,25.0,45.0,60.0,,0.0,0.0,30.55,,,0,trial
2026-07-07T20:35:24,pid_hot_humid_bursty_r2,pid,hot_humid,bursty,2,32.675,32.375,32.175,29.675,25.0,45.0,60.0,,0.0,0.0,30.56,,,0,trial
2026-07-07T20:35:24,pid_hot_humid_bursty_r2,pid,hot_humid,bursty,2,32.682,32.382,32.182,29.682,25.0,45.0,60.0,,0.0,0.0,30.56,,,0,trial
2026-07-07T20:35:24,pid_hot_humid_bursty_r2,pid,hot_humid,bursty,2,32.689,32.389,32.189,29.689,25.0,45.0,60.0,,0.0,0.0,30.56,,,0,trial
2026-07-07T20:35:24,pid_hot_humid_bursty_r2,pid,hot_humid,bursty,2,32.696,32.396,32.196,29.696,25.0,45.0,60.0,,0.0,0.0,30.57,,,0,trial
2026-07-07T20:35:24,pid_hot_humid_bursty_r2,pid,hot_humid,bursty,2,32.703,32.403,32.203,29.703,25.0,45.0,60.0,,0.0,0.0,30.57,,,0,trial
2026-07-07T20:35:24,pid_hot_humid_bursty_r2,pid,hot_humid,bursty,2,32.71,32.41,32.21,29.71,25.0,45.0,60.0,,0.0,0.0,30.57,,,0,trial
2026-07-07T20:35:24,pid_hot_humid_bursty_r2,pid,hot_humid,bursty,2,32.717,32.417,32.217,29.717,25.0,45.0,60.0,,0.0,0.0,30.58,,,0,trial
2026-07-07T20:35:24,pid_hot_humid_bursty_r2,pid,hot_humid,bursty,2,32.724,32.424,32.224,29.724,25.0,45.0,60.0,,0.0,0.0,30.58,,,0,trial
2026-07-07T20:35:24,pid_hot_humid_bursty_r2,pid,hot_humid,bursty,2,32.742,32.442,32.242,29.742,25.0,45.0,140.0,,0.0,0.0,30.58,,,0,trial
2026-07-07T20:35:24,pid_hot_humid_bursty_r2,pid,hot_humid,bursty,2,32.759,32.459,32.259,29.759,25.0,45.0,140.0,,0.0,0.0,30.59,,,0,trial
2026-07-07T20:35:24,pid_hot_humid_bursty_r2,pid,hot_humid,bursty,2,32.777,32.477,32.277,29.777,25.0,45.0,140.0,,0.0,0.0,30.59,,,0,trial
2026-07-07T20:35:24,pid_hot_humid_bursty_r2,pid,hot_humid,bursty,2,32.795,32.495,32.295,29.795,25.0,45.0,140.0,,0.0,0.0,30.59,,,0,trial
2026-07-07T20:35:24,pid_hot_humid_bursty_r2,pid,hot_humid,bursty,2,32.812,32.512,32.312,29.812,25.0,45.0,140.0,,0.0,0.0,30.6,,,0,trial
2026-07-07T20:35:24,pid_hot_humid_bursty_r2,pid,hot_humid,bursty,2,32.83,32.53,32.33,29.83,25.0,45.0,140.0,,0.0,0.0,30.6,,,0,trial
2026-07-07T20:35:24,pid_hot_humid_bursty_r2,pid,hot_humid,bursty,2,32.847,32.547,32.347,29.847,25.0,45.0,140.0,,0.0,0.0,30.6,,,0,trial
2026-07-07T20:35:24,pid_hot_humid_bursty_r2,pid,hot_humid,bursty,2,32.865,32.565,32.365,29.865,25.0,45.0,140.0,,0.0,0.0,30.61,,,0,trial
2026-07-07T20:35:24,pid_hot_humid_bursty_r2,pid,hot_humid,bursty,2,32.883,32.583,32.383,29.883,25.0,45.0,140.0,,0.0,0.0,30.61,,,0,trial
2026-07-07T20:35:24,pid_hot_humid_bursty_r2,pid,hot_humid,bursty,2,32.9,32.6,32.4,29.9,25.0,45.0,140.0,,0.0,0.0,30.61,,,0,trial
2026-07-07T20:35:24,pid_hot_humid_bursty_r2,pid,hot_humid,bursty,2,32.918,32.618,32.418,29.918,25.0,45.0,140.0,,0.0,0.0,30.62,,,0,trial
2026-07-07T20:35:24,pid_hot_humid_bursty_r2,pid,hot_humid,bursty,2,32.935,32.635,32.435,29.935,25.0,45.0,140.0,,0.0,0.0,30.62,,,0,trial
2026-07-07T20:35:24,pid_hot_humid_bursty_r2,pid,hot_humid,bursty,2,32.953,32.653,32.453,29.953,25.0,45.0,140.0,,0.0,0.0,30.63,,,0,trial
2026-07-07T20:35:24,pid_hot_humid_bursty_r2,pid,hot_humid,bursty,2,32.971,32.671,32.471,29.971,25.0,45.0,140.0,,0.0,0.0,30.63,,,0,trial
2026-07-07T20:35:24,pid_hot_humid_bursty_r2,pid,hot_humid,bursty,2,32.988,32.688,32.488,29.988,25.0,45.0,140.0,,0.0,0.0,30.63,,,0,trial
2026-07-07T20:35:24,pid_hot_humid_bursty_r2,pid,hot_humid,bursty,2,33.006,32.706,32.506,30.006,25.0,45.0,140.0,,0.0,0.0,30.64,,,0,trial
2026-07-07T20:35:24,pid_hot_humid_bursty_r2,pid,hot_humid,bursty,2,33.023,32.723,32.523,30.023,25.0,45.0,140.0,,0.0,0.0,30.64,,,0,trial
2026-07-07T20:35:24,pid_hot_humid_bursty_r2,pid,hot_humid,bursty,2,33.041,32.741,32.541,30.041,25.0,45.0,140.0,,0.0,0.0,30.64,,,0,trial
2026-07-07T20:35:24,pid_hot_humid_bursty_r2,pid,hot_humid,bursty,2,33.059,32.759,32.559,30.059,25.0,45.0,140.0,,0.0,0.0,30.65,,,0,trial
2026-07-07T20:35:24,pid_hot_humid_bursty_r2,pid,hot_humid,bursty,2,33.076,32.776,32.576,30.076,25.0,45.0,140.0,,0.0,0.0,30.65,,,0,trial
2026-07-07T20:35:24,pid_hot_humid_bursty_r2,pid,hot_humid,bursty,2,33.094,32.794,32.594,30.094,25.0,45.0,140.0,,0.0,0.0,30.66,,,0,trial
2026-07-07T20:35:24,pid_hot_humid_bursty_r2,pid,hot_humid,bursty,2,33.111,32.811,32.611,30.111,25.0,45.0,140.0,,0.0,0.0,30.66,,,0,trial
2026-07-07T20:35:24,pid_hot_humid_bursty_r2,pid,hot_humid,bursty,2,33.129,32.829,32.629,30.129,25.0,45.0,140.0,,0.0,0.0,30.66,,,0,trial
2026-07-07T20:35:24,pid_hot_humid_bursty_r2,pid,hot_humid,bursty,2,33.146,32.846,32.646,30.146,25.0,45.0,140.0,,0.0,0.0,30.67,,,0,trial
2026-07-07T20:35:24,pid_hot_humid_bursty_r2,pid,hot_humid,bursty,2,33.164,32.864,32.664,30.164,25.0,45.0,140.0,,0.0,0.0,30.67,,,0,trial
2026-07-07T20:35:24,pid_hot_humid_bursty_r2,pid,hot_humid,bursty,2,33.181,32.881,32.681,30.181,25.0,45.0,140.0,,0.0,0.0,30.68,,,0,trial
2026-07-07T20:35:24,pid_hot_humid_bursty_r2,pid,hot_humid,bursty,2,33.199,32.899,32.699,30.199,25.0,45.0,140.0,,0.0,0.0,30.68,,,0,trial
2026-07-07T20:35:24,pid_hot_humid_bursty_r2,pid,hot_humid,bursty,2,33.217,32.917,32.717,30.217,25.0,45.0,140.0,,0.0,0.0,30.68,,,0,trial
2026-07-07T20:35:24,pid_hot_humid_bursty_r2,pid,hot_humid,bursty,2,33.234,32.934,32.734,30.234,25.0,45.0,140.0,,0.0,0.0,30.69,,,0,trial
2026-07-07T20:35:24,pid_hot_humid_bursty_r2,pid,hot_humid,bursty,2,33.252,32.952,32.752,30.252,25.0,45.0,140.0,,0.0,0.0,30.69,,,0,trial
2026-07-07T20:35:24,pid_hot_humid_bursty_r2,pid,hot_humid,bursty,2,33.269,32.969,32.769,30.269,25.0,45.0,140.0,,0.0,0.0,30.7,,,0,trial
2026-07-07T20:35:24,pid_hot_humid_bursty_r2,pid,hot_humid,bursty,2,33.287,32.987,32.787,30.287,25.0,45.0,140.0,,0.0,0.0,30.7,,,0,trial
2026-07-07T20:35:24,pid_hot_humid_bursty_r2,pid,hot_humid,bursty,2,33.304,33.004,32.804,30.304,25.0,45.0,140.0,,0.0,0.0,30.7,,,0,trial
2026-07-07T20:35:24,pid_hot_humid_bursty_r2,pid,hot_humid,bursty,2,33.322,33.022,32.822,30.322,25.0,45.0,140.0,,0.0,0.0,30.71,,,0,trial
2026-07-07T20:35:24,pid_hot_humid_bursty_r2,pid,hot_humid,bursty,2,33.339,33.039,32.839,30.339,25.0,45.0,140.0,,0.0,0.0,30.71,,,0,trial
2026-07-07T20:35:24,pid_hot_humid_bursty_r2,pid,hot_humid,bursty,2,33.357,33.057,32.857,30.357,25.0,45.0,140.0,,0.0,0.0,30.72,,,0,trial
2026-07-07T20:35:24,pid_hot_humid_bursty_r2,pid,hot_humid,bursty,2,33.375,33.075,32.875,30.375,25.0,45.0,140.0,,0.0,0.0,30.72,,,0,trial
2026-07-07T20:35:24,pid_hot_humid_bursty_r2,pid,hot_humid,bursty,2,33.392,33.092,32.892,30.392,25.0,45.0,140.0,,0.0,0.0,30.72,,,0,trial
2026-07-07T20:35:24,pid_hot_humid_bursty_r2,pid,hot_humid,bursty,2,33.41,33.11,32.91,30.41,25.0,45.0,140.0,,0.0,0.0,30.73,,,0,trial
2026-07-07T20:35:24,pid_hot_humid_bursty_r2,pid,hot_humid,bursty,2,33.427,33.127,32.927,30.427,25.0,45.0,140.0,,0.0,0.0,30.73,,,0,trial
2026-07-07T20:35:24,pid_hot_humid_bursty_r2,pid,hot_humid,bursty,2,33.445,33.145,32.945,30.445,25.0,45.0,140.0,,0.0,0.0,30.74,,,0,trial
2026-07-07T20:35:24,pid_hot_humid_bursty_r2,pid,hot_humid,bursty,2,33.462,33.162,32.962,30.462,25.0,45.0,140.0,,0.0,0.0,30.74,,,0,trial
2026-07-07T20:35:24,pid_hot_humid_bursty_r2,pid,hot_humid,bursty,2,33.48,33.18,32.98,30.48,25.0,45.0,140.0,,0.0,0.0,30.75,,,0,trial
2026-07-07T20:35:24,pid_hot_humid_bursty_r2,pid,hot_humid,bursty,2,33.497,33.197,32.997,30.497,25.0,45.0,140.0,,0.0,0.0,30.75,,,0,trial
2026-07-07T20:35:24,pid_hot_humid_bursty_r2,pid,hot_humid,bursty,2,33.515,33.215,33.015,30.515,25.0,45.0,140.0,,0.0,0.0,30.75,,,0,trial
2026-07-07T20:35:24,pid_hot_humid_bursty_r2,pid,hot_humid,bursty,2,33.532,33.232,33.032,30.532,25.0,45.0,140.0,,0.0,0.0,30.76,,,0,trial
2026-07-07T20:35:24,pid_hot_humid_bursty_r2,pid,hot_humid,bursty,2,33.55,33.25,33.05,30.55,25.0,45.0,140.0,,0.0,0.0,30.76,,,0,trial
2026-07-07T20:35:24,pid_hot_humid_bursty_r2,pid,hot_humid,bursty,2,33.567,33.267,33.067,30.567,25.0,45.0,140.0,,0.0,0.0,30.77,,,0,trial
2026-07-07T20:35:24,pid_hot_humid_bursty_r2,pid,hot_humid,bursty,2,33.585,33.285,33.085,30.585,25.0,45.0,140.0,,0.0,0.0,30.77,,,0,trial
2026-07-07T20:35:24,pid_hot_humid_bursty_r2,pid,hot_humid,bursty,2,33.602,33.302,33.102,30.602,25.0,45.0,140.0,,0.0,0.0,30.78,,,0,trial
2026-07-07T20:35:24,pid_hot_humid_bursty_r2,pid,hot_humid,bursty,2,33.62,33.32,33.12,30.62,25.0,45.0,140.0,,0.0,0.0,30.78,,,0,trial
2026-07-07T20:35:24,pid_hot_humid_bursty_r2,pid,hot_humid,bursty,2,33.637,33.337,33.137,30.637,25.0,45.0,140.0,,0.0,0.0,30.79,,,0,trial
2026-07-07T20:35:24,pid_hot_humid_bursty_r2,pid,hot_humid,bursty,2,33.655,33.355,33.155,30.655,25.0,45.0,140.0,,0.0,0.0,30.79,,,0,trial
2026-07-07T20:35:24,pid_hot_humid_bursty_r2,pid,hot_humid,bursty,2,33.672,33.372,33.172,30.672,25.0,45.0,140.0,,0.0,0.0,30.79,,,0,trial
2026-07-07T20:35:24,pid_hot_humid_bursty_r2,pid,hot_humid,bursty,2,33.69,33.39,33.19,30.69,25.0,45.0,140.0,,0.0,0.0,30.8,,,0,trial
2026-07-07T20:35:24,pid_hot_humid_bursty_r2,pid,hot_humid,bursty,2,33.707,33.407,33.207,30.707,25.0,45.0,140.0,,0.0,0.0,30.8,,,0,trial
2026-07-07T20:35:24,pid_hot_humid_bursty_r2,pid,hot_humid,bursty,2,33.725,33.425,33.225,30.725,25.0,45.0,140.0,,0.0,0.0,30.81,,,0,trial
2026-07-07T20:35:24,pid_hot_humid_bursty_r2,pid,hot_humid,bursty,2,33.742,33.442,33.242,30.742,25.0,45.0,140.0,,0.0,0.0,30.81,,,0,trial
2026-07-07T20:35:24,pid_hot_humid_bursty_r2,pid,hot_humid,bursty,2,33.76,33.46,33.26,30.76,25.0,45.0,140.0,,0.0,0.0,30.82,,,0,trial
2026-07-07T20:35:24,pid_hot_humid_bursty_r2,pid,hot_humid,bursty,2,33.777,33.477,33.277,30.777,25.0,45.0,140.0,,0.0,0.0,30.82,,,0,trial
2026-07-07T20:35:24,pid_hot_humid_bursty_r2,pid,hot_humid,bursty,2,33.795,33.495,33.295,30.795,25.0,45.0,140.0,,0.0,0.0,30.83,,,0,trial
2026-07-07T20:35:24,pid_hot_humid_bursty_r2,pid,hot_humid,bursty,2,33.812,33.512,33.312,30.812,25.0,45.0,140.0,,0.0,0.0,30.83,,,0,trial
2026-07-07T20:35:24,pid_hot_humid_bursty_r2,pid,hot_humid,bursty,2,33.83,33.53,33.33,30.83,25.0,45.0,140.0,,0.0,0.0,30.84,,,0,trial
2026-07-07T20:35:24,pid_hot_humid_bursty_r2,pid,hot_humid,bursty,2,33.847,33.547,33.347,30.847,25.0,45.0,140.0,,0.0,0.0,30.84,,,0,trial
2026-07-07T20:35:24,pid_hot_humid_bursty_r2,pid,hot_humid,bursty,2,33.865,33.565,33.365,30.865,25.0,45.0,140.0,,0.0,0.0,30.85,,,0,trial
2026-07-07T20:35:24,pid_hot_humid_bursty_r2,pid,hot_humid,bursty,2,33.882,33.582,33.382,30.882,25.0,45.0,140.0,,0.0,0.0,30.85,,,0,trial
2026-07-07T20:35:24,pid_hot_humid_bursty_r2,pid,hot_humid,bursty,2,33.9,33.6,33.4,30.9,25.0,45.0,140.0,,0.0,0.0,30.86,,,0,trial
2026-07-07T20:35:24,pid_hot_humid_bursty_r2,pid,hot_humid,bursty,2,33.917,33.617,33.417,30.917,25.0,45.0,140.0,,0.0,0.0,30.86,,,0,trial
2026-07-07T20:35:24,pid_hot_humid_bursty_r2,pid,hot_humid,bursty,2,33.935,33.635,33.435,30.935,25.0,45.0,140.0,,0.0,0.0,30.87,,,0,trial
2026-07-07T20:35:24,pid_hot_humid_bursty_r2,pid,hot_humid,bursty,2,33.952,33.652,33.452,30.952,25.0,45.0,140.0,,0.0,0.0,30.87,,,0,trial
2026-07-07T20:35:24,pid_hot_humid_bursty_r2,pid,hot_humid,bursty,2,33.97,33.67,33.47,30.97,25.0,45.0,140.0,,0.0,0.0,30.88,,,0,trial
2026-07-07T20:35:24,pid_hot_humid_bursty_r2,pid,hot_humid,bursty,2,33.987,33.687,33.487,30.987,25.0,45.0,140.0,,0.0,0.0,30.88,,,0,trial
2026-07-07T20:35:24,pid_hot_humid_bursty_r2,pid,hot_humid,bursty,2,34.005,33.705,33.505,31.005,25.0,45.0,140.0,,0.0,0.0,30.89,,,0,trial
2026-07-07T20:35:24,pid_hot_humid_bursty_r2,pid,hot_humid,bursty,2,34.022,33.722,33.522,31.022,25.0,45.0,140.0,,0.0,0.0,30.89,,,0,trial
2026-07-07T20:35:24,pid_hot_humid_bursty_r2,pid,hot_humid,bursty,2,34.04,33.74,33.54,31.04,25.0,45.0,140.0,,0.0,0.0,30.9,,,0,trial
2026-07-07T20:35:24,pid_hot_humid_bursty_r2,pid,hot_humid,bursty,2,34.057,33.757,33.557,31.057,25.0,45.0,140.0,,0.0,0.0,30.9,,,0,trial
2026-07-07T20:35:24,pid_hot_humid_bursty_r2,pid,hot_humid,bursty,2,34.075,33.775,33.575,31.075,25.0,45.0,140.0,,0.0,0.0,30.91,,,0,trial
2026-07-07T20:35:24,pid_hot_humid_bursty_r2,pid,hot_humid,bursty,2,34.092,33.792,33.592,31.092,25.0,45.0,140.0,,0.0,0.0,30.91,,,0,trial
2026-07-07T20:35:24,pid_hot_humid_bursty_r2,pid,hot_humid,bursty,2,34.11,33.81,33.61,31.11,25.0,45.0,140.0,,0.0,0.0,30.92,,,0,trial
2026-07-07T20:35:24,pid_hot_humid_bursty_r2,pid,hot_humid,bursty,2,34.127,33.827,33.627,31.127,25.0,45.0,140.0,,0.0,0.0,30.92,,,0,trial
2026-07-07T20:35:24,pid_hot_humid_bursty_r2,pid,hot_humid,bursty,2,34.145,33.845,33.645,31.145,25.0,45.0,140.0,,0.0,0.0,30.93,,,0,trial
2026-07-07T20:35:24,pid_hot_humid_bursty_r2,pid,hot_humid,bursty,2,34.162,33.862,33.662,31.162,25.0,45.0,140.0,,0.0,0.0,30.93,,,0,trial
2026-07-07T20:35:24,pid_hot_humid_bursty_r2,pid,hot_humid,bursty,2,34.179,33.879,33.679,31.179,25.0,45.0,140.0,,0.0,0.0,30.94,,,0,trial
2026-07-07T20:35:24,pid_hot_humid_bursty_r2,pid,hot_humid,bursty,2,34.197,33.897,33.697,31.197,25.0,45.0,140.0,,0.0,0.0,30.94,,,0,trial
2026-07-07T20:35:24,pid_hot_humid_bursty_r2,pid,hot_humid,bursty,2,34.214,33.914,33.714,31.214,25.0,45.0,140.0,,0.0,0.0,30.95,,,0,trial
2026-07-07T20:35:24,pid_hot_humid_bursty_r2,pid,hot_humid,bursty,2,34.232,33.932,33.732,31.232,25.0,45.0,140.0,,0.0,0.0,30.95,,,0,trial
2026-07-07T20:35:24,pid_hot_humid_bursty_r2,pid,hot_humid,bursty,2,34.249,33.949,33.749,31.249,25.0,45.0,140.0,,0.0,0.0,30.96,,,0,trial
2026-07-07T20:35:24,pid_hot_humid_bursty_r2,pid,hot_humid,bursty,2,34.267,33.967,33.767,31.267,25.0,45.0,140.0,,0.0,0.0,30.97,,,0,trial
2026-07-07T20:35:24,pid_hot_humid_bursty_r2,pid,hot_humid,bursty,2,34.284,33.984,33.784,31.284,25.0,45.0,140.0,,0.0,0.0,30.97,,,0,trial
2026-07-07T20:35:24,pid_hot_humid_bursty_r2,pid,hot_humid,bursty,2,34.302,34.002,33.802,31.302,25.0,45.0,140.0,,0.0,0.0,30.98,,,0,trial
2026-07-07T20:35:24,pid_hot_humid_bursty_r2,pid,hot_humid,bursty,2,34.319,34.019,33.819,31.319,25.0,45.0,140.0,,0.0,0.0,30.98,,,0,trial
2026-07-07T20:35:24,pid_hot_humid_bursty_r2,pid,hot_humid,bursty,2,34.336,34.036,33.836,31.336,25.0,45.0,140.0,,0.0,0.0,30.99,,,0,trial
2026-07-07T20:35:24,pid_hot_humid_bursty_r2,pid,hot_humid,bursty,2,34.354,34.054,33.854,31.354,25.0,45.0,140.0,,0.0,0.0,30.99,,,0,trial
2026-07-07T20:35:24,pid_hot_humid_bursty_r2,pid,hot_humid,bursty,2,34.371,34.071,33.871,31.371,25.0,45.0,140.0,,0.0,0.0,31.0,,,0,trial
2026-07-07T20:35:24,pid_hot_humid_bursty_r2,pid,hot_humid,bursty,2,34.389,34.089,33.889,31.389,25.0,45.0,140.0,,0.0,0.0,31.0,,,0,trial
2026-07-07T20:35:24,pid_hot_humid_bursty_r2,pid,hot_humid,bursty,2,34.406,34.106,33.906,31.406,25.0,45.0,140.0,,0.0,0.0,31.01,,,0,trial
2026-07-07T20:35:24,pid_hot_humid_bursty_r2,pid,hot_humid,bursty,2,34.424,34.124,33.924,31.424,25.0,45.0,140.0,,0.0,0.0,31.02,,,0,trial
2026-07-07T20:35:24,pid_hot_humid_bursty_r2,pid,hot_humid,bursty,2,34.441,34.141,33.941,31.441,25.0,45.0,140.0,,0.0,0.0,31.02,,,0,trial
2026-07-07T20:35:24,pid_hot_humid_bursty_r2,pid,hot_humid,bursty,2,34.459,34.159,33.959,31.459,25.0,45.0,140.0,,0.0,0.0,31.03,,,0,trial
2026-07-07T20:35:24,pid_hot_humid_bursty_r2,pid,hot_humid,bursty,2,34.476,34.176,33.976,31.476,25.0,45.0,140.0,,0.0,0.0,31.03,,,0,trial
2026-07-07T20:35:24,pid_hot_humid_bursty_r2,pid,hot_humid,bursty,2,34.493,34.193,33.993,31.493,25.0,45.0,140.0,,0.0,0.0,31.04,,,0,trial
2026-07-07T20:35:24,pid_hot_humid_bursty_r2,pid,hot_humid,bursty,2,34.511,34.211,34.011,31.511,25.0,45.0,140.0,,0.0,0.0,31.04,,,0,trial
2026-07-07T20:35:24,pid_hot_humid_bursty_r2,pid,hot_humid,bursty,2,34.528,34.228,34.028,31.528,25.0,45.0,140.0,,0.0,0.0,31.05,,,0,trial
2026-07-07T20:35:24,pid_hot_humid_bursty_r2,pid,hot_humid,bursty,2,34.546,34.246,34.046,31.546,25.0,45.0,140.0,,0.0,0.0,31.06,,,0,trial
2026-07-07T20:35:24,pid_hot_humid_bursty_r2,pid,hot_humid,bursty,2,34.563,34.263,34.063,31.563,25.0,45.0,140.0,,0.0,0.0,31.06,,,0,trial
2026-07-07T20:35:24,pid_hot_humid_bursty_r2,pid,hot_humid,bursty,2,34.58,34.28,34.08,31.58,25.0,45.0,140.0,,0.0,0.0,31.07,,,0,trial
2026-07-07T20:35:24,pid_hot_humid_bursty_r2,pid,hot_humid,bursty,2,34.598,34.298,34.098,31.598,25.0,45.0,140.0,,0.0,0.0,31.07,,,0,trial
2026-07-07T20:35:24,pid_hot_humid_bursty_r2,pid,hot_humid,bursty,2,34.615,34.315,34.115,31.615,25.0,45.0,140.0,,0.0,0.0,31.08,,,0,trial
2026-07-07T20:35:24,pid_hot_humid_bursty_r2,pid,hot_humid,bursty,2,34.633,34.333,34.133,31.633,25.0,45.0,140.0,,0.0,0.0,31.09,,,0,trial
2026-07-07T20:35:24,pid_hot_humid_bursty_r2,pid,hot_humid,bursty,2,34.65,34.35,34.15,31.65,25.0,45.0,140.0,,0.0,0.0,31.09,,,0,trial
2026-07-07T20:35:24,pid_hot_humid_bursty_r2,pid,hot_humid,bursty,2,34.667,34.367,34.167,31.667,25.0,45.0,140.0,,0.0,0.0,31.1,,,0,trial
2026-07-07T20:35:24,pid_hot_humid_bursty_r2,pid,hot_humid,bursty,2,34.685,34.385,34.185,31.685,25.0,45.0,140.0,,0.0,0.0,31.1,,,0,trial
2026-07-07T20:35:24,pid_hot_humid_bursty_r2,pid,hot_humid,bursty,2,34.702,34.402,34.202,31.702,25.0,45.0,140.0,,0.0,0.0,31.11,,,0,trial
2026-07-07T20:35:24,pid_hot_humid_bursty_r2,pid,hot_humid,bursty,2,34.72,34.42,34.22,31.72,25.0,45.0,140.0,,0.0,0.0,31.12,,,0,trial
2026-07-07T20:35:24,pid_hot_humid_bursty_r2,pid,hot_humid,bursty,2,34.737,34.437,34.237,31.737,25.0,45.0,140.0,,0.0,0.0,31.12,,,0,trial
2026-07-07T20:35:24,pid_hot_humid_bursty_r2,pid,hot_humid,bursty,2,34.754,34.454,34.254,31.754,25.0,45.0,140.0,,0.0,0.0,31.13,,,0,trial
2026-07-07T20:35:24,pid_hot_humid_bursty_r2,pid,hot_humid,bursty,2,34.772,34.472,34.272,31.772,25.0,45.0,140.0,,0.0,0.0,31.14,,,0,trial
2026-07-07T20:35:24,pid_hot_humid_bursty_r2,pid,hot_humid,bursty,2,34.789,34.489,34.289,31.789,25.0,45.0,140.0,,0.0,0.0,31.14,,,0,trial
2026-07-07T20:35:24,pid_hot_humid_bursty_r2,pid,hot_humid,bursty,2,34.807,34.507,34.307,31.807,25.0,45.0,140.0,,0.0,0.0,31.15,,,0,trial
2026-07-07T20:35:24,pid_hot_humid_bursty_r2,pid,hot_humid,bursty,2,34.824,34.524,34.324,31.824,25.0,45.0,140.0,,0.0,0.0,31.15,,,0,trial
2026-07-07T20:35:24,pid_hot_humid_bursty_r2,pid,hot_humid,bursty,2,34.841,34.541,34.341,31.841,25.0,45.0,140.0,,0.0,0.0,31.16,,,0,trial
2026-07-07T20:35:24,pid_hot_humid_bursty_r2,pid,hot_humid,bursty,2,34.859,34.559,34.359,31.859,25.0,45.0,140.0,,0.0,0.0,31.17,,,0,trial
2026-07-07T20:35:24,pid_hot_humid_bursty_r2,pid,hot_humid,bursty,2,34.876,34.576,34.376,31.876,25.0,45.0,140.0,,0.0,0.0,31.17,,,0,trial
2026-07-07T20:35:24,pid_hot_humid_bursty_r2,pid,hot_humid,bursty,2,34.894,34.594,34.394,31.894,25.0,45.0,140.0,,0.0,0.0,31.18,,,0,trial
2026-07-07T20:35:24,pid_hot_humid_bursty_r2,pid,hot_humid,bursty,2,34.911,34.611,34.411,31.911,25.0,45.0,140.0,,0.0,0.0,31.19,,,0,trial
2026-07-07T20:35:24,pid_hot_humid_bursty_r2,pid,hot_humid,bursty,2,34.928,34.628,34.428,31.928,25.0,45.0,140.0,,0.0,0.0,31.19,,,0,trial
2026-07-07T20:35:24,pid_hot_humid_bursty_r2,pid,hot_humid,bursty,2,34.946,34.646,34.446,31.946,25.0,45.0,140.0,,0.0,0.0,31.2,,,0,trial
2026-07-07T20:35:24,pid_hot_humid_bursty_r2,pid,hot_humid,bursty,2,34.963,34.663,34.463,31.963,25.0,45.0,140.0,,0.0,0.0,31.21,,,0,trial
2026-07-07T20:35:24,pid_hot_humid_bursty_r2,pid,hot_humid,bursty,2,34.98,34.68,34.48,31.98,25.0,45.0,140.0,,0.0,0.0,31.21,,,0,trial
2026-07-07T20:35:24,pid_hot_humid_bursty_r2,pid,hot_humid,bursty,2,34.998,34.698,34.498,31.998,25.0,45.0,140.0,,0.0,0.0,31.22,,,0,trial
2026-07-07T20:35:24,pid_hot_humid_bursty_r2,pid,hot_humid,bursty,2,35.015,34.715,34.515,32.015,25.0,45.0,140.0,,0.0,0.0,31.23,,,0,trial
2026-07-07T20:35:24,pid_hot_humid_bursty_r2,pid,hot_humid,bursty,2,35.033,34.733,34.533,32.033,25.0,45.0,140.0,,0.0,0.0,31.23,,,0,trial
2026-07-07T20:35:24,pid_hot_humid_bursty_r2,pid,hot_humid,bursty,2,35.05,34.75,34.55,32.05,25.0,45.0,140.0,,0.0,0.0,31.24,,,0,trial
2026-07-07T20:35:24,pid_hot_humid_bursty_r2,pid,hot_humid,bursty,2,35.067,34.767,34.567,32.067,25.0,45.0,140.0,,0.0,0.0,31.25,,,0,trial
2026-07-07T20:35:24,pid_hot_humid_bursty_r2,pid,hot_humid,bursty,2,35.085,34.785,34.585,32.085,25.0,45.0,140.0,,0.0,0.0,31.25,,,0,trial
2026-07-07T20:35:24,pid_hot_humid_bursty_r2,pid,hot_humid,bursty,2,35.102,34.802,34.602,32.102,25.0,45.0,140.0,,0.0,0.0,31.26,,,0,trial
2026-07-07T20:35:24,pid_hot_humid_bursty_r2,pid,hot_humid,bursty,2,35.119,34.819,34.619,32.119,25.0,45.0,140.0,,0.0,0.0,31.27,,,0,trial
2026-07-07T20:35:24,pid_hot_humid_bursty_r2,pid,hot_humid,bursty,2,35.137,34.837,34.637,32.137,25.0,45.0,140.0,,0.0,0.0,31.27,,,0,trial
2026-07-07T20:35:24,pid_hot_humid_bursty_r2,pid,hot_humid,bursty,2,35.154,34.854,34.654,32.154,25.0,45.0,140.0,,0.0,0.0,31.28,,,0,trial
2026-07-07T20:35:24,pid_hot_humid_bursty_r2,pid,hot_humid,bursty,2,35.171,34.871,34.671,32.171,25.0,45.0,140.0,,0.0,0.0,31.29,,,0,trial
2026-07-07T20:35:24,pid_hot_humid_bursty_r2,pid,hot_humid,bursty,2,35.189,34.889,34.689,32.189,25.0,45.0,140.0,,0.0,0.0,31.29,,,0,trial
2026-07-07T20:35:24,pid_hot_humid_bursty_r2,pid,hot_humid,bursty,2,35.206,34.906,34.706,32.206,25.0,45.0,140.0,,0.0,0.0,31.3,,,0,trial
2026-07-07T20:35:24,pid_hot_humid_bursty_r2,pid,hot_humid,bursty,2,35.223,34.923,34.723,32.223,25.0,45.0,140.0,,0.0,0.0,31.31,,,0,trial
2026-07-07T20:35:24,pid_hot_humid_bursty_r2,pid,hot_humid,bursty,2,35.241,34.941,34.741,32.241,25.0,45.0,140.0,,0.0,0.0,31.31,,,0,trial
2026-07-07T20:35:24,pid_hot_humid_bursty_r2,pid,hot_humid,bursty,2,35.258,34.958,34.758,32.258,25.0,45.0,140.0,,0.0,0.0,31.32,,,0,trial
2026-07-07T20:35:24,pid_hot_humid_bursty_r2,pid,hot_humid,bursty,2,35.276,34.976,34.776,32.276,25.0,45.0,140.0,,0.0,0.0,31.33,,,0,trial
2026-07-07T20:35:24,pid_hot_humid_bursty_r2,pid,hot_humid,bursty,2,35.293,34.993,34.793,32.293,25.0,45.0,140.0,,0.0,0.0,31.34,,,0,trial
2026-07-07T20:35:24,pid_hot_humid_bursty_r2,pid,hot_humid,bursty,2,35.31,35.01,34.81,32.31,25.0,45.0,140.0,,0.0,0.0,31.34,,,0,trial
2026-07-07T20:35:24,pid_hot_humid_bursty_r2,pid,hot_humid,bursty,2,35.328,35.028,34.828,32.328,25.0,45.0,140.0,,0.0,0.0,31.35,,,0,trial
2026-07-07T20:35:24,pid_hot_humid_bursty_r2,pid,hot_humid,bursty,2,35.345,35.045,34.845,32.345,25.0,45.0,140.0,,0.0,0.0,31.36,,,0,trial
2026-07-07T20:35:24,pid_hot_humid_bursty_r2,pid,hot_humid,bursty,2,35.362,35.062,34.862,32.362,25.0,45.0,140.0,,0.0,0.0,31.36,,,0,trial
2026-07-07T20:35:24,pid_hot_humid_bursty_r2,pid,hot_humid,bursty,2,35.38,35.08,34.88,32.38,25.0,45.0,140.0,,0.0,0.0,31.37,,,0,trial
2026-07-07T20:35:24,pid_hot_humid_bursty_r2,pid,hot_humid,bursty,2,35.397,35.097,34.897,32.397,25.0,45.0,140.0,,0.0,0.0,31.38,,,0,trial
2026-07-07T20:35:24,pid_hot_humid_bursty_r2,pid,hot_humid,bursty,2,35.414,35.114,34.914,32.414,25.0,45.0,140.0,,0.0,0.0,31.39,,,0,trial
2026-07-07T20:35:24,pid_hot_humid_bursty_r2,pid,hot_humid,bursty,2,35.432,35.132,34.932,32.432,25.0,45.0,140.0,,0.0,0.0,31.39,,,0,trial
2026-07-07T20:35:24,pid_hot_humid_bursty_r2,pid,hot_humid,bursty,2,35.449,35.149,34.949,32.449,25.0,45.0,140.0,,0.0,0.0,31.4,,,0,trial
2026-07-07T20:35:24,pid_hot_humid_bursty_r2,pid,hot_humid,bursty,2,35.466,35.166,34.966,32.466,25.0,45.0,140.0,,0.0,0.0,31.41,,,0,trial
2026-07-07T20:35:24,pid_hot_humid_bursty_r2,pid,hot_humid,bursty,2,35.483,35.183,34.983,32.483,25.0,45.0,140.0,,0.0,0.0,31.42,,,0,trial
2026-07-07T20:35:24,pid_hot_humid_bursty_r2,pid,hot_humid,bursty,2,35.501,35.201,35.001,32.501,25.0,45.0,140.0,,0.0,0.0,31.42,,,0,trial
2026-07-07T20:35:24,pid_hot_humid_bursty_r2,pid,hot_humid,bursty,2,35.518,35.218,35.018,32.518,25.0,45.0,140.0,,0.0,0.0,31.43,,,0,trial
2026-07-07T20:35:24,pid_hot_humid_bursty_r2,pid,hot_humid,bursty,2,35.535,35.235,35.035,32.535,25.0,45.0,140.0,,0.0,0.0,31.44,,,0,trial
2026-07-07T20:35:24,pid_hot_humid_bursty_r2,pid,hot_humid,bursty,2,35.553,35.253,35.053,32.553,25.0,45.0,140.0,,0.0,0.0,31.44,,,0,trial
2026-07-07T20:35:24,pid_hot_humid_bursty_r2,pid,hot_humid,bursty,2,35.57,35.27,35.07,32.57,25.0,45.0,140.0,,0.0,0.0,31.45,,,0,trial
2026-07-07T20:35:24,pid_hot_humid_bursty_r2,pid,hot_humid,bursty,2,35.587,35.287,35.087,32.587,25.0,45.0,140.0,,0.0,0.0,31.46,,,0,trial
2026-07-07T20:35:24,pid_hot_humid_bursty_r2,pid,hot_humid,bursty,2,35.605,35.305,35.105,32.605,25.0,45.0,140.0,,0.0,0.0,31.47,,,0,trial
2026-07-07T20:35:24,pid_hot_humid_bursty_r2,pid,hot_humid,bursty,2,35.622,35.322,35.122,32.622,25.0,45.0,140.0,,0.0,0.0,31.48,,,0,trial
2026-07-07T20:35:24,pid_hot_humid_bursty_r2,pid,hot_humid,bursty,2,35.639,35.339,35.139,32.639,25.0,45.0,140.0,,0.0,0.0,31.48,,,0,trial
2026-07-07T20:35:24,pid_hot_humid_bursty_r2,pid,hot_humid,bursty,2,35.657,35.357,35.157,32.657,25.0,45.0,140.0,,0.0,0.0,31.49,,,0,trial
2026-07-07T20:35:24,pid_hot_humid_bursty_r2,pid,hot_humid,bursty,2,35.674,35.374,35.174,32.674,25.0,45.0,140.0,,0.0,0.0,31.5,,,0,trial
2026-07-07T20:35:24,pid_hot_humid_bursty_r2,pid,hot_humid,bursty,2,35.691,35.391,35.191,32.691,25.0,45.0,140.0,,0.0,0.0,31.51,,,0,trial
2026-07-07T20:35:24,pid_hot_humid_bursty_r2,pid,hot_humid,bursty,2,35.708,35.408,35.208,32.708,25.0,45.0,140.0,,0.0,0.0,31.51,,,0,trial
2026-07-07T20:35:24,pid_hot_humid_bursty_r2,pid,hot_humid,bursty,2,35.726,35.426,35.226,32.726,25.0,45.0,140.0,,0.0,0.0,31.52,,,0,trial
2026-07-07T20:35:24,pid_hot_humid_bursty_r2,pid,hot_humid,bursty,2,35.743,35.443,35.243,32.743,25.0,45.0,140.0,,0.0,0.0,31.53,,,0,trial
2026-07-07T20:35:24,pid_hot_humid_bursty_r2,pid,hot_humid,bursty,2,35.76,35.46,35.26,32.76,25.0,45.0,140.0,,0.0,0.0,31.54,,,0,trial
2026-07-07T20:35:24,pid_hot_humid_bursty_r2,pid,hot_humid,bursty,2,35.778,35.478,35.278,32.778,25.0,45.0,140.0,,0.0,0.0,31.55,,,0,trial
2026-07-07T20:35:24,pid_hot_humid_bursty_r2,pid,hot_humid,bursty,2,35.795,35.495,35.295,32.795,25.0,45.0,140.0,,0.0,0.0,31.55,,,0,trial
2026-07-07T20:35:24,pid_hot_humid_bursty_r2,pid,hot_humid,bursty,2,35.812,35.512,35.312,32.812,25.0,45.0,140.0,,0.0,0.0,31.56,,,0,trial
2026-07-07T20:35:24,pid_hot_humid_bursty_r2,pid,hot_humid,bursty,2,35.829,35.529,35.329,32.829,25.0,45.0,140.0,,0.0,0.0,31.57,,,0,trial
2026-07-07T20:35:24,pid_hot_humid_bursty_r2,pid,hot_humid,bursty,2,35.847,35.547,35.347,32.847,25.0,45.0,140.0,,0.0,0.0,31.58,,,0,trial
2026-07-07T20:35:24,pid_hot_humid_bursty_r2,pid,hot_humid,bursty,2,35.864,35.564,35.364,32.864,25.0,45.0,140.0,,0.0,0.0,31.59,,,0,trial
2026-07-07T20:35:24,pid_hot_humid_bursty_r2,pid,hot_humid,bursty,2,35.881,35.581,35.381,32.881,25.0,45.0,140.0,,0.0,0.0,31.59,,,0,trial
2026-07-07T20:35:24,pid_hot_humid_bursty_r2,pid,hot_humid,bursty,2,35.899,35.599,35.399,32.899,25.0,45.0,140.0,,0.0,0.0,31.6,,,0,trial
2026-07-07T20:35:24,pid_hot_humid_bursty_r2,pid,hot_humid,bursty,2,35.916,35.616,35.416,32.916,25.0,45.0,140.0,,0.0,0.0,31.61,,,0,trial
2026-07-07T20:35:24,pid_hot_humid_bursty_r2,pid,hot_humid,bursty,2,35.933,35.633,35.433,32.933,25.0,45.0,140.0,,0.0,0.0,31.62,,,0,trial
2026-07-07T20:35:24,pid_hot_humid_bursty_r2,pid,hot_humid,bursty,2,35.95,35.65,35.45,32.95,25.0,45.0,140.0,,0.0,0.0,31.63,,,0,trial
2026-07-07T20:35:24,pid_hot_humid_bursty_r2,pid,hot_humid,bursty,2,35.968,35.668,35.468,32.968,25.0,45.0,140.0,,0.0,0.0,31.63,,,0,trial
2026-07-07T20:35:24,pid_hot_humid_bursty_r2,pid,hot_humid,bursty,2,35.985,35.685,35.485,32.985,25.0,45.0,140.0,,0.0,0.0,31.64,,,0,trial
2026-07-07T20:35:24,pid_hot_humid_bursty_r2,pid,hot_humid,bursty,2,36.002,35.702,35.502,33.002,25.0,45.0,140.0,,0.0,0.0,31.65,,,0,trial
2026-07-07T20:35:24,pid_hot_humid_bursty_r2,pid,hot_humid,bursty,2,36.019,35.719,35.519,33.019,25.0,45.0,140.0,,0.0,0.0,31.66,,,0,trial
2026-07-07T20:35:24,pid_hot_humid_bursty_r2,pid,hot_humid,bursty,2,36.037,35.737,35.537,33.037,25.0,45.0,140.0,,0.0,0.0,31.67,,,0,trial
2026-07-07T20:35:24,pid_hot_humid_bursty_r2,pid,hot_humid,bursty,2,36.054,35.754,35.554,33.054,25.0,45.0,140.0,,0.0,0.0,31.68,,,0,trial
2026-07-07T20:35:24,pid_hot_humid_bursty_r2,pid,hot_humid,bursty,2,36.071,35.771,35.571,33.071,25.0,45.0,140.0,,0.0,0.0,31.68,,,0,trial
2026-07-07T20:35:24,pid_hot_humid_bursty_r2,pid,hot_humid,bursty,2,36.089,35.789,35.589,33.089,25.0,45.0,140.0,,0.0,0.0,31.69,,,0,trial
2026-07-07T20:35:24,pid_hot_humid_bursty_r2,pid,hot_humid,bursty,2,36.106,35.806,35.606,33.106,25.0,45.0,140.0,,0.0,0.0,31.7,,,0,trial
2026-07-07T20:35:24,pid_hot_humid_bursty_r2,pid,hot_humid,bursty,2,36.123,35.823,35.623,33.123,25.0,45.0,140.0,,0.0,0.0,31.71,,,0,trial
2026-07-07T20:35:24,pid_hot_humid_bursty_r2,pid,hot_humid,bursty,2,36.14,35.84,35.64,33.14,25.0,45.0,140.0,,0.0,0.0,31.72,,,0,trial
2026-07-07T20:35:24,pid_hot_humid_bursty_r2,pid,hot_humid,bursty,2,36.158,35.858,35.658,33.158,25.0,45.0,140.0,,0.0,0.0,31.73,,,0,trial
2026-07-07T20:35:24,pid_hot_humid_bursty_r2,pid,hot_humid,bursty,2,36.175,35.875,35.675,33.175,25.0,45.0,140.0,,0.0,0.0,31.74,,,0,trial
2026-07-07T20:35:24,pid_hot_humid_bursty_r2,pid,hot_humid,bursty,2,36.192,35.892,35.692,33.192,25.0,45.0,140.0,,0.0,0.0,31.74,,,0,trial
2026-07-07T20:35:24,pid_hot_humid_bursty_r2,pid,hot_humid,bursty,2,36.209,35.909,35.709,33.209,25.0,45.0,140.0,,0.0,0.0,31.75,,,0,trial
2026-07-07T20:35:24,pid_hot_humid_bursty_r2,pid,hot_humid,bursty,2,36.226,35.926,35.726,33.226,25.0,45.0,140.0,,0.0,0.0,31.76,,,0,trial
2026-07-07T20:35:24,pid_hot_humid_bursty_r2,pid,hot_humid,bursty,2,36.244,35.944,35.744,33.244,25.0,45.0,140.0,,0.0,0.0,31.77,,,0,trial
2026-07-07T20:35:24,pid_hot_humid_bursty_r2,pid,hot_humid,bursty,2,36.261,35.961,35.761,33.261,25.0,45.0,140.0,,0.0,0.0,31.78,,,0,trial
2026-07-07T20:35:24,pid_hot_humid_bursty_r2,pid,hot_humid,bursty,2,36.278,35.978,35.778,33.278,25.0,45.0,140.0,,0.0,0.0,31.79,,,0,trial
2026-07-07T20:35:24,pid_hot_humid_bursty_r2,pid,hot_humid,bursty,2,36.295,35.995,35.795,33.295,25.0,45.0,140.0,,0.0,0.0,31.8,,,0,trial
2026-07-07T20:35:24,pid_hot_humid_bursty_r2,pid,hot_humid,bursty,2,36.313,36.013,35.813,33.313,25.0,45.0,140.0,,0.0,0.0,31.81,,,0,trial
2026-07-07T20:35:24,pid_hot_humid_bursty_r2,pid,hot_humid,bursty,2,36.33,36.03,35.83,33.33,25.0,45.0,140.0,,0.0,0.0,31.81,,,0,trial
2026-07-07T20:35:24,pid_hot_humid_bursty_r2,pid,hot_humid,bursty,2,36.347,36.047,35.847,33.347,25.0,45.0,140.0,,0.0,0.0,31.82,,,0,trial
2026-07-07T20:35:24,pid_hot_humid_bursty_r2,pid,hot_humid,bursty,2,36.364,36.064,35.864,33.364,25.0,45.0,140.0,,0.0,0.0,31.83,,,0,trial
2026-07-07T20:35:24,pid_hot_humid_bursty_r2,pid,hot_humid,bursty,2,36.382,36.082,35.882,33.382,25.0,45.0,140.0,,0.0,0.0,31.84,,,0,trial
2026-07-07T20:35:24,pid_hot_humid_bursty_r2,pid,hot_humid,bursty,2,36.399,36.099,35.899,33.399,25.0,45.0,140.0,,0.0,0.0,31.85,,,0,trial
2026-07-07T20:35:24,pid_hot_humid_bursty_r2,pid,hot_humid,bursty,2,36.416,36.116,35.916,33.416,25.0,45.0,140.0,,0.0,0.0,31.86,,,0,trial
2026-07-07T20:35:24,pid_hot_humid_bursty_r2,pid,hot_humid,bursty,2,36.433,36.133,35.933,33.433,25.0,45.0,140.0,,0.0,0.0,31.87,,,0,trial
2026-07-07T20:35:24,pid_hot_humid_bursty_r2,pid,hot_humid,bursty,2,36.45,36.15,35.95,33.45,25.0,45.0,140.0,,0.0,0.0,31.88,,,0,trial
2026-07-07T20:35:24,pid_hot_humid_bursty_r2,pid,hot_humid,bursty,2,36.468,36.168,35.968,33.468,25.0,45.0,140.0,,0.0,0.0,31.89,,,0,trial
2026-07-07T20:35:24,pid_hot_humid_bursty_r2,pid,hot_humid,bursty,2,36.485,36.185,35.985,33.485,25.0,45.0,140.0,,0.0,0.0,31.89,,,0,trial
2026-07-07T20:35:24,pid_hot_humid_bursty_r2,pid,hot_humid,bursty,2,36.502,36.202,36.002,33.502,25.0,45.0,140.0,,0.0,0.0,31.9,,,0,trial
2026-07-07T20:35:24,pid_hot_humid_bursty_r2,pid,hot_humid,bursty,2,36.519,36.219,36.019,33.519,25.0,45.0,140.0,,0.0,0.0,31.91,,,0,trial
2026-07-07T20:35:24,pid_hot_humid_bursty_r2,pid,hot_humid,bursty,2,36.537,36.237,36.037,33.537,25.0,45.0,140.0,,0.0,0.0,31.92,,,0,trial
2026-07-07T20:35:24,pid_hot_humid_bursty_r2,pid,hot_humid,bursty,2,36.554,36.254,36.054,33.554,25.0,45.0,140.0,,0.0,0.0,31.93,,,0,trial
2026-07-07T20:35:24,pid_hot_humid_bursty_r2,pid,hot_humid,bursty,2,36.571,36.271,36.071,33.571,25.0,45.0,140.0,,0.0,0.0,31.94,,,0,trial
2026-07-07T20:35:24,pid_hot_humid_bursty_r2,pid,hot_humid,bursty,2,36.588,36.288,36.088,33.588,25.0,45.0,140.0,,0.0,0.0,31.95,,,0,trial
2026-07-07T20:35:24,pid_hot_humid_bursty_r2,pid,hot_humid,bursty,2,36.605,36.305,36.105,33.605,25.0,45.0,140.0,,0.0,0.0,31.96,,,0,trial
2026-07-07T20:35:24,pid_hot_humid_bursty_r2,pid,hot_humid,bursty,2,36.623,36.323,36.123,33.623,25.0,45.0,140.0,,0.0,0.0,31.97,,,0,trial
2026-07-07T20:35:24,pid_hot_humid_bursty_r2,pid,hot_humid,bursty,2,36.64,36.34,36.14,33.64,25.0,45.0,140.0,,0.0,0.0,31.98,,,0,trial
2026-07-07T20:35:24,pid_hot_humid_bursty_r2,pid,hot_humid,bursty,2,36.657,36.357,36.157,33.657,25.0,45.0,140.0,,0.0,0.0,31.99,,,0,trial
2026-07-07T20:35:24,pid_hot_humid_bursty_r2,pid,hot_humid,bursty,2,36.674,36.374,36.174,33.674,25.0,45.0,140.0,,0.0,0.0,32.0,,,0,trial
2026-07-07T20:35:24,pid_hot_humid_bursty_r2,pid,hot_humid,bursty,2,36.691,36.391,36.191,33.691,25.0,45.0,140.0,,0.0,0.0,32.01,,,0,trial
2026-07-07T20:35:24,pid_hot_humid_bursty_r2,pid,hot_humid,bursty,2,36.708,36.408,36.208,33.708,25.0,45.0,140.0,,0.0,0.0,32.02,,,0,trial
2026-07-07T20:35:24,pid_hot_humid_bursty_r2,pid,hot_humid,bursty,2,36.726,36.426,36.226,33.726,25.0,45.0,140.0,,0.0,0.0,32.03,,,0,trial
2026-07-07T20:35:24,pid_hot_humid_bursty_r2,pid,hot_humid,bursty,2,36.743,36.443,36.243,33.743,25.0,45.0,140.0,,0.0,0.0,32.04,,,0,trial
2026-07-07T20:35:24,pid_hot_humid_bursty_r2,pid,hot_humid,bursty,2,36.76,36.46,36.26,33.76,25.0,45.0,140.0,,0.0,0.0,32.04,,,0,trial
2026-07-07T20:35:24,pid_hot_humid_bursty_r2,pid,hot_humid,bursty,2,36.777,36.477,36.277,33.777,25.0,45.0,140.0,,0.0,0.0,32.05,,,0,trial
2026-07-07T20:35:24,pid_hot_humid_bursty_r2,pid,hot_humid,bursty,2,36.794,36.494,36.294,33.794,25.0,45.0,140.0,,0.0,0.0,32.06,,,0,trial
2026-07-07T20:35:24,pid_hot_humid_bursty_r2,pid,hot_humid,bursty,2,36.812,36.512,36.312,33.812,25.0,45.0,140.0,,0.0,0.0,32.07,,,0,trial
2026-07-07T20:35:24,pid_hot_humid_bursty_r2,pid,hot_humid,bursty,2,36.829,36.529,36.329,33.829,25.0,45.0,140.0,,0.0,0.0,32.08,,,0,trial
2026-07-07T20:35:24,pid_hot_humid_bursty_r2,pid,hot_humid,bursty,2,36.846,36.546,36.346,33.846,25.0,45.0,140.0,,0.0,0.0,32.09,,,0,trial
2026-07-07T20:35:24,pid_hot_humid_bursty_r2,pid,hot_humid,bursty,2,36.863,36.563,36.363,33.863,25.0,45.0,140.0,,0.0,0.0,32.1,,,0,trial
2026-07-07T20:35:24,pid_hot_humid_bursty_r2,pid,hot_humid,bursty,2,36.88,36.58,36.38,33.88,25.0,45.0,140.0,,0.0,0.0,32.11,,,0,trial
2026-07-07T20:35:24,pid_hot_humid_bursty_r2,pid,hot_humid,bursty,2,36.897,36.597,36.397,33.897,25.0,45.0,140.0,,0.0,0.0,32.12,,,0,trial
2026-07-07T20:35:24,pid_hot_humid_bursty_r2,pid,hot_humid,bursty,2,36.915,36.615,36.415,33.915,25.0,45.0,140.0,,0.0,0.0,32.13,,,0,trial
2026-07-07T20:35:24,pid_hot_humid_bursty_r2,pid,hot_humid,bursty,2,36.932,36.632,36.432,33.932,25.0,45.0,140.0,,0.0,0.0,32.14,,,0,trial
2026-07-07T20:35:24,pid_hot_humid_bursty_r2,pid,hot_humid,bursty,2,36.949,36.649,36.449,33.949,25.0,45.0,140.0,,0.0,0.0,32.15,,,0,trial
2026-07-07T20:35:24,pid_hot_humid_bursty_r2,pid,hot_humid,bursty,2,36.966,36.666,36.466,33.966,25.0,45.0,140.0,,0.0,0.0,32.16,,,0,trial
2026-07-07T20:35:24,pid_hot_humid_bursty_r2,pid,hot_humid,bursty,2,36.983,36.683,36.483,33.983,25.0,45.0,140.0,,0.0,0.0,32.17,,,0,trial
2026-07-07T20:35:24,pid_hot_humid_bursty_r2,pid,hot_humid,bursty,2,37.0,36.7,36.5,34.0,25.0,45.0,140.0,,0.0,0.0,32.18,,,0,trial
2026-07-07T20:35:24,pid_hot_humid_bursty_r2,pid,hot_humid,bursty,2,37.018,36.718,36.518,34.018,25.0,45.0,140.0,,0.0,0.0,32.19,,,0,trial
2026-07-07T20:35:24,pid_hot_humid_bursty_r2,pid,hot_humid,bursty,2,37.035,36.735,36.535,34.035,25.0,45.0,140.0,,0.0,0.0,32.2,,,0,trial
2026-07-07T20:35:24,pid_hot_humid_bursty_r2,pid,hot_humid,bursty,2,37.052,36.752,36.552,34.052,25.0,45.0,140.0,,0.0,0.0,32.21,,,0,trial
2026-07-07T20:35:24,pid_hot_humid_bursty_r2,pid,hot_humid,bursty,2,37.069,36.769,36.569,34.069,25.0,45.0,140.0,,0.0,0.0,32.22,,,0,trial
2026-07-07T20:35:24,pid_hot_humid_bursty_r2,pid,hot_humid,bursty,2,37.086,36.786,36.586,34.086,25.0,45.0,140.0,,0.0,0.0,32.23,,,0,trial
2026-07-07T20:35:24,pid_hot_humid_bursty_r2,pid,hot_humid,bursty,2,37.103,36.803,36.603,34.103,25.0,45.0,140.0,,0.0,0.0,32.24,,,0,trial
2026-07-07T20:35:24,pid_hot_humid_bursty_r2,pid,hot_humid,bursty,2,37.121,36.821,36.621,34.121,25.0,45.0,140.0,,0.0,0.0,32.25,,,0,trial
2026-07-07T20:35:24,pid_hot_humid_bursty_r2,pid,hot_humid,bursty,2,37.138,36.838,36.638,34.138,25.0,45.0,140.0,,0.0,0.0,32.26,,,0,trial
2026-07-07T20:35:24,pid_hot_humid_bursty_r2,pid,hot_humid,bursty,2,37.155,36.855,36.655,34.155,25.0,45.0,140.0,,0.0,0.0,32.27,,,0,trial
2026-07-07T20:35:24,pid_hot_humid_bursty_r2,pid,hot_humid,bursty,2,37.172,36.872,36.672,34.172,25.0,45.0,140.0,,0.0,0.0,32.28,,,0,trial
2026-07-07T20:35:24,pid_hot_humid_bursty_r2,pid,hot_humid,bursty,2,37.189,36.889,36.689,34.189,25.0,45.0,140.0,,0.0,0.0,32.29,,,0,trial
2026-07-07T20:35:24,pid_hot_humid_bursty_r2,pid,hot_humid,bursty,2,37.206,36.906,36.706,34.206,25.0,45.0,140.0,,0.0,0.0,32.3,,,0,trial
2026-07-07T20:35:24,pid_hot_humid_bursty_r2,pid,hot_humid,bursty,2,37.223,36.923,36.723,34.223,25.0,45.0,140.0,,0.0,0.0,32.31,,,0,trial
2026-07-07T20:35:24,pid_hot_humid_bursty_r2,pid,hot_humid,bursty,2,37.241,36.941,36.741,34.241,25.0,45.0,140.0,,0.0,0.0,32.32,,,0,trial
2026-07-07T20:35:24,pid_hot_humid_bursty_r2,pid,hot_humid,bursty,2,37.258,36.958,36.758,34.258,25.0,45.0,140.0,,0.0,0.0,32.34,,,0,trial
2026-07-07T20:35:24,pid_hot_humid_bursty_r2,pid,hot_humid,bursty,2,37.275,36.975,36.775,34.275,25.0,45.0,140.0,,0.0,0.0,32.35,,,0,trial
2026-07-07T20:35:24,pid_hot_humid_bursty_r2,pid,hot_humid,bursty,2,37.292,36.992,36.792,34.292,25.0,45.0,140.0,,0.0,0.0,32.36,,,0,trial
2026-07-07T20:35:24,pid_hot_humid_bursty_r2,pid,hot_humid,bursty,2,37.309,37.009,36.809,34.309,25.0,45.0,140.0,,0.0,0.0,32.37,,,0,trial
2026-07-07T20:35:24,pid_hot_humid_bursty_r2,pid,hot_humid,bursty,2,37.326,37.026,36.826,34.326,25.0,45.0,140.0,,0.0,0.0,32.38,,,0,trial
2026-07-07T20:35:24,pid_hot_humid_bursty_r2,pid,hot_humid,bursty,2,37.343,37.043,36.843,34.343,25.0,45.0,140.0,,0.0,0.0,32.39,,,0,trial
2026-07-07T20:35:24,pid_hot_humid_bursty_r2,pid,hot_humid,bursty,2,37.36,37.06,36.86,34.36,25.0,45.0,140.0,,0.0,0.0,32.4,,,0,trial
2026-07-07T20:35:24,pid_hot_humid_bursty_r2,pid,hot_humid,bursty,2,37.378,37.078,36.878,34.378,25.0,45.0,140.0,,0.0,0.0,32.41,,,0,trial
2026-07-07T20:35:24,pid_hot_humid_bursty_r2,pid,hot_humid,bursty,2,37.395,37.095,36.895,34.395,25.0,45.0,140.0,,0.0,0.0,32.42,,,0,trial
2026-07-07T20:35:24,pid_hot_humid_bursty_r2,pid,hot_humid,bursty,2,37.412,37.112,36.912,34.412,25.0,45.0,140.0,,0.0,0.0,32.43,,,0,trial
2026-07-07T20:35:24,pid_hot_humid_bursty_r2,pid,hot_humid,bursty,2,37.429,37.129,36.929,34.429,25.0,45.0,140.0,,0.0,0.0,32.44,,,0,trial
2026-07-07T20:35:24,pid_hot_humid_bursty_r2,pid,hot_humid,bursty,2,37.446,37.146,36.946,34.446,25.0,45.0,140.0,,0.0,0.0,32.45,,,0,trial
2026-07-07T20:35:24,pid_hot_humid_bursty_r2,pid,hot_humid,bursty,2,37.463,37.163,36.963,34.463,25.0,45.0,140.0,,0.0,0.0,32.46,,,0,trial
2026-07-07T20:35:24,pid_hot_humid_bursty_r2,pid,hot_humid,bursty,2,37.48,37.18,36.98,34.48,25.0,45.0,140.0,,0.0,0.0,32.47,,,0,trial
2026-07-07T20:35:24,pid_hot_humid_bursty_r2,pid,hot_humid,bursty,2,37.497,37.197,36.997,34.497,25.0,45.0,140.0,,0.0,0.0,32.48,,,0,trial
2026-07-07T20:35:24,pid_hot_humid_bursty_r2,pid,hot_humid,bursty,2,37.514,37.214,37.014,34.514,25.0,45.0,140.0,,0.0,0.0,32.49,,,0,trial
2026-07-07T20:35:24,pid_hot_humid_bursty_r2,pid,hot_humid,bursty,2,37.532,37.232,37.032,34.532,25.0,45.0,140.0,,0.0,0.0,32.51,,,0,trial
2026-07-07T20:35:24,pid_hot_humid_bursty_r2,pid,hot_humid,bursty,2,37.549,37.249,37.049,34.549,25.0,45.0,140.0,,0.0,0.0,32.52,,,0,trial
2026-07-07T20:35:24,pid_hot_humid_bursty_r2,pid,hot_humid,bursty,2,37.566,37.266,37.066,34.566,25.0,45.0,140.0,,0.0,0.0,32.53,,,0,trial
2026-07-07T20:35:24,pid_hot_humid_bursty_r2,pid,hot_humid,bursty,2,37.583,37.283,37.083,34.583,25.0,45.0,140.0,,0.0,0.0,32.54,,,0,trial
2026-07-07T20:35:24,pid_hot_humid_bursty_r2,pid,hot_humid,bursty,2,37.6,37.3,37.1,34.6,25.0,45.0,140.0,,0.0,0.0,32.55,,,0,trial
2026-07-07T20:35:24,pid_hot_humid_bursty_r2,pid,hot_humid,bursty,2,37.617,37.317,37.117,34.617,25.0,45.0,140.0,,0.0,0.0,32.56,,,0,trial
2026-07-07T20:35:24,pid_hot_humid_bursty_r2,pid,hot_humid,bursty,2,37.634,37.334,37.134,34.634,25.0,45.0,140.0,,0.0,0.0,32.57,,,0,trial
2026-07-07T20:35:24,pid_hot_humid_bursty_r2,pid,hot_humid,bursty,2,37.651,37.351,37.151,34.651,25.0,45.0,140.0,,0.0,0.0,32.58,,,0,trial
2026-07-07T20:35:24,pid_hot_humid_bursty_r2,pid,hot_humid,bursty,2,37.668,37.368,37.168,34.668,25.0,45.0,140.0,,0.0,0.0,32.59,,,0,trial
2026-07-07T20:35:24,pid_hot_humid_bursty_r2,pid,hot_humid,bursty,2,37.685,37.385,37.185,34.685,25.0,45.0,140.0,,0.0,0.0,32.6,,,0,trial
2026-07-07T20:35:24,pid_hot_humid_bursty_r2,pid,hot_humid,bursty,2,37.702,37.402,37.202,34.702,25.0,45.0,140.0,,0.0,0.0,32.61,,,0,trial
2026-07-07T20:35:24,pid_hot_humid_bursty_r2,pid,hot_humid,bursty,2,37.72,37.42,37.22,34.72,25.0,45.0,140.0,,0.0,0.0,32.63,,,0,trial
2026-07-07T20:35:24,pid_hot_humid_bursty_r2,pid,hot_humid,bursty,2,37.737,37.437,37.237,34.737,25.0,45.0,140.0,,0.0,0.0,32.64,,,0,trial
2026-07-07T20:35:24,pid_hot_humid_bursty_r2,pid,hot_humid,bursty,2,37.754,37.454,37.254,34.754,25.0,45.0,140.0,,0.0,0.0,32.65,,,0,trial
2026-07-07T20:35:24,pid_hot_humid_bursty_r2,pid,hot_humid,bursty,2,37.771,37.471,37.271,34.771,25.0,45.0,140.0,,0.0,0.0,32.66,,,0,trial
2026-07-07T20:35:24,pid_hot_humid_bursty_r2,pid,hot_humid,bursty,2,37.788,37.488,37.288,34.788,25.0,45.0,140.0,,0.0,0.0,32.67,,,0,trial
2026-07-07T20:35:24,pid_hot_humid_bursty_r2,pid,hot_humid,bursty,2,37.805,37.505,37.305,34.805,25.0,45.0,140.0,,0.0,0.0,32.68,,,0,trial
2026-07-07T20:35:24,pid_hot_humid_bursty_r2,pid,hot_humid,bursty,2,37.822,37.522,37.322,34.822,25.0,45.0,140.0,,0.0,0.0,32.69,,,0,trial
2026-07-07T20:35:24,pid_hot_humid_bursty_r2,pid,hot_humid,bursty,2,37.839,37.539,37.339,34.839,25.0,45.0,140.0,,0.0,0.0,32.7,,,0,trial
2026-07-07T20:35:24,pid_hot_humid_bursty_r2,pid,hot_humid,bursty,2,37.856,37.556,37.356,34.856,25.0,45.0,140.0,,0.0,0.0,32.72,,,0,trial
2026-07-07T20:35:24,pid_hot_humid_bursty_r2,pid,hot_humid,bursty,2,37.873,37.573,37.373,34.873,25.0,45.0,140.0,,0.0,0.0,32.73,,,0,trial
2026-07-07T20:35:24,pid_hot_humid_bursty_r2,pid,hot_humid,bursty,2,37.89,37.59,37.39,34.89,25.0,45.0,140.0,,0.0,0.0,32.74,,,0,trial
2026-07-07T20:35:24,pid_hot_humid_bursty_r2,pid,hot_humid,bursty,2,37.907,37.607,37.407,34.907,25.0,45.0,140.0,,0.0,0.0,32.75,,,0,trial
2026-07-07T20:35:24,pid_hot_humid_bursty_r2,pid,hot_humid,bursty,2,37.924,37.624,37.424,34.924,25.0,45.0,140.0,,0.0,0.0,32.76,,,0,trial
2026-07-07T20:35:24,pid_hot_humid_bursty_r2,pid,hot_humid,bursty,2,37.941,37.641,37.441,34.941,25.0,45.0,140.0,,0.0,0.0,32.77,,,0,trial
2026-07-07T20:35:24,pid_hot_humid_bursty_r2,pid,hot_humid,bursty,2,37.959,37.659,37.459,34.959,25.0,45.0,140.0,,0.0,0.0,32.78,,,0,trial
2026-07-07T20:35:24,pid_hot_humid_bursty_r2,pid,hot_humid,bursty,2,37.976,37.676,37.476,34.976,25.0,45.0,140.0,,0.0,0.0,32.8,,,0,trial
2026-07-07T20:35:24,pid_hot_humid_bursty_r2,pid,hot_humid,bursty,2,37.993,37.693,37.493,34.993,25.0,45.0,140.0,,0.0,0.0,32.81,,,0,trial
2026-07-07T20:35:24,pid_hot_humid_bursty_r2,pid,hot_humid,bursty,2,38.01,37.71,37.51,35.01,25.0,45.0,140.0,,0.0,0.0,32.82,,,0,trial
2026-07-07T20:35:24,pid_hot_humid_bursty_r2,pid,hot_humid,bursty,2,38.027,37.727,37.527,35.027,25.0,45.0,140.0,,0.0,0.0,32.83,,,0,trial
2026-07-07T20:35:24,pid_hot_humid_bursty_r2,pid,hot_humid,bursty,2,38.044,37.744,37.544,35.044,25.0,45.0,140.0,,0.0,0.0,32.84,,,0,trial
2026-07-07T20:35:24,pid_hot_humid_bursty_r2,pid,hot_humid,bursty,2,38.061,37.761,37.561,35.061,25.0,45.0,140.0,,0.0,0.0,32.85,,,0,trial
2026-07-07T20:35:24,pid_hot_humid_bursty_r2,pid,hot_humid,bursty,2,38.078,37.778,37.578,35.078,25.0,45.0,140.0,,0.0,0.0,32.86,,,0,trial
2026-07-07T20:35:24,pid_hot_humid_bursty_r2,pid,hot_humid,bursty,2,38.095,37.795,37.595,35.095,25.0,45.0,140.0,,0.0,0.0,32.88,,,0,trial
2026-07-07T20:35:24,pid_hot_humid_bursty_r2,pid,hot_humid,bursty,2,38.112,37.812,37.612,35.112,25.0,45.0,140.0,,0.0,0.0,32.89,,,0,trial
2026-07-07T20:35:24,pid_hot_humid_bursty_r2,pid,hot_humid,bursty,2,38.129,37.829,37.629,35.129,25.0,45.0,140.0,,0.0,0.0,32.9,,,0,trial
2026-07-07T20:35:24,pid_hot_humid_bursty_r2,pid,hot_humid,bursty,2,38.146,37.846,37.646,35.146,25.0,45.0,140.0,,0.0,0.0,32.91,,,0,trial
2026-07-07T20:35:24,pid_hot_humid_bursty_r2,pid,hot_humid,bursty,2,38.163,37.863,37.663,35.163,25.0,45.0,140.0,,0.0,0.0,32.92,,,0,trial
2026-07-07T20:35:24,pid_hot_humid_bursty_r2,pid,hot_humid,bursty,2,38.18,37.88,37.68,35.18,25.0,45.0,140.0,,0.0,0.0,32.93,,,0,trial
2026-07-07T20:35:24,pid_hot_humid_bursty_r2,pid,hot_humid,bursty,2,38.197,37.897,37.697,35.197,25.0,45.0,140.0,,0.0,0.0,32.95,,,0,trial
2026-07-07T20:35:24,pid_hot_humid_bursty_r2,pid,hot_humid,bursty,2,38.214,37.914,37.714,35.214,25.0,45.0,140.0,,0.0,0.0,32.96,,,0,trial
2026-07-07T20:35:24,pid_hot_humid_bursty_r2,pid,hot_humid,bursty,2,38.231,37.931,37.731,35.231,25.0,45.0,140.0,,0.0,0.0,32.97,,,0,trial
2026-07-07T20:35:24,pid_hot_humid_bursty_r2,pid,hot_humid,bursty,2,38.248,37.948,37.748,35.248,25.0,45.0,140.0,,0.0,0.0,32.98,,,0,trial
2026-07-07T20:35:24,pid_hot_humid_bursty_r2,pid,hot_humid,bursty,2,38.265,37.965,37.765,35.265,25.0,45.0,140.0,,0.0,0.0,32.99,,,0,trial
2026-07-07T20:35:24,pid_hot_humid_bursty_r2,pid,hot_humid,bursty,2,38.282,37.982,37.782,35.282,25.0,45.0,140.0,,0.0,0.0,33.01,,,0,trial
2026-07-07T20:35:24,pid_hot_humid_bursty_r2,pid,hot_humid,bursty,2,38.299,37.999,37.799,35.299,25.0,45.0,140.0,,0.0,0.0,33.02,,,0,trial
2026-07-07T20:35:24,pid_hot_humid_bursty_r2,pid,hot_humid,bursty,2,38.316,38.016,37.816,35.316,25.0,45.0,140.0,,0.0,0.0,33.03,,,0,trial
2026-07-07T20:35:24,pid_hot_humid_bursty_r2,pid,hot_humid,bursty,2,38.333,38.033,37.833,35.333,25.0,45.0,140.0,,0.0,0.0,33.04,,,0,trial
2026-07-07T20:35:24,pid_hot_humid_bursty_r2,pid,hot_humid,bursty,2,38.35,38.05,37.85,35.35,25.0,45.0,140.0,,0.0,0.0,33.05,,,0,trial
2026-07-07T20:35:24,pid_hot_humid_bursty_r2,pid,hot_humid,bursty,2,38.367,38.067,37.867,35.367,25.0,45.0,140.0,,0.0,0.0,33.07,,,0,trial
2026-07-07T20:35:24,pid_hot_humid_bursty_r2,pid,hot_humid,bursty,2,38.384,38.084,37.884,35.384,25.0,45.0,140.0,,0.0,0.0,33.08,,,0,trial
2026-07-07T20:35:24,pid_hot_humid_bursty_r2,pid,hot_humid,bursty,2,38.401,38.101,37.901,35.401,25.0,45.0,140.0,,0.0,0.0,33.09,,,0,trial
2026-07-07T20:35:24,pid_hot_humid_bursty_r2,pid,hot_humid,bursty,2,38.418,38.118,37.918,35.418,25.0,45.0,140.0,,0.0,0.0,33.1,,,0,trial
2026-07-07T20:35:24,pid_hot_humid_bursty_r2,pid,hot_humid,bursty,2,38.435,38.135,37.935,35.435,25.0,45.0,140.0,,0.0,0.0,33.11,,,0,trial
2026-07-07T20:35:24,pid_hot_humid_bursty_r2,pid,hot_humid,bursty,2,38.452,38.152,37.952,35.452,25.0,45.0,140.0,,0.0,0.0,33.13,,,0,trial
2026-07-07T20:35:24,pid_hot_humid_bursty_r2,pid,hot_humid,bursty,2,38.469,38.169,37.969,35.469,25.0,45.0,140.0,,0.0,0.0,33.14,,,0,trial
2026-07-07T20:35:24,pid_hot_humid_bursty_r2,pid,hot_humid,bursty,2,38.486,38.186,37.986,35.486,25.0,45.0,140.0,,0.0,0.0,33.15,,,0,trial
2026-07-07T20:35:24,pid_hot_humid_bursty_r2,pid,hot_humid,bursty,2,38.503,38.203,38.003,35.503,25.0,45.0,140.0,,0.0,0.0,33.16,,,0,trial
2026-07-07T20:35:24,pid_hot_humid_bursty_r2,pid,hot_humid,bursty,2,38.52,38.22,38.02,35.52,25.0,45.0,140.0,,0.0,0.0,33.17,,,0,trial
2026-07-07T20:35:24,pid_hot_humid_bursty_r2,pid,hot_humid,bursty,2,38.537,38.237,38.037,35.537,25.0,45.0,140.0,,0.0,0.0,33.19,,,0,trial
2026-07-07T20:35:24,pid_hot_humid_bursty_r2,pid,hot_humid,bursty,2,38.554,38.254,38.054,35.554,25.0,45.0,140.0,,0.0,0.0,33.2,,,0,trial
2026-07-07T20:35:24,pid_hot_humid_bursty_r2,pid,hot_humid,bursty,2,38.571,38.271,38.071,35.571,25.0,45.0,140.0,,0.0,0.0,33.21,,,0,trial
2026-07-07T20:35:24,pid_hot_humid_bursty_r2,pid,hot_humid,bursty,2,38.588,38.288,38.088,35.588,25.0,45.0,140.0,,0.0,0.0,33.22,,,0,trial
2026-07-07T20:35:24,pid_hot_humid_bursty_r2,pid,hot_humid,bursty,2,38.605,38.305,38.105,35.605,25.0,45.0,140.0,,0.0,0.0,33.24,,,0,trial
2026-07-07T20:35:24,pid_hot_humid_bursty_r2,pid,hot_humid,bursty,2,38.622,38.322,38.122,35.622,25.0,45.0,140.0,,0.0,0.0,33.25,,,0,trial
2026-07-07T20:35:24,pid_hot_humid_bursty_r2,pid,hot_humid,bursty,2,38.639,38.339,38.139,35.639,25.0,45.0,140.0,,0.0,0.0,33.26,,,0,trial
2026-07-07T20:35:24,pid_hot_humid_bursty_r2,pid,hot_humid,bursty,2,38.656,38.356,38.156,35.656,25.0,45.0,140.0,,0.0,0.0,33.27,,,0,trial
2026-07-07T20:35:24,pid_hot_humid_bursty_r2,pid,hot_humid,bursty,2,38.673,38.373,38.173,35.673,25.0,45.0,140.0,,0.0,0.0,33.28,,,0,trial
2026-07-07T20:35:24,pid_hot_humid_bursty_r2,pid,hot_humid,bursty,2,38.69,38.39,38.19,35.69,25.0,45.0,140.0,,0.0,0.0,33.3,,,0,trial
2026-07-07T20:35:24,pid_hot_humid_bursty_r2,pid,hot_humid,bursty,2,38.707,38.407,38.207,35.707,25.0,45.0,140.0,,0.0,0.0,33.31,,,0,trial
2026-07-07T20:35:24,pid_hot_humid_bursty_r2,pid,hot_humid,bursty,2,38.724,38.424,38.224,35.724,25.0,45.0,140.0,,0.0,0.0,33.32,,,0,trial
2026-07-07T20:35:24,pid_hot_humid_bursty_r2,pid,hot_humid,bursty,2,38.741,38.441,38.241,35.741,25.0,45.0,140.0,,0.0,0.0,33.33,,,0,trial
2026-07-07T20:35:24,pid_hot_humid_bursty_r2,pid,hot_humid,bursty,2,38.758,38.458,38.258,35.758,25.0,45.0,140.0,,0.0,0.0,33.35,,,0,trial
2026-07-07T20:35:24,pid_hot_humid_bursty_r2,pid,hot_humid,bursty,2,38.775,38.475,38.275,35.775,25.0,45.0,140.0,,0.0,0.0,33.36,,,0,trial
2026-07-07T20:35:24,pid_hot_humid_bursty_r2,pid,hot_humid,bursty,2,38.792,38.492,38.292,35.792,25.0,45.0,140.0,,0.0,0.0,33.37,,,0,trial
2026-07-07T20:35:24,pid_hot_humid_bursty_r2,pid,hot_humid,bursty,2,38.809,38.509,38.309,35.809,25.0,45.0,140.0,,0.0,0.0,33.38,,,0,trial
2026-07-07T20:35:24,pid_hot_humid_bursty_r2,pid,hot_humid,bursty,2,38.826,38.526,38.326,35.826,25.0,45.0,140.0,,0.0,0.0,33.4,,,0,trial
2026-07-07T20:35:24,pid_hot_humid_bursty_r2,pid,hot_humid,bursty,2,38.843,38.543,38.343,35.843,25.0,45.0,140.0,,0.0,0.0,33.41,,,0,trial
2026-07-07T20:35:24,pid_hot_humid_bursty_r2,pid,hot_humid,bursty,2,38.86,38.56,38.36,35.86,25.0,45.0,140.0,,0.0,0.0,33.42,,,0,trial
2026-07-07T20:35:24,pid_hot_humid_bursty_r2,pid,hot_humid,bursty,2,38.877,38.577,38.377,35.877,25.0,45.0,140.0,,0.0,0.0,33.43,,,0,trial
2026-07-07T20:35:24,pid_hot_humid_bursty_r2,pid,hot_humid,bursty,2,38.894,38.594,38.394,35.894,25.0,45.0,140.0,,0.0,0.0,33.45,,,0,trial
2026-07-07T20:35:24,pid_hot_humid_bursty_r2,pid,hot_humid,bursty,2,38.911,38.611,38.411,35.911,25.0,45.0,140.0,,0.0,0.0,33.46,,,0,trial
2026-07-07T20:35:24,pid_hot_humid_bursty_r2,pid,hot_humid,bursty,2,38.928,38.628,38.428,35.928,25.0,45.0,140.0,,0.0,0.0,33.47,,,0,trial
2026-07-07T20:35:24,pid_hot_humid_bursty_r2,pid,hot_humid,bursty,2,38.945,38.645,38.445,35.945,25.0,45.0,140.0,,0.0,0.0,33.48,,,0,trial
2026-07-07T20:35:24,pid_hot_humid_bursty_r2,pid,hot_humid,bursty,2,38.962,38.662,38.462,35.962,25.0,45.0,140.0,,0.0,0.0,33.5,,,0,trial
2026-07-07T20:35:24,pid_hot_humid_bursty_r2,pid,hot_humid,bursty,2,38.979,38.679,38.479,35.979,25.0,45.0,140.0,,0.0,0.0,33.51,,,0,trial
2026-07-07T20:35:24,pid_hot_humid_bursty_r2,pid,hot_humid,bursty,2,38.996,38.696,38.496,35.996,25.0,45.0,140.0,,0.0,0.0,33.52,,,0,trial
2026-07-07T20:35:24,pid_hot_humid_bursty_r2,pid,hot_humid,bursty,2,39.013,38.713,38.513,36.013,25.0,45.0,140.0,,0.0,0.0,33.53,,,0,trial
2026-07-07T20:35:24,pid_hot_humid_bursty_r2,pid,hot_humid,bursty,2,39.03,38.73,38.53,36.03,25.0,45.0,140.0,,0.0,0.0,33.55,,,0,trial
2026-07-07T20:35:24,pid_hot_humid_bursty_r2,pid,hot_humid,bursty,2,39.047,38.747,38.547,36.047,25.0,45.0,140.0,,0.0,0.0,33.56,,,0,trial
2026-07-07T20:35:24,pid_hot_humid_bursty_r2,pid,hot_humid,bursty,2,39.064,38.764,38.564,36.064,25.0,45.0,140.0,,0.0,0.0,33.57,,,0,trial
2026-07-07T20:35:24,pid_hot_humid_bursty_r2,pid,hot_humid,bursty,2,39.08,38.78,38.58,36.08,25.0,45.0,140.0,,0.0,0.0,33.58,,,0,trial
2026-07-07T20:35:24,pid_hot_humid_bursty_r2,pid,hot_humid,bursty,2,39.097,38.797,38.597,36.097,25.0,45.0,140.0,,0.0,0.0,33.6,,,0,trial
2026-07-07T20:35:24,pid_hot_humid_bursty_r2,pid,hot_humid,bursty,2,39.114,38.814,38.614,36.114,25.0,45.0,140.0,,0.0,0.0,33.61,,,0,trial
2026-07-07T20:35:24,pid_hot_humid_bursty_r2,pid,hot_humid,bursty,2,39.131,38.831,38.631,36.131,25.0,45.0,140.0,,0.0,0.0,33.62,,,0,trial
2026-07-07T20:35:24,pid_hot_humid_bursty_r2,pid,hot_humid,bursty,2,39.148,38.848,38.648,36.148,25.0,45.0,140.0,,0.0,0.0,33.64,,,0,trial
2026-07-07T20:35:24,pid_hot_humid_bursty_r2,pid,hot_humid,bursty,2,39.165,38.865,38.665,36.165,25.0,45.0,140.0,,0.0,0.0,33.65,,,0,trial
2026-07-07T20:35:24,pid_hot_humid_bursty_r2,pid,hot_humid,bursty,2,39.182,38.882,38.682,36.182,25.0,45.0,140.0,,0.0,0.0,33.66,,,0,trial
2026-07-07T20:35:24,pid_hot_humid_bursty_r2,pid,hot_humid,bursty,2,39.199,38.899,38.699,36.199,25.0,45.0,140.0,,0.0,0.0,33.67,,,0,trial
2026-07-07T20:35:24,pid_hot_humid_bursty_r2,pid,hot_humid,bursty,2,39.216,38.916,38.716,36.216,25.0,45.0,140.0,,0.0,0.0,33.69,,,0,trial
2026-07-07T20:35:24,pid_hot_humid_bursty_r2,pid,hot_humid,bursty,2,39.233,38.933,38.733,36.233,25.0,45.0,140.0,,0.0,0.0,33.7,,,0,trial
2026-07-07T20:35:24,pid_hot_humid_bursty_r2,pid,hot_humid,bursty,2,39.25,38.95,38.75,36.25,25.0,45.0,140.0,,0.0,0.0,33.71,,,0,trial
2026-07-07T20:35:24,pid_hot_humid_bursty_r2,pid,hot_humid,bursty,2,39.267,38.967,38.767,36.267,25.0,45.0,140.0,,0.0,0.0,33.73,,,0,trial
2026-07-07T20:35:24,pid_hot_humid_bursty_r2,pid,hot_humid,bursty,2,39.284,38.984,38.784,36.284,25.0,45.0,140.0,,0.0,0.0,33.74,,,0,trial
2026-07-07T20:35:24,pid_hot_humid_bursty_r2,pid,hot_humid,bursty,2,39.301,39.001,38.801,36.301,25.0,45.0,140.0,,0.0,0.0,33.75,,,0,trial
2026-07-07T20:35:24,pid_hot_humid_bursty_r2,pid,hot_humid,bursty,2,39.317,39.017,38.817,36.317,25.0,45.0,140.0,,0.0,0.0,33.76,,,0,trial
2026-07-07T20:35:24,pid_hot_humid_bursty_r2,pid,hot_humid,bursty,2,39.334,39.034,38.834,36.334,25.0,45.0,140.0,,0.0,0.0,33.78,,,0,trial
2026-07-07T20:35:24,pid_hot_humid_bursty_r2,pid,hot_humid,bursty,2,39.351,39.051,38.851,36.351,25.0,45.0,140.0,,0.0,0.0,33.79,,,0,trial
2026-07-07T20:35:24,pid_hot_humid_bursty_r2,pid,hot_humid,bursty,2,39.368,39.068,38.868,36.368,25.0,45.0,140.0,,0.0,0.0,33.8,,,0,trial
2026-07-07T20:35:24,pid_hot_humid_bursty_r2,pid,hot_humid,bursty,2,39.385,39.085,38.885,36.385,25.0,45.0,140.0,,0.0,0.0,33.82,,,0,trial
2026-07-07T20:35:24,pid_hot_humid_bursty_r2,pid,hot_humid,bursty,2,39.402,39.102,38.902,36.402,25.0,45.0,140.0,,0.0,0.0,33.83,,,0,trial
2026-07-07T20:35:24,pid_hot_humid_bursty_r2,pid,hot_humid,bursty,2,39.419,39.119,38.919,36.419,25.0,45.0,140.0,,0.0,0.0,33.84,,,0,trial
2026-07-07T20:35:24,pid_hot_humid_bursty_r2,pid,hot_humid,bursty,2,39.436,39.136,38.936,36.436,25.0,45.0,140.0,,0.0,0.0,33.85,,,0,trial
2026-07-07T20:35:24,pid_hot_humid_bursty_r2,pid,hot_humid,bursty,2,39.453,39.153,38.953,36.453,25.0,45.0,140.0,,0.0,0.0,33.87,,,0,trial
2026-07-07T20:35:24,pid_hot_humid_bursty_r2,pid,hot_humid,bursty,2,39.47,39.17,38.97,36.47,25.0,45.0,140.0,,0.0,0.0,33.88,,,0,trial
2026-07-07T20:35:24,pid_hot_humid_bursty_r2,pid,hot_humid,bursty,2,39.486,39.186,38.986,36.486,25.0,45.0,140.0,,3.490399999999992,0.07,33.89,,,0,trial
2026-07-07T20:35:24,pid_hot_humid_bursty_r2,pid,hot_humid,bursty,2,39.501,39.201,39.001,36.501,25.0,45.0,140.0,,3.490399999999992,0.07,33.91,,,0,trial
2026-07-07T20:35:24,pid_hot_humid_bursty_r2,pid,hot_humid,bursty,2,39.517,39.217,39.017,36.517,25.0,45.0,140.0,,3.490399999999992,0.07,33.92,,,0,trial
2026-07-07T20:35:24,pid_hot_humid_bursty_r2,pid,hot_humid,bursty,2,39.533,39.233,39.033,36.533,25.0,45.0,140.0,,3.490399999999992,0.07,33.93,,,0,trial
2026-07-07T20:35:24,pid_hot_humid_bursty_r2,pid,hot_humid,bursty,2,39.549,39.249,39.049,36.549,25.0,45.0,140.0,,3.490399999999992,0.07,33.94,,,0,trial
2026-07-07T20:35:24,pid_hot_humid_bursty_r2,pid,hot_humid,bursty,2,39.565,39.265,39.065,36.565,25.0,45.0,140.0,,3.490399999999992,0.07,33.96,,,0,trial
2026-07-07T20:35:24,pid_hot_humid_bursty_r2,pid,hot_humid,bursty,2,39.581,39.281,39.081,36.581,25.0,45.0,140.0,,3.490399999999992,0.07,33.97,,,0,trial
2026-07-07T20:35:24,pid_hot_humid_bursty_r2,pid,hot_humid,bursty,2,39.597,39.297,39.097,36.597,25.0,45.0,140.0,,3.490399999999992,0.07,33.98,,,0,trial
2026-07-07T20:35:24,pid_hot_humid_bursty_r2,pid,hot_humid,bursty,2,39.613,39.313,39.113,36.613,25.0,45.0,140.0,,3.490399999999992,0.07,34.0,,,0,trial
2026-07-07T20:35:24,pid_hot_humid_bursty_r2,pid,hot_humid,bursty,2,39.629,39.329,39.129,36.629,25.0,45.0,140.0,,3.490399999999992,0.07,34.01,,,0,trial
2026-07-07T20:35:24,pid_hot_humid_bursty_r2,pid,hot_humid,bursty,2,39.645,39.345,39.145,36.645,25.0,45.0,140.0,,3.490399999999992,0.07,34.02,,,0,trial
2026-07-07T20:35:24,pid_hot_humid_bursty_r2,pid,hot_humid,bursty,2,39.661,39.361,39.161,36.661,25.0,45.0,140.0,,3.490399999999992,0.07,34.04,,,0,trial
2026-07-07T20:35:24,pid_hot_humid_bursty_r2,pid,hot_humid,bursty,2,39.677,39.377,39.177,36.677,25.0,45.0,140.0,,3.490399999999992,0.07,34.05,,,0,trial
2026-07-07T20:35:24,pid_hot_humid_bursty_r2,pid,hot_humid,bursty,2,39.693,39.393,39.193,36.693,25.0,45.0,140.0,,3.490399999999992,0.07,34.06,,,0,trial
2026-07-07T20:35:24,pid_hot_humid_bursty_r2,pid,hot_humid,bursty,2,39.709,39.409,39.209,36.709,25.0,45.0,140.0,,3.490399999999992,0.07,34.07,,,0,trial
2026-07-07T20:35:24,pid_hot_humid_bursty_r2,pid,hot_humid,bursty,2,39.724,39.424,39.224,36.724,25.0,45.0,140.0,,3.490399999999992,0.07,34.09,,,0,trial
2026-07-07T20:35:24,pid_hot_humid_bursty_r2,pid,hot_humid,bursty,2,39.74,39.44,39.24,36.74,25.0,45.0,140.0,,3.490399999999992,0.07,34.1,,,0,trial
2026-07-07T20:35:24,pid_hot_humid_bursty_r2,pid,hot_humid,bursty,2,39.756,39.456,39.256,36.756,25.0,45.0,140.0,,3.490399999999992,0.07,34.11,,,0,trial
2026-07-07T20:35:24,pid_hot_humid_bursty_r2,pid,hot_humid,bursty,2,39.772,39.472,39.272,36.772,25.0,45.0,140.0,,3.490399999999992,0.07,34.13,,,0,trial
2026-07-07T20:35:24,pid_hot_humid_bursty_r2,pid,hot_humid,bursty,2,39.788,39.488,39.288,36.788,25.0,45.0,140.0,,3.490399999999992,0.07,34.14,,,0,trial
2026-07-07T20:35:24,pid_hot_humid_bursty_r2,pid,hot_humid,bursty,2,39.804,39.504,39.304,36.804,25.0,45.0,140.0,,3.490399999999992,0.07,34.15,,,0,trial
2026-07-07T20:35:24,pid_hot_humid_bursty_r2,pid,hot_humid,bursty,2,39.82,39.52,39.32,36.82,25.0,45.0,140.0,,3.490399999999992,0.07,34.17,,,0,trial
2026-07-07T20:35:24,pid_hot_humid_bursty_r2,pid,hot_humid,bursty,2,39.836,39.536,39.336,36.836,25.0,45.0,140.0,,3.490399999999992,0.07,34.18,,,0,trial
2026-07-07T20:35:24,pid_hot_humid_bursty_r2,pid,hot_humid,bursty,2,39.852,39.552,39.352,36.852,25.0,45.0,140.0,,3.490399999999992,0.07,34.19,,,0,trial
2026-07-07T20:35:24,pid_hot_humid_bursty_r2,pid,hot_humid,bursty,2,39.868,39.568,39.368,36.868,25.0,45.0,140.0,,3.490399999999992,0.07,34.21,,,0,trial
2026-07-07T20:35:24,pid_hot_humid_bursty_r2,pid,hot_humid,bursty,2,39.883,39.583,39.383,36.883,25.0,45.0,140.0,,3.490399999999992,0.07,34.22,,,0,trial
2026-07-07T20:35:24,pid_hot_humid_bursty_r2,pid,hot_humid,bursty,2,39.899,39.599,39.399,36.899,25.0,45.0,140.0,,3.490399999999992,0.07,34.23,,,0,trial
2026-07-07T20:35:24,pid_hot_humid_bursty_r2,pid,hot_humid,bursty,2,39.915,39.615,39.415,36.915,25.0,45.0,140.0,,3.490399999999992,0.07,34.24,,,0,trial
2026-07-07T20:35:24,pid_hot_humid_bursty_r2,pid,hot_humid,bursty,2,39.931,39.631,39.431,36.931,25.0,45.0,140.0,,3.490399999999992,0.07,34.26,,,0,trial
2026-07-07T20:35:24,pid_hot_humid_bursty_r2,pid,hot_humid,bursty,2,39.947,39.647,39.447,36.947,25.0,45.0,140.0,,3.490399999999992,0.07,34.27,,,0,trial
2026-07-07T20:35:24,pid_hot_humid_bursty_r2,pid,hot_humid,bursty,2,39.962,39.662,39.462,36.962,25.0,45.0,140.0,,8.474600000000024,0.17,34.28,,,0,trial
2026-07-07T20:35:24,pid_hot_humid_bursty_r2,pid,hot_humid,bursty,2,39.977,39.677,39.477,36.977,25.0,45.0,140.0,,8.474600000000024,0.17,34.3,,,0,trial
2026-07-07T20:35:24,pid_hot_humid_bursty_r2,pid,hot_humid,bursty,2,39.992,39.692,39.492,36.992,25.0,45.0,140.0,,8.474600000000024,0.17,34.31,,,0,trial
2026-07-07T20:35:24,pid_hot_humid_bursty_r2,pid,hot_humid,bursty,2,40.007,39.707,39.507,37.007,25.0,45.0,140.0,,8.474600000000024,0.17,34.32,,,0,trial
2026-07-07T20:35:24,pid_hot_humid_bursty_r2,pid,hot_humid,bursty,2,40.022,39.722,39.522,37.022,25.0,45.0,140.0,,8.474600000000024,0.17,34.34,,,0,trial
2026-07-07T20:35:24,pid_hot_humid_bursty_r2,pid,hot_humid,bursty,2,40.037,39.737,39.537,37.037,25.0,45.0,140.0,,8.474600000000024,0.17,34.35,,,0,trial
2026-07-07T20:35:24,pid_hot_humid_bursty_r2,pid,hot_humid,bursty,2,40.052,39.752,39.552,37.052,25.0,45.0,140.0,,8.474600000000024,0.17,34.36,,,0,trial
2026-07-07T20:35:24,pid_hot_humid_bursty_r2,pid,hot_humid,bursty,2,40.067,39.767,39.567,37.067,25.0,45.0,140.0,,8.474600000000024,0.17,34.38,,,0,trial
2026-07-07T20:35:24,pid_hot_humid_bursty_r2,pid,hot_humid,bursty,2,40.082,39.782,39.582,37.082,25.0,45.0,140.0,,8.474600000000024,0.17,34.39,,,0,trial
2026-07-07T20:35:24,pid_hot_humid_bursty_r2,pid,hot_humid,bursty,2,40.097,39.797,39.597,37.097,25.0,45.0,140.0,,8.474600000000024,0.17,34.4,,,0,trial
2026-07-07T20:35:24,pid_hot_humid_bursty_r2,pid,hot_humid,bursty,2,40.112,39.812,39.612,37.112,25.0,45.0,140.0,,8.474600000000024,0.17,34.41,,,0,trial
2026-07-07T20:35:24,pid_hot_humid_bursty_r2,pid,hot_humid,bursty,2,40.127,39.827,39.627,37.127,25.0,45.0,140.0,,8.474600000000024,0.17,34.43,,,0,trial
2026-07-07T20:35:24,pid_hot_humid_bursty_r2,pid,hot_humid,bursty,2,40.142,39.842,39.642,37.142,25.0,45.0,140.0,,8.474600000000024,0.17,34.44,,,0,trial
2026-07-07T20:35:24,pid_hot_humid_bursty_r2,pid,hot_humid,bursty,2,40.157,39.857,39.657,37.157,25.0,45.0,140.0,,8.474600000000024,0.17,34.45,,,0,trial
2026-07-07T20:35:24,pid_hot_humid_bursty_r2,pid,hot_humid,bursty,2,40.172,39.872,39.672,37.172,25.0,45.0,140.0,,8.474600000000024,0.17,34.47,,,0,trial
2026-07-07T20:35:24,pid_hot_humid_bursty_r2,pid,hot_humid,bursty,2,40.187,39.887,39.687,37.187,25.0,45.0,140.0,,8.474600000000024,0.17,34.48,,,0,trial
2026-07-07T20:35:24,pid_hot_humid_bursty_r2,pid,hot_humid,bursty,2,40.202,39.902,39.702,37.202,25.0,45.0,140.0,,8.474600000000024,0.17,34.49,,,0,trial
2026-07-07T20:35:24,pid_hot_humid_bursty_r2,pid,hot_humid,bursty,2,40.217,39.917,39.717,37.217,25.0,45.0,140.0,,8.474600000000024,0.17,34.51,,,0,trial
2026-07-07T20:35:24,pid_hot_humid_bursty_r2,pid,hot_humid,bursty,2,40.232,39.932,39.732,37.232,25.0,45.0,140.0,,8.474600000000024,0.17,34.52,,,0,trial
2026-07-07T20:35:24,pid_hot_humid_bursty_r2,pid,hot_humid,bursty,2,40.247,39.947,39.747,37.247,25.0,45.0,140.0,,8.474600000000024,0.17,34.53,,,0,trial
2026-07-07T20:35:24,pid_hot_humid_bursty_r2,pid,hot_humid,bursty,2,40.262,39.962,39.762,37.262,25.0,45.0,140.0,,8.474600000000024,0.17,34.55,,,0,trial
2026-07-07T20:35:24,pid_hot_humid_bursty_r2,pid,hot_humid,bursty,2,40.277,39.977,39.777,37.277,25.0,45.0,140.0,,8.474600000000024,0.17,34.56,,,0,trial
2026-07-07T20:35:24,pid_hot_humid_bursty_r2,pid,hot_humid,bursty,2,40.292,39.992,39.792,37.292,25.0,45.0,140.0,,8.474600000000024,0.17,34.57,,,0,trial
2026-07-07T20:35:24,pid_hot_humid_bursty_r2,pid,hot_humid,bursty,2,40.307,40.007,39.807,37.307,25.0,45.0,140.0,,8.474600000000024,0.17,34.58,,,0,trial
2026-07-07T20:35:24,pid_hot_humid_bursty_r2,pid,hot_humid,bursty,2,40.322,40.022,39.822,37.322,25.0,45.0,140.0,,8.474600000000024,0.17,34.6,,,0,trial
2026-07-07T20:35:24,pid_hot_humid_bursty_r2,pid,hot_humid,bursty,2,40.337,40.037,39.837,37.337,25.0,45.0,140.0,,8.474600000000024,0.17,34.61,,,0,trial
2026-07-07T20:35:24,pid_hot_humid_bursty_r2,pid,hot_humid,bursty,2,40.352,40.052,39.852,37.352,25.0,45.0,140.0,,8.474600000000024,0.17,34.62,,,0,trial
2026-07-07T20:35:24,pid_hot_humid_bursty_r2,pid,hot_humid,bursty,2,40.367,40.067,39.867,37.367,25.0,45.0,140.0,,8.474600000000024,0.17,34.64,,,0,trial
2026-07-07T20:35:24,pid_hot_humid_bursty_r2,pid,hot_humid,bursty,2,40.381,40.081,39.881,37.381,25.0,45.0,140.0,,8.474600000000024,0.17,34.65,,,0,trial
2026-07-07T20:35:24,pid_hot_humid_bursty_r2,pid,hot_humid,bursty,2,40.396,40.096,39.896,37.396,25.0,45.0,140.0,,8.474600000000024,0.17,34.66,,,0,trial
2026-07-07T20:35:24,pid_hot_humid_bursty_r2,pid,hot_humid,bursty,2,40.411,40.111,39.911,37.411,25.0,45.0,140.0,,13.50420000000001,0.27,34.68,,,0,trial
2026-07-07T20:35:24,pid_hot_humid_bursty_r2,pid,hot_humid,bursty,2,40.425,40.125,39.925,37.425,25.0,45.0,140.0,,13.50420000000001,0.27,34.69,,,0,trial
2026-07-07T20:35:24,pid_hot_humid_bursty_r2,pid,hot_humid,bursty,2,40.439,40.139,39.939,37.439,25.0,45.0,140.0,,13.50420000000001,0.27,34.7,,,0,trial
2026-07-07T20:35:24,pid_hot_humid_bursty_r2,pid,hot_humid,bursty,2,40.453,40.153,39.953,37.453,25.0,45.0,140.0,,13.50420000000001,0.27,34.71,,,0,trial
2026-07-07T20:35:24,pid_hot_humid_bursty_r2,pid,hot_humid,bursty,2,40.467,40.167,39.967,37.467,25.0,45.0,140.0,,13.50420000000001,0.27,34.73,,,0,trial
2026-07-07T20:35:24,pid_hot_humid_bursty_r2,pid,hot_humid,bursty,2,40.482,40.182,39.982,37.482,25.0,45.0,140.0,,13.50420000000001,0.27,34.74,,,0,trial
2026-07-07T20:35:24,pid_hot_humid_bursty_r2,pid,hot_humid,bursty,2,40.496,40.196,39.996,37.496,25.0,45.0,140.0,,13.50420000000001,0.27,34.75,,,0,trial
2026-07-07T20:35:24,pid_hot_humid_bursty_r2,pid,hot_humid,bursty,2,40.51,40.21,40.01,37.51,25.0,45.0,140.0,,13.50420000000001,0.27,34.77,,,0,trial
2026-07-07T20:35:24,pid_hot_humid_bursty_r2,pid,hot_humid,bursty,2,40.524,40.224,40.024,37.524,25.0,45.0,140.0,,13.50420000000001,0.27,34.78,,,0,trial
2026-07-07T20:35:24,pid_hot_humid_bursty_r2,pid,hot_humid,bursty,2,40.538,40.238,40.038,37.538,25.0,45.0,140.0,,13.50420000000001,0.27,34.79,,,0,trial
2026-07-07T20:35:24,pid_hot_humid_bursty_r2,pid,hot_humid,bursty,2,40.552,40.252,40.052,37.552,25.0,45.0,140.0,,13.50420000000001,0.27,34.81,,,0,trial
2026-07-07T20:35:24,pid_hot_humid_bursty_r2,pid,hot_humid,bursty,2,40.567,40.267,40.067,37.567,25.0,45.0,140.0,,13.50420000000001,0.27,34.82,,,0,trial
2026-07-07T20:35:24,pid_hot_humid_bursty_r2,pid,hot_humid,bursty,2,40.581,40.281,40.081,37.581,25.0,45.0,140.0,,13.50420000000001,0.27,34.83,,,0,trial
2026-07-07T20:35:24,pid_hot_humid_bursty_r2,pid,hot_humid,bursty,2,40.595,40.295,40.095,37.595,25.0,45.0,140.0,,13.50420000000001,0.27,34.84,,,0,trial
2026-07-07T20:35:24,pid_hot_humid_bursty_r2,pid,hot_humid,bursty,2,40.609,40.309,40.109,37.609,25.0,45.0,140.0,,13.50420000000001,0.27,34.86,,,0,trial
2026-07-07T20:35:24,pid_hot_humid_bursty_r2,pid,hot_humid,bursty,2,40.623,40.323,40.123,37.623,25.0,45.0,140.0,,13.50420000000001,0.27,34.87,,,0,trial
2026-07-07T20:35:24,pid_hot_humid_bursty_r2,pid,hot_humid,bursty,2,40.637,40.337,40.137,37.637,25.0,45.0,140.0,,13.50420000000001,0.27,34.88,,,0,trial
2026-07-07T20:35:24,pid_hot_humid_bursty_r2,pid,hot_humid,bursty,2,40.652,40.352,40.152,37.652,25.0,45.0,140.0,,13.50420000000001,0.27,34.9,,,0,trial
2026-07-07T20:35:24,pid_hot_humid_bursty_r2,pid,hot_humid,bursty,2,40.666,40.366,40.166,37.666,25.0,45.0,140.0,,13.50420000000001,0.27,34.91,,,0,trial
2026-07-07T20:35:24,pid_hot_humid_bursty_r2,pid,hot_humid,bursty,2,40.68,40.38,40.18,37.68,25.0,45.0,140.0,,13.50420000000001,0.27,34.92,,,0,trial
2026-07-07T20:35:24,pid_hot_humid_bursty_r2,pid,hot_humid,bursty,2,40.694,40.394,40.194,37.694,25.0,45.0,140.0,,13.50420000000001,0.27,34.93,,,0,trial
2026-07-07T20:35:24,pid_hot_humid_bursty_r2,pid,hot_humid,bursty,2,40.708,40.408,40.208,37.708,25.0,45.0,140.0,,13.50420000000001,0.27,34.95,,,0,trial
2026-07-07T20:35:24,pid_hot_humid_bursty_r2,pid,hot_humid,bursty,2,40.722,40.422,40.222,37.722,25.0,45.0,140.0,,13.50420000000001,0.27,34.96,,,0,trial
2026-07-07T20:35:24,pid_hot_humid_bursty_r2,pid,hot_humid,bursty,2,40.736,40.436,40.236,37.736,25.0,45.0,140.0,,13.50420000000001,0.27,34.97,,,0,trial
2026-07-07T20:35:24,pid_hot_humid_bursty_r2,pid,hot_humid,bursty,2,40.75,40.45,40.25,37.75,25.0,45.0,140.0,,13.50420000000001,0.27,34.99,,,0,trial
2026-07-07T20:35:24,pid_hot_humid_bursty_r2,pid,hot_humid,bursty,2,40.765,40.465,40.265,37.765,25.0,45.0,140.0,,13.50420000000001,0.27,35.0,,,0,trial
2026-07-07T20:35:24,pid_hot_humid_bursty_r2,pid,hot_humid,bursty,2,40.779,40.479,40.279,37.779,25.0,45.0,140.0,,13.50420000000001,0.27,35.01,,,0,trial
2026-07-07T20:35:24,pid_hot_humid_bursty_r2,pid,hot_humid,bursty,2,40.793,40.493,40.293,37.793,25.0,45.0,140.0,,13.50420000000001,0.27,35.02,,,0,trial
2026-07-07T20:35:24,pid_hot_humid_bursty_r2,pid,hot_humid,bursty,2,40.807,40.507,40.307,37.807,25.0,45.0,140.0,,13.50420000000001,0.27,35.04,,,0,trial
2026-07-07T20:35:24,pid_hot_humid_bursty_r2,pid,hot_humid,bursty,2,40.821,40.521,40.321,37.821,25.0,45.0,140.0,,13.50420000000001,0.27,35.05,,,0,trial
2026-07-07T20:35:24,pid_hot_humid_bursty_r2,pid,hot_humid,bursty,2,40.834,40.534,40.334,37.834,25.0,45.0,140.0,,18.596799999999988,0.37,35.06,,,0,trial
2026-07-07T20:35:24,pid_hot_humid_bursty_r2,pid,hot_humid,bursty,2,40.848,40.548,40.348,37.848,25.0,45.0,140.0,,18.596799999999988,0.37,35.07,,,0,trial
2026-07-07T20:35:24,pid_hot_humid_bursty_r2,pid,hot_humid,bursty,2,40.861,40.561,40.361,37.861,25.0,45.0,140.0,,18.596799999999988,0.37,35.09,,,0,trial
2026-07-07T20:35:24,pid_hot_humid_bursty_r2,pid,hot_humid,bursty,2,40.875,40.575,40.375,37.875,25.0,45.0,140.0,,18.596799999999988,0.37,35.1,,,0,trial
2026-07-07T20:35:24,pid_hot_humid_bursty_r2,pid,hot_humid,bursty,2,40.888,40.588,40.388,37.888,25.0,45.0,140.0,,18.596799999999988,0.37,35.11,,,0,trial
2026-07-07T20:35:24,pid_hot_humid_bursty_r2,pid,hot_humid,bursty,2,40.901,40.601,40.401,37.901,25.0,45.0,140.0,,18.596799999999988,0.37,35.13,,,0,trial
2026-07-07T20:35:24,pid_hot_humid_bursty_r2,pid,hot_humid,bursty,2,40.915,40.615,40.415,37.915,25.0,45.0,140.0,,18.596799999999988,0.37,35.14,,,0,trial
2026-07-07T20:35:24,pid_hot_humid_bursty_r2,pid,hot_humid,bursty,2,40.928,40.628,40.428,37.928,25.0,45.0,140.0,,18.596799999999988,0.37,35.15,,,0,trial
2026-07-07T20:35:24,pid_hot_humid_bursty_r2,pid,hot_humid,bursty,2,40.942,40.642,40.442,37.942,25.0,45.0,140.0,,18.596799999999988,0.37,35.16,,,0,trial
2026-07-07T20:35:24,pid_hot_humid_bursty_r2,pid,hot_humid,bursty,2,40.955,40.655,40.455,37.955,25.0,45.0,140.0,,18.596799999999988,0.37,35.18,,,0,trial
2026-07-07T20:35:24,pid_hot_humid_bursty_r2,pid,hot_humid,bursty,2,40.968,40.668,40.468,37.968,25.0,45.0,140.0,,18.596799999999988,0.37,35.19,,,0,trial
2026-07-07T20:35:24,pid_hot_humid_bursty_r2,pid,hot_humid,bursty,2,40.982,40.682,40.482,37.982,25.0,45.0,140.0,,18.596799999999988,0.37,35.2,,,0,trial
2026-07-07T20:35:24,pid_hot_humid_bursty_r2,pid,hot_humid,bursty,2,40.995,40.695,40.495,37.995,25.0,45.0,140.0,,18.596799999999988,0.37,35.21,,,0,trial
2026-07-07T20:35:24,pid_hot_humid_bursty_r2,pid,hot_humid,bursty,2,41.008,40.708,40.508,38.008,25.0,45.0,140.0,,18.596799999999988,0.37,35.23,,,0,trial
2026-07-07T20:35:24,pid_hot_humid_bursty_r2,pid,hot_humid,bursty,2,41.022,40.722,40.522,38.022,25.0,45.0,140.0,,18.596799999999988,0.37,35.24,,,0,trial
2026-07-07T20:35:24,pid_hot_humid_bursty_r2,pid,hot_humid,bursty,2,41.035,40.735,40.535,38.035,25.0,45.0,140.0,,18.596799999999988,0.37,35.25,,,0,trial
2026-07-07T20:35:24,pid_hot_humid_bursty_r2,pid,hot_humid,bursty,2,41.049,40.749,40.549,38.049,25.0,45.0,140.0,,18.596799999999988,0.37,35.26,,,0,trial
2026-07-07T20:35:24,pid_hot_humid_bursty_r2,pid,hot_humid,bursty,2,41.062,40.762,40.562,38.062,25.0,45.0,140.0,,18.596799999999988,0.37,35.28,,,0,trial
2026-07-07T20:35:24,pid_hot_humid_bursty_r2,pid,hot_humid,bursty,2,41.075,40.775,40.575,38.075,25.0,45.0,140.0,,18.596799999999988,0.37,35.29,,,0,trial
2026-07-07T20:35:24,pid_hot_humid_bursty_r2,pid,hot_humid,bursty,2,41.089,40.789,40.589,38.089,25.0,45.0,140.0,,18.596799999999988,0.37,35.3,,,0,trial
2026-07-07T20:35:24,pid_hot_humid_bursty_r2,pid,hot_humid,bursty,2,41.102,40.802,40.602,38.102,25.0,45.0,140.0,,18.596799999999988,0.37,35.31,,,0,trial
2026-07-07T20:35:24,pid_hot_humid_bursty_r2,pid,hot_humid,bursty,2,41.115,40.815,40.615,38.115,25.0,45.0,140.0,,18.596799999999988,0.37,35.33,,,0,trial
2026-07-07T20:35:24,pid_hot_humid_bursty_r2,pid,hot_humid,bursty,2,41.129,40.829,40.629,38.129,25.0,45.0,140.0,,18.596799999999988,0.37,35.34,,,0,trial
2026-07-07T20:35:24,pid_hot_humid_bursty_r2,pid,hot_humid,bursty,2,41.142,40.842,40.642,38.142,25.0,45.0,140.0,,18.596799999999988,0.37,35.35,,,0,trial
2026-07-07T20:35:24,pid_hot_humid_bursty_r2,pid,hot_humid,bursty,2,41.155,40.855,40.655,38.155,25.0,45.0,140.0,,18.596799999999988,0.37,35.36,,,0,trial
2026-07-07T20:35:24,pid_hot_humid_bursty_r2,pid,hot_humid,bursty,2,41.168,40.868,40.668,38.168,25.0,45.0,140.0,,18.596799999999988,0.37,35.37,,,0,trial
2026-07-07T20:35:24,pid_hot_humid_bursty_r2,pid,hot_humid,bursty,2,41.182,40.882,40.682,38.182,25.0,45.0,140.0,,18.596799999999988,0.37,35.39,,,0,trial
2026-07-07T20:35:24,pid_hot_humid_bursty_r2,pid,hot_humid,bursty,2,41.195,40.895,40.695,38.195,25.0,45.0,140.0,,18.596799999999988,0.37,35.4,,,0,trial
2026-07-07T20:35:24,pid_hot_humid_bursty_r2,pid,hot_humid,bursty,2,41.208,40.908,40.708,38.208,25.0,45.0,140.0,,18.596799999999988,0.37,35.41,,,0,trial
2026-07-07T20:35:24,pid_hot_humid_bursty_r2,pid,hot_humid,bursty,2,41.222,40.922,40.722,38.222,25.0,45.0,140.0,,18.596799999999988,0.37,35.42,,,0,trial
2026-07-07T20:35:24,pid_hot_humid_bursty_r2,pid,hot_humid,bursty,2,41.234,40.934,40.734,38.234,25.0,45.0,140.0,,23.738000000000014,0.47,35.44,,,0,trial
2026-07-07T20:35:24,pid_hot_humid_bursty_r2,pid,hot_humid,bursty,2,41.247,40.947,40.747,38.247,25.0,45.0,140.0,,23.738000000000014,0.47,35.45,,,0,trial
2026-07-07T20:35:24,pid_hot_humid_bursty_r2,pid,hot_humid,bursty,2,41.26,40.96,40.76,38.26,25.0,45.0,140.0,,23.738000000000014,0.47,35.46,,,0,trial
2026-07-07T20:35:24,pid_hot_humid_bursty_r2,pid,hot_humid,bursty,2,41.272,40.972,40.772,38.272,25.0,45.0,140.0,,23.738000000000014,0.47,35.47,,,0,trial
2026-07-07T20:35:24,pid_hot_humid_bursty_r2,pid,hot_humid,bursty,2,41.285,40.985,40.785,38.285,25.0,45.0,140.0,,23.738000000000014,0.47,35.48,,,0,trial
2026-07-07T20:35:24,pid_hot_humid_bursty_r2,pid,hot_humid,bursty,2,41.298,40.998,40.798,38.298,25.0,45.0,140.0,,23.738000000000014,0.47,35.5,,,0,trial
2026-07-07T20:35:24,pid_hot_humid_bursty_r2,pid,hot_humid,bursty,2,41.31,41.01,40.81,38.31,25.0,45.0,140.0,,23.738000000000014,0.47,35.51,,,0,trial
2026-07-07T20:35:24,pid_hot_humid_bursty_r2,pid,hot_humid,bursty,2,41.323,41.023,40.823,38.323,25.0,45.0,140.0,,23.738000000000014,0.47,35.52,,,0,trial
2026-07-07T20:35:24,pid_hot_humid_bursty_r2,pid,hot_humid,bursty,2,41.335,41.035,40.835,38.335,25.0,45.0,140.0,,23.738000000000014,0.47,35.53,,,0,trial
2026-07-07T20:35:24,pid_hot_humid_bursty_r2,pid,hot_humid,bursty,2,41.348,41.048,40.848,38.348,25.0,45.0,140.0,,23.738000000000014,0.47,35.54,,,0,trial
2026-07-07T20:35:24,pid_hot_humid_bursty_r2,pid,hot_humid,bursty,2,41.361,41.061,40.861,38.361,25.0,45.0,140.0,,23.738000000000014,0.47,35.56,,,0,trial
2026-07-07T20:35:24,pid_hot_humid_bursty_r2,pid,hot_humid,bursty,2,41.373,41.073,40.873,38.373,25.0,45.0,140.0,,23.738000000000014,0.47,35.57,,,0,trial
2026-07-07T20:35:24,pid_hot_humid_bursty_r2,pid,hot_humid,bursty,2,41.386,41.086,40.886,38.386,25.0,45.0,140.0,,23.738000000000014,0.47,35.58,,,0,trial
2026-07-07T20:35:24,pid_hot_humid_bursty_r2,pid,hot_humid,bursty,2,41.399,41.099,40.899,38.399,25.0,45.0,140.0,,23.738000000000014,0.47,35.59,,,0,trial
2026-07-07T20:35:24,pid_hot_humid_bursty_r2,pid,hot_humid,bursty,2,41.411,41.111,40.911,38.411,25.0,45.0,140.0,,23.738000000000014,0.47,35.6,,,0,trial
2026-07-07T20:35:24,pid_hot_humid_bursty_r2,pid,hot_humid,bursty,2,41.424,41.124,40.924,38.424,25.0,45.0,140.0,,23.738000000000014,0.47,35.61,,,0,trial
2026-07-07T20:35:24,pid_hot_humid_bursty_r2,pid,hot_humid,bursty,2,41.436,41.136,40.936,38.436,25.0,45.0,140.0,,23.738000000000014,0.47,35.63,,,0,trial
2026-07-07T20:35:24,pid_hot_humid_bursty_r2,pid,hot_humid,bursty,2,41.449,41.149,40.949,38.449,25.0,45.0,140.0,,23.738000000000014,0.47,35.64,,,0,trial
2026-07-07T20:35:24,pid_hot_humid_bursty_r2,pid,hot_humid,bursty,2,41.461,41.161,40.961,38.461,25.0,45.0,140.0,,23.738000000000014,0.47,35.65,,,0,trial
2026-07-07T20:35:24,pid_hot_humid_bursty_r2,pid,hot_humid,bursty,2,41.474,41.174,40.974,38.474,25.0,45.0,140.0,,23.738000000000014,0.47,35.66,,,0,trial
2026-07-07T20:35:24,pid_hot_humid_bursty_r2,pid,hot_humid,bursty,2,41.487,41.187,40.987,38.487,25.0,45.0,140.0,,23.738000000000014,0.47,35.67,,,0,trial
2026-07-07T20:35:24,pid_hot_humid_bursty_r2,pid,hot_humid,bursty,2,41.499,41.199,40.999,38.499,25.0,45.0,140.0,,23.738000000000014,0.47,35.68,,,0,trial
2026-07-07T20:35:24,pid_hot_humid_bursty_r2,pid,hot_humid,bursty,2,41.512,41.212,41.012,38.512,25.0,45.0,140.0,,23.738000000000014,0.47,35.7,,,0,trial
2026-07-07T20:35:24,pid_hot_humid_bursty_r2,pid,hot_humid,bursty,2,41.524,41.224,41.024,38.524,25.0,45.0,140.0,,23.738000000000014,0.47,35.71,,,0,trial
2026-07-07T20:35:24,pid_hot_humid_bursty_r2,pid,hot_humid,bursty,2,41.537,41.237,41.037,38.537,25.0,45.0,140.0,,23.738000000000014,0.47,35.72,,,0,trial
2026-07-07T20:35:24,pid_hot_humid_bursty_r2,pid,hot_humid,bursty,2,41.549,41.249,41.049,38.549,25.0,45.0,140.0,,23.738000000000014,0.47,35.73,,,0,trial
2026-07-07T20:35:24,pid_hot_humid_bursty_r2,pid,hot_humid,bursty,2,41.562,41.262,41.062,38.562,25.0,45.0,140.0,,23.738000000000014,0.47,35.74,,,0,trial
2026-07-07T20:35:24,pid_hot_humid_bursty_r2,pid,hot_humid,bursty,2,41.574,41.274,41.074,38.574,25.0,45.0,140.0,,23.738000000000014,0.47,35.75,,,0,trial
2026-07-07T20:35:24,pid_hot_humid_bursty_r2,pid,hot_humid,bursty,2,41.587,41.287,41.087,38.587,25.0,45.0,140.0,,23.738000000000014,0.47,35.76,,,0,trial
2026-07-07T20:35:24,pid_hot_humid_bursty_r2,pid,hot_humid,bursty,2,41.599,41.299,41.099,38.599,25.0,45.0,140.0,,23.738000000000014,0.47,35.78,,,0,trial
2026-07-07T20:35:24,pid_hot_humid_bursty_r2,pid,hot_humid,bursty,2,41.611,41.311,41.111,38.611,25.0,45.0,140.0,,28.913399999999974,0.58,35.79,,,0,trial
2026-07-07T20:35:24,pid_hot_humid_bursty_r2,pid,hot_humid,bursty,2,41.623,41.323,41.123,38.623,25.0,45.0,140.0,,28.913399999999974,0.58,35.8,,,0,trial
2026-07-07T20:35:24,pid_hot_humid_bursty_r2,pid,hot_humid,bursty,2,41.635,41.335,41.135,38.635,25.0,45.0,140.0,,28.913399999999974,0.58,35.81,,,0,trial
2026-07-07T20:35:24,pid_hot_humid_bursty_r2,pid,hot_humid,bursty,2,41.647,41.347,41.147,38.647,25.0,45.0,140.0,,28.913399999999974,0.58,35.82,,,0,trial
2026-07-07T20:35:24,pid_hot_humid_bursty_r2,pid,hot_humid,bursty,2,41.659,41.359,41.159,38.659,25.0,45.0,140.0,,28.913399999999974,0.58,35.83,,,0,trial
2026-07-07T20:35:24,pid_hot_humid_bursty_r2,pid,hot_humid,bursty,2,41.671,41.371,41.171,38.671,25.0,45.0,140.0,,28.913399999999974,0.58,35.84,,,0,trial
2026-07-07T20:35:24,pid_hot_humid_bursty_r2,pid,hot_humid,bursty,2,41.683,41.383,41.183,38.683,25.0,45.0,140.0,,28.913399999999974,0.58,35.85,,,0,trial
2026-07-07T20:35:24,pid_hot_humid_bursty_r2,pid,hot_humid,bursty,2,41.695,41.395,41.195,38.695,25.0,45.0,140.0,,28.913399999999974,0.58,35.87,,,0,trial
2026-07-07T20:35:24,pid_hot_humid_bursty_r2,pid,hot_humid,bursty,2,41.707,41.407,41.207,38.707,25.0,45.0,140.0,,28.913399999999974,0.58,35.88,,,0,trial
2026-07-07T20:35:24,pid_hot_humid_bursty_r2,pid,hot_humid,bursty,2,41.718,41.418,41.218,38.718,25.0,45.0,140.0,,28.913399999999974,0.58,35.89,,,0,trial
2026-07-07T20:35:24,pid_hot_humid_bursty_r2,pid,hot_humid,bursty,2,41.73,41.43,41.23,38.73,25.0,45.0,140.0,,28.913399999999974,0.58,35.9,,,0,trial
2026-07-07T20:35:24,pid_hot_humid_bursty_r2,pid,hot_humid,bursty,2,41.742,41.442,41.242,38.742,25.0,45.0,140.0,,28.913399999999974,0.58,35.91,,,0,trial
2026-07-07T20:35:24,pid_hot_humid_bursty_r2,pid,hot_humid,bursty,2,41.754,41.454,41.254,38.754,25.0,45.0,140.0,,28.913399999999974,0.58,35.92,,,0,trial
2026-07-07T20:35:24,pid_hot_humid_bursty_r2,pid,hot_humid,bursty,2,41.766,41.466,41.266,38.766,25.0,45.0,140.0,,28.913399999999974,0.58,35.93,,,0,trial
2026-07-07T20:35:24,pid_hot_humid_bursty_r2,pid,hot_humid,bursty,2,41.778,41.478,41.278,38.778,25.0,45.0,140.0,,28.913399999999974,0.58,35.94,,,0,trial
2026-07-07T20:35:24,pid_hot_humid_bursty_r2,pid,hot_humid,bursty,2,41.789,41.489,41.289,38.789,25.0,45.0,140.0,,28.913399999999974,0.58,35.95,,,0,trial
2026-07-07T20:35:24,pid_hot_humid_bursty_r2,pid,hot_humid,bursty,2,41.801,41.501,41.301,38.801,25.0,45.0,140.0,,28.913399999999974,0.58,35.96,,,0,trial
2026-07-07T20:35:24,pid_hot_humid_bursty_r2,pid,hot_humid,bursty,2,41.813,41.513,41.313,38.813,25.0,45.0,140.0,,28.913399999999974,0.58,35.97,,,0,trial
2026-07-07T20:35:24,pid_hot_humid_bursty_r2,pid,hot_humid,bursty,2,41.825,41.525,41.325,38.825,25.0,45.0,140.0,,28.913399999999974,0.58,35.99,,,0,trial
2026-07-07T20:35:24,pid_hot_humid_bursty_r2,pid,hot_humid,bursty,2,41.837,41.537,41.337,38.837,25.0,45.0,140.0,,28.913399999999974,0.58,36.0,,,0,trial
2026-07-07T20:35:24,pid_hot_humid_bursty_r2,pid,hot_humid,bursty,2,41.849,41.549,41.349,38.849,25.0,45.0,140.0,,28.913399999999974,0.58,36.01,,,0,trial
2026-07-07T20:35:24,pid_hot_humid_bursty_r2,pid,hot_humid,bursty,2,41.86,41.56,41.36,38.86,25.0,45.0,140.0,,28.913399999999974,0.58,36.02,,,0,trial
2026-07-07T20:35:24,pid_hot_humid_bursty_r2,pid,hot_humid,bursty,2,41.872,41.572,41.372,38.872,25.0,45.0,140.0,,28.913399999999974,0.58,36.03,,,0,trial
2026-07-07T20:35:24,pid_hot_humid_bursty_r2,pid,hot_humid,bursty,2,41.884,41.584,41.384,38.884,25.0,45.0,140.0,,28.913399999999974,0.58,36.04,,,0,trial
2026-07-07T20:35:24,pid_hot_humid_bursty_r2,pid,hot_humid,bursty,2,41.896,41.596,41.396,38.896,25.0,45.0,140.0,,28.913399999999974,0.58,36.05,,,0,trial
2026-07-07T20:35:24,pid_hot_humid_bursty_r2,pid,hot_humid,bursty,2,41.908,41.608,41.408,38.908,25.0,45.0,140.0,,28.913399999999974,0.58,36.06,,,0,trial
2026-07-07T20:35:24,pid_hot_humid_bursty_r2,pid,hot_humid,bursty,2,41.919,41.619,41.419,38.919,25.0,45.0,140.0,,28.913399999999974,0.58,36.07,,,0,trial
2026-07-07T20:35:24,pid_hot_humid_bursty_r2,pid,hot_humid,bursty,2,41.931,41.631,41.431,38.931,25.0,45.0,140.0,,28.913399999999974,0.58,36.08,,,0,trial
2026-07-07T20:35:24,pid_hot_humid_bursty_r2,pid,hot_humid,bursty,2,41.943,41.643,41.443,38.943,25.0,45.0,140.0,,28.913399999999974,0.58,36.09,,,0,trial
2026-07-07T20:35:24,pid_hot_humid_bursty_r2,pid,hot_humid,bursty,2,41.955,41.655,41.455,38.955,25.0,45.0,140.0,,28.913399999999974,0.58,36.1,,,0,trial
2026-07-07T20:35:24,pid_hot_humid_bursty_r2,pid,hot_humid,bursty,2,41.966,41.666,41.466,38.966,25.0,45.0,140.0,,34.134399999999985,0.68,36.11,,,0,trial
2026-07-07T20:35:24,pid_hot_humid_bursty_r2,pid,hot_humid,bursty,2,41.977,41.677,41.477,38.977,25.0,45.0,140.0,,34.134399999999985,0.68,36.12,,,0,trial
2026-07-07T20:35:24,pid_hot_humid_bursty_r2,pid,hot_humid,bursty,2,41.988,41.688,41.488,38.988,25.0,45.0,140.0,,34.134399999999985,0.68,36.13,,,0,trial
2026-07-07T20:35:24,pid_hot_humid_bursty_r2,pid,hot_humid,bursty,2,41.999,41.699,41.499,38.999,25.0,45.0,140.0,,34.134399999999985,0.68,36.14,,,0,trial
2026-07-07T20:35:24,pid_hot_humid_bursty_r2,pid,hot_humid,bursty,2,42.011,41.711,41.511,39.011,25.0,45.0,140.0,,34.134399999999985,0.68,36.15,,,0,trial
2026-07-07T20:35:24,pid_hot_humid_bursty_r2,pid,hot_humid,bursty,2,42.022,41.722,41.522,39.022,25.0,45.0,140.0,,34.134399999999985,0.68,36.16,,,0,trial
2026-07-07T20:35:24,pid_hot_humid_bursty_r2,pid,hot_humid,bursty,2,42.033,41.733,41.533,39.033,25.0,45.0,140.0,,34.134399999999985,0.68,36.17,,,0,trial
2026-07-07T20:35:24,pid_hot_humid_bursty_r2,pid,hot_humid,bursty,2,42.044,41.744,41.544,39.044,25.0,45.0,140.0,,34.134399999999985,0.68,36.18,,,0,trial
2026-07-07T20:35:24,pid_hot_humid_bursty_r2,pid,hot_humid,bursty,2,42.055,41.755,41.555,39.055,25.0,45.0,140.0,,34.134399999999985,0.68,36.19,,,0,trial
2026-07-07T20:35:24,pid_hot_humid_bursty_r2,pid,hot_humid,bursty,2,42.066,41.766,41.566,39.066,25.0,45.0,140.0,,34.134399999999985,0.68,36.2,,,0,trial
2026-07-07T20:35:24,pid_hot_humid_bursty_r2,pid,hot_humid,bursty,2,42.077,41.777,41.577,39.077,25.0,45.0,140.0,,34.134399999999985,0.68,36.21,,,0,trial
2026-07-07T20:35:24,pid_hot_humid_bursty_r2,pid,hot_humid,bursty,2,42.088,41.788,41.588,39.088,25.0,45.0,140.0,,34.134399999999985,0.68,36.22,,,0,trial
2026-07-07T20:35:24,pid_hot_humid_bursty_r2,pid,hot_humid,bursty,2,42.1,41.8,41.6,39.1,25.0,45.0,140.0,,34.134399999999985,0.68,36.23,,,0,trial
2026-07-07T20:35:24,pid_hot_humid_bursty_r2,pid,hot_humid,bursty,2,42.111,41.811,41.611,39.111,25.0,45.0,140.0,,34.134399999999985,0.68,36.24,,,0,trial
2026-07-07T20:35:24,pid_hot_humid_bursty_r2,pid,hot_humid,bursty,2,42.122,41.822,41.622,39.122,25.0,45.0,140.0,,34.134399999999985,0.68,36.25,,,0,trial
2026-07-07T20:35:24,pid_hot_humid_bursty_r2,pid,hot_humid,bursty,2,42.133,41.833,41.633,39.133,25.0,45.0,140.0,,34.134399999999985,0.68,36.26,,,0,trial
2026-07-07T20:35:24,pid_hot_humid_bursty_r2,pid,hot_humid,bursty,2,42.144,41.844,41.644,39.144,25.0,45.0,140.0,,34.134399999999985,0.68,36.27,,,0,trial
2026-07-07T20:35:24,pid_hot_humid_bursty_r2,pid,hot_humid,bursty,2,42.155,41.855,41.655,39.155,25.0,45.0,140.0,,34.134399999999985,0.68,36.28,,,0,trial
2026-07-07T20:35:24,pid_hot_humid_bursty_r2,pid,hot_humid,bursty,2,42.166,41.866,41.666,39.166,25.0,45.0,140.0,,34.134399999999985,0.68,36.29,,,0,trial
2026-07-07T20:35:24,pid_hot_humid_bursty_r2,pid,hot_humid,bursty,2,42.177,41.877,41.677,39.177,25.0,45.0,140.0,,34.134399999999985,0.68,36.3,,,0,trial
2026-07-07T20:35:24,pid_hot_humid_bursty_r2,pid,hot_humid,bursty,2,42.188,41.888,41.688,39.188,25.0,45.0,140.0,,34.134399999999985,0.68,36.31,,,0,trial
2026-07-07T20:35:24,pid_hot_humid_bursty_r2,pid,hot_humid,bursty,2,42.199,41.899,41.699,39.199,25.0,45.0,140.0,,34.134399999999985,0.68,36.32,,,0,trial
2026-07-07T20:35:24,pid_hot_humid_bursty_r2,pid,hot_humid,bursty,2,42.21,41.91,41.71,39.21,25.0,45.0,140.0,,34.134399999999985,0.68,36.33,,,0,trial
2026-07-07T20:35:24,pid_hot_humid_bursty_r2,pid,hot_humid,bursty,2,42.221,41.921,41.721,39.221,25.0,45.0,140.0,,34.134399999999985,0.68,36.34,,,0,trial
2026-07-07T20:35:24,pid_hot_humid_bursty_r2,pid,hot_humid,bursty,2,42.233,41.933,41.733,39.233,25.0,45.0,140.0,,34.134399999999985,0.68,36.34,,,0,trial
2026-07-07T20:35:24,pid_hot_humid_bursty_r2,pid,hot_humid,bursty,2,42.244,41.944,41.744,39.244,25.0,45.0,140.0,,34.134399999999985,0.68,36.35,,,0,trial
2026-07-07T20:35:24,pid_hot_humid_bursty_r2,pid,hot_humid,bursty,2,42.255,41.955,41.755,39.255,25.0,45.0,140.0,,34.134399999999985,0.68,36.36,,,0,trial
2026-07-07T20:35:24,pid_hot_humid_bursty_r2,pid,hot_humid,bursty,2,42.266,41.966,41.766,39.266,25.0,45.0,140.0,,34.134399999999985,0.68,36.37,,,0,trial
2026-07-07T20:35:24,pid_hot_humid_bursty_r2,pid,hot_humid,bursty,2,42.277,41.977,41.777,39.277,25.0,45.0,140.0,,34.134399999999985,0.68,36.38,,,0,trial
2026-07-07T20:35:24,pid_hot_humid_bursty_r2,pid,hot_humid,bursty,2,42.277,41.977,41.777,39.277,25.0,45.0,60.0,,34.134399999999985,0.68,36.39,,,0,trial
2026-07-07T20:35:24,pid_hot_humid_bursty_r2,pid,hot_humid,bursty,2,42.277,41.977,41.777,39.277,25.0,45.0,60.0,,39.27660000000001,0.79,36.4,,,0,trial
2026-07-07T20:35:24,pid_hot_humid_bursty_r2,pid,hot_humid,bursty,2,42.277,41.977,41.777,39.277,25.0,45.0,60.0,,39.27660000000001,0.79,36.41,,,0,trial
2026-07-07T20:35:24,pid_hot_humid_bursty_r2,pid,hot_humid,bursty,2,42.277,41.977,41.777,39.277,25.0,45.0,60.0,,39.27660000000001,0.79,36.42,,,0,trial
2026-07-07T20:35:24,pid_hot_humid_bursty_r2,pid,hot_humid,bursty,2,42.277,41.977,41.777,39.277,25.0,45.0,60.0,,39.27660000000001,0.79,36.43,,,0,trial
2026-07-07T20:35:24,pid_hot_humid_bursty_r2,pid,hot_humid,bursty,2,42.277,41.977,41.777,39.277,25.0,45.0,60.0,,39.27660000000001,0.79,36.43,,,0,trial
2026-07-07T20:35:24,pid_hot_humid_bursty_r2,pid,hot_humid,bursty,2,42.277,41.977,41.777,39.277,25.0,45.0,60.0,,39.27660000000001,0.79,36.44,,,0,trial
2026-07-07T20:35:24,pid_hot_humid_bursty_r2,pid,hot_humid,bursty,2,42.277,41.977,41.777,39.277,25.0,45.0,60.0,,39.27660000000001,0.79,36.45,,,0,trial
2026-07-07T20:35:24,pid_hot_humid_bursty_r2,pid,hot_humid,bursty,2,42.277,41.977,41.777,39.277,25.0,45.0,60.0,,39.27660000000001,0.79,36.46,,,0,trial
2026-07-07T20:35:24,pid_hot_humid_bursty_r2,pid,hot_humid,bursty,2,42.277,41.977,41.777,39.277,25.0,45.0,60.0,,39.27660000000001,0.79,36.47,,,0,trial
2026-07-07T20:35:24,pid_hot_humid_bursty_r2,pid,hot_humid,bursty,2,42.277,41.977,41.777,39.277,25.0,45.0,60.0,,39.27660000000001,0.79,36.48,,,0,trial
2026-07-07T20:35:24,pid_hot_humid_bursty_r2,pid,hot_humid,bursty,2,42.276,41.976,41.776,39.276,25.0,45.0,60.0,,39.27660000000001,0.79,36.49,,,0,trial
2026-07-07T20:35:24,pid_hot_humid_bursty_r2,pid,hot_humid,bursty,2,42.276,41.976,41.776,39.276,25.0,45.0,60.0,,39.27660000000001,0.79,36.49,,,0,trial
2026-07-07T20:35:24,pid_hot_humid_bursty_r2,pid,hot_humid,bursty,2,42.276,41.976,41.776,39.276,25.0,45.0,60.0,,39.27660000000001,0.79,36.5,,,0,trial
2026-07-07T20:35:24,pid_hot_humid_bursty_r2,pid,hot_humid,bursty,2,42.276,41.976,41.776,39.276,25.0,45.0,60.0,,39.27660000000001,0.79,36.51,,,0,trial
2026-07-07T20:35:24,pid_hot_humid_bursty_r2,pid,hot_humid,bursty,2,42.276,41.976,41.776,39.276,25.0,45.0,60.0,,39.27660000000001,0.79,36.52,,,0,trial
2026-07-07T20:35:24,pid_hot_humid_bursty_r2,pid,hot_humid,bursty,2,42.276,41.976,41.776,39.276,25.0,45.0,60.0,,39.27660000000001,0.79,36.53,,,0,trial
2026-07-07T20:35:24,pid_hot_humid_bursty_r2,pid,hot_humid,bursty,2,42.276,41.976,41.776,39.276,25.0,45.0,60.0,,39.27660000000001,0.79,36.54,,,0,trial
2026-07-07T20:35:24,pid_hot_humid_bursty_r2,pid,hot_humid,bursty,2,42.276,41.976,41.776,39.276,25.0,45.0,60.0,,39.27660000000001,0.79,36.54,,,0,trial
2026-07-07T20:35:24,pid_hot_humid_bursty_r2,pid,hot_humid,bursty,2,42.276,41.976,41.776,39.276,25.0,45.0,60.0,,39.27660000000001,0.79,36.55,,,0,trial
2026-07-07T20:35:24,pid_hot_humid_bursty_r2,pid,hot_humid,bursty,2,42.276,41.976,41.776,39.276,25.0,45.0,60.0,,39.27660000000001,0.79,36.56,,,0,trial
2026-07-07T20:35:24,pid_hot_humid_bursty_r2,pid,hot_humid,bursty,2,42.276,41.976,41.776,39.276,25.0,45.0,60.0,,39.27660000000001,0.79,36.57,,,0,trial
2026-07-07T20:35:24,pid_hot_humid_bursty_r2,pid,hot_humid,bursty,2,42.276,41.976,41.776,39.276,25.0,45.0,60.0,,39.27660000000001,0.79,36.58,,,0,trial
2026-07-07T20:35:24,pid_hot_humid_bursty_r2,pid,hot_humid,bursty,2,42.276,41.976,41.776,39.276,25.0,45.0,60.0,,39.27660000000001,0.79,36.58,,,0,trial
2026-07-07T20:35:24,pid_hot_humid_bursty_r2,pid,hot_humid,bursty,2,42.276,41.976,41.776,39.276,25.0,45.0,60.0,,39.27660000000001,0.79,36.59,,,0,trial
2026-07-07T20:35:24,pid_hot_humid_bursty_r2,pid,hot_humid,bursty,2,42.276,41.976,41.776,39.276,25.0,45.0,60.0,,39.27660000000001,0.79,36.6,,,0,trial
2026-07-07T20:35:24,pid_hot_humid_bursty_r2,pid,hot_humid,bursty,2,42.275,41.975,41.775,39.275,25.0,45.0,60.0,,39.27660000000001,0.79,36.61,,,0,trial
2026-07-07T20:35:24,pid_hot_humid_bursty_r2,pid,hot_humid,bursty,2,42.275,41.975,41.775,39.275,25.0,45.0,60.0,,39.27660000000001,0.79,36.61,,,0,trial
2026-07-07T20:35:24,pid_hot_humid_bursty_r2,pid,hot_humid,bursty,2,42.275,41.975,41.775,39.275,25.0,45.0,60.0,,39.27660000000001,0.79,36.62,,,0,trial
2026-07-07T20:35:24,pid_hot_humid_bursty_r2,pid,hot_humid,bursty,2,42.275,41.975,41.775,39.275,25.0,45.0,60.0,,39.27660000000001,0.79,36.63,,,0,trial
2026-07-07T20:35:24,pid_hot_humid_bursty_r2,pid,hot_humid,bursty,2,42.275,41.975,41.775,39.275,25.0,45.0,60.0,,39.27660000000001,0.79,36.64,,,0,trial
2026-07-07T20:35:24,pid_hot_humid_bursty_r2,pid,hot_humid,bursty,2,42.275,41.975,41.775,39.275,25.0,45.0,60.0,,41.82559999999999,0.84,36.64,,,0,trial
2026-07-07T20:35:24,pid_hot_humid_bursty_r2,pid,hot_humid,bursty,2,42.274,41.974,41.774,39.274,25.0,45.0,60.0,,41.82559999999999,0.84,36.65,,,0,trial
2026-07-07T20:35:24,pid_hot_humid_bursty_r2,pid,hot_humid,bursty,2,42.274,41.974,41.774,39.274,25.0,45.0,60.0,,41.82559999999999,0.84,36.66,,,0,trial
2026-07-07T20:35:24,pid_hot_humid_bursty_r2,pid,hot_humid,bursty,2,42.274,41.974,41.774,39.274,25.0,45.0,60.0,,41.82559999999999,0.84,36.67,,,0,trial
2026-07-07T20:35:24,pid_hot_humid_bursty_r2,pid,hot_humid,bursty,2,42.273,41.973,41.773,39.273,25.0,45.0,60.0,,41.82559999999999,0.84,36.67,,,0,trial
2026-07-07T20:35:24,pid_hot_humid_bursty_r2,pid,hot_humid,bursty,2,42.273,41.973,41.773,39.273,25.0,45.0,60.0,,41.82559999999999,0.84,36.68,,,0,trial
2026-07-07T20:35:24,pid_hot_humid_bursty_r2,pid,hot_humid,bursty,2,42.273,41.973,41.773,39.273,25.0,45.0,60.0,,41.82559999999999,0.84,36.69,,,0,trial
2026-07-07T20:35:24,pid_hot_humid_bursty_r2,pid,hot_humid,bursty,2,42.272,41.972,41.772,39.272,25.0,45.0,60.0,,41.82559999999999,0.84,36.69,,,0,trial
2026-07-07T20:35:24,pid_hot_humid_bursty_r2,pid,hot_humid,bursty,2,42.272,41.972,41.772,39.272,25.0,45.0,60.0,,41.82559999999999,0.84,36.7,,,0,trial
2026-07-07T20:35:24,pid_hot_humid_bursty_r2,pid,hot_humid,bursty,2,42.272,41.972,41.772,39.272,25.0,45.0,60.0,,41.82559999999999,0.84,36.71,,,0,trial
2026-07-07T20:35:24,pid_hot_humid_bursty_r2,pid,hot_humid,bursty,2,42.271,41.971,41.771,39.271,25.0,45.0,60.0,,41.82559999999999,0.84,36.72,,,0,trial
2026-07-07T20:35:24,pid_hot_humid_bursty_r2,pid,hot_humid,bursty,2,42.271,41.971,41.771,39.271,25.0,45.0,60.0,,41.82559999999999,0.84,36.72,,,0,trial
2026-07-07T20:35:24,pid_hot_humid_bursty_r2,pid,hot_humid,bursty,2,42.271,41.971,41.771,39.271,25.0,45.0,60.0,,41.82559999999999,0.84,36.73,,,0,trial
2026-07-07T20:35:24,pid_hot_humid_bursty_r2,pid,hot_humid,bursty,2,42.27,41.97,41.77,39.27,25.0,45.0,60.0,,41.82559999999999,0.84,36.74,,,0,trial
2026-07-07T20:35:24,pid_hot_humid_bursty_r2,pid,hot_humid,bursty,2,42.27,41.97,41.77,39.27,25.0,45.0,60.0,,41.82559999999999,0.84,36.74,,,0,trial
2026-07-07T20:35:24,pid_hot_humid_bursty_r2,pid,hot_humid,bursty,2,42.27,41.97,41.77,39.27,25.0,45.0,60.0,,41.82559999999999,0.84,36.75,,,0,trial
2026-07-07T20:35:24,pid_hot_humid_bursty_r2,pid,hot_humid,bursty,2,42.269,41.969,41.769,39.269,25.0,45.0,60.0,,41.82559999999999,0.84,36.76,,,0,trial
2026-07-07T20:35:24,pid_hot_humid_bursty_r2,pid,hot_humid,bursty,2,42.269,41.969,41.769,39.269,25.0,45.0,60.0,,41.82559999999999,0.84,36.76,,,0,trial
2026-07-07T20:35:24,pid_hot_humid_bursty_r2,pid,hot_humid,bursty,2,42.269,41.969,41.769,39.269,25.0,45.0,60.0,,41.82559999999999,0.84,36.77,,,0,trial
2026-07-07T20:35:24,pid_hot_humid_bursty_r2,pid,hot_humid,bursty,2,42.268,41.968,41.768,39.268,25.0,45.0,60.0,,41.82559999999999,0.84,36.77,,,0,trial
2026-07-07T20:35:24,pid_hot_humid_bursty_r2,pid,hot_humid,bursty,2,42.268,41.968,41.768,39.268,25.0,45.0,60.0,,41.82559999999999,0.84,36.78,,,0,trial
2026-07-07T20:35:24,pid_hot_humid_bursty_r2,pid,hot_humid,bursty,2,42.268,41.968,41.768,39.268,25.0,45.0,60.0,,41.82559999999999,0.84,36.79,,,0,trial
2026-07-07T20:35:24,pid_hot_humid_bursty_r2,pid,hot_humid,bursty,2,42.267,41.967,41.767,39.267,25.0,45.0,60.0,,41.82559999999999,0.84,36.79,,,0,trial
2026-07-07T20:35:24,pid_hot_humid_bursty_r2,pid,hot_humid,bursty,2,42.267,41.967,41.767,39.267,25.0,45.0,60.0,,41.82559999999999,0.84,36.8,,,0,trial
2026-07-07T20:35:24,pid_hot_humid_bursty_r2,pid,hot_humid,bursty,2,42.267,41.967,41.767,39.267,25.0,45.0,60.0,,41.82559999999999,0.84,36.81,,,0,trial
2026-07-07T20:35:24,pid_hot_humid_bursty_r2,pid,hot_humid,bursty,2,42.266,41.966,41.766,39.266,25.0,45.0,60.0,,41.82559999999999,0.84,36.81,,,0,trial
2026-07-07T20:35:24,pid_hot_humid_bursty_r2,pid,hot_humid,bursty,2,42.266,41.966,41.766,39.266,25.0,45.0,60.0,,41.82559999999999,0.84,36.82,,,0,trial
2026-07-07T20:35:24,pid_hot_humid_bursty_r2,pid,hot_humid,bursty,2,42.266,41.966,41.766,39.266,25.0,45.0,60.0,,41.82559999999999,0.84,36.82,,,0,trial
2026-07-07T20:35:24,pid_hot_humid_bursty_r2,pid,hot_humid,bursty,2,42.265,41.965,41.765,39.265,25.0,45.0,60.0,,41.82559999999999,0.84,36.83,,,0,trial
2026-07-07T20:35:24,pid_hot_humid_bursty_r2,pid,hot_humid,bursty,2,42.265,41.965,41.765,39.265,25.0,45.0,60.0,,41.82559999999999,0.84,36.84,,,0,trial
2026-07-07T20:35:24,pid_hot_humid_bursty_r2,pid,hot_humid,bursty,2,42.264,41.964,41.764,39.264,25.0,45.0,60.0,,44.120000000000005,0.88,36.84,,,0,trial
2026-07-07T20:35:24,pid_hot_humid_bursty_r2,pid,hot_humid,bursty,2,42.264,41.964,41.764,39.264,25.0,45.0,60.0,,44.120000000000005,0.88,36.85,,,0,trial
2026-07-07T20:35:24,pid_hot_humid_bursty_r2,pid,hot_humid,bursty,2,42.263,41.963,41.763,39.263,25.0,45.0,60.0,,44.120000000000005,0.88,36.85,,,0,trial
2026-07-07T20:35:24,pid_hot_humid_bursty_r2,pid,hot_humid,bursty,2,42.263,41.963,41.763,39.263,25.0,45.0,60.0,,44.120000000000005,0.88,36.86,,,0,trial
2026-07-07T20:35:24,pid_hot_humid_bursty_r2,pid,hot_humid,bursty,2,42.262,41.962,41.762,39.262,25.0,45.0,60.0,,44.120000000000005,0.88,36.86,,,0,trial
2026-07-07T20:35:24,pid_hot_humid_bursty_r2,pid,hot_humid,bursty,2,42.261,41.961,41.761,39.261,25.0,45.0,60.0,,44.120000000000005,0.88,36.87,,,0,trial
2026-07-07T20:35:24,pid_hot_humid_bursty_r2,pid,hot_humid,bursty,2,42.261,41.961,41.761,39.261,25.0,45.0,60.0,,44.120000000000005,0.88,36.87,,,0,trial
2026-07-07T20:35:24,pid_hot_humid_bursty_r2,pid,hot_humid,bursty,2,42.26,41.96,41.76,39.26,25.0,45.0,60.0,,44.120000000000005,0.88,36.88,,,0,trial
2026-07-07T20:35:24,pid_hot_humid_bursty_r2,pid,hot_humid,bursty,2,42.26,41.96,41.76,39.26,25.0,45.0,60.0,,44.120000000000005,0.88,36.88,,,0,trial
2026-07-07T20:35:24,pid_hot_humid_bursty_r2,pid,hot_humid,bursty,2,42.259,41.959,41.759,39.259,25.0,45.0,60.0,,44.120000000000005,0.88,36.89,,,0,trial
2026-07-07T20:35:24,pid_hot_humid_bursty_r2,pid,hot_humid,bursty,2,42.258,41.958,41.758,39.258,25.0,45.0,60.0,,44.120000000000005,0.88,36.9,,,0,trial
2026-07-07T20:35:24,pid_hot_humid_bursty_r2,pid,hot_humid,bursty,2,42.258,41.958,41.758,39.258,25.0,45.0,60.0,,44.120000000000005,0.88,36.9,,,0,trial
2026-07-07T20:35:24,pid_hot_humid_bursty_r2,pid,hot_humid,bursty,2,42.257,41.957,41.757,39.257,25.0,45.0,60.0,,44.120000000000005,0.88,36.91,,,0,trial
2026-07-07T20:35:24,pid_hot_humid_bursty_r2,pid,hot_humid,bursty,2,42.257,41.957,41.757,39.257,25.0,45.0,60.0,,44.120000000000005,0.88,36.91,,,0,trial
2026-07-07T20:35:24,pid_hot_humid_bursty_r2,pid,hot_humid,bursty,2,42.256,41.956,41.756,39.256,25.0,45.0,60.0,,44.120000000000005,0.88,36.92,,,0,trial
2026-07-07T20:35:24,pid_hot_humid_bursty_r2,pid,hot_humid,bursty,2,42.256,41.956,41.756,39.256,25.0,45.0,60.0,,44.120000000000005,0.88,36.92,,,0,trial
2026-07-07T20:35:24,pid_hot_humid_bursty_r2,pid,hot_humid,bursty,2,42.255,41.955,41.755,39.255,25.0,45.0,60.0,,44.120000000000005,0.88,36.92,,,0,trial
2026-07-07T20:35:24,pid_hot_humid_bursty_r2,pid,hot_humid,bursty,2,42.254,41.954,41.754,39.254,25.0,45.0,60.0,,44.120000000000005,0.88,36.93,,,0,trial
2026-07-07T20:35:24,pid_hot_humid_bursty_r2,pid,hot_humid,bursty,2,42.254,41.954,41.754,39.254,25.0,45.0,60.0,,44.120000000000005,0.88,36.93,,,0,trial
2026-07-07T20:35:24,pid_hot_humid_bursty_r2,pid,hot_humid,bursty,2,42.253,41.953,41.753,39.253,25.0,45.0,60.0,,44.120000000000005,0.88,36.94,,,0,trial
2026-07-07T20:35:24,pid_hot_humid_bursty_r2,pid,hot_humid,bursty,2,42.253,41.953,41.753,39.253,25.0,45.0,60.0,,44.120000000000005,0.88,36.94,,,0,trial
2026-07-07T20:35:24,pid_hot_humid_bursty_r2,pid,hot_humid,bursty,2,42.252,41.952,41.752,39.252,25.0,45.0,60.0,,44.120000000000005,0.88,36.95,,,0,trial
2026-07-07T20:35:24,pid_hot_humid_bursty_r2,pid,hot_humid,bursty,2,42.252,41.952,41.752,39.252,25.0,45.0,60.0,,44.120000000000005,0.88,36.95,,,0,trial
2026-07-07T20:35:24,pid_hot_humid_bursty_r2,pid,hot_humid,bursty,2,42.251,41.951,41.751,39.251,25.0,45.0,60.0,,44.120000000000005,0.88,36.96,,,0,trial
2026-07-07T20:35:24,pid_hot_humid_bursty_r2,pid,hot_humid,bursty,2,42.25,41.95,41.75,39.25,25.0,45.0,60.0,,44.120000000000005,0.88,36.96,,,0,trial
2026-07-07T20:35:24,pid_hot_humid_bursty_r2,pid,hot_humid,bursty,2,42.25,41.95,41.75,39.25,25.0,45.0,60.0,,44.120000000000005,0.88,36.96,,,0,trial
2026-07-07T20:35:24,pid_hot_humid_bursty_r2,pid,hot_humid,bursty,2,42.249,41.949,41.749,39.249,25.0,45.0,60.0,,44.120000000000005,0.88,36.97,,,0,trial
2026-07-07T20:35:24,pid_hot_humid_bursty_r2,pid,hot_humid,bursty,2,42.249,41.949,41.749,39.249,25.0,45.0,60.0,,44.120000000000005,0.88,36.97,,,0,trial
2026-07-07T20:35:24,pid_hot_humid_bursty_r2,pid,hot_humid,bursty,2,42.248,41.948,41.748,39.248,25.0,45.0,60.0,,44.120000000000005,0.88,36.98,,,0,trial
2026-07-07T20:35:24,pid_hot_humid_bursty_r2,pid,hot_humid,bursty,2,42.247,41.947,41.747,39.247,25.0,45.0,60.0,,44.120000000000005,0.88,36.98,,,0,trial
2026-07-07T20:35:24,pid_hot_humid_bursty_r2,pid,hot_humid,bursty,2,42.247,41.947,41.747,39.247,25.0,45.0,60.0,,43.976,0.88,36.99,,,0,trial
2026-07-07T20:35:24,pid_hot_humid_bursty_r2,pid,hot_humid,bursty,2,42.246,41.946,41.746,39.246,25.0,45.0,60.0,,43.976,0.88,36.99,,,0,trial
2026-07-07T20:35:24,pid_hot_humid_bursty_r2,pid,hot_humid,bursty,2,42.246,41.946,41.746,39.246,25.0,45.0,60.0,,43.976,0.88,36.99,,,0,trial
2026-07-07T20:35:24,pid_hot_humid_bursty_r2,pid,hot_humid,bursty,2,42.245,41.945,41.745,39.245,25.0,45.0,60.0,,43.976,0.88,37.0,,,0,trial
2026-07-07T20:35:24,pid_hot_humid_bursty_r2,pid,hot_humid,bursty,2,42.245,41.945,41.745,39.245,25.0,45.0,60.0,,43.976,0.88,37.0,,,0,trial
2026-07-07T20:35:24,pid_hot_humid_bursty_r2,pid,hot_humid,bursty,2,42.244,41.944,41.744,39.244,25.0,45.0,60.0,,43.976,0.88,37.0,,,0,trial
2026-07-07T20:35:24,pid_hot_humid_bursty_r2,pid,hot_humid,bursty,2,42.244,41.944,41.744,39.244,25.0,45.0,60.0,,43.976,0.88,37.01,,,0,trial
2026-07-07T20:35:24,pid_hot_humid_bursty_r2,pid,hot_humid,bursty,2,42.243,41.943,41.743,39.243,25.0,45.0,60.0,,43.976,0.88,37.01,,,0,trial
2026-07-07T20:35:24,pid_hot_humid_bursty_r2,pid,hot_humid,bursty,2,42.242,41.942,41.742,39.242,25.0,45.0,60.0,,43.976,0.88,37.01,,,0,trial
2026-07-07T20:35:24,pid_hot_humid_bursty_r2,pid,hot_humid,bursty,2,42.242,41.942,41.742,39.242,25.0,45.0,60.0,,43.976,0.88,37.02,,,0,trial
2026-07-07T20:35:24,pid_hot_humid_bursty_r2,pid,hot_humid,bursty,2,42.241,41.941,41.741,39.241,25.0,45.0,60.0,,43.976,0.88,37.02,,,0,trial
2026-07-07T20:35:24,pid_hot_humid_bursty_r2,pid,hot_humid,bursty,2,42.241,41.941,41.741,39.241,25.0,45.0,60.0,,43.976,0.88,37.02,,,0,trial
2026-07-07T20:35:24,pid_hot_humid_bursty_r2,pid,hot_humid,bursty,2,42.24,41.94,41.74,39.24,25.0,45.0,60.0,,43.976,0.88,37.03,,,0,trial
2026-07-07T20:35:24,pid_hot_humid_bursty_r2,pid,hot_humid,bursty,2,42.24,41.94,41.74,39.24,25.0,45.0,60.0,,43.976,0.88,37.03,,,0,trial
2026-07-07T20:35:24,pid_hot_humid_bursty_r2,pid,hot_humid,bursty,2,42.239,41.939,41.739,39.239,25.0,45.0,60.0,,43.976,0.88,37.03,,,0,trial
2026-07-07T20:35:24,pid_hot_humid_bursty_r2,pid,hot_humid,bursty,2,42.239,41.939,41.739,39.239,25.0,45.0,60.0,,43.976,0.88,37.04,,,0,trial
2026-07-07T20:35:24,pid_hot_humid_bursty_r2,pid,hot_humid,bursty,2,42.238,41.938,41.738,39.238,25.0,45.0,60.0,,43.976,0.88,37.04,,,0,trial
2026-07-07T20:35:24,pid_hot_humid_bursty_r2,pid,hot_humid,bursty,2,42.237,41.937,41.737,39.237,25.0,45.0,60.0,,43.976,0.88,37.04,,,0,trial
2026-07-07T20:35:24,pid_hot_humid_bursty_r2,pid,hot_humid,bursty,2,42.237,41.937,41.737,39.237,25.0,45.0,60.0,,43.976,0.88,37.04,,,0,trial
2026-07-07T20:35:24,pid_hot_humid_bursty_r2,pid,hot_humid,bursty,2,42.236,41.936,41.736,39.236,25.0,45.0,60.0,,43.976,0.88,37.05,,,0,trial
2026-07-07T20:35:24,pid_hot_humid_bursty_r2,pid,hot_humid,bursty,2,42.236,41.936,41.736,39.236,25.0,45.0,60.0,,43.976,0.88,37.05,,,0,trial
2026-07-07T20:35:24,pid_hot_humid_bursty_r2,pid,hot_humid,bursty,2,42.235,41.935,41.735,39.235,25.0,45.0,60.0,,43.976,0.88,37.05,,,0,trial
2026-07-07T20:35:24,pid_hot_humid_bursty_r2,pid,hot_humid,bursty,2,42.235,41.935,41.735,39.235,25.0,45.0,60.0,,43.976,0.88,37.05,,,0,trial
2026-07-07T20:35:24,pid_hot_humid_bursty_r2,pid,hot_humid,bursty,2,42.234,41.934,41.734,39.234,25.0,45.0,60.0,,43.976,0.88,37.06,,,0,trial
2026-07-07T20:35:24,pid_hot_humid_bursty_r2,pid,hot_humid,bursty,2,42.234,41.934,41.734,39.234,25.0,45.0,60.0,,43.976,0.88,37.06,,,0,trial
2026-07-07T20:35:24,pid_hot_humid_bursty_r2,pid,hot_humid,bursty,2,42.233,41.933,41.733,39.233,25.0,45.0,60.0,,43.976,0.88,37.06,,,0,trial
2026-07-07T20:35:24,pid_hot_humid_bursty_r2,pid,hot_humid,bursty,2,42.232,41.932,41.732,39.232,25.0,45.0,60.0,,43.976,0.88,37.06,,,0,trial
2026-07-07T20:35:24,pid_hot_humid_bursty_r2,pid,hot_humid,bursty,2,42.232,41.932,41.732,39.232,25.0,45.0,60.0,,43.976,0.88,37.07,,,0,trial
2026-07-07T20:35:24,pid_hot_humid_bursty_r2,pid,hot_humid,bursty,2,42.231,41.931,41.731,39.231,25.0,45.0,60.0,,43.976,0.88,37.07,,,0,trial
2026-07-07T20:35:24,pid_hot_humid_bursty_r2,pid,hot_humid,bursty,2,42.231,41.931,41.731,39.231,25.0,45.0,60.0,,43.976,0.88,37.07,,,0,trial
2026-07-07T20:35:24,pid_hot_humid_bursty_r2,pid,hot_humid,bursty,2,42.23,41.93,41.73,39.23,25.0,45.0,60.0,,43.84800000000001,0.88,37.07,,,0,trial
2026-07-07T20:35:24,pid_hot_humid_bursty_r2,pid,hot_humid,bursty,2,42.23,41.93,41.73,39.23,25.0,45.0,60.0,,43.84800000000001,0.88,37.07,,,0,trial
2026-07-07T20:35:24,pid_hot_humid_bursty_r2,pid,hot_humid,bursty,2,42.229,41.929,41.729,39.229,25.0,45.0,60.0,,43.84800000000001,0.88,37.08,,,0,trial
2026-07-07T20:35:24,pid_hot_humid_bursty_r2,pid,hot_humid,bursty,2,42.229,41.929,41.729,39.229,25.0,45.0,60.0,,43.84800000000001,0.88,37.08,,,0,trial
2026-07-07T20:35:24,pid_hot_humid_bursty_r2,pid,hot_humid,bursty,2,42.228,41.928,41.728,39.228,25.0,45.0,60.0,,43.84800000000001,0.88,37.08,,,0,trial
2026-07-07T20:35:24,pid_hot_humid_bursty_r2,pid,hot_humid,bursty,2,42.228,41.928,41.728,39.228,25.0,45.0,60.0,,43.84800000000001,0.88,37.08,,,0,trial
2026-07-07T20:35:24,pid_hot_humid_bursty_r2,pid,hot_humid,bursty,2,42.227,41.927,41.727,39.227,25.0,45.0,60.0,,43.84800000000001,0.88,37.08,,,0,trial
2026-07-07T20:35:24,pid_hot_humid_bursty_r2,pid,hot_humid,bursty,2,42.226,41.926,41.726,39.226,25.0,45.0,60.0,,43.84800000000001,0.88,37.08,,,0,trial
2026-07-07T20:35:24,pid_hot_humid_bursty_r2,pid,hot_humid,bursty,2,42.226,41.926,41.726,39.226,25.0,45.0,60.0,,43.84800000000001,0.88,37.09,,,0,trial
2026-07-07T20:35:24,pid_hot_humid_bursty_r2,pid,hot_humid,bursty,2,42.225,41.925,41.725,39.225,25.0,45.0,60.0,,43.84800000000001,0.88,37.09,,,0,trial
2026-07-07T20:35:24,pid_hot_humid_bursty_r2,pid,hot_humid,bursty,2,42.225,41.925,41.725,39.225,25.0,45.0,60.0,,43.84800000000001,0.88,37.09,,,0,trial
2026-07-07T20:35:24,pid_hot_humid_bursty_r2,pid,hot_humid,bursty,2,42.224,41.924,41.724,39.224,25.0,45.0,60.0,,43.84800000000001,0.88,37.09,,,0,trial
2026-07-07T20:35:24,pid_hot_humid_bursty_r2,pid,hot_humid,bursty,2,42.224,41.924,41.724,39.224,25.0,45.0,60.0,,43.84800000000001,0.88,37.09,,,0,trial
2026-07-07T20:35:24,pid_hot_humid_bursty_r2,pid,hot_humid,bursty,2,42.223,41.923,41.723,39.223,25.0,45.0,60.0,,43.84800000000001,0.88,37.09,,,0,trial
2026-07-07T20:35:24,pid_hot_humid_bursty_r2,pid,hot_humid,bursty,2,42.223,41.923,41.723,39.223,25.0,45.0,60.0,,43.84800000000001,0.88,37.09,,,0,trial
2026-07-07T20:35:24,pid_hot_humid_bursty_r2,pid,hot_humid,bursty,2,42.222,41.922,41.722,39.222,25.0,45.0,60.0,,43.84800000000001,0.88,37.09,,,0,trial
2026-07-07T20:35:24,pid_hot_humid_bursty_r2,pid,hot_humid,bursty,2,42.222,41.922,41.722,39.222,25.0,45.0,60.0,,43.84800000000001,0.88,37.09,,,0,trial
2026-07-07T20:35:24,pid_hot_humid_bursty_r2,pid,hot_humid,bursty,2,42.221,41.921,41.721,39.221,25.0,45.0,60.0,,43.84800000000001,0.88,37.1,,,0,trial
2026-07-07T20:35:24,pid_hot_humid_bursty_r2,pid,hot_humid,bursty,2,42.221,41.921,41.721,39.221,25.0,45.0,60.0,,43.84800000000001,0.88,37.1,,,0,trial
2026-07-07T20:35:24,pid_hot_humid_bursty_r2,pid,hot_humid,bursty,2,42.22,41.92,41.72,39.22,25.0,45.0,60.0,,43.84800000000001,0.88,37.1,,,0,trial
2026-07-07T20:35:24,pid_hot_humid_bursty_r2,pid,hot_humid,bursty,2,42.22,41.92,41.72,39.22,25.0,45.0,60.0,,43.84800000000001,0.88,37.1,,,0,trial
2026-07-07T20:35:24,pid_hot_humid_bursty_r2,pid,hot_humid,bursty,2,42.219,41.919,41.719,39.219,25.0,45.0,60.0,,43.84800000000001,0.88,37.1,,,0,trial
2026-07-07T20:35:24,pid_hot_humid_bursty_r2,pid,hot_humid,bursty,2,42.218,41.918,41.718,39.218,25.0,45.0,60.0,,43.84800000000001,0.88,37.1,,,0,trial
2026-07-07T20:35:24,pid_hot_humid_bursty_r2,pid,hot_humid,bursty,2,42.218,41.918,41.718,39.218,25.0,45.0,60.0,,43.84800000000001,0.88,37.1,,,0,trial
2026-07-07T20:35:24,pid_hot_humid_bursty_r2,pid,hot_humid,bursty,2,42.217,41.917,41.717,39.217,25.0,45.0,60.0,,43.84800000000001,0.88,37.1,,,0,trial
2026-07-07T20:35:24,pid_hot_humid_bursty_r2,pid,hot_humid,bursty,2,42.217,41.917,41.717,39.217,25.0,45.0,60.0,,43.84800000000001,0.88,37.1,,,0,trial
2026-07-07T20:35:24,pid_hot_humid_bursty_r2,pid,hot_humid,bursty,2,42.216,41.916,41.716,39.216,25.0,45.0,60.0,,43.84800000000001,0.88,37.1,,,0,trial
2026-07-07T20:35:24,pid_hot_humid_bursty_r2,pid,hot_humid,bursty,2,42.216,41.916,41.716,39.216,25.0,45.0,60.0,,43.84800000000001,0.88,37.1,,,0,trial
2026-07-07T20:35:24,pid_hot_humid_bursty_r2,pid,hot_humid,bursty,2,42.215,41.915,41.715,39.215,25.0,45.0,60.0,,43.84800000000001,0.88,37.1,,,0,trial
2026-07-07T20:35:24,pid_hot_humid_bursty_r2,pid,hot_humid,bursty,2,42.215,41.915,41.715,39.215,25.0,45.0,60.0,,43.84800000000001,0.88,37.1,,,0,trial
2026-07-07T20:35:24,pid_hot_humid_bursty_r2,pid,hot_humid,bursty,2,42.214,41.914,41.714,39.214,25.0,45.0,60.0,,43.72000000000003,0.87,37.1,,,0,trial
2026-07-07T20:35:24,pid_hot_humid_bursty_r2,pid,hot_humid,bursty,2,42.214,41.914,41.714,39.214,25.0,45.0,60.0,,43.72000000000003,0.87,37.1,,,0,trial
2026-07-07T20:35:24,pid_hot_humid_bursty_r2,pid,hot_humid,bursty,2,42.213,41.913,41.713,39.213,25.0,45.0,60.0,,43.72000000000003,0.87,37.1,,,0,trial
2026-07-07T20:35:24,pid_hot_humid_bursty_r2,pid,hot_humid,bursty,2,42.213,41.913,41.713,39.213,25.0,45.0,60.0,,43.72000000000003,0.87,37.1,,,0,trial
2026-07-07T20:35:24,pid_hot_humid_bursty_r2,pid,hot_humid,bursty,2,42.212,41.912,41.712,39.212,25.0,45.0,60.0,,43.72000000000003,0.87,37.1,,,0,trial
2026-07-07T20:35:24,pid_hot_humid_bursty_r2,pid,hot_humid,bursty,2,42.212,41.912,41.712,39.212,25.0,45.0,60.0,,43.72000000000003,0.87,37.1,,,0,trial
2026-07-07T20:35:24,pid_hot_humid_bursty_r2,pid,hot_humid,bursty,2,42.211,41.911,41.711,39.211,25.0,45.0,60.0,,43.72000000000003,0.87,37.1,,,0,trial
2026-07-07T20:35:24,pid_hot_humid_bursty_r2,pid,hot_humid,bursty,2,42.211,41.911,41.711,39.211,25.0,45.0,60.0,,43.72000000000003,0.87,37.1,,,0,trial
2026-07-07T20:35:24,pid_hot_humid_bursty_r2,pid,hot_humid,bursty,2,42.21,41.91,41.71,39.21,25.0,45.0,60.0,,43.72000000000003,0.87,37.1,,,0,trial
2026-07-07T20:35:24,pid_hot_humid_bursty_r2,pid,hot_humid,bursty,2,42.21,41.91,41.71,39.21,25.0,45.0,60.0,,43.72000000000003,0.87,37.1,,,0,trial
2026-07-07T20:35:24,pid_hot_humid_bursty_r2,pid,hot_humid,bursty,2,42.209,41.909,41.709,39.209,25.0,45.0,60.0,,43.72000000000003,0.87,37.1,,,0,trial
2026-07-07T20:35:24,pid_hot_humid_bursty_r2,pid,hot_humid,bursty,2,42.209,41.909,41.709,39.209,25.0,45.0,60.0,,43.72000000000003,0.87,37.1,,,0,trial
2026-07-07T20:35:24,pid_hot_humid_bursty_r2,pid,hot_humid,bursty,2,42.208,41.908,41.708,39.208,25.0,45.0,60.0,,43.72000000000003,0.87,37.09,,,0,trial
2026-07-07T20:35:24,pid_hot_humid_bursty_r2,pid,hot_humid,bursty,2,42.207,41.907,41.707,39.207,25.0,45.0,60.0,,43.72000000000003,0.87,37.09,,,0,trial
2026-07-07T20:35:24,pid_hot_humid_bursty_r2,pid,hot_humid,bursty,2,42.207,41.907,41.707,39.207,25.0,45.0,60.0,,43.72000000000003,0.87,37.09,,,0,trial
2026-07-07T20:35:24,pid_hot_humid_bursty_r2,pid,hot_humid,bursty,2,42.206,41.906,41.706,39.206,25.0,45.0,60.0,,43.72000000000003,0.87,37.09,,,0,trial
2026-07-07T20:35:24,pid_hot_humid_bursty_r2,pid,hot_humid,bursty,2,42.206,41.906,41.706,39.206,25.0,45.0,60.0,,43.72000000000003,0.87,37.09,,,0,trial
2026-07-07T20:35:24,pid_hot_humid_bursty_r2,pid,hot_humid,bursty,2,42.205,41.905,41.705,39.205,25.0,45.0,60.0,,43.72000000000003,0.87,37.09,,,0,trial
2026-07-07T20:35:24,pid_hot_humid_bursty_r2,pid,hot_humid,bursty,2,42.205,41.905,41.705,39.205,25.0,45.0,60.0,,43.72000000000003,0.87,37.09,,,0,trial
2026-07-07T20:35:24,pid_hot_humid_bursty_r2,pid,hot_humid,bursty,2,42.204,41.904,41.704,39.204,25.0,45.0,60.0,,43.72000000000003,0.87,37.09,,,0,trial
2026-07-07T20:35:24,pid_hot_humid_bursty_r2,pid,hot_humid,bursty,2,42.204,41.904,41.704,39.204,25.0,45.0,60.0,,43.72000000000003,0.87,37.09,,,0,trial
2026-07-07T20:35:24,pid_hot_humid_bursty_r2,pid,hot_humid,bursty,2,42.203,41.903,41.703,39.203,25.0,45.0,60.0,,43.72000000000003,0.87,37.08,,,0,trial
2026-07-07T20:35:24,pid_hot_humid_bursty_r2,pid,hot_humid,bursty,2,42.203,41.903,41.703,39.203,25.0,45.0,60.0,,43.72000000000003,0.87,37.08,,,0,trial
2026-07-07T20:35:24,pid_hot_humid_bursty_r2,pid,hot_humid,bursty,2,42.202,41.902,41.702,39.202,25.0,45.0,60.0,,43.72000000000003,0.87,37.08,,,0,trial
2026-07-07T20:35:24,pid_hot_humid_bursty_r2,pid,hot_humid,bursty,2,42.202,41.902,41.702,39.202,25.0,45.0,60.0,,43.72000000000003,0.87,37.08,,,0,trial
2026-07-07T20:35:24,pid_hot_humid_bursty_r2,pid,hot_humid,bursty,2,42.201,41.901,41.701,39.201,25.0,45.0,60.0,,43.72000000000003,0.87,37.08,,,0,trial
2026-07-07T20:35:24,pid_hot_humid_bursty_r2,pid,hot_humid,bursty,2,42.201,41.901,41.701,39.201,25.0,45.0,60.0,,43.72000000000003,0.87,37.08,,,0,trial
2026-07-07T20:35:24,pid_hot_humid_bursty_r2,pid,hot_humid,bursty,2,42.2,41.9,41.7,39.2,25.0,45.0,60.0,,43.72000000000003,0.87,37.07,,,0,trial
2026-07-07T20:35:24,pid_hot_humid_bursty_r2,pid,hot_humid,bursty,2,42.2,41.9,41.7,39.2,25.0,45.0,60.0,,43.72000000000003,0.87,37.07,,,0,trial
2026-07-07T20:35:24,pid_hot_humid_bursty_r2,pid,hot_humid,bursty,2,42.21,41.91,41.71,39.21,25.0,45.0,140.0,,43.72000000000003,0.87,37.07,,,0,trial
2026-07-07T20:35:24,pid_hot_humid_bursty_r2,pid,hot_humid,bursty,2,42.22,41.92,41.72,39.22,25.0,45.0,140.0,,43.68000000000001,0.87,37.07,,,0,trial
2026-07-07T20:35:24,pid_hot_humid_bursty_r2,pid,hot_humid,bursty,2,42.23,41.93,41.73,39.23,25.0,45.0,140.0,,43.68000000000001,0.87,37.07,,,0,trial
2026-07-07T20:35:24,pid_hot_humid_bursty_r2,pid,hot_humid,bursty,2,42.24,41.94,41.74,39.24,25.0,45.0,140.0,,43.68000000000001,0.87,37.06,,,0,trial
2026-07-07T20:35:24,pid_hot_humid_bursty_r2,pid,hot_humid,bursty,2,42.25,41.95,41.75,39.25,25.0,45.0,140.0,,43.68000000000001,0.87,37.06,,,0,trial
2026-07-07T20:35:24,pid_hot_humid_bursty_r2,pid,hot_humid,bursty,2,42.26,41.96,41.76,39.26,25.0,45.0,140.0,,43.68000000000001,0.87,37.06,,,0,trial
2026-07-07T20:35:24,pid_hot_humid_bursty_r2,pid,hot_humid,bursty,2,42.27,41.97,41.77,39.27,25.0,45.0,140.0,,43.68000000000001,0.87,37.06,,,0,trial
2026-07-07T20:35:24,pid_hot_humid_bursty_r2,pid,hot_humid,bursty,2,42.28,41.98,41.78,39.28,25.0,45.0,140.0,,43.68000000000001,0.87,37.05,,,0,trial
2026-07-07T20:35:24,pid_hot_humid_bursty_r2,pid,hot_humid,bursty,2,42.29,41.99,41.79,39.29,25.0,45.0,140.0,,43.68000000000001,0.87,37.05,,,0,trial
2026-07-07T20:35:24,pid_hot_humid_bursty_r2,pid,hot_humid,bursty,2,42.3,42.0,41.8,39.3,25.0,45.0,140.0,,43.68000000000001,0.87,37.05,,,0,trial
2026-07-07T20:35:24,pid_hot_humid_bursty_r2,pid,hot_humid,bursty,2,42.31,42.01,41.81,39.31,25.0,45.0,140.0,,43.68000000000001,0.87,37.05,,,0,trial
2026-07-07T20:35:24,pid_hot_humid_bursty_r2,pid,hot_humid,bursty,2,42.32,42.02,41.82,39.32,25.0,45.0,140.0,,43.68000000000001,0.87,37.04,,,0,trial
2026-07-07T20:35:24,pid_hot_humid_bursty_r2,pid,hot_humid,bursty,2,42.33,42.03,41.83,39.33,25.0,45.0,140.0,,43.68000000000001,0.87,37.04,,,0,trial
2026-07-07T20:35:24,pid_hot_humid_bursty_r2,pid,hot_humid,bursty,2,42.34,42.04,41.84,39.34,25.0,45.0,140.0,,43.68000000000001,0.87,37.04,,,0,trial
2026-07-07T20:35:24,pid_hot_humid_bursty_r2,pid,hot_humid,bursty,2,42.35,42.05,41.85,39.35,25.0,45.0,140.0,,43.68000000000001,0.87,37.04,,,0,trial
2026-07-07T20:35:24,pid_hot_humid_bursty_r2,pid,hot_humid,bursty,2,42.36,42.06,41.86,39.36,25.0,45.0,140.0,,43.68000000000001,0.87,37.03,,,0,trial
2026-07-07T20:35:24,pid_hot_humid_bursty_r2,pid,hot_humid,bursty,2,42.369,42.069,41.869,39.369,25.0,45.0,140.0,,43.68000000000001,0.87,37.03,,,0,trial
2026-07-07T20:35:24,pid_hot_humid_bursty_r2,pid,hot_humid,bursty,2,42.379,42.079,41.879,39.379,25.0,45.0,140.0,,43.68000000000001,0.87,37.03,,,0,trial
2026-07-07T20:35:24,pid_hot_humid_bursty_r2,pid,hot_humid,bursty,2,42.389,42.089,41.889,39.389,25.0,45.0,140.0,,43.68000000000001,0.87,37.02,,,0,trial
2026-07-07T20:35:24,pid_hot_humid_bursty_r2,pid,hot_humid,bursty,2,42.399,42.099,41.899,39.399,25.0,45.0,140.0,,43.68000000000001,0.87,37.02,,,0,trial
2026-07-07T20:35:24,pid_hot_humid_bursty_r2,pid,hot_humid,bursty,2,42.409,42.109,41.909,39.409,25.0,45.0,140.0,,43.68000000000001,0.87,37.02,,,0,trial
2026-07-07T20:35:24,pid_hot_humid_bursty_r2,pid,hot_humid,bursty,2,42.419,42.119,41.919,39.419,25.0,45.0,140.0,,43.68000000000001,0.87,37.01,,,0,trial
2026-07-07T20:35:24,pid_hot_humid_bursty_r2,pid,hot_humid,bursty,2,42.429,42.129,41.929,39.429,25.0,45.0,140.0,,43.68000000000001,0.87,37.01,,,0,trial
2026-07-07T20:35:24,pid_hot_humid_bursty_r2,pid,hot_humid,bursty,2,42.439,42.139,41.939,39.439,25.0,45.0,140.0,,43.68000000000001,0.87,37.01,,,0,trial
2026-07-07T20:35:24,pid_hot_humid_bursty_r2,pid,hot_humid,bursty,2,42.449,42.149,41.949,39.449,25.0,45.0,140.0,,43.68000000000001,0.87,37.0,,,0,trial
2026-07-07T20:35:24,pid_hot_humid_bursty_r2,pid,hot_humid,bursty,2,42.459,42.159,41.959,39.459,25.0,45.0,140.0,,43.68000000000001,0.87,37.0,,,0,trial
2026-07-07T20:35:24,pid_hot_humid_bursty_r2,pid,hot_humid,bursty,2,42.469,42.169,41.969,39.469,25.0,45.0,140.0,,43.68000000000001,0.87,37.0,,,0,trial
2026-07-07T20:35:24,pid_hot_humid_bursty_r2,pid,hot_humid,bursty,2,42.479,42.179,41.979,39.479,25.0,45.0,140.0,,43.68000000000001,0.87,36.99,,,0,trial
2026-07-07T20:35:24,pid_hot_humid_bursty_r2,pid,hot_humid,bursty,2,42.488,42.188,41.988,39.488,25.0,45.0,140.0,,43.68000000000001,0.87,36.99,,,0,trial
2026-07-07T20:35:24,pid_hot_humid_bursty_r2,pid,hot_humid,bursty,2,42.498,42.198,41.998,39.498,25.0,45.0,140.0,,43.68000000000001,0.87,36.99,,,0,trial
2026-07-07T20:35:24,pid_hot_humid_bursty_r2,pid,hot_humid,bursty,2,42.508,42.208,42.008,39.508,25.0,45.0,140.0,,43.68000000000001,0.87,36.98,,,0,trial
2026-07-07T20:35:24,pid_hot_humid_bursty_r2,pid,hot_humid,bursty,2,42.518,42.218,42.018,39.518,25.0,45.0,140.0,,46.06400000000002,0.92,36.98,,,0,trial
2026-07-07T20:35:24,pid_hot_humid_bursty_r2,pid,hot_humid,bursty,2,42.527,42.227,42.027,39.527,25.0,45.0,140.0,,46.06400000000002,0.92,36.97,,,0,trial
2026-07-07T20:35:24,pid_hot_humid_bursty_r2,pid,hot_humid,bursty,2,42.537,42.237,42.037,39.537,25.0,45.0,140.0,,46.06400000000002,0.92,36.97,,,0,trial
2026-07-07T20:35:24,pid_hot_humid_bursty_r2,pid,hot_humid,bursty,2,42.547,42.247,42.047,39.547,25.0,45.0,140.0,,46.06400000000002,0.92,36.96,,,0,trial
2026-07-07T20:35:24,pid_hot_humid_bursty_r2,pid,hot_humid,bursty,2,42.556,42.256,42.056,39.556,25.0,45.0,140.0,,46.06400000000002,0.92,36.96,,,0,trial
2026-07-07T20:35:24,pid_hot_humid_bursty_r2,pid,hot_humid,bursty,2,42.566,42.266,42.066,39.566,25.0,45.0,140.0,,46.06400000000002,0.92,36.96,,,0,trial
2026-07-07T20:35:24,pid_hot_humid_bursty_r2,pid,hot_humid,bursty,2,42.575,42.275,42.075,39.575,25.0,45.0,140.0,,46.06400000000002,0.92,36.95,,,0,trial
2026-07-07T20:35:24,pid_hot_humid_bursty_r2,pid,hot_humid,bursty,2,42.585,42.285,42.085,39.585,25.0,45.0,140.0,,46.06400000000002,0.92,36.95,,,0,trial
2026-07-07T20:35:24,pid_hot_humid_bursty_r2,pid,hot_humid,bursty,2,42.595,42.295,42.095,39.595,25.0,45.0,140.0,,46.06400000000002,0.92,36.94,,,0,trial
2026-07-07T20:35:24,pid_hot_humid_bursty_r2,pid,hot_humid,bursty,2,42.604,42.304,42.104,39.604,25.0,45.0,140.0,,46.06400000000002,0.92,36.94,,,0,trial
2026-07-07T20:35:24,pid_hot_humid_bursty_r2,pid,hot_humid,bursty,2,42.614,42.314,42.114,39.614,25.0,45.0,140.0,,46.06400000000002,0.92,36.93,,,0,trial
2026-07-07T20:35:24,pid_hot_humid_bursty_r2,pid,hot_humid,bursty,2,42.623,42.323,42.123,39.623,25.0,45.0,140.0,,46.06400000000002,0.92,36.93,,,0,trial
2026-07-07T20:35:24,pid_hot_humid_bursty_r2,pid,hot_humid,bursty,2,42.633,42.333,42.133,39.633,25.0,45.0,140.0,,46.06400000000002,0.92,36.92,,,0,trial
2026-07-07T20:35:24,pid_hot_humid_bursty_r2,pid,hot_humid,bursty,2,42.642,42.342,42.142,39.642,25.0,45.0,140.0,,46.06400000000002,0.92,36.92,,,0,trial
2026-07-07T20:35:24,pid_hot_humid_bursty_r2,pid,hot_humid,bursty,2,42.652,42.352,42.152,39.652,25.0,45.0,140.0,,46.06400000000002,0.92,36.92,,,0,trial
2026-07-07T20:35:24,pid_hot_humid_bursty_r2,pid,hot_humid,bursty,2,42.661,42.361,42.161,39.661,25.0,45.0,140.0,,46.06400000000002,0.92,36.91,,,0,trial
2026-07-07T20:35:24,pid_hot_humid_bursty_r2,pid,hot_humid,bursty,2,42.671,42.371,42.171,39.671,25.0,45.0,140.0,,46.06400000000002,0.92,36.91,,,0,trial
2026-07-07T20:35:24,pid_hot_humid_bursty_r2,pid,hot_humid,bursty,2,42.68,42.38,42.18,39.68,25.0,45.0,140.0,,46.06400000000002,0.92,36.9,,,0,trial
2026-07-07T20:35:24,pid_hot_humid_bursty_r2,pid,hot_humid,bursty,2,42.69,42.39,42.19,39.69,25.0,45.0,140.0,,46.06400000000002,0.92,36.9,,,0,trial
2026-07-07T20:35:24,pid_hot_humid_bursty_r2,pid,hot_humid,bursty,2,42.7,42.4,42.2,39.7,25.0,45.0,140.0,,46.06400000000002,0.92,36.89,,,0,trial
2026-07-07T20:35:24,pid_hot_humid_bursty_r2,pid,hot_humid,bursty,2,42.709,42.409,42.209,39.709,25.0,45.0,140.0,,46.06400000000002,0.92,36.88,,,0,trial
2026-07-07T20:35:24,pid_hot_humid_bursty_r2,pid,hot_humid,bursty,2,42.719,42.419,42.219,39.719,25.0,45.0,140.0,,46.06400000000002,0.92,36.88,,,0,trial
2026-07-07T20:35:24,pid_hot_humid_bursty_r2,pid,hot_humid,bursty,2,42.728,42.428,42.228,39.728,25.0,45.0,140.0,,46.06400000000002,0.92,36.87,,,0,trial
2026-07-07T20:35:24,pid_hot_humid_bursty_r2,pid,hot_humid,bursty,2,42.738,42.438,42.238,39.738,25.0,45.0,140.0,,46.06400000000002,0.92,36.87,,,0,trial
2026-07-07T20:35:24,pid_hot_humid_bursty_r2,pid,hot_humid,bursty,2,42.747,42.447,42.247,39.747,25.0,45.0,140.0,,46.06400000000002,0.92,36.86,,,0,trial
2026-07-07T20:35:24,pid_hot_humid_bursty_r2,pid,hot_humid,bursty,2,42.757,42.457,42.257,39.757,25.0,45.0,140.0,,46.06400000000002,0.92,36.86,,,0,trial
2026-07-07T20:35:24,pid_hot_humid_bursty_r2,pid,hot_humid,bursty,2,42.766,42.466,42.266,39.766,25.0,45.0,140.0,,46.06400000000002,0.92,36.85,,,0,trial
2026-07-07T20:35:24,pid_hot_humid_bursty_r2,pid,hot_humid,bursty,2,42.776,42.476,42.276,39.776,25.0,45.0,140.0,,46.06400000000002,0.92,36.85,,,0,trial
2026-07-07T20:35:24,pid_hot_humid_bursty_r2,pid,hot_humid,bursty,2,42.785,42.485,42.285,39.785,25.0,45.0,140.0,,46.06400000000002,0.92,36.84,,,0,trial
2026-07-07T20:35:24,pid_hot_humid_bursty_r2,pid,hot_humid,bursty,2,42.795,42.495,42.295,39.795,25.0,45.0,140.0,,46.06400000000002,0.92,36.84,,,0,trial
2026-07-07T20:35:24,pid_hot_humid_bursty_r2,pid,hot_humid,bursty,2,42.804,42.504,42.304,39.804,25.0,45.0,140.0,,48.360000000000014,0.97,36.83,,,0,trial
2026-07-07T20:35:24,pid_hot_humid_bursty_r2,pid,hot_humid,bursty,2,42.813,42.513,42.313,39.813,25.0,45.0,140.0,,48.360000000000014,0.97,36.82,,,0,trial
2026-07-07T20:35:24,pid_hot_humid_bursty_r2,pid,hot_humid,bursty,2,42.822,42.522,42.322,39.822,25.0,45.0,140.0,,48.360000000000014,0.97,36.82,,,0,trial
2026-07-07T20:35:24,pid_hot_humid_bursty_r2,pid,hot_humid,bursty,2,42.831,42.531,42.331,39.831,25.0,45.0,140.0,,48.360000000000014,0.97,36.81,,,0,trial
2026-07-07T20:35:24,pid_hot_humid_bursty_r2,pid,hot_humid,bursty,2,42.841,42.541,42.341,39.841,25.0,45.0,140.0,,48.360000000000014,0.97,36.81,,,0,trial
2026-07-07T20:35:24,pid_hot_humid_bursty_r2,pid,hot_humid,bursty,2,42.85,42.55,42.35,39.85,25.0,45.0,140.0,,48.360000000000014,0.97,36.8,,,0,trial
2026-07-07T20:35:24,pid_hot_humid_bursty_r2,pid,hot_humid,bursty,2,42.859,42.559,42.359,39.859,25.0,45.0,140.0,,48.360000000000014,0.97,36.79,,,0,trial
2026-07-07T20:35:24,pid_hot_humid_bursty_r2,pid,hot_humid,bursty,2,42.868,42.568,42.368,39.868,25.0,45.0,140.0,,48.360000000000014,0.97,36.79,,,0,trial
2026-07-07T20:35:24,pid_hot_humid_bursty_r2,pid,hot_humid,bursty,2,42.877,42.577,42.377,39.877,25.0,45.0,140.0,,48.360000000000014,0.97,36.78,,,0,trial
2026-07-07T20:35:24,pid_hot_humid_bursty_r2,pid,hot_humid,bursty,2,42.887,42.587,42.387,39.887,25.0,45.0,140.0,,48.360000000000014,0.97,36.77,,,0,trial
2026-07-07T20:35:24,pid_hot_humid_bursty_r2,pid,hot_humid,bursty,2,42.896,42.596,42.396,39.896,25.0,45.0,140.0,,48.360000000000014,0.97,36.77,,,0,trial
2026-07-07T20:35:24,pid_hot_humid_bursty_r2,pid,hot_humid,bursty,2,42.905,42.605,42.405,39.905,25.0,45.0,140.0,,48.360000000000014,0.97,36.76,,,0,trial
2026-07-07T20:35:24,pid_hot_humid_bursty_r2,pid,hot_humid,bursty,2,42.914,42.614,42.414,39.914,25.0,45.0,140.0,,48.360000000000014,0.97,36.76,,,0,trial
2026-07-07T20:35:24,pid_hot_humid_bursty_r2,pid,hot_humid,bursty,2,42.923,42.623,42.423,39.923,25.0,45.0,140.0,,48.360000000000014,0.97,36.75,,,0,trial
2026-07-07T20:35:24,pid_hot_humid_bursty_r2,pid,hot_humid,bursty,2,42.932,42.632,42.432,39.932,25.0,45.0,140.0,,48.360000000000014,0.97,36.74,,,0,trial
2026-07-07T20:35:24,pid_hot_humid_bursty_r2,pid,hot_humid,bursty,2,42.942,42.642,42.442,39.942,25.0,45.0,140.0,,48.360000000000014,0.97,36.74,,,0,trial
2026-07-07T20:35:24,pid_hot_humid_bursty_r2,pid,hot_humid,bursty,2,42.951,42.651,42.451,39.951,25.0,45.0,140.0,,48.360000000000014,0.97,36.73,,,0,trial
2026-07-07T20:35:24,pid_hot_humid_bursty_r2,pid,hot_humid,bursty,2,42.96,42.66,42.46,39.96,25.0,45.0,140.0,,48.360000000000014,0.97,36.72,,,0,trial
2026-07-07T20:35:24,pid_hot_humid_bursty_r2,pid,hot_humid,bursty,2,42.969,42.669,42.469,39.969,25.0,45.0,140.0,,48.360000000000014,0.97,36.72,,,0,trial
2026-07-07T20:35:24,pid_hot_humid_bursty_r2,pid,hot_humid,bursty,2,42.978,42.678,42.478,39.978,25.0,45.0,140.0,,48.360000000000014,0.97,36.71,,,0,trial
2026-07-07T20:35:24,pid_hot_humid_bursty_r2,pid,hot_humid,bursty,2,42.987,42.687,42.487,39.987,25.0,45.0,140.0,,48.360000000000014,0.97,36.7,,,0,trial
2026-07-07T20:35:24,pid_hot_humid_bursty_r2,pid,hot_humid,bursty,2,42.996,42.696,42.496,39.996,25.0,45.0,140.0,,48.360000000000014,0.97,36.69,,,0,trial
2026-07-07T20:35:24,pid_hot_humid_bursty_r2,pid,hot_humid,bursty,2,43.006,42.706,42.506,40.006,25.0,45.0,140.0,,48.360000000000014,0.97,36.69,,,0,trial
2026-07-07T20:35:24,pid_hot_humid_bursty_r2,pid,hot_humid,bursty,2,43.015,42.715,42.515,40.015,25.0,45.0,140.0,,48.360000000000014,0.97,36.68,,,0,trial
2026-07-07T20:35:24,pid_hot_humid_bursty_r2,pid,hot_humid,bursty,2,43.024,42.724,42.524,40.024,25.0,45.0,140.0,,48.360000000000014,0.97,36.67,,,0,trial
2026-07-07T20:35:24,pid_hot_humid_bursty_r2,pid,hot_humid,bursty,2,43.033,42.733,42.533,40.033,25.0,45.0,140.0,,48.360000000000014,0.97,36.67,,,0,trial
2026-07-07T20:35:24,pid_hot_humid_bursty_r2,pid,hot_humid,bursty,2,43.042,42.742,42.542,40.042,25.0,45.0,140.0,,48.360000000000014,0.97,36.66,,,0,trial
2026-07-07T20:35:24,pid_hot_humid_bursty_r2,pid,hot_humid,bursty,2,43.051,42.751,42.551,40.051,25.0,45.0,140.0,,48.360000000000014,0.97,36.65,,,0,trial
2026-07-07T20:35:24,pid_hot_humid_bursty_r2,pid,hot_humid,bursty,2,43.06,42.76,42.56,40.06,25.0,45.0,140.0,,48.360000000000014,0.97,36.64,,,0,trial
2026-07-07T20:35:24,pid_hot_humid_bursty_r2,pid,hot_humid,bursty,2,43.069,42.769,42.569,40.069,25.0,45.0,140.0,,48.360000000000014,0.97,36.64,,,0,trial
2026-07-07T20:35:24,pid_hot_humid_bursty_r2,pid,hot_humid,bursty,2,43.078,42.778,42.578,40.078,25.0,45.0,140.0,,50.55200000000002,1.01,36.63,,,0,trial
2026-07-07T20:35:24,pid_hot_humid_bursty_r2,pid,hot_humid,bursty,2,43.087,42.787,42.587,40.087,25.0,45.0,140.0,,50.55200000000002,1.01,36.62,,,0,trial
2026-07-07T20:35:24,pid_hot_humid_bursty_r2,pid,hot_humid,bursty,2,43.096,42.796,42.596,40.096,25.0,45.0,140.0,,50.55200000000002,1.01,36.61,,,0,trial
2026-07-07T20:35:24,pid_hot_humid_bursty_r2,pid,hot_humid,bursty,2,43.105,42.805,42.605,40.105,25.0,45.0,140.0,,50.55200000000002,1.01,36.61,,,0,trial
2026-07-07T20:35:24,pid_hot_humid_bursty_r2,pid,hot_humid,bursty,2,43.113,42.813,42.613,40.113,25.0,45.0,140.0,,50.55200000000002,1.01,36.6,,,0,trial
2026-07-07T20:35:24,pid_hot_humid_bursty_r2,pid,hot_humid,bursty,2,43.122,42.822,42.622,40.122,25.0,45.0,140.0,,50.55200000000002,1.01,36.59,,,0,trial
2026-07-07T20:35:24,pid_hot_humid_bursty_r2,pid,hot_humid,bursty,2,43.131,42.831,42.631,40.131,25.0,45.0,140.0,,50.55200000000002,1.01,36.58,,,0,trial
2026-07-07T20:35:24,pid_hot_humid_bursty_r2,pid,hot_humid,bursty,2,43.14,42.84,42.64,40.14,25.0,45.0,140.0,,50.55200000000002,1.01,36.58,,,0,trial
2026-07-07T20:35:24,pid_hot_humid_bursty_r2,pid,hot_humid,bursty,2,43.149,42.849,42.649,40.149,25.0,45.0,140.0,,50.55200000000002,1.01,36.57,,,0,trial
2026-07-07T20:35:24,pid_hot_humid_bursty_r2,pid,hot_humid,bursty,2,43.158,42.858,42.658,40.158,25.0,45.0,140.0,,50.55200000000002,1.01,36.56,,,0,trial
2026-07-07T20:35:24,pid_hot_humid_bursty_r2,pid,hot_humid,bursty,2,43.166,42.866,42.666,40.166,25.0,45.0,140.0,,50.55200000000002,1.01,36.55,,,0,trial
2026-07-07T20:35:24,pid_hot_humid_bursty_r2,pid,hot_humid,bursty,2,43.175,42.875,42.675,40.175,25.0,45.0,140.0,,50.55200000000002,1.01,36.54,,,0,trial
2026-07-07T20:35:24,pid_hot_humid_bursty_r2,pid,hot_humid,bursty,2,43.184,42.884,42.684,40.184,25.0,45.0,140.0,,50.55200000000002,1.01,36.54,,,0,trial
2026-07-07T20:35:24,pid_hot_humid_bursty_r2,pid,hot_humid,bursty,2,43.193,42.893,42.693,40.193,25.0,45.0,140.0,,50.55200000000002,1.01,36.53,,,0,trial
2026-07-07T20:35:24,pid_hot_humid_bursty_r2,pid,hot_humid,bursty,2,43.201,42.901,42.701,40.201,25.0,45.0,140.0,,50.55200000000002,1.01,36.52,,,0,trial
2026-07-07T20:35:24,pid_hot_humid_bursty_r2,pid,hot_humid,bursty,2,43.21,42.91,42.71,40.21,25.0,45.0,140.0,,50.55200000000002,1.01,36.51,,,0,trial
2026-07-07T20:35:24,pid_hot_humid_bursty_r2,pid,hot_humid,bursty,2,43.219,42.919,42.719,40.219,25.0,45.0,140.0,,50.55200000000002,1.01,36.5,,,0,trial
2026-07-07T20:35:24,pid_hot_humid_bursty_r2,pid,hot_humid,bursty,2,43.228,42.928,42.728,40.228,25.0,45.0,140.0,,50.55200000000002,1.01,36.49,,,0,trial
2026-07-07T20:35:24,pid_hot_humid_bursty_r2,pid,hot_humid,bursty,2,43.237,42.937,42.737,40.237,25.0,45.0,140.0,,50.55200000000002,1.01,36.49,,,0,trial
2026-07-07T20:35:24,pid_hot_humid_bursty_r2,pid,hot_humid,bursty,2,43.245,42.945,42.745,40.245,25.0,45.0,140.0,,50.55200000000002,1.01,36.48,,,0,trial
2026-07-07T20:35:24,pid_hot_humid_bursty_r2,pid,hot_humid,bursty,2,43.254,42.954,42.754,40.254,25.0,45.0,140.0,,50.55200000000002,1.01,36.47,,,0,trial
2026-07-07T20:35:24,pid_hot_humid_bursty_r2,pid,hot_humid,bursty,2,43.263,42.963,42.763,40.263,25.0,45.0,140.0,,50.55200000000002,1.01,36.46,,,0,trial
2026-07-07T20:35:24,pid_hot_humid_bursty_r2,pid,hot_humid,bursty,2,43.272,42.972,42.772,40.272,25.0,45.0,140.0,,50.55200000000002,1.01,36.45,,,0,trial
2026-07-07T20:35:24,pid_hot_humid_bursty_r2,pid,hot_humid,bursty,2,43.28,42.98,42.78,40.28,25.0,45.0,140.0,,50.55200000000002,1.01,36.44,,,0,trial
2026-07-07T20:35:24,pid_hot_humid_bursty_r2,pid,hot_humid,bursty,2,43.289,42.989,42.789,40.289,25.0,45.0,140.0,,50.55200000000002,1.01,36.43,,,0,trial
2026-07-07T20:35:24,pid_hot_humid_bursty_r2,pid,hot_humid,bursty,2,43.298,42.998,42.798,40.298,25.0,45.0,140.0,,50.55200000000002,1.01,36.43,,,0,trial
2026-07-07T20:35:24,pid_hot_humid_bursty_r2,pid,hot_humid,bursty,2,43.307,43.007,42.807,40.307,25.0,45.0,140.0,,50.55200000000002,1.01,36.42,,,0,trial
2026-07-07T20:35:24,pid_hot_humid_bursty_r2,pid,hot_humid,bursty,2,43.315,43.015,42.815,40.315,25.0,45.0,140.0,,50.55200000000002,1.01,36.41,,,0,trial
2026-07-07T20:35:24,pid_hot_humid_bursty_r2,pid,hot_humid,bursty,2,43.324,43.024,42.824,40.324,25.0,45.0,140.0,,50.55200000000002,1.01,36.4,,,0,trial
2026-07-07T20:35:24,pid_hot_humid_bursty_r2,pid,hot_humid,bursty,2,43.333,43.033,42.833,40.333,25.0,45.0,140.0,,50.55200000000002,1.01,36.39,,,0,trial
2026-07-07T20:35:24,pid_hot_humid_bursty_r2,pid,hot_humid,bursty,2,43.341,43.041,42.841,40.341,25.0,45.0,140.0,,52.66399999999999,1.05,36.38,,,0,trial
2026-07-07T20:35:24,pid_hot_humid_bursty_r2,pid,hot_humid,bursty,2,43.35,43.05,42.85,40.35,25.0,45.0,140.0,,52.66399999999999,1.05,36.37,,,0,trial
2026-07-07T20:35:24,pid_hot_humid_bursty_r2,pid,hot_humid,bursty,2,43.358,43.058,42.858,40.358,25.0,45.0,140.0,,52.66399999999999,1.05,36.36,,,0,trial
2026-07-07T20:35:24,pid_hot_humid_bursty_r2,pid,hot_humid,bursty,2,43.367,43.067,42.867,40.367,25.0,45.0,140.0,,52.66399999999999,1.05,36.35,,,0,trial
2026-07-07T20:35:24,pid_hot_humid_bursty_r2,pid,hot_humid,bursty,2,43.375,43.075,42.875,40.375,25.0,45.0,140.0,,52.66399999999999,1.05,36.34,,,0,trial
2026-07-07T20:35:24,pid_hot_humid_bursty_r2,pid,hot_humid,bursty,2,43.384,43.084,42.884,40.384,25.0,45.0,140.0,,52.66399999999999,1.05,36.34,,,0,trial
2026-07-07T20:35:24,pid_hot_humid_bursty_r2,pid,hot_humid,bursty,2,43.392,43.092,42.892,40.392,25.0,45.0,140.0,,52.66399999999999,1.05,36.33,,,0,trial
2026-07-07T20:35:24,pid_hot_humid_bursty_r2,pid,hot_humid,bursty,2,43.4,43.1,42.9,40.4,25.0,45.0,140.0,,52.66399999999999,1.05,36.32,,,0,trial
2026-07-07T20:35:24,pid_hot_humid_bursty_r2,pid,hot_humid,bursty,2,43.409,43.109,42.909,40.409,25.0,45.0,140.0,,52.66399999999999,1.05,36.31,,,0,trial
2026-07-07T20:35:24,pid_hot_humid_bursty_r2,pid,hot_humid,bursty,2,43.417,43.117,42.917,40.417,25.0,45.0,140.0,,52.66399999999999,1.05,36.3,,,0,trial
2026-07-07T20:35:24,pid_hot_humid_bursty_r2,pid,hot_humid,bursty,2,43.426,43.126,42.926,40.426,25.0,45.0,140.0,,52.66399999999999,1.05,36.29,,,0,trial
2026-07-07T20:35:24,pid_hot_humid_bursty_r2,pid,hot_humid,bursty,2,43.434,43.134,42.934,40.434,25.0,45.0,140.0,,52.66399999999999,1.05,36.28,,,0,trial
2026-07-07T20:35:24,pid_hot_humid_bursty_r2,pid,hot_humid,bursty,2,43.443,43.143,42.943,40.443,25.0,45.0,140.0,,52.66399999999999,1.05,36.27,,,0,trial
2026-07-07T20:35:24,pid_hot_humid_bursty_r2,pid,hot_humid,bursty,2,43.451,43.151,42.951,40.451,25.0,45.0,140.0,,52.66399999999999,1.05,36.26,,,0,trial
2026-07-07T20:35:24,pid_hot_humid_bursty_r2,pid,hot_humid,bursty,2,43.459,43.159,42.959,40.459,25.0,45.0,140.0,,52.66399999999999,1.05,36.25,,,0,trial
2026-07-07T20:35:24,pid_hot_humid_bursty_r2,pid,hot_humid,bursty,2,43.468,43.168,42.968,40.468,25.0,45.0,140.0,,52.66399999999999,1.05,36.24,,,0,trial
2026-07-07T20:35:24,pid_hot_humid_bursty_r2,pid,hot_humid,bursty,2,43.476,43.176,42.976,40.476,25.0,45.0,140.0,,52.66399999999999,1.05,36.23,,,0,trial
2026-07-07T20:35:24,pid_hot_humid_bursty_r2,pid,hot_humid,bursty,2,43.485,43.185,42.985,40.485,25.0,45.0,140.0,,52.66399999999999,1.05,36.22,,,0,trial
2026-07-07T20:35:24,pid_hot_humid_bursty_r2,pid,hot_humid,bursty,2,43.493,43.193,42.993,40.493,25.0,45.0,140.0,,52.66399999999999,1.05,36.21,,,0,trial
2026-07-07T20:35:24,pid_hot_humid_bursty_r2,pid,hot_humid,bursty,2,43.502,43.202,43.002,40.502,25.0,45.0,140.0,,52.66399999999999,1.05,36.2,,,0,trial
2026-07-07T20:35:24,pid_hot_humid_bursty_r2,pid,hot_humid,bursty,2,43.51,43.21,43.01,40.51,25.0,45.0,140.0,,52.66399999999999,1.05,36.19,,,0,trial
2026-07-07T20:35:24,pid_hot_humid_bursty_r2,pid,hot_humid,bursty,2,43.518,43.218,43.018,40.518,25.0,45.0,140.0,,52.66399999999999,1.05,36.18,,,0,trial
2026-07-07T20:35:24,pid_hot_humid_bursty_r2,pid,hot_humid,bursty,2,43.527,43.227,43.027,40.527,25.0,45.0,140.0,,52.66399999999999,1.05,36.17,,,0,trial
2026-07-07T20:35:24,pid_hot_humid_bursty_r2,pid,hot_humid,bursty,2,43.535,43.235,43.035,40.535,25.0,45.0,140.0,,52.66399999999999,1.05,36.16,,,0,trial
2026-07-07T20:35:24,pid_hot_humid_bursty_r2,pid,hot_humid,bursty,2,43.543,43.243,43.043,40.543,25.0,45.0,140.0,,52.66399999999999,1.05,36.15,,,0,trial
2026-07-07T20:35:24,pid_hot_humid_bursty_r2,pid,hot_humid,bursty,2,43.552,43.252,43.052,40.552,25.0,45.0,140.0,,52.66399999999999,1.05,36.14,,,0,trial
2026-07-07T20:35:24,pid_hot_humid_bursty_r2,pid,hot_humid,bursty,2,43.56,43.26,43.06,40.56,25.0,45.0,140.0,,52.66399999999999,1.05,36.13,,,0,trial
2026-07-07T20:35:24,pid_hot_humid_bursty_r2,pid,hot_humid,bursty,2,43.569,43.269,43.069,40.569,25.0,45.0,140.0,,52.66399999999999,1.05,36.12,,,0,trial
2026-07-07T20:35:24,pid_hot_humid_bursty_r2,pid,hot_humid,bursty,2,43.577,43.277,43.077,40.577,25.0,45.0,140.0,,52.66399999999999,1.05,36.11,,,0,trial
2026-07-07T20:35:24,pid_hot_humid_bursty_r2,pid,hot_humid,bursty,2,43.585,43.285,43.085,40.585,25.0,45.0,140.0,,52.66399999999999,1.05,36.1,,,0,trial
2026-07-07T20:35:24,pid_hot_humid_bursty_r2,pid,hot_humid,bursty,2,43.593,43.293,43.093,40.593,25.0,45.0,140.0,,54.68000000000001,1.09,36.09,,,0,trial
2026-07-07T20:35:24,pid_hot_humid_bursty_r2,pid,hot_humid,bursty,2,43.602,43.302,43.102,40.602,25.0,45.0,140.0,,54.68000000000001,1.09,36.08,,,0,trial
2026-07-07T20:35:24,pid_hot_humid_bursty_r2,pid,hot_humid,bursty,2,43.61,43.31,43.11,40.61,25.0,45.0,140.0,,54.68000000000001,1.09,36.07,,,0,trial
2026-07-07T20:35:24,pid_hot_humid_bursty_r2,pid,hot_humid,bursty,2,43.618,43.318,43.118,40.618,25.0,45.0,140.0,,54.68000000000001,1.09,36.06,,,0,trial
2026-07-07T20:35:24,pid_hot_humid_bursty_r2,pid,hot_humid,bursty,2,43.626,43.326,43.126,40.626,25.0,45.0,140.0,,54.68000000000001,1.09,36.05,,,0,trial
2026-07-07T20:35:24,pid_hot_humid_bursty_r2,pid,hot_humid,bursty,2,43.634,43.334,43.134,40.634,25.0,45.0,140.0,,54.68000000000001,1.09,36.04,,,0,trial
2026-07-07T20:35:24,pid_hot_humid_bursty_r2,pid,hot_humid,bursty,2,43.642,43.342,43.142,40.642,25.0,45.0,140.0,,54.68000000000001,1.09,36.03,,,0,trial
2026-07-07T20:35:24,pid_hot_humid_bursty_r2,pid,hot_humid,bursty,2,43.65,43.35,43.15,40.65,25.0,45.0,140.0,,54.68000000000001,1.09,36.02,,,0,trial
2026-07-07T20:35:24,pid_hot_humid_bursty_r2,pid,hot_humid,bursty,2,43.658,43.358,43.158,40.658,25.0,45.0,140.0,,54.68000000000001,1.09,36.01,,,0,trial
2026-07-07T20:35:24,pid_hot_humid_bursty_r2,pid,hot_humid,bursty,2,43.666,43.366,43.166,40.666,25.0,45.0,140.0,,54.68000000000001,1.09,36.0,,,0,trial
2026-07-07T20:35:24,pid_hot_humid_bursty_r2,pid,hot_humid,bursty,2,43.674,43.374,43.174,40.674,25.0,45.0,140.0,,54.68000000000001,1.09,35.99,,,0,trial
2026-07-07T20:35:24,pid_hot_humid_bursty_r2,pid,hot_humid,bursty,2,43.683,43.383,43.183,40.683,25.0,45.0,140.0,,54.68000000000001,1.09,35.97,,,0,trial
2026-07-07T20:35:24,pid_hot_humid_bursty_r2,pid,hot_humid,bursty,2,43.691,43.391,43.191,40.691,25.0,45.0,140.0,,54.68000000000001,1.09,35.96,,,0,trial
2026-07-07T20:35:24,pid_hot_humid_bursty_r2,pid,hot_humid,bursty,2,43.699,43.399,43.199,40.699,25.0,45.0,140.0,,54.68000000000001,1.09,35.95,,,0,trial
2026-07-07T20:35:24,pid_hot_humid_bursty_r2,pid,hot_humid,bursty,2,43.707,43.407,43.207,40.707,25.0,45.0,140.0,,54.68000000000001,1.09,35.94,,,0,trial
2026-07-07T20:35:24,pid_hot_humid_bursty_r2,pid,hot_humid,bursty,2,43.715,43.415,43.215,40.715,25.0,45.0,140.0,,54.68000000000001,1.09,35.93,,,0,trial
2026-07-07T20:35:24,pid_hot_humid_bursty_r2,pid,hot_humid,bursty,2,43.723,43.423,43.223,40.723,25.0,45.0,140.0,,54.68000000000001,1.09,35.92,,,0,trial
2026-07-07T20:35:24,pid_hot_humid_bursty_r2,pid,hot_humid,bursty,2,43.731,43.431,43.231,40.731,25.0,45.0,140.0,,54.68000000000001,1.09,35.91,,,0,trial
2026-07-07T20:35:24,pid_hot_humid_bursty_r2,pid,hot_humid,bursty,2,43.739,43.439,43.239,40.739,25.0,45.0,140.0,,54.68000000000001,1.09,35.9,,,0,trial
2026-07-07T20:35:24,pid_hot_humid_bursty_r2,pid,hot_humid,bursty,2,43.747,43.447,43.247,40.747,25.0,45.0,140.0,,54.68000000000001,1.09,35.89,,,0,trial
2026-07-07T20:35:24,pid_hot_humid_bursty_r2,pid,hot_humid,bursty,2,43.755,43.455,43.255,40.755,25.0,45.0,140.0,,54.68000000000001,1.09,35.88,,,0,trial
2026-07-07T20:35:24,pid_hot_humid_bursty_r2,pid,hot_humid,bursty,2,43.763,43.463,43.263,40.763,25.0,45.0,140.0,,54.68000000000001,1.09,35.87,,,0,trial
2026-07-07T20:35:24,pid_hot_humid_bursty_r2,pid,hot_humid,bursty,2,43.771,43.471,43.271,40.771,25.0,45.0,140.0,,54.68000000000001,1.09,35.85,,,0,trial
2026-07-07T20:35:24,pid_hot_humid_bursty_r2,pid,hot_humid,bursty,2,43.779,43.479,43.279,40.779,25.0,45.0,140.0,,54.68000000000001,1.09,35.84,,,0,trial
2026-07-07T20:35:24,pid_hot_humid_bursty_r2,pid,hot_humid,bursty,2,43.787,43.487,43.287,40.787,25.0,45.0,140.0,,54.68000000000001,1.09,35.83,,,0,trial
2026-07-07T20:35:24,pid_hot_humid_bursty_r2,pid,hot_humid,bursty,2,43.795,43.495,43.295,40.795,25.0,45.0,140.0,,54.68000000000001,1.09,35.82,,,0,trial
2026-07-07T20:35:24,pid_hot_humid_bursty_r2,pid,hot_humid,bursty,2,43.803,43.503,43.303,40.803,25.0,45.0,140.0,,54.68000000000001,1.09,35.81,,,0,trial
2026-07-07T20:35:24,pid_hot_humid_bursty_r2,pid,hot_humid,bursty,2,43.811,43.511,43.311,40.811,25.0,45.0,140.0,,54.68000000000001,1.09,35.8,,,0,trial
2026-07-07T20:35:24,pid_hot_humid_bursty_r2,pid,hot_humid,bursty,2,43.819,43.519,43.319,40.819,25.0,45.0,140.0,,54.68000000000001,1.09,35.79,,,0,trial
2026-07-07T20:35:24,pid_hot_humid_bursty_r2,pid,hot_humid,bursty,2,43.817,43.517,43.317,40.817,25.0,45.0,60.0,,54.68000000000001,1.09,35.78,,,0,trial
2026-07-07T20:35:24,pid_hot_humid_bursty_r2,pid,hot_humid,bursty,2,43.814,43.514,43.314,40.814,25.0,45.0,60.0,,56.536,1.13,35.76,,,0,trial
2026-07-07T20:35:24,pid_hot_humid_bursty_r2,pid,hot_humid,bursty,2,43.811,43.511,43.311,40.811,25.0,45.0,60.0,,56.536,1.13,35.75,,,0,trial
2026-07-07T20:35:24,pid_hot_humid_bursty_r2,pid,hot_humid,bursty,2,43.809,43.509,43.309,40.809,25.0,45.0,60.0,,56.536,1.13,35.74,,,0,trial
2026-07-07T20:35:24,pid_hot_humid_bursty_r2,pid,hot_humid,bursty,2,43.806,43.506,43.306,40.806,25.0,45.0,60.0,,56.536,1.13,35.73,,,0,trial
2026-07-07T20:35:24,pid_hot_humid_bursty_r2,pid,hot_humid,bursty,2,43.803,43.503,43.303,40.803,25.0,45.0,60.0,,56.536,1.13,35.72,,,0,trial
2026-07-07T20:35:24,pid_hot_humid_bursty_r2,pid,hot_humid,bursty,2,43.8,43.5,43.3,40.8,25.0,45.0,60.0,,56.536,1.13,35.71,,,0,trial
2026-07-07T20:35:24,pid_hot_humid_bursty_r2,pid,hot_humid,bursty,2,43.798,43.498,43.298,40.798,25.0,45.0,60.0,,56.536,1.13,35.7,,,0,trial
2026-07-07T20:35:24,pid_hot_humid_bursty_r2,pid,hot_humid,bursty,2,43.795,43.495,43.295,40.795,25.0,45.0,60.0,,56.536,1.13,35.68,,,0,trial
2026-07-07T20:35:24,pid_hot_humid_bursty_r2,pid,hot_humid,bursty,2,43.792,43.492,43.292,40.792,25.0,45.0,60.0,,56.536,1.13,35.67,,,0,trial
2026-07-07T20:35:24,pid_hot_humid_bursty_r2,pid,hot_humid,bursty,2,43.79,43.49,43.29,40.79,25.0,45.0,60.0,,56.536,1.13,35.66,,,0,trial
2026-07-07T20:35:24,pid_hot_humid_bursty_r2,pid,hot_humid,bursty,2,43.787,43.487,43.287,40.787,25.0,45.0,60.0,,56.536,1.13,35.65,,,0,trial
2026-07-07T20:35:24,pid_hot_humid_bursty_r2,pid,hot_humid,bursty,2,43.784,43.484,43.284,40.784,25.0,45.0,60.0,,56.536,1.13,35.64,,,0,trial
2026-07-07T20:35:24,pid_hot_humid_bursty_r2,pid,hot_humid,bursty,2,43.781,43.481,43.281,40.781,25.0,45.0,60.0,,56.536,1.13,35.63,,,0,trial
2026-07-07T20:35:24,pid_hot_humid_bursty_r2,pid,hot_humid,bursty,2,43.779,43.479,43.279,40.779,25.0,45.0,60.0,,56.536,1.13,35.61,,,0,trial
2026-07-07T20:35:24,pid_hot_humid_bursty_r2,pid,hot_humid,bursty,2,43.776,43.476,43.276,40.776,25.0,45.0,60.0,,56.536,1.13,35.6,,,0,trial
2026-07-07T20:35:24,pid_hot_humid_bursty_r2,pid,hot_humid,bursty,2,43.773,43.473,43.273,40.773,25.0,45.0,60.0,,56.536,1.13,35.59,,,0,trial
2026-07-07T20:35:24,pid_hot_humid_bursty_r2,pid,hot_humid,bursty,2,43.771,43.471,43.271,40.771,25.0,45.0,60.0,,56.536,1.13,35.58,,,0,trial
2026-07-07T20:35:24,pid_hot_humid_bursty_r2,pid,hot_humid,bursty,2,43.768,43.468,43.268,40.768,25.0,45.0,60.0,,56.536,1.13,35.57,,,0,trial
2026-07-07T20:35:24,pid_hot_humid_bursty_r2,pid,hot_humid,bursty,2,43.765,43.465,43.265,40.765,25.0,45.0,60.0,,56.536,1.13,35.56,,,0,trial
2026-07-07T20:35:24,pid_hot_humid_bursty_r2,pid,hot_humid,bursty,2,43.763,43.463,43.263,40.763,25.0,45.0,60.0,,56.536,1.13,35.54,,,0,trial
2026-07-07T20:35:24,pid_hot_humid_bursty_r2,pid,hot_humid,bursty,2,43.76,43.46,43.26,40.76,25.0,45.0,60.0,,56.536,1.13,35.53,,,0,trial
2026-07-07T20:35:24,pid_hot_humid_bursty_r2,pid,hot_humid,bursty,2,43.757,43.457,43.257,40.757,25.0,45.0,60.0,,56.536,1.13,35.52,,,0,trial
2026-07-07T20:35:24,pid_hot_humid_bursty_r2,pid,hot_humid,bursty,2,43.754,43.454,43.254,40.754,25.0,45.0,60.0,,56.536,1.13,35.51,,,0,trial
2026-07-07T20:35:24,pid_hot_humid_bursty_r2,pid,hot_humid,bursty,2,43.752,43.452,43.252,40.752,25.0,45.0,60.0,,56.536,1.13,35.5,,,0,trial
2026-07-07T20:35:24,pid_hot_humid_bursty_r2,pid,hot_humid,bursty,2,43.749,43.449,43.249,40.749,25.0,45.0,60.0,,56.536,1.13,35.48,,,0,trial
2026-07-07T20:35:24,pid_hot_humid_bursty_r2,pid,hot_humid,bursty,2,43.746,43.446,43.246,40.746,25.0,45.0,60.0,,56.536,1.13,35.47,,,0,trial
2026-07-07T20:35:24,pid_hot_humid_bursty_r2,pid,hot_humid,bursty,2,43.744,43.444,43.244,40.744,25.0,45.0,60.0,,56.536,1.13,35.46,,,0,trial
2026-07-07T20:35:24,pid_hot_humid_bursty_r2,pid,hot_humid,bursty,2,43.741,43.441,43.241,40.741,25.0,45.0,60.0,,56.536,1.13,35.45,,,0,trial
2026-07-07T20:35:24,pid_hot_humid_bursty_r2,pid,hot_humid,bursty,2,43.738,43.438,43.238,40.738,25.0,45.0,60.0,,56.536,1.13,35.44,,,0,trial
2026-07-07T20:35:24,pid_hot_humid_bursty_r2,pid,hot_humid,bursty,2,43.736,43.436,43.236,40.736,25.0,45.0,60.0,,56.536,1.13,35.42,,,0,trial
2026-07-07T20:35:24,pid_hot_humid_bursty_r2,pid,hot_humid,bursty,2,43.733,43.433,43.233,40.733,25.0,45.0,60.0,,55.88799999999998,1.12,35.41,,,0,trial
2026-07-07T20:35:24,pid_hot_humid_bursty_r2,pid,hot_humid,bursty,2,43.73,43.43,43.23,40.73,25.0,45.0,60.0,,55.88799999999998,1.12,35.4,,,0,trial
2026-07-07T20:35:24,pid_hot_humid_bursty_r2,pid,hot_humid,bursty,2,43.728,43.428,43.228,40.728,25.0,45.0,60.0,,55.88799999999998,1.12,35.39,,,0,trial
2026-07-07T20:35:24,pid_hot_humid_bursty_r2,pid,hot_humid,bursty,2,43.725,43.425,43.225,40.725,25.0,45.0,60.0,,55.88799999999998,1.12,35.37,,,0,trial
2026-07-07T20:35:24,pid_hot_humid_bursty_r2,pid,hot_humid,bursty,2,43.723,43.423,43.223,40.723,25.0,45.0,60.0,,55.88799999999998,1.12,35.36,,,0,trial
2026-07-07T20:35:24,pid_hot_humid_bursty_r2,pid,hot_humid,bursty,2,43.72,43.42,43.22,40.72,25.0,45.0,60.0,,55.88799999999998,1.12,35.35,,,0,trial
2026-07-07T20:35:24,pid_hot_humid_bursty_r2,pid,hot_humid,bursty,2,43.717,43.417,43.217,40.717,25.0,45.0,60.0,,55.88799999999998,1.12,35.34,,,0,trial
2026-07-07T20:35:24,pid_hot_humid_bursty_r2,pid,hot_humid,bursty,2,43.715,43.415,43.215,40.715,25.0,45.0,60.0,,55.88799999999998,1.12,35.33,,,0,trial
2026-07-07T20:35:24,pid_hot_humid_bursty_r2,pid,hot_humid,bursty,2,43.712,43.412,43.212,40.712,25.0,45.0,60.0,,55.88799999999998,1.12,35.31,,,0,trial
2026-07-07T20:35:24,pid_hot_humid_bursty_r2,pid,hot_humid,bursty,2,43.71,43.41,43.21,40.71,25.0,45.0,60.0,,55.88799999999998,1.12,35.3,,,0,trial
2026-07-07T20:35:24,pid_hot_humid_bursty_r2,pid,hot_humid,bursty,2,43.707,43.407,43.207,40.707,25.0,45.0,60.0,,55.88799999999998,1.12,35.29,,,0,trial
2026-07-07T20:35:24,pid_hot_humid_bursty_r2,pid,hot_humid,bursty,2,43.704,43.404,43.204,40.704,25.0,45.0,60.0,,55.88799999999998,1.12,35.28,,,0,trial
2026-07-07T20:35:24,pid_hot_humid_bursty_r2,pid,hot_humid,bursty,2,43.702,43.402,43.202,40.702,25.0,45.0,60.0,,55.88799999999998,1.12,35.26,,,0,trial
2026-07-07T20:35:24,pid_hot_humid_bursty_r2,pid,hot_humid,bursty,2,43.699,43.399,43.199,40.699,25.0,45.0,60.0,,55.88799999999998,1.12,35.25,,,0,trial
2026-07-07T20:35:24,pid_hot_humid_bursty_r2,pid,hot_humid,bursty,2,43.697,43.397,43.197,40.697,25.0,45.0,60.0,,55.88799999999998,1.12,35.24,,,0,trial
2026-07-07T20:35:24,pid_hot_humid_bursty_r2,pid,hot_humid,bursty,2,43.694,43.394,43.194,40.694,25.0,45.0,60.0,,55.88799999999998,1.12,35.23,,,0,trial
2026-07-07T20:35:24,pid_hot_humid_bursty_r2,pid,hot_humid,bursty,2,43.692,43.392,43.192,40.692,25.0,45.0,60.0,,55.88799999999998,1.12,35.21,,,0,trial
2026-07-07T20:35:24,pid_hot_humid_bursty_r2,pid,hot_humid,bursty,2,43.689,43.389,43.189,40.689,25.0,45.0,60.0,,55.88799999999998,1.12,35.2,,,0,trial
2026-07-07T20:35:24,pid_hot_humid_bursty_r2,pid,hot_humid,bursty,2,43.686,43.386,43.186,40.686,25.0,45.0,60.0,,55.88799999999998,1.12,35.19,,,0,trial
2026-07-07T20:35:24,pid_hot_humid_bursty_r2,pid,hot_humid,bursty,2,43.684,43.384,43.184,40.684,25.0,45.0,60.0,,55.88799999999998,1.12,35.18,,,0,trial
2026-07-07T20:35:24,pid_hot_humid_bursty_r2,pid,hot_humid,bursty,2,43.681,43.381,43.181,40.681,25.0,45.0,60.0,,55.88799999999998,1.12,35.16,,,0,trial
2026-07-07T20:35:24,pid_hot_humid_bursty_r2,pid,hot_humid,bursty,2,43.679,43.379,43.179,40.679,25.0,45.0,60.0,,55.88799999999998,1.12,35.15,,,0,trial
2026-07-07T20:35:24,pid_hot_humid_bursty_r2,pid,hot_humid,bursty,2,43.676,43.376,43.176,40.676,25.0,45.0,60.0,,55.88799999999998,1.12,35.14,,,0,trial
2026-07-07T20:35:24,pid_hot_humid_bursty_r2,pid,hot_humid,bursty,2,43.673,43.373,43.173,40.673,25.0,45.0,60.0,,55.88799999999998,1.12,35.13,,,0,trial
2026-07-07T20:35:24,pid_hot_humid_bursty_r2,pid,hot_humid,bursty,2,43.671,43.371,43.171,40.671,25.0,45.0,60.0,,55.88799999999998,1.12,35.11,,,0,trial
2026-07-07T20:35:24,pid_hot_humid_bursty_r2,pid,hot_humid,bursty,2,43.668,43.368,43.168,40.668,25.0,45.0,60.0,,55.88799999999998,1.12,35.1,,,0,trial
2026-07-07T20:35:24,pid_hot_humid_bursty_r2,pid,hot_humid,bursty,2,43.666,43.366,43.166,40.666,25.0,45.0,60.0,,55.88799999999998,1.12,35.09,,,0,trial
2026-07-07T20:35:24,pid_hot_humid_bursty_r2,pid,hot_humid,bursty,2,43.663,43.363,43.163,40.663,25.0,45.0,60.0,,55.88799999999998,1.12,35.07,,,0,trial
2026-07-07T20:35:24,pid_hot_humid_bursty_r2,pid,hot_humid,bursty,2,43.661,43.361,43.161,40.661,25.0,45.0,60.0,,55.88799999999998,1.12,35.06,,,0,trial
2026-07-07T20:35:24,pid_hot_humid_bursty_r2,pid,hot_humid,bursty,2,43.658,43.358,43.158,40.658,25.0,45.0,60.0,,55.88799999999998,1.12,35.05,,,0,trial
2026-07-07T20:35:24,pid_hot_humid_bursty_r2,pid,hot_humid,bursty,2,43.656,43.356,43.156,40.656,25.0,45.0,60.0,,55.26400000000001,1.11,35.04,,,0,trial
2026-07-07T20:35:24,pid_hot_humid_bursty_r2,pid,hot_humid,bursty,2,43.653,43.353,43.153,40.653,25.0,45.0,60.0,,55.26400000000001,1.11,35.02,,,0,trial
2026-07-07T20:35:24,pid_hot_humid_bursty_r2,pid,hot_humid,bursty,2,43.651,43.351,43.151,40.651,25.0,45.0,60.0,,55.26400000000001,1.11,35.01,,,0,trial
2026-07-07T20:35:24,pid_hot_humid_bursty_r2,pid,hot_humid,bursty,2,43.648,43.348,43.148,40.648,25.0,45.0,60.0,,55.26400000000001,1.11,35.0,,,0,trial
2026-07-07T20:35:24,pid_hot_humid_bursty_r2,pid,hot_humid,bursty,2,43.646,43.346,43.146,40.646,25.0,45.0,60.0,,55.26400000000001,1.11,34.99,,,0,trial
2026-07-07T20:35:24,pid_hot_humid_bursty_r2,pid,hot_humid,bursty,2,43.643,43.343,43.143,40.643,25.0,45.0,60.0,,55.26400000000001,1.11,34.97,,,0,trial
2026-07-07T20:35:24,pid_hot_humid_bursty_r2,pid,hot_humid,bursty,2,43.641,43.341,43.141,40.641,25.0,45.0,60.0,,55.26400000000001,1.11,34.96,,,0,trial
2026-07-07T20:35:24,pid_hot_humid_bursty_r2,pid,hot_humid,bursty,2,43.638,43.338,43.138,40.638,25.0,45.0,60.0,,55.26400000000001,1.11,34.95,,,0,trial
2026-07-07T20:35:24,pid_hot_humid_bursty_r2,pid,hot_humid,bursty,2,43.636,43.336,43.136,40.636,25.0,45.0,60.0,,55.26400000000001,1.11,34.93,,,0,trial
2026-07-07T20:35:24,pid_hot_humid_bursty_r2,pid,hot_humid,bursty,2,43.633,43.333,43.133,40.633,25.0,45.0,60.0,,55.26400000000001,1.11,34.92,,,0,trial
2026-07-07T20:35:24,pid_hot_humid_bursty_r2,pid,hot_humid,bursty,2,43.631,43.331,43.131,40.631,25.0,45.0,60.0,,55.26400000000001,1.11,34.91,,,0,trial
2026-07-07T20:35:24,pid_hot_humid_bursty_r2,pid,hot_humid,bursty,2,43.628,43.328,43.128,40.628,25.0,45.0,60.0,,55.26400000000001,1.11,34.9,,,0,trial
2026-07-07T20:35:24,pid_hot_humid_bursty_r2,pid,hot_humid,bursty,2,43.626,43.326,43.126,40.626,25.0,45.0,60.0,,55.26400000000001,1.11,34.88,,,0,trial
2026-07-07T20:35:24,pid_hot_humid_bursty_r2,pid,hot_humid,bursty,2,43.623,43.323,43.123,40.623,25.0,45.0,60.0,,55.26400000000001,1.11,34.87,,,0,trial
2026-07-07T20:35:24,pid_hot_humid_bursty_r2,pid,hot_humid,bursty,2,43.621,43.321,43.121,40.621,25.0,45.0,60.0,,55.26400000000001,1.11,34.86,,,0,trial
2026-07-07T20:35:24,pid_hot_humid_bursty_r2,pid,hot_humid,bursty,2,43.618,43.318,43.118,40.618,25.0,45.0,60.0,,55.26400000000001,1.11,34.84,,,0,trial
2026-07-07T20:35:24,pid_hot_humid_bursty_r2,pid,hot_humid,bursty,2,43.616,43.316,43.116,40.616,25.0,45.0,60.0,,55.26400000000001,1.11,34.83,,,0,trial
2026-07-07T20:35:24,pid_hot_humid_bursty_r2,pid,hot_humid,bursty,2,43.613,43.313,43.113,40.613,25.0,45.0,60.0,,55.26400000000001,1.11,34.82,,,0,trial
2026-07-07T20:35:24,pid_hot_humid_bursty_r2,pid,hot_humid,bursty,2,43.611,43.311,43.111,40.611,25.0,45.0,60.0,,55.26400000000001,1.11,34.81,,,0,trial
2026-07-07T20:35:24,pid_hot_humid_bursty_r2,pid,hot_humid,bursty,2,43.608,43.308,43.108,40.608,25.0,45.0,60.0,,55.26400000000001,1.11,34.79,,,0,trial
2026-07-07T20:35:24,pid_hot_humid_bursty_r2,pid,hot_humid,bursty,2,43.606,43.306,43.106,40.606,25.0,45.0,60.0,,55.26400000000001,1.11,34.78,,,0,trial
2026-07-07T20:35:24,pid_hot_humid_bursty_r2,pid,hot_humid,bursty,2,43.603,43.303,43.103,40.603,25.0,45.0,60.0,,55.26400000000001,1.11,34.77,,,0,trial
2026-07-07T20:35:24,pid_hot_humid_bursty_r2,pid,hot_humid,bursty,2,43.601,43.301,43.101,40.601,25.0,45.0,60.0,,55.26400000000001,1.11,34.75,,,0,trial
2026-07-07T20:35:24,pid_hot_humid_bursty_r2,pid,hot_humid,bursty,2,43.598,43.298,43.098,40.598,25.0,45.0,60.0,,55.26400000000001,1.11,34.74,,,0,trial
2026-07-07T20:35:24,pid_hot_humid_bursty_r2,pid,hot_humid,bursty,2,43.596,43.296,43.096,40.596,25.0,45.0,60.0,,55.26400000000001,1.11,34.73,,,0,trial
2026-07-07T20:35:24,pid_hot_humid_bursty_r2,pid,hot_humid,bursty,2,43.594,43.294,43.094,40.594,25.0,45.0,60.0,,55.26400000000001,1.11,34.71,,,0,trial
2026-07-07T20:35:24,pid_hot_humid_bursty_r2,pid,hot_humid,bursty,2,43.591,43.291,43.091,40.591,25.0,45.0,60.0,,55.26400000000001,1.11,34.7,,,0,trial
2026-07-07T20:35:24,pid_hot_humid_bursty_r2,pid,hot_humid,bursty,2,43.589,43.289,43.089,40.589,25.0,45.0,60.0,,55.26400000000001,1.11,34.69,,,0,trial
2026-07-07T20:35:24,pid_hot_humid_bursty_r2,pid,hot_humid,bursty,2,43.586,43.286,43.086,40.586,25.0,45.0,60.0,,55.26400000000001,1.11,34.68,,,0,trial
2026-07-07T20:35:24,pid_hot_humid_bursty_r2,pid,hot_humid,bursty,2,43.584,43.284,43.084,40.584,25.0,45.0,60.0,,55.26400000000001,1.11,34.66,,,0,trial
2026-07-07T20:35:24,pid_hot_humid_bursty_r2,pid,hot_humid,bursty,2,43.581,43.281,43.081,40.581,25.0,45.0,60.0,,54.672000000000025,1.09,34.65,,,0,trial
2026-07-07T20:35:24,pid_hot_humid_bursty_r2,pid,hot_humid,bursty,2,43.579,43.279,43.079,40.579,25.0,45.0,60.0,,54.672000000000025,1.09,34.64,,,0,trial
2026-07-07T20:35:24,pid_hot_humid_bursty_r2,pid,hot_humid,bursty,2,43.577,43.277,43.077,40.577,25.0,45.0,60.0,,54.672000000000025,1.09,34.62,,,0,trial
2026-07-07T20:35:24,pid_hot_humid_bursty_r2,pid,hot_humid,bursty,2,43.574,43.274,43.074,40.574,25.0,45.0,60.0,,54.672000000000025,1.09,34.61,,,0,trial
2026-07-07T20:35:24,pid_hot_humid_bursty_r2,pid,hot_humid,bursty,2,43.572,43.272,43.072,40.572,25.0,45.0,60.0,,54.672000000000025,1.09,34.6,,,0,trial
2026-07-07T20:35:24,pid_hot_humid_bursty_r2,pid,hot_humid,bursty,2,43.569,43.269,43.069,40.569,25.0,45.0,60.0,,54.672000000000025,1.09,34.58,,,0,trial
2026-07-07T20:35:24,pid_hot_humid_bursty_r2,pid,hot_humid,bursty,2,43.567,43.267,43.067,40.567,25.0,45.0,60.0,,54.672000000000025,1.09,34.57,,,0,trial
2026-07-07T20:35:24,pid_hot_humid_bursty_r2,pid,hot_humid,bursty,2,43.565,43.265,43.065,40.565,25.0,45.0,60.0,,54.672000000000025,1.09,34.56,,,0,trial
2026-07-07T20:35:24,pid_hot_humid_bursty_r2,pid,hot_humid,bursty,2,43.562,43.262,43.062,40.562,25.0,45.0,60.0,,54.672000000000025,1.09,34.55,,,0,trial
2026-07-07T20:35:24,pid_hot_humid_bursty_r2,pid,hot_humid,bursty,2,43.56,43.26,43.06,40.56,25.0,45.0,60.0,,54.672000000000025,1.09,34.53,,,0,trial
2026-07-07T20:35:24,pid_hot_humid_bursty_r2,pid,hot_humid,bursty,2,43.557,43.257,43.057,40.557,25.0,45.0,60.0,,54.672000000000025,1.09,34.52,,,0,trial
2026-07-07T20:35:24,pid_hot_humid_bursty_r2,pid,hot_humid,bursty,2,43.555,43.255,43.055,40.555,25.0,45.0,60.0,,54.672000000000025,1.09,34.51,,,0,trial
2026-07-07T20:35:24,pid_hot_humid_bursty_r2,pid,hot_humid,bursty,2,43.553,43.253,43.053,40.553,25.0,45.0,60.0,,54.672000000000025,1.09,34.49,,,0,trial
2026-07-07T20:35:24,pid_hot_humid_bursty_r2,pid,hot_humid,bursty,2,43.55,43.25,43.05,40.55,25.0,45.0,60.0,,54.672000000000025,1.09,34.48,,,0,trial
2026-07-07T20:35:24,pid_hot_humid_bursty_r2,pid,hot_humid,bursty,2,43.548,43.248,43.048,40.548,25.0,45.0,60.0,,54.672000000000025,1.09,34.47,,,0,trial
2026-07-07T20:35:24,pid_hot_humid_bursty_r2,pid,hot_humid,bursty,2,43.546,43.246,43.046,40.546,25.0,45.0,60.0,,54.672000000000025,1.09,34.45,,,0,trial
2026-07-07T20:35:24,pid_hot_humid_bursty_r2,pid,hot_humid,bursty,2,43.543,43.243,43.043,40.543,25.0,45.0,60.0,,54.672000000000025,1.09,34.44,,,0,trial
2026-07-07T20:35:24,pid_hot_humid_bursty_r2,pid,hot_humid,bursty,2,43.541,43.241,43.041,40.541,25.0,45.0,60.0,,54.672000000000025,1.09,34.43,,,0,trial
2026-07-07T20:35:24,pid_hot_humid_bursty_r2,pid,hot_humid,bursty,2,43.538,43.238,43.038,40.538,25.0,45.0,60.0,,54.672000000000025,1.09,34.41,,,0,trial
2026-07-07T20:35:24,pid_hot_humid_bursty_r2,pid,hot_humid,bursty,2,43.536,43.236,43.036,40.536,25.0,45.0,60.0,,54.672000000000025,1.09,34.4,,,0,trial
2026-07-07T20:35:24,pid_hot_humid_bursty_r2,pid,hot_humid,bursty,2,43.534,43.234,43.034,40.534,25.0,45.0,60.0,,54.672000000000025,1.09,34.39,,,0,trial
2026-07-07T20:35:24,pid_hot_humid_bursty_r2,pid,hot_humid,bursty,2,43.531,43.231,43.031,40.531,25.0,45.0,60.0,,54.672000000000025,1.09,34.38,,,0,trial
2026-07-07T20:35:24,pid_hot_humid_bursty_r2,pid,hot_humid,bursty,2,43.529,43.229,43.029,40.529,25.0,45.0,60.0,,54.672000000000025,1.09,34.36,,,0,trial
2026-07-07T20:35:24,pid_hot_humid_bursty_r2,pid,hot_humid,bursty,2,43.527,43.227,43.027,40.527,25.0,45.0,60.0,,54.672000000000025,1.09,34.35,,,0,trial
2026-07-07T20:35:24,pid_hot_humid_bursty_r2,pid,hot_humid,bursty,2,43.524,43.224,43.024,40.524,25.0,45.0,60.0,,54.672000000000025,1.09,34.34,,,0,trial
2026-07-07T20:35:24,pid_hot_humid_bursty_r2,pid,hot_humid,bursty,2,43.522,43.222,43.022,40.522,25.0,45.0,60.0,,54.672000000000025,1.09,34.32,,,0,trial
2026-07-07T20:35:24,pid_hot_humid_bursty_r2,pid,hot_humid,bursty,2,43.52,43.22,43.02,40.52,25.0,45.0,60.0,,54.672000000000025,1.09,34.31,,,0,trial
2026-07-07T20:35:24,pid_hot_humid_bursty_r2,pid,hot_humid,bursty,2,43.517,43.217,43.017,40.517,25.0,45.0,60.0,,54.672000000000025,1.09,34.3,,,0,trial
2026-07-07T20:35:24,pid_hot_humid_bursty_r2,pid,hot_humid,bursty,2,43.515,43.215,43.015,40.515,25.0,45.0,60.0,,54.672000000000025,1.09,34.28,,,0,trial
2026-07-07T20:35:24,pid_hot_humid_bursty_r2,pid,hot_humid,bursty,2,43.512,43.212,43.012,40.512,25.0,45.0,60.0,,54.672000000000025,1.09,34.27,,,0,trial
2026-07-07T20:35:24,pid_hot_humid_bursty_r2,pid,hot_humid,bursty,2,43.51,43.21,43.01,40.51,25.0,45.0,60.0,,54.096000000000004,1.08,34.26,,,0,trial
2026-07-07T20:35:24,pid_hot_humid_bursty_r2,pid,hot_humid,bursty,2,43.508,43.208,43.008,40.508,25.0,45.0,60.0,,54.096000000000004,1.08,34.24,,,0,trial
2026-07-07T20:35:24,pid_hot_humid_bursty_r2,pid,hot_humid,bursty,2,43.506,43.206,43.006,40.506,25.0,45.0,60.0,,54.096000000000004,1.08,34.23,,,0,trial
2026-07-07T20:35:24,pid_hot_humid_bursty_r2,pid,hot_humid,bursty,2,43.503,43.203,43.003,40.503,25.0,45.0,60.0,,54.096000000000004,1.08,34.22,,,0,trial
2026-07-07T20:35:24,pid_hot_humid_bursty_r2,pid,hot_humid,bursty,2,43.501,43.201,43.001,40.501,25.0,45.0,60.0,,54.096000000000004,1.08,34.21,,,0,trial
2026-07-07T20:35:24,pid_hot_humid_bursty_r2,pid,hot_humid,bursty,2,43.499,43.199,42.999,40.499,25.0,45.0,60.0,,54.096000000000004,1.08,34.19,,,0,trial
2026-07-07T20:35:24,pid_hot_humid_bursty_r2,pid,hot_humid,bursty,2,43.496,43.196,42.996,40.496,25.0,45.0,60.0,,54.096000000000004,1.08,34.18,,,0,trial
2026-07-07T20:35:24,pid_hot_humid_bursty_r2,pid,hot_humid,bursty,2,43.494,43.194,42.994,40.494,25.0,45.0,60.0,,54.096000000000004,1.08,34.17,,,0,trial
2026-07-07T20:35:24,pid_hot_humid_bursty_r2,pid,hot_humid,bursty,2,43.492,43.192,42.992,40.492,25.0,45.0,60.0,,54.096000000000004,1.08,34.15,,,0,trial
2026-07-07T20:35:24,pid_hot_humid_bursty_r2,pid,hot_humid,bursty,2,43.49,43.19,42.99,40.49,25.0,45.0,60.0,,54.096000000000004,1.08,34.14,,,0,trial
2026-07-07T20:35:24,pid_hot_humid_bursty_r2,pid,hot_humid,bursty,2,43.487,43.187,42.987,40.487,25.0,45.0,60.0,,54.096000000000004,1.08,34.13,,,0,trial
2026-07-07T20:35:24,pid_hot_humid_bursty_r2,pid,hot_humid,bursty,2,43.485,43.185,42.985,40.485,25.0,45.0,60.0,,54.096000000000004,1.08,34.11,,,0,trial
2026-07-07T20:35:24,pid_hot_humid_bursty_r2,pid,hot_humid,bursty,2,43.483,43.183,42.983,40.483,25.0,45.0,60.0,,54.096000000000004,1.08,34.1,,,0,trial
2026-07-07T20:35:24,pid_hot_humid_bursty_r2,pid,hot_humid,bursty,2,43.481,43.181,42.981,40.481,25.0,45.0,60.0,,54.096000000000004,1.08,34.09,,,0,trial
2026-07-07T20:35:24,pid_hot_humid_bursty_r2,pid,hot_humid,bursty,2,43.478,43.178,42.978,40.478,25.0,45.0,60.0,,54.096000000000004,1.08,34.07,,,0,trial
2026-07-07T20:35:24,pid_hot_humid_bursty_r2,pid,hot_humid,bursty,2,43.476,43.176,42.976,40.476,25.0,45.0,60.0,,54.096000000000004,1.08,34.06,,,0,trial
2026-07-07T20:35:24,pid_hot_humid_bursty_r2,pid,hot_humid,bursty,2,43.474,43.174,42.974,40.474,25.0,45.0,60.0,,54.096000000000004,1.08,34.05,,,0,trial
2026-07-07T20:35:24,pid_hot_humid_bursty_r2,pid,hot_humid,bursty,2,43.471,43.171,42.971,40.471,25.0,45.0,60.0,,54.096000000000004,1.08,34.04,,,0,trial
2026-07-07T20:35:24,pid_hot_humid_bursty_r2,pid,hot_humid,bursty,2,43.469,43.169,42.969,40.469,25.0,45.0,60.0,,54.096000000000004,1.08,34.02,,,0,trial
2026-07-07T20:35:24,pid_hot_humid_bursty_r2,pid,hot_humid,bursty,2,43.467,43.167,42.967,40.467,25.0,45.0,60.0,,54.096000000000004,1.08,34.01,,,0,trial
2026-07-07T20:35:24,pid_hot_humid_bursty_r2,pid,hot_humid,bursty,2,43.465,43.165,42.965,40.465,25.0,45.0,60.0,,54.096000000000004,1.08,34.0,,,0,trial
2026-07-07T20:35:24,pid_hot_humid_bursty_r2,pid,hot_humid,bursty,2,43.462,43.162,42.962,40.462,25.0,45.0,60.0,,54.096000000000004,1.08,33.98,,,0,trial
2026-07-07T20:35:24,pid_hot_humid_bursty_r2,pid,hot_humid,bursty,2,43.46,43.16,42.96,40.46,25.0,45.0,60.0,,54.096000000000004,1.08,33.97,,,0,trial
2026-07-07T20:35:24,pid_hot_humid_bursty_r2,pid,hot_humid,bursty,2,43.458,43.158,42.958,40.458,25.0,45.0,60.0,,54.096000000000004,1.08,33.96,,,0,trial
2026-07-07T20:35:24,pid_hot_humid_bursty_r2,pid,hot_humid,bursty,2,43.456,43.156,42.956,40.456,25.0,45.0,60.0,,54.096000000000004,1.08,33.94,,,0,trial
2026-07-07T20:35:24,pid_hot_humid_bursty_r2,pid,hot_humid,bursty,2,43.453,43.153,42.953,40.453,25.0,45.0,60.0,,54.096000000000004,1.08,33.93,,,0,trial
2026-07-07T20:35:24,pid_hot_humid_bursty_r2,pid,hot_humid,bursty,2,43.451,43.151,42.951,40.451,25.0,45.0,60.0,,54.096000000000004,1.08,33.92,,,0,trial
2026-07-07T20:35:24,pid_hot_humid_bursty_r2,pid,hot_humid,bursty,2,43.449,43.149,42.949,40.449,25.0,45.0,60.0,,54.096000000000004,1.08,33.91,,,0,trial
2026-07-07T20:35:24,pid_hot_humid_bursty_r2,pid,hot_humid,bursty,2,43.447,43.147,42.947,40.447,25.0,45.0,60.0,,54.096000000000004,1.08,33.89,,,0,trial
2026-07-07T20:35:24,pid_hot_humid_bursty_r2,pid,hot_humid,bursty,2,43.444,43.144,42.944,40.444,25.0,45.0,60.0,,54.096000000000004,1.08,33.88,,,0,trial
2026-07-07T20:35:24,pid_hot_humid_bursty_r2,pid,hot_humid,bursty,2,43.442,43.142,42.942,40.442,25.0,45.0,60.0,,53.55200000000002,1.07,33.87,,,0,trial
2026-07-07T20:35:24,pid_hot_humid_bursty_r2,pid,hot_humid,bursty,2,43.44,43.14,42.94,40.44,25.0,45.0,60.0,,53.55200000000002,1.07,33.85,,,0,trial
2026-07-07T20:35:24,pid_hot_humid_bursty_r2,pid,hot_humid,bursty,2,43.438,43.138,42.938,40.438,25.0,45.0,60.0,,53.55200000000002,1.07,33.84,,,0,trial
2026-07-07T20:35:24,pid_hot_humid_bursty_r2,pid,hot_humid,bursty,2,43.435,43.135,42.935,40.435,25.0,45.0,60.0,,53.55200000000002,1.07,33.83,,,0,trial
2026-07-07T20:35:24,pid_hot_humid_bursty_r2,pid,hot_humid,bursty,2,43.433,43.133,42.933,40.433,25.0,45.0,60.0,,53.55200000000002,1.07,33.82,,,0,trial
2026-07-07T20:35:24,pid_hot_humid_bursty_r2,pid,hot_humid,bursty,2,43.431,43.131,42.931,40.431,25.0,45.0,60.0,,53.55200000000002,1.07,33.8,,,0,trial
2026-07-07T20:35:24,pid_hot_humid_bursty_r2,pid,hot_humid,bursty,2,43.429,43.129,42.929,40.429,25.0,45.0,60.0,,53.55200000000002,1.07,33.79,,,0,trial
2026-07-07T20:35:24,pid_hot_humid_bursty_r2,pid,hot_humid,bursty,2,43.427,43.127,42.927,40.427,25.0,45.0,60.0,,53.55200000000002,1.07,33.78,,,0,trial
2026-07-07T20:35:24,pid_hot_humid_bursty_r2,pid,hot_humid,bursty,2,43.425,43.125,42.925,40.425,25.0,45.0,60.0,,53.55200000000002,1.07,33.76,,,0,trial
2026-07-07T20:35:24,pid_hot_humid_bursty_r2,pid,hot_humid,bursty,2,43.422,43.122,42.922,40.422,25.0,45.0,60.0,,53.55200000000002,1.07,33.75,,,0,trial
2026-07-07T20:35:24,pid_hot_humid_bursty_r2,pid,hot_humid,bursty,2,43.42,43.12,42.92,40.42,25.0,45.0,60.0,,53.55200000000002,1.07,33.74,,,0,trial
2026-07-07T20:35:24,pid_hot_humid_bursty_r2,pid,hot_humid,bursty,2,43.418,43.118,42.918,40.418,25.0,45.0,60.0,,53.55200000000002,1.07,33.73,,,0,trial
2026-07-07T20:35:24,pid_hot_humid_bursty_r2,pid,hot_humid,bursty,2,43.416,43.116,42.916,40.416,25.0,45.0,60.0,,53.55200000000002,1.07,33.71,,,0,trial
2026-07-07T20:35:24,pid_hot_humid_bursty_r2,pid,hot_humid,bursty,2,43.414,43.114,42.914,40.414,25.0,45.0,60.0,,53.55200000000002,1.07,33.7,,,0,trial
2026-07-07T20:35:24,pid_hot_humid_bursty_r2,pid,hot_humid,bursty,2,43.411,43.111,42.911,40.411,25.0,45.0,60.0,,53.55200000000002,1.07,33.69,,,0,trial
2026-07-07T20:35:24,pid_hot_humid_bursty_r2,pid,hot_humid,bursty,2,43.409,43.109,42.909,40.409,25.0,45.0,60.0,,53.55200000000002,1.07,33.67,,,0,trial
2026-07-07T20:35:24,pid_hot_humid_bursty_r2,pid,hot_humid,bursty,2,43.407,43.107,42.907,40.407,25.0,45.0,60.0,,53.55200000000002,1.07,33.66,,,0,trial
2026-07-07T20:35:24,pid_hot_humid_bursty_r2,pid,hot_humid,bursty,2,43.405,43.105,42.905,40.405,25.0,45.0,60.0,,53.55200000000002,1.07,33.65,,,0,trial
2026-07-07T20:35:24,pid_hot_humid_bursty_r2,pid,hot_humid,bursty,2,43.403,43.103,42.903,40.403,25.0,45.0,60.0,,53.55200000000002,1.07,33.64,,,0,trial
2026-07-07T20:35:24,pid_hot_humid_bursty_r2,pid,hot_humid,bursty,2,43.401,43.101,42.901,40.401,25.0,45.0,60.0,,53.55200000000002,1.07,33.62,,,0,trial
2026-07-07T20:35:24,pid_hot_humid_bursty_r2,pid,hot_humid,bursty,2,43.398,43.098,42.898,40.398,25.0,45.0,60.0,,53.55200000000002,1.07,33.61,,,0,trial
2026-07-07T20:35:24,pid_hot_humid_bursty_r2,pid,hot_humid,bursty,2,43.396,43.096,42.896,40.396,25.0,45.0,60.0,,53.55200000000002,1.07,33.6,,,0,trial
2026-07-07T20:35:24,pid_hot_humid_bursty_r2,pid,hot_humid,bursty,2,43.394,43.094,42.894,40.394,25.0,45.0,60.0,,53.55200000000002,1.07,33.58,,,0,trial
2026-07-07T20:35:24,pid_hot_humid_bursty_r2,pid,hot_humid,bursty,2,43.392,43.092,42.892,40.392,25.0,45.0,60.0,,53.55200000000002,1.07,33.57,,,0,trial
2026-07-07T20:35:24,pid_hot_humid_bursty_r2,pid,hot_humid,bursty,2,43.39,43.09,42.89,40.39,25.0,45.0,60.0,,53.55200000000002,1.07,33.56,,,0,trial
2026-07-07T20:35:24,pid_hot_humid_bursty_r2,pid,hot_humid,bursty,2,43.388,43.088,42.888,40.388,25.0,45.0,60.0,,53.55200000000002,1.07,33.55,,,0,trial
2026-07-07T20:35:24,pid_hot_humid_bursty_r2,pid,hot_humid,bursty,2,43.385,43.085,42.885,40.385,25.0,45.0,60.0,,53.55200000000002,1.07,33.53,,,0,trial
2026-07-07T20:35:24,pid_hot_humid_bursty_r2,pid,hot_humid,bursty,2,43.383,43.083,42.883,40.383,25.0,45.0,60.0,,53.55200000000002,1.07,33.52,,,0,trial
2026-07-07T20:35:24,pid_hot_humid_bursty_r2,pid,hot_humid,bursty,2,43.381,43.081,42.881,40.381,25.0,45.0,60.0,,53.55200000000002,1.07,33.51,,,0,trial
2026-07-07T20:35:24,pid_hot_humid_bursty_r2,pid,hot_humid,bursty,2,43.379,43.079,42.879,40.379,25.0,45.0,60.0,,53.55200000000002,1.07,33.5,,,0,trial
2026-07-07T20:35:24,pid_hot_humid_bursty_r2,pid,hot_humid,bursty,2,43.377,43.077,42.877,40.377,25.0,45.0,60.0,,53.03199999999998,1.06,33.48,,,0,trial
2026-07-07T20:35:24,pid_hot_humid_bursty_r2,pid,hot_humid,bursty,2,43.375,43.075,42.875,40.375,25.0,45.0,60.0,,53.03199999999998,1.06,33.47,,,0,trial
2026-07-07T20:35:24,pid_hot_humid_bursty_r2,pid,hot_humid,bursty,2,43.373,43.073,42.873,40.373,25.0,45.0,60.0,,53.03199999999998,1.06,33.46,,,0,trial
2026-07-07T20:35:24,pid_hot_humid_bursty_r2,pid,hot_humid,bursty,2,43.37,43.07,42.87,40.37,25.0,45.0,60.0,,53.03199999999998,1.06,33.45,,,0,trial
2026-07-07T20:35:24,pid_hot_humid_bursty_r2,pid,hot_humid,bursty,2,43.368,43.068,42.868,40.368,25.0,45.0,60.0,,53.03199999999998,1.06,33.43,,,0,trial
2026-07-07T20:35:24,pid_hot_humid_bursty_r2,pid,hot_humid,bursty,2,43.366,43.066,42.866,40.366,25.0,45.0,60.0,,53.03199999999998,1.06,33.42,,,0,trial
2026-07-07T20:35:24,pid_hot_humid_bursty_r2,pid,hot_humid,bursty,2,43.364,43.064,42.864,40.364,25.0,45.0,60.0,,53.03199999999998,1.06,33.41,,,0,trial
2026-07-07T20:35:24,pid_hot_humid_bursty_r2,pid,hot_humid,bursty,2,43.362,43.062,42.862,40.362,25.0,45.0,60.0,,53.03199999999998,1.06,33.4,,,0,trial
2026-07-07T20:35:24,pid_hot_humid_bursty_r2,pid,hot_humid,bursty,2,43.36,43.06,42.86,40.36,25.0,45.0,60.0,,53.03199999999998,1.06,33.38,,,0,trial
2026-07-07T20:35:24,pid_hot_humid_bursty_r2,pid,hot_humid,bursty,2,43.358,43.058,42.858,40.358,25.0,45.0,60.0,,53.03199999999998,1.06,33.37,,,0,trial
2026-07-07T20:35:24,pid_hot_humid_bursty_r2,pid,hot_humid,bursty,2,43.356,43.056,42.856,40.356,25.0,45.0,60.0,,53.03199999999998,1.06,33.36,,,0,trial
2026-07-07T20:35:24,pid_hot_humid_bursty_r2,pid,hot_humid,bursty,2,43.354,43.054,42.854,40.354,25.0,45.0,60.0,,53.03199999999998,1.06,33.35,,,0,trial
2026-07-07T20:35:24,pid_hot_humid_bursty_r2,pid,hot_humid,bursty,2,43.352,43.052,42.852,40.352,25.0,45.0,60.0,,53.03199999999998,1.06,33.33,,,0,trial
2026-07-07T20:35:24,pid_hot_humid_bursty_r2,pid,hot_humid,bursty,2,43.349,43.049,42.849,40.349,25.0,45.0,60.0,,53.03199999999998,1.06,33.32,,,0,trial
2026-07-07T20:35:24,pid_hot_humid_bursty_r2,pid,hot_humid,bursty,2,43.347,43.047,42.847,40.347,25.0,45.0,60.0,,53.03199999999998,1.06,33.31,,,0,trial
2026-07-07T20:35:24,pid_hot_humid_bursty_r2,pid,hot_humid,bursty,2,43.345,43.045,42.845,40.345,25.0,45.0,60.0,,53.03199999999998,1.06,33.3,,,0,trial
2026-07-07T20:35:24,pid_hot_humid_bursty_r2,pid,hot_humid,bursty,2,43.343,43.043,42.843,40.343,25.0,45.0,60.0,,53.03199999999998,1.06,33.28,,,0,trial
2026-07-07T20:35:24,pid_hot_humid_bursty_r2,pid,hot_humid,bursty,2,43.341,43.041,42.841,40.341,25.0,45.0,60.0,,53.03199999999998,1.06,33.27,,,0,trial
2026-07-07T20:35:24,pid_hot_humid_bursty_r2,pid,hot_humid,bursty,2,43.339,43.039,42.839,40.339,25.0,45.0,60.0,,53.03199999999998,1.06,33.26,,,0,trial
2026-07-07T20:35:24,pid_hot_humid_bursty_r2,pid,hot_humid,bursty,2,43.337,43.037,42.837,40.337,25.0,45.0,60.0,,53.03199999999998,1.06,33.25,,,0,trial
2026-07-07T20:35:24,pid_hot_humid_bursty_r2,pid,hot_humid,bursty,2,43.335,43.035,42.835,40.335,25.0,45.0,60.0,,53.03199999999998,1.06,33.24,,,0,trial
2026-07-07T20:35:24,pid_hot_humid_bursty_r2,pid,hot_humid,bursty,2,43.333,43.033,42.833,40.333,25.0,45.0,60.0,,53.03199999999998,1.06,33.22,,,0,trial
2026-07-07T20:35:24,pid_hot_humid_bursty_r2,pid,hot_humid,bursty,2,43.331,43.031,42.831,40.331,25.0,45.0,60.0,,53.03199999999998,1.06,33.21,,,0,trial
2026-07-07T20:35:24,pid_hot_humid_bursty_r2,pid,hot_humid,bursty,2,43.329,43.029,42.829,40.329,25.0,45.0,60.0,,53.03199999999998,1.06,33.2,,,0,trial
2026-07-07T20:35:24,pid_hot_humid_bursty_r2,pid,hot_humid,bursty,2,43.327,43.027,42.827,40.327,25.0,45.0,60.0,,53.03199999999998,1.06,33.19,,,0,trial
2026-07-07T20:35:24,pid_hot_humid_bursty_r2,pid,hot_humid,bursty,2,43.324,43.024,42.824,40.324,25.0,45.0,60.0,,53.03199999999998,1.06,33.17,,,0,trial
2026-07-07T20:35:24,pid_hot_humid_bursty_r2,pid,hot_humid,bursty,2,43.322,43.022,42.822,40.322,25.0,45.0,60.0,,53.03199999999998,1.06,33.16,,,0,trial
2026-07-07T20:35:24,pid_hot_humid_bursty_r2,pid,hot_humid,bursty,2,43.32,43.02,42.82,40.32,25.0,45.0,60.0,,53.03199999999998,1.06,33.15,,,0,trial
2026-07-07T20:35:24,pid_hot_humid_bursty_r2,pid,hot_humid,bursty,2,43.318,43.018,42.818,40.318,25.0,45.0,60.0,,53.03199999999998,1.06,33.14,,,0,trial
2026-07-07T20:35:24,pid_hot_humid_bursty_r2,pid,hot_humid,bursty,2,43.316,43.016,42.816,40.316,25.0,45.0,60.0,,53.03199999999998,1.06,33.13,,,0,trial
2026-07-07T20:35:24,pid_hot_humid_bursty_r2,pid,hot_humid,bursty,2,43.314,43.014,42.814,40.314,25.0,45.0,60.0,,52.52800000000002,1.05,33.11,,,0,trial
2026-07-07T20:35:24,pid_hot_humid_bursty_r2,pid,hot_humid,bursty,2,43.312,43.012,42.812,40.312,25.0,45.0,60.0,,52.52800000000002,1.05,33.1,,,0,trial
2026-07-07T20:35:24,pid_hot_humid_bursty_r2,pid,hot_humid,bursty,2,43.31,43.01,42.81,40.31,25.0,45.0,60.0,,52.52800000000002,1.05,33.09,,,0,trial
2026-07-07T20:35:24,pid_hot_humid_bursty_r2,pid,hot_humid,bursty,2,43.308,43.008,42.808,40.308,25.0,45.0,60.0,,52.52800000000002,1.05,33.08,,,0,trial
2026-07-07T20:35:24,pid_hot_humid_bursty_r2,pid,hot_humid,bursty,2,43.306,43.006,42.806,40.306,25.0,45.0,60.0,,52.52800000000002,1.05,33.07,,,0,trial
2026-07-07T20:35:24,pid_hot_humid_bursty_r2,pid,hot_humid,bursty,2,43.304,43.004,42.804,40.304,25.0,45.0,60.0,,52.52800000000002,1.05,33.05,,,0,trial
2026-07-07T20:35:24,pid_hot_humid_bursty_r2,pid,hot_humid,bursty,2,43.302,43.002,42.802,40.302,25.0,45.0,60.0,,52.52800000000002,1.05,33.04,,,0,trial
2026-07-07T20:35:24,pid_hot_humid_bursty_r2,pid,hot_humid,bursty,2,43.3,43.0,42.8,40.3,25.0,45.0,60.0,,52.52800000000002,1.05,33.03,,,0,trial
2026-07-07T20:35:24,pid_hot_humid_bursty_r2,pid,hot_humid,bursty,2,43.298,42.998,42.798,40.298,25.0,45.0,60.0,,52.52800000000002,1.05,33.02,,,0,trial
2026-07-07T20:35:24,pid_hot_humid_bursty_r2,pid,hot_humid,bursty,2,43.296,42.996,42.796,40.296,25.0,45.0,60.0,,52.52800000000002,1.05,33.01,,,0,trial
2026-07-07T20:35:24,pid_hot_humid_bursty_r2,pid,hot_humid,bursty,2,43.294,42.994,42.794,40.294,25.0,45.0,60.0,,52.52800000000002,1.05,32.99,,,0,trial
2026-07-07T20:35:24,pid_hot_humid_bursty_r2,pid,hot_humid,bursty,2,43.292,42.992,42.792,40.292,25.0,45.0,60.0,,52.52800000000002,1.05,32.98,,,0,trial
2026-07-07T20:35:24,pid_hot_humid_bursty_r2,pid,hot_humid,bursty,2,43.29,42.99,42.79,40.29,25.0,45.0,60.0,,52.52800000000002,1.05,32.97,,,0,trial
2026-07-07T20:35:24,pid_hot_humid_bursty_r2,pid,hot_humid,bursty,2,43.288,42.988,42.788,40.288,25.0,45.0,60.0,,52.52800000000002,1.05,32.96,,,0,trial
2026-07-07T20:35:24,pid_hot_humid_bursty_r2,pid,hot_humid,bursty,2,43.286,42.986,42.786,40.286,25.0,45.0,60.0,,52.52800000000002,1.05,32.95,,,0,trial
2026-07-07T20:35:24,pid_hot_humid_bursty_r2,pid,hot_humid,bursty,2,43.284,42.984,42.784,40.284,25.0,45.0,60.0,,52.52800000000002,1.05,32.93,,,0,trial
2026-07-07T20:35:24,pid_hot_humid_bursty_r2,pid,hot_humid,bursty,2,43.282,42.982,42.782,40.282,25.0,45.0,60.0,,52.52800000000002,1.05,32.92,,,0,trial
2026-07-07T20:35:24,pid_hot_humid_bursty_r2,pid,hot_humid,bursty,2,43.28,42.98,42.78,40.28,25.0,45.0,60.0,,52.52800000000002,1.05,32.91,,,0,trial
2026-07-07T20:35:24,pid_hot_humid_bursty_r2,pid,hot_humid,bursty,2,43.278,42.978,42.778,40.278,25.0,45.0,60.0,,52.52800000000002,1.05,32.9,,,0,trial
2026-07-07T20:35:24,pid_hot_humid_bursty_r2,pid,hot_humid,bursty,2,43.276,42.976,42.776,40.276,25.0,45.0,60.0,,52.52800000000002,1.05,32.89,,,0,trial
2026-07-07T20:35:24,pid_hot_humid_bursty_r2,pid,hot_humid,bursty,2,43.274,42.974,42.774,40.274,25.0,45.0,60.0,,52.52800000000002,1.05,32.88,,,0,trial
2026-07-07T20:35:24,pid_hot_humid_bursty_r2,pid,hot_humid,bursty,2,43.272,42.972,42.772,40.272,25.0,45.0,60.0,,52.52800000000002,1.05,32.86,,,0,trial
2026-07-07T20:35:24,pid_hot_humid_bursty_r2,pid,hot_humid,bursty,2,43.27,42.97,42.77,40.27,25.0,45.0,60.0,,52.52800000000002,1.05,32.85,,,0,trial
2026-07-07T20:35:24,pid_hot_humid_bursty_r2,pid,hot_humid,bursty,2,43.268,42.968,42.768,40.268,25.0,45.0,60.0,,52.52800000000002,1.05,32.84,,,0,trial
2026-07-07T20:35:24,pid_hot_humid_bursty_r2,pid,hot_humid,bursty,2,43.266,42.966,42.766,40.266,25.0,45.0,60.0,,52.52800000000002,1.05,32.83,,,0,trial
2026-07-07T20:35:24,pid_hot_humid_bursty_r2,pid,hot_humid,bursty,2,43.264,42.964,42.764,40.264,25.0,45.0,60.0,,52.52800000000002,1.05,32.82,,,0,trial
2026-07-07T20:35:24,pid_hot_humid_bursty_r2,pid,hot_humid,bursty,2,43.262,42.962,42.762,40.262,25.0,45.0,60.0,,52.52800000000002,1.05,32.81,,,0,trial
2026-07-07T20:35:24,pid_hot_humid_bursty_r2,pid,hot_humid,bursty,2,43.26,42.96,42.76,40.26,25.0,45.0,60.0,,52.52800000000002,1.05,32.8,,,0,trial
2026-07-07T20:35:24,pid_hot_humid_bursty_r2,pid,hot_humid,bursty,2,43.258,42.958,42.758,40.258,25.0,45.0,60.0,,52.52800000000002,1.05,32.78,,,0,trial
2026-07-07T20:35:24,pid_hot_humid_bursty_r2,pid,hot_humid,bursty,2,43.256,42.956,42.756,40.256,25.0,45.0,60.0,,52.52800000000002,1.05,32.77,,,0,trial
2026-07-07T20:35:24,pid_hot_humid_bursty_r2,pid,hot_humid,bursty,2,43.254,42.954,42.754,40.254,25.0,45.0,60.0,,52.048,1.04,32.76,,,0,trial
2026-07-07T20:35:24,pid_hot_humid_bursty_r2,pid,hot_humid,bursty,2,43.252,42.952,42.752,40.252,25.0,45.0,60.0,,52.048,1.04,32.75,,,0,trial
2026-07-07T20:35:24,pid_hot_humid_bursty_r2,pid,hot_humid,bursty,2,43.25,42.95,42.75,40.25,25.0,45.0,60.0,,52.048,1.04,32.74,,,0,trial
2026-07-07T20:35:24,pid_hot_humid_bursty_r2,pid,hot_humid,bursty,2,43.248,42.948,42.748,40.248,25.0,45.0,60.0,,52.048,1.04,32.73,,,0,trial
2026-07-07T20:35:24,pid_hot_humid_bursty_r2,pid,hot_humid,bursty,2,43.246,42.946,42.746,40.246,25.0,45.0,60.0,,52.048,1.04,32.72,,,0,trial
2026-07-07T20:35:24,pid_hot_humid_bursty_r2,pid,hot_humid,bursty,2,43.244,42.944,42.744,40.244,25.0,45.0,60.0,,52.048,1.04,32.7,,,0,trial
2026-07-07T20:35:24,pid_hot_humid_bursty_r2,pid,hot_humid,bursty,2,43.243,42.943,42.743,40.243,25.0,45.0,60.0,,52.048,1.04,32.69,,,0,trial
2026-07-07T20:35:24,pid_hot_humid_bursty_r2,pid,hot_humid,bursty,2,43.241,42.941,42.741,40.241,25.0,45.0,60.0,,52.048,1.04,32.68,,,0,trial
2026-07-07T20:35:24,pid_hot_humid_bursty_r2,pid,hot_humid,bursty,2,43.239,42.939,42.739,40.239,25.0,45.0,60.0,,52.048,1.04,32.67,,,0,trial
2026-07-07T20:35:24,pid_hot_humid_bursty_r2,pid,hot_humid,bursty,2,43.237,42.937,42.737,40.237,25.0,45.0,60.0,,52.048,1.04,32.66,,,0,trial
2026-07-07T20:35:24,pid_hot_humid_bursty_r2,pid,hot_humid,bursty,2,43.235,42.935,42.735,40.235,25.0,45.0,60.0,,52.048,1.04,32.65,,,0,trial
2026-07-07T20:35:24,pid_hot_humid_bursty_r2,pid,hot_humid,bursty,2,43.233,42.933,42.733,40.233,25.0,45.0,60.0,,52.048,1.04,32.64,,,0,trial
2026-07-07T20:35:24,pid_hot_humid_bursty_r2,pid,hot_humid,bursty,2,43.231,42.931,42.731,40.231,25.0,45.0,60.0,,52.048,1.04,32.63,,,0,trial
2026-07-07T20:35:24,pid_hot_humid_bursty_r2,pid,hot_humid,bursty,2,43.229,42.929,42.729,40.229,25.0,45.0,60.0,,52.048,1.04,32.61,,,0,trial
2026-07-07T20:35:24,pid_hot_humid_bursty_r2,pid,hot_humid,bursty,2,43.227,42.927,42.727,40.227,25.0,45.0,60.0,,52.048,1.04,32.6,,,0,trial
2026-07-07T20:35:24,pid_hot_humid_bursty_r2,pid,hot_humid,bursty,2,43.225,42.925,42.725,40.225,25.0,45.0,60.0,,52.048,1.04,32.59,,,0,trial
2026-07-07T20:35:24,pid_hot_humid_bursty_r2,pid,hot_humid,bursty,2,43.223,42.923,42.723,40.223,25.0,45.0,60.0,,52.048,1.04,32.58,,,0,trial
2026-07-07T20:35:24,pid_hot_humid_bursty_r2,pid,hot_humid,bursty,2,43.221,42.921,42.721,40.221,25.0,45.0,60.0,,52.048,1.04,32.57,,,0,trial
2026-07-07T20:35:24,pid_hot_humid_bursty_r2,pid,hot_humid,bursty,2,43.219,42.919,42.719,40.219,25.0,45.0,60.0,,52.048,1.04,32.56,,,0,trial
2026-07-07T20:35:24,pid_hot_humid_bursty_r2,pid,hot_humid,bursty,2,43.218,42.918,42.718,40.218,25.0,45.0,60.0,,52.048,1.04,32.55,,,0,trial
2026-07-07T20:35:24,pid_hot_humid_bursty_r2,pid,hot_humid,bursty,2,43.216,42.916,42.716,40.216,25.0,45.0,60.0,,52.048,1.04,32.54,,,0,trial
2026-07-07T20:35:24,pid_hot_humid_bursty_r2,pid,hot_humid,bursty,2,43.214,42.914,42.714,40.214,25.0,45.0,60.0,,52.048,1.04,32.53,,,0,trial
2026-07-07T20:35:24,pid_hot_humid_bursty_r2,pid,hot_humid,bursty,2,43.212,42.912,42.712,40.212,25.0,45.0,60.0,,52.048,1.04,32.52,,,0,trial
2026-07-07T20:35:24,pid_hot_humid_bursty_r2,pid,hot_humid,bursty,2,43.21,42.91,42.71,40.21,25.0,45.0,60.0,,52.048,1.04,32.51,,,0,trial
2026-07-07T20:35:24,pid_hot_humid_bursty_r2,pid,hot_humid,bursty,2,43.208,42.908,42.708,40.208,25.0,45.0,60.0,,52.048,1.04,32.49,,,0,trial
2026-07-07T20:35:24,pid_hot_humid_bursty_r2,pid,hot_humid,bursty,2,43.206,42.906,42.706,40.206,25.0,45.0,60.0,,52.048,1.04,32.48,,,0,trial
2026-07-07T20:35:24,pid_hot_humid_bursty_r2,pid,hot_humid,bursty,2,43.204,42.904,42.704,40.204,25.0,45.0,60.0,,52.048,1.04,32.47,,,0,trial
2026-07-07T20:35:24,pid_hot_humid_bursty_r2,pid,hot_humid,bursty,2,43.202,42.902,42.702,40.202,25.0,45.0,60.0,,52.048,1.04,32.46,,,0,trial
2026-07-07T20:35:24,pid_hot_humid_bursty_r2,pid,hot_humid,bursty,2,43.2,42.9,42.7,40.2,25.0,45.0,60.0,,52.048,1.04,32.45,,,0,trial
2026-07-07T20:35:24,pid_hot_humid_bursty_r2,pid,hot_humid,bursty,2,43.198,42.898,42.698,40.198,25.0,45.0,60.0,,52.048,1.04,32.44,,,0,trial
2026-07-07T20:35:24,pid_hot_humid_bursty_r2,pid,hot_humid,bursty,2,43.197,42.897,42.697,40.197,25.0,45.0,60.0,,51.584,1.03,32.43,,,0,trial
2026-07-07T20:35:24,pid_hot_humid_bursty_r2,pid,hot_humid,bursty,2,43.195,42.895,42.695,40.195,25.0,45.0,60.0,,51.584,1.03,32.42,,,0,trial
2026-07-07T20:35:24,pid_hot_humid_bursty_r2,pid,hot_humid,bursty,2,43.193,42.893,42.693,40.193,25.0,45.0,60.0,,51.584,1.03,32.41,,,0,trial
2026-07-07T20:35:24,pid_hot_humid_bursty_r2,pid,hot_humid,bursty,2,43.191,42.891,42.691,40.191,25.0,45.0,60.0,,51.584,1.03,32.4,,,0,trial
2026-07-07T20:35:24,pid_hot_humid_bursty_r2,pid,hot_humid,bursty,2,43.189,42.889,42.689,40.189,25.0,45.0,60.0,,51.584,1.03,32.39,,,0,trial
2026-07-07T20:35:24,pid_hot_humid_bursty_r2,pid,hot_humid,bursty,2,43.187,42.887,42.687,40.187,25.0,45.0,60.0,,51.584,1.03,32.38,,,0,trial
2026-07-07T20:35:24,pid_hot_humid_bursty_r2,pid,hot_humid,bursty,2,43.185,42.885,42.685,40.185,25.0,45.0,60.0,,51.584,1.03,32.37,,,0,trial
2026-07-07T20:35:24,pid_hot_humid_bursty_r2,pid,hot_humid,bursty,2,43.184,42.884,42.684,40.184,25.0,45.0,60.0,,51.584,1.03,32.36,,,0,trial
2026-07-07T20:35:24,pid_hot_humid_bursty_r2,pid,hot_humid,bursty,2,43.182,42.882,42.682,40.182,25.0,45.0,60.0,,51.584,1.03,32.35,,,0,trial
2026-07-07T20:35:24,pid_hot_humid_bursty_r2,pid,hot_humid,bursty,2,43.18,42.88,42.68,40.18,25.0,45.0,60.0,,51.584,1.03,32.34,,,0,trial
2026-07-07T20:35:24,pid_hot_humid_bursty_r2,pid,hot_humid,bursty,2,43.178,42.878,42.678,40.178,25.0,45.0,60.0,,51.584,1.03,32.32,,,0,trial
2026-07-07T20:35:24,pid_hot_humid_bursty_r2,pid,hot_humid,bursty,2,43.176,42.876,42.676,40.176,25.0,45.0,60.0,,51.584,1.03,32.31,,,0,trial
2026-07-07T20:35:24,pid_hot_humid_bursty_r2,pid,hot_humid,bursty,2,43.174,42.874,42.674,40.174,25.0,45.0,60.0,,51.584,1.03,32.3,,,0,trial
2026-07-07T20:35:24,pid_hot_humid_bursty_r2,pid,hot_humid,bursty,2,43.173,42.873,42.673,40.173,25.0,45.0,60.0,,51.584,1.03,32.29,,,0,trial
2026-07-07T20:35:24,pid_hot_humid_bursty_r2,pid,hot_humid,bursty,2,43.171,42.871,42.671,40.171,25.0,45.0,60.0,,51.584,1.03,32.28,,,0,trial
2026-07-07T20:35:24,pid_hot_humid_bursty_r2,pid,hot_humid,bursty,2,43.169,42.869,42.669,40.169,25.0,45.0,60.0,,51.584,1.03,32.27,,,0,trial
2026-07-07T20:35:24,pid_hot_humid_bursty_r2,pid,hot_humid,bursty,2,43.167,42.867,42.667,40.167,25.0,45.0,60.0,,51.584,1.03,32.26,,,0,trial
2026-07-07T20:35:24,pid_hot_humid_bursty_r2,pid,hot_humid,bursty,2,43.165,42.865,42.665,40.165,25.0,45.0,60.0,,51.584,1.03,32.25,,,0,trial
2026-07-07T20:35:24,pid_hot_humid_bursty_r2,pid,hot_humid,bursty,2,43.163,42.863,42.663,40.163,25.0,45.0,60.0,,51.584,1.03,32.24,,,0,trial
2026-07-07T20:35:24,pid_hot_humid_bursty_r2,pid,hot_humid,bursty,2,43.162,42.862,42.662,40.162,25.0,45.0,60.0,,51.584,1.03,32.23,,,0,trial
2026-07-07T20:35:24,pid_hot_humid_bursty_r2,pid,hot_humid,bursty,2,43.16,42.86,42.66,40.16,25.0,45.0,60.0,,51.584,1.03,32.22,,,0,trial
2026-07-07T20:35:24,pid_hot_humid_bursty_r2,pid,hot_humid,bursty,2,43.158,42.858,42.658,40.158,25.0,45.0,60.0,,51.584,1.03,32.21,,,0,trial
2026-07-07T20:35:24,pid_hot_humid_bursty_r2,pid,hot_humid,bursty,2,43.156,42.856,42.656,40.156,25.0,45.0,60.0,,51.584,1.03,32.2,,,0,trial
2026-07-07T20:35:24,pid_hot_humid_bursty_r2,pid,hot_humid,bursty,2,43.154,42.854,42.654,40.154,25.0,45.0,60.0,,51.584,1.03,32.19,,,0,trial
2026-07-07T20:35:24,pid_hot_humid_bursty_r2,pid,hot_humid,bursty,2,43.152,42.852,42.652,40.152,25.0,45.0,60.0,,51.584,1.03,32.18,,,0,trial
2026-07-07T20:35:24,pid_hot_humid_bursty_r2,pid,hot_humid,bursty,2,43.151,42.851,42.651,40.151,25.0,45.0,60.0,,51.584,1.03,32.17,,,0,trial
2026-07-07T20:35:24,pid_hot_humid_bursty_r2,pid,hot_humid,bursty,2,43.149,42.849,42.649,40.149,25.0,45.0,60.0,,51.584,1.03,32.16,,,0,trial
2026-07-07T20:35:24,pid_hot_humid_bursty_r2,pid,hot_humid,bursty,2,43.147,42.847,42.647,40.147,25.0,45.0,60.0,,51.584,1.03,32.15,,,0,trial
2026-07-07T20:35:24,pid_hot_humid_bursty_r2,pid,hot_humid,bursty,2,43.145,42.845,42.645,40.145,25.0,45.0,60.0,,51.584,1.03,32.14,,,0,trial
2026-07-07T20:35:24,pid_hot_humid_bursty_r2,pid,hot_humid,bursty,2,43.143,42.843,42.643,40.143,25.0,45.0,60.0,,51.584,1.03,32.13,,,0,trial
2026-07-07T20:35:24,pid_hot_humid_bursty_r2,pid,hot_humid,bursty,2,43.141,42.841,42.641,40.141,25.0,45.0,60.0,,51.144000000000005,1.02,32.12,,,0,trial
2026-07-07T20:35:24,pid_hot_humid_bursty_r2,pid,hot_humid,bursty,2,43.14,42.84,42.64,40.14,25.0,45.0,60.0,,51.144000000000005,1.02,32.11,,,0,trial
2026-07-07T20:35:24,pid_hot_humid_bursty_r2,pid,hot_humid,bursty,2,43.138,42.838,42.638,40.138,25.0,45.0,60.0,,51.144000000000005,1.02,32.1,,,0,trial
2026-07-07T20:35:24,pid_hot_humid_bursty_r2,pid,hot_humid,bursty,2,43.136,42.836,42.636,40.136,25.0,45.0,60.0,,51.144000000000005,1.02,32.09,,,0,trial
2026-07-07T20:35:24,pid_hot_humid_bursty_r2,pid,hot_humid,bursty,2,43.134,42.834,42.634,40.134,25.0,45.0,60.0,,51.144000000000005,1.02,32.08,,,0,trial
2026-07-07T20:35:24,pid_hot_humid_bursty_r2,pid,hot_humid,bursty,2,43.133,42.833,42.633,40.133,25.0,45.0,60.0,,51.144000000000005,1.02,32.07,,,0,trial
2026-07-07T20:35:24,pid_hot_humid_bursty_r2,pid,hot_humid,bursty,2,43.131,42.831,42.631,40.131,25.0,45.0,60.0,,51.144000000000005,1.02,32.06,,,0,trial
2026-07-07T20:35:24,pid_hot_humid_bursty_r2,pid,hot_humid,bursty,2,43.129,42.829,42.629,40.129,25.0,45.0,60.0,,51.144000000000005,1.02,32.05,,,0,trial
2026-07-07T20:35:24,pid_hot_humid_bursty_r2,pid,hot_humid,bursty,2,43.127,42.827,42.627,40.127,25.0,45.0,60.0,,51.144000000000005,1.02,32.04,,,0,trial
2026-07-07T20:35:24,pid_hot_humid_bursty_r2,pid,hot_humid,bursty,2,43.125,42.825,42.625,40.125,25.0,45.0,60.0,,51.144000000000005,1.02,32.04,,,0,trial
2026-07-07T20:35:24,pid_hot_humid_bursty_r2,pid,hot_humid,bursty,2,43.124,42.824,42.624,40.124,25.0,45.0,60.0,,51.144000000000005,1.02,32.03,,,0,trial
2026-07-07T20:35:24,pid_hot_humid_bursty_r2,pid,hot_humid,bursty,2,43.122,42.822,42.622,40.122,25.0,45.0,60.0,,51.144000000000005,1.02,32.02,,,0,trial
2026-07-07T20:35:24,pid_hot_humid_bursty_r2,pid,hot_humid,bursty,2,43.12,42.82,42.62,40.12,25.0,45.0,60.0,,51.144000000000005,1.02,32.01,,,0,trial
2026-07-07T20:35:24,pid_hot_humid_bursty_r2,pid,hot_humid,bursty,2,43.118,42.818,42.618,40.118,25.0,45.0,60.0,,51.144000000000005,1.02,32.0,,,0,trial
2026-07-07T20:35:24,pid_hot_humid_bursty_r2,pid,hot_humid,bursty,2,43.117,42.817,42.617,40.117,25.0,45.0,60.0,,51.144000000000005,1.02,31.99,,,0,trial
2026-07-07T20:35:24,pid_hot_humid_bursty_r2,pid,hot_humid,bursty,2,43.115,42.815,42.615,40.115,25.0,45.0,60.0,,51.144000000000005,1.02,31.98,,,0,trial
2026-07-07T20:35:24,pid_hot_humid_bursty_r2,pid,hot_humid,bursty,2,43.113,42.813,42.613,40.113,25.0,45.0,60.0,,51.144000000000005,1.02,31.97,,,0,trial
2026-07-07T20:35:24,pid_hot_humid_bursty_r2,pid,hot_humid,bursty,2,43.111,42.811,42.611,40.111,25.0,45.0,60.0,,51.144000000000005,1.02,31.96,,,0,trial
2026-07-07T20:35:24,pid_hot_humid_bursty_r2,pid,hot_humid,bursty,2,43.11,42.81,42.61,40.11,25.0,45.0,60.0,,51.144000000000005,1.02,31.95,,,0,trial
2026-07-07T20:35:24,pid_hot_humid_bursty_r2,pid,hot_humid,bursty,2,43.108,42.808,42.608,40.108,25.0,45.0,60.0,,51.144000000000005,1.02,31.94,,,0,trial
2026-07-07T20:35:24,pid_hot_humid_bursty_r2,pid,hot_humid,bursty,2,43.106,42.806,42.606,40.106,25.0,45.0,60.0,,51.144000000000005,1.02,31.93,,,0,trial
2026-07-07T20:35:24,pid_hot_humid_bursty_r2,pid,hot_humid,bursty,2,43.104,42.804,42.604,40.104,25.0,45.0,60.0,,51.144000000000005,1.02,31.92,,,0,trial
2026-07-07T20:35:24,pid_hot_humid_bursty_r2,pid,hot_humid,bursty,2,43.103,42.803,42.603,40.103,25.0,45.0,60.0,,51.144000000000005,1.02,31.91,,,0,trial
2026-07-07T20:35:24,pid_hot_humid_bursty_r2,pid,hot_humid,bursty,2,43.101,42.801,42.601,40.101,25.0,45.0,60.0,,51.144000000000005,1.02,31.9,,,0,trial
2026-07-07T20:35:24,pid_hot_humid_bursty_r2,pid,hot_humid,bursty,2,43.099,42.799,42.599,40.099,25.0,45.0,60.0,,51.144000000000005,1.02,31.89,,,0,trial
2026-07-07T20:35:24,pid_hot_humid_bursty_r2,pid,hot_humid,bursty,2,43.097,42.797,42.597,40.097,25.0,45.0,60.0,,51.144000000000005,1.02,31.89,,,0,trial
2026-07-07T20:35:24,pid_hot_humid_bursty_r2,pid,hot_humid,bursty,2,43.096,42.796,42.596,40.096,25.0,45.0,60.0,,51.144000000000005,1.02,31.88,,,0,trial
2026-07-07T20:35:24,pid_hot_humid_bursty_r2,pid,hot_humid,bursty,2,43.094,42.794,42.594,40.094,25.0,45.0,60.0,,51.144000000000005,1.02,31.87,,,0,trial
2026-07-07T20:35:24,pid_hot_humid_bursty_r2,pid,hot_humid,bursty,2,43.092,42.792,42.592,40.092,25.0,45.0,60.0,,51.144000000000005,1.02,31.86,,,0,trial
2026-07-07T20:35:24,pid_hot_humid_bursty_r2,pid,hot_humid,bursty,2,43.09,42.79,42.59,40.09,25.0,45.0,60.0,,51.144000000000005,1.02,31.85,,,0,trial
2026-07-07T20:35:24,pid_hot_humid_bursty_r2,pid,hot_humid,bursty,2,43.089,42.789,42.589,40.089,25.0,45.0,60.0,,50.72000000000003,1.01,31.84,,,0,trial
2026-07-07T20:35:24,pid_hot_humid_bursty_r2,pid,hot_humid,bursty,2,43.087,42.787,42.587,40.087,25.0,45.0,60.0,,50.72000000000003,1.01,31.83,,,0,trial
2026-07-07T20:35:24,pid_hot_humid_bursty_r2,pid,hot_humid,bursty,2,43.085,42.785,42.585,40.085,25.0,45.0,60.0,,50.72000000000003,1.01,31.82,,,0,trial
2026-07-07T20:35:24,pid_hot_humid_bursty_r2,pid,hot_humid,bursty,2,43.083,42.783,42.583,40.083,25.0,45.0,60.0,,50.72000000000003,1.01,31.81,,,0,trial
2026-07-07T20:35:24,pid_hot_humid_bursty_r2,pid,hot_humid,bursty,2,43.082,42.782,42.582,40.082,25.0,45.0,60.0,,50.72000000000003,1.01,31.81,,,0,trial
2026-07-07T20:35:24,pid_hot_humid_bursty_r2,pid,hot_humid,bursty,2,43.08,42.78,42.58,40.08,25.0,45.0,60.0,,50.72000000000003,1.01,31.8,,,0,trial
2026-07-07T20:35:24,pid_hot_humid_bursty_r2,pid,hot_humid,bursty,2,43.078,42.778,42.578,40.078,25.0,45.0,60.0,,50.72000000000003,1.01,31.79,,,0,trial
2026-07-07T20:35:24,pid_hot_humid_bursty_r2,pid,hot_humid,bursty,2,43.077,42.777,42.577,40.077,25.0,45.0,60.0,,50.72000000000003,1.01,31.78,,,0,trial
2026-07-07T20:35:24,pid_hot_humid_bursty_r2,pid,hot_humid,bursty,2,43.075,42.775,42.575,40.075,25.0,45.0,60.0,,50.72000000000003,1.01,31.77,,,0,trial
2026-07-07T20:35:24,pid_hot_humid_bursty_r2,pid,hot_humid,bursty,2,43.073,42.773,42.573,40.073,25.0,45.0,60.0,,50.72000000000003,1.01,31.76,,,0,trial
2026-07-07T20:35:24,pid_hot_humid_bursty_r2,pid,hot_humid,bursty,2,43.072,42.772,42.572,40.072,25.0,45.0,60.0,,50.72000000000003,1.01,31.75,,,0,trial
2026-07-07T20:35:24,pid_hot_humid_bursty_r2,pid,hot_humid,bursty,2,43.07,42.77,42.57,40.07,25.0,45.0,60.0,,50.72000000000003,1.01,31.74,,,0,trial
2026-07-07T20:35:24,pid_hot_humid_bursty_r2,pid,hot_humid,bursty,2,43.068,42.768,42.568,40.068,25.0,45.0,60.0,,50.72000000000003,1.01,31.74,,,0,trial
2026-07-07T20:35:24,pid_hot_humid_bursty_r2,pid,hot_humid,bursty,2,43.067,42.767,42.567,40.067,25.0,45.0,60.0,,50.72000000000003,1.01,31.73,,,0,trial
2026-07-07T20:35:24,pid_hot_humid_bursty_r2,pid,hot_humid,bursty,2,43.065,42.765,42.565,40.065,25.0,45.0,60.0,,50.72000000000003,1.01,31.72,,,0,trial
2026-07-07T20:35:24,pid_hot_humid_bursty_r2,pid,hot_humid,bursty,2,43.063,42.763,42.563,40.063,25.0,45.0,60.0,,50.72000000000003,1.01,31.71,,,0,trial
2026-07-07T20:35:24,pid_hot_humid_bursty_r2,pid,hot_humid,bursty,2,43.061,42.761,42.561,40.061,25.0,45.0,60.0,,50.72000000000003,1.01,31.7,,,0,trial
2026-07-07T20:35:24,pid_hot_humid_bursty_r2,pid,hot_humid,bursty,2,43.06,42.76,42.56,40.06,25.0,45.0,60.0,,50.72000000000003,1.01,31.69,,,0,trial
2026-07-07T20:35:24,pid_hot_humid_bursty_r2,pid,hot_humid,bursty,2,43.058,42.758,42.558,40.058,25.0,45.0,60.0,,50.72000000000003,1.01,31.68,,,0,trial
2026-07-07T20:35:24,pid_hot_humid_bursty_r2,pid,hot_humid,bursty,2,43.056,42.756,42.556,40.056,25.0,45.0,60.0,,50.72000000000003,1.01,31.68,,,0,trial
2026-07-07T20:35:24,pid_hot_humid_bursty_r2,pid,hot_humid,bursty,2,43.055,42.755,42.555,40.055,25.0,45.0,60.0,,50.72000000000003,1.01,31.67,,,0,trial
2026-07-07T20:35:24,pid_hot_humid_bursty_r2,pid,hot_humid,bursty,2,43.053,42.753,42.553,40.053,25.0,45.0,60.0,,50.72000000000003,1.01,31.66,,,0,trial
2026-07-07T20:35:24,pid_hot_humid_bursty_r2,pid,hot_humid,bursty,2,43.051,42.751,42.551,40.051,25.0,45.0,60.0,,50.72000000000003,1.01,31.65,,,0,trial
2026-07-07T20:35:24,pid_hot_humid_bursty_r2,pid,hot_humid,bursty,2,43.05,42.75,42.55,40.05,25.0,45.0,60.0,,50.72000000000003,1.01,31.64,,,0,trial
2026-07-07T20:35:24,pid_hot_humid_bursty_r2,pid,hot_humid,bursty,2,43.048,42.748,42.548,40.048,25.0,45.0,60.0,,50.72000000000003,1.01,31.63,,,0,trial
2026-07-07T20:35:24,pid_hot_humid_bursty_r2,pid,hot_humid,bursty,2,43.046,42.746,42.546,40.046,25.0,45.0,60.0,,50.72000000000003,1.01,31.63,,,0,trial
2026-07-07T20:35:24,pid_hot_humid_bursty_r2,pid,hot_humid,bursty,2,43.045,42.745,42.545,40.045,25.0,45.0,60.0,,50.72000000000003,1.01,31.62,,,0,trial
2026-07-07T20:35:24,pid_hot_humid_bursty_r2,pid,hot_humid,bursty,2,43.043,42.743,42.543,40.043,25.0,45.0,60.0,,50.72000000000003,1.01,31.61,,,0,trial
2026-07-07T20:35:24,pid_hot_humid_bursty_r2,pid,hot_humid,bursty,2,43.041,42.741,42.541,40.041,25.0,45.0,60.0,,50.72000000000003,1.01,31.6,,,0,trial
2026-07-07T20:35:24,pid_hot_humid_bursty_r2,pid,hot_humid,bursty,2,43.04,42.74,42.54,40.04,25.0,45.0,60.0,,50.72000000000003,1.01,31.59,,,0,trial
2026-07-07T20:35:24,pid_hot_humid_bursty_r2,pid,hot_humid,bursty,2,43.038,42.738,42.538,40.038,25.0,45.0,60.0,,50.31999999999999,1.01,31.59,,,0,trial
2026-07-07T20:35:24,pid_hot_humid_bursty_r2,pid,hot_humid,bursty,2,43.036,42.736,42.536,40.036,25.0,45.0,60.0,,50.31999999999999,1.01,31.58,,,0,trial
2026-07-07T20:35:24,pid_hot_humid_bursty_r2,pid,hot_humid,bursty,2,43.035,42.735,42.535,40.035,25.0,45.0,60.0,,50.31999999999999,1.01,31.57,,,0,trial
2026-07-07T20:35:24,pid_hot_humid_bursty_r2,pid,hot_humid,bursty,2,43.033,42.733,42.533,40.033,25.0,45.0,60.0,,50.31999999999999,1.01,31.56,,,0,trial
2026-07-07T20:35:24,pid_hot_humid_bursty_r2,pid,hot_humid,bursty,2,43.031,42.731,42.531,40.031,25.0,45.0,60.0,,50.31999999999999,1.01,31.55,,,0,trial
2026-07-07T20:35:24,pid_hot_humid_bursty_r2,pid,hot_humid,bursty,2,43.03,42.73,42.53,40.03,25.0,45.0,60.0,,50.31999999999999,1.01,31.55,,,0,trial
2026-07-07T20:35:24,pid_hot_humid_bursty_r2,pid,hot_humid,bursty,2,43.028,42.728,42.528,40.028,25.0,45.0,60.0,,50.31999999999999,1.01,31.54,,,0,trial
2026-07-07T20:35:24,pid_hot_humid_bursty_r2,pid,hot_humid,bursty,2,43.026,42.726,42.526,40.026,25.0,45.0,60.0,,50.31999999999999,1.01,31.53,,,0,trial
2026-07-07T20:35:24,pid_hot_humid_bursty_r2,pid,hot_humid,bursty,2,43.025,42.725,42.525,40.025,25.0,45.0,60.0,,50.31999999999999,1.01,31.52,,,0,trial
2026-07-07T20:35:24,pid_hot_humid_bursty_r2,pid,hot_humid,bursty,2,43.023,42.723,42.523,40.023,25.0,45.0,60.0,,50.31999999999999,1.01,31.51,,,0,trial
2026-07-07T20:35:24,pid_hot_humid_bursty_r2,pid,hot_humid,bursty,2,43.022,42.722,42.522,40.022,25.0,45.0,60.0,,50.31999999999999,1.01,31.51,,,0,trial
2026-07-07T20:35:24,pid_hot_humid_bursty_r2,pid,hot_humid,bursty,2,43.02,42.72,42.52,40.02,25.0,45.0,60.0,,50.31999999999999,1.01,31.5,,,0,trial
2026-07-07T20:35:24,pid_hot_humid_bursty_r2,pid,hot_humid,bursty,2,43.018,42.718,42.518,40.018,25.0,45.0,60.0,,50.31999999999999,1.01,31.49,,,0,trial
2026-07-07T20:35:24,pid_hot_humid_bursty_r2,pid,hot_humid,bursty,2,43.017,42.717,42.517,40.017,25.0,45.0,60.0,,50.31999999999999,1.01,31.48,,,0,trial
2026-07-07T20:35:24,pid_hot_humid_bursty_r2,pid,hot_humid,bursty,2,43.015,42.715,42.515,40.015,25.0,45.0,60.0,,50.31999999999999,1.01,31.48,,,0,trial
2026-07-07T20:35:24,pid_hot_humid_bursty_r2,pid,hot_humid,bursty,2,43.013,42.713,42.513,40.013,25.0,45.0,60.0,,50.31999999999999,1.01,31.47,,,0,trial
2026-07-07T20:35:24,pid_hot_humid_bursty_r2,pid,hot_humid,bursty,2,43.012,42.712,42.512,40.012,25.0,45.0,60.0,,50.31999999999999,1.01,31.46,,,0,trial
2026-07-07T20:35:24,pid_hot_humid_bursty_r2,pid,hot_humid,bursty,2,43.01,42.71,42.51,40.01,25.0,45.0,60.0,,50.31999999999999,1.01,31.45,,,0,trial
2026-07-07T20:35:24,pid_hot_humid_bursty_r2,pid,hot_humid,bursty,2,43.009,42.709,42.509,40.009,25.0,45.0,60.0,,50.31999999999999,1.01,31.44,,,0,trial
2026-07-07T20:35:24,pid_hot_humid_bursty_r2,pid,hot_humid,bursty,2,43.007,42.707,42.507,40.007,25.0,45.0,60.0,,50.31999999999999,1.01,31.44,,,0,trial
2026-07-07T20:35:24,pid_hot_humid_bursty_r2,pid,hot_humid,bursty,2,43.005,42.705,42.505,40.005,25.0,45.0,60.0,,50.31999999999999,1.01,31.43,,,0,trial
2026-07-07T20:35:24,pid_hot_humid_bursty_r2,pid,hot_humid,bursty,2,43.004,42.704,42.504,40.004,25.0,45.0,60.0,,50.31999999999999,1.01,31.42,,,0,trial
2026-07-07T20:35:24,pid_hot_humid_bursty_r2,pid,hot_humid,bursty,2,43.002,42.702,42.502,40.002,25.0,45.0,60.0,,50.31999999999999,1.01,31.42,,,0,trial
2026-07-07T20:35:24,pid_hot_humid_bursty_r2,pid,hot_humid,bursty,2,43.0,42.7,42.5,40.0,25.0,45.0,60.0,,50.31999999999999,1.01,31.41,,,0,trial
2026-07-07T20:35:24,pid_hot_humid_bursty_r2,pid,hot_humid,bursty,2,42.999,42.699,42.499,39.999,25.0,45.0,60.0,,50.31999999999999,1.01,31.4,,,0,trial
2026-07-07T20:35:24,pid_hot_humid_bursty_r2,pid,hot_humid,bursty,2,42.997,42.697,42.497,39.997,25.0,45.0,60.0,,50.31999999999999,1.01,31.39,,,0,trial
2026-07-07T20:35:24,pid_hot_humid_bursty_r2,pid,hot_humid,bursty,2,42.996,42.696,42.496,39.996,25.0,45.0,60.0,,50.31999999999999,1.01,31.39,,,0,trial
2026-07-07T20:35:24,pid_hot_humid_bursty_r2,pid,hot_humid,bursty,2,42.994,42.694,42.494,39.994,25.0,45.0,60.0,,50.31999999999999,1.01,31.38,,,0,trial
2026-07-07T20:35:24,pid_hot_humid_bursty_r2,pid,hot_humid,bursty,2,42.992,42.692,42.492,39.992,25.0,45.0,60.0,,50.31999999999999,1.01,31.37,,,0,trial
2026-07-07T20:35:24,pid_hot_humid_bursty_r2,pid,hot_humid,bursty,2,42.991,42.691,42.491,39.991,25.0,45.0,60.0,,50.31999999999999,1.01,31.36,,,0,trial
2026-07-07T20:35:24,pid_hot_humid_bursty_r2,pid,hot_humid,bursty,2,42.989,42.689,42.489,39.989,25.0,45.0,60.0,,49.928,1.0,31.36,,,0,trial
2026-07-07T20:35:24,pid_hot_humid_bursty_r2,pid,hot_humid,bursty,2,42.988,42.688,42.488,39.988,25.0,45.0,60.0,,49.928,1.0,31.35,,,0,trial
2026-07-07T20:35:24,pid_hot_humid_bursty_r2,pid,hot_humid,bursty,2,42.986,42.686,42.486,39.986,25.0,45.0,60.0,,49.928,1.0,31.34,,,0,trial
2026-07-07T20:35:24,pid_hot_humid_bursty_r2,pid,hot_humid,bursty,2,42.985,42.685,42.485,39.985,25.0,45.0,60.0,,49.928,1.0,31.34,,,0,trial
2026-07-07T20:35:24,pid_hot_humid_bursty_r2,pid,hot_humid,bursty,2,42.983,42.683,42.483,39.983,25.0,45.0,60.0,,49.928,1.0,31.33,,,0,trial
2026-07-07T20:35:24,pid_hot_humid_bursty_r2,pid,hot_humid,bursty,2,42.981,42.681,42.481,39.981,25.0,45.0,60.0,,49.928,1.0,31.32,,,0,trial
2026-07-07T20:35:24,pid_hot_humid_bursty_r2,pid,hot_humid,bursty,2,42.98,42.68,42.48,39.98,25.0,45.0,60.0,,49.928,1.0,31.31,,,0,trial
2026-07-07T20:35:24,pid_hot_humid_bursty_r2,pid,hot_humid,bursty,2,42.978,42.678,42.478,39.978,25.0,45.0,60.0,,49.928,1.0,31.31,,,0,trial
2026-07-07T20:35:24,pid_hot_humid_bursty_r2,pid,hot_humid,bursty,2,42.977,42.677,42.477,39.977,25.0,45.0,60.0,,49.928,1.0,31.3,,,0,trial
2026-07-07T20:35:24,pid_hot_humid_bursty_r2,pid,hot_humid,bursty,2,42.975,42.675,42.475,39.975,25.0,45.0,60.0,,49.928,1.0,31.29,,,0,trial
2026-07-07T20:35:24,pid_hot_humid_bursty_r2,pid,hot_humid,bursty,2,42.974,42.674,42.474,39.974,25.0,45.0,60.0,,49.928,1.0,31.29,,,0,trial
2026-07-07T20:35:24,pid_hot_humid_bursty_r2,pid,hot_humid,bursty,2,42.972,42.672,42.472,39.972,25.0,45.0,60.0,,49.928,1.0,31.28,,,0,trial
2026-07-07T20:35:24,pid_hot_humid_bursty_r2,pid,hot_humid,bursty,2,42.97,42.67,42.47,39.97,25.0,45.0,60.0,,49.928,1.0,31.27,,,0,trial
2026-07-07T20:35:24,pid_hot_humid_bursty_r2,pid,hot_humid,bursty,2,42.969,42.669,42.469,39.969,25.0,45.0,60.0,,49.928,1.0,31.27,,,0,trial
2026-07-07T20:35:24,pid_hot_humid_bursty_r2,pid,hot_humid,bursty,2,42.967,42.667,42.467,39.967,25.0,45.0,60.0,,49.928,1.0,31.26,,,0,trial
2026-07-07T20:35:24,pid_hot_humid_bursty_r2,pid,hot_humid,bursty,2,42.966,42.666,42.466,39.966,25.0,45.0,60.0,,49.928,1.0,31.25,,,0,trial
2026-07-07T20:35:24,pid_hot_humid_bursty_r2,pid,hot_humid,bursty,2,42.964,42.664,42.464,39.964,25.0,45.0,60.0,,49.928,1.0,31.25,,,0,trial
2026-07-07T20:35:24,pid_hot_humid_bursty_r2,pid,hot_humid,bursty,2,42.963,42.663,42.463,39.963,25.0,45.0,60.0,,49.928,1.0,31.24,,,0,trial
2026-07-07T20:35:24,pid_hot_humid_bursty_r2,pid,hot_humid,bursty,2,42.961,42.661,42.461,39.961,25.0,45.0,60.0,,49.928,1.0,31.23,,,0,trial
2026-07-07T20:35:24,pid_hot_humid_bursty_r2,pid,hot_humid,bursty,2,42.96,42.66,42.46,39.96,25.0,45.0,60.0,,49.928,1.0,31.23,,,0,trial
2026-07-07T20:35:24,pid_hot_humid_bursty_r2,pid,hot_humid,bursty,2,42.958,42.658,42.458,39.958,25.0,45.0,60.0,,49.928,1.0,31.22,,,0,trial
2026-07-07T20:35:24,pid_hot_humid_bursty_r2,pid,hot_humid,bursty,2,42.956,42.656,42.456,39.956,25.0,45.0,60.0,,49.928,1.0,31.21,,,0,trial
2026-07-07T20:35:24,pid_hot_humid_bursty_r2,pid,hot_humid,bursty,2,42.955,42.655,42.455,39.955,25.0,45.0,60.0,,49.928,1.0,31.21,,,0,trial
2026-07-07T20:35:24,pid_hot_humid_bursty_r2,pid,hot_humid,bursty,2,42.953,42.653,42.453,39.953,25.0,45.0,60.0,,49.928,1.0,31.2,,,0,trial
2026-07-07T20:35:24,pid_hot_humid_bursty_r2,pid,hot_humid,bursty,2,42.952,42.652,42.452,39.952,25.0,45.0,60.0,,49.928,1.0,31.19,,,0,trial
2026-07-07T20:35:24,pid_hot_humid_bursty_r2,pid,hot_humid,bursty,2,42.95,42.65,42.45,39.95,25.0,45.0,60.0,,49.928,1.0,31.19,,,0,trial
2026-07-07T20:35:24,pid_hot_humid_bursty_r2,pid,hot_humid,bursty,2,42.949,42.649,42.449,39.949,25.0,45.0,60.0,,49.928,1.0,31.18,,,0,trial
2026-07-07T20:35:24,pid_hot_humid_bursty_r2,pid,hot_humid,bursty,2,42.947,42.647,42.447,39.947,25.0,45.0,60.0,,49.928,1.0,31.17,,,0,trial
2026-07-07T20:35:24,pid_hot_humid_bursty_r2,pid,hot_humid,bursty,2,42.946,42.646,42.446,39.946,25.0,45.0,60.0,,49.928,1.0,31.17,,,0,trial
2026-07-07T20:35:24,pid_hot_humid_bursty_r2,pid,hot_humid,bursty,2,42.944,42.644,42.444,39.944,25.0,45.0,60.0,,49.928,1.0,31.16,,,0,trial
2026-07-07T20:35:24,pid_hot_humid_bursty_r2,pid,hot_humid,bursty,2,42.943,42.643,42.443,39.943,25.0,45.0,60.0,,49.55200000000002,0.99,31.15,,,0,trial
2026-07-07T20:35:24,pid_hot_humid_bursty_r2,pid,hot_humid,bursty,2,42.941,42.641,42.441,39.941,25.0,45.0,60.0,,49.55200000000002,0.99,31.15,,,0,trial
2026-07-07T20:35:24,pid_hot_humid_bursty_r2,pid,hot_humid,bursty,2,42.94,42.64,42.44,39.94,25.0,45.0,60.0,,49.55200000000002,0.99,31.14,,,0,trial
2026-07-07T20:35:24,pid_hot_humid_bursty_r2,pid,hot_humid,bursty,2,42.938,42.638,42.438,39.938,25.0,45.0,60.0,,49.55200000000002,0.99,31.14,,,0,trial
2026-07-07T20:35:24,pid_hot_humid_bursty_r2,pid,hot_humid,bursty,2,42.937,42.637,42.437,39.937,25.0,45.0,60.0,,49.55200000000002,0.99,31.13,,,0,trial
2026-07-07T20:35:24,pid_hot_humid_bursty_r2,pid,hot_humid,bursty,2,42.935,42.635,42.435,39.935,25.0,45.0,60.0,,49.55200000000002,0.99,31.12,,,0,trial
2026-07-07T20:35:24,pid_hot_humid_bursty_r2,pid,hot_humid,bursty,2,42.934,42.634,42.434,39.934,25.0,45.0,60.0,,49.55200000000002,0.99,31.12,,,0,trial
2026-07-07T20:35:24,pid_hot_humid_bursty_r2,pid,hot_humid,bursty,2,42.932,42.632,42.432,39.932,25.0,45.0,60.0,,49.55200000000002,0.99,31.11,,,0,trial
2026-07-07T20:35:24,pid_hot_humid_bursty_r2,pid,hot_humid,bursty,2,42.931,42.631,42.431,39.931,25.0,45.0,60.0,,49.55200000000002,0.99,31.1,,,0,trial
2026-07-07T20:35:24,pid_hot_humid_bursty_r2,pid,hot_humid,bursty,2,42.929,42.629,42.429,39.929,25.0,45.0,60.0,,49.55200000000002,0.99,31.1,,,0,trial
2026-07-07T20:35:24,pid_hot_humid_bursty_r2,pid,hot_humid,bursty,2,42.928,42.628,42.428,39.928,25.0,45.0,60.0,,49.55200000000002,0.99,31.09,,,0,trial
2026-07-07T20:35:24,pid_hot_humid_bursty_r2,pid,hot_humid,bursty,2,42.926,42.626,42.426,39.926,25.0,45.0,60.0,,49.55200000000002,0.99,31.09,,,0,trial
2026-07-07T20:35:24,pid_hot_humid_bursty_r2,pid,hot_humid,bursty,2,42.925,42.625,42.425,39.925,25.0,45.0,60.0,,49.55200000000002,0.99,31.08,,,0,trial
2026-07-07T20:35:24,pid_hot_humid_bursty_r2,pid,hot_humid,bursty,2,42.923,42.623,42.423,39.923,25.0,45.0,60.0,,49.55200000000002,0.99,31.07,,,0,trial
2026-07-07T20:35:24,pid_hot_humid_bursty_r2,pid,hot_humid,bursty,2,42.922,42.622,42.422,39.922,25.0,45.0,60.0,,49.55200000000002,0.99,31.07,,,0,trial
2026-07-07T20:35:24,pid_hot_humid_bursty_r2,pid,hot_humid,bursty,2,42.92,42.62,42.42,39.92,25.0,45.0,60.0,,49.55200000000002,0.99,31.06,,,0,trial
2026-07-07T20:35:24,pid_hot_humid_bursty_r2,pid,hot_humid,bursty,2,42.919,42.619,42.419,39.919,25.0,45.0,60.0,,49.55200000000002,0.99,31.06,,,0,trial
2026-07-07T20:35:24,pid_hot_humid_bursty_r2,pid,hot_humid,bursty,2,42.917,42.617,42.417,39.917,25.0,45.0,60.0,,49.55200000000002,0.99,31.05,,,0,trial
2026-07-07T20:35:24,pid_hot_humid_bursty_r2,pid,hot_humid,bursty,2,42.916,42.616,42.416,39.916,25.0,45.0,60.0,,49.55200000000002,0.99,31.04,,,0,trial
2026-07-07T20:35:24,pid_hot_humid_bursty_r2,pid,hot_humid,bursty,2,42.914,42.614,42.414,39.914,25.0,45.0,60.0,,49.55200000000002,0.99,31.04,,,0,trial
2026-07-07T20:35:24,pid_hot_humid_bursty_r2,pid,hot_humid,bursty,2,42.913,42.613,42.413,39.913,25.0,45.0,60.0,,49.55200000000002,0.99,31.03,,,0,trial
2026-07-07T20:35:24,pid_hot_humid_bursty_r2,pid,hot_humid,bursty,2,42.911,42.611,42.411,39.911,25.0,45.0,60.0,,49.55200000000002,0.99,31.03,,,0,trial
2026-07-07T20:35:24,pid_hot_humid_bursty_r2,pid,hot_humid,bursty,2,42.91,42.61,42.41,39.91,25.0,45.0,60.0,,49.55200000000002,0.99,31.02,,,0,trial
2026-07-07T20:35:24,pid_hot_humid_bursty_r2,pid,hot_humid,bursty,2,42.908,42.608,42.408,39.908,25.0,45.0,60.0,,49.55200000000002,0.99,31.02,,,0,trial
2026-07-07T20:35:24,pid_hot_humid_bursty_r2,pid,hot_humid,bursty,2,42.907,42.607,42.407,39.907,25.0,45.0,60.0,,49.55200000000002,0.99,31.01,,,0,trial
2026-07-07T20:35:24,pid_hot_humid_bursty_r2,pid,hot_humid,bursty,2,42.905,42.605,42.405,39.905,25.0,45.0,60.0,,49.55200000000002,0.99,31.0,,,0,trial
2026-07-07T20:35:24,pid_hot_humid_bursty_r2,pid,hot_humid,bursty,2,42.904,42.604,42.404,39.904,25.0,45.0,60.0,,49.55200000000002,0.99,31.0,,,0,trial
2026-07-07T20:35:24,pid_hot_humid_bursty_r2,pid,hot_humid,bursty,2,42.902,42.602,42.402,39.902,25.0,45.0,60.0,,49.55200000000002,0.99,30.99,,,0,trial
2026-07-07T20:35:24,pid_hot_humid_bursty_r2,pid,hot_humid,bursty,2,42.901,42.601,42.401,39.901,25.0,45.0,60.0,,49.55200000000002,0.99,30.99,,,0,trial
2026-07-07T20:35:24,pid_hot_humid_bursty_r2,pid,hot_humid,bursty,2,42.899,42.599,42.399,39.899,25.0,45.0,60.0,,49.55200000000002,0.99,30.98,,,0,trial
2026-07-07T20:35:24,pid_hot_humid_bursty_r2,pid,hot_humid,bursty,2,42.898,42.598,42.398,39.898,25.0,45.0,60.0,,49.19200000000001,0.98,30.98,,,0,trial
2026-07-07T20:35:24,pid_hot_humid_bursty_r2,pid,hot_humid,bursty,2,42.896,42.596,42.396,39.896,25.0,45.0,60.0,,49.19200000000001,0.98,30.97,,,0,trial
2026-07-07T20:35:24,pid_hot_humid_bursty_r2,pid,hot_humid,bursty,2,42.895,42.595,42.395,39.895,25.0,45.0,60.0,,49.19200000000001,0.98,30.97,,,0,trial
2026-07-07T20:35:24,pid_hot_humid_bursty_r2,pid,hot_humid,bursty,2,42.894,42.594,42.394,39.894,25.0,45.0,60.0,,49.19200000000001,0.98,30.96,,,0,trial
2026-07-07T20:35:24,pid_hot_humid_bursty_r2,pid,hot_humid,bursty,2,42.892,42.592,42.392,39.892,25.0,45.0,60.0,,49.19200000000001,0.98,30.95,,,0,trial
2026-07-07T20:35:24,pid_hot_humid_bursty_r2,pid,hot_humid,bursty,2,42.891,42.591,42.391,39.891,25.0,45.0,60.0,,49.19200000000001,0.98,30.95,,,0,trial
2026-07-07T20:35:24,pid_hot_humid_bursty_r2,pid,hot_humid,bursty,2,42.889,42.589,42.389,39.889,25.0,45.0,60.0,,49.19200000000001,0.98,30.94,,,0,trial
2026-07-07T20:35:24,pid_hot_humid_bursty_r2,pid,hot_humid,bursty,2,42.888,42.588,42.388,39.888,25.0,45.0,60.0,,49.19200000000001,0.98,30.94,,,0,trial
2026-07-07T20:35:24,pid_hot_humid_bursty_r2,pid,hot_humid,bursty,2,42.886,42.586,42.386,39.886,25.0,45.0,60.0,,49.19200000000001,0.98,30.93,,,0,trial
2026-07-07T20:35:24,pid_hot_humid_bursty_r2,pid,hot_humid,bursty,2,42.885,42.585,42.385,39.885,25.0,45.0,60.0,,49.19200000000001,0.98,30.93,,,0,trial
2026-07-07T20:35:24,pid_hot_humid_bursty_r2,pid,hot_humid,bursty,2,42.883,42.583,42.383,39.883,25.0,45.0,60.0,,49.19200000000001,0.98,30.92,,,0,trial
2026-07-07T20:35:24,pid_hot_humid_bursty_r2,pid,hot_humid,bursty,2,42.882,42.582,42.382,39.882,25.0,45.0,60.0,,49.19200000000001,0.98,30.92,,,0,trial
2026-07-07T20:35:24,pid_hot_humid_bursty_r2,pid,hot_humid,bursty,2,42.881,42.581,42.381,39.881,25.0,45.0,60.0,,49.19200000000001,0.98,30.91,,,0,trial
2026-07-07T20:35:24,pid_hot_humid_bursty_r2,pid,hot_humid,bursty,2,42.879,42.579,42.379,39.879,25.0,45.0,60.0,,49.19200000000001,0.98,30.91,,,0,trial
2026-07-07T20:35:24,pid_hot_humid_bursty_r2,pid,hot_humid,bursty,2,42.878,42.578,42.378,39.878,25.0,45.0,60.0,,49.19200000000001,0.98,30.9,,,0,trial
2026-07-07T20:35:24,pid_hot_humid_bursty_r2,pid,hot_humid,bursty,2,42.876,42.576,42.376,39.876,25.0,45.0,60.0,,49.19200000000001,0.98,30.9,,,0,trial
2026-07-07T20:35:24,pid_hot_humid_bursty_r2,pid,hot_humid,bursty,2,42.875,42.575,42.375,39.875,25.0,45.0,60.0,,49.19200000000001,0.98,30.89,,,0,trial
2026-07-07T20:35:24,pid_hot_humid_bursty_r2,pid,hot_humid,bursty,2,42.873,42.573,42.373,39.873,25.0,45.0,60.0,,49.19200000000001,0.98,30.89,,,0,trial
2026-07-07T20:35:24,pid_hot_humid_bursty_r2,pid,hot_humid,bursty,2,42.872,42.572,42.372,39.872,25.0,45.0,60.0,,49.19200000000001,0.98,30.88,,,0,trial
2026-07-07T20:35:24,pid_hot_humid_bursty_r2,pid,hot_humid,bursty,2,42.871,42.571,42.371,39.871,25.0,45.0,60.0,,49.19200000000001,0.98,30.88,,,0,trial
2026-07-07T20:35:24,pid_hot_humid_bursty_r2,pid,hot_humid,bursty,2,42.869,42.569,42.369,39.869,25.0,45.0,60.0,,49.19200000000001,0.98,30.87,,,0,trial
2026-07-07T20:35:24,pid_hot_humid_bursty_r2,pid,hot_humid,bursty,2,42.868,42.568,42.368,39.868,25.0,45.0,60.0,,49.19200000000001,0.98,30.87,,,0,trial
2026-07-07T20:35:24,pid_hot_humid_bursty_r2,pid,hot_humid,bursty,2,42.866,42.566,42.366,39.866,25.0,45.0,60.0,,49.19200000000001,0.98,30.86,,,0,trial
2026-07-07T20:35:24,pid_hot_humid_bursty_r2,pid,hot_humid,bursty,2,42.865,42.565,42.365,39.865,25.0,45.0,60.0,,49.19200000000001,0.98,30.86,,,0,trial
2026-07-07T20:35:24,pid_hot_humid_bursty_r2,pid,hot_humid,bursty,2,42.863,42.563,42.363,39.863,25.0,45.0,60.0,,49.19200000000001,0.98,30.85,,,0,trial
2026-07-07T20:35:24,pid_hot_humid_bursty_r2,pid,hot_humid,bursty,2,42.862,42.562,42.362,39.862,25.0,45.0,60.0,,49.19200000000001,0.98,30.85,,,0,trial
2026-07-07T20:35:24,pid_hot_humid_bursty_r2,pid,hot_humid,bursty,2,42.861,42.561,42.361,39.861,25.0,45.0,60.0,,49.19200000000001,0.98,30.84,,,0,trial
2026-07-07T20:35:24,pid_hot_humid_bursty_r2,pid,hot_humid,bursty,2,42.859,42.559,42.359,39.859,25.0,45.0,60.0,,49.19200000000001,0.98,30.84,,,0,trial
2026-07-07T20:35:24,pid_hot_humid_bursty_r2,pid,hot_humid,bursty,2,42.858,42.558,42.358,39.858,25.0,45.0,60.0,,49.19200000000001,0.98,30.83,,,0,trial
2026-07-07T20:35:24,pid_hot_humid_bursty_r2,pid,hot_humid,bursty,2,42.856,42.556,42.356,39.856,25.0,45.0,60.0,,49.19200000000001,0.98,30.83,,,0,trial
2026-07-07T20:35:24,pid_hot_humid_bursty_r2,pid,hot_humid,bursty,2,42.855,42.555,42.355,39.855,25.0,45.0,60.0,,48.84800000000001,0.98,30.82,,,0,trial
2026-07-07T20:35:24,pid_hot_humid_bursty_r2,pid,hot_humid,bursty,2,42.854,42.554,42.354,39.854,25.0,45.0,60.0,,48.84800000000001,0.98,30.82,,,0,trial
2026-07-07T20:35:24,pid_hot_humid_bursty_r2,pid,hot_humid,bursty,2,42.852,42.552,42.352,39.852,25.0,45.0,60.0,,48.84800000000001,0.98,30.81,,,0,trial
2026-07-07T20:35:24,pid_hot_humid_bursty_r2,pid,hot_humid,bursty,2,42.851,42.551,42.351,39.851,25.0,45.0,60.0,,48.84800000000001,0.98,30.81,,,0,trial
2026-07-07T20:35:24,pid_hot_humid_bursty_r2,pid,hot_humid,bursty,2,42.849,42.549,42.349,39.849,25.0,45.0,60.0,,48.84800000000001,0.98,30.8,,,0,trial
2026-07-07T20:35:24,pid_hot_humid_bursty_r2,pid,hot_humid,bursty,2,42.848,42.548,42.348,39.848,25.0,45.0,60.0,,48.84800000000001,0.98,30.8,,,0,trial
2026-07-07T20:35:24,pid_hot_humid_bursty_r2,pid,hot_humid,bursty,2,42.847,42.547,42.347,39.847,25.0,45.0,60.0,,48.84800000000001,0.98,30.79,,,0,trial
2026-07-07T20:35:24,pid_hot_humid_bursty_r2,pid,hot_humid,bursty,2,42.845,42.545,42.345,39.845,25.0,45.0,60.0,,48.84800000000001,0.98,30.79,,,0,trial
2026-07-07T20:35:24,pid_hot_humid_bursty_r2,pid,hot_humid,bursty,2,42.844,42.544,42.344,39.844,25.0,45.0,60.0,,48.84800000000001,0.98,30.79,,,0,trial
2026-07-07T20:35:24,pid_hot_humid_bursty_r2,pid,hot_humid,bursty,2,42.843,42.543,42.343,39.843,25.0,45.0,60.0,,48.84800000000001,0.98,30.78,,,0,trial
2026-07-07T20:35:24,pid_hot_humid_bursty_r2,pid,hot_humid,bursty,2,42.841,42.541,42.341,39.841,25.0,45.0,60.0,,48.84800000000001,0.98,30.78,,,0,trial
2026-07-07T20:35:24,pid_hot_humid_bursty_r2,pid,hot_humid,bursty,2,42.84,42.54,42.34,39.84,25.0,45.0,60.0,,48.84800000000001,0.98,30.77,,,0,trial
2026-07-07T20:35:24,pid_hot_humid_bursty_r2,pid,hot_humid,bursty,2,42.838,42.538,42.338,39.838,25.0,45.0,60.0,,48.84800000000001,0.98,30.77,,,0,trial
2026-07-07T20:35:24,pid_hot_humid_bursty_r2,pid,hot_humid,bursty,2,42.837,42.537,42.337,39.837,25.0,45.0,60.0,,48.84800000000001,0.98,30.76,,,0,trial
2026-07-07T20:35:24,pid_hot_humid_bursty_r2,pid,hot_humid,bursty,2,42.836,42.536,42.336,39.836,25.0,45.0,60.0,,48.84800000000001,0.98,30.76,,,0,trial
2026-07-07T20:35:24,pid_hot_humid_bursty_r2,pid,hot_humid,bursty,2,42.834,42.534,42.334,39.834,25.0,45.0,60.0,,48.84800000000001,0.98,30.75,,,0,trial
2026-07-07T20:35:24,pid_hot_humid_bursty_r2,pid,hot_humid,bursty,2,42.833,42.533,42.333,39.833,25.0,45.0,60.0,,48.84800000000001,0.98,30.75,,,0,trial
2026-07-07T20:35:24,pid_hot_humid_bursty_r2,pid,hot_humid,bursty,2,42.832,42.532,42.332,39.832,25.0,45.0,60.0,,48.84800000000001,0.98,30.75,,,0,trial
2026-07-07T20:35:24,pid_hot_humid_bursty_r2,pid,hot_humid,bursty,2,42.83,42.53,42.33,39.83,25.0,45.0,60.0,,48.84800000000001,0.98,30.74,,,0,trial
2026-07-07T20:35:24,pid_hot_humid_bursty_r2,pid,hot_humid,bursty,2,42.829,42.529,42.329,39.829,25.0,45.0,60.0,,48.84800000000001,0.98,30.74,,,0,trial
2026-07-07T20:35:24,pid_hot_humid_bursty_r2,pid,hot_humid,bursty,2,42.827,42.527,42.327,39.827,25.0,45.0,60.0,,48.84800000000001,0.98,30.73,,,0,trial
2026-07-07T20:35:24,pid_hot_humid_bursty_r2,pid,hot_humid,bursty,2,42.826,42.526,42.326,39.826,25.0,45.0,60.0,,48.84800000000001,0.98,30.73,,,0,trial
2026-07-07T20:35:24,pid_hot_humid_bursty_r2,pid,hot_humid,bursty,2,42.825,42.525,42.325,39.825,25.0,45.0,60.0,,48.84800000000001,0.98,30.72,,,0,trial
2026-07-07T20:35:24,pid_hot_humid_bursty_r2,pid,hot_humid,bursty,2,42.823,42.523,42.323,39.823,25.0,45.0,60.0,,48.84800000000001,0.98,30.72,,,0,trial
2026-07-07T20:35:24,pid_hot_humid_bursty_r2,pid,hot_humid,bursty,2,42.822,42.522,42.322,39.822,25.0,45.0,60.0,,48.84800000000001,0.98,30.72,,,0,trial
2026-07-07T20:35:24,pid_hot_humid_bursty_r2,pid,hot_humid,bursty,2,42.821,42.521,42.321,39.821,25.0,45.0,60.0,,48.84800000000001,0.98,30.71,,,0,trial
2026-07-07T20:35:24,pid_hot_humid_bursty_r2,pid,hot_humid,bursty,2,42.819,42.519,42.319,39.819,25.0,45.0,60.0,,48.84800000000001,0.98,30.71,,,0,trial
2026-07-07T20:35:24,pid_hot_humid_bursty_r2,pid,hot_humid,bursty,2,42.818,42.518,42.318,39.818,25.0,45.0,60.0,,48.84800000000001,0.98,30.7,,,0,trial
2026-07-07T20:35:24,pid_hot_humid_bursty_r2,pid,hot_humid,bursty,2,42.817,42.517,42.317,39.817,25.0,45.0,60.0,,48.84800000000001,0.98,30.7,,,0,trial
2026-07-07T20:35:24,pid_hot_humid_bursty_r2,pid,hot_humid,bursty,2,42.815,42.515,42.315,39.815,25.0,45.0,60.0,,48.84800000000001,0.98,30.7,,,0,trial
2026-07-07T20:35:24,pid_hot_humid_bursty_r2,pid,hot_humid,bursty,2,42.814,42.514,42.314,39.814,25.0,45.0,60.0,,48.51999999999998,0.97,30.69,,,0,trial
2026-07-07T20:35:24,pid_hot_humid_bursty_r2,pid,hot_humid,bursty,2,42.813,42.513,42.313,39.813,25.0,45.0,60.0,,48.51999999999998,0.97,30.69,,,0,trial
2026-07-07T20:35:24,pid_hot_humid_bursty_r2,pid,hot_humid,bursty,2,42.811,42.511,42.311,39.811,25.0,45.0,60.0,,48.51999999999998,0.97,30.68,,,0,trial
2026-07-07T20:35:24,pid_hot_humid_bursty_r2,pid,hot_humid,bursty,2,42.81,42.51,42.31,39.81,25.0,45.0,60.0,,48.51999999999998,0.97,30.68,,,0,trial
2026-07-07T20:35:24,pid_hot_humid_bursty_r2,pid,hot_humid,bursty,2,42.809,42.509,42.309,39.809,25.0,45.0,60.0,,48.51999999999998,0.97,30.68,,,0,trial
2026-07-07T20:35:24,pid_hot_humid_bursty_r2,pid,hot_humid,bursty,2,42.807,42.507,42.307,39.807,25.0,45.0,60.0,,48.51999999999998,0.97,30.67,,,0,trial
2026-07-07T20:35:24,pid_hot_humid_bursty_r2,pid,hot_humid,bursty,2,42.806,42.506,42.306,39.806,25.0,45.0,60.0,,48.51999999999998,0.97,30.67,,,0,trial
2026-07-07T20:35:24,pid_hot_humid_bursty_r2,pid,hot_humid,bursty,2,42.805,42.505,42.305,39.805,25.0,45.0,60.0,,48.51999999999998,0.97,30.66,,,0,trial
2026-07-07T20:35:24,pid_hot_humid_bursty_r2,pid,hot_humid,bursty,2,42.803,42.503,42.303,39.803,25.0,45.0,60.0,,48.51999999999998,0.97,30.66,,,0,trial
2026-07-07T20:35:24,pid_hot_humid_bursty_r2,pid,hot_humid,bursty,2,42.802,42.502,42.302,39.802,25.0,45.0,60.0,,48.51999999999998,0.97,30.66,,,0,trial
2026-07-07T20:35:24,pid_hot_humid_bursty_r2,pid,hot_humid,bursty,2,42.801,42.501,42.301,39.801,25.0,45.0,60.0,,48.51999999999998,0.97,30.65,,,0,trial
2026-07-07T20:35:24,pid_hot_humid_bursty_r2,pid,hot_humid,bursty,2,42.799,42.499,42.299,39.799,25.0,45.0,60.0,,48.51999999999998,0.97,30.65,,,0,trial
2026-07-07T20:35:24,pid_hot_humid_bursty_r2,pid,hot_humid,bursty,2,42.798,42.498,42.298,39.798,25.0,45.0,60.0,,48.51999999999998,0.97,30.64,,,0,trial
2026-07-07T20:35:24,pid_hot_humid_bursty_r2,pid,hot_humid,bursty,2,42.797,42.497,42.297,39.797,25.0,45.0,60.0,,48.51999999999998,0.97,30.64,,,0,trial
2026-07-07T20:35:24,pid_hot_humid_bursty_r2,pid,hot_humid,bursty,2,42.795,42.495,42.295,39.795,25.0,45.0,60.0,,48.51999999999998,0.97,30.64,,,0,trial
2026-07-07T20:35:24,pid_hot_humid_bursty_r2,pid,hot_humid,bursty,2,42.794,42.494,42.294,39.794,25.0,45.0,60.0,,48.51999999999998,0.97,30.63,,,0,trial
2026-07-07T20:35:24,pid_hot_humid_bursty_r2,pid,hot_humid,bursty,2,42.793,42.493,42.293,39.793,25.0,45.0,60.0,,48.51999999999998,0.97,30.63,,,0,trial
2026-07-07T20:35:24,pid_hot_humid_bursty_r2,pid,hot_humid,bursty,2,42.791,42.491,42.291,39.791,25.0,45.0,60.0,,48.51999999999998,0.97,30.63,,,0,trial
2026-07-07T20:35:24,pid_hot_humid_bursty_r2,pid,hot_humid,bursty,2,42.79,42.49,42.29,39.79,25.0,45.0,60.0,,48.51999999999998,0.97,30.62,,,0,trial
2026-07-07T20:35:24,pid_hot_humid_bursty_r2,pid,hot_humid,bursty,2,42.789,42.489,42.289,39.789,25.0,45.0,60.0,,48.51999999999998,0.97,30.62,,,0,trial
2026-07-07T20:35:24,pid_hot_humid_bursty_r2,pid,hot_humid,bursty,2,42.787,42.487,42.287,39.787,25.0,45.0,60.0,,48.51999999999998,0.97,30.61,,,0,trial
2026-07-07T20:35:24,pid_hot_humid_bursty_r2,pid,hot_humid,bursty,2,42.786,42.486,42.286,39.786,25.0,45.0,60.0,,48.51999999999998,0.97,30.61,,,0,trial
2026-07-07T20:35:24,pid_hot_humid_bursty_r2,pid,hot_humid,bursty,2,42.785,42.485,42.285,39.785,25.0,45.0,60.0,,48.51999999999998,0.97,30.61,,,0,trial
2026-07-07T20:35:24,pid_hot_humid_bursty_r2,pid,hot_humid,bursty,2,42.783,42.483,42.283,39.783,25.0,45.0,60.0,,48.51999999999998,0.97,30.6,,,0,trial
2026-07-07T20:35:24,pid_hot_humid_bursty_r2,pid,hot_humid,bursty,2,42.782,42.482,42.282,39.782,25.0,45.0,60.0,,48.51999999999998,0.97,30.6,,,0,trial
2026-07-07T20:35:24,pid_hot_humid_bursty_r2,pid,hot_humid,bursty,2,42.781,42.481,42.281,39.781,25.0,45.0,60.0,,48.51999999999998,0.97,30.6,,,0,trial
2026-07-07T20:35:24,pid_hot_humid_bursty_r2,pid,hot_humid,bursty,2,42.78,42.48,42.28,39.78,25.0,45.0,60.0,,48.51999999999998,0.97,30.59,,,0,trial
2026-07-07T20:35:24,pid_hot_humid_bursty_r2,pid,hot_humid,bursty,2,42.778,42.478,42.278,39.778,25.0,45.0,60.0,,48.51999999999998,0.97,30.59,,,0,trial
2026-07-07T20:35:24,pid_hot_humid_bursty_r2,pid,hot_humid,bursty,2,42.777,42.477,42.277,39.777,25.0,45.0,60.0,,48.51999999999998,0.97,30.59,,,0,trial
2026-07-07T20:35:24,pid_hot_humid_bursty_r2,pid,hot_humid,bursty,2,42.776,42.476,42.276,39.776,25.0,45.0,60.0,,48.51999999999998,0.97,30.58,,,0,trial
2026-07-07T20:35:24,pid_hot_humid_bursty_r2,pid,hot_humid,bursty,2,42.774,42.474,42.274,39.774,25.0,45.0,60.0,,48.20800000000003,0.96,30.58,,,0,trial
2026-07-07T20:35:24,pid_hot_humid_bursty_r2,pid,hot_humid,bursty,2,42.773,42.473,42.273,39.773,25.0,45.0,60.0,,48.20800000000003,0.96,30.58,,,0,trial
2026-07-07T20:35:24,pid_hot_humid_bursty_r2,pid,hot_humid,bursty,2,42.772,42.472,42.272,39.772,25.0,45.0,60.0,,48.20800000000003,0.96,30.57,,,0,trial
2026-07-07T20:35:24,pid_hot_humid_bursty_r2,pid,hot_humid,bursty,2,42.771,42.471,42.271,39.771,25.0,45.0,60.0,,48.20800000000003,0.96,30.57,,,0,trial
2026-07-07T20:35:24,pid_hot_humid_bursty_r2,pid,hot_humid,bursty,2,42.769,42.469,42.269,39.769,25.0,45.0,60.0,,48.20800000000003,0.96,30.57,,,0,trial
2026-07-07T20:35:24,pid_hot_humid_bursty_r2,pid,hot_humid,bursty,2,42.768,42.468,42.268,39.768,25.0,45.0,60.0,,48.20800000000003,0.96,30.56,,,0,trial
2026-07-07T20:35:24,pid_hot_humid_bursty_r2,pid,hot_humid,bursty,2,42.767,42.467,42.267,39.767,25.0,45.0,60.0,,48.20800000000003,0.96,30.56,,,0,trial
2026-07-07T20:35:24,pid_hot_humid_bursty_r2,pid,hot_humid,bursty,2,42.765,42.465,42.265,39.765,25.0,45.0,60.0,,48.20800000000003,0.96,30.56,,,0,trial
2026-07-07T20:35:24,pid_hot_humid_bursty_r2,pid,hot_humid,bursty,2,42.764,42.464,42.264,39.764,25.0,45.0,60.0,,48.20800000000003,0.96,30.55,,,0,trial
2026-07-07T20:35:24,pid_hot_humid_bursty_r2,pid,hot_humid,bursty,2,42.763,42.463,42.263,39.763,25.0,45.0,60.0,,48.20800000000003,0.96,30.55,,,0,trial
2026-07-07T20:35:24,pid_hot_humid_bursty_r2,pid,hot_humid,bursty,2,42.762,42.462,42.262,39.762,25.0,45.0,60.0,,48.20800000000003,0.96,30.55,,,0,trial
2026-07-07T20:35:24,pid_hot_humid_bursty_r2,pid,hot_humid,bursty,2,42.76,42.46,42.26,39.76,25.0,45.0,60.0,,48.20800000000003,0.96,30.54,,,0,trial
2026-07-07T20:35:24,pid_hot_humid_bursty_r2,pid,hot_humid,bursty,2,42.759,42.459,42.259,39.759,25.0,45.0,60.0,,48.20800000000003,0.96,30.54,,,0,trial
2026-07-07T20:35:24,pid_hot_humid_bursty_r2,pid,hot_humid,bursty,2,42.758,42.458,42.258,39.758,25.0,45.0,60.0,,48.20800000000003,0.96,30.54,,,0,trial
2026-07-07T20:35:24,pid_hot_humid_bursty_r2,pid,hot_humid,bursty,2,42.757,42.457,42.257,39.757,25.0,45.0,60.0,,48.20800000000003,0.96,30.53,,,0,trial
2026-07-07T20:35:24,pid_hot_humid_bursty_r2,pid,hot_humid,bursty,2,42.755,42.455,42.255,39.755,25.0,45.0,60.0,,48.20800000000003,0.96,30.53,,,0,trial
2026-07-07T20:35:24,pid_hot_humid_bursty_r2,pid,hot_humid,bursty,2,42.754,42.454,42.254,39.754,25.0,45.0,60.0,,48.20800000000003,0.96,30.53,,,0,trial
2026-07-07T20:35:24,pid_hot_humid_bursty_r2,pid,hot_humid,bursty,2,42.753,42.453,42.253,39.753,25.0,45.0,60.0,,48.20800000000003,0.96,30.52,,,0,trial
2026-07-07T20:35:24,pid_hot_humid_bursty_r2,pid,hot_humid,bursty,2,42.752,42.452,42.252,39.752,25.0,45.0,60.0,,48.20800000000003,0.96,30.52,,,0,trial
2026-07-07T20:35:24,pid_hot_humid_bursty_r2,pid,hot_humid,bursty,2,42.75,42.45,42.25,39.75,25.0,45.0,60.0,,48.20800000000003,0.96,30.52,,,0,trial
2026-07-07T20:35:24,pid_hot_humid_bursty_r2,pid,hot_humid,bursty,2,42.749,42.449,42.249,39.749,25.0,45.0,60.0,,48.20800000000003,0.96,30.51,,,0,trial
2026-07-07T20:35:24,pid_hot_humid_bursty_r2,pid,hot_humid,bursty,2,42.748,42.448,42.248,39.748,25.0,45.0,60.0,,48.20800000000003,0.96,30.51,,,0,trial
2026-07-07T20:35:24,pid_hot_humid_bursty_r2,pid,hot_humid,bursty,2,42.746,42.446,42.246,39.746,25.0,45.0,60.0,,48.20800000000003,0.96,30.51,,,0,trial
2026-07-07T20:35:24,pid_hot_humid_bursty_r2,pid,hot_humid,bursty,2,42.745,42.445,42.245,39.745,25.0,45.0,60.0,,48.20800000000003,0.96,30.51,,,0,trial
2026-07-07T20:35:24,pid_hot_humid_bursty_r2,pid,hot_humid,bursty,2,42.744,42.444,42.244,39.744,25.0,45.0,60.0,,48.20800000000003,0.96,30.5,,,0,trial
2026-07-07T20:35:24,pid_hot_humid_bursty_r2,pid,hot_humid,bursty,2,42.743,42.443,42.243,39.743,25.0,45.0,60.0,,48.20800000000003,0.96,30.5,,,0,trial
2026-07-07T20:35:24,pid_hot_humid_bursty_r2,pid,hot_humid,bursty,2,42.741,42.441,42.241,39.741,25.0,45.0,60.0,,48.20800000000003,0.96,30.5,,,0,trial
2026-07-07T20:35:24,pid_hot_humid_bursty_r2,pid,hot_humid,bursty,2,42.74,42.44,42.24,39.74,25.0,45.0,60.0,,48.20800000000003,0.96,30.49,,,0,trial
2026-07-07T20:35:24,pid_hot_humid_bursty_r2,pid,hot_humid,bursty,2,42.739,42.439,42.239,39.739,25.0,45.0,60.0,,48.20800000000003,0.96,30.49,,,0,trial
2026-07-07T20:35:24,pid_hot_humid_bursty_r2,pid,hot_humid,bursty,2,42.738,42.438,42.238,39.738,25.0,45.0,60.0,,48.20800000000003,0.96,30.49,,,0,trial
2026-07-07T20:35:24,pid_hot_humid_bursty_r2,pid,hot_humid,bursty,2,42.736,42.436,42.236,39.736,25.0,45.0,60.0,,47.903999999999996,0.96,30.49,,,0,trial
2026-07-07T20:35:24,pid_hot_humid_bursty_r2,pid,hot_humid,bursty,2,42.735,42.435,42.235,39.735,25.0,45.0,60.0,,47.903999999999996,0.96,30.48,,,0,trial
2026-07-07T20:35:24,pid_hot_humid_bursty_r2,pid,hot_humid,bursty,2,42.734,42.434,42.234,39.734,25.0,45.0,60.0,,47.903999999999996,0.96,30.48,,,0,trial
2026-07-07T20:35:24,pid_hot_humid_bursty_r2,pid,hot_humid,bursty,2,42.733,42.433,42.233,39.733,25.0,45.0,60.0,,47.903999999999996,0.96,30.48,,,0,trial
2026-07-07T20:35:24,pid_hot_humid_bursty_r2,pid,hot_humid,bursty,2,42.732,42.432,42.232,39.732,25.0,45.0,60.0,,47.903999999999996,0.96,30.47,,,0,trial
2026-07-07T20:35:24,pid_hot_humid_bursty_r2,pid,hot_humid,bursty,2,42.73,42.43,42.23,39.73,25.0,45.0,60.0,,47.903999999999996,0.96,30.47,,,0,trial
2026-07-07T20:35:24,pid_hot_humid_bursty_r2,pid,hot_humid,bursty,2,42.729,42.429,42.229,39.729,25.0,45.0,60.0,,47.903999999999996,0.96,30.47,,,0,trial
2026-07-07T20:35:24,pid_hot_humid_bursty_r2,pid,hot_humid,bursty,2,42.728,42.428,42.228,39.728,25.0,45.0,60.0,,47.903999999999996,0.96,30.47,,,0,trial
2026-07-07T20:35:24,pid_hot_humid_bursty_r2,pid,hot_humid,bursty,2,42.727,42.427,42.227,39.727,25.0,45.0,60.0,,47.903999999999996,0.96,30.46,,,0,trial
2026-07-07T20:35:24,pid_hot_humid_bursty_r2,pid,hot_humid,bursty,2,42.725,42.425,42.225,39.725,25.0,45.0,60.0,,47.903999999999996,0.96,30.46,,,0,trial
2026-07-07T20:35:24,pid_hot_humid_bursty_r2,pid,hot_humid,bursty,2,42.724,42.424,42.224,39.724,25.0,45.0,60.0,,47.903999999999996,0.96,30.46,,,0,trial
2026-07-07T20:35:24,pid_hot_humid_bursty_r2,pid,hot_humid,bursty,2,42.723,42.423,42.223,39.723,25.0,45.0,60.0,,47.903999999999996,0.96,30.45,,,0,trial
2026-07-07T20:35:24,pid_hot_humid_bursty_r2,pid,hot_humid,bursty,2,42.722,42.422,42.222,39.722,25.0,45.0,60.0,,47.903999999999996,0.96,30.45,,,0,trial
2026-07-07T20:35:24,pid_hot_humid_bursty_r2,pid,hot_humid,bursty,2,42.721,42.421,42.221,39.721,25.0,45.0,60.0,,47.903999999999996,0.96,30.45,,,0,trial
2026-07-07T20:35:24,pid_hot_humid_bursty_r2,pid,hot_humid,bursty,2,42.719,42.419,42.219,39.719,25.0,45.0,60.0,,47.903999999999996,0.96,30.45,,,0,trial
2026-07-07T20:35:24,pid_hot_humid_bursty_r2,pid,hot_humid,bursty,2,42.718,42.418,42.218,39.718,25.0,45.0,60.0,,47.903999999999996,0.96,30.44,,,0,trial
2026-07-07T20:35:24,pid_hot_humid_bursty_r2,pid,hot_humid,bursty,2,42.717,42.417,42.217,39.717,25.0,45.0,60.0,,47.903999999999996,0.96,30.44,,,0,trial
2026-07-07T20:35:24,pid_hot_humid_bursty_r2,pid,hot_humid,bursty,2,42.716,42.416,42.216,39.716,25.0,45.0,60.0,,47.903999999999996,0.96,30.44,,,0,trial
2026-07-07T20:35:24,pid_hot_humid_bursty_r2,pid,hot_humid,bursty,2,42.715,42.415,42.215,39.715,25.0,45.0,60.0,,47.903999999999996,0.96,30.44,,,0,trial
2026-07-07T20:35:24,pid_hot_humid_bursty_r2,pid,hot_humid,bursty,2,42.713,42.413,42.213,39.713,25.0,45.0,60.0,,47.903999999999996,0.96,30.43,,,0,trial
2026-07-07T20:35:24,pid_hot_humid_bursty_r2,pid,hot_humid,bursty,2,42.712,42.412,42.212,39.712,25.0,45.0,60.0,,47.903999999999996,0.96,30.43,,,0,trial
2026-07-07T20:35:24,pid_hot_humid_bursty_r2,pid,hot_humid,bursty,2,42.711,42.411,42.211,39.711,25.0,45.0,60.0,,47.903999999999996,0.96,30.43,,,0,trial
2026-07-07T20:35:24,pid_hot_humid_bursty_r2,pid,hot_humid,bursty,2,42.71,42.41,42.21,39.71,25.0,45.0,60.0,,47.903999999999996,0.96,30.43,,,0,trial
2026-07-07T20:35:24,pid_hot_humid_bursty_r2,pid,hot_humid,bursty,2,42.709,42.409,42.209,39.709,25.0,45.0,60.0,,47.903999999999996,0.96,30.42,,,0,trial
2026-07-07T20:35:24,pid_hot_humid_bursty_r2,pid,hot_humid,bursty,2,42.707,42.407,42.207,39.707,25.0,45.0,60.0,,47.903999999999996,0.96,30.42,,,0,trial
2026-07-07T20:35:24,pid_hot_humid_bursty_r2,pid,hot_humid,bursty,2,42.706,42.406,42.206,39.706,25.0,45.0,60.0,,47.903999999999996,0.96,30.42,,,0,trial
2026-07-07T20:35:24,pid_hot_humid_bursty_r2,pid,hot_humid,bursty,2,42.705,42.405,42.205,39.705,25.0,45.0,60.0,,47.903999999999996,0.96,30.42,,,0,trial
2026-07-07T20:35:24,pid_hot_humid_bursty_r2,pid,hot_humid,bursty,2,42.704,42.404,42.204,39.704,25.0,45.0,60.0,,47.903999999999996,0.96,30.41,,,0,trial
2026-07-07T20:35:24,pid_hot_humid_bursty_r2,pid,hot_humid,bursty,2,42.702,42.402,42.202,39.702,25.0,45.0,60.0,,47.903999999999996,0.96,30.41,,,0,trial
2026-07-07T20:35:24,pid_hot_humid_bursty_r2,pid,hot_humid,bursty,2,42.689,42.389,42.189,39.689,25.0,45.0,0.0,,100.0,2.0,,,,0,cooldown
2026-07-07T20:35:24,pid_hot_humid_bursty_r2,pid,hot_humid,bursty,2,42.675,42.375,42.175,39.675,25.0,45.0,0.0,,100.0,2.0,,,,0,cooldown
2026-07-07T20:35:24,pid_hot_humid_bursty_r2,pid,hot_humid,bursty,2,42.661,42.361,42.161,39.661,25.0,45.0,0.0,,100.0,2.0,,,,0,cooldown
2026-07-07T20:35:24,pid_hot_humid_bursty_r2,pid,hot_humid,bursty,2,42.647,42.347,42.147,39.647,25.0,45.0,0.0,,100.0,2.0,,,,0,cooldown
2026-07-07T20:35:24,pid_hot_humid_bursty_r2,pid,hot_humid,bursty,2,42.633,42.333,42.133,39.633,25.0,45.0,0.0,,100.0,2.0,,,,0,cooldown
2026-07-07T20:35:24,pid_hot_humid_bursty_r2,pid,hot_humid,bursty,2,42.619,42.319,42.119,39.619,25.0,45.0,0.0,,100.0,2.0,,,,0,cooldown
2026-07-07T20:35:24,pid_hot_humid_bursty_r2,pid,hot_humid,bursty,2,42.605,42.305,42.105,39.605,25.0,45.0,0.0,,100.0,2.0,,,,0,cooldown
2026-07-07T20:35:24,pid_hot_humid_bursty_r2,pid,hot_humid,bursty,2,42.591,42.291,42.091,39.591,25.0,45.0,0.0,,100.0,2.0,,,,0,cooldown
2026-07-07T20:35:24,pid_hot_humid_bursty_r2,pid,hot_humid,bursty,2,42.577,42.277,42.077,39.577,25.0,45.0,0.0,,100.0,2.0,,,,0,cooldown
2026-07-07T20:35:24,pid_hot_humid_bursty_r2,pid,hot_humid,bursty,2,42.563,42.263,42.063,39.563,25.0,45.0,0.0,,100.0,2.0,,,,0,cooldown
2026-07-07T20:35:24,pid_hot_humid_bursty_r2,pid,hot_humid,bursty,2,42.549,42.249,42.049,39.549,25.0,45.0,0.0,,100.0,2.0,,,,0,cooldown
2026-07-07T20:35:24,pid_hot_humid_bursty_r2,pid,hot_humid,bursty,2,42.535,42.235,42.035,39.535,25.0,45.0,0.0,,100.0,2.0,,,,0,cooldown
2026-07-07T20:35:24,pid_hot_humid_bursty_r2,pid,hot_humid,bursty,2,42.522,42.222,42.022,39.522,25.0,45.0,0.0,,100.0,2.0,,,,0,cooldown
2026-07-07T20:35:24,pid_hot_humid_bursty_r2,pid,hot_humid,bursty,2,42.508,42.208,42.008,39.508,25.0,45.0,0.0,,100.0,2.0,,,,0,cooldown
2026-07-07T20:35:24,pid_hot_humid_bursty_r2,pid,hot_humid,bursty,2,42.494,42.194,41.994,39.494,25.0,45.0,0.0,,100.0,2.0,,,,0,cooldown
2026-07-07T20:35:24,pid_hot_humid_bursty_r2,pid,hot_humid,bursty,2,42.48,42.18,41.98,39.48,25.0,45.0,0.0,,100.0,2.0,,,,0,cooldown
2026-07-07T20:35:24,pid_hot_humid_bursty_r2,pid,hot_humid,bursty,2,42.466,42.166,41.966,39.466,25.0,45.0,0.0,,100.0,2.0,,,,0,cooldown
2026-07-07T20:35:24,pid_hot_humid_bursty_r2,pid,hot_humid,bursty,2,42.453,42.153,41.953,39.453,25.0,45.0,0.0,,100.0,2.0,,,,0,cooldown
2026-07-07T20:35:24,pid_hot_humid_bursty_r2,pid,hot_humid,bursty,2,42.439,42.139,41.939,39.439,25.0,45.0,0.0,,100.0,2.0,,,,0,cooldown
2026-07-07T20:35:24,pid_hot_humid_bursty_r2,pid,hot_humid,bursty,2,42.425,42.125,41.925,39.425,25.0,45.0,0.0,,100.0,2.0,,,,0,cooldown
2026-07-07T20:35:24,pid_hot_humid_bursty_r2,pid,hot_humid,bursty,2,42.411,42.111,41.911,39.411,25.0,45.0,0.0,,100.0,2.0,,,,0,cooldown
2026-07-07T20:35:24,pid_hot_humid_bursty_r2,pid,hot_humid,bursty,2,42.398,42.098,41.898,39.398,25.0,45.0,0.0,,100.0,2.0,,,,0,cooldown
2026-07-07T20:35:24,pid_hot_humid_bursty_r2,pid,hot_humid,bursty,2,42.384,42.084,41.884,39.384,25.0,45.0,0.0,,100.0,2.0,,,,0,cooldown
2026-07-07T20:35:24,pid_hot_humid_bursty_r2,pid,hot_humid,bursty,2,42.37,42.07,41.87,39.37,25.0,45.0,0.0,,100.0,2.0,,,,0,cooldown
2026-07-07T20:35:24,pid_hot_humid_bursty_r2,pid,hot_humid,bursty,2,42.356,42.056,41.856,39.356,25.0,45.0,0.0,,100.0,2.0,,,,0,cooldown
2026-07-07T20:35:24,pid_hot_humid_bursty_r2,pid,hot_humid,bursty,2,42.343,42.043,41.843,39.343,25.0,45.0,0.0,,100.0,2.0,,,,0,cooldown
2026-07-07T20:35:24,pid_hot_humid_bursty_r2,pid,hot_humid,bursty,2,42.329,42.029,41.829,39.329,25.0,45.0,0.0,,100.0,2.0,,,,0,cooldown
2026-07-07T20:35:24,pid_hot_humid_bursty_r2,pid,hot_humid,bursty,2,42.315,42.015,41.815,39.315,25.0,45.0,0.0,,100.0,2.0,,,,0,cooldown
2026-07-07T20:35:24,pid_hot_humid_bursty_r2,pid,hot_humid,bursty,2,42.302,42.002,41.802,39.302,25.0,45.0,0.0,,100.0,2.0,,,,0,cooldown
2026-07-07T20:35:24,pid_hot_humid_bursty_r2,pid,hot_humid,bursty,2,42.288,41.988,41.788,39.288,25.0,45.0,0.0,,100.0,2.0,,,,0,cooldown
2026-07-07T20:35:24,pid_hot_humid_bursty_r2,pid,hot_humid,bursty,2,42.274,41.974,41.774,39.274,25.0,45.0,0.0,,100.0,2.0,,,,0,cooldown
2026-07-07T20:35:24,pid_hot_humid_bursty_r2,pid,hot_humid,bursty,2,42.261,41.961,41.761,39.261,25.0,45.0,0.0,,100.0,2.0,,,,0,cooldown
2026-07-07T20:35:24,pid_hot_humid_bursty_r2,pid,hot_humid,bursty,2,42.247,41.947,41.747,39.247,25.0,45.0,0.0,,100.0,2.0,,,,0,cooldown
2026-07-07T20:35:24,pid_hot_humid_bursty_r2,pid,hot_humid,bursty,2,42.233,41.933,41.733,39.233,25.0,45.0,0.0,,100.0,2.0,,,,0,cooldown
2026-07-07T20:35:24,pid_hot_humid_bursty_r2,pid,hot_humid,bursty,2,42.22,41.92,41.72,39.22,25.0,45.0,0.0,,100.0,2.0,,,,0,cooldown
2026-07-07T20:35:24,pid_hot_humid_bursty_r2,pid,hot_humid,bursty,2,42.206,41.906,41.706,39.206,25.0,45.0,0.0,,100.0,2.0,,,,0,cooldown
2026-07-07T20:35:24,pid_hot_humid_bursty_r2,pid,hot_humid,bursty,2,42.193,41.893,41.693,39.193,25.0,45.0,0.0,,100.0,2.0,,,,0,cooldown
2026-07-07T20:35:24,pid_hot_humid_bursty_r2,pid,hot_humid,bursty,2,42.179,41.879,41.679,39.179,25.0,45.0,0.0,,100.0,2.0,,,,0,cooldown
2026-07-07T20:35:24,pid_hot_humid_bursty_r2,pid,hot_humid,bursty,2,42.166,41.866,41.666,39.166,25.0,45.0,0.0,,100.0,2.0,,,,0,cooldown
2026-07-07T20:35:24,pid_hot_humid_bursty_r2,pid,hot_humid,bursty,2,42.152,41.852,41.652,39.152,25.0,45.0,0.0,,100.0,2.0,,,,0,cooldown
2026-07-07T20:35:24,pid_hot_humid_bursty_r2,pid,hot_humid,bursty,2,42.138,41.838,41.638,39.138,25.0,45.0,0.0,,100.0,2.0,,,,0,cooldown
2026-07-07T20:35:24,pid_hot_humid_bursty_r2,pid,hot_humid,bursty,2,42.125,41.825,41.625,39.125,25.0,45.0,0.0,,100.0,2.0,,,,0,cooldown
2026-07-07T20:35:24,pid_hot_humid_bursty_r2,pid,hot_humid,bursty,2,42.111,41.811,41.611,39.111,25.0,45.0,0.0,,100.0,2.0,,,,0,cooldown
2026-07-07T20:35:24,pid_hot_humid_bursty_r2,pid,hot_humid,bursty,2,42.098,41.798,41.598,39.098,25.0,45.0,0.0,,100.0,2.0,,,,0,cooldown
2026-07-07T20:35:24,pid_hot_humid_bursty_r2,pid,hot_humid,bursty,2,42.084,41.784,41.584,39.084,25.0,45.0,0.0,,100.0,2.0,,,,0,cooldown
2026-07-07T20:35:24,pid_hot_humid_bursty_r2,pid,hot_humid,bursty,2,42.071,41.771,41.571,39.071,25.0,45.0,0.0,,100.0,2.0,,,,0,cooldown
2026-07-07T20:35:24,pid_hot_humid_bursty_r2,pid,hot_humid,bursty,2,42.057,41.757,41.557,39.057,25.0,45.0,0.0,,100.0,2.0,,,,0,cooldown
2026-07-07T20:35:24,pid_hot_humid_bursty_r2,pid,hot_humid,bursty,2,42.044,41.744,41.544,39.044,25.0,45.0,0.0,,100.0,2.0,,,,0,cooldown
2026-07-07T20:35:24,pid_hot_humid_bursty_r2,pid,hot_humid,bursty,2,42.03,41.73,41.53,39.03,25.0,45.0,0.0,,100.0,2.0,,,,0,cooldown
2026-07-07T20:35:24,pid_hot_humid_bursty_r2,pid,hot_humid,bursty,2,42.017,41.717,41.517,39.017,25.0,45.0,0.0,,100.0,2.0,,,,0,cooldown
2026-07-07T20:35:24,pid_hot_humid_bursty_r2,pid,hot_humid,bursty,2,42.004,41.704,41.504,39.004,25.0,45.0,0.0,,100.0,2.0,,,,0,cooldown
2026-07-07T20:35:24,pid_hot_humid_bursty_r2,pid,hot_humid,bursty,2,41.99,41.69,41.49,38.99,25.0,45.0,0.0,,100.0,2.0,,,,0,cooldown
2026-07-07T20:35:24,pid_hot_humid_bursty_r2,pid,hot_humid,bursty,2,41.977,41.677,41.477,38.977,25.0,45.0,0.0,,100.0,2.0,,,,0,cooldown
2026-07-07T20:35:24,pid_hot_humid_bursty_r2,pid,hot_humid,bursty,2,41.963,41.663,41.463,38.963,25.0,45.0,0.0,,100.0,2.0,,,,0,cooldown
2026-07-07T20:35:24,pid_hot_humid_bursty_r2,pid,hot_humid,bursty,2,41.95,41.65,41.45,38.95,25.0,45.0,0.0,,100.0,2.0,,,,0,cooldown
2026-07-07T20:35:24,pid_hot_humid_bursty_r2,pid,hot_humid,bursty,2,41.937,41.637,41.437,38.937,25.0,45.0,0.0,,100.0,2.0,,,,0,cooldown
2026-07-07T20:35:24,pid_hot_humid_bursty_r2,pid,hot_humid,bursty,2,41.923,41.623,41.423,38.923,25.0,45.0,0.0,,100.0,2.0,,,,0,cooldown
2026-07-07T20:35:24,pid_hot_humid_bursty_r2,pid,hot_humid,bursty,2,41.91,41.61,41.41,38.91,25.0,45.0,0.0,,100.0,2.0,,,,0,cooldown
2026-07-07T20:35:24,pid_hot_humid_bursty_r2,pid,hot_humid,bursty,2,41.897,41.597,41.397,38.897,25.0,45.0,0.0,,100.0,2.0,,,,0,cooldown
2026-07-07T20:35:24,pid_hot_humid_bursty_r2,pid,hot_humid,bursty,2,41.883,41.583,41.383,38.883,25.0,45.0,0.0,,100.0,2.0,,,,0,cooldown
2026-07-07T20:35:24,pid_hot_humid_bursty_r2,pid,hot_humid,bursty,2,41.87,41.57,41.37,38.87,25.0,45.0,0.0,,100.0,2.0,,,,0,cooldown
2026-07-07T20:35:24,pid_hot_humid_bursty_r2,pid,hot_humid,bursty,2,41.857,41.557,41.357,38.857,25.0,45.0,0.0,,100.0,2.0,,,,0,cooldown
2026-07-07T20:35:24,pid_hot_humid_bursty_r2,pid,hot_humid,bursty,2,41.843,41.543,41.343,38.843,25.0,45.0,0.0,,100.0,2.0,,,,0,cooldown
2026-07-07T20:35:24,pid_hot_humid_bursty_r2,pid,hot_humid,bursty,2,41.83,41.53,41.33,38.83,25.0,45.0,0.0,,100.0,2.0,,,,0,cooldown
2026-07-07T20:35:24,pid_hot_humid_bursty_r2,pid,hot_humid,bursty,2,41.817,41.517,41.317,38.817,25.0,45.0,0.0,,100.0,2.0,,,,0,cooldown
2026-07-07T20:35:24,pid_hot_humid_bursty_r2,pid,hot_humid,bursty,2,41.803,41.503,41.303,38.803,25.0,45.0,0.0,,100.0,2.0,,,,0,cooldown
2026-07-07T20:35:24,pid_hot_humid_bursty_r2,pid,hot_humid,bursty,2,41.79,41.49,41.29,38.79,25.0,45.0,0.0,,100.0,2.0,,,,0,cooldown
2026-07-07T20:35:24,pid_hot_humid_bursty_r2,pid,hot_humid,bursty,2,41.777,41.477,41.277,38.777,25.0,45.0,0.0,,100.0,2.0,,,,0,cooldown
2026-07-07T20:35:24,pid_hot_humid_bursty_r2,pid,hot_humid,bursty,2,41.764,41.464,41.264,38.764,25.0,45.0,0.0,,100.0,2.0,,,,0,cooldown
2026-07-07T20:35:24,pid_hot_humid_bursty_r2,pid,hot_humid,bursty,2,41.75,41.45,41.25,38.75,25.0,45.0,0.0,,100.0,2.0,,,,0,cooldown
2026-07-07T20:35:24,pid_hot_humid_bursty_r2,pid,hot_humid,bursty,2,41.737,41.437,41.237,38.737,25.0,45.0,0.0,,100.0,2.0,,,,0,cooldown
2026-07-07T20:35:24,pid_hot_humid_bursty_r2,pid,hot_humid,bursty,2,41.724,41.424,41.224,38.724,25.0,45.0,0.0,,100.0,2.0,,,,0,cooldown
2026-07-07T20:35:24,pid_hot_humid_bursty_r2,pid,hot_humid,bursty,2,41.711,41.411,41.211,38.711,25.0,45.0,0.0,,100.0,2.0,,,,0,cooldown
2026-07-07T20:35:24,pid_hot_humid_bursty_r2,pid,hot_humid,bursty,2,41.698,41.398,41.198,38.698,25.0,45.0,0.0,,100.0,2.0,,,,0,cooldown
2026-07-07T20:35:24,pid_hot_humid_bursty_r2,pid,hot_humid,bursty,2,41.684,41.384,41.184,38.684,25.0,45.0,0.0,,100.0,2.0,,,,0,cooldown
2026-07-07T20:35:24,pid_hot_humid_bursty_r2,pid,hot_humid,bursty,2,41.671,41.371,41.171,38.671,25.0,45.0,0.0,,100.0,2.0,,,,0,cooldown
2026-07-07T20:35:24,pid_hot_humid_bursty_r2,pid,hot_humid,bursty,2,41.658,41.358,41.158,38.658,25.0,45.0,0.0,,100.0,2.0,,,,0,cooldown
2026-07-07T20:35:24,pid_hot_humid_bursty_r2,pid,hot_humid,bursty,2,41.645,41.345,41.145,38.645,25.0,45.0,0.0,,100.0,2.0,,,,0,cooldown
2026-07-07T20:35:24,pid_hot_humid_bursty_r2,pid,hot_humid,bursty,2,41.632,41.332,41.132,38.632,25.0,45.0,0.0,,100.0,2.0,,,,0,cooldown
2026-07-07T20:35:24,pid_hot_humid_bursty_r2,pid,hot_humid,bursty,2,41.619,41.319,41.119,38.619,25.0,45.0,0.0,,100.0,2.0,,,,0,cooldown
2026-07-07T20:35:24,pid_hot_humid_bursty_r2,pid,hot_humid,bursty,2,41.605,41.305,41.105,38.605,25.0,45.0,0.0,,100.0,2.0,,,,0,cooldown
2026-07-07T20:35:24,pid_hot_humid_bursty_r2,pid,hot_humid,bursty,2,41.592,41.292,41.092,38.592,25.0,45.0,0.0,,100.0,2.0,,,,0,cooldown
2026-07-07T20:35:24,pid_hot_humid_bursty_r2,pid,hot_humid,bursty,2,41.579,41.279,41.079,38.579,25.0,45.0,0.0,,100.0,2.0,,,,0,cooldown
2026-07-07T20:35:24,pid_hot_humid_bursty_r2,pid,hot_humid,bursty,2,41.566,41.266,41.066,38.566,25.0,45.0,0.0,,100.0,2.0,,,,0,cooldown
2026-07-07T20:35:24,pid_hot_humid_bursty_r2,pid,hot_humid,bursty,2,41.553,41.253,41.053,38.553,25.0,45.0,0.0,,100.0,2.0,,,,0,cooldown
2026-07-07T20:35:24,pid_hot_humid_bursty_r2,pid,hot_humid,bursty,2,41.54,41.24,41.04,38.54,25.0,45.0,0.0,,100.0,2.0,,,,0,cooldown
2026-07-07T20:35:24,pid_hot_humid_bursty_r2,pid,hot_humid,bursty,2,41.527,41.227,41.027,38.527,25.0,45.0,0.0,,100.0,2.0,,,,0,cooldown
2026-07-07T20:35:24,pid_hot_humid_bursty_r2,pid,hot_humid,bursty,2,41.514,41.214,41.014,38.514,25.0,45.0,0.0,,100.0,2.0,,,,0,cooldown
2026-07-07T20:35:24,pid_hot_humid_bursty_r2,pid,hot_humid,bursty,2,41.501,41.201,41.001,38.501,25.0,45.0,0.0,,100.0,2.0,,,,0,cooldown
2026-07-07T20:35:24,pid_hot_humid_bursty_r2,pid,hot_humid,bursty,2,41.488,41.188,40.988,38.488,25.0,45.0,0.0,,100.0,2.0,,,,0,cooldown
2026-07-07T20:35:24,pid_hot_humid_bursty_r2,pid,hot_humid,bursty,2,41.475,41.175,40.975,38.475,25.0,45.0,0.0,,100.0,2.0,,,,0,cooldown
2026-07-07T20:35:24,pid_hot_humid_bursty_r2,pid,hot_humid,bursty,2,41.462,41.162,40.962,38.462,25.0,45.0,0.0,,100.0,2.0,,,,0,cooldown
2026-07-07T20:35:24,pid_hot_humid_bursty_r2,pid,hot_humid,bursty,2,41.449,41.149,40.949,38.449,25.0,45.0,0.0,,100.0,2.0,,,,0,cooldown
2026-07-07T20:35:24,pid_hot_humid_bursty_r2,pid,hot_humid,bursty,2,41.436,41.136,40.936,38.436,25.0,45.0,0.0,,100.0,2.0,,,,0,cooldown
2026-07-07T20:35:24,pid_hot_humid_bursty_r2,pid,hot_humid,bursty,2,41.423,41.123,40.923,38.423,25.0,45.0,0.0,,100.0,2.0,,,,0,cooldown
2026-07-07T20:35:24,pid_hot_humid_bursty_r2,pid,hot_humid,bursty,2,41.41,41.11,40.91,38.41,25.0,45.0,0.0,,100.0,2.0,,,,0,cooldown
2026-07-07T20:35:24,pid_hot_humid_bursty_r2,pid,hot_humid,bursty,2,41.397,41.097,40.897,38.397,25.0,45.0,0.0,,100.0,2.0,,,,0,cooldown
2026-07-07T20:35:24,pid_hot_humid_bursty_r2,pid,hot_humid,bursty,2,41.384,41.084,40.884,38.384,25.0,45.0,0.0,,100.0,2.0,,,,0,cooldown
2026-07-07T20:35:24,pid_hot_humid_bursty_r2,pid,hot_humid,bursty,2,41.371,41.071,40.871,38.371,25.0,45.0,0.0,,100.0,2.0,,,,0,cooldown
2026-07-07T20:35:24,pid_hot_humid_bursty_r2,pid,hot_humid,bursty,2,41.358,41.058,40.858,38.358,25.0,45.0,0.0,,100.0,2.0,,,,0,cooldown
2026-07-07T20:35:24,pid_hot_humid_bursty_r2,pid,hot_humid,bursty,2,41.345,41.045,40.845,38.345,25.0,45.0,0.0,,100.0,2.0,,,,0,cooldown
2026-07-07T20:35:24,pid_hot_humid_bursty_r2,pid,hot_humid,bursty,2,41.332,41.032,40.832,38.332,25.0,45.0,0.0,,100.0,2.0,,,,0,cooldown
2026-07-07T20:35:24,pid_hot_humid_bursty_r2,pid,hot_humid,bursty,2,41.319,41.019,40.819,38.319,25.0,45.0,0.0,,100.0,2.0,,,,0,cooldown
2026-07-07T20:35:24,pid_hot_humid_bursty_r2,pid,hot_humid,bursty,2,41.307,41.007,40.807,38.307,25.0,45.0,0.0,,100.0,2.0,,,,0,cooldown
2026-07-07T20:35:24,pid_hot_humid_bursty_r2,pid,hot_humid,bursty,2,41.294,40.994,40.794,38.294,25.0,45.0,0.0,,100.0,2.0,,,,0,cooldown
2026-07-07T20:35:24,pid_hot_humid_bursty_r2,pid,hot_humid,bursty,2,41.281,40.981,40.781,38.281,25.0,45.0,0.0,,100.0,2.0,,,,0,cooldown
2026-07-07T20:35:24,pid_hot_humid_bursty_r2,pid,hot_humid,bursty,2,41.268,40.968,40.768,38.268,25.0,45.0,0.0,,100.0,2.0,,,,0,cooldown
2026-07-07T20:35:24,pid_hot_humid_bursty_r2,pid,hot_humid,bursty,2,41.255,40.955,40.755,38.255,25.0,45.0,0.0,,100.0,2.0,,,,0,cooldown
2026-07-07T20:35:24,pid_hot_humid_bursty_r2,pid,hot_humid,bursty,2,41.242,40.942,40.742,38.242,25.0,45.0,0.0,,100.0,2.0,,,,0,cooldown
2026-07-07T20:35:24,pid_hot_humid_bursty_r2,pid,hot_humid,bursty,2,41.229,40.929,40.729,38.229,25.0,45.0,0.0,,100.0,2.0,,,,0,cooldown
2026-07-07T20:35:24,pid_hot_humid_bursty_r2,pid,hot_humid,bursty,2,41.217,40.917,40.717,38.217,25.0,45.0,0.0,,100.0,2.0,,,,0,cooldown
2026-07-07T20:35:24,pid_hot_humid_bursty_r2,pid,hot_humid,bursty,2,41.204,40.904,40.704,38.204,25.0,45.0,0.0,,100.0,2.0,,,,0,cooldown
2026-07-07T20:35:24,pid_hot_humid_bursty_r2,pid,hot_humid,bursty,2,41.191,40.891,40.691,38.191,25.0,45.0,0.0,,100.0,2.0,,,,0,cooldown
2026-07-07T20:35:24,pid_hot_humid_bursty_r2,pid,hot_humid,bursty,2,41.178,40.878,40.678,38.178,25.0,45.0,0.0,,100.0,2.0,,,,0,cooldown
2026-07-07T20:35:24,pid_hot_humid_bursty_r2,pid,hot_humid,bursty,2,41.165,40.865,40.665,38.165,25.0,45.0,0.0,,100.0,2.0,,,,0,cooldown
2026-07-07T20:35:24,pid_hot_humid_bursty_r2,pid,hot_humid,bursty,2,41.153,40.853,40.653,38.153,25.0,45.0,0.0,,100.0,2.0,,,,0,cooldown
2026-07-07T20:35:24,pid_hot_humid_bursty_r2,pid,hot_humid,bursty,2,41.14,40.84,40.64,38.14,25.0,45.0,0.0,,100.0,2.0,,,,0,cooldown
2026-07-07T20:35:24,pid_hot_humid_bursty_r2,pid,hot_humid,bursty,2,41.127,40.827,40.627,38.127,25.0,45.0,0.0,,100.0,2.0,,,,0,cooldown
2026-07-07T20:35:24,pid_hot_humid_bursty_r2,pid,hot_humid,bursty,2,41.115,40.815,40.615,38.115,25.0,45.0,0.0,,100.0,2.0,,,,0,cooldown
2026-07-07T20:35:24,pid_hot_humid_bursty_r2,pid,hot_humid,bursty,2,41.102,40.802,40.602,38.102,25.0,45.0,0.0,,100.0,2.0,,,,0,cooldown
2026-07-07T20:35:24,pid_hot_humid_bursty_r2,pid,hot_humid,bursty,2,41.089,40.789,40.589,38.089,25.0,45.0,0.0,,100.0,2.0,,,,0,cooldown
2026-07-07T20:35:24,pid_hot_humid_bursty_r2,pid,hot_humid,bursty,2,41.076,40.776,40.576,38.076,25.0,45.0,0.0,,100.0,2.0,,,,0,cooldown
2026-07-07T20:35:24,pid_hot_humid_bursty_r2,pid,hot_humid,bursty,2,41.064,40.764,40.564,38.064,25.0,45.0,0.0,,100.0,2.0,,,,0,cooldown
2026-07-07T20:35:24,pid_hot_humid_bursty_r2,pid,hot_humid,bursty,2,41.051,40.751,40.551,38.051,25.0,45.0,0.0,,100.0,2.0,,,,0,cooldown
2026-07-07T20:35:24,pid_hot_humid_bursty_r2,pid,hot_humid,bursty,2,41.038,40.738,40.538,38.038,25.0,45.0,0.0,,100.0,2.0,,,,0,cooldown
2026-07-07T20:35:24,pid_hot_humid_bursty_r2,pid,hot_humid,bursty,2,41.026,40.726,40.526,38.026,25.0,45.0,0.0,,100.0,2.0,,,,0,cooldown
2026-07-07T20:35:24,pid_hot_humid_bursty_r2,pid,hot_humid,bursty,2,41.013,40.713,40.513,38.013,25.0,45.0,0.0,,100.0,2.0,,,,0,cooldown
2026-07-07T20:35:24,pid_hot_humid_bursty_r2,pid,hot_humid,bursty,2,41.0,40.7,40.5,38.0,25.0,45.0,0.0,,100.0,2.0,,,,0,cooldown
2026-07-07T20:35:24,pid_hot_humid_bursty_r2,pid,hot_humid,bursty,2,40.988,40.688,40.488,37.988,25.0,45.0,0.0,,100.0,2.0,,,,0,cooldown
2026-07-07T20:35:24,pid_hot_humid_bursty_r2,pid,hot_humid,bursty,2,40.975,40.675,40.475,37.975,25.0,45.0,0.0,,100.0,2.0,,,,0,cooldown
2026-07-07T20:35:24,pid_hot_humid_bursty_r2,pid,hot_humid,bursty,2,40.963,40.663,40.463,37.963,25.0,45.0,0.0,,100.0,2.0,,,,0,cooldown
2026-07-07T20:35:24,pid_hot_humid_bursty_r2,pid,hot_humid,bursty,2,40.95,40.65,40.45,37.95,25.0,45.0,0.0,,100.0,2.0,,,,0,cooldown
2026-07-07T20:35:24,pid_hot_humid_bursty_r2,pid,hot_humid,bursty,2,40.937,40.637,40.437,37.937,25.0,45.0,0.0,,100.0,2.0,,,,0,cooldown
2026-07-07T20:35:24,pid_hot_humid_bursty_r2,pid,hot_humid,bursty,2,40.925,40.625,40.425,37.925,25.0,45.0,0.0,,100.0,2.0,,,,0,cooldown
2026-07-07T20:35:24,pid_hot_humid_bursty_r2,pid,hot_humid,bursty,2,40.912,40.612,40.412,37.912,25.0,45.0,0.0,,100.0,2.0,,,,0,cooldown
2026-07-07T20:35:24,pid_hot_humid_bursty_r2,pid,hot_humid,bursty,2,40.9,40.6,40.4,37.9,25.0,45.0,0.0,,100.0,2.0,,,,0,cooldown
2026-07-07T20:35:24,pid_hot_humid_bursty_r2,pid,hot_humid,bursty,2,40.887,40.587,40.387,37.887,25.0,45.0,0.0,,100.0,2.0,,,,0,cooldown
2026-07-07T20:35:24,pid_hot_humid_bursty_r2,pid,hot_humid,bursty,2,40.875,40.575,40.375,37.875,25.0,45.0,0.0,,100.0,2.0,,,,0,cooldown
2026-07-07T20:35:24,pid_hot_humid_bursty_r2,pid,hot_humid,bursty,2,40.862,40.562,40.362,37.862,25.0,45.0,0.0,,100.0,2.0,,,,0,cooldown
2026-07-07T20:35:24,pid_hot_humid_bursty_r2,pid,hot_humid,bursty,2,40.849,40.549,40.349,37.849,25.0,45.0,0.0,,100.0,2.0,,,,0,cooldown
2026-07-07T20:35:24,pid_hot_humid_bursty_r2,pid,hot_humid,bursty,2,40.837,40.537,40.337,37.837,25.0,45.0,0.0,,100.0,2.0,,,,0,cooldown
2026-07-07T20:35:24,pid_hot_humid_bursty_r2,pid,hot_humid,bursty,2,40.824,40.524,40.324,37.824,25.0,45.0,0.0,,100.0,2.0,,,,0,cooldown
2026-07-07T20:35:24,pid_hot_humid_bursty_r2,pid,hot_humid,bursty,2,40.812,40.512,40.312,37.812,25.0,45.0,0.0,,100.0,2.0,,,,0,cooldown
2026-07-07T20:35:24,pid_hot_humid_bursty_r2,pid,hot_humid,bursty,2,40.799,40.499,40.299,37.799,25.0,45.0,0.0,,100.0,2.0,,,,0,cooldown
2026-07-07T20:35:24,pid_hot_humid_bursty_r2,pid,hot_humid,bursty,2,40.787,40.487,40.287,37.787,25.0,45.0,0.0,,100.0,2.0,,,,0,cooldown
2026-07-07T20:35:24,pid_hot_humid_bursty_r2,pid,hot_humid,bursty,2,40.775,40.475,40.275,37.775,25.0,45.0,0.0,,100.0,2.0,,,,0,cooldown
2026-07-07T20:35:24,pid_hot_humid_bursty_r2,pid,hot_humid,bursty,2,40.762,40.462,40.262,37.762,25.0,45.0,0.0,,100.0,2.0,,,,0,cooldown
2026-07-07T20:35:24,pid_hot_humid_bursty_r2,pid,hot_humid,bursty,2,40.75,40.45,40.25,37.75,25.0,45.0,0.0,,100.0,2.0,,,,0,cooldown
2026-07-07T20:35:24,pid_hot_humid_bursty_r2,pid,hot_humid,bursty,2,40.737,40.437,40.237,37.737,25.0,45.0,0.0,,100.0,2.0,,,,0,cooldown
2026-07-07T20:35:24,pid_hot_humid_bursty_r2,pid,hot_humid,bursty,2,40.725,40.425,40.225,37.725,25.0,45.0,0.0,,100.0,2.0,,,,0,cooldown
2026-07-07T20:35:24,pid_hot_humid_bursty_r2,pid,hot_humid,bursty,2,40.712,40.412,40.212,37.712,25.0,45.0,0.0,,100.0,2.0,,,,0,cooldown
2026-07-07T20:35:24,pid_hot_humid_bursty_r2,pid,hot_humid,bursty,2,40.7,40.4,40.2,37.7,25.0,45.0,0.0,,100.0,2.0,,,,0,cooldown
2026-07-07T20:35:24,pid_hot_humid_bursty_r2,pid,hot_humid,bursty,2,40.688,40.388,40.188,37.688,25.0,45.0,0.0,,100.0,2.0,,,,0,cooldown
2026-07-07T20:35:24,pid_hot_humid_bursty_r2,pid,hot_humid,bursty,2,40.675,40.375,40.175,37.675,25.0,45.0,0.0,,100.0,2.0,,,,0,cooldown
2026-07-07T20:35:24,pid_hot_humid_bursty_r2,pid,hot_humid,bursty,2,40.663,40.363,40.163,37.663,25.0,45.0,0.0,,100.0,2.0,,,,0,cooldown
2026-07-07T20:35:24,pid_hot_humid_bursty_r2,pid,hot_humid,bursty,2,40.65,40.35,40.15,37.65,25.0,45.0,0.0,,100.0,2.0,,,,0,cooldown
2026-07-07T20:35:24,pid_hot_humid_bursty_r2,pid,hot_humid,bursty,2,40.638,40.338,40.138,37.638,25.0,45.0,0.0,,100.0,2.0,,,,0,cooldown
2026-07-07T20:35:24,pid_hot_humid_bursty_r2,pid,hot_humid,bursty,2,40.626,40.326,40.126,37.626,25.0,45.0,0.0,,100.0,2.0,,,,0,cooldown
2026-07-07T20:35:24,pid_hot_humid_bursty_r2,pid,hot_humid,bursty,2,40.613,40.313,40.113,37.613,25.0,45.0,0.0,,100.0,2.0,,,,0,cooldown
2026-07-07T20:35:24,pid_hot_humid_bursty_r2,pid,hot_humid,bursty,2,40.601,40.301,40.101,37.601,25.0,45.0,0.0,,100.0,2.0,,,,0,cooldown
2026-07-07T20:35:24,pid_hot_humid_bursty_r2,pid,hot_humid,bursty,2,40.589,40.289,40.089,37.589,25.0,45.0,0.0,,100.0,2.0,,,,0,cooldown
2026-07-07T20:35:24,pid_hot_humid_bursty_r2,pid,hot_humid,bursty,2,40.576,40.276,40.076,37.576,25.0,45.0,0.0,,100.0,2.0,,,,0,cooldown
2026-07-07T20:35:24,pid_hot_humid_bursty_r2,pid,hot_humid,bursty,2,40.564,40.264,40.064,37.564,25.0,45.0,0.0,,100.0,2.0,,,,0,cooldown
2026-07-07T20:35:24,pid_hot_humid_bursty_r2,pid,hot_humid,bursty,2,40.552,40.252,40.052,37.552,25.0,45.0,0.0,,100.0,2.0,,,,0,cooldown
2026-07-07T20:35:24,pid_hot_humid_bursty_r2,pid,hot_humid,bursty,2,40.54,40.24,40.04,37.54,25.0,45.0,0.0,,100.0,2.0,,,,0,cooldown
2026-07-07T20:35:24,pid_hot_humid_bursty_r2,pid,hot_humid,bursty,2,40.527,40.227,40.027,37.527,25.0,45.0,0.0,,100.0,2.0,,,,0,cooldown
2026-07-07T20:35:24,pid_hot_humid_bursty_r2,pid,hot_humid,bursty,2,40.515,40.215,40.015,37.515,25.0,45.0,0.0,,100.0,2.0,,,,0,cooldown
2026-07-07T20:35:24,pid_hot_humid_bursty_r2,pid,hot_humid,bursty,2,40.503,40.203,40.003,37.503,25.0,45.0,0.0,,100.0,2.0,,,,0,cooldown
2026-07-07T20:35:24,pid_hot_humid_bursty_r2,pid,hot_humid,bursty,2,40.491,40.191,39.991,37.491,25.0,45.0,0.0,,100.0,2.0,,,,0,cooldown
2026-07-07T20:35:24,pid_hot_humid_bursty_r2,pid,hot_humid,bursty,2,40.478,40.178,39.978,37.478,25.0,45.0,0.0,,100.0,2.0,,,,0,cooldown
2026-07-07T20:35:24,pid_hot_humid_bursty_r2,pid,hot_humid,bursty,2,40.466,40.166,39.966,37.466,25.0,45.0,0.0,,100.0,2.0,,,,0,cooldown
2026-07-07T20:35:24,pid_hot_humid_bursty_r2,pid,hot_humid,bursty,2,40.454,40.154,39.954,37.454,25.0,45.0,0.0,,100.0,2.0,,,,0,cooldown
2026-07-07T20:35:24,pid_hot_humid_bursty_r2,pid,hot_humid,bursty,2,40.442,40.142,39.942,37.442,25.0,45.0,0.0,,100.0,2.0,,,,0,cooldown
2026-07-07T20:35:24,pid_hot_humid_bursty_r2,pid,hot_humid,bursty,2,40.43,40.13,39.93,37.43,25.0,45.0,0.0,,100.0,2.0,,,,0,cooldown
2026-07-07T20:35:24,pid_hot_humid_bursty_r2,pid,hot_humid,bursty,2,40.417,40.117,39.917,37.417,25.0,45.0,0.0,,100.0,2.0,,,,0,cooldown
2026-07-07T20:35:24,pid_hot_humid_bursty_r2,pid,hot_humid,bursty,2,40.405,40.105,39.905,37.405,25.0,45.0,0.0,,100.0,2.0,,,,0,cooldown
2026-07-07T20:35:24,pid_hot_humid_bursty_r2,pid,hot_humid,bursty,2,40.393,40.093,39.893,37.393,25.0,45.0,0.0,,100.0,2.0,,,,0,cooldown
2026-07-07T20:35:24,pid_hot_humid_bursty_r2,pid,hot_humid,bursty,2,40.381,40.081,39.881,37.381,25.0,45.0,0.0,,100.0,2.0,,,,0,cooldown
2026-07-07T20:35:24,pid_hot_humid_bursty_r2,pid,hot_humid,bursty,2,40.369,40.069,39.869,37.369,25.0,45.0,0.0,,100.0,2.0,,,,0,cooldown
2026-07-07T20:35:24,pid_hot_humid_bursty_r2,pid,hot_humid,bursty,2,40.357,40.057,39.857,37.357,25.0,45.0,0.0,,100.0,2.0,,,,0,cooldown
2026-07-07T20:35:24,pid_hot_humid_bursty_r2,pid,hot_humid,bursty,2,40.344,40.044,39.844,37.344,25.0,45.0,0.0,,100.0,2.0,,,,0,cooldown
2026-07-07T20:35:24,pid_hot_humid_bursty_r2,pid,hot_humid,bursty,2,40.332,40.032,39.832,37.332,25.0,45.0,0.0,,100.0,2.0,,,,0,cooldown
2026-07-07T20:35:24,pid_hot_humid_bursty_r2,pid,hot_humid,bursty,2,40.32,40.02,39.82,37.32,25.0,45.0,0.0,,100.0,2.0,,,,0,cooldown
2026-07-07T20:35:24,pid_hot_humid_bursty_r2,pid,hot_humid,bursty,2,40.308,40.008,39.808,37.308,25.0,45.0,0.0,,100.0,2.0,,,,0,cooldown
2026-07-07T20:35:24,pid_hot_humid_bursty_r2,pid,hot_humid,bursty,2,40.296,39.996,39.796,37.296,25.0,45.0,0.0,,100.0,2.0,,,,0,cooldown
2026-07-07T20:35:24,pid_hot_humid_bursty_r2,pid,hot_humid,bursty,2,40.284,39.984,39.784,37.284,25.0,45.0,0.0,,100.0,2.0,,,,0,cooldown
2026-07-07T20:35:24,pid_hot_humid_bursty_r2,pid,hot_humid,bursty,2,40.272,39.972,39.772,37.272,25.0,45.0,0.0,,100.0,2.0,,,,0,cooldown
2026-07-07T20:35:24,pid_hot_humid_bursty_r2,pid,hot_humid,bursty,2,40.26,39.96,39.76,37.26,25.0,45.0,0.0,,100.0,2.0,,,,0,cooldown
2026-07-07T20:35:24,pid_hot_humid_bursty_r2,pid,hot_humid,bursty,2,40.248,39.948,39.748,37.248,25.0,45.0,0.0,,100.0,2.0,,,,0,cooldown
2026-07-07T20:35:24,pid_hot_humid_bursty_r2,pid,hot_humid,bursty,2,40.236,39.936,39.736,37.236,25.0,45.0,0.0,,100.0,2.0,,,,0,cooldown
2026-07-07T20:35:24,pid_hot_humid_bursty_r2,pid,hot_humid,bursty,2,40.224,39.924,39.724,37.224,25.0,45.0,0.0,,100.0,2.0,,,,0,cooldown
2026-07-07T20:35:24,pid_hot_humid_bursty_r2,pid,hot_humid,bursty,2,40.212,39.912,39.712,37.212,25.0,45.0,0.0,,100.0,2.0,,,,0,cooldown
2026-07-07T20:35:24,pid_hot_humid_bursty_r2,pid,hot_humid,bursty,2,40.2,39.9,39.7,37.2,25.0,45.0,0.0,,100.0,2.0,,,,0,cooldown
2026-07-07T20:35:24,pid_hot_humid_bursty_r2,pid,hot_humid,bursty,2,40.188,39.888,39.688,37.188,25.0,45.0,0.0,,100.0,2.0,,,,0,cooldown
2026-07-07T20:35:24,pid_hot_humid_bursty_r2,pid,hot_humid,bursty,2,40.176,39.876,39.676,37.176,25.0,45.0,0.0,,100.0,2.0,,,,0,cooldown
2026-07-07T20:35:24,pid_hot_humid_bursty_r2,pid,hot_humid,bursty,2,40.164,39.864,39.664,37.164,25.0,45.0,0.0,,100.0,2.0,,,,0,cooldown
2026-07-07T20:35:24,pid_hot_humid_bursty_r2,pid,hot_humid,bursty,2,40.152,39.852,39.652,37.152,25.0,45.0,0.0,,100.0,2.0,,,,0,cooldown
2026-07-07T20:35:24,pid_hot_humid_bursty_r2,pid,hot_humid,bursty,2,40.14,39.84,39.64,37.14,25.0,45.0,0.0,,100.0,2.0,,,,0,cooldown
2026-07-07T20:35:24,pid_hot_humid_bursty_r2,pid,hot_humid,bursty,2,40.128,39.828,39.628,37.128,25.0,45.0,0.0,,100.0,2.0,,,,0,cooldown
2026-07-07T20:35:24,pid_hot_humid_bursty_r2,pid,hot_humid,bursty,2,40.116,39.816,39.616,37.116,25.0,45.0,0.0,,100.0,2.0,,,,0,cooldown
2026-07-07T20:35:24,pid_hot_humid_bursty_r2,pid,hot_humid,bursty,2,40.104,39.804,39.604,37.104,25.0,45.0,0.0,,100.0,2.0,,,,0,cooldown
2026-07-07T20:35:24,pid_hot_humid_bursty_r2,pid,hot_humid,bursty,2,40.092,39.792,39.592,37.092,25.0,45.0,0.0,,100.0,2.0,,,,0,cooldown
2026-07-07T20:35:24,pid_hot_humid_bursty_r2,pid,hot_humid,bursty,2,40.08,39.78,39.58,37.08,25.0,45.0,0.0,,100.0,2.0,,,,0,cooldown
2026-07-07T20:35:24,pid_hot_humid_bursty_r2,pid,hot_humid,bursty,2,40.068,39.768,39.568,37.068,25.0,45.0,0.0,,100.0,2.0,,,,0,cooldown
2026-07-07T20:35:24,pid_hot_humid_bursty_r2,pid,hot_humid,bursty,2,40.056,39.756,39.556,37.056,25.0,45.0,0.0,,100.0,2.0,,,,0,cooldown
2026-07-07T20:35:24,pid_hot_humid_bursty_r2,pid,hot_humid,bursty,2,40.044,39.744,39.544,37.044,25.0,45.0,0.0,,100.0,2.0,,,,0,cooldown
2026-07-07T20:35:24,pid_hot_humid_bursty_r2,pid,hot_humid,bursty,2,40.033,39.733,39.533,37.033,25.0,45.0,0.0,,100.0,2.0,,,,0,cooldown
2026-07-07T20:35:24,pid_hot_humid_bursty_r2,pid,hot_humid,bursty,2,40.021,39.721,39.521,37.021,25.0,45.0,0.0,,100.0,2.0,,,,0,cooldown
2026-07-07T20:35:24,pid_hot_humid_bursty_r2,pid,hot_humid,bursty,2,40.009,39.709,39.509,37.009,25.0,45.0,0.0,,100.0,2.0,,,,0,cooldown
2026-07-07T20:35:24,pid_hot_humid_bursty_r2,pid,hot_humid,bursty,2,39.997,39.697,39.497,36.997,25.0,45.0,0.0,,100.0,2.0,,,,0,cooldown
2026-07-07T20:35:24,pid_hot_humid_bursty_r2,pid,hot_humid,bursty,2,39.985,39.685,39.485,36.985,25.0,45.0,0.0,,100.0,2.0,,,,0,cooldown
2026-07-07T20:35:24,pid_hot_humid_bursty_r2,pid,hot_humid,bursty,2,39.973,39.673,39.473,36.973,25.0,45.0,0.0,,100.0,2.0,,,,0,cooldown
2026-07-07T20:35:24,pid_hot_humid_bursty_r2,pid,hot_humid,bursty,2,39.962,39.662,39.462,36.962,25.0,45.0,0.0,,100.0,2.0,,,,0,cooldown
2026-07-07T20:35:24,pid_hot_humid_bursty_r2,pid,hot_humid,bursty,2,39.95,39.65,39.45,36.95,25.0,45.0,0.0,,100.0,2.0,,,,0,cooldown
2026-07-07T20:35:24,pid_hot_humid_bursty_r2,pid,hot_humid,bursty,2,39.938,39.638,39.438,36.938,25.0,45.0,0.0,,100.0,2.0,,,,0,cooldown
2026-07-07T20:35:24,pid_hot_humid_bursty_r2,pid,hot_humid,bursty,2,39.926,39.626,39.426,36.926,25.0,45.0,0.0,,100.0,2.0,,,,0,cooldown
2026-07-07T20:35:24,pid_hot_humid_bursty_r2,pid,hot_humid,bursty,2,39.914,39.614,39.414,36.914,25.0,45.0,0.0,,100.0,2.0,,,,0,cooldown
2026-07-07T20:35:24,pid_hot_humid_bursty_r2,pid,hot_humid,bursty,2,39.903,39.603,39.403,36.903,25.0,45.0,0.0,,100.0,2.0,,,,0,cooldown
2026-07-07T20:35:24,pid_hot_humid_bursty_r2,pid,hot_humid,bursty,2,39.891,39.591,39.391,36.891,25.0,45.0,0.0,,100.0,2.0,,,,0,cooldown
2026-07-07T20:35:24,pid_hot_humid_bursty_r2,pid,hot_humid,bursty,2,39.879,39.579,39.379,36.879,25.0,45.0,0.0,,100.0,2.0,,,,0,cooldown
2026-07-07T20:35:24,pid_hot_humid_bursty_r2,pid,hot_humid,bursty,2,39.867,39.567,39.367,36.867,25.0,45.0,0.0,,100.0,2.0,,,,0,cooldown
2026-07-07T20:35:24,pid_hot_humid_bursty_r2,pid,hot_humid,bursty,2,39.856,39.556,39.356,36.856,25.0,45.0,0.0,,100.0,2.0,,,,0,cooldown
2026-07-07T20:35:24,pid_hot_humid_bursty_r2,pid,hot_humid,bursty,2,39.844,39.544,39.344,36.844,25.0,45.0,0.0,,100.0,2.0,,,,0,cooldown
2026-07-07T20:35:24,pid_hot_humid_bursty_r2,pid,hot_humid,bursty,2,39.832,39.532,39.332,36.832,25.0,45.0,0.0,,100.0,2.0,,,,0,cooldown
2026-07-07T20:35:24,pid_hot_humid_bursty_r2,pid,hot_humid,bursty,2,39.82,39.52,39.32,36.82,25.0,45.0,0.0,,100.0,2.0,,,,0,cooldown
2026-07-07T20:35:24,pid_hot_humid_bursty_r2,pid,hot_humid,bursty,2,39.809,39.509,39.309,36.809,25.0,45.0,0.0,,100.0,2.0,,,,0,cooldown
2026-07-07T20:35:24,pid_hot_humid_bursty_r2,pid,hot_humid,bursty,2,39.797,39.497,39.297,36.797,25.0,45.0,0.0,,100.0,2.0,,,,0,cooldown
2026-07-07T20:35:24,pid_hot_humid_bursty_r2,pid,hot_humid,bursty,2,39.785,39.485,39.285,36.785,25.0,45.0,0.0,,100.0,2.0,,,,0,cooldown
2026-07-07T20:35:24,pid_hot_humid_bursty_r2,pid,hot_humid,bursty,2,39.774,39.474,39.274,36.774,25.0,45.0,0.0,,100.0,2.0,,,,0,cooldown
2026-07-07T20:35:24,pid_hot_humid_bursty_r2,pid,hot_humid,bursty,2,39.762,39.462,39.262,36.762,25.0,45.0,0.0,,100.0,2.0,,,,0,cooldown
2026-07-07T20:35:24,pid_hot_humid_bursty_r2,pid,hot_humid,bursty,2,39.75,39.45,39.25,36.75,25.0,45.0,0.0,,100.0,2.0,,,,0,cooldown
2026-07-07T20:35:24,pid_hot_humid_bursty_r2,pid,hot_humid,bursty,2,39.739,39.439,39.239,36.739,25.0,45.0,0.0,,100.0,2.0,,,,0,cooldown
2026-07-07T20:35:24,pid_hot_humid_bursty_r2,pid,hot_humid,bursty,2,39.727,39.427,39.227,36.727,25.0,45.0,0.0,,100.0,2.0,,,,0,cooldown
2026-07-07T20:35:24,pid_hot_humid_bursty_r2,pid,hot_humid,bursty,2,39.715,39.415,39.215,36.715,25.0,45.0,0.0,,100.0,2.0,,,,0,cooldown
2026-07-07T20:35:24,pid_hot_humid_bursty_r2,pid,hot_humid,bursty,2,39.704,39.404,39.204,36.704,25.0,45.0,0.0,,100.0,2.0,,,,0,cooldown
2026-07-07T20:35:24,pid_hot_humid_bursty_r2,pid,hot_humid,bursty,2,39.692,39.392,39.192,36.692,25.0,45.0,0.0,,100.0,2.0,,,,0,cooldown
2026-07-07T20:35:24,pid_hot_humid_bursty_r2,pid,hot_humid,bursty,2,39.681,39.381,39.181,36.681,25.0,45.0,0.0,,100.0,2.0,,,,0,cooldown
2026-07-07T20:35:24,pid_hot_humid_bursty_r2,pid,hot_humid,bursty,2,39.669,39.369,39.169,36.669,25.0,45.0,0.0,,100.0,2.0,,,,0,cooldown
2026-07-07T20:35:24,pid_hot_humid_bursty_r2,pid,hot_humid,bursty,2,39.657,39.357,39.157,36.657,25.0,45.0,0.0,,100.0,2.0,,,,0,cooldown
2026-07-07T20:35:24,pid_hot_humid_bursty_r2,pid,hot_humid,bursty,2,39.646,39.346,39.146,36.646,25.0,45.0,0.0,,100.0,2.0,,,,0,cooldown
2026-07-07T20:35:24,pid_hot_humid_bursty_r2,pid,hot_humid,bursty,2,39.634,39.334,39.134,36.634,25.0,45.0,0.0,,100.0,2.0,,,,0,cooldown
2026-07-07T20:35:24,pid_hot_humid_bursty_r2,pid,hot_humid,bursty,2,39.623,39.323,39.123,36.623,25.0,45.0,0.0,,100.0,2.0,,,,0,cooldown
2026-07-07T20:35:24,pid_hot_humid_bursty_r2,pid,hot_humid,bursty,2,39.611,39.311,39.111,36.611,25.0,45.0,0.0,,100.0,2.0,,,,0,cooldown
2026-07-07T20:35:24,pid_hot_humid_bursty_r2,pid,hot_humid,bursty,2,39.6,39.3,39.1,36.6,25.0,45.0,0.0,,100.0,2.0,,,,0,cooldown
2026-07-07T20:35:24,pid_hot_humid_bursty_r2,pid,hot_humid,bursty,2,39.588,39.288,39.088,36.588,25.0,45.0,0.0,,100.0,2.0,,,,0,cooldown
2026-07-07T20:35:24,pid_hot_humid_bursty_r2,pid,hot_humid,bursty,2,39.577,39.277,39.077,36.577,25.0,45.0,0.0,,100.0,2.0,,,,0,cooldown
2026-07-07T20:35:24,pid_hot_humid_bursty_r2,pid,hot_humid,bursty,2,39.565,39.265,39.065,36.565,25.0,45.0,0.0,,100.0,2.0,,,,0,cooldown
2026-07-07T20:35:24,pid_hot_humid_bursty_r2,pid,hot_humid,bursty,2,39.554,39.254,39.054,36.554,25.0,45.0,0.0,,100.0,2.0,,,,0,cooldown
2026-07-07T20:35:24,pid_hot_humid_bursty_r2,pid,hot_humid,bursty,2,39.542,39.242,39.042,36.542,25.0,45.0,0.0,,100.0,2.0,,,,0,cooldown
2026-07-07T20:35:24,pid_hot_humid_bursty_r2,pid,hot_humid,bursty,2,39.531,39.231,39.031,36.531,25.0,45.0,0.0,,100.0,2.0,,,,0,cooldown
2026-07-07T20:35:24,pid_hot_humid_bursty_r2,pid,hot_humid,bursty,2,39.519,39.219,39.019,36.519,25.0,45.0,0.0,,100.0,2.0,,,,0,cooldown
2026-07-07T20:35:24,pid_hot_humid_bursty_r2,pid,hot_humid,bursty,2,39.508,39.208,39.008,36.508,25.0,45.0,0.0,,100.0,2.0,,,,0,cooldown
2026-07-07T20:35:24,pid_hot_humid_bursty_r2,pid,hot_humid,bursty,2,39.496,39.196,38.996,36.496,25.0,45.0,0.0,,100.0,2.0,,,,0,cooldown
2026-07-07T20:35:24,pid_hot_humid_bursty_r2,pid,hot_humid,bursty,2,39.485,39.185,38.985,36.485,25.0,45.0,0.0,,100.0,2.0,,,,0,cooldown
2026-07-07T20:35:24,pid_hot_humid_bursty_r2,pid,hot_humid,bursty,2,39.473,39.173,38.973,36.473,25.0,45.0,0.0,,100.0,2.0,,,,0,cooldown
2026-07-07T20:35:24,pid_hot_humid_bursty_r2,pid,hot_humid,bursty,2,39.462,39.162,38.962,36.462,25.0,45.0,0.0,,100.0,2.0,,,,0,cooldown
2026-07-07T20:35:24,pid_hot_humid_bursty_r2,pid,hot_humid,bursty,2,39.451,39.151,38.951,36.451,25.0,45.0,0.0,,100.0,2.0,,,,0,cooldown
2026-07-07T20:35:24,pid_hot_humid_bursty_r2,pid,hot_humid,bursty,2,39.439,39.139,38.939,36.439,25.0,45.0,0.0,,100.0,2.0,,,,0,cooldown
2026-07-07T20:35:24,pid_hot_humid_bursty_r2,pid,hot_humid,bursty,2,39.428,39.128,38.928,36.428,25.0,45.0,0.0,,100.0,2.0,,,,0,cooldown
2026-07-07T20:35:24,pid_hot_humid_bursty_r2,pid,hot_humid,bursty,2,39.416,39.116,38.916,36.416,25.0,45.0,0.0,,100.0,2.0,,,,0,cooldown
2026-07-07T20:35:24,pid_hot_humid_bursty_r2,pid,hot_humid,bursty,2,39.405,39.105,38.905,36.405,25.0,45.0,0.0,,100.0,2.0,,,,0,cooldown
2026-07-07T20:35:24,pid_hot_humid_bursty_r2,pid,hot_humid,bursty,2,39.394,39.094,38.894,36.394,25.0,45.0,0.0,,100.0,2.0,,,,0,cooldown
2026-07-07T20:35:24,pid_hot_humid_bursty_r2,pid,hot_humid,bursty,2,39.382,39.082,38.882,36.382,25.0,45.0,0.0,,100.0,2.0,,,,0,cooldown
2026-07-07T20:35:24,pid_hot_humid_bursty_r2,pid,hot_humid,bursty,2,39.371,39.071,38.871,36.371,25.0,45.0,0.0,,100.0,2.0,,,,0,cooldown
2026-07-07T20:35:24,pid_hot_humid_bursty_r2,pid,hot_humid,bursty,2,39.359,39.059,38.859,36.359,25.0,45.0,0.0,,100.0,2.0,,,,0,cooldown
2026-07-07T20:35:24,pid_hot_humid_bursty_r2,pid,hot_humid,bursty,2,39.348,39.048,38.848,36.348,25.0,45.0,0.0,,100.0,2.0,,,,0,cooldown
2026-07-07T20:35:24,pid_hot_humid_bursty_r2,pid,hot_humid,bursty,2,39.337,39.037,38.837,36.337,25.0,45.0,0.0,,100.0,2.0,,,,0,cooldown
2026-07-07T20:35:24,pid_hot_humid_bursty_r2,pid,hot_humid,bursty,2,39.326,39.026,38.826,36.326,25.0,45.0,0.0,,100.0,2.0,,,,0,cooldown
2026-07-07T20:35:24,pid_hot_humid_bursty_r2,pid,hot_humid,bursty,2,39.314,39.014,38.814,36.314,25.0,45.0,0.0,,100.0,2.0,,,,0,cooldown
2026-07-07T20:35:24,pid_hot_humid_bursty_r2,pid,hot_humid,bursty,2,39.303,39.003,38.803,36.303,25.0,45.0,0.0,,100.0,2.0,,,,0,cooldown
2026-07-07T20:35:24,pid_hot_humid_bursty_r2,pid,hot_humid,bursty,2,39.292,38.992,38.792,36.292,25.0,45.0,0.0,,100.0,2.0,,,,0,cooldown
2026-07-07T20:35:24,pid_hot_humid_bursty_r2,pid,hot_humid,bursty,2,39.28,38.98,38.78,36.28,25.0,45.0,0.0,,100.0,2.0,,,,0,cooldown
2026-07-07T20:35:24,pid_hot_humid_bursty_r2,pid,hot_humid,bursty,2,39.269,38.969,38.769,36.269,25.0,45.0,0.0,,100.0,2.0,,,,0,cooldown
2026-07-07T20:35:24,pid_hot_humid_bursty_r2,pid,hot_humid,bursty,2,39.258,38.958,38.758,36.258,25.0,45.0,0.0,,100.0,2.0,,,,0,cooldown
2026-07-07T20:35:24,pid_hot_humid_bursty_r2,pid,hot_humid,bursty,2,39.247,38.947,38.747,36.247,25.0,45.0,0.0,,100.0,2.0,,,,0,cooldown
2026-07-07T20:35:24,pid_hot_humid_bursty_r2,pid,hot_humid,bursty,2,39.235,38.935,38.735,36.235,25.0,45.0,0.0,,100.0,2.0,,,,0,cooldown
2026-07-07T20:35:24,pid_hot_humid_bursty_r2,pid,hot_humid,bursty,2,39.224,38.924,38.724,36.224,25.0,45.0,0.0,,100.0,2.0,,,,0,cooldown
2026-07-07T20:35:24,pid_hot_humid_bursty_r2,pid,hot_humid,bursty,2,39.213,38.913,38.713,36.213,25.0,45.0,0.0,,100.0,2.0,,,,0,cooldown
2026-07-07T20:35:24,pid_hot_humid_bursty_r2,pid,hot_humid,bursty,2,39.202,38.902,38.702,36.202,25.0,45.0,0.0,,100.0,2.0,,,,0,cooldown
2026-07-07T20:35:24,pid_hot_humid_bursty_r2,pid,hot_humid,bursty,2,39.19,38.89,38.69,36.19,25.0,45.0,0.0,,100.0,2.0,,,,0,cooldown
2026-07-07T20:35:24,pid_hot_humid_bursty_r2,pid,hot_humid,bursty,2,39.179,38.879,38.679,36.179,25.0,45.0,0.0,,100.0,2.0,,,,0,cooldown
2026-07-07T20:35:24,pid_hot_humid_bursty_r2,pid,hot_humid,bursty,2,39.168,38.868,38.668,36.168,25.0,45.0,0.0,,100.0,2.0,,,,0,cooldown
2026-07-07T20:35:24,pid_hot_humid_bursty_r2,pid,hot_humid,bursty,2,39.157,38.857,38.657,36.157,25.0,45.0,0.0,,100.0,2.0,,,,0,cooldown
2026-07-07T20:35:24,pid_hot_humid_bursty_r2,pid,hot_humid,bursty,2,39.146,38.846,38.646,36.146,25.0,45.0,0.0,,100.0,2.0,,,,0,cooldown
2026-07-07T20:35:24,pid_hot_humid_bursty_r2,pid,hot_humid,bursty,2,39.134,38.834,38.634,36.134,25.0,45.0,0.0,,100.0,2.0,,,,0,cooldown
2026-07-07T20:35:24,pid_hot_humid_bursty_r2,pid,hot_humid,bursty,2,39.123,38.823,38.623,36.123,25.0,45.0,0.0,,100.0,2.0,,,,0,cooldown
2026-07-07T20:35:24,pid_hot_humid_bursty_r2,pid,hot_humid,bursty,2,39.112,38.812,38.612,36.112,25.0,45.0,0.0,,100.0,2.0,,,,0,cooldown
2026-07-07T20:35:24,pid_hot_humid_bursty_r2,pid,hot_humid,bursty,2,39.101,38.801,38.601,36.101,25.0,45.0,0.0,,100.0,2.0,,,,0,cooldown
2026-07-07T20:35:24,pid_hot_humid_bursty_r2,pid,hot_humid,bursty,2,39.09,38.79,38.59,36.09,25.0,45.0,0.0,,100.0,2.0,,,,0,cooldown
2026-07-07T20:35:24,pid_hot_humid_bursty_r2,pid,hot_humid,bursty,2,39.079,38.779,38.579,36.079,25.0,45.0,0.0,,100.0,2.0,,,,0,cooldown
2026-07-07T20:35:24,pid_hot_humid_bursty_r2,pid,hot_humid,bursty,2,39.068,38.768,38.568,36.068,25.0,45.0,0.0,,100.0,2.0,,,,0,cooldown
2026-07-07T20:35:24,pid_hot_humid_bursty_r2,pid,hot_humid,bursty,2,39.057,38.757,38.557,36.057,25.0,45.0,0.0,,100.0,2.0,,,,0,cooldown
2026-07-07T20:35:24,pid_hot_humid_bursty_r2,pid,hot_humid,bursty,2,39.045,38.745,38.545,36.045,25.0,45.0,0.0,,100.0,2.0,,,,0,cooldown
2026-07-07T20:35:24,pid_hot_humid_bursty_r2,pid,hot_humid,bursty,2,39.034,38.734,38.534,36.034,25.0,45.0,0.0,,100.0,2.0,,,,0,cooldown
2026-07-07T20:35:24,pid_hot_humid_bursty_r2,pid,hot_humid,bursty,2,39.023,38.723,38.523,36.023,25.0,45.0,0.0,,100.0,2.0,,,,0,cooldown
2026-07-07T20:35:24,pid_hot_humid_bursty_r2,pid,hot_humid,bursty,2,39.012,38.712,38.512,36.012,25.0,45.0,0.0,,100.0,2.0,,,,0,cooldown
2026-07-07T20:35:24,pid_hot_humid_bursty_r2,pid,hot_humid,bursty,2,39.001,38.701,38.501,36.001,25.0,45.0,0.0,,100.0,2.0,,,,0,cooldown
2026-07-07T20:35:24,pid_hot_humid_bursty_r2,pid,hot_humid,bursty,2,38.99,38.69,38.49,35.99,25.0,45.0,0.0,,100.0,2.0,,,,0,cooldown
2026-07-07T20:35:24,pid_hot_humid_bursty_r2,pid,hot_humid,bursty,2,38.979,38.679,38.479,35.979,25.0,45.0,0.0,,100.0,2.0,,,,0,cooldown
2026-07-07T20:35:24,pid_hot_humid_bursty_r2,pid,hot_humid,bursty,2,38.968,38.668,38.468,35.968,25.0,45.0,0.0,,100.0,2.0,,,,0,cooldown
2026-07-07T20:35:24,pid_hot_humid_bursty_r2,pid,hot_humid,bursty,2,38.957,38.657,38.457,35.957,25.0,45.0,0.0,,100.0,2.0,,,,0,cooldown
2026-07-07T20:35:24,pid_hot_humid_bursty_r2,pid,hot_humid,bursty,2,38.946,38.646,38.446,35.946,25.0,45.0,0.0,,100.0,2.0,,,,0,cooldown
2026-07-07T20:35:24,pid_hot_humid_bursty_r2,pid,hot_humid,bursty,2,38.935,38.635,38.435,35.935,25.0,45.0,0.0,,100.0,2.0,,,,0,cooldown
2026-07-07T20:35:24,pid_hot_humid_bursty_r2,pid,hot_humid,bursty,2,38.924,38.624,38.424,35.924,25.0,45.0,0.0,,100.0,2.0,,,,0,cooldown
2026-07-07T20:35:24,pid_hot_humid_bursty_r2,pid,hot_humid,bursty,2,38.913,38.613,38.413,35.913,25.0,45.0,0.0,,100.0,2.0,,,,0,cooldown
2026-07-07T20:35:24,pid_hot_humid_bursty_r2,pid,hot_humid,bursty,2,38.902,38.602,38.402,35.902,25.0,45.0,0.0,,100.0,2.0,,,,0,cooldown
2026-07-07T20:35:24,pid_hot_humid_bursty_r2,pid,hot_humid,bursty,2,38.891,38.591,38.391,35.891,25.0,45.0,0.0,,100.0,2.0,,,,0,cooldown
2026-07-07T20:35:24,pid_hot_humid_bursty_r2,pid,hot_humid,bursty,2,38.88,38.58,38.38,35.88,25.0,45.0,0.0,,100.0,2.0,,,,0,cooldown
2026-07-07T20:35:24,pid_hot_humid_bursty_r2,pid,hot_humid,bursty,2,38.869,38.569,38.369,35.869,25.0,45.0,0.0,,100.0,2.0,,,,0,cooldown
2026-07-07T20:35:24,pid_hot_humid_bursty_r2,pid,hot_humid,bursty,2,38.858,38.558,38.358,35.858,25.0,45.0,0.0,,100.0,2.0,,,,0,cooldown
2026-07-07T20:35:24,pid_hot_humid_bursty_r2,pid,hot_humid,bursty,2,38.847,38.547,38.347,35.847,25.0,45.0,0.0,,100.0,2.0,,,,0,cooldown
2026-07-07T20:35:24,pid_hot_humid_bursty_r2,pid,hot_humid,bursty,2,38.836,38.536,38.336,35.836,25.0,45.0,0.0,,100.0,2.0,,,,0,cooldown
2026-07-07T20:35:24,pid_hot_humid_bursty_r2,pid,hot_humid,bursty,2,38.825,38.525,38.325,35.825,25.0,45.0,0.0,,100.0,2.0,,,,0,cooldown
2026-07-07T20:35:24,pid_hot_humid_bursty_r2,pid,hot_humid,bursty,2,38.814,38.514,38.314,35.814,25.0,45.0,0.0,,100.0,2.0,,,,0,cooldown
2026-07-07T20:35:24,pid_hot_humid_bursty_r2,pid,hot_humid,bursty,2,38.803,38.503,38.303,35.803,25.0,45.0,0.0,,100.0,2.0,,,,0,cooldown
2026-07-07T20:35:24,pid_hot_humid_bursty_r2,pid,hot_humid,bursty,2,38.793,38.493,38.293,35.793,25.0,45.0,0.0,,100.0,2.0,,,,0,cooldown
2026-07-07T20:35:24,pid_hot_humid_bursty_r2,pid,hot_humid,bursty,2,38.782,38.482,38.282,35.782,25.0,45.0,0.0,,100.0,2.0,,,,0,cooldown
2026-07-07T20:35:24,pid_hot_humid_bursty_r2,pid,hot_humid,bursty,2,38.771,38.471,38.271,35.771,25.0,45.0,0.0,,100.0,2.0,,,,0,cooldown
2026-07-07T20:35:24,pid_hot_humid_bursty_r2,pid,hot_humid,bursty,2,38.76,38.46,38.26,35.76,25.0,45.0,0.0,,100.0,2.0,,,,0,cooldown
2026-07-07T20:35:24,pid_hot_humid_bursty_r2,pid,hot_humid,bursty,2,38.749,38.449,38.249,35.749,25.0,45.0,0.0,,100.0,2.0,,,,0,cooldown
2026-07-07T20:35:24,pid_hot_humid_bursty_r2,pid,hot_humid,bursty,2,38.738,38.438,38.238,35.738,25.0,45.0,0.0,,100.0,2.0,,,,0,cooldown
2026-07-07T20:35:24,pid_hot_humid_bursty_r2,pid,hot_humid,bursty,2,38.727,38.427,38.227,35.727,25.0,45.0,0.0,,100.0,2.0,,,,0,cooldown
2026-07-07T20:35:24,pid_hot_humid_bursty_r2,pid,hot_humid,bursty,2,38.717,38.417,38.217,35.717,25.0,45.0,0.0,,100.0,2.0,,,,0,cooldown
2026-07-07T20:35:24,pid_hot_humid_bursty_r2,pid,hot_humid,bursty,2,38.706,38.406,38.206,35.706,25.0,45.0,0.0,,100.0,2.0,,,,0,cooldown
2026-07-07T20:35:24,pid_hot_humid_bursty_r2,pid,hot_humid,bursty,2,38.695,38.395,38.195,35.695,25.0,45.0,0.0,,100.0,2.0,,,,0,cooldown
2026-07-07T20:35:24,pid_hot_humid_bursty_r2,pid,hot_humid,bursty,2,38.684,38.384,38.184,35.684,25.0,45.0,0.0,,100.0,2.0,,,,0,cooldown
2026-07-07T20:35:24,pid_hot_humid_bursty_r2,pid,hot_humid,bursty,2,38.673,38.373,38.173,35.673,25.0,45.0,0.0,,100.0,2.0,,,,0,cooldown
2026-07-07T20:35:24,pid_hot_humid_bursty_r2,pid,hot_humid,bursty,2,38.663,38.363,38.163,35.663,25.0,45.0,0.0,,100.0,2.0,,,,0,cooldown
2026-07-07T20:35:24,pid_hot_humid_bursty_r2,pid,hot_humid,bursty,2,38.652,38.352,38.152,35.652,25.0,45.0,0.0,,100.0,2.0,,,,0,cooldown
2026-07-07T20:35:24,pid_hot_humid_bursty_r2,pid,hot_humid,bursty,2,38.641,38.341,38.141,35.641,25.0,45.0,0.0,,100.0,2.0,,,,0,cooldown
2026-07-07T20:35:24,pid_hot_humid_bursty_r2,pid,hot_humid,bursty,2,38.63,38.33,38.13,35.63,25.0,45.0,0.0,,100.0,2.0,,,,0,cooldown
2026-07-07T20:35:24,pid_hot_humid_bursty_r2,pid,hot_humid,bursty,2,38.619,38.319,38.119,35.619,25.0,45.0,0.0,,100.0,2.0,,,,0,cooldown
2026-07-07T20:35:24,pid_hot_humid_bursty_r2,pid,hot_humid,bursty,2,38.609,38.309,38.109,35.609,25.0,45.0,0.0,,100.0,2.0,,,,0,cooldown
2026-07-07T20:35:24,pid_hot_humid_bursty_r2,pid,hot_humid,bursty,2,38.598,38.298,38.098,35.598,25.0,45.0,0.0,,100.0,2.0,,,,0,cooldown
2026-07-07T20:35:24,pid_hot_humid_bursty_r2,pid,hot_humid,bursty,2,38.587,38.287,38.087,35.587,25.0,45.0,0.0,,100.0,2.0,,,,0,cooldown
2026-07-07T20:35:24,pid_hot_humid_bursty_r2,pid,hot_humid,bursty,2,38.576,38.276,38.076,35.576,25.0,45.0,0.0,,100.0,2.0,,,,0,cooldown
2026-07-07T20:35:24,pid_hot_humid_bursty_r2,pid,hot_humid,bursty,2,38.566,38.266,38.066,35.566,25.0,45.0,0.0,,100.0,2.0,,,,0,cooldown
2026-07-07T20:35:24,pid_hot_humid_bursty_r2,pid,hot_humid,bursty,2,38.555,38.255,38.055,35.555,25.0,45.0,0.0,,100.0,2.0,,,,0,cooldown
2026-07-07T20:35:24,pid_hot_humid_bursty_r2,pid,hot_humid,bursty,2,38.544,38.244,38.044,35.544,25.0,45.0,0.0,,100.0,2.0,,,,0,cooldown
2026-07-07T20:35:24,pid_hot_humid_bursty_r2,pid,hot_humid,bursty,2,38.534,38.234,38.034,35.534,25.0,45.0,0.0,,100.0,2.0,,,,0,cooldown
2026-07-07T20:35:24,pid_hot_humid_bursty_r2,pid,hot_humid,bursty,2,38.523,38.223,38.023,35.523,25.0,45.0,0.0,,100.0,2.0,,,,0,cooldown
2026-07-07T20:35:24,pid_hot_humid_bursty_r2,pid,hot_humid,bursty,2,38.512,38.212,38.012,35.512,25.0,45.0,0.0,,100.0,2.0,,,,0,cooldown
2026-07-07T20:35:24,pid_hot_humid_bursty_r2,pid,hot_humid,bursty,2,38.502,38.202,38.002,35.502,25.0,45.0,0.0,,100.0,2.0,,,,0,cooldown
2026-07-07T20:35:24,pid_hot_humid_bursty_r2,pid,hot_humid,bursty,2,38.491,38.191,37.991,35.491,25.0,45.0,0.0,,100.0,2.0,,,,0,cooldown
2026-07-07T20:35:24,pid_hot_humid_bursty_r2,pid,hot_humid,bursty,2,38.48,38.18,37.98,35.48,25.0,45.0,0.0,,100.0,2.0,,,,0,cooldown
2026-07-07T20:35:24,pid_hot_humid_bursty_r2,pid,hot_humid,bursty,2,38.47,38.17,37.97,35.47,25.0,45.0,0.0,,100.0,2.0,,,,0,cooldown
2026-07-07T20:35:24,pid_hot_humid_bursty_r2,pid,hot_humid,bursty,2,38.459,38.159,37.959,35.459,25.0,45.0,0.0,,100.0,2.0,,,,0,cooldown
2026-07-07T20:35:24,pid_hot_humid_bursty_r2,pid,hot_humid,bursty,2,38.448,38.148,37.948,35.448,25.0,45.0,0.0,,100.0,2.0,,,,0,cooldown
2026-07-07T20:35:24,pid_hot_humid_bursty_r2,pid,hot_humid,bursty,2,38.438,38.138,37.938,35.438,25.0,45.0,0.0,,100.0,2.0,,,,0,cooldown
2026-07-07T20:35:24,pid_hot_humid_bursty_r2,pid,hot_humid,bursty,2,38.427,38.127,37.927,35.427,25.0,45.0,0.0,,100.0,2.0,,,,0,cooldown
2026-07-07T20:35:24,pid_hot_humid_bursty_r2,pid,hot_humid,bursty,2,38.417,38.117,37.917,35.417,25.0,45.0,0.0,,100.0,2.0,,,,0,cooldown
2026-07-07T20:35:24,pid_hot_humid_bursty_r2,pid,hot_humid,bursty,2,38.406,38.106,37.906,35.406,25.0,45.0,0.0,,100.0,2.0,,,,0,cooldown
2026-07-07T20:35:24,pid_hot_humid_bursty_r2,pid,hot_humid,bursty,2,38.395,38.095,37.895,35.395,25.0,45.0,0.0,,100.0,2.0,,,,0,cooldown
2026-07-07T20:35:24,pid_hot_humid_bursty_r2,pid,hot_humid,bursty,2,38.385,38.085,37.885,35.385,25.0,45.0,0.0,,100.0,2.0,,,,0,cooldown
2026-07-07T20:35:24,pid_hot_humid_bursty_r2,pid,hot_humid,bursty,2,38.374,38.074,37.874,35.374,25.0,45.0,0.0,,100.0,2.0,,,,0,cooldown
2026-07-07T20:35:24,pid_hot_humid_bursty_r2,pid,hot_humid,bursty,2,38.364,38.064,37.864,35.364,25.0,45.0,0.0,,100.0,2.0,,,,0,cooldown
2026-07-07T20:35:24,pid_hot_humid_bursty_r2,pid,hot_humid,bursty,2,38.353,38.053,37.853,35.353,25.0,45.0,0.0,,100.0,2.0,,,,0,cooldown
2026-07-07T20:35:24,pid_hot_humid_bursty_r2,pid,hot_humid,bursty,2,38.343,38.043,37.843,35.343,25.0,45.0,0.0,,100.0,2.0,,,,0,cooldown
2026-07-07T20:35:24,pid_hot_humid_bursty_r2,pid,hot_humid,bursty,2,38.332,38.032,37.832,35.332,25.0,45.0,0.0,,100.0,2.0,,,,0,cooldown
2026-07-07T20:35:24,pid_hot_humid_bursty_r2,pid,hot_humid,bursty,2,38.322,38.022,37.822,35.322,25.0,45.0,0.0,,100.0,2.0,,,,0,cooldown
2026-07-07T20:35:24,pid_hot_humid_bursty_r2,pid,hot_humid,bursty,2,38.311,38.011,37.811,35.311,25.0,45.0,0.0,,100.0,2.0,,,,0,cooldown
2026-07-07T20:35:24,pid_hot_humid_bursty_r2,pid,hot_humid,bursty,2,38.301,38.001,37.801,35.301,25.0,45.0,0.0,,100.0,2.0,,,,0,cooldown
2026-07-07T20:35:24,pid_hot_humid_bursty_r2,pid,hot_humid,bursty,2,38.29,37.99,37.79,35.29,25.0,45.0,0.0,,100.0,2.0,,,,0,cooldown
2026-07-07T20:35:24,pid_hot_humid_bursty_r2,pid,hot_humid,bursty,2,38.28,37.98,37.78,35.28,25.0,45.0,0.0,,100.0,2.0,,,,0,cooldown
2026-07-07T20:35:24,pid_hot_humid_bursty_r2,pid,hot_humid,bursty,2,38.269,37.969,37.769,35.269,25.0,45.0,0.0,,100.0,2.0,,,,0,cooldown
2026-07-07T20:35:24,pid_hot_humid_bursty_r2,pid,hot_humid,bursty,2,38.259,37.959,37.759,35.259,25.0,45.0,0.0,,100.0,2.0,,,,0,cooldown
2026-07-07T20:35:24,pid_hot_humid_bursty_r2,pid,hot_humid,bursty,2,38.248,37.948,37.748,35.248,25.0,45.0,0.0,,100.0,2.0,,,,0,cooldown
2026-07-07T20:35:24,pid_hot_humid_bursty_r2,pid,hot_humid,bursty,2,38.238,37.938,37.738,35.238,25.0,45.0,0.0,,100.0,2.0,,,,0,cooldown
2026-07-07T20:35:24,pid_hot_humid_bursty_r2,pid,hot_humid,bursty,2,38.227,37.927,37.727,35.227,25.0,45.0,0.0,,100.0,2.0,,,,0,cooldown
2026-07-07T20:35:24,pid_hot_humid_bursty_r2,pid,hot_humid,bursty,2,38.217,37.917,37.717,35.217,25.0,45.0,0.0,,100.0,2.0,,,,0,cooldown
2026-07-07T20:35:24,pid_hot_humid_bursty_r2,pid,hot_humid,bursty,2,38.206,37.906,37.706,35.206,25.0,45.0,0.0,,100.0,2.0,,,,0,cooldown
2026-07-07T20:35:24,pid_hot_humid_bursty_r2,pid,hot_humid,bursty,2,38.196,37.896,37.696,35.196,25.0,45.0,0.0,,100.0,2.0,,,,0,cooldown
2026-07-07T20:35:24,pid_hot_humid_bursty_r2,pid,hot_humid,bursty,2,38.185,37.885,37.685,35.185,25.0,45.0,0.0,,100.0,2.0,,,,0,cooldown
2026-07-07T20:35:24,pid_hot_humid_bursty_r2,pid,hot_humid,bursty,2,38.175,37.875,37.675,35.175,25.0,45.0,0.0,,100.0,2.0,,,,0,cooldown
2026-07-07T20:35:24,pid_hot_humid_bursty_r2,pid,hot_humid,bursty,2,38.165,37.865,37.665,35.165,25.0,45.0,0.0,,100.0,2.0,,,,0,cooldown
2026-07-07T20:35:24,pid_hot_humid_bursty_r2,pid,hot_humid,bursty,2,38.154,37.854,37.654,35.154,25.0,45.0,0.0,,100.0,2.0,,,,0,cooldown
2026-07-07T20:35:24,pid_hot_humid_bursty_r2,pid,hot_humid,bursty,2,38.144,37.844,37.644,35.144,25.0,45.0,0.0,,100.0,2.0,,,,0,cooldown
2026-07-07T20:35:24,pid_hot_humid_bursty_r2,pid,hot_humid,bursty,2,38.133,37.833,37.633,35.133,25.0,45.0,0.0,,100.0,2.0,,,,0,cooldown
2026-07-07T20:35:24,pid_hot_humid_bursty_r2,pid,hot_humid,bursty,2,38.123,37.823,37.623,35.123,25.0,45.0,0.0,,100.0,2.0,,,,0,cooldown
2026-07-07T20:35:24,pid_hot_humid_bursty_r2,pid,hot_humid,bursty,2,38.113,37.813,37.613,35.113,25.0,45.0,0.0,,100.0,2.0,,,,0,cooldown
2026-07-07T20:35:24,pid_hot_humid_bursty_r2,pid,hot_humid,bursty,2,38.102,37.802,37.602,35.102,25.0,45.0,0.0,,100.0,2.0,,,,0,cooldown
2026-07-07T20:35:24,pid_hot_humid_bursty_r2,pid,hot_humid,bursty,2,38.092,37.792,37.592,35.092,25.0,45.0,0.0,,100.0,2.0,,,,0,cooldown
2026-07-07T20:35:24,pid_hot_humid_bursty_r2,pid,hot_humid,bursty,2,38.082,37.782,37.582,35.082,25.0,45.0,0.0,,100.0,2.0,,,,0,cooldown
2026-07-07T20:35:24,pid_hot_humid_bursty_r2,pid,hot_humid,bursty,2,38.071,37.771,37.571,35.071,25.0,45.0,0.0,,100.0,2.0,,,,0,cooldown
2026-07-07T20:35:24,pid_hot_humid_bursty_r2,pid,hot_humid,bursty,2,38.061,37.761,37.561,35.061,25.0,45.0,0.0,,100.0,2.0,,,,0,cooldown
2026-07-07T20:35:24,pid_hot_humid_bursty_r2,pid,hot_humid,bursty,2,38.051,37.751,37.551,35.051,25.0,45.0,0.0,,100.0,2.0,,,,0,cooldown
2026-07-07T20:35:24,pid_hot_humid_bursty_r2,pid,hot_humid,bursty,2,38.04,37.74,37.54,35.04,25.0,45.0,0.0,,100.0,2.0,,,,0,cooldown
2026-07-07T20:35:24,pid_hot_humid_bursty_r2,pid,hot_humid,bursty,2,38.03,37.73,37.53,35.03,25.0,45.0,0.0,,100.0,2.0,,,,0,cooldown
2026-07-07T20:35:24,pid_hot_humid_bursty_r2,pid,hot_humid,bursty,2,38.02,37.72,37.52,35.02,25.0,45.0,0.0,,100.0,2.0,,,,0,cooldown
2026-07-07T20:35:24,pid_hot_humid_bursty_r2,pid,hot_humid,bursty,2,38.01,37.71,37.51,35.01,25.0,45.0,0.0,,100.0,2.0,,,,0,cooldown
2026-07-07T20:35:24,pid_hot_humid_bursty_r2,pid,hot_humid,bursty,2,37.999,37.699,37.499,34.999,25.0,45.0,0.0,,100.0,2.0,,,,0,cooldown
2026-07-07T20:35:24,pid_hot_humid_bursty_r2,pid,hot_humid,bursty,2,37.989,37.689,37.489,34.989,25.0,45.0,0.0,,100.0,2.0,,,,0,cooldown
2026-07-07T20:35:24,pid_hot_humid_bursty_r2,pid,hot_humid,bursty,2,37.979,37.679,37.479,34.979,25.0,45.0,0.0,,100.0,2.0,,,,0,cooldown
2026-07-07T20:35:24,pid_hot_humid_bursty_r2,pid,hot_humid,bursty,2,37.969,37.669,37.469,34.969,25.0,45.0,0.0,,100.0,2.0,,,,0,cooldown
2026-07-07T20:35:24,pid_hot_humid_bursty_r2,pid,hot_humid,bursty,2,37.958,37.658,37.458,34.958,25.0,45.0,0.0,,100.0,2.0,,,,0,cooldown
2026-07-07T20:35:24,pid_hot_humid_bursty_r2,pid,hot_humid,bursty,2,37.948,37.648,37.448,34.948,25.0,45.0,0.0,,100.0,2.0,,,,0,cooldown
2026-07-07T20:35:24,pid_hot_humid_bursty_r2,pid,hot_humid,bursty,2,37.938,37.638,37.438,34.938,25.0,45.0,0.0,,100.0,2.0,,,,0,cooldown
2026-07-07T20:35:24,pid_hot_humid_bursty_r2,pid,hot_humid,bursty,2,37.928,37.628,37.428,34.928,25.0,45.0,0.0,,100.0,2.0,,,,0,cooldown
2026-07-07T20:35:24,pid_hot_humid_bursty_r2,pid,hot_humid,bursty,2,37.917,37.617,37.417,34.917,25.0,45.0,0.0,,100.0,2.0,,,,0,cooldown
2026-07-07T20:35:24,pid_hot_humid_bursty_r2,pid,hot_humid,bursty,2,37.907,37.607,37.407,34.907,25.0,45.0,0.0,,100.0,2.0,,,,0,cooldown
2026-07-07T20:35:24,pid_hot_humid_bursty_r2,pid,hot_humid,bursty,2,37.897,37.597,37.397,34.897,25.0,45.0,0.0,,100.0,2.0,,,,0,cooldown
2026-07-07T20:35:24,pid_hot_humid_bursty_r2,pid,hot_humid,bursty,2,37.887,37.587,37.387,34.887,25.0,45.0,0.0,,100.0,2.0,,,,0,cooldown
2026-07-07T20:35:24,pid_hot_humid_bursty_r2,pid,hot_humid,bursty,2,37.877,37.577,37.377,34.877,25.0,45.0,0.0,,100.0,2.0,,,,0,cooldown
2026-07-07T20:35:24,pid_hot_humid_bursty_r2,pid,hot_humid,bursty,2,37.867,37.567,37.367,34.867,25.0,45.0,0.0,,100.0,2.0,,,,0,cooldown
2026-07-07T20:35:24,pid_hot_humid_bursty_r2,pid,hot_humid,bursty,2,37.856,37.556,37.356,34.856,25.0,45.0,0.0,,100.0,2.0,,,,0,cooldown
2026-07-07T20:35:24,pid_hot_humid_bursty_r2,pid,hot_humid,bursty,2,37.846,37.546,37.346,34.846,25.0,45.0,0.0,,100.0,2.0,,,,0,cooldown
2026-07-07T20:35:24,pid_hot_humid_bursty_r2,pid,hot_humid,bursty,2,37.836,37.536,37.336,34.836,25.0,45.0,0.0,,100.0,2.0,,,,0,cooldown
2026-07-07T20:35:24,pid_hot_humid_bursty_r2,pid,hot_humid,bursty,2,37.826,37.526,37.326,34.826,25.0,45.0,0.0,,100.0,2.0,,,,0,cooldown
2026-07-07T20:35:24,pid_hot_humid_bursty_r2,pid,hot_humid,bursty,2,37.816,37.516,37.316,34.816,25.0,45.0,0.0,,100.0,2.0,,,,0,cooldown
2026-07-07T20:35:24,pid_hot_humid_bursty_r2,pid,hot_humid,bursty,2,37.806,37.506,37.306,34.806,25.0,45.0,0.0,,100.0,2.0,,,,0,cooldown
2026-07-07T20:35:24,pid_hot_humid_bursty_r2,pid,hot_humid,bursty,2,37.796,37.496,37.296,34.796,25.0,45.0,0.0,,100.0,2.0,,,,0,cooldown
2026-07-07T20:35:24,pid_hot_humid_bursty_r2,pid,hot_humid,bursty,2,37.786,37.486,37.286,34.786,25.0,45.0,0.0,,100.0,2.0,,,,0,cooldown
2026-07-07T20:35:24,pid_hot_humid_bursty_r2,pid,hot_humid,bursty,2,37.775,37.475,37.275,34.775,25.0,45.0,0.0,,100.0,2.0,,,,0,cooldown
2026-07-07T20:35:24,pid_hot_humid_bursty_r2,pid,hot_humid,bursty,2,37.765,37.465,37.265,34.765,25.0,45.0,0.0,,100.0,2.0,,,,0,cooldown
2026-07-07T20:35:24,pid_hot_humid_bursty_r2,pid,hot_humid,bursty,2,37.755,37.455,37.255,34.755,25.0,45.0,0.0,,100.0,2.0,,,,0,cooldown
2026-07-07T20:35:24,pid_hot_humid_bursty_r2,pid,hot_humid,bursty,2,37.745,37.445,37.245,34.745,25.0,45.0,0.0,,100.0,2.0,,,,0,cooldown
2026-07-07T20:35:24,pid_hot_humid_bursty_r2,pid,hot_humid,bursty,2,37.735,37.435,37.235,34.735,25.0,45.0,0.0,,100.0,2.0,,,,0,cooldown
2026-07-07T20:35:24,pid_hot_humid_bursty_r2,pid,hot_humid,bursty,2,37.725,37.425,37.225,34.725,25.0,45.0,0.0,,100.0,2.0,,,,0,cooldown
2026-07-07T20:35:24,pid_hot_humid_bursty_r2,pid,hot_humid,bursty,2,37.715,37.415,37.215,34.715,25.0,45.0,0.0,,100.0,2.0,,,,0,cooldown
2026-07-07T20:35:24,pid_hot_humid_bursty_r2,pid,hot_humid,bursty,2,37.705,37.405,37.205,34.705,25.0,45.0,0.0,,100.0,2.0,,,,0,cooldown
2026-07-07T20:35:24,pid_hot_humid_bursty_r2,pid,hot_humid,bursty,2,37.695,37.395,37.195,34.695,25.0,45.0,0.0,,100.0,2.0,,,,0,cooldown
2026-07-07T20:35:24,pid_hot_humid_bursty_r2,pid,hot_humid,bursty,2,37.685,37.385,37.185,34.685,25.0,45.0,0.0,,100.0,2.0,,,,0,cooldown
2026-07-07T20:35:24,pid_hot_humid_bursty_r2,pid,hot_humid,bursty,2,37.675,37.375,37.175,34.675,25.0,45.0,0.0,,100.0,2.0,,,,0,cooldown
2026-07-07T20:35:24,pid_hot_humid_bursty_r2,pid,hot_humid,bursty,2,37.665,37.365,37.165,34.665,25.0,45.0,0.0,,100.0,2.0,,,,0,cooldown
2026-07-07T20:35:24,pid_hot_humid_bursty_r2,pid,hot_humid,bursty,2,37.655,37.355,37.155,34.655,25.0,45.0,0.0,,100.0,2.0,,,,0,cooldown
2026-07-07T20:35:24,pid_hot_humid_bursty_r2,pid,hot_humid,bursty,2,37.645,37.345,37.145,34.645,25.0,45.0,0.0,,100.0,2.0,,,,0,cooldown
2026-07-07T20:35:24,pid_hot_humid_bursty_r2,pid,hot_humid,bursty,2,37.635,37.335,37.135,34.635,25.0,45.0,0.0,,100.0,2.0,,,,0,cooldown
2026-07-07T20:35:24,pid_hot_humid_bursty_r2,pid,hot_humid,bursty,2,37.625,37.325,37.125,34.625,25.0,45.0,0.0,,100.0,2.0,,,,0,cooldown
2026-07-07T20:35:24,pid_hot_humid_bursty_r2,pid,hot_humid,bursty,2,37.615,37.315,37.115,34.615,25.0,45.0,0.0,,100.0,2.0,,,,0,cooldown
2026-07-07T20:35:24,pid_hot_humid_bursty_r2,pid,hot_humid,bursty,2,37.605,37.305,37.105,34.605,25.0,45.0,0.0,,100.0,2.0,,,,0,cooldown
2026-07-07T20:35:24,pid_hot_humid_bursty_r2,pid,hot_humid,bursty,2,37.595,37.295,37.095,34.595,25.0,45.0,0.0,,100.0,2.0,,,,0,cooldown
2026-07-07T20:35:24,pid_hot_humid_bursty_r2,pid,hot_humid,bursty,2,37.585,37.285,37.085,34.585,25.0,45.0,0.0,,100.0,2.0,,,,0,cooldown
2026-07-07T20:35:24,pid_hot_humid_bursty_r2,pid,hot_humid,bursty,2,37.575,37.275,37.075,34.575,25.0,45.0,0.0,,100.0,2.0,,,,0,cooldown
2026-07-07T20:35:24,pid_hot_humid_bursty_r2,pid,hot_humid,bursty,2,37.565,37.265,37.065,34.565,25.0,45.0,0.0,,100.0,2.0,,,,0,cooldown
2026-07-07T20:35:24,pid_hot_humid_bursty_r2,pid,hot_humid,bursty,2,37.555,37.255,37.055,34.555,25.0,45.0,0.0,,100.0,2.0,,,,0,cooldown
2026-07-07T20:35:24,pid_hot_humid_bursty_r2,pid,hot_humid,bursty,2,37.545,37.245,37.045,34.545,25.0,45.0,0.0,,100.0,2.0,,,,0,cooldown
2026-07-07T20:35:24,pid_hot_humid_bursty_r2,pid,hot_humid,bursty,2,37.536,37.236,37.036,34.536,25.0,45.0,0.0,,100.0,2.0,,,,0,cooldown
2026-07-07T20:35:24,pid_hot_humid_bursty_r2,pid,hot_humid,bursty,2,37.526,37.226,37.026,34.526,25.0,45.0,0.0,,100.0,2.0,,,,0,cooldown
2026-07-07T20:35:24,pid_hot_humid_bursty_r2,pid,hot_humid,bursty,2,37.516,37.216,37.016,34.516,25.0,45.0,0.0,,100.0,2.0,,,,0,cooldown
2026-07-07T20:35:24,pid_hot_humid_bursty_r2,pid,hot_humid,bursty,2,37.506,37.206,37.006,34.506,25.0,45.0,0.0,,100.0,2.0,,,,0,cooldown
2026-07-07T20:35:24,pid_hot_humid_bursty_r2,pid,hot_humid,bursty,2,37.496,37.196,36.996,34.496,25.0,45.0,0.0,,100.0,2.0,,,,0,cooldown
2026-07-07T20:35:24,pid_hot_humid_bursty_r2,pid,hot_humid,bursty,2,37.486,37.186,36.986,34.486,25.0,45.0,0.0,,100.0,2.0,,,,0,cooldown
2026-07-07T20:35:24,pid_hot_humid_bursty_r2,pid,hot_humid,bursty,2,37.476,37.176,36.976,34.476,25.0,45.0,0.0,,100.0,2.0,,,,0,cooldown
2026-07-07T20:35:24,pid_hot_humid_bursty_r2,pid,hot_humid,bursty,2,37.466,37.166,36.966,34.466,25.0,45.0,0.0,,100.0,2.0,,,,0,cooldown
2026-07-07T20:35:24,pid_hot_humid_bursty_r2,pid,hot_humid,bursty,2,37.457,37.157,36.957,34.457,25.0,45.0,0.0,,100.0,2.0,,,,0,cooldown
2026-07-07T20:35:24,pid_hot_humid_bursty_r2,pid,hot_humid,bursty,2,37.447,37.147,36.947,34.447,25.0,45.0,0.0,,100.0,2.0,,,,0,cooldown
2026-07-07T20:35:24,pid_hot_humid_bursty_r2,pid,hot_humid,bursty,2,37.437,37.137,36.937,34.437,25.0,45.0,0.0,,100.0,2.0,,,,0,cooldown
2026-07-07T20:35:24,pid_hot_humid_bursty_r2,pid,hot_humid,bursty,2,37.427,37.127,36.927,34.427,25.0,45.0,0.0,,100.0,2.0,,,,0,cooldown
2026-07-07T20:35:24,pid_hot_humid_bursty_r2,pid,hot_humid,bursty,2,37.417,37.117,36.917,34.417,25.0,45.0,0.0,,100.0,2.0,,,,0,cooldown
2026-07-07T20:35:24,pid_hot_humid_bursty_r2,pid,hot_humid,bursty,2,37.407,37.107,36.907,34.407,25.0,45.0,0.0,,100.0,2.0,,,,0,cooldown
2026-07-07T20:35:24,pid_hot_humid_bursty_r2,pid,hot_humid,bursty,2,37.398,37.098,36.898,34.398,25.0,45.0,0.0,,100.0,2.0,,,,0,cooldown
2026-07-07T20:35:24,pid_hot_humid_bursty_r2,pid,hot_humid,bursty,2,37.388,37.088,36.888,34.388,25.0,45.0,0.0,,100.0,2.0,,,,0,cooldown
2026-07-07T20:35:24,pid_hot_humid_bursty_r2,pid,hot_humid,bursty,2,37.378,37.078,36.878,34.378,25.0,45.0,0.0,,100.0,2.0,,,,0,cooldown
2026-07-07T20:35:24,pid_hot_humid_bursty_r2,pid,hot_humid,bursty,2,37.368,37.068,36.868,34.368,25.0,45.0,0.0,,100.0,2.0,,,,0,cooldown
2026-07-07T20:35:24,pid_hot_humid_bursty_r2,pid,hot_humid,bursty,2,37.359,37.059,36.859,34.359,25.0,45.0,0.0,,100.0,2.0,,,,0,cooldown
2026-07-07T20:35:24,pid_hot_humid_bursty_r2,pid,hot_humid,bursty,2,37.349,37.049,36.849,34.349,25.0,45.0,0.0,,100.0,2.0,,,,0,cooldown
2026-07-07T20:35:24,pid_hot_humid_bursty_r2,pid,hot_humid,bursty,2,37.339,37.039,36.839,34.339,25.0,45.0,0.0,,100.0,2.0,,,,0,cooldown
2026-07-07T20:35:24,pid_hot_humid_bursty_r2,pid,hot_humid,bursty,2,37.329,37.029,36.829,34.329,25.0,45.0,0.0,,100.0,2.0,,,,0,cooldown
2026-07-07T20:35:24,pid_hot_humid_bursty_r2,pid,hot_humid,bursty,2,37.32,37.02,36.82,34.32,25.0,45.0,0.0,,100.0,2.0,,,,0,cooldown
2026-07-07T20:35:24,pid_hot_humid_bursty_r2,pid,hot_humid,bursty,2,37.31,37.01,36.81,34.31,25.0,45.0,0.0,,100.0,2.0,,,,0,cooldown
2026-07-07T20:35:24,pid_hot_humid_bursty_r2,pid,hot_humid,bursty,2,37.3,37.0,36.8,34.3,25.0,45.0,0.0,,100.0,2.0,,,,0,cooldown
2026-07-07T20:35:24,pid_hot_humid_bursty_r2,pid,hot_humid,bursty,2,37.29,36.99,36.79,34.29,25.0,45.0,0.0,,100.0,2.0,,,,0,cooldown
2026-07-07T20:35:24,pid_hot_humid_bursty_r2,pid,hot_humid,bursty,2,37.281,36.981,36.781,34.281,25.0,45.0,0.0,,100.0,2.0,,,,0,cooldown
2026-07-07T20:35:24,pid_hot_humid_bursty_r2,pid,hot_humid,bursty,2,37.271,36.971,36.771,34.271,25.0,45.0,0.0,,100.0,2.0,,,,0,cooldown
2026-07-07T20:35:24,pid_hot_humid_bursty_r2,pid,hot_humid,bursty,2,37.261,36.961,36.761,34.261,25.0,45.0,0.0,,100.0,2.0,,,,0,cooldown
2026-07-07T20:35:24,pid_hot_humid_bursty_r2,pid,hot_humid,bursty,2,37.252,36.952,36.752,34.252,25.0,45.0,0.0,,100.0,2.0,,,,0,cooldown
2026-07-07T20:35:24,pid_hot_humid_bursty_r2,pid,hot_humid,bursty,2,37.242,36.942,36.742,34.242,25.0,45.0,0.0,,100.0,2.0,,,,0,cooldown
2026-07-07T20:35:24,pid_hot_humid_bursty_r2,pid,hot_humid,bursty,2,37.232,36.932,36.732,34.232,25.0,45.0,0.0,,100.0,2.0,,,,0,cooldown
2026-07-07T20:35:24,pid_hot_humid_bursty_r2,pid,hot_humid,bursty,2,37.223,36.923,36.723,34.223,25.0,45.0,0.0,,100.0,2.0,,,,0,cooldown
2026-07-07T20:35:24,pid_hot_humid_bursty_r2,pid,hot_humid,bursty,2,37.213,36.913,36.713,34.213,25.0,45.0,0.0,,100.0,2.0,,,,0,cooldown
2026-07-07T20:35:24,pid_hot_humid_bursty_r2,pid,hot_humid,bursty,2,37.203,36.903,36.703,34.203,25.0,45.0,0.0,,100.0,2.0,,,,0,cooldown
2026-07-07T20:35:24,pid_hot_humid_bursty_r2,pid,hot_humid,bursty,2,37.194,36.894,36.694,34.194,25.0,45.0,0.0,,100.0,2.0,,,,0,cooldown
2026-07-07T20:35:24,pid_hot_humid_bursty_r2,pid,hot_humid,bursty,2,37.184,36.884,36.684,34.184,25.0,45.0,0.0,,100.0,2.0,,,,0,cooldown
2026-07-07T20:35:24,pid_hot_humid_bursty_r2,pid,hot_humid,bursty,2,37.175,36.875,36.675,34.175,25.0,45.0,0.0,,100.0,2.0,,,,0,cooldown
2026-07-07T20:35:24,pid_hot_humid_bursty_r2,pid,hot_humid,bursty,2,37.165,36.865,36.665,34.165,25.0,45.0,0.0,,100.0,2.0,,,,0,cooldown
2026-07-07T20:35:24,pid_hot_humid_bursty_r2,pid,hot_humid,bursty,2,37.155,36.855,36.655,34.155,25.0,45.0,0.0,,100.0,2.0,,,,0,cooldown
2026-07-07T20:35:24,pid_hot_humid_bursty_r2,pid,hot_humid,bursty,2,37.146,36.846,36.646,34.146,25.0,45.0,0.0,,100.0,2.0,,,,0,cooldown
2026-07-07T20:35:24,pid_hot_humid_bursty_r2,pid,hot_humid,bursty,2,37.136,36.836,36.636,34.136,25.0,45.0,0.0,,100.0,2.0,,,,0,cooldown
2026-07-07T20:35:24,pid_hot_humid_bursty_r2,pid,hot_humid,bursty,2,37.127,36.827,36.627,34.127,25.0,45.0,0.0,,100.0,2.0,,,,0,cooldown
2026-07-07T20:35:24,pid_hot_humid_bursty_r2,pid,hot_humid,bursty,2,37.117,36.817,36.617,34.117,25.0,45.0,0.0,,100.0,2.0,,,,0,cooldown
2026-07-07T20:35:24,pid_hot_humid_bursty_r2,pid,hot_humid,bursty,2,37.107,36.807,36.607,34.107,25.0,45.0,0.0,,100.0,2.0,,,,0,cooldown
2026-07-07T20:35:24,pid_hot_humid_bursty_r2,pid,hot_humid,bursty,2,37.098,36.798,36.598,34.098,25.0,45.0,0.0,,100.0,2.0,,,,0,cooldown
2026-07-07T20:35:24,pid_hot_humid_bursty_r2,pid,hot_humid,bursty,2,37.088,36.788,36.588,34.088,25.0,45.0,0.0,,100.0,2.0,,,,0,cooldown
2026-07-07T20:35:24,pid_hot_humid_bursty_r2,pid,hot_humid,bursty,2,37.079,36.779,36.579,34.079,25.0,45.0,0.0,,100.0,2.0,,,,0,cooldown
2026-07-07T20:35:24,pid_hot_humid_bursty_r2,pid,hot_humid,bursty,2,37.069,36.769,36.569,34.069,25.0,45.0,0.0,,100.0,2.0,,,,0,cooldown
2026-07-07T20:35:24,pid_hot_humid_bursty_r2,pid,hot_humid,bursty,2,37.06,36.76,36.56,34.06,25.0,45.0,0.0,,100.0,2.0,,,,0,cooldown
2026-07-07T20:35:24,pid_hot_humid_bursty_r2,pid,hot_humid,bursty,2,37.05,36.75,36.55,34.05,25.0,45.0,0.0,,100.0,2.0,,,,0,cooldown
2026-07-07T20:35:24,pid_hot_humid_bursty_r2,pid,hot_humid,bursty,2,37.041,36.741,36.541,34.041,25.0,45.0,0.0,,100.0,2.0,,,,0,cooldown
2026-07-07T20:35:24,pid_hot_humid_bursty_r2,pid,hot_humid,bursty,2,37.031,36.731,36.531,34.031,25.0,45.0,0.0,,100.0,2.0,,,,0,cooldown
2026-07-07T20:35:24,pid_hot_humid_bursty_r2,pid,hot_humid,bursty,2,37.022,36.722,36.522,34.022,25.0,45.0,0.0,,100.0,2.0,,,,0,cooldown
2026-07-07T20:35:24,pid_hot_humid_bursty_r2,pid,hot_humid,bursty,2,37.012,36.712,36.512,34.012,25.0,45.0,0.0,,100.0,2.0,,,,0,cooldown
2026-07-07T20:35:24,pid_hot_humid_bursty_r2,pid,hot_humid,bursty,2,37.003,36.703,36.503,34.003,25.0,45.0,0.0,,100.0,2.0,,,,0,cooldown
2026-07-07T20:35:24,pid_hot_humid_bursty_r2,pid,hot_humid,bursty,2,36.993,36.693,36.493,33.993,25.0,45.0,0.0,,100.0,2.0,,,,0,cooldown
2026-07-07T20:35:24,pid_hot_humid_bursty_r2,pid,hot_humid,bursty,2,36.984,36.684,36.484,33.984,25.0,45.0,0.0,,100.0,2.0,,,,0,cooldown
2026-07-07T20:35:24,pid_hot_humid_bursty_r2,pid,hot_humid,bursty,2,36.974,36.674,36.474,33.974,25.0,45.0,0.0,,100.0,2.0,,,,0,cooldown
2026-07-07T20:35:24,pid_hot_humid_bursty_r2,pid,hot_humid,bursty,2,36.965,36.665,36.465,33.965,25.0,45.0,0.0,,100.0,2.0,,,,0,cooldown
2026-07-07T20:35:24,pid_hot_humid_bursty_r2,pid,hot_humid,bursty,2,36.955,36.655,36.455,33.955,25.0,45.0,0.0,,100.0,2.0,,,,0,cooldown
2026-07-07T20:35:24,pid_hot_humid_bursty_r2,pid,hot_humid,bursty,2,36.946,36.646,36.446,33.946,25.0,45.0,0.0,,100.0,2.0,,,,0,cooldown
2026-07-07T20:35:24,pid_hot_humid_bursty_r2,pid,hot_humid,bursty,2,36.937,36.637,36.437,33.937,25.0,45.0,0.0,,100.0,2.0,,,,0,cooldown
2026-07-07T20:35:24,pid_hot_humid_bursty_r2,pid,hot_humid,bursty,2,36.927,36.627,36.427,33.927,25.0,45.0,0.0,,100.0,2.0,,,,0,cooldown
2026-07-07T20:35:24,pid_hot_humid_bursty_r2,pid,hot_humid,bursty,2,36.918,36.618,36.418,33.918,25.0,45.0,0.0,,100.0,2.0,,,,0,cooldown
2026-07-07T20:35:24,pid_hot_humid_bursty_r2,pid,hot_humid,bursty,2,36.908,36.608,36.408,33.908,25.0,45.0,0.0,,100.0,2.0,,,,0,cooldown
2026-07-07T20:35:24,pid_hot_humid_bursty_r2,pid,hot_humid,bursty,2,36.899,36.599,36.399,33.899,25.0,45.0,0.0,,100.0,2.0,,,,0,cooldown
2026-07-07T20:35:24,pid_hot_humid_bursty_r2,pid,hot_humid,bursty,2,36.889,36.589,36.389,33.889,25.0,45.0,0.0,,100.0,2.0,,,,0,cooldown
2026-07-07T20:35:24,pid_hot_humid_bursty_r2,pid,hot_humid,bursty,2,36.88,36.58,36.38,33.88,25.0,45.0,0.0,,100.0,2.0,,,,0,cooldown
2026-07-07T20:35:24,pid_hot_humid_bursty_r2,pid,hot_humid,bursty,2,36.871,36.571,36.371,33.871,25.0,45.0,0.0,,100.0,2.0,,,,0,cooldown
2026-07-07T20:35:24,pid_hot_humid_bursty_r2,pid,hot_humid,bursty,2,36.861,36.561,36.361,33.861,25.0,45.0,0.0,,100.0,2.0,,,,0,cooldown
2026-07-07T20:35:24,pid_hot_humid_bursty_r2,pid,hot_humid,bursty,2,36.852,36.552,36.352,33.852,25.0,45.0,0.0,,100.0,2.0,,,,0,cooldown
2026-07-07T20:35:24,pid_hot_humid_bursty_r2,pid,hot_humid,bursty,2,36.843,36.543,36.343,33.843,25.0,45.0,0.0,,100.0,2.0,,,,0,cooldown
2026-07-07T20:35:24,pid_hot_humid_bursty_r2,pid,hot_humid,bursty,2,36.833,36.533,36.333,33.833,25.0,45.0,0.0,,100.0,2.0,,,,0,cooldown
2026-07-07T20:35:24,pid_hot_humid_bursty_r2,pid,hot_humid,bursty,2,36.824,36.524,36.324,33.824,25.0,45.0,0.0,,100.0,2.0,,,,0,cooldown
2026-07-07T20:35:24,pid_hot_humid_bursty_r2,pid,hot_humid,bursty,2,36.815,36.515,36.315,33.815,25.0,45.0,0.0,,100.0,2.0,,,,0,cooldown
2026-07-07T20:35:24,pid_hot_humid_bursty_r2,pid,hot_humid,bursty,2,36.805,36.505,36.305,33.805,25.0,45.0,0.0,,100.0,2.0,,,,0,cooldown
2026-07-07T20:35:24,pid_hot_humid_bursty_r2,pid,hot_humid,bursty,2,36.796,36.496,36.296,33.796,25.0,45.0,0.0,,100.0,2.0,,,,0,cooldown
2026-07-07T20:35:24,pid_hot_humid_bursty_r2,pid,hot_humid,bursty,2,36.787,36.487,36.287,33.787,25.0,45.0,0.0,,100.0,2.0,,,,0,cooldown
2026-07-07T20:35:24,pid_hot_humid_bursty_r2,pid,hot_humid,bursty,2,36.777,36.477,36.277,33.777,25.0,45.0,0.0,,100.0,2.0,,,,0,cooldown
2026-07-07T20:35:24,pid_hot_humid_bursty_r2,pid,hot_humid,bursty,2,36.768,36.468,36.268,33.768,25.0,45.0,0.0,,100.0,2.0,,,,0,cooldown
2026-07-07T20:35:24,pid_hot_humid_bursty_r2,pid,hot_humid,bursty,2,36.759,36.459,36.259,33.759,25.0,45.0,0.0,,100.0,2.0,,,,0,cooldown
2026-07-07T20:35:24,pid_hot_humid_bursty_r2,pid,hot_humid,bursty,2,36.749,36.449,36.249,33.749,25.0,45.0,0.0,,100.0,2.0,,,,0,cooldown
2026-07-07T20:35:24,pid_hot_humid_bursty_r2,pid,hot_humid,bursty,2,36.74,36.44,36.24,33.74,25.0,45.0,0.0,,100.0,2.0,,,,0,cooldown
2026-07-07T20:35:24,pid_hot_humid_bursty_r2,pid,hot_humid,bursty,2,36.731,36.431,36.231,33.731,25.0,45.0,0.0,,100.0,2.0,,,,0,cooldown
2026-07-07T20:35:24,pid_hot_humid_bursty_r2,pid,hot_humid,bursty,2,36.722,36.422,36.222,33.722,25.0,45.0,0.0,,100.0,2.0,,,,0,cooldown
2026-07-07T20:35:24,pid_hot_humid_bursty_r2,pid,hot_humid,bursty,2,36.712,36.412,36.212,33.712,25.0,45.0,0.0,,100.0,2.0,,,,0,cooldown
2026-07-07T20:35:24,pid_hot_humid_bursty_r2,pid,hot_humid,bursty,2,36.703,36.403,36.203,33.703,25.0,45.0,0.0,,100.0,2.0,,,,0,cooldown
2026-07-07T20:35:24,pid_hot_humid_bursty_r2,pid,hot_humid,bursty,2,36.694,36.394,36.194,33.694,25.0,45.0,0.0,,100.0,2.0,,,,0,cooldown
2026-07-07T20:35:24,pid_hot_humid_bursty_r2,pid,hot_humid,bursty,2,36.685,36.385,36.185,33.685,25.0,45.0,0.0,,100.0,2.0,,,,0,cooldown
2026-07-07T20:35:24,pid_hot_humid_bursty_r2,pid,hot_humid,bursty,2,36.675,36.375,36.175,33.675,25.0,45.0,0.0,,100.0,2.0,,,,0,cooldown
2026-07-07T20:35:24,pid_hot_humid_bursty_r2,pid,hot_humid,bursty,2,36.666,36.366,36.166,33.666,25.0,45.0,0.0,,100.0,2.0,,,,0,cooldown
2026-07-07T20:35:24,pid_hot_humid_bursty_r2,pid,hot_humid,bursty,2,36.657,36.357,36.157,33.657,25.0,45.0,0.0,,100.0,2.0,,,,0,cooldown
2026-07-07T20:35:24,pid_hot_humid_bursty_r2,pid,hot_humid,bursty,2,36.648,36.348,36.148,33.648,25.0,45.0,0.0,,100.0,2.0,,,,0,cooldown
2026-07-07T20:35:24,pid_hot_humid_bursty_r2,pid,hot_humid,bursty,2,36.639,36.339,36.139,33.639,25.0,45.0,0.0,,100.0,2.0,,,,0,cooldown
2026-07-07T20:35:24,pid_hot_humid_bursty_r2,pid,hot_humid,bursty,2,36.629,36.329,36.129,33.629,25.0,45.0,0.0,,100.0,2.0,,,,0,cooldown
2026-07-07T20:35:24,pid_hot_humid_bursty_r2,pid,hot_humid,bursty,2,36.62,36.32,36.12,33.62,25.0,45.0,0.0,,100.0,2.0,,,,0,cooldown
2026-07-07T20:35:24,pid_hot_humid_bursty_r2,pid,hot_humid,bursty,2,36.611,36.311,36.111,33.611,25.0,45.0,0.0,,100.0,2.0,,,,0,cooldown
2026-07-07T20:35:24,pid_hot_humid_bursty_r2,pid,hot_humid,bursty,2,36.602,36.302,36.102,33.602,25.0,45.0,0.0,,100.0,2.0,,,,0,cooldown
2026-07-07T20:35:24,pid_hot_humid_bursty_r2,pid,hot_humid,bursty,2,36.593,36.293,36.093,33.593,25.0,45.0,0.0,,100.0,2.0,,,,0,cooldown
2026-07-07T20:35:24,pid_hot_humid_bursty_r2,pid,hot_humid,bursty,2,36.584,36.284,36.084,33.584,25.0,45.0,0.0,,100.0,2.0,,,,0,cooldown
2026-07-07T20:35:24,pid_hot_humid_bursty_r2,pid,hot_humid,bursty,2,36.574,36.274,36.074,33.574,25.0,45.0,0.0,,100.0,2.0,,,,0,cooldown
2026-07-07T20:35:24,pid_hot_humid_bursty_r2,pid,hot_humid,bursty,2,36.565,36.265,36.065,33.565,25.0,45.0,0.0,,100.0,2.0,,,,0,cooldown
2026-07-07T20:35:24,pid_hot_humid_bursty_r2,pid,hot_humid,bursty,2,36.556,36.256,36.056,33.556,25.0,45.0,0.0,,100.0,2.0,,,,0,cooldown
2026-07-07T20:35:24,pid_hot_humid_bursty_r2,pid,hot_humid,bursty,2,36.547,36.247,36.047,33.547,25.0,45.0,0.0,,100.0,2.0,,,,0,cooldown
2026-07-07T20:35:24,pid_hot_humid_bursty_r2,pid,hot_humid,bursty,2,36.538,36.238,36.038,33.538,25.0,45.0,0.0,,100.0,2.0,,,,0,cooldown
2026-07-07T20:35:24,pid_hot_humid_bursty_r2,pid,hot_humid,bursty,2,36.529,36.229,36.029,33.529,25.0,45.0,0.0,,100.0,2.0,,,,0,cooldown
2026-07-07T20:35:24,pid_hot_humid_bursty_r2,pid,hot_humid,bursty,2,36.52,36.22,36.02,33.52,25.0,45.0,0.0,,100.0,2.0,,,,0,cooldown
2026-07-07T20:35:24,pid_hot_humid_bursty_r2,pid,hot_humid,bursty,2,36.511,36.211,36.011,33.511,25.0,45.0,0.0,,100.0,2.0,,,,0,cooldown
2026-07-07T20:35:24,pid_hot_humid_bursty_r2,pid,hot_humid,bursty,2,36.502,36.202,36.002,33.502,25.0,45.0,0.0,,100.0,2.0,,,,0,cooldown
2026-07-07T20:35:24,pid_hot_humid_bursty_r2,pid,hot_humid,bursty,2,36.492,36.192,35.992,33.492,25.0,45.0,0.0,,100.0,2.0,,,,0,cooldown
2026-07-07T20:35:24,pid_hot_humid_bursty_r2,pid,hot_humid,bursty,2,36.483,36.183,35.983,33.483,25.0,45.0,0.0,,100.0,2.0,,,,0,cooldown
2026-07-07T20:35:24,pid_hot_humid_bursty_r2,pid,hot_humid,bursty,2,36.474,36.174,35.974,33.474,25.0,45.0,0.0,,100.0,2.0,,,,0,cooldown
2026-07-07T20:35:24,pid_hot_humid_bursty_r2,pid,hot_humid,bursty,2,36.465,36.165,35.965,33.465,25.0,45.0,0.0,,100.0,2.0,,,,0,cooldown
2026-07-07T20:35:24,pid_hot_humid_bursty_r2,pid,hot_humid,bursty,2,36.456,36.156,35.956,33.456,25.0,45.0,0.0,,100.0,2.0,,,,0,cooldown
2026-07-07T20:35:24,pid_hot_humid_bursty_r2,pid,hot_humid,bursty,2,36.447,36.147,35.947,33.447,25.0,45.0,0.0,,100.0,2.0,,,,0,cooldown
2026-07-07T20:35:24,pid_hot_humid_bursty_r2,pid,hot_humid,bursty,2,36.438,36.138,35.938,33.438,25.0,45.0,0.0,,100.0,2.0,,,,0,cooldown
2026-07-07T20:35:24,pid_hot_humid_bursty_r2,pid,hot_humid,bursty,2,36.429,36.129,35.929,33.429,25.0,45.0,0.0,,100.0,2.0,,,,0,cooldown
2026-07-07T20:35:24,pid_hot_humid_bursty_r2,pid,hot_humid,bursty,2,36.42,36.12,35.92,33.42,25.0,45.0,0.0,,100.0,2.0,,,,0,cooldown
2026-07-07T20:35:24,pid_hot_humid_bursty_r2,pid,hot_humid,bursty,2,36.411,36.111,35.911,33.411,25.0,45.0,0.0,,100.0,2.0,,,,0,cooldown
2026-07-07T20:35:24,pid_hot_humid_bursty_r2,pid,hot_humid,bursty,2,36.402,36.102,35.902,33.402,25.0,45.0,0.0,,100.0,2.0,,,,0,cooldown
2026-07-07T20:35:24,pid_hot_humid_bursty_r2,pid,hot_humid,bursty,2,36.393,36.093,35.893,33.393,25.0,45.0,0.0,,100.0,2.0,,,,0,cooldown
2026-07-07T20:35:24,pid_hot_humid_bursty_r2,pid,hot_humid,bursty,2,36.384,36.084,35.884,33.384,25.0,45.0,0.0,,100.0,2.0,,,,0,cooldown
2026-07-07T20:35:24,pid_hot_humid_bursty_r2,pid,hot_humid,bursty,2,36.375,36.075,35.875,33.375,25.0,45.0,0.0,,100.0,2.0,,,,0,cooldown
2026-07-07T20:35:24,pid_hot_humid_bursty_r2,pid,hot_humid,bursty,2,36.366,36.066,35.866,33.366,25.0,45.0,0.0,,100.0,2.0,,,,0,cooldown
2026-07-07T20:35:24,pid_hot_humid_bursty_r2,pid,hot_humid,bursty,2,36.357,36.057,35.857,33.357,25.0,45.0,0.0,,100.0,2.0,,,,0,cooldown
2026-07-07T20:35:24,pid_hot_humid_bursty_r2,pid,hot_humid,bursty,2,36.348,36.048,35.848,33.348,25.0,45.0,0.0,,100.0,2.0,,,,0,cooldown
2026-07-07T20:35:24,pid_hot_humid_bursty_r2,pid,hot_humid,bursty,2,36.339,36.039,35.839,33.339,25.0,45.0,0.0,,100.0,2.0,,,,0,cooldown
2026-07-07T20:35:24,pid_hot_humid_bursty_r2,pid,hot_humid,bursty,2,36.33,36.03,35.83,33.33,25.0,45.0,0.0,,100.0,2.0,,,,0,cooldown
2026-07-07T20:35:24,pid_hot_humid_bursty_r2,pid,hot_humid,bursty,2,36.321,36.021,35.821,33.321,25.0,45.0,0.0,,100.0,2.0,,,,0,cooldown
2026-07-07T20:35:24,pid_hot_humid_bursty_r2,pid,hot_humid,bursty,2,36.312,36.012,35.812,33.312,25.0,45.0,0.0,,100.0,2.0,,,,0,cooldown
2026-07-07T20:35:24,pid_hot_humid_bursty_r2,pid,hot_humid,bursty,2,36.303,36.003,35.803,33.303,25.0,45.0,0.0,,100.0,2.0,,,,0,cooldown
2026-07-07T20:35:24,pid_hot_humid_bursty_r2,pid,hot_humid,bursty,2,36.295,35.995,35.795,33.295,25.0,45.0,0.0,,100.0,2.0,,,,0,cooldown
2026-07-07T20:35:24,pid_hot_humid_bursty_r2,pid,hot_humid,bursty,2,36.286,35.986,35.786,33.286,25.0,45.0,0.0,,100.0,2.0,,,,0,cooldown
2026-07-07T20:35:24,pid_hot_humid_bursty_r2,pid,hot_humid,bursty,2,36.277,35.977,35.777,33.277,25.0,45.0,0.0,,100.0,2.0,,,,0,cooldown
2026-07-07T20:35:24,pid_hot_humid_bursty_r2,pid,hot_humid,bursty,2,36.268,35.968,35.768,33.268,25.0,45.0,0.0,,100.0,2.0,,,,0,cooldown
2026-07-07T20:35:24,pid_hot_humid_bursty_r2,pid,hot_humid,bursty,2,36.259,35.959,35.759,33.259,25.0,45.0,0.0,,100.0,2.0,,,,0,cooldown
2026-07-07T20:35:24,pid_hot_humid_bursty_r2,pid,hot_humid,bursty,2,36.25,35.95,35.75,33.25,25.0,45.0,0.0,,100.0,2.0,,,,0,cooldown
2026-07-07T20:35:24,pid_hot_humid_bursty_r2,pid,hot_humid,bursty,2,36.241,35.941,35.741,33.241,25.0,45.0,0.0,,100.0,2.0,,,,0,cooldown
2026-07-07T20:35:24,pid_hot_humid_bursty_r2,pid,hot_humid,bursty,2,36.232,35.932,35.732,33.232,25.0,45.0,0.0,,100.0,2.0,,,,0,cooldown
2026-07-07T20:35:24,pid_hot_humid_bursty_r2,pid,hot_humid,bursty,2,36.223,35.923,35.723,33.223,25.0,45.0,0.0,,100.0,2.0,,,,0,cooldown
2026-07-07T20:35:24,pid_hot_humid_bursty_r2,pid,hot_humid,bursty,2,36.215,35.915,35.715,33.215,25.0,45.0,0.0,,100.0,2.0,,,,0,cooldown
2026-07-07T20:35:24,pid_hot_humid_bursty_r2,pid,hot_humid,bursty,2,36.206,35.906,35.706,33.206,25.0,45.0,0.0,,100.0,2.0,,,,0,cooldown
2026-07-07T20:35:24,pid_hot_humid_bursty_r2,pid,hot_humid,bursty,2,36.197,35.897,35.697,33.197,25.0,45.0,0.0,,100.0,2.0,,,,0,cooldown
2026-07-07T20:35:24,pid_hot_humid_bursty_r2,pid,hot_humid,bursty,2,36.188,35.888,35.688,33.188,25.0,45.0,0.0,,100.0,2.0,,,,0,cooldown
2026-07-07T20:35:24,pid_hot_humid_bursty_r2,pid,hot_humid,bursty,2,36.179,35.879,35.679,33.179,25.0,45.0,0.0,,100.0,2.0,,,,0,cooldown
2026-07-07T20:35:24,pid_hot_humid_bursty_r2,pid,hot_humid,bursty,2,36.17,35.87,35.67,33.17,25.0,45.0,0.0,,100.0,2.0,,,,0,cooldown
2026-07-07T20:35:24,pid_hot_humid_bursty_r2,pid,hot_humid,bursty,2,36.161,35.861,35.661,33.161,25.0,45.0,0.0,,100.0,2.0,,,,0,cooldown
2026-07-07T20:35:24,pid_hot_humid_bursty_r2,pid,hot_humid,bursty,2,36.153,35.853,35.653,33.153,25.0,45.0,0.0,,100.0,2.0,,,,0,cooldown
2026-07-07T20:35:24,pid_hot_humid_bursty_r2,pid,hot_humid,bursty,2,36.144,35.844,35.644,33.144,25.0,45.0,0.0,,100.0,2.0,,,,0,cooldown
2026-07-07T20:35:24,pid_hot_humid_bursty_r2,pid,hot_humid,bursty,2,36.135,35.835,35.635,33.135,25.0,45.0,0.0,,100.0,2.0,,,,0,cooldown
2026-07-07T20:35:24,pid_hot_humid_bursty_r2,pid,hot_humid,bursty,2,36.126,35.826,35.626,33.126,25.0,45.0,0.0,,100.0,2.0,,,,0,cooldown
2026-07-07T20:35:24,pid_hot_humid_bursty_r2,pid,hot_humid,bursty,2,36.118,35.818,35.618,33.118,25.0,45.0,0.0,,100.0,2.0,,,,0,cooldown
2026-07-07T20:35:24,pid_hot_humid_bursty_r2,pid,hot_humid,bursty,2,36.109,35.809,35.609,33.109,25.0,45.0,0.0,,100.0,2.0,,,,0,cooldown
2026-07-07T20:35:24,pid_hot_humid_bursty_r2,pid,hot_humid,bursty,2,36.1,35.8,35.6,33.1,25.0,45.0,0.0,,100.0,2.0,,,,0,cooldown
2026-07-07T20:35:24,pid_hot_humid_bursty_r2,pid,hot_humid,bursty,2,36.091,35.791,35.591,33.091,25.0,45.0,0.0,,100.0,2.0,,,,0,cooldown
2026-07-07T20:35:24,pid_hot_humid_bursty_r2,pid,hot_humid,bursty,2,36.082,35.782,35.582,33.082,25.0,45.0,0.0,,100.0,2.0,,,,0,cooldown
2026-07-07T20:35:24,pid_hot_humid_bursty_r2,pid,hot_humid,bursty,2,36.074,35.774,35.574,33.074,25.0,45.0,0.0,,100.0,2.0,,,,0,cooldown
2026-07-07T20:35:24,pid_hot_humid_bursty_r2,pid,hot_humid,bursty,2,36.065,35.765,35.565,33.065,25.0,45.0,0.0,,100.0,2.0,,,,0,cooldown
2026-07-07T20:35:24,pid_hot_humid_bursty_r2,pid,hot_humid,bursty,2,36.056,35.756,35.556,33.056,25.0,45.0,0.0,,100.0,2.0,,,,0,cooldown
2026-07-07T20:35:24,pid_hot_humid_bursty_r2,pid,hot_humid,bursty,2,36.047,35.747,35.547,33.047,25.0,45.0,0.0,,100.0,2.0,,,,0,cooldown
2026-07-07T20:35:24,pid_hot_humid_bursty_r2,pid,hot_humid,bursty,2,36.039,35.739,35.539,33.039,25.0,45.0,0.0,,100.0,2.0,,,,0,cooldown
2026-07-07T20:35:24,pid_hot_humid_bursty_r2,pid,hot_humid,bursty,2,36.03,35.73,35.53,33.03,25.0,45.0,0.0,,100.0,2.0,,,,0,cooldown
2026-07-07T20:35:24,pid_hot_humid_bursty_r2,pid,hot_humid,bursty,2,36.021,35.721,35.521,33.021,25.0,45.0,0.0,,100.0,2.0,,,,0,cooldown
2026-07-07T20:35:24,pid_hot_humid_bursty_r2,pid,hot_humid,bursty,2,36.013,35.713,35.513,33.013,25.0,45.0,0.0,,100.0,2.0,,,,0,cooldown
2026-07-07T20:35:24,pid_hot_humid_bursty_r2,pid,hot_humid,bursty,2,36.004,35.704,35.504,33.004,25.0,45.0,0.0,,100.0,2.0,,,,0,cooldown
2026-07-07T20:35:24,pid_hot_humid_bursty_r2,pid,hot_humid,bursty,2,35.995,35.695,35.495,32.995,25.0,45.0,0.0,,100.0,2.0,,,,0,cooldown
2026-07-07T20:35:24,pid_hot_humid_bursty_r2,pid,hot_humid,bursty,2,35.987,35.687,35.487,32.987,25.0,45.0,0.0,,100.0,2.0,,,,0,cooldown
2026-07-07T20:35:24,pid_hot_humid_bursty_r2,pid,hot_humid,bursty,2,35.978,35.678,35.478,32.978,25.0,45.0,0.0,,100.0,2.0,,,,0,cooldown
2026-07-07T20:35:24,pid_hot_humid_bursty_r2,pid,hot_humid,bursty,2,35.969,35.669,35.469,32.969,25.0,45.0,0.0,,100.0,2.0,,,,0,cooldown
2026-07-07T20:35:24,pid_hot_humid_bursty_r2,pid,hot_humid,bursty,2,35.961,35.661,35.461,32.961,25.0,45.0,0.0,,100.0,2.0,,,,0,cooldown
2026-07-07T20:35:24,pid_hot_humid_bursty_r2,pid,hot_humid,bursty,2,35.952,35.652,35.452,32.952,25.0,45.0,0.0,,100.0,2.0,,,,0,cooldown
2026-07-07T20:35:24,pid_hot_humid_bursty_r2,pid,hot_humid,bursty,2,35.943,35.643,35.443,32.943,25.0,45.0,0.0,,100.0,2.0,,,,0,cooldown
2026-07-07T20:35:24,pid_hot_humid_bursty_r2,pid,hot_humid,bursty,2,35.935,35.635,35.435,32.935,25.0,45.0,0.0,,100.0,2.0,,,,0,cooldown
2026-07-07T20:35:24,pid_hot_humid_bursty_r2,pid,hot_humid,bursty,2,35.926,35.626,35.426,32.926,25.0,45.0,0.0,,100.0,2.0,,,,0,cooldown
2026-07-07T20:35:24,pid_hot_humid_bursty_r2,pid,hot_humid,bursty,2,35.917,35.617,35.417,32.917,25.0,45.0,0.0,,100.0,2.0,,,,0,cooldown
2026-07-07T20:35:24,pid_hot_humid_bursty_r2,pid,hot_humid,bursty,2,35.909,35.609,35.409,32.909,25.0,45.0,0.0,,100.0,2.0,,,,0,cooldown
2026-07-07T20:35:24,pid_hot_humid_bursty_r2,pid,hot_humid,bursty,2,35.9,35.6,35.4,32.9,25.0,45.0,0.0,,100.0,2.0,,,,0,cooldown
2026-07-07T20:35:24,pid_hot_humid_bursty_r2,pid,hot_humid,bursty,2,35.892,35.592,35.392,32.892,25.0,45.0,0.0,,100.0,2.0,,,,0,cooldown
2026-07-07T20:35:24,pid_hot_humid_bursty_r2,pid,hot_humid,bursty,2,35.883,35.583,35.383,32.883,25.0,45.0,0.0,,100.0,2.0,,,,0,cooldown
2026-07-07T20:35:24,pid_hot_humid_bursty_r2,pid,hot_humid,bursty,2,35.874,35.574,35.374,32.874,25.0,45.0,0.0,,100.0,2.0,,,,0,cooldown
2026-07-07T20:35:24,pid_hot_humid_bursty_r2,pid,hot_humid,bursty,2,35.866,35.566,35.366,32.866,25.0,45.0,0.0,,100.0,2.0,,,,0,cooldown
2026-07-07T20:35:24,pid_hot_humid_bursty_r2,pid,hot_humid,bursty,2,35.857,35.557,35.357,32.857,25.0,45.0,0.0,,100.0,2.0,,,,0,cooldown
2026-07-07T20:35:24,pid_hot_humid_bursty_r2,pid,hot_humid,bursty,2,35.849,35.549,35.349,32.849,25.0,45.0,0.0,,100.0,2.0,,,,0,cooldown
2026-07-07T20:35:24,pid_hot_humid_bursty_r2,pid,hot_humid,bursty,2,35.84,35.54,35.34,32.84,25.0,45.0,0.0,,100.0,2.0,,,,0,cooldown
2026-07-07T20:35:24,pid_hot_humid_bursty_r2,pid,hot_humid,bursty,2,35.831,35.531,35.331,32.831,25.0,45.0,0.0,,100.0,2.0,,,,0,cooldown
2026-07-07T20:35:24,pid_hot_humid_bursty_r2,pid,hot_humid,bursty,2,35.823,35.523,35.323,32.823,25.0,45.0,0.0,,100.0,2.0,,,,0,cooldown
2026-07-07T20:35:24,pid_hot_humid_bursty_r2,pid,hot_humid,bursty,2,35.814,35.514,35.314,32.814,25.0,45.0,0.0,,100.0,2.0,,,,0,cooldown
2026-07-07T20:35:24,pid_hot_humid_bursty_r2,pid,hot_humid,bursty,2,35.806,35.506,35.306,32.806,25.0,45.0,0.0,,100.0,2.0,,,,0,cooldown
2026-07-07T20:35:24,pid_hot_humid_bursty_r2,pid,hot_humid,bursty,2,35.797,35.497,35.297,32.797,25.0,45.0,0.0,,100.0,2.0,,,,0,cooldown
2026-07-07T20:35:24,pid_hot_humid_bursty_r2,pid,hot_humid,bursty,2,35.789,35.489,35.289,32.789,25.0,45.0,0.0,,100.0,2.0,,,,0,cooldown
2026-07-07T20:35:24,pid_hot_humid_bursty_r2,pid,hot_humid,bursty,2,35.78,35.48,35.28,32.78,25.0,45.0,0.0,,100.0,2.0,,,,0,cooldown
2026-07-07T20:35:24,pid_hot_humid_bursty_r2,pid,hot_humid,bursty,2,35.772,35.472,35.272,32.772,25.0,45.0,0.0,,100.0,2.0,,,,0,cooldown
2026-07-07T20:35:24,pid_hot_humid_bursty_r2,pid,hot_humid,bursty,2,35.763,35.463,35.263,32.763,25.0,45.0,0.0,,100.0,2.0,,,,0,cooldown
2026-07-07T20:35:24,pid_hot_humid_bursty_r2,pid,hot_humid,bursty,2,35.755,35.455,35.255,32.755,25.0,45.0,0.0,,100.0,2.0,,,,0,cooldown
2026-07-07T20:35:24,pid_hot_humid_bursty_r2,pid,hot_humid,bursty,2,35.746,35.446,35.246,32.746,25.0,45.0,0.0,,100.0,2.0,,,,0,cooldown
2026-07-07T20:35:24,pid_hot_humid_bursty_r2,pid,hot_humid,bursty,2,35.738,35.438,35.238,32.738,25.0,45.0,0.0,,100.0,2.0,,,,0,cooldown
2026-07-07T20:35:24,pid_hot_humid_bursty_r2,pid,hot_humid,bursty,2,35.729,35.429,35.229,32.729,25.0,45.0,0.0,,100.0,2.0,,,,0,cooldown
2026-07-07T20:35:24,pid_hot_humid_bursty_r2,pid,hot_humid,bursty,2,35.721,35.421,35.221,32.721,25.0,45.0,0.0,,100.0,2.0,,,,0,cooldown
2026-07-07T20:35:24,pid_hot_humid_bursty_r2,pid,hot_humid,bursty,2,35.712,35.412,35.212,32.712,25.0,45.0,0.0,,100.0,2.0,,,,0,cooldown
2026-07-07T20:35:24,pid_hot_humid_bursty_r2,pid,hot_humid,bursty,2,35.704,35.404,35.204,32.704,25.0,45.0,0.0,,100.0,2.0,,,,0,cooldown
2026-07-07T20:35:24,pid_hot_humid_bursty_r2,pid,hot_humid,bursty,2,35.695,35.395,35.195,32.695,25.0,45.0,0.0,,100.0,2.0,,,,0,cooldown
2026-07-07T20:35:24,pid_hot_humid_bursty_r2,pid,hot_humid,bursty,2,35.687,35.387,35.187,32.687,25.0,45.0,0.0,,100.0,2.0,,,,0,cooldown
2026-07-07T20:35:24,pid_hot_humid_bursty_r2,pid,hot_humid,bursty,2,35.679,35.379,35.179,32.679,25.0,45.0,0.0,,100.0,2.0,,,,0,cooldown
2026-07-07T20:35:24,pid_hot_humid_bursty_r2,pid,hot_humid,bursty,2,35.67,35.37,35.17,32.67,25.0,45.0,0.0,,100.0,2.0,,,,0,cooldown
2026-07-07T20:35:24,pid_hot_humid_bursty_r2,pid,hot_humid,bursty,2,35.662,35.362,35.162,32.662,25.0,45.0,0.0,,100.0,2.0,,,,0,cooldown
2026-07-07T20:35:24,pid_hot_humid_bursty_r2,pid,hot_humid,bursty,2,35.653,35.353,35.153,32.653,25.0,45.0,0.0,,100.0,2.0,,,,0,cooldown
2026-07-07T20:35:24,pid_hot_humid_bursty_r2,pid,hot_humid,bursty,2,35.645,35.345,35.145,32.645,25.0,45.0,0.0,,100.0,2.0,,,,0,cooldown
2026-07-07T20:35:24,pid_hot_humid_bursty_r2,pid,hot_humid,bursty,2,35.637,35.337,35.137,32.637,25.0,45.0,0.0,,100.0,2.0,,,,0,cooldown
2026-07-07T20:35:24,pid_hot_humid_bursty_r2,pid,hot_humid,bursty,2,35.628,35.328,35.128,32.628,25.0,45.0,0.0,,100.0,2.0,,,,0,cooldown
2026-07-07T20:35:24,pid_hot_humid_bursty_r2,pid,hot_humid,bursty,2,35.62,35.32,35.12,32.62,25.0,45.0,0.0,,100.0,2.0,,,,0,cooldown
2026-07-07T20:35:24,pid_hot_humid_bursty_r2,pid,hot_humid,bursty,2,35.611,35.311,35.111,32.611,25.0,45.0,0.0,,100.0,2.0,,,,0,cooldown
2026-07-07T20:35:24,pid_hot_humid_bursty_r2,pid,hot_humid,bursty,2,35.603,35.303,35.103,32.603,25.0,45.0,0.0,,100.0,2.0,,,,0,cooldown
2026-07-07T20:35:24,pid_hot_humid_bursty_r2,pid,hot_humid,bursty,2,35.595,35.295,35.095,32.595,25.0,45.0,0.0,,100.0,2.0,,,,0,cooldown
2026-07-07T20:35:24,pid_hot_humid_bursty_r2,pid,hot_humid,bursty,2,35.586,35.286,35.086,32.586,25.0,45.0,0.0,,100.0,2.0,,,,0,cooldown
2026-07-07T20:35:24,pid_hot_humid_bursty_r2,pid,hot_humid,bursty,2,35.578,35.278,35.078,32.578,25.0,45.0,0.0,,100.0,2.0,,,,0,cooldown
2026-07-07T20:35:24,pid_hot_humid_bursty_r2,pid,hot_humid,bursty,2,35.57,35.27,35.07,32.57,25.0,45.0,0.0,,100.0,2.0,,,,0,cooldown
2026-07-07T20:35:24,pid_hot_humid_bursty_r2,pid,hot_humid,bursty,2,35.561,35.261,35.061,32.561,25.0,45.0,0.0,,100.0,2.0,,,,0,cooldown
2026-07-07T20:35:24,pid_hot_humid_bursty_r2,pid,hot_humid,bursty,2,35.553,35.253,35.053,32.553,25.0,45.0,0.0,,100.0,2.0,,,,0,cooldown
2026-07-07T20:35:24,pid_hot_humid_bursty_r2,pid,hot_humid,bursty,2,35.545,35.245,35.045,32.545,25.0,45.0,0.0,,100.0,2.0,,,,0,cooldown
2026-07-07T20:35:24,pid_hot_humid_bursty_r2,pid,hot_humid,bursty,2,35.536,35.236,35.036,32.536,25.0,45.0,0.0,,100.0,2.0,,,,0,cooldown
2026-07-07T20:35:24,pid_hot_humid_bursty_r2,pid,hot_humid,bursty,2,35.528,35.228,35.028,32.528,25.0,45.0,0.0,,100.0,2.0,,,,0,cooldown
2026-07-07T20:35:24,pid_hot_humid_bursty_r2,pid,hot_humid,bursty,2,35.52,35.22,35.02,32.52,25.0,45.0,0.0,,100.0,2.0,,,,0,cooldown
2026-07-07T20:35:24,pid_hot_humid_bursty_r2,pid,hot_humid,bursty,2,35.511,35.211,35.011,32.511,25.0,45.0,0.0,,100.0,2.0,,,,0,cooldown
2026-07-07T20:35:24,pid_hot_humid_bursty_r2,pid,hot_humid,bursty,2,35.503,35.203,35.003,32.503,25.0,45.0,0.0,,100.0,2.0,,,,0,cooldown
2026-07-07T20:35:24,pid_hot_humid_bursty_r2,pid,hot_humid,bursty,2,35.495,35.195,34.995,32.495,25.0,45.0,0.0,,100.0,2.0,,,,0,cooldown
2026-07-07T20:35:24,pid_hot_humid_bursty_r2,pid,hot_humid,bursty,2,35.486,35.186,34.986,32.486,25.0,45.0,0.0,,100.0,2.0,,,,0,cooldown
2026-07-07T20:35:24,pid_hot_humid_bursty_r2,pid,hot_humid,bursty,2,35.478,35.178,34.978,32.478,25.0,45.0,0.0,,100.0,2.0,,,,0,cooldown
2026-07-07T20:35:24,pid_hot_humid_bursty_r2,pid,hot_humid,bursty,2,35.47,35.17,34.97,32.47,25.0,45.0,0.0,,100.0,2.0,,,,0,cooldown
2026-07-07T20:35:24,pid_hot_humid_bursty_r2,pid,hot_humid,bursty,2,35.462,35.162,34.962,32.462,25.0,45.0,0.0,,100.0,2.0,,,,0,cooldown
2026-07-07T20:35:24,pid_hot_humid_bursty_r2,pid,hot_humid,bursty,2,35.453,35.153,34.953,32.453,25.0,45.0,0.0,,100.0,2.0,,,,0,cooldown
2026-07-07T20:35:24,pid_hot_humid_bursty_r2,pid,hot_humid,bursty,2,35.445,35.145,34.945,32.445,25.0,45.0,0.0,,100.0,2.0,,,,0,cooldown
2026-07-07T20:35:24,pid_hot_humid_bursty_r2,pid,hot_humid,bursty,2,35.437,35.137,34.937,32.437,25.0,45.0,0.0,,100.0,2.0,,,,0,cooldown
2026-07-07T20:35:24,pid_hot_humid_bursty_r2,pid,hot_humid,bursty,2,35.429,35.129,34.929,32.429,25.0,45.0,0.0,,100.0,2.0,,,,0,cooldown
2026-07-07T20:35:24,pid_hot_humid_bursty_r2,pid,hot_humid,bursty,2,35.42,35.12,34.92,32.42,25.0,45.0,0.0,,100.0,2.0,,,,0,cooldown
2026-07-07T20:35:24,pid_hot_humid_bursty_r2,pid,hot_humid,bursty,2,35.412,35.112,34.912,32.412,25.0,45.0,0.0,,100.0,2.0,,,,0,cooldown
2026-07-07T20:35:24,pid_hot_humid_bursty_r2,pid,hot_humid,bursty,2,35.404,35.104,34.904,32.404,25.0,45.0,0.0,,100.0,2.0,,,,0,cooldown
2026-07-07T20:35:24,pid_hot_humid_bursty_r2,pid,hot_humid,bursty,2,35.396,35.096,34.896,32.396,25.0,45.0,0.0,,100.0,2.0,,,,0,cooldown
2026-07-07T20:35:24,pid_hot_humid_bursty_r2,pid,hot_humid,bursty,2,35.387,35.087,34.887,32.387,25.0,45.0,0.0,,100.0,2.0,,,,0,cooldown
2026-07-07T20:35:24,pid_hot_humid_bursty_r2,pid,hot_humid,bursty,2,35.379,35.079,34.879,32.379,25.0,45.0,0.0,,100.0,2.0,,,,0,cooldown
2026-07-07T20:35:24,pid_hot_humid_bursty_r2,pid,hot_humid,bursty,2,35.371,35.071,34.871,32.371,25.0,45.0,0.0,,100.0,2.0,,,,0,cooldown
2026-07-07T20:35:24,pid_hot_humid_bursty_r2,pid,hot_humid,bursty,2,35.363,35.063,34.863,32.363,25.0,45.0,0.0,,100.0,2.0,,,,0,cooldown
2026-07-07T20:35:24,pid_hot_humid_bursty_r2,pid,hot_humid,bursty,2,35.355,35.055,34.855,32.355,25.0,45.0,0.0,,100.0,2.0,,,,0,cooldown
2026-07-07T20:35:24,pid_hot_humid_bursty_r2,pid,hot_humid,bursty,2,35.347,35.047,34.847,32.347,25.0,45.0,0.0,,100.0,2.0,,,,0,cooldown
2026-07-07T20:35:24,pid_hot_humid_bursty_r2,pid,hot_humid,bursty,2,35.338,35.038,34.838,32.338,25.0,45.0,0.0,,100.0,2.0,,,,0,cooldown
2026-07-07T20:35:24,pid_hot_humid_bursty_r2,pid,hot_humid,bursty,2,35.33,35.03,34.83,32.33,25.0,45.0,0.0,,100.0,2.0,,,,0,cooldown
2026-07-07T20:35:24,pid_hot_humid_bursty_r2,pid,hot_humid,bursty,2,35.322,35.022,34.822,32.322,25.0,45.0,0.0,,100.0,2.0,,,,0,cooldown
2026-07-07T20:35:24,pid_hot_humid_bursty_r2,pid,hot_humid,bursty,2,35.314,35.014,34.814,32.314,25.0,45.0,0.0,,100.0,2.0,,,,0,cooldown
2026-07-07T20:35:24,pid_hot_humid_bursty_r2,pid,hot_humid,bursty,2,35.306,35.006,34.806,32.306,25.0,45.0,0.0,,100.0,2.0,,,,0,cooldown
2026-07-07T20:35:24,pid_hot_humid_bursty_r2,pid,hot_humid,bursty,2,35.298,34.998,34.798,32.298,25.0,45.0,0.0,,100.0,2.0,,,,0,cooldown
2026-07-07T20:35:24,pid_hot_humid_bursty_r2,pid,hot_humid,bursty,2,35.289,34.989,34.789,32.289,25.0,45.0,0.0,,100.0,2.0,,,,0,cooldown
2026-07-07T20:35:24,pid_hot_humid_bursty_r2,pid,hot_humid,bursty,2,35.281,34.981,34.781,32.281,25.0,45.0,0.0,,100.0,2.0,,,,0,cooldown
2026-07-07T20:35:24,pid_hot_humid_bursty_r2,pid,hot_humid,bursty,2,35.273,34.973,34.773,32.273,25.0,45.0,0.0,,100.0,2.0,,,,0,cooldown
2026-07-07T20:35:24,pid_hot_humid_bursty_r2,pid,hot_humid,bursty,2,35.265,34.965,34.765,32.265,25.0,45.0,0.0,,100.0,2.0,,,,0,cooldown
2026-07-07T20:35:24,pid_hot_humid_bursty_r2,pid,hot_humid,bursty,2,35.257,34.957,34.757,32.257,25.0,45.0,0.0,,100.0,2.0,,,,0,cooldown
2026-07-07T20:35:24,pid_hot_humid_bursty_r2,pid,hot_humid,bursty,2,35.249,34.949,34.749,32.249,25.0,45.0,0.0,,100.0,2.0,,,,0,cooldown
2026-07-07T20:35:24,pid_hot_humid_bursty_r2,pid,hot_humid,bursty,2,35.241,34.941,34.741,32.241,25.0,45.0,0.0,,100.0,2.0,,,,0,cooldown
2026-07-07T20:35:24,pid_hot_humid_bursty_r2,pid,hot_humid,bursty,2,35.233,34.933,34.733,32.233,25.0,45.0,0.0,,100.0,2.0,,,,0,cooldown
2026-07-07T20:35:24,pid_hot_humid_bursty_r2,pid,hot_humid,bursty,2,35.225,34.925,34.725,32.225,25.0,45.0,0.0,,100.0,2.0,,,,0,cooldown
2026-07-07T20:35:24,pid_hot_humid_bursty_r2,pid,hot_humid,bursty,2,35.217,34.917,34.717,32.217,25.0,45.0,0.0,,100.0,2.0,,,,0,cooldown
2026-07-07T20:35:24,pid_hot_humid_bursty_r2,pid,hot_humid,bursty,2,35.209,34.909,34.709,32.209,25.0,45.0,0.0,,100.0,2.0,,,,0,cooldown
2026-07-07T20:35:24,pid_hot_humid_bursty_r2,pid,hot_humid,bursty,2,35.2,34.9,34.7,32.2,25.0,45.0,0.0,,100.0,2.0,,,,0,cooldown
2026-07-07T20:35:24,pid_hot_humid_bursty_r2,pid,hot_humid,bursty,2,35.192,34.892,34.692,32.192,25.0,45.0,0.0,,100.0,2.0,,,,0,cooldown
2026-07-07T20:35:24,pid_hot_humid_bursty_r2,pid,hot_humid,bursty,2,35.184,34.884,34.684,32.184,25.0,45.0,0.0,,100.0,2.0,,,,0,cooldown
2026-07-07T20:35:24,pid_hot_humid_bursty_r2,pid,hot_humid,bursty,2,35.176,34.876,34.676,32.176,25.0,45.0,0.0,,100.0,2.0,,,,0,cooldown
2026-07-07T20:35:24,pid_hot_humid_bursty_r2,pid,hot_humid,bursty,2,35.168,34.868,34.668,32.168,25.0,45.0,0.0,,100.0,2.0,,,,0,cooldown
2026-07-07T20:35:24,pid_hot_humid_bursty_r2,pid,hot_humid,bursty,2,35.16,34.86,34.66,32.16,25.0,45.0,0.0,,100.0,2.0,,,,0,cooldown
2026-07-07T20:35:24,pid_hot_humid_bursty_r2,pid,hot_humid,bursty,2,35.152,34.852,34.652,32.152,25.0,45.0,0.0,,100.0,2.0,,,,0,cooldown
2026-07-07T20:35:24,pid_hot_humid_bursty_r2,pid,hot_humid,bursty,2,35.144,34.844,34.644,32.144,25.0,45.0,0.0,,100.0,2.0,,,,0,cooldown
2026-07-07T20:35:24,pid_hot_humid_bursty_r2,pid,hot_humid,bursty,2,35.136,34.836,34.636,32.136,25.0,45.0,0.0,,100.0,2.0,,,,0,cooldown
2026-07-07T20:35:24,pid_hot_humid_bursty_r2,pid,hot_humid,bursty,2,35.128,34.828,34.628,32.128,25.0,45.0,0.0,,100.0,2.0,,,,0,cooldown
2026-07-07T20:35:24,pid_hot_humid_bursty_r2,pid,hot_humid,bursty,2,35.12,34.82,34.62,32.12,25.0,45.0,0.0,,100.0,2.0,,,,0,cooldown
2026-07-07T20:35:24,pid_hot_humid_bursty_r2,pid,hot_humid,bursty,2,35.112,34.812,34.612,32.112,25.0,45.0,0.0,,100.0,2.0,,,,0,cooldown
2026-07-07T20:35:24,pid_hot_humid_bursty_r2,pid,hot_humid,bursty,2,35.104,34.804,34.604,32.104,25.0,45.0,0.0,,100.0,2.0,,,,0,cooldown
2026-07-07T20:35:24,pid_hot_humid_bursty_r2,pid,hot_humid,bursty,2,35.096,34.796,34.596,32.096,25.0,45.0,0.0,,100.0,2.0,,,,0,cooldown
2026-07-07T20:35:24,pid_hot_humid_bursty_r2,pid,hot_humid,bursty,2,35.088,34.788,34.588,32.088,25.0,45.0,0.0,,100.0,2.0,,,,0,cooldown
2026-07-07T20:35:24,pid_hot_humid_bursty_r2,pid,hot_humid,bursty,2,35.08,34.78,34.58,32.08,25.0,45.0,0.0,,100.0,2.0,,,,0,cooldown
2026-07-07T20:35:24,pid_hot_humid_bursty_r2,pid,hot_humid,bursty,2,35.072,34.772,34.572,32.072,25.0,45.0,0.0,,100.0,2.0,,,,0,cooldown
2026-07-07T20:35:24,pid_hot_humid_bursty_r2,pid,hot_humid,bursty,2,35.064,34.764,34.564,32.064,25.0,45.0,0.0,,100.0,2.0,,,,0,cooldown
2026-07-07T20:35:24,pid_hot_humid_bursty_r2,pid,hot_humid,bursty,2,35.056,34.756,34.556,32.056,25.0,45.0,0.0,,100.0,2.0,,,,0,cooldown
2026-07-07T20:35:24,pid_hot_humid_bursty_r2,pid,hot_humid,bursty,2,35.049,34.749,34.549,32.049,25.0,45.0,0.0,,100.0,2.0,,,,0,cooldown
2026-07-07T20:35:24,pid_hot_humid_bursty_r2,pid,hot_humid,bursty,2,35.041,34.741,34.541,32.041,25.0,45.0,0.0,,100.0,2.0,,,,0,cooldown
2026-07-07T20:35:24,pid_hot_humid_bursty_r2,pid,hot_humid,bursty,2,35.033,34.733,34.533,32.033,25.0,45.0,0.0,,100.0,2.0,,,,0,cooldown
2026-07-07T20:35:24,pid_hot_humid_bursty_r2,pid,hot_humid,bursty,2,35.025,34.725,34.525,32.025,25.0,45.0,0.0,,100.0,2.0,,,,0,cooldown
2026-07-07T20:35:24,pid_hot_humid_bursty_r2,pid,hot_humid,bursty,2,35.017,34.717,34.517,32.017,25.0,45.0,0.0,,100.0,2.0,,,,0,cooldown
2026-07-07T20:35:24,pid_hot_humid_bursty_r2,pid,hot_humid,bursty,2,35.009,34.709,34.509,32.009,25.0,45.0,0.0,,100.0,2.0,,,,0,cooldown
2026-07-07T20:35:24,pid_hot_humid_bursty_r2,pid,hot_humid,bursty,2,35.001,34.701,34.501,32.001,25.0,45.0,0.0,,100.0,2.0,,,,0,cooldown
2026-07-07T20:35:24,pid_hot_humid_bursty_r2,pid,hot_humid,bursty,2,34.993,34.693,34.493,31.993,25.0,45.0,0.0,,100.0,2.0,,,,0,cooldown
2026-07-07T20:35:24,pid_hot_humid_bursty_r2,pid,hot_humid,bursty,2,34.985,34.685,34.485,31.985,25.0,45.0,0.0,,100.0,2.0,,,,0,cooldown
2026-07-07T20:35:24,pid_hot_humid_bursty_r2,pid,hot_humid,bursty,2,34.977,34.677,34.477,31.977,25.0,45.0,0.0,,100.0,2.0,,,,0,cooldown
2026-07-07T20:35:24,pid_hot_humid_bursty_r2,pid,hot_humid,bursty,2,34.97,34.67,34.47,31.97,25.0,45.0,0.0,,100.0,2.0,,,,0,cooldown
2026-07-07T20:35:24,pid_hot_humid_bursty_r2,pid,hot_humid,bursty,2,34.962,34.662,34.462,31.962,25.0,45.0,0.0,,100.0,2.0,,,,0,cooldown
2026-07-07T20:35:24,pid_hot_humid_bursty_r2,pid,hot_humid,bursty,2,34.954,34.654,34.454,31.954,25.0,45.0,0.0,,100.0,2.0,,,,0,cooldown
2026-07-07T20:35:24,pid_hot_humid_bursty_r2,pid,hot_humid,bursty,2,34.946,34.646,34.446,31.946,25.0,45.0,0.0,,100.0,2.0,,,,0,cooldown
2026-07-07T20:35:24,pid_hot_humid_bursty_r2,pid,hot_humid,bursty,2,34.938,34.638,34.438,31.938,25.0,45.0,0.0,,100.0,2.0,,,,0,cooldown
2026-07-07T20:35:24,pid_hot_humid_bursty_r2,pid,hot_humid,bursty,2,34.93,34.63,34.43,31.93,25.0,45.0,0.0,,100.0,2.0,,,,0,cooldown
2026-07-07T20:35:24,pid_hot_humid_bursty_r2,pid,hot_humid,bursty,2,34.922,34.622,34.422,31.922,25.0,45.0,0.0,,100.0,2.0,,,,0,cooldown
2026-07-07T20:35:24,pid_hot_humid_bursty_r2,pid,hot_humid,bursty,2,34.915,34.615,34.415,31.915,25.0,45.0,0.0,,100.0,2.0,,,,0,cooldown
2026-07-07T20:35:24,pid_hot_humid_bursty_r2,pid,hot_humid,bursty,2,34.907,34.607,34.407,31.907,25.0,45.0,0.0,,100.0,2.0,,,,0,cooldown
2026-07-07T20:35:24,pid_hot_humid_bursty_r2,pid,hot_humid,bursty,2,34.899,34.599,34.399,31.899,25.0,45.0,0.0,,100.0,2.0,,,,0,cooldown
2026-07-07T20:35:24,pid_hot_humid_bursty_r2,pid,hot_humid,bursty,2,34.891,34.591,34.391,31.891,25.0,45.0,0.0,,100.0,2.0,,,,0,cooldown
2026-07-07T20:35:24,pid_hot_humid_bursty_r2,pid,hot_humid,bursty,2,34.883,34.583,34.383,31.883,25.0,45.0,0.0,,100.0,2.0,,,,0,cooldown
2026-07-07T20:35:24,pid_hot_humid_bursty_r2,pid,hot_humid,bursty,2,34.875,34.575,34.375,31.875,25.0,45.0,0.0,,100.0,2.0,,,,0,cooldown
2026-07-07T20:35:24,pid_hot_humid_bursty_r2,pid,hot_humid,bursty,2,34.868,34.568,34.368,31.868,25.0,45.0,0.0,,100.0,2.0,,,,0,cooldown
2026-07-07T20:35:24,pid_hot_humid_bursty_r2,pid,hot_humid,bursty,2,34.86,34.56,34.36,31.86,25.0,45.0,0.0,,100.0,2.0,,,,0,cooldown
2026-07-07T20:35:24,pid_hot_humid_bursty_r2,pid,hot_humid,bursty,2,34.852,34.552,34.352,31.852,25.0,45.0,0.0,,100.0,2.0,,,,0,cooldown
2026-07-07T20:35:24,pid_hot_humid_bursty_r2,pid,hot_humid,bursty,2,34.844,34.544,34.344,31.844,25.0,45.0,0.0,,100.0,2.0,,,,0,cooldown
2026-07-07T20:35:24,pid_hot_humid_bursty_r2,pid,hot_humid,bursty,2,34.837,34.537,34.337,31.837,25.0,45.0,0.0,,100.0,2.0,,,,0,cooldown
2026-07-07T20:35:24,pid_hot_humid_bursty_r2,pid,hot_humid,bursty,2,34.829,34.529,34.329,31.829,25.0,45.0,0.0,,100.0,2.0,,,,0,cooldown
2026-07-07T20:35:24,pid_hot_humid_bursty_r2,pid,hot_humid,bursty,2,34.821,34.521,34.321,31.821,25.0,45.0,0.0,,100.0,2.0,,,,0,cooldown
2026-07-07T20:35:24,pid_hot_humid_bursty_r2,pid,hot_humid,bursty,2,34.813,34.513,34.313,31.813,25.0,45.0,0.0,,100.0,2.0,,,,0,cooldown
2026-07-07T20:35:24,pid_hot_humid_bursty_r2,pid,hot_humid,bursty,2,34.806,34.506,34.306,31.806,25.0,45.0,0.0,,100.0,2.0,,,,0,cooldown
2026-07-07T20:35:24,pid_hot_humid_bursty_r2,pid,hot_humid,bursty,2,34.798,34.498,34.298,31.798,25.0,45.0,0.0,,100.0,2.0,,,,0,cooldown
2026-07-07T20:35:24,pid_hot_humid_bursty_r2,pid,hot_humid,bursty,2,34.79,34.49,34.29,31.79,25.0,45.0,0.0,,100.0,2.0,,,,0,cooldown
2026-07-07T20:35:24,pid_hot_humid_bursty_r2,pid,hot_humid,bursty,2,34.782,34.482,34.282,31.782,25.0,45.0,0.0,,100.0,2.0,,,,0,cooldown
2026-07-07T20:35:24,pid_hot_humid_bursty_r2,pid,hot_humid,bursty,2,34.775,34.475,34.275,31.775,25.0,45.0,0.0,,100.0,2.0,,,,0,cooldown
2026-07-07T20:35:24,pid_hot_humid_bursty_r2,pid,hot_humid,bursty,2,34.767,34.467,34.267,31.767,25.0,45.0,0.0,,100.0,2.0,,,,0,cooldown
2026-07-07T20:35:24,pid_hot_humid_bursty_r2,pid,hot_humid,bursty,2,34.759,34.459,34.259,31.759,25.0,45.0,0.0,,100.0,2.0,,,,0,cooldown
2026-07-07T20:35:24,pid_hot_humid_bursty_r2,pid,hot_humid,bursty,2,34.751,34.451,34.251,31.751,25.0,45.0,0.0,,100.0,2.0,,,,0,cooldown
2026-07-07T20:35:24,pid_hot_humid_bursty_r2,pid,hot_humid,bursty,2,34.744,34.444,34.244,31.744,25.0,45.0,0.0,,100.0,2.0,,,,0,cooldown
2026-07-07T20:35:24,pid_hot_humid_bursty_r2,pid,hot_humid,bursty,2,34.736,34.436,34.236,31.736,25.0,45.0,0.0,,100.0,2.0,,,,0,cooldown
2026-07-07T20:35:24,pid_hot_humid_bursty_r2,pid,hot_humid,bursty,2,34.728,34.428,34.228,31.728,25.0,45.0,0.0,,100.0,2.0,,,,0,cooldown
2026-07-07T20:35:24,pid_hot_humid_bursty_r2,pid,hot_humid,bursty,2,34.721,34.421,34.221,31.721,25.0,45.0,0.0,,100.0,2.0,,,,0,cooldown
2026-07-07T20:35:24,pid_hot_humid_bursty_r2,pid,hot_humid,bursty,2,34.713,34.413,34.213,31.713,25.0,45.0,0.0,,100.0,2.0,,,,0,cooldown
2026-07-07T20:35:24,pid_hot_humid_bursty_r2,pid,hot_humid,bursty,2,34.705,34.405,34.205,31.705,25.0,45.0,0.0,,100.0,2.0,,,,0,cooldown
2026-07-07T20:35:24,pid_hot_humid_bursty_r2,pid,hot_humid,bursty,2,34.698,34.398,34.198,31.698,25.0,45.0,0.0,,100.0,2.0,,,,0,cooldown
2026-07-07T20:35:24,pid_hot_humid_bursty_r2,pid,hot_humid,bursty,2,34.69,34.39,34.19,31.69,25.0,45.0,0.0,,100.0,2.0,,,,0,cooldown
2026-07-07T20:35:24,pid_hot_humid_bursty_r2,pid,hot_humid,bursty,2,34.682,34.382,34.182,31.682,25.0,45.0,0.0,,100.0,2.0,,,,0,cooldown
2026-07-07T20:35:24,pid_hot_humid_bursty_r2,pid,hot_humid,bursty,2,34.675,34.375,34.175,31.675,25.0,45.0,0.0,,100.0,2.0,,,,0,cooldown
2026-07-07T20:35:24,pid_hot_humid_bursty_r2,pid,hot_humid,bursty,2,34.667,34.367,34.167,31.667,25.0,45.0,0.0,,100.0,2.0,,,,0,cooldown
2026-07-07T20:35:24,pid_hot_humid_bursty_r2,pid,hot_humid,bursty,2,34.659,34.359,34.159,31.659,25.0,45.0,0.0,,100.0,2.0,,,,0,cooldown
2026-07-07T20:35:24,pid_hot_humid_bursty_r2,pid,hot_humid,bursty,2,34.652,34.352,34.152,31.652,25.0,45.0,0.0,,100.0,2.0,,,,0,cooldown
2026-07-07T20:35:24,pid_hot_humid_bursty_r2,pid,hot_humid,bursty,2,34.644,34.344,34.144,31.644,25.0,45.0,0.0,,100.0,2.0,,,,0,cooldown
2026-07-07T20:35:24,pid_hot_humid_bursty_r2,pid,hot_humid,bursty,2,34.637,34.337,34.137,31.637,25.0,45.0,0.0,,100.0,2.0,,,,0,cooldown
2026-07-07T20:35:24,pid_hot_humid_bursty_r2,pid,hot_humid,bursty,2,34.629,34.329,34.129,31.629,25.0,45.0,0.0,,100.0,2.0,,,,0,cooldown
2026-07-07T20:35:24,pid_hot_humid_bursty_r2,pid,hot_humid,bursty,2,34.621,34.321,34.121,31.621,25.0,45.0,0.0,,100.0,2.0,,,,0,cooldown
2026-07-07T20:35:24,pid_hot_humid_bursty_r2,pid,hot_humid,bursty,2,34.614,34.314,34.114,31.614,25.0,45.0,0.0,,100.0,2.0,,,,0,cooldown
2026-07-07T20:35:24,pid_hot_humid_bursty_r2,pid,hot_humid,bursty,2,34.606,34.306,34.106,31.606,25.0,45.0,0.0,,100.0,2.0,,,,0,cooldown
2026-07-07T20:35:24,pid_hot_humid_bursty_r2,pid,hot_humid,bursty,2,34.599,34.299,34.099,31.599,25.0,45.0,0.0,,100.0,2.0,,,,0,cooldown
2026-07-07T20:35:24,pid_hot_humid_bursty_r2,pid,hot_humid,bursty,2,34.591,34.291,34.091,31.591,25.0,45.0,0.0,,100.0,2.0,,,,0,cooldown
2026-07-07T20:35:24,pid_hot_humid_bursty_r2,pid,hot_humid,bursty,2,34.583,34.283,34.083,31.583,25.0,45.0,0.0,,100.0,2.0,,,,0,cooldown
2026-07-07T20:35:24,pid_hot_humid_bursty_r2,pid,hot_humid,bursty,2,34.576,34.276,34.076,31.576,25.0,45.0,0.0,,100.0,2.0,,,,0,cooldown
2026-07-07T20:35:24,pid_hot_humid_bursty_r2,pid,hot_humid,bursty,2,34.568,34.268,34.068,31.568,25.0,45.0,0.0,,100.0,2.0,,,,0,cooldown
2026-07-07T20:35:24,pid_hot_humid_bursty_r2,pid,hot_humid,bursty,2,34.561,34.261,34.061,31.561,25.0,45.0,0.0,,100.0,2.0,,,,0,cooldown
2026-07-07T20:35:24,pid_hot_humid_bursty_r2,pid,hot_humid,bursty,2,34.553,34.253,34.053,31.553,25.0,45.0,0.0,,100.0,2.0,,,,0,cooldown
2026-07-07T20:35:24,pid_hot_humid_bursty_r2,pid,hot_humid,bursty,2,34.546,34.246,34.046,31.546,25.0,45.0,0.0,,100.0,2.0,,,,0,cooldown
2026-07-07T20:35:24,pid_hot_humid_bursty_r2,pid,hot_humid,bursty,2,34.538,34.238,34.038,31.538,25.0,45.0,0.0,,100.0,2.0,,,,0,cooldown
2026-07-07T20:35:24,pid_hot_humid_bursty_r2,pid,hot_humid,bursty,2,34.531,34.231,34.031,31.531,25.0,45.0,0.0,,100.0,2.0,,,,0,cooldown
2026-07-07T20:35:24,pid_hot_humid_bursty_r2,pid,hot_humid,bursty,2,34.523,34.223,34.023,31.523,25.0,45.0,0.0,,100.0,2.0,,,,0,cooldown
2026-07-07T20:35:24,pid_hot_humid_bursty_r2,pid,hot_humid,bursty,2,34.516,34.216,34.016,31.516,25.0,45.0,0.0,,100.0,2.0,,,,0,cooldown
2026-07-07T20:35:24,pid_hot_humid_bursty_r2,pid,hot_humid,bursty,2,34.508,34.208,34.008,31.508,25.0,45.0,0.0,,100.0,2.0,,,,0,cooldown
2026-07-07T20:35:24,pid_hot_humid_bursty_r2,pid,hot_humid,bursty,2,34.501,34.201,34.001,31.501,25.0,45.0,0.0,,100.0,2.0,,,,0,cooldown
2026-07-07T20:35:24,pid_hot_humid_bursty_r2,pid,hot_humid,bursty,2,34.493,34.193,33.993,31.493,25.0,45.0,0.0,,100.0,2.0,,,,0,cooldown
2026-07-07T20:35:24,pid_hot_humid_bursty_r2,pid,hot_humid,bursty,2,34.486,34.186,33.986,31.486,25.0,45.0,0.0,,100.0,2.0,,,,0,cooldown
2026-07-07T20:35:24,pid_hot_humid_bursty_r2,pid,hot_humid,bursty,2,34.478,34.178,33.978,31.478,25.0,45.0,0.0,,100.0,2.0,,,,0,cooldown
2026-07-07T20:35:24,pid_hot_humid_bursty_r2,pid,hot_humid,bursty,2,34.471,34.171,33.971,31.471,25.0,45.0,0.0,,100.0,2.0,,,,0,cooldown
2026-07-07T20:35:24,pid_hot_humid_bursty_r2,pid,hot_humid,bursty,2,34.463,34.163,33.963,31.463,25.0,45.0,0.0,,100.0,2.0,,,,0,cooldown
2026-07-07T20:35:24,pid_hot_humid_bursty_r2,pid,hot_humid,bursty,2,34.456,34.156,33.956,31.456,25.0,45.0,0.0,,100.0,2.0,,,,0,cooldown
2026-07-07T20:35:24,pid_hot_humid_bursty_r2,pid,hot_humid,bursty,2,34.448,34.148,33.948,31.448,25.0,45.0,0.0,,100.0,2.0,,,,0,cooldown
2026-07-07T20:35:24,pid_hot_humid_bursty_r2,pid,hot_humid,bursty,2,34.441,34.141,33.941,31.441,25.0,45.0,0.0,,100.0,2.0,,,,0,cooldown
2026-07-07T20:35:24,pid_hot_humid_bursty_r2,pid,hot_humid,bursty,2,34.433,34.133,33.933,31.433,25.0,45.0,0.0,,100.0,2.0,,,,0,cooldown
2026-07-07T20:35:24,pid_hot_humid_bursty_r2,pid,hot_humid,bursty,2,34.426,34.126,33.926,31.426,25.0,45.0,0.0,,100.0,2.0,,,,0,cooldown
2026-07-07T20:35:24,pid_hot_humid_bursty_r2,pid,hot_humid,bursty,2,34.418,34.118,33.918,31.418,25.0,45.0,0.0,,100.0,2.0,,,,0,cooldown
2026-07-07T20:35:24,pid_hot_humid_bursty_r2,pid,hot_humid,bursty,2,34.411,34.111,33.911,31.411,25.0,45.0,0.0,,100.0,2.0,,,,0,cooldown
2026-07-07T20:35:24,pid_hot_humid_bursty_r2,pid,hot_humid,bursty,2,34.404,34.104,33.904,31.404,25.0,45.0,0.0,,100.0,2.0,,,,0,cooldown
2026-07-07T20:35:24,pid_hot_humid_bursty_r2,pid,hot_humid,bursty,2,34.396,34.096,33.896,31.396,25.0,45.0,0.0,,100.0,2.0,,,,0,cooldown
2026-07-07T20:35:24,pid_hot_humid_bursty_r2,pid,hot_humid,bursty,2,34.389,34.089,33.889,31.389,25.0,45.0,0.0,,100.0,2.0,,,,0,cooldown
2026-07-07T20:35:24,pid_hot_humid_bursty_r2,pid,hot_humid,bursty,2,34.381,34.081,33.881,31.381,25.0,45.0,0.0,,100.0,2.0,,,,0,cooldown
2026-07-07T20:35:24,pid_hot_humid_bursty_r2,pid,hot_humid,bursty,2,34.374,34.074,33.874,31.374,25.0,45.0,0.0,,100.0,2.0,,,,0,cooldown
2026-07-07T20:35:24,pid_hot_humid_bursty_r2,pid,hot_humid,bursty,2,34.366,34.066,33.866,31.366,25.0,45.0,0.0,,100.0,2.0,,,,0,cooldown
2026-07-07T20:35:24,pid_hot_humid_bursty_r2,pid,hot_humid,bursty,2,34.359,34.059,33.859,31.359,25.0,45.0,0.0,,100.0,2.0,,,,0,cooldown
2026-07-07T20:35:24,pid_hot_humid_bursty_r2,pid,hot_humid,bursty,2,34.352,34.052,33.852,31.352,25.0,45.0,0.0,,100.0,2.0,,,,0,cooldown
2026-07-07T20:35:24,pid_hot_humid_bursty_r2,pid,hot_humid,bursty,2,34.344,34.044,33.844,31.344,25.0,45.0,0.0,,100.0,2.0,,,,0,cooldown
2026-07-07T20:35:24,pid_hot_humid_bursty_r2,pid,hot_humid,bursty,2,34.337,34.037,33.837,31.337,25.0,45.0,0.0,,100.0,2.0,,,,0,cooldown
2026-07-07T20:35:24,pid_hot_humid_bursty_r2,pid,hot_humid,bursty,2,34.33,34.03,33.83,31.33,25.0,45.0,0.0,,100.0,2.0,,,,0,cooldown
2026-07-07T20:35:24,pid_hot_humid_bursty_r2,pid,hot_humid,bursty,2,34.322,34.022,33.822,31.322,25.0,45.0,0.0,,100.0,2.0,,,,0,cooldown
2026-07-07T20:35:24,pid_hot_humid_bursty_r2,pid,hot_humid,bursty,2,34.315,34.015,33.815,31.315,25.0,45.0,0.0,,100.0,2.0,,,,0,cooldown
2026-07-07T20:35:24,pid_hot_humid_bursty_r2,pid,hot_humid,bursty,2,34.307,34.007,33.807,31.307,25.0,45.0,0.0,,100.0,2.0,,,,0,cooldown
2026-07-07T20:35:24,pid_hot_humid_bursty_r2,pid,hot_humid,bursty,2,34.3,34.0,33.8,31.3,25.0,45.0,0.0,,100.0,2.0,,,,0,cooldown
2026-07-07T20:35:24,pid_hot_humid_bursty_r2,pid,hot_humid,bursty,2,34.293,33.993,33.793,31.293,25.0,45.0,0.0,,100.0,2.0,,,,0,cooldown
2026-07-07T20:35:24,pid_hot_humid_bursty_r2,pid,hot_humid,bursty,2,34.285,33.985,33.785,31.285,25.0,45.0,0.0,,100.0,2.0,,,,0,cooldown
2026-07-07T20:35:24,pid_hot_humid_bursty_r2,pid,hot_humid,bursty,2,34.278,33.978,33.778,31.278,25.0,45.0,0.0,,100.0,2.0,,,,0,cooldown
2026-07-07T20:35:24,pid_hot_humid_bursty_r2,pid,hot_humid,bursty,2,34.271,33.971,33.771,31.271,25.0,45.0,0.0,,100.0,2.0,,,,0,cooldown
2026-07-07T20:35:24,pid_hot_humid_bursty_r2,pid,hot_humid,bursty,2,34.263,33.963,33.763,31.263,25.0,45.0,0.0,,100.0,2.0,,,,0,cooldown
2026-07-07T20:35:24,pid_hot_humid_bursty_r2,pid,hot_humid,bursty,2,34.256,33.956,33.756,31.256,25.0,45.0,0.0,,100.0,2.0,,,,0,cooldown
2026-07-07T20:35:24,pid_hot_humid_bursty_r2,pid,hot_humid,bursty,2,34.249,33.949,33.749,31.249,25.0,45.0,0.0,,100.0,2.0,,,,0,cooldown
2026-07-07T20:35:24,pid_hot_humid_bursty_r2,pid,hot_humid,bursty,2,34.242,33.942,33.742,31.242,25.0,45.0,0.0,,100.0,2.0,,,,0,cooldown
2026-07-07T20:35:24,pid_hot_humid_bursty_r2,pid,hot_humid,bursty,2,34.234,33.934,33.734,31.234,25.0,45.0,0.0,,100.0,2.0,,,,0,cooldown
2026-07-07T20:35:24,pid_hot_humid_bursty_r2,pid,hot_humid,bursty,2,34.227,33.927,33.727,31.227,25.0,45.0,0.0,,100.0,2.0,,,,0,cooldown
2026-07-07T20:35:24,pid_hot_humid_bursty_r2,pid,hot_humid,bursty,2,34.22,33.92,33.72,31.22,25.0,45.0,0.0,,100.0,2.0,,,,0,cooldown
2026-07-07T20:35:24,pid_hot_humid_bursty_r2,pid,hot_humid,bursty,2,34.212,33.912,33.712,31.212,25.0,45.0,0.0,,100.0,2.0,,,,0,cooldown
2026-07-07T20:35:24,pid_hot_humid_bursty_r2,pid,hot_humid,bursty,2,34.205,33.905,33.705,31.205,25.0,45.0,0.0,,100.0,2.0,,,,0,cooldown
2026-07-07T20:35:24,pid_hot_humid_bursty_r2,pid,hot_humid,bursty,2,34.198,33.898,33.698,31.198,25.0,45.0,0.0,,100.0,2.0,,,,0,cooldown
2026-07-07T20:35:24,pid_hot_humid_bursty_r2,pid,hot_humid,bursty,2,34.191,33.891,33.691,31.191,25.0,45.0,0.0,,100.0,2.0,,,,0,cooldown
2026-07-07T20:35:24,pid_hot_humid_bursty_r2,pid,hot_humid,bursty,2,34.183,33.883,33.683,31.183,25.0,45.0,0.0,,100.0,2.0,,,,0,cooldown
2026-07-07T20:35:24,pid_hot_humid_bursty_r2,pid,hot_humid,bursty,2,34.176,33.876,33.676,31.176,25.0,45.0,0.0,,100.0,2.0,,,,0,cooldown
2026-07-07T20:35:24,pid_hot_humid_bursty_r2,pid,hot_humid,bursty,2,34.169,33.869,33.669,31.169,25.0,45.0,0.0,,100.0,2.0,,,,0,cooldown
2026-07-07T20:35:24,pid_hot_humid_bursty_r2,pid,hot_humid,bursty,2,34.162,33.862,33.662,31.162,25.0,45.0,0.0,,100.0,2.0,,,,0,cooldown
2026-07-07T20:35:24,pid_hot_humid_bursty_r2,pid,hot_humid,bursty,2,34.154,33.854,33.654,31.154,25.0,45.0,0.0,,100.0,2.0,,,,0,cooldown
2026-07-07T20:35:24,pid_hot_humid_bursty_r2,pid,hot_humid,bursty,2,34.147,33.847,33.647,31.147,25.0,45.0,0.0,,100.0,2.0,,,,0,cooldown
2026-07-07T20:35:24,pid_hot_humid_bursty_r2,pid,hot_humid,bursty,2,34.14,33.84,33.64,31.14,25.0,45.0,0.0,,100.0,2.0,,,,0,cooldown
2026-07-07T20:35:24,pid_hot_humid_bursty_r2,pid,hot_humid,bursty,2,34.133,33.833,33.633,31.133,25.0,45.0,0.0,,100.0,2.0,,,,0,cooldown
2026-07-07T20:35:24,pid_hot_humid_bursty_r2,pid,hot_humid,bursty,2,34.126,33.826,33.626,31.126,25.0,45.0,0.0,,100.0,2.0,,,,0,cooldown
2026-07-07T20:35:24,pid_hot_humid_bursty_r2,pid,hot_humid,bursty,2,34.118,33.818,33.618,31.118,25.0,45.0,0.0,,100.0,2.0,,,,0,cooldown
2026-07-07T20:35:24,pid_hot_humid_bursty_r2,pid,hot_humid,bursty,2,34.111,33.811,33.611,31.111,25.0,45.0,0.0,,100.0,2.0,,,,0,cooldown
2026-07-07T20:35:24,pid_hot_humid_bursty_r2,pid,hot_humid,bursty,2,34.104,33.804,33.604,31.104,25.0,45.0,0.0,,100.0,2.0,,,,0,cooldown
2026-07-07T20:35:24,pid_hot_humid_bursty_r2,pid,hot_humid,bursty,2,34.097,33.797,33.597,31.097,25.0,45.0,0.0,,100.0,2.0,,,,0,cooldown
2026-07-07T20:35:24,pid_hot_humid_bursty_r2,pid,hot_humid,bursty,2,34.09,33.79,33.59,31.09,25.0,45.0,0.0,,100.0,2.0,,,,0,cooldown
2026-07-07T20:35:24,pid_hot_humid_bursty_r2,pid,hot_humid,bursty,2,34.082,33.782,33.582,31.082,25.0,45.0,0.0,,100.0,2.0,,,,0,cooldown
2026-07-07T20:35:24,pid_hot_humid_bursty_r2,pid,hot_humid,bursty,2,34.075,33.775,33.575,31.075,25.0,45.0,0.0,,100.0,2.0,,,,0,cooldown
2026-07-07T20:35:24,pid_hot_humid_bursty_r2,pid,hot_humid,bursty,2,34.068,33.768,33.568,31.068,25.0,45.0,0.0,,100.0,2.0,,,,0,cooldown
2026-07-07T20:35:24,pid_hot_humid_bursty_r2,pid,hot_humid,bursty,2,34.061,33.761,33.561,31.061,25.0,45.0,0.0,,100.0,2.0,,,,0,cooldown
2026-07-07T20:35:24,pid_hot_humid_bursty_r2,pid,hot_humid,bursty,2,34.054,33.754,33.554,31.054,25.0,45.0,0.0,,100.0,2.0,,,,0,cooldown
2026-07-07T20:35:24,pid_hot_humid_bursty_r2,pid,hot_humid,bursty,2,34.047,33.747,33.547,31.047,25.0,45.0,0.0,,100.0,2.0,,,,0,cooldown
2026-07-07T20:35:24,pid_hot_humid_bursty_r2,pid,hot_humid,bursty,2,34.039,33.739,33.539,31.039,25.0,45.0,0.0,,100.0,2.0,,,,0,cooldown
2026-07-07T20:35:24,pid_hot_humid_bursty_r2,pid,hot_humid,bursty,2,34.032,33.732,33.532,31.032,25.0,45.0,0.0,,100.0,2.0,,,,0,cooldown
2026-07-07T20:35:24,pid_hot_humid_bursty_r2,pid,hot_humid,bursty,2,34.025,33.725,33.525,31.025,25.0,45.0,0.0,,100.0,2.0,,,,0,cooldown
2026-07-07T20:35:24,pid_hot_humid_bursty_r2,pid,hot_humid,bursty,2,34.018,33.718,33.518,31.018,25.0,45.0,0.0,,100.0,2.0,,,,0,cooldown
2026-07-07T20:35:24,pid_hot_humid_bursty_r2,pid,hot_humid,bursty,2,34.011,33.711,33.511,31.011,25.0,45.0,0.0,,100.0,2.0,,,,0,cooldown
2026-07-07T20:35:24,pid_hot_humid_bursty_r2,pid,hot_humid,bursty,2,34.004,33.704,33.504,31.004,25.0,45.0,0.0,,100.0,2.0,,,,0,cooldown
2026-07-07T20:35:24,pid_hot_humid_bursty_r2,pid,hot_humid,bursty,2,33.997,33.697,33.497,30.997,25.0,45.0,0.0,,100.0,2.0,,,,0,cooldown
2026-07-07T20:35:24,pid_hot_humid_bursty_r2,pid,hot_humid,bursty,2,33.99,33.69,33.49,30.99,25.0,45.0,0.0,,100.0,2.0,,,,0,cooldown
2026-07-07T20:35:24,pid_hot_humid_bursty_r2,pid,hot_humid,bursty,2,33.983,33.683,33.483,30.983,25.0,45.0,0.0,,100.0,2.0,,,,0,cooldown
2026-07-07T20:35:24,pid_hot_humid_bursty_r2,pid,hot_humid,bursty,2,33.975,33.675,33.475,30.975,25.0,45.0,0.0,,100.0,2.0,,,,0,cooldown
2026-07-07T20:35:24,pid_hot_humid_bursty_r2,pid,hot_humid,bursty,2,33.968,33.668,33.468,30.968,25.0,45.0,0.0,,100.0,2.0,,,,0,cooldown
2026-07-07T20:35:24,pid_hot_humid_bursty_r2,pid,hot_humid,bursty,2,33.961,33.661,33.461,30.961,25.0,45.0,0.0,,100.0,2.0,,,,0,cooldown
2026-07-07T20:35:24,pid_hot_humid_bursty_r2,pid,hot_humid,bursty,2,33.954,33.654,33.454,30.954,25.0,45.0,0.0,,100.0,2.0,,,,0,cooldown
2026-07-07T20:35:24,pid_hot_humid_bursty_r2,pid,hot_humid,bursty,2,33.947,33.647,33.447,30.947,25.0,45.0,0.0,,100.0,2.0,,,,0,cooldown
2026-07-07T20:35:24,pid_hot_humid_bursty_r2,pid,hot_humid,bursty,2,33.94,33.64,33.44,30.94,25.0,45.0,0.0,,100.0,2.0,,,,0,cooldown
2026-07-07T20:35:24,pid_hot_humid_bursty_r2,pid,hot_humid,bursty,2,33.933,33.633,33.433,30.933,25.0,45.0,0.0,,100.0,2.0,,,,0,cooldown
2026-07-07T20:35:24,pid_hot_humid_bursty_r2,pid,hot_humid,bursty,2,33.926,33.626,33.426,30.926,25.0,45.0,0.0,,100.0,2.0,,,,0,cooldown
2026-07-07T20:35:24,pid_hot_humid_bursty_r2,pid,hot_humid,bursty,2,33.919,33.619,33.419,30.919,25.0,45.0,0.0,,100.0,2.0,,,,0,cooldown
2026-07-07T20:35:24,pid_hot_humid_bursty_r2,pid,hot_humid,bursty,2,33.912,33.612,33.412,30.912,25.0,45.0,0.0,,100.0,2.0,,,,0,cooldown
2026-07-07T20:35:24,pid_hot_humid_bursty_r2,pid,hot_humid,bursty,2,33.905,33.605,33.405,30.905,25.0,45.0,0.0,,100.0,2.0,,,,0,cooldown
2026-07-07T20:35:24,pid_hot_humid_bursty_r2,pid,hot_humid,bursty,2,33.898,33.598,33.398,30.898,25.0,45.0,0.0,,100.0,2.0,,,,0,cooldown
2026-07-07T20:35:24,pid_hot_humid_bursty_r2,pid,hot_humid,bursty,2,33.891,33.591,33.391,30.891,25.0,45.0,0.0,,100.0,2.0,,,,0,cooldown
2026-07-07T20:35:24,pid_hot_humid_bursty_r2,pid,hot_humid,bursty,2,33.884,33.584,33.384,30.884,25.0,45.0,0.0,,100.0,2.0,,,,0,cooldown
2026-07-07T20:35:24,pid_hot_humid_bursty_r2,pid,hot_humid,bursty,2,33.877,33.577,33.377,30.877,25.0,45.0,0.0,,100.0,2.0,,,,0,cooldown
2026-07-07T20:35:24,pid_hot_humid_bursty_r2,pid,hot_humid,bursty,2,33.87,33.57,33.37,30.87,25.0,45.0,0.0,,100.0,2.0,,,,0,cooldown
2026-07-07T20:35:24,pid_hot_humid_bursty_r2,pid,hot_humid,bursty,2,33.863,33.563,33.363,30.863,25.0,45.0,0.0,,100.0,2.0,,,,0,cooldown
2026-07-07T20:35:24,pid_hot_humid_bursty_r2,pid,hot_humid,bursty,2,33.856,33.556,33.356,30.856,25.0,45.0,0.0,,100.0,2.0,,,,0,cooldown
2026-07-07T20:35:24,pid_hot_humid_bursty_r2,pid,hot_humid,bursty,2,33.849,33.549,33.349,30.849,25.0,45.0,0.0,,100.0,2.0,,,,0,cooldown
2026-07-07T20:35:24,pid_hot_humid_bursty_r2,pid,hot_humid,bursty,2,33.842,33.542,33.342,30.842,25.0,45.0,0.0,,100.0,2.0,,,,0,cooldown
2026-07-07T20:35:24,pid_hot_humid_bursty_r2,pid,hot_humid,bursty,2,33.835,33.535,33.335,30.835,25.0,45.0,0.0,,100.0,2.0,,,,0,cooldown
2026-07-07T20:35:24,pid_hot_humid_bursty_r2,pid,hot_humid,bursty,2,33.828,33.528,33.328,30.828,25.0,45.0,0.0,,100.0,2.0,,,,0,cooldown
2026-07-07T20:35:24,pid_hot_humid_bursty_r2,pid,hot_humid,bursty,2,33.821,33.521,33.321,30.821,25.0,45.0,0.0,,100.0,2.0,,,,0,cooldown
2026-07-07T20:35:24,pid_hot_humid_bursty_r2,pid,hot_humid,bursty,2,33.814,33.514,33.314,30.814,25.0,45.0,0.0,,100.0,2.0,,,,0,cooldown
2026-07-07T20:35:24,pid_hot_humid_bursty_r2,pid,hot_humid,bursty,2,33.807,33.507,33.307,30.807,25.0,45.0,0.0,,100.0,2.0,,,,0,cooldown
2026-07-07T20:35:24,pid_hot_humid_bursty_r2,pid,hot_humid,bursty,2,33.8,33.5,33.3,30.8,25.0,45.0,0.0,,100.0,2.0,,,,0,cooldown
2026-07-07T20:35:24,pid_hot_humid_bursty_r2,pid,hot_humid,bursty,2,33.793,33.493,33.293,30.793,25.0,45.0,0.0,,100.0,2.0,,,,0,cooldown
2026-07-07T20:35:24,pid_hot_humid_bursty_r2,pid,hot_humid,bursty,2,33.786,33.486,33.286,30.786,25.0,45.0,0.0,,100.0,2.0,,,,0,cooldown
2026-07-07T20:35:24,pid_hot_humid_bursty_r2,pid,hot_humid,bursty,2,33.779,33.479,33.279,30.779,25.0,45.0,0.0,,100.0,2.0,,,,0,cooldown
2026-07-07T20:35:24,pid_hot_humid_bursty_r2,pid,hot_humid,bursty,2,33.772,33.472,33.272,30.772,25.0,45.0,0.0,,100.0,2.0,,,,0,cooldown
2026-07-07T20:35:24,pid_hot_humid_bursty_r2,pid,hot_humid,bursty,2,33.765,33.465,33.265,30.765,25.0,45.0,0.0,,100.0,2.0,,,,0,cooldown
2026-07-07T20:35:24,pid_hot_humid_bursty_r2,pid,hot_humid,bursty,2,33.758,33.458,33.258,30.758,25.0,45.0,0.0,,100.0,2.0,,,,0,cooldown
2026-07-07T20:35:24,pid_hot_humid_bursty_r2,pid,hot_humid,bursty,2,33.751,33.451,33.251,30.751,25.0,45.0,0.0,,100.0,2.0,,,,0,cooldown
2026-07-07T20:35:24,pid_hot_humid_bursty_r2,pid,hot_humid,bursty,2,33.745,33.445,33.245,30.745,25.0,45.0,0.0,,100.0,2.0,,,,0,cooldown
2026-07-07T20:35:24,pid_hot_humid_bursty_r2,pid,hot_humid,bursty,2,33.738,33.438,33.238,30.738,25.0,45.0,0.0,,100.0,2.0,,,,0,cooldown
2026-07-07T20:35:24,pid_hot_humid_bursty_r2,pid,hot_humid,bursty,2,33.731,33.431,33.231,30.731,25.0,45.0,0.0,,100.0,2.0,,,,0,cooldown
2026-07-07T20:35:24,pid_hot_humid_bursty_r2,pid,hot_humid,bursty,2,33.724,33.424,33.224,30.724,25.0,45.0,0.0,,100.0,2.0,,,,0,cooldown
2026-07-07T20:35:24,pid_hot_humid_bursty_r2,pid,hot_humid,bursty,2,33.717,33.417,33.217,30.717,25.0,45.0,0.0,,100.0,2.0,,,,0,cooldown
2026-07-07T20:35:24,pid_hot_humid_bursty_r2,pid,hot_humid,bursty,2,33.71,33.41,33.21,30.71,25.0,45.0,0.0,,100.0,2.0,,,,0,cooldown
2026-07-07T20:35:24,pid_hot_humid_bursty_r2,pid,hot_humid,bursty,2,33.703,33.403,33.203,30.703,25.0,45.0,0.0,,100.0,2.0,,,,0,cooldown
2026-07-07T20:35:24,pid_hot_humid_bursty_r2,pid,hot_humid,bursty,2,33.696,33.396,33.196,30.696,25.0,45.0,0.0,,100.0,2.0,,,,0,cooldown
2026-07-07T20:35:24,pid_hot_humid_bursty_r2,pid,hot_humid,bursty,2,33.689,33.389,33.189,30.689,25.0,45.0,0.0,,100.0,2.0,,,,0,cooldown
2026-07-07T20:35:24,pid_hot_humid_bursty_r2,pid,hot_humid,bursty,2,33.683,33.383,33.183,30.683,25.0,45.0,0.0,,100.0,2.0,,,,0,cooldown
2026-07-07T20:35:24,pid_hot_humid_bursty_r2,pid,hot_humid,bursty,2,33.676,33.376,33.176,30.676,25.0,45.0,0.0,,100.0,2.0,,,,0,cooldown
2026-07-07T20:35:24,pid_hot_humid_bursty_r2,pid,hot_humid,bursty,2,33.669,33.369,33.169,30.669,25.0,45.0,0.0,,100.0,2.0,,,,0,cooldown
2026-07-07T20:35:24,pid_hot_humid_bursty_r2,pid,hot_humid,bursty,2,33.662,33.362,33.162,30.662,25.0,45.0,0.0,,100.0,2.0,,,,0,cooldown
2026-07-07T20:35:24,pid_hot_humid_bursty_r2,pid,hot_humid,bursty,2,33.655,33.355,33.155,30.655,25.0,45.0,0.0,,100.0,2.0,,,,0,cooldown
2026-07-07T20:35:24,pid_hot_humid_bursty_r2,pid,hot_humid,bursty,2,33.648,33.348,33.148,30.648,25.0,45.0,0.0,,100.0,2.0,,,,0,cooldown
2026-07-07T20:35:24,pid_hot_humid_bursty_r2,pid,hot_humid,bursty,2,33.642,33.342,33.142,30.642,25.0,45.0,0.0,,100.0,2.0,,,,0,cooldown
2026-07-07T20:35:24,pid_hot_humid_bursty_r2,pid,hot_humid,bursty,2,33.635,33.335,33.135,30.635,25.0,45.0,0.0,,100.0,2.0,,,,0,cooldown
2026-07-07T20:35:24,pid_hot_humid_bursty_r2,pid,hot_humid,bursty,2,33.628,33.328,33.128,30.628,25.0,45.0,0.0,,100.0,2.0,,,,0,cooldown
2026-07-07T20:35:24,pid_hot_humid_bursty_r2,pid,hot_humid,bursty,2,33.621,33.321,33.121,30.621,25.0,45.0,0.0,,100.0,2.0,,,,0,cooldown
2026-07-07T20:35:24,pid_hot_humid_bursty_r2,pid,hot_humid,bursty,2,33.614,33.314,33.114,30.614,25.0,45.0,0.0,,100.0,2.0,,,,0,cooldown
2026-07-07T20:35:24,pid_hot_humid_bursty_r2,pid,hot_humid,bursty,2,33.607,33.307,33.107,30.607,25.0,45.0,0.0,,100.0,2.0,,,,0,cooldown
2026-07-07T20:35:24,pid_hot_humid_bursty_r2,pid,hot_humid,bursty,2,33.601,33.301,33.101,30.601,25.0,45.0,0.0,,100.0,2.0,,,,0,cooldown
2026-07-07T20:35:24,pid_hot_humid_bursty_r2,pid,hot_humid,bursty,2,33.594,33.294,33.094,30.594,25.0,45.0,0.0,,100.0,2.0,,,,0,cooldown
2026-07-07T20:35:24,pid_hot_humid_bursty_r2,pid,hot_humid,bursty,2,33.587,33.287,33.087,30.587,25.0,45.0,0.0,,100.0,2.0,,,,0,cooldown
2026-07-07T20:35:24,pid_hot_humid_bursty_r2,pid,hot_humid,bursty,2,33.58,33.28,33.08,30.58,25.0,45.0,0.0,,100.0,2.0,,,,0,cooldown
2026-07-07T20:35:24,pid_hot_humid_bursty_r2,pid,hot_humid,bursty,2,33.574,33.274,33.074,30.574,25.0,45.0,0.0,,100.0,2.0,,,,0,cooldown
2026-07-07T20:35:24,pid_hot_humid_bursty_r2,pid,hot_humid,bursty,2,33.567,33.267,33.067,30.567,25.0,45.0,0.0,,100.0,2.0,,,,0,cooldown
2026-07-07T20:35:24,pid_hot_humid_bursty_r2,pid,hot_humid,bursty,2,33.56,33.26,33.06,30.56,25.0,45.0,0.0,,100.0,2.0,,,,0,cooldown
2026-07-07T20:35:24,pid_hot_humid_bursty_r2,pid,hot_humid,bursty,2,33.553,33.253,33.053,30.553,25.0,45.0,0.0,,100.0,2.0,,,,0,cooldown
2026-07-07T20:35:24,pid_hot_humid_bursty_r2,pid,hot_humid,bursty,2,33.547,33.247,33.047,30.547,25.0,45.0,0.0,,100.0,2.0,,,,0,cooldown
2026-07-07T20:35:24,pid_hot_humid_bursty_r2,pid,hot_humid,bursty,2,33.54,33.24,33.04,30.54,25.0,45.0,0.0,,100.0,2.0,,,,0,cooldown
2026-07-07T20:35:24,pid_hot_humid_bursty_r2,pid,hot_humid,bursty,2,33.533,33.233,33.033,30.533,25.0,45.0,0.0,,100.0,2.0,,,,0,cooldown
2026-07-07T20:35:24,pid_hot_humid_bursty_r2,pid,hot_humid,bursty,2,33.526,33.226,33.026,30.526,25.0,45.0,0.0,,100.0,2.0,,,,0,cooldown
2026-07-07T20:35:24,pid_hot_humid_bursty_r2,pid,hot_humid,bursty,2,33.52,33.22,33.02,30.52,25.0,45.0,0.0,,100.0,2.0,,,,0,cooldown
2026-07-07T20:35:24,pid_hot_humid_bursty_r2,pid,hot_humid,bursty,2,33.513,33.213,33.013,30.513,25.0,45.0,0.0,,100.0,2.0,,,,0,cooldown
2026-07-07T20:35:24,pid_hot_humid_bursty_r2,pid,hot_humid,bursty,2,33.506,33.206,33.006,30.506,25.0,45.0,0.0,,100.0,2.0,,,,0,cooldown
2026-07-07T20:35:24,pid_hot_humid_bursty_r2,pid,hot_humid,bursty,2,33.499,33.199,32.999,30.499,25.0,45.0,0.0,,100.0,2.0,,,,0,cooldown
2026-07-07T20:35:24,pid_hot_humid_bursty_r2,pid,hot_humid,bursty,2,33.493,33.193,32.993,30.493,25.0,45.0,0.0,,100.0,2.0,,,,0,cooldown
2026-07-07T20:35:24,pid_hot_humid_bursty_r2,pid,hot_humid,bursty,2,33.486,33.186,32.986,30.486,25.0,45.0,0.0,,100.0,2.0,,,,0,cooldown
2026-07-07T20:35:24,pid_hot_humid_bursty_r2,pid,hot_humid,bursty,2,33.479,33.179,32.979,30.479,25.0,45.0,0.0,,100.0,2.0,,,,0,cooldown
2026-07-07T20:35:24,pid_hot_humid_bursty_r2,pid,hot_humid,bursty,2,33.473,33.173,32.973,30.473,25.0,45.0,0.0,,100.0,2.0,,,,0,cooldown
2026-07-07T20:35:24,pid_hot_humid_bursty_r2,pid,hot_humid,bursty,2,33.466,33.166,32.966,30.466,25.0,45.0,0.0,,100.0,2.0,,,,0,cooldown
2026-07-07T20:35:24,pid_hot_humid_bursty_r2,pid,hot_humid,bursty,2,33.459,33.159,32.959,30.459,25.0,45.0,0.0,,100.0,2.0,,,,0,cooldown
2026-07-07T20:35:24,pid_hot_humid_bursty_r2,pid,hot_humid,bursty,2,33.453,33.153,32.953,30.453,25.0,45.0,0.0,,100.0,2.0,,,,0,cooldown
2026-07-07T20:35:24,pid_hot_humid_bursty_r2,pid,hot_humid,bursty,2,33.446,33.146,32.946,30.446,25.0,45.0,0.0,,100.0,2.0,,,,0,cooldown
2026-07-07T20:35:24,pid_hot_humid_bursty_r2,pid,hot_humid,bursty,2,33.439,33.139,32.939,30.439,25.0,45.0,0.0,,100.0,2.0,,,,0,cooldown
2026-07-07T20:35:24,pid_hot_humid_bursty_r2,pid,hot_humid,bursty,2,33.433,33.133,32.933,30.433,25.0,45.0,0.0,,100.0,2.0,,,,0,cooldown
2026-07-07T20:35:24,pid_hot_humid_bursty_r2,pid,hot_humid,bursty,2,33.426,33.126,32.926,30.426,25.0,45.0,0.0,,100.0,2.0,,,,0,cooldown
2026-07-07T20:35:24,pid_hot_humid_bursty_r2,pid,hot_humid,bursty,2,33.419,33.119,32.919,30.419,25.0,45.0,0.0,,100.0,2.0,,,,0,cooldown
2026-07-07T20:35:24,pid_hot_humid_bursty_r2,pid,hot_humid,bursty,2,33.413,33.113,32.913,30.413,25.0,45.0,0.0,,100.0,2.0,,,,0,cooldown
2026-07-07T20:35:24,pid_hot_humid_bursty_r2,pid,hot_humid,bursty,2,33.406,33.106,32.906,30.406,25.0,45.0,0.0,,100.0,2.0,,,,0,cooldown
2026-07-07T20:35:24,pid_hot_humid_bursty_r2,pid,hot_humid,bursty,2,33.399,33.099,32.899,30.399,25.0,45.0,0.0,,100.0,2.0,,,,0,cooldown
2026-07-07T20:35:24,pid_hot_humid_bursty_r2,pid,hot_humid,bursty,2,33.393,33.093,32.893,30.393,25.0,45.0,0.0,,100.0,2.0,,,,0,cooldown
2026-07-07T20:35:24,pid_hot_humid_bursty_r2,pid,hot_humid,bursty,2,33.386,33.086,32.886,30.386,25.0,45.0,0.0,,100.0,2.0,,,,0,cooldown
2026-07-07T20:35:24,pid_hot_humid_bursty_r2,pid,hot_humid,bursty,2,33.379,33.079,32.879,30.379,25.0,45.0,0.0,,100.0,2.0,,,,0,cooldown
2026-07-07T20:35:24,pid_hot_humid_bursty_r2,pid,hot_humid,bursty,2,33.373,33.073,32.873,30.373,25.0,45.0,0.0,,100.0,2.0,,,,0,cooldown
2026-07-07T20:35:24,pid_hot_humid_bursty_r2,pid,hot_humid,bursty,2,33.366,33.066,32.866,30.366,25.0,45.0,0.0,,100.0,2.0,,,,0,cooldown
2026-07-07T20:35:24,pid_hot_humid_bursty_r2,pid,hot_humid,bursty,2,33.36,33.06,32.86,30.36,25.0,45.0,0.0,,100.0,2.0,,,,0,cooldown
2026-07-07T20:35:24,pid_hot_humid_bursty_r2,pid,hot_humid,bursty,2,33.353,33.053,32.853,30.353,25.0,45.0,0.0,,100.0,2.0,,,,0,cooldown
2026-07-07T20:35:24,pid_hot_humid_bursty_r2,pid,hot_humid,bursty,2,33.346,33.046,32.846,30.346,25.0,45.0,0.0,,100.0,2.0,,,,0,cooldown
2026-07-07T20:35:24,pid_hot_humid_bursty_r2,pid,hot_humid,bursty,2,33.34,33.04,32.84,30.34,25.0,45.0,0.0,,100.0,2.0,,,,0,cooldown
2026-07-07T20:35:24,pid_hot_humid_bursty_r2,pid,hot_humid,bursty,2,33.333,33.033,32.833,30.333,25.0,45.0,0.0,,100.0,2.0,,,,0,cooldown
2026-07-07T20:35:24,pid_hot_humid_bursty_r2,pid,hot_humid,bursty,2,33.327,33.027,32.827,30.327,25.0,45.0,0.0,,100.0,2.0,,,,0,cooldown
2026-07-07T20:35:24,pid_hot_humid_bursty_r2,pid,hot_humid,bursty,2,33.32,33.02,32.82,30.32,25.0,45.0,0.0,,100.0,2.0,,,,0,cooldown
2026-07-07T20:35:24,pid_hot_humid_bursty_r2,pid,hot_humid,bursty,2,33.313,33.013,32.813,30.313,25.0,45.0,0.0,,100.0,2.0,,,,0,cooldown
2026-07-07T20:35:24,pid_hot_humid_bursty_r2,pid,hot_humid,bursty,2,33.307,33.007,32.807,30.307,25.0,45.0,0.0,,100.0,2.0,,,,0,cooldown
2026-07-07T20:35:24,pid_hot_humid_bursty_r2,pid,hot_humid,bursty,2,33.3,33.0,32.8,30.3,25.0,45.0,0.0,,100.0,2.0,,,,0,cooldown
2026-07-07T20:35:24,pid_hot_humid_bursty_r2,pid,hot_humid,bursty,2,33.294,32.994,32.794,30.294,25.0,45.0,0.0,,100.0,2.0,,,,0,cooldown
2026-07-07T20:35:24,pid_hot_humid_bursty_r2,pid,hot_humid,bursty,2,33.287,32.987,32.787,30.287,25.0,45.0,0.0,,100.0,2.0,,,,0,cooldown
2026-07-07T20:35:24,pid_hot_humid_bursty_r2,pid,hot_humid,bursty,2,33.281,32.981,32.781,30.281,25.0,45.0,0.0,,100.0,2.0,,,,0,cooldown
2026-07-07T20:35:24,pid_hot_humid_bursty_r2,pid,hot_humid,bursty,2,33.274,32.974,32.774,30.274,25.0,45.0,0.0,,100.0,2.0,,,,0,cooldown
2026-07-07T20:35:24,pid_hot_humid_bursty_r2,pid,hot_humid,bursty,2,33.268,32.968,32.768,30.268,25.0,45.0,0.0,,100.0,2.0,,,,0,cooldown
2026-07-07T20:35:24,pid_hot_humid_bursty_r2,pid,hot_humid,bursty,2,33.261,32.961,32.761,30.261,25.0,45.0,0.0,,100.0,2.0,,,,0,cooldown
2026-07-07T20:35:24,pid_hot_humid_bursty_r2,pid,hot_humid,bursty,2,33.255,32.955,32.755,30.255,25.0,45.0,0.0,,100.0,2.0,,,,0,cooldown
2026-07-07T20:35:24,pid_hot_humid_bursty_r2,pid,hot_humid,bursty,2,33.248,32.948,32.748,30.248,25.0,45.0,0.0,,100.0,2.0,,,,0,cooldown
2026-07-07T20:35:24,pid_hot_humid_bursty_r2,pid,hot_humid,bursty,2,33.242,32.942,32.742,30.242,25.0,45.0,0.0,,100.0,2.0,,,,0,cooldown
2026-07-07T20:35:24,pid_hot_humid_bursty_r2,pid,hot_humid,bursty,2,33.235,32.935,32.735,30.235,25.0,45.0,0.0,,100.0,2.0,,,,0,cooldown
2026-07-07T20:35:24,pid_hot_humid_bursty_r2,pid,hot_humid,bursty,2,33.229,32.929,32.729,30.229,25.0,45.0,0.0,,100.0,2.0,,,,0,cooldown
2026-07-07T20:35:24,pid_hot_humid_bursty_r2,pid,hot_humid,bursty,2,33.222,32.922,32.722,30.222,25.0,45.0,0.0,,100.0,2.0,,,,0,cooldown
2026-07-07T20:35:24,pid_hot_humid_bursty_r2,pid,hot_humid,bursty,2,33.216,32.916,32.716,30.216,25.0,45.0,0.0,,100.0,2.0,,,,0,cooldown
2026-07-07T20:35:24,pid_hot_humid_bursty_r2,pid,hot_humid,bursty,2,33.209,32.909,32.709,30.209,25.0,45.0,0.0,,100.0,2.0,,,,0,cooldown
2026-07-07T20:35:24,pid_hot_humid_bursty_r2,pid,hot_humid,bursty,2,33.203,32.903,32.703,30.203,25.0,45.0,0.0,,100.0,2.0,,,,0,cooldown
2026-07-07T20:35:24,pid_hot_humid_bursty_r2,pid,hot_humid,bursty,2,33.196,32.896,32.696,30.196,25.0,45.0,0.0,,100.0,2.0,,,,0,cooldown
2026-07-07T20:35:24,pid_hot_humid_bursty_r2,pid,hot_humid,bursty,2,33.19,32.89,32.69,30.19,25.0,45.0,0.0,,100.0,2.0,,,,0,cooldown
2026-07-07T20:35:24,pid_hot_humid_bursty_r2,pid,hot_humid,bursty,2,33.183,32.883,32.683,30.183,25.0,45.0,0.0,,100.0,2.0,,,,0,cooldown
2026-07-07T20:35:24,pid_hot_humid_bursty_r2,pid,hot_humid,bursty,2,33.177,32.877,32.677,30.177,25.0,45.0,0.0,,100.0,2.0,,,,0,cooldown
2026-07-07T20:35:24,pid_hot_humid_bursty_r2,pid,hot_humid,bursty,2,33.17,32.87,32.67,30.17,25.0,45.0,0.0,,100.0,2.0,,,,0,cooldown
2026-07-07T20:35:24,pid_hot_humid_bursty_r2,pid,hot_humid,bursty,2,33.164,32.864,32.664,30.164,25.0,45.0,0.0,,100.0,2.0,,,,0,cooldown
2026-07-07T20:35:24,pid_hot_humid_bursty_r2,pid,hot_humid,bursty,2,33.157,32.857,32.657,30.157,25.0,45.0,0.0,,100.0,2.0,,,,0,cooldown
2026-07-07T20:35:24,pid_hot_humid_bursty_r2,pid,hot_humid,bursty,2,33.151,32.851,32.651,30.151,25.0,45.0,0.0,,100.0,2.0,,,,0,cooldown
2026-07-07T20:35:24,pid_hot_humid_bursty_r2,pid,hot_humid,bursty,2,33.145,32.845,32.645,30.145,25.0,45.0,0.0,,100.0,2.0,,,,0,cooldown
2026-07-07T20:35:24,pid_hot_humid_bursty_r2,pid,hot_humid,bursty,2,33.138,32.838,32.638,30.138,25.0,45.0,0.0,,100.0,2.0,,,,0,cooldown
2026-07-07T20:35:24,pid_hot_humid_bursty_r2,pid,hot_humid,bursty,2,33.132,32.832,32.632,30.132,25.0,45.0,0.0,,100.0,2.0,,,,0,cooldown
2026-07-07T20:35:24,pid_hot_humid_bursty_r2,pid,hot_humid,bursty,2,33.125,32.825,32.625,30.125,25.0,45.0,0.0,,100.0,2.0,,,,0,cooldown
2026-07-07T20:35:24,pid_hot_humid_bursty_r2,pid,hot_humid,bursty,2,33.119,32.819,32.619,30.119,25.0,45.0,0.0,,100.0,2.0,,,,0,cooldown
2026-07-07T20:35:24,pid_hot_humid_bursty_r2,pid,hot_humid,bursty,2,33.112,32.812,32.612,30.112,25.0,45.0,0.0,,100.0,2.0,,,,0,cooldown
2026-07-07T20:35:24,pid_hot_humid_bursty_r2,pid,hot_humid,bursty,2,33.106,32.806,32.606,30.106,25.0,45.0,0.0,,100.0,2.0,,,,0,cooldown
2026-07-07T20:35:24,pid_hot_humid_bursty_r2,pid,hot_humid,bursty,2,33.1,32.8,32.6,30.1,25.0,45.0,0.0,,100.0,2.0,,,,0,cooldown
2026-07-07T20:35:24,pid_hot_humid_bursty_r2,pid,hot_humid,bursty,2,33.093,32.793,32.593,30.093,25.0,45.0,0.0,,100.0,2.0,,,,0,cooldown
2026-07-07T20:35:24,pid_hot_humid_bursty_r2,pid,hot_humid,bursty,2,33.087,32.787,32.587,30.087,25.0,45.0,0.0,,100.0,2.0,,,,0,cooldown
2026-07-07T20:35:24,pid_hot_humid_bursty_r2,pid,hot_humid,bursty,2,33.08,32.78,32.58,30.08,25.0,45.0,0.0,,100.0,2.0,,,,0,cooldown
2026-07-07T20:35:24,pid_hot_humid_bursty_r2,pid,hot_humid,bursty,2,33.074,32.774,32.574,30.074,25.0,45.0,0.0,,100.0,2.0,,,,0,cooldown
2026-07-07T20:35:24,pid_hot_humid_bursty_r2,pid,hot_humid,bursty,2,33.068,32.768,32.568,30.068,25.0,45.0,0.0,,100.0,2.0,,,,0,cooldown
2026-07-07T20:35:24,pid_hot_humid_bursty_r2,pid,hot_humid,bursty,2,33.061,32.761,32.561,30.061,25.0,45.0,0.0,,100.0,2.0,,,,0,cooldown
2026-07-07T20:35:24,pid_hot_humid_bursty_r2,pid,hot_humid,bursty,2,33.055,32.755,32.555,30.055,25.0,45.0,0.0,,100.0,2.0,,,,0,cooldown
2026-07-07T20:35:24,pid_hot_humid_bursty_r2,pid,hot_humid,bursty,2,33.049,32.749,32.549,30.049,25.0,45.0,0.0,,100.0,2.0,,,,0,cooldown
2026-07-07T20:35:24,pid_hot_humid_bursty_r2,pid,hot_humid,bursty,2,33.042,32.742,32.542,30.042,25.0,45.0,0.0,,100.0,2.0,,,,0,cooldown
2026-07-07T20:35:24,pid_hot_humid_bursty_r2,pid,hot_humid,bursty,2,33.036,32.736,32.536,30.036,25.0,45.0,0.0,,100.0,2.0,,,,0,cooldown
2026-07-07T20:35:24,pid_hot_humid_bursty_r2,pid,hot_humid,bursty,2,33.03,32.73,32.53,30.03,25.0,45.0,0.0,,100.0,2.0,,,,0,cooldown
2026-07-07T20:35:24,pid_hot_humid_bursty_r2,pid,hot_humid,bursty,2,33.023,32.723,32.523,30.023,25.0,45.0,0.0,,100.0,2.0,,,,0,cooldown
2026-07-07T20:35:24,pid_hot_humid_bursty_r2,pid,hot_humid,bursty,2,33.017,32.717,32.517,30.017,25.0,45.0,0.0,,100.0,2.0,,,,0,cooldown
2026-07-07T20:35:24,pid_hot_humid_bursty_r2,pid,hot_humid,bursty,2,33.011,32.711,32.511,30.011,25.0,45.0,0.0,,100.0,2.0,,,,0,cooldown
2026-07-07T20:35:24,pid_hot_humid_bursty_r2,pid,hot_humid,bursty,2,33.004,32.704,32.504,30.004,25.0,45.0,0.0,,100.0,2.0,,,,0,cooldown
2026-07-07T20:35:24,pid_hot_humid_bursty_r2,pid,hot_humid,bursty,2,32.998,32.698,32.498,29.998,25.0,45.0,0.0,,100.0,2.0,,,,0,cooldown
